date,id,home,away,hs,as,neutral,type,hid,aid,hfg,afg
2019-11-05,401168156,Miami Hurricanes,Louisville Cardinals,74,87,0,2,2390,97,43.5,54.0
2019-11-05,401168441,Seton Hall Pirates,Wagner Seahawks,105,71,0,2,2550,2681,61.7,41.0
2019-11-05,401169593,Baylor Bears,Central Arkansas Bears,105,61,0,2,239,2110,56.3,36.1
2019-11-05,401170038,Tulsa Golden Hurricane,Houston Christian Huskies,80,72,0,2,202,2277,45.2,35.8
2019-11-05,401170093,Duquesne Dukes,Princeton Tigers,94,67,0,2,2184,163,57.1,47.4
2019-11-05,401172973,Lamar Cardinals,Champion Christian Tigers,86,40,0,2,2320,3134,52.3,25.5
2019-11-05,401173059,Northwestern State Demons,Centenary (LA) Gentlemen,84,57,0,2,2466,2113,53.4,35.4
2019-11-05,401175752,Howard Bison,Washington Adventist Shock,68,71,0,2,47,50024,35.4,43.5
2019-11-05,401176052,Middle Tennessee Blue Raiders,Maryville (TN) Fighting Scots,119,61,0,2,2393,2373,60.0,35.1
2019-11-06,401166015,Michigan Wolverines,App State Mountaineers,79,71,0,2,130,2026,47.5,45.6
2019-11-06,401166016,Illinois Fighting Illini,Nicholls Colonels,78,70,0,2,356,2447,44.3,40.9
2019-11-06,401166017,Nebraska Cornhuskers,UC Riverside Highlanders,47,66,0,2,158,27,29.1,41.8
2019-11-06,401166018,Indiana Hoosiers,Western Illinois Leathernecks,98,65,0,2,84,2710,58.5,34.4
2019-11-06,401166019,Minnesota Golden Gophers,Cleveland State Vikings,85,50,0,2,135,325,54.4,34.5
2019-11-06,401166020,Maryland Terrapins,Holy Cross Crusaders,95,71,0,2,120,107,48.7,44.8
2019-11-06,401166021,Penn State Nittany Lions,Maryland Eastern Shore Hawks,84,46,0,2,213,2379,50.0,33.3
2019-11-06,401166406,Eastern Washington Eagles,Portland Bible PORTLAND BIBLE,107,25,0,2,331,3217,55.1,14.3
2019-11-06,401166407,Wyoming Cowboys,Idaho State Bengals,54,40,0,2,2751,304,51.4,31.9
2019-11-06,401166408,Utah State Aggies,Montana State Bobcats,81,73,0,2,328,147,37.7,42.1
2019-11-06,401166409,Southern Utah Thunderbirds,Bethesda Flames,110,66,0,2,253,3246,54.8,34.8
2019-11-06,401166410,Portland State Vikings,Puget Sound Loggers,94,69,0,2,2502,2508,45.0,40.0
2019-11-06,401166411,Texas Longhorns,Northern Colorado Bears,69,45,0,2,251,2458,45.3,27.3
2019-11-06,401166412,Idaho Vandals,Evergreen State Geoducks,88,82,0,2,70,2866,49.3,54.1
2019-11-06,401168154,Clemson Tigers,Virginia Tech Hokies,60,67,0,2,228,259,34.4,38.6
2019-11-06,401168155,Duke Blue Devils,Kansas Jayhawks,68,66,1,2,150,2305,35.9,46.0
2019-11-06,401168157,NC State Wolfpack,Georgia Tech Yellow Jackets,81,82,0,2,152,59,38.0,49.2
2019-11-06,401168158,Boston College Eagles,Wake Forest Demon Deacons,77,70,0,2,103,154,43.5,41.9
2019-11-06,401168287,Butler Bulldogs,IU Indianapolis Jaguars,80,47,0,2,2086,85,59.3,36.8
2019-11-06,401168340,DePaul Blue Demons,Alcorn State Braves,72,54,0,2,305,2016,50.0,25.8
2019-11-06,401168353,Creighton Bluejays,Kennesaw State Owls,81,55,0,2,156,338,52.4,37.3
2019-11-06,401168405,Marquette Golden Eagles,Loyola Maryland Greyhounds,88,53,0,2,269,2352,51.7,30.8
2019-11-06,401168423,Providence Friars,Sacred Heart Pioneers,106,60,0,2,2507,2529,51.3,32.2
2019-11-06,401168455,St. John's Red Storm,Mercer Bears,109,79,0,2,2599,2382,50.0,39.4
2019-11-06,401169594,Iowa State Cyclones,Mississippi Valley State Delta Devils,110,74,0,2,66,2400,51.7,41.1
2019-11-06,401169595,Oklahoma Sooners,UTSA Roadrunners,85,67,0,2,201,2636,47.7,33.8
2019-11-06,401169596,Kansas State Wildcats,North Dakota State Bison,67,54,0,2,2306,2449,42.6,28.8
2019-11-06,401169597,Texas Tech Red Raiders,Eastern Illinois Panthers,85,60,0,2,2641,2197,55.2,40.4
2019-11-06,401169778,Villanova Wildcats,Army Black Knights,97,54,0,2,222,349,52.2,31.3
2019-11-06,401169787,Xavier Musketeers,Jacksonville Dolphins,76,57,0,2,2752,294,48.3,41.1
2019-11-06,401169795,Kentucky Wildcats,Michigan State Spartans,69,62,1,2,96,127,38.0,39.3
2019-11-06,401169796,Florida Gators,North Florida Ospreys,74,59,0,2,57,2454,42.0,36.8
2019-11-06,401169797,Auburn Tigers,Georgia Southern Eagles,83,74,0,2,2,290,50.0,47.4
2019-11-06,401169798,Alabama Crimson Tide,Pennsylvania Quakers,80,81,0,2,333,219,35.5,42.6
2019-11-06,401169799,Arkansas Razorbacks,Rice Owls,91,43,0,2,8,242,55.2,28.6
2019-11-06,401169800,Georgia Bulldogs,Western Carolina Catamounts,91,72,0,2,61,2717,47.0,35.6
2019-11-06,401169801,Mississippi State Bulldogs,Florida International Panthers,77,69,0,2,344,2229,54.4,46.7
2019-11-06,401169802,Tennessee Volunteers,UNC Asheville Bulldogs,78,63,0,2,2633,2427,50.8,37.5
2019-11-06,401169986,East Carolina Pirates,VMI Keydets,80,68,0,2,151,2678,53.4,37.3
2019-11-06,401170001,Memphis Tigers,South Carolina State Bulldogs,97,64,0,2,235,2569,54.5,36.2
2019-11-06,401170006,SMU Mustangs,Jacksonville State Gamecocks,74,65,0,2,2567,55,43.3,41.1
2019-11-06,401170016,South Florida Bulls,Arkansas-Pine Bluff Golden Lions,70,41,0,2,58,2029,37.0,28.9
2019-11-06,401170025,Temple Owls,Drexel Dragons,70,62,0,2,218,2182,43.1,34.8
2019-11-06,401170055,Wichita State Shockers,Omaha Mavericks,68,54,0,2,2724,2437,36.6,39.3
2019-11-06,401170094,Rhode Island Rams,Long Island University Sharks,76,65,0,2,227,112358,38.6,32.4
2019-11-06,401170095,Saint Joseph's Hawks,Bradley Braves,86,81,0,2,2603,71,41.9,39.0
2019-11-06,401170096,St. Bonaventure Bonnies,Ohio Bobcats,53,65,0,2,179,195,36.4,47.1
2019-11-06,401170097,Fordham Rams,St. Francis Brooklyn Terriers,68,59,0,2,2230,2597,42.1,45.1
2019-11-06,401170098,George Mason Patriots,Navy Midshipmen,68,55,0,2,2244,2426,41.3,36.2
2019-11-06,401170099,Towson Tigers,George Washington Revolutionaries,72,58,0,2,119,45,46.8,39.6
2019-11-06,401170100,Massachusetts Minutemen,UMass Lowell River Hawks,79,64,0,2,113,2349,48.4,38.3
2019-11-06,401170101,Saint Louis Billikens,Florida Gulf Coast Eagles,89,67,0,2,139,526,47.9,46.2
2019-11-06,401170102,VCU Rams,Saint Francis Red Wolves,72,58,0,2,2670,2598,49.1,32.3
2019-11-06,401170339,Stetson Hatters,Trinity College of Jacksonville Eagles,84,26,0,2,56,3174,50.8,14.5
2019-11-06,401170340,Lipscomb Bisons,Rhodes Lynx,104,55,0,2,288,2519,54.7,31.1
2019-11-06,401170553,California Golden Bears,Pepperdine Waves,87,71,0,2,25,2492,57.4,37.1
2019-11-06,401170554,Nevada Wolf Pack,Utah Utes,74,79,0,2,2440,254,41.2,44.1
2019-11-06,401170555,Oregon Ducks,Fresno State Bulldogs,71,57,0,2,2483,278,41.7,34.5
2019-11-06,401170556,Oregon State Beavers,Cal State Northridge Matadors,87,67,0,2,204,2463,46.0,38.3
2019-11-06,401170557,USC Trojans,Florida A&M Rattlers,77,48,0,2,30,50,44.8,32.3
2019-11-06,401170833,Cornell Big Red,Binghamton Bearcats,84,64,0,2,172,2066,51.6,41.4
2019-11-06,401170858,Central Connecticut Blue Devils,Hartford Hawks,59,74,0,2,2115,42,42.3,46.4
2019-11-06,401170948,New Hampshire Wildcats,Curry Colonels,93,29,0,2,160,40,56.7,15.0
2019-11-06,401170967,Stony Brook Seawolves,Yale Bulldogs,69,74,0,2,2619,43,30.9,38.6
2019-11-06,401171013,Coastal Carolina Chanticleers,Campbell Fighting Camels,74,75,0,2,324,2097,48.3,38.7
2019-11-06,401171401,Charleston Southern Buccaneers,Columbia International Rams,99,71,0,2,2127,3242,57.6,41.8
2019-11-06,401171424,Gardner-Webb Runnin' Bulldogs,Furman Paladins,63,70,0,2,2241,231,38.6,46.3
2019-11-06,401171466,High Point Panthers,William & Mary Tribe,56,70,0,2,2272,2729,31.7,42.9
2019-11-06,401171486,Longwood Lancers,Marymount Saints,73,51,0,2,2344,2372,61.7,29.3
2019-11-06,401171584,BYU Cougars,Cal State Fullerton Titans,76,58,0,2,252,2239,49.1,36.8
2019-11-06,401171628,Loyola Chicago Ramblers,UC Davis Aggies,82,48,0,2,2350,302,55.6,36.8
2019-11-06,401171650,San Diego Toreros,UC Irvine Anteaters,73,76,0,2,301,300,39.0,47.2
2019-11-06,401171687,Charleston Cougars,South Carolina Upstate Spartans,74,55,0,2,232,2908,44.6,35.7
2019-11-06,401171797,Delaware Blue Hens,Bridgewater Eagles,97,51,0,2,48,2079,58.2,32.0
2019-11-06,401171828,Elon Phoenix,Mars Hill Mountain Lions,90,84,0,2,2210,2369,43.7,40.3
2019-11-06,401171954,Fairfield Stags,Bucknell Bison,64,68,0,2,2217,2083,40.7,40.0
2019-11-06,401172033,Lehigh Mountain Hawks,Monmouth Hawks,62,66,0,2,2329,2405,40.7,40.7
2019-11-06,401172071,Coppin State Eagles,Rider Broncs,84,91,0,2,2154,2520,37.8,48.4
2019-11-06,401172080,Siena Saints,American University Eagles,96,80,0,2,2561,44,52.2,51.9
2019-11-06,401172259,Bryant Bulldogs,Brown Bears,71,73,0,2,2803,225,40.3,43.4
2019-11-06,401172278,Lafayette Leopards,Columbia Lions,65,63,0,2,322,171,52.0,37.7
2019-11-06,401172385,UNC Wilmington Seahawks,Johnson & Wales-Charlotte JOHNSON & WALES-CHARLOTTE,103,83,0,2,350,3169,49.3,44.6
2019-11-06,401172414,Boston University Terriers,Northeastern Huskies,67,72,0,2,104,111,49.1,50.9
2019-11-06,401172553,Akron Zips,Malone Pioneers,81,64,0,2,2006,556,42.3,39.7
2019-11-06,401172554,Bowling Green Falcons,Tiffin Dragons,94,73,0,2,189,2838,48.6,36.0
2019-11-06,401172555,Ball State Cardinals,Defiance Yellow Jackets,87,43,0,2,2050,190,51.6,28.8
2019-11-06,401172556,Valparaiso Beacons,Toledo Rockets,79,77,0,2,2674,2649,43.7,49.1
2019-11-06,401172737,Central Michigan Chippewas,Michigan Dearborn Wolves,102,62,0,2,2117,2391,52.9,42.1
2019-11-06,401172933,Abilene Christian Wildcats,Arlington Baptist Patriots,90,39,0,2,2000,3166,48.0,24.5
2019-11-06,401173189,Harvard Crimson,MIT Engineers,84,27,0,2,108,109,56.7,24.4
2019-11-06,401173606,Missouri State Bears,Little Rock Trojans,66,67,0,2,2623,2031,42.6,51.9
2019-11-06,401173618,Northern Iowa Panthers,Old Dominion Monarchs,58,53,0,2,2460,295,34.5,35.6
2019-11-06,401173629,Southern Illinois Salukis,Illinois Wesleyan Titans,76,48,0,2,79,306,49.2,30.1
2019-11-06,401173644,San Diego State Aztecs,Texas Southern Tigers,77,42,0,2,21,2640,38.9,22.6
2019-11-06,401173645,UNLV Rebels,Purdue Fort Wayne Mastodons,86,71,0,2,2439,2870,51.9,48.3
2019-11-06,401173646,Colorado State Rams,Denver Pioneers,74,63,0,2,36,2172,46.0,41.4
2019-11-06,401173647,Boise State Broncos,Life Pacific Warriors,126,49,0,2,68,109670,62.0,31.1
2019-11-06,401173878,Austin Peay Governors,Oakland City Mighty Oaks,110,67,0,2,2046,2474,56.1,39.1
2019-11-06,401174062,Eastern Kentucky Colonels,Chattanooga Mocs,79,68,0,2,2198,236,51.9,32.4
2019-11-06,401174460,UIC Flames,Olivet Nazarene Tigers,75,72,0,2,82,2922,42.6,37.5
2019-11-06,401174691,Louisiana Ragin' Cajuns,Loyola New Orleans Wolfpack,95,67,0,2,309,100,53.6,38.5
2019-11-06,401174692,Texas State Bobcats,Texas Lutheran Bulldogs,103,45,0,2,326,2639,58.3,23.3
2019-11-06,401174693,UL Monroe Warhawks,Louisiana Christian Wildcats,64,41,0,2,2433,2347,39.7,26.4
2019-11-06,401174694,UT Arlington Mavericks,UT Dallas Comets,84,50,0,2,250,2905,49.2,30.8
2019-11-06,401174933,South Dakota State Jackrabbits,UT Rio Grande Valley Vaqueros,70,57,0,2,2571,292,45.8,30.0
2019-11-06,401175025,Morehead State Eagles,Samford Bulldogs,90,86,0,2,2413,2535,45.2,36.7
2019-11-06,401175026,Tennessee State Tigers,Alabama A&M Bulldogs,106,66,0,2,2634,2010,66.1,36.4
2019-11-06,401175027,UT Martin Skyhawks,Health Sciences & Pharmacy Eutectics,106,48,0,2,2630,112686,56.3,29.0
2019-11-06,401175028,SIU Edwardsville Cougars,Quincy Hawks,61,52,0,2,2565,2825,39.0,33.3
2019-11-06,401175029,Western Kentucky Hilltoppers,Tennessee Tech Golden Eagles,76,64,0,2,98,2635,50.0,44.8
2019-11-06,401175113,Milwaukee Panthers,Concordia (WI) Falcons,72,62,0,2,270,409,38.6,36.7
2019-11-06,401175114,Northern Kentucky Norse,Cincinnati Clermont Cougars,105,55,0,2,94,108799,53.4,36.8
2019-11-06,401175115,Oakland Golden Grizzlies,Goshen Maple Leafs,94,66,0,2,2473,3067,51.6,38.7
2019-11-06,401175116,Youngstown State Penguins,Thiel Tomcats,101,53,0,2,2754,2644,52.6,32.2
2019-11-06,401175117,Wright State Raiders,Central State Marauders,96,77,0,2,2750,2119,52.9,42.0
2019-11-06,401175154,California Baptist Lancers,Jackson State Tigers,93,70,0,2,2856,2296,48.4,37.1
2019-11-06,401175199,Gonzaga Bulldogs,Alabama State Hornets,95,64,0,2,2250,2011,57.6,49.0
2019-11-06,401175200,Loyola Marymount Lions,Westcliff Warriors,105,62,0,2,2351,111910,63.5,33.9
2019-11-06,401175201,Portland Pilots,Willamette Bearcats,86,36,0,2,2501,2930,49.2,19.7
2019-11-06,401175202,Wisconsin Badgers,Saint Mary's Gaels,63,65,1,2,275,2608,42.3,39.3
2019-11-06,401175203,Santa Clara Broncos,UC Santa Cruz Banana Slugs,97,52,0,2,2541,2662,55.9,33.3
2019-11-06,401175204,San Francisco Dons,Sonoma State Cossacks,101,50,0,2,2539,2574,46.6,36.8
2019-11-06,401175533,Utah Valley Wolverines,Westminster (UT) Griffins,72,55,0,2,3084,224,42.4,35.1
2019-11-06,401175552,Kansas City Roos,Avila Eagles,102,49,0,2,140,2048,52.8,30.0
2019-11-06,401175639,Seattle U Redhawks,Pacific Lutheran Lutes,98,64,0,2,2547,2486,56.7,34.4
2019-11-06,401175739,New Mexico State Aggies,Western New Mexico Mustangs,92,46,0,2,166,2703,54.5,28.6
2019-11-06,401175780,Norfolk State Spartans,Greensboro Pride,100,59,0,2,2450,2256,44.3,34.9
2019-11-06,401175789,UNC Greensboro Spartans,North Carolina A&T Aggies,83,50,0,2,2430,2448,42.9,32.6
2019-11-06,401175850,Grand Canyon Lopes,Davenport Panthers,73,82,0,2,2253,3092,45.2,49.2
2019-11-06,401175897,Florida Atlantic Owls,Flagler Saints,92,81,0,2,2226,2228,52.4,50.0
2019-11-06,401175928,Cal State Bakersfield Roadrunners,Notre Dame de Namur Argonauts,103,51,0,2,2934,2468,50.0,33.3
2019-11-06,401175988,Southern Miss Golden Eagles,Delta State Statesmen,90,71,0,2,2572,2170,57.6,43.1
2019-11-06,401175998,UTEP Miners,New Mexico Highlands Cowboys,93,70,0,2,2638,2424,56.4,36.2
2019-11-06,401176092,Wofford Terriers,Erskine Flying Fleet,86,63,0,2,2747,2215,55.8,41.9
2019-11-06,401176304,Prairie View A&M Panthers,Jarvis Christian Bulldogs,100,62,0,2,2504,2299,55.9,44.2
2019-11-06,401176393,Sam Houston Bearkats,Paul Quinn Tigers,95,57,0,2,2534,2491,51.3,26.9
2019-11-06,401176394,LSU New Orleans Privateers,Spring Hill Badgers,114,58,0,2,2443,2590,63.1,36.5
2019-11-06,401176426,Fairleigh Dickinson Knights,FDU Florham Devils,101,52,0,2,161,2221,59.4,28.4
2019-11-06,401176593,North Texas Mean Green,Oklahoma Christian OKLAHOMA CHRISTIAN,79,40,0,2,249,589,61.2,28.3
2019-11-06,401180733,UMBC Retrievers,Valley Forge Patriots,134,46,0,2,2378,110414,68.9,25.4
2019-11-06,401181600,Chicago State Cougars,Judson Eagles,103,60,0,2,2130,546,56.9,31.9
2019-11-06,401181761,Pacific Tigers,Stanislaus State Warriors,69,47,0,2,279,2616,49.0,29.5
2019-11-07,401166022,Ohio State Buckeyes,Cincinnati Bearcats,64,56,0,2,194,2132,40.8,33.3
2019-11-07,401166023,Purdue Boilermakers,Green Bay Phoenix,79,57,0,2,2509,2739,50.8,36.5
2019-11-07,401166413,Stanford Cardinal,Montana Grizzlies,73,62,0,2,24,149,50.0,44.2
2019-11-07,401166414,Arizona Wildcats,Northern Arizona Lumberjacks,91,52,0,2,12,2464,54.1,31.5
2019-11-07,401168159,North Carolina Tar Heels,Notre Dame Fighting Irish,76,65,0,2,153,87,45.8,35.3
2019-11-07,401168160,Pittsburgh Panthers,Florida State Seminoles,63,61,0,2,221,52,31.4,39.6
2019-11-07,401168161,Syracuse Orange,Virginia Cavaliers,34,48,0,2,183,258,23.6,40.8
2019-11-07,401168341,DePaul Blue Demons,Chicago Maroons,84,55,0,2,305,80,58.9,28.1
2019-11-07,401168383,Georgetown Hoyas,Mount St. Mary's Mountaineers,81,68,0,2,46,116,47.5,46.3
2019-11-07,401169598,Oklahoma State Cowboys,Oral Roberts Golden Eagles,80,75,0,2,197,198,37.7,33.8
2019-11-07,401169803,Missouri Tigers,Incarnate Word Cardinals,82,42,0,2,142,2916,44.4,26.8
2019-11-07,401169804,South Carolina Gamecocks,North Alabama Lions,77,55,0,2,2579,2453,49.1,24.6
2019-11-07,401169805,Texas A&M Aggies,Northwestern State Demons,77,63,0,2,245,2466,56.0,34.2
2019-11-07,401169806,Vanderbilt Commodores,Southeast Missouri State Redhawks,83,65,0,2,238,2546,49.2,43.1
2019-11-07,401170030,Tulane Green Wave,SE Louisiana Lions,76,55,0,2,2655,2545,41.3,39.3
2019-11-07,401170341,Colgate Raiders,NJIT Highlanders,80,75,0,2,2142,2885,50.0,46.2
2019-11-07,401170558,UCLA Bruins,Long Beach State Beach,69,65,0,2,26,299,39.6,46.2
2019-11-07,401170887,Maine Black Bears,Merrimack Warriors,84,64,0,2,311,2771,56.0,34.4
2019-11-07,401171444,Hampton Pirates,Mid Atlantic Christian Mustangs,112,52,0,2,2261,108806,49.4,23.1
2019-11-07,401171671,UC Santa Barbara Gauchos,Jackson State Tigers,83,62,0,2,2540,2296,59.6,36.1
2019-11-07,401171865,Hofstra Pride,San José State Spartans,71,79,0,2,2275,23,42.6,47.0
2019-11-07,401172373,James Madison Dukes,Charlotte 49ers,79,74,0,2,256,2429,49.2,40.6
2019-11-07,401172557,Western Michigan Broncos,McNeese Cowboys,75,65,0,2,2711,2377,36.2,47.3
2019-11-07,401172558,Kent State Golden Flashes,Hiram Terriers,97,58,0,2,2309,2274,43.4,33.3
2019-11-07,401173229,Stephen F. Austin Lumberjacks,LeTourneau Yellow Jackets,89,70,0,2,2617,2326,47.9,33.3
2019-11-07,401173554,Illinois State Redbirds,Belmont Bruins,79,72,0,2,2287,2057,47.6,46.7
2019-11-07,401173648,New Mexico Lobos,Eastern New Mexico Greyhounds,92,71,0,2,167,2201,60.0,37.3
2019-11-07,401174695,Arkansas State Red Wolves,Arkansas Monticello Boll Weevils,65,49,0,2,2032,2028,46.6,32.1
2019-11-07,401174696,Georgia State Panthers,Brewton Parker Wildcats,104,35,0,2,2247,2077,50.7,22.0
2019-11-07,401174697,South Alabama Jaguars,Pikeville Bears,82,51,0,2,6,95,51.6,32.2
2019-11-07,401175030,Morehead State Eagles,Spalding Pelicans,92,44,0,2,2413,2589,56.1,32.7
2019-11-07,401175474,East Tennessee State Buccaneers,Newberry Wolves,79,50,0,2,2193,2444,48.3,35.4
2019-11-07,401175651,Bethune-Cookman Wildcats,Johnson University Florida Suns,110,68,0,2,2065,3097,50.6,36.1
2019-11-07,401175846,Morgan State Bears,Central Penn Knights,71,44,0,2,2415,3164,47.0,32.7
2019-11-07,401175857,Texas A&M-Corpus Christi Islanders,Louisiana Tech Bulldogs,49,82,0,2,357,2348,35.6,50.0
2019-11-07,401176220,Grambling Tigers,East Texas Baptist Tigers,102,70,0,2,2755,2194,51.4,38.3
2019-11-07,401176334,Southern Jaguars,Loyola New Orleans Wolfpack,87,70,0,2,2582,100,50.0,46.2
2019-11-07,401177913,Omaha Mavericks,Midland MIDLAND,72,53,0,2,2437,565,50.0,31.8
2019-11-08,401166024,Rutgers Scarlet Knights,Bryant Bulldogs,73,71,0,2,164,2803,37.7,39.4
2019-11-08,401166415,Air Force Falcons,Idaho State Bengals,79,89,0,2,2005,304,51.9,50.0
2019-11-08,401169599,TCU Horned Frogs,Southwestern U Pirates,83,62,0,2,2628,2588,52.3,40.0
2019-11-08,401169807,Davidson Wildcats,Auburn Tigers,66,76,1,2,2166,2,32.7,48.0
2019-11-08,401170342,North Florida Ospreys,Florida National Conquistadors,89,81,0,2,2454,107730,43.4,49.3
2019-11-08,401170343,Drake Bulldogs,Kennesaw State Owls,86,55,0,2,2181,338,57.6,34.5
2019-11-08,401170559,Washington State Cougars,Seattle U Redhawks,85,54,0,2,265,2547,40.7,33.9
2019-11-08,401171520,Clemson Tigers,Presbyterian Blue Hose,79,45,0,2,228,2506,46.3,35.3
2019-11-08,401171546,Hartford Hawks,Winthrop Eagles,57,67,0,2,42,2737,37.0,36.6
2019-11-08,401171629,UC Davis Aggies,Jessup Warriors,109,63,0,2,302,3078,62.5,33.8
2019-11-08,401171798,Delaware Blue Hens,Oakland Golden Grizzlies,56,53,1,2,48,2473,35.1,37.3
2019-11-08,401172236,Army Black Knights,Merchant Marine Mariners,80,43,0,2,349,2383,51.7,34.6
2019-11-08,401172559,Eastern Michigan Eagles,Siena Heights Saints,93,51,0,2,2199,2562,57.1,33.9
2019-11-08,401173842,South Carolina Upstate Spartans,Truett McConnell Bears,103,62,0,2,2908,3245,55.4,45.3
2019-11-08,401174698,App State Mountaineers,Ferrum Panthers,83,56,0,2,2026,366,53.1,29.6
2019-11-08,401174699,Troy Trojans,UAB Blazers,75,76,0,2,2653,5,44.4,49.1
2019-11-08,401175914,Marshall Thundering Herd,Robert Morris Colonials,67,60,0,2,276,2523,44.1,37.5
2019-11-08,401176061,Samford Bulldogs,Kentucky Wesleyan Panthers,68,42,0,2,2535,2316,43.3,28.3
2019-11-08,401176073,Mercer Bears,Columbia International Rams,84,76,0,2,2382,3242,48.5,44.8
2019-11-08,401176395,Central Arkansas Bears,Hendrix Warriors,71,51,0,2,2110,418,41.4,26.7
2019-11-08,401176777,Purdue Fort Wayne Mastodons,Manchester Spartans,91,80,0,2,2870,2362,51.5,44.3
2019-11-08,401176813,North Dakota Fighting Hawks,Crown Polars,86,61,0,2,155,509,50.0,34.3
2019-11-08,401177442,North Dakota State Bison,Mayville State Comets,93,53,0,2,2449,561,52.2,39.3
2019-11-08,401177959,South Dakota State Jackrabbits,Peru State PERU STATE,86,58,0,2,2571,596,46.2,32.2
2019-11-09,401166025,Iowa Hawkeyes,SIU Edwardsville Cougars,87,60,0,2,2294,2565,46.4,41.9
2019-11-09,401166026,Wisconsin Badgers,Eastern Illinois Panthers,65,52,0,2,275,2197,38.2,33.3
2019-11-09,401166027,Northwestern Wildcats,Merrimack Warriors,61,71,0,2,77,2771,37.7,44.9
2019-11-09,401166031,Penn State Nittany Lions,Wagner Seahawks,91,64,0,2,213,2681,46.2,40.7
2019-11-09,401166032,Nebraska Cornhuskers,Southern Utah Thunderbirds,78,79,0,2,158,253,37.0,40.8
2019-11-09,401166053,Indiana Hoosiers,Portland State Vikings,85,74,0,2,84,2502,50.0,41.2
2019-11-09,401166416,Sacramento State Hornets,Simpson (CA) Red Hawks,76,27,0,2,16,612,46.2,19.0
2019-11-09,401166417,Utah State Aggies,Weber State Wildcats,89,34,0,2,328,2692,55.2,21.7
2019-11-09,401166418,Northern Colorado Bears,Incarnate Word Cardinals,83,61,0,2,2458,2916,50.9,39.3
2019-11-09,401166420,Montana State Bobcats,Rocky Mountain Bears,93,60,0,2,147,2826,52.2,39.3
2019-11-09,401166421,UC Riverside Highlanders,Idaho Vandals,58,51,0,2,27,70,38.0,36.7
2019-11-09,401168162,Duke Blue Devils,Colorado State Rams,89,55,0,2,150,36,53.6,32.7
2019-11-09,401168163,Miami Hurricanes,Florida Atlantic Owls,74,60,0,2,2390,2226,45.5,34.8
2019-11-09,401168164,UNC Wilmington Seahawks,North Carolina Tar Heels,62,78,0,2,350,153,34.7,37.5
2019-11-09,401168165,Virginia Tech Hokies,Coppin State Eagles,74,42,0,2,259,2154,44.3,19.7
2019-11-09,401168166,Notre Dame Fighting Irish,Robert Morris Colonials,92,57,0,2,87,2523,57.4,33.9
2019-11-09,401168167,Pittsburgh Panthers,Nicholls Colonels,70,75,0,2,221,2447,50.0,41.5
2019-11-09,401168342,DePaul Blue Demons,Fairleigh Dickinson Knights,70,59,0,2,305,161,44.4,45.8
2019-11-09,401168384,Georgetown Hoyas,Central Arkansas Bears,89,78,0,2,46,2110,50.0,38.4
2019-11-09,401168424,Providence Friars,NJIT Highlanders,76,47,0,2,2507,2885,44.4,32.7
2019-11-09,401168442,Seton Hall Pirates,Stony Brook Seawolves,74,57,0,2,2550,2619,43.8,35.3
2019-11-09,401168456,St. John's Red Storm,Central Connecticut Blue Devils,87,57,0,2,2599,2115,44.7,34.0
2019-11-09,401169442,Memphis Tigers,UIC Flames,92,46,0,2,235,82,59.3,24.2
2019-11-09,401169443,Navy Midshipmen,East Carolina Pirates,62,57,0,2,2426,151,45.2,40.7
2019-11-09,401169600,West Virginia Mountaineers,Akron Zips,94,84,0,2,277,2006,47.5,38.7
2019-11-09,401169601,Kansas Jayhawks,UNC Greensboro Spartans,74,62,0,2,2305,2430,45.8,38.7
2019-11-09,401169602,Baylor Bears,Washington Huskies,64,67,1,2,239,264,35.4,45.3
2019-11-09,401169603,Oklahoma State Cowboys,Kansas City Roos,69,51,0,2,197,140,48.3,35.4
2019-11-09,401169604,UNLV Rebels,Kansas State Wildcats,56,60,0,2,2439,2306,34.5,37.3
2019-11-09,401169605,Oregon State Beavers,Iowa State Cyclones,80,74,0,2,204,66,49.2,44.1
2019-11-09,401169788,Xavier Musketeers,Siena Saints,81,63,0,2,2752,2561,42.9,37.5
2019-11-09,401169808,Kentucky Wildcats,Eastern Kentucky Colonels,91,49,0,2,96,2198,54.8,25.0
2019-11-09,401169809,Missouri Tigers,Northern Kentucky Norse,71,56,0,2,142,94,45.5,37.3
2019-11-09,401169810,LSU Tigers,Bowling Green Falcons,88,79,0,2,99,189,47.4,32.0
2019-11-09,401169811,Ole Miss Rebels,Arkansas State Red Wolves,71,43,0,2,145,2032,44.6,32.6
2019-11-09,401169812,Mississippi State Bulldogs,Sam Houston Bearkats,67,58,0,2,344,2534,50.0,36.9
2019-11-09,401169933,Grand Canyon Lopes,Illinois Fighting Illini,71,83,0,2,2253,356,44.3,45.3
2019-11-09,401169979,UConn Huskies,Sacred Heart Pioneers,89,67,0,2,41,2529,45.3,30.2
2019-11-09,401170026,Temple Owls,Morgan State Bears,75,57,0,2,218,2415,36.9,35.7
2019-11-09,401170048,UCF Knights,Prairie View A&M Panthers,73,69,0,2,2116,2504,42.6,38.3
2019-11-09,401170056,Wichita State Shockers,Texas Southern Tigers,69,63,0,2,2724,2640,24.2,38.2
2019-11-09,401170103,Richmond Spiders,Saint Francis Red Wolves,100,98,0,2,257,2598,51.5,48.6
2019-11-09,401170104,St. Bonaventure Bonnies,Vermont Catamounts,59,61,0,2,179,261,31.1,35.4
2019-11-09,401170105,George Mason Patriots,Longwood Lancers,76,65,0,2,2244,2344,54.7,37.3
2019-11-09,401170106,VCU Rams,North Texas Mean Green,59,56,0,2,2670,249,37.0,40.4
2019-11-09,401170107,La Salle Explorers,Iona Gaels,70,64,0,2,2325,314,40.0,30.0
2019-11-09,401170108,George Washington Revolutionaries,Howard Bison,76,62,0,2,45,47,42.6,37.9
2019-11-09,401170109,Fairfield Stags,Massachusetts Minutemen,60,62,0,2,2217,113,42.0,47.9
2019-11-09,401170344,Liberty Flames,Radford Highlanders,66,60,0,2,2335,2515,46.5,37.7
2019-11-09,401170345,Jacksonville Dolphins,Johnson University Florida Suns,83,65,0,2,294,3097,49.2,34.8
2019-11-09,401170347,Florida Gulf Coast Eagles,UMBC Retrievers,61,65,0,2,526,2378,30.2,34.5
2019-11-09,401170348,Lipscomb Bisons,Middle Tennessee Blue Raiders,70,73,0,2,288,2393,37.5,40.4
2019-11-09,401170560,Colorado Buffaloes,Arizona State Sun Devils,81,71,1,2,38,9,46.2,38.5
2019-11-09,401170561,USC Trojans,Portland Pilots,76,65,0,2,30,2501,49.2,41.1
2019-11-09,401170562,Utah Utes,Mississippi Valley State Delta Devils,143,49,0,2,254,2400,63.3,26.2
2019-11-09,401170949,New Hampshire Wildcats,Holy Cross Crusaders,87,83,0,2,160,107,46.2,46.4
2019-11-09,401171014,Campbell Fighting Camels,Central Penn Knights,101,47,0,2,2097,3164,54.7,37.5
2019-11-09,401171402,North Carolina A&T Aggies,Charleston Southern Buccaneers,63,49,0,2,2448,2127,47.2,30.3
2019-11-09,401171425,Western Carolina Catamounts,Gardner-Webb Runnin' Bulldogs,71,59,0,2,2717,2241,38.2,42.1
2019-11-09,401171505,The Citadel Bulldogs,UNC Asheville Bulldogs,76,91,0,2,2643,2427,52.9,56.9
2019-11-09,401171559,Santa Clara Broncos,Cal Poly Mustangs,77,63,0,2,2541,13,46.9,39.7
2019-11-09,401171609,Long Beach State Beach,San Diego Toreros,74,62,0,2,299,301,45.2,38.9
2019-11-09,401171688,Charleston Cougars,Georgia State Panthers,84,80,0,2,232,2247,47.2,44.1
2019-11-09,401171773,Drexel Dragons,Niagara Purple Eagles,72,64,0,2,2182,315,55.1,45.2
2019-11-09,401171799,Southern Illinois Salukis,Delaware Blue Hens,54,56,1,2,79,48,40.0,38.9
2019-11-09,401171829,Elon Phoenix,Milligan Buffaloes,95,54,0,2,2210,2397,46.1,31.1
2019-11-09,401171866,Hofstra Pride,Monmouth Hawks,94,74,0,2,2275,2405,52.7,40.5
2019-11-09,401171927,Brown Bears,Canisius Golden Griffins,75,68,0,2,225,2099,42.6,39.6
2019-11-09,401172015,VMI Keydets,Marist Red Foxes,56,58,0,2,2678,2368,38.6,37.9
2019-11-09,401172072,Delaware State Hornets,Rider Broncs,54,81,0,2,2169,2520,32.3,51.7
2019-11-09,401172213,American University Eagles,William & Mary Tribe,70,79,0,2,44,2729,37.9,48.3
2019-11-09,401172312,Buffalo Bulls,Dartmouth Big Green,63,68,0,2,2084,159,35.3,45.8
2019-11-09,401172328,Rice Owls,Pennsylvania Quakers,80,61,0,2,242,219,44.6,38.5
2019-11-09,401172415,Northeastern Huskies,Harvard Crimson,84,79,0,2,111,108,54.9,47.5
2019-11-09,401172425,Towson Tigers,Bryn Athyn Lions,100,31,0,2,119,109684,50.6,24.0
2019-11-09,401172457,Cleveland State Vikings,Edinboro Fighting Scots,79,54,0,2,325,2205,50.9,28.3
2019-11-09,401172561,Miami (OH) RedHawks,Wright State Raiders,81,88,0,2,193,2750,46.2,46.7
2019-11-09,401172562,Northern Illinois Huskies,Northern Iowa Panthers,54,64,0,2,2459,2460,34.9,41.0
2019-11-09,401172761,Ohio Bobcats,Heidelberg Student Princes,88,50,0,2,195,191,50.8,33.9
2019-11-09,401172814,Boston University Terriers,SUNY Polytechnic Wildcats,91,63,0,2,104,18131,50.7,41.1
2019-11-09,401172815,St. Francis Brooklyn Terriers,Lafayette Leopards,73,72,0,2,2597,322,45.6,44.3
2019-11-09,401172816,Chicago State Cougars,Loyola Maryland Greyhounds,85,98,0,2,2130,2352,48.2,50.8
2019-11-09,401172974,Lamar Cardinals,Arlington Baptist Patriots,106,61,0,2,2320,3166,51.6,36.7
2019-11-09,401172999,Oral Roberts Golden Eagles,Houston Christian Huskies,95,81,0,2,198,2277,43.6,39.4
2019-11-09,401173230,Stephen F. Austin Lumberjacks,North Carolina Central Eagles,94,64,0,2,2617,2428,59.3,44.7
2019-11-09,401173593,Furman Paladins,Loyola Chicago Ramblers,87,63,0,2,231,2350,55.4,52.7
2019-11-09,401173630,Southern Illinois Salukis,UTSA Roadrunners,72,60,1,2,79,2636,47.1,30.4
2019-11-09,401173649,BYU Cougars,San Diego State Aztecs,71,76,0,2,252,21,44.6,44.3
2019-11-09,401173650,Air Force Falcons,Texas State Bobcats,78,71,0,2,2005,326,45.8,45.3
2019-11-09,401173879,Western Kentucky Hilltoppers,Austin Peay Governors,97,75,0,2,98,2046,60.0,39.7
2019-11-09,401174424,Hawai'i Rainbow Warriors,Florida A&M Rattlers,65,52,0,2,62,50,36.1,27.9
2019-11-09,401174700,Coastal Carolina Chanticleers,Hampden Sydney Tigers,102,66,0,2,324,297,52.6,35.6
2019-11-09,401174701,Georgia Southern Eagles,Reinhardt Eagles,109,55,0,2,290,2890,50.7,32.3
2019-11-09,401174704,UL Monroe Warhawks,Alcorn State Braves,73,72,0,2,2433,2016,53.8,38.4
2019-11-09,401174934,Denver Pioneers,Utah Valley Wolverines,74,62,0,2,2172,3084,48.5,43.4
2019-11-09,401175031,Chattanooga Mocs,Tennessee State Tigers,59,57,0,2,236,2634,35.0,43.9
2019-11-09,401175118,Oakland Golden Grizzlies,UTSA Roadrunners,75,62,1,2,2473,2636,43.8,33.9
2019-11-09,401175155,California Baptist Lancers,Cal Lutheran Kingsmen,112,56,0,2,2856,2094,60.0,32.1
2019-11-09,401175205,South Dakota Coyotes,Pacific Tigers,72,62,1,2,233,279,46.8,43.1
2019-11-09,401175781,Norfolk State Spartans,Penn State Wilkes-Barre Mountain Lions,93,53,0,2,2450,111942,50.0,25.0
2019-11-09,401175841,South Carolina State Bulldogs,Bob Jones Bruins,79,64,0,2,2569,3243,51.9,36.2
2019-11-09,401175887,Yale Bulldogs,Oberlin Yeomen,94,37,0,2,43,391,56.6,29.8
2019-11-09,401176057,Florida International Panthers,Ave Maria Gyrenes,101,59,0,2,2229,3178,61.5,36.4
2019-11-09,401176221,Grambling Tigers,Ecclesia Royals,147,52,0,2,2755,3120,61.9,31.3
2019-11-09,401176427,Long Island University Sharks,UMass Lowell River Hawks,74,87,0,2,112358,2349,43.9,43.5
2019-11-10,401166028,Maryland Terrapins,Rhode Island Rams,73,55,0,2,120,227,44.6,29.9
2019-11-10,401166029,Minnesota Golden Gophers,Oklahoma Sooners,62,71,1,2,135,201,39.7,40.0
2019-11-10,401166030,Purdue Boilermakers,Texas Longhorns,66,70,0,2,2509,251,41.0,53.3
2019-11-10,401166055,Ohio State Buckeyes,UMass Lowell River Hawks,76,56,0,2,194,2349,49.1,32.8
2019-11-10,401166056,Rutgers Scarlet Knights,Niagara Purple Eagles,86,39,0,2,164,315,59.3,30.8
2019-11-10,401166419,Seattle U Redhawks,Eastern Washington Eagles,66,74,0,2,2547,331,35.3,39.0
2019-11-10,401166422,Montana Grizzlies,Montana State-Northern Lights,64,50,0,2,149,569,45.0,37.7
2019-11-10,401168168,Florida Gators,Florida State Seminoles,51,63,0,2,57,52,28.0,36.4
2019-11-10,401168169,Louisville Cardinals,Youngstown State Penguins,78,55,0,2,97,2754,50.8,31.3
2019-11-10,401168170,South Florida Bulls,Boston College Eagles,60,74,0,2,58,103,36.1,50.0
2019-11-10,401168171,Virginia Cavaliers,James Madison Dukes,65,34,0,2,258,256,38.2,22.6
2019-11-10,401168172,Wake Forest Demon Deacons,Columbia Lions,65,63,0,2,154,171,35.5,39.7
2019-11-10,401168288,Butler Bulldogs,LSU New Orleans Privateers,79,53,0,2,2086,2443,48.3,42.9
2019-11-10,401168613,NC State Wolfpack,Detroit Mercy Titans,84,65,0,2,152,2174,47.5,40.0
2019-11-10,401169606,Texas Tech Red Raiders,Bethune-Cookman Wildcats,79,44,0,2,2641,2065,47.5,29.8
2019-11-10,401169813,South Carolina Gamecocks,Wyoming Cowboys,66,32,0,2,2579,2751,42.4,23.1
2019-11-10,401170039,UT Arlington Mavericks,Tulsa Golden Hurricane,73,59,0,2,250,202,40.0,30.6
2019-11-10,401170110,Saint Louis Billikens,Valparaiso Beacons,81,70,0,2,139,2674,48.4,44.7
2019-11-10,401170111,Old Dominion Monarchs,Saint Joseph's Hawks,82,69,0,2,295,2603,39.4,32.4
2019-11-10,401170346,Western Illinois Leathernecks,Stetson Hatters,75,77,0,2,2710,56,38.1,51.0
2019-11-10,401170349,Liberty Flames,Maryland Eastern Shore Hawks,66,55,0,2,2335,2379,52.0,42.9
2019-11-10,401170350,North Alabama Lions,Carver College Cougars,95,64,0,2,2453,3117,52.6,45.5
2019-11-10,401170563,Oregon Ducks,Boise State Broncos,106,75,0,2,2483,68,70.0,42.9
2019-11-10,401170564,Stanford Cardinal,Cal State Fullerton Titans,70,54,0,2,24,2239,50.0,33.9
2019-11-10,401170888,Harvard Crimson,Maine Black Bears,67,46,0,2,108,311,53.1,34.0
2019-11-10,401170985,Bucknell Bison,Vermont Catamounts,63,66,0,2,2083,261,42.6,34.4
2019-11-10,401171467,Wofford Terriers,High Point Panthers,89,61,0,2,2747,2272,48.3,35.4
2019-11-10,401171547,Fresno State Bulldogs,Winthrop Eagles,77,74,0,2,278,2737,48.1,44.4
2019-11-10,401171651,Pepperdine Waves,UC Irvine Anteaters,77,73,0,2,2492,300,42.9,46.4
2019-11-10,401171774,Drexel Dragons,Abilene Christian Wildcats,86,83,0,2,2182,2000,51.9,46.2
2019-11-10,401171800,UTSA Roadrunners,Delaware Blue Hens,79,91,1,2,2636,48,43.8,51.8
2019-11-10,401171913,UAlbany Great Danes,Lehigh Mountain Hawks,70,74,0,2,399,2329,32.8,50.8
2019-11-10,401172295,Bryant Bulldogs,Cornell Big Red,82,81,0,2,2803,172,45.0,44.8
2019-11-10,401172339,San Francisco Dons,Princeton Tigers,82,72,1,2,2539,163,45.6,44.8
2019-11-10,401172509,Green Bay Phoenix,Wisconsin Stout Blue Devils,115,64,0,2,2739,2744,53.8,39.1
2019-11-10,401172560,Milwaukee Panthers,Western Michigan Broncos,110,115,0,2,270,2711,40.0,44.8
2019-11-10,401172563,Evansville Purple Aces,Ball State Cardinals,79,75,0,2,339,2050,47.5,46.2
2019-11-10,401172564,Marshall Thundering Herd,Toledo Rockets,70,96,0,2,276,2649,42.6,51.5
2019-11-10,401172565,Central Michigan Chippewas,Mississippi Valley State Delta Devils,134,78,0,2,2117,2400,50.5,41.1
2019-11-10,401172817,Clemson Tigers,Colgate Raiders,81,68,0,2,228,2142,51.7,45.6
2019-11-10,401172818,Navy Midshipmen,Washington Maryland Shoremen,87,56,0,2,2426,2689,53.6,38.6
2019-11-10,401173489,Bradley Braves,IU Indianapolis Jaguars,90,56,0,2,71,85,47.8,35.2
2019-11-10,401173555,Illinois State Redbirds,Little Rock Trojans,75,70,0,2,2287,2031,47.1,50.9
2019-11-10,401173575,Dayton Flyers,Indiana State Sycamores,86,81,0,2,2168,282,48.3,47.4
2019-11-10,401173607,Missouri State Bears,Alabama State Hornets,59,50,0,2,2623,2011,42.3,32.1
2019-11-10,401173631,Oakland Golden Grizzlies,Southern Illinois Salukis,61,52,1,2,2473,79,46.2,39.6
2019-11-10,401173651,Nevada Wolf Pack,Loyola Marymount Lions,72,67,0,2,2440,2351,42.9,41.8
2019-11-10,401173652,New Mexico Lobos,Cal State Northridge Matadors,97,70,0,2,167,2463,60.0,44.4
2019-11-10,401173653,San José State Spartans,Portland Pilots,57,72,0,2,23,2501,39.7,48.1
2019-11-10,401174702,Louisiana Ragin' Cajuns,McNeese Cowboys,85,80,0,2,309,2377,42.9,45.8
2019-11-10,401174703,South Alabama Jaguars,Southern Miss Golden Eagles,75,69,0,2,6,2572,44.4,45.9
2019-11-10,401174935,Cal State Bakersfield Roadrunners,South Dakota State Jackrabbits,91,93,0,2,2934,2571,40.5,47.6
2019-11-10,401175032,Southeast Missouri State Redhawks,Purdue Fort Wayne Mastodons,79,78,0,2,2546,2870,44.6,40.6
2019-11-10,401175033,Murray State Racers,Southern Jaguars,69,49,0,2,93,2582,45.8,31.1
2019-11-10,401175034,Tennessee Tech Golden Eagles,UT Southern Firehawks,83,70,0,2,2635,2370,49.2,41.3
2019-11-10,401175035,UT Martin Skyhawks,East Tennessee State Buccaneers,75,92,0,2,2630,2193,40.3,62.5
2019-11-10,401175206,Gonzaga Bulldogs,Arkansas-Pine Bluff Golden Lions,110,60,0,2,2250,2029,62.5,41.1
2019-11-10,401175977,Rice Owls,Wayland Baptist Pioneers,65,40,0,2,242,630,41.9,28.6
2019-11-10,401176428,Mount St. Mary's Mountaineers,Gettysburg Bullets,75,58,0,2,116,2248,43.4,35.9
2019-11-11,401166054,Michigan State Spartans,Binghamton Bearcats,100,47,0,2,127,2066,51.4,30.0
2019-11-11,401169934,Arizona Wildcats,Illinois Fighting Illini,90,69,0,2,12,356,55.7,47.2
2019-11-11,401170565,UCLA Bruins,UC Santa Barbara Gauchos,77,61,0,2,26,2540,43.3,46.0
2019-11-11,401171560,North Dakota State Bison,Cal Poly Mustangs,74,67,0,2,2449,13,45.8,51.9
2019-11-11,401174425,Hawai'i Rainbow Warriors,South Dakota Coyotes,75,81,0,2,62,233,48.3,47.3
2019-11-11,401175207,Pacific Tigers,Florida A&M Rattlers,76,54,1,2,279,50,52.5,39.1
2019-11-12,401166057,Iowa Hawkeyes,DePaul Blue Demons,78,93,0,2,2294,305,42.9,61.4
2019-11-12,401166058,Michigan Wolverines,Creighton Bluejays,79,69,0,2,130,156,56.6,42.5
2019-11-12,401168173,Georgia Tech Yellow Jackets,Elon Phoenix,64,41,0,2,59,2210,37.7,21.6
2019-11-12,401168176,Robert Morris Colonials,Pittsburgh Panthers,57,71,0,2,2523,221,37.9,44.0
2019-11-12,401169814,Vanderbilt Commodores,Texas A&M-Corpus Christi Islanders,71,66,0,2,238,357,50.0,46.0
2019-11-12,401169815,Alabama Crimson Tide,Florida Atlantic Owls,78,59,0,2,333,2226,44.1,34.8
2019-11-12,401169816,Texas A&M Aggies,UL Monroe Warhawks,63,57,0,2,245,2433,42.6,41.8
2019-11-12,401169973,Cincinnati Bearcats,Drake Bulldogs,81,59,0,2,2132,2181,51.7,35.5
2019-11-12,401170351,North Florida Ospreys,Georgia Southern Eagles,80,77,0,2,2454,290,41.0,43.5
2019-11-12,401170352,Mercer Bears,Kennesaw State Owls,74,62,0,2,2382,338,36.7,31.7
2019-11-12,401170353,Dartmouth Big Green,Florida Gulf Coast Eagles,55,49,0,2,159,526,35.1,34.0
2019-11-12,401170354,Bowling Green Falcons,Jacksonville Dolphins,75,59,1,2,189,294,43.5,32.0
2019-11-12,401170968,Stony Brook Seawolves,Farmingdale State Rams,91,44,0,2,2619,3149,44.0,29.4
2019-11-12,401171521,VMI Keydets,Presbyterian Blue Hose,77,80,0,2,2678,2506,42.2,46.0
2019-11-12,401171548,Saint Mary's Gaels,Winthrop Eagles,59,61,0,2,2608,2737,40.4,46.4
2019-11-12,401172426,Towson Tigers,Kent State Golden Flashes,80,84,0,2,119,2309,36.8,42.4
2019-11-12,401172566,Buffalo Bulls,Nazareth Golden Flyers,109,72,0,2,2084,110426,56.3,42.9
2019-11-12,401173019,McNeese Cowboys,Southern New Orleans Knights,104,33,0,2,2377,2573,53.3,25.9
2019-11-12,401173214,SE Louisiana Lions,Xavier (LA) Gold Nuggets,77,70,0,2,2545,2753,43.5,52.9
2019-11-12,401173843,North Carolina Central Eagles,South Carolina Upstate Spartans,73,64,0,2,2428,2908,50.0,35.4
2019-11-12,401173949,Belmont Bruins,Samford Bulldogs,95,63,0,2,2057,2535,50.0,42.2
2019-11-12,401174426,Hawai'i Rainbow Warriors,Pacific Tigers,72,67,0,2,62,279,47.9,49.1
2019-11-12,401174443,IU Indianapolis Jaguars,Anderson (IN) Ravens,72,55,0,2,85,2023,42.6,32.4
2019-11-12,401175209,San Francisco Dons,Yale Bulldogs,84,79,0,2,2539,43,41.4,38.1
2019-11-12,401175582,UT Rio Grande Valley Vaqueros,Howard Payne Yellow Jackets,93,42,0,2,292,2758,58.7,40.0
2019-11-12,401175652,Omaha Mavericks,Bethune-Cookman Wildcats,90,61,0,2,2437,2065,59.3,34.4
2019-11-12,401175726,Florida A&M Rattlers,South Dakota Coyotes,82,85,1,2,50,233,49.2,59.1
2019-11-12,401175790,UNC Greensboro Spartans,Averett Cougars,109,51,0,2,2430,2047,63.9,36.2
2019-11-12,401176039,UAB Blazers,Alabama A&M Bulldogs,74,52,0,2,5,2010,50.0,38.6
2019-11-13,401166059,Indiana Hoosiers,North Alabama Lions,91,65,0,2,84,2453,50.0,43.2
2019-11-13,401166060,Butler Bulldogs,Minnesota Golden Gophers,64,56,0,2,2086,135,38.2,33.3
2019-11-13,401166423,Northern Colorado Bears,Colorado College Tigers,104,38,0,2,2458,2144,60.6,32.1
2019-11-13,401168174,Duke Blue Devils,Central Arkansas Bears,105,54,0,2,150,2110,56.8,35.3
2019-11-13,401168175,Notre Dame Fighting Irish,Howard Bison,79,50,0,2,87,47,50.8,31.1
2019-11-13,401168177,UCF Knights,Miami Hurricanes,70,79,0,2,2116,2390,46.8,46.8
2019-11-13,401168457,St. John's Red Storm,New Hampshire Wildcats,74,61,0,2,2599,160,39.4,37.9
2019-11-13,401169444,Memphis Tigers,Oregon Ducks,74,82,1,2,235,2483,37.7,48.3
2019-11-13,401169607,Iowa State Cyclones,Northern Illinois Huskies,70,52,0,2,66,2459,43.3,30.0
2019-11-13,401169608,TCU Horned Frogs,Louisiana Ragin' Cajuns,98,65,0,2,2628,309,51.5,38.6
2019-11-13,401169609,Oregon State Beavers,Oklahoma Sooners,69,77,1,2,204,201,40.9,42.9
2019-11-13,401169610,Texas Longhorns,California Baptist Lancers,67,54,0,2,251,2856,43.3,34.5
2019-11-13,401169789,Xavier Musketeers,Missouri Tigers,63,58,0,2,2752,142,32.8,33.3
2019-11-13,401169817,Kentucky Wildcats,Evansville Purple Aces,64,67,0,2,96,339,37.0,38.3
2019-11-13,401169818,Tennessee Volunteers,Murray State Racers,82,63,0,2,2633,93,50.0,41.1
2019-11-13,401169819,Arkansas Razorbacks,North Texas Mean Green,66,43,0,2,8,249,44.4,33.3
2019-11-13,401169820,South Alabama Jaguars,Auburn Tigers,69,70,0,2,6,2,44.1,44.4
2019-11-13,401169821,Georgia Bulldogs,The Citadel Bulldogs,95,86,0,2,61,2643,45.8,49.2
2019-11-13,401169822,Ole Miss Rebels,Norfolk State Spartans,68,55,0,2,145,2450,51.0,32.7
2019-11-13,401169823,VCU Rams,LSU Tigers,84,82,0,2,2670,99,41.3,51.7
2019-11-13,401169987,App State Mountaineers,East Carolina Pirates,68,62,0,2,2026,151,44.4,35.6
2019-11-13,401170007,SMU Mustangs,LSU New Orleans Privateers,77,64,0,2,2567,2443,47.5,34.9
2019-11-13,401170031,Tulane Green Wave,Jackson State Tigers,88,79,0,2,2655,2296,55.6,45.9
2019-11-13,401170040,Tulsa Golden Hurricane,Oral Roberts Golden Eagles,74,67,0,2,202,198,50.9,32.8
2019-11-13,401170112,Duquesne Dukes,Lamar Cardinals,66,56,0,2,2184,2320,36.8,40.7
2019-11-13,401170113,Siena Saints,St. Bonaventure Bonnies,78,65,0,2,2561,179,46.3,38.1
2019-11-13,401170114,Charlotte 49ers,Davidson Wildcats,71,58,0,2,2429,2166,50.0,46.3
2019-11-13,401170116,George Washington Revolutionaries,American University Eagles,65,67,0,2,45,44,43.1,44.4
2019-11-13,401170117,Massachusetts Minutemen,Northeastern Huskies,80,71,0,2,113,111,47.4,48.3
2019-11-13,401170355,Liberty Flames,South Carolina State Bulldogs,65,39,0,2,2335,2569,44.3,26.9
2019-11-13,401170356,Tennessee State Tigers,Lipscomb Bisons,79,78,0,2,2634,288,54.2,50.0
2019-11-13,401170566,California Golden Bears,UNLV Rebels,79,75,0,2,25,2439,50.9,48.4
2019-11-13,401170567,Santa Clara Broncos,Washington State Cougars,70,62,0,2,2541,265,47.2,32.8
2019-11-13,401170568,Stanford Cardinal,Long Beach State Beach,86,58,0,2,24,299,53.8,40.7
2019-11-13,401170569,USC Trojans,South Dakota State Jackrabbits,84,66,0,2,30,2571,39.7,38.3
2019-11-13,401170570,Washington Huskies,Mount St. Mary's Mountaineers,56,46,0,2,264,116,41.5,29.1
2019-11-13,401170829,Houston Cougars,Alabama State Hornets,84,56,0,2,248,2011,51.6,34.7
2019-11-13,401170859,Marist Red Foxes,Hartford Hawks,51,62,0,2,2368,42,31.7,50.0
2019-11-13,401171015,UNC Wilmington Seahawks,Campbell Fighting Camels,81,76,0,2,350,2097,52.1,44.6
2019-11-13,401171403,Charleston Southern Buccaneers,Furman Paladins,47,91,0,2,2127,231,32.8,53.8
2019-11-13,401171487,Longwood Lancers,Maryland Eastern Shore Hawks,85,55,0,2,2344,2379,57.7,38.2
2019-11-13,401171535,Radford Highlanders,Bridgewater Eagles,91,40,0,2,2515,2079,52.3,28.9
2019-11-13,401171652,UC Irvine Anteaters,Life Pacific Warriors,98,52,0,2,300,109670,54.2,31.7
2019-11-13,401171955,Holy Cross Crusaders,Fairfield Stags,63,68,0,2,107,2217,37.7,46.3
2019-11-13,401171997,Manhattan Jaspers,Delaware State Hornets,85,74,0,2,2363,2169,40.7,46.8
2019-11-13,401172237,Army Black Knights,Air Force Falcons,57,69,0,2,349,2005,41.4,41.1
2019-11-13,401172374,James Madison Dukes,Shenandoah Hornets,96,48,0,2,256,2828,47.5,24.7
2019-11-13,401172431,Wofford Terriers,William & Mary Tribe,79,80,0,2,2747,2729,44.4,56.4
2019-11-13,401172458,Missouri State Bears,Cleveland State Vikings,73,53,0,2,2623,325,37.7,31.6
2019-11-13,401172567,Western Michigan Broncos,Mississippi Valley State Delta Devils,91,81,0,2,2711,2400,50.9,46.0
2019-11-13,401172568,Eastern Michigan Eagles,Goshen Maple Leafs,101,49,0,2,2199,3067,55.4,39.6
2019-11-13,401172819,Lehigh Mountain Hawks,Cairn University Highlanders,80,43,0,2,2329,3216,44.1,21.6
2019-11-13,401173060,Northwestern State Demons,Rice Owls,74,80,0,2,2466,242,42.6,40.0
2019-11-13,401173594,Loyola Chicago Ramblers,Coppin State Eagles,72,76,0,2,2350,2154,42.6,39.7
2019-11-13,401173640,SIU Edwardsville Cougars,Valparaiso Beacons,76,89,0,2,2565,2674,47.1,47.5
2019-11-13,401173654,Utah State Aggies,Denver Pioneers,97,56,0,2,328,2172,47.8,38.9
2019-11-13,401173655,Nevada Wolf Pack,UT Arlington Mavericks,80,73,0,2,2440,250,46.6,34.4
2019-11-13,401174037,Eastern Illinois Panthers,Chicago State Cougars,98,34,0,2,2197,2130,48.6,23.4
2019-11-13,401174063,Eastern Kentucky Colonels,Ohio-Chillicothe Hilltoppers,129,43,0,2,2198,111966,54.7,33.3
2019-11-13,401174161,Jacksonville State Gamecocks,Brescia Bearcats,125,55,0,2,55,2855,64.8,36.7
2019-11-13,401174413,Cal State Northridge Matadors,Pepperdine Waves,82,94,0,2,2463,2492,46.4,49.2
2019-11-13,401174706,Texas State Bobcats,Prairie View A&M Panthers,75,48,0,2,326,2504,52.2,35.3
2019-11-13,401174707,Troy Trojans,Chattanooga Mocs,68,74,0,2,2653,236,41.3,42.1
2019-11-13,401175036,Tennessee Tech Golden Eagles,Wright State Raiders,80,85,0,2,2635,2750,47.7,41.9
2019-11-13,401175119,Milwaukee Panthers,Wisconsin Lutheran Warriors,103,53,0,2,270,2741,60.9,31.7
2019-11-13,401175120,Coastal Carolina Chanticleers,Northern Kentucky Norse,68,69,0,2,324,94,38.9,46.3
2019-11-13,401175208,San Diego Toreros,Fresno State Bulldogs,72,66,0,2,301,278,38.7,35.9
2019-11-13,401175210,Gonzaga Bulldogs,North Dakota Fighting Hawks,97,66,0,2,2250,155,57.7,34.7
2019-11-13,401175534,Utah Valley Wolverines,Ottawa (AZ) Spirit,101,70,0,2,3084,111254,52.9,41.3
2019-11-13,401175640,Seattle U Redhawks,Pacific (OR) Boxers,115,81,0,2,2547,205,57.6,31.3
2019-11-13,401175740,UTEP Miners,New Mexico State Aggies,65,50,0,2,2638,166,46.9,36.8
2019-11-13,401175803,Western Carolina Catamounts,North Carolina A&T Aggies,90,64,0,2,2717,2448,58.8,41.5
2019-11-13,401175858,Louisiana Tech Bulldogs,Wiley Wildcats,98,52,0,2,2348,2728,50.7,27.9
2019-11-13,401176180,Alcorn State Braves,Paul Quinn Tigers,111,59,0,2,2016,2491,56.2,40.7
2019-11-13,401176396,Incarnate Word Cardinals,Texas Lutheran Bulldogs,86,60,0,2,2916,2639,56.9,32.2
2019-11-13,401176429,Wagner Seahawks,Wesley Wolverines,97,67,0,2,2681,2846,53.1,46.3
2019-11-13,401180735,UMBC Retrievers,St. Mary's (MD) Seahawks,79,57,0,2,2378,117,51.8,38.7
2019-11-13,401180737,UMass Lowell River Hawks,UMass Boston Beacons,88,45,0,2,2349,2660,50.8,25.7
2019-11-13,401182528,Hampton Pirates,Apprentice School Builders,95,63,0,2,2261,3111,50.0,31.4
2019-11-14,401166061,Ohio State Buckeyes,Villanova Wildcats,76,51,0,2,194,222,60.0,30.6
2019-11-14,401166062,Marquette Golden Eagles,Purdue Boilermakers,65,55,0,2,269,2509,38.5,33.9
2019-11-14,401166063,Northwestern Wildcats,Providence Friars,72,63,0,2,77,2507,48.9,30.6
2019-11-14,401166064,Rutgers Scarlet Knights,Drexel Dragons,62,57,0,2,164,2182,37.3,32.3
2019-11-14,401166065,Wisconsin Badgers,McNeese Cowboys,83,63,0,2,275,2377,52.7,46.7
2019-11-14,401166066,Georgetown Hoyas,Penn State Nittany Lions,66,81,0,2,46,213,37.7,44.4
2019-11-14,401166424,Saint Louis Billikens,Eastern Washington Eagles,82,60,0,2,139,331,57.4,30.2
2019-11-14,401166425,BYU Cougars,Southern Utah Thunderbirds,68,63,0,2,252,253,38.3,50.0
2019-11-14,401168178,Boston College Eagles,High Point Panthers,59,33,0,2,103,2272,36.9,25.0
2019-11-14,401168179,Louisville Cardinals,Indiana State Sycamores,91,62,0,2,97,282,58.5,33.9
2019-11-14,401168180,Syracuse Orange,Colgate Raiders,70,54,0,2,183,2142,50.9,30.0
2019-11-14,401168181,Virginia Tech Hokies,South Carolina Upstate Spartans,80,57,0,2,259,2908,53.4,37.7
2019-11-14,401168182,Wake Forest Demon Deacons,UNC Asheville Bulldogs,98,79,0,2,154,2427,70.2,47.2
2019-11-14,401168614,NC State Wolfpack,Florida International Panthers,86,77,0,2,152,2229,44.9,51.0
2019-11-14,401169445,UConn Huskies,Saint Joseph's Hawks,87,96,0,2,41,2603,34.9,45.7
2019-11-14,401169611,Kansas State Wildcats,Monmouth Hawks,73,54,0,2,2306,2405,46.4,39.6
2019-11-14,401169612,Charleston Cougars,Oklahoma State Cowboys,54,73,0,2,232,197,32.7,51.9
2019-11-14,401169613,Texas Tech Red Raiders,Houston Christian Huskies,103,74,1,2,2641,2277,59.7,39.4
2019-11-14,401170017,South Florida Bulls,IU Indianapolis Jaguars,53,70,0,2,58,85,37.0,51.0
2019-11-14,401170118,Fordham Rams,Fairleigh Dickinson Knights,53,50,0,2,2230,161,35.7,36.0
2019-11-14,401170119,George Mason Patriots,Long Island University Sharks,80,74,0,2,2244,112358,46.3,46.0
2019-11-14,401170120,Pennsylvania Quakers,La Salle Explorers,75,59,0,2,219,2325,40.6,42.9
2019-11-14,401170357,Cornell Big Red,NJIT Highlanders,58,59,0,2,172,2885,41.1,36.7
2019-11-14,401170834,Columbia Lions,Binghamton Bearcats,75,63,0,2,171,2066,45.8,40.0
2019-11-14,401170986,Vermont Catamounts,Boston University Terriers,62,47,0,2,261,104,43.4,29.8
2019-11-14,401171488,Longwood Lancers,St. Francis Brooklyn Terriers,86,77,0,2,2344,2597,47.5,50.9
2019-11-14,401171585,Wyoming Cowboys,Cal State Fullerton Titans,53,60,0,2,2751,2239,38.9,38.9
2019-11-14,401171630,Idaho Vandals,UC Davis Aggies,64,65,1,2,70,302,41.5,47.2
2019-11-14,401171867,Bucknell Bison,Hofstra Pride,86,71,0,2,2083,2275,46.3,38.1
2019-11-14,401171914,UAlbany Great Danes,Canisius Golden Griffins,83,57,0,2,399,2099,56.4,34.5
2019-11-14,401171978,Iona Gaels,Ohio Bobcats,72,81,0,2,314,195,42.1,55.8
2019-11-14,401172047,Stephen F. Austin Lumberjacks,Niagara Purple Eagles,89,80,0,2,2617,315,43.8,55.6
2019-11-14,401172062,Brown Bears,Quinnipiac Bobcats,70,68,0,2,225,2514,35.1,42.6
2019-11-14,401172088,Saint Peter's Peacocks,Bryant Bulldogs,44,69,0,2,2612,2803,25.4,43.3
2019-11-14,401172340,Princeton Tigers,Lafayette Leopards,65,72,0,2,163,322,39.1,52.0
2019-11-14,401172510,New Mexico Lobos,Green Bay Phoenix,93,78,0,2,167,2739,47.7,40.0
2019-11-14,401172569,UIC Flames,Ball State Cardinals,48,67,0,2,82,2050,31.5,39.7
2019-11-14,401172570,Purdue Fort Wayne Mastodons,Miami (OH) RedHawks,80,84,0,2,2870,193,51.0,48.4
2019-11-14,401172820,Old Dominion Monarchs,Loyola Maryland Greyhounds,62,53,0,2,295,2352,40.3,42.0
2019-11-14,401173040,Nicholls Colonels,Paul Quinn Tigers,81,66,0,2,2447,2491,41.1,41.3
2019-11-14,401173215,SE Louisiana Lions,Grambling Tigers,70,81,0,2,2545,2755,44.1,47.3
2019-11-14,401173513,Drake Bulldogs,Kansas City Roos,76,58,0,2,2181,140,60.0,38.6
2019-11-14,401173619,Northern Iowa Panthers,Cal State Bakersfield Roadrunners,67,55,0,2,2460,2934,44.0,44.2
2019-11-14,401173656,San Diego State Aztecs,Grand Canyon Lopes,86,61,0,2,21,2253,54.7,36.5
2019-11-14,401173657,Colorado State Rams,Omaha Mavericks,80,65,0,2,36,2437,47.5,35.4
2019-11-14,401175037,Western Illinois Leathernecks,UT Martin Skyhawks,91,98,0,2,2710,2630,47.9,50.7
2019-11-14,401175847,Morgan State Bears,Saint Francis Red Wolves,65,71,0,2,2415,2598,38.6,39.1
2019-11-14,401176053,Middle Tennessee Blue Raiders,Mars Hill Mountain Lions,96,82,0,2,2393,2369,50.0,41.4
2019-11-14,401176062,Samford Bulldogs,UVA Wise Cavaliers,102,64,0,2,2535,2842,55.4,36.5
2019-11-15,401166067,Seton Hall Pirates,Michigan State Spartans,73,76,0,2,2550,127,43.3,41.5
2019-11-15,401166426,Idaho State Bengals,Montana Western Bulldogs,80,48,0,2,304,2701,55.2,35.3
2019-11-15,401166427,Weber State Wildcats,San Diego Toreros,56,71,0,2,2692,301,38.7,50.0
2019-11-15,401169824,Mississippi State Bulldogs,UL Monroe Warhawks,62,45,0,2,344,2433,40.8,35.3
2019-11-15,401169825,Florida Gators,Towson Tigers,66,60,0,2,57,119,41.8,43.8
2019-11-15,401169826,Richmond Spiders,Vanderbilt Commodores,93,92,0,2,257,238,45.7,50.0
2019-11-15,401169974,Cincinnati Bearcats,Alabama A&M Bulldogs,85,53,0,2,2132,2010,51.7,31.3
2019-11-15,401170358,North Florida Ospreys,Southern Miss Golden Eagles,66,63,0,2,2454,2572,40.7,44.3
2019-11-15,401170571,Arizona Wildcats,San José State Spartans,87,39,0,2,12,23,48.4,23.0
2019-11-15,401170572,Arizona State Sun Devils,Central Connecticut Blue Devils,90,49,0,2,9,2115,44.6,29.8
2019-11-15,401171549,East Tennessee State Buccaneers,Winthrop Eagles,61,58,0,2,2193,2737,42.0,46.3
2019-11-15,401171610,Saint Mary's Gaels,Long Beach State Beach,81,63,0,2,2608,299,56.4,44.2
2019-11-15,401171868,Hofstra Pride,New York Institute Of Technology Yellow Jackets,111,69,0,2,2275,108818,54.2,35.9
2019-11-15,401172081,Harvard Crimson,Siena Saints,59,56,0,2,108,2561,40.4,40.7
2019-11-15,401172313,Dartmouth Big Green,Merrimack Warriors,55,46,1,2,159,2771,41.7,32.1
2019-11-15,401172571,Eastern Michigan Eagles,Michigan Dearborn Wolves,72,59,0,2,2199,2391,40.0,42.0
2019-11-15,401172572,Bowling Green Falcons,Fairmont State Falcons,88,66,0,2,189,2986,47.7,35.8
2019-11-15,401173535,Evansville Purple Aces,IU Kokomo Cougars,89,71,0,2,339,3192,51.6,38.4
2019-11-15,401174708,Arkansas State Red Wolves,VMI Keydets,71,56,0,2,2032,2678,58.0,39.6
2019-11-15,401174709,Little Rock Trojans,Southwest Baptist Bearcats,77,59,0,2,2031,2586,46.8,43.4
2019-11-15,401174936,UT Rio Grande Valley Vaqueros,North Dakota State Bison,70,76,1,2,292,2449,48.3,41.1
2019-11-15,401175038,Presbyterian Blue Hose,Morehead State Eagles,55,77,0,2,2506,2413,39.3,51.7
2019-11-15,401175211,Pacific Tigers,Pacific Union PACIFIC UNION,86,48,0,2,279,594,50.0,35.3
2019-11-15,401175433,VMI Keydets,Idaho Vandals,67,68,1,2,2678,70,41.3,46.4
2019-11-15,401175741,New Mexico State Aggies,Southern Jaguars,79,63,0,2,166,2582,47.8,44.0
2019-11-15,401175753,Robert Morris Colonials,Howard Bison,85,65,1,2,2523,47,58.2,45.6
2019-11-15,401175791,App State Mountaineers,Montana State Bobcats,56,59,1,2,2026,147,34.4,43.4
2019-11-15,401175929,Cal State Bakersfield Roadrunners,Life Pacific Warriors,91,51,0,2,2934,109670,50.0,34.0
2019-11-15,401184898,Norfolk State Spartans,Apprentice School Builders,113,54,0,2,2450,3111,59.4,36.2
2019-11-16,401166068,Nebraska Cornhuskers,South Dakota State Jackrabbits,90,73,0,2,158,2571,49.3,41.4
2019-11-16,401166069,Michigan Wolverines,Elon Phoenix,70,50,0,2,130,2210,48.3,33.9
2019-11-16,401166070,Iowa Hawkeyes,Oral Roberts Golden Eagles,87,74,0,2,2294,198,47.1,43.1
2019-11-16,401166071,Purdue Boilermakers,Chicago State Cougars,93,49,0,2,2509,2130,50.0,36.7
2019-11-16,401166072,Maryland Terrapins,Oakland Golden Grizzlies,80,50,0,2,120,2473,52.6,36.5
2019-11-16,401166428,Sacramento State Hornets,UC Riverside Highlanders,62,49,0,2,16,27,44.7,32.7
2019-11-16,401166429,Hawai'i Rainbow Warriors,Portland State Vikings,83,75,0,2,62,2502,50.8,39.1
2019-11-16,401166430,Arkansas Razorbacks,Montana Grizzlies,64,46,0,2,8,149,37.0,32.1
2019-11-16,401166431,Northern Iowa Panthers,Northern Colorado Bears,77,72,0,2,2460,2458,47.6,45.0
2019-11-16,401168183,Duke Blue Devils,Georgia State Panthers,74,63,0,2,150,2247,34.2,41.7
2019-11-16,401168184,Florida State Seminoles,Western Carolina Catamounts,79,74,0,2,52,2717,45.5,45.0
2019-11-16,401168185,North Carolina Tar Heels,Gardner-Webb Runnin' Bulldogs,77,61,0,2,153,2241,45.6,36.8
2019-11-16,401168186,Notre Dame Fighting Irish,Marshall Thundering Herd,74,64,0,2,87,276,31.6,40.0
2019-11-16,401168187,Pittsburgh Panthers,West Virginia Mountaineers,53,68,0,2,221,277,29.1,38.3
2019-11-16,401168188,Boston College Eagles,Belmont Bruins,85,100,0,2,103,2057,55.9,53.2
2019-11-16,401168189,Miami Hurricanes,Quinnipiac Bobcats,80,52,0,2,2390,2514,41.7,31.7
2019-11-16,401168191,Virginia Cavaliers,Columbia Lions,60,42,0,2,258,171,40.7,28.6
2019-11-16,401168192,Virginia Tech Hokies,Lehigh Mountain Hawks,79,53,0,2,259,2329,47.7,39.6
2019-11-16,401168315,Creighton Bluejays,Louisiana Tech Bulldogs,82,72,0,2,156,2348,46.6,44.1
2019-11-16,401168343,DePaul Blue Demons,Cornell Big Red,75,54,0,2,305,172,50.0,36.8
2019-11-16,401168425,Providence Friars,Saint Peter's Peacocks,68,47,0,2,2507,2612,44.4,31.3
2019-11-16,401168458,St. John's Red Storm,Vermont Catamounts,68,70,0,2,2599,261,34.5,40.3
2019-11-16,401168615,NC State Wolfpack,St. Francis Brooklyn Terriers,95,64,0,2,152,2597,49.3,37.9
2019-11-16,401169446,Houston Cougars,BYU Cougars,71,72,0,2,248,252,46.8,45.9
2019-11-16,401169614,Baylor Bears,Texas State Bobcats,72,63,0,2,239,326,41.0,42.6
2019-11-16,401169615,Kansas Jayhawks,Monmouth Hawks,112,57,0,2,2305,2405,56.1,30.0
2019-11-16,401169616,Texas Longhorns,Prairie View A&M Panthers,70,56,0,2,251,2504,42.1,42.9
2019-11-16,401169779,Villanova Wildcats,Ohio Bobcats,78,54,0,2,222,195,39.0,39.7
2019-11-16,401169790,Xavier Musketeers,Missouri State Bears,59,56,0,2,2752,2623,41.5,47.7
2019-11-16,401169827,Auburn Tigers,Cal State Northridge Matadors,116,70,0,2,2,2463,56.8,34.2
2019-11-16,401169828,Texas A&M Aggies,Gonzaga Bulldogs,49,79,0,2,245,2250,30.4,49.2
2019-11-16,401169829,Rhode Island Rams,Alabama Crimson Tide,93,79,0,2,227,333,52.4,47.0
2019-11-16,401169830,Georgia Bulldogs,Delaware State Hornets,100,66,0,2,61,2169,59.7,43.9
2019-11-16,401169831,Ole Miss Rebels,Western Michigan Broncos,85,58,0,2,145,2711,52.5,33.9
2019-11-16,401169832,South Carolina Gamecocks,Cleveland State Vikings,90,63,0,2,2579,325,37.8,39.2
2019-11-16,401169833,Tennessee Volunteers,Washington Huskies,75,62,1,2,2633,264,47.2,40.0
2019-11-16,401169834,LSU Tigers,Nicholls Colonels,75,65,0,2,99,2447,50.0,38.7
2019-11-16,401169988,East Carolina Pirates,Liberty Flames,57,77,0,2,151,2335,38.5,47.3
2019-11-16,401170002,Memphis Tigers,Alcorn State Braves,102,56,0,2,235,2016,57.8,30.2
2019-11-16,401170027,La Salle Explorers,Temple Owls,65,70,0,2,2325,218,36.5,37.5
2019-11-16,401170032,Tulane Green Wave,Northwestern State Demons,79,52,0,2,2655,2466,41.1,35.1
2019-11-16,401170041,Tulsa Golden Hurricane,Austin Peay Governors,72,65,0,2,202,2046,46.4,39.2
2019-11-16,401170057,Wichita State Shockers,UT Martin Skyhawks,103,62,0,2,2724,2630,56.3,38.6
2019-11-16,401170121,Duquesne Dukes,Lipscomb Bisons,58,36,0,2,2184,288,36.7,29.2
2019-11-16,401170127,George Washington Revolutionaries,Morgan State Bears,64,68,0,2,45,2415,34.0,38.5
2019-11-16,401170128,Massachusetts Minutemen,Central Connecticut Blue Devils,89,43,0,2,113,2115,52.5,33.3
2019-11-16,401170129,Loyola Chicago Ramblers,Saint Joseph's Hawks,85,68,0,2,2350,2603,56.5,39.3
2019-11-16,401170359,Mercer Bears,Florida Gulf Coast Eagles,84,68,0,2,2382,526,53.3,38.6
2019-11-16,401170360,UMass Lowell River Hawks,Jacksonville Dolphins,78,80,0,2,2349,294,45.2,49.2
2019-11-16,401170363,NJIT Highlanders,Wagner Seahawks,88,69,0,2,2885,2681,50.9,38.3
2019-11-16,401170364,Jacksonville Dolphins,Dartmouth Big Green,57,37,1,2,294,159,44.0,26.9
2019-11-16,401170573,California Golden Bears,California Baptist Lancers,82,62,0,2,25,2856,57.1,33.3
2019-11-16,401170574,UCLA Bruins,UNLV Rebels,71,54,0,2,26,2439,49.0,38.6
2019-11-16,401170575,Utah Utes,Minnesota Golden Gophers,73,69,0,2,254,135,53.2,35.1
2019-11-16,401170752,Buffalo Bulls,Harvard Crimson,88,76,1,2,2084,108,44.9,36.9
2019-11-16,401170790,Northern Arizona Lumberjacks,Nelson Lions,105,32,0,2,2464,112679,51.4,20.4
2019-11-16,401170835,Binghamton Bearcats,Sacred Heart Pioneers,76,72,0,2,2066,2529,37.7,40.3
2019-11-16,401170860,Hartford Hawks,Gordon Fighting Scots,86,79,0,2,42,111172,44.1,47.4
2019-11-16,401170930,UMass Lowell River Hawks,Merrimack Warriors,58,60,0,2,2349,2771,47.9,38.3
2019-11-16,401170950,Boston University Terriers,New Hampshire Wildcats,84,70,0,2,104,160,54.4,45.3
2019-11-16,401170969,Texas A&M-Corpus Christi Islanders,Stony Brook Seawolves,63,68,0,2,357,2619,45.3,37.3
2019-11-16,401170970,Stony Brook Seawolves,UT Rio Grande Valley Vaqueros,69,58,1,2,2619,292,48.8,36.2
2019-11-16,401171016,The Citadel Bulldogs,Campbell Fighting Camels,73,87,0,2,2643,2097,45.6,54.8
2019-11-16,401171445,William & Mary Tribe,Hampton Pirates,78,65,0,2,2729,2261,54.5,37.7
2019-11-16,401171489,Longwood Lancers,Randolph Wildcats,78,53,0,2,2344,3153,43.3,33.3
2019-11-16,401171506,UNC Asheville Bulldogs,Brevard Tornados,79,49,0,2,2427,2913,43.1,38.7
2019-11-16,401171522,Morehead State Eagles,Maryland Eastern Shore Hawks,76,53,0,2,2413,2379,51.7,37.0
2019-11-16,401171536,Georgia Southern Eagles,Radford Highlanders,76,73,0,2,290,2515,47.5,42.0
2019-11-16,401171550,Winthrop Eagles,Mid Atlantic Christian Mustangs,103,59,0,2,2737,108806,53.8,33.3
2019-11-16,401171561,Cal Poly Mustangs,Simpson (CA) Red Hawks,89,45,0,2,13,612,53.1,31.4
2019-11-16,401171631,Arkansas State Red Wolves,UC Davis Aggies,80,67,0,2,2032,302,48.3,51.0
2019-11-16,401171653,Boise State Broncos,UC Irvine Anteaters,60,69,0,2,68,300,30.9,49.2
2019-11-16,401171672,UC Santa Barbara Gauchos,Rice Owls,81,82,0,2,2540,242,55.7,52.8
2019-11-16,401171775,Stephen F. Austin Lumberjacks,Drexel Dragons,82,67,0,2,2617,2182,47.5,50.0
2019-11-16,401171801,Lafayette Leopards,Delaware Blue Hens,73,81,0,2,322,48,51.8,56.7
2019-11-16,401172416,Northeastern Huskies,Old Dominion Monarchs,69,76,0,2,111,295,47.1,50.8
2019-11-16,401172573,Akron Zips,North Carolina Central Eagles,57,47,0,2,2006,2428,25.5,28.3
2019-11-16,401172575,Northern Illinois Huskies,Coppin State Eagles,81,69,0,2,2459,2154,39.3,37.1
2019-11-16,401172577,Central Michigan Chippewas,Sam Houston Bearkats,84,77,0,2,2117,2534,37.9,43.8
2019-11-16,401172578,Toledo Rockets,Robert Morris Colonials,70,56,0,2,2649,2523,46.2,33.8
2019-11-16,401172579,Northern Illinois Huskies,Rockford Regents,96,48,0,2,2459,2524,51.5,32.3
2019-11-16,401172740,North Texas Mean Green,Eastern Michigan Eagles,51,56,0,2,249,2199,37.5,40.8
2019-11-16,401172742,Miami (OH) RedHawks,Alabama A&M Bulldogs,79,63,0,2,193,2010,42.6,39.7
2019-11-16,401172975,Lamar Cardinals,Mount St. Mary's Mountaineers,76,61,0,2,2320,116,52.7,42.9
2019-11-16,401173020,New Mexico Lobos,McNeese Cowboys,90,80,0,2,167,2377,47.5,50.9
2019-11-16,401173658,Utah State Aggies,North Carolina A&T Aggies,81,54,0,2,328,2448,55.8,35.0
2019-11-16,401174064,Eastern Kentucky Colonels,Western Kentucky Hilltoppers,71,79,0,2,2198,98,44.3,50.9
2019-11-16,401174710,UNC Greensboro Spartans,Tennessee Tech Golden Eagles,64,30,0,2,2430,2635,43.5,22.4
2019-11-16,401174711,Chattanooga Mocs,South Alabama Jaguars,90,72,0,2,236,6,54.8,43.4
2019-11-16,401174712,Louisiana Ragin' Cajuns,Youngstown State Penguins,73,61,0,2,309,2754,43.8,34.3
2019-11-16,401174713,UNC Greensboro Spartans,Montana State Bobcats,66,67,0,2,2430,147,36.2,52.5
2019-11-16,401175039,Incarnate Word Cardinals,SIU Edwardsville Cougars,55,57,0,2,2916,2565,37.7,36.1
2019-11-16,401175040,Tennessee Tech Golden Eagles,App State Mountaineers,47,69,1,2,2635,2026,38.3,54.5
2019-11-16,401175121,Milwaukee Panthers,Kansas City Roos,61,52,0,2,270,140,43.8,38.5
2019-11-16,401175535,UAB Blazers,Utah Valley Wolverines,55,66,0,2,5,3084,40.7,44.2
2019-11-16,401175567,Furman Paladins,Southern Wesleyan Warriors,83,61,0,2,231,2576,54.2,44.8
2019-11-16,401175673,Bethune-Cookman Wildcats,Trinity College of Jacksonville Eagles,100,42,0,2,2065,3174,54.1,24.6
2019-11-16,401175898,Florida Atlantic Owls,Palm Beach Atlantic Sailfish,84,79,0,2,2226,2489,44.1,48.3
2019-11-16,401175999,UTEP Miners,Eastern New Mexico Greyhounds,71,57,0,2,2638,2201,48.1,34.6
2019-11-16,401176093,Bryant Bulldogs,Vermont State Lyndon Hornets,116,67,0,2,2803,551,51.1,36.8
2019-11-16,401176362,South Dakota Coyotes,Texas Southern Tigers,88,69,0,2,233,2640,57.6,38.8
2019-11-16,401176776,Denver Pioneers,Western Colorado Mountaineers,72,55,0,2,2172,112694,43.5,31.5
2019-11-16,401180734,UMBC Retrievers,Georgian Court Lions,60,48,0,2,2378,111179,34.5,34.6
2019-11-17,401166073,Indiana Hoosiers,Troy Trojans,100,62,0,2,84,2653,53.8,31.7
2019-11-17,401166074,Wisconsin Badgers,Marquette Golden Eagles,77,61,0,2,275,269,42.9,37.3
2019-11-17,401166432,Washington State Cougars,Idaho State Bengals,72,61,0,2,265,304,43.8,43.4
2019-11-17,401168190,Syracuse Orange,Seattle U Redhawks,89,67,0,2,183,2547,59.6,37.1
2019-11-17,401168193,Charlotte 49ers,Wake Forest Demon Deacons,67,65,0,2,2429,154,39.3,37.5
2019-11-17,401168194,Louisville Cardinals,North Carolina Central Eagles,87,58,0,2,97,2428,66.7,33.3
2019-11-17,401168289,Butler Bulldogs,Wofford Terriers,80,61,0,2,2086,2747,55.8,38.6
2019-11-17,401168443,Saint Louis Billikens,Seton Hall Pirates,66,83,0,2,139,2550,35.8,40.0
2019-11-17,401169447,UConn Huskies,Florida Gators,62,59,0,2,41,57,35.6,40.0
2019-11-17,401169617,Oklahoma State Cowboys,Yale Bulldogs,64,57,0,2,197,43,40.0,38.2
2019-11-17,401169835,Mississippi State Bulldogs,LSU New Orleans Privateers,82,59,0,2,344,2443,50.8,37.9
2019-11-17,401170008,SMU Mustangs,Jackson State Tigers,80,63,0,2,2567,2296,51.1,38.5
2019-11-17,401170049,Illinois State Redbirds,UCF Knights,65,67,0,2,2287,2116,45.9,41.4
2019-11-17,401170122,Rutgers Scarlet Knights,St. Bonaventure Bonnies,74,80,1,2,164,179,42.9,49.2
2019-11-17,401170123,Davidson Wildcats,UNC Wilmington Seahawks,87,49,0,2,2166,350,55.0,37.3
2019-11-17,401170124,Dayton Flyers,Charleston Southern Buccaneers,90,61,0,2,2168,2127,60.7,41.0
2019-11-17,401170125,Fordham Rams,Marist Red Foxes,58,41,0,2,2230,2368,38.8,26.9
2019-11-17,401170126,George Mason Patriots,James Madison Dukes,83,70,0,2,2244,256,43.8,33.3
2019-11-17,401170130,Richmond Spiders,Cal State Northridge Matadors,90,62,0,2,257,2463,54.8,36.4
2019-11-17,401170131,VCU Rams,Jacksonville State Gamecocks,93,65,0,2,2670,55,57.6,38.1
2019-11-17,401170361,Purdue Fort Wayne Mastodons,Stetson Hatters,79,55,0,2,2870,56,47.5,40.7
2019-11-17,401170362,North Alabama Lions,Samford Bulldogs,61,55,0,2,2453,2535,42.1,39.2
2019-11-17,401170365,Merrimack Warriors,Jacksonville Dolphins,54,44,1,2,2771,294,38.3,36.2
2019-11-17,401170576,Colorado Buffaloes,San Diego Toreros,71,53,0,2,38,301,41.1,34.5
2019-11-17,401170577,Nevada Wolf Pack,USC Trojans,66,76,0,2,2440,30,32.8,44.6
2019-11-17,401170578,Stanford Cardinal,Santa Clara Broncos,82,64,0,2,24,2541,50.0,38.2
2019-11-17,401170579,Wyoming Cowboys,Oregon State Beavers,63,83,0,2,2751,204,41.7,49.1
2019-11-17,401170580,Arizona Wildcats,New Mexico State Aggies,83,53,0,2,12,166,52.6,32.7
2019-11-17,401170581,Arizona State Sun Devils,Rider Broncs,92,55,0,2,9,2520,42.7,38.3
2019-11-17,401170889,Portland Pilots,Maine Black Bears,71,62,0,2,2501,311,54.9,44.6
2019-11-17,401170931,UMass Lowell River Hawks,Dartmouth Big Green,75,80,0,2,2349,159,47.4,47.4
2019-11-17,401170971,North Dakota State Bison,Stony Brook Seawolves,57,64,1,2,2449,2619,34.4,40.7
2019-11-17,401171632,UC Davis Aggies,VMI Keydets,84,89,1,2,302,2678,43.8,37.0
2019-11-17,401171915,Manhattan Jaspers,UAlbany Great Danes,57,51,0,2,2363,399,36.4,28.3
2019-11-17,401171928,Canisius Golden Griffins,Bucknell Bison,83,81,0,2,2099,2083,59.6,49.1
2019-11-17,401171956,Loyola Maryland Greyhounds,Fairfield Stags,84,75,0,2,2352,2217,56.9,49.1
2019-11-17,401172214,Saint Francis Red Wolves,American University Eagles,79,76,0,2,2598,44,50.0,49.1
2019-11-17,401172484,Clemson Tigers,Detroit Mercy Titans,87,65,0,2,228,2174,47.7,32.2
2019-11-17,401172576,Wright State Raiders,Kent State Golden Flashes,71,72,0,2,2750,2309,41.9,45.5
2019-11-17,401172580,Ball State Cardinals,Indiana State Sycamores,69,55,1,2,2050,282,44.2,40.7
2019-11-17,401172581,Toledo Rockets,Howard Bison,112,68,0,2,2649,47,59.6,39.1
2019-11-17,401172934,Abilene Christian Wildcats,Pepperdine Waves,69,73,0,2,2000,2492,40.0,45.1
2019-11-17,401173216,SE Louisiana Lions,Mobile Rams,65,58,0,2,2545,2920,36.5,41.4
2019-11-17,401173490,Bradley Braves,UIC Flames,65,56,0,2,71,82,37.9,38.9
2019-11-17,401173514,Drake Bulldogs,Simpson (IA) Storm,98,53,0,2,2181,2564,59.1,33.3
2019-11-17,401173632,Southern Illinois Salukis,San Francisco Dons,60,76,0,2,79,2539,45.8,49.2
2019-11-17,401173641,Valparaiso Beacons,North Dakota Fighting Hawks,74,60,0,2,2674,155,44.1,46.2
2019-11-17,401173659,Loyola Marymount Lions,Colorado State Rams,64,74,0,2,2351,36,48.2,42.9
2019-11-17,401174435,Pacific Tigers,UC Riverside Highlanders,58,51,0,2,279,27,43.1,35.2
2019-11-17,401174714,Arkansas State Red Wolves,Idaho Vandals,82,68,0,2,2032,70,52.5,50.0
2019-11-17,401174715,Central Arkansas Bears,Little Rock Trojans,56,76,0,2,2110,2031,25.5,42.6
2019-11-17,401175041,Murray State Racers,Brescia Bearcats,114,48,0,2,93,2855,63.6,27.0
2019-11-17,401175042,Montana State Bobcats,Tennessee Tech Golden Eagles,52,39,1,2,147,2635,40.4,25.9
2019-11-17,401175122,Northern Kentucky Norse,Coppin State Eagles,82,70,0,2,94,2154,47.6,39.4
2019-11-17,401175583,Texas A&M-Corpus Christi Islanders,UT Rio Grande Valley Vaqueros,63,55,0,2,357,292,38.5,37.3
2019-11-17,401175851,Grand Canyon Lopes,Arkansas-Pine Bluff Golden Lions,67,54,0,2,2253,2029,47.1,39.3
2019-11-17,401176397,Texas A&M-Corpus Christi Islanders,North Dakota State Bison,45,57,0,2,357,2449,33.3,39.2
2019-11-17,401181734,Cal State Fullerton Titans,Stanislaus State Warriors,82,62,0,2,2239,2616,50.8,42.4
2019-11-17,401182453,Fresno State Bulldogs,Cal State San Bernardino CS SAN BERNARDINO,92,47,0,2,278,2536,50.0,28.6
2019-11-18,401168385,Georgetown Hoyas,Georgia State Panthers,91,83,0,2,46,2247,40.0,48.3
2019-11-18,401170582,Oregon Ducks,UT Arlington Mavericks,67,47,0,2,2483,250,45.8,23.4
2019-11-18,401171562,Saint Mary's Gaels,Cal Poly Mustangs,79,48,0,2,2608,13,53.8,40.4
2019-11-18,401171733,Michigan State Spartans,Charleston Southern Buccaneers,94,46,0,2,127,2127,56.3,27.9
2019-11-18,401173660,San José State Spartans,Simpson (CA) Red Hawks,85,60,0,2,23,612,55.0,39.7
2019-11-19,401166076,Ohio State Buckeyes,Stetson Hatters,86,51,0,2,194,56,45.5,28.1
2019-11-19,401166077,Illinois Fighting Illini,Hawai'i Rainbow Warriors,66,53,0,2,356,62,42.6,37.5
2019-11-19,401166080,Penn State Nittany Lions,Bucknell Bison,98,70,0,2,213,2083,60.0,42.9
2019-11-19,401166433,Montana Grizzlies,Montana Tech Orediggers,72,74,0,2,149,148,52.1,46.7
2019-11-19,401166434,UCLA Bruins,Southern Utah Thunderbirds,76,61,0,2,26,253,42.9,35.7
2019-11-19,401166435,West Virginia Mountaineers,Northern Colorado Bears,69,61,0,2,277,2458,48.1,37.7
2019-11-19,401168195,Notre Dame Fighting Irish,Presbyterian Blue Hose,63,53,0,2,87,2506,41.2,41.8
2019-11-19,401168196,Pittsburgh Panthers,Monmouth Hawks,63,50,0,2,221,2405,39.6,37.3
2019-11-19,401169618,Oklahoma Sooners,William & Mary Tribe,75,70,0,2,201,2729,41.8,46.7
2019-11-19,401169619,TCU Horned Frogs,Air Force Falcons,65,54,0,2,2628,2005,42.4,42.6
2019-11-19,401169836,Kentucky Wildcats,Utah Valley Wolverines,82,74,0,2,96,3084,43.9,40.6
2019-11-19,401169837,Auburn Tigers,Colgate Raiders,91,62,0,2,2,2142,53.0,40.0
2019-11-19,401169838,Missouri Tigers,Wofford Terriers,75,56,0,2,142,2747,54.9,36.2
2019-11-19,401170009,Evansville Purple Aces,SMU Mustangs,57,59,0,2,339,2567,35.4,37.3
2019-11-19,401170074,Coastal Carolina Chanticleers,Middle Tennessee Blue Raiders,93,72,0,2,324,2393,45.6,39.7
2019-11-19,401170366,North Florida Ospreys,Trinity College of Jacksonville Eagles,115,39,0,2,2454,3174,52.4,30.6
2019-11-19,401170583,California Golden Bears,Prairie View A&M Panthers,54,50,0,2,25,2504,38.6,37.3
2019-11-19,401170584,Colorado Buffaloes,UC Irvine Anteaters,69,53,0,2,38,300,39.3,39.6
2019-11-19,401170861,Oakland Golden Grizzlies,Hartford Hawks,60,50,0,2,2473,42,41.7,32.8
2019-11-19,401171468,Belmont Bruins,High Point Panthers,90,51,0,2,2057,2272,49.3,32.8
2019-11-19,401171490,Northern Illinois Huskies,Longwood Lancers,65,48,0,2,2459,2344,38.9,28.1
2019-11-19,401172048,Niagara Purple Eagles,Bryant Bulldogs,62,73,0,2,315,2803,38.6,37.9
2019-11-19,401172238,Army Black Knights,Fairleigh Dickinson Knights,81,65,0,2,349,161,54.2,38.7
2019-11-19,401172582,Akron Zips,South Carolina Upstate Spartans,76,45,0,2,2006,2908,42.6,26.9
2019-11-19,401172583,Central Michigan Chippewas,Siena Heights Saints,115,58,0,2,2117,2562,57.3,39.7
2019-11-19,401172821,Lehigh Mountain Hawks,Misericordia Cougars,87,68,0,2,2329,111902,46.1,36.7
2019-11-19,401172935,UNLV Rebels,Abilene Christian Wildcats,72,58,0,2,2439,2000,54.0,37.3
2019-11-19,401173021,McNeese Cowboys,Arlington Baptist Patriots,103,51,0,2,2377,3166,60.6,37.0
2019-11-19,401173661,Utah State Aggies,UTSA Roadrunners,82,50,0,2,328,2636,46.6,28.6
2019-11-19,401174038,Eastern Illinois Panthers,IU Northwest INDIANA-NORTHWEST,114,61,0,2,2197,3088,56.0,33.8
2019-11-19,401174716,Texas State Bobcats,Jackson State Tigers,73,58,0,2,326,2296,49.0,36.2
2019-11-19,401174717,Troy Trojans,Carver College Cougars,84,57,0,2,2653,111946,44.3,30.5
2019-11-19,401174718,UNC Greensboro Spartans,App State Mountaineers,55,41,0,2,2430,2026,32.8,29.1
2019-11-19,401174937,South Dakota Coyotes,SIU Edwardsville Cougars,71,56,0,2,233,2565,47.1,37.5
2019-11-19,401175043,Tennessee State Tigers,Fisk Bulldogs,99,65,0,2,2634,2225,52.1,37.0
2019-11-19,401175553,Kansas City Roos,Bacone,111,38,0,2,140,487,57.1,24.6
2019-11-19,401175709,Delaware State Hornets,Long Island University Sharks,84,92,0,2,2169,112358,44.3,51.7
2019-11-19,401175842,South Carolina State Bulldogs,Wilberforce Bulldogs,103,79,0,2,2569,2726,64.9,46.3
2019-11-19,401175848,Morgan State Bears,Regent Royals,88,52,0,2,2415,111926,45.8,30.8
2019-11-19,401176335,Southern Jaguars,Ecclesia Royals,121,55,0,2,2582,3120,54.9,36.0
2019-11-19,401181601,Chicago State Cougars,Purdue Northwest Pride,89,77,0,2,2130,111995,47.8,41.5
2019-11-19,401182093,Western Kentucky Hilltoppers,Campbellsville Tigers,109,66,0,2,98,2098,61.5,34.7
2019-11-20,401166078,Northwestern Wildcats,Radford Highlanders,56,67,0,2,77,2515,33.3,41.8
2019-11-20,401166079,Maryland Terrapins,Fairfield Stags,74,55,0,2,120,2217,44.1,35.3
2019-11-20,401166436,Grand Canyon Lopes,Montana State Bobcats,69,56,0,2,2253,147,37.3,47.8
2019-11-20,401166437,Weber State Wildcats,West Coast Baptist Eagles,130,50,0,2,2692,110418,75.0,30.5
2019-11-20,401168197,Virginia Cavaliers,Vermont Catamounts,61,55,0,2,258,261,46.9,38.5
2019-11-20,401168198,Florida State Seminoles,Chattanooga Mocs,89,53,0,2,52,236,52.3,39.0
2019-11-20,401168426,Providence Friars,Merrimack Warriors,93,56,0,2,2507,2771,54.5,37.7
2019-11-20,401168616,NC State Wolfpack,Alcorn State Braves,87,64,0,2,152,2016,53.7,41.4
2019-11-20,401169620,Iowa State Cyclones,Southern Miss Golden Eagles,73,45,0,2,66,2572,44.2,33.3
2019-11-20,401169621,Kansas Jayhawks,East Tennessee State Buccaneers,75,63,0,2,2305,2193,55.6,38.3
2019-11-20,401169622,Kansas State Wildcats,Arkansas-Pine Bluff Golden Lions,62,51,0,2,2306,2029,38.5,44.0
2019-11-20,401169839,South Carolina Gamecocks,Boston University Terriers,70,78,0,2,2579,104,40.3,42.2
2019-11-20,401169840,LSU Tigers,UMBC Retrievers,77,50,0,2,99,2378,49.2,31.1
2019-11-20,401169841,Ole Miss Rebels,Seattle U Redhawks,65,52,0,2,145,2547,42.9,28.6
2019-11-20,401169842,Alabama Crimson Tide,Furman Paladins,81,73,0,2,333,231,50.9,30.9
2019-11-20,401169843,Arkansas Razorbacks,Texas Southern Tigers,82,51,0,2,8,2640,43.7,34.5
2019-11-20,401170058,Wichita State Shockers,Gardner-Webb Runnin' Bulldogs,74,52,0,2,2724,2241,47.4,35.6
2019-11-20,401170132,Rhode Island Rams,Nicholls Colonels,70,65,0,2,227,2447,42.1,41.8
2019-11-20,401170133,Davidson Wildcats,Nevada Wolf Pack,91,71,0,2,2166,2440,55.0,56.0
2019-11-20,401170134,Dayton Flyers,Omaha Mavericks,93,68,0,2,2168,2437,57.8,45.8
2019-11-20,401170135,George Mason Patriots,Loyola Maryland Greyhounds,65,61,0,2,2244,2352,27.6,46.3
2019-11-20,401170368,Liberty Flames,Navy Midshipmen,55,48,0,2,2335,2426,34.7,31.8
2019-11-20,401170369,South Dakota State Jackrabbits,North Alabama Lions,78,73,0,2,2571,2453,48.9,45.0
2019-11-20,401170585,Stanford Cardinal,Maryland Eastern Shore Hawks,76,55,0,2,24,2379,54.0,38.5
2019-11-20,401170586,USC Trojans,Pepperdine Waves,91,84,0,2,30,2492,47.5,46.9
2019-11-20,401170587,Washington Huskies,Maine Black Bears,72,53,0,2,264,311,46.7,41.2
2019-11-20,401170828,Rice Owls,Houston Cougars,89,97,0,2,242,248,45.9,49.3
2019-11-20,401170951,Central Connecticut Blue Devils,New Hampshire Wildcats,63,77,0,2,2115,160,34.5,43.5
2019-11-20,401171689,Marshall Thundering Herd,Charleston Cougars,66,76,0,2,276,232,37.7,48.4
2019-11-20,401171802,Saint Francis Red Wolves,Delaware Blue Hens,64,79,0,2,2598,48,39.0,55.4
2019-11-20,401171916,UAlbany Great Danes,SUNY Potsdam SUNY-POTSDAM,78,52,0,2,399,182,45.9,26.8
2019-11-20,401171998,Samford Bulldogs,Manhattan Jaspers,70,57,0,2,2535,2363,44.7,36.7
2019-11-20,401172260,Sacred Heart Pioneers,Brown Bears,84,63,0,2,2529,225,50.0,37.9
2019-11-20,401172314,Dartmouth Big Green,Thomas College Terriers,108,59,0,2,159,2645,63.1,31.2
2019-11-20,401172329,Lafayette Leopards,Pennsylvania Quakers,86,75,0,2,322,219,54.2,45.9
2019-11-20,401172386,UNC Wilmington Seahawks,North Carolina Wesleyan Battling Bishops,113,53,0,2,350,286,67.2,35.5
2019-11-20,401172417,Holy Cross Crusaders,Northeastern Huskies,44,101,0,2,107,111,29.8,60.0
2019-11-20,401172459,Cleveland State Vikings,Florida International Panthers,61,107,0,2,325,2229,26.6,53.4
2019-11-20,401172485,Wyoming Cowboys,Detroit Mercy Titans,76,49,0,2,2751,2174,47.3,28.4
2019-11-20,401172584,Western Michigan Broncos,Alma Scots,102,56,0,2,2711,2800,52.3,31.9
2019-11-20,401172585,Kent State Golden Flashes,Purdue Fort Wayne Mastodons,75,68,0,2,2309,2870,42.2,43.3
2019-11-20,401172743,Miami (OH) RedHawks,Central State Marauders,80,45,0,2,193,2119,42.0,25.8
2019-11-20,401173061,Northwestern State Demons,Louisiana Christian Wildcats,67,60,0,2,2466,2347,46.6,34.0
2019-11-20,401173491,Bradley Braves,Norfolk State Spartans,69,57,0,2,71,2450,42.1,40.4
2019-11-20,401173620,Northern Iowa Panthers,UT Martin Skyhawks,87,67,0,2,2460,2630,59.3,41.5
2019-11-20,401173633,Murray State Racers,Southern Illinois Salukis,79,66,0,2,93,79,44.9,38.6
2019-11-20,401173662,UTEP Miners,New Mexico Lobos,66,63,0,2,2638,167,42.9,38.8
2019-11-20,401174065,Eastern Kentucky Colonels,Alice Lloyd Eagles,99,63,0,2,2198,484,44.3,28.4
2019-11-20,401174719,Georgia Southern Eagles,Mercer Bears,98,88,0,2,290,2382,57.8,52.5
2019-11-20,401174720,Gonzaga Bulldogs,UT Arlington Mavericks,72,66,0,2,2250,250,39.1,39.6
2019-11-20,401174721,South Alabama Jaguars,Spring Hill Badgers,98,72,0,2,6,2590,50.7,45.2
2019-11-20,401174938,Oral Roberts Golden Eagles,Rogers State Hillcats,73,60,0,2,198,3122,40.0,40.0
2019-11-20,401175044,Southeast Missouri State Redhawks,The Citadel Bulldogs,69,74,0,2,2546,2643,43.5,44.1
2019-11-20,401175123,Milwaukee Panthers,North Dakota Fighting Hawks,79,70,0,2,270,155,43.8,43.4
2019-11-20,401175124,Youngstown State Penguins,North Carolina Central Eagles,66,60,0,2,2754,2428,38.7,40.8
2019-11-20,401175212,Pacific Tigers,Coppin State Eagles,64,60,0,2,279,2154,37.9,35.7
2019-11-20,401175213,Santa Clara Broncos,Notre Dame de Namur Argonauts,101,54,0,2,2541,2468,45.1,31.7
2019-11-20,401175214,San Francisco Dons,Cal State Bakersfield Roadrunners,100,70,0,2,2539,2934,57.4,46.7
2019-11-20,401175804,North Texas Mean Green,North Carolina A&T Aggies,80,60,0,2,249,2448,54.2,41.2
2019-11-20,401175859,Louisiana Tech Bulldogs,Mississippi Valley State Delta Devils,76,43,0,2,2348,2400,41.8,23.9
2019-11-21,401166081,Rutgers Scarlet Knights,Stephen F. Austin Lumberjacks,69,57,0,2,164,2617,48.9,39.2
2019-11-21,401166082,Indiana Hoosiers,Princeton Tigers,79,54,0,2,84,163,56.4,37.3
2019-11-21,401166083,Illinois Fighting Illini,The Citadel Bulldogs,85,57,0,2,356,2643,48.5,28.4
2019-11-21,401166438,Boston College Eagles,Eastern Washington Eagles,72,68,0,2,103,331,40.4,37.7
2019-11-21,401166439,Northern Arizona Lumberjacks,Benedictine Mesa Redhawks,93,56,0,2,2464,110031,55.1,38.6
2019-11-21,401166440,UC Davis Aggies,Sacramento State Hornets,51,61,1,2,302,16,37.5,44.0
2019-11-21,401166441,Portland State Vikings,Portland Pilots,75,82,0,2,2502,2501,40.9,52.8
2019-11-21,401168199,Georgia Bulldogs,Georgia Tech Yellow Jackets,82,78,0,2,61,59,41.5,46.8
2019-11-21,401168200,Louisville Cardinals,South Carolina Upstate Spartans,76,50,0,2,97,2908,50.9,32.7
2019-11-21,401168201,North Carolina Tar Heels,Elon Phoenix,75,61,0,2,153,2210,42.6,31.7
2019-11-21,401168202,Syracuse Orange,Cornell Big Red,72,53,0,2,183,172,47.2,35.0
2019-11-21,401168203,Virginia Tech Hokies,Delaware State Hornets,100,64,0,2,259,2169,56.5,41.9
2019-11-21,401168204,Miami Hurricanes,Missouri State Bears,74,70,1,2,2390,2623,43.9,43.1
2019-11-21,401168459,St. John's Red Storm,Columbia Lions,82,63,0,2,2599,171,43.1,37.7
2019-11-21,401169448,Tulane Green Wave,Mississippi State Bulldogs,66,80,1,2,2655,344,39.0,60.5
2019-11-21,401169623,Baylor Bears,Ohio Bobcats,76,53,1,2,239,195,42.4,35.8
2019-11-21,401169780,Middle Tennessee Blue Raiders,Villanova Wildcats,69,98,1,2,2393,222,43.3,56.7
2019-11-21,401169844,Missouri Tigers,Morehead State Eagles,70,52,0,2,142,2413,40.4,38.0
2019-11-21,401169845,Tennessee Volunteers,Alabama State Hornets,76,41,0,2,2633,2011,45.8,28.0
2019-11-21,401169846,Texas A&M Aggies,Troy Trojans,56,52,0,2,245,2653,32.1,31.8
2019-11-21,401169847,Vanderbilt Commodores,Austin Peay Governors,90,72,0,2,238,2046,55.2,40.4
2019-11-21,401169848,Saint Joseph's Hawks,Florida Gators,62,70,1,2,2603,57,34.8,43.6
2019-11-21,401170003,Memphis Tigers,Little Rock Trojans,68,58,0,2,235,2031,38.7,42.9
2019-11-21,401170042,Tulsa Golden Hurricane,SE Louisiana Lions,73,66,0,2,202,2545,45.5,40.3
2019-11-21,401170136,Massachusetts Minutemen,Rider Broncs,82,72,0,2,113,2520,53.7,39.1
2019-11-21,401170137,Saint Louis Billikens,High Point Panthers,67,55,0,2,139,2272,50.0,41.2
2019-11-21,401170138,Indiana State Sycamores,Duquesne Dukes,71,74,1,2,282,2184,47.2,39.2
2019-11-21,401170370,NJIT Highlanders,Binghamton Bearcats,75,77,0,2,2885,2066,44.1,45.3
2019-11-21,401170371,Florida Gulf Coast Eagles,Florida Atlantic Owls,72,70,0,2,526,2226,46.9,44.2
2019-11-21,401170372,Lipscomb Bisons,Belmont Bruins,67,73,0,2,288,2057,37.7,39.1
2019-11-21,401170588,Oregon State Beavers,UC Santa Barbara Gauchos,78,67,0,2,204,2540,56.6,36.9
2019-11-21,401170862,Hartford Hawks,Emerson Lions,78,63,0,2,42,108842,43.1,42.1
2019-11-21,401171507,UNC Asheville Bulldogs,St. Andrews Knights,105,69,0,2,2427,2592,47.0,42.1
2019-11-21,401171776,Drexel Dragons,Bryant Bulldogs,86,74,0,2,2182,2803,49.2,45.5
2019-11-21,401172082,Yale Bulldogs,Siena Saints,100,89,0,2,43,2561,51.5,32.9
2019-11-21,401172089,Saint Peter's Peacocks,Wagner Seahawks,77,81,0,2,2612,2681,39.3,33.3
2019-11-21,401172375,Old Dominion Monarchs,James Madison Dukes,78,80,0,2,295,256,41.0,48.0
2019-11-21,401172586,Western Illinois Leathernecks,Northern Illinois Huskies,81,86,0,2,2710,2459,46.8,50.0
2019-11-21,401172587,Ball State Cardinals,Northern Kentucky Norse,57,59,0,2,2050,94,40.7,37.3
2019-11-21,401172588,Kent State Golden Flashes,Concord Mountain Lions,89,59,0,2,2309,2148,45.2,38.3
2019-11-21,401172936,Abilene Christian Wildcats,Champion Christian Tigers,90,58,0,2,2000,3134,49.3,35.6
2019-11-21,401173595,Loyola Chicago Ramblers,IU Indianapolis Jaguars,85,62,0,2,2350,85,61.4,41.1
2019-11-21,401173621,Northern Iowa Panthers,Cornell (IA) Rams,88,66,0,2,2460,2155,50.7,39.4
2019-11-21,401173663,San Diego Toreros,San Diego State Aztecs,49,66,0,2,301,21,35.4,47.5
2019-11-21,401173664,UNLV Rebels,Texas State Bobcats,57,64,0,2,2439,326,34.7,41.5
2019-11-21,401173665,San José State Spartans,Grambling Tigers,83,76,0,2,23,2755,46.4,44.6
2019-11-21,401173666,Colorado State Rams,Arkansas State Red Wolves,78,80,0,2,36,2032,49.1,50.0
2019-11-21,401173667,Fresno State Bulldogs,Saint Mary's Gaels,58,68,1,2,278,2608,42.3,51.0
2019-11-21,401173668,Boise State Broncos,BYU Cougars,72,68,0,2,68,252,41.0,37.8
2019-11-21,401173669,Air Force Falcons,Loyola Marymount Lions,64,78,1,2,2005,2351,41.3,62.5
2019-11-21,401175125,Wright State Raiders,Urbana Blue Knights,88,51,0,2,2750,2666,55.9,35.7
2019-11-21,401176040,UAB Blazers,Mount St. Mary's Mountaineers,58,51,0,2,5,116,34.4,40.7
2019-11-21,401176081,VMI Keydets,Christendom Crusaders,96,20,0,2,2678,111180,69.8,23.7
2019-11-21,401176181,Alcorn State Braves,Our Lady of the Lake Saints,92,56,0,2,2016,3158,43.1,30.0
2019-11-21,401176398,Sam Houston Bearkats,LeTourneau Yellow Jackets,88,58,0,2,2534,2326,47.9,36.7
2019-11-21,401181602,Chicago State Cougars,North Park Vikings,79,66,0,2,2130,75,40.6,41.7
2019-11-22,401166084,Iowa Hawkeyes,North Florida Ospreys,83,68,0,2,2294,2454,44.4,39.3
2019-11-22,401166085,Wisconsin Badgers,Green Bay Phoenix,88,70,0,2,275,2739,51.6,47.5
2019-11-22,401166086,Minnesota Golden Gophers,Central Michigan Chippewas,82,57,0,2,135,2117,50.8,33.3
2019-11-22,401168205,California Golden Bears,Duke Blue Devils,52,87,1,2,25,150,36.5,41.5
2019-11-22,401168206,Notre Dame Fighting Irish,Toledo Rockets,64,62,0,2,87,2649,31.5,34.8
2019-11-22,401168207,Pittsburgh Panthers,Arkansas-Pine Bluff Golden Lions,66,41,0,2,221,2029,42.6,32.6
2019-11-22,401168386,Texas Longhorns,Georgetown Hoyas,66,82,1,2,251,46,37.7,50.9
2019-11-22,401169624,TCU Horned Frogs,UC Irvine Anteaters,59,58,0,2,2628,300,35.0,40.4
2019-11-22,401169625,Oklahoma Sooners,Maryland Eastern Shore Hawks,91,64,0,2,201,2379,55.2,41.4
2019-11-22,401169626,Texas Tech Red Raiders,Tennessee State Tigers,72,57,0,2,2641,2634,34.0,35.3
2019-11-22,401169791,Towson Tigers,Xavier Musketeers,51,73,1,2,119,2752,30.5,47.4
2019-11-22,401169975,Cincinnati Bearcats,Illinois State Redbirds,66,65,1,2,2132,2287,44.9,43.5
2019-11-22,401169980,UConn Huskies,Buffalo Bulls,79,68,1,2,41,2084,48.4,36.1
2019-11-22,401170018,South Florida Bulls,Wofford Terriers,69,55,0,2,58,2747,55.3,47.8
2019-11-22,401170073,Coastal Carolina Chanticleers,Utah Utes,79,57,0,2,324,254,45.3,33.3
2019-11-22,401170078,Morgan State Bears,Liberty Flames,48,89,1,2,2415,2335,28.6,54.5
2019-11-22,401170079,Rice Owls,Milwaukee Panthers,75,69,1,2,242,270,50.0,36.2
2019-11-22,401170080,Kansas City Roos,George Washington Revolutionaries,74,68,1,2,140,45,42.4,44.9
2019-11-22,401170081,Grand Canyon Lopes,Valparaiso Beacons,74,78,1,2,2253,2674,51.7,39.0
2019-11-22,401170082,Nevada Wolf Pack,Fordham Rams,74,60,1,2,2440,2230,44.6,35.4
2019-11-22,401170139,Air Force Falcons,Duquesne Dukes,63,69,1,2,2005,2184,40.7,51.9
2019-11-22,401170141,North Texas Mean Green,Rhode Island Rams,47,60,1,2,249,227,32.7,39.7
2019-11-22,401170373,Jacksonville Dolphins,Western Carolina Catamounts,94,96,0,2,294,2717,43.9,45.7
2019-11-22,401170376,Iona Gaels,Stetson Hatters,60,55,1,2,314,56,39.6,40.8
2019-11-22,401170589,Arizona Wildcats,South Dakota State Jackrabbits,71,64,0,2,12,2571,43.4,46.8
2019-11-22,401170590,Stanford Cardinal,William & Mary Tribe,81,50,0,2,24,2729,55.3,36.0
2019-11-22,401170591,UCLA Bruins,Hofstra Pride,78,88,0,2,26,2275,47.5,49.1
2019-11-22,401170592,Washington State Cougars,Omaha Mavericks,77,85,0,2,265,2437,34.8,49.2
2019-11-22,401171446,Hampton Pirates,Regent Royals,93,50,0,2,2261,111926,50.7,27.1
2019-11-22,401171523,Presbyterian Blue Hose,Sacred Heart Pioneers,57,83,1,2,2506,2529,34.8,50.8
2019-11-22,401171551,Winthrop Eagles,Tennessee Tech Golden Eagles,58,61,0,2,2737,2635,38.6,44.6
2019-11-22,401172387,UNC Wilmington Seahawks,Cleveland State Vikings,46,47,1,2,350,325,27.3,37.0
2019-11-22,401172589,Akron Zips,Youngstown State Penguins,82,60,0,2,2006,2754,48.4,32.4
2019-11-22,401172590,UMBC Retrievers,Eastern Michigan Eagles,45,62,1,2,2378,2199,40.5,43.5
2019-11-22,401172822,Colgate Raiders,SUNY Cortland Red Dragons,89,50,0,2,2142,2782,53.0,31.4
2019-11-22,401172823,Drake Bulldogs,Lehigh Mountain Hawks,74,58,0,2,2181,2329,54.7,39.3
2019-11-22,401172976,Utah Valley Wolverines,Lamar Cardinals,68,74,0,2,3084,2320,37.9,40.0
2019-11-22,401173041,North Carolina A&T Aggies,Nicholls Colonels,66,54,1,2,2448,2447,50.0,29.5
2019-11-22,401173576,Loyola Marymount Lions,Indiana State Sycamores,60,72,1,2,2351,282,44.7,52.4
2019-11-22,401173670,New Mexico State Aggies,New Mexico Lobos,77,78,0,2,166,167,43.8,53.8
2019-11-22,401173671,Wyoming Cowboys,Louisiana Ragin' Cajuns,69,61,0,2,2751,309,45.3,38.6
2019-11-22,401173924,Clemson Tigers,Alabama A&M Bulldogs,87,51,0,2,228,2010,53.1,33.9
2019-11-22,401174039,Eastern Illinois Panthers,St. Francis (IL) Fighting Saints,87,47,1,2,2197,2595,57.6,25.0
2019-11-22,401174066,Eastern Kentucky Colonels,Florida International Panthers,70,89,1,2,2198,2229,32.8,56.7
2019-11-22,401174436,UC Riverside Highlanders,Redlands Bulldogs,76,44,0,2,27,29,56.9,27.3
2019-11-22,401174461,UIC Flames,Robert Morris Colonials,72,62,0,2,82,2523,50.9,36.1
2019-11-22,401174722,App State Mountaineers,Charlotte 49ers,64,55,0,2,2026,2429,38.9,36.7
2019-11-22,401175674,Incarnate Word Cardinals,Bethune-Cookman Wildcats,58,83,0,2,2916,2065,35.1,53.6
2019-11-22,401175754,Marshall Thundering Herd,Howard Bison,91,63,0,2,276,47,58.2,32.7
2019-11-22,401175833,North Carolina Central Eagles,Bluefield State Big Blue,68,44,0,2,2428,2073,36.8,30.6
2019-11-22,401176430,St. Francis Brooklyn Terriers,Medgar Evers Cougars,122,58,0,2,2597,2380,54.5,38.3
2019-11-22,401182569,Florida Gators,Miami Hurricanes,78,58,1,2,57,2390,53.6,41.8
2019-11-22,401182570,Saint Joseph's Hawks,Missouri State Bears,69,71,1,2,2603,2623,43.1,38.3
2019-11-22,401182608,Tulane Green Wave,Middle Tennessee Blue Raiders,86,74,1,2,2655,2393,48.0,51.7
2019-11-22,401182609,Mississippi State Bulldogs,Villanova Wildcats,76,83,1,2,344,222,41.8,58.5
2019-11-22,401182610,Coastal Carolina Chanticleers,Baylor Bears,65,77,1,2,324,239,51.1,48.1
2019-11-22,401183477,California Golden Bears,Texas Longhorns,45,62,1,2,25,251,35.6,41.9
2019-11-23,401166087,Maryland Terrapins,George Mason Patriots,86,63,0,2,120,2244,40.3,35.7
2019-11-23,401166088,Northwestern Wildcats,Norfolk State Spartans,70,59,0,2,77,2450,33.9,41.2
2019-11-23,401166089,Nebraska Cornhuskers,Southern Jaguars,93,86,0,2,158,2582,57.4,41.0
2019-11-23,401166090,Michigan Wolverines,Houston Christian Huskies,111,68,0,2,130,2277,55.8,36.6
2019-11-23,401166091,Ohio State Buckeyes,Purdue Fort Wayne Mastodons,85,46,0,2,194,2870,53.4,31.5
2019-11-23,401166093,Penn State Nittany Lions,Yale Bulldogs,58,56,0,2,213,43,33.3,43.1
2019-11-23,401166442,Santa Clara Broncos,Idaho State Bengals,78,65,0,2,2541,304,59.6,37.3
2019-11-23,401166443,Washington Huskies,Montana Grizzlies,73,56,0,2,264,149,45.2,33.3
2019-11-23,401166444,High Point Panthers,Eastern Washington Eagles,74,90,0,2,2272,331,32.8,46.6
2019-11-23,401166446,Charleston Southern Buccaneers,Southern Utah Thunderbirds,45,80,1,2,2127,253,27.6,50.8
2019-11-23,401168208,Davidson Wildcats,Wake Forest Demon Deacons,70,82,1,2,2166,154,42.6,48.4
2019-11-23,401168209,Boston College Eagles,DePaul Blue Demons,67,72,0,2,103,305,35.7,41.3
2019-11-23,401168210,Florida State Seminoles,Saint Francis Red Wolves,80,65,0,2,52,2598,46.7,37.0
2019-11-23,401168211,Syracuse Orange,Bucknell Bison,97,46,0,2,183,2083,56.1,26.3
2019-11-23,401168212,Virginia Cavaliers,Massachusetts Minutemen,58,46,1,2,258,113,42.3,30.0
2019-11-23,401168290,Butler Bulldogs,Morehead State Eagles,68,50,0,2,2086,2413,45.6,34.0
2019-11-23,401168316,Creighton Bluejays,Cal Poly Mustangs,86,70,0,2,156,13,51.8,51.9
2019-11-23,401168406,Marquette Golden Eagles,Robert Morris Colonials,66,62,0,2,269,2523,42.6,37.1
2019-11-23,401168427,Providence Friars,Pennsylvania Quakers,75,81,0,2,2507,219,41.4,52.6
2019-11-23,401168444,Seton Hall Pirates,Florida A&M Rattlers,87,51,0,2,2550,50,44.4,29.3
2019-11-23,401168460,St. John's Red Storm,Arizona State Sun Devils,67,80,1,2,2599,9,37.9,45.9
2019-11-23,401168617,NC State Wolfpack,Little Rock Trojans,74,58,0,2,152,2031,48.2,37.3
2019-11-23,401169449,Oregon Ducks,Houston Cougars,78,66,0,2,2483,248,54.2,41.5
2019-11-23,401169450,USC Trojans,Temple Owls,61,70,0,2,30,218,38.6,38.8
2019-11-23,401169627,West Virginia Mountaineers,Boston University Terriers,69,44,0,2,277,104,44.3,32.7
2019-11-23,401169628,Oklahoma State Cowboys,Western Michigan Broncos,70,63,0,2,197,2711,37.5,40.4
2019-11-23,401169849,LSU Tigers,Utah State Aggies,78,80,1,2,99,328,47.5,43.9
2019-11-23,401169850,Kentucky Wildcats,Mount St. Mary's Mountaineers,82,62,0,2,96,116,54.5,36.1
2019-11-23,401169851,Arkansas Razorbacks,South Dakota Coyotes,77,56,0,2,8,233,47.0,40.0
2019-11-23,401169852,South Carolina Gamecocks,Gardner-Webb Runnin' Bulldogs,74,69,0,2,2579,2241,43.5,38.9
2019-11-23,401169853,Vanderbilt Commodores,South Carolina State Bulldogs,97,60,0,2,238,2569,60.3,41.3
2019-11-23,401169854,Memphis Tigers,Ole Miss Rebels,87,86,0,2,235,145,51.7,39.4
2019-11-23,401169989,Evansville Purple Aces,East Carolina Pirates,68,85,1,2,339,151,38.0,53.6
2019-11-23,401170050,UCF Knights,Charleston Cougars,72,71,0,2,2116,232,42.6,48.3
2019-11-23,401170059,Wichita State Shockers,Oral Roberts Golden Eagles,68,59,0,2,2724,198,48.3,32.3
2019-11-23,401170083,Western Kentucky Hilltoppers,Bowling Green Falcons,75,77,1,2,98,189,48.1,43.5
2019-11-23,401170140,Richmond Spiders,McNeese Cowboys,87,57,0,2,257,2377,56.4,38.2
2019-11-23,401170142,Canisius Golden Griffins,St. Bonaventure Bonnies,61,57,0,2,2099,179,39.2,38.3
2019-11-23,401170143,Saint Louis Billikens,Belmont Bruins,60,55,0,2,139,2057,36.4,30.6
2019-11-23,401170375,Louisiana Tech Bulldogs,North Alabama Lions,82,61,0,2,2348,2453,49.3,46.8
2019-11-23,401170377,Navy Midshipmen,Lipscomb Bisons,61,65,0,2,2426,288,35.7,49.1
2019-11-23,401170379,Brown Bears,NJIT Highlanders,79,63,0,2,225,2885,51.9,38.9
2019-11-23,401170593,Oregon State Beavers,Grambling Tigers,80,58,0,2,204,2755,46.4,37.3
2019-11-23,401170836,Binghamton Bearcats,Army Black Knights,88,73,0,2,2066,349,53.2,47.3
2019-11-23,401170952,James Madison Dukes,New Hampshire Wildcats,78,71,0,2,256,160,39.3,36.3
2019-11-23,401170972,Wagner Seahawks,Stony Brook Seawolves,84,87,0,2,2681,2619,42.6,50.0
2019-11-23,401171524,Quinnipiac Bobcats,Presbyterian Blue Hose,73,64,0,2,2514,2506,39.2,42.6
2019-11-23,401171537,Bradley Braves,Radford Highlanders,70,61,0,2,71,2515,49.0,42.0
2019-11-23,401171611,Long Beach State Beach,Fresno Pacific Sunbirds,93,62,0,2,299,2235,55.4,35.5
2019-11-23,401171633,Portland Pilots,UC Davis Aggies,72,62,0,2,2501,302,49.1,39.3
2019-11-23,401171673,UC Santa Barbara Gauchos,Menlo Oaks,88,69,0,2,2540,2381,55.4,51.9
2019-11-23,401171830,Elon Phoenix,Manhattan Jaspers,64,69,0,2,2210,2363,39.6,40.0
2019-11-23,401171917,Quinnipiac Bobcats,UAlbany Great Danes,86,69,0,2,2514,399,52.6,42.6
2019-11-23,401171918,UAlbany Great Danes,Sacred Heart Pioneers,72,65,1,2,399,2529,47.5,35.6
2019-11-23,401171979,Kennesaw State Owls,Iona Gaels,52,75,1,2,338,314,33.9,43.4
2019-11-23,401172034,Monmouth Hawks,Kennesaw State Owls,71,40,1,2,2405,338,42.6,23.4
2019-11-23,401172073,Columbia Lions,Rider Broncs,63,87,1,2,171,2520,35.7,51.6
2019-11-23,401172388,Florida International Panthers,UNC Wilmington Seahawks,63,66,1,2,2229,350,35.5,37.9
2019-11-23,401172460,Cleveland State Vikings,Eastern Kentucky Colonels,65,51,1,2,325,2198,39.6,25.5
2019-11-23,401172591,Central Michigan Chippewas,Trinity Christian Trolls,106,60,0,2,2117,2652,53.2,36.9
2019-11-23,401172592,SIU Edwardsville Cougars,Northern Illinois Huskies,64,68,0,2,2565,2459,48.1,38.9
2019-11-23,401172593,Toledo Rockets,Northwestern Ohio Racers,100,41,0,2,2649,3250,49.3,26.8
2019-11-23,401172594,Ball State Cardinals,Howard Bison,100,69,0,2,2050,47,59.0,44.8
2019-11-23,401172824,Holy Cross Crusaders,Harvard Crimson,74,82,0,2,107,108,48.4,45.9
2019-11-23,401173672,San Diego State Aztecs,Long Island University Sharks,81,64,0,2,21,112358,47.8,43.5
2019-11-23,401173844,South Carolina Upstate Spartans,Youngstown State Penguins,61,66,0,2,2908,2754,36.4,36.0
2019-11-23,401174040,Eastern Illinois Panthers,Bethune-Cookman Wildcats,63,66,1,2,2197,2065,41.4,50.0
2019-11-23,401174437,UC Riverside Highlanders,Denver Pioneers,73,49,0,2,27,2172,48.2,33.3
2019-11-23,401174462,UIC Flames,Mercer Bears,68,72,0,2,82,2382,41.8,40.0
2019-11-23,401174723,Prairie View A&M Panthers,Georgia State Panthers,74,83,1,2,2504,2247,37.7,46.8
2019-11-23,401174724,Samford Bulldogs,Troy Trojans,72,60,0,2,2535,2653,53.2,32.3
2019-11-23,401174939,North Dakota State Bison,Utah Valley Wolverines,62,68,0,2,2449,3084,39.7,49.1
2019-11-23,401175045,Southeast Missouri State Redhawks,Missouri S&T Miners,72,71,0,2,2546,2402,47.3,39.7
2019-11-23,401175156,California Baptist Lancers,Central Arkansas Bears,104,98,0,2,2856,2110,43.5,52.4
2019-11-23,401175475,East Tennessee State Buccaneers,Delaware State Hornets,98,66,0,2,2193,2169,51.7,36.1
2019-11-23,401175568,Furman Paladins,Columbia International Rams,90,45,0,2,231,3242,64.4,33.9
2019-11-23,401176008,UTSA Roadrunners,Wiley Wildcats,90,68,0,2,2636,2728,47.8,40.3
2019-11-23,401176399,Incarnate Word Cardinals,St. Francis (IL) Fighting Saints,68,44,0,2,2916,2595,50.0,29.3
2019-11-23,401176400,Texas A&M-Corpus Christi Islanders,St. Thomas (TX) Celts,69,59,0,2,357,3170,48.1,37.7
2019-11-23,401176431,Merrimack Warriors,Lesley Lynx,110,16,0,2,2771,477,52.6,10.0
2019-11-23,401182571,Buffalo Bulls,Towson Tigers,76,73,1,2,2084,119,36.1,42.4
2019-11-23,401182611,Utah Utes,Ohio Bobcats,80,66,1,2,254,195,48.9,42.9
2019-11-23,401183478,Georgetown Hoyas,Duke Blue Devils,73,81,1,2,46,150,50.9,41.5
2019-11-23,401185696,UConn Huskies,Xavier Musketeers,74,75,1,2,41,2752,30.0,37.9
2019-11-23,401185759,Morgan State Bears,Milwaukee Panthers,57,62,1,2,2415,270,34.0,36.7
2019-11-23,401185760,Liberty Flames,Rice Owls,71,59,1,2,2335,242,47.3,35.1
2019-11-23,401185763,Fordham Rams,Grand Canyon Lopes,70,58,1,2,2230,2253,42.6,44.9
2019-11-23,401185793,Jackson State Tigers,Southern New Orleans Knights,72,53,0,2,2296,2573,50.9,46.8
2019-11-23,401185834,Evansville Purple Aces,George Washington Revolutionaries,70,78,1,2,339,45,40.0,51.0
2019-11-23,401185836,Western Kentucky Hilltoppers,Illinois State Redbirds,83,69,1,2,98,2287,54.0,45.8
2019-11-24,401166092,Purdue Boilermakers,Jacksonville State Gamecocks,81,49,0,2,2509,55,55.4,27.1
2019-11-24,401166094,Illinois Fighting Illini,Hampton Pirates,120,71,0,2,356,2261,64.3,43.8
2019-11-24,401166095,Iowa Hawkeyes,Cal Poly Mustangs,85,59,0,2,2294,13,52.6,36.9
2019-11-24,401166445,Pepperdine Waves,Sacramento State Hornets,72,77,0,2,2492,16,39.7,42.9
2019-11-24,401166447,San José State Spartans,Portland State Vikings,76,91,0,2,23,2502,39.7,44.3
2019-11-24,401168213,Louisville Cardinals,Akron Zips,82,76,0,2,97,2006,41.9,40.3
2019-11-24,401168317,Creighton Bluejays,North Florida Ospreys,76,67,0,2,156,2454,46.8,32.8
2019-11-24,401169629,Texas Tech Red Raiders,Long Island University Sharks,96,66,0,2,2641,112358,51.5,42.0
2019-11-24,401169855,Rhode Island Rams,LSU Tigers,83,96,1,2,227,99,49.3,54.3
2019-11-24,401169856,Kentucky Wildcats,Lamar Cardinals,81,56,0,2,96,2320,50.9,32.8
2019-11-24,401170010,UNLV Rebels,SMU Mustangs,68,72,0,2,2439,2567,35.8,50.0
2019-11-24,401170144,VCU Rams,Florida Gulf Coast Eagles,78,48,0,2,2670,526,36.8,38.0
2019-11-24,401170145,Duquesne Dukes,Loyola Marymount Lions,71,50,1,2,2184,2351,45.6,41.7
2019-11-24,401170380,Stetson Hatters,Monmouth Hawks,63,55,1,2,56,2405,48.8,38.9
2019-11-24,401170381,Stetson Hatters,Western Carolina Catamounts,64,70,0,2,56,2717,43.4,40.7
2019-11-24,401170863,Hartford Hawks,Merrimack Warriors,58,62,0,2,42,2771,43.2,45.3
2019-11-24,401170890,Maine Black Bears,Maine Maritime Mariners,90,50,1,2,311,274,52.9,38.2
2019-11-24,401170987,Central Connecticut Blue Devils,Vermont Catamounts,49,81,1,2,2115,261,25.0,54.4
2019-11-24,401171525,UAlbany Great Danes,Presbyterian Blue Hose,65,60,1,2,399,2506,40.0,39.3
2019-11-24,401171654,Detroit Mercy Titans,UC Irvine Anteaters,86,74,1,2,2174,300,41.8,39.1
2019-11-24,401172016,Marist Red Foxes,The Citadel Bulldogs,75,79,0,2,2368,2643,45.3,44.1
2019-11-24,401172063,Quinnipiac Bobcats,Sacred Heart Pioneers,80,97,0,2,2514,2529,42.2,60.0
2019-11-24,401172296,Coppin State Eagles,Cornell Big Red,68,66,0,2,2154,172,41.9,29.1
2019-11-24,401172595,Eastern Michigan Eagles,North Carolina A&T Aggies,58,54,1,2,2199,2448,41.0,43.8
2019-11-24,401172825,Saint Mary's Gaels,Lehigh Mountain Hawks,77,66,0,2,2608,2329,41.1,49.0
2019-11-24,401172826,Lafayette Leopards,Fairleigh Dickinson Knights,80,75,0,2,322,161,50.9,51.9
2019-11-24,401172827,Colgate Raiders,Cal State Northridge Matadors,64,56,1,2,2142,2463,33.8,43.9
2019-11-24,401173217,Austin Peay Governors,SE Louisiana Lions,81,60,0,2,2046,2545,49.2,33.3
2019-11-24,401173577,Indiana State Sycamores,Air Force Falcons,84,74,1,2,282,2005,56.5,44.6
2019-11-24,401173673,Pacific Tigers,Boise State Broncos,76,82,0,2,279,68,42.4,39.1
2019-11-24,401173674,Utah State Aggies,North Texas Mean Green,68,59,1,2,328,249,40.4,38.1
2019-11-24,401174041,Incarnate Word Cardinals,Eastern Illinois Panthers,63,72,0,2,2916,2197,46.2,39.7
2019-11-24,401174725,UT Arlington Mavericks,Arkansas Tech Wonder Boys,85,68,0,2,250,2033,50.7,37.9
2019-11-24,401174940,Purdue Fort Wayne Mastodons,Ohio Northern Polar Bears,81,47,0,2,2870,427,50.8,30.4
2019-11-24,401175126,Northern Kentucky Norse,Texas Southern Tigers,96,98,0,2,94,2640,41.0,46.7
2019-11-24,401175215,Gonzaga Bulldogs,Cal State Bakersfield Roadrunners,77,49,0,2,2250,2934,44.9,40.0
2019-11-24,401175216,San Francisco Dons,Sam Houston Bearkats,90,81,0,2,2539,2534,46.8,48.3
2019-11-24,401175434,Idaho Vandals,Walla Walla Wolves,100,50,0,2,70,3152,55.1,29.4
2019-11-24,401175675,Bethune-Cookman Wildcats,St. Francis (IL) Fighting Saints,74,70,1,2,2065,2595,49.1,36.1
2019-11-24,401175792,UNC Greensboro Spartans,VMI Keydets,74,63,0,2,2430,2678,46.3,42.3
2019-11-24,401175989,Southern Miss Golden Eagles,William Carey Crusaders,83,64,0,2,2572,2730,49.2,41.1
2019-11-24,401176293,South Dakota State Jackrabbits,Mississippi Valley State Delta Devils,84,54,0,2,2571,2400,56.9,32.8
2019-11-24,401177969,Western Illinois Leathernecks,Central Christian (KS) Tigers,113,62,0,2,2710,112698,54.8,37.9
2019-11-24,401182593,UConn Huskies,Miami Hurricanes,80,55,1,2,41,2390,53.3,46.3
2019-11-24,401182594,Buffalo Bulls,Missouri State Bears,75,74,1,2,2084,2623,41.5,47.6
2019-11-24,401182595,Towson Tigers,Saint Joseph's Hawks,76,64,1,2,119,2603,45.2,36.8
2019-11-24,401182612,Utah Utes,Tulane Green Wave,61,65,1,2,254,2655,47.9,45.6
2019-11-24,401183487,Virginia Cavaliers,Arizona State Sun Devils,48,45,1,2,258,9,36.7,40.5
2019-11-24,401183488,St. John's Red Storm,Massachusetts Minutemen,78,63,1,2,2599,113,44.4,32.8
2019-11-24,401183490,Central Connecticut Blue Devils,Columbia Lions,52,82,1,2,2115,171,35.1,54.2
2019-11-24,401185764,Nevada Wolf Pack,Valparaiso Beacons,84,59,1,2,2440,2674,51.6,37.9
2019-11-24,401185769,Coastal Carolina Chanticleers,Mississippi State Bulldogs,56,81,0,2,324,344,35.2,52.7
2019-11-24,401185770,Baylor Bears,Villanova Wildcats,87,78,1,2,239,222,52.5,51.9
2019-11-24,401185835,East Carolina Pirates,Kansas City Roos,68,74,1,2,151,140,29.6,47.5
2019-11-24,401185838,California Baptist Lancers,Georgia State Panthers,60,69,0,2,2856,2247,36.4,40.0
2019-11-24,401185839,Central Arkansas Bears,Prairie View A&M Panthers,72,78,1,2,2110,2504,38.5,36.8
2019-11-24,401185898,Morgan State Bears,Evansville Purple Aces,112,115,1,2,2415,339,47.5,56.5
2019-11-24,401185899,Milwaukee Panthers,George Washington Revolutionaries,63,66,1,2,270,45,42.4,42.0
2019-11-24,401185933,Charleston Southern Buccaneers,Delaware State Hornets,71,61,1,2,2127,2169,37.3,37.1
2019-11-24,401185934,East Tennessee State Buccaneers,Southern Utah Thunderbirds,70,58,1,2,2193,253,44.7,39.7
2019-11-24,401185979,Rice Owls,East Carolina Pirates,77,69,1,2,242,151,42.9,36.1
2019-11-25,401166097,Ohio State Buckeyes,Kent State Golden Flashes,71,52,0,2,194,2309,43.8,36.8
2019-11-25,401166450,Wright State Raiders,Weber State Wildcats,72,57,1,2,2750,2692,48.3,36.7
2019-11-25,401168214,Clemson Tigers,TCU Horned Frogs,62,60,1,2,228,2628,35.8,37.9
2019-11-25,401168217,Kansas State Wildcats,Pittsburgh Panthers,59,63,1,2,2306,221,39.7,46.8
2019-11-25,401168218,Michigan State Spartans,Virginia Tech Hokies,66,71,1,2,127,259,40.7,44.2
2019-11-25,401169859,Dayton Flyers,Georgia Bulldogs,80,61,1,2,2168,61,49.1,49.0
2019-11-25,401170019,South Florida Bulls,Loyola Chicago Ramblers,66,55,1,2,58,2350,50.0,51.4
2019-11-25,401170084,New Mexico State Aggies,Colorado State Rams,78,70,1,2,166,36,45.9,49.0
2019-11-25,401170085,Old Dominion Monarchs,George Mason Patriots,53,60,1,2,295,2244,35.8,42.2
2019-11-25,401170594,Arizona Wildcats,Long Beach State Beach,104,67,0,2,12,299,57.8,40.7
2019-11-25,401170595,Washington Huskies,San Diego Toreros,88,69,0,2,264,301,57.9,44.8
2019-11-25,401170596,Colorado Buffaloes,Wyoming Cowboys,56,41,1,2,38,2751,37.5,31.9
2019-11-25,401171586,Cal State Fullerton Titans,Hofstra Pride,57,79,0,2,2239,2275,35.0,50.8
2019-11-25,401171735,Minnesota Golden Gophers,North Dakota Fighting Hawks,79,56,0,2,135,155,50.8,41.4
2019-11-25,401171777,Drexel Dragons,Rosemont Ravens,84,51,0,2,2182,465,49.3,36.8
2019-11-25,401172418,Northeastern Huskies,South Alabama Jaguars,62,74,1,2,111,6,43.6,56.5
2019-11-25,401172486,Louisiana Ragin' Cajuns,Detroit Mercy Titans,81,62,1,2,309,2174,46.3,34.7
2019-11-25,401172596,Yale Bulldogs,Western Michigan Broncos,73,51,1,2,43,2711,45.3,29.6
2019-11-25,401172597,Drake Bulldogs,Miami (OH) RedHawks,59,67,1,2,2181,193,35.2,45.1
2019-11-25,401172828,IU Indianapolis Jaguars,Loyola Maryland Greyhounds,77,81,1,2,85,2352,48.3,51.9
2019-11-25,401172829,Bucknell Bison,Seattle U Redhawks,77,70,1,2,2083,2547,44.8,38.7
2019-11-25,401173042,Nicholls Colonels,UMBC Retrievers,82,72,1,2,2447,2378,52.0,40.0
2019-11-25,401174428,Hawai'i Rainbow Warriors,LSU New Orleans Privateers,79,71,0,2,62,2443,54.8,40.9
2019-11-25,401182596,Xavier Musketeers,Florida Gators,65,70,1,2,2752,57,44.4,54.2
2019-11-25,401182615,Ohio Bobcats,Middle Tennessee Blue Raiders,75,63,1,2,195,2393,42.1,37.3
2019-11-25,401183489,Vermont Catamounts,Rider Broncs,67,72,1,2,261,2520,35.8,47.2
2019-11-25,401185837,Bowling Green Falcons,Cincinnati Bearcats,91,84,1,2,189,2132,41.7,37.3
2019-11-25,401185921,Illinois State Redbirds,Grand Canyon Lopes,63,68,1,2,2287,2253,42.6,40.0
2019-11-25,401185922,Western Kentucky Hilltoppers,Fordham Rams,69,64,1,2,98,2230,43.1,45.8
2019-11-25,401185980,Liberty Flames,Kansas City Roos,62,49,1,2,2335,140,42.6,41.7
2019-11-25,401186100,Cincinnati Bearcats,Valparaiso Beacons,81,77,1,2,2132,2674,55.4,42.4
2019-11-25,401186561,Saint Mary's Gaels,Sonoma State Cossacks,107,56,0,2,2608,2574,71.2,39.7
2019-11-26,401166096,Indiana Hoosiers,Louisiana Tech Bulldogs,88,75,0,2,84,2348,48.2,49.1
2019-11-26,401166449,Montana Grizzlies,Texas Southern Tigers,74,62,0,2,149,2640,51.9,37.5
2019-11-26,401166453,Portland State Vikings,Grambling Tigers,84,74,1,2,2502,2755,44.8,51.7
2019-11-26,401166454,Boston University Terriers,Northern Colorado Bears,55,78,1,2,104,2458,38.6,53.6
2019-11-26,401168215,Florida State Seminoles,Chicago State Cougars,113,56,0,2,52,2130,65.5,36.5
2019-11-26,401168216,Georgia Tech Yellow Jackets,Arkansas Razorbacks,61,62,0,2,59,8,41.5,37.3
2019-11-26,401168291,Missouri Tigers,Butler Bulldogs,52,63,1,2,142,2086,47.8,47.9
2019-11-26,401169451,South Carolina Gamecocks,Wichita State Shockers,47,70,1,2,2579,2724,32.1,41.1
2019-11-26,401169630,Chaminade Silverswords,Kansas Jayhawks,63,93,0,2,2124,2305,46.0,55.1
2019-11-26,401169631,Oklahoma Sooners,Stanford Cardinal,54,73,1,2,201,24,37.7,38.5
2019-11-26,401169857,New Mexico Lobos,Auburn Tigers,59,84,1,2,167,2,40.3,42.1
2019-11-26,401169858,Tennessee Volunteers,Chattanooga Mocs,58,46,0,2,2633,236,37.3,33.9
2019-11-26,401169860,Vanderbilt Commodores,SE Louisiana Lions,78,70,0,2,238,2545,41.4,40.0
2019-11-26,401170086,Nebraska Cornhuskers,Washington State Cougars,82,71,1,2,158,265,52.6,37.0
2019-11-26,401170146,Murray State Racers,La Salle Explorers,64,75,1,2,93,2325,43.3,51.1
2019-11-26,401170147,Richmond Spiders,Wisconsin Badgers,62,52,1,2,257,275,46.4,34.0
2019-11-26,401170148,VCU Rams,Alabama State Hornets,78,62,0,2,2670,2011,47.2,38.2
2019-11-26,401170382,Tennessee Tech Golden Eagles,Lipscomb Bisons,65,78,0,2,2635,288,35.7,50.0
2019-11-26,401170383,Campbell Fighting Camels,Jacksonville Dolphins,62,57,0,2,2097,294,46.3,46.9
2019-11-26,401170597,UCLA Bruins,BYU Cougars,63,78,1,2,26,252,45.5,62.0
2019-11-26,401170932,UMass Lowell River Hawks,Brown Bears,75,63,0,2,2349,225,44.1,39.1
2019-11-26,401171426,Gardner-Webb Runnin' Bulldogs,UT Martin Skyhawks,81,64,1,2,2241,2630,55.8,35.6
2019-11-26,401171447,San Francisco Dons,Hampton Pirates,89,73,0,2,2539,2261,46.4,45.2
2019-11-26,401171552,Winthrop Eagles,Pfeiffer Falcons,127,83,0,2,2737,2945,56.7,29.6
2019-11-26,401171655,UC Irvine Anteaters,Louisiana Ragin' Cajuns,92,67,1,2,300,309,61.4,31.3
2019-11-26,401171736,Bradley Braves,Northwestern Wildcats,51,78,1,2,71,77,33.3,52.6
2019-11-26,401172511,Green Bay Phoenix,Cal State Northridge Matadors,85,84,0,2,2739,2463,51.7,54.2
2019-11-26,401172598,Northern Illinois Huskies,Oakland Golden Grizzlies,74,50,0,2,2459,2473,50.0,30.0
2019-11-26,401172599,Ball State Cardinals,Western Illinois Leathernecks,62,69,0,2,2050,2710,34.4,38.7
2019-11-26,401172937,Texas State Bobcats,Abilene Christian Wildcats,61,56,0,2,326,2000,48.0,33.9
2019-11-26,401173675,San Diego State Aztecs,Tennessee State Tigers,62,49,0,2,21,2634,35.7,35.4
2019-11-26,401173880,Austin Peay Governors,South Carolina State Bulldogs,92,66,0,2,2046,2569,53.6,42.1
2019-11-26,401174726,Alabama A&M Bulldogs,Troy Trojans,80,66,0,2,2010,2653,44.4,36.5
2019-11-26,401174941,Oral Roberts Golden Eagles,Southwestern Christian U Eagles,99,45,0,2,198,3238,46.5,28.8
2019-11-26,401175127,Northern Kentucky Norse,Midway Eagles,86,56,0,2,94,111166,52.5,43.1
2019-11-26,401175584,UT Rio Grande Valley Vaqueros,Texas A&M International Dustdevils,79,52,0,2,292,3082,49.1,42.2
2019-11-26,401175768,Maryland Eastern Shore Hawks,Wofford Terriers,42,67,0,2,2379,2747,30.8,42.9
2019-11-26,401175783,Norfolk State Spartans,Caldwell Cougars,54,64,0,2,2450,2857,33.3,37.8
2019-11-26,401176336,Omaha Mavericks,Southern Jaguars,78,51,0,2,2437,2582,46.0,31.7
2019-11-26,401176337,IU Indianapolis Jaguars,Southern Jaguars,77,83,1,2,85,2582,48.2,56.7
2019-11-26,401181604,Arkansas-Pine Bluff Golden Lions,Champion Christian Tigers,75,67,0,2,2029,3134,48.3,44.2
2019-11-26,401182557,Seattle U Redhawks,Western Michigan Broncos,59,55,1,2,2547,2711,36.8,37.5
2019-11-26,401182558,Bucknell Bison,Yale Bulldogs,61,81,1,2,2083,43,35.6,58.5
2019-11-26,401182624,Michigan State Spartans,Georgia Bulldogs,93,85,1,2,127,61,50.8,41.5
2019-11-26,401182625,Chaminade Silverswords,UCLA Bruins,48,74,1,2,2124,26,23.3,54.7
2019-11-26,401183492,New Mexico Lobos,Wisconsin Badgers,59,50,1,2,167,275,44.0,34.0
2019-11-26,401186099,Bowling Green Falcons,Nevada Wolf Pack,62,77,1,2,189,2440,35.3,40.3
2019-11-26,401186181,Loyola Chicago Ramblers,Colorado State Rams,60,61,1,2,2350,36,51.0,47.9
2019-11-26,401186182,South Florida Bulls,New Mexico State Aggies,45,65,1,2,58,166,34.0,48.0
2019-11-26,401186183,Northeastern Huskies,Drake Bulldogs,56,59,1,2,111,2181,46.2,32.2
2019-11-26,401186184,South Alabama Jaguars,Miami (OH) RedHawks,82,71,1,2,6,193,59.6,45.6
2019-11-26,401186193,Washington State Cougars,Old Dominion Monarchs,66,50,1,2,265,295,38.3,33.3
2019-11-26,401186195,Weber State Wildcats,Murray State Racers,68,69,1,2,2692,93,43.6,60.9
2019-11-27,401166098,Rutgers Scarlet Knights,NJIT Highlanders,85,58,0,2,164,2885,58.3,35.7
2019-11-27,401166451,Eastern Washington Eagles,Belmont Bruins,87,82,0,2,331,2057,50.8,53.1
2019-11-27,401166452,Montana State Bobcats,Colorado Christian Cougars,82,46,0,2,147,2862,50.8,30.5
2019-11-27,401166455,Idaho Vandals,North Dakota State Bison,53,70,0,2,70,2449,35.8,40.7
2019-11-27,401168219,Duke Blue Devils,Stephen F. Austin Lumberjacks,83,85,0,2,150,2617,50.0,48.6
2019-11-27,401168220,Notre Dame Fighting Irish,Fairleigh Dickinson Knights,91,66,0,2,87,161,50.8,37.5
2019-11-27,401168221,Boston College Eagles,Saint Louis Billikens,54,64,0,2,103,139,35.2,35.9
2019-11-27,401168222,North Carolina Tar Heels,Alabama Crimson Tide,76,67,1,2,153,333,40.8,38.2
2019-11-27,401168224,Virginia Cavaliers,Maine Black Bears,46,26,0,2,258,311,38.6,18.6
2019-11-27,401168344,DePaul Blue Demons,Central Michigan Chippewas,88,75,0,2,305,2117,48.6,38.2
2019-11-27,401169632,West Virginia Mountaineers,Northern Iowa Panthers,60,55,1,2,277,2460,37.0,40.0
2019-11-27,401169633,Michigan Wolverines,Iowa State Cyclones,83,76,1,2,130,66,57.7,43.5
2019-11-27,401169861,Penn State Nittany Lions,Ole Miss Rebels,72,74,1,2,213,145,44.8,41.9
2019-11-27,401169998,Houston Cougars,Houston Christian Huskies,112,73,0,2,248,2277,52.2,35.4
2019-11-27,401170043,Tulsa Golden Hurricane,South Carolina State Bulldogs,78,47,0,2,202,2569,50.9,33.3
2019-11-27,401170149,St. Bonaventure Bonnies,Mercer Bears,56,51,0,2,179,2382,34.6,38.5
2019-11-27,401170384,Florida Gulf Coast Eagles,Florida Tech Panthers,73,59,0,2,526,53,39.7,40.7
2019-11-27,401170385,Stetson Hatters,Florida College FLORIDA COLLEGE,72,60,0,2,56,3244,41.5,36.1
2019-11-27,401170386,North Alabama Lions,Mississippi Valley State Delta Devils,73,50,0,2,2453,2400,41.2,31.8
2019-11-27,401170598,California Golden Bears,UC Davis Aggies,72,66,0,2,25,302,58.7,37.7
2019-11-27,401170599,Princeton Tigers,Arizona State Sun Devils,65,67,0,2,163,9,47.4,45.3
2019-11-27,401170953,New Hampshire Wildcats,Bryant Bulldogs,87,76,0,2,160,2803,46.4,38.5
2019-11-27,401171469,High Point Panthers,Greensboro Pride,90,73,0,2,2272,2256,44.3,42.9
2019-11-27,401171491,UC Riverside Highlanders,Longwood Lancers,71,58,0,2,27,2344,41.4,37.1
2019-11-27,401171538,Monmouth Hawks,Radford Highlanders,80,63,0,2,2405,2515,49.0,34.8
2019-11-27,401171831,Elon Phoenix,Furman Paladins,61,97,0,2,2210,231,35.3,52.9
2019-11-27,401171929,UIC Flames,Canisius Golden Griffins,64,94,0,2,82,2099,37.3,55.7
2019-11-27,401171999,Rhode Island Rams,Manhattan Jaspers,73,64,0,2,227,2363,44.0,39.7
2019-11-27,401172215,American University Eagles,Howard Bison,86,69,0,2,44,47,53.8,46.6
2019-11-27,401172297,Navy Midshipmen,Cornell Big Red,72,61,0,2,2426,172,49.1,42.3
2019-11-27,401172376,James Madison Dukes,Coppin State Eagles,78,94,0,2,256,2154,36.4,45.7
2019-11-27,401172389,UNC Wilmington Seahawks,Emory & Henry Wasps,122,66,0,2,350,2213,70.1,40.7
2019-11-27,401172432,William & Mary Tribe,Morehead State Eagles,95,84,0,2,2729,2413,60.0,51.5
2019-11-27,401172512,Green Bay Phoenix,Colgate Raiders,81,99,0,2,2739,2142,43.8,58.7
2019-11-27,401172977,UAB Blazers,Lamar Cardinals,57,48,0,2,5,2320,31.7,29.0
2019-11-27,401173043,Nicholls Colonels,Blue Mountain Christian Toppers,102,56,0,2,2447,494,47.9,37.0
2019-11-27,401173062,UL Monroe Warhawks,Northwestern State Demons,77,69,0,2,2433,2466,41.0,39.7
2019-11-27,401173634,Southern Illinois Salukis,North Carolina Central Eagles,64,48,0,2,79,2428,54.8,35.3
2019-11-27,401173676,UNLV Rebels,Jackson State Tigers,80,57,0,2,2439,2296,57.1,35.2
2019-11-27,401174727,East Tennessee State Buccaneers,App State Mountaineers,78,69,0,2,2193,2026,45.6,40.7
2019-11-27,401174728,Little Rock Trojans,St. Francis Brooklyn Terriers,67,56,0,2,2031,2597,34.6,35.2
2019-11-27,401174729,Furman Paladins,UT Arlington Mavericks,58,57,1,2,231,250,39.2,43.4
2019-11-27,401174730,Georgia State Panthers,Charlotte 49ers,81,78,0,2,2247,2429,50.0,49.1
2019-11-27,401174942,Santa Clara Broncos,Denver Pioneers,81,64,0,2,2541,2172,50.8,45.8
2019-11-27,401175046,Pacific Tigers,SIU Edwardsville Cougars,78,50,0,2,279,2565,56.4,37.7
2019-11-27,401175435,The Citadel Bulldogs,Brevard Tornados,90,47,0,2,2643,2913,49.3,24.6
2019-11-27,401175536,Mount St. Mary's Mountaineers,Utah Valley Wolverines,64,61,0,2,116,3084,35.9,34.9
2019-11-27,401175710,Delaware State Hornets,Saint Elizabeth Eagles,90,53,0,2,2169,66786,44.6,44.2
2019-11-27,401175930,Cal State Bakersfield Roadrunners,Sam Houston Bearkats,65,74,0,2,2934,2534,44.4,45.3
2019-11-27,401176058,Florida International Panthers,Keiser Seahawks,96,82,0,2,2229,111912,54.0,38.6
2019-11-27,401176082,VMI Keydets,Goucher Gophers,98,32,0,2,2678,2251,52.2,20.8
2019-11-27,401176088,Western Carolina Catamounts,Bryan Lions,78,54,0,2,2717,2081,45.3,36.2
2019-11-27,401181713,Binghamton Bearcats,SUNY Oneonta Red Dragons,90,69,0,2,2066,355,55.0,40.3
2019-11-27,401181743,North Dakota Fighting Hawks,North Central Rams,115,50,0,2,155,121894,64.1,32.1
2019-11-27,401181762,Illinois Fighting Illini,Lindenwood Lions,117,65,0,2,356,2815,61.9,39.1
2019-11-27,401182626,Virginia Tech Hokies,Dayton Flyers,62,89,1,2,259,2168,43.1,63.6
2019-11-27,401182627,BYU Cougars,Kansas Jayhawks,56,71,1,2,252,2305,40.7,47.5
2019-11-27,401182628,UCLA Bruins,Michigan State Spartans,62,75,1,2,26,127,39.3,46.0
2019-11-27,401182629,Kansas Jayhawks,Dayton Flyers,90,84,1,2,2305,2168,55.9,43.5
2019-11-27,401183475,Missouri Tigers,Oklahoma Sooners,66,77,1,2,142,201,44.0,47.4
2019-11-27,401183476,Butler Bulldogs,Stanford Cardinal,68,67,1,2,2086,24,48.3,53.1
2019-11-27,401183491,Richmond Spiders,Auburn Tigers,65,79,1,2,257,2,43.1,43.3
2019-11-27,401186101,Wyoming Cowboys,TCU Horned Frogs,47,64,1,2,2751,2628,33.3,42.4
2019-11-27,401186102,Clemson Tigers,Colorado Buffaloes,67,71,1,2,228,38,40.8,39.2
2019-11-27,401186194,Nebraska Cornhuskers,George Mason Patriots,66,85,1,2,158,2244,39.3,49.2
2019-11-27,401186196,Wright State Raiders,La Salle Explorers,70,72,1,2,2750,2325,40.0,45.0
2019-11-27,401186213,Omaha Mavericks,Loyola Maryland Greyhounds,70,65,0,2,2437,2352,47.3,46.2
2019-11-27,401186214,Kansas State Wildcats,Bradley Braves,60,73,1,2,2306,71,40.0,50.0
2019-11-27,401186433,Boston University Terriers,UT Martin Skyhawks,73,76,1,2,104,2630,46.4,49.2
2019-11-27,401186434,Northern Colorado Bears,Gardner-Webb Runnin' Bulldogs,62,67,1,2,2458,2241,32.8,48.3
2019-11-27,401186435,Washington State Cougars,Colorado State Rams,69,79,1,2,265,36,39.7,54.9
2019-11-27,401186436,Old Dominion Monarchs,Loyola Chicago Ramblers,61,68,1,2,295,2350,47.2,47.5
2019-11-27,401186437,Northeastern Huskies,Weber State Wildcats,79,69,1,2,111,2692,55.3,51.0
2019-11-27,401186438,Drake Bulldogs,Murray State Racers,63,53,1,2,2181,93,44.2,32.1
2019-11-27,401186454,Nebraska Cornhuskers,South Florida Bulls,74,67,1,2,158,58,55.1,38.6
2019-11-27,401186455,Miami (OH) RedHawks,Wright State Raiders,66,71,1,2,193,2750,35.8,42.1
2019-11-27,401186473,Northern Iowa Panthers,South Carolina Gamecocks,78,72,1,2,2460,2579,49.0,50.0
2019-11-28,401166456,Idaho State Bengals,West Coast Baptist Eagles,102,43,0,2,304,110418,72.1,30.4
2019-11-28,401166457,UC Santa Barbara Gauchos,Portland State Vikings,81,70,0,2,2540,2502,52.5,41.7
2019-11-28,401168223,Syracuse Orange,Oklahoma State Cowboys,72,86,1,2,183,197,33.9,49.1
2019-11-28,401168225,Charleston Cougars,Wake Forest Demon Deacons,56,65,1,2,232,154,38.2,35.8
2019-11-28,401168407,Marquette Golden Eagles,Davidson Wildcats,73,63,1,2,269,2166,38.5,45.3
2019-11-28,401168428,Long Beach State Beach,Providence Friars,66,65,1,2,299,2507,47.2,41.7
2019-11-28,401168445,Seton Hall Pirates,Oregon Ducks,69,71,1,2,2550,2483,40.7,47.2
2019-11-28,401168618,Memphis Tigers,NC State Wolfpack,83,78,1,2,235,152,51.9,44.1
2019-11-28,401169453,Temple Owls,Maryland Terrapins,69,76,1,2,218,120,34.4,42.9
2019-11-28,401169862,Harvard Crimson,Texas A&M Aggies,62,51,1,2,108,245,32.1,31.4
2019-11-28,401170011,SMU Mustangs,Hartford Hawks,90,58,0,2,2567,42,50.7,37.0
2019-11-28,401170516,North Florida Ospreys,Long Island University Sharks,95,92,1,2,2454,112358,46.5,51.6
2019-11-28,401170517,Cal Poly Mustangs,Tennessee State Tigers,72,82,1,2,13,2634,46.2,48.2
2019-11-28,401170518,Gonzaga Bulldogs,Southern Miss Golden Eagles,94,69,1,2,2250,2572,57.6,43.5
2019-11-28,401170600,Oregon State Beavers,San José State Spartans,83,48,1,2,204,23,55.0,30.0
2019-11-28,401170602,Fairfield Stags,USC Trojans,47,54,1,2,2217,30,27.0,41.7
2019-11-28,401170973,Delaware Blue Hens,Stony Brook Seawolves,75,61,0,2,48,2619,44.8,28.8
2019-11-28,401170988,Vermont Catamounts,Gallaudet Bison,93,44,0,2,261,417,54.2,28.8
2019-11-28,401171587,Southeast Missouri State Redhawks,Cal State Fullerton Titans,57,64,1,2,2546,2239,32.2,42.3
2019-11-28,401171832,Elon Phoenix,UT Arlington Mavericks,67,77,0,2,2210,250,40.4,51.9
2019-11-28,401171869,San Diego Toreros,Hofstra Pride,79,69,0,2,301,2275,47.8,36.1
2019-11-28,401172035,Monmouth Hawks,Norfolk State Spartans,75,71,0,2,2405,2450,48.3,44.3
2019-11-28,401172049,Purdue Fort Wayne Mastodons,Niagara Purple Eagles,77,54,0,2,2870,315,51.6,39.3
2019-11-28,401173642,Valparaiso Beacons,Trinity Christian Trolls,98,71,0,2,2674,2652,54.3,45.5
2019-11-28,401174731,Little Rock Trojans,Alcorn State Braves,67,50,0,2,2031,2016,39.6,31.0
2019-11-28,401174943,California Baptist Lancers,South Dakota Coyotes,83,84,0,2,2856,233,44.1,53.2
2019-11-28,401175128,Youngstown State Penguins,Westminster (PA) Titans,93,67,0,2,2754,2849,52.2,40.7
2019-11-28,401176000,UTEP Miners,East Central Tigers,91,71,0,2,2638,2191,52.3,41.8
2019-11-28,401176063,South Dakota State Jackrabbits,Samford Bulldogs,86,77,0,2,2571,2535,48.3,49.2
2019-11-28,401176432,Robert Morris Colonials,Geneva Golden Tornadoes,102,62,0,2,2523,2242,48.8,50.9
2019-11-28,401182630,Chaminade Silverswords,Georgia Bulldogs,77,80,0,2,2124,61,50.8,46.3
2019-11-28,401182631,BYU Cougars,Virginia Tech Hokies,90,77,1,2,252,259,54.2,53.4
2019-11-28,401183480,Iowa State Cyclones,Alabama Crimson Tide,104,89,1,2,66,333,52.2,41.9
2019-11-28,401183481,Gonzaga Bulldogs,Oregon Ducks,73,72,1,2,2250,2483,38.7,33.8
2019-11-28,401183482,Michigan Wolverines,North Carolina Tar Heels,73,64,1,2,130,153,50.0,42.6
2019-11-28,401186215,Pittsburgh Panthers,Northwestern Wildcats,72,59,1,2,221,77,44.6,36.5
2019-11-28,401186453,George Mason Patriots,New Mexico State Aggies,68,64,1,2,2244,166,49.0,39.7
2019-11-28,401186456,South Alabama Jaguars,La Salle Explorers,76,81,1,2,6,2325,42.9,48.1
2019-11-28,401186474,West Virginia Mountaineers,Wichita State Shockers,75,63,1,2,277,2724,41.0,30.6
2019-11-29,401166099,Rutgers Scarlet Knights,Massachusetts Minutemen,82,57,0,2,164,113,53.4,36.1
2019-11-29,401166101,Minnesota Golden Gophers,DePaul Blue Demons,68,73,0,2,135,305,34.4,41.9
2019-11-29,401166459,Southern Utah Thunderbirds,West Coast Baptist Eagles,126,40,0,2,253,110418,70.3,22.6
2019-11-29,401168228,Western Kentucky Hilltoppers,Louisville Cardinals,54,71,1,2,98,97,37.0,44.2
2019-11-29,401168318,Creighton Bluejays,San Diego State Aztecs,52,83,1,2,156,21,38.5,55.8
2019-11-29,401169452,Pennsylvania Quakers,UCF Knights,68,67,1,2,219,2116,51.1,32.4
2019-11-29,401169635,Texas Tech Red Raiders,Iowa Hawkeyes,61,72,1,2,2641,2294,32.8,41.1
2019-11-29,401170387,Liberty Flames,Kentucky Christian Knights,88,42,0,2,2335,3077,52.5,28.1
2019-11-29,401170513,Campbell Fighting Camels,Georgia Southern Eagles,74,84,1,2,2097,290,50.0,41.0
2019-11-29,401170601,Arizona Wildcats,Pepperdine Waves,93,91,1,2,12,2492,60.7,50.8
2019-11-29,401173556,Illinois State Redbirds,Illinois Springfield Prairie Stars,76,57,0,2,2287,542,45.3,33.3
2019-11-29,401174162,Chicago State Cougars,Jacksonville State Gamecocks,62,71,1,2,2130,55,47.9,49.0
2019-11-29,401174438,UC Riverside Highlanders,SIU Edwardsville Cougars,69,51,0,2,27,2565,51.0,39.2
2019-11-29,401175047,Santa Clara Broncos,Southeast Missouri State Redhawks,87,75,0,2,2541,2546,55.4,46.0
2019-11-29,401175191,Chattanooga Mocs,Alabama State Hornets,74,56,1,2,236,2011,47.5,38.5
2019-11-29,401176401,LSU New Orleans Privateers,Eureka Red Devils,125,60,0,2,2443,101,57.8,31.7
2019-11-29,401182561,Harvard Crimson,Maryland Terrapins,73,80,1,2,108,120,44.3,40.0
2019-11-29,401182562,Texas A&M Aggies,Temple Owls,42,65,1,2,245,218,22.4,44.0
2019-11-29,401182563,Marquette Golden Eagles,USC Trojans,101,79,1,2,269,30,48.5,40.0
2019-11-29,401182600,Wake Forest Demon Deacons,Long Beach State Beach,88,75,1,2,154,299,43.5,48.1
2019-11-29,401182601,Charleston Cougars,Providence Friars,63,55,1,2,232,2507,50.0,33.9
2019-11-29,401183479,Southern Miss Golden Eagles,Seton Hall Pirates,56,81,1,2,2572,2550,39.3,50.9
2019-11-29,401183484,Michigan Wolverines,Gonzaga Bulldogs,82,64,1,2,130,2250,54.0,40.0
2019-11-29,401183485,North Carolina Tar Heels,Oregon Ducks,78,74,1,2,153,2483,41.9,35.7
2019-11-29,401186875,Cal Poly Mustangs,Long Island University Sharks,69,82,1,2,13,112358,37.1,54.2
2019-11-29,401186876,Tennessee State Tigers,North Florida Ospreys,81,73,1,2,2634,2454,53.6,39.7
2019-11-30,401166100,Ohio State Buckeyes,Morgan State Bears,90,57,0,2,194,2415,47.6,37.5
2019-11-30,401166102,Indiana Hoosiers,South Dakota State Jackrabbits,64,50,0,2,84,2571,41.4,33.9
2019-11-30,401166458,Montana Grizzlies,Coppin State Eagles,69,62,0,2,149,2154,44.6,39.0
2019-11-30,401166461,Northern Arizona Lumberjacks,South Dakota Coyotes,76,72,0,2,2464,233,42.9,50.0
2019-11-30,401168226,Duke Blue Devils,Winthrop Eagles,83,70,0,2,150,2737,52.6,43.9
2019-11-30,401168227,Tennessee Volunteers,Florida State Seminoles,57,60,1,2,2633,52,33.3,35.2
2019-11-30,401168229,Richmond Spiders,Boston College Eagles,64,44,0,2,257,103,43.1,29.1
2019-11-30,401168387,Georgetown Hoyas,UNC Greensboro Spartans,61,65,0,2,46,2430,36.8,38.1
2019-11-30,401168461,St. John's Red Storm,Wagner Seahawks,86,63,0,2,2599,2681,49.3,33.9
2019-11-30,401169637,Texas Longhorns,McNeese Cowboys,73,71,0,2,251,2377,46.2,52.0
2019-11-30,401169792,Xavier Musketeers,Lipscomb Bisons,87,62,0,2,2752,288,48.6,39.7
2019-11-30,401169863,Kentucky Wildcats,UAB Blazers,69,58,0,2,96,5,47.3,41.4
2019-11-30,401169864,Florida Gators,Marshall Thundering Herd,73,67,0,2,57,276,44.8,40.3
2019-11-30,401169865,LSU Tigers,Missouri State Bears,73,58,0,2,99,2623,53.7,40.4
2019-11-30,401169866,Arkansas Razorbacks,Northern Kentucky Norse,66,60,0,2,8,94,41.8,39.2
2019-11-30,401169990,James Madison Dukes,East Carolina Pirates,99,89,0,2,256,151,59.6,45.5
2019-11-30,401170012,SMU Mustangs,Abilene Christian Wildcats,70,51,0,2,2567,2000,61.9,32.7
2019-11-30,401170150,Purdue Boilermakers,VCU Rams,59,56,1,2,2509,2670,40.9,44.2
2019-11-30,401170388,Florida Gulf Coast Eagles,North Dakota Fighting Hawks,63,78,0,2,526,155,39.6,49.1
2019-11-30,401170389,Kent State Golden Flashes,Stetson Hatters,77,53,0,2,2309,56,47.6,32.8
2019-11-30,401170390,North Alabama Lions,Morehead State Eagles,67,57,0,2,2453,2413,40.7,38.1
2019-11-30,401170391,North Carolina A&T Aggies,Jacksonville Dolphins,45,61,0,2,2448,294,29.5,40.7
2019-11-30,401170514,Georgia Southern Eagles,North Dakota Fighting Hawks,68,80,1,2,290,155,30.2,38.9
2019-11-30,401170603,Utah Utes,UC Davis Aggies,77,73,0,2,254,302,57.8,48.1
2019-11-30,401170864,Texas State Bobcats,Hartford Hawks,69,55,0,2,326,42,45.5,33.3
2019-11-30,401171448,Cal State Bakersfield Roadrunners,Hampton Pirates,70,57,0,2,2934,2261,39.7,34.7
2019-11-30,401171492,Pacific Tigers,Longwood Lancers,69,51,0,2,279,2344,43.9,31.3
2019-11-30,401171526,Presbyterian Blue Hose,Toccoa Falls Eagles,87,59,0,2,2506,2648,52.3,37.9
2019-11-30,401171588,Denver Pioneers,Cal State Fullerton Titans,65,62,1,2,2172,2239,40.0,44.0
2019-11-30,401171589,Santa Clara Broncos,Cal State Fullerton Titans,70,55,0,2,2541,2239,49.1,34.5
2019-11-30,401171674,UC Santa Barbara Gauchos,Grambling Tigers,67,58,0,2,2540,2755,39.7,39.5
2019-11-30,401171778,UMBC Retrievers,Drexel Dragons,85,60,0,2,2378,2182,56.5,42.9
2019-11-30,401171803,Delaware Blue Hens,Maryland Eastern Shore Hawks,75,56,0,2,48,2379,44.2,33.3
2019-11-30,401171919,UAlbany Great Danes,American University Eagles,68,64,0,2,399,44,44.9,37.3
2019-11-30,401172083,Colgate Raiders,Siena Saints,72,62,0,2,2142,2561,44.8,46.2
2019-11-30,401172090,Saint Peter's Peacocks,St. Francis Brooklyn Terriers,67,59,0,2,2612,2597,32.8,36.7
2019-11-30,401172261,Brown Bears,Navy Midshipmen,56,76,0,2,225,2426,37.0,42.4
2019-11-30,401172279,Columbia Lions,Lehigh Mountain Hawks,68,64,0,2,171,2329,47.3,46.8
2019-11-30,401172315,Bowling Green Falcons,Dartmouth Big Green,76,69,0,2,189,159,46.4,44.8
2019-11-30,401172341,Bucknell Bison,Princeton Tigers,77,87,0,2,2083,163,46.6,50.8
2019-11-30,401172390,Boise State Broncos,UNC Wilmington Seahawks,80,59,0,2,68,350,49.2,40.0
2019-11-30,401172453,Buffalo Bulls,William & Mary Tribe,88,77,0,2,2084,2729,54.8,50.0
2019-11-30,401172461,Cleveland State Vikings,Robert Morris Colonials,70,59,0,2,325,2523,55.6,40.4
2019-11-30,401172487,Ohio Bobcats,Detroit Mercy Titans,91,81,0,2,195,2174,53.6,47.4
2019-11-30,401172600,Akron Zips,Merrimack Warriors,64,47,0,2,2006,2771,50.0,35.1
2019-11-30,401172601,Central Michigan Chippewas,Youngstown State Penguins,88,72,0,2,2117,2754,44.8,41.5
2019-11-30,401172830,Florida Atlantic Owls,Holy Cross Crusaders,87,69,0,2,2226,107,47.5,46.3
2019-11-30,401173231,Arkansas State Red Wolves,Stephen F. Austin Lumberjacks,57,76,0,2,2032,2617,28.3,50.0
2019-11-30,401173578,Indiana State Sycamores,Missouri St. Louis Rivermen,62,55,0,2,282,141,42.9,42.6
2019-11-30,401173677,Saint Mary's Gaels,Utah State Aggies,81,73,0,2,2608,328,51.8,44.8
2019-11-30,401173678,Cal State Northridge Matadors,Fresno State Bulldogs,73,72,0,2,2463,278,41.1,48.2
2019-11-30,401173845,Charlotte 49ers,South Carolina Upstate Spartans,83,47,0,2,2429,2908,56.9,33.9
2019-11-30,401174429,Hawai'i Rainbow Warriors,San Francisco Dons,85,75,0,2,62,2539,50.9,46.6
2019-11-30,401174732,Delaware State Hornets,Coastal Carolina Chanticleers,77,92,0,2,2169,324,34.9,46.8
2019-11-30,401174733,Little Rock Trojans,East Tennessee State Buccaneers,63,67,0,2,2031,2193,46.7,45.1
2019-11-30,401174734,Troy Trojans,Shorter Hawks,104,53,0,2,2653,2560,56.3,30.4
2019-11-30,401175048,Denver Pioneers,Southeast Missouri State Redhawks,51,66,1,2,2172,2546,38.5,54.0
2019-11-30,401175173,BYU Cougars,Montana Tech Orediggers,98,63,0,2,252,148,68.6,43.1
2019-11-30,401175755,Howard Bison,Mount St. Mary's Mountaineers,56,73,0,2,47,116,39.2,39.4
2019-11-30,401176402,Sam Houston Bearkats,Randall Saints,86,51,0,2,2534,3090,52.2,27.0
2019-11-30,401182559,Syracuse Orange,Penn State Nittany Lions,64,85,1,2,183,213,33.3,40.3
2019-11-30,401182560,Oklahoma State Cowboys,Ole Miss Rebels,78,37,1,2,197,145,45.2,25.9
2019-11-30,401182564,Davidson Wildcats,Fairfield Stags,67,56,1,2,2166,2217,42.3,48.0
2019-11-30,401182602,Pepperdine Waves,UCF Knights,65,78,1,2,2492,2116,40.4,51.8
2019-11-30,401182603,Arizona Wildcats,Pennsylvania Quakers,92,82,1,2,12,219,58.6,45.0
2019-11-30,401183483,Iowa State Cyclones,Seton Hall Pirates,76,84,1,2,66,2550,45.3,54.0
2019-11-30,401183486,Alabama Crimson Tide,Southern Miss Golden Eagles,83,68,1,2,333,2572,53.8,49.1
2019-11-30,401186913,Iowa Hawkeyes,San Diego State Aztecs,73,83,1,2,2294,21,40.4,51.9
2019-11-30,401186914,Texas Tech Red Raiders,Creighton Bluejays,76,83,1,2,2641,156,43.3,51.7
2019-11-30,401186953,Alabama State Hornets,Chicago State Cougars,67,54,1,2,2011,2130,36.8,36.2
2019-11-30,401186954,Chattanooga Mocs,Jacksonville State Gamecocks,63,60,1,2,236,55,44.9,42.1
2019-11-30,401187173,VCU Rams,Tennessee Volunteers,69,72,1,2,2670,2633,38.6,48.1
2019-12-01,401166460,Montana State Bobcats,Green Bay Phoenix,72,98,0,2,147,2739,43.6,61.5
2019-12-01,401166462,Colorado Buffaloes,Sacramento State Hornets,59,45,0,2,38,16,44.4,28.3
2019-12-01,401166463,Seattle U Redhawks,Idaho Vandals,74,55,0,2,2547,70,43.1,38.9
2019-12-01,401166464,New Mexico Lobos,Montana Grizzlies,72,63,0,2,167,149,43.1,43.3
2019-12-01,401166465,Oregon State Beavers,Portland State Vikings,81,76,0,2,204,2502,55.6,40.0
2019-12-01,401168230,Georgia Tech Yellow Jackets,Bethune-Cookman Wildcats,68,65,0,2,59,2065,52.0,38.2
2019-12-01,401169638,West Virginia Mountaineers,Rhode Island Rams,86,81,0,2,277,227,44.6,48.5
2019-12-01,401169781,Villanova Wildcats,La Salle Explorers,83,72,0,2,222,2325,49.1,39.4
2019-12-01,401169867,Vanderbilt Commodores,Tulsa Golden Hurricane,58,67,0,2,238,202,35.7,45.1
2019-12-01,401169868,South Carolina Gamecocks,George Washington Revolutionaries,74,65,0,2,2579,45,52.6,33.3
2019-12-01,401169976,Cincinnati Bearcats,UNLV Rebels,72,65,0,2,2132,2439,39.3,31.7
2019-12-01,401169981,UConn Huskies,Maine Black Bears,64,40,0,2,41,311,37.9,35.0
2019-12-01,401170033,Tulane Green Wave,Southern Jaguars,82,65,0,2,2655,2582,51.9,36.5
2019-12-01,401170151,Saint Joseph's Hawks,Saint Francis Red Wolves,63,79,0,2,2603,2598,31.3,47.6
2019-12-01,401170153,Fordham Rams,Maryland Eastern Shore Hawks,66,45,0,2,2230,2379,41.4,32.1
2019-12-01,401170154,Saint Louis Billikens,Southern Illinois Salukis,69,60,0,2,139,79,43.6,45.1
2019-12-01,401170392,Florida Gulf Coast Eagles,Campbell Fighting Camels,46,51,0,2,526,2097,21.8,38.3
2019-12-01,401170393,Florida Gulf Coast Eagles,Georgia Southern Eagles,57,72,0,2,526,290,36.2,43.3
2019-12-01,401170515,North Dakota Fighting Hawks,Campbell Fighting Camels,56,58,1,2,155,2097,45.5,40.0
2019-12-01,401170604,Stanford Cardinal,UNC Wilmington Seahawks,72,54,0,2,24,350,51.9,40.0
2019-12-01,401170837,Loyola Maryland Greyhounds,Binghamton Bearcats,77,65,0,2,2352,2066,50.0,34.7
2019-12-01,401170933,UMass Lowell River Hawks,Central Connecticut Blue Devils,73,71,0,2,2349,2115,44.1,51.7
2019-12-01,401170954,Florida International Panthers,New Hampshire Wildcats,70,69,0,2,2229,160,42.6,46.6
2019-12-01,401170989,Yale Bulldogs,Vermont Catamounts,65,52,0,2,43,261,42.3,35.6
2019-12-01,401171656,UC Irvine Anteaters,Eastern Michigan Eagles,77,56,0,2,300,2199,49.1,30.5
2019-12-01,401171870,Hofstra Pride,Holy Cross Crusaders,91,69,1,2,2275,107,47.4,53.7
2019-12-01,401171930,Mercer Bears,Canisius Golden Griffins,66,76,1,2,2382,2099,40.7,50.9
2019-12-01,401172017,Marist Red Foxes,Army Black Knights,64,66,0,2,2368,349,37.3,44.8
2019-12-01,401172050,Norfolk State Spartans,Niagara Purple Eagles,61,65,0,2,2450,315,36.2,40.0
2019-12-01,401172602,Toledo Rockets,Oakland Golden Grizzlies,65,63,0,2,2649,2473,41.5,44.6
2019-12-01,401172978,Texas Southern Tigers,Lamar Cardinals,76,73,0,2,2640,2320,47.2,43.8
2019-12-01,401173536,IU Indianapolis Jaguars,Evansville Purple Aces,64,70,0,2,85,339,39.7,39.7
2019-12-01,401173679,Air Force Falcons,Jackson State Tigers,76,52,0,2,2005,2296,59.1,34.5
2019-12-01,401173680,Colorado State Rams,Utah Valley Wolverines,92,61,0,2,36,3084,58.9,38.6
2019-12-01,401173950,Middle Tennessee Blue Raiders,Belmont Bruins,59,71,0,2,2393,2057,34.4,50.0
2019-12-01,401174463,Florida Atlantic Owls,UIC Flames,71,70,0,2,2226,82,41.5,42.1
2019-12-01,401174944,Kansas City Roos,Western Illinois Leathernecks,68,67,0,2,140,2710,42.4,41.8
2019-12-01,401174945,Grand Canyon Lopes,Purdue Fort Wayne Mastodons,60,71,0,2,2253,2870,40.0,55.1
2019-12-01,401175217,Loyola Marymount Lions,Southern Utah Thunderbirds,61,51,0,2,2351,253,50.0,34.0
2019-12-01,401175585,UT Rio Grande Valley Vaqueros,Texas A&M-Corpus Christi Islanders,52,55,0,2,292,357,37.3,38.3
2019-12-01,401175860,Louisiana Tech Bulldogs,Samford Bulldogs,78,57,0,2,2348,2535,39.4,38.9
2019-12-01,401175931,Cal State Bakersfield Roadrunners,San Diego Christian Hawks,87,59,0,2,2934,3096,65.5,36.8
2019-12-01,401176009,UTSA Roadrunners,Prairie View A&M Panthers,72,79,0,2,2636,2504,38.2,54.5
2019-12-01,401176403,LSU New Orleans Privateers,Xavier (LA) Gold Nuggets,79,62,0,2,2443,2753,50.8,48.9
2019-12-01,401176433,Sacred Heart Pioneers,Pine Manor,101,57,0,2,2529,109656,48.3,31.4
2019-12-01,401182565,Fairfield Stags,Texas A&M Aggies,67,62,1,2,2217,245,43.1,44.2
2019-12-01,401182567,Davidson Wildcats,Temple Owls,53,66,1,2,2166,218,36.0,39.4
2019-12-01,401182604,Pennsylvania Quakers,Long Beach State Beach,95,79,1,2,219,299,51.4,52.3
2019-12-01,401182605,UCF Knights,Charleston Cougars,77,56,1,2,2116,232,48.3,37.3
2019-12-01,401182606,Pepperdine Waves,Providence Friars,77,80,1,2,2492,2507,43.3,47.4
2019-12-01,401187013,Marquette Golden Eagles,Maryland Terrapins,63,84,1,2,269,120,39.0,47.7
2019-12-01,401187014,USC Trojans,Harvard Crimson,77,62,1,2,30,108,49.2,36.8
2019-12-01,401187174,Purdue Boilermakers,Florida State Seminoles,60,63,1,2,2509,52,33.9,37.9
2019-12-02,401170152,San Diego Toreros,St. Bonaventure Bonnies,61,70,1,2,301,179,43.4,47.4
2019-12-02,401170605,UCLA Bruins,San José State Spartans,93,64,0,2,26,23,52.3,35.2
2019-12-02,401174430,Hawai'i Rainbow Warriors,Hawaiʻi Pacific Sea Warriors,58,41,0,2,62,2269,45.5,30.0
2019-12-02,401175218,Portland Pilots,Incarnate Word Cardinals,65,56,0,2,2501,2916,47.7,36.8
2019-12-02,401175219,Saint Mary's Gaels,Omaha Mavericks,75,66,0,2,2608,2437,50.8,44.3
2019-12-02,401182607,Arizona Wildcats,Wake Forest Demon Deacons,73,66,1,2,12,154,43.1,32.2
2019-12-02,401187489,Mercer Bears,Holy Cross Crusaders,67,81,1,2,2382,107,45.0,52.5
2019-12-02,401187490,Canisius Golden Griffins,Hofstra Pride,57,64,1,2,2099,2275,38.9,36.1
2019-12-02,401187491,UIC Flames,San Diego Toreros,89,83,1,2,82,301,50.9,42.6
2019-12-03,401168231,Illinois Fighting Illini,Miami Hurricanes,79,81,0,2,356,2390,52.8,59.3
2019-12-03,401168232,Minnesota Golden Gophers,Clemson Tigers,78,60,0,2,135,228,53.8,46.0
2019-12-03,401168462,St. John's Red Storm,Saint Peter's Peacocks,79,69,0,2,2599,2612,47.5,37.1
2019-12-03,401169639,Kansas State Wildcats,Florida A&M Rattlers,76,58,0,2,2306,50,53.7,44.6
2019-12-03,401170020,South Florida Bulls,Furman Paladins,65,55,0,2,58,231,39.6,35.7
2019-12-03,401170394,North Florida Ospreys,High Point Panthers,93,70,0,2,2454,2272,52.7,46.2
2019-12-03,401170395,Elon Phoenix,Kennesaw State Owls,70,46,0,2,2210,338,48.9,30.4
2019-12-03,401170396,Liberty Flames,Trinity College of Jacksonville Eagles,87,28,0,2,2335,3174,58.9,22.2
2019-12-03,401170606,Washington Huskies,South Dakota Coyotes,75,55,0,2,264,233,43.9,33.8
2019-12-03,401170974,Stony Brook Seawolves,Manhattan Jaspers,65,47,0,2,2619,2363,43.1,28.8
2019-12-03,401171804,Delaware Blue Hens,Columbia Lions,84,76,0,2,48,171,53.7,45.3
2019-12-03,401172831,Bryant Bulldogs,Navy Midshipmen,60,45,0,2,2803,2426,43.8,31.7
2019-12-03,401173044,Nicholls Colonels,Campbellsville (HB) Pioneers,120,69,0,2,2447,111921,52.9,35.6
2019-12-03,401173232,Stephen F. Austin Lumberjacks,Arlington Baptist Patriots,114,49,0,2,2617,3166,65.7,32.7
2019-12-03,401173579,Indiana State Sycamores,North Dakota State Bison,71,60,0,2,282,2449,45.8,35.7
2019-12-03,401173622,Northern Iowa Panthers,Luther Norse,110,51,0,2,2460,67,60.9,31.7
2019-12-03,401173846,South Carolina Upstate Spartans,Eastern Kentucky Colonels,79,67,0,2,2908,2198,38.9,32.8
2019-12-03,401174735,UT Arlington Mavericks,North Texas Mean Green,66,77,0,2,250,249,41.8,50.0
2019-12-03,401175049,Tennessee Tech Golden Eagles,Reinhardt Eagles,86,47,0,2,2635,2890,51.5,30.2
2019-12-03,401175834,Wofford Terriers,North Carolina Central Eagles,77,59,0,2,2747,2428,53.7,42.6
2019-12-03,401187492,Florida Atlantic Owls,St. Bonaventure Bonnies,64,71,0,2,2226,179,36.7,45.8
2019-12-04,401166466,Sacramento State Hornets,UC Merced Bobcats,72,36,0,2,16,3185,51.9,25.5
2019-12-04,401168233,Boston College Eagles,Northwestern Wildcats,64,82,0,2,103,77,44.8,58.2
2019-12-04,401168234,Indiana Hoosiers,Florida State Seminoles,80,64,0,2,84,52,55.6,47.2
2019-12-04,401168235,Louisville Cardinals,Michigan Wolverines,58,43,0,2,97,130,36.7,25.9
2019-12-04,401168236,Michigan State Spartans,Duke Blue Devils,75,87,0,2,127,150,45.2,56.1
2019-12-04,401168237,Pittsburgh Panthers,Rutgers Scarlet Knights,71,60,0,2,221,164,46.6,41.7
2019-12-04,401168238,Syracuse Orange,Iowa Hawkeyes,54,68,0,2,183,2294,36.5,42.6
2019-12-04,401168292,Ole Miss Rebels,Butler Bulldogs,58,67,0,2,145,2086,40.0,51.1
2019-12-04,401168319,Creighton Bluejays,Oral Roberts Golden Eagles,72,60,0,2,156,198,40.0,38.3
2019-12-04,401169454,Cincinnati Bearcats,Vermont Catamounts,82,73,0,2,2132,261,45.3,39.3
2019-12-04,401169455,Memphis Tigers,Bradley Braves,71,56,0,2,235,71,36.1,26.8
2019-12-04,401169640,Baylor Bears,Maryland Eastern Shore Hawks,78,46,0,2,239,2379,40.3,26.6
2019-12-04,401169641,TCU Horned Frogs,Illinois State Redbirds,81,69,0,2,2628,2287,46.9,46.3
2019-12-04,401169642,Texas Longhorns,UAB Blazers,67,57,0,2,251,5,49.0,41.5
2019-12-04,401169782,Villanova Wildcats,Pennsylvania Quakers,80,69,0,2,222,219,50.8,48.3
2019-12-04,401169869,LSU Tigers,LSU New Orleans Privateers,90,54,0,2,99,2443,54.8,36.5
2019-12-04,401169870,Arkansas Razorbacks,Austin Peay Governors,69,61,0,2,8,2046,47.8,41.5
2019-12-04,401169871,Missouri Tigers,Charleston Southern Buccaneers,60,68,0,2,142,2127,35.7,39.3
2019-12-04,401169872,Vanderbilt Commodores,Buffalo Bulls,90,76,0,2,238,2084,46.4,39.7
2019-12-04,401169991,East Carolina Pirates,Coppin State Eagles,75,85,0,2,151,2154,37.5,50.8
2019-12-04,401170013,SMU Mustangs,Northwestern State Demons,77,51,0,2,2567,2466,42.6,33.9
2019-12-04,401170155,Saint Joseph's Hawks,Lafayette Leopards,71,94,0,2,2603,322,41.7,54.8
2019-12-04,401170156,Dayton Flyers,Houston Christian Huskies,99,68,0,2,2168,2277,59.4,38.6
2019-12-04,401170157,George Mason Patriots,Jacksonville State Gamecocks,67,60,0,2,2244,55,43.3,40.0
2019-12-04,401170158,Hampton Pirates,Richmond Spiders,63,80,0,2,2261,257,46.3,45.6
2019-12-04,401170397,Stetson Hatters,Bethune-Cookman Wildcats,72,67,0,2,56,2065,45.8,41.0
2019-12-04,401170398,Belmont Bruins,Lipscomb Bisons,80,75,0,2,2057,288,50.9,44.9
2019-12-04,401170607,San Francisco Dons,Arizona State Sun Devils,67,71,0,2,2539,9,36.4,41.9
2019-12-04,401171427,Gardner-Webb Runnin' Bulldogs,Coker Cobras,73,59,0,2,2241,229,40.0,33.8
2019-12-04,401171508,Charlotte 49ers,UNC Asheville Bulldogs,75,83,0,2,2429,2427,53.8,50.0
2019-12-04,401171675,Cal State Bakersfield Roadrunners,UC Santa Barbara Gauchos,60,64,0,2,2934,2540,42.3,38.5
2019-12-04,401172064,Fairleigh Dickinson Knights,Quinnipiac Bobcats,78,77,0,2,161,2514,50.0,50.8
2019-12-04,401172074,Rider Broncs,Bucknell Bison,89,69,0,2,2520,2083,52.5,40.0
2019-12-04,401172216,American University Eagles,UMBC Retrievers,85,61,0,2,44,2378,59.2,37.5
2019-12-04,401172316,Georgia State Panthers,Dartmouth Big Green,83,80,0,2,2247,159,44.3,51.8
2019-12-04,401172454,William & Mary Tribe,Old Dominion Monarchs,63,46,0,2,2729,295,37.7,28.6
2019-12-04,401172488,Kent State Golden Flashes,Detroit Mercy Titans,92,57,0,2,2309,2174,51.5,29.0
2019-12-04,401172603,Western Michigan Broncos,Oakland Golden Grizzlies,62,72,0,2,2711,2473,32.8,54.3
2019-12-04,401172604,Miami (OH) RedHawks,Northern Kentucky Norse,54,76,0,2,193,94,32.7,50.0
2019-12-04,401172605,Ball State Cardinals,Loyola Chicago Ramblers,58,70,0,2,2050,2350,34.6,43.1
2019-12-04,401172606,Eastern Michigan Eagles,Valparaiso Beacons,85,79,0,2,2199,2674,61.4,48.4
2019-12-04,401173022,McNeese Cowboys,Campbellsville (HB) Pioneers,107,61,0,2,2377,111921,58.3,40.0
2019-12-04,401173515,Drake Bulldogs,Milwaukee Panthers,56,53,0,2,2181,270,36.2,34.5
2019-12-04,401173608,Missouri State Bears,Murray State Racers,71,69,0,2,2623,93,45.5,37.3
2019-12-04,401174736,App State Mountaineers,St. Andrews Knights,90,58,0,2,2026,2592,48.0,47.9
2019-12-04,401174737,Arkansas State Red Wolves,Omaha Mavericks,78,73,0,2,2032,2437,45.5,47.3
2019-12-04,401174738,Louisiana Ragin' Cajuns,SE Louisiana Lions,98,81,0,2,309,2545,57.1,44.1
2019-12-04,401175129,Wright State Raiders,Western Kentucky Hilltoppers,76,74,0,2,2750,98,42.4,48.5
2019-12-04,401175192,Western Carolina Catamounts,Chattanooga Mocs,87,77,0,2,2717,236,52.7,46.0
2019-12-04,401175586,UT Rio Grande Valley Vaqueros,Sam Houston Bearkats,90,86,0,2,292,2534,40.8,34.7
2019-12-04,401175641,Seattle U Redhawks,Incarnate Word Cardinals,81,60,0,2,2547,2916,41.8,37.7
2019-12-04,401175742,New Mexico State Aggies,UTEP Miners,59,56,0,2,166,2638,38.9,39.1
2019-12-04,401175852,Grand Canyon Lopes,Mount St. Mary's Mountaineers,75,67,0,2,2253,116,48.1,36.1
2019-12-04,401176010,UTSA Roadrunners,Texas A&M-Corpus Christi Islanders,89,67,0,2,2636,357,54.5,47.4
2019-12-04,401176054,Middle Tennessee Blue Raiders,Columbia International Rams,86,38,0,2,2393,3242,49.2,25.5
2019-12-04,401176064,Samford Bulldogs,Auburn Montgomery Senators,97,64,0,2,2535,2040,48.5,34.7
2019-12-04,401176239,Denver Pioneers,Jackson State Tigers,67,58,0,2,2172,2296,54.3,39.4
2019-12-05,401166467,Washington Huskies,Eastern Washington Eagles,90,80,0,2,264,331,46.6,43.3
2019-12-05,401166468,Northern Arizona Lumberjacks,UC Davis Aggies,66,85,0,2,2464,302,40.7,60.0
2019-12-05,401166469,Utah Valley Wolverines,Weber State Wildcats,67,72,0,2,3084,2692,43.9,46.6
2019-12-05,401166470,Northern Colorado Bears,Northern New Mexico Eagles,92,47,0,2,2458,3141,44.8,28.8
2019-12-05,401166471,Idaho Vandals,Washington State Cougars,65,78,0,2,70,265,41.3,44.4
2019-12-05,401168239,Georgia Tech Yellow Jackets,Nebraska Cornhuskers,73,56,0,2,59,158,43.8,32.3
2019-12-05,401168240,Maryland Terrapins,Notre Dame Fighting Irish,72,51,0,2,120,87,40.3,29.0
2019-12-05,401168241,North Carolina Tar Heels,Ohio State Buckeyes,49,74,0,2,153,194,27.4,46.4
2019-12-05,401168242,Penn State Nittany Lions,Wake Forest Demon Deacons,76,54,0,2,213,154,44.1,29.3
2019-12-05,401168243,Purdue Boilermakers,Virginia Cavaliers,69,40,0,2,2509,258,45.3,37.2
2019-12-05,401168345,DePaul Blue Demons,Texas Tech Red Raiders,65,60,0,2,305,2641,39.7,39.6
2019-12-05,401168388,Oklahoma State Cowboys,Georgetown Hoyas,74,81,0,2,197,46,40.3,45.3
2019-12-05,401168408,Marquette Golden Eagles,Jacksonville Dolphins,75,56,0,2,269,294,41.0,28.6
2019-12-05,401168619,NC State Wolfpack,Wisconsin Badgers,69,54,0,2,152,275,48.2,37.5
2019-12-05,401169643,Iowa State Cyclones,Kansas City Roos,79,61,0,2,66,140,50.0,45.5
2019-12-05,401169793,Xavier Musketeers,Green Bay Phoenix,84,71,0,2,2752,2739,42.0,38.8
2019-12-05,401169873,Tennessee Volunteers,Florida A&M Rattlers,72,43,0,2,2633,50,43.6,35.6
2019-12-05,401169874,Georgia Bulldogs,North Carolina Central Eagles,95,59,0,2,61,2428,52.9,34.8
2019-12-05,401169875,Massachusetts Minutemen,South Carolina Gamecocks,80,84,0,2,113,2579,46.9,55.0
2019-12-05,401169982,UConn Huskies,Iona Gaels,80,62,0,2,41,314,46.9,40.7
2019-12-05,401169999,Houston Cougars,Texas State Bobcats,68,60,0,2,248,326,35.8,33.9
2019-12-05,401170034,Southern Miss Golden Eagles,Tulane Green Wave,56,61,0,2,2572,2655,37.7,44.4
2019-12-05,401170044,Tulsa Golden Hurricane,Arkansas-Pine Bluff Golden Lions,72,39,0,2,202,2029,46.4,32.6
2019-12-05,401170159,Duquesne Dukes,VMI Keydets,71,58,0,2,2184,2678,43.9,35.0
2019-12-05,401170160,George Washington Revolutionaries,Boston University Terriers,64,63,0,2,45,104,39.0,45.6
2019-12-05,401170399,Troy Trojans,North Alabama Lions,71,63,0,2,2653,2453,39.1,40.4
2019-12-05,401170400,Army Black Knights,NJIT Highlanders,75,65,0,2,349,2885,47.3,36.9
2019-12-05,401170401,Florida International Panthers,Florida Gulf Coast Eagles,71,53,0,2,2229,526,36.4,27.9
2019-12-05,401170402,UNC Greensboro Spartans,Kennesaw State Owls,72,54,0,2,2430,338,48.2,39.5
2019-12-05,401170608,Colorado Buffaloes,Loyola Marymount Lions,76,64,0,2,38,2351,41.5,51.9
2019-12-05,401170609,San Francisco Dons,California Golden Bears,76,64,0,2,2539,25,41.4,42.0
2019-12-05,401170610,Utah Utes,BYU Cougars,102,95,0,2,254,252,57.8,53.8
2019-12-05,401170838,Binghamton Bearcats,Colgate Raiders,74,82,0,2,2066,2142,39.2,50.0
2019-12-05,401170891,Northeastern Huskies,Maine Black Bears,78,63,0,2,111,311,50.9,48.9
2019-12-05,401170934,UMass Lowell River Hawks,Sacred Heart Pioneers,86,89,0,2,2349,2529,50.8,48.5
2019-12-05,401170955,New Hampshire Wildcats,Maine Maritime Mariners,91,37,0,2,160,274,50.7,29.8
2019-12-05,401171493,North Carolina A&T Aggies,Longwood Lancers,52,41,0,2,2448,2344,38.8,30.6
2019-12-05,401171539,Radford Highlanders,James Madison Dukes,94,71,0,2,2515,256,54.3,41.7
2019-12-05,401171590,Pacific Tigers,Cal State Fullerton Titans,62,59,0,2,279,2239,50.0,47.9
2019-12-05,401171779,Drexel Dragons,Princeton Tigers,82,76,0,2,2182,163,60.0,40.6
2019-12-05,401171920,UAlbany Great Danes,Yale Bulldogs,52,61,0,2,399,43,35.8,46.9
2019-12-05,401171931,Florida Atlantic Owls,Canisius Golden Griffins,62,59,0,2,2226,2099,37.9,38.2
2019-12-05,401172262,Brown Bears,Merrimack Warriors,82,55,0,2,225,2771,46.0,38.3
2019-12-05,401172427,Morgan State Bears,Towson Tigers,59,76,0,2,2415,119,45.7,47.1
2019-12-05,401172462,Cleveland State Vikings,Toledo Rockets,65,80,0,2,325,2649,33.3,44.9
2019-12-05,401172607,Marshall Thundering Herd,Akron Zips,73,85,0,2,276,2006,45.9,46.7
2019-12-05,401172765,Ohio Bobcats,Rio Grande Red Storm,90,51,0,2,195,2521,58.7,35.0
2019-12-05,401172832,Saint Francis Red Wolves,Lehigh Mountain Hawks,77,69,0,2,2598,2329,42.9,45.9
2019-12-05,401172833,Delaware State Hornets,Loyola Maryland Greyhounds,76,84,0,2,2169,2352,42.6,46.4
2019-12-05,401173537,Evansville Purple Aces,Western Illinois Leathernecks,90,86,0,2,339,2710,50.0,55.6
2019-12-05,401173635,Southern Illinois Salukis,Norfolk State Spartans,76,59,0,2,79,2450,48.1,44.4
2019-12-05,401173681,Nevada Wolf Pack,Santa Clara Broncos,98,67,0,2,2440,2541,53.1,35.3
2019-12-05,401173682,Colorado State Rams,San Diego State Aztecs,57,79,0,2,36,21,38.5,49.2
2019-12-05,401173683,Wyoming Cowboys,Air Force Falcons,77,86,0,2,2751,2005,51.8,53.3
2019-12-05,401173684,Fresno State Bulldogs,UNLV Rebels,80,81,0,2,278,2439,37.7,39.3
2019-12-05,401173685,San José State Spartans,Utah State Aggies,59,71,0,2,23,328,42.9,42.4
2019-12-05,401173686,New Mexico Lobos,Boise State Broncos,80,78,0,2,167,68,50.9,50.9
2019-12-05,401174042,Purdue Fort Wayne Mastodons,Eastern Illinois Panthers,74,69,0,2,2870,2197,47.3,44.6
2019-12-05,401174414,Portland Pilots,Cal State Northridge Matadors,64,71,0,2,2501,2463,32.8,38.7
2019-12-05,401174439,California Baptist Lancers,UC Riverside Highlanders,79,67,0,2,2856,27,44.8,40.7
2019-12-05,401174444,Morehead State Eagles,IU Indianapolis Jaguars,56,51,0,2,2413,85,36.1,35.0
2019-12-05,401174739,UL Monroe Warhawks,Millsaps Majors,86,63,0,2,2433,2398,46.7,40.7
2019-12-05,401175050,SIU Edwardsville Cougars,Chicago State Cougars,81,89,0,2,2565,2130,42.2,58.3
2019-12-05,401175130,Youngstown State Penguins,Robert Morris Colonials,81,70,0,2,2754,2523,45.9,40.6
2019-12-05,401175220,Gonzaga Bulldogs,Texas Southern Tigers,101,62,0,2,2250,2640,53.8,39.7
2019-12-05,401175436,The Citadel Bulldogs,East Tennessee State Buccaneers,84,96,0,2,2643,2193,49.2,55.4
2019-12-05,401176223,Grambling Tigers,Paul Quinn Tigers,79,69,0,2,2755,2491,46.6,37.7
2019-12-05,401177954,Coastal Carolina Chanticleers,Greensboro Pride,114,79,0,2,324,2256,58.6,40.0
2019-12-06,401166103,Michigan Wolverines,Iowa Hawkeyes,103,91,0,2,130,2294,55.2,47.3
2019-12-06,401166472,Montana State Bobcats,South Dakota State Jackrabbits,77,70,0,2,147,2571,49.1,41.9
2019-12-06,401169644,North Texas Mean Green,Oklahoma Sooners,80,82,0,2,249,201,49.2,50.0
2019-12-06,401169876,Auburn Tigers,Furman Paladins,81,78,0,2,2,231,46.8,45.9
2019-12-06,401169877,Mississippi State Bulldogs,Louisiana Tech Bulldogs,67,74,0,2,344,2348,47.2,48.1
2019-12-06,401170060,Wichita State Shockers,Central Arkansas Bears,95,69,0,2,2724,2110,47.3,49.0
2019-12-06,401170865,Hartford Hawks,St. Francis Brooklyn Terriers,78,84,0,2,42,2597,48.1,49.2
2019-12-06,401171449,Hampton Pirates,Howard Bison,91,94,0,2,2261,47,49.3,46.6
2019-12-06,401171470,High Point Panthers,Elon Phoenix,70,66,0,2,2272,2210,34.5,42.6
2019-12-06,401172608,Saint Mary's Gaels,Northern Illinois Huskies,61,49,0,2,2608,2459,39.2,36.0
2019-12-06,401172938,Abilene Christian Wildcats,Southeast Missouri State Redhawks,73,64,0,2,2000,2546,41.1,35.2
2019-12-06,401175052,Tennessee State Tigers,Chicago State Cougars,80,74,0,2,2634,2130,48.1,41.1
2019-12-07,401166104,Maryland Terrapins,Illinois Fighting Illini,59,58,0,2,120,356,33.3,39.3
2019-12-07,401166105,Ohio State Buckeyes,Penn State Nittany Lions,106,74,0,2,194,213,57.4,42.4
2019-12-07,401166106,Wisconsin Badgers,Indiana Hoosiers,84,64,0,2,275,84,53.6,42.0
2019-12-07,401166473,Pepperdine Waves,Idaho State Bengals,77,65,0,2,2492,304,46.2,41.5
2019-12-07,401166474,Montana Grizzlies,North Dakota Fighting Hawks,77,70,0,2,149,155,49.1,41.8
2019-12-07,401166475,Portland State Vikings,Cal State Northridge Matadors,73,67,0,2,2502,2463,39.4,43.3
2019-12-07,401166477,Southern Utah Thunderbirds,Utah Valley Wolverines,73,72,0,2,253,3084,33.9,47.3
2019-12-07,401168293,Butler Bulldogs,Florida Gators,76,62,0,2,2086,57,52.1,43.8
2019-12-07,401168320,Creighton Bluejays,Nebraska Cornhuskers,95,76,0,2,156,158,53.0,41.5
2019-12-07,401168429,Rhode Island Rams,Providence Friars,75,61,0,2,227,2507,41.3,38.5
2019-12-07,401168463,St. John's Red Storm,West Virginia Mountaineers,70,68,0,2,2599,277,32.9,40.3
2019-12-07,401168505,Louisville Cardinals,Pittsburgh Panthers,64,46,0,2,97,221,46.9,37.7
2019-12-07,401168533,Georgia Tech Yellow Jackets,Syracuse Orange,63,97,0,2,59,183,38.1,50.9
2019-12-07,401168567,Notre Dame Fighting Irish,Boston College Eagles,72,73,0,2,87,103,39.7,49.2
2019-12-07,401168575,Wake Forest Demon Deacons,NC State Wolfpack,82,91,0,2,154,152,51.9,52.3
2019-12-07,401169457,Xavier Musketeers,Cincinnati Bearcats,73,66,0,2,2752,2132,46.7,40.0
2019-12-07,401169645,TCU Horned Frogs,USC Trojans,78,80,0,2,2628,30,43.3,52.6
2019-12-07,401169647,Baylor Bears,Arizona Wildcats,63,58,0,2,239,12,30.4,26.9
2019-12-07,401169783,Saint Joseph's Hawks,Villanova Wildcats,66,78,0,2,2603,222,38.5,49.1
2019-12-07,401169878,Alabama Crimson Tide,Stephen F. Austin Lumberjacks,78,68,0,2,333,2617,44.7,39.3
2019-12-07,401169879,Kentucky Wildcats,Fairleigh Dickinson Knights,83,52,0,2,96,161,51.6,32.3
2019-12-07,401169881,Ole Miss Rebels,Cal State Bakersfield Roadrunners,83,67,0,2,145,2934,57.8,48.9
2019-12-07,401170004,UAB Blazers,Memphis Tigers,57,65,0,2,5,235,39.2,37.9
2019-12-07,401170021,South Florida Bulls,Dartmouth Big Green,63,44,0,2,58,159,48.9,34.1
2019-12-07,401170045,Tulsa Golden Hurricane,Arkansas State Red Wolves,63,66,0,2,202,2032,51.1,51.1
2019-12-07,401170051,UCF Knights,NJIT Highlanders,78,65,0,2,2116,2885,51.6,37.5
2019-12-07,401170161,Harvard Crimson,Massachusetts Minutemen,89,55,0,2,108,113,58.2,32.8
2019-12-07,401170162,Northeastern Huskies,Davidson Wildcats,63,70,0,2,111,2166,43.1,51.9
2019-12-07,401170163,Fordham Rams,Manhattan Jaspers,53,54,0,2,2230,2363,32.2,33.3
2019-12-07,401170165,George Washington Revolutionaries,Delaware Blue Hens,66,56,0,2,45,48,44.6,40.7
2019-12-07,401170166,Drexel Dragons,La Salle Explorers,63,71,0,2,2182,2325,34.4,48.3
2019-12-07,401170167,St. Bonaventure Bonnies,Hofstra Pride,73,45,0,2,179,2275,49.1,27.6
2019-12-07,401170403,Austin Peay Governors,North Florida Ospreys,90,83,0,2,2046,2454,54.2,50.9
2019-12-07,401170404,Kennesaw State Owls,Florida International Panthers,81,84,0,2,338,2229,43.8,46.4
2019-12-07,401170405,VMI Keydets,Stetson Hatters,88,61,0,2,2678,56,54.5,50.0
2019-12-07,401170406,Jacksonville Dolphins,Bethune-Cookman Wildcats,82,60,0,2,294,2065,45.8,31.9
2019-12-07,401170519,Virginia Tech Hokies,Duke Blue Devils,63,77,0,2,259,150,48.2,47.6
2019-12-07,401170613,Santa Clara Broncos,California Golden Bears,71,52,0,2,2541,25,43.1,28.6
2019-12-07,401170614,Utah Utes,Central Arkansas Bears,98,67,0,2,254,2110,50.7,37.3
2019-12-07,401170615,Washington State Cougars,New Mexico State Aggies,63,54,1,2,265,166,35.4,34.4
2019-12-07,401170839,Binghamton Bearcats,Boston University Terriers,84,79,0,2,2066,104,48.4,39.0
2019-12-07,401170892,Central Connecticut Blue Devils,Maine Black Bears,64,66,0,2,2115,311,36.8,45.3
2019-12-07,401170935,UMass Lowell River Hawks,St. Francis Brooklyn Terriers,94,63,0,2,2349,2597,59.3,38.8
2019-12-07,401170956,Quinnipiac Bobcats,New Hampshire Wildcats,75,67,0,2,2514,160,55.6,32.9
2019-12-07,401171404,Charleston Southern Buccaneers,North Carolina Central Eagles,58,53,0,2,2127,2428,35.3,48.0
2019-12-07,401171450,Hampton Pirates,Norfolk State Spartans,64,53,0,2,2261,2450,46.5,29.6
2019-12-07,401171494,Morgan State Bears,Longwood Lancers,73,65,0,2,2415,2344,52.1,35.2
2019-12-07,401171509,Western Carolina Catamounts,UNC Asheville Bulldogs,78,77,0,2,2717,2427,52.8,49.2
2019-12-07,401171527,South Carolina State Bulldogs,Presbyterian Blue Hose,80,68,0,2,2569,2506,44.4,42.9
2019-12-07,401171540,Radford Highlanders,UNC Greensboro Spartans,58,60,0,2,2515,2430,47.8,41.7
2019-12-07,401171676,UT Arlington Mavericks,UC Santa Barbara Gauchos,68,72,0,2,250,2540,41.4,41.5
2019-12-07,401172239,Army Black Knights,Long Island University Sharks,72,85,0,2,349,112358,46.7,41.3
2019-12-07,401172280,Bryant Bulldogs,Columbia Lions,67,65,0,2,2803,171,38.6,39.3
2019-12-07,401172299,Cornell Big Red,Lafayette Leopards,59,62,0,2,172,322,38.1,44.7
2019-12-07,401172391,UNC Wilmington Seahawks,Charlotte 49ers,57,76,0,2,350,2429,38.5,57.4
2019-12-07,401172489,Detroit Mercy Titans,Eastern Michigan Eagles,51,55,0,2,2174,2199,23.2,46.3
2019-12-07,401172513,Eastern Illinois Panthers,Green Bay Phoenix,93,80,0,2,2197,2739,60.7,42.4
2019-12-07,401172609,Central Michigan Chippewas,UT Martin Skyhawks,84,75,0,2,2117,2630,48.0,47.5
2019-12-07,401172610,Bowling Green Falcons,Oakland Golden Grizzlies,68,65,0,2,189,2473,42.1,46.0
2019-12-07,401172611,Western Michigan Broncos,Youngstown State Penguins,66,64,0,2,2711,2754,42.6,45.1
2019-12-07,401172612,Ball State Cardinals,IU Indianapolis Jaguars,102,54,0,2,2050,85,55.2,30.2
2019-12-07,401172613,Evansville Purple Aces,Miami (OH) RedHawks,101,87,0,2,339,193,64.2,52.4
2019-12-07,401172836,Mount St. Mary's Mountaineers,Loyola Maryland Greyhounds,48,64,0,2,116,2352,33.3,42.6
2019-12-07,401172979,Lamar Cardinals,Rice Owls,73,60,0,2,2320,242,47.4,34.0
2019-12-07,401173218,SE Louisiana Lions,Southern New Orleans Knights,79,74,0,2,2545,2573,49.2,47.6
2019-12-07,401173492,Bradley Braves,North Carolina A&T Aggies,83,52,0,2,71,2448,53.6,25.0
2019-12-07,401173516,Drake Bulldogs,Southeast Missouri State Redhawks,78,73,0,2,2181,2546,47.1,50.0
2019-12-07,401173580,Wright State Raiders,Indiana State Sycamores,77,84,0,2,2750,282,40.8,48.6
2019-12-07,401173596,Loyola Chicago Ramblers,Quincy Hawks,90,59,0,2,2350,2825,61.8,37.5
2019-12-07,401173609,Missouri State Bears,Mississippi Valley State Delta Devils,86,62,0,2,2623,2400,50.0,40.7
2019-12-07,401173636,Southern Miss Golden Eagles,Southern Illinois Salukis,72,69,0,2,2572,79,57.4,48.8
2019-12-07,401173687,BYU Cougars,UNLV Rebels,83,50,1,2,252,2439,54.7,35.1
2019-12-07,401173688,Wyoming Cowboys,New Mexico Lobos,65,79,0,2,2751,167,37.5,48.3
2019-12-07,401173689,Air Force Falcons,Nevada Wolf Pack,85,100,0,2,2005,2440,45.5,56.6
2019-12-07,401173691,Utah State Aggies,Fresno State Bulldogs,77,70,0,2,328,278,35.0,36.8
2019-12-07,401174163,Alabama A&M Bulldogs,Jacksonville State Gamecocks,67,62,0,2,2010,55,36.9,39.4
2019-12-07,401174440,UC Riverside Highlanders,Cal Lutheran Kingsmen,74,40,0,2,27,2094,48.3,33.3
2019-12-07,401174464,UIC Flames,Purdue Fort Wayne Mastodons,62,49,0,2,82,2870,49.0,36.8
2019-12-07,401174740,Georgia Southern Eagles,Carver College Cougars,100,70,0,2,290,111946,45.1,41.7
2019-12-07,401174741,Mercer Bears,Georgia State Panthers,61,73,0,2,2382,2247,35.1,47.4
2019-12-07,401174742,North Texas Mean Green,Little Rock Trojans,76,53,0,2,249,2031,48.1,37.0
2019-12-07,401174743,Texas State Bobcats,UTSA Roadrunners,71,77,0,2,326,2636,45.5,47.5
2019-12-07,401175437,The Citadel Bulldogs,Carver College Cougars,108,40,0,2,2643,111946,52.6,22.7
2019-12-07,401175587,UT Rio Grande Valley Vaqueros,Mid America Christian Evangels,92,50,0,2,292,3126,52.3,45.7
2019-12-07,401176363,Texas Southern Tigers,Concordia (TX) Tornados,85,47,0,2,2640,2153,50.7,27.0
2019-12-07,401176405,Texas A&M-Corpus Christi Islanders,St. Mary's (TX) Rattlers,81,53,0,2,357,2610,43.1,40.0
2019-12-07,401176434,UMBC Retrievers,Saint Francis Red Wolves,60,63,0,2,2378,2598,37.7,40.9
2019-12-07,401177956,South Dakota Coyotes,Mount Marty Lancers,94,79,0,2,233,573,55.7,43.3
2019-12-08,401166108,Purdue Boilermakers,Northwestern Wildcats,58,44,0,2,2509,77,39.0,34.0
2019-12-08,401166476,Cal State Fullerton Titans,Sacramento State Hornets,59,62,0,2,2239,16,37.7,40.4
2019-12-08,401166478,Weber State Wildcats,Westcliff Warriors,86,46,0,2,2692,111910,50.0,25.8
2019-12-08,401166479,Eastern Washington Eagles,North Dakota Fighting Hawks,98,82,0,2,331,155,52.5,45.5
2019-12-08,401166480,Northern Arizona Lumberjacks,Omaha Mavericks,73,65,1,2,2464,2437,47.5,42.6
2019-12-08,401168389,SMU Mustangs,Georgetown Hoyas,74,91,0,2,2567,46,35.6,55.7
2019-12-08,401168409,Kansas State Wildcats,Marquette Golden Eagles,65,73,0,2,2306,269,32.3,42.4
2019-12-08,401168520,Florida State Seminoles,Clemson Tigers,72,53,0,2,52,228,46.3,35.8
2019-12-08,401169456,Temple Owls,Missouri Tigers,54,64,0,2,218,142,34.7,38.9
2019-12-08,401169458,Oklahoma State Cowboys,Wichita State Shockers,61,80,0,2,197,2724,38.5,44.4
2019-12-08,401169459,South Carolina Gamecocks,Houston Cougars,56,76,0,2,2579,248,32.3,50.0
2019-12-08,401169646,Kansas Jayhawks,Colorado Buffaloes,72,58,0,2,2305,38,52.9,30.0
2019-12-08,401169648,Texas Longhorns,Texas A&M Aggies,60,50,1,2,251,245,41.8,47.6
2019-12-08,401169880,Western Kentucky Hilltoppers,Arkansas Razorbacks,86,79,0,2,98,8,46.3,41.8
2019-12-08,401169882,LSU Tigers,Northwestern State Demons,109,59,0,2,99,2466,55.6,37.7
2019-12-08,401169953,DePaul Blue Demons,Buffalo Bulls,69,74,0,2,305,2084,41.5,37.1
2019-12-08,401170035,Tulane Green Wave,Saint Louis Billikens,62,86,1,2,2655,139,39.3,55.0
2019-12-08,401170087,Grand Canyon Lopes,Liberty Flames,61,70,1,2,2253,2335,43.4,45.8
2019-12-08,401170088,Saint Mary's Gaels,Dayton Flyers,68,78,1,2,2608,2168,45.1,53.8
2019-12-08,401170164,George Mason Patriots,American University Eagles,68,53,0,2,2244,44,41.8,39.6
2019-12-08,401170168,VCU Rams,Old Dominion Monarchs,69,57,0,2,2670,295,42.9,41.1
2019-12-08,401170169,Richmond Spiders,South Alabama Jaguars,75,57,0,2,257,6,51.7,33.9
2019-12-08,401170407,Florida Gulf Coast Eagles,Robert Morris Colonials,59,64,0,2,526,2523,38.6,38.5
2019-12-08,401170408,North Alabama Lions,Birmingham Southern Panthers,78,50,0,2,2453,3,47.5,31.7
2019-12-08,401170409,Lipscomb Bisons,Trevecca Nazarene Trojans,96,72,0,2,288,2906,59.7,45.6
2019-12-08,401170611,Arizona State Sun Devils,Louisiana Ragin' Cajuns,77,65,0,2,9,309,41.8,42.9
2019-12-08,401170612,Oregon Ducks,Hawai'i Rainbow Warriors,89,64,0,2,2483,62,62.7,38.6
2019-12-08,401170616,UCLA Bruins,Denver Pioneers,81,62,0,2,26,2172,47.5,44.7
2019-12-08,401170866,Hartford Hawks,Sacred Heart Pioneers,62,79,0,2,42,2529,36.2,48.1
2019-12-08,401170975,Stony Brook Seawolves,Brown Bears,79,63,0,2,2619,225,52.8,36.5
2019-12-08,401170990,Vermont Catamounts,Towson Tigers,55,38,0,2,261,119,35.4,24.5
2019-12-08,401171428,Wofford Terriers,Gardner-Webb Runnin' Bulldogs,81,77,0,2,2747,2241,50.0,45.2
2019-12-08,401171553,Winthrop Eagles,Coastal Carolina Chanticleers,88,92,0,2,2737,324,45.9,50.9
2019-12-08,401171563,Cal Poly Mustangs,Siena Saints,70,66,0,2,13,2561,50.0,41.5
2019-12-08,401171612,Long Beach State Beach,Pacific Tigers,46,65,0,2,299,279,31.5,45.6
2019-12-08,401171634,UC Davis Aggies,Northern Illinois Huskies,66,57,0,2,302,2459,47.9,34.5
2019-12-08,401171657,UC Irvine Anteaters,California Baptist Lancers,60,68,0,2,300,2856,35.4,41.8
2019-12-08,401171690,Charleston Cougars,Coker Cobras,76,50,0,2,232,229,40.3,31.7
2019-12-08,401171921,Bucknell Bison,UAlbany Great Danes,65,64,0,2,2083,399,37.0,46.5
2019-12-08,401171957,Fairfield Stags,William & Mary Tribe,58,62,0,2,2217,2729,42.6,40.7
2019-12-08,401172018,Navy Midshipmen,Marist Red Foxes,53,51,0,2,2426,2368,32.0,35.8
2019-12-08,401172051,Niagara Purple Eagles,Colgate Raiders,93,82,0,2,315,2142,54.1,47.1
2019-12-08,401172463,Kent State Golden Flashes,Cleveland State Vikings,81,59,0,2,2309,325,52.4,41.5
2019-12-08,401172614,Valparaiso Beacons,Central Michigan Chippewas,77,55,0,2,2674,2117,50.8,33.9
2019-12-08,401172615,Akron Zips,Southern Jaguars,72,57,0,2,2006,2582,41.5,41.4
2019-12-08,401172616,Toledo Rockets,Marshall Thundering Herd,82,72,0,2,2649,276,40.3,43.1
2019-12-08,401172762,Ohio Bobcats,Tennessee Tech Golden Eagles,81,54,0,2,195,2635,48.4,36.5
2019-12-08,401172834,Lehigh Mountain Hawks,Yale Bulldogs,65,78,0,2,2329,43,49.1,50.9
2019-12-08,401172835,San Diego Toreros,Holy Cross Crusaders,68,51,0,2,301,107,48.1,37.9
2019-12-08,401172939,Abilene Christian Wildcats,Dallas Christian Crusaders,102,34,0,2,2000,2937,54.4,24.0
2019-12-08,401173000,Houston Christian Huskies,Samford Bulldogs,90,113,0,2,2277,2535,52.2,64.9
2019-12-08,401173557,Illinois State Redbirds,Morehead State Eagles,61,50,0,2,2287,2413,35.1,33.3
2019-12-08,401173690,Boise State Broncos,Colorado State Rams,75,64,0,2,68,36,43.5,41.3
2019-12-08,401173692,San Diego State Aztecs,San José State Spartans,59,57,0,2,21,23,31.7,38.2
2019-12-08,401173847,Furman Paladins,South Carolina Upstate Spartans,84,72,0,2,231,2908,51.7,56.0
2019-12-08,401174946,Oral Roberts Golden Eagles,Haskell Jayhawks,95,55,0,2,198,535,50.0,33.9
2019-12-08,401175053,Murray State Racers,Middle Tennessee Blue Raiders,85,52,0,2,93,2393,57.1,34.5
2019-12-08,401175221,Loyola Marymount Lions,Grambling Tigers,83,67,0,2,2351,2755,63.8,40.7
2019-12-08,401175222,Seattle U Redhawks,Portland Pilots,73,71,1,2,2547,2501,39.4,47.1
2019-12-08,401175353,Chattanooga Mocs,Tennessee Wesleyan Bulldogs,99,51,0,2,236,2632,57.6,37.3
2019-12-08,401175476,North Dakota State Bison,East Tennessee State Buccaneers,78,68,0,2,2449,2193,45.8,47.1
2019-12-08,401175769,Maryland Eastern Shore Hawks,Clarks Summit Defenders,85,39,0,2,2379,109636,54.8,42.9
2019-12-08,401175861,Sam Houston Bearkats,Louisiana Tech Bulldogs,71,68,0,2,2534,2348,36.9,44.6
2019-12-08,401176001,UTEP Miners,Arkansas-Pine Bluff Golden Lions,59,50,0,2,2638,2029,43.2,42.9
2019-12-08,401176404,Incarnate Word Cardinals,Trinity (TX) Tigers,101,65,0,2,2916,386,55.4,36.5
2019-12-08,401184943,Virginia Cavaliers,North Carolina Tar Heels,56,47,0,2,258,153,32.7,37.0
2019-12-09,401166107,Michigan State Spartans,Rutgers Scarlet Knights,77,65,0,2,127,164,43.6,40.0
2019-12-09,401168446,Iowa State Cyclones,Seton Hall Pirates,76,66,0,2,66,2550,38.3,36.8
2019-12-09,401170617,Washington Huskies,Gonzaga Bulldogs,76,83,0,2,264,2250,50.9,47.8
2019-12-09,401174067,Northern Kentucky Norse,Eastern Kentucky Colonels,76,57,0,2,94,2198,58.3,38.3
2019-12-10,401166109,Iowa Hawkeyes,Minnesota Golden Gophers,72,52,0,2,2294,135,42.6,36.8
2019-12-10,401170170,Duquesne Dukes,Columbia Lions,90,54,0,2,2184,171,58.5,34.6
2019-12-10,401170172,Fordham Rams,Bryant Bulldogs,61,69,0,2,2230,2803,37.3,43.8
2019-12-10,401171528,St. Francis Brooklyn Terriers,Presbyterian Blue Hose,64,63,0,2,2597,2506,39.3,48.9
2019-12-10,401176182,Alcorn State Braves,Rust Bearcats,108,62,0,2,2016,2892,58.0,37.0
2019-12-10,401177955,South Dakota Coyotes,Alabama State Hornets,73,59,0,2,233,2011,50.0,35.0
2019-12-11,401166110,Penn State Nittany Lions,Maryland Terrapins,76,69,0,2,213,120,42.6,33.3
2019-12-11,401168244,Boston College Eagles,UAlbany Great Danes,72,51,0,2,103,399,34.4,34.7
2019-12-11,401168245,Louisville Cardinals,Texas Tech Red Raiders,57,70,1,2,97,2641,34.0,39.7
2019-12-11,401168246,Notre Dame Fighting Irish,Detroit Mercy Titans,110,71,0,2,87,2174,59.4,42.4
2019-12-11,401168294,Baylor Bears,Butler Bulldogs,53,52,0,2,239,2086,35.0,39.2
2019-12-11,401168464,St. John's Red Storm,Brown Bears,82,71,0,2,2599,225,44.1,40.6
2019-12-11,401169460,Temple Owls,Saint Joseph's Hawks,108,61,0,2,218,2603,62.7,31.3
2019-12-11,401169461,UConn Huskies,Indiana Hoosiers,54,57,1,2,41,84,41.2,36.8
2019-12-11,401169649,Kansas Jayhawks,Milwaukee Panthers,95,68,0,2,2305,270,54.2,36.4
2019-12-11,401170052,UCF Knights,Green Bay Phoenix,79,66,0,2,2116,2739,44.8,48.1
2019-12-11,401170171,Davidson Wildcats,Coppin State Eagles,88,52,0,2,2166,2154,53.1,34.6
2019-12-11,401170618,Colorado Buffaloes,Northern Iowa Panthers,76,79,0,2,38,2460,47.2,46.6
2019-12-11,401170976,Hofstra Pride,Stony Brook Seawolves,71,63,0,2,2275,2619,30.6,41.4
2019-12-11,401172036,Princeton Tigers,Monmouth Hawks,66,67,0,2,163,2405,40.0,41.5
2019-12-11,401172428,Towson Tigers,UMBC Retrievers,77,71,0,2,119,2378,46.3,52.0
2019-12-11,401172837,Holy Cross Crusaders,UMass Boston Beacons,66,69,0,2,107,2660,41.4,40.0
2019-12-11,401173023,McNeese Cowboys,Kansas City Roos,82,73,0,2,2377,140,64.3,42.1
2019-12-11,401173493,Bradley Braves,Maryville (MO) MARYVILLE UNIVERSITY (MO),91,58,0,2,71,310,59.7,37.1
2019-12-11,401173693,BYU Cougars,Nevada Wolf Pack,75,42,0,2,252,2440,41.2,24.6
2019-12-11,401173694,Colorado State Rams,South Dakota State Jackrabbits,72,68,0,2,36,2571,51.9,43.3
2019-12-11,401174445,IU Indianapolis Jaguars,IU South Bend Titans,80,60,0,2,85,2288,37.8,40.0
2019-12-11,401174744,Little Rock Trojans,Tennessee State Tigers,86,62,0,2,2031,2634,53.7,36.2
2019-12-11,401174745,UL Monroe Warhawks,Grambling Tigers,61,66,0,2,2433,2755,42.6,44.6
2019-12-11,401175438,The Citadel Bulldogs,Piedmont Lions,129,83,0,2,2643,2496,57.5,37.1
2019-12-11,401175743,Denver Pioneers,New Mexico State Aggies,67,72,0,2,2172,166,45.6,50.0
2019-12-11,401176778,Purdue Fort Wayne Mastodons,Judson Eagles,69,33,0,2,2870,546,34.3,23.1
2019-12-11,401188394,Utah State Aggies,Saint Katherine SAINT KATHERINE,94,49,0,2,328,3249,45.5,33.3
2019-12-12,401166111,Illinois Fighting Illini,Michigan Wolverines,71,62,0,2,356,130,45.9,43.5
2019-12-12,401166112,Rutgers Scarlet Knights,Wisconsin Badgers,72,65,0,2,164,275,46.0,47.9
2019-12-12,401168247,Virginia Tech Hokies,Chattanooga Mocs,63,58,0,2,259,236,39.0,41.5
2019-12-12,401169650,TCU Horned Frogs,Winthrop Eagles,70,60,0,2,2628,2737,48.3,32.3
2019-12-12,401169651,Kansas State Wildcats,Alabama State Hornets,86,41,0,2,2306,2011,62.5,27.3
2019-12-12,401170000,Houston Cougars,UT Arlington Mavericks,71,63,0,2,248,250,44.6,28.3
2019-12-12,401170046,Tulsa Golden Hurricane,Boise State Broncos,69,56,0,2,202,68,50.8,38.0
2019-12-12,401170173,Massachusetts Minutemen,Yale Bulldogs,80,83,0,2,113,43,48.5,53.1
2019-12-12,401170410,NJIT Highlanders,UMass Lowell River Hawks,66,72,0,2,2885,2349,38.1,48.1
2019-12-12,401170619,Arizona Wildcats,Omaha Mavericks,99,49,0,2,12,2437,57.6,26.6
2019-12-12,401170620,Arizona State Sun Devils,Prairie View A&M Panthers,88,79,0,2,9,2504,45.1,43.1
2019-12-12,401170621,California Golden Bears,Fresno State Bulldogs,69,63,0,2,25,278,48.0,39.3
2019-12-12,401170913,Maine Black Bears,Dartmouth Big Green,44,77,0,2,311,159,34.7,54.7
2019-12-12,401171510,South Carolina State Bulldogs,UNC Asheville Bulldogs,90,85,0,2,2569,2427,51.8,45.6
2019-12-12,401171591,Cal State Fullerton Titans,San Diego Toreros,54,66,0,2,2239,301,35.0,41.9
2019-12-12,401172091,Saint Peter's Peacocks,Fairleigh Dickinson Knights,86,70,0,2,2612,161,52.0,37.9
2019-12-12,401172240,Merrimack Warriors,Army Black Knights,69,60,0,2,2771,349,44.6,45.8
2019-12-12,401172300,Colgate Raiders,Cornell Big Red,66,58,0,2,2142,172,40.7,45.3
2019-12-12,401172980,Lamar Cardinals,Southern New Orleans Knights,73,56,0,2,2320,2573,45.5,35.4
2019-12-12,401173045,Nicholls Colonels,Carver College Cougars,118,44,0,2,2447,111946,54.4,26.2
2019-12-12,401173610,Missouri State Bears,Arkansas State Red Wolves,75,53,0,2,2623,2032,56.8,37.5
2019-12-12,401173951,Belmont Bruins,Carson Newman Eagles,105,56,0,2,2057,2105,56.3,29.0
2019-12-12,401174164,Jacksonville State Gamecocks,Troy Trojans,55,60,0,2,55,2653,34.0,42.9
2019-12-12,401174415,Cal State Northridge Matadors,North Dakota State Bison,62,71,0,2,2463,2449,41.4,45.6
2019-12-12,401175569,Furman Paladins,North Greenville Trailblazers,90,65,0,2,231,2822,50.0,39.1
2019-12-12,401175835,North Carolina Central Eagles,Christendom Crusaders,109,28,0,2,2428,111180,62.5,23.9
2019-12-12,401175915,Marshall Thundering Herd,Bluefield State Big Blue,86,50,0,2,276,2073,47.8,26.5
2019-12-12,401176083,VMI Keydets,Ferrum Panthers,78,60,0,2,2678,366,43.9,41.1
2019-12-13,401166481,Portland State Vikings,Portland Bible PORTLAND BIBLE,101,48,0,2,2502,3217,51.9,33.9
2019-12-13,401169652,West Virginia Mountaineers,Austin Peay Governors,84,53,0,2,277,2046,50.7,34.5
2019-12-13,401169653,Iowa State Cyclones,Iowa Hawkeyes,68,84,0,2,66,2294,42.0,43.1
2019-12-13,401172940,Abilene Christian Wildcats,Howard Payne Yellow Jackets,105,36,0,2,2000,2758,48.7,28.6
2019-12-13,401173623,Grand Canyon Lopes,Northern Iowa Panthers,58,82,0,2,2253,2460,37.1,53.1
2019-12-13,401175131,Wright State Raiders,Southern Jaguars,85,62,0,2,2750,2582,48.3,33.3
2019-12-14,401166113,Indiana Hoosiers,Nebraska Cornhuskers,96,90,0,2,84,158,47.1,44.0
2019-12-14,401166114,Michigan Wolverines,Oregon Ducks,70,71,0,2,130,2483,41.0,50.9
2019-12-14,401166115,Rutgers Scarlet Knights,Seton Hall Pirates,68,48,0,2,164,2550,46.6,32.2
2019-12-14,401166116,Illinois Fighting Illini,Old Dominion Monarchs,69,55,0,2,356,295,46.8,36.8
2019-12-14,401166117,Penn State Nittany Lions,Alabama Crimson Tide,73,71,0,2,213,333,36.5,35.5
2019-12-14,401166482,Eastern Washington Eagles,Multnomah Lions,146,89,0,2,331,109661,63.4,36.7
2019-12-14,401166484,Santa Clara Broncos,Sacramento State Hornets,60,58,0,2,2541,16,41.4,36.2
2019-12-14,401166485,Southern Utah Thunderbirds,UC Santa Barbara Gauchos,62,61,0,2,253,2540,45.8,39.2
2019-12-14,401166486,Utah Utes,Weber State Wildcats,60,49,1,2,254,2692,34.5,33.3
2019-12-14,401168248,Georgetown Hoyas,Syracuse Orange,89,79,0,2,46,183,44.3,48.4
2019-12-14,401168249,Kentucky Wildcats,Georgia Tech Yellow Jackets,67,53,0,2,96,59,47.1,43.4
2019-12-14,401168250,Louisville Cardinals,Eastern Kentucky Colonels,99,67,0,2,97,2198,63.0,36.5
2019-12-14,401168251,Miami Hurricanes,Alabama A&M Bulldogs,88,74,0,2,2390,2010,51.8,51.7
2019-12-14,401168252,Notre Dame Fighting Irish,UCLA Bruins,75,61,0,2,87,26,38.1,34.9
2019-12-14,401168253,Wake Forest Demon Deacons,Xavier Musketeers,80,78,0,2,154,2752,47.3,40.3
2019-12-14,401168295,Butler Bulldogs,Southern Jaguars,66,41,0,2,2086,2582,45.5,28.0
2019-12-14,401168321,Creighton Bluejays,UT Rio Grande Valley Vaqueros,89,58,0,2,156,292,57.1,39.7
2019-12-14,401168346,DePaul Blue Demons,UIC Flames,86,65,0,2,305,82,52.4,40.0
2019-12-14,401169462,Tennessee Volunteers,Memphis Tigers,47,51,0,2,2633,235,25.0,33.9
2019-12-14,401169463,Wichita State Shockers,Oklahoma Sooners,80,75,0,2,2724,201,40.9,37.3
2019-12-14,401169654,Kansas State Wildcats,Mississippi State Bulldogs,61,67,1,2,2306,344,32.6,39.7
2019-12-14,401169655,West Virginia Mountaineers,Nicholls Colonels,83,57,0,2,277,2447,44.3,36.1
2019-12-14,401169656,TCU Horned Frogs,Lamar Cardinals,79,50,0,2,2628,2320,46.4,33.3
2019-12-14,401169657,Kansas Jayhawks,Kansas City Roos,98,57,0,2,2305,140,57.6,42.3
2019-12-14,401169658,Texas Longhorns,Central Michigan Chippewas,87,76,0,2,251,2117,50.9,45.8
2019-12-14,401169784,Villanova Wildcats,Delaware Blue Hens,78,70,1,2,222,48,47.4,57.4
2019-12-14,401169883,Auburn Tigers,Saint Louis Billikens,67,61,1,2,2,139,35.5,37.9
2019-12-14,401169884,Ole Miss Rebels,Middle Tennessee Blue Raiders,82,64,0,2,145,2393,52.8,44.1
2019-12-14,401169885,Arkansas Razorbacks,Tulsa Golden Hurricane,98,79,0,2,8,202,56.7,43.8
2019-12-14,401169992,East Carolina Pirates,Campbell Fighting Camels,79,67,0,2,151,2097,47.1,39.1
2019-12-14,401170077,Portland Pilots,Evergreen State Geoducks,77,55,0,2,2501,2866,45.6,32.8
2019-12-14,401170174,St. Bonaventure Bonnies,Gannon Golden Knights,75,50,0,2,179,367,50.0,40.4
2019-12-14,401170175,Richmond Spiders,Charleston Cougars,78,71,0,2,257,232,52.5,44.3
2019-12-14,401170177,Duquesne Dukes,Radford Highlanders,71,49,1,2,2184,2515,50.9,31.6
2019-12-14,401170178,La Salle Explorers,Morgan State Bears,85,68,0,2,2325,2415,44.8,44.8
2019-12-14,401170411,Kennesaw State Owls,Gardner-Webb Runnin' Bulldogs,85,61,0,2,338,2241,47.5,36.1
2019-12-14,401170412,Southern Miss Golden Eagles,North Florida Ospreys,69,72,0,2,2572,2454,40.6,42.1
2019-12-14,401170413,St. Francis Brooklyn Terriers,NJIT Highlanders,73,71,0,2,2597,2885,40.0,40.0
2019-12-14,401170414,Jacksonville Dolphins,Middle Georgia Knights,93,79,0,2,294,109014,47.6,43.2
2019-12-14,401170622,Colorado State Rams,Colorado Buffaloes,48,56,0,2,36,38,29.0,37.8
2019-12-14,401170625,Oregon State Beavers,Arkansas-Pine Bluff Golden Lions,80,46,0,2,204,2029,58.5,36.2
2019-12-14,401170867,Hartford Hawks,Wagner Seahawks,71,63,0,2,42,2681,37.8,35.4
2019-12-14,401171471,Florida Atlantic Owls,High Point Panthers,81,64,0,2,2226,2272,53.8,49.0
2019-12-14,401171511,UNC Asheville Bulldogs,UT Martin Skyhawks,91,72,0,2,2427,2630,48.0,50.9
2019-12-14,401171554,Furman Paladins,Winthrop Eagles,80,73,0,2,231,2737,43.3,43.8
2019-12-14,401171592,Cal State Fullerton Titans,San Francisco Dons,69,91,0,2,2239,2539,51.9,51.6
2019-12-14,401171734,Oakland Golden Grizzlies,Michigan State Spartans,49,72,1,2,2473,127,26.2,44.8
2019-12-14,401171932,Canisius Golden Griffins,Holy Cross Crusaders,80,72,0,2,2099,107,50.0,41.0
2019-12-14,401172075,Rider Broncs,Long Island University Sharks,89,74,0,2,2520,112358,39.2,41.9
2019-12-14,401172241,Buffalo Bulls,Army Black Knights,76,89,0,2,2084,349,48.4,54.7
2019-12-14,401172317,Boston University Terriers,Dartmouth Big Green,78,76,0,2,104,159,58.7,44.6
2019-12-14,401172342,Fairleigh Dickinson Knights,Princeton Tigers,65,80,0,2,161,163,40.0,50.0
2019-12-14,401172490,Detroit Mercy Titans,Toledo Rockets,72,80,0,2,2174,2649,38.7,39.0
2019-12-14,401173695,Denver Pioneers,Air Force Falcons,75,79,0,2,2172,2005,49.2,46.3
2019-12-14,401173697,Boise State Broncos,Alabama State Hornets,100,57,0,2,68,2011,59.0,35.9
2019-12-14,401174446,IU Indianapolis Jaguars,Purdue Fort Wayne Mastodons,74,65,0,2,85,2870,44.8,38.8
2019-12-14,401174746,Coastal Carolina Chanticleers,North Carolina Central Eagles,91,71,0,2,324,2428,57.1,42.6
2019-12-14,401174747,Howard Bison,App State Mountaineers,59,81,0,2,47,2026,32.8,45.5
2019-12-14,401174748,Louisiana Tech Bulldogs,Louisiana Ragin' Cajuns,77,59,0,2,2348,309,45.8,32.8
2019-12-14,401175223,Loyola Marymount Lions,Prairie View A&M Panthers,79,76,0,2,2351,2504,46.3,47.3
2019-12-14,401176133,Wofford Terriers,North Greenville Trailblazers,112,66,0,2,2747,2822,66.1,36.5
2019-12-14,401177957,South Dakota Coyotes,Mayville State Comets,96,60,0,2,233,561,50.7,39.3
2019-12-14,401177960,South Dakota State Jackrabbits,Nebraska Kearney Lopers,66,53,0,2,2571,2438,43.9,41.5
2019-12-14,401189256,Elon Phoenix,North Carolina Wesleyan Battling Bishops,91,60,0,2,2210,286,57.4,41.2
2019-12-15,401166118,Minnesota Golden Gophers,Ohio State Buckeyes,84,71,0,2,135,194,54.4,38.3
2019-12-15,401166119,Nebraska Cornhuskers,Purdue Boilermakers,70,56,0,2,158,2509,42.6,30.4
2019-12-15,401166120,Northwestern Wildcats,SIU Edwardsville Cougars,72,54,0,2,77,2565,40.6,45.8
2019-12-15,401166483,Utah Valley Wolverines,Northern Arizona Lumberjacks,73,79,0,2,3084,2464,43.1,46.7
2019-12-15,401166487,Wyoming Cowboys,Northern Colorado Bears,53,74,0,2,2751,2458,44.4,47.3
2019-12-15,401166488,Idaho Vandals,Cal State Bakersfield Roadrunners,76,70,0,2,70,2934,51.8,35.1
2019-12-15,401168254,Boston College Eagles,Central Connecticut Blue Devils,74,55,0,2,103,2115,40.3,39.1
2019-12-15,401168255,North Carolina Tar Heels,Wofford Terriers,64,68,0,2,153,2747,36.5,37.9
2019-12-15,401168256,Virginia Tech Hokies,Gardner-Webb Runnin' Bulldogs,73,46,0,2,259,2241,43.9,29.1
2019-12-15,401168430,Providence Friars,Stony Brook Seawolves,82,78,0,2,2507,2619,40.0,43.5
2019-12-15,401168620,UNC Greensboro Spartans,NC State Wolfpack,77,80,0,2,2430,152,43.1,56.6
2019-12-15,401169464,Houston Cougars,Oklahoma State Cowboys,55,61,0,2,248,197,31.1,41.2
2019-12-15,401169886,Arizona State Sun Devils,Georgia Bulldogs,79,59,0,2,9,61,49.3,34.8
2019-12-15,401169887,Vanderbilt Commodores,Liberty Flames,56,61,0,2,238,2335,35.3,41.5
2019-12-15,401169888,Missouri Tigers,Southern Illinois Salukis,64,48,0,2,142,79,45.5,29.4
2019-12-15,401169889,Clemson Tigers,South Carolina Gamecocks,54,67,0,2,228,2579,28.0,45.1
2019-12-15,401169890,Texas A&M Aggies,Texas A&M-Corpus Christi Islanders,63,60,0,2,245,357,40.8,40.0
2019-12-15,401169977,Cincinnati Bearcats,Colgate Raiders,66,67,0,2,2132,2142,48.1,46.6
2019-12-15,401170022,South Florida Bulls,Drexel Dragons,81,61,0,2,58,2182,44.4,46.3
2019-12-15,401170053,UCF Knights,Sacred Heart Pioneers,76,65,0,2,2116,2529,43.1,38.8
2019-12-15,401170176,Dayton Flyers,Drake Bulldogs,78,47,0,2,2168,2181,49.1,28.6
2019-12-15,401170179,Fordham Rams,Tennessee State Tigers,61,66,0,2,2230,2634,40.0,43.6
2019-12-15,401170415,Stetson Hatters,Longwood Lancers,72,76,0,2,56,2344,50.0,43.1
2019-12-15,401170623,Arizona Wildcats,Gonzaga Bulldogs,80,84,0,2,12,2250,38.5,47.5
2019-12-15,401170624,California Golden Bears,Saint Mary's Gaels,77,89,0,2,25,2608,50.0,54.3
2019-12-15,401170626,San José State Spartans,Stanford Cardinal,58,78,0,2,23,24,29.8,50.0
2019-12-15,401170627,USC Trojans,Long Beach State Beach,87,76,0,2,30,299,49.3,47.5
2019-12-15,401170628,Washington State Cougars,UC Riverside Highlanders,70,56,0,2,265,27,42.1,44.7
2019-12-15,401170914,Maine Black Bears,Quinnipiac Bobcats,61,81,0,2,311,2514,40.4,50.0
2019-12-15,401171564,Cal Poly Mustangs,Fresno State Bulldogs,37,62,0,2,13,278,24.5,43.4
2019-12-15,401171635,San Diego Toreros,UC Davis Aggies,58,54,0,2,301,302,40.7,31.0
2019-12-15,401171658,UC Irvine Anteaters,Pacific Union PACIFIC UNION,120,63,0,2,300,594,66.2,37.5
2019-12-15,401171922,UAlbany Great Danes,Niagara Purple Eagles,84,80,0,2,399,315,56.0,49.1
2019-12-15,401172000,Manhattan Jaspers,Western Michigan Broncos,58,59,0,2,2363,2711,38.8,37.3
2019-12-15,401172455,William & Mary Tribe,Goucher Gophers,90,30,0,2,2729,2251,41.6,22.4
2019-12-15,401172464,Bowling Green Falcons,Cleveland State Vikings,72,58,0,2,189,325,48.2,47.1
2019-12-15,401172514,Green Bay Phoenix,Evansville Purple Aces,62,72,0,2,2739,339,33.3,38.1
2019-12-15,401172617,Akron Zips,Concord Mountain Lions,100,50,0,2,2006,2148,55.7,25.7
2019-12-15,401172618,Miami (OH) RedHawks,Mississippi Valley State Delta Devils,79,67,0,2,193,2400,41.7,40.6
2019-12-15,401173001,Rice Owls,Houston Christian Huskies,96,84,0,2,242,2277,53.0,51.5
2019-12-15,401173233,Stephen F. Austin Lumberjacks,UL Monroe Warhawks,66,59,0,2,2617,2433,41.5,43.9
2019-12-15,401173494,Bradley Braves,Georgia Southern Eagles,81,51,0,2,71,290,53.3,30.2
2019-12-15,401173558,Northern Kentucky Norse,Illinois State Redbirds,79,64,0,2,94,2287,52.8,49.1
2019-12-15,401173597,Loyola Chicago Ramblers,Norfolk State Spartans,64,45,0,2,2350,2450,42.0,37.8
2019-12-15,401173696,New Mexico Lobos,New Mexico State Aggies,69,62,0,2,167,166,42.0,43.6
2019-12-15,401174043,Milwaukee Panthers,Eastern Illinois Panthers,68,75,0,2,270,2197,30.4,49.1
2019-12-15,401174416,Pacific Tigers,Cal State Northridge Matadors,79,73,0,2,279,2463,53.7,52.1
2019-12-15,401174749,Chattanooga Mocs,Troy Trojans,84,80,0,2,236,2653,42.2,49.2
2019-12-15,401174750,Texas State Bobcats,Bethany (KS) BETHANY (KS),117,65,0,2,326,492,69.6,40.7
2019-12-15,401174948,Oral Roberts Golden Eagles,Central Oklahoma Bronchos,69,57,0,2,198,2122,43.2,41.2
2019-12-15,401174949,Omaha Mavericks,UT Rio Grande Valley Vaqueros,92,82,0,2,2437,292,62.1,41.4
2019-12-15,401175157,California Baptist Lancers,Bethune-Cookman Wildcats,87,68,0,2,2856,2065,53.3,34.3
2019-12-15,401175174,Utah State Aggies,BYU Cougars,64,68,1,2,328,252,40.0,47.5
2019-12-15,401175224,Pepperdine Waves,Central Arkansas Bears,92,79,0,2,2492,2110,44.8,39.4
2019-12-15,401175477,East Tennessee State Buccaneers,Milligan Buffaloes,97,41,0,2,2193,2397,52.9,24.6
2019-12-15,401175692,UMBC Retrievers,Coppin State Eagles,86,77,0,2,2378,2154,48.3,41.7
2019-12-15,401176011,UTSA Roadrunners,UT Permian Basin Falcons,98,55,0,2,2636,3081,46.6,33.8
2019-12-15,401176041,UAB Blazers,Montevallo Falcons,75,63,0,2,5,2409,54.9,33.3
2019-12-15,401176224,Grambling Tigers,Rust Bearcats,82,54,0,2,2755,2892,55.9,30.5
2019-12-15,401176406,LSU New Orleans Privateers,Williams Baptist Eagles,103,59,0,2,2443,2981,59.1,40.7
2019-12-15,401176407,Sam Houston Bearkats,Wiley Wildcats,91,58,0,2,2534,2728,42.9,33.9
2019-12-16,401170180,VCU Rams,Missouri State Bears,61,51,0,2,2670,2623,33.9,40.0
2019-12-16,401174431,Hawai'i Rainbow Warriors,Samford Bulldogs,94,73,0,2,62,2535,51.6,40.3
2019-12-16,401175054,Youngstown State Penguins,Southeast Missouri State Redhawks,65,50,0,2,2754,2546,51.0,33.9
2019-12-16,401175849,Morgan State Bears,Chestnut Hill Griffins,96,72,0,2,2415,469,53.8,42.3
2019-12-17,401166489,Idaho State Bengals,UC Santa Barbara Gauchos,68,74,0,2,304,2540,46.2,42.6
2019-12-17,401166490,North Dakota State Bison,Montana State Bobcats,79,65,0,2,2449,147,46.4,49.1
2019-12-17,401168257,Pittsburgh Panthers,Northern Illinois Huskies,59,50,0,2,221,2459,38.2,35.6
2019-12-17,401168390,Georgetown Hoyas,UMBC Retrievers,81,55,0,2,46,2378,49.3,35.0
2019-12-17,401169659,Texas Tech Red Raiders,Southern Miss Golden Eagles,71,65,0,2,2641,2572,37.5,47.3
2019-12-17,401170036,Tulane Green Wave,Alcorn State Braves,68,57,0,2,2655,2016,35.5,44.2
2019-12-17,401170416,Murray State Racers,Kennesaw State Owls,74,38,0,2,93,338,41.9,24.4
2019-12-17,401170419,UNC Asheville Bulldogs,Stetson Hatters,78,76,0,2,2427,56,43.3,62.2
2019-12-17,401171405,James Madison Dukes,Charleston Southern Buccaneers,81,60,0,2,256,2127,50.0,32.1
2019-12-17,401171555,Winthrop Eagles,SIU Edwardsville Cougars,93,73,0,2,2737,2565,50.8,47.6
2019-12-17,401171636,UC Davis Aggies,Loyola Marymount Lions,67,65,0,2,302,2351,45.8,57.1
2019-12-17,401171659,UC Irvine Anteaters,Kent State Golden Flashes,74,68,1,2,300,2309,45.9,42.3
2019-12-17,401171805,Delaware Blue Hens,Delaware State Hornets,86,78,1,2,48,2169,53.7,41.4
2019-12-17,401171980,Princeton Tigers,Iona Gaels,90,86,1,2,163,314,53.8,56.6
2019-12-17,401172019,Rider Broncs,Marist Red Foxes,74,64,0,2,2520,2368,40.0,52.1
2019-12-17,401172392,UNC Wilmington Seahawks,Mercer Bears,63,72,0,2,350,2382,41.4,40.6
2019-12-17,401173538,Jacksonville State Gamecocks,Evansville Purple Aces,85,59,0,2,55,339,55.7,40.4
2019-12-17,401173643,Charlotte 49ers,Valparaiso Beacons,67,57,0,2,2429,2674,50.0,45.3
2019-12-17,401174044,Western Illinois Leathernecks,Eastern Illinois Panthers,47,85,0,2,2710,2197,29.1,48.4
2019-12-17,401175055,Morehead State Eagles,Marshall Thundering Herd,62,89,0,2,2413,276,38.0,45.5
2019-12-17,401175225,Portland Pilots,Florida A&M Rattlers,66,60,0,2,2501,50,45.7,37.3
2019-12-17,401175805,UTEP Miners,North Carolina A&T Aggies,72,54,0,2,2638,2448,46.8,34.5
2019-12-17,401176240,Jackson State Tigers,Southeastern Baptist Chargers,113,67,0,2,2296,111951,57.9,34.8
2019-12-18,401166121,Ohio State Buckeyes,Southeast Missouri State Redhawks,80,48,0,2,194,2546,58.8,26.7
2019-12-18,401166491,Eastern Washington Eagles,Omaha Mavericks,97,56,0,2,331,2437,54.2,33.3
2019-12-18,401166492,Pepperdine Waves,Portland State Vikings,77,71,0,2,2492,2502,41.8,38.3
2019-12-18,401166493,Weber State Wildcats,Bethesda Flames,109,62,0,2,2692,3246,59.7,36.1
2019-12-18,401166494,Northern Colorado Bears,Denver Pioneers,86,64,0,2,2458,2172,48.3,50.0
2019-12-18,401168258,Florida State Seminoles,North Florida Ospreys,98,81,0,2,52,2454,56.9,46.4
2019-12-18,401168259,Temple Owls,Miami Hurricanes,77,78,1,2,218,2390,40.6,50.0
2019-12-18,401168264,Virginia Cavaliers,Stony Brook Seawolves,56,44,0,2,258,2619,40.4,37.8
2019-12-18,401168322,Creighton Bluejays,Oklahoma Sooners,83,73,0,2,156,201,36.8,33.3
2019-12-18,401168410,Marquette Golden Eagles,Grambling Tigers,93,72,0,2,269,2755,51.8,41.9
2019-12-18,401168431,Providence Friars,Florida Gators,51,83,1,2,2507,57,25.9,50.9
2019-12-18,401169794,Xavier Musketeers,Western Carolina Catamounts,74,61,0,2,2752,2717,49.1,36.1
2019-12-18,401169896,Vanderbilt Commodores,Loyola Chicago Ramblers,70,78,1,2,238,2350,47.2,56.0
2019-12-18,401169993,East Carolina Pirates,Maryland Eastern Shore Hawks,71,57,0,2,151,2379,44.2,35.5
2019-12-18,401170181,Dayton Flyers,North Texas Mean Green,71,58,0,2,2168,249,50.0,39.6
2019-12-18,401170182,Saint Louis Billikens,Maryville (MO) MARYVILLE UNIVERSITY (MO),82,69,0,2,139,310,42.2,51.9
2019-12-18,401170417,Lipscomb Bisons,Tennessee Tech Golden Eagles,78,60,0,2,288,2635,50.9,42.6
2019-12-18,401170418,UAB Blazers,North Alabama Lions,63,56,0,2,5,2453,43.4,38.0
2019-12-18,401170629,Stanford Cardinal,San Francisco Dons,64,56,0,2,24,2539,47.9,38.6
2019-12-18,401170630,Washington Huskies,Seattle U Redhawks,81,59,0,2,264,2547,58.3,36.1
2019-12-18,401170632,UTSA Roadrunners,Oregon State Beavers,78,88,1,2,2636,204,45.0,55.8
2019-12-18,401171017,Campbell Fighting Camels,Elon Phoenix,60,46,0,2,2097,2210,44.0,34.8
2019-12-18,401172217,Mount St. Mary's Mountaineers,American University Eagles,76,82,0,2,116,44,44.6,46.2
2019-12-18,401172318,Dartmouth Big Green,Central Connecticut Blue Devils,76,60,0,2,159,2115,49.1,38.3
2019-12-18,401172419,Eastern Michigan Eagles,Northeastern Huskies,60,55,0,2,2199,111,43.8,32.7
2019-12-18,401172619,Robert Morris Colonials,Central Michigan Chippewas,83,79,0,2,2523,2117,47.5,47.4
2019-12-18,401172620,Kansas City Roos,Toledo Rockets,72,57,0,2,140,2649,45.0,33.3
2019-12-18,401172763,Ohio Bobcats,Purdue Boilermakers,51,69,0,2,195,2509,37.3,49.0
2019-12-18,401173517,Drake Bulldogs,Mount Marty Lancers,92,74,0,2,2181,573,54.7,38.5
2019-12-18,401173698,Air Force Falcons,Johnson & Wales (CO) Wildcats,99,42,0,2,2005,3094,62.7,25.9
2019-12-18,401173699,New Mexico Lobos,Grand Canyon Lopes,91,71,0,2,167,2253,55.4,48.3
2019-12-18,401173881,Austin Peay Governors,McKendree Bearcats,80,61,0,2,2046,2816,48.3,54.5
2019-12-18,401174751,South Alabama Jaguars,Alabama A&M Bulldogs,89,79,0,2,6,2010,58.9,39.1
2019-12-18,401174950,Chicago State Cougars,Oral Roberts Golden Eagles,59,97,0,2,2130,198,38.0,54.4
2019-12-18,401175132,Wright State Raiders,Mississippi Valley State Delta Devils,92,50,0,2,2750,2400,48.6,26.0
2019-12-18,401175836,Louisiana Tech Bulldogs,North Carolina Central Eagles,69,60,0,2,2348,2428,44.0,54.8
2019-12-18,401176408,Central Arkansas Bears,Incarnate Word Cardinals,88,82,0,2,2110,2916,47.6,40.0
2019-12-18,401176435,Saint Francis Red Wolves,Franciscan Barons,115,66,0,2,2598,111170,66.7,40.8
2019-12-18,401176814,North Dakota Fighting Hawks,Northland Lumberjacks,109,50,0,2,155,2462,64.3,32.8
2019-12-18,401189763,North Carolina A&T Aggies,Kent State Golden Flashes,71,85,1,2,2448,2309,34.9,40.9
2019-12-18,401189764,UTEP Miners,UC Irvine Anteaters,67,61,0,2,2638,300,33.3,42.6
2019-12-19,401166122,Northwestern Wildcats,Michigan State Spartans,72,77,0,2,77,127,42.6,45.9
2019-12-19,401166495,Oregon Ducks,Montana Grizzlies,81,48,0,2,2483,149,54.2,36.5
2019-12-19,401166496,Sacramento State Hornets,Cal Poly Mustangs,57,56,0,2,16,13,35.7,39.2
2019-12-19,401168260,Georgia Tech Yellow Jackets,Ball State Cardinals,47,65,0,2,59,2050,33.3,48.1
2019-12-19,401168261,Gonzaga Bulldogs,North Carolina Tar Heels,94,81,0,2,2250,153,59.3,45.6
2019-12-19,401168262,Louisville Cardinals,Miami (OH) RedHawks,70,46,0,2,97,193,39.7,27.3
2019-12-19,401168263,Syracuse Orange,Oakland Golden Grizzlies,74,62,0,2,183,2473,41.4,43.2
2019-12-19,401168347,Cleveland State Vikings,DePaul Blue Demons,65,73,0,2,325,305,45.3,48.9
2019-12-19,401168465,St. John's Red Storm,UAlbany Great Danes,85,57,0,2,2599,399,50.7,35.7
2019-12-19,401169660,Baylor Bears,UT Martin Skyhawks,91,63,1,2,239,2630,55.7,35.0
2019-12-19,401169891,Kentucky Wildcats,Utah Utes,66,69,1,2,96,254,41.3,54.8
2019-12-19,401169892,LSU Tigers,East Tennessee State Buccaneers,63,74,0,2,99,2193,47.2,45.6
2019-12-19,401169893,Samford Bulldogs,Alabama Crimson Tide,87,105,0,2,2535,333,48.5,51.6
2019-12-19,401169894,Mississippi State Bulldogs,Radford Highlanders,77,68,0,2,344,2515,46.2,42.6
2019-12-19,401169895,Cincinnati Bearcats,Tennessee Volunteers,78,66,0,2,2132,2633,56.4,45.1
2019-12-19,401169983,UConn Huskies,Saint Peter's Peacocks,66,56,0,2,41,2612,53.5,39.6
2019-12-19,401170023,Utah State Aggies,South Florida Bulls,76,74,1,2,328,58,51.0,46.7
2019-12-19,401170054,UCF Knights,Bethune-Cookman Wildcats,70,65,0,2,2116,2065,42.9,36.2
2019-12-19,401170184,La Salle Explorers,Wagner Seahawks,74,60,0,2,2325,2681,37.7,32.8
2019-12-19,401170185,Old Dominion Monarchs,Richmond Spiders,59,62,0,2,295,257,40.4,41.2
2019-12-19,401170420,South Dakota State Jackrabbits,Florida Gulf Coast Eagles,75,56,0,2,2571,526,49.1,39.3
2019-12-19,401170421,Presbyterian Blue Hose,Jacksonville Dolphins,58,81,0,2,2506,294,43.5,49.2
2019-12-19,401170422,Belmont Bruins,Kennesaw State Owls,83,44,0,2,2057,338,54.0,32.3
2019-12-19,401170631,Arizona State Sun Devils,Saint Mary's Gaels,56,96,1,2,9,2608,35.9,59.6
2019-12-19,401170840,Youngstown State Penguins,Binghamton Bearcats,73,55,0,2,2754,2066,43.5,36.8
2019-12-19,401170957,Marist Red Foxes,New Hampshire Wildcats,56,64,0,2,2368,160,35.6,42.6
2019-12-19,401170991,Vermont Catamounts,UNC Greensboro Spartans,53,54,0,2,261,2430,40.9,39.2
2019-12-19,401171429,Gardner-Webb Runnin' Bulldogs,Bob Jones Bruins,94,70,0,2,2241,3243,49.3,45.5
2019-12-19,401171451,Southern Illinois Salukis,Hampton Pirates,75,53,0,2,79,2261,49.1,39.6
2019-12-19,401171472,High Point Panthers,Valparaiso Beacons,72,87,0,2,2272,2674,50.0,52.5
2019-12-19,401171691,Charleston Cougars,VCU Rams,71,76,0,2,232,2670,47.1,46.0
2019-12-19,401171933,Buffalo Bulls,Canisius Golden Griffins,82,73,0,2,2084,2099,49.3,37.7
2019-12-19,401172052,St. Bonaventure Bonnies,Niagara Purple Eagles,87,70,0,2,179,315,50.0,41.2
2019-12-19,401172515,Green Bay Phoenix,Concordia Chicago Cougars,126,64,0,2,2739,2151,65.4,33.8
2019-12-19,401172621,Western Michigan Broncos,Aquinas Saints,84,61,0,2,2711,486,59.3,41.0
2019-12-19,401172941,LSU New Orleans Privateers,Abilene Christian Wildcats,71,77,0,2,2443,2000,45.8,48.0
2019-12-19,401172981,Lamar Cardinals,SE Louisiana Lions,79,73,0,2,2320,2545,39.5,44.4
2019-12-19,401173002,Stephen F. Austin Lumberjacks,Houston Christian Huskies,96,68,0,2,2617,2277,49.2,33.3
2019-12-19,401173024,McNeese Cowboys,Paul Quinn Tigers,109,67,0,2,2377,2491,60.3,35.7
2019-12-19,401173046,Nicholls Colonels,Texas A&M-Corpus Christi Islanders,64,58,0,2,2447,357,36.9,33.3
2019-12-19,401173063,Sam Houston Bearkats,Northwestern State Demons,92,79,0,2,2534,2466,44.6,49.1
2019-12-19,401173559,Illinois State Redbirds,UIC Flames,67,66,0,2,2287,82,45.3,42.4
2019-12-19,401173581,Indiana State Sycamores,Tennessee State Tigers,78,72,0,2,282,2634,39.0,47.5
2019-12-19,401173700,UNLV Rebels,Pacific Tigers,66,74,0,2,2439,279,43.8,44.6
2019-12-19,401173701,Wyoming Cowboys,Utah Valley Wolverines,67,69,0,2,2751,3084,48.1,46.9
2019-12-19,401173702,Nevada Wolf Pack,Texas Southern Tigers,91,73,0,2,2440,2640,47.4,29.7
2019-12-19,401173703,Santa Clara Broncos,San José State Spartans,89,84,0,2,2541,23,55.8,45.6
2019-12-19,401173848,South Carolina State Bulldogs,South Carolina Upstate Spartans,70,73,0,2,2569,2908,43.8,46.3
2019-12-19,401174165,Jacksonville State Gamecocks,Delaware State Hornets,92,80,0,2,55,2169,59.3,47.5
2019-12-19,401174752,Arkansas State Red Wolves,Louisiana Ragin' Cajuns,79,67,0,2,2032,309,50.0,37.5
2019-12-19,401175158,California Baptist Lancers,Southern Jaguars,78,61,0,2,2856,2582,44.4,41.4
2019-12-19,401175744,New Mexico State Aggies,Arkansas-Pine Bluff Golden Lions,65,40,0,2,166,2029,44.9,34.8
2019-12-19,401175756,Howard Bison,Regent Royals,105,47,0,2,47,111926,56.3,29.2
2019-12-19,401175978,Rice Owls,St. Thomas (TX) Celts,103,70,0,2,242,3170,52.8,37.0
2019-12-19,401176059,Florida International Panthers,Florida Memorial FLORIDA MEMORIAL,99,74,0,2,2229,2227,48.0,37.8
2019-12-19,401182455,San Diego State Aztecs,San Diego Christian Hawks,92,48,0,2,21,3096,52.4,33.3
2019-12-20,401166123,Penn State Nittany Lions,Central Connecticut Blue Devils,87,58,0,2,213,2115,54.1,33.9
2019-12-20,401166497,Cal State Bakersfield Roadrunners,Montana State Bobcats,74,72,0,2,2934,147,50.9,51.1
2019-12-20,401166498,UC Riverside Highlanders,Northern Arizona Lumberjacks,56,63,0,2,27,2464,44.4,41.2
2019-12-20,401166499,Long Beach State Beach,Southern Utah Thunderbirds,63,84,0,2,299,253,41.1,47.7
2019-12-20,401166500,Loyola Marymount Lions,Portland State Vikings,66,76,0,2,2351,2502,39.1,50.0
2019-12-20,401168265,Duke Blue Devils,Wofford Terriers,86,57,0,2,150,2747,54.2,35.5
2019-12-20,401168447,Seton Hall Pirates,Maryland Terrapins,52,48,0,2,2550,120,37.3,26.9
2019-12-20,401168621,Auburn Tigers,NC State Wolfpack,79,73,0,2,2,152,44.6,42.9
2019-12-20,401170037,Akron Zips,Tulane Green Wave,62,61,1,2,2006,2655,37.5,40.6
2019-12-20,401170187,Saint Joseph's Hawks,William & Mary Tribe,84,69,0,2,2603,2729,42.9,39.3
2019-12-20,401170423,Liberty Flames,Towson Tigers,66,54,1,2,2335,119,46.3,43.8
2019-12-20,401170633,Colorado Buffaloes,Prairie View A&M Panthers,83,64,0,2,38,2504,50.0,36.8
2019-12-20,401170634,Washington State Cougars,Florida A&M Rattlers,87,73,0,2,265,50,52.5,46.7
2019-12-20,401170830,Houston Cougars,UTEP Miners,77,57,0,2,248,2638,43.9,32.8
2019-12-20,401171495,Longwood Lancers,The Citadel Bulldogs,99,102,0,2,2344,2643,43.5,42.9
2019-12-20,401171780,Drexel Dragons,Quinnipiac Bobcats,72,63,1,2,2182,2514,39.0,39.7
2019-12-20,401171871,Princeton Tigers,Hofstra Pride,72,87,0,2,163,2275,41.9,49.2
2019-12-20,401172420,Detroit Mercy Titans,Northeastern Huskies,61,74,0,2,2174,111,35.2,43.9
2019-12-20,401172622,Chicago State Cougars,Northern Illinois Huskies,60,75,0,2,2130,2459,35.7,40.4
2019-12-20,401172838,Lafayette Leopards,Widener Pride,96,56,0,2,322,2725,57.9,29.0
2019-12-20,401172839,Navy Midshipmen,Mount St. Mary's Mountaineers,59,48,0,2,2426,116,45.0,33.9
2019-12-20,401174068,Marshall Thundering Herd,Eastern Kentucky Colonels,90,72,0,2,276,2198,46.4,35.9
2019-12-20,401174753,Georgia Southern Eagles,Texas State Bobcats,67,64,0,2,290,326,42.0,51.0
2019-12-20,401174754,Georgia State Panthers,UT Arlington Mavericks,83,77,0,2,2247,250,40.9,40.0
2019-12-20,401174755,South Alabama Jaguars,App State Mountaineers,71,81,0,2,6,2026,43.9,54.4
2019-12-20,401174756,Troy Trojans,Coastal Carolina Chanticleers,77,59,0,2,2653,324,40.4,35.8
2019-12-20,401174757,UL Monroe Warhawks,Little Rock Trojans,72,73,0,2,2433,2031,54.2,48.9
2019-12-20,401175226,Portland Pilots,Jackson State Tigers,63,73,0,2,2501,2296,39.1,47.5
2019-12-20,401175770,Charlotte 49ers,Maryland Eastern Shore Hawks,66,44,0,2,2429,2379,40.4,28.0
2019-12-20,401175899,Florida Atlantic Owls,Tampa Spartans,84,35,0,2,2226,2626,54.2,25.0
2019-12-20,401176183,Alcorn State Braves,Ecclesia Royals,122,71,0,2,2016,3120,55.7,42.6
2019-12-20,401177961,Western Illinois Leathernecks,Holy Family Tigers,91,64,0,2,2710,420,47.8,33.8
2019-12-21,401166124,Purdue Boilermakers,Butler Bulldogs,61,70,1,2,2509,2086,33.3,46.7
2019-12-21,401166125,Kentucky Wildcats,Ohio State Buckeyes,65,71,1,2,96,194,42.4,50.0
2019-12-21,401166126,Nebraska Cornhuskers,North Dakota Fighting Hawks,74,75,0,2,158,155,47.5,47.5
2019-12-21,401166127,Wisconsin Badgers,Milwaukee Panthers,83,64,0,2,275,270,50.0,42.3
2019-12-21,401166128,Michigan Wolverines,Presbyterian Blue Hose,86,44,0,2,130,2506,52.8,28.3
2019-12-21,401166501,South Dakota Coyotes,Northern Colorado Bears,68,87,0,2,233,2458,48.2,51.6
2019-12-21,401166502,Gonzaga Bulldogs,Eastern Washington Eagles,112,77,0,2,2250,331,47.9,44.6
2019-12-21,401166504,Omaha Mavericks,Montana Grizzlies,87,82,0,2,2437,149,43.1,40.8
2019-12-21,401166505,Pepperdine Waves,Northern Arizona Lumberjacks,75,73,0,2,2492,2464,50.0,45.6
2019-12-21,401166507,South Dakota State Jackrabbits,Idaho Vandals,85,57,0,2,2571,70,48.4,40.0
2019-12-21,401168266,Pittsburgh Panthers,Binghamton Bearcats,79,53,0,2,221,2066,44.1,39.3
2019-12-21,401168267,California Golden Bears,Boston College Eagles,60,64,1,2,25,103,43.4,41.3
2019-12-21,401168268,Indiana Hoosiers,Notre Dame Fighting Irish,62,60,1,2,84,87,41.0,37.5
2019-12-21,401168269,Miami Hurricanes,Coppin State Eagles,91,60,0,2,2390,2154,50.9,30.3
2019-12-21,401168270,North Carolina Tar Heels,UCLA Bruins,74,64,1,2,153,26,41.8,42.4
2019-12-21,401168271,Florida State Seminoles,South Florida Bulls,66,60,1,2,52,58,40.0,42.9
2019-12-21,401168272,Syracuse Orange,North Florida Ospreys,82,70,0,2,183,2454,45.8,40.0
2019-12-21,401168273,Virginia Tech Hokies,VMI Keydets,64,55,0,2,259,2678,34.4,41.2
2019-12-21,401168274,Wake Forest Demon Deacons,North Carolina A&T Aggies,76,64,0,2,154,2448,42.6,43.6
2019-12-21,401168391,Georgetown Hoyas,Samford Bulldogs,99,71,0,2,46,2535,48.7,40.7
2019-12-21,401168411,Marquette Golden Eagles,North Dakota State Bison,82,68,0,2,269,2449,42.6,38.8
2019-12-21,401168432,Providence Friars,Texas Longhorns,70,48,0,2,2507,251,38.8,31.7
2019-12-21,401169465,Wichita State Shockers,VCU Rams,73,63,0,2,2724,2670,42.4,37.7
2019-12-21,401169661,Villanova Wildcats,Kansas Jayhawks,56,55,0,2,222,2305,34.9,43.6
2019-12-21,401169662,Youngstown State Penguins,West Virginia Mountaineers,64,75,0,2,2754,277,36.4,46.9
2019-12-21,401169663,Oklahoma Sooners,UCF Knights,53,52,0,2,201,2116,32.3,31.3
2019-12-21,401169664,Oklahoma State Cowboys,Minnesota Golden Gophers,66,86,1,2,197,135,41.7,58.2
2019-12-21,401169666,Texas Tech Red Raiders,UT Rio Grande Valley Vaqueros,68,58,0,2,2641,292,44.9,38.1
2019-12-21,401169897,Georgia Bulldogs,SMU Mustangs,87,85,0,2,61,2567,45.2,40.2
2019-12-21,401169898,Tennessee Volunteers,Jacksonville State Gamecocks,75,53,0,2,2633,55,48.4,37.0
2019-12-21,401169899,Alabama Crimson Tide,Belmont Bruins,92,72,1,2,333,2057,50.7,40.3
2019-12-21,401169900,Auburn Tigers,Lehigh Mountain Hawks,74,51,0,2,2,2329,41.8,35.8
2019-12-21,401169904,Florida Gators,Utah State Aggies,62,65,1,2,57,328,32.3,45.3
2019-12-21,401169905,Ole Miss Rebels,SE Louisiana Lions,83,76,1,2,145,2545,51.7,58.2
2019-12-21,401169906,Missouri Tigers,Illinois Fighting Illini,63,56,1,2,142,356,42.6,36.0
2019-12-21,401170005,Memphis Tigers,Jackson State Tigers,77,49,0,2,235,2296,55.2,32.3
2019-12-21,401170028,Temple Owls,Rider Broncs,78,66,0,2,218,2520,51.7,32.9
2019-12-21,401170047,Tulsa Golden Hurricane,Colorado State Rams,104,111,0,2,202,36,44.0,51.4
2019-12-21,401170188,Fordham Rams,James Madison Dukes,69,75,0,2,2230,256,47.1,39.7
2019-12-21,401170189,Massachusetts Minutemen,Maine Black Bears,74,53,0,2,113,311,43.9,39.6
2019-12-21,401170190,Middle Tennessee Blue Raiders,St. Bonaventure Bonnies,65,66,0,2,2393,179,40.8,41.9
2019-12-21,401170191,Colorado Buffaloes,Dayton Flyers,78,76,1,2,38,2168,39.7,50.0
2019-12-21,401170192,Austin Peay Governors,Duquesne Dukes,77,86,1,2,2046,2184,45.8,51.0
2019-12-21,401170193,George Mason Patriots,UMBC Retrievers,69,53,0,2,2244,2378,41.8,37.3
2019-12-21,401170194,George Washington Revolutionaries,Harvard Crimson,75,88,0,2,45,108,45.8,55.6
2019-12-21,401170195,Rhode Island Rams,Western Kentucky Hilltoppers,86,82,0,2,227,98,37.2,42.4
2019-12-21,401170199,La Salle Explorers,Fairleigh Dickinson Knights,66,58,0,2,2325,161,39.0,37.7
2019-12-21,401170424,Alabama A&M Bulldogs,North Alabama Lions,92,80,0,2,2010,2453,45.5,50.9
2019-12-21,401170425,Clemson Tigers,Jacksonville Dolphins,68,39,0,2,228,294,43.9,25.5
2019-12-21,401170426,Vermont Catamounts,Lipscomb Bisons,86,63,0,2,261,288,46.7,32.3
2019-12-21,401170636,Stanford Cardinal,San Diego Toreros,62,59,1,2,24,301,43.4,36.5
2019-12-21,401170637,San Diego State Aztecs,Utah Utes,80,52,1,2,21,254,49.2,32.6
2019-12-21,401170936,UMass Lowell River Hawks,Boston University Terriers,62,74,0,2,2349,104,31.3,45.3
2019-12-21,401170977,American University Eagles,Stony Brook Seawolves,74,77,0,2,44,2619,49.2,46.0
2019-12-21,401171018,Campbell Fighting Camels,Johnson & Wales-Charlotte JOHNSON & WALES-CHARLOTTE,82,59,0,2,2097,3169,45.9,36.4
2019-12-21,401171473,High Point Panthers,Belmont Abbey Crusaders,92,66,0,2,2272,2058,47.8,41.1
2019-12-21,401171512,UNC Asheville Bulldogs,Chattanooga Mocs,64,68,0,2,2427,236,44.4,41.8
2019-12-21,401171556,Winthrop Eagles,Elon Phoenix,85,80,0,2,2737,2210,43.9,45.3
2019-12-21,401171637,San Francisco Dons,UC Davis Aggies,93,84,0,2,2539,302,50.0,50.9
2019-12-21,401171660,UIC Flames,UC Irvine Anteaters,76,67,0,2,82,300,49.1,40.7
2019-12-21,401171677,UC Santa Barbara Gauchos,Southern Jaguars,77,68,0,2,2540,2582,49.0,46.3
2019-12-21,401171692,Charleston Cougars,South Carolina State Bulldogs,73,61,0,2,232,2569,48.3,43.1
2019-12-21,401171833,Long Island University Sharks,Delaware Blue Hens,82,75,0,2,112358,48,48.4,46.0
2019-12-21,401171923,Monmouth Hawks,UAlbany Great Danes,72,70,0,2,2405,399,35.8,48.1
2019-12-21,401171958,Oakland Golden Grizzlies,Fairfield Stags,59,61,0,2,2473,2217,39.0,39.7
2019-12-21,401172020,Bethune-Cookman Wildcats,Marist Red Foxes,85,56,0,2,2065,2368,44.4,31.7
2019-12-21,401172053,Buffalo Bulls,Niagara Purple Eagles,92,72,0,2,2084,315,58.3,42.0
2019-12-21,401172084,Siena Saints,Bucknell Bison,81,71,0,2,2561,2083,45.1,44.4
2019-12-21,401172242,Wagner Seahawks,Army Black Knights,82,62,0,2,2681,349,42.6,48.9
2019-12-21,401172319,Dartmouth Big Green,Bryant Bulldogs,60,64,0,2,159,2803,39.3,44.2
2019-12-21,401172330,Pennsylvania Quakers,Widener Pride,105,57,0,2,219,2725,55.2,34.8
2019-12-21,401172465,East Tennessee State Buccaneers,Cleveland State Vikings,80,55,0,2,2193,325,45.6,37.0
2019-12-21,401172491,Detroit Mercy Titans,SIU Edwardsville Cougars,81,55,0,2,2174,2565,44.1,37.3
2019-12-21,401172516,Northern Illinois Huskies,Green Bay Phoenix,84,85,0,2,2459,2739,47.8,47.6
2019-12-21,401172623,Bowling Green Falcons,Norfolk State Spartans,67,72,1,2,189,2450,40.6,39.7
2019-12-21,401172624,Toledo Rockets,Wright State Raiders,72,79,0,2,2649,2750,38.8,41.9
2019-12-21,401172744,Miami (OH) RedHawks,Bradley Braves,71,55,0,2,193,71,39.0,32.7
2019-12-21,401172764,Ohio Bobcats,Morehead State Eagles,82,76,0,2,195,2413,54.7,47.4
2019-12-21,401172982,Northwestern State Demons,Lamar Cardinals,67,61,0,2,2466,2320,45.1,38.9
2019-12-21,401173025,McNeese Cowboys,Stephen F. Austin Lumberjacks,73,81,0,2,2377,2617,44.9,53.6
2019-12-21,401173518,Air Force Falcons,Drake Bulldogs,80,85,0,2,2005,2181,55.1,52.5
2019-12-21,401173560,UTSA Roadrunners,Illinois State Redbirds,89,70,0,2,2636,2287,43.9,40.3
2019-12-21,401173611,Oral Roberts Golden Eagles,Missouri State Bears,82,72,0,2,198,2623,46.6,43.1
2019-12-21,401173637,Southern Illinois Salukis,Southeast Missouri State Redhawks,64,45,0,2,79,2546,42.6,33.3
2019-12-21,401173705,Denver Pioneers,Wyoming Cowboys,66,72,0,2,2172,2751,36.2,40.0
2019-12-21,401173707,UNLV Rebels,Robert Morris Colonials,81,69,0,2,2439,2523,55.4,48.9
2019-12-21,401173849,South Carolina Upstate Spartans,Bob Jones Bruins,92,74,0,2,2908,3243,51.4,46.2
2019-12-21,401174447,Fresno State Bulldogs,IU Indianapolis Jaguars,95,64,0,2,278,85,45.1,42.0
2019-12-21,401174758,Georgia Southern Eagles,UT Arlington Mavericks,77,74,0,2,290,250,38.9,44.8
2019-12-21,401174759,Georgia State Panthers,Texas State Bobcats,81,69,0,2,2247,326,44.1,36.5
2019-12-21,401174761,South Alabama Jaguars,Coastal Carolina Chanticleers,69,81,0,2,6,324,35.6,46.9
2019-12-21,401174762,Troy Trojans,App State Mountaineers,65,70,0,2,2653,2026,31.8,45.3
2019-12-21,401174763,UL Monroe Warhawks,Arkansas State Red Wolves,59,62,0,2,2433,2032,46.7,44.2
2019-12-21,401175056,Tennessee State Tigers,Blue Mountain Christian Toppers,86,71,0,2,2634,494,58.9,48.2
2019-12-21,401175057,Tennessee Tech Golden Eagles,Western Carolina Catamounts,76,89,0,2,2635,2717,42.9,60.4
2019-12-21,401175227,Santa Clara Broncos,Mississippi Valley State Delta Devils,100,71,0,2,2541,2400,52.8,42.6
2019-12-21,401175570,Mercer Bears,Furman Paladins,62,64,0,2,2382,231,46.3,43.3
2019-12-21,401175862,Louisiana Tech Bulldogs,Southern New Orleans Knights,87,47,0,2,2348,2573,49.2,27.3
2019-12-21,401175934,North Texas Mean Green,Arkansas-Pine Bluff Golden Lions,86,53,0,2,249,2029,53.6,40.0
2019-12-21,401175990,Southern Miss Golden Eagles,Tougaloo Bulldogs,96,77,0,2,2572,2650,51.7,37.3
2019-12-21,401176042,UAB Blazers,Alabama State Hornets,71,63,1,2,5,2011,53.7,40.7
2019-12-21,401176409,Central Arkansas Bears,Texas A&M-Corpus Christi Islanders,71,67,0,2,2110,357,42.1,42.1
2019-12-21,401176410,Sam Houston Bearkats,LSU New Orleans Privateers,87,79,0,2,2534,2443,51.7,48.1
2019-12-21,401180738,Loyola Maryland Greyhounds,Elizabethtown Blue Jays,72,45,0,2,2352,5901,40.3,30.4
2019-12-21,401197793,Bowling Green Falcons,Quinnipiac Bobcats,64,69,1,2,189,2514,34.2,34.5
2019-12-21,401197794,Drexel Dragons,Norfolk State Spartans,53,49,1,2,2182,2450,32.1,39.2
2019-12-21,401197795,Towson Tigers,Tulane Green Wave,86,82,1,2,119,2655,45.8,43.9
2019-12-21,401197796,Liberty Flames,Akron Zips,80,67,1,2,2335,2006,66.7,44.4
2019-12-22,401166129,Michigan State Spartans,Eastern Michigan Eagles,101,48,0,2,127,2199,54.2,23.9
2019-12-22,401166130,Rutgers Scarlet Knights,Lafayette Leopards,63,44,0,2,164,322,47.6,31.5
2019-12-22,401166503,Pacific Tigers,Idaho State Bengals,77,66,0,2,279,304,52.5,46.9
2019-12-22,401166506,BYU Cougars,Weber State Wildcats,91,61,0,2,252,2692,62.5,42.9
2019-12-22,401168275,Boise State Broncos,Georgia Tech Yellow Jackets,60,74,1,2,68,59,33.3,48.2
2019-12-22,401168276,Virginia Cavaliers,South Carolina Gamecocks,59,70,0,2,258,2579,43.9,55.1
2019-12-22,401168323,Arizona State Sun Devils,Creighton Bluejays,60,67,0,2,9,156,35.4,44.3
2019-12-22,401168348,DePaul Blue Demons,Northwestern Wildcats,83,78,0,2,305,77,43.1,52.5
2019-12-22,401168448,Seton Hall Pirates,Prairie View A&M Panthers,75,55,0,2,2550,2504,46.4,39.3
2019-12-22,401168466,Arizona Wildcats,St. John's Red Storm,67,70,1,2,12,2599,39.6,35.0
2019-12-22,401168622,NC State Wolfpack,The Citadel Bulldogs,83,63,0,2,152,2643,47.0,33.8
2019-12-22,401169466,Portland Pilots,Houston Cougars,56,81,1,2,2501,248,34.7,50.0
2019-12-22,401169665,Kansas State Wildcats,Saint Louis Billikens,63,66,1,2,2306,139,45.0,51.1
2019-12-22,401169667,Iowa State Cyclones,Purdue Fort Wayne Mastodons,89,59,0,2,66,2870,55.6,33.3
2019-12-22,401169668,TCU Horned Frogs,Xavier Musketeers,59,67,0,2,2628,2752,32.8,52.9
2019-12-22,401169901,Texas A&M Aggies,Oregon State Beavers,64,49,0,2,245,204,40.8,33.3
2019-12-22,401169902,USC Trojans,LSU Tigers,70,68,1,2,30,99,41.0,36.8
2019-12-22,401169903,Arkansas Razorbacks,Valparaiso Beacons,72,68,1,2,8,2674,40.4,37.5
2019-12-22,401169907,Mississippi State Bulldogs,New Mexico State Aggies,52,58,1,2,344,166,41.2,40.0
2019-12-22,401169908,Vanderbilt Commodores,UNC Wilmington Seahawks,88,73,0,2,238,350,48.2,49.0
2019-12-22,401169978,Iowa Hawkeyes,Cincinnati Bearcats,77,70,1,2,2294,2132,46.0,34.7
2019-12-22,401169984,UConn Huskies,New Hampshire Wildcats,88,62,0,2,41,160,54.5,40.8
2019-12-22,401169994,East Carolina Pirates,Charlotte 49ers,60,56,0,2,151,2429,41.3,32.8
2019-12-22,401170196,Richmond Spiders,Radford Highlanders,58,73,1,2,257,2515,36.4,46.0
2019-12-22,401170197,Loyola Chicago Ramblers,Davidson Wildcats,56,59,0,2,2350,2166,46.5,43.1
2019-12-22,401170198,Duquesne Dukes,UAB Blazers,68,77,1,2,2184,5,36.4,53.3
2019-12-22,401170427,Florida Gulf Coast Eagles,St. Thomas (FL) Bobcats,84,62,0,2,526,606,48.3,32.8
2019-12-22,401170428,NJIT Highlanders,Kean Cougars,74,46,0,2,2885,2871,40.0,26.7
2019-12-22,401170429,Kennesaw State Owls,Wofford Terriers,70,83,0,2,338,2747,46.8,45.3
2019-12-22,401170430,Stetson Hatters,Florida International Panthers,67,83,0,2,56,2229,33.3,44.1
2019-12-22,401170635,Oregon Ducks,Texas Southern Tigers,84,78,0,2,2483,2640,52.0,45.3
2019-12-22,401170638,Washington State Cougars,Incarnate Word Cardinals,87,59,0,2,265,2916,49.3,34.4
2019-12-22,401170868,Hartford Hawks,Cornell Big Red,80,76,0,2,42,172,46.7,49.2
2019-12-22,401171406,Eastern Kentucky Colonels,Charleston Southern Buccaneers,69,76,0,2,2198,2127,34.7,56.3
2019-12-22,401171452,Kent State Golden Flashes,Hampton Pirates,103,64,0,2,2309,2261,57.4,40.4
2019-12-22,401171565,Cal Poly Mustangs,Cal State Bakersfield Roadrunners,50,72,0,2,13,2934,34.0,48.2
2019-12-22,401171593,Loyola Marymount Lions,Cal State Fullerton Titans,53,46,0,2,2351,2239,34.5,34.1
2019-12-22,401171613,Long Beach State Beach,Utah Valley Wolverines,68,65,0,2,299,3084,41.7,35.8
2019-12-22,401171678,UC Santa Barbara Gauchos,Merrimack Warriors,68,50,0,2,2540,2771,50.0,34.6
2019-12-22,401171872,Hofstra Pride,Manhattan Jaspers,63,51,0,2,2275,2363,43.1,39.3
2019-12-22,401172092,Long Island University Sharks,Saint Peter's Peacocks,58,69,0,2,112358,2612,33.3,46.6
2019-12-22,401172281,Colgate Raiders,Columbia Lions,89,71,0,2,2142,171,53.1,40.0
2019-12-22,401172456,William & Mary Tribe,Saint Francis Red Wolves,72,78,1,2,2729,2598,50.0,47.5
2019-12-22,401172841,Holy Cross Crusaders,Sacred Heart Pioneers,68,89,0,2,107,2529,38.2,51.5
2019-12-22,401172942,Abilene Christian Wildcats,Nicholls Colonels,79,61,0,2,2000,2447,54.5,34.6
2019-12-22,401173003,New Mexico Lobos,Houston Christian Huskies,107,88,0,2,167,2277,64.1,51.5
2019-12-22,401173190,Howard Bison,Harvard Crimson,55,60,0,2,47,108,35.0,35.7
2019-12-22,401173539,Evansville Purple Aces,Murray State Racers,78,76,0,2,339,93,50.0,40.3
2019-12-22,401173582,Indiana State Sycamores,Chicago State Cougars,85,64,0,2,282,2130,54.5,41.9
2019-12-22,401173624,Northern Iowa Panthers,Marshall Thundering Herd,88,80,0,2,2460,276,50.0,45.3
2019-12-22,401173706,Saint Mary's Gaels,Nevada Wolf Pack,68,63,1,2,2608,2440,45.8,42.9
2019-12-22,401173708,San José State Spartans,UC Riverside Highlanders,65,80,0,2,23,27,34.5,47.6
2019-12-22,401173882,Alabama State Hornets,Austin Peay Governors,69,80,1,2,2011,2046,45.3,58.3
2019-12-22,401173925,Clemson Tigers,Yale Bulldogs,45,54,0,2,228,43,31.9,42.6
2019-12-22,401174045,Grand Canyon Lopes,Eastern Illinois Panthers,85,63,0,2,2253,2197,46.0,31.7
2019-12-22,401174417,Cal State Northridge Matadors,San Francisco State Gators,85,50,0,2,2463,22,43.1,33.9
2019-12-22,401174760,Louisiana Ragin' Cajuns,Little Rock Trojans,66,69,0,2,309,2031,40.4,51.9
2019-12-22,401174951,South Dakota Coyotes,Kansas City Roos,75,78,0,2,233,140,49.1,63.3
2019-12-22,401175133,UNC Greensboro Spartans,Northern Kentucky Norse,67,50,0,2,2430,94,40.3,30.4
2019-12-22,401175642,Seattle U Redhawks,Florida A&M Rattlers,57,71,0,2,2547,50,35.5,49.1
2019-12-22,401175711,St. Francis Brooklyn Terriers,Delaware State Hornets,81,62,0,2,2597,2169,45.3,38.3
2019-12-22,401175771,Old Dominion Monarchs,Maryland Eastern Shore Hawks,76,52,0,2,295,2379,44.4,33.9
2019-12-22,401175900,Mercer Bears,Florida Atlantic Owls,50,65,0,2,2382,2226,35.8,42.0
2019-12-23,401170075,Washington Huskies,Ball State Cardinals,85,64,1,2,264,2050,56.4,38.6
2019-12-23,401170076,Hawai'i Rainbow Warriors,UTEP Miners,67,63,0,2,62,2638,49.1,42.4
2019-12-23,401171614,Seattle U Redhawks,Long Beach State Beach,79,57,0,2,2547,299,42.0,35.8
2019-12-23,401171934,Siena Saints,Canisius Golden Griffins,73,72,0,2,2561,2099,44.6,45.0
2019-12-23,401175159,California Baptist Lancers,Mississippi Valley State Delta Devils,103,66,0,2,2856,2400,55.9,32.1
2019-12-23,401182616,Boise State Broncos,Portland Pilots,85,69,1,2,68,2501,49.1,46.4
2019-12-24,401169909,Georgia Bulldogs,Georgia Southern Eagles,73,64,0,2,61,290,52.4,40.6
2019-12-24,401170014,SMU Mustangs,Georgia State Panthers,85,76,0,2,2567,2247,51.8,36.6
2019-12-24,401170200,Dayton Flyers,Grambling Tigers,81,53,0,2,2168,2755,54.0,39.3
2019-12-24,401173709,Fresno State Bulldogs,San Francisco Dons,69,71,0,2,278,2539,45.0,39.0
2019-12-24,401182617,Georgia Tech Yellow Jackets,Houston Cougars,59,70,1,2,59,248,37.0,44.8
2019-12-24,401182618,Hawai'i Rainbow Warriors,Washington Huskies,61,72,1,2,62,264,28.4,46.2
2019-12-24,401182619,UTEP Miners,Ball State Cardinals,71,70,1,2,2638,2050,50.9,42.6
2019-12-25,401182620,Ball State Cardinals,Portland Pilots,61,46,1,2,2050,2501,33.9,35.8
2019-12-25,401182621,UTEP Miners,Boise State Broncos,67,72,1,2,2638,68,44.3,45.0
2019-12-25,401182622,Hawai'i Rainbow Warriors,Georgia Tech Yellow Jackets,53,70,0,2,62,59,36.4,50.0
2019-12-26,401182623,Washington Huskies,Houston Cougars,71,75,1,2,264,248,46.2,37.3
2019-12-28,401166131,Purdue Boilermakers,Central Michigan Chippewas,97,62,0,2,2509,2117,54.4,37.9
2019-12-28,401166132,Minnesota Golden Gophers,Florida International Panthers,89,62,0,2,135,2229,38.8,36.4
2019-12-28,401166508,Weber State Wildcats,Eastern Washington Eagles,77,79,0,2,2692,331,50.0,43.8
2019-12-28,401166511,Montana State Bobcats,Sacramento State Hornets,66,51,0,2,147,16,42.4,34.0
2019-12-28,401166512,Portland State Vikings,Northern Colorado Bears,69,65,0,2,2502,2458,50.8,44.8
2019-12-28,401168277,Duke Blue Devils,Brown Bears,75,50,0,2,150,225,44.1,34.0
2019-12-28,401168278,Florida State Seminoles,North Alabama Lions,88,71,0,2,52,2453,50.0,46.2
2019-12-28,401168280,Kentucky Wildcats,Louisville Cardinals,78,70,0,2,96,97,46.3,40.3
2019-12-28,401168296,Butler Bulldogs,UL Monroe Warhawks,67,36,0,2,2086,2433,45.8,23.3
2019-12-28,401168392,Georgetown Hoyas,American University Eagles,80,60,0,2,46,44,53.7,41.4
2019-12-28,401168412,Marquette Golden Eagles,Central Arkansas Bears,106,54,0,2,269,2110,54.7,31.1
2019-12-28,401169467,Memphis Tigers,LSU New Orleans Privateers,97,55,0,2,235,2443,52.4,29.1
2019-12-28,401169910,Tennessee Volunteers,Wisconsin Badgers,48,68,0,2,2633,275,34.8,43.9
2019-12-28,401169911,Florida Gators,Long Beach State Beach,102,63,0,2,57,299,52.9,37.3
2019-12-28,401169995,East Carolina Pirates,Eastern Kentucky Colonels,82,74,0,2,151,2198,46.7,35.6
2019-12-28,401170201,George Washington Revolutionaries,Longwood Lancers,78,65,0,2,45,2344,48.4,36.5
2019-12-28,401170639,Arizona State Sun Devils,Texas Southern Tigers,98,81,0,2,9,2640,57.1,43.3
2019-12-28,401170640,UCLA Bruins,Cal State Fullerton Titans,74,77,0,2,26,2239,43.5,50.9
2019-12-28,401170937,Loyola Maryland Greyhounds,UMass Lowell River Hawks,93,81,0,2,2352,2349,62.7,51.8
2019-12-28,401171407,Charleston Southern Buccaneers,Carolina University Bruins,108,52,0,2,2127,108942,59.4,36.2
2019-12-28,401171453,Hampton Pirates,Saint Peter's Peacocks,70,67,0,2,2261,2612,46.8,41.8
2019-12-28,401171693,Drexel Dragons,Charleston Cougars,65,76,0,2,2182,232,39.7,53.7
2019-12-28,401171873,James Madison Dukes,Hofstra Pride,76,82,0,2,256,2275,47.7,44.6
2019-12-28,401171959,Wagner Seahawks,Fairfield Stags,54,66,0,2,2681,2217,38.1,46.7
2019-12-28,401172021,Columbia Lions,Marist Red Foxes,69,54,0,2,171,2368,52.3,36.4
2019-12-28,401172421,Towson Tigers,Northeastern Huskies,45,61,0,2,119,111,34.0,41.5
2019-12-28,401172466,UIC Flames,Cleveland State Vikings,71,66,0,2,82,325,57.1,49.1
2019-12-28,401172492,Oakland Golden Grizzlies,Detroit Mercy Titans,78,69,0,2,2473,2174,50.9,27.3
2019-12-28,401172517,Wright State Raiders,Green Bay Phoenix,90,84,0,2,2750,2739,45.3,45.3
2019-12-28,401172625,Bradley Braves,Toledo Rockets,78,66,0,2,71,2649,41.1,37.5
2019-12-28,401172626,UNLV Rebels,Eastern Michigan Eagles,64,49,0,2,2439,2199,37.9,30.6
2019-12-28,401172842,La Salle Explorers,Bucknell Bison,71,59,0,2,2325,2083,47.2,35.3
2019-12-28,401173234,Stephen F. Austin Lumberjacks,Paul Quinn Tigers,94,62,0,2,2617,2491,56.5,40.0
2019-12-28,401173711,Colorado State Rams,Doane Tigers,87,62,0,2,36,2178,54.2,45.3
2019-12-28,401173712,Wyoming Cowboys,Nebraska Wesleyan Prairie Wolves,82,68,0,2,2751,157,50.0,46.4
2019-12-28,401173714,Boise State Broncos,Cal State Northridge Matadors,103,72,0,2,68,2463,57.1,40.6
2019-12-28,401174166,Jacksonville State Gamecocks,Carver College Cougars,120,56,0,2,55,111946,60.0,30.8
2019-12-28,401174448,IU Indianapolis Jaguars,Youngstown State Penguins,73,83,0,2,85,2754,44.8,52.5
2019-12-28,401174764,Arkansas State Red Wolves,Freed Hardeman Lions,84,73,0,2,2032,2915,47.0,43.3
2019-12-28,401174765,South Alabama Jaguars,Mobile Rams,76,47,0,2,6,2920,52.7,28.6
2019-12-28,401175058,Morehead State Eagles,Alice Lloyd Eagles,102,46,0,2,2413,484,52.6,28.4
2019-12-28,401175134,Northern Kentucky Norse,Milwaukee Panthers,74,64,0,2,94,270,39.3,44.1
2019-12-28,401175537,Utah Valley Wolverines,Antelope Valley ANTELOPE VALLEY,80,65,0,2,3084,109597,51.0,38.5
2019-12-28,401175693,Mount St. Mary's Mountaineers,Coppin State Eagles,79,55,0,2,116,2154,45.6,37.3
2019-12-28,401175793,UNC Greensboro Spartans,William Peace Pacers,106,34,0,2,2430,108807,56.7,25.0
2019-12-28,401175935,North Texas Mean Green,Texas Wesleyan Rams,102,64,0,2,249,2642,55.9,29.6
2019-12-28,401176012,UTSA Roadrunners,Our Lady of the Lake Saints,99,64,0,2,2636,3158,55.6,28.7
2019-12-28,401176043,UAB Blazers,Thomas Night Hawks,82,49,0,2,5,7639,46.0,29.0
2019-12-28,401176074,Mercer Bears,Milligan Buffaloes,104,53,0,2,2382,2397,51.9,40.0
2019-12-28,401176089,Western Carolina Catamounts,Piedmont Lions,108,47,0,2,2717,2496,61.4,31.6
2019-12-28,401176436,Long Island University Sharks,Centenary (NJ) Cyclones,125,84,0,2,112358,2114,54.7,41.2
2019-12-28,401182454,Creighton Bluejays,Midland MIDLAND,91,54,0,2,156,565,52.2,32.8
2019-12-28,401188395,Utah State Aggies,Eastern Oregon Mountaineers,129,61,0,2,328,2202,58.2,32.4
2019-12-29,401166133,Michigan Wolverines,UMass Lowell River Hawks,86,60,0,2,130,2349,53.7,41.7
2019-12-29,401166134,Iowa Hawkeyes,Kennesaw State Owls,93,51,0,2,2294,338,60.0,35.2
2019-12-29,401166135,Northwestern Wildcats,Hartford Hawks,66,67,0,2,77,42,37.1,56.3
2019-12-29,401166136,Ohio State Buckeyes,West Virginia Mountaineers,59,67,1,2,194,277,31.3,40.7
2019-12-29,401166137,Illinois Fighting Illini,North Carolina A&T Aggies,95,64,0,2,356,2448,52.9,46.2
2019-12-29,401166138,Nebraska Cornhuskers,Texas A&M-Corpus Christi Islanders,73,52,0,2,158,357,34.8,31.7
2019-12-29,401166139,Penn State Nittany Lions,Cornell Big Red,90,59,0,2,213,172,52.2,40.7
2019-12-29,401166140,Maryland Terrapins,Bryant Bulldogs,84,70,0,2,120,2803,47.3,43.3
2019-12-29,401166141,Indiana Hoosiers,Arkansas Razorbacks,64,71,0,2,84,8,42.4,40.3
2019-12-29,401166509,Idaho State Bengals,Idaho Vandals,62,60,0,2,304,70,40.7,45.3
2019-12-29,401166510,Montana Grizzlies,Northern Arizona Lumberjacks,79,72,0,2,149,2464,50.0,42.4
2019-12-29,401168281,Syracuse Orange,Niagara Purple Eagles,71,57,0,2,183,315,44.4,32.4
2019-12-29,401168282,Notre Dame Fighting Irish,Alabama A&M Bulldogs,82,56,0,2,87,2010,47.8,30.3
2019-12-29,401168283,Virginia Cavaliers,Navy Midshipmen,65,56,0,2,258,2426,53.2,38.8
2019-12-29,401168284,Virginia Tech Hokies,Maryland Eastern Shore Hawks,92,37,0,2,259,2379,44.4,23.7
2019-12-29,401168623,NC State Wolfpack,App State Mountaineers,72,60,0,2,152,2026,45.2,36.9
2019-12-29,401169669,Stanford Cardinal,Kansas Jayhawks,56,72,0,2,24,2305,38.0,46.6
2019-12-29,401169670,Oklahoma State Cowboys,SE Louisiana Lions,82,31,0,2,197,2545,45.0,22.4
2019-12-29,401169671,Kansas State Wildcats,Tulsa Golden Hurricane,69,67,0,2,2306,202,38.3,42.9
2019-12-29,401169672,Texas Tech Red Raiders,Cal State Bakersfield Roadrunners,73,58,0,2,2641,2934,49.0,40.7
2019-12-29,401169912,Alabama Crimson Tide,Richmond Spiders,90,78,0,2,333,257,47.0,39.1
2019-12-29,401169913,Auburn Tigers,Lipscomb Bisons,86,59,0,2,2,288,51.7,38.6
2019-12-29,401169914,LSU Tigers,Liberty Flames,74,57,0,2,99,2335,53.3,40.8
2019-12-29,401169915,Ole Miss Rebels,Tennessee Tech Golden Eagles,80,63,0,2,145,2635,54.5,40.0
2019-12-29,401169985,UConn Huskies,NJIT Highlanders,69,47,0,2,41,2885,39.7,32.7
2019-12-29,401170024,South Florida Bulls,Florida Atlantic Owls,60,58,0,2,58,2226,44.4,44.4
2019-12-29,401170061,Wichita State Shockers,Abilene Christian Wildcats,84,66,0,2,2724,2000,50.9,38.9
2019-12-29,401170202,Duquesne Dukes,Marshall Thundering Herd,61,83,1,2,2184,276,33.8,51.5
2019-12-29,401170203,VCU Rams,Loyola Maryland Greyhounds,85,51,0,2,2670,2352,50.0,38.5
2019-12-29,401170205,Middle Tennessee Blue Raiders,Rhode Island Rams,62,89,0,2,2393,227,35.8,55.9
2019-12-29,401170641,California Golden Bears,Harvard Crimson,63,71,0,2,25,108,35.0,51.2
2019-12-29,401170642,Oregon Ducks,Alabama State Hornets,98,59,0,2,2483,2011,59.1,38.2
2019-12-29,401170841,Binghamton Bearcats,Hartwick Hawks,98,45,0,2,2066,173,51.7,23.3
2019-12-29,401170978,Stony Brook Seawolves,Norfolk State Spartans,81,65,0,2,2619,2450,46.2,39.7
2019-12-29,401171019,Ohio Bobcats,Campbell Fighting Camels,55,63,0,2,195,2097,36.5,42.3
2019-12-29,401171529,Presbyterian Blue Hose,Kentucky Christian Knights,81,56,0,2,2506,3077,54.7,35.1
2019-12-29,401171541,Radford Highlanders,Central Penn Knights,90,45,0,2,2515,3164,56.1,31.0
2019-12-29,401171566,San Diego State Aztecs,Cal Poly Mustangs,73,57,0,2,21,13,41.7,34.6
2019-12-29,401171638,New Mexico Lobos,UC Davis Aggies,74,69,0,2,167,302,43.6,41.4
2019-12-29,401171661,UC Irvine Anteaters,Pacific Tigers,69,56,0,2,300,279,38.9,33.3
2019-12-29,401171679,Louisiana Ragin' Cajuns,UC Santa Barbara Gauchos,77,85,0,2,309,2540,47.3,51.8
2019-12-29,401171807,Delaware Blue Hens,UNC Wilmington Seahawks,82,68,0,2,48,350,52.8,46.2
2019-12-29,401172085,Siena Saints,Holy Cross Crusaders,74,62,0,2,2561,107,53.7,47.3
2019-12-29,401172343,Princeton Tigers,Lehigh Mountain Hawks,71,62,0,2,163,2329,46.4,44.7
2019-12-29,401172843,Sacred Heart Pioneers,Lafayette Leopards,66,67,0,2,2529,322,37.3,38.6
2019-12-29,401172844,Merrimack Warriors,Boston University Terriers,67,69,0,2,2771,104,46.3,57.1
2019-12-29,401173064,Northwestern State Demons,Champion Christian Tigers,101,61,0,2,2466,3134,58.5,25.4
2019-12-29,401173710,Fresno State Bulldogs,UC Riverside Highlanders,57,60,0,2,278,27,41.7,42.9
2019-12-29,401173713,San José State Spartans,Pepperdine Waves,83,68,0,2,23,2492,42.6,36.9
2019-12-29,401173850,South Carolina Upstate Spartans,VMI Keydets,91,82,0,2,2908,2678,50.0,52.8
2019-12-29,401173952,Western Kentucky Hilltoppers,Belmont Bruins,62,79,0,2,98,2057,34.8,48.4
2019-12-29,401174952,BYU Cougars,Oral Roberts Golden Eagles,79,73,0,2,252,198,45.9,40.5
2019-12-29,401174953,Denver Pioneers,North Dakota State Bison,55,66,0,2,2172,2449,32.2,47.1
2019-12-29,401174954,Omaha Mavericks,South Dakota State Jackrabbits,81,78,0,2,2437,2571,51.6,50.8
2019-12-29,401174955,Western Illinois Leathernecks,South Dakota Coyotes,82,75,0,2,2710,233,47.0,39.7
2019-12-29,401175059,Murray State Racers,Cumberland Phoenix,81,46,0,2,93,2161,50.0,31.5
2019-12-29,401175060,SIU Edwardsville Cougars,Lindenwood Lions,96,48,0,2,2565,2815,61.2,29.3
2019-12-29,401175061,UT Martin Skyhawks,Mount St Joseph Lions,92,72,0,2,2630,2419,56.9,47.0
2019-12-29,401175062,Southeast Missouri State Redhawks,Missouri Baptist Spartans,74,59,0,2,2546,2880,44.6,39.7
2019-12-29,401175160,California Baptist Lancers,Ottawa (AZ) Spirit,92,75,0,2,2856,111254,48.0,41.0
2019-12-29,401175228,Loyola Marymount Lions,Morgan State Bears,71,74,0,2,2351,2415,44.7,48.1
2019-12-29,401175229,Saint Mary's Gaels,Seattle U Redhawks,84,58,0,2,2608,2547,55.0,38.9
2019-12-29,401175230,Santa Clara Broncos,Alcorn State Braves,92,57,0,2,2541,2016,58.5,32.8
2019-12-29,401175231,San Diego Toreros,Whittier Poets,93,67,0,2,301,2850,57.6,43.1
2019-12-29,401175354,Chattanooga Mocs,Cumberlands Patriots,72,42,0,2,236,511,45.8,35.2
2019-12-29,401175478,East Tennessee State Buccaneers,Mars Hill Mountain Lions,117,48,0,2,2193,2369,55.7,31.1
2019-12-29,401175745,New Mexico State Aggies,Northern New Mexico Eagles,104,30,0,2,166,3141,58.6,24.0
2019-12-29,401175979,Rice Owls,Sam Houston Bearkats,61,75,0,2,242,2534,33.9,50.8
2019-12-29,401176437,Central Connecticut Blue Devils,Connecticut College Camels,89,55,0,2,2115,39,55.7,42.3
2019-12-29,401182313,Oregon State Beavers,North Dakota Fighting Hawks,83,66,0,2,204,155,45.2,45.1
2019-12-29,401183194,Colorado Buffaloes,Iona Gaels,99,54,0,2,38,314,56.7,30.0
2019-12-30,401166142,Michigan State Spartans,Western Michigan Broncos,95,62,0,2,127,2711,49.2,41.9
2019-12-30,401168286,Pittsburgh Panthers,Canisius Golden Griffins,87,79,0,2,221,2099,50.0,48.3
2019-12-30,401169675,Baylor Bears,Jackson State Tigers,83,57,0,2,239,2296,50.0,33.3
2019-12-30,401169785,Villanova Wildcats,Xavier Musketeers,68,62,0,2,222,2752,40.3,46.6
2019-12-30,401169919,South Carolina Gamecocks,Stetson Hatters,56,63,0,2,2579,56,37.0,35.6
2019-12-30,401170206,Saint Louis Billikens,Bethune-Cookman Wildcats,77,67,0,2,139,2065,36.5,32.8
2019-12-30,401170431,USC Trojans,Florida Gulf Coast Eagles,71,58,0,2,30,526,46.2,40.7
2019-12-30,401170643,Washington State Cougars,Arkansas-Pine Bluff Golden Lions,65,50,0,2,265,2029,38.7,39.2
2019-12-30,401170915,Hawai'i Rainbow Warriors,Maine Black Bears,91,51,0,2,62,311,58.2,36.4
2019-12-30,401170958,New Hampshire Wildcats,Dartmouth Big Green,70,56,0,2,160,159,42.1,31.7
2019-12-30,401171874,Towson Tigers,Hofstra Pride,67,75,0,2,119,2275,42.2,43.9
2019-12-30,401172627,Eastern Michigan Eagles,Concordia Ann Arbor Cardinals,88,53,0,2,2199,2985,51.5,36.5
2019-12-30,401172628,Miami (OH) RedHawks,Wilberforce Bulldogs,119,52,0,2,193,2726,67.1,31.4
2019-12-30,401175712,Delaware State Hornets,Washington Adventist Shock,76,78,0,2,2169,408,44.3,41.4
2019-12-30,401176305,Prairie View A&M Panthers,Huston Tillotson Rams,92,77,0,2,2504,2281,58.0,52.8
2019-12-30,401180736,UMBC Retrievers,Penn State York Nittany Lions,89,57,0,2,2378,112706,64.3,37.7
2019-12-31,401166143,Rutgers Scarlet Knights,Caldwell Cougars,94,49,0,2,164,2857,52.2,29.1
2019-12-31,401166513,Idaho State Bengals,Eastern Washington Eagles,75,69,0,2,304,331,58.7,41.5
2019-12-31,401166514,Weber State Wildcats,Idaho Vandals,69,68,0,2,2692,70,37.9,47.5
2019-12-31,401166515,Montana Grizzlies,Sacramento State Hornets,52,50,0,2,149,16,33.9,36.0
2019-12-31,401166516,Montana State Bobcats,Northern Arizona Lumberjacks,63,61,0,2,147,2464,41.5,40.0
2019-12-31,401166517,Portland State Vikings,Southern Utah Thunderbirds,81,83,0,2,2502,253,43.8,54.4
2019-12-31,401168285,North Carolina Tar Heels,Yale Bulldogs,70,67,0,2,153,43,36.6,37.0
2019-12-31,401168349,DePaul Blue Demons,Seton Hall Pirates,66,74,0,2,305,2550,34.4,46.0
2019-12-31,401168354,Duke Blue Devils,Boston College Eagles,88,49,0,2,150,103,51.5,33.9
2019-12-31,401168393,Providence Friars,Georgetown Hoyas,76,60,0,2,2507,46,53.8,36.8
2019-12-31,401168521,Florida State Seminoles,Georgia Tech Yellow Jackets,70,58,0,2,52,59,46.0,40.0
2019-12-31,401168588,Clemson Tigers,Miami Hurricanes,68,73,0,2,228,2390,43.5,43.8
2019-12-31,401169511,Memphis Tigers,Tulane Green Wave,84,73,0,2,235,2655,54.0,40.3
2019-12-31,401169512,UCF Knights,Temple Owls,58,62,0,2,2116,218,42.1,37.7
2019-12-31,401169673,Oklahoma Sooners,UT Rio Grande Valley Vaqueros,91,72,0,2,201,292,50.8,41.2
2019-12-31,401169674,TCU Horned Frogs,George Mason Patriots,87,53,0,2,2628,2244,57.9,32.7
2019-12-31,401169676,Texas Longhorns,High Point Panthers,89,58,0,2,251,2272,55.4,33.3
2019-12-31,401169916,Georgia Bulldogs,Austin Peay Governors,78,48,0,2,61,2046,55.4,26.6
2019-12-31,401169917,Mississippi State Bulldogs,Kent State Golden Flashes,96,68,0,2,344,2309,55.4,41.0
2019-12-31,401169918,Missouri Tigers,Chicago State Cougars,91,33,0,2,142,2130,53.2,24.4
2019-12-31,401169920,Texas A&M Aggies,Texas Southern Tigers,58,55,0,2,245,2640,36.7,35.2
2019-12-31,401169921,Vanderbilt Commodores,Davidson Wildcats,76,71,0,2,238,2166,46.8,42.1
2019-12-31,401170207,Akron Zips,Massachusetts Minutemen,85,79,0,2,2006,113,45.0,39.4
2019-12-31,401170208,Dayton Flyers,North Florida Ospreys,77,59,0,2,2168,2454,50.0,42.0
2019-12-31,401170209,Fordham Rams,Coppin State Eagles,62,56,0,2,2230,2154,33.3,38.6
2019-12-31,401170210,Buffalo Bulls,St. Bonaventure Bonnies,84,79,0,2,2084,179,43.3,44.2
2019-12-31,401170211,Vermont Catamounts,George Washington Revolutionaries,76,51,0,2,261,45,50.0,34.4
2019-12-31,401170432,Jacksonville Dolphins,South Carolina State Bulldogs,52,58,0,2,294,2569,33.3,32.3
2019-12-31,401170869,Bowling Green Falcons,Hartford Hawks,81,68,0,2,189,42,44.3,36.8
2019-12-31,401171694,Delaware Blue Hens,Charleston Cougars,63,75,0,2,48,232,40.7,43.3
2019-12-31,401171781,Drexel Dragons,UNC Wilmington Seahawks,71,66,0,2,2182,350,47.4,42.1
2019-12-31,401171853,Elon Phoenix,William & Mary Tribe,73,74,0,2,2210,2729,50.0,52.9
2019-12-31,401171924,Columbia Lions,UAlbany Great Danes,66,67,0,2,171,399,39.3,43.1
2019-12-31,401172331,Howard Bison,Pennsylvania Quakers,62,81,0,2,47,219,34.4,47.7
2019-12-31,401172377,James Madison Dukes,Northeastern Huskies,72,88,0,2,256,111,45.9,50.8
2019-12-31,401172467,IU Indianapolis Jaguars,Cleveland State Vikings,80,82,0,2,85,325,51.9,53.4
2019-12-31,401172493,Gonzaga Bulldogs,Detroit Mercy Titans,93,72,0,2,2250,2174,50.8,42.2
2019-12-31,401172518,Northern Kentucky Norse,Green Bay Phoenix,59,73,0,2,94,2739,37.7,47.4
2019-12-31,401173191,San Francisco Dons,Harvard Crimson,81,84,0,2,2539,108,47.6,56.7
2019-12-31,401173540,Missouri State Bears,Evansville Purple Aces,65,52,0,2,2623,339,49.0,36.7
2019-12-31,401173561,Illinois State Redbirds,Northern Iowa Panthers,76,70,0,2,2287,2460,43.4,48.1
2019-12-31,401173583,Indiana State Sycamores,Southern Illinois Salukis,68,56,0,2,282,79,52.7,44.0
2019-12-31,401173598,Valparaiso Beacons,Loyola Chicago Ramblers,63,66,0,2,2674,2350,43.1,42.0
2019-12-31,401173715,Air Force Falcons,UC Riverside Highlanders,105,56,0,2,2005,27,60.7,32.1
2019-12-31,401174418,Cal State Northridge Matadors,Morgan State Bears,93,82,0,2,2463,2415,54.2,48.5
2019-12-31,401174465,UIC Flames,Youngstown State Penguins,64,70,0,2,82,2754,37.9,42.9
2019-12-31,401174766,Georgia State Panthers,Middle Georgia Knights,83,53,0,2,2247,109014,43.5,25.7
2019-12-31,401175135,Wright State Raiders,Milwaukee Panthers,82,70,0,2,2750,270,53.6,48.2
2019-12-31,401175837,North Carolina Central Eagles,Mid Atlantic Christian Mustangs,108,63,0,2,2428,108806,59.2,33.9
2019-12-31,401175863,Southern Miss Golden Eagles,Louisiana Tech Bulldogs,49,80,0,2,2572,2348,34.5,48.4
2020-01-01,401166144,Wisconsin Badgers,Rider Broncs,65,37,0,2,275,2520,43.6,24.6
2020-01-01,401168297,St. John's Red Storm,Butler Bulldogs,58,60,0,2,2599,2086,34.5,40.4
2020-01-01,401169513,Wichita State Shockers,East Carolina Pirates,75,69,0,2,2724,151,43.9,49.2
2020-01-01,401169514,SMU Mustangs,South Florida Bulls,82,64,0,2,2567,58,57.9,39.1
2020-01-01,401169677,Iowa State Cyclones,Florida A&M Rattlers,68,70,0,2,66,50,46.3,50.9
2020-01-01,401173495,Bradley Braves,Drake Bulldogs,80,72,0,2,71,2181,41.9,49.1
2020-01-01,401173716,San Diego State Aztecs,Fresno State Bulldogs,61,52,0,2,21,278,44.9,34.6
2020-01-01,401174956,Purdue Fort Wayne Mastodons,South Dakota Coyotes,70,59,0,2,2870,233,42.6,35.7
2020-01-01,401175439,Samford Bulldogs,The Citadel Bulldogs,69,68,0,2,2535,2643,45.8,36.5
2020-01-01,401175479,East Tennessee State Buccaneers,Wofford Terriers,49,48,0,2,2193,2747,38.3,36.7
2020-01-01,401175571,VMI Keydets,Furman Paladins,73,89,0,2,2678,231,41.7,57.1
2020-01-02,401168324,Creighton Bluejays,Marquette Golden Eagles,92,75,0,2,156,269,50.0,42.0
2020-01-02,401169515,Cincinnati Bearcats,UConn Huskies,67,51,0,2,2132,41,46.4,32.1
2020-01-02,401170433,Florida Gulf Coast Eagles,Liberty Flames,46,59,0,2,526,2335,40.0,53.2
2020-01-02,401170916,Maine Black Bears,Columbia Lions,75,72,0,2,311,171,41.8,34.0
2020-01-02,401172378,UNC Wilmington Seahawks,James Madison Dukes,60,64,0,2,350,256,39.0,47.1
2020-01-02,401173219,SE Louisiana Lions,Stephen F. Austin Lumberjacks,71,82,0,2,2545,2617,43.9,50.9
2020-01-02,401173717,San José State Spartans,New Mexico Lobos,88,85,0,2,23,167,47.8,49.2
2020-01-02,401173718,Nevada Wolf Pack,Colorado State Rams,67,61,0,2,2440,36,41.7,36.8
2020-01-02,401173719,UNLV Rebels,Utah State Aggies,70,53,0,2,2439,328,44.6,32.7
2020-01-02,401173720,Boise State Broncos,Wyoming Cowboys,65,54,0,2,68,2751,39.2,41.9
2020-01-02,401175794,UNC Greensboro Spartans,Mercer Bears,72,63,0,2,2430,2382,41.9,53.2
2020-01-02,401176002,Florida International Panthers,UTEP Miners,69,67,0,2,2229,2638,42.1,43.5
2020-01-02,401176094,Bryant Bulldogs,Saint Francis Red Wolves,67,63,0,2,2803,2598,43.9,35.9
2020-01-03,401166145,Michigan State Spartans,Illinois Fighting Illini,76,56,0,2,127,356,43.3,29.3
2020-01-03,401166146,Purdue Boilermakers,Minnesota Golden Gophers,83,78,0,2,2509,135,42.6,36.5
2020-01-03,401166518,Idaho Vandals,Portland State Vikings,72,61,0,2,70,2502,47.4,39.7
2020-01-03,401166519,Southern Utah Thunderbirds,Montana Grizzlies,58,60,0,2,253,149,39.2,41.4
2020-01-03,401166520,Northern Colorado Bears,Montana State Bobcats,68,59,0,2,2458,147,46.4,47.9
2020-01-03,401170212,Duquesne Dukes,Saint Louis Billikens,73,59,0,2,2184,139,45.8,36.5
2020-01-03,401170213,Richmond Spiders,Saint Joseph's Hawks,84,52,0,2,257,2603,47.7,36.7
2020-01-03,401170214,La Salle Explorers,Dayton Flyers,58,84,0,2,2325,2168,34.8,53.4
2020-01-03,401170215,VCU Rams,Fordham Rams,64,46,0,2,2670,2230,42.6,39.5
2020-01-03,401170216,Brown Bears,Rhode Island Rams,85,75,0,2,225,227,47.4,40.8
2020-01-03,401170434,Stetson Hatters,Lipscomb Bisons,63,66,0,2,56,288,45.5,42.6
2020-01-03,401170435,North Alabama Lions,Jacksonville Dolphins,62,57,0,2,2453,294,36.4,43.8
2020-01-03,401170436,Kennesaw State Owls,North Florida Ospreys,57,76,0,2,338,2454,38.9,47.0
2020-01-03,401170644,Colorado Buffaloes,Oregon Ducks,74,65,0,2,38,2483,43.9,44.6
2020-01-03,401170645,Stanford Cardinal,California Golden Bears,68,52,0,2,24,25,46.3,30.4
2020-01-03,401170646,Utah Utes,Oregon State Beavers,81,69,0,2,254,204,43.6,38.8
2020-01-03,401170647,Washington Huskies,UCLA Bruins,64,66,0,2,264,26,41.3,39.3
2020-01-03,401170648,Washington State Cougars,USC Trojans,56,65,0,2,265,30,27.8,51.1
2020-01-03,401170992,Dartmouth Big Green,Vermont Catamounts,68,77,0,2,159,261,52.2,48.2
2020-01-03,401171020,Campbell Fighting Camels,Gardner-Webb Runnin' Bulldogs,65,67,0,2,2097,2241,40.0,45.5
2020-01-03,401171408,Charleston Southern Buccaneers,South Carolina Upstate Spartans,89,75,0,2,2127,2908,53.6,49.1
2020-01-03,401171496,Winthrop Eagles,Longwood Lancers,91,67,0,2,2737,2344,40.5,40.0
2020-01-03,401171513,Presbyterian Blue Hose,UNC Asheville Bulldogs,79,77,0,2,2506,2427,65.3,45.6
2020-01-03,401171680,UC Santa Barbara Gauchos,Westmont Warriors,87,66,0,2,2540,2716,54.0,40.6
2020-01-03,401171695,Charleston Cougars,Towson Tigers,81,69,0,2,232,119,41.7,35.6
2020-01-03,401171854,Northeastern Huskies,Elon Phoenix,77,68,0,2,111,2210,50.0,45.8
2020-01-03,401171875,Hofstra Pride,William & Mary Tribe,61,88,0,2,2275,2729,34.3,62.5
2020-01-03,401172218,Colgate Raiders,American University Eagles,65,51,0,2,2142,44,40.7,34.4
2020-01-03,401172243,Bucknell Bison,Army Black Knights,67,65,0,2,2083,349,45.6,44.4
2020-01-03,401172845,Boston University Terriers,Lafayette Leopards,73,72,0,2,104,322,47.5,50.0
2020-01-03,401172846,Navy Midshipmen,Lehigh Mountain Hawks,64,58,0,2,2426,2329,40.4,39.6
2020-01-03,401172847,Loyola Maryland Greyhounds,Holy Cross Crusaders,80,70,0,2,2352,107,54.7,41.4
2020-01-03,401172983,LSU New Orleans Privateers,Lamar Cardinals,67,74,0,2,2443,2320,45.8,47.3
2020-01-03,401173004,Houston Christian Huskies,Central Arkansas Bears,111,107,0,2,2277,2110,52.9,42.9
2020-01-03,401173026,McNeese Cowboys,Sam Houston Bearkats,75,94,0,2,2377,2534,49.0,57.1
2020-01-03,401173047,Nicholls Colonels,Incarnate Word Cardinals,76,60,0,2,2447,2916,44.1,40.7
2020-01-03,401173883,Austin Peay Governors,Southeast Missouri State Redhawks,78,63,0,2,2046,2546,49.1,44.4
2020-01-03,401173953,Belmont Bruins,SIU Edwardsville Cougars,69,79,0,2,2057,2565,35.0,45.0
2020-01-03,401174046,Tennessee State Tigers,Eastern Illinois Panthers,84,79,0,2,2634,2197,43.1,42.9
2020-01-03,401174069,Eastern Kentucky Colonels,Tennessee Tech Golden Eagles,74,59,0,2,2198,2635,50.0,35.9
2020-01-03,401174167,Morehead State Eagles,Jacksonville State Gamecocks,72,76,0,2,2413,55,40.6,47.4
2020-01-03,401174767,App State Mountaineers,Georgia State Panthers,60,69,0,2,2026,2247,36.2,44.3
2020-01-03,401174768,Arkansas State Red Wolves,UT Arlington Mavericks,52,73,0,2,2032,250,28.6,52.5
2020-01-03,401174769,Coastal Carolina Chanticleers,Georgia Southern Eagles,67,70,0,2,324,290,41.0,36.7
2020-01-03,401174770,Little Rock Trojans,Texas State Bobcats,72,68,0,2,2031,326,53.1,40.0
2020-01-03,401174771,Louisiana Ragin' Cajuns,South Alabama Jaguars,57,60,0,2,309,6,32.8,40.8
2020-01-03,401174772,UL Monroe Warhawks,Troy Trojans,79,63,0,2,2433,2653,52.2,39.7
2020-01-03,401174957,Denver Pioneers,North Dakota Fighting Hawks,71,82,0,2,2172,155,33.8,48.1
2020-01-03,401174958,North Dakota State Bison,Western Illinois Leathernecks,94,74,0,2,2449,2710,54.0,43.8
2020-01-03,401174959,South Dakota State Jackrabbits,Oral Roberts Golden Eagles,96,79,0,2,2571,198,62.5,44.4
2020-01-03,401175063,Murray State Racers,UT Martin Skyhawks,89,76,0,2,93,2630,55.4,37.3
2020-01-03,401175161,California Baptist Lancers,UT Rio Grande Valley Vaqueros,76,67,0,2,2856,292,47.8,36.2
2020-01-03,401175232,Portland Pilots,Gonzaga Bulldogs,72,85,0,2,2501,2250,51.8,50.8
2020-01-03,401175233,Loyola Marymount Lions,San Diego Toreros,64,58,0,2,2351,301,40.4,41.5
2020-01-03,401175234,Pepperdine Waves,Pacific Tigers,56,59,0,2,2492,279,26.8,42.6
2020-01-03,401175235,San Francisco Dons,Saint Mary's Gaels,58,69,0,2,2539,2608,33.3,43.3
2020-01-03,401175538,Chicago State Cougars,Utah Valley Wolverines,73,94,0,2,2130,3084,39.0,61.4
2020-01-03,401175554,Kansas City Roos,Seattle U Redhawks,90,86,0,2,140,2547,48.5,34.2
2020-01-03,401175807,North Carolina A&T Aggies,Mid Atlantic Christian Mustangs,123,61,0,2,2448,108806,57.5,30.6
2020-01-03,401175901,Florida Atlantic Owls,UTSA Roadrunners,79,64,0,2,2226,2636,44.1,34.7
2020-01-03,401175916,Marshall Thundering Herd,Rice Owls,89,69,0,2,276,242,58.3,37.3
2020-01-03,401175936,Western Kentucky Hilltoppers,North Texas Mean Green,93,84,0,2,98,249,54.9,58.2
2020-01-03,401175947,Old Dominion Monarchs,Middle Tennessee Blue Raiders,70,60,0,2,295,2393,41.2,32.8
2020-01-03,401176044,Charlotte 49ers,UAB Blazers,51,44,0,2,2429,5,37.0,40.8
2020-01-03,401176411,Texas A&M-Corpus Christi Islanders,Northwestern State Demons,67,62,0,2,357,2466,36.7,36.5
2020-01-03,401176438,Central Connecticut Blue Devils,Robert Morris Colonials,78,89,0,2,2115,2523,44.4,52.5
2020-01-03,401176439,St. Francis Brooklyn Terriers,Fairleigh Dickinson Knights,79,63,0,2,2597,161,45.8,43.1
2020-01-03,401176440,Sacred Heart Pioneers,Merrimack Warriors,57,65,0,2,2529,2771,39.6,43.1
2020-01-03,401176441,Mount St. Mary's Mountaineers,Wagner Seahawks,47,66,0,2,116,2681,24.0,46.3
2020-01-04,401166147,Nebraska Cornhuskers,Rutgers Scarlet Knights,62,79,0,2,158,164,31.7,54.0
2020-01-04,401166148,Ohio State Buckeyes,Wisconsin Badgers,57,61,0,2,194,275,40.4,37.5
2020-01-04,401166149,Maryland Terrapins,Indiana Hoosiers,75,59,0,2,120,84,38.7,36.1
2020-01-04,401166150,Penn State Nittany Lions,Iowa Hawkeyes,89,86,1,2,213,2294,45.8,47.7
2020-01-04,401166271,Tennessee Volunteers,LSU Tigers,64,78,0,2,2633,99,40.0,46.7
2020-01-04,401166272,Kentucky Wildcats,Missouri Tigers,71,59,0,2,96,142,41.7,36.2
2020-01-04,401166273,Mississippi State Bulldogs,Auburn Tigers,68,80,0,2,344,2,33.8,41.5
2020-01-04,401166274,Florida Gators,Alabama Crimson Tide,104,98,0,2,57,333,43.4,40.8
2020-01-04,401166521,Eastern Washington Eagles,Portland State Vikings,71,69,0,2,331,2502,49.2,38.6
2020-01-04,401166524,Southern Utah Thunderbirds,Montana State Bobcats,59,53,0,2,253,147,32.7,27.1
2020-01-04,401166525,Northern Arizona Lumberjacks,Weber State Wildcats,72,64,0,2,2464,2692,57.1,46.2
2020-01-04,401168298,Butler Bulldogs,Creighton Bluejays,71,57,0,2,2086,156,45.9,38.9
2020-01-04,401168350,DePaul Blue Demons,Providence Friars,65,66,0,2,305,2507,40.0,37.7
2020-01-04,401168394,Seton Hall Pirates,Georgetown Hoyas,78,62,0,2,2550,46,46.3,35.7
2020-01-04,401168413,Marquette Golden Eagles,Villanova Wildcats,71,60,0,2,269,222,37.0,35.3
2020-01-04,401168473,Virginia Cavaliers,Virginia Tech Hokies,65,39,0,2,258,259,46.3,27.1
2020-01-04,401168484,North Carolina Tar Heels,Georgia Tech Yellow Jackets,83,96,0,2,153,59,42.9,59.0
2020-01-04,401168506,Louisville Cardinals,Florida State Seminoles,65,78,0,2,97,52,38.7,55.2
2020-01-04,401168534,Syracuse Orange,Notre Dame Fighting Irish,87,88,0,2,183,87,48.4,44.9
2020-01-04,401168576,Pittsburgh Panthers,Wake Forest Demon Deacons,65,69,0,2,221,154,39.0,46.7
2020-01-04,401168582,Clemson Tigers,NC State Wolfpack,81,70,0,2,228,152,46.9,44.1
2020-01-04,401169468,Memphis Tigers,Georgia Bulldogs,62,65,0,2,235,61,36.1,39.3
2020-01-04,401169469,Wichita State Shockers,Ole Miss Rebels,74,54,0,2,2724,145,47.9,30.8
2020-01-04,401169516,Houston Cougars,UCF Knights,78,63,0,2,248,2116,38.2,33.8
2020-01-04,401169517,Tulsa Golden Hurricane,Temple Owls,70,44,0,2,202,218,50.9,27.7
2020-01-04,401169518,South Florida Bulls,UConn Huskies,75,60,0,2,58,41,46.2,40.7
2020-01-04,401169519,Tulane Green Wave,Cincinnati Bearcats,76,71,0,2,2655,2132,41.5,44.8
2020-01-04,401169678,Texas Tech Red Raiders,Oklahoma State Cowboys,85,50,0,2,2641,197,54.5,28.8
2020-01-04,401169679,Kansas Jayhawks,West Virginia Mountaineers,60,53,0,2,2305,277,40.4,32.2
2020-01-04,401169680,TCU Horned Frogs,Iowa State Cyclones,81,79,0,2,2628,66,51.7,44.3
2020-01-04,401169682,Oklahoma Sooners,Kansas State Wildcats,66,61,0,2,201,2306,37.3,34.9
2020-01-04,401170438,Kennesaw State Owls,Stetson Hatters,54,57,0,2,338,56,35.7,50.0
2020-01-04,401170439,NJIT Highlanders,Liberty Flames,38,65,0,2,2885,2335,23.5,47.2
2020-01-04,401170440,North Alabama Lions,North Florida Ospreys,65,81,0,2,2453,2454,36.2,49.0
2020-01-04,401170650,Utah Utes,Oregon Ducks,64,69,0,2,254,2483,35.6,45.5
2020-01-04,401170842,Binghamton Bearcats,UAlbany Great Danes,62,74,0,2,2066,399,33.9,46.4
2020-01-04,401170870,Hartford Hawks,New Hampshire Wildcats,61,52,0,2,42,160,41.2,29.0
2020-01-04,401170938,UMBC Retrievers,UMass Lowell River Hawks,73,86,0,2,2378,2349,41.2,43.5
2020-01-04,401171021,Campbell Fighting Camels,Winthrop Eagles,72,87,0,2,2097,2737,51.1,58.5
2020-01-04,401171409,Hampton Pirates,Charleston Southern Buccaneers,92,85,0,2,2261,2127,55.9,49.2
2020-01-04,401171430,Gardner-Webb Runnin' Bulldogs,Presbyterian Blue Hose,62,68,0,2,2241,2506,28.8,36.4
2020-01-04,401171474,Radford Highlanders,High Point Panthers,73,62,0,2,2515,2272,50.0,40.4
2020-01-04,401171497,Longwood Lancers,South Carolina Upstate Spartans,56,73,0,2,2344,2908,36.0,43.4
2020-01-04,401171567,Cal Poly Mustangs,Vanguard Lions,85,82,0,2,13,2585,44.4,40.3
2020-01-04,401171594,Cal State Fullerton Titans,Saint Katherine SAINT KATHERINE,103,52,0,2,2239,3249,61.3,29.3
2020-01-04,401171639,UC Davis Aggies,Holy Names University Hawks,101,41,0,2,302,2868,58.0,24.1
2020-01-04,401171662,Harvard Crimson,UC Irvine Anteaters,77,73,0,2,108,300,47.2,40.0
2020-01-04,401171696,Charleston Cougars,James Madison Dukes,85,69,0,2,232,256,52.9,41.9
2020-01-04,401171782,Drexel Dragons,Delaware Blue Hens,61,55,0,2,2182,48,37.1,40.4
2020-01-04,401171855,Hofstra Pride,Elon Phoenix,102,75,0,2,2275,2210,64.8,43.5
2020-01-04,401171935,Canisius Golden Griffins,Manhattan Jaspers,67,71,0,2,2099,2363,40.0,55.3
2020-01-04,401171960,Niagara Purple Eagles,Fairfield Stags,75,66,0,2,315,2217,53.8,45.0
2020-01-04,401171981,Iona Gaels,Saint Peter's Peacocks,74,75,0,2,314,2612,45.3,40.0
2020-01-04,401172022,Marist Red Foxes,Quinnipiac Bobcats,58,63,0,2,2368,2514,45.8,35.2
2020-01-04,401172037,Siena Saints,Monmouth Hawks,75,72,0,2,2561,2405,42.4,38.8
2020-01-04,401172422,Northeastern Huskies,William & Mary Tribe,64,66,0,2,111,2729,43.5,54.7
2020-01-04,401172468,Cleveland State Vikings,Youngstown State Penguins,82,74,0,2,325,2754,52.7,43.9
2020-01-04,401172494,Detroit Mercy Titans,Northern Kentucky Norse,66,58,0,2,2174,94,49.0,33.3
2020-01-04,401172519,Green Bay Phoenix,UIC Flames,85,71,0,2,2739,82,42.2,46.7
2020-01-04,401172629,Ball State Cardinals,Toledo Rockets,61,57,0,2,2050,2649,42.3,40.4
2020-01-04,401172630,Bowling Green Falcons,Kent State Golden Flashes,61,79,0,2,189,2309,41.9,50.0
2020-01-04,401172631,Eastern Michigan Eagles,Akron Zips,45,69,0,2,2199,2006,27.1,52.2
2020-01-04,401172632,Buffalo Bulls,Northern Illinois Huskies,72,73,0,2,2084,2459,34.8,53.7
2020-01-04,401172633,Western Michigan Broncos,Ohio Bobcats,77,65,0,2,2711,195,42.6,33.8
2020-01-04,401172738,Central Michigan Chippewas,Miami (OH) RedHawks,93,82,0,2,2117,193,48.5,50.8
2020-01-04,401172943,Lamar Cardinals,Abilene Christian Wildcats,62,74,0,2,2320,2000,44.9,43.8
2020-01-04,401173027,Central Arkansas Bears,McNeese Cowboys,79,69,0,2,2110,2377,48.1,41.7
2020-01-04,401173048,Sam Houston Bearkats,Nicholls Colonels,58,70,0,2,2534,2447,41.2,42.4
2020-01-04,401173220,Texas A&M-Corpus Christi Islanders,SE Louisiana Lions,80,84,0,2,357,2545,54.5,53.1
2020-01-04,401173519,Drake Bulldogs,Indiana State Sycamores,80,76,0,2,2181,282,51.9,51.9
2020-01-04,401173562,Southern Illinois Salukis,Illinois State Redbirds,67,55,0,2,79,2287,46.0,40.8
2020-01-04,401173721,Colorado State Rams,Wyoming Cowboys,72,61,0,2,36,2751,51.0,38.2
2020-01-04,401173724,Nevada Wolf Pack,Boise State Broncos,83,66,0,2,2440,68,55.9,36.2
2020-01-04,401173884,Austin Peay Governors,UT Martin Skyhawks,82,63,0,2,2046,2630,52.3,46.8
2020-01-04,401173954,Belmont Bruins,Eastern Illinois Panthers,87,55,0,2,2057,2197,50.0,32.8
2020-01-04,401174070,Eastern Kentucky Colonels,Jacksonville State Gamecocks,71,80,0,2,2198,55,40.3,47.5
2020-01-04,401174419,Cal State Northridge Matadors,Saint Katherine SAINT KATHERINE,109,75,0,2,2463,3249,54.2,43.9
2020-01-04,401174449,Milwaukee Panthers,IU Indianapolis Jaguars,78,74,0,2,270,85,42.6,46.8
2020-01-04,401174773,App State Mountaineers,Georgia Southern Eagles,74,72,0,2,2026,290,42.9,40.0
2020-01-04,401174774,Arkansas State Red Wolves,Texas State Bobcats,67,70,0,2,2032,326,35.4,42.2
2020-01-04,401174775,Coastal Carolina Chanticleers,Georgia State Panthers,74,72,0,2,324,2247,38.5,41.8
2020-01-04,401174776,Little Rock Trojans,UT Arlington Mavericks,92,89,0,2,2031,250,55.6,50.0
2020-01-04,401174777,UL Monroe Warhawks,South Alabama Jaguars,69,49,0,2,2433,6,47.4,38.3
2020-01-04,401174960,South Dakota State Jackrabbits,Western Illinois Leathernecks,91,56,0,2,2571,2710,57.4,34.7
2020-01-04,401175064,Morehead State Eagles,Tennessee Tech Golden Eagles,83,72,0,2,2413,2635,44.3,40.0
2020-01-04,401175065,Tennessee State Tigers,SIU Edwardsville Cougars,79,74,0,2,2634,2565,58.3,44.7
2020-01-04,401175136,Oakland Golden Grizzlies,Wright State Raiders,69,96,0,2,2473,2750,43.3,57.1
2020-01-04,401175239,Santa Clara Broncos,San Diego Toreros,80,63,0,2,2541,301,53.7,42.6
2020-01-04,401175355,Mercer Bears,Chattanooga Mocs,61,70,0,2,2382,236,46.2,42.1
2020-01-04,401175440,The Citadel Bulldogs,Western Carolina Catamounts,82,86,0,2,2643,2717,50.0,46.8
2020-01-04,401175480,Furman Paladins,East Tennessee State Buccaneers,65,56,0,2,231,2193,46.2,40.0
2020-01-04,401175643,Chicago State Cougars,Seattle U Redhawks,54,86,0,2,2130,2547,32.7,34.4
2020-01-04,401175676,Norfolk State Spartans,Bethune-Cookman Wildcats,85,72,0,2,2450,2065,44.4,41.8
2020-01-04,401175694,Coppin State Eagles,South Carolina State Bulldogs,75,79,0,2,2154,2569,50.9,47.5
2020-01-04,401175713,Delaware State Hornets,Morgan State Bears,68,81,0,2,2169,2415,35.0,47.1
2020-01-04,401175727,North Carolina Central Eagles,Florida A&M Rattlers,61,45,0,2,2428,50,44.2,36.5
2020-01-04,401175757,Maryland Eastern Shore Hawks,Howard Bison,78,66,0,2,2379,47,43.6,42.1
2020-01-04,401175864,Louisiana Tech Bulldogs,Southern Miss Golden Eagles,78,50,0,2,2348,2572,45.3,36.5
2020-01-04,401175902,Florida Atlantic Owls,UTEP Miners,59,56,0,2,2226,2638,33.9,43.2
2020-01-04,401175917,Marshall Thundering Herd,North Texas Mean Green,64,67,0,2,276,249,39.6,49.0
2020-01-04,401175980,Western Kentucky Hilltoppers,Rice Owls,68,61,0,2,98,242,40.7,40.0
2020-01-04,401176055,Charlotte 49ers,Middle Tennessee Blue Raiders,68,62,0,2,2429,2393,48.8,43.4
2020-01-04,401176065,VMI Keydets,Samford Bulldogs,75,78,0,2,2678,2535,40.9,45.2
2020-01-04,401176095,Bryant Bulldogs,Fairleigh Dickinson Knights,73,77,0,2,2803,161,36.2,46.8
2020-01-04,401176142,Grambling Tigers,Alabama A&M Bulldogs,70,60,0,2,2755,2010,45.9,34.4
2020-01-04,401176184,Prairie View A&M Panthers,Alcorn State Braves,84,70,0,2,2504,2016,56.4,42.0
2020-01-04,401176241,Jackson State Tigers,Alabama State Hornets,70,67,0,2,2296,2011,38.6,44.7
2020-01-04,401176294,Mississippi Valley State Delta Devils,Arkansas-Pine Bluff Golden Lions,76,80,0,2,2400,2029,36.4,42.2
2020-01-04,401176442,Central Connecticut Blue Devils,Saint Francis Red Wolves,69,93,0,2,2115,2598,39.7,50.8
2020-01-04,401176443,Mount St. Mary's Mountaineers,Long Island University Sharks,82,73,0,2,116,112358,45.3,34.2
2020-01-04,401176444,Merrimack Warriors,Robert Morris Colonials,58,69,0,2,2771,2523,45.8,45.6
2020-01-05,401166151,Michigan State Spartans,Michigan Wolverines,87,69,0,2,127,130,52.8,36.2
2020-01-05,401166275,Arkansas Razorbacks,Texas A&M Aggies,69,59,0,2,8,245,41.4,46.7
2020-01-05,401166522,Sacramento State Hornets,Idaho State Bengals,68,49,0,2,16,304,49.2,39.6
2020-01-05,401166523,Northern Colorado Bears,Montana Grizzlies,74,66,0,2,2458,149,45.1,45.2
2020-01-05,401168355,Miami Hurricanes,Duke Blue Devils,62,95,0,2,2390,150,39.7,59.7
2020-01-05,401168467,Xavier Musketeers,St. John's Red Storm,75,67,0,2,2752,2599,42.3,34.8
2020-01-05,401169681,Baylor Bears,Texas Longhorns,59,44,0,2,239,251,31.3,34.6
2020-01-05,401170015,Vanderbilt Commodores,SMU Mustangs,81,92,0,2,238,2567,43.1,55.7
2020-01-05,401170217,George Mason Patriots,VCU Rams,59,72,0,2,2244,2670,36.8,45.3
2020-01-05,401170218,Duquesne Dukes,Davidson Wildcats,71,64,0,2,2184,2166,49.1,38.7
2020-01-05,401170219,Saint Louis Billikens,Massachusetts Minutemen,83,80,0,2,139,113,49.3,40.9
2020-01-05,401170220,Saint Joseph's Hawks,Dayton Flyers,67,80,0,2,2603,2168,40.0,44.3
2020-01-05,401170221,Fordham Rams,La Salle Explorers,60,66,0,2,2230,2325,39.6,47.8
2020-01-05,401170222,George Washington Revolutionaries,St. Bonaventure Bonnies,66,71,0,2,45,179,41.8,52.0
2020-01-05,401170223,Rhode Island Rams,Richmond Spiders,61,69,0,2,227,257,34.8,42.4
2020-01-05,401170437,Florida Gulf Coast Eagles,Lipscomb Bisons,68,61,0,2,526,288,54.2,38.1
2020-01-05,401170649,Arizona Wildcats,Arizona State Sun Devils,75,47,0,2,12,9,47.6,30.5
2020-01-05,401170651,Washington State Cougars,UCLA Bruins,79,71,0,2,265,26,42.4,41.9
2020-01-05,401170652,Colorado Buffaloes,Oregon State Beavers,68,76,0,2,38,204,49.1,52.9
2020-01-05,401170917,Maine Black Bears,Stony Brook Seawolves,52,73,0,2,311,2619,35.2,44.1
2020-01-05,401171615,Long Beach State Beach,Cal State Los Angeles Golden Eagles,76,60,0,2,299,2345,37.9,32.8
2020-01-05,401171936,Canisius Golden Griffins,Fairfield Stags,42,46,0,2,2099,2217,28.1,37.3
2020-01-05,401171982,Monmouth Hawks,Iona Gaels,73,61,0,2,2405,314,44.0,38.3
2020-01-05,401172001,Niagara Purple Eagles,Manhattan Jaspers,62,67,0,2,315,2363,39.0,40.4
2020-01-05,401172023,Saint Peter's Peacocks,Marist Red Foxes,66,40,0,2,2612,2368,46.2,28.9
2020-01-05,401172076,Rider Broncs,Siena Saints,85,77,0,2,2520,2561,50.0,48.2
2020-01-05,401172219,American University Eagles,Boston University Terriers,67,63,0,2,44,104,44.2,40.7
2020-01-05,401172332,Pennsylvania Quakers,Princeton Tigers,64,78,0,2,219,163,36.6,53.7
2020-01-05,401172393,UNC Wilmington Seahawks,Towson Tigers,60,67,0,2,350,119,37.7,42.9
2020-01-05,401172495,Detroit Mercy Titans,Wright State Raiders,69,70,0,2,2174,2750,48.3,36.2
2020-01-05,401172520,Green Bay Phoenix,IU Indianapolis Jaguars,78,93,0,2,2739,85,39.1,48.4
2020-01-05,401172848,Lehigh Mountain Hawks,Loyola Maryland Greyhounds,78,71,0,2,2329,2352,49.2,46.3
2020-01-05,401172849,Lafayette Leopards,Bucknell Bison,66,78,0,2,322,2083,40.0,45.5
2020-01-05,401172850,Holy Cross Crusaders,Navy Midshipmen,63,61,0,2,107,2426,48.0,44.2
2020-01-05,401173005,Northwestern State Demons,Houston Christian Huskies,106,79,0,2,2466,2277,60.3,43.8
2020-01-05,401173235,LSU New Orleans Privateers,Stephen F. Austin Lumberjacks,68,87,0,2,2443,2617,40.0,56.9
2020-01-05,401173496,Northern Iowa Panthers,Bradley Braves,69,64,0,2,2460,71,35.0,40.7
2020-01-05,401173541,Evansville Purple Aces,Valparaiso Beacons,79,81,0,2,339,2674,47.3,43.9
2020-01-05,401173599,Loyola Chicago Ramblers,Missouri State Bears,62,58,0,2,2350,2623,45.8,43.1
2020-01-05,401173722,Fresno State Bulldogs,San José State Spartans,79,64,0,2,278,23,47.4,42.6
2020-01-05,401173723,UNLV Rebels,Air Force Falcons,71,59,0,2,2439,2005,46.2,34.6
2020-01-05,401173725,Utah State Aggies,San Diego State Aztecs,68,77,0,2,328,21,42.6,50.9
2020-01-05,401174441,UC Riverside Highlanders,San Diego Christian Hawks,89,51,0,2,27,3096,51.5,40.7
2020-01-05,401174466,Milwaukee Panthers,UIC Flames,64,62,0,2,270,82,31.7,43.5
2020-01-05,401174900,Louisiana Ragin' Cajuns,Troy Trojans,79,62,0,2,309,2653,50.9,36.1
2020-01-05,401174961,Omaha Mavericks,Oral Roberts Golden Eagles,74,67,0,2,2437,198,52.6,37.9
2020-01-05,401174962,South Dakota Coyotes,Denver Pioneers,80,78,0,2,233,2172,43.6,51.9
2020-01-05,401174963,North Dakota Fighting Hawks,Purdue Fort Wayne Mastodons,83,69,0,2,155,2870,56.8,42.4
2020-01-05,401175066,Murray State Racers,Southeast Missouri State Redhawks,81,59,0,2,93,2546,60.4,39.0
2020-01-05,401175137,Oakland Golden Grizzlies,Northern Kentucky Norse,64,75,0,2,2473,94,42.6,50.0
2020-01-05,401175162,California Baptist Lancers,New Mexico State Aggies,71,86,0,2,2856,166,47.8,49.3
2020-01-05,401175175,BYU Cougars,Loyola Marymount Lions,63,38,0,2,252,2351,42.6,34.0
2020-01-05,401175236,Gonzaga Bulldogs,Pepperdine Waves,75,70,0,2,2250,2492,49.1,43.8
2020-01-05,401175237,Pacific Tigers,Saint Mary's Gaels,107,99,0,2,279,2608,46.5,35.6
2020-01-05,401175238,Portland Pilots,San Francisco Dons,76,65,0,2,2501,2539,49.0,42.4
2020-01-05,401175539,Kansas City Roos,Utah Valley Wolverines,68,63,0,2,140,3084,41.5,34.5
2020-01-05,401175795,Wofford Terriers,UNC Greensboro Spartans,98,92,0,2,2747,2430,52.5,38.5
2020-01-05,401175853,Cal State Bakersfield Roadrunners,Grand Canyon Lopes,69,62,0,2,2934,2253,35.9,39.6
2020-01-05,401175948,Old Dominion Monarchs,UAB Blazers,58,52,0,2,295,5,36.2,41.2
2020-01-05,401176033,Florida International Panthers,UTSA Roadrunners,90,83,0,2,2229,2636,44.6,42.9
2020-01-05,401176338,Texas Southern Tigers,Southern Jaguars,77,68,0,2,2640,2582,45.2,45.8
2020-01-05,401176445,Wagner Seahawks,Sacred Heart Pioneers,74,81,0,2,2681,2529,41.4,52.4
2020-01-05,401177443,North Dakota State Bison,Northland Lumberjacks,97,43,0,2,2449,2462,58.1,26.7
2020-01-06,401166152,Illinois Fighting Illini,Purdue Boilermakers,63,37,0,2,356,2509,45.6,25.0
2020-01-06,401166153,Minnesota Golden Gophers,Northwestern Wildcats,77,68,0,2,135,77,41.0,44.1
2020-01-06,401170653,Washington Huskies,USC Trojans,72,40,0,2,264,30,46.6,20.0
2020-01-07,401169683,Oklahoma State Cowboys,West Virginia Mountaineers,41,55,0,2,197,277,29.2,38.8
2020-01-07,401172244,Army Black Knights,Colgate Raiders,65,70,0,2,349,2142,40.3,40.4
2020-01-07,401174778,App State Mountaineers,Louisiana Ragin' Cajuns,73,81,0,2,2026,309,44.1,46.9
2020-01-07,401174779,Arkansas State Red Wolves,Georgia State Panthers,90,87,0,2,2032,2247,48.1,51.6
2020-01-07,401174780,Coastal Carolina Chanticleers,UL Monroe Warhawks,93,64,0,2,324,2433,54.8,37.3
2020-01-07,401174781,Little Rock Trojans,Georgia Southern Eagles,79,73,0,2,2031,290,56.0,44.3
2020-01-07,401174782,Texas State Bobcats,Troy Trojans,63,71,0,2,326,2653,32.8,50.0
2020-01-07,401174783,UT Arlington Mavericks,South Alabama Jaguars,54,66,0,2,250,6,33.9,53.1
2020-01-07,401175677,Howard Bison,Bethune-Cookman Wildcats,73,102,0,2,47,2065,41.2,56.3
2020-01-07,401175695,Coppin State Eagles,Norfolk State Spartans,59,82,0,2,2154,2450,38.3,47.5
2020-01-07,401175728,North Carolina A&T Aggies,Florida A&M Rattlers,97,90,0,2,2448,50,41.1,42.3
2020-01-07,401175844,Morgan State Bears,South Carolina State Bulldogs,77,63,0,2,2415,2569,45.8,36.7
2020-01-07,401176143,Jackson State Tigers,Alabama A&M Bulldogs,57,66,0,2,2296,2010,39.6,33.9
2020-01-07,401176185,Texas Southern Tigers,Alcorn State Braves,80,95,0,2,2640,2016,33.8,48.2
2020-01-07,401176225,Grambling Tigers,Alabama State Hornets,68,63,0,2,2755,2011,39.0,39.3
2020-01-07,401176306,Prairie View A&M Panthers,Southern Jaguars,64,54,0,2,2504,2582,44.9,45.5
2020-01-08,401166154,Maryland Terrapins,Ohio State Buckeyes,67,55,0,2,120,194,45.7,31.3
2020-01-08,401166155,Nebraska Cornhuskers,Iowa Hawkeyes,76,70,0,2,158,2294,49.1,41.6
2020-01-08,401166156,Rutgers Scarlet Knights,Penn State Nittany Lions,72,61,0,2,164,213,41.4,36.1
2020-01-08,401166276,South Carolina Gamecocks,Florida Gators,68,81,0,2,2579,57,38.3,46.7
2020-01-08,401166277,Missouri Tigers,Tennessee Volunteers,59,69,0,2,142,2633,35.2,53.5
2020-01-08,401166278,Georgia Bulldogs,Kentucky Wildcats,69,78,0,2,61,96,42.1,50.0
2020-01-08,401166279,Texas A&M Aggies,Ole Miss Rebels,57,47,0,2,245,145,39.6,30.0
2020-01-08,401168325,Creighton Bluejays,Villanova Wildcats,59,64,0,2,156,222,41.5,37.7
2020-01-08,401168395,Georgetown Hoyas,St. John's Red Storm,87,66,0,2,46,2599,43.3,35.3
2020-01-08,401168414,Marquette Golden Eagles,Providence Friars,80,81,0,2,269,2507,37.0,45.8
2020-01-08,401168474,Boston College Eagles,Virginia Cavaliers,60,53,0,2,103,258,44.7,32.7
2020-01-08,401168507,Louisville Cardinals,Miami Hurricanes,74,58,0,2,97,2390,45.2,27.9
2020-01-08,401168535,Syracuse Orange,Virginia Tech Hokies,63,67,0,2,183,259,43.4,42.0
2020-01-08,401169520,East Carolina Pirates,South Florida Bulls,62,59,0,2,151,58,46.0,35.1
2020-01-08,401169521,Temple Owls,Houston Cougars,74,78,0,2,218,248,42.6,43.1
2020-01-08,401169684,Kansas State Wildcats,TCU Horned Frogs,57,59,0,2,2306,2628,42.9,33.9
2020-01-08,401169685,Texas Tech Red Raiders,Baylor Bears,52,57,0,2,2641,239,37.0,43.1
2020-01-08,401171022,UNC Asheville Bulldogs,Campbell Fighting Camels,62,64,0,2,2427,2097,39.7,54.2
2020-01-08,401171454,South Carolina Upstate Spartans,Hampton Pirates,83,73,0,2,2908,2261,40.8,41.1
2020-01-08,401172065,Quinnipiac Bobcats,Rider Broncs,80,61,0,2,2514,2520,48.1,39.0
2020-01-08,401172263,Brown Bears,Johnson & Wales Griffins,79,53,0,2,225,353,56.4,31.8
2020-01-08,401172301,Cornell Big Red,Purchase Panthers,100,68,0,2,172,3103,54.4,40.9
2020-01-08,401172634,Akron Zips,Western Michigan Broncos,84,69,0,2,2006,2711,45.9,52.2
2020-01-08,401172635,Kent State Golden Flashes,Toledo Rockets,84,77,0,2,2309,2649,52.4,40.0
2020-01-08,401172636,Ohio Bobcats,Eastern Michigan Eagles,74,68,0,2,195,2199,46.4,43.9
2020-01-08,401172637,Ball State Cardinals,Buffalo Bulls,88,68,0,2,2050,2084,47.9,45.5
2020-01-08,401172638,Central Michigan Chippewas,Northern Illinois Huskies,68,67,0,2,2117,2459,44.4,46.6
2020-01-08,401172735,Bowling Green Falcons,Miami (OH) RedHawks,78,76,0,2,189,193,42.2,34.3
2020-01-08,401173520,Drake Bulldogs,Loyola Chicago Ramblers,65,62,0,2,2181,2350,48.1,43.9
2020-01-08,401173563,Illinois State Redbirds,Missouri State Bears,63,67,0,2,2287,2623,46.9,35.5
2020-01-08,401173584,Northern Iowa Panthers,Indiana State Sycamores,68,60,0,2,2460,282,51.0,47.9
2020-01-08,401173638,Southern Illinois Salukis,Valparaiso Beacons,63,50,0,2,79,2674,48.9,32.2
2020-01-08,401173726,Air Force Falcons,Utah State Aggies,79,60,0,2,2005,328,47.5,36.5
2020-01-08,401173727,New Mexico Lobos,Fresno State Bulldogs,78,64,0,2,167,278,46.6,37.5
2020-01-09,401166157,Indiana Hoosiers,Northwestern Wildcats,66,62,0,2,84,77,37.0,44.6
2020-01-09,401166158,Wisconsin Badgers,Illinois Fighting Illini,70,71,0,2,275,356,43.4,49.1
2020-01-09,401166280,Alabama Crimson Tide,Mississippi State Bulldogs,90,69,0,2,333,344,49.1,37.7
2020-01-09,401166281,LSU Tigers,Arkansas Razorbacks,79,77,0,2,99,8,40.9,44.8
2020-01-09,401166282,Auburn Tigers,Vanderbilt Commodores,83,79,0,2,2,238,43.9,50.0
2020-01-09,401168356,Georgia Tech Yellow Jackets,Duke Blue Devils,64,73,0,2,59,150,35.9,51.9
2020-01-09,401168449,Xavier Musketeers,Seton Hall Pirates,71,83,0,2,2752,2550,44.4,53.4
2020-01-09,401168489,North Carolina Tar Heels,Pittsburgh Panthers,65,73,0,2,153,221,41.0,44.2
2020-01-09,401168522,Wake Forest Demon Deacons,Florida State Seminoles,68,78,0,2,154,52,39.6,43.5
2020-01-09,401168568,NC State Wolfpack,Notre Dame Fighting Irish,73,68,0,2,152,87,41.3,47.4
2020-01-09,401169522,Cincinnati Bearcats,Tulsa Golden Hurricane,75,44,0,2,2132,202,48.4,32.2
2020-01-09,401169523,SMU Mustangs,UCF Knights,81,74,0,2,2567,2116,48.1,49.2
2020-01-09,401169524,UConn Huskies,Tulane Green Wave,67,61,0,2,41,2655,42.4,39.3
2020-01-09,401169686,Iowa State Cyclones,Kansas Jayhawks,53,79,0,2,66,2305,34.5,51.9
2020-01-09,401169687,Texas Longhorns,Oklahoma Sooners,62,72,0,2,251,201,37.5,50.0
2020-01-09,401170224,Saint Joseph's Hawks,Duquesne Dukes,60,78,0,2,2603,2184,28.8,50.0
2020-01-09,401170225,Rhode Island Rams,Davidson Wildcats,69,58,0,2,227,2166,44.4,36.5
2020-01-09,401170226,George Mason Patriots,St. Bonaventure Bonnies,49,61,0,2,2244,179,38.0,39.1
2020-01-09,401170227,Saint Louis Billikens,George Washington Revolutionaries,63,58,0,2,139,45,38.0,38.8
2020-01-09,401170228,Massachusetts Minutemen,La Salle Explorers,77,69,0,2,113,2325,49.0,40.0
2020-01-09,401170843,Binghamton Bearcats,UMBC Retrievers,79,75,0,2,2066,2378,46.3,49.2
2020-01-09,401170871,UMass Lowell River Hawks,Hartford Hawks,68,80,0,2,2349,42,44.8,50.0
2020-01-09,401170918,New Hampshire Wildcats,Maine Black Bears,57,51,0,2,160,311,46.0,28.6
2020-01-09,401170979,Vermont Catamounts,Stony Brook Seawolves,77,81,0,2,261,2619,41.1,43.9
2020-01-09,401171410,Charleston Southern Buccaneers,Longwood Lancers,56,74,0,2,2127,2344,32.7,43.4
2020-01-09,401171431,Gardner-Webb Runnin' Bulldogs,Radford Highlanders,64,67,0,2,2241,2515,37.7,48.1
2020-01-09,401171475,High Point Panthers,Winthrop Eagles,57,79,0,2,2272,2737,39.2,50.9
2020-01-09,401171568,Cal Poly Mustangs,UC Santa Barbara Gauchos,45,63,0,2,13,2540,28.3,51.1
2020-01-09,401171616,Cal State Northridge Matadors,Long Beach State Beach,95,77,0,2,2463,299,59.3,42.0
2020-01-09,401171783,Towson Tigers,Drexel Dragons,89,73,0,2,119,2182,56.9,44.8
2020-01-09,401171961,Fairfield Stags,Marist Red Foxes,58,70,0,2,2217,2368,40.4,43.1
2020-01-09,401172220,Army Black Knights,American University Eagles,60,68,0,2,349,44,54.2,44.4
2020-01-09,401172851,Colgate Raiders,Loyola Maryland Greyhounds,92,70,0,2,2142,2352,46.0,46.0
2020-01-09,401172852,Boston University Terriers,Lehigh Mountain Hawks,84,67,0,2,104,2329,46.2,42.6
2020-01-09,401172853,Bucknell Bison,Navy Midshipmen,56,60,0,2,2083,2426,34.6,42.9
2020-01-09,401172854,Lafayette Leopards,Holy Cross Crusaders,82,64,0,2,322,107,51.0,39.3
2020-01-09,401172944,Abilene Christian Wildcats,McNeese Cowboys,84,88,0,2,2000,2377,46.0,63.0
2020-01-09,401172984,Lamar Cardinals,Nicholls Colonels,52,61,0,2,2320,2447,36.7,39.0
2020-01-09,401173065,Incarnate Word Cardinals,Northwestern State Demons,66,72,0,2,2916,2466,31.6,39.7
2020-01-09,401173221,Sam Houston Bearkats,SE Louisiana Lions,67,62,0,2,2534,2545,43.5,40.7
2020-01-09,401173236,Stephen F. Austin Lumberjacks,Texas A&M-Corpus Christi Islanders,72,73,0,2,2617,357,41.1,58.1
2020-01-09,401173497,Evansville Purple Aces,Bradley Braves,52,72,0,2,339,71,33.3,41.4
2020-01-09,401173728,San José State Spartans,Nevada Wolf Pack,70,68,0,2,23,2440,35.2,38.3
2020-01-09,401173729,Wyoming Cowboys,San Diego State Aztecs,52,72,0,2,2751,21,33.3,52.1
2020-01-09,401173730,Boise State Broncos,UNLV Rebels,73,66,0,2,68,2439,42.0,37.7
2020-01-09,401174964,Denver Pioneers,South Dakota State Jackrabbits,68,80,0,2,2172,2571,39.7,50.0
2020-01-09,401174965,North Dakota Fighting Hawks,Omaha Mavericks,62,66,0,2,155,2437,34.5,42.6
2020-01-09,401174966,Western Illinois Leathernecks,Purdue Fort Wayne Mastodons,69,77,0,2,2710,2870,39.4,49.3
2020-01-09,401175163,Cal State Bakersfield Roadrunners,California Baptist Lancers,75,83,0,2,2934,2856,43.3,54.5
2020-01-09,401175356,Chattanooga Mocs,Furman Paladins,66,73,0,2,236,231,54.2,51.7
2020-01-09,401175481,UNC Greensboro Spartans,East Tennessee State Buccaneers,57,64,0,2,2430,2193,40.0,37.0
2020-01-09,401176066,Samford Bulldogs,Wofford Terriers,62,67,0,2,2535,2747,39.3,46.6
2020-01-09,401176084,VMI Keydets,Western Carolina Catamounts,85,97,0,2,2678,2717,39.5,50.0
2020-01-09,401176413,LSU New Orleans Privateers,Central Arkansas Bears,86,78,0,2,2443,2110,51.9,43.3
2020-01-10,401166159,Michigan Wolverines,Purdue Boilermakers,84,78,0,2,130,2509,47.0,40.8
2020-01-10,401166160,Michigan State Spartans,Minnesota Golden Gophers,74,58,0,2,127,135,43.1,39.0
2020-01-10,401166526,Eastern Washington Eagles,Montana Grizzlies,63,90,0,2,331,149,38.2,54.2
2020-01-10,401166527,Idaho State Bengals,Southern Utah Thunderbirds,55,71,0,2,304,253,32.7,49.1
2020-01-10,401166528,Idaho Vandals,Montana State Bobcats,68,71,0,2,70,147,45.5,42.6
2020-01-10,401166529,Sacramento State Hornets,Northern Arizona Lumberjacks,64,57,0,2,16,2464,48.1,41.8
2020-01-10,401166530,Weber State Wildcats,Northern Colorado Bears,64,65,0,2,2692,2458,43.6,36.2
2020-01-10,401169525,Wichita State Shockers,Memphis Tigers,76,67,0,2,2724,235,32.8,35.7
2020-01-10,401170441,Lipscomb Bisons,Kennesaw State Owls,85,73,0,2,288,338,49.2,49.1
2020-01-10,401170442,Jacksonville Dolphins,NJIT Highlanders,68,52,0,2,294,2885,48.2,34.5
2020-01-10,401170443,North Florida Ospreys,Florida Gulf Coast Eagles,89,74,0,2,2454,526,50.0,46.8
2020-01-10,401170444,Liberty Flames,North Alabama Lions,63,52,0,2,2335,2453,42.3,39.5
2020-01-10,401170654,California Golden Bears,Washington State Cougars,73,66,0,2,25,265,51.0,38.8
2020-01-10,401170655,Oregon Ducks,Arizona Wildcats,74,73,0,2,2483,12,40.0,45.2
2020-01-10,401170656,Oregon State Beavers,Arizona State Sun Devils,76,82,0,2,204,9,46.0,48.3
2020-01-10,401170657,Stanford Cardinal,Washington Huskies,61,55,0,2,24,264,38.6,38.5
2020-01-10,401171595,Cal State Fullerton Titans,Hawai'i Rainbow Warriors,69,75,0,2,2239,62,47.2,46.9
2020-01-10,401171640,UC Davis Aggies,UC Riverside Highlanders,59,65,0,2,302,27,40.7,53.3
2020-01-10,401171697,Elon Phoenix,Charleston Cougars,65,73,0,2,2210,232,43.4,45.5
2020-01-10,401171809,James Madison Dukes,Delaware Blue Hens,76,80,0,2,256,48,42.9,45.8
2020-01-10,401171876,Northeastern Huskies,Hofstra Pride,72,74,0,2,111,2275,49.1,55.6
2020-01-10,401172086,Siena Saints,Saint Peter's Peacocks,61,58,0,2,2561,2612,41.5,42.4
2020-01-10,401172282,Columbia Lions,Mount Saint Vincent MOUNT SAINT VINCENT,86,56,0,2,171,329,47.0,31.6
2020-01-10,401172333,Princeton Tigers,Pennsylvania Quakers,63,58,0,2,163,219,42.1,40.7
2020-01-10,401172394,William & Mary Tribe,UNC Wilmington Seahawks,79,63,0,2,2729,350,44.6,35.6
2020-01-10,401172469,Cleveland State Vikings,Detroit Mercy Titans,64,59,0,2,325,2174,45.1,30.3
2020-01-10,401173885,Tennessee Tech Golden Eagles,Austin Peay Governors,62,75,0,2,2635,2046,42.3,50.0
2020-01-10,401173955,Southeast Missouri State Redhawks,Belmont Bruins,64,89,0,2,2546,2057,42.9,62.3
2020-01-10,401174047,Eastern Kentucky Colonels,Eastern Illinois Panthers,77,74,0,2,2198,2197,45.0,43.8
2020-01-10,401174168,Jacksonville State Gamecocks,Murray State Racers,68,72,0,2,55,93,35.0,50.0
2020-01-10,401174784,Georgia Southern Eagles,UL Monroe Warhawks,67,56,0,2,290,2433,39.7,40.7
2020-01-10,401174785,Georgia State Panthers,Louisiana Ragin' Cajuns,90,52,0,2,2247,309,54.2,28.8
2020-01-10,401174786,South Alabama Jaguars,Arkansas State Red Wolves,75,59,0,2,6,2032,47.9,45.7
2020-01-10,401174787,Texas State Bobcats,Coastal Carolina Chanticleers,78,66,0,2,326,324,39.6,41.7
2020-01-10,401174788,Troy Trojans,Little Rock Trojans,76,71,0,2,2653,2031,42.4,38.2
2020-01-10,401174789,UT Arlington Mavericks,App State Mountaineers,66,56,0,2,250,2026,40.0,44.0
2020-01-10,401174967,Oral Roberts Golden Eagles,North Dakota State Bison,79,73,0,2,198,2449,52.8,45.5
2020-01-10,401175067,Morehead State Eagles,SIU Edwardsville Cougars,83,77,0,2,2413,2565,45.5,39.1
2020-01-10,401175068,UT Martin Skyhawks,Tennessee State Tigers,87,74,0,2,2630,2634,46.7,44.1
2020-01-10,401175138,Youngstown State Penguins,Oakland Golden Grizzlies,61,60,0,2,2754,2473,35.5,42.9
2020-01-10,401175176,Saint Mary's Gaels,BYU Cougars,87,84,0,2,2608,252,46.8,47.8
2020-01-10,401175240,San Diego Toreros,Gonzaga Bulldogs,50,94,0,2,301,2250,32.8,48.6
2020-01-10,401175241,San Francisco Dons,Santa Clara Broncos,80,61,0,2,2539,2541,52.7,32.8
2020-01-10,401175555,UT Rio Grande Valley Vaqueros,Kansas City Roos,76,64,0,2,292,140,43.1,51.1
2020-01-10,401175746,New Mexico State Aggies,Chicago State Cougars,93,54,0,2,166,2130,49.2,32.0
2020-01-10,401175865,UTSA Roadrunners,Louisiana Tech Bulldogs,89,73,0,2,2636,2348,49.2,48.1
2020-01-10,401175903,Rice Owls,Florida Atlantic Owls,76,81,0,2,242,2226,38.6,46.4
2020-01-10,401175918,Middle Tennessee Blue Raiders,Marshall Thundering Herd,75,79,0,2,2393,276,39.7,48.4
2020-01-10,401175937,North Texas Mean Green,Florida International Panthers,74,56,0,2,249,2229,46.6,39.2
2020-01-10,401175991,UTEP Miners,Southern Miss Golden Eagles,76,64,0,2,2638,2572,40.4,36.7
2020-01-10,401176045,UAB Blazers,Western Kentucky Hilltoppers,72,62,0,2,5,98,50.9,36.5
2020-01-10,401176446,Long Island University Sharks,Central Connecticut Blue Devils,90,78,0,2,112358,2115,54.7,50.0
2020-01-10,401176447,Fairleigh Dickinson Knights,Sacred Heart Pioneers,75,77,0,2,161,2529,45.8,46.6
2020-01-10,401176448,Merrimack Warriors,Mount St. Mary's Mountaineers,64,61,0,2,2771,116,48.1,43.6
2020-01-10,401176449,Robert Morris Colonials,St. Francis Brooklyn Terriers,78,52,0,2,2523,2597,54.2,34.5
2020-01-10,401176450,Saint Francis Red Wolves,Wagner Seahawks,80,62,0,2,2598,2681,40.3,38.7
2020-01-11,401166161,Iowa Hawkeyes,Maryland Terrapins,67,49,0,2,2294,120,37.7,32.7
2020-01-11,401166162,Illinois Fighting Illini,Rutgers Scarlet Knights,54,51,0,2,356,164,28.6,33.9
2020-01-11,401166163,Indiana Hoosiers,Ohio State Buckeyes,66,54,0,2,84,194,40.8,32.7
2020-01-11,401166164,Northwestern Wildcats,Nebraska Cornhuskers,62,57,0,2,77,158,39.7,31.3
2020-01-11,401166165,Penn State Nittany Lions,Wisconsin Badgers,49,58,0,2,213,275,32.7,40.0
2020-01-11,401166283,Kentucky Wildcats,Alabama Crimson Tide,76,67,0,2,96,333,44.4,36.8
2020-01-11,401166284,Tennessee Volunteers,South Carolina Gamecocks,56,55,0,2,2633,2579,25.9,32.8
2020-01-11,401166285,Vanderbilt Commodores,Texas A&M Aggies,50,69,0,2,238,245,30.0,52.6
2020-01-11,401166286,Ole Miss Rebels,Arkansas Razorbacks,72,76,0,2,145,8,40.7,41.1
2020-01-11,401166287,Auburn Tigers,Georgia Bulldogs,82,60,0,2,2,61,53.2,38.0
2020-01-11,401166531,Northern Arizona Lumberjacks,Idaho State Bengals,67,71,0,2,2464,304,44.4,48.1
2020-01-11,401168299,Providence Friars,Butler Bulldogs,58,70,0,2,2507,2086,31.7,55.6
2020-01-11,401168326,Xavier Musketeers,Creighton Bluejays,65,77,0,2,2752,156,40.0,43.3
2020-01-11,401168351,St. John's Red Storm,DePaul Blue Demons,74,67,0,2,2599,305,40.3,48.0
2020-01-11,401168396,Villanova Wildcats,Georgetown Hoyas,80,66,0,2,222,46,47.4,44.1
2020-01-11,401168415,Seton Hall Pirates,Marquette Golden Eagles,69,55,0,2,2550,269,44.6,32.7
2020-01-11,401168475,Virginia Cavaliers,Syracuse Orange,55,63,0,2,258,183,31.3,33.3
2020-01-11,401168491,North Carolina Tar Heels,Clemson Tigers,76,79,0,2,153,228,42.4,43.3
2020-01-11,401168508,Notre Dame Fighting Irish,Louisville Cardinals,64,67,0,2,87,97,39.4,41.9
2020-01-11,401168547,Virginia Tech Hokies,NC State Wolfpack,72,58,0,2,259,152,37.3,31.9
2020-01-11,401168557,Boston College Eagles,Georgia Tech Yellow Jackets,52,71,0,2,103,59,29.8,50.9
2020-01-11,401169526,UCF Knights,Cincinnati Bearcats,54,68,0,2,2116,2132,42.2,50.0
2020-01-11,401169527,Temple Owls,Tulane Green Wave,51,65,0,2,218,2655,31.5,44.4
2020-01-11,401169528,East Carolina Pirates,SMU Mustangs,71,68,0,2,151,2567,42.9,38.5
2020-01-11,401169529,Tulsa Golden Hurricane,Houston Cougars,63,61,0,2,202,248,46.3,39.3
2020-01-11,401169688,Kansas Jayhawks,Baylor Bears,55,67,0,2,2305,239,39.2,45.0
2020-01-11,401169689,TCU Horned Frogs,Oklahoma State Cowboys,52,40,0,2,2628,197,33.3,30.2
2020-01-11,401169690,West Virginia Mountaineers,Texas Tech Red Raiders,66,54,0,2,277,2641,41.7,28.4
2020-01-11,401170229,Dayton Flyers,Massachusetts Minutemen,88,60,0,2,2168,113,51.4,38.5
2020-01-11,401170230,Davidson Wildcats,Saint Joseph's Hawks,89,83,0,2,2166,2603,43.5,39.4
2020-01-11,401170231,Richmond Spiders,Saint Louis Billikens,58,74,0,2,257,139,39.7,50.9
2020-01-11,401170232,VCU Rams,Rhode Island Rams,56,65,0,2,2670,227,31.3,36.8
2020-01-11,401170233,George Washington Revolutionaries,Duquesne Dukes,61,66,0,2,45,2184,42.9,44.0
2020-01-11,401170234,St. Bonaventure Bonnies,Fordham Rams,64,44,0,2,179,2230,51.1,24.1
2020-01-11,401170235,La Salle Explorers,George Mason Patriots,63,76,0,2,2325,2244,35.0,48.1
2020-01-11,401170445,Lipscomb Bisons,North Alabama Lions,69,82,0,2,288,2453,38.2,42.4
2020-01-11,401170446,Liberty Flames,Jacksonville Dolphins,54,37,0,2,2335,294,42.0,27.5
2020-01-11,401170447,North Florida Ospreys,NJIT Highlanders,66,78,0,2,2454,2885,43.9,58.8
2020-01-11,401170448,Stetson Hatters,Florida Gulf Coast Eagles,62,66,0,2,56,526,46.3,43.8
2020-01-11,401170660,Stanford Cardinal,Washington State Cougars,88,62,0,2,24,265,61.0,39.3
2020-01-11,401170844,UMass Lowell River Hawks,Binghamton Bearcats,85,66,0,2,2349,2066,56.4,41.3
2020-01-11,401170919,UAlbany Great Danes,Maine Black Bears,76,70,0,2,399,311,37.0,39.0
2020-01-11,401170993,UMBC Retrievers,Vermont Catamounts,50,74,0,2,2378,261,35.4,47.3
2020-01-11,401171023,Radford Highlanders,Campbell Fighting Camels,68,63,0,2,2515,2097,45.8,38.9
2020-01-11,401171411,Charleston Southern Buccaneers,UNC Asheville Bulldogs,69,71,0,2,2127,2427,46.7,43.3
2020-01-11,401171455,Hampton Pirates,Longwood Lancers,83,80,0,2,2261,2344,48.3,37.5
2020-01-11,401171476,Presbyterian Blue Hose,High Point Panthers,77,62,0,2,2506,2272,43.2,39.1
2020-01-11,401171698,William & Mary Tribe,Charleston Cougars,67,56,0,2,2729,232,42.6,34.5
2020-01-11,401171784,James Madison Dukes,Drexel Dragons,71,78,0,2,256,2182,35.6,45.0
2020-01-11,401171810,Towson Tigers,Delaware Blue Hens,84,68,0,2,119,48,47.5,41.4
2020-01-11,401171856,Elon Phoenix,UNC Wilmington Seahawks,80,63,0,2,2210,350,44.8,28.8
2020-01-11,401171937,Monmouth Hawks,Canisius Golden Griffins,84,65,0,2,2405,2099,50.0,40.0
2020-01-11,401171962,Fairfield Stags,Manhattan Jaspers,68,60,0,2,2217,2363,48.7,45.1
2020-01-11,401171983,Rider Broncs,Iona Gaels,66,69,0,2,2520,314,45.3,51.9
2020-01-11,401172054,Quinnipiac Bobcats,Niagara Purple Eagles,67,56,0,2,2514,315,39.0,37.1
2020-01-11,401172245,Boston University Terriers,Army Black Knights,81,59,0,2,104,349,60.7,39.3
2020-01-11,401172470,Cleveland State Vikings,Oakland Golden Grizzlies,55,68,0,2,325,2473,39.1,48.6
2020-01-11,401172496,Youngstown State Penguins,Detroit Mercy Titans,69,67,0,2,2754,2174,41.2,40.4
2020-01-11,401172639,Miami (OH) RedHawks,Buffalo Bulls,78,83,0,2,193,2084,42.2,46.9
2020-01-11,401172640,Akron Zips,Ball State Cardinals,75,60,0,2,2006,2050,45.6,40.4
2020-01-11,401172641,Kent State Golden Flashes,Central Michigan Chippewas,79,73,0,2,2309,2117,45.8,40.6
2020-01-11,401172642,Northern Illinois Huskies,Eastern Michigan Eagles,71,68,0,2,2459,2199,41.1,41.0
2020-01-11,401172643,Ohio Bobcats,Bowling Green Falcons,74,83,0,2,195,189,46.4,50.0
2020-01-11,401172855,Bucknell Bison,Holy Cross Crusaders,75,60,0,2,2083,107,46.8,44.0
2020-01-11,401172856,Navy Midshipmen,Colgate Raiders,63,70,0,2,2426,2142,34.9,40.7
2020-01-11,401172857,Loyola Maryland Greyhounds,Lafayette Leopards,62,65,0,2,2352,322,35.0,40.6
2020-01-11,401172945,Abilene Christian Wildcats,Texas A&M-Corpus Christi Islanders,68,56,0,2,2000,357,34.6,40.9
2020-01-11,401173028,McNeese Cowboys,Northwestern State Demons,85,76,0,2,2377,2466,45.6,43.9
2020-01-11,401173049,SE Louisiana Lions,Nicholls Colonels,58,69,0,2,2545,2447,34.7,42.6
2020-01-11,401173521,Valparaiso Beacons,Drake Bulldogs,66,61,0,2,2674,2181,33.3,49.1
2020-01-11,401173542,Loyola Chicago Ramblers,Evansville Purple Aces,78,44,0,2,2350,339,70.5,39.1
2020-01-11,401173564,Indiana State Sycamores,Illinois State Redbirds,65,52,0,2,282,2287,42.4,31.0
2020-01-11,401173612,Missouri State Bears,Northern Iowa Panthers,57,80,0,2,2623,2460,35.9,53.6
2020-01-11,401173732,San José State Spartans,Colorado State Rams,70,81,0,2,23,36,35.3,45.8
2020-01-11,401173734,New Mexico Lobos,Air Force Falcons,84,78,0,2,167,2005,57.7,42.3
2020-01-11,401173886,Jacksonville State Gamecocks,Austin Peay Governors,67,71,0,2,55,2046,47.9,36.7
2020-01-11,401173956,UT Martin Skyhawks,Belmont Bruins,78,85,0,2,2630,2057,42.6,44.9
2020-01-11,401174048,Morehead State Eagles,Eastern Illinois Panthers,69,66,0,2,2413,2197,48.0,41.8
2020-01-11,401174071,Eastern Kentucky Colonels,SIU Edwardsville Cougars,78,72,0,2,2198,2565,38.6,50.0
2020-01-11,401174450,IU Indianapolis Jaguars,Wright State Raiders,70,84,0,2,85,2750,33.3,42.0
2020-01-11,401174467,UIC Flames,Northern Kentucky Norse,52,68,0,2,82,94,34.5,48.1
2020-01-11,401174790,Arkansas State Red Wolves,Troy Trojans,76,68,0,2,2032,2653,41.5,45.5
2020-01-11,401174791,Georgia Southern Eagles,Louisiana Ragin' Cajuns,71,51,0,2,290,309,42.4,28.6
2020-01-11,401174792,Georgia State Panthers,UL Monroe Warhawks,84,62,0,2,2247,2433,57.7,39.2
2020-01-11,401174793,Little Rock Trojans,South Alabama Jaguars,43,52,0,2,2031,6,34.0,42.2
2020-01-11,401174794,Texas State Bobcats,App State Mountaineers,82,57,0,2,326,2026,53.8,37.8
2020-01-11,401174795,UT Arlington Mavericks,Coastal Carolina Chanticleers,77,82,0,2,250,324,41.2,37.9
2020-01-11,401174968,Western Illinois Leathernecks,Denver Pioneers,86,80,0,2,2710,2172,50.0,51.7
2020-01-11,401174969,South Dakota Coyotes,Omaha Mavericks,91,81,0,2,233,2437,49.1,52.5
2020-01-11,401175069,Southeast Missouri State Redhawks,Tennessee State Tigers,73,75,0,2,2546,2634,47.2,45.6
2020-01-11,401175242,Loyola Marymount Lions,Gonzaga Bulldogs,62,87,0,2,2351,2250,38.6,52.5
2020-01-11,401175357,Chattanooga Mocs,Samford Bulldogs,105,67,0,2,236,2535,54.8,36.9
2020-01-11,401175482,East Tennessee State Buccaneers,VMI Keydets,61,55,0,2,2193,2678,34.6,39.6
2020-01-11,401175556,New Mexico State Aggies,Kansas City Roos,74,71,0,2,166,140,61.7,45.6
2020-01-11,401175678,Bethune-Cookman Wildcats,Coppin State Eagles,85,80,0,2,2065,2154,47.1,45.6
2020-01-11,401175714,Delaware State Hornets,North Carolina Central Eagles,68,66,0,2,2169,2428,41.1,45.1
2020-01-11,401175729,Florida A&M Rattlers,Morgan State Bears,77,68,0,2,50,2415,40.6,42.3
2020-01-11,401175758,Howard Bison,Norfolk State Spartans,63,71,0,2,47,2450,38.3,40.0
2020-01-11,401175772,Maryland Eastern Shore Hawks,North Carolina A&T Aggies,53,91,0,2,2379,2448,25.7,49.2
2020-01-11,401175904,North Texas Mean Green,Florida Atlantic Owls,81,58,0,2,249,2226,57.1,38.6
2020-01-11,401175949,Charlotte 49ers,Old Dominion Monarchs,53,47,0,2,2429,295,37.8,40.4
2020-01-11,401175981,Rice Owls,Florida International Panthers,92,78,0,2,242,2229,52.9,46.8
2020-01-11,401175992,UTSA Roadrunners,Southern Miss Golden Eagles,80,70,0,2,2636,2572,48.1,47.2
2020-01-11,401176049,Middle Tennessee Blue Raiders,Western Kentucky Hilltoppers,53,69,0,2,2393,98,35.8,48.0
2020-01-11,401176075,Western Carolina Catamounts,Mercer Bears,79,71,0,2,2717,2382,43.1,38.1
2020-01-11,401176096,Bryant Bulldogs,Mount St. Mary's Mountaineers,65,67,0,2,2803,116,42.6,44.8
2020-01-11,401176186,Alcorn State Braves,Jackson State Tigers,65,76,0,2,2016,2296,40.0,47.4
2020-01-11,401176226,Southern Jaguars,Grambling Tigers,56,61,0,2,2582,2755,38.8,40.0
2020-01-11,401176414,Central Arkansas Bears,Sam Houston Bearkats,89,82,0,2,2110,2534,44.2,40.6
2020-01-11,401176415,Incarnate Word Cardinals,LSU New Orleans Privateers,73,70,0,2,2916,2443,39.6,45.1
2020-01-11,401176451,Central Connecticut Blue Devils,Merrimack Warriors,46,58,0,2,2115,2771,38.1,35.4
2020-01-11,401176452,Long Island University Sharks,Fairleigh Dickinson Knights,84,70,0,2,112358,161,50.0,45.0
2020-01-11,401176453,Robert Morris Colonials,Wagner Seahawks,94,62,0,2,2523,2681,55.9,42.9
2020-01-12,401166166,Minnesota Golden Gophers,Michigan Wolverines,75,67,0,2,135,130,54.9,41.9
2020-01-12,401166167,Purdue Boilermakers,Michigan State Spartans,71,42,0,2,2509,127,45.6,35.3
2020-01-12,401166288,LSU Tigers,Mississippi State Bulldogs,60,59,0,2,99,344,37.3,33.9
2020-01-12,401166289,Missouri Tigers,Florida Gators,91,75,0,2,142,57,61.5,38.5
2020-01-12,401166532,Montana State Bobcats,Portland State Vikings,76,77,0,2,147,2502,50.0,48.4
2020-01-12,401166533,Sacramento State Hornets,Weber State Wildcats,71,57,0,2,16,2692,48.1,39.2
2020-01-12,401168357,Duke Blue Devils,Wake Forest Demon Deacons,90,59,0,2,150,154,53.2,41.8
2020-01-12,401168589,Miami Hurricanes,Pittsburgh Panthers,66,58,0,2,2390,221,52.9,35.9
2020-01-12,401169530,UConn Huskies,Wichita State Shockers,86,89,0,2,41,2724,38.2,42.7
2020-01-12,401169531,South Florida Bulls,Memphis Tigers,64,68,0,2,58,235,40.0,54.8
2020-01-12,401169691,Iowa State Cyclones,Oklahoma Sooners,81,68,0,2,66,201,47.8,47.7
2020-01-12,401169692,Texas Longhorns,Kansas State Wildcats,64,50,0,2,251,2306,49.0,37.0
2020-01-12,401170658,California Golden Bears,Washington Huskies,61,58,0,2,25,264,40.0,29.5
2020-01-12,401170659,Oregon Ducks,Arizona State Sun Devils,78,69,0,2,2483,9,48.1,39.0
2020-01-12,401170661,UCLA Bruins,USC Trojans,63,74,0,2,26,30,37.9,57.4
2020-01-12,401170662,Colorado Buffaloes,Utah Utes,91,52,0,2,38,254,59.4,35.2
2020-01-12,401170959,Stony Brook Seawolves,New Hampshire Wildcats,73,48,0,2,2619,160,47.2,23.9
2020-01-12,401171432,Winthrop Eagles,Gardner-Webb Runnin' Bulldogs,99,95,0,2,2737,2241,40.0,47.9
2020-01-12,401171569,Cal Poly Mustangs,Cal State Northridge Matadors,74,56,0,2,13,2463,52.7,35.8
2020-01-12,401171596,UC Riverside Highlanders,Cal State Fullerton Titans,65,59,0,2,27,2239,36.4,38.5
2020-01-12,401171617,UC Santa Barbara Gauchos,Long Beach State Beach,52,55,0,2,2540,299,32.0,50.0
2020-01-12,401171663,UC Irvine Anteaters,Hawai'i Rainbow Warriors,74,60,0,2,300,62,40.6,35.1
2020-01-12,401171938,Saint Peter's Peacocks,Canisius Golden Griffins,68,72,0,2,2612,2099,45.3,48.0
2020-01-12,401171984,Iona Gaels,Niagara Purple Eagles,69,70,0,2,314,315,39.7,39.3
2020-01-12,401172002,Manhattan Jaspers,Siena Saints,81,69,0,2,2363,2561,50.8,41.5
2020-01-12,401172024,Marist Red Foxes,Rider Broncs,52,69,0,2,2368,2520,37.7,40.7
2020-01-12,401172038,Quinnipiac Bobcats,Monmouth Hawks,84,70,0,2,2514,2405,44.7,37.3
2020-01-12,401172221,Lehigh Mountain Hawks,American University Eagles,82,73,0,2,2329,44,53.8,37.5
2020-01-12,401172521,Green Bay Phoenix,Milwaukee Panthers,80,87,0,2,2739,270,43.5,50.0
2020-01-12,401172644,Toledo Rockets,Western Michigan Broncos,67,59,0,2,2649,2711,48.2,36.5
2020-01-12,401172985,Houston Christian Huskies,Lamar Cardinals,92,102,0,2,2277,2320,50.0,60.0
2020-01-12,401173498,Bradley Braves,Southern Illinois Salukis,67,48,0,2,71,79,42.9,28.1
2020-01-12,401173731,San Diego State Aztecs,Boise State Broncos,83,65,0,2,21,68,52.5,47.9
2020-01-12,401173733,Wyoming Cowboys,UNLV Rebels,69,78,0,2,2751,2439,33.3,38.6
2020-01-12,401173735,Utah State Aggies,Nevada Wolf Pack,80,70,0,2,328,2440,46.3,39.0
2020-01-12,401174451,IU Indianapolis Jaguars,Northern Kentucky Norse,71,96,0,2,85,94,38.1,56.1
2020-01-12,401174468,UIC Flames,Wright State Raiders,76,72,0,2,82,2750,49.2,36.4
2020-01-12,401174970,Purdue Fort Wayne Mastodons,South Dakota State Jackrabbits,61,70,0,2,2870,2571,32.8,52.7
2020-01-12,401174971,Oral Roberts Golden Eagles,North Dakota Fighting Hawks,88,73,0,2,198,155,57.6,44.6
2020-01-12,401175070,Tennessee Tech Golden Eagles,Murray State Racers,69,81,0,2,2635,93,44.4,50.0
2020-01-12,401175164,Grand Canyon Lopes,California Baptist Lancers,57,61,0,2,2253,2856,33.8,35.8
2020-01-12,401175177,BYU Cougars,Portland Pilots,96,70,0,2,252,2501,52.1,44.3
2020-01-12,401175243,Pacific Tigers,San Francisco Dons,75,79,0,2,279,2539,45.9,50.9
2020-01-12,401175244,San Diego Toreros,Pepperdine Waves,78,85,0,2,301,2492,42.2,47.2
2020-01-12,401175245,Saint Mary's Gaels,Santa Clara Broncos,66,67,0,2,2608,2541,36.4,45.8
2020-01-12,401175441,Wofford Terriers,The Citadel Bulldogs,73,71,0,2,2747,2643,41.1,35.9
2020-01-12,401175540,Seattle U Redhawks,Utah Valley Wolverines,83,50,0,2,2547,3084,45.5,25.0
2020-01-12,401175572,Furman Paladins,UNC Greensboro Spartans,73,86,0,2,231,2430,49.0,52.4
2020-01-12,401175588,UT Rio Grande Valley Vaqueros,Chicago State Cougars,87,63,0,2,292,2130,47.7,51.2
2020-01-12,401175866,UTEP Miners,Louisiana Tech Bulldogs,61,64,0,2,2638,2348,37.8,42.3
2020-01-12,401175888,Yale Bulldogs,Johnson & Wales Griffins,108,58,0,2,43,353,58.0,29.7
2020-01-12,401175919,UAB Blazers,Marshall Thundering Herd,61,50,0,2,5,276,41.7,33.3
2020-01-12,401176144,Alabama A&M Bulldogs,Arkansas-Pine Bluff Golden Lions,59,49,0,2,2010,2029,33.3,41.7
2020-01-12,401176295,Alabama State Hornets,Mississippi Valley State Delta Devils,81,75,0,2,2011,2400,45.9,35.2
2020-01-12,401176307,Texas Southern Tigers,Prairie View A&M Panthers,71,67,0,2,2640,2504,45.1,39.3
2020-01-12,401176454,Saint Francis Red Wolves,St. Francis Brooklyn Terriers,81,80,0,2,2598,2597,51.7,47.5
2020-01-13,401170663,Oregon State Beavers,Arizona Wildcats,82,65,0,2,204,12,54.0,39.6
2020-01-13,401176242,Southern Jaguars,Jackson State Tigers,56,50,0,2,2582,2296,42.3,37.7
2020-01-13,401200594,Cornell Big Red,Elmira Soaring Eagles,70,33,0,2,172,347,46.7,24.5
2020-01-14,401166169,Ohio State Buckeyes,Nebraska Cornhuskers,80,68,0,2,194,158,54.5,42.4
2020-01-14,401166534,Montana Grizzlies,Portland State Vikings,85,70,0,2,149,2502,60.4,40.6
2020-01-14,401172858,Loyola Maryland Greyhounds,Boston University Terriers,53,85,0,2,2352,104,36.8,53.2
2020-01-14,401175679,Bethune-Cookman Wildcats,Morgan State Bears,85,78,0,2,2065,2415,48.3,47.4
2020-01-14,401175696,Florida A&M Rattlers,Coppin State Eagles,65,54,0,2,50,2154,46.3,35.2
2020-01-14,401175715,Delaware State Hornets,North Carolina A&T Aggies,77,98,0,2,2169,2448,40.7,45.8
2020-01-14,401175759,Howard Bison,South Carolina State Bulldogs,95,101,0,2,47,2569,47.8,50.0
2020-01-14,401175773,Maryland Eastern Shore Hawks,North Carolina Central Eagles,64,69,0,2,2379,2428,38.2,48.1
2020-01-14,401176145,Alabama A&M Bulldogs,Mississippi Valley State Delta Devils,66,72,0,2,2010,2400,39.7,44.8
2020-01-14,401176187,Alcorn State Braves,Grambling Tigers,87,69,0,2,2016,2755,49.2,50.9
2020-01-14,401181598,Alabama State Hornets,Arkansas-Pine Bluff Golden Lions,56,61,0,2,2011,2029,37.0,48.8
2020-01-15,401166168,Northwestern Wildcats,Iowa Hawkeyes,62,75,0,2,77,2294,36.2,47.3
2020-01-15,401166170,Wisconsin Badgers,Maryland Terrapins,56,54,0,2,275,120,44.9,40.4
2020-01-15,401166290,Florida Gators,Ole Miss Rebels,71,55,0,2,57,145,54.0,40.0
2020-01-15,401166291,Texas A&M Aggies,LSU Tigers,85,89,0,2,245,99,38.9,48.3
2020-01-15,401166292,Mississippi State Bulldogs,Missouri Tigers,72,45,0,2,344,142,54.5,34.7
2020-01-15,401166293,South Carolina Gamecocks,Kentucky Wildcats,81,78,0,2,2579,96,39.7,43.6
2020-01-15,401168300,Butler Bulldogs,Seton Hall Pirates,70,78,0,2,2086,2550,42.1,41.4
2020-01-15,401168352,Villanova Wildcats,DePaul Blue Demons,79,75,0,2,222,305,43.1,47.7
2020-01-15,401168358,Clemson Tigers,Duke Blue Devils,79,72,0,2,228,150,56.6,50.0
2020-01-15,401168509,Pittsburgh Panthers,Louisville Cardinals,68,73,0,2,221,97,37.5,38.3
2020-01-15,401168536,Syracuse Orange,Boston College Eagles,76,50,0,2,183,103,51.9,32.8
2020-01-15,401168548,Wake Forest Demon Deacons,Virginia Tech Hokies,70,80,0,2,154,259,41.8,49.1
2020-01-15,401169532,Tulane Green Wave,UCF Knights,55,74,0,2,2655,2116,36.2,46.9
2020-01-15,401169693,Oklahoma Sooners,Kansas Jayhawks,52,66,0,2,201,2305,30.6,43.9
2020-01-15,401169694,West Virginia Mountaineers,TCU Horned Frogs,81,49,0,2,277,2628,57.7,31.8
2020-01-15,401169695,Kansas State Wildcats,Texas Tech Red Raiders,63,77,0,2,2306,2641,47.2,47.2
2020-01-15,401170236,Davidson Wildcats,Richmond Spiders,64,70,0,2,2166,257,33.3,45.1
2020-01-15,401170237,Dayton Flyers,VCU Rams,79,65,0,2,2168,2670,50.0,42.6
2020-01-15,401172645,Northern Illinois Huskies,Akron Zips,49,72,0,2,2459,2006,24.7,47.4
2020-01-15,401172646,Miami (OH) RedHawks,Kent State Golden Flashes,77,74,0,2,193,2309,50.0,47.3
2020-01-15,401172647,Western Michigan Broncos,Bowling Green Falcons,82,85,0,2,2711,189,49.2,50.7
2020-01-15,401172648,Toledo Rockets,Central Michigan Chippewas,67,74,0,2,2649,2117,37.7,44.1
2020-01-15,401172649,Eastern Michigan Eagles,Ball State Cardinals,52,69,0,2,2199,2050,32.1,42.6
2020-01-15,401172650,Buffalo Bulls,Ohio Bobcats,76,73,0,2,2084,195,48.4,43.9
2020-01-15,401172859,Lafayette Leopards,Colgate Raiders,71,67,0,2,322,2142,49.1,45.2
2020-01-15,401173736,Nevada Wolf Pack,Wyoming Cowboys,68,67,0,2,2440,2751,41.7,42.6
2020-01-15,401173737,Fresno State Bulldogs,San Diego State Aztecs,55,64,0,2,278,21,36.4,47.1
2020-01-15,401176455,Sacred Heart Pioneers,Central Connecticut Blue Devils,66,55,0,2,2529,2115,36.5,38.2
2020-01-15,401176456,Fairleigh Dickinson Knights,Saint Francis Red Wolves,85,100,0,2,161,2598,50.0,56.9
2020-01-16,401166171,Minnesota Golden Gophers,Penn State Nittany Lions,75,69,0,2,135,213,38.3,42.4
2020-01-16,401166172,Rutgers Scarlet Knights,Indiana Hoosiers,59,50,0,2,164,84,46.9,31.7
2020-01-16,401166294,Georgia Bulldogs,Tennessee Volunteers,80,63,0,2,61,2633,47.4,40.0
2020-01-16,401166295,Arkansas Razorbacks,Vanderbilt Commodores,75,55,0,2,8,238,48.4,39.6
2020-01-16,401166296,Alabama Crimson Tide,Auburn Tigers,83,64,0,2,333,2,42.9,31.7
2020-01-16,401168327,Georgetown Hoyas,Creighton Bluejays,83,80,0,2,46,156,51.7,43.1
2020-01-16,401168416,Marquette Golden Eagles,Xavier Musketeers,85,65,0,2,269,2752,47.7,35.9
2020-01-16,401168433,Providence Friars,St. John's Red Storm,63,58,0,2,2507,2599,35.6,37.9
2020-01-16,401168476,Florida State Seminoles,Virginia Cavaliers,54,50,0,2,52,258,37.0,45.7
2020-01-16,401168558,Georgia Tech Yellow Jackets,Notre Dame Fighting Irish,74,78,0,2,59,87,51.7,43.1
2020-01-16,401168583,NC State Wolfpack,Miami Hurricanes,80,63,0,2,152,2390,47.5,36.4
2020-01-16,401169533,East Carolina Pirates,Tulsa Golden Hurricane,49,65,0,2,151,202,29.2,43.4
2020-01-16,401169534,Houston Cougars,SMU Mustangs,71,62,0,2,248,2567,42.9,40.3
2020-01-16,401169535,Temple Owls,Wichita State Shockers,65,53,0,2,218,2724,45.7,30.2
2020-01-16,401169696,Oklahoma State Cowboys,Texas Longhorns,64,76,0,2,197,251,40.3,48.2
2020-01-16,401169697,Baylor Bears,Iowa State Cyclones,68,55,0,2,239,66,40.3,39.7
2020-01-16,401170238,Duquesne Dukes,Fordham Rams,58,56,0,2,2184,2230,37.3,35.6
2020-01-16,401170239,George Washington Revolutionaries,George Mason Patriots,73,67,0,2,45,2244,49.0,38.1
2020-01-16,401170240,St. Bonaventure Bonnies,Massachusetts Minutemen,74,61,1,2,179,113,44.3,37.7
2020-01-16,401170241,Saint Joseph's Hawks,Rhode Island Rams,61,71,0,2,2603,227,37.1,40.8
2020-01-16,401170452,NJIT Highlanders,Lipscomb Bisons,75,57,0,2,2885,288,58.2,37.7
2020-01-16,401170664,UCLA Bruins,Stanford Cardinal,59,74,0,2,26,24,39.6,51.1
2020-01-16,401170845,Binghamton Bearcats,Vermont Catamounts,53,72,0,2,2066,261,36.2,49.1
2020-01-16,401170872,Hartford Hawks,Stony Brook Seawolves,68,65,0,2,42,2619,40.4,36.2
2020-01-16,401170920,Maine Black Bears,UMass Lowell River Hawks,104,98,0,2,311,2349,52.3,52.5
2020-01-16,401170960,New Hampshire Wildcats,UAlbany Great Danes,73,76,0,2,160,399,38.7,44.4
2020-01-16,401171477,UNC Asheville Bulldogs,High Point Panthers,66,68,0,2,2427,2272,45.5,37.9
2020-01-16,401171542,South Carolina Upstate Spartans,Radford Highlanders,59,63,0,2,2908,2515,34.6,39.3
2020-01-16,401171597,Cal State Fullerton Titans,UC Irvine Anteaters,61,74,0,2,2239,300,38.5,42.4
2020-01-16,401171963,Fairfield Stags,Saint Peter's Peacocks,61,51,0,2,2217,2612,41.7,35.2
2020-01-16,401172222,American University Eagles,Bucknell Bison,61,60,0,2,44,2083,45.1,37.5
2020-01-16,401172860,Lehigh Mountain Hawks,Navy Midshipmen,83,88,0,2,2329,2426,49.2,50.9
2020-01-16,401172986,Lamar Cardinals,Sam Houston Bearkats,75,80,0,2,2320,2534,38.5,50.0
2020-01-16,401173006,Houston Christian Huskies,LSU New Orleans Privateers,98,106,0,2,2277,2443,54.8,52.8
2020-01-16,401173029,McNeese Cowboys,Incarnate Word Cardinals,72,56,0,2,2377,2916,48.2,39.3
2020-01-16,401173050,Nicholls Colonels,Northwestern State Demons,72,73,0,2,2447,2466,38.5,40.0
2020-01-16,401173222,SE Louisiana Lions,Texas A&M-Corpus Christi Islanders,62,56,0,2,2545,357,36.8,38.5
2020-01-16,401173237,Central Arkansas Bears,Stephen F. Austin Lumberjacks,76,77,0,2,2110,2617,45.8,53.7
2020-01-16,401173499,Missouri State Bears,Bradley Braves,78,91,0,2,2623,71,41.4,47.0
2020-01-16,401173543,Indiana State Sycamores,Evansville Purple Aces,65,42,0,2,282,339,45.8,30.4
2020-01-16,401173625,Northern Iowa Panthers,Valparaiso Beacons,88,78,0,2,2460,2674,57.7,49.2
2020-01-16,401173738,Air Force Falcons,Boise State Broncos,85,78,0,2,2005,68,50.0,48.3
2020-01-16,401173739,Colorado State Rams,New Mexico Lobos,105,72,0,2,36,167,59.4,50.8
2020-01-16,401173740,UNLV Rebels,San José State Spartans,98,87,0,2,2439,23,55.4,42.9
2020-01-16,401174972,South Dakota State Jackrabbits,North Dakota Fighting Hawks,87,66,0,2,2571,155,50.0,41.1
2020-01-16,401174973,North Dakota State Bison,South Dakota Coyotes,72,70,0,2,2449,233,49.1,51.0
2020-01-16,401175358,Chattanooga Mocs,Wofford Terriers,72,59,0,2,236,2747,50.9,40.0
2020-01-16,401175442,The Citadel Bulldogs,UNC Greensboro Spartans,69,79,0,2,2643,2430,47.1,39.2
2020-01-16,401175483,East Tennessee State Buccaneers,Samford Bulldogs,88,63,0,2,2193,2535,52.3,39.6
2020-01-16,401175573,Furman Paladins,Western Carolina Catamounts,83,79,0,2,231,2717,45.9,47.6
2020-01-16,401176034,UTEP Miners,UTSA Roadrunners,80,77,0,2,2638,2636,40.9,44.1
2020-01-16,401176076,Mercer Bears,VMI Keydets,73,62,0,2,2382,2678,52.0,43.1
2020-01-16,401176097,Merrimack Warriors,Bryant Bulldogs,71,67,0,2,2771,2803,46.4,44.7
2020-01-16,401176457,St. Francis Brooklyn Terriers,Long Island University Sharks,66,69,0,2,2597,112358,39.4,45.8
2020-01-16,401205790,Holy Cross Crusaders,Army Black Knights,67,79,0,2,107,349,44.1,53.2
2020-01-17,401166535,Idaho Vandals,Eastern Washington Eagles,75,78,0,2,70,331,45.9,49.1
2020-01-17,401166536,Idaho State Bengals,Weber State Wildcats,68,76,0,2,304,2692,40.9,45.8
2020-01-17,401166537,Southern Utah Thunderbirds,Northern Arizona Lumberjacks,72,75,0,2,253,2464,54.3,44.6
2020-01-17,401166538,Northern Colorado Bears,Sacramento State Hornets,71,52,0,2,2458,16,48.0,39.6
2020-01-17,401169536,Memphis Tigers,Cincinnati Bearcats,60,49,0,2,235,2132,41.2,30.0
2020-01-17,401170449,Florida Gulf Coast Eagles,Kennesaw State Owls,73,51,0,2,526,338,45.3,20.9
2020-01-17,401170450,Jacksonville Dolphins,North Florida Ospreys,68,75,0,2,294,2454,43.9,43.1
2020-01-17,401170451,North Alabama Lions,Stetson Hatters,49,54,0,2,2453,56,35.6,43.9
2020-01-17,401170665,Arizona Wildcats,Utah Utes,93,77,0,2,12,254,47.8,43.9
2020-01-17,401170666,Arizona State Sun Devils,Colorado Buffaloes,61,68,0,2,9,38,34.3,40.4
2020-01-17,401170667,USC Trojans,California Golden Bears,88,56,0,2,30,25,50.0,33.9
2020-01-17,401170668,Washington Huskies,Oregon State Beavers,64,56,0,2,264,204,50.0,39.2
2020-01-17,401170669,Washington State Cougars,Oregon Ducks,72,61,0,2,265,2483,48.1,47.1
2020-01-17,401171024,Campbell Fighting Camels,Charleston Southern Buccaneers,62,77,0,2,2097,2127,44.0,56.4
2020-01-17,401171456,Hampton Pirates,Winthrop Eagles,95,116,0,2,2261,2737,44.8,56.9
2020-01-17,401171498,Longwood Lancers,Presbyterian Blue Hose,67,74,0,2,2344,2506,33.9,55.8
2020-01-17,401171570,Hawai'i Rainbow Warriors,Cal Poly Mustangs,65,61,0,2,62,13,32.8,41.5
2020-01-17,401171618,Long Beach State Beach,UC Davis Aggies,82,85,0,2,299,302,52.9,45.3
2020-01-17,401171699,Charleston Cougars,Northeastern Huskies,76,79,0,2,232,111,47.4,48.3
2020-01-17,401171785,Drexel Dragons,Elon Phoenix,63,41,0,2,2182,2210,45.1,31.0
2020-01-17,401171811,Delaware Blue Hens,William & Mary Tribe,68,77,0,2,48,2729,43.9,40.7
2020-01-17,401171877,UNC Wilmington Seahawks,Hofstra Pride,61,63,0,2,350,2275,40.7,46.2
2020-01-17,401172003,Manhattan Jaspers,Quinnipiac Bobcats,69,57,0,2,2363,2514,37.1,35.8
2020-01-17,401172025,Monmouth Hawks,Marist Red Foxes,74,66,0,2,2405,2368,38.9,35.1
2020-01-17,401172471,Wright State Raiders,Cleveland State Vikings,75,62,0,2,2750,325,42.9,38.3
2020-01-17,401172497,Milwaukee Panthers,Detroit Mercy Titans,84,90,0,2,270,2174,41.2,45.6
2020-01-17,401172522,Green Bay Phoenix,Oakland Golden Grizzlies,73,69,0,2,2739,2473,42.9,38.7
2020-01-17,401173522,Drake Bulldogs,Illinois State Redbirds,84,74,0,2,2181,2287,53.4,40.3
2020-01-17,401173600,Loyola Chicago Ramblers,Southern Illinois Salukis,64,48,0,2,2350,79,54.2,35.2
2020-01-17,401173887,Southeast Missouri State Redhawks,Austin Peay Governors,59,84,0,2,2546,2046,40.4,59.3
2020-01-17,401173957,Belmont Bruins,Eastern Kentucky Colonels,87,56,0,2,2057,2198,47.1,31.3
2020-01-17,401174049,Eastern Illinois Panthers,Jacksonville State Gamecocks,70,69,0,2,2197,55,50.0,42.6
2020-01-17,401174420,UC Riverside Highlanders,Cal State Northridge Matadors,68,80,0,2,27,2463,46.4,52.7
2020-01-17,401174796,App State Mountaineers,Arkansas State Red Wolves,83,80,0,2,2026,2032,41.4,42.4
2020-01-17,401174797,Coastal Carolina Chanticleers,Little Rock Trojans,55,71,0,2,324,2031,31.5,50.9
2020-01-17,401174798,Louisiana Ragin' Cajuns,UT Arlington Mavericks,65,81,0,2,309,250,35.6,47.0
2020-01-17,401174799,South Alabama Jaguars,Georgia State Panthers,63,72,0,2,6,2247,46.0,40.4
2020-01-17,401174800,Troy Trojans,Georgia Southern Eagles,66,82,0,2,2653,290,46.6,53.6
2020-01-17,401174801,UL Monroe Warhawks,Texas State Bobcats,63,64,0,2,2433,326,49.0,37.5
2020-01-17,401174974,Western Illinois Leathernecks,Oral Roberts Golden Eagles,70,87,0,2,2710,198,41.3,50.8
2020-01-17,401175071,UT Martin Skyhawks,Murray State Racers,62,84,0,2,2630,93,35.7,48.4
2020-01-17,401175072,Tennessee State Tigers,Morehead State Eagles,64,48,0,2,2634,2413,49.1,36.1
2020-01-17,401175073,SIU Edwardsville Cougars,Tennessee Tech Golden Eagles,69,72,0,2,2565,2635,44.8,46.2
2020-01-17,401175139,Northern Kentucky Norse,Youngstown State Penguins,88,63,0,2,94,2754,50.8,33.3
2020-01-17,401175178,BYU Cougars,San Diego Toreros,93,70,0,2,252,301,55.0,36.4
2020-01-17,401175246,Gonzaga Bulldogs,Santa Clara Broncos,104,54,0,2,2250,2541,51.5,30.4
2020-01-17,401175247,Pepperdine Waves,Loyola Marymount Lions,75,67,0,2,2492,2351,46.8,41.0
2020-01-17,401175248,Portland Pilots,Pacific Tigers,55,65,0,2,2501,279,33.3,41.2
2020-01-17,401175541,Utah Valley Wolverines,New Mexico State Aggies,56,70,0,2,3084,166,40.4,44.9
2020-01-17,401175557,Kansas City Roos,Cal State Bakersfield Roadrunners,64,74,0,2,140,2934,35.2,40.0
2020-01-17,401175589,Seattle U Redhawks,UT Rio Grande Valley Vaqueros,91,74,0,2,2547,292,48.4,44.1
2020-01-17,401175854,Chicago State Cougars,Grand Canyon Lopes,64,78,0,2,2130,2253,45.7,56.8
2020-01-17,401175867,Louisiana Tech Bulldogs,Rice Owls,72,56,0,2,2348,242,46.2,39.2
2020-01-17,401175905,Florida Atlantic Owls,Middle Tennessee Blue Raiders,97,94,0,2,2226,2393,51.4,45.8
2020-01-17,401175920,Marshall Thundering Herd,Charlotte 49ers,75,77,0,2,276,2429,42.6,54.3
2020-01-17,401175938,Southern Miss Golden Eagles,North Texas Mean Green,52,72,0,2,2572,249,42.6,49.1
2020-01-17,401175950,Western Kentucky Hilltoppers,Old Dominion Monarchs,71,69,0,2,98,295,44.9,42.4
2020-01-17,401176046,Florida International Panthers,UAB Blazers,93,68,0,2,2229,5,63.0,42.0
2020-01-18,401166173,Iowa Hawkeyes,Michigan Wolverines,90,83,0,2,2294,130,50.9,50.0
2020-01-18,401166174,Michigan State Spartans,Wisconsin Badgers,67,55,0,2,127,275,46.6,35.6
2020-01-18,401166175,Illinois Fighting Illini,Northwestern Wildcats,75,71,0,2,356,77,50.0,45.0
2020-01-18,401166176,Maryland Terrapins,Purdue Boilermakers,57,50,0,2,120,2509,41.2,35.7
2020-01-18,401166178,Penn State Nittany Lions,Ohio State Buckeyes,90,76,0,2,213,194,53.7,42.6
2020-01-18,401166297,Texas A&M Aggies,South Carolina Gamecocks,67,81,0,2,245,2579,40.9,48.3
2020-01-18,401166298,Florida Gators,Auburn Tigers,69,47,0,2,57,2,50.0,25.5
2020-01-18,401166299,Alabama Crimson Tide,Missouri Tigers,88,74,0,2,333,142,44.6,31.1
2020-01-18,401166300,Arkansas Razorbacks,Kentucky Wildcats,66,73,0,2,8,96,33.3,44.4
2020-01-18,401166301,Vanderbilt Commodores,Tennessee Volunteers,45,66,0,2,238,2633,23.5,53.1
2020-01-18,401166539,Montana State Bobcats,Eastern Washington Eagles,58,71,0,2,147,331,36.8,38.9
2020-01-18,401166542,Northern Colorado Bears,Northern Arizona Lumberjacks,58,64,0,2,2458,2464,33.8,42.1
2020-01-18,401166543,Southern Utah Thunderbirds,Sacramento State Hornets,74,49,0,2,253,16,47.8,31.4
2020-01-18,401168301,DePaul Blue Demons,Butler Bulldogs,79,66,0,2,305,2086,48.9,41.5
2020-01-18,401168328,Creighton Bluejays,Providence Friars,78,74,0,2,156,2507,48.1,39.1
2020-01-18,401168359,Duke Blue Devils,Louisville Cardinals,73,79,0,2,150,97,37.1,48.3
2020-01-18,401168397,Georgetown Hoyas,Marquette Golden Eagles,80,84,0,2,46,269,50.8,46.9
2020-01-18,401168450,St. John's Red Storm,Seton Hall Pirates,79,82,0,2,2599,2550,44.0,44.3
2020-01-18,401168493,Pittsburgh Panthers,North Carolina Tar Heels,66,52,0,2,221,153,37.7,31.7
2020-01-18,401168523,Miami Hurricanes,Florida State Seminoles,79,83,0,2,2390,52,46.8,42.0
2020-01-18,401168537,Virginia Tech Hokies,Syracuse Orange,69,71,0,2,259,183,42.4,48.3
2020-01-18,401168584,NC State Wolfpack,Clemson Tigers,60,54,0,2,152,228,39.2,37.7
2020-01-18,401169470,Villanova Wildcats,UConn Huskies,61,55,0,2,222,41,38.8,49.0
2020-01-18,401169537,Wichita State Shockers,Houston Cougars,54,65,0,2,2724,248,30.4,42.9
2020-01-18,401169538,UCF Knights,South Florida Bulls,55,54,0,2,2116,58,42.6,35.7
2020-01-18,401169540,Tulane Green Wave,Tulsa Golden Hurricane,54,67,0,2,2655,202,38.2,46.0
2020-01-18,401169698,Oklahoma State Cowboys,Baylor Bears,68,75,0,2,197,239,41.1,43.6
2020-01-18,401169699,Texas Longhorns,Kansas Jayhawks,57,66,0,2,251,2305,40.4,47.2
2020-01-18,401169700,Kansas State Wildcats,West Virginia Mountaineers,84,68,0,2,2306,277,59.2,44.6
2020-01-18,401169701,Texas Tech Red Raiders,Iowa State Cyclones,72,52,0,2,2641,66,54.3,35.7
2020-01-18,401169702,Oklahoma Sooners,TCU Horned Frogs,83,63,0,2,201,2628,53.7,37.7
2020-01-18,401170242,Saint Louis Billikens,Dayton Flyers,76,78,0,2,139,2168,45.0,45.2
2020-01-18,401170243,Rhode Island Rams,La Salle Explorers,66,63,0,2,227,2325,40.8,48.1
2020-01-18,401170244,VCU Rams,St. Bonaventure Bonnies,91,63,0,2,2670,179,52.4,34.8
2020-01-18,401170245,George Mason Patriots,Richmond Spiders,87,97,0,2,2244,257,54.2,67.3
2020-01-18,401170246,Massachusetts Minutemen,George Washington Revolutionaries,51,75,0,2,113,45,36.4,51.0
2020-01-18,401170453,Jacksonville Dolphins,Stetson Hatters,59,64,0,2,294,56,38.2,42.9
2020-01-18,401170454,North Alabama Lions,Florida Gulf Coast Eagles,70,65,0,2,2453,526,52.5,47.3
2020-01-18,401170455,NJIT Highlanders,Kennesaw State Owls,66,48,0,2,2885,338,44.8,30.9
2020-01-18,401170670,Arizona Wildcats,Colorado Buffaloes,75,54,0,2,12,38,47.5,36.7
2020-01-18,401170672,USC Trojans,Stanford Cardinal,82,78,0,2,30,24,40.3,49.2
2020-01-18,401170673,Washington Huskies,Oregon Ducks,61,64,0,2,264,2483,31.6,34.3
2020-01-18,401170674,Washington State Cougars,Oregon State Beavers,89,76,0,2,265,204,50.9,50.0
2020-01-18,401170873,Vermont Catamounts,Hartford Hawks,74,57,0,2,261,42,50.8,40.7
2020-01-18,401170961,New Hampshire Wildcats,UMBC Retrievers,65,60,0,2,160,2378,43.6,41.7
2020-01-18,401171025,Campbell Fighting Camels,Longwood Lancers,68,58,0,2,2097,2344,50.0,39.2
2020-01-18,401171412,High Point Panthers,Charleston Southern Buccaneers,60,79,0,2,2272,2127,37.9,56.0
2020-01-18,401171433,Gardner-Webb Runnin' Bulldogs,South Carolina Upstate Spartans,83,67,0,2,2241,2908,51.9,46.6
2020-01-18,401171457,UNC Asheville Bulldogs,Hampton Pirates,86,88,0,2,2427,2261,49.1,57.1
2020-01-18,401171530,Presbyterian Blue Hose,Radford Highlanders,64,75,0,2,2506,2515,40.8,53.6
2020-01-18,401171641,Cal State Northridge Matadors,UC Davis Aggies,62,66,0,2,2463,302,36.5,36.4
2020-01-18,401171700,Charleston Cougars,Hofstra Pride,69,67,0,2,232,2275,42.4,48.1
2020-01-18,401171786,Drexel Dragons,William & Mary Tribe,84,57,0,2,2182,2729,54.5,37.3
2020-01-18,401171812,Delaware Blue Hens,Elon Phoenix,79,78,0,2,48,2210,56.0,44.8
2020-01-18,401171939,Canisius Golden Griffins,Siena Saints,73,63,0,2,2099,2561,50.0,38.6
2020-01-18,401171964,Iona Gaels,Fairfield Stags,64,57,0,2,314,2217,44.6,38.9
2020-01-18,401172055,Niagara Purple Eagles,Rider Broncs,70,68,0,2,315,2520,48.1,48.2
2020-01-18,401172066,Quinnipiac Bobcats,Saint Peter's Peacocks,51,71,0,2,2514,2612,18.6,35.0
2020-01-18,401172223,American University Eagles,Holy Cross Crusaders,81,69,0,2,44,107,61.5,48.2
2020-01-18,401172247,Army Black Knights,Loyola Maryland Greyhounds,81,80,0,2,349,2352,53.2,51.9
2020-01-18,401172264,Yale Bulldogs,Brown Bears,70,56,0,2,43,225,35.6,34.6
2020-01-18,401172320,Harvard Crimson,Dartmouth Big Green,67,62,0,2,108,159,43.8,40.4
2020-01-18,401172334,Pennsylvania Quakers,Saint Joseph's Hawks,81,87,0,2,219,2603,45.6,49.2
2020-01-18,401172379,Towson Tigers,James Madison Dukes,69,61,0,2,119,256,42.6,31.4
2020-01-18,401172498,Green Bay Phoenix,Detroit Mercy Titans,83,80,0,2,2739,2174,43.3,40.6
2020-01-18,401172651,Akron Zips,Toledo Rockets,89,99,0,2,2006,2649,50.8,56.7
2020-01-18,401172652,Western Michigan Broncos,Kent State Golden Flashes,67,63,0,2,2711,2309,41.0,45.5
2020-01-18,401172653,Central Michigan Chippewas,Buffalo Bulls,67,86,0,2,2117,2084,34.2,45.2
2020-01-18,401172654,Bowling Green Falcons,Northern Illinois Huskies,66,64,0,2,189,2459,32.8,40.4
2020-01-18,401172655,Eastern Michigan Eagles,Ohio Bobcats,58,60,0,2,2199,195,34.4,37.7
2020-01-18,401172734,Ball State Cardinals,Miami (OH) RedHawks,71,62,0,2,2050,193,44.0,47.1
2020-01-18,401172861,Colgate Raiders,Boston University Terriers,79,70,0,2,2142,104,46.7,38.6
2020-01-18,401172862,Navy Midshipmen,Lafayette Leopards,68,66,0,2,2426,322,37.7,44.4
2020-01-18,401172987,Texas A&M-Corpus Christi Islanders,Lamar Cardinals,64,58,0,2,357,2320,39.6,38.6
2020-01-18,401173051,Nicholls Colonels,Central Arkansas Bears,79,72,0,2,2447,2110,46.7,46.4
2020-01-18,401173238,Stephen F. Austin Lumberjacks,Incarnate Word Cardinals,80,56,0,2,2617,2916,56.6,38.3
2020-01-18,401173500,Bradley Braves,Northern Iowa Panthers,71,86,0,2,71,2460,46.4,50.8
2020-01-18,401173544,Evansville Purple Aces,Missouri State Bears,58,68,0,2,339,2623,38.6,47.3
2020-01-18,401173741,Air Force Falcons,Colorado State Rams,65,78,0,2,2005,36,41.5,48.1
2020-01-18,401173742,UNLV Rebels,New Mexico Lobos,99,78,0,2,2439,167,50.7,41.3
2020-01-18,401173743,Wyoming Cowboys,Fresno State Bulldogs,50,65,0,2,2751,278,34.5,37.7
2020-01-18,401173888,UT Martin Skyhawks,Austin Peay Governors,81,92,0,2,2630,2046,53.4,54.5
2020-01-18,401173958,Belmont Bruins,Morehead State Eagles,77,59,0,2,2057,2413,43.9,40.0
2020-01-18,401174050,Eastern Illinois Panthers,Tennessee Tech Golden Eagles,84,59,0,2,2197,2635,53.3,38.8
2020-01-18,401174072,Tennessee State Tigers,Eastern Kentucky Colonels,88,92,0,2,2634,2198,47.1,47.6
2020-01-18,401174169,SIU Edwardsville Cougars,Jacksonville State Gamecocks,56,64,0,2,2565,55,32.1,44.2
2020-01-18,401174452,IU Indianapolis Jaguars,UIC Flames,66,75,0,2,85,82,33.3,44.6
2020-01-18,401174802,App State Mountaineers,Little Rock Trojans,57,73,0,2,2026,2031,32.8,53.8
2020-01-18,401174803,Coastal Carolina Chanticleers,Arkansas State Red Wolves,75,80,0,2,324,2032,42.4,40.4
2020-01-18,401174805,South Alabama Jaguars,Georgia Southern Eagles,74,68,0,2,6,290,41.1,41.8
2020-01-18,401174806,Troy Trojans,Georgia State Panthers,75,65,0,2,2653,2247,42.4,35.4
2020-01-18,401174807,UL Monroe Warhawks,UT Arlington Mavericks,58,78,0,2,2433,250,38.2,41.1
2020-01-18,401174975,Denver Pioneers,Omaha Mavericks,91,76,0,2,2172,2437,54.5,36.2
2020-01-18,401174977,Purdue Fort Wayne Mastodons,Oral Roberts Golden Eagles,68,92,0,2,2870,198,40.7,59.7
2020-01-18,401175074,Southeast Missouri State Redhawks,Murray State Racers,91,96,0,2,2546,93,50.9,57.7
2020-01-18,401175165,California Baptist Lancers,Bethesda Flames,96,62,0,2,2856,3246,49.3,39.0
2020-01-18,401175249,San Francisco Dons,Loyola Marymount Lions,61,53,0,2,2539,2351,47.7,38.9
2020-01-18,401175251,Pepperdine Waves,Saint Mary's Gaels,69,78,0,2,2492,2608,46.4,51.8
2020-01-18,401175443,VMI Keydets,The Citadel Bulldogs,88,79,0,2,2678,2643,41.4,41.0
2020-01-18,401175542,Utah Valley Wolverines,UT Rio Grande Valley Vaqueros,72,70,0,2,3084,292,42.0,41.3
2020-01-18,401175574,Wofford Terriers,Furman Paladins,66,52,0,2,2747,231,49.1,39.2
2020-01-18,401175680,Bethune-Cookman Wildcats,North Carolina Central Eagles,59,86,0,2,2065,2428,36.2,59.6
2020-01-18,401175697,Coppin State Eagles,North Carolina A&T Aggies,79,75,0,2,2154,2448,36.4,36.8
2020-01-18,401175730,South Carolina State Bulldogs,Florida A&M Rattlers,81,65,0,2,2569,50,55.1,38.2
2020-01-18,401175760,Morgan State Bears,Howard Bison,68,58,0,2,2415,47,40.7,40.0
2020-01-18,401175774,Norfolk State Spartans,Maryland Eastern Shore Hawks,62,52,0,2,2450,2379,34.7,40.0
2020-01-18,401175868,Louisiana Tech Bulldogs,North Texas Mean Green,50,51,0,2,2348,249,36.7,38.3
2020-01-18,401175906,Florida Atlantic Owls,UAB Blazers,65,68,0,2,2226,5,34.5,50.0
2020-01-18,401175982,Southern Miss Golden Eagles,Rice Owls,81,68,0,2,2572,242,50.0,36.7
2020-01-18,401176003,UTSA Roadrunners,UTEP Miners,86,70,0,2,2636,2638,48.3,35.7
2020-01-18,401176050,Western Kentucky Hilltoppers,Charlotte 49ers,80,63,0,2,98,2429,52.3,42.1
2020-01-18,401176067,Samford Bulldogs,Mercer Bears,75,90,0,2,2535,2382,40.7,55.7
2020-01-18,401176098,Bryant Bulldogs,Long Island University Sharks,60,74,0,2,2803,112358,29.0,43.1
2020-01-18,401176146,Alabama A&M Bulldogs,Alabama State Hornets,56,65,1,2,2010,2011,44.4,43.6
2020-01-18,401176188,Mississippi Valley State Delta Devils,Alcorn State Braves,73,105,0,2,2400,2016,34.8,47.5
2020-01-18,401176227,Grambling Tigers,Prairie View A&M Panthers,57,64,0,2,2755,2504,36.7,38.6
2020-01-18,401176243,Jackson State Tigers,Texas Southern Tigers,66,77,0,2,2296,2640,39.1,53.5
2020-01-18,401176458,Mount St. Mary's Mountaineers,Central Connecticut Blue Devils,79,52,0,2,116,2115,48.3,31.4
2020-01-18,401176459,Robert Morris Colonials,Merrimack Warriors,49,53,0,2,2523,2771,41.3,45.0
2020-01-18,401176461,Wagner Seahawks,St. Francis Brooklyn Terriers,64,69,0,2,2681,2597,44.4,40.7
2020-01-19,401166177,Nebraska Cornhuskers,Indiana Hoosiers,74,82,0,2,158,84,39.7,50.8
2020-01-19,401166179,Rutgers Scarlet Knights,Minnesota Golden Gophers,64,56,0,2,164,135,39.3,35.8
2020-01-19,401166302,Ole Miss Rebels,LSU Tigers,76,80,0,2,145,99,44.6,42.1
2020-01-19,401166303,Mississippi State Bulldogs,Georgia Bulldogs,91,59,0,2,344,61,61.7,39.3
2020-01-19,401166540,Montana Grizzlies,Idaho Vandals,67,63,0,2,149,70,43.1,43.1
2020-01-19,401166541,Portland State Vikings,Idaho State Bengals,82,76,0,2,2502,304,48.5,45.2
2020-01-19,401168477,Georgia Tech Yellow Jackets,Virginia Cavaliers,58,63,0,2,59,258,50.0,47.2
2020-01-19,401168577,Wake Forest Demon Deacons,Boston College Eagles,80,62,0,2,154,103,48.1,38.1
2020-01-19,401169539,SMU Mustangs,Temple Owls,68,52,0,2,2567,218,42.9,32.7
2020-01-19,401169541,Cincinnati Bearcats,East Carolina Pirates,82,57,0,2,2132,151,45.5,32.8
2020-01-19,401170247,Fordham Rams,Davidson Wildcats,62,74,0,2,2230,2166,44.4,54.0
2020-01-19,401170456,Liberty Flames,Lipscomb Bisons,67,60,0,2,2335,288,43.4,43.5
2020-01-19,401170671,Arizona State Sun Devils,Utah Utes,83,64,0,2,9,254,51.7,39.3
2020-01-19,401170846,Maine Black Bears,Binghamton Bearcats,86,63,0,2,311,2066,53.1,42.9
2020-01-19,401170980,Stony Brook Seawolves,UAlbany Great Danes,70,62,0,2,2619,399,55.1,37.3
2020-01-19,401171598,Long Beach State Beach,Cal State Fullerton Titans,62,66,0,2,299,2239,37.5,38.2
2020-01-19,401171664,UC Irvine Anteaters,UC Riverside Highlanders,69,53,0,2,300,27,57.1,28.3
2020-01-19,401171681,Hawai'i Rainbow Warriors,UC Santa Barbara Gauchos,70,63,0,2,62,2540,49.1,44.7
2020-01-19,401171940,Canisius Golden Griffins,Rider Broncs,95,86,0,2,2099,2520,60.7,47.5
2020-01-19,401171985,Marist Red Foxes,Iona Gaels,83,73,0,2,2368,314,54.2,39.0
2020-01-19,401172004,Manhattan Jaspers,Monmouth Hawks,58,65,0,2,2363,2405,35.1,46.3
2020-01-19,401172056,Niagara Purple Eagles,Siena Saints,72,71,0,2,315,2561,50.0,50.0
2020-01-19,401172283,Columbia Lions,Cornell Big Red,75,61,0,2,171,172,50.9,33.9
2020-01-19,401172395,UNC Wilmington Seahawks,Northeastern Huskies,76,74,0,2,350,111,50.9,41.3
2020-01-19,401172472,Northern Kentucky Norse,Cleveland State Vikings,75,49,0,2,94,325,40.4,31.4
2020-01-19,401172863,Bucknell Bison,Lehigh Mountain Hawks,72,56,0,2,2083,2329,51.0,33.3
2020-01-19,401172946,Abilene Christian Wildcats,SE Louisiana Lions,76,55,0,2,2000,2545,52.9,36.7
2020-01-19,401173007,Houston Christian Huskies,Sam Houston Bearkats,75,95,0,2,2277,2534,41.1,55.0
2020-01-19,401173030,LSU New Orleans Privateers,McNeese Cowboys,52,65,0,2,2443,2377,36.7,49.1
2020-01-19,401173534,Southern Illinois Salukis,Drake Bulldogs,66,49,0,2,79,2181,41.2,36.0
2020-01-19,401173565,Illinois State Redbirds,Loyola Chicago Ramblers,50,62,0,2,2287,2350,37.3,46.5
2020-01-19,401173585,Valparaiso Beacons,Indiana State Sycamores,86,77,0,2,2674,282,50.8,47.6
2020-01-19,401173744,San Diego State Aztecs,Nevada Wolf Pack,68,55,0,2,21,2440,38.3,28.1
2020-01-19,401173745,Boise State Broncos,Utah State Aggies,88,83,0,2,68,328,46.4,41.3
2020-01-19,401174804,Louisiana Ragin' Cajuns,Texas State Bobcats,59,68,0,2,309,326,35.7,42.6
2020-01-19,401174976,North Dakota State Bison,North Dakota Fighting Hawks,83,74,0,2,2449,155,49.1,45.0
2020-01-19,401174978,South Dakota Coyotes,South Dakota State Jackrabbits,99,84,0,2,233,2571,64.4,53.3
2020-01-19,401175140,Milwaukee Panthers,Oakland Golden Grizzlies,73,68,0,2,270,2473,41.5,50.0
2020-01-19,401175141,Wright State Raiders,Youngstown State Penguins,79,72,0,2,2750,2754,40.9,37.7
2020-01-19,401175179,Gonzaga Bulldogs,BYU Cougars,92,69,0,2,2250,252,56.1,50.9
2020-01-19,401175250,Santa Clara Broncos,Pacific Tigers,84,80,0,2,2541,279,55.8,43.1
2020-01-19,401175252,Portland Pilots,San Diego Toreros,67,77,0,2,2501,301,43.8,45.6
2020-01-19,401175359,UNC Greensboro Spartans,Chattanooga Mocs,72,52,0,2,2430,236,48.5,38.5
2020-01-19,401175484,Western Carolina Catamounts,East Tennessee State Buccaneers,66,85,0,2,2717,2193,38.0,50.0
2020-01-19,401175644,Seattle U Redhawks,New Mexico State Aggies,67,75,0,2,2547,166,42.6,40.0
2020-01-19,401175921,Marshall Thundering Herd,Old Dominion Monarchs,68,67,0,2,276,295,40.4,33.8
2020-01-19,401175932,Chicago State Cougars,Cal State Bakersfield Roadrunners,54,72,0,2,2130,2934,41.7,51.0
2020-01-19,401176056,Florida International Panthers,Middle Tennessee Blue Raiders,83,69,0,2,2229,2393,41.5,37.9
2020-01-19,401176339,Arkansas-Pine Bluff Golden Lions,Southern Jaguars,56,75,0,2,2029,2582,47.7,50.0
2020-01-19,401176460,Saint Francis Red Wolves,Sacred Heart Pioneers,72,65,0,2,2598,2529,45.9,44.4
2020-01-19,401206833,Kansas City Roos,Grand Canyon Lopes,66,69,0,2,140,2253,38.3,46.8
2020-01-20,401170675,UCLA Bruins,California Golden Bears,50,40,0,2,26,25,41.3,30.4
2020-01-20,401171478,South Carolina Upstate Spartans,High Point Panthers,62,70,0,2,2908,2272,45.1,46.7
2020-01-20,401175731,Florida A&M Rattlers,North Carolina Central Eagles,66,57,0,2,50,2428,37.7,42.0
2020-01-20,401175761,Howard Bison,Yale Bulldogs,75,89,0,2,47,43,42.2,50.0
2020-01-20,401175951,Old Dominion Monarchs,Charlotte 49ers,66,62,0,2,295,2429,46.3,44.7
2020-01-20,401176296,Mississippi Valley State Delta Devils,Southern Jaguars,70,74,0,2,2400,2582,41.9,46.9
2020-01-20,401176462,Fairleigh Dickinson Knights,Central Connecticut Blue Devils,83,60,0,2,161,2115,53.4,35.0
2020-01-20,401176463,Wagner Seahawks,Long Island University Sharks,72,64,0,2,2681,112358,47.1,43.8
2020-01-20,401176464,Saint Francis Red Wolves,Merrimack Warriors,55,72,0,2,2598,2771,46.9,56.5
2020-01-20,401176466,Robert Morris Colonials,Sacred Heart Pioneers,67,55,0,2,2523,2529,51.9,34.5
2020-01-21,401166544,Portland State Vikings,Weber State Wildcats,92,76,0,2,2502,2692,48.7,50.0
2020-01-21,401168478,Virginia Cavaliers,NC State Wolfpack,51,53,0,2,258,152,36.0,39.2
2020-01-21,401169703,West Virginia Mountaineers,Texas Longhorns,97,59,0,2,277,251,51.4,35.8
2020-01-21,401169704,Baylor Bears,Oklahoma Sooners,61,57,0,2,239,201,34.9,35.0
2020-01-21,401171026,Presbyterian Blue Hose,Campbell Fighting Camels,85,79,0,2,2506,2097,63.3,50.9
2020-01-21,401171499,Longwood Lancers,UNC Asheville Bulldogs,66,71,0,2,2344,2427,40.4,43.5
2020-01-21,401171543,Radford Highlanders,Winthrop Eagles,56,61,0,2,2515,2737,32.8,38.6
2020-01-21,401172864,Colgate Raiders,Bucknell Bison,80,65,0,2,2142,2083,56.3,42.9
2020-01-21,401175775,South Carolina State Bulldogs,Maryland Eastern Shore Hawks,68,53,0,2,2569,2379,48.9,41.5
2020-01-21,401175808,Morgan State Bears,North Carolina A&T Aggies,70,76,0,2,2415,2448,34.2,45.3
2020-01-21,401175939,North Texas Mean Green,Rice Owls,79,59,0,2,249,242,54.0,40.7
2020-01-21,401176189,Arkansas-Pine Bluff Golden Lions,Alcorn State Braves,54,82,0,2,2029,2016,35.3,51.0
2020-01-21,401176228,Grambling Tigers,Texas Southern Tigers,61,68,0,2,2755,2640,38.7,39.6
2020-01-21,401176244,Jackson State Tigers,Prairie View A&M Panthers,60,74,0,2,2296,2504,41.5,40.7
2020-01-21,401176465,Mount St. Mary's Mountaineers,St. Francis Brooklyn Terriers,59,39,0,2,116,2597,35.4,23.7
2020-01-22,401166180,Northwestern Wildcats,Maryland Terrapins,66,77,0,2,77,120,50.0,35.2
2020-01-22,401166181,Purdue Boilermakers,Illinois Fighting Illini,62,79,0,2,2509,356,41.1,55.1
2020-01-22,401166182,Wisconsin Badgers,Nebraska Cornhuskers,82,68,0,2,275,158,46.0,43.3
2020-01-22,401166304,LSU Tigers,Florida Gators,84,82,0,2,99,57,47.5,50.8
2020-01-22,401166305,Kentucky Wildcats,Georgia Bulldogs,89,79,0,2,96,61,52.5,43.5
2020-01-22,401166306,Missouri Tigers,Texas A&M Aggies,64,66,0,2,142,245,30.0,45.8
2020-01-22,401166307,Tennessee Volunteers,Ole Miss Rebels,73,48,0,2,2633,145,49.0,30.2
2020-01-22,401168302,Villanova Wildcats,Butler Bulldogs,76,61,0,2,222,2086,37.7,40.6
2020-01-22,401168360,Duke Blue Devils,Miami Hurricanes,89,59,0,2,150,2390,53.1,30.0
2020-01-22,401168398,Xavier Musketeers,Georgetown Hoyas,66,57,0,2,2752,46,37.3,36.8
2020-01-22,401168417,Marquette Golden Eagles,St. John's Red Storm,82,68,0,2,269,2599,43.1,36.6
2020-01-22,401168578,Clemson Tigers,Wake Forest Demon Deacons,71,68,0,2,228,154,50.0,43.9
2020-01-22,401169542,South Florida Bulls,Wichita State Shockers,43,56,0,2,58,2724,30.0,36.5
2020-01-22,401169705,Kansas Jayhawks,Kansas State Wildcats,81,60,0,2,2305,2306,46.2,39.7
2020-01-22,401169706,TCU Horned Frogs,Texas Tech Red Raiders,65,54,0,2,2628,2641,46.9,43.1
2020-01-22,401169707,Iowa State Cyclones,Oklahoma State Cowboys,89,82,0,2,66,197,51.0,42.0
2020-01-22,401170248,Saint Joseph's Hawks,VCU Rams,60,73,0,2,2603,2670,31.4,39.7
2020-01-22,401172656,Kent State Golden Flashes,Northern Illinois Huskies,69,76,0,2,2309,2459,41.0,44.8
2020-01-22,401172657,Ohio Bobcats,Toledo Rockets,74,83,0,2,195,2649,38.9,48.3
2020-01-22,401172658,Bowling Green Falcons,Eastern Michigan Eagles,62,59,0,2,189,2199,36.5,44.9
2020-01-22,401172659,Buffalo Bulls,Western Michigan Broncos,90,79,0,2,2084,2711,48.6,50.0
2020-01-22,401172733,Miami (OH) RedHawks,Akron Zips,60,81,0,2,193,2006,40.4,52.6
2020-01-22,401173746,San Diego State Aztecs,Wyoming Cowboys,72,55,0,2,21,2751,54.3,42.9
2020-01-22,401173747,New Mexico Lobos,San José State Spartans,86,59,0,2,167,23,56.6,27.0
2020-01-22,401173748,Utah State Aggies,Air Force Falcons,72,47,0,2,328,2005,41.0,29.4
2020-01-23,401166183,Iowa Hawkeyes,Rutgers Scarlet Knights,85,80,0,2,2294,164,52.7,46.0
2020-01-23,401166184,Michigan Wolverines,Penn State Nittany Lions,63,72,0,2,130,213,35.3,48.2
2020-01-23,401166186,Ohio State Buckeyes,Minnesota Golden Gophers,59,62,0,2,194,135,42.9,42.6
2020-01-23,401166308,Auburn Tigers,South Carolina Gamecocks,80,67,0,2,2,2579,45.6,47.5
2020-01-23,401166309,Mississippi State Bulldogs,Arkansas Razorbacks,77,70,0,2,344,8,38.6,47.6
2020-01-23,401166310,Vanderbilt Commodores,Alabama Crimson Tide,62,77,0,2,238,333,30.8,46.2
2020-01-23,401168329,DePaul Blue Demons,Creighton Bluejays,68,83,0,2,305,156,42.1,47.2
2020-01-23,401168434,Seton Hall Pirates,Providence Friars,73,64,0,2,2550,2507,57.8,35.9
2020-01-23,401168494,Virginia Tech Hokies,North Carolina Tar Heels,79,77,0,2,259,153,36.9,43.8
2020-01-23,401168510,Louisville Cardinals,Georgia Tech Yellow Jackets,68,64,0,2,97,59,41.4,45.8
2020-01-23,401168538,Notre Dame Fighting Irish,Syracuse Orange,82,84,0,2,87,183,45.6,47.0
2020-01-23,401168592,Pittsburgh Panthers,Boston College Eagles,74,72,0,2,221,103,52.6,48.1
2020-01-23,401169543,Temple Owls,Cincinnati Bearcats,82,89,0,2,218,2132,53.4,52.0
2020-01-23,401169544,SMU Mustangs,East Carolina Pirates,84,64,0,2,2567,151,54.7,43.3
2020-01-23,401169545,Tulsa Golden Hurricane,Memphis Tigers,80,40,0,2,202,235,50.0,28.6
2020-01-23,401170249,Richmond Spiders,La Salle Explorers,75,57,0,2,257,2325,60.0,32.8
2020-01-23,401170250,Dayton Flyers,St. Bonaventure Bonnies,86,60,0,2,2168,179,64.8,41.0
2020-01-23,401170251,Davidson Wildcats,Saint Louis Billikens,71,59,0,2,2166,139,40.4,34.4
2020-01-23,401170252,Rhode Island Rams,Duquesne Dukes,77,55,0,2,227,2184,49.2,32.7
2020-01-23,401170253,Fordham Rams,George Washington Revolutionaries,59,54,0,2,2230,45,42.6,33.9
2020-01-23,401170254,George Mason Patriots,Massachusetts Minutemen,73,63,0,2,2244,113,38.3,38.9
2020-01-23,401170847,Stony Brook Seawolves,Binghamton Bearcats,79,83,0,2,2619,2066,42.6,49.2
2020-01-23,401170874,Hartford Hawks,UMBC Retrievers,60,69,0,2,42,2378,36.4,43.1
2020-01-23,401170921,Maine Black Bears,Vermont Catamounts,57,59,0,2,311,261,39.1,40.4
2020-01-23,401170939,UAlbany Great Danes,UMass Lowell River Hawks,101,75,0,2,399,2349,52.9,49.2
2020-01-23,401171514,UNC Asheville Bulldogs,Radford Highlanders,80,67,0,2,2427,2515,52.0,43.1
2020-01-23,401171599,UC Davis Aggies,Cal State Fullerton Titans,74,78,0,2,302,2239,46.2,47.3
2020-01-23,401171619,Long Beach State Beach,UC Irvine Anteaters,63,56,0,2,299,300,46.2,33.8
2020-01-23,401171682,UC Santa Barbara Gauchos,Cal State Northridge Matadors,75,83,0,2,2540,2463,46.2,52.5
2020-01-23,401171813,Hofstra Pride,Delaware Blue Hens,71,73,0,2,2275,48,36.4,46.2
2020-01-23,401172005,Marist Red Foxes,Manhattan Jaspers,75,73,0,2,2368,2363,38.0,42.3
2020-01-23,401172224,Loyola Maryland Greyhounds,American University Eagles,91,93,0,2,2352,44,47.1,47.1
2020-01-23,401172248,Lafayette Leopards,Army Black Knights,74,94,0,2,322,349,40.0,62.5
2020-01-23,401172865,Holy Cross Crusaders,Lehigh Mountain Hawks,96,95,0,2,107,2329,52.5,52.9
2020-01-23,401172866,Boston University Terriers,Navy Midshipmen,58,60,0,2,104,2426,38.6,47.7
2020-01-23,401172947,Sam Houston Bearkats,Abilene Christian Wildcats,82,76,0,2,2534,2000,44.6,41.1
2020-01-23,401172988,Incarnate Word Cardinals,Lamar Cardinals,77,89,0,2,2916,2320,48.1,55.9
2020-01-23,401173008,Nicholls Colonels,Houston Christian Huskies,91,83,0,2,2447,2277,50.0,45.0
2020-01-23,401173031,SE Louisiana Lions,McNeese Cowboys,61,77,0,2,2545,2377,36.7,53.1
2020-01-23,401173066,Northwestern State Demons,Stephen F. Austin Lumberjacks,62,69,0,2,2466,2617,35.2,35.0
2020-01-23,401173501,Bradley Braves,Illinois State Redbirds,75,63,0,2,71,2287,47.5,37.7
2020-01-23,401173524,Evansville Purple Aces,Drake Bulldogs,50,73,0,2,339,2181,30.2,45.8
2020-01-23,401173586,Loyola Chicago Ramblers,Indiana State Sycamores,75,55,0,2,2350,282,67.4,42.9
2020-01-23,401173626,Southern Illinois Salukis,Northern Iowa Panthers,68,66,0,2,79,2460,43.4,48.2
2020-01-23,401173749,Colorado State Rams,Fresno State Bulldogs,86,68,0,2,36,278,54.0,41.7
2020-01-23,401173750,Nevada Wolf Pack,UNLV Rebels,86,72,0,2,2440,2439,43.1,35.9
2020-01-23,401174808,Little Rock Trojans,Troy Trojans,81,63,0,2,2031,2653,49.2,33.3
2020-01-23,401174979,South Dakota State Jackrabbits,North Dakota State Bison,78,73,0,2,2571,2449,55.8,48.3
2020-01-23,401175166,California Baptist Lancers,Chicago State Cougars,85,53,0,2,2856,2130,48.5,38.0
2020-01-23,401175360,Chattanooga Mocs,The Citadel Bulldogs,92,69,0,2,236,2643,49.2,35.6
2020-01-23,401175575,Furman Paladins,Samford Bulldogs,101,78,0,2,231,2535,53.5,48.2
2020-01-23,401175922,Marshall Thundering Herd,Western Kentucky Hilltoppers,60,64,0,2,276,98,45.3,40.0
2020-01-23,401176077,Mercer Bears,Western Carolina Catamounts,85,79,0,2,2382,2717,48.3,50.0
2020-01-23,401176085,Wofford Terriers,VMI Keydets,66,54,0,2,2747,2678,42.9,35.2
2020-01-23,401176416,Texas A&M-Corpus Christi Islanders,LSU New Orleans Privateers,74,71,0,2,357,2443,57.4,49.0
2020-01-24,401166185,Indiana Hoosiers,Michigan State Spartans,67,63,0,2,84,127,45.6,44.9
2020-01-24,401166545,Idaho State Bengals,Montana Grizzlies,74,77,0,2,304,149,44.2,48.3
2020-01-24,401166546,Weber State Wildcats,Montana State Bobcats,61,62,0,2,2692,147,39.3,33.3
2020-01-24,401166547,Sacramento State Hornets,Portland State Vikings,66,55,0,2,16,2502,32.8,46.3
2020-01-24,401169546,Houston Cougars,UConn Huskies,63,59,0,2,248,41,36.2,36.4
2020-01-24,401170457,North Florida Ospreys,Liberty Flames,71,70,0,2,2454,2335,48.1,50.0
2020-01-24,401170458,Stetson Hatters,NJIT Highlanders,65,64,0,2,56,2885,60.5,45.3
2020-01-24,401170459,Kennesaw State Owls,North Alabama Lions,58,78,0,2,338,2453,33.3,48.1
2020-01-24,401170460,Lipscomb Bisons,Jacksonville Dolphins,85,89,0,2,288,294,42.9,50.8
2020-01-24,401170676,Colorado Buffaloes,Washington State Cougars,78,56,0,2,38,265,45.6,37.3
2020-01-24,401170677,Oregon Ducks,USC Trojans,79,70,0,2,2483,30,39.7,33.9
2020-01-24,401170678,Oregon State Beavers,UCLA Bruins,58,62,0,2,204,26,36.6,40.8
2020-01-24,401170679,Utah Utes,Washington Huskies,67,66,0,2,254,264,33.9,51.1
2020-01-24,401171027,Hampton Pirates,Campbell Fighting Camels,83,74,0,2,2261,2097,53.8,46.6
2020-01-24,401171413,Charleston Southern Buccaneers,Presbyterian Blue Hose,74,66,0,2,2127,2506,48.3,43.8
2020-01-24,401171435,High Point Panthers,Gardner-Webb Runnin' Bulldogs,76,79,0,2,2272,2241,40.7,48.1
2020-01-24,401171557,Winthrop Eagles,South Carolina Upstate Spartans,79,53,0,2,2737,2908,46.7,38.6
2020-01-24,401171571,UC Riverside Highlanders,Cal Poly Mustangs,97,64,0,2,27,13,53.6,37.3
2020-01-24,401171787,Northeastern Huskies,Drexel Dragons,85,52,0,2,111,2182,55.2,32.7
2020-01-24,401171857,Elon Phoenix,Towson Tigers,61,72,0,2,2210,119,29.7,46.3
2020-01-24,401172380,William & Mary Tribe,James Madison Dukes,88,75,0,2,2729,256,57.9,34.4
2020-01-24,401172473,Cleveland State Vikings,Green Bay Phoenix,74,78,0,2,325,2739,40.7,47.4
2020-01-24,401172499,Detroit Mercy Titans,IU Indianapolis Jaguars,76,64,0,2,2174,85,42.4,40.9
2020-01-24,401172660,Buffalo Bulls,Kent State Golden Flashes,66,70,0,2,2084,2309,41.5,45.0
2020-01-24,401173613,Missouri State Bears,Valparaiso Beacons,67,60,0,2,2623,2674,36.8,31.8
2020-01-24,401173889,Austin Peay Governors,Tennessee State Tigers,99,74,0,2,2046,2634,47.8,41.5
2020-01-24,401173959,Murray State Racers,Belmont Bruins,85,75,0,2,93,2057,46.6,45.3
2020-01-24,401174051,Eastern Illinois Panthers,UT Martin Skyhawks,95,83,0,2,2197,2630,54.0,44.1
2020-01-24,401174073,Jacksonville State Gamecocks,Eastern Kentucky Colonels,77,81,0,2,55,2198,54.5,50.0
2020-01-24,401174469,Oakland Golden Grizzlies,UIC Flames,50,80,0,2,2473,82,34.5,60.0
2020-01-24,401174809,Arkansas State Red Wolves,South Alabama Jaguars,75,71,0,2,2032,6,50.0,50.0
2020-01-24,401174980,North Dakota Fighting Hawks,Denver Pioneers,78,71,0,2,155,2172,36.4,51.1
2020-01-24,401174981,Omaha Mavericks,Western Illinois Leathernecks,87,82,0,2,2437,2710,46.8,45.5
2020-01-24,401174982,South Dakota Coyotes,Purdue Fort Wayne Mastodons,83,60,0,2,233,2870,50.0,35.1
2020-01-24,401175075,SIU Edwardsville Cougars,Southeast Missouri State Redhawks,84,65,0,2,2565,2546,51.5,40.0
2020-01-24,401175076,Tennessee Tech Golden Eagles,Morehead State Eagles,71,59,0,2,2635,2413,43.5,44.1
2020-01-24,401175142,Youngstown State Penguins,Milwaukee Panthers,73,75,0,2,2754,270,43.8,41.6
2020-01-24,401175180,Pacific Tigers,BYU Cougars,60,74,0,2,279,252,39.7,54.0
2020-01-24,401175253,Loyola Marymount Lions,Portland Pilots,77,65,0,2,2351,2501,51.9,33.9
2020-01-24,401175254,Santa Clara Broncos,Pepperdine Waves,86,90,0,2,2541,2492,45.2,43.5
2020-01-24,401175255,Saint Mary's Gaels,San Francisco Dons,58,48,0,2,2608,2539,42.6,36.4
2020-01-24,401175543,Cal State Bakersfield Roadrunners,Utah Valley Wolverines,58,57,0,2,2934,3084,32.4,35.8
2020-01-24,401175645,Grand Canyon Lopes,Seattle U Redhawks,80,77,0,2,2253,2547,44.1,40.0
2020-01-24,401175869,Middle Tennessee Blue Raiders,Louisiana Tech Bulldogs,73,80,0,2,2393,2348,38.3,59.2
2020-01-24,401175907,Charlotte 49ers,Florida Atlantic Owls,70,68,0,2,2429,2226,51.1,49.1
2020-01-24,401175940,North Texas Mean Green,UTSA Roadrunners,98,78,0,2,249,2636,55.0,47.3
2020-01-24,401175952,Old Dominion Monarchs,Florida International Panthers,80,83,0,2,295,2229,44.8,45.0
2020-01-24,401175983,Rice Owls,UTEP Miners,64,72,0,2,242,2638,36.4,45.3
2020-01-24,401175993,UAB Blazers,Southern Miss Golden Eagles,77,84,0,2,5,2572,43.6,55.6
2020-01-24,401176099,Bryant Bulldogs,Wagner Seahawks,79,58,0,2,2803,2681,49.1,33.8
2020-01-24,401176467,Central Connecticut Blue Devils,Sacred Heart Pioneers,54,82,0,2,2115,2529,32.1,48.2
2020-01-24,401176468,Merrimack Warriors,Fairleigh Dickinson Knights,74,71,0,2,2771,161,37.5,40.3
2020-01-24,401176469,Long Island University Sharks,Saint Francis Red Wolves,86,81,0,2,112358,2598,45.3,46.3
2020-01-24,401176470,St. Francis Brooklyn Terriers,Robert Morris Colonials,78,57,0,2,2597,2523,53.6,38.1
2020-01-25,401166187,Purdue Boilermakers,Wisconsin Badgers,70,51,0,2,2509,275,45.0,43.5
2020-01-25,401166188,Michigan Wolverines,Illinois Fighting Illini,62,64,0,2,130,356,39.0,44.4
2020-01-25,401166189,Rutgers Scarlet Knights,Nebraska Cornhuskers,75,72,0,2,164,158,45.2,41.9
2020-01-25,401166548,Idaho Vandals,Northern Colorado Bears,53,74,0,2,70,2458,40.4,45.8
2020-01-25,401166549,Eastern Washington Eagles,Southern Utah Thunderbirds,81,78,0,2,331,253,46.7,43.3
2020-01-25,401166552,Northern Arizona Lumberjacks,Portland State Vikings,84,82,0,2,2464,2502,46.9,50.0
2020-01-25,401168303,Butler Bulldogs,Marquette Golden Eagles,89,85,0,2,2086,269,44.4,42.0
2020-01-25,401168373,DePaul Blue Demons,St. John's Red Storm,66,79,0,2,305,2599,30.8,41.7
2020-01-25,401168435,Providence Friars,Villanova Wildcats,60,64,0,2,2507,222,31.7,43.8
2020-01-25,401168495,North Carolina Tar Heels,Miami Hurricanes,94,71,0,2,153,2390,58.0,41.4
2020-01-25,401168511,Louisville Cardinals,Clemson Tigers,80,62,0,2,97,228,48.1,34.4
2020-01-25,401168539,Syracuse Orange,Pittsburgh Panthers,69,61,0,2,183,221,43.6,38.9
2020-01-25,401168549,Boston College Eagles,Virginia Tech Hokies,61,56,0,2,103,259,43.8,40.0
2020-01-25,401168559,Georgia Tech Yellow Jackets,NC State Wolfpack,64,58,0,2,59,152,43.4,38.6
2020-01-25,401169547,East Carolina Pirates,Tulane Green Wave,81,62,0,2,151,2655,52.0,36.7
2020-01-25,401169548,Memphis Tigers,SMU Mustangs,70,74,0,2,235,2567,49.1,45.5
2020-01-25,401169708,Auburn Tigers,Iowa State Cyclones,80,76,0,2,2,66,45.0,36.2
2020-01-25,401169709,West Virginia Mountaineers,Missouri Tigers,74,51,0,2,277,142,41.5,28.3
2020-01-25,401169710,Texas Longhorns,LSU Tigers,67,69,0,2,251,99,48.3,44.4
2020-01-25,401169711,Oklahoma Sooners,Mississippi State Bulldogs,63,62,0,2,201,344,38.7,38.3
2020-01-25,401169712,Texas A&M Aggies,Oklahoma State Cowboys,62,73,0,2,245,197,39.0,55.1
2020-01-25,401169713,Kansas Jayhawks,Tennessee Volunteers,74,68,0,2,2305,2633,46.3,45.5
2020-01-25,401169714,Arkansas Razorbacks,TCU Horned Frogs,78,67,0,2,8,2628,54.0,48.0
2020-01-25,401169715,Alabama Crimson Tide,Kansas State Wildcats,77,74,0,2,333,2306,48.8,35.1
2020-01-25,401169716,Texas Tech Red Raiders,Kentucky Wildcats,74,76,0,2,2641,96,42.2,43.6
2020-01-25,401170029,Pennsylvania Quakers,Temple Owls,66,59,0,2,219,218,44.2,30.7
2020-01-25,401170255,La Salle Explorers,VCU Rams,65,76,0,2,2325,2670,41.0,46.4
2020-01-25,401170256,Davidson Wildcats,George Mason Patriots,68,53,0,2,2166,2244,43.4,31.7
2020-01-25,401170257,Richmond Spiders,Dayton Flyers,79,87,0,2,257,2168,39.1,53.7
2020-01-25,401170258,Massachusetts Minutemen,Duquesne Dukes,73,64,0,2,113,2184,35.0,36.7
2020-01-25,401170259,George Washington Revolutionaries,Saint Joseph's Hawks,85,69,0,2,45,2603,55.4,43.6
2020-01-25,401170260,St. Bonaventure Bonnies,Rhode Island Rams,75,81,0,2,179,227,46.2,46.6
2020-01-25,401170462,Kennesaw State Owls,Jacksonville Dolphins,64,83,0,2,338,294,37.5,55.4
2020-01-25,401170463,Lipscomb Bisons,North Florida Ospreys,85,73,0,2,288,2454,48.4,38.7
2020-01-25,401170464,Stetson Hatters,Liberty Flames,48,43,0,2,56,2335,39.0,33.3
2020-01-25,401170682,Oregon State Beavers,USC Trojans,55,75,0,2,204,30,37.0,64.6
2020-01-25,401170773,Georgia Bulldogs,Ole Miss Rebels,60,70,0,2,61,145,30.9,52.0
2020-01-25,401170848,Binghamton Bearcats,New Hampshire Wildcats,69,77,0,2,2066,160,35.9,52.6
2020-01-25,401170875,UAlbany Great Danes,Hartford Hawks,48,62,0,2,399,42,25.0,43.9
2020-01-25,401170922,UMBC Retrievers,Maine Black Bears,63,53,0,2,2378,311,37.5,32.1
2020-01-25,401171414,Gardner-Webb Runnin' Bulldogs,Charleston Southern Buccaneers,83,92,0,2,2241,2127,39.1,54.0
2020-01-25,401171458,Radford Highlanders,Hampton Pirates,83,79,0,2,2515,2261,50.0,41.8
2020-01-25,401171515,South Carolina Upstate Spartans,UNC Asheville Bulldogs,80,63,0,2,2908,2427,50.0,37.3
2020-01-25,401171531,Winthrop Eagles,Presbyterian Blue Hose,72,57,0,2,2737,2506,41.5,40.0
2020-01-25,401171701,Charleston Cougars,UNC Wilmington Seahawks,70,72,0,2,232,350,34.7,40.0
2020-01-25,401171788,Hofstra Pride,Drexel Dragons,72,59,0,2,2275,2182,45.9,46.0
2020-01-25,401171814,Northeastern Huskies,Delaware Blue Hens,74,76,0,2,111,48,50.9,54.0
2020-01-25,401171858,Elon Phoenix,James Madison Dukes,82,73,0,2,2210,256,41.4,38.2
2020-01-25,401171941,Iona Gaels,Canisius Golden Griffins,69,66,0,2,314,2099,47.4,42.9
2020-01-25,401171965,Quinnipiac Bobcats,Fairfield Stags,81,67,0,2,2514,2217,44.8,38.8
2020-01-25,401172026,Siena Saints,Marist Red Foxes,70,57,0,2,2561,2368,44.2,32.8
2020-01-25,401172039,Monmouth Hawks,Niagara Purple Eagles,82,71,0,2,2405,315,38.8,45.6
2020-01-25,401172077,Rider Broncs,Saint Peter's Peacocks,70,66,0,2,2520,2612,48.9,40.0
2020-01-25,401172225,American University Eagles,Colgate Raiders,69,79,0,2,44,2142,39.4,43.5
2020-01-25,401172249,Navy Midshipmen,Army Black Knights,66,73,0,2,2426,349,40.6,55.8
2020-01-25,401172265,Brown Bears,Yale Bulldogs,62,73,0,2,225,43,35.0,45.1
2020-01-25,401172284,Cornell Big Red,Columbia Lions,62,50,0,2,172,171,47.9,31.7
2020-01-25,401172429,William & Mary Tribe,Towson Tigers,58,70,0,2,2729,119,44.0,53.1
2020-01-25,401172474,Cleveland State Vikings,Milwaukee Panthers,70,53,0,2,325,270,51.1,25.4
2020-01-25,401172500,Detroit Mercy Titans,UIC Flames,70,69,0,2,2174,82,45.5,46.4
2020-01-25,401172523,Youngstown State Penguins,Green Bay Phoenix,98,94,0,2,2754,2739,43.9,50.0
2020-01-25,401172662,Ohio Bobcats,Akron Zips,86,88,0,2,195,2006,55.6,56.9
2020-01-25,401172663,Central Michigan Chippewas,Ball State Cardinals,71,66,0,2,2117,2050,39.7,44.9
2020-01-25,401172664,Northern Illinois Huskies,Western Michigan Broncos,58,52,0,2,2459,2711,36.5,33.3
2020-01-25,401172741,Miami (OH) RedHawks,Eastern Michigan Eagles,73,68,0,2,193,2199,48.3,45.7
2020-01-25,401172867,Lehigh Mountain Hawks,Lafayette Leopards,56,74,0,2,2329,322,39.3,50.0
2020-01-25,401172869,Holy Cross Crusaders,Boston University Terriers,64,79,0,2,107,104,41.0,50.0
2020-01-25,401172948,Central Arkansas Bears,Abilene Christian Wildcats,69,70,0,2,2110,2000,41.8,36.1
2020-01-25,401172989,Lamar Cardinals,Stephen F. Austin Lumberjacks,62,70,0,2,2320,2617,47.5,44.4
2020-01-25,401173009,McNeese Cowboys,Houston Christian Huskies,102,89,0,2,2377,2277,58.3,39.0
2020-01-25,401173067,Northwestern State Demons,SE Louisiana Lions,81,84,0,2,2466,2545,39.4,40.6
2020-01-25,401173502,Indiana State Sycamores,Bradley Braves,61,53,0,2,282,71,36.5,46.7
2020-01-25,401173566,Illinois State Redbirds,Southern Illinois Salukis,55,58,0,2,2287,79,41.5,37.3
2020-01-25,401173751,San José State Spartans,Air Force Falcons,90,81,0,2,23,2005,47.5,43.3
2020-01-25,401173890,Austin Peay Governors,Belmont Bruins,86,78,0,2,2046,2057,47.6,48.4
2020-01-25,401174052,Eastern Illinois Panthers,Southeast Missouri State Redhawks,61,59,0,2,2197,2546,53.5,34.8
2020-01-25,401174170,Jacksonville State Gamecocks,Morehead State Eagles,72,51,0,2,55,2413,41.3,38.0
2020-01-25,401174453,Oakland Golden Grizzlies,IU Indianapolis Jaguars,85,89,0,2,2473,85,34.7,42.9
2020-01-25,401174810,Coastal Carolina Chanticleers,App State Mountaineers,58,78,0,2,324,2026,40.4,43.6
2020-01-25,401174811,Georgia Southern Eagles,Georgia State Panthers,77,82,0,2,290,2247,39.3,38.2
2020-01-25,401174814,Texas State Bobcats,UT Arlington Mavericks,62,64,0,2,326,250,42.6,43.6
2020-01-25,401174815,Troy Trojans,Arkansas State Red Wolves,62,78,0,2,2653,2032,29.3,51.9
2020-01-25,401174983,North Dakota State Bison,Denver Pioneers,82,70,0,2,2449,2172,51.1,43.6
2020-01-25,401174986,South Dakota Coyotes,Oral Roberts Golden Eagles,91,80,0,2,233,198,53.8,45.5
2020-01-25,401175077,SIU Edwardsville Cougars,UT Martin Skyhawks,76,79,0,2,2565,2630,53.7,47.3
2020-01-25,401175143,Wright State Raiders,Northern Kentucky Norse,95,63,0,2,2750,94,61.0,39.4
2020-01-25,401175181,San Francisco Dons,BYU Cougars,83,82,0,2,2539,252,54.5,52.6
2020-01-25,401175259,San Diego Toreros,Santa Clara Broncos,52,65,0,2,301,2541,30.5,43.1
2020-01-25,401175361,East Tennessee State Buccaneers,Chattanooga Mocs,75,64,0,2,2193,236,48.3,51.1
2020-01-25,401175444,The Citadel Bulldogs,Furman Paladins,54,78,0,2,2643,231,36.2,42.9
2020-01-25,401175681,North Carolina A&T Aggies,Bethune-Cookman Wildcats,98,95,0,2,2448,2065,51.7,48.4
2020-01-25,401175698,Coppin State Eagles,Morgan State Bears,48,50,0,2,2154,2415,27.3,29.2
2020-01-25,401175716,North Carolina Central Eagles,Delaware State Hornets,72,45,0,2,2428,2169,47.1,27.9
2020-01-25,401175732,Howard Bison,Florida A&M Rattlers,83,87,0,2,47,50,52.6,54.0
2020-01-25,401175784,Norfolk State Spartans,South Carolina State Bulldogs,73,62,0,2,2450,2569,45.2,35.1
2020-01-25,401175796,Samford Bulldogs,UNC Greensboro Spartans,63,70,0,2,2535,2430,40.4,40.7
2020-01-25,401175870,UAB Blazers,Louisiana Tech Bulldogs,58,72,0,2,5,2348,38.5,45.6
2020-01-25,401175941,North Texas Mean Green,UTEP Miners,67,57,0,2,249,2638,43.8,43.2
2020-01-25,401175994,Middle Tennessee Blue Raiders,Southern Miss Golden Eagles,65,63,0,2,2393,2572,35.1,42.6
2020-01-25,401176060,Charlotte 49ers,Florida International Panthers,75,49,0,2,2429,2229,55.3,32.7
2020-01-25,401176078,VMI Keydets,Mercer Bears,66,69,0,2,2678,2382,35.1,46.3
2020-01-25,401176100,Mount St. Mary's Mountaineers,Bryant Bulldogs,79,76,0,2,116,2803,52.9,53.8
2020-01-25,401176147,Alcorn State Braves,Alabama A&M Bulldogs,59,58,0,2,2016,2010,36.2,39.1
2020-01-25,401176229,Jackson State Tigers,Grambling Tigers,71,53,0,2,2296,2755,44.9,35.4
2020-01-25,401176308,Prairie View A&M Panthers,Arkansas-Pine Bluff Golden Lions,67,54,0,2,2504,2029,42.6,43.6
2020-01-25,401176340,Southern Jaguars,Alabama State Hornets,80,71,0,2,2582,2011,61.4,46.2
2020-01-25,401176417,Incarnate Word Cardinals,Texas A&M-Corpus Christi Islanders,47,68,0,2,2916,357,30.6,50.0
2020-01-25,401176471,Central Connecticut Blue Devils,Wagner Seahawks,86,76,0,2,2115,2681,44.1,39.7
2020-01-25,401176472,Sacred Heart Pioneers,Fairleigh Dickinson Knights,77,60,0,2,2529,161,50.9,43.6
2020-01-25,401176473,Long Island University Sharks,Robert Morris Colonials,66,71,0,2,112358,2523,41.4,43.1
2020-01-25,401176474,St. Francis Brooklyn Terriers,Saint Francis Red Wolves,86,79,0,2,2597,2598,51.8,49.2
2020-01-26,401166190,Indiana Hoosiers,Maryland Terrapins,76,77,0,2,84,120,52.6,48.2
2020-01-26,401166191,Minnesota Golden Gophers,Michigan State Spartans,52,70,0,2,135,127,28.1,47.3
2020-01-26,401166192,Northwestern Wildcats,Ohio State Buckeyes,59,71,0,2,77,194,37.9,44.1
2020-01-26,401166550,Idaho State Bengals,Montana State Bobcats,64,75,0,2,304,147,36.8,49.1
2020-01-26,401166551,Weber State Wildcats,Montana Grizzlies,87,85,0,2,2692,149,47.4,50.0
2020-01-26,401168330,Creighton Bluejays,Xavier Musketeers,77,66,0,2,156,2752,45.1,40.0
2020-01-26,401168479,Wake Forest Demon Deacons,Virginia Cavaliers,63,65,0,2,154,258,31.5,36.5
2020-01-26,401168524,Florida State Seminoles,Notre Dame Fighting Irish,85,84,0,2,52,87,46.2,44.1
2020-01-26,401169549,Wichita State Shockers,UCF Knights,87,79,0,2,2724,2116,40.0,37.7
2020-01-26,401169550,UConn Huskies,Tulsa Golden Hurricane,75,79,0,2,41,202,39.7,49.1
2020-01-26,401169551,Houston Cougars,South Florida Bulls,68,49,0,2,248,58,41.7,37.0
2020-01-26,401169717,Florida Gators,Baylor Bears,61,72,0,2,57,239,44.2,43.6
2020-01-26,401170261,Saint Louis Billikens,Fordham Rams,55,39,0,2,139,2230,43.5,31.3
2020-01-26,401170461,Florida Gulf Coast Eagles,NJIT Highlanders,54,56,0,2,526,2885,46.7,45.8
2020-01-26,401170680,Arizona State Sun Devils,Arizona Wildcats,66,65,0,2,9,12,38.9,40.4
2020-01-26,401170681,Colorado Buffaloes,Washington Huskies,76,62,0,2,38,264,45.3,41.8
2020-01-26,401170683,Utah Utes,Washington State Cougars,76,64,0,2,254,265,63.0,46.4
2020-01-26,401170684,California Golden Bears,Stanford Cardinal,52,50,0,2,25,24,32.7,44.2
2020-01-26,401170685,Oregon Ducks,UCLA Bruins,96,75,0,2,2483,26,57.1,50.0
2020-01-26,401170893,South Carolina Gamecocks,Vanderbilt Commodores,90,64,0,2,2579,238,54.1,33.3
2020-01-26,401170940,Vermont Catamounts,UMass Lowell River Hawks,92,62,0,2,261,2349,55.0,39.6
2020-01-26,401171479,High Point Panthers,Longwood Lancers,62,72,0,2,2272,2344,34.0,42.2
2020-01-26,401171572,UC Irvine Anteaters,Cal Poly Mustangs,74,67,0,2,300,13,47.5,31.3
2020-01-26,401171600,Cal State Fullerton Titans,Cal State Northridge Matadors,82,75,0,2,2239,2463,37.7,39.7
2020-01-26,401171642,Hawai'i Rainbow Warriors,UC Davis Aggies,76,75,0,2,62,302,48.1,49.1
2020-01-26,401171683,UC Santa Barbara Gauchos,UC Riverside Highlanders,65,63,0,2,2540,27,52.8,53.2
2020-01-26,401171942,Fairfield Stags,Canisius Golden Griffins,63,55,0,2,2217,2099,38.9,40.4
2020-01-26,401171986,Iona Gaels,Monmouth Hawks,88,94,0,2,314,2405,53.3,43.8
2020-01-26,401172006,Manhattan Jaspers,Rider Broncs,63,67,0,2,2363,2520,37.9,36.7
2020-01-26,401172057,Saint Peter's Peacocks,Niagara Purple Eagles,58,53,0,2,2612,315,44.9,38.5
2020-01-26,401172067,Siena Saints,Quinnipiac Bobcats,84,61,0,2,2561,2514,57.9,42.6
2020-01-26,401172321,Dartmouth Big Green,Harvard Crimson,66,70,0,2,159,108,38.1,44.1
2020-01-26,401172661,Toledo Rockets,Bowling Green Falcons,79,85,0,2,2649,189,41.0,47.5
2020-01-26,401172868,Bucknell Bison,Loyola Maryland Greyhounds,98,83,0,2,2083,2352,54.1,48.0
2020-01-26,401173052,LSU New Orleans Privateers,Nicholls Colonels,72,77,0,2,2443,2447,47.4,58.2
2020-01-26,401173525,Drake Bulldogs,Missouri State Bears,71,69,0,2,2181,2623,37.3,38.6
2020-01-26,401173545,Valparaiso Beacons,Evansville Purple Aces,67,65,0,2,2674,339,43.1,40.0
2020-01-26,401173601,Northern Iowa Panthers,Loyola Chicago Ramblers,67,62,0,2,2460,2350,47.1,36.4
2020-01-26,401173752,Fresno State Bulldogs,Boise State Broncos,53,87,0,2,278,68,37.2,54.2
2020-01-26,401173753,Nevada Wolf Pack,New Mexico Lobos,96,74,0,2,2440,167,49.3,42.6
2020-01-26,401173754,Utah State Aggies,Colorado State Rams,77,61,0,2,328,36,59.2,37.3
2020-01-26,401173755,UNLV Rebels,San Diego State Aztecs,67,71,0,2,2439,21,43.6,41.8
2020-01-26,401174074,Tennessee Tech Golden Eagles,Eastern Kentucky Colonels,74,80,0,2,2635,2198,51.8,45.5
2020-01-26,401174812,Louisiana Ragin' Cajuns,UL Monroe Warhawks,81,60,0,2,309,2433,43.4,38.3
2020-01-26,401174813,South Alabama Jaguars,Little Rock Trojans,71,73,0,2,6,2031,50.0,47.2
2020-01-26,401174984,North Dakota Fighting Hawks,Western Illinois Leathernecks,83,77,0,2,155,2710,48.0,46.8
2020-01-26,401174985,Omaha Mavericks,Purdue Fort Wayne Mastodons,75,71,0,2,2437,2870,50.0,48.1
2020-01-26,401175078,Murray State Racers,Tennessee State Tigers,76,64,0,2,93,2634,48.1,51.0
2020-01-26,401175167,California Baptist Lancers,Kansas City Roos,57,67,0,2,2856,140,32.7,45.5
2020-01-26,401175256,Gonzaga Bulldogs,Pacific Tigers,92,59,0,2,2250,279,56.9,35.5
2020-01-26,401175257,Loyola Marymount Lions,Saint Mary's Gaels,62,73,0,2,2351,2608,45.8,56.8
2020-01-26,401175258,Pepperdine Waves,Portland Pilots,80,69,0,2,2492,2501,41.4,45.8
2020-01-26,401175544,Grand Canyon Lopes,Utah Valley Wolverines,69,73,0,2,2253,3084,40.0,49.1
2020-01-26,401175590,UT Rio Grande Valley Vaqueros,New Mexico State Aggies,62,67,0,2,292,166,50.0,55.6
2020-01-26,401175646,Cal State Bakersfield Roadrunners,Seattle U Redhawks,79,86,0,2,2934,2547,42.6,47.3
2020-01-26,401175908,Old Dominion Monarchs,Florida Atlantic Owls,65,55,0,2,295,2226,42.6,29.7
2020-01-26,401175923,Western Kentucky Hilltoppers,Marshall Thundering Herd,91,84,0,2,98,276,50.8,47.0
2020-01-26,401175984,Rice Owls,UTSA Roadrunners,88,90,0,2,242,2636,46.0,50.0
2020-01-26,401176090,Western Carolina Catamounts,Wofford Terriers,81,72,0,2,2717,2747,52.8,41.0
2020-01-26,401176297,Texas Southern Tigers,Mississippi Valley State Delta Devils,80,67,0,2,2640,2400,35.1,31.0
2020-01-26,401185833,Princeton Tigers,Rutgers-Camden RUTGERS-CAMDEN,87,41,0,2,163,370,61.8,34.6
2020-01-28,401166193,Iowa Hawkeyes,Wisconsin Badgers,68,62,0,2,2294,275,33.3,37.5
2020-01-28,401166311,Tennessee Volunteers,Texas A&M Aggies,58,63,0,2,2633,245,46.7,30.4
2020-01-28,401166553,Eastern Washington Eagles,Northern Colorado Bears,89,84,0,2,331,2458,45.9,39.7
2020-01-28,401166554,Idaho Vandals,Southern Utah Thunderbirds,45,73,0,2,70,253,26.2,52.6
2020-01-28,401166555,Northern Arizona Lumberjacks,Sacramento State Hornets,69,54,0,2,2464,16,51.2,33.3
2020-01-28,401168468,St. John's Red Storm,Villanova Wildcats,59,79,0,2,2599,222,41.0,47.5
2020-01-28,401168496,NC State Wolfpack,North Carolina Tar Heels,65,75,0,2,152,153,42.4,49.1
2020-01-28,401169718,Oklahoma State Cowboys,Kansas Jayhawks,50,65,0,2,197,2305,28.1,38.9
2020-01-28,401172226,American University Eagles,Lehigh Mountain Hawks,77,56,0,2,44,2329,50.0,35.7
2020-01-28,401175559,Kansas City Roos,Crowley's Ridge Pioneers,99,41,0,2,140,3168,56.1,33.3
2020-01-28,401175682,South Carolina State Bulldogs,Bethune-Cookman Wildcats,74,78,0,2,2569,2065,43.9,67.5
2020-01-28,401175699,Coppin State Eagles,Howard Bison,82,75,0,2,2154,47,51.7,40.3
2020-01-28,401175717,North Carolina A&T Aggies,Delaware State Hornets,82,67,0,2,2448,2169,42.3,34.7
2020-01-28,401175733,Norfolk State Spartans,Florida A&M Rattlers,95,67,0,2,2450,50,60.3,43.9
2020-01-28,401175776,Maryland Eastern Shore Hawks,Morgan State Bears,50,56,0,2,2379,2415,29.8,30.4
2020-01-28,401176148,Southern Jaguars,Alabama A&M Bulldogs,67,46,0,2,2582,2010,46.3,40.9
2020-01-28,401176190,Alcorn State Braves,Alabama State Hornets,63,60,0,2,2016,2011,38.7,45.1
2020-01-28,401176298,Prairie View A&M Panthers,Mississippi Valley State Delta Devils,102,83,0,2,2504,2400,56.5,49.2
2020-01-28,401176364,Texas Southern Tigers,Arkansas-Pine Bluff Golden Lions,68,57,0,2,2640,2029,48.3,39.3
2020-01-29,401166194,Nebraska Cornhuskers,Michigan Wolverines,68,79,0,2,158,130,44.1,50.0
2020-01-29,401166195,Rutgers Scarlet Knights,Purdue Boilermakers,70,63,0,2,164,2509,45.5,41.0
2020-01-29,401166196,Michigan State Spartans,Northwestern Wildcats,79,50,0,2,127,77,42.9,35.2
2020-01-29,401166312,Florida Gators,Mississippi State Bulldogs,71,78,0,2,57,344,44.8,53.8
2020-01-29,401166313,Missouri Tigers,Georgia Bulldogs,72,69,0,2,142,61,43.4,44.2
2020-01-29,401166314,Ole Miss Rebels,Auburn Tigers,82,83,0,2,145,2,44.8,38.1
2020-01-29,401166315,Kentucky Wildcats,Vanderbilt Commodores,71,62,0,2,96,238,46.4,38.9
2020-01-29,401168304,Georgetown Hoyas,Butler Bulldogs,64,69,0,2,46,2086,33.3,47.3
2020-01-29,401168361,Duke Blue Devils,Pittsburgh Panthers,79,67,0,2,150,221,48.4,43.9
2020-01-29,401168374,Seton Hall Pirates,DePaul Blue Demons,64,57,0,2,2550,305,38.6,33.3
2020-01-29,401168480,Virginia Cavaliers,Florida State Seminoles,61,56,0,2,258,52,43.9,38.9
2020-01-29,401168540,Clemson Tigers,Syracuse Orange,71,70,0,2,228,183,48.1,42.1
2020-01-29,401168550,Miami Hurricanes,Virginia Tech Hokies,71,61,0,2,2390,259,49.1,40.7
2020-01-29,401169552,Cincinnati Bearcats,SMU Mustangs,65,43,0,2,2132,2567,48.1,25.9
2020-01-29,401170262,VCU Rams,Richmond Spiders,87,68,0,2,2670,257,49.2,42.3
2020-01-29,401170263,George Mason Patriots,Rhode Island Rams,64,78,0,2,2244,227,38.2,50.9
2020-01-29,401172250,Army Black Knights,Bucknell Bison,68,59,0,2,349,2083,44.1,37.9
2020-01-29,401172665,Akron Zips,Buffalo Bulls,74,77,0,2,2006,2084,35.9,38.7
2020-01-29,401172666,Toledo Rockets,Kent State Golden Flashes,70,83,0,2,2649,2309,45.9,45.5
2020-01-29,401172667,Bowling Green Falcons,Ball State Cardinals,67,61,0,2,189,2050,36.7,34.8
2020-01-29,401172668,Northern Illinois Huskies,Ohio Bobcats,61,59,0,2,2459,195,43.4,39.6
2020-01-29,401172728,Georgia Tech Yellow Jackets,Morehouse Maroon Tigers,82,54,0,2,59,60,44.8,38.2
2020-01-29,401173756,Air Force Falcons,Fresno State Bulldogs,68,79,0,2,2005,278,40.7,43.1
2020-01-29,401173757,Wyoming Cowboys,Utah State Aggies,45,68,0,2,2751,328,30.0,47.1
2020-01-30,401166197,Penn State Nittany Lions,Indiana Hoosiers,64,49,0,2,213,84,37.5,33.3
2020-01-30,401166316,LSU Tigers,Alabama Crimson Tide,90,76,0,2,99,333,50.7,41.1
2020-01-30,401166317,Arkansas Razorbacks,South Carolina Gamecocks,77,79,0,2,8,2579,40.7,50.9
2020-01-30,401168418,Xavier Musketeers,Marquette Golden Eagles,82,84,0,2,2752,269,44.8,41.0
2020-01-30,401168512,Boston College Eagles,Louisville Cardinals,69,86,0,2,103,97,40.0,48.2
2020-01-30,401168569,Notre Dame Fighting Irish,Wake Forest Demon Deacons,90,80,0,2,87,154,43.9,48.3
2020-01-30,401169553,UCF Knights,Memphis Tigers,57,59,0,2,2116,235,38.6,43.6
2020-01-30,401169554,UConn Huskies,Temple Owls,78,63,0,2,41,218,35.5,39.7
2020-01-30,401169555,East Carolina Pirates,Houston Cougars,59,69,0,2,151,248,32.8,39.3
2020-01-30,401169556,Tulane Green Wave,South Florida Bulls,52,66,0,2,2655,58,37.0,49.0
2020-01-30,401169719,TCU Horned Frogs,Texas Longhorns,61,62,0,2,2628,251,42.6,44.2
2020-01-30,401169720,Iowa State Cyclones,Baylor Bears,53,67,0,2,66,239,36.0,45.2
2020-01-30,401169721,Kansas State Wildcats,Oklahoma Sooners,61,53,0,2,2306,201,37.1,35.3
2020-01-30,401169722,Texas Tech Red Raiders,West Virginia Mountaineers,89,81,0,2,2641,277,54.3,38.6
2020-01-30,401170264,Duquesne Dukes,Dayton Flyers,69,73,0,2,2184,2168,45.8,59.2
2020-01-30,401170265,George Washington Revolutionaries,Davidson Wildcats,107,104,0,2,45,2166,44.7,47.0
2020-01-30,401170266,Fordham Rams,St. Bonaventure Bonnies,55,62,0,2,2230,179,32.8,35.7
2020-01-30,401170267,La Salle Explorers,Saint Louis Billikens,76,77,0,2,2325,139,43.1,41.7
2020-01-30,401170268,Massachusetts Minutemen,Saint Joseph's Hawks,91,76,0,2,113,2603,63.3,49.1
2020-01-30,401170686,Washington State Cougars,Arizona State Sun Devils,67,65,0,2,265,9,41.1,41.3
2020-01-30,401170849,Hartford Hawks,Binghamton Bearcats,73,57,0,2,42,2066,42.4,40.8
2020-01-30,401170941,UMass Lowell River Hawks,Stony Brook Seawolves,76,84,0,2,2349,2619,46.3,40.3
2020-01-30,401170962,New Hampshire Wildcats,Vermont Catamounts,43,56,0,2,160,261,26.3,40.4
2020-01-30,401171436,UNC Asheville Bulldogs,Gardner-Webb Runnin' Bulldogs,56,70,0,2,2427,2241,42.9,50.9
2020-01-30,401171702,James Madison Dukes,Charleston Cougars,68,87,0,2,256,232,39.7,50.8
2020-01-30,401171925,UMBC Retrievers,UAlbany Great Danes,63,67,0,2,2378,399,45.3,39.3
2020-01-30,401172040,Saint Peter's Peacocks,Monmouth Hawks,66,63,0,2,2612,2405,40.8,38.3
2020-01-30,401172870,Boston University Terriers,Loyola Maryland Greyhounds,92,77,0,2,104,2352,53.4,50.9
2020-01-30,401172871,Colgate Raiders,Lafayette Leopards,78,80,0,2,2142,322,38.2,51.7
2020-01-30,401172872,Navy Midshipmen,Holy Cross Crusaders,81,66,0,2,2426,107,56.1,48.8
2020-01-30,401172949,Stephen F. Austin Lumberjacks,Abilene Christian Wildcats,71,61,0,2,2617,2000,50.0,46.5
2020-01-30,401173010,Houston Christian Huskies,Incarnate Word Cardinals,82,84,0,2,2277,2916,46.4,52.5
2020-01-30,401173032,McNeese Cowboys,Nicholls Colonels,80,74,0,2,2377,2447,47.0,37.7
2020-01-30,401173068,LSU New Orleans Privateers,Northwestern State Demons,74,82,0,2,2443,2466,38.1,49.2
2020-01-30,401173223,Central Arkansas Bears,SE Louisiana Lions,88,68,0,2,2110,2545,46.7,46.8
2020-01-30,401173503,Bradley Braves,Valparaiso Beacons,80,69,0,2,71,2674,52.9,39.1
2020-01-30,401173523,Indiana State Sycamores,Drake Bulldogs,58,56,0,2,282,2181,38.0,47.6
2020-01-30,401173546,Illinois State Redbirds,Evansville Purple Aces,77,66,0,2,2287,339,46.7,47.2
2020-01-30,401173602,Southern Illinois Salukis,Loyola Chicago Ramblers,68,63,0,2,79,2350,48.9,44.4
2020-01-30,401173614,Northern Iowa Panthers,Missouri State Bears,95,66,0,2,2460,2623,58.2,41.8
2020-01-30,401173758,Colorado State Rams,Nevada Wolf Pack,92,91,0,2,36,2440,53.6,52.2
2020-01-30,401173759,New Mexico Lobos,San Diego State Aztecs,57,85,0,2,167,21,33.8,58.2
2020-01-30,401173760,Boise State Broncos,San José State Spartans,99,71,0,2,68,23,58.6,45.9
2020-01-30,401174987,Oral Roberts Golden Eagles,South Dakota State Jackrabbits,61,76,0,2,198,2571,32.8,55.4
2020-01-30,401175168,Utah Valley Wolverines,California Baptist Lancers,61,65,0,2,3084,2856,43.1,41.0
2020-01-30,401175362,Samford Bulldogs,Chattanooga Mocs,84,92,0,2,2535,236,50.8,50.0
2020-01-30,401175445,The Citadel Bulldogs,Wofford Terriers,56,79,0,2,2643,2747,33.9,56.9
2020-01-30,401175485,East Tennessee State Buccaneers,Mercer Bears,55,71,0,2,2193,2382,36.7,64.3
2020-01-30,401175576,Furman Paladins,VMI Keydets,74,72,0,2,231,2678,44.3,44.3
2020-01-30,401175797,Western Carolina Catamounts,UNC Greensboro Spartans,58,72,0,2,2717,2430,40.8,40.3
2020-01-30,401176418,Sam Houston Bearkats,Texas A&M-Corpus Christi Islanders,80,61,0,2,2534,357,43.3,38.9
2020-01-30,401176478,Sacred Heart Pioneers,Mount St. Mary's Mountaineers,58,53,0,2,2529,116,45.3,34.0
2020-01-31,401166198,Illinois Fighting Illini,Minnesota Golden Gophers,59,51,0,2,356,135,33.3,31.7
2020-01-31,401166199,Maryland Terrapins,Iowa Hawkeyes,82,72,0,2,120,2294,45.6,36.2
2020-01-31,401166556,Northern Colorado Bears,Idaho State Bengals,83,67,0,2,2458,304,53.7,47.4
2020-01-31,401166557,Portland State Vikings,Montana Grizzlies,88,81,0,2,2502,149,47.5,56.1
2020-01-31,401166558,Southern Utah Thunderbirds,Weber State Wildcats,65,75,0,2,253,2692,35.7,56.0
2020-01-31,401170465,NJIT Highlanders,North Alabama Lions,74,78,0,2,2885,2453,42.4,44.7
2020-01-31,401170466,Jacksonville Dolphins,Florida Gulf Coast Eagles,61,63,0,2,294,526,40.4,39.0
2020-01-31,401170467,Liberty Flames,Kennesaw State Owls,83,45,0,2,2335,338,56.1,37.2
2020-01-31,401170468,North Florida Ospreys,Stetson Hatters,78,65,0,2,2454,56,45.5,41.8
2020-01-31,401170687,California Golden Bears,Oregon Ducks,72,77,0,2,25,2483,48.9,51.9
2020-01-31,401170688,Stanford Cardinal,Oregon State Beavers,63,68,0,2,24,204,42.4,44.2
2020-01-31,401170689,UCLA Bruins,Colorado Buffaloes,72,68,0,2,26,38,38.9,42.2
2020-01-31,401170690,USC Trojans,Utah Utes,56,52,0,2,30,254,37.3,32.7
2020-01-31,401170691,Washington Huskies,Arizona Wildcats,72,75,0,2,264,12,42.4,38.7
2020-01-31,401171028,Campbell Fighting Camels,High Point Panthers,57,62,0,2,2097,2272,37.7,44.2
2020-01-31,401171415,Charleston Southern Buccaneers,Winthrop Eagles,60,77,0,2,2127,2737,40.0,47.7
2020-01-31,401171500,Longwood Lancers,Radford Highlanders,55,67,0,2,2344,2515,31.6,45.8
2020-01-31,401171532,Presbyterian Blue Hose,South Carolina Upstate Spartans,74,77,0,2,2506,2908,50.0,59.2
2020-01-31,401171573,Cal Poly Mustangs,Cal State Fullerton Titans,101,100,0,2,13,2239,57.4,57.4
2020-01-31,401171620,UC Riverside Highlanders,Long Beach State Beach,77,69,0,2,27,299,50.0,41.1
2020-01-31,401171643,UC Davis Aggies,UC Irvine Anteaters,65,80,0,2,302,300,38.6,57.6
2020-01-31,401171684,Cal State Northridge Matadors,UC Santa Barbara Gauchos,79,67,0,2,2463,2540,57.4,44.7
2020-01-31,401171859,Elon Phoenix,Hofstra Pride,63,86,0,2,2210,2275,41.2,52.6
2020-01-31,401172335,Pennsylvania Quakers,Harvard Crimson,75,72,0,2,219,108,49.1,36.3
2020-01-31,401172396,Towson Tigers,UNC Wilmington Seahawks,77,66,0,2,119,350,44.4,37.5
2020-01-31,401172423,William & Mary Tribe,Northeastern Huskies,59,58,0,2,2729,111,37.3,46.2
2020-01-31,401172475,Cleveland State Vikings,IU Indianapolis Jaguars,72,62,0,2,325,85,37.7,36.4
2020-01-31,401172669,Kent State Golden Flashes,Akron Zips,68,67,0,2,2309,2006,42.1,40.0
2020-01-31,401173891,Austin Peay Governors,SIU Edwardsville Cougars,82,58,0,2,2046,2565,49.0,41.8
2020-01-31,401173960,Tennessee Tech Golden Eagles,Belmont Bruins,84,92,0,2,2635,2057,47.5,47.6
2020-01-31,401174053,Murray State Racers,Eastern Illinois Panthers,73,70,0,2,93,2197,50.0,39.4
2020-01-31,401174075,Eastern Kentucky Colonels,UT Martin Skyhawks,99,86,0,2,2198,2630,51.5,47.5
2020-01-31,401174171,Jacksonville State Gamecocks,Tennessee State Tigers,62,72,0,2,55,2634,31.0,48.2
2020-01-31,401174470,Youngstown State Penguins,UIC Flames,83,90,0,2,2754,82,40.5,50.7
2020-01-31,401174816,Arkansas State Red Wolves,App State Mountaineers,64,71,0,2,2032,2026,40.0,50.0
2020-01-31,401174817,Georgia Southern Eagles,Troy Trojans,86,57,0,2,290,2653,51.7,34.9
2020-01-31,401174818,Georgia State Panthers,South Alabama Jaguars,76,73,0,2,2247,6,42.3,42.9
2020-01-31,401174819,Little Rock Trojans,Coastal Carolina Chanticleers,96,79,0,2,2031,324,49.1,37.7
2020-01-31,401174820,Texas State Bobcats,UL Monroe Warhawks,71,51,0,2,326,2433,36.1,38.3
2020-01-31,401174821,UT Arlington Mavericks,Louisiana Ragin' Cajuns,65,66,0,2,250,309,36.9,40.6
2020-01-31,401174988,Denver Pioneers,South Dakota Coyotes,87,93,0,2,2172,233,54.7,48.3
2020-01-31,401174989,Purdue Fort Wayne Mastodons,North Dakota Fighting Hawks,72,68,0,2,2870,155,45.5,43.9
2020-01-31,401174990,Western Illinois Leathernecks,North Dakota State Bison,49,70,0,2,2710,2449,29.7,37.3
2020-01-31,401175079,Morehead State Eagles,Southeast Missouri State Redhawks,90,74,0,2,2413,2546,50.8,43.9
2020-01-31,401175182,BYU Cougars,Pepperdine Waves,107,80,0,2,252,2492,61.2,49.1
2020-01-31,401175260,Santa Clara Broncos,Gonzaga Bulldogs,72,87,0,2,2541,2250,42.6,49.3
2020-01-31,401175261,Pacific Tigers,Loyola Marymount Lions,62,50,0,2,279,2351,47.9,46.5
2020-01-31,401175262,Saint Mary's Gaels,Portland Pilots,86,64,0,2,2608,2501,53.3,48.1
2020-01-31,401175263,San Diego Toreros,San Francisco Dons,44,69,0,2,301,2539,29.6,44.6
2020-01-31,401175591,UT Rio Grande Valley Vaqueros,Grand Canyon Lopes,79,87,0,2,292,2253,46.0,58.0
2020-01-31,401175747,New Mexico State Aggies,Cal State Bakersfield Roadrunners,61,57,0,2,166,2934,42.9,47.1
2020-01-31,401175871,Louisiana Tech Bulldogs,Charlotte 49ers,72,59,0,2,2348,2429,56.3,45.7
2020-01-31,401175909,Florida Atlantic Owls,Western Kentucky Hilltoppers,69,65,0,2,2226,98,43.5,40.0
2020-01-31,401175924,Florida International Panthers,Marshall Thundering Herd,74,84,0,2,2229,276,38.2,50.7
2020-01-31,401175973,Southern Miss Golden Eagles,Old Dominion Monarchs,58,68,0,2,2572,295,35.6,41.5
2020-01-31,401176004,UTEP Miners,Middle Tennessee Blue Raiders,67,66,0,2,2638,2393,41.3,47.1
2020-01-31,401176035,UTSA Roadrunners,UAB Blazers,68,76,0,2,2636,5,42.4,48.3
2020-01-31,401176101,Robert Morris Colonials,Bryant Bulldogs,64,54,0,2,2523,2803,37.3,28.8
2020-01-31,401176475,Saint Francis Red Wolves,Central Connecticut Blue Devils,84,77,0,2,2598,2115,46.2,46.8
2020-01-31,401176476,Wagner Seahawks,Fairleigh Dickinson Knights,63,68,0,2,2681,161,42.9,39.6
2020-01-31,401176477,Merrimack Warriors,St. Francis Brooklyn Terriers,61,50,0,2,2771,2597,40.4,29.4
2020-02-01,401166200,Michigan Wolverines,Rutgers Scarlet Knights,69,63,1,2,130,164,46.8,32.5
2020-02-01,401166203,Ohio State Buckeyes,Indiana Hoosiers,68,59,0,2,194,84,46.4,45.2
2020-02-01,401166204,Wisconsin Badgers,Michigan State Spartans,64,63,0,2,275,127,40.7,39.7
2020-02-01,401166318,LSU Tigers,Ole Miss Rebels,73,63,0,2,99,145,47.9,35.6
2020-02-01,401166319,Georgia Bulldogs,Texas A&M Aggies,63,48,0,2,61,245,40.4,32.2
2020-02-01,401166320,Mississippi State Bulldogs,Tennessee Volunteers,86,73,0,2,344,2633,57.1,46.6
2020-02-01,401166321,South Carolina Gamecocks,Missouri Tigers,76,54,0,2,2579,142,51.0,32.8
2020-02-01,401166322,Auburn Tigers,Kentucky Wildcats,75,66,0,2,2,96,35.3,40.8
2020-02-01,401166323,Alabama Crimson Tide,Arkansas Razorbacks,78,82,0,2,333,8,45.0,47.5
2020-02-01,401166560,Northern Arizona Lumberjacks,Idaho Vandals,77,72,0,2,2464,70,46.0,43.5
2020-02-01,401168305,Butler Bulldogs,Providence Friars,61,65,0,2,2086,2507,40.0,40.4
2020-02-01,401168331,Villanova Wildcats,Creighton Bluejays,61,76,0,2,222,156,36.1,50.9
2020-02-01,401168375,Marquette Golden Eagles,DePaul Blue Demons,76,72,0,2,269,305,40.0,50.0
2020-02-01,401168451,Seton Hall Pirates,Xavier Musketeers,62,74,0,2,2550,2752,36.7,54.5
2020-02-01,401168497,North Carolina Tar Heels,Boston College Eagles,70,71,0,2,153,103,36.1,46.4
2020-02-01,401168513,NC State Wolfpack,Louisville Cardinals,57,77,0,2,152,97,32.8,50.9
2020-02-01,401168525,Virginia Tech Hokies,Florida State Seminoles,63,74,0,2,259,52,43.1,49.1
2020-02-01,401168560,Notre Dame Fighting Irish,Georgia Tech Yellow Jackets,80,72,0,2,87,59,47.1,40.5
2020-02-01,401169557,South Florida Bulls,UCF Knights,64,48,0,2,58,2116,36.2,35.3
2020-02-01,401169558,Memphis Tigers,UConn Huskies,70,63,0,2,235,41,46.7,33.8
2020-02-01,401169559,Cincinnati Bearcats,Houston Cougars,64,62,0,2,2132,248,45.5,35.9
2020-02-01,401169560,Tulsa Golden Hurricane,Wichita State Shockers,54,51,0,2,202,2724,37.2,34.5
2020-02-01,401169562,Temple Owls,East Carolina Pirates,76,64,0,2,218,151,48.9,39.3
2020-02-01,401169723,West Virginia Mountaineers,Kansas State Wildcats,66,57,0,2,277,2306,42.0,36.7
2020-02-01,401169724,Oklahoma Sooners,Oklahoma State Cowboys,82,69,0,2,201,197,50.0,42.2
2020-02-01,401169725,Baylor Bears,TCU Horned Frogs,68,52,0,2,239,2628,41.8,35.8
2020-02-01,401169726,Kansas Jayhawks,Texas Tech Red Raiders,78,75,0,2,2305,2641,51.7,42.6
2020-02-01,401169727,Texas Longhorns,Iowa State Cyclones,72,68,0,2,251,66,52.8,44.1
2020-02-01,401170269,Rhode Island Rams,VCU Rams,87,75,0,2,227,2670,49.1,55.6
2020-02-01,401170270,Dayton Flyers,Fordham Rams,70,56,0,2,2168,2230,45.1,42.3
2020-02-01,401170271,Richmond Spiders,George Washington Revolutionaries,76,54,0,2,257,45,51.7,43.4
2020-02-01,401170272,Saint Joseph's Hawks,Saint Louis Billikens,73,78,0,2,2603,139,43.4,42.6
2020-02-01,401170274,St. Bonaventure Bonnies,George Mason Patriots,74,65,0,2,179,2244,48.1,40.4
2020-02-01,401170469,North Florida Ospreys,Kennesaw State Owls,86,45,0,2,2454,338,50.9,28.6
2020-02-01,401170470,Lipscomb Bisons,Stetson Hatters,53,55,0,2,288,56,38.3,45.8
2020-02-01,401170472,Jacksonville Dolphins,North Alabama Lions,85,83,0,2,294,2453,41.9,42.6
2020-02-01,401170692,California Golden Bears,Oregon State Beavers,69,67,0,2,25,204,50.0,36.5
2020-02-01,401170693,Stanford Cardinal,Oregon Ducks,70,60,0,2,24,2483,42.9,32.8
2020-02-01,401170876,Maine Black Bears,Hartford Hawks,49,55,0,2,311,42,31.0,35.1
2020-02-01,401170942,UMass Lowell River Hawks,New Hampshire Wildcats,77,75,0,2,2349,160,53.2,45.5
2020-02-01,401171029,South Carolina Upstate Spartans,Campbell Fighting Camels,91,74,0,2,2908,2097,51.5,45.1
2020-02-01,401171416,Radford Highlanders,Charleston Southern Buccaneers,77,74,0,2,2515,2127,55.6,38.1
2020-02-01,401171437,Gardner-Webb Runnin' Bulldogs,Longwood Lancers,81,84,0,2,2241,2344,50.0,51.7
2020-02-01,401171459,Hampton Pirates,Presbyterian Blue Hose,87,81,0,2,2261,2506,45.9,43.3
2020-02-01,401171516,Winthrop Eagles,UNC Asheville Bulldogs,104,71,0,2,2737,2427,59.3,42.6
2020-02-01,401171703,Towson Tigers,Charleston Cougars,70,79,0,2,119,232,40.4,52.3
2020-02-01,401171789,Delaware Blue Hens,Drexel Dragons,80,72,0,2,48,2182,51.8,43.8
2020-02-01,401171860,Elon Phoenix,Northeastern Huskies,74,69,0,2,2210,111,61.4,38.6
2020-02-01,401171878,William & Mary Tribe,Hofstra Pride,60,83,0,2,2729,2275,37.3,54.2
2020-02-01,401171943,Canisius Golden Griffins,Quinnipiac Bobcats,73,90,0,2,2099,2514,48.4,61.1
2020-02-01,401171966,Rider Broncs,Fairfield Stags,68,52,0,2,2520,2217,53.2,35.4
2020-02-01,401171987,Iona Gaels,Siena Saints,64,87,0,2,314,2561,40.4,50.0
2020-02-01,401172007,Saint Peter's Peacocks,Manhattan Jaspers,70,53,0,2,2612,2363,39.6,35.1
2020-02-01,401172027,Niagara Purple Eagles,Marist Red Foxes,48,67,0,2,315,2368,34.9,42.9
2020-02-01,401172227,Lafayette Leopards,American University Eagles,82,70,0,2,322,44,49.1,48.4
2020-02-01,401172266,Brown Bears,Cornell Big Red,74,63,0,2,225,172,43.6,44.8
2020-02-01,401172267,Brown Bears,Columbia Lions,72,66,0,2,225,171,39.7,45.2
2020-02-01,401172285,Yale Bulldogs,Columbia Lions,93,62,0,2,43,171,56.7,40.3
2020-02-01,401172322,Princeton Tigers,Dartmouth Big Green,66,44,0,2,163,159,52.8,36.5
2020-02-01,401172323,Pennsylvania Quakers,Dartmouth Big Green,54,46,0,2,219,159,38.5,32.7
2020-02-01,401172344,Princeton Tigers,Harvard Crimson,70,69,0,2,163,108,47.2,48.2
2020-02-01,401172381,James Madison Dukes,UNC Wilmington Seahawks,83,66,0,2,256,350,43.9,40.0
2020-02-01,401172476,Cleveland State Vikings,UIC Flames,62,64,0,2,325,82,40.0,47.9
2020-02-01,401172501,Detroit Mercy Titans,Oakland Golden Grizzlies,64,77,0,2,2174,2473,39.3,44.0
2020-02-01,401172524,Green Bay Phoenix,Northern Kentucky Norse,62,71,0,2,2739,94,33.8,36.1
2020-02-01,401172670,Buffalo Bulls,Bowling Green Falcons,77,78,0,2,2084,189,41.8,43.5
2020-02-01,401172671,Western Michigan Broncos,Central Michigan Chippewas,78,85,0,2,2711,2117,44.1,50.8
2020-02-01,401172672,Northern Illinois Huskies,Miami (OH) RedHawks,70,55,0,2,2459,193,46.3,34.5
2020-02-01,401172673,Ball State Cardinals,Ohio Bobcats,65,54,0,2,2050,195,38.6,35.6
2020-02-01,401172674,Eastern Michigan Eagles,Toledo Rockets,61,57,0,2,2199,2649,46.0,37.5
2020-02-01,401172873,Bucknell Bison,Boston University Terriers,57,77,0,2,2083,104,40.7,55.9
2020-02-01,401172874,Holy Cross Crusaders,Colgate Raiders,64,73,0,2,107,2142,42.2,41.0
2020-02-01,401172875,Loyola Maryland Greyhounds,Navy Midshipmen,79,73,0,2,2352,2426,50.0,45.2
2020-02-01,401172990,McNeese Cowboys,Lamar Cardinals,91,96,0,2,2377,2320,47.1,50.8
2020-02-01,401173069,Northwestern State Demons,Central Arkansas Bears,71,79,0,2,2466,2110,45.0,36.6
2020-02-01,401173224,SE Louisiana Lions,LSU New Orleans Privateers,73,84,0,2,2545,2443,41.0,52.8
2020-02-01,401173239,Sam Houston Bearkats,Stephen F. Austin Lumberjacks,76,81,0,2,2534,2617,46.7,51.0
2020-02-01,401173526,Drake Bulldogs,Southern Illinois Salukis,72,79,0,2,2181,79,46.0,51.1
2020-02-01,401173547,Evansville Purple Aces,Northern Iowa Panthers,68,80,0,2,339,2460,48.1,50.0
2020-02-01,401173587,Missouri State Bears,Indiana State Sycamores,68,78,0,2,2623,282,42.4,54.0
2020-02-01,401173761,San José State Spartans,Wyoming Cowboys,66,71,0,2,23,2751,36.8,47.5
2020-02-01,401173762,Colorado State Rams,UNLV Rebels,95,77,0,2,36,2439,61.5,42.0
2020-02-01,401173763,Fresno State Bulldogs,New Mexico Lobos,82,77,0,2,278,167,56.5,44.4
2020-02-01,401173892,Austin Peay Governors,Eastern Illinois Panthers,68,64,0,2,2046,2197,54.0,53.1
2020-02-01,401173961,Jacksonville State Gamecocks,Belmont Bruins,64,78,0,2,55,2057,50.0,48.2
2020-02-01,401174076,Eastern Kentucky Colonels,Southeast Missouri State Redhawks,70,57,0,2,2198,2546,38.7,36.5
2020-02-01,401174454,Youngstown State Penguins,IU Indianapolis Jaguars,91,76,0,2,2754,85,54.5,49.1
2020-02-01,401174822,Arkansas State Red Wolves,Coastal Carolina Chanticleers,77,83,0,2,2032,324,40.9,51.9
2020-02-01,401174823,Georgia Southern Eagles,South Alabama Jaguars,69,79,0,2,290,6,35.6,51.7
2020-02-01,401174824,Georgia State Panthers,Troy Trojans,78,84,0,2,2247,2653,39.5,46.0
2020-02-01,401174825,Little Rock Trojans,App State Mountaineers,93,86,0,2,2031,2026,60.7,72.7
2020-02-01,401174826,Texas State Bobcats,Louisiana Ragin' Cajuns,71,66,0,2,326,309,37.1,39.7
2020-02-01,401174827,UT Arlington Mavericks,UL Monroe Warhawks,68,54,0,2,250,2433,47.3,40.4
2020-02-01,401175080,Morehead State Eagles,UT Martin Skyhawks,85,77,0,2,2413,2630,50.0,43.9
2020-02-01,401175144,Milwaukee Panthers,Wright State Raiders,61,65,0,2,270,2750,41.0,39.3
2020-02-01,401175169,Seattle U Redhawks,California Baptist Lancers,65,72,0,2,2547,2856,28.4,36.7
2020-02-01,401175264,San Francisco Dons,Gonzaga Bulldogs,79,83,0,2,2539,2250,40.9,54.0
2020-02-01,401175265,Loyola Marymount Lions,Pepperdine Waves,67,68,0,2,2351,2492,52.1,43.4
2020-02-01,401175363,Chattanooga Mocs,Western Carolina Catamounts,61,64,0,2,236,2717,33.8,41.4
2020-02-01,401175446,Mercer Bears,The Citadel Bulldogs,76,71,0,2,2382,2643,50.9,54.2
2020-02-01,401175486,East Tennessee State Buccaneers,UNC Greensboro Spartans,82,65,0,2,2193,2430,55.8,48.2
2020-02-01,401175560,Chicago State Cougars,Kansas City Roos,51,69,0,2,2130,140,39.5,45.7
2020-02-01,401175683,Florida A&M Rattlers,Bethune-Cookman Wildcats,73,67,0,2,50,2065,50.0,36.1
2020-02-01,401175700,Delaware State Hornets,Coppin State Eagles,77,68,0,2,2169,2154,49.2,38.5
2020-02-01,401175762,Howard Bison,Morgan State Bears,83,89,0,2,47,2415,51.0,56.9
2020-02-01,401175785,North Carolina A&T Aggies,Norfolk State Spartans,74,68,0,2,2448,2450,41.7,41.8
2020-02-01,401175838,North Carolina Central Eagles,South Carolina State Bulldogs,73,56,0,2,2428,2569,51.8,38.3
2020-02-01,401175872,Louisiana Tech Bulldogs,Old Dominion Monarchs,76,73,0,2,2348,295,46.0,43.3
2020-02-01,401175910,Florida Atlantic Owls,Marshall Thundering Herd,91,73,0,2,2226,276,50.7,36.2
2020-02-01,401175942,Rice Owls,North Texas Mean Green,84,75,0,2,242,249,61.5,51.0
2020-02-01,401175995,Southern Miss Golden Eagles,Charlotte 49ers,74,68,0,2,2572,2429,50.0,40.9
2020-02-01,401176036,UTSA Roadrunners,Middle Tennessee Blue Raiders,80,83,0,2,2636,2393,50.0,43.3
2020-02-01,401176051,Florida International Panthers,Western Kentucky Hilltoppers,81,76,0,2,2229,98,53.0,41.9
2020-02-01,401176102,Saint Francis Red Wolves,Bryant Bulldogs,84,64,0,2,2598,2803,48.3,38.7
2020-02-01,401176191,Southern Jaguars,Alcorn State Braves,93,82,0,2,2582,2016,60.0,50.8
2020-02-01,401176245,Mississippi Valley State Delta Devils,Jackson State Tigers,65,85,0,2,2400,2296,29.2,46.3
2020-02-01,401176479,Robert Morris Colonials,Central Connecticut Blue Devils,64,57,0,2,2523,2115,41.2,39.6
2020-02-01,401176480,Fairleigh Dickinson Knights,Mount St. Mary's Mountaineers,85,75,0,2,161,116,54.9,41.4
2020-02-01,401176481,Merrimack Warriors,Long Island University Sharks,70,59,0,2,2771,112358,51.0,44.7
2020-02-01,401176482,St. Francis Brooklyn Terriers,Sacred Heart Pioneers,76,83,0,2,2597,2529,42.3,45.3
2020-02-02,401166201,Nebraska Cornhuskers,Penn State Nittany Lions,64,76,0,2,158,213,38.7,44.8
2020-02-02,401166202,Northwestern Wildcats,Purdue Boilermakers,58,61,0,2,77,2509,41.7,42.3
2020-02-02,401166205,Iowa Hawkeyes,Illinois Fighting Illini,72,65,0,2,2294,356,50.0,41.4
2020-02-02,401166324,Vanderbilt Commodores,Florida Gators,55,61,0,2,238,57,37.8,40.7
2020-02-02,401166559,Sacramento State Hornets,Eastern Washington Eagles,54,59,0,2,16,331,39.6,37.3
2020-02-02,401166561,Montana Grizzlies,Montana State Bobcats,78,64,0,2,149,147,50.0,38.3
2020-02-02,401166562,Northern Colorado Bears,Weber State Wildcats,70,52,0,2,2458,2692,52.5,40.4
2020-02-02,401166563,Southern Utah Thunderbirds,Idaho State Bengals,80,75,0,2,253,304,50.0,45.8
2020-02-02,401168362,Syracuse Orange,Duke Blue Devils,88,97,0,2,183,150,38.6,57.4
2020-02-02,401168399,St. John's Red Storm,Georgetown Hoyas,72,73,0,2,2599,46,40.9,41.3
2020-02-02,401168579,Wake Forest Demon Deacons,Clemson Tigers,56,44,0,2,154,228,34.5,30.5
2020-02-02,401168590,Pittsburgh Panthers,Miami Hurricanes,62,57,0,2,221,2390,36.4,38.8
2020-02-02,401169561,SMU Mustangs,Tulane Green Wave,82,67,0,2,2567,2655,50.8,42.4
2020-02-02,401170273,Davidson Wildcats,Massachusetts Minutemen,85,50,0,2,2166,113,72.1,34.5
2020-02-02,401170275,Duquesne Dukes,La Salle Explorers,71,69,0,2,2184,2325,50.9,39.3
2020-02-02,401170471,Liberty Flames,Florida Gulf Coast Eagles,61,46,0,2,2335,526,55.6,40.0
2020-02-02,401170694,USC Trojans,Colorado Buffaloes,57,78,0,2,30,38,37.9,51.9
2020-02-02,401170695,Washington Huskies,Arizona State Sun Devils,83,87,0,2,264,9,38.7,45.6
2020-02-02,401170696,Washington State Cougars,Arizona Wildcats,49,66,0,2,265,12,37.0,39.7
2020-02-02,401170697,UCLA Bruins,Utah Utes,73,57,0,2,26,254,49.0,39.3
2020-02-02,401170981,Stony Brook Seawolves,UMBC Retrievers,74,63,0,2,2619,2378,41.3,43.3
2020-02-02,401170994,UAlbany Great Danes,Vermont Catamounts,75,86,0,2,399,261,45.1,50.8
2020-02-02,401171574,UC Davis Aggies,Cal Poly Mustangs,66,51,0,2,302,13,42.0,36.0
2020-02-02,401171601,UC Irvine Anteaters,Cal State Fullerton Titans,91,61,0,2,300,2239,57.1,37.3
2020-02-02,401171621,Long Beach State Beach,UC Santa Barbara Gauchos,62,87,0,2,299,2540,36.2,45.2
2020-02-02,401171944,Canisius Golden Griffins,Marist Red Foxes,66,65,0,2,2099,2368,45.2,44.2
2020-02-02,401171988,Manhattan Jaspers,Iona Gaels,72,49,0,2,2363,314,41.7,32.6
2020-02-02,401172041,Monmouth Hawks,Rider Broncs,90,84,0,2,2405,2520,43.1,49.2
2020-02-02,401172058,Niagara Purple Eagles,Quinnipiac Bobcats,75,59,0,2,315,2514,53.2,43.4
2020-02-02,401172087,Saint Peter's Peacocks,Siena Saints,85,80,0,2,2612,2561,50.0,48.1
2020-02-02,401172251,Lehigh Mountain Hawks,Army Black Knights,79,80,0,2,2329,349,53.6,51.7
2020-02-02,401172302,Yale Bulldogs,Cornell Big Red,86,71,0,2,43,172,55.6,44.9
2020-02-02,401172525,Green Bay Phoenix,Wright State Raiders,92,89,0,2,2739,2750,54.5,42.3
2020-02-02,401172950,Abilene Christian Wildcats,Incarnate Word Cardinals,72,58,0,2,2000,2916,45.1,47.6
2020-02-02,401173011,Houston Christian Huskies,Texas A&M-Corpus Christi Islanders,82,77,0,2,2277,357,45.6,50.0
2020-02-02,401173504,Loyola Chicago Ramblers,Bradley Braves,62,51,0,2,2350,71,40.9,42.2
2020-02-02,401173567,Valparaiso Beacons,Illinois State Redbirds,80,70,0,2,2674,2287,46.6,37.7
2020-02-02,401173764,Boise State Broncos,Nevada Wolf Pack,73,64,0,2,68,2440,42.3,47.3
2020-02-02,401173765,San Diego State Aztecs,Utah State Aggies,80,68,0,2,21,328,48.1,46.3
2020-02-02,401174421,Hawai'i Rainbow Warriors,Cal State Northridge Matadors,80,75,0,2,62,2463,47.7,52.7
2020-02-02,401174991,Purdue Fort Wayne Mastodons,North Dakota State Bison,60,71,0,2,2870,2449,49.0,47.1
2020-02-02,401174992,Western Illinois Leathernecks,South Dakota State Jackrabbits,61,71,0,2,2710,2571,36.9,52.0
2020-02-02,401174993,Oral Roberts Golden Eagles,Denver Pioneers,86,77,0,2,198,2172,43.5,49.1
2020-02-02,401174994,Omaha Mavericks,South Dakota Coyotes,80,81,0,2,2437,233,48.3,44.1
2020-02-02,401175081,Murray State Racers,SIU Edwardsville Cougars,74,55,0,2,93,2565,47.3,30.6
2020-02-02,401175082,Tennessee Tech Golden Eagles,Tennessee State Tigers,67,72,0,2,2635,2634,31.5,45.5
2020-02-02,401175145,Milwaukee Panthers,Northern Kentucky Norse,56,65,0,2,270,94,35.8,38.2
2020-02-02,401175183,BYU Cougars,Saint Mary's Gaels,81,79,0,2,252,2608,57.9,53.6
2020-02-02,401175266,Pacific Tigers,San Diego Toreros,66,58,0,2,279,301,42.9,36.2
2020-02-02,401175267,Portland Pilots,Santa Clara Broncos,61,85,0,2,2501,2541,40.3,52.5
2020-02-02,401175592,UT Rio Grande Valley Vaqueros,Cal State Bakersfield Roadrunners,70,59,0,2,292,2934,38.0,38.2
2020-02-02,401175748,New Mexico State Aggies,Grand Canyon Lopes,72,52,0,2,166,2253,46.6,36.7
2020-02-02,401176005,UTEP Miners,UAB Blazers,55,69,0,2,2638,5,41.3,54.0
2020-02-02,401176068,Wofford Terriers,Samford Bulldogs,80,56,0,2,2747,2535,49.2,36.8
2020-02-02,401176149,Alabama A&M Bulldogs,Texas Southern Tigers,73,82,0,2,2010,2640,37.0,52.5
2020-02-02,401176230,Arkansas-Pine Bluff Golden Lions,Grambling Tigers,47,49,0,2,2029,2755,34.7,36.6
2020-02-02,401176309,Alabama State Hornets,Prairie View A&M Panthers,52,49,0,2,2011,2504,33.3,35.6
2020-02-04,401166564,Northern Arizona Lumberjacks,Eastern Washington Eagles,66,77,0,2,2464,331,41.1,43.5
2020-02-04,401166565,Sacramento State Hornets,Idaho Vandals,53,67,0,2,16,70,32.4,52.2
2020-02-04,401168498,Florida State Seminoles,North Carolina Tar Heels,65,59,0,2,52,153,41.8,30.9
2020-02-04,401169728,Kansas State Wildcats,Baylor Bears,67,73,0,2,2306,239,45.8,50.0
2020-02-04,401169729,Kansas Jayhawks,Texas Longhorns,69,58,0,2,2305,251,48.1,37.7
2020-02-04,401172876,Bucknell Bison,Lafayette Leopards,62,65,0,2,2083,322,35.5,43.4
2020-02-04,401175701,Howard Bison,Coppin State Eagles,56,64,0,2,47,2154,35.5,46.8
2020-02-04,401175718,Delaware State Hornets,Maryland Eastern Shore Hawks,66,68,0,2,2169,2379,40.7,43.3
2020-02-04,401175786,North Carolina Central Eagles,Norfolk State Spartans,69,63,0,2,2428,2450,50.0,46.2
2020-02-04,401175809,North Carolina A&T Aggies,South Carolina State Bulldogs,78,63,0,2,2448,2569,41.3,41.9
2020-02-04,401176150,Alabama A&M Bulldogs,Prairie View A&M Panthers,54,69,0,2,2010,2504,29.3,41.7
2020-02-04,401176231,Mississippi Valley State Delta Devils,Grambling Tigers,65,90,0,2,2400,2755,39.1,53.7
2020-02-04,401176246,Arkansas-Pine Bluff Golden Lions,Jackson State Tigers,45,49,0,2,2029,2296,39.6,32.7
2020-02-04,401176365,Alabama State Hornets,Texas Southern Tigers,79,55,0,2,2011,2640,43.1,29.8
2020-02-05,401166206,Maryland Terrapins,Rutgers Scarlet Knights,56,51,0,2,120,164,34.0,33.8
2020-02-05,401166207,Michigan Wolverines,Ohio State Buckeyes,58,61,0,2,130,194,33.3,42.1
2020-02-05,401166208,Michigan State Spartans,Penn State Nittany Lions,70,75,0,2,127,213,47.3,41.3
2020-02-05,401166325,Alabama Crimson Tide,Tennessee Volunteers,68,69,0,2,333,2633,45.6,35.5
2020-02-05,401166326,Arkansas Razorbacks,Auburn Tigers,76,79,0,2,8,2,42.4,43.9
2020-02-05,401166327,Kentucky Wildcats,Mississippi State Bulldogs,80,72,0,2,96,344,44.4,36.8
2020-02-05,401166328,Texas A&M Aggies,Missouri Tigers,68,51,0,2,245,142,34.5,30.6
2020-02-05,401168306,Butler Bulldogs,Villanova Wildcats,79,76,0,2,2086,222,57.7,47.3
2020-02-05,401168363,Boston College Eagles,Duke Blue Devils,55,63,0,2,103,150,37.3,37.7
2020-02-05,401168376,DePaul Blue Demons,Xavier Musketeers,59,67,0,2,305,2752,34.3,36.2
2020-02-05,401168551,Georgia Tech Yellow Jackets,Virginia Tech Hokies,76,57,0,2,59,259,52.7,38.2
2020-02-05,401168570,Notre Dame Fighting Irish,Pittsburgh Panthers,80,72,0,2,87,221,46.2,41.9
2020-02-05,401169730,Texas Tech Red Raiders,Oklahoma Sooners,69,61,0,2,2641,201,52.2,44.6
2020-02-05,401170276,Rhode Island Rams,Massachusetts Minutemen,73,67,0,2,227,113,47.3,47.5
2020-02-05,401171967,Fairfield Stags,Monmouth Hawks,55,53,0,2,2217,2405,40.0,31.3
2020-02-05,401172675,Kent State Golden Flashes,Ball State Cardinals,54,62,0,2,2309,2050,38.3,32.8
2020-02-05,401172676,Central Michigan Chippewas,Bowling Green Falcons,92,82,0,2,2117,189,47.5,50.0
2020-02-05,401172677,Eastern Michigan Eagles,Buffalo Bulls,66,62,0,2,2199,2084,42.9,35.5
2020-02-05,401172678,Miami (OH) RedHawks,Western Michigan Broncos,60,64,0,2,193,2711,36.1,46.3
2020-02-05,401172679,Toledo Rockets,Northern Illinois Huskies,61,66,0,2,2649,2459,41.7,47.1
2020-02-05,401173588,Indiana State Sycamores,Loyola Chicago Ramblers,68,39,0,2,282,2350,54.7,33.3
2020-02-05,401173766,Fresno State Bulldogs,Colorado State Rams,70,80,0,2,278,36,44.3,41.3
2020-02-05,401173767,Wyoming Cowboys,Boise State Broncos,62,67,0,2,2751,68,44.9,42.6
2020-02-05,401173768,Nevada Wolf Pack,Air Force Falcons,88,54,0,2,2440,2005,50.8,32.8
2020-02-05,401177958,South Dakota Coyotes,Peru State PERU STATE,106,45,0,2,233,596,67.2,33.3
2020-02-06,401166209,Minnesota Golden Gophers,Wisconsin Badgers,70,52,0,2,135,275,41.0,28.4
2020-02-06,401166210,Purdue Boilermakers,Iowa Hawkeyes,104,68,0,2,2509,2294,63.1,42.6
2020-02-06,401166329,Florida Gators,Georgia Bulldogs,81,75,0,2,57,61,47.5,47.3
2020-02-06,401166330,Ole Miss Rebels,South Carolina Gamecocks,84,70,0,2,145,2579,47.4,41.1
2020-02-06,401166331,Vanderbilt Commodores,LSU Tigers,99,90,0,2,238,99,57.4,46.8
2020-02-06,401168332,Providence Friars,Creighton Bluejays,73,56,0,2,2507,156,49.1,37.1
2020-02-06,401168400,Georgetown Hoyas,Seton Hall Pirates,71,78,0,2,46,2550,33.8,46.8
2020-02-06,401168481,Virginia Cavaliers,Clemson Tigers,51,44,0,2,258,228,37.0,32.7
2020-02-06,401168514,Louisville Cardinals,Wake Forest Demon Deacons,86,76,0,2,97,154,48.0,45.0
2020-02-06,401168585,Miami Hurricanes,NC State Wolfpack,72,83,0,2,2390,152,40.0,50.0
2020-02-06,401169563,Memphis Tigers,Temple Owls,79,65,0,2,235,218,46.0,34.9
2020-02-06,401169731,West Virginia Mountaineers,Iowa State Cyclones,76,61,0,2,277,66,50.0,39.7
2020-02-06,401169732,Oklahoma State Cowboys,TCU Horned Frogs,72,57,0,2,197,2628,42.9,37.0
2020-02-06,401170277,St. Bonaventure Bonnies,George Washington Revolutionaries,72,47,0,2,179,45,49.2,41.9
2020-02-06,401170278,Saint Louis Billikens,Duquesne Dukes,68,82,0,2,139,2184,44.1,47.4
2020-02-06,401170850,UAlbany Great Danes,Binghamton Bearcats,62,49,0,2,399,2066,36.4,29.8
2020-02-06,401170877,UMBC Retrievers,Hartford Hawks,70,59,0,2,2378,42,44.3,37.9
2020-02-06,401170923,Vermont Catamounts,Maine Black Bears,77,52,0,2,261,311,41.0,37.0
2020-02-06,401170943,Stony Brook Seawolves,UMass Lowell River Hawks,77,70,0,2,2619,2349,41.7,38.2
2020-02-06,401171517,UNC Asheville Bulldogs,South Carolina Upstate Spartans,84,71,0,2,2427,2908,50.0,45.3
2020-02-06,401171575,Cal Poly Mustangs,Long Beach State Beach,92,75,0,2,13,299,53.1,43.3
2020-02-06,401171602,Cal State Fullerton Titans,UC Riverside Highlanders,61,48,0,2,2239,27,48.0,43.5
2020-02-06,401172228,Navy Midshipmen,American University Eagles,54,62,0,2,2426,44,42.9,47.9
2020-02-06,401172252,Army Black Knights,Boston University Terriers,66,80,0,2,349,104,47.5,50.9
2020-02-06,401172526,IU Indianapolis Jaguars,Green Bay Phoenix,85,91,0,2,85,2739,41.9,43.5
2020-02-06,401172877,Lehigh Mountain Hawks,Colgate Raiders,51,81,0,2,2329,2142,35.4,43.8
2020-02-06,401172878,Holy Cross Crusaders,Loyola Maryland Greyhounds,60,74,0,2,107,2352,38.8,53.7
2020-02-06,401172951,Northwestern State Demons,Abilene Christian Wildcats,73,69,0,2,2466,2000,44.6,36.2
2020-02-06,401172991,Lamar Cardinals,Central Arkansas Bears,74,67,0,2,2320,2110,41.7,43.5
2020-02-06,401173012,SE Louisiana Lions,Houston Christian Huskies,76,79,0,2,2545,2277,37.2,49.1
2020-02-06,401173033,Texas A&M-Corpus Christi Islanders,McNeese Cowboys,69,62,0,2,357,2377,44.7,44.9
2020-02-06,401173053,Stephen F. Austin Lumberjacks,Nicholls Colonels,70,64,0,2,2617,2447,44.7,43.6
2020-02-06,401173505,Drake Bulldogs,Bradley Braves,73,60,0,2,2181,71,50.0,36.5
2020-02-06,401173548,Evansville Purple Aces,Southern Illinois Salukis,60,64,0,2,339,79,36.1,40.3
2020-02-06,401173568,Missouri State Bears,Illinois State Redbirds,80,60,0,2,2623,2287,51.4,46.7
2020-02-06,401173627,Valparaiso Beacons,Northern Iowa Panthers,51,63,0,2,2674,2460,28.1,37.7
2020-02-06,401173769,Utah State Aggies,UNLV Rebels,69,54,0,2,328,2439,50.0,38.5
2020-02-06,401174995,Omaha Mavericks,North Dakota State Bison,78,86,0,2,2437,2449,45.2,54.2
2020-02-06,401174996,Purdue Fort Wayne Mastodons,Western Illinois Leathernecks,75,69,0,2,2870,2710,47.9,48.9
2020-02-06,401175364,Chattanooga Mocs,East Tennessee State Buccaneers,64,80,0,2,236,2193,44.9,52.5
2020-02-06,401175447,UNC Greensboro Spartans,The Citadel Bulldogs,88,68,0,2,2430,2643,44.6,48.0
2020-02-06,401175577,Furman Paladins,Mercer Bears,79,57,0,2,231,2382,57.1,33.3
2020-02-06,401175911,Florida International Panthers,Florida Atlantic Owls,69,50,0,2,2229,2226,42.6,34.5
2020-02-06,401176069,Samford Bulldogs,Western Carolina Catamounts,70,78,0,2,2535,2717,33.3,46.7
2020-02-06,401176086,VMI Keydets,Wofford Terriers,73,79,0,2,2678,2747,47.4,45.1
2020-02-06,401176419,Incarnate Word Cardinals,Sam Houston Bearkats,72,71,0,2,2916,2534,41.4,42.4
2020-02-07,401166566,Montana Grizzlies,Eastern Washington Eagles,92,82,0,2,149,331,51.7,54.0
2020-02-07,401166567,Montana State Bobcats,Idaho Vandals,72,50,0,2,147,70,60.0,35.6
2020-02-07,401166568,Idaho State Bengals,Northern Arizona Lumberjacks,87,88,0,2,304,2464,49.2,54.5
2020-02-07,401166569,Weber State Wildcats,Sacramento State Hornets,70,66,0,2,2692,16,53.5,41.8
2020-02-07,401166570,Southern Utah Thunderbirds,Northern Colorado Bears,60,68,0,2,253,2458,41.7,47.1
2020-02-07,401169564,East Carolina Pirates,UCF Knights,64,68,0,2,151,2116,41.1,48.0
2020-02-07,401169565,Tulsa Golden Hurricane,UConn Huskies,56,72,0,2,202,41,41.3,51.9
2020-02-07,401169566,Wichita State Shockers,Cincinnati Bearcats,79,80,0,2,2724,2132,48.5,54.5
2020-02-07,401169567,Houston Cougars,Tulane Green Wave,75,62,0,2,248,2655,53.6,36.5
2020-02-07,401170473,Florida Gulf Coast Eagles,Stetson Hatters,62,65,0,2,526,56,42.0,42.3
2020-02-07,401170474,NJIT Highlanders,North Florida Ospreys,75,82,0,2,2885,2454,40.9,51.0
2020-02-07,401170475,North Alabama Lions,Lipscomb Bisons,71,73,0,2,2453,288,42.4,44.8
2020-02-07,401170476,Jacksonville Dolphins,Liberty Flames,62,71,0,2,294,2335,47.1,49.2
2020-02-07,401170698,Arizona Wildcats,USC Trojans,85,80,0,2,12,30,45.6,50.0
2020-02-07,401170699,Arizona State Sun Devils,UCLA Bruins,84,66,0,2,9,26,50.0,37.9
2020-02-07,401170700,Colorado Buffaloes,California Golden Bears,71,65,0,2,38,25,48.0,55.6
2020-02-07,401170701,Utah Utes,Stanford Cardinal,64,56,0,2,254,24,36.8,35.4
2020-02-07,401171030,Winthrop Eagles,Campbell Fighting Camels,62,53,0,2,2737,2097,35.6,40.4
2020-02-07,401171417,Longwood Lancers,Charleston Southern Buccaneers,71,63,0,2,2344,2127,41.1,44.9
2020-02-07,401171438,Presbyterian Blue Hose,Gardner-Webb Runnin' Bulldogs,65,61,0,2,2506,2241,40.8,36.4
2020-02-07,401171460,High Point Panthers,Hampton Pirates,88,85,0,2,2272,2261,46.8,49.2
2020-02-07,401171644,UC Irvine Anteaters,UC Davis Aggies,83,72,0,2,300,302,51.6,45.5
2020-02-07,401171685,UC Santa Barbara Gauchos,Hawai'i Rainbow Warriors,76,66,0,2,2540,62,55.8,45.3
2020-02-07,401171704,Charleston Cougars,William & Mary Tribe,68,50,0,2,232,2729,47.4,33.3
2020-02-07,401171790,Drexel Dragons,James Madison Dukes,78,67,0,2,2182,256,47.5,40.0
2020-02-07,401171815,Delaware Blue Hens,Towson Tigers,84,78,0,2,48,119,47.8,47.4
2020-02-07,401171861,UNC Wilmington Seahawks,Elon Phoenix,56,62,0,2,350,2210,36.2,34.6
2020-02-07,401172502,Wright State Raiders,Detroit Mercy Titans,98,86,0,2,2750,2174,57.6,45.5
2020-02-07,401173192,Yale Bulldogs,Harvard Crimson,77,78,0,2,43,108,45.5,54.4
2020-02-07,401173893,Tennessee State Tigers,Austin Peay Governors,70,68,0,2,2634,2046,52.8,34.4
2020-02-07,401173962,Belmont Bruins,Murray State Racers,71,64,0,2,2057,93,45.3,39.3
2020-02-07,401174054,Eastern Illinois Panthers,Eastern Kentucky Colonels,84,91,0,2,2197,2198,45.6,50.0
2020-02-07,401174172,Southeast Missouri State Redhawks,Jacksonville State Gamecocks,76,72,0,2,2546,55,56.9,39.7
2020-02-07,401174471,UIC Flames,Milwaukee Panthers,57,74,0,2,82,270,36.2,50.0
2020-02-07,401174828,App State Mountaineers,UT Arlington Mavericks,57,50,0,2,2026,250,44.2,36.2
2020-02-07,401174829,Coastal Carolina Chanticleers,Texas State Bobcats,63,100,0,2,324,326,37.5,62.5
2020-02-07,401174830,Louisiana Ragin' Cajuns,Georgia State Panthers,80,78,0,2,309,2247,42.9,46.7
2020-02-07,401174831,UL Monroe Warhawks,Georgia Southern Eagles,65,67,0,2,2433,290,52.1,44.4
2020-02-07,401174997,North Dakota Fighting Hawks,Oral Roberts Golden Eagles,74,68,0,2,155,198,48.1,49.1
2020-02-07,401175083,UT Martin Skyhawks,Tennessee Tech Golden Eagles,74,62,0,2,2630,2635,50.0,39.1
2020-02-07,401175084,SIU Edwardsville Cougars,Morehead State Eagles,49,58,0,2,2565,2413,30.4,40.7
2020-02-07,401175146,Northern Kentucky Norse,Oakland Golden Grizzlies,73,70,0,2,94,2473,38.9,48.1
2020-02-07,401175170,California Baptist Lancers,Cal State Bakersfield Roadrunners,74,69,0,2,2856,2934,41.1,52.9
2020-02-07,401175184,Portland Pilots,BYU Cougars,54,85,0,2,2501,252,28.1,50.9
2020-02-07,401175268,Gonzaga Bulldogs,Loyola Marymount Lions,85,67,0,2,2250,2351,60.0,49.1
2020-02-07,401175269,San Francisco Dons,Pacific Tigers,48,60,0,2,2539,279,27.6,41.5
2020-02-07,401175270,Pepperdine Waves,Santa Clara Broncos,91,77,0,2,2492,2541,50.0,45.0
2020-02-07,401175271,San Diego Toreros,Saint Mary's Gaels,60,66,0,2,301,2608,44.0,39.3
2020-02-07,401175561,Kansas City Roos,UT Rio Grande Valley Vaqueros,60,73,0,2,140,292,39.6,52.5
2020-02-07,401175749,Chicago State Cougars,New Mexico State Aggies,49,71,0,2,2130,166,46.2,46.0
2020-02-07,401175893,Western Kentucky Hilltoppers,Louisiana Tech Bulldogs,65,54,0,2,98,2348,44.4,41.8
2020-02-07,401175925,Marshall Thundering Herd,Southern Miss Golden Eagles,72,58,0,2,276,2572,40.0,42.1
2020-02-07,401175943,Middle Tennessee Blue Raiders,North Texas Mean Green,70,75,0,2,2393,249,44.8,51.9
2020-02-07,401175974,Old Dominion Monarchs,UTSA Roadrunners,81,85,0,2,295,2636,38.8,42.3
2020-02-07,401175985,UAB Blazers,Rice Owls,72,86,0,2,5,242,52.8,52.7
2020-02-07,401176006,Charlotte 49ers,UTEP Miners,68,64,0,2,2429,2638,55.1,42.1
2020-02-07,401176103,Bryant Bulldogs,St. Francis Brooklyn Terriers,73,60,0,2,2803,2597,46.9,33.3
2020-02-07,401176483,Fairleigh Dickinson Knights,Merrimack Warriors,53,57,0,2,161,2771,35.7,41.2
2020-02-07,401176484,Long Island University Sharks,Mount St. Mary's Mountaineers,63,67,0,2,112358,116,40.7,44.0
2020-02-07,401176485,Wagner Seahawks,Robert Morris Colonials,62,67,0,2,2681,2523,58.5,40.8
2020-02-07,401176486,Sacred Heart Pioneers,Saint Francis Red Wolves,68,70,0,2,2529,2598,45.5,40.9
2020-02-08,401166211,Illinois Fighting Illini,Maryland Terrapins,66,75,0,2,356,120,36.1,46.4
2020-02-08,401166212,Indiana Hoosiers,Purdue Boilermakers,62,74,0,2,84,2509,43.1,48.1
2020-02-08,401166213,Iowa Hawkeyes,Nebraska Cornhuskers,96,72,0,2,2294,158,48.6,42.4
2020-02-08,401166214,Michigan Wolverines,Michigan State Spartans,77,68,0,2,130,127,37.5,33.3
2020-02-08,401166215,Penn State Nittany Lions,Minnesota Golden Gophers,83,77,0,2,213,135,50.0,43.3
2020-02-08,401166332,Auburn Tigers,LSU Tigers,91,90,0,2,2,99,40.5,47.0
2020-02-08,401166333,Tennessee Volunteers,Kentucky Wildcats,64,77,0,2,2633,96,34.5,54.3
2020-02-08,401166334,South Carolina Gamecocks,Texas A&M Aggies,74,54,0,2,2579,245,39.0,27.3
2020-02-08,401166335,Ole Miss Rebels,Florida Gators,68,51,0,2,145,57,47.3,33.3
2020-02-08,401166336,Missouri Tigers,Arkansas Razorbacks,83,79,0,2,142,8,38.3,38.7
2020-02-08,401166337,Georgia Bulldogs,Alabama Crimson Tide,102,105,0,2,61,333,49.4,52.8
2020-02-08,401166571,Eastern Washington Eagles,Montana State Bobcats,74,49,0,2,331,147,44.4,22.4
2020-02-08,401166575,Southern Utah Thunderbirds,Portland State Vikings,85,57,0,2,253,2502,48.3,25.4
2020-02-08,401168333,Creighton Bluejays,St. John's Red Storm,94,82,0,2,156,2599,60.3,41.9
2020-02-08,401168364,North Carolina Tar Heels,Duke Blue Devils,96,98,0,2,153,150,52.2,42.5
2020-02-08,401168377,Georgetown Hoyas,DePaul Blue Demons,76,72,0,2,46,305,44.8,44.4
2020-02-08,401168452,Villanova Wildcats,Seton Hall Pirates,64,70,0,2,222,2550,36.1,41.4
2020-02-08,401168482,Louisville Cardinals,Virginia Cavaliers,80,73,0,2,97,258,51.0,53.1
2020-02-08,401168526,Florida State Seminoles,Miami Hurricanes,99,81,0,2,52,2390,53.0,40.6
2020-02-08,401168552,Virginia Tech Hokies,Boston College Eagles,73,77,0,2,259,103,43.9,43.4
2020-02-08,401168561,Pittsburgh Panthers,Georgia Tech Yellow Jackets,73,64,0,2,221,59,42.1,48.0
2020-02-08,401169568,Temple Owls,SMU Mustangs,97,90,0,2,218,2567,59.3,44.8
2020-02-08,401169569,Memphis Tigers,South Florida Bulls,73,75,0,2,235,58,48.1,43.1
2020-02-08,401169570,Tulane Green Wave,East Carolina Pirates,67,81,0,2,2655,151,37.7,52.7
2020-02-08,401169733,TCU Horned Frogs,Kansas Jayhawks,46,60,0,2,2628,2305,35.2,41.4
2020-02-08,401169734,Oklahoma Sooners,West Virginia Mountaineers,69,59,0,2,201,277,44.9,31.6
2020-02-08,401169735,Texas Longhorns,Texas Tech Red Raiders,57,62,0,2,251,2641,35.5,46.7
2020-02-08,401169736,Baylor Bears,Oklahoma State Cowboys,78,70,0,2,239,197,42.4,47.1
2020-02-08,401170279,VCU Rams,Davidson Wildcats,73,62,0,2,2670,2166,40.4,39.1
2020-02-08,401170280,George Washington Revolutionaries,Rhode Island Rams,51,82,0,2,45,227,29.1,51.8
2020-02-08,401170281,Dayton Flyers,Saint Louis Billikens,71,65,0,2,2168,139,48.9,49.0
2020-02-08,401170282,Duquesne Dukes,St. Bonaventure Bonnies,80,83,0,2,2184,179,43.6,49.2
2020-02-08,401170283,La Salle Explorers,Saint Joseph's Hawks,83,66,0,2,2325,2603,45.0,36.2
2020-02-08,401170284,Fordham Rams,Richmond Spiders,53,59,0,2,2230,257,39.2,36.7
2020-02-08,401170478,North Alabama Lions,Liberty Flames,56,74,0,2,2453,2335,32.8,49.0
2020-02-08,401170479,Kennesaw State Owls,Lipscomb Bisons,66,72,0,2,338,288,39.3,50.0
2020-02-08,401170480,NJIT Highlanders,Jacksonville Dolphins,54,65,0,2,2885,294,35.1,39.0
2020-02-08,401170704,Colorado Buffaloes,Stanford Cardinal,81,74,0,2,38,24,48.8,41.4
2020-02-08,401170851,Binghamton Bearcats,Maine Black Bears,75,82,0,2,2066,311,35.8,58.8
2020-02-08,401170944,UMass Lowell River Hawks,UMBC Retrievers,50,60,0,2,2349,2378,30.6,42.3
2020-02-08,401170963,New Hampshire Wildcats,Stony Brook Seawolves,81,64,0,2,160,2619,44.3,28.8
2020-02-08,401171031,Campbell Fighting Camels,Presbyterian Blue Hose,79,62,0,2,2097,2506,56.6,45.7
2020-02-08,401171418,Charleston Southern Buccaneers,Hampton Pirates,85,72,0,2,2127,2261,50.8,45.0
2020-02-08,401171439,South Carolina Upstate Spartans,Gardner-Webb Runnin' Bulldogs,57,88,0,2,2908,2241,29.5,56.5
2020-02-08,401171501,Longwood Lancers,Winthrop Eagles,68,70,0,2,2344,2737,40.4,49.0
2020-02-08,401171705,Charleston Cougars,Elon Phoenix,65,72,0,2,232,2210,37.7,35.8
2020-02-08,401171791,Drexel Dragons,Towson Tigers,69,76,0,2,2182,119,45.0,44.1
2020-02-08,401171816,Delaware Blue Hens,James Madison Dukes,80,78,0,2,48,256,43.9,44.4
2020-02-08,401171879,Hofstra Pride,Northeastern Huskies,75,71,0,2,2275,111,40.0,45.6
2020-02-08,401171945,Rider Broncs,Canisius Golden Griffins,61,60,0,2,2520,2099,42.9,44.2
2020-02-08,401171968,Siena Saints,Fairfield Stags,65,49,0,2,2561,2217,46.0,30.2
2020-02-08,401171989,Quinnipiac Bobcats,Iona Gaels,52,73,0,2,2514,314,32.2,43.3
2020-02-08,401172008,Manhattan Jaspers,Niagara Purple Eagles,77,59,0,2,2363,315,42.9,39.6
2020-02-08,401172028,Marist Red Foxes,Saint Peter's Peacocks,72,61,0,2,2368,2612,45.5,41.5
2020-02-08,401172229,American University Eagles,Army Black Knights,72,62,0,2,44,349,39.3,37.7
2020-02-08,401172268,Brown Bears,Dartmouth Big Green,67,65,0,2,225,159,39.6,54.0
2020-02-08,401172269,Brown Bears,Harvard Crimson,72,71,0,2,225,108,42.6,45.6
2020-02-08,401172477,Youngstown State Penguins,Cleveland State Vikings,67,55,0,2,2754,325,42.9,44.9
2020-02-08,401172527,UIC Flames,Green Bay Phoenix,71,58,0,2,82,2739,50.0,37.5
2020-02-08,401172680,Akron Zips,Eastern Michigan Eagles,59,58,0,2,2006,2199,34.6,50.0
2020-02-08,401172682,Western Michigan Broncos,Ball State Cardinals,68,64,0,2,2711,2050,61.9,41.4
2020-02-08,401172683,Buffalo Bulls,Central Michigan Chippewas,65,60,0,2,2084,2117,44.3,35.7
2020-02-08,401172684,Bowling Green Falcons,Toledo Rockets,85,83,0,2,189,2649,48.4,49.1
2020-02-08,401172745,Ohio Bobcats,Miami (OH) RedHawks,77,46,0,2,195,193,48.1,26.3
2020-02-08,401172879,Boston University Terriers,Holy Cross Crusaders,77,68,0,2,104,107,50.0,45.6
2020-02-08,401172880,Lafayette Leopards,Lehigh Mountain Hawks,59,62,0,2,322,2329,37.0,33.9
2020-02-08,401172881,Colgate Raiders,Navy Midshipmen,67,60,0,2,2142,2426,43.4,37.5
2020-02-08,401172882,Loyola Maryland Greyhounds,Bucknell Bison,78,65,0,2,2352,2083,52.5,31.3
2020-02-08,401173034,McNeese Cowboys,Central Arkansas Bears,76,82,0,2,2377,2110,40.0,41.4
2020-02-08,401173054,Nicholls Colonels,Sam Houston Bearkats,88,82,0,2,2447,2534,50.0,49.1
2020-02-08,401173225,Incarnate Word Cardinals,SE Louisiana Lions,82,75,0,2,2916,2545,48.2,44.6
2020-02-08,401173240,Stephen F. Austin Lumberjacks,LSU New Orleans Privateers,81,74,0,2,2617,2443,50.0,46.8
2020-02-08,401173527,Northern Iowa Panthers,Drake Bulldogs,83,73,0,2,2460,2181,50.0,50.0
2020-02-08,401173774,New Mexico Lobos,Wyoming Cowboys,97,68,0,2,167,2751,50.7,42.9
2020-02-08,401173894,Belmont Bruins,Austin Peay Governors,71,63,0,2,2057,2046,44.9,41.7
2020-02-08,401174055,Eastern Illinois Panthers,Morehead State Eagles,71,65,0,2,2197,2413,43.5,35.3
2020-02-08,401174077,SIU Edwardsville Cougars,Eastern Kentucky Colonels,83,75,0,2,2565,2198,47.3,30.4
2020-02-08,401174193,UT Martin Skyhawks,Jacksonville State Gamecocks,61,75,0,2,2630,55,36.1,53.2
2020-02-08,401174455,IU Indianapolis Jaguars,Milwaukee Panthers,79,80,0,2,85,270,32.9,43.5
2020-02-08,401174832,App State Mountaineers,Texas State Bobcats,60,57,0,2,2026,326,42.0,44.6
2020-02-08,401174833,Coastal Carolina Chanticleers,UT Arlington Mavericks,89,75,0,2,324,250,47.0,42.6
2020-02-08,401174834,Little Rock Trojans,Arkansas State Red Wolves,90,87,0,2,2031,2032,43.1,51.8
2020-02-08,401174836,Troy Trojans,South Alabama Jaguars,66,70,0,2,2653,6,41.7,45.8
2020-02-08,401174837,UL Monroe Warhawks,Georgia State Panthers,69,77,0,2,2433,2247,41.1,42.1
2020-02-08,401174998,Denver Pioneers,Purdue Fort Wayne Mastodons,63,70,0,2,2172,2870,44.2,41.8
2020-02-08,401174999,North Dakota Fighting Hawks,South Dakota Coyotes,68,82,0,2,155,233,45.3,49.1
2020-02-08,401175000,South Dakota State Jackrabbits,Omaha Mavericks,81,64,0,2,2571,2437,51.7,36.7
2020-02-08,401175001,North Dakota State Bison,Oral Roberts Golden Eagles,83,76,0,2,2449,198,52.9,41.8
2020-02-08,401175085,Southeast Missouri State Redhawks,Tennessee Tech Golden Eagles,60,62,0,2,2546,2635,43.4,44.7
2020-02-08,401175448,The Citadel Bulldogs,VMI Keydets,64,75,0,2,2643,2678,40.4,46.6
2020-02-08,401175487,Mercer Bears,East Tennessee State Buccaneers,60,73,0,2,2382,2193,35.7,50.0
2020-02-08,401175545,Utah Valley Wolverines,Seattle U Redhawks,85,87,0,2,3084,2547,47.5,44.4
2020-02-08,401175578,Western Carolina Catamounts,Furman Paladins,73,82,0,2,2717,231,46.3,50.0
2020-02-08,401175633,Chicago State Cougars,UT Rio Grande Valley Vaqueros,64,75,0,2,2130,292,44.2,51.2
2020-02-08,401175684,Bethune-Cookman Wildcats,North Carolina A&T Aggies,78,73,0,2,2065,2448,42.9,37.1
2020-02-08,401175702,Coppin State Eagles,North Carolina Central Eagles,63,68,0,2,2154,2428,41.8,43.1
2020-02-08,401175719,Norfolk State Spartans,Delaware State Hornets,85,57,0,2,2450,2169,44.3,33.3
2020-02-08,401175734,Florida A&M Rattlers,Howard Bison,82,78,0,2,50,47,39.4,50.9
2020-02-08,401175777,Morgan State Bears,Maryland Eastern Shore Hawks,61,53,0,2,2415,2379,44.7,32.2
2020-02-08,401175912,Florida Atlantic Owls,Florida International Panthers,59,66,0,2,2226,2229,38.5,52.9
2020-02-08,401175944,UAB Blazers,North Texas Mean Green,64,71,0,2,5,249,45.7,55.8
2020-02-08,401175986,Middle Tennessee Blue Raiders,Rice Owls,83,91,0,2,2393,242,42.2,52.8
2020-02-08,401176037,Charlotte 49ers,UTSA Roadrunners,91,84,0,2,2429,2636,51.9,39.7
2020-02-08,401176104,Bryant Bulldogs,Central Connecticut Blue Devils,64,60,0,2,2803,2115,33.8,41.5
2020-02-08,401176192,Jackson State Tigers,Alcorn State Braves,86,57,0,2,2296,2016,53.6,34.4
2020-02-08,401176232,Grambling Tigers,Southern Jaguars,66,62,0,2,2755,2582,48.8,35.5
2020-02-08,401176299,Mississippi Valley State Delta Devils,Alabama State Hornets,74,87,0,2,2400,2011,38.4,48.5
2020-02-08,401176310,Prairie View A&M Panthers,Texas Southern Tigers,69,59,0,2,2504,2640,50.0,49.0
2020-02-08,401176487,Long Island University Sharks,Merrimack Warriors,67,64,0,2,112358,2771,38.9,39.4
2020-02-08,401176488,St. Francis Brooklyn Terriers,Mount St. Mary's Mountaineers,70,67,0,2,2597,116,49.1,33.9
2020-02-08,401176489,Sacred Heart Pioneers,Robert Morris Colonials,58,61,0,2,2529,2523,36.0,41.8
2020-02-08,401176490,Wagner Seahawks,Saint Francis Red Wolves,68,85,0,2,2681,2598,41.0,55.6
2020-02-08,401209156,Northern Illinois Huskies,Kent State Golden Flashes,57,54,0,2,2459,2309,40.4,36.7
2020-02-08,401210693,Columbia Lions,Pennsylvania Quakers,67,76,0,2,171,219,40.3,51.8
2020-02-08,401210694,Cornell Big Red,Princeton Tigers,73,62,0,2,172,163,49.1,43.1
2020-02-09,401166216,Rutgers Scarlet Knights,Northwestern Wildcats,77,73,0,2,164,77,45.6,42.4
2020-02-09,401166217,Wisconsin Badgers,Ohio State Buckeyes,70,57,0,2,275,194,41.4,36.7
2020-02-09,401166338,Mississippi State Bulldogs,Vanderbilt Commodores,80,70,0,2,344,238,52.8,39.7
2020-02-09,401166572,Idaho Vandals,Montana Grizzlies,71,82,0,2,70,149,52.3,57.1
2020-02-09,401166573,Idaho State Bengals,Sacramento State Hornets,59,63,0,2,304,16,44.4,44.3
2020-02-09,401166574,Weber State Wildcats,Northern Arizona Lumberjacks,76,70,0,2,2692,2464,48.3,41.7
2020-02-09,401168307,Marquette Golden Eagles,Butler Bulldogs,76,57,0,2,269,2086,43.1,38.3
2020-02-09,401168436,Xavier Musketeers,Providence Friars,64,58,0,2,2752,2507,43.6,42.1
2020-02-09,401168541,Syracuse Orange,Wake Forest Demon Deacons,75,73,0,2,183,154,39.3,37.7
2020-02-09,401168571,Clemson Tigers,Notre Dame Fighting Irish,57,61,0,2,228,87,35.7,42.0
2020-02-09,401169571,UCF Knights,Tulsa Golden Hurricane,83,75,0,2,2116,202,55.6,46.6
2020-02-09,401169572,Houston Cougars,Wichita State Shockers,76,43,0,2,248,2724,50.0,26.4
2020-02-09,401169573,UConn Huskies,Cincinnati Bearcats,72,71,0,2,41,2132,36.4,40.9
2020-02-09,401169737,Iowa State Cyclones,Kansas State Wildcats,73,63,0,2,66,2306,45.3,37.9
2020-02-09,401170285,Massachusetts Minutemen,George Mason Patriots,69,67,0,2,113,2244,51.8,47.7
2020-02-09,401170477,Florida Gulf Coast Eagles,North Florida Ospreys,60,69,0,2,526,2454,42.9,44.6
2020-02-09,401170702,Arizona Wildcats,UCLA Bruins,52,65,0,2,12,26,25.4,51.1
2020-02-09,401170703,Arizona State Sun Devils,USC Trojans,66,64,0,2,9,30,31.3,41.8
2020-02-09,401170705,Oregon State Beavers,Oregon Ducks,63,53,0,2,204,2483,45.1,40.0
2020-02-09,401170706,Utah Utes,California Golden Bears,60,45,0,2,254,25,45.3,32.0
2020-02-09,401170707,Washington State Cougars,Washington Huskies,79,67,0,2,265,264,38.3,42.4
2020-02-09,401170878,Hartford Hawks,Vermont Catamounts,68,69,0,2,42,261,45.3,47.1
2020-02-09,401171480,High Point Panthers,Radford Highlanders,70,81,0,2,2272,2515,40.0,60.5
2020-02-09,401171576,Cal Poly Mustangs,Hawai'i Rainbow Warriors,79,75,0,2,13,62,44.6,37.3
2020-02-09,401171603,Cal State Fullerton Titans,UC Davis Aggies,81,87,0,2,2239,302,45.5,52.5
2020-02-09,401171665,UC Santa Barbara Gauchos,UC Irvine Anteaters,64,61,0,2,2540,300,43.5,42.4
2020-02-09,401171969,Fairfield Stags,Iona Gaels,54,78,0,2,2217,314,36.0,57.4
2020-02-09,401172009,Quinnipiac Bobcats,Manhattan Jaspers,63,65,0,2,2514,2363,42.2,42.9
2020-02-09,401172042,Monmouth Hawks,Saint Peter's Peacocks,69,81,0,2,2405,2612,36.2,44.6
2020-02-09,401172059,Rider Broncs,Niagara Purple Eagles,73,58,0,2,2520,315,54.5,33.3
2020-02-09,401172287,Columbia Lions,Princeton Tigers,74,81,0,2,171,163,52.5,54.7
2020-02-09,401172304,Cornell Big Red,Pennsylvania Quakers,73,79,0,2,172,219,45.9,53.6
2020-02-09,401172324,Yale Bulldogs,Dartmouth Big Green,75,57,0,2,43,159,50.0,43.1
2020-02-09,401172397,UNC Wilmington Seahawks,William & Mary Tribe,70,64,0,2,350,2729,48.1,50.0
2020-02-09,401172503,Northern Kentucky Norse,Detroit Mercy Titans,84,65,0,2,94,2174,45.2,44.7
2020-02-09,401172952,Abilene Christian Wildcats,Lamar Cardinals,84,49,0,2,2000,2320,51.7,26.3
2020-02-09,401173013,Houston Christian Huskies,Northwestern State Demons,79,93,0,2,2277,2466,41.5,50.7
2020-02-09,401173506,Bradley Braves,Evansville Purple Aces,69,58,0,2,71,339,49.0,39.7
2020-02-09,401173569,Illinois State Redbirds,Indiana State Sycamores,74,67,0,2,2287,282,43.1,35.2
2020-02-09,401173603,Loyola Chicago Ramblers,Valparaiso Beacons,70,68,0,2,2350,2674,58.7,50.9
2020-02-09,401173615,Southern Illinois Salukis,Missouri State Bears,68,66,0,2,79,2623,41.8,46.6
2020-02-09,401173770,Nevada Wolf Pack,San José State Spartans,95,77,0,2,2440,23,47.9,41.0
2020-02-09,401173771,UNLV Rebels,Fresno State Bulldogs,68,67,0,2,2439,278,39.7,45.1
2020-02-09,401173772,Air Force Falcons,San Diego State Aztecs,74,89,0,2,2005,21,46.4,55.8
2020-02-09,401173773,Utah State Aggies,Boise State Broncos,70,61,0,2,328,68,38.0,35.5
2020-02-09,401174422,Cal State Northridge Matadors,UC Riverside Highlanders,61,59,0,2,2463,27,37.9,38.2
2020-02-09,401174835,Louisiana Ragin' Cajuns,Georgia Southern Eagles,79,86,0,2,309,290,48.3,58.2
2020-02-09,401175086,Tennessee State Tigers,Murray State Racers,65,73,0,2,2634,93,39.2,48.1
2020-02-09,401175147,Wright State Raiders,Oakland Golden Grizzlies,83,71,0,2,2750,2473,51.9,41.7
2020-02-09,401175171,California Baptist Lancers,Grand Canyon Lopes,98,103,0,2,2856,2253,47.1,62.7
2020-02-09,401175185,BYU Cougars,San Francisco Dons,90,76,0,2,252,2539,55.6,47.4
2020-02-09,401175272,Saint Mary's Gaels,Gonzaga Bulldogs,60,90,0,2,2608,2250,43.1,67.9
2020-02-09,401175273,Pacific Tigers,Pepperdine Waves,79,78,0,2,279,2492,46.6,47.5
2020-02-09,401175274,San Diego Toreros,Portland Pilots,88,81,0,2,301,2501,44.9,45.2
2020-02-09,401175365,Wofford Terriers,Chattanooga Mocs,77,84,0,2,2747,236,58.0,60.0
2020-02-09,401175562,Kansas City Roos,New Mexico State Aggies,61,67,0,2,140,166,50.0,50.0
2020-02-09,401175798,UNC Greensboro Spartans,Samford Bulldogs,95,67,0,2,2430,2535,43.5,40.4
2020-02-09,401175894,Marshall Thundering Herd,Louisiana Tech Bulldogs,83,79,0,2,276,2348,47.7,45.8
2020-02-09,401175975,Old Dominion Monarchs,UTEP Miners,72,53,0,2,295,2638,41.9,38.2
2020-02-09,401175996,Western Kentucky Hilltoppers,Southern Miss Golden Eagles,75,72,0,2,98,2572,42.4,43.8
2020-02-09,401176151,Arkansas-Pine Bluff Golden Lions,Alabama A&M Bulldogs,54,58,0,2,2029,2010,39.1,42.5
2020-02-10,401171419,South Carolina Upstate Spartans,Charleston Southern Buccaneers,66,52,0,2,2908,2127,41.8,33.9
2020-02-11,401166220,Purdue Boilermakers,Penn State Nittany Lions,76,88,0,2,2509,213,45.9,51.9
2020-02-11,401168365,Duke Blue Devils,Florida State Seminoles,70,65,0,2,150,52,45.1,37.9
2020-02-11,401169738,Texas Tech Red Raiders,TCU Horned Frogs,88,42,0,2,2641,2628,60.4,26.7
2020-02-11,401169739,Texas Longhorns,Baylor Bears,45,52,0,2,251,239,30.5,34.0
2020-02-11,401170062,Northern Colorado Bears,Portland State Vikings,71,83,0,2,2458,2502,41.3,57.1
2020-02-11,401171032,Longwood Lancers,Campbell Fighting Camels,57,56,0,2,2344,2097,42.3,45.2
2020-02-11,401171440,Gardner-Webb Runnin' Bulldogs,High Point Panthers,86,55,0,2,2241,2272,42.2,41.2
2020-02-11,401171461,Hampton Pirates,UNC Asheville Bulldogs,80,70,0,2,2261,2427,47.6,43.9
2020-02-11,401171544,Winthrop Eagles,Radford Highlanders,77,81,0,2,2737,2515,42.9,54.5
2020-02-11,401172883,Boston University Terriers,Colgate Raiders,63,79,0,2,104,2142,43.3,47.5
2020-02-11,401175685,Bethune-Cookman Wildcats,Howard Bison,87,68,0,2,2065,47,45.6,47.1
2020-02-11,401175703,Coppin State Eagles,Maryland Eastern Shore Hawks,68,67,0,2,2154,2379,39.7,38.8
2020-02-11,401175720,South Carolina State Bulldogs,Delaware State Hornets,100,86,0,2,2569,2169,57.9,49.2
2020-02-11,401175735,Florida A&M Rattlers,North Carolina A&T Aggies,79,60,0,2,50,2448,44.4,47.9
2020-02-11,401175839,Morgan State Bears,North Carolina Central Eagles,57,58,0,2,2415,2428,38.5,41.7
2020-02-11,401176152,Mississippi Valley State Delta Devils,Alabama A&M Bulldogs,67,61,0,2,2400,2010,37.5,35.7
2020-02-11,401176213,Grambling Tigers,Alcorn State Braves,80,71,0,2,2755,2016,45.9,42.2
2020-02-11,401176247,Jackson State Tigers,Southern Jaguars,67,51,0,2,2296,2582,41.2,33.9
2020-02-11,401181599,Arkansas-Pine Bluff Golden Lions,Alabama State Hornets,49,57,0,2,2029,2011,35.3,42.5
2020-02-12,401166218,Illinois Fighting Illini,Michigan State Spartans,69,70,0,2,356,127,36.7,49.1
2020-02-12,401166219,Maryland Terrapins,Nebraska Cornhuskers,72,70,0,2,120,158,48.1,40.6
2020-02-12,401166339,Vanderbilt Commodores,Kentucky Wildcats,64,78,0,2,238,96,37.3,47.5
2020-02-12,401166340,Ole Miss Rebels,Mississippi State Bulldogs,83,58,0,2,145,344,48.3,36.7
2020-02-12,401166341,Tennessee Volunteers,Arkansas Razorbacks,82,61,0,2,2633,8,49.1,30.6
2020-02-12,401166342,LSU Tigers,Missouri Tigers,82,78,0,2,99,142,47.2,51.7
2020-02-12,401166343,Georgia Bulldogs,South Carolina Gamecocks,59,75,0,2,61,2579,34.6,44.6
2020-02-12,401168308,Butler Bulldogs,Xavier Musketeers,66,61,0,2,2086,2752,47.2,43.6
2020-02-12,401168334,Seton Hall Pirates,Creighton Bluejays,82,87,0,2,2550,156,42.0,46.0
2020-02-12,401168483,Virginia Cavaliers,Notre Dame Fighting Irish,50,49,0,2,258,87,37.3,32.8
2020-02-12,401168499,Wake Forest Demon Deacons,North Carolina Tar Heels,74,57,0,2,154,153,42.6,33.3
2020-02-12,401168542,Syracuse Orange,NC State Wolfpack,74,79,0,2,183,152,39.1,52.1
2020-02-12,401169740,Kansas State Wildcats,Oklahoma State Cowboys,59,64,0,2,2306,197,35.7,51.2
2020-02-12,401170286,Saint Joseph's Hawks,St. Bonaventure Bonnies,56,74,0,2,2603,179,36.7,47.5
2020-02-12,401170287,Dayton Flyers,Rhode Island Rams,81,67,0,2,2168,227,50.0,28.8
2020-02-12,401170288,Davidson Wildcats,Fordham Rams,79,49,0,2,2166,2230,44.3,32.7
2020-02-12,401172685,Akron Zips,Bowling Green Falcons,74,59,0,2,2006,189,46.2,35.8
2020-02-12,401172686,Toledo Rockets,Miami (OH) RedHawks,65,57,0,2,2649,193,44.0,36.2
2020-02-12,401172687,Ball State Cardinals,Northern Illinois Huskies,63,59,0,2,2050,2459,43.9,40.0
2020-02-12,401172688,Central Michigan Chippewas,Eastern Michigan Eagles,70,73,0,2,2117,2199,41.5,49.1
2020-02-12,401172766,Ohio Bobcats,Western Michigan Broncos,73,61,0,2,195,2711,42.4,40.7
2020-02-12,401173775,Boise State Broncos,Air Force Falcons,74,57,0,2,68,2005,42.2,41.7
2020-02-12,401173776,Colorado State Rams,Utah State Aggies,72,75,0,2,36,328,51.7,50.0
2020-02-12,401173777,San Diego State Aztecs,New Mexico Lobos,82,59,0,2,21,167,45.3,35.4
2020-02-13,401166221,Northwestern Wildcats,Michigan Wolverines,54,79,0,2,77,130,32.2,46.9
2020-02-13,401166222,Ohio State Buckeyes,Rutgers Scarlet Knights,72,66,0,2,194,164,43.1,45.8
2020-02-13,401166344,Auburn Tigers,Alabama Crimson Tide,95,91,0,2,2,333,41.9,35.7
2020-02-13,401166345,Texas A&M Aggies,Florida Gators,61,78,0,2,245,57,42.6,51.9
2020-02-13,401168419,Villanova Wildcats,Marquette Golden Eagles,72,71,0,2,222,269,40.0,39.1
2020-02-13,401168437,St. John's Red Storm,Providence Friars,80,69,0,2,2599,2507,45.8,41.1
2020-02-13,401168515,Georgia Tech Yellow Jackets,Louisville Cardinals,64,58,0,2,59,97,43.5,33.9
2020-02-13,401168591,Miami Hurricanes,Boston College Eagles,85,58,0,2,2390,103,57.7,37.1
2020-02-13,401168593,Pittsburgh Panthers,Clemson Tigers,52,72,0,2,221,228,31.3,50.0
2020-02-13,401169574,SMU Mustangs,UConn Huskies,79,75,0,2,2567,41,54.9,47.4
2020-02-13,401169575,Tulane Green Wave,Temple Owls,68,72,0,2,2655,218,39.1,41.4
2020-02-13,401169576,Tulsa Golden Hurricane,East Carolina Pirates,70,56,0,2,202,151,43.8,35.2
2020-02-13,401169577,South Florida Bulls,Houston Cougars,58,62,0,2,58,248,39.5,43.1
2020-02-13,401169741,West Virginia Mountaineers,Kansas Jayhawks,49,58,0,2,277,2305,31.7,44.4
2020-02-13,401169742,Oklahoma Sooners,Iowa State Cyclones,90,61,0,2,201,66,47.7,42.1
2020-02-13,401170289,VCU Rams,George Mason Patriots,67,72,0,2,2670,2244,39.7,44.2
2020-02-13,401170290,La Salle Explorers,Richmond Spiders,47,74,0,2,2325,257,29.8,47.6
2020-02-13,401170852,Binghamton Bearcats,Stony Brook Seawolves,70,75,0,2,2066,2619,36.1,40.3
2020-02-13,401170879,Hartford Hawks,UAlbany Great Danes,66,60,0,2,42,399,36.2,34.8
2020-02-13,401170924,UMass Lowell River Hawks,Maine Black Bears,71,63,0,2,2349,311,44.2,37.3
2020-02-13,401170964,Vermont Catamounts,New Hampshire Wildcats,74,50,0,2,261,160,50.9,32.1
2020-02-13,401171502,UNC Asheville Bulldogs,Longwood Lancers,73,71,0,2,2427,2344,59.6,44.3
2020-02-13,401171622,Hawai'i Rainbow Warriors,Long Beach State Beach,49,50,0,2,62,299,33.3,39.2
2020-02-13,401171666,UC Riverside Highlanders,UC Irvine Anteaters,59,63,0,2,27,300,45.5,46.7
2020-02-13,401171946,Niagara Purple Eagles,Canisius Golden Griffins,69,66,0,2,315,2099,45.0,38.3
2020-02-13,401172230,American University Eagles,Loyola Maryland Greyhounds,81,76,0,2,44,2352,50.9,47.5
2020-02-13,401172253,Army Black Knights,Lafayette Leopards,65,48,0,2,349,322,44.3,30.6
2020-02-13,401172884,Navy Midshipmen,Bucknell Bison,60,59,0,2,2426,2083,36.4,48.0
2020-02-13,401172885,Lehigh Mountain Hawks,Holy Cross Crusaders,89,82,0,2,2329,107,50.0,52.8
2020-02-13,401172953,Abilene Christian Wildcats,Houston Christian Huskies,81,67,0,2,2000,2277,50.0,36.5
2020-02-13,401172992,Nicholls Colonels,Lamar Cardinals,69,65,0,2,2447,2320,46.2,45.7
2020-02-13,401173070,Northwestern State Demons,Incarnate Word Cardinals,70,60,0,2,2466,2916,45.9,36.4
2020-02-13,401173226,SE Louisiana Lions,Sam Houston Bearkats,70,79,0,2,2545,2534,41.8,53.7
2020-02-13,401173241,Texas A&M-Corpus Christi Islanders,Stephen F. Austin Lumberjacks,67,75,0,2,357,2617,42.9,51.0
2020-02-13,401173507,Bradley Braves,Indiana State Sycamores,72,61,0,2,71,282,54.0,35.2
2020-02-13,401173528,Missouri State Bears,Drake Bulldogs,97,62,0,2,2623,2181,53.0,41.2
2020-02-13,401173549,Evansville Purple Aces,Loyola Chicago Ramblers,66,73,0,2,339,2350,51.2,47.4
2020-02-13,401173570,Northern Iowa Panthers,Illinois State Redbirds,71,63,0,2,2460,2287,48.2,40.3
2020-02-13,401173639,Valparaiso Beacons,Southern Illinois Salukis,55,38,0,2,2674,79,44.9,23.6
2020-02-13,401173778,UNLV Rebels,Nevada Wolf Pack,79,82,0,2,2439,2440,35.8,44.6
2020-02-13,401173779,San José State Spartans,Fresno State Bulldogs,78,84,0,2,23,278,32.0,39.5
2020-02-13,401175002,South Dakota Coyotes,Western Illinois Leathernecks,85,72,0,2,233,2710,53.4,43.1
2020-02-13,401175003,Oral Roberts Golden Eagles,Omaha Mavericks,81,78,0,2,198,2437,41.1,41.6
2020-02-13,401175366,Chattanooga Mocs,VMI Keydets,86,67,0,2,236,2678,49.1,41.1
2020-02-13,401175449,East Tennessee State Buccaneers,The Citadel Bulldogs,91,67,0,2,2193,2643,55.0,49.0
2020-02-13,401175579,Samford Bulldogs,Furman Paladins,71,86,0,2,2535,231,42.6,51.7
2020-02-13,401175799,UNC Greensboro Spartans,Western Carolina Catamounts,82,62,0,2,2430,2717,50.0,35.0
2020-02-13,401176047,UAB Blazers,Middle Tennessee Blue Raiders,83,72,0,2,5,2393,58.7,48.4
2020-02-13,401176079,Wofford Terriers,Mercer Bears,68,70,0,2,2747,2382,37.7,44.4
2020-02-13,401176105,Sacred Heart Pioneers,Bryant Bulldogs,74,65,0,2,2529,2803,35.4,37.1
2020-02-13,401176420,Central Arkansas Bears,LSU New Orleans Privateers,73,68,0,2,2110,2443,45.3,42.9
2020-02-13,401202247,Towson Tigers,Regent Royals,71,55,0,2,119,111926,46.0,38.5
2020-02-14,401166223,Indiana Hoosiers,Iowa Hawkeyes,89,77,0,2,84,2294,45.9,50.0
2020-02-14,401166577,Eastern Washington Eagles,Idaho Vandals,71,74,0,2,331,70,37.5,50.0
2020-02-14,401166578,Montana State Bobcats,Idaho State Bengals,73,69,0,2,147,304,56.0,40.3
2020-02-14,401166579,Montana Grizzlies,Weber State Wildcats,72,37,0,2,149,2692,53.7,32.5
2020-02-14,401166580,Sacramento State Hornets,Southern Utah Thunderbirds,70,55,0,2,16,253,42.3,31.9
2020-02-14,401166633,Northern Arizona Lumberjacks,Northern Colorado Bears,54,84,0,2,2464,2458,40.0,56.9
2020-02-14,401169578,UCF Knights,Wichita State Shockers,58,75,0,2,2116,2724,31.7,48.4
2020-02-14,401169579,Cincinnati Bearcats,Memphis Tigers,92,86,0,2,2132,235,41.5,48.4
2020-02-14,401170481,Kennesaw State Owls,Florida Gulf Coast Eagles,58,70,0,2,338,526,44.0,50.0
2020-02-14,401170482,North Florida Ospreys,Jacksonville Dolphins,81,66,0,2,2454,294,50.8,49.2
2020-02-14,401170483,Stetson Hatters,North Alabama Lions,75,64,0,2,56,2453,44.9,50.0
2020-02-14,401170484,Lipscomb Bisons,NJIT Highlanders,77,63,0,2,288,2885,56.4,35.5
2020-02-14,401170708,California Golden Bears,Arizona Wildcats,52,68,0,2,25,12,38.2,48.1
2020-02-14,401170709,Oregon Ducks,Colorado Buffaloes,68,60,0,2,2483,38,39.3,39.0
2020-02-14,401170710,Oregon State Beavers,Utah Utes,70,51,0,2,204,254,47.1,37.3
2020-02-14,401170711,Stanford Cardinal,Arizona State Sun Devils,69,74,0,2,24,9,52.0,54.7
2020-02-14,401170712,UCLA Bruins,Washington State Cougars,86,83,0,2,26,265,45.8,44.6
2020-02-14,401170713,USC Trojans,Washington Huskies,62,56,0,2,30,264,35.8,35.0
2020-02-14,401171033,Campbell Fighting Camels,Hampton Pirates,75,49,0,2,2097,2261,50.0,29.8
2020-02-14,401171420,Charleston Southern Buccaneers,High Point Panthers,66,63,0,2,2127,2272,39.3,42.4
2020-02-14,401171441,Gardner-Webb Runnin' Bulldogs,Winthrop Eagles,74,70,0,2,2241,2737,50.0,40.3
2020-02-14,401171533,Radford Highlanders,Presbyterian Blue Hose,81,71,0,2,2515,2506,51.9,51.0
2020-02-14,401171577,Cal State Northridge Matadors,Cal Poly Mustangs,81,73,0,2,2463,13,43.1,44.3
2020-02-14,401171645,UC Davis Aggies,UC Santa Barbara Gauchos,84,75,0,2,302,2540,56.0,45.9
2020-02-14,401171706,Hofstra Pride,Charleston Cougars,76,63,0,2,2275,232,54.7,47.3
2020-02-14,401171792,William & Mary Tribe,Drexel Dragons,77,72,0,2,2729,2182,47.3,43.6
2020-02-14,401171817,Elon Phoenix,Delaware Blue Hens,75,81,0,2,2210,48,50.0,55.8
2020-02-14,401172398,Northeastern Huskies,UNC Wilmington Seahawks,71,63,0,2,111,350,48.0,39.2
2020-02-14,401172478,Oakland Golden Grizzlies,Cleveland State Vikings,79,74,0,2,2473,325,48.3,51.8
2020-02-14,401172504,Detroit Mercy Titans,Youngstown State Penguins,72,76,0,2,2174,2754,40.3,52.7
2020-02-14,401172692,Toledo Rockets,Buffalo Bulls,67,83,0,2,2649,2084,38.2,48.6
2020-02-14,401173895,Austin Peay Governors,Murray State Racers,71,68,0,2,2046,93,40.0,48.1
2020-02-14,401173963,Belmont Bruins,Tennessee State Tigers,74,51,0,2,2057,2634,48.3,32.8
2020-02-14,401174056,Eastern Illinois Panthers,SIU Edwardsville Cougars,74,76,0,2,2197,2565,45.9,46.9
2020-02-14,401174078,Morehead State Eagles,Eastern Kentucky Colonels,71,78,0,2,2413,2198,41.8,55.2
2020-02-14,401174194,Tennessee Tech Golden Eagles,Jacksonville State Gamecocks,75,74,0,2,2635,55,46.4,45.6
2020-02-14,401174838,Georgia Southern Eagles,Coastal Carolina Chanticleers,79,69,0,2,290,324,40.7,41.4
2020-02-14,401174839,Georgia State Panthers,App State Mountaineers,76,65,0,2,2247,2026,46.4,32.8
2020-02-14,401174840,South Alabama Jaguars,Louisiana Ragin' Cajuns,78,75,0,2,6,309,43.9,41.9
2020-02-14,401174841,Texas State Bobcats,Little Rock Trojans,74,66,0,2,326,2031,49.2,50.0
2020-02-14,401174842,Troy Trojans,UL Monroe Warhawks,71,74,0,2,2653,2433,37.7,49.0
2020-02-14,401174843,UT Arlington Mavericks,Arkansas State Red Wolves,77,67,0,2,250,2032,49.1,42.6
2020-02-14,401175087,Southeast Missouri State Redhawks,UT Martin Skyhawks,74,72,0,2,2546,2630,43.6,44.4
2020-02-14,401175172,California Baptist Lancers,Westcliff Warriors,107,45,0,2,2856,111910,50.7,25.4
2020-02-14,401175186,Loyola Marymount Lions,BYU Cougars,54,77,0,2,2351,252,51.1,41.7
2020-02-14,401175275,Pacific Tigers,Portland Pilots,75,55,0,2,279,2501,50.0,41.3
2020-02-14,401175276,Pepperdine Waves,San Diego Toreros,72,69,0,2,2492,301,50.0,43.1
2020-02-14,401175277,Santa Clara Broncos,San Francisco Dons,61,70,0,2,2541,2539,41.1,41.7
2020-02-14,401175546,UT Rio Grande Valley Vaqueros,Utah Valley Wolverines,80,72,0,2,292,3084,45.2,46.7
2020-02-14,401175563,Grand Canyon Lopes,Kansas City Roos,71,66,0,2,2253,140,44.2,46.0
2020-02-14,401175647,New Mexico State Aggies,Seattle U Redhawks,72,64,0,2,166,2547,40.0,37.5
2020-02-14,401175895,Louisiana Tech Bulldogs,Florida International Panthers,60,57,0,2,2348,2229,38.1,39.7
2020-02-14,401175913,Southern Miss Golden Eagles,Florida Atlantic Owls,68,66,0,2,2572,2226,43.6,42.2
2020-02-14,401175926,UTSA Roadrunners,Marshall Thundering Herd,72,63,0,2,2636,276,30.0,33.3
2020-02-14,401175933,Cal State Bakersfield Roadrunners,Chicago State Cougars,64,54,0,2,2934,2130,44.4,34.9
2020-02-14,401175945,North Texas Mean Green,Charlotte 49ers,81,72,0,2,249,2429,59.3,47.9
2020-02-14,401175976,Rice Owls,Old Dominion Monarchs,70,73,0,2,242,295,36.1,42.6
2020-02-14,401176007,UTEP Miners,Western Kentucky Hilltoppers,62,67,0,2,2638,98,41.0,42.3
2020-02-14,401176491,Central Connecticut Blue Devils,Long Island University Sharks,74,90,0,2,2115,112358,39.2,52.6
2020-02-14,401176492,Fairleigh Dickinson Knights,Wagner Seahawks,106,73,0,2,161,2681,60.0,40.0
2020-02-14,401176493,St. Francis Brooklyn Terriers,Merrimack Warriors,50,60,0,2,2597,2771,37.9,45.8
2020-02-14,401176494,Mount St. Mary's Mountaineers,Robert Morris Colonials,60,77,0,2,116,2523,40.0,50.8
2020-02-15,401166224,Michigan State Spartans,Maryland Terrapins,60,67,0,2,127,120,41.8,41.1
2020-02-15,401166225,Nebraska Cornhuskers,Wisconsin Badgers,64,81,0,2,158,275,38.5,49.2
2020-02-15,401166226,Ohio State Buckeyes,Purdue Boilermakers,68,52,0,2,194,2509,48.9,35.2
2020-02-15,401166227,Penn State Nittany Lions,Northwestern Wildcats,77,61,0,2,213,77,43.1,46.6
2020-02-15,401166228,Rutgers Scarlet Knights,Illinois Fighting Illini,72,57,0,2,164,356,49.1,31.1
2020-02-15,401166346,Arkansas Razorbacks,Mississippi State Bulldogs,77,78,0,2,8,344,46.2,58.8
2020-02-15,401166347,Kentucky Wildcats,Ole Miss Rebels,67,62,0,2,96,145,39.0,40.0
2020-02-15,401166348,Texas A&M Aggies,Georgia Bulldogs,74,69,0,2,245,61,45.1,46.2
2020-02-15,401166349,Alabama Crimson Tide,LSU Tigers,88,82,0,2,333,99,42.4,43.3
2020-02-15,401166350,Missouri Tigers,Auburn Tigers,85,73,0,2,142,2,54.9,46.7
2020-02-15,401166351,South Carolina Gamecocks,Tennessee Volunteers,63,61,0,2,2579,2633,40.0,42.6
2020-02-15,401166585,Northern Arizona Lumberjacks,Southern Utah Thunderbirds,82,69,0,2,2464,253,43.9,48.9
2020-02-15,401168309,Butler Bulldogs,Georgetown Hoyas,66,73,0,2,2086,46,41.0,52.1
2020-02-15,401168366,Duke Blue Devils,Notre Dame Fighting Irish,94,60,0,2,150,87,56.5,36.5
2020-02-15,401168516,Clemson Tigers,Louisville Cardinals,77,62,0,2,228,97,51.0,34.8
2020-02-15,401168527,Florida State Seminoles,Syracuse Orange,80,77,0,2,52,183,43.1,44.4
2020-02-15,401168553,Virginia Tech Hokies,Pittsburgh Panthers,67,57,0,2,259,221,43.9,35.0
2020-02-15,401168580,Miami Hurricanes,Wake Forest Demon Deacons,71,54,0,2,2390,154,40.3,38.9
2020-02-15,401169472,South Florida Bulls,Tulsa Golden Hurricane,48,56,0,2,58,202,38.6,35.7
2020-02-15,401169473,SMU Mustangs,Houston Cougars,73,72,0,2,2567,248,55.3,39.7
2020-02-15,401169743,Kansas Jayhawks,Oklahoma Sooners,87,70,0,2,2305,201,48.5,35.8
2020-02-15,401169744,Oklahoma State Cowboys,Texas Tech Red Raiders,73,70,0,2,197,2641,41.3,47.1
2020-02-15,401169745,Iowa State Cyclones,Texas Longhorns,81,52,0,2,66,251,57.1,29.3
2020-02-15,401169746,Baylor Bears,West Virginia Mountaineers,70,59,0,2,239,277,51.8,34.5
2020-02-15,401169747,TCU Horned Frogs,Kansas State Wildcats,68,57,0,2,2628,2306,44.2,42.6
2020-02-15,401170291,St. Bonaventure Bonnies,Davidson Wildcats,64,93,0,2,179,2166,41.4,55.9
2020-02-15,401170292,Rhode Island Rams,Saint Joseph's Hawks,73,55,0,2,227,2603,45.2,32.8
2020-02-15,401170293,Massachusetts Minutemen,Dayton Flyers,63,71,0,2,113,2168,38.1,52.9
2020-02-15,401170294,Saint Louis Billikens,La Salle Explorers,84,69,0,2,139,2325,52.8,39.6
2020-02-15,401170295,George Mason Patriots,George Washington Revolutionaries,67,73,0,2,2244,45,48.3,51.0
2020-02-15,401170296,Richmond Spiders,VCU Rams,77,59,0,2,257,2670,50.0,34.3
2020-02-15,401170485,Lipscomb Bisons,Florida Gulf Coast Eagles,64,54,0,2,288,526,38.5,37.7
2020-02-15,401170487,North Florida Ospreys,North Alabama Lions,80,67,0,2,2454,2453,51.8,38.6
2020-02-15,401170488,Stetson Hatters,Kennesaw State Owls,59,42,0,2,56,338,53.5,33.3
2020-02-15,401170853,Vermont Catamounts,Binghamton Bearcats,76,48,0,2,261,2066,45.3,33.3
2020-02-15,401170880,Hartford Hawks,UMass Lowell River Hawks,67,74,0,2,42,2349,54.0,50.0
2020-02-15,401170965,UMBC Retrievers,New Hampshire Wildcats,65,59,0,2,2378,160,39.7,31.1
2020-02-15,401171034,Campbell Fighting Camels,Radford Highlanders,60,73,0,2,2097,2515,44.0,47.6
2020-02-15,401171421,UNC Asheville Bulldogs,Charleston Southern Buccaneers,79,75,0,2,2427,2127,51.9,46.7
2020-02-15,401171462,Longwood Lancers,Hampton Pirates,76,68,0,2,2344,2261,40.0,36.2
2020-02-15,401171534,Presbyterian Blue Hose,Winthrop Eagles,88,89,0,2,2506,2737,55.8,50.0
2020-02-15,401171707,Northeastern Huskies,Charleston Cougars,65,51,0,2,111,232,48.1,40.4
2020-02-15,401171793,Elon Phoenix,Drexel Dragons,75,70,0,2,2210,2182,47.9,46.8
2020-02-15,401171818,William & Mary Tribe,Delaware Blue Hens,81,77,0,2,2729,48,58.2,43.3
2020-02-15,401171880,Hofstra Pride,UNC Wilmington Seahawks,78,64,0,2,2275,350,46.0,42.0
2020-02-15,401171947,Canisius Golden Griffins,Monmouth Hawks,71,85,0,2,2099,2405,40.3,49.1
2020-02-15,401171970,Marist Red Foxes,Fairfield Stags,53,57,0,2,2368,2217,29.3,33.3
2020-02-15,401171990,Iona Gaels,Manhattan Jaspers,80,57,0,2,314,2363,54.2,33.9
2020-02-15,401172068,Saint Peter's Peacocks,Quinnipiac Bobcats,84,72,0,2,2612,2514,52.6,47.2
2020-02-15,401172078,Siena Saints,Rider Broncs,73,64,0,2,2561,2520,51.9,40.0
2020-02-15,401172231,Bucknell Bison,American University Eagles,72,68,0,2,2083,44,44.6,43.1
2020-02-15,401172254,Army Black Knights,Lehigh Mountain Hawks,79,66,0,2,349,2329,57.1,49.1
2020-02-15,401172270,Pennsylvania Quakers,Brown Bears,63,75,0,2,219,225,31.6,44.6
2020-02-15,401172271,Princeton Tigers,Brown Bears,73,54,0,2,163,225,52.8,36.2
2020-02-15,401172288,Dartmouth Big Green,Columbia Lions,65,63,0,2,159,171,47.3,38.9
2020-02-15,401172305,Harvard Crimson,Cornell Big Red,85,63,0,2,108,172,52.5,40.0
2020-02-15,401172336,Pennsylvania Quakers,Yale Bulldogs,69,61,0,2,219,43,42.4,36.1
2020-02-15,401172345,Princeton Tigers,Yale Bulldogs,64,88,0,2,163,43,38.8,57.9
2020-02-15,401172479,Detroit Mercy Titans,Cleveland State Vikings,66,67,0,2,2174,325,40.7,41.5
2020-02-15,401172689,Eastern Michigan Eagles,Western Michigan Broncos,69,51,0,2,2199,2711,52.9,40.9
2020-02-15,401172690,Central Michigan Chippewas,Akron Zips,67,80,0,2,2117,2006,39.7,52.7
2020-02-15,401172691,Kent State Golden Flashes,Ohio Bobcats,87,72,0,2,2309,195,53.1,48.2
2020-02-15,401172693,Ball State Cardinals,Bowling Green Falcons,71,77,0,2,2050,189,40.6,43.1
2020-02-15,401172746,Miami (OH) RedHawks,Northern Illinois Huskies,65,60,0,2,193,2459,46.0,39.6
2020-02-15,401172886,Navy Midshipmen,Boston University Terriers,54,77,0,2,2426,104,37.7,56.4
2020-02-15,401172887,Holy Cross Crusaders,Lafayette Leopards,62,72,0,2,107,322,39.7,47.5
2020-02-15,401172954,Texas A&M-Corpus Christi Islanders,Abilene Christian Wildcats,64,78,0,2,357,2000,49.0,56.5
2020-02-15,401172993,Lamar Cardinals,Houston Christian Huskies,79,69,0,2,2320,2277,47.5,42.2
2020-02-15,401173035,Northwestern State Demons,McNeese Cowboys,84,79,0,2,2466,2377,51.8,43.7
2020-02-15,401173055,Nicholls Colonels,SE Louisiana Lions,81,71,0,2,2447,2545,50.0,38.6
2020-02-15,401173508,Southern Illinois Salukis,Bradley Braves,67,69,0,2,79,71,39.3,46.6
2020-02-15,401173780,Air Force Falcons,San José State Spartans,95,86,0,2,2005,23,55.6,44.4
2020-02-15,401173781,Wyoming Cowboys,Colorado State Rams,70,77,0,2,2751,36,40.7,40.7
2020-02-15,401173782,New Mexico Lobos,UNLV Rebels,73,78,0,2,167,2439,44.0,50.0
2020-02-15,401173896,Austin Peay Governors,Eastern Kentucky Colonels,93,85,0,2,2046,2198,43.1,49.2
2020-02-15,401173964,Belmont Bruins,Jacksonville State Gamecocks,101,84,0,2,2057,55,56.3,47.9
2020-02-15,401174057,UT Martin Skyhawks,Eastern Illinois Panthers,80,79,0,2,2630,2197,50.9,50.0
2020-02-15,401174456,Northern Kentucky Norse,IU Indianapolis Jaguars,84,70,0,2,94,85,52.9,42.4
2020-02-15,401174472,Wright State Raiders,UIC Flames,75,58,0,2,2750,82,43.9,34.4
2020-02-15,401174844,Georgia Southern Eagles,App State Mountaineers,57,62,0,2,290,2026,43.1,41.4
2020-02-15,401174845,Georgia State Panthers,Coastal Carolina Chanticleers,92,80,0,2,2247,324,43.9,43.1
2020-02-15,401174846,South Alabama Jaguars,UL Monroe Warhawks,50,49,0,2,6,2433,31.6,31.5
2020-02-15,401174847,Texas State Bobcats,Arkansas State Red Wolves,69,64,0,2,326,2032,42.6,36.4
2020-02-15,401174849,UT Arlington Mavericks,Little Rock Trojans,76,65,0,2,250,2031,41.0,42.6
2020-02-15,401175004,South Dakota State Jackrabbits,Denver Pioneers,90,78,0,2,2571,2172,46.2,42.4
2020-02-15,401175005,North Dakota State Bison,Purdue Fort Wayne Mastodons,80,70,0,2,2449,2870,40.0,49.1
2020-02-15,401175088,Southeast Missouri State Redhawks,SIU Edwardsville Cougars,75,71,0,2,2546,2565,36.5,37.7
2020-02-15,401175089,Murray State Racers,Morehead State Eagles,85,57,0,2,93,2413,52.7,33.9
2020-02-15,401175148,Oakland Golden Grizzlies,Youngstown State Penguins,72,64,0,2,2473,2754,48.1,36.6
2020-02-15,401175279,Santa Clara Broncos,Loyola Marymount Lions,59,65,0,2,2541,2351,46.7,46.2
2020-02-15,401175367,Furman Paladins,Chattanooga Mocs,58,53,0,2,231,236,40.4,30.4
2020-02-15,401175450,The Citadel Bulldogs,Samford Bulldogs,62,74,0,2,2643,2535,33.8,43.1
2020-02-15,401175488,VMI Keydets,East Tennessee State Buccaneers,67,72,0,2,2678,2193,36.2,39.1
2020-02-15,401175547,New Mexico State Aggies,Utah Valley Wolverines,84,82,0,2,166,3084,57.7,57.7
2020-02-15,401175686,Maryland Eastern Shore Hawks,Bethune-Cookman Wildcats,66,58,0,2,2379,2065,39.3,32.8
2020-02-15,401175704,South Carolina State Bulldogs,Coppin State Eagles,70,66,0,2,2569,2154,43.6,38.7
2020-02-15,401175721,Delaware State Hornets,Florida A&M Rattlers,95,97,0,2,2169,50,48.5,42.5
2020-02-15,401175787,Norfolk State Spartans,Morgan State Bears,62,57,0,2,2450,2415,33.3,35.6
2020-02-15,401175800,Mercer Bears,UNC Greensboro Spartans,55,67,0,2,2382,2430,37.1,36.9
2020-02-15,401175896,Louisiana Tech Bulldogs,Florida Atlantic Owls,81,68,0,2,2348,2226,47.7,33.9
2020-02-15,401175927,UTEP Miners,Marshall Thundering Herd,61,71,0,2,2638,276,35.0,42.4
2020-02-15,401175946,North Texas Mean Green,Old Dominion Monarchs,64,47,0,2,249,295,51.3,36.0
2020-02-15,401175987,Rice Owls,Charlotte 49ers,70,54,0,2,242,2429,54.0,36.5
2020-02-15,401175997,Southern Miss Golden Eagles,Florida International Panthers,75,67,0,2,2572,2229,54.9,39.7
2020-02-15,401176038,UTSA Roadrunners,Western Kentucky Hilltoppers,73,77,0,2,2636,98,40.6,36.5
2020-02-15,401176048,Middle Tennessee Blue Raiders,UAB Blazers,66,79,0,2,2393,5,45.1,52.9
2020-02-15,401176106,Central Connecticut Blue Devils,Bryant Bulldogs,75,70,0,2,2115,2803,44.4,44.1
2020-02-15,401176173,Alabama State Hornets,Alabama A&M Bulldogs,61,58,0,2,2011,2010,33.3,39.6
2020-02-15,401176214,Alcorn State Braves,Mississippi Valley State Delta Devils,92,88,0,2,2016,2400,43.7,43.2
2020-02-15,401176233,Prairie View A&M Panthers,Grambling Tigers,75,69,0,2,2504,2755,43.9,47.7
2020-02-15,401176341,Southern Jaguars,Arkansas-Pine Bluff Golden Lions,73,49,0,2,2582,2029,45.2,35.6
2020-02-15,401176421,Sam Houston Bearkats,Central Arkansas Bears,82,67,0,2,2534,2110,42.9,41.1
2020-02-15,401176495,Robert Morris Colonials,Fairleigh Dickinson Knights,71,72,0,2,2523,161,44.6,46.6
2020-02-15,401176496,Long Island University Sharks,Sacred Heart Pioneers,72,80,0,2,112358,2529,41.5,45.9
2020-02-15,401176497,Merrimack Warriors,Wagner Seahawks,68,59,0,2,2771,2681,50.0,46.0
2020-02-15,401176498,Mount St. Mary's Mountaineers,Saint Francis Red Wolves,55,70,0,2,116,2598,34.6,43.6
2020-02-16,401166229,Michigan Wolverines,Indiana Hoosiers,89,65,0,2,130,84,57.4,45.9
2020-02-16,401166230,Minnesota Golden Gophers,Iowa Hawkeyes,55,58,0,2,135,2294,35.6,41.1
2020-02-16,401166352,Florida Gators,Vanderbilt Commodores,84,66,0,2,57,238,51.9,38.8
2020-02-16,401166581,Portland State Vikings,Eastern Washington Eagles,81,89,0,2,2502,331,49.1,49.2
2020-02-16,401166582,Montana Grizzlies,Idaho State Bengals,78,63,0,2,149,304,55.9,39.3
2020-02-16,401166583,Montana State Bobcats,Weber State Wildcats,77,63,0,2,147,2692,50.0,40.0
2020-02-16,401166584,Sacramento State Hornets,Northern Colorado Bears,65,68,0,2,16,2458,49.1,65.9
2020-02-16,401168335,Creighton Bluejays,DePaul Blue Demons,93,64,0,2,156,305,57.9,42.6
2020-02-16,401168438,Providence Friars,Seton Hall Pirates,74,71,0,2,2507,2550,35.6,36.4
2020-02-16,401168485,North Carolina Tar Heels,Virginia Cavaliers,62,64,0,2,153,258,50.0,44.4
2020-02-16,401168586,Boston College Eagles,NC State Wolfpack,71,68,0,2,103,152,45.5,43.5
2020-02-16,401169471,Temple Owls,Villanova Wildcats,56,76,0,2,218,222,36.7,45.8
2020-02-16,401169474,East Carolina Pirates,Cincinnati Bearcats,67,70,0,2,151,2132,40.0,50.9
2020-02-16,401169475,Wichita State Shockers,Tulane Green Wave,82,57,0,2,2724,2655,48.3,34.5
2020-02-16,401169476,UConn Huskies,Memphis Tigers,64,61,0,2,41,235,31.8,35.0
2020-02-16,401170297,Fordham Rams,Duquesne Dukes,54,59,0,2,2230,2184,34.6,37.7
2020-02-16,401170486,Liberty Flames,NJIT Highlanders,62,49,0,2,2335,2885,38.2,38.8
2020-02-16,401170714,Oregon State Beavers,Colorado Buffaloes,47,69,0,2,204,38,33.3,40.7
2020-02-16,401170715,Stanford Cardinal,Arizona Wildcats,60,69,0,2,24,12,41.3,37.0
2020-02-16,401170716,UCLA Bruins,Washington Huskies,67,57,0,2,26,264,41.2,41.2
2020-02-16,401170717,USC Trojans,Washington State Cougars,70,51,0,2,30,265,45.2,28.6
2020-02-16,401170718,California Golden Bears,Arizona State Sun Devils,75,80,0,2,25,9,46.6,49.1
2020-02-16,401170925,Maine Black Bears,UAlbany Great Danes,60,66,0,2,311,399,34.9,45.1
2020-02-16,401171481,High Point Panthers,South Carolina Upstate Spartans,62,54,0,2,2272,2908,39.1,34.4
2020-02-16,401171578,Cal State Fullerton Titans,Cal Poly Mustangs,105,101,0,2,2239,13,44.6,44.0
2020-02-16,401171623,Long Beach State Beach,UC Riverside Highlanders,65,63,0,2,299,27,45.3,47.1
2020-02-16,401171646,UC Davis Aggies,Cal State Northridge Matadors,110,98,0,2,302,2463,59.3,58.9
2020-02-16,401171667,Hawai'i Rainbow Warriors,UC Irvine Anteaters,63,70,0,2,62,300,43.3,48.2
2020-02-16,401171971,Saint Peter's Peacocks,Fairfield Stags,61,44,0,2,2612,2217,46.3,28.3
2020-02-16,401171991,Iona Gaels,Marist Red Foxes,78,70,0,2,314,2368,43.8,40.7
2020-02-16,401172010,Siena Saints,Manhattan Jaspers,65,52,0,2,2561,2363,49.1,39.3
2020-02-16,401172043,Niagara Purple Eagles,Monmouth Hawks,77,72,0,2,315,2405,49.0,41.8
2020-02-16,401172069,Rider Broncs,Quinnipiac Bobcats,79,63,0,2,2520,2514,47.0,34.3
2020-02-16,401172289,Harvard Crimson,Columbia Lions,77,73,0,2,108,171,37.3,37.7
2020-02-16,401172306,Dartmouth Big Green,Cornell Big Red,75,53,0,2,159,172,52.9,35.7
2020-02-16,401172382,James Madison Dukes,Towson Tigers,48,63,0,2,256,119,34.5,42.1
2020-02-16,401172528,Milwaukee Panthers,Green Bay Phoenix,90,94,0,2,270,2739,45.8,56.9
2020-02-16,401172888,Loyola Maryland Greyhounds,Colgate Raiders,84,80,0,2,2352,2142,50.9,38.5
2020-02-16,401173529,Drake Bulldogs,Evansville Purple Aces,85,80,0,2,2181,339,55.6,48.2
2020-02-16,401173571,Illinois State Redbirds,Valparaiso Beacons,62,65,0,2,2287,2674,40.7,48.9
2020-02-16,401173589,Indiana State Sycamores,Missouri State Bears,58,71,0,2,282,2623,36.4,47.1
2020-02-16,401173604,Loyola Chicago Ramblers,Northern Iowa Panthers,82,73,0,2,2350,2460,49.2,46.2
2020-02-16,401173783,Fresno State Bulldogs,Utah State Aggies,59,71,0,2,278,328,37.7,44.1
2020-02-16,401173784,Boise State Broncos,San Diego State Aztecs,55,72,0,2,68,21,41.2,55.6
2020-02-16,401174457,Wright State Raiders,IU Indianapolis Jaguars,106,66,0,2,2750,85,58.1,35.2
2020-02-16,401174493,Northern Kentucky Norse,UIC Flames,43,73,0,2,94,82,22.0,50.0
2020-02-16,401174848,Troy Trojans,Louisiana Ragin' Cajuns,77,81,0,2,2653,309,42.6,41.5
2020-02-16,401175006,Western Illinois Leathernecks,North Dakota Fighting Hawks,83,86,0,2,2710,155,40.3,41.3
2020-02-16,401175007,Oral Roberts Golden Eagles,South Dakota Coyotes,94,80,0,2,198,233,46.5,47.3
2020-02-16,401175008,Omaha Mavericks,Denver Pioneers,85,62,0,2,2437,2172,54.0,45.5
2020-02-16,401175009,South Dakota State Jackrabbits,Purdue Fort Wayne Mastodons,75,64,0,2,2571,2870,50.0,37.5
2020-02-16,401175090,Tennessee State Tigers,Tennessee Tech Golden Eagles,70,55,0,2,2634,2635,48.1,29.9
2020-02-16,401175187,San Diego Toreros,BYU Cougars,71,72,0,2,301,252,50.0,44.8
2020-02-16,401175278,Pepperdine Waves,Gonzaga Bulldogs,77,89,0,2,2492,2250,46.3,49.2
2020-02-16,401175280,Saint Mary's Gaels,Pacific Tigers,71,63,0,2,2608,279,54.9,51.1
2020-02-16,401175564,Cal State Bakersfield Roadrunners,Kansas City Roos,53,59,0,2,2934,140,39.6,45.7
2020-02-16,401175634,UT Rio Grande Valley Vaqueros,Seattle U Redhawks,79,72,0,2,292,2547,44.6,37.5
2020-02-16,401175855,Grand Canyon Lopes,Chicago State Cougars,71,47,0,2,2253,2130,49.1,40.9
2020-02-16,401176091,Wofford Terriers,Western Carolina Catamounts,74,80,0,2,2747,2717,45.3,55.8
2020-02-16,401176248,Texas Southern Tigers,Jackson State Tigers,77,74,0,2,2640,2296,37.9,49.1
2020-02-16,401176422,LSU New Orleans Privateers,Incarnate Word Cardinals,66,67,0,2,2443,2916,49.0,55.6
2020-02-17,401168469,St. John's Red Storm,Xavier Musketeers,74,77,0,2,2599,2752,35.5,48.4
2020-02-17,401170719,Oregon Ducks,Utah Utes,80,62,0,2,2483,254,57.7,44.0
2020-02-18,401166232,Penn State Nittany Lions,Illinois Fighting Illini,56,62,0,2,213,356,36.2,44.4
2020-02-18,401166353,Tennessee Volunteers,Vanderbilt Commodores,65,61,0,2,2633,238,42.0,36.2
2020-02-18,401166586,Portland State Vikings,Idaho Vandals,90,69,0,2,2502,70,50.7,43.1
2020-02-18,401168500,Notre Dame Fighting Irish,North Carolina Tar Heels,77,76,0,2,87,153,44.4,42.4
2020-02-18,401169748,Kansas Jayhawks,Iowa State Cyclones,91,71,0,2,2305,66,56.7,42.9
2020-02-18,401170298,Saint Joseph's Hawks,Davidson Wildcats,73,72,0,2,2603,2166,49.1,43.6
2020-02-18,401172889,Holy Cross Crusaders,Bucknell Bison,48,69,0,2,107,2083,37.0,42.9
2020-02-18,401175635,UT Rio Grande Valley Vaqueros,Texas Permian Basin Falcons,93,80,0,2,292,94822,51.4,46.9
2020-02-18,401175687,Delaware State Hornets,Bethune-Cookman Wildcats,70,71,0,2,2169,2065,35.8,40.4
2020-02-18,401175705,Norfolk State Spartans,Coppin State Eagles,80,60,0,2,2450,2154,38.8,36.5
2020-02-18,401175736,Maryland Eastern Shore Hawks,Florida A&M Rattlers,81,71,0,2,2379,50,50.0,53.7
2020-02-18,401175810,North Carolina A&T Aggies,North Carolina Central Eagles,77,60,0,2,2448,2428,50.8,40.4
2020-02-18,401175845,South Carolina State Bulldogs,Morgan State Bears,72,78,0,2,2569,2415,37.9,49.2
2020-02-18,401176215,Alcorn State Braves,Arkansas-Pine Bluff Golden Lions,60,52,0,2,2016,2029,36.5,37.5
2020-02-18,401176234,Texas Southern Tigers,Grambling Tigers,93,79,0,2,2640,2755,49.2,50.8
2020-02-18,401176249,Prairie View A&M Panthers,Jackson State Tigers,70,61,0,2,2504,2296,41.7,36.5
2020-02-18,401176300,Southern Jaguars,Mississippi Valley State Delta Devils,95,62,0,2,2582,2400,47.2,31.9
2020-02-18,401176500,Long Island University Sharks,St. Francis Brooklyn Terriers,77,87,0,2,112358,2597,38.5,51.6
2020-02-19,401166231,Maryland Terrapins,Northwestern Wildcats,76,67,0,2,120,77,41.0,42.9
2020-02-19,401166233,Wisconsin Badgers,Purdue Boilermakers,69,65,0,2,275,2509,38.0,39.7
2020-02-19,401166354,Florida Gators,Arkansas Razorbacks,73,59,0,2,57,8,50.0,40.0
2020-02-19,401166355,Missouri Tigers,Ole Miss Rebels,71,68,0,2,142,145,38.2,40.4
2020-02-19,401166356,LSU Tigers,Kentucky Wildcats,76,79,0,2,99,96,39.4,47.5
2020-02-19,401168310,Seton Hall Pirates,Butler Bulldogs,74,72,0,2,2550,2086,46.2,49.1
2020-02-19,401168336,Marquette Golden Eagles,Creighton Bluejays,65,73,0,2,269,156,41.0,47.5
2020-02-19,401168528,Florida State Seminoles,Pittsburgh Panthers,82,67,0,2,52,221,50.0,37.5
2020-02-19,401169749,West Virginia Mountaineers,Oklahoma State Cowboys,65,47,0,2,277,197,42.6,35.3
2020-02-19,401169750,Oklahoma Sooners,Baylor Bears,54,65,0,2,201,239,36.5,41.9
2020-02-19,401170299,VCU Rams,Dayton Flyers,61,66,0,2,2670,2168,36.8,45.2
2020-02-19,401170300,Massachusetts Minutemen,Saint Louis Billikens,67,63,0,2,113,139,46.6,50.0
2020-02-19,401172694,Buffalo Bulls,Ball State Cardinals,72,59,0,2,2084,2050,32.9,36.4
2020-02-19,401172695,Western Michigan Broncos,Akron Zips,67,71,0,2,2711,2006,46.2,37.9
2020-02-19,401172696,Eastern Michigan Eagles,Kent State Golden Flashes,70,49,0,2,2199,2309,50.0,29.1
2020-02-19,401172697,Ohio Bobcats,Central Michigan Chippewas,77,69,0,2,195,2117,41.9,42.9
2020-02-19,401173785,New Mexico Lobos,Nevada Wolf Pack,74,88,0,2,167,2440,38.8,50.0
2020-02-19,401173786,UNLV Rebels,Colorado State Rams,80,56,0,2,2439,36,50.0,40.8
2020-02-19,401176107,Bryant Bulldogs,Merrimack Warriors,61,52,0,2,2803,2771,47.5,32.8
2020-02-19,401176499,Central Connecticut Blue Devils,Fairleigh Dickinson Knights,76,75,0,2,2115,161,54.7,40.9
2020-02-19,401176501,Wagner Seahawks,Mount St. Mary's Mountaineers,67,61,0,2,2681,116,44.2,42.1
2020-02-19,401176502,Saint Francis Red Wolves,Robert Morris Colonials,86,71,0,2,2598,2523,50.0,46.6
2020-02-20,401166234,Minnesota Golden Gophers,Indiana Hoosiers,56,68,0,2,135,84,34.4,44.4
2020-02-20,401166235,Rutgers Scarlet Knights,Michigan Wolverines,52,60,0,2,164,130,34.9,44.7
2020-02-20,401166357,Georgia Bulldogs,Auburn Tigers,65,55,0,2,61,2,36.8,31.3
2020-02-20,401166358,Alabama Crimson Tide,Texas A&M Aggies,68,74,0,2,333,245,40.7,43.8
2020-02-20,401166359,Mississippi State Bulldogs,South Carolina Gamecocks,79,76,0,2,344,2579,50.0,48.3
2020-02-20,401168367,NC State Wolfpack,Duke Blue Devils,88,66,0,2,152,150,45.1,37.7
2020-02-20,401168378,DePaul Blue Demons,Villanova Wildcats,71,91,0,2,305,222,47.5,56.9
2020-02-20,401168401,Georgetown Hoyas,Providence Friars,63,73,0,2,46,2507,38.6,43.9
2020-02-20,401168486,Virginia Cavaliers,Boston College Eagles,78,65,0,2,258,103,57.8,45.9
2020-02-20,401168517,Louisville Cardinals,Syracuse Orange,90,66,0,2,97,183,46.9,38.3
2020-02-20,401168554,Virginia Tech Hokies,Miami Hurricanes,95,102,0,2,259,2390,36.0,41.8
2020-02-20,401168562,Wake Forest Demon Deacons,Georgia Tech Yellow Jackets,79,86,0,2,154,59,49.0,52.0
2020-02-20,401169477,Cincinnati Bearcats,UCF Knights,87,89,0,2,2132,2116,39.2,46.3
2020-02-20,401169478,Memphis Tigers,East Carolina Pirates,77,73,0,2,235,151,44.1,44.8
2020-02-20,401169479,Tulane Green Wave,SMU Mustangs,80,72,0,2,2655,2567,56.8,36.7
2020-02-20,401169480,Houston Cougars,Tulsa Golden Hurricane,76,43,0,2,248,202,41.1,34.8
2020-02-20,401169751,Texas Tech Red Raiders,Kansas State Wildcats,69,62,0,2,2641,2306,50.0,47.9
2020-02-20,401169752,Texas Longhorns,TCU Horned Frogs,70,56,0,2,251,2628,51.0,41.5
2020-02-20,401170301,Duquesne Dukes,George Washington Revolutionaries,67,70,0,2,2184,45,39.7,48.1
2020-02-20,401170302,La Salle Explorers,Fordham Rams,58,49,0,2,2325,2230,38.0,35.0
2020-02-20,401170303,Richmond Spiders,George Mason Patriots,65,50,0,2,257,2244,47.3,39.1
2020-02-20,401170720,Washington State Cougars,California Golden Bears,57,66,0,2,265,25,29.8,43.5
2020-02-20,401171503,South Carolina Upstate Spartans,Longwood Lancers,58,68,0,2,2908,2344,31.7,42.6
2020-02-20,401171624,UC Irvine Anteaters,Long Beach State Beach,70,55,0,2,300,299,44.8,33.9
2020-02-20,401171992,Siena Saints,Iona Gaels,65,64,0,2,2561,314,40.7,44.6
2020-02-20,401172232,American University Eagles,Navy Midshipmen,71,62,0,2,44,2426,49.0,40.4
2020-02-20,401172255,Loyola Maryland Greyhounds,Army Black Knights,81,77,0,2,2352,349,50.0,44.6
2020-02-20,401172890,Colgate Raiders,Lehigh Mountain Hawks,70,67,0,2,2142,2329,44.1,51.9
2020-02-20,401172891,Lafayette Leopards,Boston University Terriers,61,59,0,2,322,104,43.6,37.5
2020-02-20,401172955,Houston Christian Huskies,Abilene Christian Wildcats,68,82,0,2,2277,2000,46.2,47.5
2020-02-20,401172994,Sam Houston Bearkats,Lamar Cardinals,65,77,0,2,2534,2320,40.0,47.5
2020-02-20,401173036,Incarnate Word Cardinals,McNeese Cowboys,65,59,0,2,2916,2377,36.5,40.0
2020-02-20,401173056,Northwestern State Demons,Nicholls Colonels,69,73,0,2,2466,2447,44.3,40.0
2020-02-20,401173242,Stephen F. Austin Lumberjacks,Central Arkansas Bears,83,68,0,2,2617,2110,49.1,38.5
2020-02-20,401173509,Bradley Braves,Missouri State Bears,83,79,0,2,71,2623,49.1,35.5
2020-02-20,401173530,Drake Bulldogs,Valparaiso Beacons,77,75,0,2,2181,2674,38.3,42.9
2020-02-20,401173572,Loyola Chicago Ramblers,Illinois State Redbirds,84,69,0,2,2350,2287,58.5,47.1
2020-02-20,401173787,Utah State Aggies,Wyoming Cowboys,78,58,0,2,328,2751,50.0,36.8
2020-02-20,401173788,San José State Spartans,Boise State Broncos,62,80,0,2,23,68,36.2,57.4
2020-02-20,401173789,Fresno State Bulldogs,Air Force Falcons,71,62,0,2,278,2005,43.3,35.9
2020-02-20,401174850,Arkansas State Red Wolves,UL Monroe Warhawks,52,66,0,2,2032,2433,37.0,48.1
2020-02-20,401175010,North Dakota Fighting Hawks,South Dakota State Jackrabbits,83,94,0,2,155,2571,52.6,64.2
2020-02-20,401175011,South Dakota Coyotes,North Dakota State Bison,74,77,0,2,233,2449,46.6,40.7
2020-02-20,401175193,Kansas City Roos,California Baptist Lancers,69,63,0,2,140,2856,51.0,35.1
2020-02-20,401175368,The Citadel Bulldogs,Chattanooga Mocs,68,91,0,2,2643,236,44.3,54.2
2020-02-20,401175489,East Tennessee State Buccaneers,Furman Paladins,75,66,0,2,2193,231,48.1,42.3
2020-02-20,401175801,UNC Greensboro Spartans,Wofford Terriers,83,79,0,2,2430,2747,42.9,43.1
2020-02-20,401176070,Mercer Bears,Samford Bulldogs,106,66,0,2,2382,2535,61.1,36.4
2020-02-20,401176087,Western Carolina Catamounts,VMI Keydets,71,74,0,2,2717,2678,37.3,48.1
2020-02-21,401166236,Iowa Hawkeyes,Ohio State Buckeyes,85,76,0,2,2294,194,55.8,41.9
2020-02-21,401166237,Nebraska Cornhuskers,Michigan State Spartans,65,86,0,2,158,127,34.8,51.6
2020-02-21,401166587,Eastern Washington Eagles,Sacramento State Hornets,77,76,0,2,331,16,50.8,50.9
2020-02-21,401166588,Northern Colorado Bears,Southern Utah Thunderbirds,68,66,0,2,2458,253,48.1,45.8
2020-02-21,401166634,Idaho Vandals,Northern Arizona Lumberjacks,61,78,0,2,70,2464,40.7,47.0
2020-02-21,401166635,Portland State Vikings,Montana State Bobcats,87,77,0,2,2502,147,51.8,48.3
2020-02-21,401169481,Temple Owls,UConn Huskies,93,89,0,2,218,41,44.8,39.0
2020-02-21,401169482,Wichita State Shockers,South Florida Bulls,65,55,0,2,2724,58,35.2,36.2
2020-02-21,401170489,Jacksonville Dolphins,Lipscomb Bisons,67,68,0,2,294,288,50.0,45.5
2020-02-21,401170490,NJIT Highlanders,Stetson Hatters,78,69,0,2,2885,56,50.0,50.0
2020-02-21,401170491,North Alabama Lions,Kennesaw State Owls,65,46,0,2,2453,338,46.9,34.8
2020-02-21,401170492,Liberty Flames,North Florida Ospreys,82,77,0,2,2335,2454,56.3,47.5
2020-02-21,401170721,Arizona Wildcats,Oregon State Beavers,89,63,0,2,12,204,43.8,41.5
2020-02-21,401170722,Arizona State Sun Devils,Oregon Ducks,77,72,0,2,9,2483,48.3,41.9
2020-02-21,401170723,Colorado Buffaloes,USC Trojans,70,66,0,2,38,30,47.4,45.9
2020-02-21,401170724,Utah Utes,UCLA Bruins,58,69,0,2,254,26,43.8,50.0
2020-02-21,401170725,Washington Huskies,Stanford Cardinal,64,72,0,2,264,24,35.5,47.3
2020-02-21,401170854,Binghamton Bearcats,UMass Lowell River Hawks,86,84,0,2,2066,2349,54.9,49.2
2020-02-21,401170881,New Hampshire Wildcats,Hartford Hawks,67,63,0,2,160,42,30.3,34.5
2020-02-21,401170982,Stony Brook Seawolves,Vermont Catamounts,54,63,0,2,2619,261,31.6,43.1
2020-02-21,401171035,Charleston Southern Buccaneers,Campbell Fighting Camels,51,66,0,2,2127,2097,28.0,51.9
2020-02-21,401171442,Hampton Pirates,Gardner-Webb Runnin' Bulldogs,87,77,0,2,2261,2241,43.1,48.3
2020-02-21,401171482,High Point Panthers,Presbyterian Blue Hose,82,70,0,2,2272,2506,56.8,50.0
2020-02-21,401171518,Radford Highlanders,UNC Asheville Bulldogs,79,64,0,2,2515,2427,54.9,48.1
2020-02-21,401171579,Cal Poly Mustangs,UC Davis Aggies,62,77,0,2,13,302,42.2,54.8
2020-02-21,401171604,Cal State Fullerton Titans,UC Santa Barbara Gauchos,66,75,0,2,2239,2540,45.9,45.6
2020-02-21,401171794,Drexel Dragons,Hofstra Pride,74,81,0,2,2182,2275,52.5,51.9
2020-02-21,401171819,Delaware Blue Hens,Northeastern Huskies,70,48,0,2,48,111,54.0,37.0
2020-02-21,401171862,James Madison Dukes,Elon Phoenix,62,70,0,2,256,2210,38.9,48.1
2020-02-21,401171926,UAlbany Great Danes,UMBC Retrievers,50,69,0,2,399,2378,30.8,45.9
2020-02-21,401172430,Towson Tigers,William & Mary Tribe,51,61,0,2,119,2729,27.4,38.9
2020-02-21,401172480,Cleveland State Vikings,Northern Kentucky Norse,59,73,0,2,325,94,45.1,38.4
2020-02-21,401173550,Southern Illinois Salukis,Evansville Purple Aces,70,53,0,2,79,339,65.8,38.2
2020-02-21,401173590,Indiana State Sycamores,Northern Iowa Panthers,67,64,0,2,282,2460,43.6,41.0
2020-02-21,401173897,SIU Edwardsville Cougars,Austin Peay Governors,60,78,0,2,2565,2046,38.9,50.0
2020-02-21,401173965,Morehead State Eagles,Belmont Bruins,67,80,0,2,2413,2057,45.8,53.3
2020-02-21,401174058,Eastern Illinois Panthers,Murray State Racers,63,60,0,2,2197,93,42.6,43.4
2020-02-21,401174079,Eastern Kentucky Colonels,Tennessee State Tigers,83,62,0,2,2198,2634,49.2,45.1
2020-02-21,401174195,Jacksonville State Gamecocks,Southeast Missouri State Redhawks,65,58,0,2,55,2546,38.9,42.9
2020-02-21,401174432,UC Riverside Highlanders,Hawai'i Rainbow Warriors,55,56,0,2,27,62,33.9,34.6
2020-02-21,401174851,App State Mountaineers,South Alabama Jaguars,70,78,0,2,2026,6,41.7,69.8
2020-02-21,401174852,Coastal Carolina Chanticleers,Troy Trojans,90,60,0,2,324,2653,60.0,33.3
2020-02-21,401174853,Texas State Bobcats,Georgia Southern Eagles,70,55,0,2,326,290,52.7,39.6
2020-02-21,401174854,UT Arlington Mavericks,Georgia State Panthers,70,62,0,2,250,2247,40.3,35.3
2020-02-21,401175012,Purdue Fort Wayne Mastodons,Omaha Mavericks,59,61,0,2,2870,2437,38.9,38.8
2020-02-21,401175013,Denver Pioneers,Oral Roberts Golden Eagles,100,96,0,2,2172,198,50.7,44.9
2020-02-21,401175091,Tennessee Tech Golden Eagles,UT Martin Skyhawks,78,65,0,2,2635,2630,41.9,46.4
2020-02-21,401175149,Youngstown State Penguins,Wright State Raiders,88,70,0,2,2754,2750,50.0,43.3
2020-02-21,401175188,BYU Cougars,Santa Clara Broncos,85,75,0,2,252,2541,48.4,45.8
2020-02-21,401175281,Gonzaga Bulldogs,San Francisco Dons,71,54,0,2,2250,2539,50.0,33.3
2020-02-21,401175282,Saint Mary's Gaels,Loyola Marymount Lions,57,51,0,2,2608,2351,34.0,38.3
2020-02-21,401175283,Portland Pilots,Pepperdine Waves,59,66,0,2,2501,2492,36.4,31.6
2020-02-21,401175548,Utah Valley Wolverines,Cal State Bakersfield Roadrunners,72,58,0,2,3084,2934,48.0,36.1
2020-02-21,401175648,Seattle U Redhawks,Grand Canyon Lopes,95,89,0,2,2547,2253,47.0,47.8
2020-02-21,401176505,Merrimack Warriors,Sacred Heart Pioneers,64,57,0,2,2771,2529,42.3,32.0
2020-02-22,401166238,Purdue Boilermakers,Michigan Wolverines,63,71,0,2,2509,130,39.7,38.5
2020-02-22,401166360,Auburn Tigers,Tennessee Volunteers,73,66,0,2,2,2633,42.1,44.9
2020-02-22,401166361,Arkansas Razorbacks,Missouri Tigers,78,68,0,2,8,142,47.2,42.9
2020-02-22,401166362,Texas A&M Aggies,Mississippi State Bulldogs,87,75,0,2,245,344,59.6,48.3
2020-02-22,401166363,Kentucky Wildcats,Florida Gators,65,59,0,2,96,57,47.2,43.1
2020-02-22,401166364,Vanderbilt Commodores,Georgia Bulldogs,78,80,0,2,238,61,57.4,53.6
2020-02-22,401166365,South Carolina Gamecocks,LSU Tigers,80,86,1,2,2579,99,37.3,44.1
2020-02-22,401166589,Eastern Washington Eagles,Northern Arizona Lumberjacks,80,70,0,2,331,2464,42.0,45.6
2020-02-22,401166590,Idaho Vandals,Sacramento State Hornets,56,67,0,2,70,16,39.3,44.6
2020-02-22,401168420,Providence Friars,Marquette Golden Eagles,84,72,0,2,2507,269,50.9,40.8
2020-02-22,401168487,Pittsburgh Panthers,Virginia Cavaliers,56,59,0,2,221,258,38.6,43.8
2020-02-22,401168501,Louisville Cardinals,North Carolina Tar Heels,72,55,0,2,97,153,46.7,39.6
2020-02-22,401168529,NC State Wolfpack,Florida State Seminoles,61,67,0,2,152,52,41.1,40.7
2020-02-22,401168543,Syracuse Orange,Georgia Tech Yellow Jackets,79,72,0,2,183,59,45.1,46.2
2020-02-22,401168594,Boston College Eagles,Clemson Tigers,64,82,0,2,103,228,37.7,68.9
2020-02-22,401169483,UCF Knights,Tulane Green Wave,74,75,0,2,2116,2655,45.0,43.9
2020-02-22,401169484,Memphis Tigers,Houston Cougars,60,59,0,2,235,248,34.0,34.4
2020-02-22,401169485,Tulsa Golden Hurricane,SMU Mustangs,79,57,0,2,202,2567,49.0,38.9
2020-02-22,401169753,Baylor Bears,Kansas Jayhawks,61,64,0,2,239,2305,39.7,50.9
2020-02-22,401169754,Kansas State Wildcats,Texas Longhorns,59,70,0,2,2306,251,34.5,52.3
2020-02-22,401169755,TCU Horned Frogs,West Virginia Mountaineers,67,60,0,2,2628,277,44.4,40.3
2020-02-22,401169756,Oklahoma State Cowboys,Oklahoma Sooners,83,66,0,2,197,201,44.6,38.2
2020-02-22,401169757,Iowa State Cyclones,Texas Tech Red Raiders,57,87,0,2,66,2641,35.8,57.1
2020-02-22,401169786,Xavier Musketeers,Villanova Wildcats,55,64,0,2,2752,222,35.7,41.3
2020-02-22,401170304,Saint Louis Billikens,VCU Rams,80,62,0,2,139,2670,57.1,40.0
2020-02-22,401170305,George Mason Patriots,Saint Joseph's Hawks,62,55,0,2,2244,2603,44.2,33.9
2020-02-22,401170306,Davidson Wildcats,Rhode Island Rams,77,75,0,2,2166,227,43.6,35.1
2020-02-22,401170307,St. Bonaventure Bonnies,Richmond Spiders,75,71,0,2,179,257,50.0,39.7
2020-02-22,401170308,Dayton Flyers,Duquesne Dukes,80,70,0,2,2168,2184,50.9,48.3
2020-02-22,401170309,Fordham Rams,Massachusetts Minutemen,49,57,0,2,2230,113,31.0,32.8
2020-02-22,401170310,George Washington Revolutionaries,La Salle Explorers,62,72,0,2,45,2325,37.8,50.0
2020-02-22,401170493,North Florida Ospreys,Lipscomb Bisons,82,74,0,2,2454,288,39.7,50.0
2020-02-22,401170494,Jacksonville Dolphins,Kennesaw State Owls,69,55,0,2,294,338,44.3,30.9
2020-02-22,401170495,Liberty Flames,Stetson Hatters,77,49,0,2,2335,56,50.9,34.1
2020-02-22,401170496,NJIT Highlanders,Florida Gulf Coast Eagles,39,55,0,2,2885,526,25.5,36.4
2020-02-22,401170728,Colorado Buffaloes,UCLA Bruins,63,70,0,2,38,26,44.6,49.1
2020-02-22,401170729,Washington Huskies,California Golden Bears,87,52,0,2,264,25,51.9,23.9
2020-02-22,401170855,Binghamton Bearcats,Hartford Hawks,74,75,0,2,2066,42,42.6,41.0
2020-02-22,401171036,Gardner-Webb Runnin' Bulldogs,Campbell Fighting Camels,73,61,0,2,2241,2097,56.3,37.5
2020-02-22,401171463,Winthrop Eagles,Hampton Pirates,81,87,0,2,2737,2261,42.4,54.4
2020-02-22,401171519,UNC Asheville Bulldogs,Presbyterian Blue Hose,75,64,0,2,2427,2506,46.0,53.2
2020-02-22,401171545,Radford Highlanders,South Carolina Upstate Spartans,81,60,0,2,2515,2908,50.8,36.8
2020-02-22,401171795,Drexel Dragons,Northeastern Huskies,68,77,0,2,2182,111,49.1,51.0
2020-02-22,401171820,Delaware Blue Hens,Hofstra Pride,62,78,0,2,48,2275,42.4,40.0
2020-02-22,401171863,Towson Tigers,Elon Phoenix,84,71,0,2,119,2210,50.0,40.7
2020-02-22,401171948,Quinnipiac Bobcats,Canisius Golden Griffins,66,64,0,2,2514,2099,42.1,38.6
2020-02-22,401171972,Fairfield Stags,Niagara Purple Eagles,61,60,0,2,2217,315,43.6,43.5
2020-02-22,401171993,Iona Gaels,Rider Broncs,70,69,0,2,314,2520,42.4,42.4
2020-02-22,401172011,Manhattan Jaspers,Saint Peter's Peacocks,64,67,0,2,2363,2612,48.9,43.1
2020-02-22,401172029,Marist Red Foxes,Monmouth Hawks,61,65,0,2,2368,2405,32.7,36.1
2020-02-22,401172256,Army Black Knights,Navy Midshipmen,86,75,0,2,349,2426,42.9,37.8
2020-02-22,401172272,Columbia Lions,Brown Bears,66,72,0,2,171,225,46.4,43.8
2020-02-22,401172273,Cornell Big Red,Brown Bears,63,45,0,2,172,225,51.2,25.9
2020-02-22,401172307,Cornell Big Red,Yale Bulldogs,80,81,0,2,172,43,50.8,46.2
2020-02-22,401172325,Dartmouth Big Green,Pennsylvania Quakers,66,59,0,2,159,219,39.3,36.7
2020-02-22,401172346,Harvard Crimson,Princeton Tigers,61,60,0,2,108,163,49.1,34.4
2020-02-22,401172383,James Madison Dukes,William & Mary Tribe,74,78,0,2,256,2729,50.8,55.1
2020-02-22,401172481,Cleveland State Vikings,Wright State Raiders,74,81,0,2,325,2750,40.0,51.9
2020-02-22,401172505,Detroit Mercy Titans,Green Bay Phoenix,67,84,0,2,2174,2739,35.5,50.0
2020-02-22,401172698,Western Michigan Broncos,Toledo Rockets,59,68,0,2,2711,2649,32.8,43.6
2020-02-22,401172699,Akron Zips,Miami (OH) RedHawks,75,65,0,2,2006,193,43.4,36.2
2020-02-22,401172700,Bowling Green Falcons,Ohio Bobcats,62,61,0,2,189,195,38.2,39.7
2020-02-22,401172701,Northern Illinois Huskies,Central Michigan Chippewas,82,81,0,2,2459,2117,43.9,43.3
2020-02-22,401172702,Kent State Golden Flashes,Buffalo Bulls,98,104,0,2,2309,2084,50.7,47.3
2020-02-22,401172703,Ball State Cardinals,Eastern Michigan Eagles,64,55,0,2,2050,2199,51.1,47.1
2020-02-22,401172956,SE Louisiana Lions,Abilene Christian Wildcats,69,75,0,2,2545,2000,46.3,45.1
2020-02-22,401172995,Lamar Cardinals,Texas A&M-Corpus Christi Islanders,79,62,0,2,2320,357,42.6,54.5
2020-02-22,401173014,Sam Houston Bearkats,Houston Christian Huskies,77,73,0,2,2534,2277,42.9,43.9
2020-02-22,401173037,McNeese Cowboys,LSU New Orleans Privateers,77,82,0,2,2377,2443,55.6,47.5
2020-02-22,401173057,Central Arkansas Bears,Nicholls Colonels,84,65,0,2,2110,2447,53.8,35.9
2020-02-22,401173243,Incarnate Word Cardinals,Stephen F. Austin Lumberjacks,56,80,0,2,2916,2617,40.8,50.0
2020-02-22,401173531,Illinois State Redbirds,Drake Bulldogs,57,53,0,2,2287,2181,41.2,42.0
2020-02-22,401173605,Missouri State Bears,Loyola Chicago Ramblers,74,62,0,2,2623,2350,41.4,50.0
2020-02-22,401173790,Colorado State Rams,San José State Spartans,78,71,0,2,36,23,50.0,35.1
2020-02-22,401173791,Air Force Falcons,Wyoming Cowboys,72,78,0,2,2005,2751,46.4,50.9
2020-02-22,401173898,Eastern Illinois Panthers,Austin Peay Governors,83,80,0,2,2197,2046,46.8,47.3
2020-02-22,401174196,Jacksonville State Gamecocks,UT Martin Skyhawks,72,58,0,2,55,2630,50.9,52.0
2020-02-22,401174458,UIC Flames,IU Indianapolis Jaguars,77,72,0,2,82,85,41.3,42.6
2020-02-22,401174855,App State Mountaineers,Troy Trojans,68,59,0,2,2026,2653,44.2,30.2
2020-02-22,401174856,Arkansas State Red Wolves,Little Rock Trojans,78,81,0,2,2032,2031,40.6,50.0
2020-02-22,401174857,Coastal Carolina Chanticleers,South Alabama Jaguars,71,74,0,2,324,6,45.8,47.3
2020-02-22,401174858,Texas State Bobcats,Georgia State Panthers,86,76,0,2,326,2247,46.8,50.0
2020-02-22,401174859,UL Monroe Warhawks,Louisiana Ragin' Cajuns,83,77,0,2,2433,309,42.6,43.3
2020-02-22,401174860,UT Arlington Mavericks,Georgia Southern Eagles,61,81,0,2,250,290,31.8,52.8
2020-02-22,401175015,Western Illinois Leathernecks,Omaha Mavericks,86,93,0,2,2710,2437,49.2,50.8
2020-02-22,401175092,Morehead State Eagles,Tennessee State Tigers,66,63,0,2,2413,2634,50.0,46.7
2020-02-22,401175093,SIU Edwardsville Cougars,Murray State Racers,58,59,0,2,2565,93,40.0,39.2
2020-02-22,401175094,Tennessee Tech Golden Eagles,Southeast Missouri State Redhawks,71,62,0,2,2635,2546,50.0,35.0
2020-02-22,401175150,Oakland Golden Grizzlies,Milwaukee Panthers,75,68,0,2,2473,270,50.0,40.3
2020-02-22,401175151,Youngstown State Penguins,Northern Kentucky Norse,59,61,0,2,2754,94,32.8,48.0
2020-02-22,401175194,Chicago State Cougars,California Baptist Lancers,53,95,0,2,2130,2856,41.7,59.3
2020-02-22,401175286,San Francisco Dons,Pepperdine Waves,63,61,0,2,2539,2492,32.4,36.4
2020-02-22,401175369,Chattanooga Mocs,Mercer Bears,80,85,0,2,236,2382,43.3,50.0
2020-02-22,401175490,Samford Bulldogs,East Tennessee State Buccaneers,74,80,0,2,2535,2193,49.1,47.1
2020-02-22,401175549,Utah Valley Wolverines,Grand Canyon Lopes,92,80,0,2,3084,2253,53.7,50.0
2020-02-22,401175580,Furman Paladins,Wofford Terriers,67,66,0,2,231,2747,40.7,43.1
2020-02-22,401175688,Bethune-Cookman Wildcats,South Carolina State Bulldogs,69,65,0,2,2065,2569,31.3,44.1
2020-02-22,401175706,Coppin State Eagles,Delaware State Hornets,98,86,0,2,2154,2169,52.6,47.2
2020-02-22,401175737,Florida A&M Rattlers,Norfolk State Spartans,66,63,0,2,50,2450,44.2,41.2
2020-02-22,401175763,North Carolina A&T Aggies,Howard Bison,71,67,0,2,2448,47,38.3,47.9
2020-02-22,401175778,North Carolina Central Eagles,Maryland Eastern Shore Hawks,74,55,0,2,2428,2379,46.0,36.5
2020-02-22,401175802,VMI Keydets,UNC Greensboro Spartans,68,71,0,2,2678,2430,38.1,36.4
2020-02-22,401176108,St. Francis Brooklyn Terriers,Bryant Bulldogs,74,82,0,2,2597,2803,42.0,42.6
2020-02-22,401176235,Grambling Tigers,Jackson State Tigers,63,61,0,2,2755,2296,41.3,36.1
2020-02-22,401176301,Mississippi Valley State Delta Devils,Texas Southern Tigers,92,94,0,2,2400,2640,47.1,54.7
2020-02-22,401176342,Alabama State Hornets,Southern Jaguars,44,56,0,2,2011,2582,25.5,43.4
2020-02-22,401176503,Wagner Seahawks,Central Connecticut Blue Devils,68,56,0,2,2681,2115,49.1,40.4
2020-02-22,401176504,Fairleigh Dickinson Knights,Long Island University Sharks,81,86,0,2,161,112358,43.5,44.4
2020-02-22,401176506,Robert Morris Colonials,Mount St. Mary's Mountaineers,68,60,0,2,2523,116,47.1,41.7
2020-02-22,401212053,North Texas Mean Green,Louisiana Tech Bulldogs,71,73,0,2,249,2348,50.9,50.0
2020-02-22,401212057,Southern Miss Golden Eagles,Middle Tennessee Blue Raiders,53,61,0,2,2572,2393,42.6,36.9
2020-02-23,401166239,Indiana Hoosiers,Penn State Nittany Lions,68,60,0,2,84,213,42.6,41.5
2020-02-23,401166240,Northwestern Wildcats,Minnesota Golden Gophers,57,83,0,2,77,135,38.7,48.4
2020-02-23,401166241,Ohio State Buckeyes,Maryland Terrapins,79,72,0,2,194,120,42.6,45.1
2020-02-23,401166242,Wisconsin Badgers,Rutgers Scarlet Knights,79,71,0,2,275,164,48.0,50.0
2020-02-23,401166366,Ole Miss Rebels,Alabama Crimson Tide,78,103,0,2,145,333,55.3,55.2
2020-02-23,401166591,Idaho State Bengals,Northern Colorado Bears,72,85,0,2,304,2458,46.2,62.5
2020-02-23,401166592,Montana State Bobcats,Montana Grizzlies,54,59,0,2,147,149,35.4,48.0
2020-02-23,401166593,Weber State Wildcats,Southern Utah Thunderbirds,82,71,0,2,2692,253,48.1,39.7
2020-02-23,401168311,Creighton Bluejays,Butler Bulldogs,81,59,0,2,156,2086,50.0,37.9
2020-02-23,401168368,Duke Blue Devils,Virginia Tech Hokies,88,64,0,2,150,259,43.5,37.3
2020-02-23,401168379,DePaul Blue Demons,Georgetown Hoyas,74,68,0,2,305,46,45.0,36.8
2020-02-23,401168453,Seton Hall Pirates,St. John's Red Storm,81,65,0,2,2550,2599,48.2,33.8
2020-02-23,401168572,Notre Dame Fighting Irish,Miami Hurricanes,87,71,0,2,87,2390,47.1,41.4
2020-02-23,401169486,East Carolina Pirates,Temple Owls,67,63,0,2,151,218,39.7,35.5
2020-02-23,401169487,Cincinnati Bearcats,Wichita State Shockers,67,64,0,2,2132,2724,37.7,32.8
2020-02-23,401169488,UConn Huskies,South Florida Bulls,78,71,0,2,41,58,55.3,49.1
2020-02-23,401170726,Arizona Wildcats,Oregon Ducks,72,73,0,2,12,2483,44.8,42.6
2020-02-23,401170727,Arizona State Sun Devils,Oregon State Beavers,74,73,0,2,9,204,49.1,50.0
2020-02-23,401170730,Utah Utes,USC Trojans,79,65,0,2,254,30,48.2,43.3
2020-02-23,401170926,Stony Brook Seawolves,Maine Black Bears,54,46,0,2,2619,311,30.9,28.3
2020-02-23,401170966,UAlbany Great Danes,New Hampshire Wildcats,56,68,0,2,399,160,30.4,43.3
2020-02-23,401170995,Vermont Catamounts,UMBC Retrievers,64,66,0,2,261,2378,40.0,56.4
2020-02-23,401171483,Longwood Lancers,High Point Panthers,57,54,0,2,2344,2272,38.3,33.3
2020-02-23,401171580,Cal Poly Mustangs,UC Riverside Highlanders,49,61,0,2,13,27,28.8,40.9
2020-02-23,401171625,Long Beach State Beach,Hawai'i Rainbow Warriors,64,60,0,2,299,62,46.7,33.3
2020-02-23,401171647,UC Santa Barbara Gauchos,UC Davis Aggies,70,56,0,2,2540,302,49.1,39.2
2020-02-23,401171668,Cal State Northridge Matadors,UC Irvine Anteaters,64,87,0,2,2463,300,40.7,55.4
2020-02-23,401171708,UNC Wilmington Seahawks,Charleston Cougars,68,55,0,2,350,232,46.6,35.6
2020-02-23,401171949,Manhattan Jaspers,Canisius Golden Griffins,56,57,0,2,2363,2099,42.9,36.7
2020-02-23,401171973,Fairfield Stags,Siena Saints,59,62,0,2,2217,2561,36.2,43.9
2020-02-23,401172030,Marist Red Foxes,Niagara Purple Eagles,76,54,0,2,2368,315,54.7,36.0
2020-02-23,401172044,Monmouth Hawks,Quinnipiac Bobcats,89,78,0,2,2405,2514,49.2,42.9
2020-02-23,401172079,Saint Peter's Peacocks,Rider Broncs,73,54,0,2,2612,2520,39.7,35.3
2020-02-23,401172233,Boston University Terriers,American University Eagles,64,60,0,2,104,44,42.4,42.1
2020-02-23,401172290,Columbia Lions,Yale Bulldogs,65,83,0,2,171,43,40.7,48.4
2020-02-23,401172326,Dartmouth Big Green,Princeton Tigers,62,65,0,2,159,163,45.6,45.3
2020-02-23,401172337,Harvard Crimson,Pennsylvania Quakers,69,65,0,2,108,219,45.0,46.4
2020-02-23,401172506,Detroit Mercy Titans,Milwaukee Panthers,79,73,0,2,2174,270,42.1,40.3
2020-02-23,401172529,Oakland Golden Grizzlies,Green Bay Phoenix,92,88,0,2,2473,2739,43.3,41.6
2020-02-23,401172892,Lafayette Leopards,Loyola Maryland Greyhounds,68,70,0,2,322,2352,35.7,39.3
2020-02-23,401172893,Colgate Raiders,Holy Cross Crusaders,90,60,0,2,2142,107,52.4,37.1
2020-02-23,401172894,Lehigh Mountain Hawks,Bucknell Bison,69,60,0,2,2329,2083,46.2,39.3
2020-02-23,401173510,Valparaiso Beacons,Bradley Braves,90,78,0,2,2674,71,55.6,43.5
2020-02-23,401173551,Evansville Purple Aces,Indiana State Sycamores,62,64,0,2,339,282,40.0,45.8
2020-02-23,401173628,Northern Iowa Panthers,Southern Illinois Salukis,64,52,0,2,2460,79,39.3,41.3
2020-02-23,401173792,San Diego State Aztecs,UNLV Rebels,63,66,0,2,21,2439,38.9,41.8
2020-02-23,401173793,Nevada Wolf Pack,Fresno State Bulldogs,78,76,0,2,2440,278,47.5,44.6
2020-02-23,401173794,Boise State Broncos,New Mexico Lobos,74,61,0,2,68,167,44.3,46.8
2020-02-23,401173966,Eastern Kentucky Colonels,Belmont Bruins,70,83,0,2,2198,2057,50.0,48.4
2020-02-23,401175014,North Dakota Fighting Hawks,North Dakota State Bison,71,68,0,2,155,2449,46.6,45.0
2020-02-23,401175016,South Dakota State Jackrabbits,South Dakota Coyotes,85,80,0,2,2571,233,50.0,47.7
2020-02-23,401175189,BYU Cougars,Gonzaga Bulldogs,91,78,0,2,252,2250,53.2,41.7
2020-02-23,401175284,Portland Pilots,Loyola Marymount Lions,58,66,0,2,2501,2351,38.6,51.4
2020-02-23,401175285,Pacific Tigers,Santa Clara Broncos,87,74,0,2,279,2541,49.2,48.8
2020-02-23,401175287,Saint Mary's Gaels,San Diego Toreros,92,63,0,2,2608,301,54.9,44.1
2020-02-23,401175451,Western Carolina Catamounts,The Citadel Bulldogs,96,84,0,2,2717,2643,47.8,46.7
2020-02-23,401175636,New Mexico State Aggies,UT Rio Grande Valley Vaqueros,78,62,0,2,166,292,45.3,45.8
2020-02-23,401175649,Seattle U Redhawks,Cal State Bakersfield Roadrunners,69,54,0,2,2547,2934,42.0,42.0
2020-02-23,401176109,Bryant Bulldogs,Sacred Heart Pioneers,76,83,0,2,2803,2529,42.4,49.2
2020-02-23,401176174,Alabama A&M Bulldogs,Alcorn State Braves,71,61,0,2,2010,2016,44.2,40.0
2020-02-23,401176311,Arkansas-Pine Bluff Golden Lions,Prairie View A&M Panthers,61,69,0,2,2029,2504,39.6,40.7
2020-02-23,401176507,Fairleigh Dickinson Knights,Robert Morris Colonials,75,70,0,2,161,2523,56.0,44.3
2020-02-23,401176508,Saint Francis Red Wolves,Long Island University Sharks,74,71,0,2,2598,112358,48.3,37.5
2020-02-23,401176509,Mount St. Mary's Mountaineers,Merrimack Warriors,65,57,0,2,116,2771,44.2,38.8
2020-02-23,401176510,St. Francis Brooklyn Terriers,Wagner Seahawks,71,75,0,2,2597,2681,35.9,45.8
2020-02-23,401212054,Western Kentucky Hilltoppers,Charlotte 49ers,70,72,0,2,98,2429,46.0,50.8
2020-02-23,401212055,Florida Atlantic Owls,UAB Blazers,65,58,0,2,2226,5,46.9,37.7
2020-02-23,401212056,Marshall Thundering Herd,Old Dominion Monarchs,74,66,0,2,276,295,35.8,32.8
2020-02-23,401212058,UTEP Miners,Rice Owls,68,62,0,2,2638,242,38.9,33.9
2020-02-24,401170731,Washington State Cougars,Stanford Cardinal,57,75,0,2,265,24,31.7,55.8
2020-02-25,401166243,Illinois Fighting Illini,Nebraska Cornhuskers,71,59,0,2,356,158,39.4,42.1
2020-02-25,401168518,Florida State Seminoles,Louisville Cardinals,82,67,0,2,52,97,50.9,42.4
2020-02-25,401169758,Texas Longhorns,West Virginia Mountaineers,67,57,0,2,251,277,52.4,44.0
2020-02-25,401169759,Kansas Jayhawks,Oklahoma State Cowboys,83,58,0,2,2305,197,43.8,38.5
2020-02-25,401175689,Bethune-Cookman Wildcats,Norfolk State Spartans,78,55,0,2,2065,2450,49.0,22.1
2020-02-25,401175722,Morgan State Bears,Delaware State Hornets,90,80,0,2,2415,2169,49.2,46.4
2020-02-25,401175738,Florida A&M Rattlers,South Carolina State Bulldogs,62,56,0,2,50,2569,35.8,46.5
2020-02-25,401175764,North Carolina Central Eagles,Howard Bison,80,65,0,2,2428,47,45.7,44.2
2020-02-25,401175779,North Carolina A&T Aggies,Maryland Eastern Shore Hawks,83,62,0,2,2448,2379,50.0,34.4
2020-02-25,401176175,Alabama A&M Bulldogs,Southern Jaguars,37,64,0,2,2010,2582,23.8,41.8
2020-02-25,401176216,Alabama State Hornets,Alcorn State Braves,77,80,0,2,2011,2016,41.7,52.8
2020-02-25,401176302,Mississippi Valley State Delta Devils,Prairie View A&M Panthers,69,88,0,2,2400,2504,38.6,50.0
2020-02-25,401176366,Arkansas-Pine Bluff Golden Lions,Texas Southern Tigers,74,72,0,2,2029,2640,42.9,37.7
2020-02-25,401209698,Gardner-Webb Runnin' Bulldogs,Hampton Pirates,81,67,0,2,2241,2261,52.9,35.9
2020-02-26,401166244,Michigan State Spartans,Iowa Hawkeyes,78,70,0,2,127,2294,50.0,40.0
2020-02-26,401166367,Auburn Tigers,Ole Miss Rebels,67,58,0,2,2,145,47.1,34.0
2020-02-26,401166368,Texas A&M Aggies,Kentucky Wildcats,60,69,0,2,245,96,41.7,52.2
2020-02-26,401166369,Mississippi State Bulldogs,Alabama Crimson Tide,80,73,0,2,344,333,52.6,38.6
2020-02-26,401166370,South Carolina Gamecocks,Georgia Bulldogs,94,90,0,2,2579,61,47.9,41.8
2020-02-26,401168369,Wake Forest Demon Deacons,Duke Blue Devils,113,101,0,2,154,150,51.5,42.7
2020-02-26,401168380,Xavier Musketeers,DePaul Blue Demons,78,67,0,2,2752,305,50.0,47.5
2020-02-26,401168470,Villanova Wildcats,St. John's Red Storm,71,60,0,2,222,2599,43.1,34.8
2020-02-26,401168502,North Carolina Tar Heels,NC State Wolfpack,85,79,0,2,153,152,49.2,48.4
2020-02-26,401168563,Georgia Tech Yellow Jackets,Clemson Tigers,68,59,0,2,59,228,47.3,41.4
2020-02-26,401169489,SMU Mustangs,Memphis Tigers,58,53,0,2,2567,235,33.9,34.0
2020-02-26,401169490,Tulsa Golden Hurricane,Tulane Green Wave,62,57,0,2,202,2655,47.7,39.3
2020-02-26,401169760,Iowa State Cyclones,TCU Horned Frogs,65,59,0,2,66,2628,43.6,35.7
2020-02-26,401169761,Baylor Bears,Kansas State Wildcats,85,66,0,2,239,2306,49.1,44.9
2020-02-26,401169762,Oklahoma Sooners,Texas Tech Red Raiders,65,51,0,2,201,2641,46.6,33.3
2020-02-26,401170311,Davidson Wildcats,La Salle Explorers,74,49,0,2,2166,2325,44.0,38.0
2020-02-26,401170312,George Mason Patriots,Dayton Flyers,55,62,0,2,2244,2168,38.6,50.0
2020-02-26,401172704,Bowling Green Falcons,Akron Zips,78,60,0,2,189,2006,39.0,29.6
2020-02-26,401172705,Eastern Michigan Eagles,Northern Illinois Huskies,71,73,0,2,2199,2459,42.3,45.8
2020-02-26,401172706,Kent State Golden Flashes,Miami (OH) RedHawks,74,61,0,2,2309,193,57.4,46.9
2020-02-26,401172707,Central Michigan Chippewas,Toledo Rockets,81,93,0,2,2117,2649,46.3,57.4
2020-02-26,401172708,Ball State Cardinals,Western Michigan Broncos,71,61,0,2,2050,2711,43.8,38.9
2020-02-26,401172709,Ohio Bobcats,Buffalo Bulls,80,69,0,2,195,2084,44.4,33.9
2020-02-26,401173532,Loyola Chicago Ramblers,Drake Bulldogs,64,60,0,2,2350,2181,46.8,47.8
2020-02-26,401173616,Valparaiso Beacons,Missouri State Bears,89,74,0,2,2674,2623,58.6,39.7
2020-02-26,401173795,Wyoming Cowboys,Nevada Wolf Pack,68,73,0,2,2751,2440,38.6,45.3
2020-02-26,401173796,San Diego State Aztecs,Colorado State Rams,66,60,0,2,21,36,35.2,39.6
2020-02-26,401182463,Utah State Aggies,San José State Spartans,94,56,0,2,328,23,48.6,28.4
2020-02-27,401166245,Minnesota Golden Gophers,Maryland Terrapins,73,74,0,2,135,120,45.6,37.9
2020-02-27,401166246,Penn State Nittany Lions,Rutgers Scarlet Knights,65,64,0,2,213,164,39.3,42.2
2020-02-27,401166371,Arkansas Razorbacks,Tennessee Volunteers,86,69,0,2,8,2633,48.1,44.4
2020-02-27,401166372,Vanderbilt Commodores,Missouri Tigers,52,61,0,2,238,142,35.6,42.3
2020-02-27,401166373,Florida Gators,LSU Tigers,81,66,0,2,57,99,54.8,44.1
2020-02-27,401168402,Marquette Golden Eagles,Georgetown Hoyas,93,72,0,2,269,46,56.7,41.9
2020-02-27,401168488,Virginia Tech Hokies,Virginia Cavaliers,53,56,0,2,259,258,37.3,42.9
2020-02-27,401168544,Pittsburgh Panthers,Syracuse Orange,49,72,0,2,221,183,29.1,46.4
2020-02-27,401168573,Boston College Eagles,Notre Dame Fighting Irish,61,62,0,2,103,87,40.7,41.4
2020-02-27,401169491,South Florida Bulls,East Carolina Pirates,73,68,0,2,58,151,37.7,49.2
2020-02-27,401169492,UConn Huskies,UCF Knights,81,65,0,2,41,2116,49.2,48.1
2020-02-27,401170313,Saint Louis Billikens,Saint Joseph's Hawks,76,63,0,2,139,2603,56.3,37.7
2020-02-27,401170314,St. Bonaventure Bonnies,Duquesne Dukes,77,81,0,2,179,2184,43.5,42.5
2020-02-27,401170315,Fordham Rams,Rhode Island Rams,75,76,0,2,2230,227,45.0,43.5
2020-02-27,401170316,George Washington Revolutionaries,Richmond Spiders,70,73,0,2,45,257,49.0,42.4
2020-02-27,401170317,Massachusetts Minutemen,VCU Rams,60,52,0,2,113,2670,42.9,31.6
2020-02-27,401170732,Stanford Cardinal,Utah Utes,70,62,0,2,24,254,45.6,49.0
2020-02-27,401170856,UMBC Retrievers,Binghamton Bearcats,74,76,0,2,2378,2066,41.7,40.3
2020-02-27,401170882,Stony Brook Seawolves,Hartford Hawks,54,65,0,2,2619,42,31.7,41.7
2020-02-27,401170927,Maine Black Bears,New Hampshire Wildcats,70,77,0,2,311,160,41.8,41.0
2020-02-27,401170945,UMass Lowell River Hawks,UAlbany Great Danes,88,69,0,2,2349,399,58.3,50.9
2020-02-27,401171558,South Carolina Upstate Spartans,Winthrop Eagles,82,90,0,2,2908,2737,46.7,51.6
2020-02-27,401171626,Long Beach State Beach,Cal State Northridge Matadors,64,73,0,2,299,2463,37.9,41.9
2020-02-27,401171709,Charleston Cougars,Delaware Blue Hens,80,71,0,2,232,48,46.2,40.4
2020-02-27,401172012,Manhattan Jaspers,Marist Red Foxes,65,56,0,2,2363,2368,51.1,46.5
2020-02-27,401172070,Quinnipiac Bobcats,Siena Saints,77,84,0,2,2514,2561,49.2,50.8
2020-02-27,401172234,American University Eagles,Lafayette Leopards,79,59,0,2,44,322,57.9,40.8
2020-02-27,401172257,Army Black Knights,Holy Cross Crusaders,67,61,0,2,349,107,45.2,40.0
2020-02-27,401172895,Lehigh Mountain Hawks,Boston University Terriers,57,55,0,2,2329,104,38.1,28.6
2020-02-27,401172896,Bucknell Bison,Colgate Raiders,71,70,0,2,2083,2142,36.8,40.7
2020-02-27,401172897,Navy Midshipmen,Loyola Maryland Greyhounds,62,57,0,2,2426,2352,33.9,35.0
2020-02-27,401172957,Abilene Christian Wildcats,Sam Houston Bearkats,85,69,0,2,2000,2534,51.0,41.2
2020-02-27,401172996,Lamar Cardinals,Incarnate Word Cardinals,86,66,0,2,2320,2916,58.2,48.1
2020-02-27,401173015,Houston Christian Huskies,Nicholls Colonels,85,93,0,2,2277,2447,53.2,57.6
2020-02-27,401173038,McNeese Cowboys,SE Louisiana Lions,104,82,0,2,2377,2545,64.4,43.5
2020-02-27,401173071,Stephen F. Austin Lumberjacks,Northwestern State Demons,90,59,0,2,2617,2466,48.6,35.8
2020-02-27,401173511,Illinois State Redbirds,Bradley Braves,71,74,0,2,2287,71,34.5,35.1
2020-02-27,401173552,Northern Iowa Panthers,Evansville Purple Aces,84,64,0,2,2460,339,62.7,43.4
2020-02-27,401173591,Southern Illinois Salukis,Indiana State Sycamores,68,77,0,2,79,282,47.2,57.4
2020-02-27,401173798,Air Force Falcons,New Mexico Lobos,60,58,0,2,2005,167,38.3,35.7
2020-02-27,401173799,UNLV Rebels,Boise State Broncos,76,66,0,2,2439,68,50.9,31.3
2020-02-27,401174861,Louisiana Ragin' Cajuns,Arkansas State Red Wolves,77,74,0,2,309,2032,42.2,49.1
2020-02-27,401175017,Purdue Fort Wayne Mastodons,Denver Pioneers,58,51,0,2,2870,2172,35.7,35.6
2020-02-27,401175018,Omaha Mavericks,North Dakota Fighting Hawks,84,83,0,2,2437,155,53.7,44.3
2020-02-27,401175195,California Baptist Lancers,Utah Valley Wolverines,73,66,0,2,2856,3084,40.0,43.9
2020-02-27,401175370,VMI Keydets,Chattanooga Mocs,64,71,0,2,2678,236,42.9,39.6
2020-02-27,401175452,The Citadel Bulldogs,Mercer Bears,57,73,0,2,2643,2382,32.8,39.4
2020-02-27,401175491,Wofford Terriers,East Tennessee State Buccaneers,54,60,0,2,2747,2193,45.8,42.6
2020-02-27,401175581,UNC Greensboro Spartans,Furman Paladins,67,81,0,2,2430,231,46.2,50.9
2020-02-27,401176071,Western Carolina Catamounts,Samford Bulldogs,109,78,0,2,2717,2535,52.6,36.2
2020-02-27,401176423,LSU New Orleans Privateers,Texas A&M-Corpus Christi Islanders,75,81,0,2,2443,357,50.8,59.3
2020-02-28,401166247,Michigan Wolverines,Wisconsin Badgers,74,81,0,2,130,275,51.7,53.7
2020-02-28,401166248,Nebraska Cornhuskers,Ohio State Buckeyes,54,75,0,2,158,194,35.6,40.3
2020-02-28,401166249,Northwestern Wildcats,Illinois Fighting Illini,66,74,0,2,77,356,41.0,46.6
2020-02-28,401166250,Purdue Boilermakers,Indiana Hoosiers,57,49,0,2,2509,84,37.5,25.4
2020-02-28,401166594,Southern Utah Thunderbirds,Eastern Washington Eagles,51,69,0,2,253,331,32.7,33.3
2020-02-28,401166595,Northern Colorado Bears,Idaho Vandals,93,49,0,2,2458,70,54.0,38.0
2020-02-28,401166596,Idaho State Bengals,Portland State Vikings,76,89,0,2,304,2502,50.0,48.0
2020-02-28,401166597,Northern Arizona Lumberjacks,Montana Grizzlies,57,56,0,2,2464,149,46.7,55.6
2020-02-28,401166598,Sacramento State Hornets,Montana State Bobcats,81,52,0,2,16,147,46.7,42.9
2020-02-28,401169493,Wichita State Shockers,Temple Owls,72,69,0,2,2724,218,50.0,43.6
2020-02-28,401170497,Florida Gulf Coast Eagles,Jacksonville Dolphins,73,67,0,2,526,294,42.6,44.8
2020-02-28,401170498,North Alabama Lions,NJIT Highlanders,72,65,0,2,2453,2885,41.1,45.1
2020-02-28,401170499,Kennesaw State Owls,Liberty Flames,52,76,0,2,338,2335,41.3,54.5
2020-02-28,401170500,Stetson Hatters,North Florida Ospreys,72,85,0,2,56,2454,53.4,46.9
2020-02-28,401170733,California Golden Bears,Colorado Buffaloes,76,62,0,2,25,38,46.3,41.0
2020-02-28,401170734,Oregon Ducks,Oregon State Beavers,69,54,0,2,2483,204,41.3,43.2
2020-02-28,401170735,UCLA Bruins,Arizona State Sun Devils,75,72,0,2,26,9,43.5,45.6
2020-02-28,401170736,USC Trojans,Arizona Wildcats,57,48,0,2,30,12,42.6,28.1
2020-02-28,401171422,Charleston Southern Buccaneers,Gardner-Webb Runnin' Bulldogs,74,83,0,2,2127,2241,46.2,58.2
2020-02-28,401171464,Hampton Pirates,Radford Highlanders,78,81,0,2,2261,2515,45.6,46.8
2020-02-28,401171484,High Point Panthers,UNC Asheville Bulldogs,76,80,0,2,2272,2427,51.0,45.6
2020-02-28,401171504,Presbyterian Blue Hose,Longwood Lancers,55,58,0,2,2506,2344,35.0,44.7
2020-02-28,401171581,Cal Poly Mustangs,UC Irvine Anteaters,76,82,0,2,13,300,45.5,64.0
2020-02-28,401171605,Hawai'i Rainbow Warriors,Cal State Fullerton Titans,70,59,0,2,62,2239,43.1,48.8
2020-02-28,401171686,UC Riverside Highlanders,UC Santa Barbara Gauchos,60,65,0,2,27,2540,39.6,36.7
2020-02-28,401171796,UNC Wilmington Seahawks,Drexel Dragons,76,65,0,2,350,2182,52.7,45.8
2020-02-28,401171881,Hofstra Pride,Towson Tigers,65,76,0,2,2275,119,39.3,46.4
2020-02-28,401171950,Canisius Golden Griffins,Iona Gaels,65,86,0,2,2099,314,38.7,64.3
2020-02-28,401172060,Niagara Purple Eagles,Saint Peter's Peacocks,63,54,0,2,315,2612,45.1,36.2
2020-02-28,401172384,Northeastern Huskies,James Madison Dukes,77,57,0,2,111,256,50.0,38.3
2020-02-28,401172482,Milwaukee Panthers,Cleveland State Vikings,68,70,0,2,270,325,46.0,50.9
2020-02-28,401172507,UIC Flames,Detroit Mercy Titans,84,67,0,2,82,2174,53.7,30.9
2020-02-28,401172530,Green Bay Phoenix,Youngstown State Penguins,102,92,0,2,2739,2754,55.7,44.9
2020-02-28,401172712,Ohio Bobcats,Kent State Golden Flashes,76,69,0,2,195,2309,46.0,41.4
2020-02-28,401173899,Austin Peay Governors,Morehead State Eagles,67,58,0,2,2046,2413,42.9,43.1
2020-02-28,401173967,Belmont Bruins,Tennessee Tech Golden Eagles,65,62,0,2,2057,2635,45.5,39.7
2020-02-28,401174059,Southeast Missouri State Redhawks,Eastern Illinois Panthers,70,72,0,2,2546,2197,40.3,43.3
2020-02-28,401174080,Murray State Racers,Eastern Kentucky Colonels,74,62,0,2,93,2198,40.0,36.1
2020-02-28,401174197,Tennessee State Tigers,Jacksonville State Gamecocks,65,55,0,2,2634,55,59.0,32.8
2020-02-28,401174459,IU Indianapolis Jaguars,Oakland Golden Grizzlies,71,68,0,2,85,2473,50.9,44.1
2020-02-28,401174862,Little Rock Trojans,UL Monroe Warhawks,79,63,0,2,2031,2433,43.3,36.1
2020-02-28,401175019,North Dakota State Bison,South Dakota State Jackrabbits,71,69,0,2,2449,2571,40.9,47.5
2020-02-28,401175020,Oral Roberts Golden Eagles,Western Illinois Leathernecks,113,70,0,2,198,2710,62.9,38.8
2020-02-28,401175095,UT Martin Skyhawks,SIU Edwardsville Cougars,75,90,0,2,2630,2565,36.2,47.8
2020-02-28,401175288,Gonzaga Bulldogs,San Diego Toreros,94,59,0,2,2250,301,52.1,38.7
2020-02-28,401175289,Loyola Marymount Lions,Pacific Tigers,53,60,0,2,2351,279,34.8,48.1
2020-02-28,401175290,San Francisco Dons,Portland Pilots,81,65,0,2,2539,2501,44.6,37.5
2020-02-28,401175291,Santa Clara Broncos,Saint Mary's Gaels,72,78,0,2,2541,2608,40.7,51.7
2020-02-28,401175637,Cal State Bakersfield Roadrunners,UT Rio Grande Valley Vaqueros,79,59,0,2,2934,292,51.9,35.7
2020-02-28,401175750,Grand Canyon Lopes,New Mexico State Aggies,53,67,0,2,2253,166,44.4,36.6
2020-02-28,401176110,Fairleigh Dickinson Knights,Bryant Bulldogs,74,72,0,2,161,2803,51.9,38.5
2020-02-28,401176511,Merrimack Warriors,Central Connecticut Blue Devils,69,58,0,2,2771,2115,41.4,33.3
2020-02-28,401176512,Long Island University Sharks,Wagner Seahawks,74,66,0,2,112358,2681,51.0,36.4
2020-02-28,401176513,Saint Francis Red Wolves,Mount St. Mary's Mountaineers,75,62,0,2,2598,116,47.5,42.9
2020-02-28,401176514,Sacred Heart Pioneers,St. Francis Brooklyn Terriers,73,63,0,2,2529,2597,41.0,35.2
2020-02-28,401209704,Miami (OH) RedHawks,Central Michigan Chippewas,76,57,0,2,193,2117,46.8,32.8
2020-02-28,401212059,Florida International Panthers,North Texas Mean Green,59,78,0,2,2229,249,40.7,49.1
2020-02-28,401212060,Western Kentucky Hilltoppers,Louisiana Tech Bulldogs,95,91,0,2,98,2348,42.6,47.9
2020-02-28,401212061,Florida Atlantic Owls,UTSA Roadrunners,80,71,0,2,2226,2636,46.4,40.0
2020-02-28,401212062,UAB Blazers,Marshall Thundering Herd,88,80,0,2,5,276,48.4,43.3
2020-02-29,401166251,Iowa Hawkeyes,Penn State Nittany Lions,77,68,0,2,2294,213,42.4,37.1
2020-02-29,401166374,LSU Tigers,Texas A&M Aggies,64,50,0,2,99,245,40.4,40.8
2020-02-29,401166375,Ole Miss Rebels,Vanderbilt Commodores,86,60,0,2,145,238,54.7,33.9
2020-02-29,401166376,Tennessee Volunteers,Florida Gators,63,58,0,2,2633,57,52.1,46.8
2020-02-29,401166377,Missouri Tigers,Mississippi State Bulldogs,63,67,0,2,142,344,36.7,53.2
2020-02-29,401166378,Kentucky Wildcats,Auburn Tigers,73,66,0,2,96,2,42.3,36.1
2020-02-29,401166393,Georgia Bulldogs,Arkansas Razorbacks,99,89,0,2,61,8,56.7,46.8
2020-02-29,401166602,Northern Arizona Lumberjacks,Montana State Bobcats,57,63,0,2,2464,147,31.7,44.7
2020-02-29,401168312,Butler Bulldogs,DePaul Blue Demons,60,42,0,2,2086,305,39.0,33.3
2020-02-29,401168370,Virginia Cavaliers,Duke Blue Devils,52,50,0,2,258,150,42.0,30.5
2020-02-29,401168421,Marquette Golden Eagles,Seton Hall Pirates,79,88,0,2,269,2550,43.3,53.3
2020-02-29,401168439,Villanova Wildcats,Providence Friars,54,58,0,2,222,2507,35.1,35.4
2020-02-29,401168503,Syracuse Orange,North Carolina Tar Heels,79,92,0,2,183,153,44.4,51.6
2020-02-29,401168530,Clemson Tigers,Florida State Seminoles,70,69,0,2,228,52,48.2,50.0
2020-02-29,401168574,Wake Forest Demon Deacons,Notre Dame Fighting Irish,84,73,0,2,154,87,46.6,40.0
2020-02-29,401168587,NC State Wolfpack,Pittsburgh Panthers,77,73,0,2,152,221,45.6,47.3
2020-02-29,401169494,East Carolina Pirates,UConn Huskies,63,84,0,2,151,41,43.1,43.6
2020-02-29,401169495,Tulsa Golden Hurricane,UCF Knights,65,54,0,2,202,2116,42.9,47.4
2020-02-29,401169763,Texas Tech Red Raiders,Texas Longhorns,58,68,0,2,2641,251,39.2,52.2
2020-02-29,401169764,Kansas State Wildcats,Kansas Jayhawks,58,62,0,2,2306,2305,39.6,41.9
2020-02-29,401169765,TCU Horned Frogs,Baylor Bears,75,72,0,2,2628,239,48.9,42.9
2020-02-29,401169766,Oklahoma State Cowboys,Iowa State Cyclones,73,61,0,2,197,66,51.9,40.7
2020-02-29,401169767,West Virginia Mountaineers,Oklahoma Sooners,62,73,0,2,277,201,34.3,49.1
2020-02-29,401170318,Dayton Flyers,Davidson Wildcats,82,67,0,2,2168,2166,72.3,47.2
2020-02-29,401170319,VCU Rams,George Washington Revolutionaries,75,51,0,2,2670,45,56.0,39.1
2020-02-29,401170320,Richmond Spiders,Massachusetts Minutemen,95,71,0,2,257,113,55.2,40.6
2020-02-29,401170322,Saint Joseph's Hawks,Fordham Rams,73,69,0,2,2603,2230,35.7,39.4
2020-02-29,401170323,La Salle Explorers,St. Bonaventure Bonnies,73,65,0,2,2325,179,40.0,43.3
2020-02-29,401170501,Stetson Hatters,Jacksonville Dolphins,52,53,0,2,56,294,35.1,35.8
2020-02-29,401170502,Kennesaw State Owls,NJIT Highlanders,55,76,0,2,338,2885,34.5,42.6
2020-02-29,401170503,Lipscomb Bisons,Liberty Flames,77,71,0,2,288,2335,56.5,47.3
2020-02-29,401170504,Florida Gulf Coast Eagles,North Alabama Lions,73,78,0,2,526,2453,51.9,50.0
2020-02-29,401170737,Washington Huskies,Washington State Cougars,74,78,0,2,264,265,44.4,50.0
2020-02-29,401170738,California Golden Bears,Utah Utes,86,79,0,2,25,254,43.9,50.0
2020-02-29,401170857,New Hampshire Wildcats,Binghamton Bearcats,89,70,0,2,160,2066,54.0,40.4
2020-02-29,401170928,Maine Black Bears,UMBC Retrievers,74,48,0,2,311,2378,45.9,37.5
2020-02-29,401170946,UMass Lowell River Hawks,Vermont Catamounts,77,94,0,2,2349,261,49.1,58.0
2020-02-29,401171037,Campbell Fighting Camels,UNC Asheville Bulldogs,78,69,0,2,2097,2427,58.0,54.0
2020-02-29,401171423,Presbyterian Blue Hose,Charleston Southern Buccaneers,76,65,0,2,2506,2127,47.3,37.9
2020-02-29,401171443,Radford Highlanders,Gardner-Webb Runnin' Bulldogs,62,70,0,2,2515,2241,44.8,51.0
2020-02-29,401171465,Hampton Pirates,South Carolina Upstate Spartans,79,90,0,2,2261,2908,50.0,52.3
2020-02-29,401171485,Winthrop Eagles,High Point Panthers,84,76,0,2,2737,2272,46.3,49.1
2020-02-29,401171710,Charleston Cougars,Drexel Dragons,75,66,0,2,232,2182,46.3,45.3
2020-02-29,401171864,William & Mary Tribe,Elon Phoenix,86,79,0,2,2729,2210,51.1,47.6
2020-02-29,401171882,Hofstra Pride,James Madison Dukes,97,81,0,2,2275,256,54.2,54.7
2020-02-29,401171951,Canisius Golden Griffins,Saint Peter's Peacocks,68,69,0,2,2099,2612,38.6,44.9
2020-02-29,401171974,Fairfield Stags,Quinnipiac Bobcats,58,60,0,2,2217,2514,37.9,39.3
2020-02-29,401171994,Niagara Purple Eagles,Iona Gaels,100,91,0,2,315,314,58.7,49.2
2020-02-29,401172031,Marist Red Foxes,Siena Saints,50,52,0,2,2368,2561,40.4,43.9
2020-02-29,401172045,Rider Broncs,Monmouth Hawks,79,67,0,2,2520,2405,44.4,36.5
2020-02-29,401172235,Holy Cross Crusaders,American University Eagles,47,90,0,2,107,44,28.0,51.6
2020-02-29,401172258,Colgate Raiders,Army Black Knights,91,65,0,2,2142,349,47.8,44.8
2020-02-29,401172274,Brown Bears,Princeton Tigers,49,71,0,2,225,163,32.8,46.3
2020-02-29,401172275,Brown Bears,Pennsylvania Quakers,68,73,0,2,225,219,37.5,43.1
2020-02-29,401172291,Columbia Lions,Harvard Crimson,69,77,0,2,171,108,40.9,47.4
2020-02-29,401172308,Cornell Big Red,Dartmouth Big Green,70,82,0,2,172,159,49.0,55.6
2020-02-29,401172309,Cornell Big Red,Harvard Crimson,58,67,0,2,172,108,39.6,39.5
2020-02-29,401172338,Yale Bulldogs,Pennsylvania Quakers,76,73,0,2,43,219,43.5,48.3
2020-02-29,401172508,IU Indianapolis Jaguars,Detroit Mercy Titans,88,90,0,2,85,2174,50.7,50.8
2020-02-29,401172710,Eastern Michigan Eagles,Central Michigan Chippewas,67,63,0,2,2199,2117,40.7,40.4
2020-02-29,401172711,Buffalo Bulls,Akron Zips,73,86,0,2,2084,2006,37.0,47.6
2020-02-29,401172713,Western Michigan Broncos,Northern Illinois Huskies,72,69,0,2,2711,2459,54.2,48.2
2020-02-29,401172714,Toledo Rockets,Ball State Cardinals,69,63,0,2,2649,2050,43.1,37.5
2020-02-29,401172736,Miami (OH) RedHawks,Bowling Green Falcons,73,55,0,2,193,189,43.5,36.7
2020-02-29,401172898,Boston University Terriers,Bucknell Bison,74,71,0,2,104,2083,53.7,44.8
2020-02-29,401172899,Lafayette Leopards,Navy Midshipmen,62,60,0,2,322,2426,46.4,40.4
2020-02-29,401172900,Loyola Maryland Greyhounds,Lehigh Mountain Hawks,71,74,0,2,2352,2329,42.3,45.0
2020-02-29,401172958,Abilene Christian Wildcats,Central Arkansas Bears,75,70,0,2,2000,2110,43.3,54.5
2020-02-29,401172997,Stephen F. Austin Lumberjacks,Lamar Cardinals,95,76,0,2,2617,2320,52.9,43.8
2020-02-29,401173058,Nicholls Colonels,LSU New Orleans Privateers,92,68,0,2,2447,2443,48.6,42.6
2020-02-29,401173072,SE Louisiana Lions,Northwestern State Demons,95,92,0,2,2545,2466,55.4,46.6
2020-02-29,401173512,Bradley Braves,Loyola Chicago Ramblers,66,67,0,2,71,2350,46.2,46.2
2020-02-29,401173533,Drake Bulldogs,Northern Iowa Panthers,43,70,0,2,2181,2460,30.2,47.6
2020-02-29,401173553,Evansville Purple Aces,Illinois State Redbirds,60,71,0,2,339,2287,32.8,46.4
2020-02-29,401173592,Indiana State Sycamores,Valparaiso Beacons,71,58,0,2,282,2674,48.2,39.3
2020-02-29,401173617,Missouri State Bears,Southern Illinois Salukis,84,59,0,2,2623,79,54.2,37.0
2020-02-29,401173801,Colorado State Rams,Air Force Falcons,87,74,0,2,36,2005,55.8,47.4
2020-02-29,401173802,San José State Spartans,UNLV Rebels,69,92,0,2,23,2439,39.6,55.7
2020-02-29,401174060,SIU Edwardsville Cougars,Eastern Illinois Panthers,52,70,0,2,2565,2197,38.0,48.2
2020-02-29,401174494,UIC Flames,Oakland Golden Grizzlies,66,68,0,2,82,2473,42.4,40.7
2020-02-29,401174863,App State Mountaineers,Coastal Carolina Chanticleers,77,84,0,2,2026,324,40.4,51.7
2020-02-29,401174864,Georgia State Panthers,Georgia Southern Eagles,70,79,0,2,2247,290,34.8,48.1
2020-02-29,401174865,Little Rock Trojans,Louisiana Ragin' Cajuns,91,69,0,2,2031,309,55.2,46.6
2020-02-29,401174867,UT Arlington Mavericks,Texas State Bobcats,85,87,0,2,250,326,38.2,39.3
2020-02-29,401175021,Denver Pioneers,Western Illinois Leathernecks,69,63,0,2,2172,2710,42.6,35.5
2020-02-29,401175022,South Dakota Coyotes,North Dakota Fighting Hawks,77,67,0,2,233,155,54.2,47.4
2020-02-29,401175023,North Dakota State Bison,Omaha Mavericks,87,67,0,2,2449,2437,48.4,41.7
2020-02-29,401175096,UT Martin Skyhawks,Southeast Missouri State Redhawks,87,78,0,2,2630,2546,54.5,45.3
2020-02-29,401175152,Northern Kentucky Norse,Wright State Raiders,62,64,0,2,94,2750,33.9,39.3
2020-02-29,401175190,Pepperdine Waves,BYU Cougars,64,81,0,2,2492,252,39.4,53.1
2020-02-29,401175295,Santa Clara Broncos,Portland Pilots,73,68,0,2,2541,2501,45.3,45.1
2020-02-29,401175371,Chattanooga Mocs,UNC Greensboro Spartans,74,72,0,2,236,2430,49.1,43.5
2020-02-29,401175473,Furman Paladins,The Citadel Bulldogs,82,58,0,2,231,2643,45.5,45.1
2020-02-29,401175492,East Tennessee State Buccaneers,Western Carolina Catamounts,68,67,0,2,2193,2717,37.5,52.5
2020-02-29,401175707,Morgan State Bears,Coppin State Eagles,65,72,0,2,2415,2154,39.3,39.0
2020-02-29,401175723,Maryland Eastern Shore Hawks,Delaware State Hornets,63,84,0,2,2379,2169,31.5,47.7
2020-02-29,401175765,Norfolk State Spartans,Howard Bison,89,59,0,2,2450,47,43.1,36.2
2020-02-29,401175840,South Carolina State Bulldogs,North Carolina Central Eagles,82,83,0,2,2569,2428,34.2,51.7
2020-02-29,401176072,Samford Bulldogs,VMI Keydets,84,78,0,2,2535,2678,38.2,47.0
2020-02-29,401176080,Mercer Bears,Wofford Terriers,59,47,0,2,2382,2747,39.6,37.5
2020-02-29,401176111,Wagner Seahawks,Bryant Bulldogs,59,80,0,2,2681,2803,36.7,49.0
2020-02-29,401176217,Alcorn State Braves,Southern Jaguars,57,71,0,2,2016,2582,36.2,44.4
2020-02-29,401176236,Grambling Tigers,Arkansas-Pine Bluff Golden Lions,60,46,0,2,2755,2029,39.2,37.0
2020-02-29,401176250,Jackson State Tigers,Mississippi Valley State Delta Devils,87,70,0,2,2296,2400,50.7,36.6
2020-02-29,401176312,Prairie View A&M Panthers,Alabama State Hornets,65,58,0,2,2504,2011,36.7,40.4
2020-02-29,401176424,Texas A&M-Corpus Christi Islanders,Incarnate Word Cardinals,78,70,0,2,357,2916,49.0,46.8
2020-02-29,401176515,Central Connecticut Blue Devils,St. Francis Brooklyn Terriers,79,85,0,2,2115,2597,42.2,42.9
2020-02-29,401176516,Mount St. Mary's Mountaineers,Fairleigh Dickinson Knights,77,83,0,2,116,161,44.8,51.9
2020-02-29,401176517,Sacred Heart Pioneers,Long Island University Sharks,76,67,0,2,2529,112358,41.9,38.1
2020-02-29,401176518,Robert Morris Colonials,Saint Francis Red Wolves,78,68,0,2,2523,2598,50.9,38.6
2020-03-01,401166252,Maryland Terrapins,Michigan State Spartans,66,78,0,2,120,127,42.6,47.5
2020-03-01,401166253,Illinois Fighting Illini,Indiana Hoosiers,67,66,0,2,356,84,44.2,40.7
2020-03-01,401166254,Nebraska Cornhuskers,Northwestern Wildcats,76,81,0,2,158,77,42.4,46.3
2020-03-01,401166255,Ohio State Buckeyes,Michigan Wolverines,77,63,0,2,194,130,47.4,44.6
2020-03-01,401166256,Wisconsin Badgers,Minnesota Golden Gophers,71,69,0,2,275,135,39.7,44.8
2020-03-01,401166394,Alabama Crimson Tide,South Carolina Gamecocks,90,86,0,2,333,2579,43.6,45.7
2020-03-01,401166599,Northern Colorado Bears,Eastern Washington Eagles,64,68,0,2,2458,331,39.1,47.5
2020-03-01,401166600,Southern Utah Thunderbirds,Idaho Vandals,87,55,0,2,253,70,54.1,40.7
2020-03-01,401166601,Sacramento State Hornets,Montana Grizzlies,71,79,0,2,16,149,51.9,58.0
2020-03-01,401166603,Weber State Wildcats,Portland State Vikings,83,89,0,2,2692,2502,50.0,44.0
2020-03-01,401168337,St. John's Red Storm,Creighton Bluejays,91,71,0,2,2599,156,55.0,37.3
2020-03-01,401168403,Georgetown Hoyas,Xavier Musketeers,63,66,0,2,46,2752,36.8,41.4
2020-03-01,401168519,Louisville Cardinals,Virginia Tech Hokies,68,52,0,2,97,259,45.6,38.0
2020-03-01,401168564,Georgia Tech Yellow Jackets,Miami Hurricanes,63,57,0,2,59,2390,40.0,36.7
2020-03-01,401169496,Tulane Green Wave,Memphis Tigers,67,74,0,2,2655,235,28.2,42.9
2020-03-01,401169497,Temple Owls,South Florida Bulls,58,64,0,2,218,58,36.4,37.3
2020-03-01,401169498,Houston Cougars,Cincinnati Bearcats,68,55,0,2,248,2132,36.4,34.9
2020-03-01,401169499,SMU Mustangs,Wichita State Shockers,62,66,0,2,2567,2724,44.8,38.3
2020-03-01,401170321,Duquesne Dukes,George Mason Patriots,81,78,0,2,2184,2244,56.0,52.7
2020-03-01,401170324,Rhode Island Rams,Saint Louis Billikens,62,72,0,2,227,139,37.9,52.5
2020-03-01,401170739,UCLA Bruins,Arizona Wildcats,69,64,0,2,26,12,33.3,44.4
2020-03-01,401170740,USC Trojans,Arizona State Sun Devils,71,61,0,2,30,9,50.0,32.8
2020-03-01,401170741,Stanford Cardinal,Colorado Buffaloes,72,64,0,2,24,38,52.5,42.6
2020-03-01,401170983,UAlbany Great Danes,Stony Brook Seawolves,49,52,0,2,399,2619,35.7,38.0
2020-03-01,401171606,Cal State Northridge Matadors,Cal State Fullerton Titans,99,92,0,2,2463,2239,48.6,45.3
2020-03-01,401171627,UC Davis Aggies,Long Beach State Beach,77,76,0,2,302,299,45.6,54.0
2020-03-01,401171669,UC Irvine Anteaters,UC Santa Barbara Gauchos,69,58,0,2,300,2540,45.6,36.8
2020-03-01,401171821,UNC Wilmington Seahawks,Delaware Blue Hens,65,82,0,2,350,48,42.6,58.8
2020-03-01,401171975,Fairfield Stags,Rider Broncs,51,65,0,2,2217,2520,31.9,41.7
2020-03-01,401172013,Monmouth Hawks,Manhattan Jaspers,80,60,0,2,2405,2363,51.0,41.5
2020-03-01,401172032,Quinnipiac Bobcats,Marist Red Foxes,71,52,0,2,2514,2368,42.9,29.4
2020-03-01,401172292,Columbia Lions,Dartmouth Big Green,57,76,0,2,171,159,33.3,43.1
2020-03-01,401172347,Yale Bulldogs,Princeton Tigers,66,63,0,2,43,163,46.0,41.4
2020-03-01,401172424,Northeastern Huskies,Towson Tigers,72,75,0,2,111,119,47.4,49.0
2020-03-01,401172483,Green Bay Phoenix,Cleveland State Vikings,74,67,0,2,2739,325,44.6,33.8
2020-03-01,401173016,Houston Christian Huskies,McNeese Cowboys,80,100,0,2,2277,2377,39.7,56.3
2020-03-01,401173803,Fresno State Bulldogs,Wyoming Cowboys,63,55,0,2,278,2751,38.8,35.8
2020-03-01,401173804,Nevada Wolf Pack,San Diego State Aztecs,76,83,0,2,2440,21,49.1,52.8
2020-03-01,401173805,New Mexico Lobos,Utah State Aggies,66,64,0,2,167,328,44.8,47.2
2020-03-01,401173900,Murray State Racers,Austin Peay Governors,75,61,0,2,93,2046,51.9,40.0
2020-03-01,401173968,Tennessee State Tigers,Belmont Bruins,65,72,0,2,2634,2057,50.0,52.8
2020-03-01,401174081,Eastern Kentucky Colonels,Morehead State Eagles,80,76,0,2,2198,2413,44.3,49.1
2020-03-01,401174198,Jacksonville State Gamecocks,Tennessee Tech Golden Eagles,75,71,0,2,55,2635,50.0,44.1
2020-03-01,401174433,Hawai'i Rainbow Warriors,UC Riverside Highlanders,43,49,0,2,62,27,32.0,38.8
2020-03-01,401174866,South Alabama Jaguars,Troy Trojans,78,63,0,2,6,2653,68.4,37.9
2020-03-01,401175024,Oral Roberts Golden Eagles,Purdue Fort Wayne Mastodons,72,66,0,2,198,2870,50.9,42.6
2020-03-01,401175153,Milwaukee Panthers,Youngstown State Penguins,69,73,0,2,270,2754,50.0,43.1
2020-03-01,401175196,California Baptist Lancers,Seattle U Redhawks,88,87,0,2,2856,2547,48.3,47.1
2020-03-01,401175292,Gonzaga Bulldogs,Saint Mary's Gaels,86,76,0,2,2250,2608,59.3,49.2
2020-03-01,401175293,Loyola Marymount Lions,San Francisco Dons,67,69,0,2,2351,2539,54.2,42.1
2020-03-01,401175294,San Diego Toreros,Pacific Tigers,64,71,0,2,301,279,39.1,42.6
2020-03-01,401175565,Kansas City Roos,Chicago State Cougars,80,58,0,2,140,2130,50.0,48.6
2020-03-01,401175638,Grand Canyon Lopes,UT Rio Grande Valley Vaqueros,80,88,0,2,2253,292,56.6,51.7
2020-03-01,401175751,Cal State Bakersfield Roadrunners,New Mexico State Aggies,46,62,0,2,2934,166,39.6,40.0
2020-03-01,401176176,Texas Southern Tigers,Alabama A&M Bulldogs,85,58,0,2,2640,2010,46.3,34.5
2020-03-01,401212063,Charlotte 49ers,Florida International Panthers,52,67,0,2,2429,2229,35.3,48.3
2020-03-01,401212064,North Texas Mean Green,Western Kentucky Hilltoppers,78,72,0,2,249,98,49.1,43.5
2020-03-01,401212065,Old Dominion Monarchs,Florida Atlantic Owls,85,80,0,2,295,2226,46.7,50.0
2020-03-01,401212066,UTSA Roadrunners,UAB Blazers,66,59,0,2,2636,5,36.5,36.1
2020-03-01,401212067,Rice Owls,Middle Tennessee Blue Raiders,77,66,0,2,242,2393,52.0,42.6
2020-03-01,401212068,UTEP Miners,Southern Miss Golden Eagles,75,56,0,2,2638,2572,45.6,42.3
2020-03-03,401166379,South Carolina Gamecocks,Mississippi State Bulldogs,83,71,0,2,2579,344,48.5,39.3
2020-03-03,401166604,Weber State Wildcats,Idaho State Bengals,70,78,0,2,2692,304,42.9,50.0
2020-03-03,401168371,Duke Blue Devils,NC State Wolfpack,88,69,0,2,150,152,47.6,43.3
2020-03-03,401169768,Baylor Bears,Texas Tech Red Raiders,71,68,0,2,239,2641,36.5,50.0
2020-03-03,401175690,North Carolina Central Eagles,Bethune-Cookman Wildcats,71,68,0,2,2428,2065,45.8,39.1
2020-03-03,401175724,Delaware State Hornets,Norfolk State Spartans,73,79,0,2,2169,2450,39.1,45.2
2020-03-03,401175766,Howard Bison,Maryland Eastern Shore Hawks,62,60,0,2,47,2379,34.0,33.8
2020-03-03,401175811,South Carolina State Bulldogs,North Carolina A&T Aggies,65,76,0,2,2569,2448,43.4,63.6
2020-03-03,401176177,Prairie View A&M Panthers,Alabama A&M Bulldogs,73,62,0,2,2504,2010,53.6,38.8
2020-03-03,401176237,Grambling Tigers,Mississippi Valley State Delta Devils,81,61,0,2,2755,2400,47.0,33.8
2020-03-03,401176251,Jackson State Tigers,Arkansas-Pine Bluff Golden Lions,76,56,0,2,2296,2029,49.0,46.8
2020-03-03,401176367,Texas Southern Tigers,Alabama State Hornets,78,73,0,2,2640,2011,40.4,41.0
2020-03-04,401166257,Iowa Hawkeyes,Purdue Boilermakers,68,77,0,2,2294,2509,37.5,37.3
2020-03-04,401166258,Penn State Nittany Lions,Michigan State Spartans,71,79,0,2,213,127,33.8,53.3
2020-03-04,401166259,Rutgers Scarlet Knights,Maryland Terrapins,78,67,0,2,164,120,49.2,38.5
2020-03-04,401166380,Alabama Crimson Tide,Vanderbilt Commodores,79,87,0,2,333,238,41.3,55.6
2020-03-04,401166381,Kentucky Wildcats,Tennessee Volunteers,73,81,0,2,96,2633,44.6,52.8
2020-03-04,401168381,DePaul Blue Demons,Marquette Golden Eagles,69,68,0,2,305,269,30.4,37.9
2020-03-04,401168440,Providence Friars,Xavier Musketeers,80,74,0,2,2507,2752,51.8,50.9
2020-03-04,401168504,North Carolina Tar Heels,Wake Forest Demon Deacons,93,83,0,2,153,154,50.8,48.3
2020-03-04,401168545,Boston College Eagles,Syracuse Orange,71,84,0,2,103,183,43.1,46.7
2020-03-04,401169500,South Florida Bulls,Cincinnati Bearcats,67,79,0,2,58,2132,42.6,56.9
2020-03-04,401169769,Oklahoma Sooners,Texas Longhorns,51,52,0,2,201,251,28.0,33.3
2020-03-04,401169770,Iowa State Cyclones,West Virginia Mountaineers,71,77,0,2,66,277,43.4,44.3
2020-03-04,401170325,Richmond Spiders,Davidson Wildcats,80,63,0,2,257,2166,49.1,41.2
2020-03-04,401170326,VCU Rams,Duquesne Dukes,77,80,0,2,2670,2184,50.8,47.4
2020-03-04,401170883,Hartford Hawks,Maine Black Bears,65,71,0,2,42,311,40.3,51.9
2020-03-04,401170947,New Hampshire Wildcats,UMass Lowell River Hawks,54,63,0,2,160,2349,36.8,44.9
2020-03-04,401170984,UMBC Retrievers,Stony Brook Seawolves,75,67,0,2,2378,2619,45.3,50.0
2020-03-04,401170996,Vermont Catamounts,UAlbany Great Danes,85,62,0,2,261,399,56.4,38.6
2020-03-04,401172715,Kent State Golden Flashes,Bowling Green Falcons,83,69,0,2,2309,189,50.0,34.9
2020-03-04,401172716,Akron Zips,Ohio Bobcats,74,67,0,2,2006,195,46.8,45.3
2020-03-04,401172717,Buffalo Bulls,Miami (OH) RedHawks,75,69,0,2,2084,193,40.0,34.5
2020-03-04,401172718,Ball State Cardinals,Central Michigan Chippewas,85,68,0,2,2050,2117,45.5,38.3
2020-03-04,401172719,Western Michigan Broncos,Eastern Michigan Eagles,70,54,0,2,2711,2199,40.7,33.9
2020-03-04,401172720,Northern Illinois Huskies,Toledo Rockets,71,50,0,2,2459,2649,50.0,29.8
2020-03-04,401172959,Abilene Christian Wildcats,Stephen F. Austin Lumberjacks,72,77,0,2,2000,2617,43.6,46.2
2020-03-04,401174868,Georgia Southern Eagles,Arkansas State Red Wolves,75,76,0,2,290,2032,49.1,46.8
2020-03-04,401174869,Georgia State Panthers,Little Rock Trojans,89,70,0,2,2247,2031,50.9,41.3
2020-03-04,401174870,Louisiana Ragin' Cajuns,Coastal Carolina Chanticleers,108,101,0,2,309,324,50.0,48.0
2020-03-04,401174871,South Alabama Jaguars,Texas State Bobcats,58,54,0,2,6,326,44.6,42.9
2020-03-04,401174872,Troy Trojans,UT Arlington Mavericks,64,78,0,2,2653,250,45.8,55.2
2020-03-04,401174873,UL Monroe Warhawks,App State Mountaineers,57,61,0,2,2433,2026,36.1,43.8
2020-03-04,401210934,North Florida Ospreys,Jacksonville Dolphins,91,88,0,2,2454,294,47.5,52.5
2020-03-04,401210936,Lipscomb Bisons,Florida Gulf Coast Eagles,68,63,0,2,288,526,47.5,42.6
2020-03-04,401210937,Stetson Hatters,North Alabama Lions,82,72,0,2,56,2453,53.3,42.6
2020-03-04,401210938,Liberty Flames,NJIT Highlanders,55,49,0,2,2335,2885,37.0,32.7
2020-03-04,401210989,Charleston Southern Buccaneers,Presbyterian Blue Hose,81,64,0,2,2127,2506,50.0,38.5
2020-03-04,401210990,UNC Asheville Bulldogs,Campbell Fighting Camels,72,68,0,2,2427,2097,37.3,44.6
2020-03-04,401210991,South Carolina Upstate Spartans,High Point Panthers,69,59,0,2,2908,2272,42.3,37.5
2020-03-04,401211049,Fresno State Bulldogs,Air Force Falcons,70,77,1,2,278,2005,44.2,53.7
2020-03-04,401211050,New Mexico Lobos,San José State Spartans,79,66,1,2,167,23,47.5,40.3
2020-03-04,401211633,Oakland Golden Grizzlies,Cleveland State Vikings,80,59,0,2,2473,325,49.1,38.7
2020-03-04,401211634,Youngstown State Penguins,Milwaukee Panthers,63,57,0,2,2754,270,47.9,38.9
2020-03-04,401211635,UIC Flames,IU Indianapolis Jaguars,93,59,0,2,82,85,60.0,30.5
2020-03-04,401211652,Lehigh Mountain Hawks,Loyola Maryland Greyhounds,78,75,0,2,2329,2352,50.8,54.7
2020-03-04,401211653,Bucknell Bison,Holy Cross Crusaders,65,62,0,2,2083,107,44.6,50.0
2020-03-05,401166260,Indiana Hoosiers,Minnesota Golden Gophers,72,67,0,2,84,135,50.8,43.3
2020-03-05,401166261,Wisconsin Badgers,Northwestern Wildcats,63,48,0,2,275,77,39.0,31.5
2020-03-05,401166262,Michigan Wolverines,Nebraska Cornhuskers,82,58,0,2,130,158,45.7,36.2
2020-03-05,401166382,Georgia Bulldogs,Florida Gators,54,68,0,2,61,57,43.5,46.4
2020-03-05,401166383,Auburn Tigers,Texas A&M Aggies,75,78,0,2,2,245,43.1,47.5
2020-03-05,401166384,Arkansas Razorbacks,LSU Tigers,99,90,0,2,8,99,50.0,44.3
2020-03-05,401166385,Ole Miss Rebels,Missouri Tigers,75,67,0,2,145,142,44.9,36.7
2020-03-05,401168313,Butler Bulldogs,St. John's Red Storm,77,55,0,2,2086,2599,50.0,36.7
2020-03-05,401168338,Creighton Bluejays,Georgetown Hoyas,91,76,0,2,156,46,50.0,40.0
2020-03-05,401168454,Seton Hall Pirates,Villanova Wildcats,77,79,0,2,2550,222,43.8,51.9
2020-03-05,401168490,Miami Hurricanes,Virginia Cavaliers,44,46,0,2,2390,258,35.3,36.7
2020-03-05,401168531,Notre Dame Fighting Irish,Florida State Seminoles,71,73,0,2,87,52,45.5,43.5
2020-03-05,401168555,Virginia Tech Hokies,Clemson Tigers,70,58,0,2,259,228,54.2,35.1
2020-03-05,401168565,Georgia Tech Yellow Jackets,Pittsburgh Panthers,73,57,0,2,59,221,49.1,30.9
2020-03-05,401169501,UCF Knights,SMU Mustangs,61,58,0,2,2116,2567,38.8,42.2
2020-03-05,401169502,Temple Owls,Tulsa Golden Hurricane,51,61,0,2,218,202,29.8,39.6
2020-03-05,401169771,Oklahoma State Cowboys,Kansas State Wildcats,69,63,0,2,197,2306,45.7,36.2
2020-03-05,401169772,Kansas Jayhawks,TCU Horned Frogs,75,66,0,2,2305,2628,53.7,41.5
2020-03-05,401170327,Rhode Island Rams,Dayton Flyers,57,84,0,2,227,2168,28.8,46.8
2020-03-05,401170328,George Washington Revolutionaries,Fordham Rams,52,63,0,2,45,2230,36.0,38.6
2020-03-05,401170329,George Mason Patriots,Saint Louis Billikens,57,69,0,2,2244,139,38.5,51.0
2020-03-05,401170330,La Salle Explorers,Massachusetts Minutemen,64,75,0,2,2325,113,37.5,47.1
2020-03-05,401170331,St. Bonaventure Bonnies,Saint Joseph's Hawks,89,73,0,2,179,2603,55.7,45.8
2020-03-05,401171670,UC Irvine Anteaters,Cal State Northridge Matadors,70,72,0,2,300,2463,43.9,50.0
2020-03-05,401171952,Marist Red Foxes,Canisius Golden Griffins,69,85,0,2,2368,2099,47.3,54.4
2020-03-05,401171976,Monmouth Hawks,Fairfield Stags,69,45,0,2,2405,2217,43.1,22.2
2020-03-05,401171995,Iona Gaels,Quinnipiac Bobcats,68,69,0,2,314,2514,40.3,36.1
2020-03-05,401172014,Rider Broncs,Manhattan Jaspers,71,59,0,2,2520,2363,49.0,33.9
2020-03-05,401172061,Siena Saints,Niagara Purple Eagles,77,55,0,2,2561,315,50.0,32.8
2020-03-05,401173017,Incarnate Word Cardinals,Houston Christian Huskies,76,88,0,2,2916,2277,37.5,52.3
2020-03-05,401173039,Nicholls Colonels,McNeese Cowboys,80,56,0,2,2447,2377,51.5,41.2
2020-03-05,401173073,Northwestern State Demons,LSU New Orleans Privateers,95,73,0,2,2466,2443,44.4,39.3
2020-03-05,401173227,SE Louisiana Lions,Central Arkansas Bears,69,65,0,2,2545,2110,37.3,40.7
2020-03-05,401176425,Texas A&M-Corpus Christi Islanders,Sam Houston Bearkats,74,60,0,2,357,2534,45.8,42.1
2020-03-05,401210957,Sacred Heart Pioneers,Mount St. Mary's Mountaineers,61,59,0,2,2529,116,37.1,46.5
2020-03-05,401210958,Long Island University Sharks,Fairleigh Dickinson Knights,73,72,0,2,112358,161,50.8,41.8
2020-03-05,401210959,Saint Francis Red Wolves,Bryant Bulldogs,87,61,0,2,2598,2803,57.1,33.8
2020-03-05,401210960,Robert Morris Colonials,St. Francis Brooklyn Terriers,59,58,0,2,2523,2597,42.6,40.4
2020-03-05,401210992,Winthrop Eagles,South Carolina Upstate Spartans,106,70,1,2,2737,2908,60.3,41.7
2020-03-05,401210993,Gardner-Webb Runnin' Bulldogs,UNC Asheville Bulldogs,72,62,1,2,2241,2427,51.0,37.7
2020-03-05,401210994,Radford Highlanders,Charleston Southern Buccaneers,62,48,0,2,2515,2127,42.6,35.8
2020-03-05,401211051,Colorado State Rams,Wyoming Cowboys,74,80,1,2,36,2751,39.7,45.5
2020-03-05,401211052,San Diego State Aztecs,Air Force Falcons,73,60,1,2,21,2005,50.0,44.7
2020-03-05,401211053,UNLV Rebels,Boise State Broncos,61,67,0,2,2439,68,31.6,36.8
2020-03-05,401211059,Tennessee State Tigers,Morehead State Eagles,74,67,1,2,2634,2413,42.1,33.3
2020-03-05,401211060,Eastern Illinois Panthers,Jacksonville State Gamecocks,67,61,1,2,2197,55,45.3,37.5
2020-03-05,401212069,Charlotte 49ers,North Texas Mean Green,56,43,0,2,2429,249,39.1,31.3
2020-03-05,401212070,Louisiana Tech Bulldogs,Florida International Panthers,76,73,0,2,2348,2229,54.0,42.0
2020-03-05,401212071,Old Dominion Monarchs,UTSA Roadrunners,84,59,0,2,295,2636,49.3,32.8
2020-03-05,401212072,Marshall Thundering Herd,Florida Atlantic Owls,94,82,0,2,276,2226,53.4,41.1
2020-03-05,401212073,Middle Tennessee Blue Raiders,UTEP Miners,56,60,0,2,2393,2638,37.7,43.4
2020-03-05,401212074,Southern Miss Golden Eagles,Rice Owls,57,72,0,2,2572,242,40.7,37.9
2020-03-06,401166263,Ohio State Buckeyes,Illinois Fighting Illini,71,63,0,2,194,356,38.6,43.6
2020-03-06,401166605,Eastern Washington Eagles,Idaho State Bengals,100,77,0,2,331,304,57.1,52.6
2020-03-06,401166606,Montana Grizzlies,Northern Colorado Bears,64,71,0,2,149,2458,46.7,55.8
2020-03-06,401166607,Montana State Bobcats,Southern Utah Thunderbirds,73,65,0,2,147,253,48.9,41.7
2020-03-06,401166608,Portland State Vikings,Northern Arizona Lumberjacks,80,66,0,2,2502,2464,49.2,47.3
2020-03-06,401166609,Idaho Vandals,Weber State Wildcats,64,72,0,2,70,2692,43.5,48.3
2020-03-06,401169503,UConn Huskies,Houston Cougars,77,71,0,2,41,248,50.0,36.6
2020-03-06,401169504,Memphis Tigers,Wichita State Shockers,68,60,0,2,235,2724,37.7,34.4
2020-03-06,401170742,Arizona Wildcats,Washington State Cougars,83,62,0,2,12,265,47.1,32.1
2020-03-06,401170743,Arizona State Sun Devils,Washington Huskies,83,90,0,2,9,264,40.8,50.8
2020-03-06,401170744,Oregon Ducks,California Golden Bears,90,56,0,2,2483,25,59.6,35.7
2020-03-06,401170745,Oregon State Beavers,Stanford Cardinal,68,65,0,2,204,24,43.8,44.6
2020-03-06,401171582,Long Beach State Beach,Cal Poly Mustangs,80,73,0,2,299,13,42.9,36.5
2020-03-06,401171607,UC Santa Barbara Gauchos,Cal State Fullerton Titans,55,53,0,2,2540,2239,31.9,36.2
2020-03-06,401171648,UC Davis Aggies,Hawai'i Rainbow Warriors,65,67,0,2,302,62,47.3,41.8
2020-03-06,401172721,Akron Zips,Kent State Golden Flashes,79,76,0,2,2006,2309,44.2,38.4
2020-03-06,401172724,Bowling Green Falcons,Buffalo Bulls,84,88,0,2,189,2084,40.3,54.4
2020-03-06,401175197,New Mexico State Aggies,California Baptist Lancers,83,50,0,2,166,2856,50.0,28.8
2020-03-06,401175550,Utah Valley Wolverines,Kansas City Roos,51,61,0,2,3084,140,42.9,40.4
2020-03-06,401175691,Bethune-Cookman Wildcats,Florida A&M Rattlers,72,70,0,2,2065,50,43.5,42.6
2020-03-06,401175708,Maryland Eastern Shore Hawks,Coppin State Eagles,60,63,0,2,2379,2154,31.9,36.4
2020-03-06,401175725,Howard Bison,Delaware State Hornets,88,100,0,2,47,2169,50.0,50.8
2020-03-06,401175788,Morgan State Bears,Norfolk State Spartans,62,68,0,2,2415,2450,34.9,40.8
2020-03-06,401175812,North Carolina Central Eagles,North Carolina A&T Aggies,86,80,0,2,2428,2448,51.7,43.1
2020-03-06,401176178,Alabama A&M Bulldogs,Grambling Tigers,58,57,0,2,2010,2755,40.0,40.8
2020-03-06,401176218,Alcorn State Braves,Prairie View A&M Panthers,80,71,0,2,2016,2504,42.3,43.1
2020-03-06,401176252,Alabama State Hornets,Jackson State Tigers,59,71,0,2,2011,2296,32.2,54.9
2020-03-06,401176343,Southern Jaguars,Texas Southern Tigers,89,74,0,2,2582,2640,61.7,46.0
2020-03-06,401210939,North Florida Ospreys,Lipscomb Bisons,71,73,0,2,2454,288,43.9,50.0
2020-03-06,401210940,Liberty Flames,Stetson Hatters,66,62,0,2,2335,56,45.8,46.9
2020-03-06,401210996,Longwood Lancers,Hampton Pirates,53,78,1,2,2344,2261,33.3,50.9
2020-03-06,401210997,Winthrop Eagles,Gardner-Webb Runnin' Bulldogs,78,66,1,2,2737,2241,45.5,38.6
2020-03-06,401211054,Utah State Aggies,New Mexico Lobos,75,70,1,2,328,167,50.9,35.5
2020-03-06,401211055,Nevada Wolf Pack,Wyoming Cowboys,71,74,1,2,2440,2751,36.2,38.7
2020-03-06,401211061,Eastern Kentucky Colonels,Tennessee State Tigers,58,48,1,2,2198,2634,30.4,37.5
2020-03-06,401211062,Austin Peay Governors,Eastern Illinois Panthers,76,65,1,2,2046,2197,52.7,41.3
2020-03-06,401211066,Samford Bulldogs,VMI Keydets,78,96,1,2,2535,2678,37.5,47.1
2020-03-06,401211133,Drake Bulldogs,Illinois State Redbirds,75,65,1,2,2181,2287,52.1,38.9
2020-03-06,401211134,Valparaiso Beacons,Evansville Purple Aces,58,55,1,2,2674,339,45.5,38.5
2020-03-06,401211135,Northern Iowa Panthers,Drake Bulldogs,56,77,1,2,2460,2181,30.9,50.0
2020-03-06,401211136,Bradley Braves,Southern Illinois Salukis,64,59,1,2,71,79,39.7,37.5
2020-03-06,401211156,Loyola Marymount Lions,San Diego Toreros,75,61,1,2,2351,301,50.0,32.7
2020-03-06,401211157,Santa Clara Broncos,Portland Pilots,76,62,1,2,2541,2501,46.4,39.3
2020-03-06,401211636,UIC Flames,Youngstown State Penguins,67,61,0,2,82,2754,36.1,36.9
2020-03-06,401211637,Green Bay Phoenix,Oakland Golden Grizzlies,78,63,0,2,2739,2473,47.5,36.8
2020-03-06,401211654,American University Eagles,Bucknell Bison,59,64,0,2,44,2083,36.2,52.0
2020-03-06,401211655,Boston University Terriers,Navy Midshipmen,69,63,0,2,104,2426,42.1,42.1
2020-03-06,401211656,Army Black Knights,Lafayette Leopards,68,73,0,2,349,322,41.2,48.3
2020-03-06,401211657,Colgate Raiders,Lehigh Mountain Hawks,83,70,0,2,2142,2329,49.2,46.0
2020-03-07,401166264,Indiana Hoosiers,Wisconsin Badgers,56,60,0,2,84,275,34.5,41.5
2020-03-07,401166265,Northwestern Wildcats,Penn State Nittany Lions,80,69,0,2,77,213,46.4,32.9
2020-03-07,401166266,Purdue Boilermakers,Rutgers Scarlet Knights,68,71,0,2,2509,164,33.8,44.3
2020-03-07,401166386,Tennessee Volunteers,Auburn Tigers,63,85,0,2,2633,2,33.3,50.0
2020-03-07,401166387,Vanderbilt Commodores,South Carolina Gamecocks,83,74,0,2,238,2579,42.6,43.5
2020-03-07,401166388,Florida Gators,Kentucky Wildcats,70,71,0,2,57,96,52.1,47.4
2020-03-07,401166389,LSU Tigers,Georgia Bulldogs,94,64,0,2,99,61,57.6,36.2
2020-03-07,401166390,Missouri Tigers,Alabama Crimson Tide,69,50,0,2,142,333,41.5,30.4
2020-03-07,401166391,Texas A&M Aggies,Arkansas Razorbacks,77,69,0,2,245,8,47.2,43.1
2020-03-07,401166392,Mississippi State Bulldogs,Ole Miss Rebels,69,44,0,2,344,145,46.2,29.4
2020-03-07,401166610,Eastern Washington Eagles,Weber State Wildcats,78,69,0,2,331,2692,43.9,42.6
2020-03-07,401166611,Idaho Vandals,Idaho State Bengals,80,76,0,2,70,304,57.7,46.6
2020-03-07,401166613,Montana State Bobcats,Northern Colorado Bears,61,75,0,2,147,2458,42.3,44.8
2020-03-07,401168339,Creighton Bluejays,Seton Hall Pirates,77,60,0,2,156,2550,54.7,44.6
2020-03-07,401168372,Duke Blue Devils,North Carolina Tar Heels,89,76,0,2,150,153,47.2,40.8
2020-03-07,401168382,Providence Friars,DePaul Blue Demons,93,55,0,2,2507,305,48.4,34.9
2020-03-07,401168404,Georgetown Hoyas,Villanova Wildcats,69,70,0,2,46,222,45.8,46.9
2020-03-07,401168422,St. John's Red Storm,Marquette Golden Eagles,88,86,0,2,2599,269,47.5,45.2
2020-03-07,401168492,Virginia Cavaliers,Louisville Cardinals,57,54,0,2,258,97,41.3,37.3
2020-03-07,401168532,Florida State Seminoles,Boston College Eagles,80,62,0,2,52,103,42.5,33.3
2020-03-07,401168546,Miami Hurricanes,Syracuse Orange,69,65,0,2,2390,183,36.5,36.9
2020-03-07,401168556,Notre Dame Fighting Irish,Virginia Tech Hokies,64,56,0,2,87,259,42.6,36.2
2020-03-07,401168566,Clemson Tigers,Georgia Tech Yellow Jackets,62,65,0,2,228,59,35.0,42.9
2020-03-07,401168581,NC State Wolfpack,Wake Forest Demon Deacons,84,64,0,2,152,154,56.7,47.4
2020-03-07,401169773,West Virginia Mountaineers,Baylor Bears,76,64,0,2,277,239,46.2,42.4
2020-03-07,401169774,Texas Tech Red Raiders,Kansas Jayhawks,62,66,0,2,2641,2305,37.1,41.0
2020-03-07,401169775,Texas Longhorns,Oklahoma State Cowboys,59,81,0,2,251,197,35.2,66.0
2020-03-07,401169776,TCU Horned Frogs,Oklahoma Sooners,76,78,0,2,2628,201,45.2,41.7
2020-03-07,401169777,Kansas State Wildcats,Iowa State Cyclones,79,63,0,2,2306,66,51.8,38.2
2020-03-07,401170332,Duquesne Dukes,Richmond Spiders,62,73,0,2,2184,257,35.0,41.8
2020-03-07,401170333,Davidson Wildcats,VCU Rams,75,65,0,2,2166,2670,48.9,47.1
2020-03-07,401170335,Fordham Rams,George Mason Patriots,61,65,0,2,2230,2244,40.4,42.6
2020-03-07,401170336,Saint Joseph's Hawks,La Salle Explorers,77,78,0,2,2603,2325,51.8,47.7
2020-03-07,401170747,Arizona State Sun Devils,Washington State Cougars,83,74,0,2,9,265,40.6,36.6
2020-03-07,401170749,Oregon State Beavers,California Golden Bears,74,56,0,2,204,25,44.4,37.0
2020-03-07,401170750,USC Trojans,UCLA Bruins,54,52,0,2,30,26,41.2,31.4
2020-03-07,401170751,Utah Utes,Colorado Buffaloes,74,72,0,2,254,38,39.7,43.8
2020-03-07,401171953,Canisius Golden Griffins,Niagara Purple Eagles,67,63,0,2,2099,315,39.1,43.1
2020-03-07,401171977,Manhattan Jaspers,Fairfield Stags,50,66,0,2,2363,2217,29.8,61.9
2020-03-07,401171996,Saint Peter's Peacocks,Iona Gaels,68,65,0,2,2612,314,42.4,43.8
2020-03-07,401172046,Monmouth Hawks,Siena Saints,72,86,0,2,2405,2561,39.1,55.2
2020-03-07,401172276,Harvard Crimson,Brown Bears,55,64,0,2,108,225,31.7,34.9
2020-03-07,401172293,Princeton Tigers,Columbia Lions,81,58,0,2,163,171,50.0,35.0
2020-03-07,401172294,Pennsylvania Quakers,Columbia Lions,85,65,0,2,219,171,56.9,39.1
2020-03-07,401172310,Pennsylvania Quakers,Cornell Big Red,78,64,0,2,219,172,49.2,46.6
2020-03-07,401172311,Princeton Tigers,Cornell Big Red,82,85,0,2,163,172,50.0,58.5
2020-03-07,401172327,Dartmouth Big Green,Yale Bulldogs,61,72,0,2,159,43,44.2,44.1
2020-03-07,401172722,Toledo Rockets,Eastern Michigan Eagles,79,57,0,2,2649,2199,40.7,40.7
2020-03-07,401172723,Central Michigan Chippewas,Western Michigan Broncos,85,68,0,2,2117,2711,45.6,43.3
2020-03-07,401172725,Northern Illinois Huskies,Ball State Cardinals,54,75,0,2,2459,2050,28.1,51.2
2020-03-07,401172726,Miami (OH) RedHawks,Ohio Bobcats,65,67,0,2,193,195,45.8,39.7
2020-03-07,401172960,Incarnate Word Cardinals,Abilene Christian Wildcats,68,71,0,2,2916,2000,44.6,44.8
2020-03-07,401172998,Lamar Cardinals,McNeese Cowboys,66,70,0,2,2320,2377,31.8,40.3
2020-03-07,401173018,Texas A&M-Corpus Christi Islanders,Houston Christian Huskies,84,78,0,2,357,2277,50.0,50.9
2020-03-07,401173074,Central Arkansas Bears,Northwestern State Demons,85,100,0,2,2110,2466,44.3,48.4
2020-03-07,401173244,Stephen F. Austin Lumberjacks,Sam Houston Bearkats,68,57,0,2,2617,2534,43.4,37.0
2020-03-07,401176219,Alcorn State Braves,Texas Southern Tigers,90,75,0,2,2016,2640,50.0,49.2
2020-03-07,401176238,Alabama State Hornets,Grambling Tigers,58,70,0,2,2011,2755,29.5,42.0
2020-03-07,401176333,Southern Jaguars,Prairie View A&M Panthers,89,80,0,2,2582,2504,46.0,51.2
2020-03-07,401210961,Saint Francis Red Wolves,Sacred Heart Pioneers,84,72,0,2,2598,2529,53.2,40.6
2020-03-07,401210962,Robert Morris Colonials,Long Island University Sharks,86,66,0,2,2523,112358,57.1,35.8
2020-03-07,401210964,Drexel Dragons,UNC Wilmington Seahawks,66,55,1,2,2182,350,42.1,38.6
2020-03-07,401210965,Elon Phoenix,James Madison Dukes,63,61,1,2,2210,256,40.0,45.3
2020-03-07,401210998,Radford Highlanders,Hampton Pirates,78,86,0,2,2515,2261,41.5,55.4
2020-03-07,401211056,San Diego State Aztecs,Boise State Broncos,81,68,1,2,21,68,49.1,39.3
2020-03-07,401211057,Utah State Aggies,Wyoming Cowboys,89,82,1,2,328,2751,56.0,42.9
2020-03-07,401211058,San Diego State Aztecs,Utah State Aggies,56,59,1,2,21,328,34.4,43.8
2020-03-07,401211063,Belmont Bruins,Eastern Kentucky Colonels,60,50,1,2,2057,2198,33.8,29.9
2020-03-07,401211064,Murray State Racers,Austin Peay Governors,73,61,1,2,93,2046,44.3,39.3
2020-03-07,401211067,Wofford Terriers,The Citadel Bulldogs,93,76,1,2,2747,2643,56.5,41.1
2020-03-07,401211068,East Tennessee State Buccaneers,VMI Keydets,70,57,1,2,2193,2678,51.0,35.6
2020-03-07,401211069,Mercer Bears,Western Carolina Catamounts,56,70,1,2,2382,2717,40.0,52.4
2020-03-07,401211070,Furman Paladins,Wofford Terriers,68,77,1,2,231,2747,41.8,48.0
2020-03-07,401211103,UMBC Retrievers,New Hampshire Wildcats,73,67,0,2,2378,160,51.0,43.1
2020-03-07,401211105,Hartford Hawks,UMass Lowell River Hawks,89,75,0,2,42,2349,59.2,43.4
2020-03-07,401211137,Loyola Chicago Ramblers,Valparaiso Beacons,73,74,1,2,2350,2674,44.8,43.3
2020-03-07,401211138,Indiana State Sycamores,Missouri State Bears,51,78,1,2,282,2623,33.9,50.0
2020-03-07,401211139,Bradley Braves,Drake Bulldogs,76,66,1,2,71,2181,49.1,42.6
2020-03-07,401211140,Missouri State Bears,Valparaiso Beacons,82,89,1,2,2623,2674,48.4,48.3
2020-03-07,401211158,San Francisco Dons,Loyola Marymount Lions,82,53,1,2,2539,2351,51.7,38.3
2020-03-07,401211159,Pepperdine Waves,Santa Clara Broncos,84,73,1,2,2492,2541,44.3,36.8
2020-03-07,401211555,UT Arlington Mavericks,Coastal Carolina Chanticleers,62,63,0,2,250,324,36.7,36.8
2020-03-07,401211556,Louisiana Ragin' Cajuns,Arkansas State Red Wolves,73,66,0,2,309,2032,37.9,36.7
2020-03-07,401212077,UTSA Roadrunners,Marshall Thundering Herd,77,82,0,2,2636,276,35.3,43.1
2020-03-07,401212079,Middle Tennessee Blue Raiders,Southern Miss Golden Eagles,65,62,0,2,2393,2572,34.4,40.4
2020-03-07,401212080,Rice Owls,UTEP Miners,72,77,0,2,242,2638,35.9,43.9
2020-03-08,401166267,Illinois Fighting Illini,Iowa Hawkeyes,78,76,0,2,356,2294,49.2,50.0
2020-03-08,401166268,Maryland Terrapins,Michigan Wolverines,83,70,0,2,120,130,56.0,48.0
2020-03-08,401166269,Michigan State Spartans,Ohio State Buckeyes,80,69,0,2,127,194,48.3,45.3
2020-03-08,401166270,Minnesota Golden Gophers,Nebraska Cornhuskers,107,75,0,2,135,158,56.9,37.8
2020-03-08,401166612,Montana Grizzlies,Southern Utah Thunderbirds,80,85,0,2,149,253,41.5,42.9
2020-03-08,401166614,Portland State Vikings,Sacramento State Hornets,76,72,0,2,2502,16,41.4,43.6
2020-03-08,401168314,Xavier Musketeers,Butler Bulldogs,71,72,0,2,2752,2086,43.9,49.1
2020-03-08,401169505,South Florida Bulls,SMU Mustangs,61,60,0,2,58,2567,35.0,38.8
2020-03-08,401169506,Cincinnati Bearcats,Temple Owls,64,63,0,2,2132,218,38.2,37.3
2020-03-08,401169507,Houston Cougars,Memphis Tigers,64,57,0,2,248,235,34.3,36.0
2020-03-08,401169508,UCF Knights,East Carolina Pirates,94,62,0,2,2116,151,54.1,44.6
2020-03-08,401169509,Tulane Green Wave,UConn Huskies,76,80,0,2,2655,41,48.2,43.3
2020-03-08,401169510,Wichita State Shockers,Tulsa Golden Hurricane,79,57,0,2,2724,202,47.4,34.0
2020-03-08,401170334,Dayton Flyers,George Washington Revolutionaries,76,51,0,2,2168,45,54.9,39.6
2020-03-08,401170337,Massachusetts Minutemen,Rhode Island Rams,63,64,0,2,113,227,37.5,45.5
2020-03-08,401170338,Saint Louis Billikens,St. Bonaventure Bonnies,72,49,0,2,139,179,43.9,25.5
2020-03-08,401170746,Arizona Wildcats,Washington Huskies,63,69,0,2,12,264,35.1,42.9
2020-03-08,401170748,Oregon Ducks,Stanford Cardinal,80,67,0,2,2483,24,56.9,47.1
2020-03-08,401171583,UC Santa Barbara Gauchos,Cal Poly Mustangs,69,67,0,2,2540,13,42.1,50.0
2020-03-08,401171608,Cal State Fullerton Titans,Long Beach State Beach,75,69,0,2,2239,299,46.7,42.1
2020-03-08,401171649,UC Riverside Highlanders,UC Davis Aggies,66,61,0,2,27,302,50.0,38.2
2020-03-08,401172277,Dartmouth Big Green,Brown Bears,58,70,0,2,159,225,47.9,36.8
2020-03-08,401173213,Harvard Crimson,Yale Bulldogs,83,69,0,2,108,43,50.8,42.6
2020-03-08,401173228,LSU New Orleans Privateers,SE Louisiana Lions,79,69,0,2,2443,2545,53.7,41.0
2020-03-08,401174423,Cal State Northridge Matadors,Hawai'i Rainbow Warriors,86,82,0,2,2463,62,49.2,47.8
2020-03-08,401175198,UT Rio Grande Valley Vaqueros,California Baptist Lancers,79,76,0,2,292,2856,38.4,37.3
2020-03-08,401175856,Grand Canyon Lopes,Cal State Bakersfield Roadrunners,64,61,0,2,2253,2934,38.9,35.3
2020-03-08,401176179,Alabama A&M Bulldogs,Jackson State Tigers,51,54,0,2,2010,2296,38.5,38.8
2020-03-08,401176303,Arkansas-Pine Bluff Golden Lions,Mississippi Valley State Delta Devils,71,74,0,2,2029,2400,40.7,41.4
2020-03-08,401210942,Liberty Flames,Lipscomb Bisons,73,57,0,2,2335,288,53.8,48.9
2020-03-08,401210966,Hofstra Pride,Drexel Dragons,61,43,1,2,2275,2182,46.6,32.1
2020-03-08,401210967,Charleston Cougars,Delaware Blue Hens,67,79,1,2,232,48,42.9,50.9
2020-03-08,401210968,William & Mary Tribe,Elon Phoenix,63,68,1,2,2729,2210,41.2,39.3
2020-03-08,401210999,Winthrop Eagles,Hampton Pirates,76,68,0,2,2737,2261,43.1,37.1
2020-03-08,401211065,Belmont Bruins,Murray State Racers,76,75,1,2,2057,93,46.9,47.5
2020-03-08,401211071,UNC Greensboro Spartans,Chattanooga Mocs,68,78,1,2,2430,236,41.3,53.7
2020-03-08,401211072,East Tennessee State Buccaneers,Western Carolina Catamounts,97,75,1,2,2193,2717,58.6,43.4
2020-03-08,401211073,Chattanooga Mocs,Wofford Terriers,70,72,1,2,236,2747,50.0,50.0
2020-03-08,401211082,North Dakota State Bison,Denver Pioneers,71,69,1,2,2449,2172,38.6,50.0
2020-03-08,401211083,South Dakota State Jackrabbits,Purdue Fort Wayne Mastodons,74,77,1,2,2571,2870,44.4,43.3
2020-03-08,401211084,Oral Roberts Golden Eagles,Omaha Mavericks,79,52,1,2,198,2437,46.2,27.1
2020-03-08,401211104,Stony Brook Seawolves,UAlbany Great Danes,76,73,0,2,2619,399,46.0,43.1
2020-03-08,401211106,Vermont Catamounts,Maine Black Bears,61,50,0,2,261,311,36.1,36.4
2020-03-08,401211141,Bradley Braves,Valparaiso Beacons,80,66,1,2,71,2674,48.3,40.7
2020-03-08,401211160,Pacific Tigers,San Francisco Dons,54,72,1,2,279,2539,30.6,54.0
2020-03-08,401211161,Saint Mary's Gaels,Pepperdine Waves,89,82,1,2,2608,2492,47.2,44.4
2020-03-08,401211658,Colgate Raiders,Lafayette Leopards,89,64,0,2,2142,322,48.6,36.1
2020-03-08,401211659,Boston University Terriers,Bucknell Bison,64,61,0,2,104,2083,48.1,46.9
2020-03-08,401212075,Louisiana Tech Bulldogs,Charlotte 49ers,66,43,0,2,2348,2429,44.2,37.2
2020-03-08,401212076,Florida International Panthers,Western Kentucky Hilltoppers,85,91,0,2,2229,98,42.0,54.2
2020-03-08,401212078,UAB Blazers,Old Dominion Monarchs,72,63,0,2,5,295,51.1,35.7
2020-03-09,401210969,Towson Tigers,Northeastern Huskies,62,72,1,2,119,111,44.9,52.9
2020-03-09,401210970,Hofstra Pride,Delaware Blue Hens,75,61,1,2,2275,48,40.0,42.4
2020-03-09,401211074,East Tennessee State Buccaneers,Wofford Terriers,72,58,1,2,2193,2747,48.9,43.4
2020-03-09,401211085,South Dakota Coyotes,North Dakota Fighting Hawks,71,74,1,2,233,155,43.6,36.8
2020-03-09,401211086,North Dakota State Bison,Oral Roberts Golden Eagles,75,69,1,2,2449,198,35.6,39.7
2020-03-09,401211557,App State Mountaineers,Coastal Carolina Chanticleers,70,65,0,2,2026,324,41.5,47.4
2020-03-09,401211558,Georgia Southern Eagles,Louisiana Ragin' Cajuns,82,81,0,2,290,309,53.3,47.8
2020-03-09,401211638,Wright State Raiders,UIC Flames,56,73,1,2,2750,82,28.3,48.3
2020-03-09,401211648,Kent State Golden Flashes,Eastern Michigan Eagles,86,76,0,2,2309,2199,53.6,41.2
2020-03-09,401211649,Toledo Rockets,Western Michigan Broncos,76,73,0,2,2649,2711,41.4,43.8
2020-03-09,401211650,Buffalo Bulls,Miami (OH) RedHawks,79,85,0,2,2084,193,43.1,46.7
2020-03-09,401211651,Ohio Bobcats,Central Michigan Chippewas,85,65,0,2,195,2117,57.4,31.8
2020-03-10,401210963,Robert Morris Colonials,Saint Francis Red Wolves,77,67,0,2,2523,2598,48.4,47.5
2020-03-10,401210971,Northeastern Huskies,Elon Phoenix,68,60,1,2,111,2210,46.0,45.3
2020-03-10,401210972,Hofstra Pride,Northeastern Huskies,70,61,1,2,2275,111,38.6,45.5
2020-03-10,401211030,Fairfield Stags,Manhattan Jaspers,43,61,1,2,2217,2363,25.0,39.2
2020-03-10,401211031,Iona Gaels,Canisius Golden Griffins,70,60,1,2,314,2099,44.4,35.5
2020-03-10,401211040,Delaware State Hornets,Maryland Eastern Shore Hawks,68,64,1,2,2169,2379,40.0,39.7
2020-03-10,401211087,North Dakota Fighting Hawks,Purdue Fort Wayne Mastodons,73,56,1,2,155,2870,50.0,30.8
2020-03-10,401211092,Prairie View A&M Panthers,Alabama A&M Bulldogs,82,60,0,2,2504,2010,46.2,44.0
2020-03-10,401211107,Stony Brook Seawolves,Hartford Hawks,58,64,0,2,2619,42,37.0,37.0
2020-03-10,401211108,Vermont Catamounts,UMBC Retrievers,81,74,0,2,261,2378,52.7,44.4
2020-03-10,401211162,Gonzaga Bulldogs,San Francisco Dons,81,77,1,2,2250,2539,50.0,46.9
2020-03-10,401211163,BYU Cougars,Saint Mary's Gaels,50,51,1,2,252,2608,36.2,36.5
2020-03-10,401211585,Wake Forest Demon Deacons,Pittsburgh Panthers,72,81,1,2,154,221,45.8,52.3
2020-03-10,401211586,Virginia Tech Hokies,North Carolina Tar Heels,56,78,1,2,259,153,29.0,46.4
2020-03-10,401211639,Northern Kentucky Norse,Green Bay Phoenix,80,69,1,2,94,2739,43.3,37.3
2020-03-10,401211640,Northern Kentucky Norse,UIC Flames,71,62,1,2,94,82,50.0,43.6
2020-03-11,401210901,George Mason Patriots,Saint Joseph's Hawks,77,70,1,2,2244,2603,48.3,41.3
2020-03-11,401210902,George Washington Revolutionaries,Fordham Rams,52,72,1,2,45,2230,36.5,50.0
2020-03-11,401210943,Georgetown Hoyas,St. John's Red Storm,62,75,1,2,46,2599,45.5,37.7
2020-03-11,401210973,Weber State Wildcats,Sacramento State Hornets,54,62,1,2,2692,16,37.0,36.7
2020-03-11,401210974,Southern Utah Thunderbirds,Idaho Vandals,75,69,1,2,253,70,49.1,42.6
2020-03-11,401210976,Northern Arizona Lumberjacks,Idaho State Bengals,62,64,1,2,2464,304,35.9,43.3
2020-03-11,401211003,Minnesota Golden Gophers,Northwestern Wildcats,74,57,1,2,135,77,40.0,41.1
2020-03-11,401211019,Old Dominion Monarchs,Florida Atlantic Owls,56,66,1,2,295,2226,42.9,41.1
2020-03-11,401211020,Florida International Panthers,Rice Owls,85,76,1,2,2229,242,53.4,45.6
2020-03-11,401211032,Niagara Purple Eagles,Marist Red Foxes,56,54,1,2,315,2368,41.3,40.0
2020-03-11,401211033,Siena Saints,Manhattan Jaspers,63,49,1,2,2561,2363,45.6,34.5
2020-03-11,401211041,South Carolina State Bulldogs,Howard Bison,63,70,1,2,2569,47,34.3,43.5
2020-03-11,401211042,North Carolina Central Eagles,Delaware State Hornets,92,75,1,2,2428,2169,47.4,32.9
2020-03-11,401211075,Northwestern State Demons,Texas A&M-Corpus Christi Islanders,79,62,1,2,2466,357,47.4,41.2
2020-03-11,401211088,North Dakota State Bison,North Dakota Fighting Hawks,89,53,1,2,2449,155,55.2,35.7
2020-03-11,401211089,Texas Southern Tigers,Grambling Tigers,75,62,0,2,2640,2755,46.7,43.1
2020-03-11,401211090,Southern Jaguars,Alabama State Hornets,67,53,0,2,2582,2011,41.8,44.2
2020-03-11,401211091,Jackson State Tigers,Alcorn State Braves,69,52,0,2,2296,2016,51.9,34.0
2020-03-11,401211164,Gonzaga Bulldogs,Saint Mary's Gaels,84,66,1,2,2250,2608,53.4,45.7
2020-03-11,401211456,Ole Miss Rebels,Georgia Bulldogs,63,81,1,2,145,61,42.4,54.5
2020-03-11,401211469,Oklahoma State Cowboys,Iowa State Cyclones,72,71,1,2,197,66,49.1,45.9
2020-03-11,401211560,Georgia State Panthers,Georgia Southern Eagles,62,81,0,2,2247,290,38.1,46.9
2020-03-11,401211587,Clemson Tigers,Miami Hurricanes,69,64,1,2,228,2390,46.8,38.1
2020-03-11,401211588,NC State Wolfpack,Pittsburgh Panthers,73,58,1,2,152,221,47.5,35.0
2020-03-11,401211589,Notre Dame Fighting Irish,Boston College Eagles,80,58,1,2,87,103,44.6,33.9
2020-03-11,401211618,Oregon State Beavers,Utah Utes,71,69,1,2,204,254,53.1,49.0
2020-03-11,401211619,Arizona Wildcats,Washington Huskies,77,70,1,2,12,264,39.7,39.7
2020-03-11,401211660,Colgate Raiders,Boston University Terriers,61,64,0,2,2142,104,37.1,46.4
2020-03-12,401210944,Xavier Musketeers,DePaul Blue Demons,67,71,1,2,2752,305,45.0,45.5
2020-03-12,401211004,Indiana Hoosiers,Nebraska Cornhuskers,89,64,1,2,84,158,53.0,30.0
2020-03-12,401211021,UAB Blazers,UTSA Roadrunners,74,69,1,2,5,2636,49.1,38.8
2020-03-12,401211022,Marshall Thundering Herd,UTEP Miners,86,78,1,2,276,2638,46.0,37.1
2020-03-12,401211034,Saint Peter's Peacocks,Iona Gaels,56,54,1,2,2612,314,25.0,37.0
2020-03-12,401211043,North Carolina A&T Aggies,Howard Bison,86,77,1,2,2448,47,50.0,47.2
2020-03-12,401211076,Lamar Cardinals,McNeese Cowboys,80,59,1,2,2320,2377,45.6,40.0
2020-03-12,401211457,Arkansas Razorbacks,Vanderbilt Commodores,86,73,1,2,8,238,49.0,38.3
2020-03-12,401211470,TCU Horned Frogs,Kansas State Wildcats,49,53,1,2,2628,2306,40.0,38.9
2020-03-12,401211559,Texas State Bobcats,App State Mountaineers,85,68,0,2,326,2026,59.6,43.5
2020-03-12,401211590,Syracuse Orange,North Carolina Tar Heels,81,53,1,2,183,153,45.9,33.3
2020-03-12,401211620,Stanford Cardinal,California Golden Bears,51,63,1,2,24,25,32.1,47.8
2020-03-12,401211621,Colorado Buffaloes,Washington State Cougars,68,82,1,2,38,265,36.8,49.1
