date,id,home,away,hs,as,neutral,type,hid,aid,hfg,afg
2024-11-04,401706147,Niagara Purple Eagles,Houghton Highlanders,100,65,0,2,315,538,57.4,37.7
2024-11-04,401707976,Purdue Boilermakers,Texas A&M-Corpus Christi Islanders,90,73,0,2,2509,357,56.4,44.8
2024-11-04,401712993,Butler Bulldogs,Missouri State Bears,72,65,0,2,2086,2623,44.7,37.3
2024-11-04,401715590,St. John's Red Storm,Fordham Rams,92,60,0,2,2599,2230,54.5,36.4
2024-11-04,401715692,Stanford Cardinal,Denver Pioneers,85,62,0,2,24,2172,49.2,45.8
2024-11-04,401715872,Southern Illinois Salukis,Charleston Cougars,80,90,1,2,79,232,40.3,56.4
2024-11-04,401715873,Santa Clara Broncos,Saint Louis Billikens,85,78,1,2,2541,139,42.4,47.5
2024-11-04,401715874,South Dakota State Jackrabbits,McNeese Cowboys,80,73,1,2,2571,2377,45.9,39.0
2024-11-04,401718715,Liberty Flames,Valparaiso Beacons,83,63,1,2,2335,2674,54.2,34.9
2024-11-04,401719247,Winthrop Eagles,Piedmont Lions,125,65,0,2,2737,2496,52.3,36.4
2024-11-04,401721041,App State Mountaineers,Miami (OH) RedHawks,63,77,0,2,2026,193,39.6,45.8
2024-11-04,401721665,Harvard Crimson,Marist Red Foxes,79,66,0,2,108,2368,62.5,41.3
2024-11-04,401721761,Delaware Blue Hens,Bucknell Bison,73,85,0,2,48,2083,42.2,52.7
2024-11-04,401722008,Stonehill Skyhawks,Framingham State Rams,81,62,0,2,284,126956,38.3,42.0
2024-11-04,401722105,UMBC Retrievers,Penn State York Nittany Lions,95,66,0,2,2378,112706,45.9,30.9
2024-11-04,401722174,UMass Lowell River Hawks,Rivier Raiders,115,59,0,2,2349,111913,59.7,34.2
2024-11-04,401722285,Temple Owls,Sacred Heart Pioneers,81,70,0,2,218,2529,49.1,42.6
2024-11-04,401725796,UT Arlington Mavericks,UNT Dallas Trailblazers,90,55,0,2,250,126794,46.5,29.2
2024-11-04,401726019,Drexel Dragons,Georgian Court Lions,95,43,0,2,2182,111179,50.8,21.5
2024-11-04,401726395,Jacksonville State Gamecocks,LaGrange Panthers,112,48,0,2,55,548,58.9,25.3
2024-11-04,401726400,Middle Tennessee Blue Raiders,Oglethorpe Stormy Petrels,97,51,0,2,2393,2476,52.9,29.1
2024-11-04,401727277,Hofstra Pride,SUNY Old Westbury Panthers,89,62,0,2,2275,16231,45.5,35.9
2024-11-04,401727411,Wofford Terriers,Erskine Flying Fleet,112,58,0,2,2747,2215,47.8,35.7
2024-11-04,401727416,VMI Keydets,Washington Maryland Shoremen,103,54,0,2,2678,2689,49.3,36.7
2024-11-04,401727499,IU Indianapolis Jaguars,IU Columbus Crimson Pride,100,44,0,2,85,130262,45.7,31.0
2024-11-05,401700387,La Salle Explorers,American University Eagles,65,52,0,2,2325,44,41.8,36.4
2024-11-05,401700397,Saint Joseph's Hawks,Navy Midshipmen,70,63,0,2,2603,2426,43.5,35.8
2024-11-05,401700407,VCU Rams,Bellarmine Knights,84,65,0,2,2670,91,52.7,46.4
2024-11-05,401700417,Clemson Tigers,Charleston Southern Buccaneers,91,64,0,2,228,2127,49.2,40.0
2024-11-05,401700426,Louisville Cardinals,Morehead State Eagles,93,45,0,2,97,2413,45.1,23.1
2024-11-05,401700434,North Carolina Tar Heels,Elon Phoenix,90,76,0,2,153,2210,40.0,42.6
2024-11-05,401700442,SMU Mustangs,Tarleton State Texans,96,62,0,2,2567,2627,54.0,36.7
2024-11-05,401700461,Wake Forest Demon Deacons,Coppin State Eagles,64,49,0,2,154,2154,39.3,28.3
2024-11-05,401706148,UCLA Bruins,Rider Broncs,85,50,0,2,26,2520,52.3,31.7
2024-11-05,401706149,Arizona Wildcats,Canisius Golden Griffins,93,64,0,2,12,2099,48.5,43.1
2024-11-05,401706150,Princeton Tigers,Iona Gaels,81,80,0,2,163,314,55.4,53.6
2024-11-05,401706868,Boston College Eagles,The Citadel Bulldogs,69,60,0,2,103,2643,38.9,38.5
2024-11-05,401706881,Duke Blue Devils,Maine Black Bears,96,62,0,2,150,311,55.6,36.8
2024-11-05,401706892,Syracuse Orange,Le Moyne Dolphins,86,82,0,2,183,2330,43.1,49.1
2024-11-05,401706900,Virginia Tech Hokies,Delaware State Hornets,83,60,0,2,259,2169,47.3,34.7
2024-11-05,401706918,Colorado Buffaloes,Eastern Washington Eagles,76,56,0,2,38,331,45.8,36.2
2024-11-05,401706926,Houston Cougars,Jackson State Tigers,97,40,0,2,248,2296,58.2,27.7
2024-11-05,401706954,Iowa State Cyclones,Mississippi Valley State Delta Devils,83,44,0,2,66,2400,47.5,37.3
2024-11-05,401706962,Kansas Jayhawks,Howard Bison,87,57,0,2,2305,47,60.4,37.9
2024-11-05,401706980,TCU Horned Frogs,Florida A&M Rattlers,105,59,0,2,2628,50,,
2024-11-05,401706990,West Virginia Mountaineers,Robert Morris Colonials,87,59,0,2,277,2523,55.0,32.4
2024-11-05,401707847,Illinois Fighting Illini,Eastern Illinois Panthers,112,67,0,2,356,2197,48.4,38.2
2024-11-05,401707866,Maryland Terrapins,Manhattan Jaspers,79,49,0,2,120,2363,44.3,27.1
2024-11-05,401707875,Michigan Wolverines,Cleveland State Vikings,101,53,0,2,130,325,68.4,30.0
2024-11-05,401707984,Nebraska Cornhuskers,UT Rio Grande Valley Vaqueros,87,67,0,2,158,292,49.1,38.7
2024-11-05,401709967,Long Beach State Beach,La Verne Leopards,93,48,0,2,299,2318,53.6,24.1
2024-11-05,401711681,Duquesne Dukes,Lipscomb Bisons,72,77,0,2,2184,288,45.2,52.1
2024-11-05,401711702,Queens University Royals,Lynchburg Hornets,90,39,0,2,2511,2355,44.8,16.1
2024-11-05,401711729,Air Force Falcons,North Alabama Lions,57,73,0,2,2005,2453,39.1,46.6
2024-11-05,401711742,South Carolina Gamecocks,North Florida Ospreys,71,74,0,2,2579,2454,46.4,42.0
2024-11-05,401711753,Stetson Hatters,New College Mighty Banyans,94,75,0,2,56,128550,52.3,40.0
2024-11-05,401714888,Florida Gators,South Florida Bulls,98,83,1,2,57,58,52.4,44.4
2024-11-05,401714896,Georgia Bulldogs,Tennessee Tech Golden Eagles,83,78,0,2,61,2635,51.5,49.2
2024-11-05,401714908,Kentucky Wildcats,Wright State Raiders,103,62,0,2,96,2750,60.0,35.3
2024-11-05,401714988,Mississippi State Bulldogs,West Georgia Wolves,95,60,0,2,344,2698,55.4,38.9
2024-11-05,401715307,Memphis Tigers,Missouri Tigers,83,75,0,2,235,142,45.6,45.6
2024-11-05,401715317,Ole Miss Rebels,Long Island University Sharks,90,60,0,2,145,112358,49.1,34.5
2024-11-05,401715335,Tennessee Volunteers,Gardner-Webb Runnin' Bulldogs,80,64,0,2,2633,2241,50.9,43.6
2024-11-05,401715344,Texas Longhorns,Ohio State Buckeyes,72,80,1,2,251,194,36.8,45.0
2024-11-05,401715355,UCF Knights,Texas A&M Aggies,64,61,0,2,2116,245,34.0,36.5
2024-11-05,401715378,Iowa Hawkeyes,East Texas A&M Lions,89,67,0,2,2294,2837,45.7,46.8
2024-11-05,401715397,Northwestern Wildcats,Lehigh Mountain Hawks,90,46,0,2,77,2329,54.5,32.1
2024-11-05,401715413,Penn State Nittany Lions,Binghamton Bearcats,108,66,0,2,213,2066,50.7,42.9
2024-11-05,401715439,Wisconsin Badgers,Holy Cross Crusaders,85,61,0,2,275,107,49.2,43.4
2024-11-05,401715456,DePaul Blue Demons,Southern Indiana Screaming Eagles,80,78,0,2,305,88,45.3,50.0
2024-11-05,401715476,Marquette Golden Eagles,Stony Brook Seawolves,102,62,0,2,269,2619,58.8,36.7
2024-11-05,401715531,Providence Friars,Central Connecticut Blue Devils,59,55,0,2,2507,2115,37.7,31.5
2024-11-05,401715560,Seton Hall Pirates,Saint Peter's Peacocks,57,53,0,2,2550,2612,31.8,35.7
2024-11-05,401715615,Villanova Wildcats,Lafayette Leopards,75,63,0,2,222,322,51.7,40.7
2024-11-05,401715621,Xavier Musketeers,Texas Southern Tigers,78,69,0,2,2752,2640,37.3,41.4
2024-11-05,401715627,Cincinnati Bearcats,Arkansas-Pine Bluff Golden Lions,109,54,0,2,2132,2029,58.3,33.9
2024-11-05,401715651,Florida State Seminoles,Northern Kentucky Norse,74,62,0,2,52,94,44.4,38.8
2024-11-05,401715674,Miami Hurricanes,Fairleigh Dickinson Knights,113,72,0,2,2390,161,66.7,47.2
2024-11-05,401715687,Pittsburgh Panthers,Radford Highlanders,96,56,0,2,221,2515,55.4,31.0
2024-11-05,401715888,Milwaukee Panthers,Lakeland Muskies,118,62,0,2,270,267,58.0,36.2
2024-11-05,401715915,Northern Iowa Panthers,Dubuque Spartans,96,54,0,2,2460,49,52.2,30.0
2024-11-05,401715934,SE Louisiana Lions,William Carey Crusaders,91,53,0,2,2545,2730,50.8,30.0
2024-11-05,401715954,Houston Christian Huskies,Avila Eagles,86,59,0,2,2277,2048,44.3,39.3
2024-11-05,401716111,California Baptist Lancers,Incarnate Word Cardinals,83,78,0,2,2856,2916,47.7,50.8
2024-11-05,401716153,UTSA Roadrunners,Trinity (TX) Tigers,103,77,0,2,2636,386,47.4,49.2
2024-11-05,401716875,George Mason Patriots,North Carolina Central Eagles,75,58,0,2,2244,2428,41.2,28.1
2024-11-05,401718135,George Washington Revolutionaries,Mercyhurst Lakers,76,59,0,2,45,2385,45.3,37.5
2024-11-05,401718247,Dayton Flyers,Saint Francis Red Wolves,87,57,0,2,2168,2598,45.6,37.9
2024-11-05,401718346,Loyola Chicago Ramblers,Chicago State Cougars,79,72,0,2,2350,2130,41.3,41.9
2024-11-05,401718416,Massachusetts Minutemen,New Hampshire Wildcats,103,74,0,2,113,160,53.2,37.8
2024-11-05,401718447,Rhode Island Rams,Fairfield Stags,96,58,0,2,227,2217,53.8,27.1
2024-11-05,401719217,Oklahoma State Cowboys,Green Bay Phoenix,89,76,0,2,197,2739,42.0,49.0
2024-11-05,401719228,Alabama Crimson Tide,UNC Asheville Bulldogs,110,54,0,2,333,2427,63.3,27.4
2024-11-05,401719267,NC State Wolfpack,South Carolina Upstate Spartans,97,66,0,2,152,2908,55.9,33.9
2024-11-05,401719334,St. Bonaventure Bonnies,Cal State Northridge Matadors,70,56,0,2,179,2463,36.4,37.0
2024-11-05,401719347,California Golden Bears,Cal State Bakersfield Roadrunners,86,73,0,2,25,2934,42.1,43.5
2024-11-05,401719367,Northern Colorado Bears,Colorado College Tigers,75,55,0,2,2458,2144,45.8,35.1
2024-11-05,401719647,Washington State Cougars,Portland State Vikings,100,92,0,2,265,2502,52.6,48.5
2024-11-05,401720467,Longwood Lancers,Randolph Wildcats,79,68,0,2,2344,3153,43.6,40.7
2024-11-05,401720474,Charlotte 49ers,Presbyterian Blue Hose,88,79,0,2,2429,2506,57.4,56.1
2024-11-05,401720512,Weber State Wildcats,Northwest Indian RedHawks,118,35,0,2,2692,3218,59.0,18.8
2024-11-05,401720538,Utah Utes,Alcorn State Braves,100,59,0,2,254,2016,56.1,36.4
2024-11-05,401720557,Idaho Vandals,Northwest University Eagles,94,60,0,2,70,2465,50.7,38.5
2024-11-05,401720574,East Tennessee State Buccaneers,Newberry Wolves,72,51,0,2,2193,2444,42.3,33.9
2024-11-05,401720583,Siena Saints,Brown Bears,72,71,0,2,2561,225,36.4,43.8
2024-11-05,401720664,Lamar Cardinals,Paul Quinn Tigers,113,42,0,2,2320,2491,56.1,30.2
2024-11-05,401720783,Dartmouth Big Green,Vermont State Lyndon Hornets,129,47,0,2,159,551,62.8,32.1
2024-11-05,401720867,Northern Arizona Lumberjacks,Park University Gilbert Buccaneers,100,49,0,2,2464,123350,50.0,28.6
2024-11-05,401720868,Montana Grizzlies,Hawaiʻi Hilo Vulcans,92,61,0,2,149,2267,56.7,36.5
2024-11-05,401720941,Arkansas State Red Wolves,Akron Zips,80,75,0,2,2032,2006,46.6,35.4
2024-11-05,401720977,UC Irvine Anteaters,Chapman Panthers,82,52,0,2,300,411,47.4,32.2
2024-11-05,401720991,Georgia State Panthers,Ball State Cardinals,71,66,0,2,2247,2050,41.5,32.4
2024-11-05,401720999,Southern Miss Golden Eagles,Bowling Green Falcons,77,68,0,2,2572,189,,
2024-11-05,401721009,Old Dominion Monarchs,Buffalo Bulls,82,83,0,2,295,2084,42.9,56.1
2024-11-05,401721017,South Alabama Jaguars,Central Michigan Chippewas,70,74,0,2,6,2117,47.2,50.0
2024-11-05,401721019,Texas State Bobcats,Eastern Michigan Eagles,64,44,0,2,326,2199,41.7,29.3
2024-11-05,401721028,Louisiana Ragin' Cajuns,Kent State Golden Flashes,66,70,0,2,309,2309,44.9,42.0
2024-11-05,401721049,Georgia Southern Eagles,Northern Illinois Huskies,80,65,0,2,290,2459,48.4,37.9
2024-11-05,401721059,James Madison Dukes,Ohio Bobcats,88,78,0,2,256,195,54.4,50.8
2024-11-05,401721067,Troy Trojans,Toledo Rockets,84,74,0,2,2653,2649,52.2,40.6
2024-11-05,401721074,Coastal Carolina Chanticleers,Western Michigan Broncos,60,56,0,2,324,2711,46.8,34.6
2024-11-05,401721646,Michigan State Spartans,Monmouth Hawks,81,57,0,2,127,2405,49.2,27.9
2024-11-05,401721650,Oregon Ducks,UC Riverside Highlanders,91,76,0,2,2483,27,50.0,44.6
2024-11-05,401721655,USC Trojans,Chattanooga Mocs,77,51,0,2,30,236,50.0,27.8
2024-11-05,401721663,NJIT Highlanders,Pennsylvania Quakers,57,58,0,2,2885,219,37.0,32.7
2024-11-05,401721664,Loyola Maryland Greyhounds,Columbia Lions,78,81,0,2,2352,171,46.0,44.6
2024-11-05,401721666,Cornell Big Red,Marywood Pacers,93,52,0,2,172,2374,52.9,31.8
2024-11-05,401721667,Yale Bulldogs,Quinnipiac Bobcats,88,62,0,2,43,2514,46.2,31.7
2024-11-05,401721760,Boston University Terriers,Northeastern Huskies,72,80,0,2,104,111,46.8,63.8
2024-11-05,401721762,Army Black Knights,UAlbany Great Danes,67,59,0,2,349,399,44.0,36.7
2024-11-05,401721782,Davidson Wildcats,William Peace Pacers,88,47,0,2,2166,108807,51.4,31.4
2024-11-05,401721950,Austin Peay Governors,Union (TN) Bulldogs,95,75,0,2,2046,237,48.4,46.3
2024-11-05,401721968,Jacksonville Dolphins,Trinity College of Jacksonville Eagles,78,65,0,2,294,3174,39.7,41.1
2024-11-05,401721971,UNC Greensboro Spartans,Florida Gulf Coast Eagles,73,64,0,2,2430,526,36.1,39.7
2024-11-05,401722003,Bryant Bulldogs,Dean Bulldogs,105,63,0,2,2803,110411,,
2024-11-05,401722118,Prairie View A&M Panthers,College of Biblical Studies Ambassadors,111,90,0,2,2504,128256,62.1,53.3
2024-11-05,401722134,South Dakota Coyotes,Southern Jaguars,93,79,0,2,233,2582,51.6,43.8
2024-11-05,401722181,UAB Blazers,Vermont Catamounts,62,67,0,2,5,261,38.2,37.9
2024-11-05,401722193,East Carolina Pirates,North Carolina Wesleyan Battling Bishops,97,70,0,2,151,286,52.4,34.8
2024-11-05,401722206,Florida Atlantic Owls,Indiana State Sycamores,97,64,1,2,2226,282,55.7,32.8
2024-11-05,401722221,Colorado State Rams,North Dakota Fighting Hawks,82,56,0,2,36,155,58.3,35.4
2024-11-05,401722233,Nevada Wolf Pack,Sam Houston Bearkats,91,75,0,2,2440,2534,56.6,42.1
2024-11-05,401722258,New Mexico Lobos,Nicholls Colonels,91,84,0,2,167,2447,38.3,41.7
2024-11-05,401722290,Tulane Green Wave,Louisiana Christian Wildcats,76,42,0,2,2655,2347,41.7,24.6
2024-11-05,401722300,Western Kentucky Hilltoppers,Wichita State Shockers,84,91,0,2,98,2724,39.7,44.3
2024-11-05,401722336,Grand Canyon Lopes,Cal State Fullerton Titans,89,79,0,2,2253,2239,47.5,48.0
2024-11-05,401722364,San José State Spartans,Western Illinois Leathernecks,55,59,0,2,23,2710,34.8,43.1
2024-11-05,401722384,UNLV Rebels,Alabama State Hornets,93,79,0,2,2439,2011,56.9,44.3
2024-11-05,401722406,Wyoming Cowboys,Concordia St. Paul Golden Bears,108,85,0,2,2751,3066,53.6,38.8
2024-11-05,401722421,UC Santa Barbara Gauchos,San Francisco State Gators,96,47,0,2,2540,22,54.0,26.5
2024-11-05,401722560,Belmont Bruins,Maryville (TN) Fighting Scots,93,70,0,2,2057,2373,51.6,39.3
2024-11-05,401722566,Bradley Braves,Southeast Missouri State Redhawks,88,60,0,2,71,2546,55.6,42.1
2024-11-05,401722598,Illinois State Redbirds,UT Martin Skyhawks,65,67,0,2,2287,2630,29.0,39.4
2024-11-05,401723723,Vanderbilt Commodores,Maryland Eastern Shore Hawks,102,63,0,2,238,2379,50.0,44.2
2024-11-05,401723747,Morgan State Bears,Frostburg State Bobcats,89,76,0,2,2415,341,57.4,37.8
2024-11-05,401723768,Norfolk State Spartans,Penn State Wilkes-Barre Mountain Lions,96,41,0,2,2450,111942,55.6,30.9
2024-11-05,401724512,UIC Flames,St. Francis (IL) Fighting Saints,91,43,0,2,82,2595,57.6,30.0
2024-11-05,401724517,Furman Paladins,Columbia International Rams,104,46,0,2,231,3242,63.5,28.6
2024-11-05,401725192,Loyola Marymount Lions,Life Pacific Warriors,99,56,0,2,2351,109670,54.2,37.5
2024-11-05,401725194,Pacific Tigers,Jessup Warriors,92,65,0,2,279,3078,58.5,32.3
2024-11-05,401725349,Saint Mary's Gaels,Towson Tigers,76,69,0,2,2608,119,46.3,42.2
2024-11-05,401725371,Abilene Christian Wildcats,Howard Payne Yellow Jackets,107,74,0,2,2000,2758,57.5,30.0
2024-11-05,401725790,Southern Utah Thunderbirds,Western New Mexico Mustangs,96,68,0,2,253,2703,48.6,38.5
2024-11-05,401725805,Oregon State Beavers,Utah Tech Trailblazers,80,57,0,2,204,3101,50.0,33.3
2024-11-05,401725813,Utah Valley Wolverines,Western Colorado Mountaineers,92,57,0,2,3084,112694,61.1,35.7
2024-11-05,401726009,Campbell Fighting Camels,Pfeiffer Falcons,96,49,0,2,2097,2945,55.2,28.8
2024-11-05,401726035,Hampton Pirates,Mid Atlantic Christian Mustangs,110,53,0,2,2261,108806,48.7,45.5
2024-11-05,401726052,UNC Wilmington Seahawks,Mount Olive Trojans,143,91,0,2,350,2418,68.8,43.8
2024-11-05,401726058,William & Mary Tribe,Dickinson Red Devils,84,36,0,2,2729,2175,45.3,23.7
2024-11-05,401726384,Tulsa Golden Hurricane,Northeastern State RiverHawks,82,68,0,2,202,196,44.4,46.6
2024-11-05,401726405,New Mexico State Aggies,New Mexico Highlands Cowboys,93,57,0,2,166,2424,48.6,26.2
2024-11-05,401726432,UTEP Miners,Sul Ross State Lobos,102,55,0,2,2638,2834,56.5,39.1
2024-11-05,401726453,Northwestern State Demons,Dallas Christian Crusaders,96,55,0,2,2466,2937,50.0,32.7
2024-11-05,401726560,Marshall Thundering Herd,Davis & Elkins Senators,90,57,0,2,276,2167,47.1,36.2
2024-11-05,401727062,Gonzaga Bulldogs,Baylor Bears,101,63,0,2,2250,239,56.3,37.1
2024-11-05,401727085,UL Monroe Warhawks,Champion Christian Tigers,111,61,0,2,2433,3134,53.9,32.0
2024-11-05,401727094,Kansas City Roos,Hannibal LaGrange Trojans,91,68,0,2,140,533,45.2,48.1
2024-11-05,401727101,North Dakota State Bison,Jamestown Jimmies,96,59,0,2,2449,2939,56.5,41.1
2024-11-05,401727106,Omaha Mavericks,Mid America Christian Evangels,85,69,0,2,2437,3126,57.7,40.7
2024-11-05,401727115,St. Thomas Tommies,North Central Rams,96,71,0,2,2900,121894,45.1,40.9
2024-11-05,401727145,Murray State Racers,Bethel (TN) Wildcats,113,37,0,2,93,2064,61.5,25.0
2024-11-05,401727284,Detroit Mercy Titans,Cleary University Cougars,91,52,0,2,2174,128438,49.3,36.4
2024-11-05,401727302,Mount St. Mary's Mountaineers,Notre Dame (MD) Gators,98,62,0,2,116,128342,55.0,30.6
2024-11-05,401727313,Oklahoma Sooners,Lindenwood Lions,93,60,0,2,201,2815,52.3,35.4
2024-11-05,401727318,Little Rock Trojans,Arkansas Baptist Buffaloes,84,64,0,2,2031,2027,46.9,33.9
2024-11-05,401727325,SIU Edwardsville Cougars,Westminster (MO) Blue Jays,95,42,0,2,2565,433,47.6,30.0
2024-11-05,401727339,Tennessee State Tigers,Fisk Bulldogs,96,66,0,2,2634,2225,51.5,38.6
2024-11-05,401727413,Western Carolina Catamounts,Bob Jones Bruins,100,61,0,2,2717,3243,59.7,31.0
2024-11-05,401727491,Samford Bulldogs,Mississippi College Choctaws,100,58,0,2,2535,2401,52.7,31.1
2024-11-05,401727542,Oakland Golden Grizzlies,Defiance Yellow Jackets,75,52,0,2,2473,190,43.3,33.9
2024-11-05,401727829,Purdue Fort Wayne Mastodons,Bluffton Beavers,99,47,0,2,2870,2074,59.1,28.8
2024-11-05,401727832,Stephen F. Austin Lumberjacks,Dallas Crusaders,85,51,0,2,2617,2163,46.8,25.0
2024-11-05,401727842,South Carolina State Bulldogs,Morris Hornets,137,55,0,2,2569,571,66.2,36.8
2024-11-05,401728317,Louisiana Tech Bulldogs,LSU Alexandria Bull Terriers,77,50,0,2,2348,108817,44.4,29.0
2024-11-05,401728972,Eastern Kentucky Colonels,Alice Lloyd Eagles,98,69,0,2,2198,484,43.8,44.6
2024-11-05,401729955,Drake Bulldogs,York (NE) Panthers,93,41,0,2,2181,109998,52.5,29.6
2024-11-05,401731875,North Carolina A&T Aggies,Cheyney (PA) Wolves,107,55,0,2,2448,2129,50.7,30.9
2024-11-05,401731988,Grambling Tigers,Southern New Orleans Knights,92,42,0,2,2755,2573,51.4,25.4
2024-11-06,401700264,Kennesaw State Owls,Toccoa Falls Eagles,110,61,0,2,338,2648,48.2,34.8
2024-11-06,401706909,BYU Cougars,Central Arkansas Bears,88,50,0,2,252,2110,45.8,33.9
2024-11-06,401706971,Kansas State Wildcats,LSU New Orleans Privateers,89,65,0,2,2306,2443,46.6,39.1
2024-11-06,401715422,Rutgers Scarlet Knights,Wagner Seahawks,75,52,0,2,164,2681,50.9,34.9
2024-11-06,401715429,Washington Huskies,UC Davis Aggies,79,73,0,2,264,302,45.2,34.8
2024-11-06,401715636,Texas Tech Red Raiders,Bethune-Cookman Wildcats,94,61,0,2,2641,2065,57.1,41.7
2024-11-06,401720869,Arizona State Sun Devils,Idaho State Bengals,55,48,0,2,9,304,36.4,25.4
2024-11-06,401720870,Sacramento State Hornets,Cal Maritime Keelhaulers,106,44,0,2,16,500,65.1,23.0
2024-11-06,401721170,Morgan State Bears,Mercyhurst Lakers,73,78,0,2,2415,2385,49.1,44.1
2024-11-06,401721763,Colgate Raiders,SUNY Canton Roos,95,62,0,2,2142,111947,52.2,38.5
2024-11-06,401722089,Maine Black Bears,Maine Fort Kent Bengals,98,47,0,2,311,554,51.6,21.3
2024-11-06,401722271,North Texas Mean Green,Evansville Purple Aces,80,63,0,2,249,339,45.6,46.8
2024-11-06,401722276,Rice Owls,Florida International Panthers,77,70,0,2,242,2229,46.2,36.5
2024-11-06,401725365,San Francisco Dons,Cal Poly Mustangs,86,78,0,2,2539,13,45.2,40.6
2024-11-07,401700452,Virginia Cavaliers,Campbell Fighting Camels,65,56,0,2,258,2097,57.1,37.5
2024-11-07,401706151,San Diego Toreros,Rider Broncs,67,68,0,2,301,2520,39.7,39.3
2024-11-07,401707857,Indiana Hoosiers,SIU Edwardsville Cougars,80,61,0,2,84,2565,52.6,35.2
2024-11-07,401711682,Arkansas Razorbacks,Lipscomb Bisons,76,60,0,2,8,288,54.0,37.9
2024-11-07,401711730,North Alabama Lions,Point Skyhawks,94,58,0,2,2453,2932,48.5,34.4
2024-11-07,401714641,Auburn Tigers,Vermont Catamounts,94,43,0,2,2,261,56.3,25.9
2024-11-07,401714917,LSU Tigers,UL Monroe Warhawks,95,60,0,2,99,2433,50.7,38.7
2024-11-07,401715387,Minnesota Golden Gophers,Oral Roberts Golden Eagles,80,57,0,2,135,198,57.7,34.5
2024-11-07,401715448,Creighton Bluejays,UT Rio Grande Valley Vaqueros,99,86,0,2,156,292,60.0,42.9
2024-11-07,401715466,Georgetown Hoyas,Lehigh Mountain Hawks,85,77,0,2,46,2329,48.4,47.5
2024-11-07,401715607,UConn Huskies,Sacred Heart Pioneers,92,56,0,2,41,2529,51.6,33.9
2024-11-07,401715616,Villanova Wildcats,Columbia Lions,80,90,0,2,222,171,45.0,53.7
2024-11-07,401715667,Georgia Tech Yellow Jackets,West Georgia Wolves,85,62,0,2,59,2698,48.5,35.9
2024-11-07,401715681,Notre Dame Fighting Irish,Stonehill Skyhawks,89,60,0,2,87,284,50.8,30.4
2024-11-07,401718456,Richmond Spiders,Mount Olive Trojans,101,68,0,2,257,2418,55.9,32.4
2024-11-07,401718465,Eastern Washington Eagles,Seattle U Redhawks,93,86,0,2,331,2547,57.6,47.5
2024-11-07,401719268,South Carolina Upstate Spartans,Piedmont Lions,103,70,0,2,2908,2496,61.5,37.3
2024-11-07,401720454,High Point Panthers,Coppin State Eagles,93,51,0,2,2272,2154,56.4,31.3
2024-11-07,401720478,Presbyterian Blue Hose,Carolina Christian Centurions,120,45,0,2,2506,128326,62.3,28.3
2024-11-07,401721151,Le Moyne Dolphins,Cal State Northridge Matadors,75,97,0,2,2330,2463,32.1,55.0
2024-11-07,401721226,Alabama A&M Bulldogs,Oakwood Ambassadors,121,78,0,2,2010,3083,54.8,33.8
2024-11-07,401721277,Utah State Aggies,Alcorn State Braves,101,46,0,2,328,2016,51.4,29.1
2024-11-07,401721996,Binghamton Bearcats,SUNY Oneonta Red Dragons,82,63,0,2,2066,355,48.4,40.4
2024-11-07,401722094,New Hampshire Wildcats,UMass Boston Beacons,99,69,0,2,160,2660,54.1,33.3
2024-11-07,401722214,Boise State Broncos,Oakland Golden Grizzlies,87,43,0,2,68,2473,53.2,27.3
2024-11-07,401722263,San Diego State Aztecs,UC San Diego Tritons,63,58,0,2,21,28,44.0,32.8
2024-11-07,401722323,Cal State Bakersfield Roadrunners,Bethesda Flames,122,53,0,2,2934,3246,53.6,31.7
2024-11-07,401723769,Norfolk State Spartans,Virginia Lynchburg Dragons,104,60,0,2,2450,3229,54.7,36.5
2024-11-07,401724528,App State Mountaineers,St. Andrews Knights,108,54,0,2,2026,2592,56.5,28.6
2024-11-07,401724704,Texas Southern Tigers,Texas A&M-San Antonio Jaguars,100,66,0,2,2640,130174,50.0,38.1
2024-11-07,401725199,Pepperdine Waves,Western Illinois Leathernecks,77,64,0,2,2492,2710,53.8,41.0
2024-11-07,401725203,Portland Pilots,Lewis & Clark River Otters,83,70,0,2,2501,2333,53.3,35.8
2024-11-07,401725959,Eastern Illinois Panthers,Earlham Quakers,97,61,0,2,2197,2189,52.2,33.8
2024-11-07,401726017,Delaware Blue Hens,Robert Morris Colonials,81,77,0,2,48,2523,47.2,39.1
2024-11-07,401726022,South Dakota Coyotes,East Texas A&M Lions,91,83,0,2,233,2837,45.5,45.5
2024-11-07,401727241,Arkansas-Pine Bluff Golden Lions,Champion Christian Tigers,99,57,0,2,2029,3134,48.7,30.2
2024-11-07,401727280,Cleveland State Vikings,Baldwin Wallace Yellow Jackets,91,53,0,2,325,188,56.9,33.3
2024-11-07,401727321,Morehead State Eagles,Boyce Bulldogs,89,48,0,2,2413,109700,47.8,30.0
2024-11-07,401727345,UT Martin Skyhawks,Kentucky Christian Knights,114,61,0,2,2630,3077,57.3,37.1
2024-11-07,401727839,Wright State Raiders,Ohio Christian Trailblazers,89,60,0,2,2750,3121,57.9,37.3
2024-11-08,401700408,VCU Rams,Boston College Eagles,80,55,1,2,2670,103,43.3,29.3
2024-11-08,401700443,SMU Mustangs,Florida A&M Rattlers,102,73,0,2,2567,50,53.0,36.1
2024-11-08,401700462,Wake Forest Demon Deacons,North Carolina A&T Aggies,80,64,0,2,154,2448,43.5,32.8
2024-11-08,401706152,Michigan State Spartans,Niagara Purple Eagles,96,60,0,2,127,315,52.2,37.7
2024-11-08,401706882,Duke Blue Devils,Army Black Knights,100,58,0,2,150,349,49.3,32.8
2024-11-08,401711743,North Florida Ospreys,Charleston Southern Buccaneers,90,66,0,2,2454,2127,50.8,45.9
2024-11-08,401711754,Stetson Hatters,Omaha Mavericks,76,79,0,2,56,2437,47.5,40.8
2024-11-08,401712994,Butler Bulldogs,Austin Peay Governors,66,68,0,2,2086,2046,42.9,45.2
2024-11-08,401714889,Florida Gators,Jacksonville Dolphins,81,60,0,2,57,294,52.6,37.9
2024-11-08,401715379,Iowa Hawkeyes,Southern Jaguars,89,74,0,2,2294,2582,53.3,47.7
2024-11-08,401715414,Penn State Nittany Lions,UMBC Retrievers,103,54,0,2,213,2378,55.2,29.2
2024-11-08,401715440,Wisconsin Badgers,Montana State Bobcats,79,67,0,2,275,147,45.3,44.4
2024-11-08,401715457,DePaul Blue Demons,Prairie View A&M Panthers,92,59,0,2,305,2504,47.5,31.9
2024-11-08,401715622,Xavier Musketeers,IU Indianapolis Jaguars,94,80,0,2,2752,85,55.9,46.7
2024-11-08,401715693,Stanford Cardinal,Cal State Fullerton Titans,80,53,0,2,24,2239,45.3,32.5
2024-11-08,401715864,Northern Iowa Panthers,Milwaukee Panthers,87,68,0,2,2460,270,60.4,37.1
2024-11-08,401716112,Incarnate Word Cardinals,Southwestern U Pirates,97,53,0,2,2916,2588,60.0,34.1
2024-11-08,401718347,Loyola Chicago Ramblers,Detroit Mercy Titans,87,65,0,2,2350,2174,49.2,33.9
2024-11-08,401719348,California Golden Bears,Cal Poly Mustangs,91,73,0,2,25,13,46.2,37.9
2024-11-08,401719648,Portland State Vikings,Evergreen State Geoducks,131,84,0,2,2502,2866,68.4,41.1
2024-11-08,401720539,Utah Utes,Central Arkansas Bears,98,63,0,2,254,2110,46.2,31.3
2024-11-08,401720558,Idaho Vandals,UC Davis Aggies,75,79,0,2,70,302,45.3,42.6
2024-11-08,401720708,McNeese Cowboys,College of Biblical Studies Ambassadors,111,57,0,2,2377,128256,60.0,36.1
2024-11-08,401720871,USC Trojans,Idaho State Bengals,75,69,0,2,30,304,42.9,46.7
2024-11-08,401720992,Ball State Cardinals,Franklin Grizzlies,87,60,0,2,2050,2233,52.7,36.7
2024-11-08,401721018,Central Michigan Chippewas,Stony Brook Seawolves,72,73,0,2,2117,2619,48.3,44.8
2024-11-08,401721020,Eastern Michigan Eagles,Siena Heights Saints,83,58,0,2,2199,2562,54.5,35.4
2024-11-08,401721050,Northern Illinois Huskies,Holy Cross (IN) Saints,105,37,0,2,2459,103524,66.7,22.4
2024-11-08,401721075,Western Michigan Broncos,Davenport Panthers,86,46,0,2,2711,3092,51.6,32.7
2024-11-08,401721132,Fairleigh Dickinson Knights,Purchase Panthers,112,72,0,2,161,3103,60.9,36.6
2024-11-08,401721668,Pennsylvania Quakers,Maryland Eastern Shore Hawks,85,84,0,2,219,2379,43.1,46.9
2024-11-08,401721670,Cornell Big Red,Samford Bulldogs,88,86,0,2,172,2535,43.1,37.9
2024-11-08,401721764,Southern Indiana Screaming Eagles,Bucknell Bison,69,75,0,2,88,2083,41.7,40.4
2024-11-08,401722082,Mississippi Valley State Delta Devils,Mississippi U for Women Owls,66,49,0,2,2400,126826,54.2,30.0
2024-11-08,401722149,Air Force Falcons,Jacksonville State Gamecocks,73,67,0,2,2005,55,48.1,42.6
2024-11-08,401722175,UMass Lowell River Hawks,Saint Peter's Peacocks,81,74,0,2,2349,2612,44.4,43.1
2024-11-08,401722288,Monmouth Hawks,Temple Owls,74,103,1,2,2405,218,32.8,52.3
2024-11-08,401722296,UAB Blazers,Southern Miss Golden Eagles,98,84,0,2,5,2572,51.3,50.9
2024-11-08,401722599,North Dakota State Bison,Illinois State Redbirds,68,77,0,2,2449,2287,40.9,47.5
2024-11-08,401722607,Indiana State Sycamores,Eureka Red Devils,93,48,0,2,282,101,52.8,29.0
2024-11-08,401725350,Saint Mary's Gaels,Chattanooga Mocs,86,74,0,2,2608,236,51.9,50.9
2024-11-08,401726048,Towson Tigers,Penn State Wilkes-Barre Mountain Lions,89,34,0,2,119,111942,51.6,26.5
2024-11-08,401727060,Louisiana Ragin' Cajuns,UT Dallas Comets,82,65,0,2,309,2905,43.5,40.7
2024-11-08,401727089,Denver Pioneers,Western Colorado Mountaineers,97,80,0,2,2172,112694,53.1,42.1
2024-11-08,401727121,North Carolina Central Eagles,Gardner-Webb Runnin' Bulldogs,82,88,0,2,2428,2241,49.2,70.0
2024-11-08,401727307,Quinnipiac Bobcats,WPI Engineers,71,47,0,2,2514,2749,39.7,25.0
2024-11-08,401727314,Lindenwood Lions,Health Sciences & Pharmacy Eutectics,98,30,0,2,2815,112686,69.4,20.8
2024-11-08,401727342,Tennessee Tech Golden Eagles,Bryan Lions,89,74,0,2,2635,2081,49.2,40.3
2024-11-08,401727425,The Citadel Bulldogs,Erskine Flying Fleet,86,56,0,2,2643,2215,46.8,34.0
2024-11-08,401727494,Mercer Bears,Virginia Lynchburg Dragons,125,54,0,2,2382,3229,59.8,31.3
2024-11-08,401732252,North Texas Mean Green,Wayland Baptist Pioneers,80,38,0,2,249,630,45.8,26.0
2024-11-09,401700388,La Salle Explorers,Lafayette Leopards,81,60,0,2,2325,322,44.3,36.1
2024-11-09,401700398,Saint Joseph's Hawks,Central Connecticut Blue Devils,67,73,0,2,2603,2115,43.1,49.1
2024-11-09,401700418,Clemson Tigers,Saint Francis Red Wolves,88,62,0,2,228,2598,58.9,39.3
2024-11-09,401700427,Louisville Cardinals,Tennessee Volunteers,55,77,0,2,97,2633,26.7,56.6
2024-11-09,401700435,Kansas Jayhawks,North Carolina Tar Heels,92,89,0,2,2305,153,48.7,42.9
2024-11-09,401706153,Hofstra Pride,Iona Gaels,90,76,0,2,2275,314,54.2,39.0
2024-11-09,401706154,Coppin State Eagles,Rider Broncs,53,64,0,2,2154,2520,34.4,44.7
2024-11-09,401706155,Canisius Golden Griffins,St. Bonaventure Bonnies,78,87,0,2,2099,179,48.2,53.4
2024-11-09,401706901,Virginia Tech Hokies,South Carolina Upstate Spartans,93,74,0,2,259,2908,50.0,50.9
2024-11-09,401706910,BYU Cougars,UC Riverside Highlanders,86,80,0,2,252,27,53.2,43.1
2024-11-09,401706919,Colorado Buffaloes,Northern Colorado Bears,90,88,0,2,38,2458,46.6,43.2
2024-11-09,401706972,Kansas State Wildcats,Cleveland State Vikings,77,64,0,2,2306,325,57.8,38.3
2024-11-09,401706981,TCU Horned Frogs,Florida Gulf Coast Eagles,67,51,0,2,2628,526,45.5,40.0
2024-11-09,401706991,West Virginia Mountaineers,Massachusetts Minutemen,75,69,0,2,277,113,36.8,41.7
2024-11-09,401707848,Illinois Fighting Illini,SIU Edwardsville Cougars,90,58,0,2,356,2565,44.4,30.1
2024-11-09,401707867,Maryland Terrapins,Mount St. Mary's Mountaineers,86,52,0,2,120,116,43.1,40.5
2024-11-09,401707977,Purdue Boilermakers,Northern Kentucky Norse,72,50,0,2,2509,94,52.9,29.8
2024-11-09,401709968,South Dakota State Jackrabbits,Long Beach State Beach,80,79,0,2,2571,299,51.8,40.0
2024-11-09,401709999,UCLA Bruins,New Mexico Lobos,64,72,1,2,26,167,36.4,51.0
2024-11-09,401711616,East Tennessee State Buccaneers,Eastern Kentucky Colonels,78,82,0,2,2193,2198,42.6,49.2
2024-11-09,401711665,Lipscomb Bisons,Wofford Terriers,78,69,0,2,288,2747,48.3,44.8
2024-11-09,401711703,Queens University Royals,Western Carolina Catamounts,67,54,0,2,2511,2717,31.4,31.3
2024-11-09,401714909,Kentucky Wildcats,Bucknell Bison,100,72,0,2,96,2083,48.1,39.7
2024-11-09,401715308,Missouri Tigers,Howard Bison,77,62,0,2,142,47,47.1,40.0
2024-11-09,401715318,Ole Miss Rebels,Grambling Tigers,66,64,0,2,145,2755,35.4,46.7
2024-11-09,401715327,South Carolina Gamecocks,South Carolina State Bulldogs,86,64,0,2,2579,2569,46.9,35.8
2024-11-09,401715345,Texas Longhorns,Houston Christian Huskies,90,59,0,2,251,2277,58.1,35.3
2024-11-09,401715356,Texas A&M Aggies,East Texas A&M Lions,87,55,0,2,245,2837,55.7,38.5
2024-11-09,401715388,Minnesota Golden Gophers,Omaha Mavericks,68,64,0,2,135,2437,45.5,41.2
2024-11-09,401715467,Georgetown Hoyas,Fairfield Stags,69,57,0,2,46,2217,47.4,33.3
2024-11-09,401715477,Marquette Golden Eagles,George Mason Patriots,82,63,0,2,269,2244,38.8,37.9
2024-11-09,401715532,Providence Friars,Stonehill Skyhawks,76,49,0,2,2507,284,50.0,32.1
2024-11-09,401715561,Seton Hall Pirates,Fordham Rams,56,57,0,2,2550,2230,40.7,36.5
2024-11-09,401715591,St. John's Red Storm,Quinnipiac Bobcats,96,73,0,2,2599,2514,45.1,38.5
2024-11-09,401715617,Villanova Wildcats,NJIT Highlanders,91,54,0,2,222,2885,57.1,42.0
2024-11-09,401715628,Cincinnati Bearcats,Morehead State Eagles,83,56,0,2,2132,2413,60.0,35.7
2024-11-09,401715637,Texas Tech Red Raiders,Northwestern State Demons,86,65,0,2,2641,2466,50.9,37.3
2024-11-09,401715644,UCF Knights,Purdue Fort Wayne Mastodons,75,68,0,2,2116,2870,42.4,43.1
2024-11-09,401715688,Pittsburgh Panthers,Murray State Racers,83,68,0,2,221,93,50.9,43.6
2024-11-09,401716089,Navy Midshipmen,Harvard Crimson,85,80,0,2,2426,108,42.4,50.0
2024-11-09,401718136,George Washington Revolutionaries,Hampton Pirates,82,54,0,2,45,2261,47.0,28.8
2024-11-09,401718448,Rhode Island Rams,Holy Cross Crusaders,91,77,0,2,227,107,54.4,41.0
2024-11-09,401718457,Richmond Spiders,Marist Red Foxes,72,79,0,2,257,2368,39.2,43.3
2024-11-09,401719248,Winthrop Eagles,Little Rock Trojans,82,67,0,2,2737,2031,41.8,34.4
2024-11-09,401720455,High Point Panthers,Jackson State Tigers,80,71,0,2,2272,2296,54.8,42.6
2024-11-09,401720468,Longwood Lancers,Morgan State Bears,84,66,0,2,2344,2415,51.0,50.0
2024-11-09,401720475,NC State Wolfpack,Presbyterian Blue Hose,81,72,0,2,152,2506,55.4,49.1
2024-11-09,401720513,Oregon State Beavers,Weber State Wildcats,76,48,0,2,204,2692,47.5,33.3
2024-11-09,401720567,Mississippi State Bulldogs,Georgia State Panthers,101,66,0,2,344,2247,58.3,34.4
2024-11-09,401720580,Bryant Bulldogs,Siena Saints,88,90,0,2,2803,2561,44.8,40.0
2024-11-09,401720728,LSU New Orleans Privateers,Troy Trojans,61,78,0,2,2443,2653,36.9,42.9
2024-11-09,401720746,Texas A&M-Corpus Christi Islanders,Dallas Christian Crusaders,87,36,0,2,357,2937,54.0,23.2
2024-11-09,401720784,Dartmouth Big Green,Sacred Heart Pioneers,81,76,0,2,159,2529,39.7,42.9
2024-11-09,401720872,Northern Arizona Lumberjacks,Nelson Lions,115,67,0,2,2464,112679,58.7,36.2
2024-11-09,401720873,Oregon Ducks,Montana Grizzlies,79,48,0,2,2483,149,45.0,34.0
2024-11-09,401720874,Fresno State Bulldogs,Sacramento State Hornets,64,57,0,2,278,16,34.4,39.3
2024-11-09,401720942,Akron Zips,Ohio Wesleyan Battling Bishops,88,57,0,2,2006,2980,54.7,38.9
2024-11-09,401720978,Loyola Marymount Lions,UC Irvine Anteaters,51,66,0,2,2351,300,33.3,44.0
2024-11-09,401721000,Bowling Green Falcons,Davidson Wildcats,85,91,0,2,189,2166,46.7,47.5
2024-11-09,401721010,Buffalo Bulls,SUNY Fredonia Blue Devils,87,78,0,2,2084,2902,46.2,49.2
2024-11-09,401721029,Kent State Golden Flashes,Miami (OH) Hamilton Harriers,98,53,0,2,2309,124809,57.8,37.2
2024-11-09,401721042,Miami (OH) RedHawks,Wright State Raiders,68,81,0,2,193,2750,42.2,55.4
2024-11-09,401721068,Marshall Thundering Herd,Toledo Rockets,80,90,0,2,276,2649,40.3,52.5
2024-11-09,401721171,Mercyhurst Lakers,Houghton Highlanders,88,62,0,2,2385,538,53.4,45.8
2024-11-09,401721669,Duquesne Dukes,Princeton Tigers,68,75,1,2,2184,163,41.4,43.4
2024-11-09,401721671,UIC Flames,Yale Bulldogs,91,79,0,2,82,43,45.6,44.6
2024-11-09,401721672,Columbia Lions,Delaware State Hornets,83,62,0,2,171,2169,43.1,38.2
2024-11-09,401721765,San Diego Toreros,Boston University Terriers,74,60,0,2,301,104,47.5,34.4
2024-11-09,401721787,Drexel Dragons,Colgate Raiders,73,56,0,2,2182,2142,42.9,33.3
2024-11-09,401721972,Bellarmine Knights,VMI Keydets,71,76,0,2,91,2678,47.1,45.2
2024-11-09,401722023,Wagner Seahawks,Manor Blue Jays,94,52,0,2,2681,130196,58.0,39.0
2024-11-09,401722188,Utah State Aggies,Charlotte 49ers,103,74,0,2,328,2429,57.6,48.1
2024-11-09,401722194,East Carolina Pirates,Coastal Carolina Chanticleers,63,59,0,2,151,324,33.3,33.9
2024-11-09,401722203,Florida Atlantic Owls,Coastal Georgia Mariner,99,49,0,2,2226,3189,46.8,37.5
2024-11-09,401722222,Colorado State Rams,Tennessee State Tigers,87,79,0,2,36,2634,42.9,47.0
2024-11-09,401722267,UNLV Rebels,Memphis Tigers,74,80,0,2,2439,235,39.7,51.8
2024-11-09,401722279,Charleston Cougars,South Florida Bulls,86,71,0,2,232,58,45.0,37.3
2024-11-09,401722291,Tulane Green Wave,UL Monroe Warhawks,80,64,0,2,2655,2433,46.7,30.3
2024-11-09,401722308,Arizona State Sun Devils,Santa Clara Broncos,81,74,1,2,9,2541,45.3,40.9
2024-11-09,401722310,Arizona Wildcats,Old Dominion Monarchs,102,44,0,2,12,295,50.7,31.6
2024-11-09,401722316,Radford Highlanders,William & Mary Tribe,89,77,0,2,2515,2729,50.0,34.5
2024-11-09,401722338,Hawai'i Rainbow Warriors,Life Pacific Warriors,96,61,0,2,62,109670,57.8,41.5
2024-11-09,401722342,Pacific Tigers,San José State Spartans,80,67,1,2,279,23,49.2,35.5
2024-11-09,401722418,Portland Pilots,UC Santa Barbara Gauchos,53,94,0,2,2501,2540,30.3,52.9
2024-11-09,401722561,Belmont Bruins,Furman Paladins,74,76,0,2,2057,231,54.2,47.5
2024-11-09,401722587,Washington State Cougars,Bradley Braves,91,74,0,2,265,71,44.3,44.4
2024-11-09,401722591,Evansville Purple Aces,Brescia Bearcats,96,49,0,2,339,2855,56.3,29.2
2024-11-09,401723733,Maryland Eastern Shore Hawks,Penn State Schuylkill Nittany Lions,96,77,0,2,2379,128344,58.5,46.2
2024-11-09,401723770,Norfolk State Spartans,James Madison Dukes,83,69,0,2,2450,256,60.0,37.1
2024-11-09,401724520,Valparaiso Beacons,Concordia Ann Arbor Cardinals,111,46,0,2,2674,2985,58.2,23.9
2024-11-09,401724526,Long Island University Sharks,Pratt Institute Cannoneers,102,42,0,2,112358,2505,51.4,26.7
2024-11-09,401724531,Alabama Crimson Tide,Arkansas State Red Wolves,88,79,0,2,333,2032,40.9,40.3
2024-11-09,401725797,UT Arlington Mavericks,Louisiana Tech Bulldogs,77,92,0,2,250,2348,41.8,50.8
2024-11-09,401725814,Utah Valley Wolverines,UTEP Miners,89,60,0,2,3084,2638,52.1,26.3
2024-11-09,401726053,UNC Wilmington Seahawks,Georgia Southern Eagles,92,84,0,2,350,290,42.0,49.2
2024-11-09,401726385,Tulsa Golden Hurricane,Arkansas-Pine Bluff Golden Lions,103,80,0,2,202,2029,49.3,51.7
2024-11-09,401726441,Nicholls Colonels,South Alabama Jaguars,64,70,0,2,2447,6,34.9,33.3
2024-11-09,401726442,Nicholls Colonels,Mississippi U for Women Owls,93,44,0,2,2447,126826,53.5,34.0
2024-11-09,401727077,Texas State Bobcats,McMurry War Hawks,102,62,0,2,326,241,56.7,38.1
2024-11-09,401727095,Kansas City Roos,Kansas Christian Falcons,124,36,0,2,140,123410,57.1,23.7
2024-11-09,401727111,Oral Roberts Golden Eagles,Ozark Christian Ambassadors,105,49,0,2,198,127162,60.3,31.7
2024-11-09,401727116,Green Bay Phoenix,St. Thomas Tommies,76,90,0,2,2739,2900,41.3,60.4
2024-11-09,401727311,Southern Illinois Salukis,Missouri S&T Miners,86,64,0,2,79,6760,52.4,32.3
2024-11-09,401738328,Xavier (LA) Gold Nuggets,Alcorn State Braves,62,56,0,2,2753,2016,30.0,32.8
2024-11-10,401700265,California Baptist Lancers,Kennesaw State Owls,88,84,0,2,2856,338,40.3,45.0
2024-11-10,401700463,Wake Forest Demon Deacons,Michigan Wolverines,72,70,1,2,154,130,46.4,42.1
2024-11-10,401706947,Houston Cougars,Auburn Tigers,69,74,1,2,248,2,41.4,52.9
2024-11-10,401707858,Indiana Hoosiers,Eastern Illinois Panthers,90,55,0,2,84,2197,61.3,36.8
2024-11-10,401707985,Nebraska Cornhuskers,Bethune-Cookman Wildcats,63,58,0,2,158,2065,34.5,35.5
2024-11-10,401711744,Georgia Tech Yellow Jackets,North Florida Ospreys,93,105,0,2,59,2454,46.8,53.6
2024-11-10,401714897,Georgia Bulldogs,Texas Southern Tigers,92,64,0,2,61,2640,42.4,36.9
2024-11-10,401714918,LSU Tigers,Alabama State Hornets,74,61,0,2,99,2011,44.7,33.3
2024-11-10,401715398,Dayton Flyers,Northwestern Wildcats,71,66,0,2,2168,77,52.2,44.6
2024-11-10,401715430,Nevada Wolf Pack,Washington Huskies,63,53,0,2,2440,264,38.2,33.9
2024-11-10,401715441,Wisconsin Badgers,App State Mountaineers,87,56,0,2,275,2026,47.1,37.5
2024-11-10,401715449,Creighton Bluejays,Fairleigh Dickinson Knights,96,70,0,2,156,161,47.8,35.8
2024-11-10,401715608,UConn Huskies,New Hampshire Wildcats,92,53,0,2,41,160,50.8,35.4
2024-11-10,401715652,Rice Owls,Florida State Seminoles,65,73,1,2,242,52,35.8,42.6
2024-11-10,401715675,Miami Hurricanes,Binghamton Bearcats,88,64,0,2,2390,2066,48.3,41.8
2024-11-10,401715916,Northern Iowa Panthers,UC Irvine Anteaters,60,80,0,2,2460,300,39.7,55.0
2024-11-10,401715935,UAB Blazers,SE Louisiana Lions,82,72,0,2,5,2545,50.0,45.2
2024-11-10,401718348,Loyola Chicago Ramblers,Eureka Red Devils,105,53,0,2,2350,101,61.4,35.3
2024-11-10,401718707,Seattle U Redhawks,Liberty Flames,64,66,0,2,2547,2335,52.2,48.0
2024-11-10,401719218,Oklahoma State Cowboys,St. Thomas Tommies,80,71,0,2,197,2900,45.0,40.3
2024-11-10,401719229,Ohio Bobcats,UNC Asheville Bulldogs,82,76,0,2,195,2427,44.6,42.9
2024-11-10,401719323,Saint Louis Billikens,Avila Eagles,95,44,0,2,139,2048,47.9,33.3
2024-11-10,401720875,Wichita State Shockers,Montana State Bobcats,89,69,0,2,2724,147,52.5,37.3
2024-11-10,401721108,Chicago State Cougars,Youngstown State Penguins,60,80,0,2,2130,2754,31.1,43.3
2024-11-10,401721152,Le Moyne Dolphins,SUNY Polytechnic Wildcats,107,73,0,2,2330,18131,58.7,39.3
2024-11-10,401721673,Northeastern Huskies,Princeton Tigers,76,79,0,2,111,163,51.6,43.3
2024-11-10,401721674,Brown Bears,Maine Black Bears,67,69,0,2,225,311,45.1,46.6
2024-11-10,401721675,American University Eagles,Harvard Crimson,67,55,0,2,44,108,44.0,38.5
2024-11-10,401721766,Loyola Maryland Greyhounds,Lancaster Bible Chargers,83,42,0,2,2352,123306,41.8,37.0
2024-11-10,401721934,Campbell Fighting Camels,Saint Francis Red Wolves,64,65,0,2,2097,2598,43.8,50.0
2024-11-10,401722098,UAlbany Great Danes,SUNY Oneonta Red Dragons,89,69,0,2,399,355,47.5,50.0
2024-11-10,401722182,Merrimack Warriors,Vermont Catamounts,65,51,0,2,2771,261,39.3,33.3
2024-11-10,401722215,San Francisco Dons,Boise State Broncos,84,73,0,2,2539,68,52.7,40.0
2024-11-10,401722304,Gonzaga Bulldogs,Arizona State Sun Devils,88,80,0,2,2250,9,50.0,47.6
2024-11-10,401722414,UC San Diego Tritons,Pepperdine Waves,94,76,0,2,28,2492,49.2,52.2
2024-11-10,401722427,Wyoming Cowboys,Tennessee State Tigers,81,66,0,2,2751,2634,52.6,37.3
2024-11-10,401725372,Abilene Christian Wildcats,Middle Tennessee Blue Raiders,56,79,0,2,2000,2393,38.8,51.7
2024-11-10,401725384,Grand Canyon Lopes,Western Kentucky Hilltoppers,74,72,0,2,2253,98,40.0,45.9
2024-11-10,401725791,Southern Utah Thunderbirds,Florida International Panthers,80,75,0,2,253,2229,54.3,39.1
2024-11-10,401725806,Utah Tech Trailblazers,New Mexico State Aggies,63,75,0,2,3101,166,31.7,47.4
2024-11-10,401726023,South Dakota Coyotes,Mount Marty Lancers,77,47,0,2,233,573,37.1,31.5
2024-11-10,401726029,Elon Phoenix,Bluefield Ramblin' Rams,103,66,0,2,2210,495,53.0,35.3
2024-11-10,401726406,Tarleton State Texans,Sam Houston Bearkats,62,91,0,2,2627,2534,43.9,47.6
2024-11-10,401727063,Arkansas Razorbacks,Baylor Bears,67,72,1,2,8,239,41.4,46.6
2024-11-10,401727285,Detroit Mercy Titans,Niagara Purple Eagles,84,78,0,2,2174,315,45.8,42.2
2024-11-10,401727332,Vanderbilt Commodores,Southeast Missouri State Redhawks,85,76,0,2,238,2546,38.5,44.4
2024-11-10,401727833,Drake Bulldogs,Stephen F. Austin Lumberjacks,66,51,0,2,2181,2617,48.8,38.8
2024-11-10,401727838,Robert Morris Colonials,Chatham Cougars,79,51,0,2,2523,110412,50.0,30.0
2024-11-11,401711755,The Citadel Bulldogs,Stetson Hatters,74,52,0,2,2643,56,43.3,35.7
2024-11-11,401715406,Ohio State Buckeyes,Youngstown State Penguins,81,47,0,2,194,2754,55.4,23.7
2024-11-11,401720876,Montana Grizzlies,Northwest Indian RedHawks,94,44,0,2,149,3218,50.7,33.3
2024-11-11,401721207,UT Rio Grande Valley Vaqueros,Champion Christian Tigers,110,60,0,2,292,3134,48.9,28.6
2024-11-11,401722106,UMBC Retrievers,Valley Forge Patriots,120,61,0,2,2378,110414,59.3,34.9
2024-11-11,401722150,Air Force Falcons,Long Island University Sharks,54,63,0,2,2005,112358,35.9,39.3
2024-11-11,401722339,Hawai'i Rainbow Warriors,San José State Spartans,80,69,0,2,62,23,54.5,42.0
2024-11-11,401722343,Life Pacific Warriors,Pacific Tigers,41,94,1,2,109670,279,23.2,54.5
2024-11-11,401727269,Cal Poly Mustangs,Menlo Oaks,99,66,0,2,13,2381,54.9,33.3
2024-11-11,401730464,Howard Bison,Dillard Blue Devils,91,73,0,2,47,2176,47.5,36.5
2024-11-12,401700389,La Salle Explorers,Cornell Big Red,93,77,0,2,2325,172,50.8,46.8
2024-11-12,401700399,Saint Joseph's Hawks,Villanova Wildcats,83,76,0,2,2603,222,43.3,40.9
2024-11-12,401700444,SMU Mustangs,UNC Greensboro Spartans,81,68,0,2,2567,2430,42.9,41.4
2024-11-12,401700453,Virginia Cavaliers,Coppin State Eagles,62,45,0,2,258,2154,40.4,28.0
2024-11-12,401706902,Virginia Tech Hokies,Winthrop Eagles,58,52,0,2,259,2737,33.3,34.5
2024-11-12,401706955,Iowa State Cyclones,Kansas City Roos,82,56,0,2,66,140,48.4,33.3
2024-11-12,401706963,Kansas Jayhawks,Michigan State Spartans,77,69,1,2,2305,127,40.6,34.8
2024-11-12,401707868,Maryland Terrapins,Florida A&M Rattlers,84,53,0,2,120,50,48.4,39.2
2024-11-12,401707978,Purdue Boilermakers,Yale Bulldogs,92,84,0,2,2509,43,53.8,50.8
2024-11-12,401710000,UCLA Bruins,Boston University Terriers,71,40,0,2,26,104,40.0,30.4
2024-11-12,401711650,Furman Paladins,Jacksonville Dolphins,78,69,0,2,231,294,45.6,36.9
2024-11-12,401711731,North Alabama Lions,UT Martin Skyhawks,87,69,0,2,2453,2630,48.6,42.9
2024-11-12,401712995,Butler Bulldogs,Western Michigan Broncos,85,65,0,2,2086,2711,56.0,30.1
2024-11-12,401714890,Florida Gators,Grambling Tigers,86,62,0,2,57,2755,45.3,42.6
2024-11-12,401715309,Missouri Tigers,Eastern Washington Eagles,84,77,0,2,142,331,54.2,51.8
2024-11-12,401715357,Texas A&M Aggies,Lamar Cardinals,97,71,0,2,245,2320,55.2,37.5
2024-11-12,401715423,Rutgers Scarlet Knights,Saint Peter's Peacocks,75,65,0,2,164,2612,48.2,40.0
2024-11-12,401715458,DePaul Blue Demons,Mercer Bears,95,64,0,2,305,2382,54.8,39.3
2024-11-12,401715478,Marquette Golden Eagles,Central Michigan Chippewas,70,62,0,2,269,2117,36.4,40.4
2024-11-12,401715533,Providence Friars,Hampton Pirates,60,51,0,2,2507,2261,43.5,28.6
2024-11-12,401715682,Notre Dame Fighting Irish,Buffalo Bulls,86,77,0,2,87,2084,50.8,42.9
2024-11-12,401715689,Pittsburgh Panthers,Gardner-Webb Runnin' Bulldogs,83,64,0,2,221,2241,47.0,39.7
2024-11-12,401716876,George Mason Patriots,Stony Brook Seawolves,94,56,0,2,2244,2619,54.2,31.7
2024-11-12,401720448,Charleston Southern Buccaneers,Morris Hornets,108,50,0,2,2127,571,53.5,31.3
2024-11-12,401720559,Washington State Cougars,Idaho Vandals,90,67,0,2,265,70,51.5,36.5
2024-11-12,401720709,Alabama Crimson Tide,McNeese Cowboys,72,64,0,2,333,2377,44.0,39.3
2024-11-12,401720877,Montana State Bobcats,Northwest Indian RedHawks,93,35,0,2,147,3218,48.1,23.6
2024-11-12,401720878,Idaho State Bengals,Southern Oregon Raiders,87,63,0,2,304,2584,48.5,41.1
2024-11-12,401721001,Bowling Green Falcons,Taylor Trojans,107,43,0,2,189,620,59.7,28.6
2024-11-12,401721083,Central Connecticut Blue Devils,Vermont State Johnson Badgers,117,68,0,2,2115,126751,61.1,43.1
2024-11-12,401721279,Tulane Green Wave,Alcorn State Braves,84,51,0,2,2655,2016,45.8,35.7
2024-11-12,401721789,Army Black Knights,Mount St Mary Knights,101,48,0,2,349,289,53.4,40.4
2024-11-12,401721951,Austin Peay Governors,Chattanooga Mocs,67,61,0,2,2046,236,43.8,39.1
2024-11-12,401722325,Cal State Bakersfield Roadrunners,North Dakota State Bison,86,81,0,2,2934,2449,57.6,52.0
2024-11-12,401722340,Hawai'i Rainbow Warriors,Pacific Tigers,76,66,0,2,62,279,48.1,37.7
2024-11-12,401722344,San José State Spartans,Life Pacific Warriors,93,56,1,2,23,109670,57.1,35.5
2024-11-12,401723748,Morgan State Bears,District of Columbia Firebirds,90,64,0,2,2415,2177,54.7,38.6
2024-11-12,401726561,Marshall Thundering Herd,Southern Indiana Screaming Eagles,77,63,0,2,276,88,45.7,36.0
2024-11-12,401727053,Georgia Southern Eagles,Augusta Jaguars,79,69,0,2,290,2041,42.9,39.7
2024-11-12,401727098,North Dakota Fighting Hawks,Dickinson State Blue Hawks,85,54,0,2,155,316,45.5,35.8
2024-11-12,401727143,Missouri State Bears,Missouri Southern State Lions,90,61,0,2,2623,2403,51.6,34.3
2024-11-12,401727355,Oklahoma Sooners,Northwestern State Demons,73,57,0,2,201,2466,43.1,46.0
2024-11-12,401727501,IU Indianapolis Jaguars,Goshen Maple Leafs,97,55,0,2,85,3067,53.1,29.5
2024-11-12,401727843,South Carolina State Bulldogs,Voorhees Tigers,94,48,0,2,2569,2679,57.1,32.1
2024-11-12,401732267,Alabama A&M Bulldogs,Arkansas Baptist Buffaloes,103,57,0,2,2010,2027,55.9,39.6
2024-11-13,401700419,Clemson Tigers,Eastern Kentucky Colonels,75,62,0,2,228,2198,45.9,42.6
2024-11-13,401706156,Iona Gaels,Delaware Blue Hens,58,64,0,2,314,48,30.1,37.3
2024-11-13,401706157,Navy Midshipmen,Rider Broncs,79,90,0,2,2426,2520,43.3,52.9
2024-11-13,401706883,Kentucky Wildcats,Duke Blue Devils,77,72,1,2,96,150,39.7,39.4
2024-11-13,401706893,Syracuse Orange,Colgate Raiders,74,72,0,2,183,2142,44.3,43.8
2024-11-13,401706982,TCU Horned Frogs,Texas State Bobcats,76,71,0,2,2628,326,53.8,42.1
2024-11-13,401711683,Lipscomb Bisons,Belmont Bruins,79,80,0,2,288,2057,47.0,51.6
2024-11-13,401711704,Utah Utes,Queens University Royals,96,65,0,2,254,2511,48.6,35.9
2024-11-13,401711745,Georgia Bulldogs,North Florida Ospreys,90,77,0,2,61,2454,52.5,42.9
2024-11-13,401714989,Mississippi State Bulldogs,SE Louisiana Lions,80,59,0,2,344,2545,43.5,35.2
2024-11-13,401715319,Ole Miss Rebels,South Alabama Jaguars,64,54,0,2,145,6,32.8,38.5
2024-11-13,401715328,South Carolina Gamecocks,Towson Tigers,80,54,0,2,2579,119,50.0,29.6
2024-11-13,401715346,Texas Longhorns,Chicago State Cougars,105,58,0,2,251,2130,57.1,29.7
2024-11-13,401715380,Iowa Hawkeyes,South Dakota Coyotes,96,77,0,2,2294,233,54.4,44.1
2024-11-13,401715399,Northwestern Wildcats,UIC Flames,83,74,0,2,77,82,50.0,46.3
2024-11-13,401715415,Penn State Nittany Lions,Saint Francis Red Wolves,92,62,0,2,213,2598,49.3,37.3
2024-11-13,401715592,St. John's Red Storm,Wagner Seahawks,66,45,0,2,2599,2681,50.0,29.1
2024-11-13,401715623,Xavier Musketeers,Jackson State Tigers,94,57,0,2,2752,2296,54.1,28.8
2024-11-13,401715645,UCF Knights,Florida Atlantic Owls,100,94,0,2,2116,2226,53.3,45.3
2024-11-13,401715653,Florida State Seminoles,Tarleton State Texans,72,52,0,2,52,2627,44.9,31.1
2024-11-13,401715668,Georgia Tech Yellow Jackets,Texas Southern Tigers,81,62,0,2,59,2640,37.9,33.3
2024-11-13,401715694,Stanford Cardinal,Northern Arizona Lumberjacks,90,64,0,2,24,2464,56.1,44.6
2024-11-13,401716113,Incarnate Word Cardinals,Prairie View A&M Panthers,84,81,0,2,2916,2504,45.8,40.0
2024-11-13,401716155,Bradley Braves,UTSA Roadrunners,85,72,0,2,71,2636,51.6,34.8
2024-11-13,401716867,Fordham Rams,Binghamton Bearcats,78,63,0,2,2230,2066,38.3,42.6
2024-11-13,401718137,George Washington Revolutionaries,North Carolina A&T Aggies,85,80,0,2,45,2448,48.4,50.0
2024-11-13,401718417,Massachusetts Minutemen,Louisiana Tech Bulldogs,66,76,1,2,113,2348,38.8,48.3
2024-11-13,401718449,Rhode Island Rams,Franklin Pierce Ravens,105,73,0,2,227,144,51.8,36.0
2024-11-13,401718709,Liberty Flames,Carolina University Bruins,81,45,0,2,2335,108942,40.6,32.6
2024-11-13,401719368,Northern Colorado Bears,Colorado Christian Cougars,113,56,0,2,2458,2862,67.7,36.8
2024-11-13,401719649,San Diego Toreros,Portland State Vikings,76,85,0,2,301,2502,41.7,51.7
2024-11-13,401720456,High Point Panthers,North Carolina Central Eagles,76,60,0,2,2272,2428,50.9,42.6
2024-11-13,401720584,Siena Saints,American University Eagles,74,66,0,2,2561,44,55.3,43.6
2024-11-13,401720747,New Mexico Lobos,Texas A&M-Corpus Christi Islanders,100,81,1,2,167,357,53.2,52.7
2024-11-13,401720785,Dartmouth Big Green,UAlbany Great Danes,73,87,0,2,159,399,51.1,44.6
2024-11-13,401720879,UC San Diego Tritons,Sacramento State Hornets,64,54,0,2,28,16,35.2,40.4
2024-11-13,401720943,Saint Mary's Gaels,Akron Zips,87,68,0,2,2608,2006,50.0,36.9
2024-11-13,401721043,Miami (OH) RedHawks,Maryland Eastern Shore Hawks,88,70,0,2,193,2379,54.7,49.0
2024-11-13,401721051,Northern Illinois Huskies,Monmouth Hawks,79,66,0,2,2459,2405,47.9,31.1
2024-11-13,401721060,Illinois State Redbirds,Ohio Bobcats,85,75,0,2,2287,195,61.2,47.3
2024-11-13,401721651,Oregon Ducks,Portland Pilots,80,70,0,2,2483,2501,40.6,37.5
2024-11-13,401721676,Lafayette Leopards,Pennsylvania Quakers,65,63,0,2,322,219,40.7,37.5
2024-11-13,401721677,Columbia Lions,Lehigh Mountain Hawks,76,75,0,2,171,2329,45.2,54.7
2024-11-13,401721788,NJIT Highlanders,Loyola Maryland Greyhounds,50,68,0,2,2885,2352,38.9,44.3
2024-11-13,401721980,Tennessee Tech Golden Eagles,West Georgia Wolves,76,73,0,2,2635,2698,52.7,42.0
2024-11-13,401722033,Purdue Fort Wayne Mastodons,Bethune-Cookman Wildcats,91,69,0,2,2870,2065,43.8,45.5
2024-11-13,401722095,New Hampshire Wildcats,Fairfield Stags,56,62,0,2,160,2217,37.0,37.5
2024-11-13,401722195,East Carolina Pirates,Mount Olive Trojans,110,73,0,2,151,2418,53.2,34.6
2024-11-13,401722216,Boise State Broncos,Corban Warriors,100,65,0,2,68,3106,61.9,39.7
2024-11-13,401722223,Colorado State Rams,Denver Pioneers,74,65,0,2,36,2172,45.8,39.3
2024-11-13,401722264,San Diego State Aztecs,Occidental Tigers,100,49,0,2,21,2475,48.7,29.3
2024-11-13,401722278,Rice Owls,UL Monroe Warhawks,66,50,0,2,242,2433,37.5,32.7
2024-11-13,401722281,South Florida Bulls,Arkansas-Pine Bluff Golden Lions,85,69,0,2,58,2029,39.1,41.7
2024-11-13,401722286,Temple Owls,Drexel Dragons,69,61,0,2,218,2182,41.5,34.3
2024-11-13,401722317,Radford Highlanders,Old Dominion Monarchs,87,75,0,2,2515,295,50.8,40.7
2024-11-13,401722409,UC Davis Aggies,Menlo Oaks,80,70,0,2,302,2381,49.2,44.6
2024-11-13,401722608,Indiana State Sycamores,SIU Edwardsville Cougars,72,77,0,2,282,2565,40.7,50.0
2024-11-13,401723713,Delaware State Hornets,Gwynedd Mercy Griffins,70,54,0,2,2169,461,37.7,34.9
2024-11-13,401723759,William & Mary Tribe,Norfolk State Spartans,84,73,0,2,2729,2450,44.8,45.0
2024-11-13,401724521,Valparaiso Beacons,Cleveland State Vikings,67,75,0,2,2674,325,40.7,51.7
2024-11-13,401724532,Arkansas State Red Wolves,Little Rock Trojans,80,63,0,2,2032,2031,37.5,46.9
2024-11-13,401725373,Abilene Christian Wildcats,McMurry War Hawks,101,55,0,2,2000,241,55.4,29.1
2024-11-13,401725382,California Baptist Lancers,UC Riverside Highlanders,69,70,0,2,2856,27,40.0,44.3
2024-11-13,401725792,Southern Utah Thunderbirds,Bethesda Flames,107,54,0,2,253,3246,48.6,29.5
2024-11-13,401726427,Baylor Bears,Sam Houston Bearkats,104,67,0,2,239,2534,58.6,44.1
2024-11-13,401726433,UTEP Miners,UT Permian Basin Falcons,78,58,0,2,2638,3081,58.8,36.7
2024-11-13,401726437,Western Kentucky Hilltoppers,Campbellsville Tigers,104,76,0,2,98,2098,51.3,42.9
2024-11-13,401727058,James Madison Dukes,Mary Baldwin Fighting Squirrels,100,52,0,2,256,124942,61.9,32.8
2024-11-13,401727073,Southern Miss Golden Eagles,Loyola New Orleans Wolfpack,104,65,0,2,2572,100,56.9,35.1
2024-11-13,401727262,Bellarmine Knights,Southern Indiana Screaming Eagles,69,71,0,2,91,88,46.3,45.3
2024-11-13,401727295,Manhattan Jaspers,Mercy Mavericks,88,71,0,2,2363,2384,50.0,40.7
2024-11-13,401727417,VMI Keydets,Christendom Crusaders,102,56,0,2,2678,111180,47.4,33.9
2024-11-13,401727492,Samford Bulldogs,Rhodes Lynx,108,52,0,2,2535,2519,44.1,32.8
2024-11-13,401727831,Oregon State Beavers,Western Oregon Wolves,94,58,0,2,204,2848,56.7,33.3
2024-11-13,401727834,Stephen F. Austin Lumberjacks,LeTourneau Yellow Jackets,87,68,0,2,2617,2326,50.0,37.9
2024-11-14,401700266,Kennesaw State Owls,Bryan Lions,94,59,0,2,338,2081,42.4,29.3
2024-11-14,401700409,VCU Rams,Merrimack Warriors,63,42,0,2,2670,2771,38.0,27.9
2024-11-14,401700464,Wake Forest Demon Deacons,South Carolina Upstate Spartans,85,80,0,2,154,2908,50.9,47.6
2024-11-14,401706158,Mercyhurst Lakers,Canisius Golden Griffins,62,52,0,2,2385,2099,39.3,37.8
2024-11-14,401706911,BYU Cougars,Queens University Royals,99,55,0,2,252,2511,51.3,34.5
2024-11-14,401706920,Colorado Buffaloes,Cal State Fullerton Titans,83,53,0,2,38,2239,56.6,31.0
2024-11-14,401706948,Houston Cougars,Louisiana Ragin' Cajuns,91,45,0,2,248,309,45.6,32.6
2024-11-14,401707849,Illinois Fighting Illini,Oakland Golden Grizzlies,66,54,0,2,356,2473,41.8,37.7
2024-11-14,401707986,Nebraska Cornhuskers,Fairleigh Dickinson Knights,86,60,0,2,158,161,43.1,40.4
2024-11-14,401709969,San Francisco Dons,Long Beach State Beach,84,54,0,2,2539,299,59.3,37.0
2024-11-14,401714642,Auburn Tigers,Kent State Golden Flashes,79,56,0,2,2,2309,49.1,32.8
2024-11-14,401715336,Tennessee Volunteers,Montana Grizzlies,92,57,0,2,2633,149,60.8,34.6
2024-11-14,401715389,Minnesota Golden Gophers,North Texas Mean Green,51,54,0,2,135,249,31.3,37.7
2024-11-14,401715450,Creighton Bluejays,Houston Christian Huskies,78,43,0,2,156,2277,55.8,25.4
2024-11-14,401715562,Hofstra Pride,Seton Hall Pirates,49,48,1,2,2275,2550,37.0,35.4
2024-11-14,401715609,UConn Huskies,Le Moyne Dolphins,90,49,0,2,41,2330,55.6,35.2
2024-11-14,401715638,Texas Tech Red Raiders,Wyoming Cowboys,96,49,0,2,2641,2751,63.9,34.0
2024-11-14,401715865,Longwood Lancers,Milwaukee Panthers,76,62,0,2,2344,270,39.3,35.9
2024-11-14,401716877,George Mason Patriots,Central Michigan Chippewas,69,70,0,2,2244,2117,40.8,41.0
2024-11-14,401718248,Dayton Flyers,Ball State Cardinals,77,69,0,2,2168,2050,49.1,38.5
2024-11-14,401718458,Charlotte 49ers,Richmond Spiders,65,48,0,2,2429,257,35.3,40.0
2024-11-14,401719335,Florida Gulf Coast Eagles,St. Bonaventure Bonnies,65,74,0,2,526,179,39.7,45.8
2024-11-14,401719349,Vanderbilt Commodores,California Golden Bears,85,69,0,2,238,25,51.5,43.6
2024-11-14,401720479,Presbyterian Blue Hose,Wofford Terriers,71,68,0,2,2506,2747,48.1,45.6
2024-11-14,401720514,Nevada Wolf Pack,Weber State Wildcats,88,58,0,2,2440,2692,56.9,27.8
2024-11-14,401720575,East Tennessee State Buccaneers,Tusculum Pioneers,82,54,0,2,2193,2839,55.2,32.3
2024-11-14,401720729,LSU New Orleans Privateers,Lindenwood Lions,82,74,1,2,2443,2815,47.4,44.1
2024-11-14,401721021,IU Indianapolis Jaguars,Eastern Michigan Eagles,71,74,0,2,85,2199,26.7,43.3
2024-11-14,401721069,Toledo Rockets,Wright State Raiders,86,77,0,2,2649,2750,56.1,47.8
2024-11-14,401721227,Alabama A&M Bulldogs,Fisk Bulldogs,103,69,0,2,2010,2225,50.0,36.1
2024-11-14,401721656,USC Trojans,UT Arlington Mavericks,98,95,0,2,30,250,55.6,56.6
2024-11-14,401721678,Northeastern Huskies,Harvard Crimson,78,56,0,2,111,108,52.5,32.2
2024-11-14,401721679,Yale Bulldogs,Emerson Lions,100,46,0,2,43,108842,60.3,35.2
2024-11-14,401721790,Bucknell Bison,Mount St. Mary's Mountaineers,89,93,0,2,2083,116,46.7,48.5
2024-11-14,401721960,Central Arkansas Bears,Randall Saints,108,49,0,2,2110,3090,47.2,27.9
2024-11-14,401722135,East Texas A&M Lions,Southern Jaguars,70,68,0,2,2837,2582,48.1,40.7
2024-11-14,401722227,UC Santa Barbara Gauchos,Fresno State Bulldogs,91,86,0,2,2540,278,51.9,46.3
2024-11-14,401722390,Utah State Aggies,Westminster (UT) Griffins,117,53,0,2,328,224,63.6,35.0
2024-11-14,401722592,Middle Tennessee Blue Raiders,Evansville Purple Aces,80,63,0,2,2393,339,49.2,34.4
2024-11-14,401724535,NC State Wolfpack,Coastal Carolina Chanticleers,82,70,0,2,152,324,47.4,45.1
2024-11-14,401724541,Jacksonville State Gamecocks,Georgia State Panthers,72,67,0,2,55,2247,40.0,34.8
2024-11-14,401725367,Santa Clara Broncos,North Dakota State Bison,80,88,0,2,2541,2449,41.3,47.4
2024-11-14,401725807,Utah Tech Trailblazers,Bethesda Flames,90,59,0,2,3101,3246,43.6,38.7
2024-11-14,401725815,North Dakota Fighting Hawks,Utah Valley Wolverines,77,71,0,2,155,3084,43.3,45.5
2024-11-14,401726010,Campbell Fighting Camels,Newberry Wolves,83,40,0,2,2097,2444,50.0,30.4
2024-11-14,401726386,Tulsa Golden Hurricane,Oral Roberts Golden Eagles,85,76,0,2,202,198,47.4,39.7
2024-11-14,401727079,Arkansas Razorbacks,Troy Trojans,65,49,0,2,8,2653,42.9,38.2
2024-11-14,401727271,Cal State Northridge Matadors,Nobel Knights,98,50,0,2,2463,130201,54.2,27.9
2024-11-14,401727286,Western Illinois Leathernecks,Green Bay Phoenix,73,87,0,2,2710,2739,42.4,49.2
2024-11-14,401727331,Southeast Missouri State Redhawks,Crowley's Ridge Pioneers,93,38,0,2,2546,3168,48.7,27.1
2024-11-14,401727338,Howard Bison,Tennessee State Tigers,88,84,1,2,47,2634,53.2,55.9
2024-11-14,401727414,Western Carolina Catamounts,Truett McConnell Bears,99,64,0,2,2717,3245,51.4,37.3
2024-11-14,401727495,Mercer Bears,Trinity College of Jacksonville Eagles,101,43,0,2,2382,3174,48.1,24.6
2024-11-14,401734421,Washington Huskies,Seattle Pacific Falcons,77,62,0,2,264,2548,44.8,46.9
2024-11-15,401700454,Villanova Wildcats,Virginia Cavaliers,60,70,1,2,222,258,35.2,51.0
2024-11-15,401706973,Kansas State Wildcats,LSU Tigers,65,76,0,2,2306,99,37.7,50.0
2024-11-15,401706983,Michigan Wolverines,TCU Horned Frogs,76,64,0,2,130,2628,50.0,34.4
2024-11-15,401714891,Florida State Seminoles,Florida Gators,74,87,0,2,52,57,38.6,52.5
2024-11-15,401715310,Missouri Tigers,Mississippi Valley State Delta Devils,111,39,0,2,142,2400,56.9,27.1
2024-11-15,401715424,Rutgers Scarlet Knights,Monmouth Hawks,98,81,0,2,164,2405,59.6,40.8
2024-11-15,401715431,Northern Kentucky Norse,Nicholls Colonels,59,61,0,2,94,2447,36.5,32.4
2024-11-15,401715914,Wichita State Shockers,Northern Iowa Panthers,79,73,0,2,2724,2460,42.9,47.5
2024-11-15,401715948,Charleston Southern Buccaneers,UT Rio Grande Valley Vaqueros,76,86,1,2,2127,292,48.2,52.9
2024-11-15,401715949,VMI Keydets,Tennessee Tech Golden Eagles,71,72,1,2,2678,2635,35.9,40.7
2024-11-15,401715987,Arizona State Sun Devils,Grand Canyon Lopes,87,76,1,2,9,2253,53.7,44.1
2024-11-15,401719219,Oklahoma State Cowboys,Southern Illinois Salukis,85,78,0,2,197,79,47.7,50.8
2024-11-15,401719249,Winthrop Eagles,William & Mary Tribe,86,85,0,2,2737,2729,44.6,43.6
2024-11-15,401719369,South Dakota State Jackrabbits,Northern Colorado Bears,69,78,1,2,2571,2458,32.4,48.4
2024-11-15,401720730,Stonehill Skyhawks,LSU New Orleans Privateers,80,54,1,2,284,2443,51.0,25.7
2024-11-15,401720748,New Mexico State Aggies,Texas A&M-Corpus Christi Islanders,83,82,0,2,166,357,41.0,38.2
2024-11-15,401720880,Pacific Tigers,Northern Arizona Lumberjacks,57,60,0,2,279,2464,39.2,35.4
2024-11-15,401721011,Buffalo Bulls,Bryant Bulldogs,64,87,0,2,2084,2803,35.8,39.2
2024-11-15,401721076,Western Michigan Broncos,SIU Edwardsville Cougars,60,79,0,2,2711,2565,29.6,49.2
2024-11-15,401721791,Sacred Heart Pioneers,Holy Cross Crusaders,75,82,1,2,2529,107,44.6,50.9
2024-11-15,401721969,Jacksonville Dolphins,South Carolina State Bulldogs,71,62,0,2,294,2569,48.1,37.9
2024-11-15,401722009,Robert Morris Colonials,Stonehill Skyhawks,63,51,0,2,2523,284,37.2,31.5
2024-11-15,401722167,UMBC Retrievers,Coppin State Eagles,92,67,0,2,2378,2154,58.6,47.3
2024-11-15,401722385,UNLV Rebels,Omaha Mavericks,80,69,0,2,2439,2437,45.6,42.6
2024-11-15,401725507,Cal Poly Mustangs,Seattle U Redhawks,75,71,0,2,13,2547,49.1,38.5
2024-11-15,401726024,South Dakota Coyotes,Dakota Wesleyan Tigers,92,69,0,2,233,513,58.1,42.4
2024-11-15,401726390,Florida International Panthers,Florida National Conquistadors,110,55,0,2,2229,107730,55.6,32.3
2024-11-15,401727086,UL Monroe Warhawks,Ecclesia Royals,110,48,0,2,2433,3120,56.0,29.0
2024-11-15,401727090,Denver Pioneers,Colorado Christian Cougars,86,63,0,2,2172,2862,47.4,46.5
2024-11-15,401727274,UC Riverside Highlanders,La Sierra Golden Eagles,79,51,0,2,27,3167,44.1,37.3
2024-11-15,401727322,Chattanooga Mocs,Morehead State Eagles,76,62,0,2,236,2413,43.5,41.2
2024-11-15,401727426,The Citadel Bulldogs,North Greenville Trailblazers,79,54,0,2,2643,2822,45.0,36.4
2024-11-15,401732949,Tarleton State Texans,Tabor TABOR,88,57,0,2,2627,619,55.7,42.9
2024-11-16,401700267,Kennesaw State Owls,Presbyterian Blue Hose,85,67,0,2,338,2506,44.8,44.9
2024-11-16,401700390,Drexel Dragons,La Salle Explorers,68,71,0,2,2182,2325,45.3,41.9
2024-11-16,401700400,Pennsylvania Quakers,Saint Joseph's Hawks,69,86,0,2,219,2603,47.4,46.4
2024-11-16,401700436,North Carolina Tar Heels,American University Eagles,107,55,0,2,153,44,59.0,31.1
2024-11-16,401700445,Butler Bulldogs,SMU Mustangs,81,70,0,2,2086,2567,41.0,40.0
2024-11-16,401700465,Xavier Musketeers,Wake Forest Demon Deacons,75,60,0,2,2752,154,40.4,46.8
2024-11-16,401706159,Iona Gaels,Vermont Catamounts,62,59,0,2,314,261,36.8,45.7
2024-11-16,401706160,Canisius Golden Griffins,SIU Edwardsville Cougars,58,76,1,2,2099,2565,40.0,50.0
2024-11-16,401706869,Boston College Eagles,Temple Owls,72,69,0,2,103,218,42.6,42.4
2024-11-16,401706884,Duke Blue Devils,Wofford Terriers,86,35,0,2,150,2747,48.4,24.6
2024-11-16,401706903,Penn State Nittany Lions,Virginia Tech Hokies,86,64,1,2,213,259,50.9,44.4
2024-11-16,401706912,BYU Cougars,Idaho Vandals,95,71,0,2,252,70,55.9,50.0
2024-11-16,401706964,Kansas Jayhawks,Oakland Golden Grizzlies,78,57,0,2,2305,2473,57.1,43.6
2024-11-16,401706992,Pittsburgh Panthers,West Virginia Mountaineers,86,62,0,2,221,277,48.3,38.7
2024-11-16,401707859,Indiana Hoosiers,South Carolina Gamecocks,87,71,0,2,84,2579,51.0,38.1
2024-11-16,401707869,Maryland Terrapins,Marquette Golden Eagles,74,78,0,2,120,269,52.7,44.8
2024-11-16,401707979,Purdue Boilermakers,Alabama Crimson Tide,87,78,0,2,2509,333,49.2,44.4
2024-11-16,401709970,Long Beach State Beach,Portland Pilots,61,63,0,2,299,2501,38.2,42.3
2024-11-16,401710001,UCLA Bruins,Lehigh Mountain Hawks,85,45,0,2,26,2329,55.4,29.4
2024-11-16,401711732,North Alabama Lions,Samford Bulldogs,96,97,0,2,2453,2535,44.6,49.3
2024-11-16,401711756,Oklahoma Sooners,Stetson Hatters,85,64,0,2,201,56,49.3,48.0
2024-11-16,401714898,Georgia Tech Yellow Jackets,Georgia Bulldogs,69,77,0,2,59,61,36.5,46.4
2024-11-16,401715320,Ole Miss Rebels,Colorado State Rams,84,69,1,2,145,36,50.9,48.0
2024-11-16,401715347,Texas Longhorns,Mississippi Valley State Delta Devils,89,43,0,2,251,2400,64.4,33.3
2024-11-16,401715358,Texas A&M Aggies,Ohio State Buckeyes,78,64,0,2,245,194,38.8,33.9
2024-11-16,401715381,Iowa Hawkeyes,Washington State Cougars,76,66,1,2,2294,265,41.7,39.4
2024-11-16,401715390,Minnesota Golden Gophers,Yale Bulldogs,59,56,0,2,135,43,36.4,44.4
2024-11-16,401715400,Northwestern Wildcats,Eastern Illinois Panthers,67,58,0,2,77,2197,40.4,41.0
2024-11-16,401715442,Wisconsin Badgers,Arizona Wildcats,103,88,0,2,275,12,48.1,37.8
2024-11-16,401715459,DePaul Blue Demons,Duquesne Dukes,84,58,0,2,305,2184,53.7,34.5
2024-11-16,401715468,Georgetown Hoyas,Notre Dame Fighting Irish,63,84,0,2,46,87,31.4,59.3
2024-11-16,401715534,Providence Friars,Green Bay Phoenix,79,65,0,2,2507,2739,43.5,42.9
2024-11-16,401715563,Seton Hall Pirates,Wagner Seahawks,54,28,0,2,2550,2681,45.5,23.9
2024-11-16,401715629,Cincinnati Bearcats,Nicholls Colonels,86,49,0,2,2132,2447,54.1,30.4
2024-11-16,401715955,Houston Christian Huskies,Rockford Regents,84,64,0,2,2277,2524,51.9,42.6
2024-11-16,401716114,Incarnate Word Cardinals,Arkansas-Pine Bluff Golden Lions,92,64,0,2,2916,2029,55.6,42.9
2024-11-16,401716156,UTSA Roadrunners,Little Rock Trojans,64,81,0,2,2636,2031,30.0,52.7
2024-11-16,401716868,Manhattan Jaspers,Fordham Rams,78,76,0,2,2363,2230,41.9,37.5
2024-11-16,401716878,East Carolina Pirates,George Mason Patriots,78,77,0,2,151,2244,33.8,43.3
2024-11-16,401718349,Princeton Tigers,Loyola Chicago Ramblers,68,73,0,2,163,2350,40.7,42.2
2024-11-16,401718459,Bucknell Bison,Richmond Spiders,80,76,0,2,2083,257,46.2,36.0
2024-11-16,401718716,Florida Atlantic Owls,Liberty Flames,77,74,1,2,2226,2335,50.8,42.6
2024-11-16,401719250,Winthrop Eagles,Georgia Southern Eagles,87,89,0,2,2737,290,47.1,44.1
2024-11-16,401719269,South Carolina Upstate Spartans,UNC Wilmington Seahawks,85,89,0,2,2908,350,46.2,45.9
2024-11-16,401719336,St. Bonaventure Bonnies,Le Moyne Dolphins,71,52,0,2,179,2330,48.1,33.9
2024-11-16,401720457,High Point Panthers,UAB Blazers,68,65,0,2,2272,5,37.5,34.5
2024-11-16,401720469,Longwood Lancers,UT Martin Skyhawks,64,62,0,2,2344,2630,37.0,31.7
2024-11-16,401720569,Davidson Wildcats,East Tennessee State Buccaneers,76,70,0,2,2166,2193,55.3,48.2
2024-11-16,401720786,Boston University Terriers,Dartmouth Big Green,78,50,0,2,104,159,54.5,29.3
2024-11-16,401720881,San Diego Toreros,Idaho State Bengals,66,78,0,2,301,304,36.7,44.1
2024-11-16,401720993,Ball State Cardinals,Indiana State Sycamores,84,94,0,2,2050,282,38.6,50.0
2024-11-16,401721002,Michigan State Spartans,Bowling Green Falcons,86,72,0,2,127,189,45.8,43.5
2024-11-16,401721022,Cleveland State Vikings,Eastern Michigan Eagles,71,63,0,2,325,2199,51.9,41.1
2024-11-16,401721061,Memphis Tigers,Ohio Bobcats,94,70,0,2,235,195,56.1,36.9
2024-11-16,401721070,Detroit Mercy Titans,Toledo Rockets,67,82,0,2,2174,2649,43.1,44.6
2024-11-16,401721084,Northeastern Huskies,Central Connecticut Blue Devils,80,62,1,2,111,2115,53.3,48.1
2024-11-16,401721172,Columbia Lions,Mercyhurst Lakers,77,63,0,2,171,2385,53.6,41.2
2024-11-16,401721680,Brown Bears,New Hampshire Wildcats,76,58,0,2,225,160,41.8,30.0
2024-11-16,401721681,Cornell Big Red,Lafayette Leopards,81,71,0,2,172,322,46.4,42.6
2024-11-16,401721792,Marist Red Foxes,Army Black Knights,91,88,0,2,2368,349,53.8,53.1
2024-11-16,401721954,Western Illinois Leathernecks,Central Arkansas Bears,63,61,0,2,2710,2110,38.9,43.4
2024-11-16,401721981,South Florida Bulls,West Georgia Wolves,74,55,0,2,58,2698,50.9,35.1
2024-11-16,401721991,Binghamton Bearcats,Misericordia Cougars,77,48,0,2,2066,111902,55.6,32.7
2024-11-16,401722006,Quinnipiac Bobcats,Maine Black Bears,58,55,0,2,2514,311,43.1,36.1
2024-11-16,401722022,Robert Morris Colonials,Lindenwood Lions,67,53,0,2,2523,2815,42.6,35.2
2024-11-16,401722034,Bethune-Cookman Wildcats,South Carolina State Bulldogs,75,62,0,2,2065,2569,47.2,36.7
2024-11-16,401722066,Vanderbilt Commodores,Jackson State Tigers,94,81,0,2,238,2296,52.4,39.7
2024-11-16,401722092,Sacred Heart Pioneers,New Hampshire Wildcats,80,63,1,2,2529,160,46.7,45.8
2024-11-16,401722151,Air Force Falcons,Belmont Bruins,71,79,0,2,2005,2057,46.3,43.6
2024-11-16,401722168,UMBC Retrievers,Saint Peter's Peacocks,61,69,0,2,2378,2612,38.2,41.4
2024-11-16,401722173,Gonzaga Bulldogs,UMass Lowell River Hawks,113,54,0,2,2250,2349,53.9,36.0
2024-11-16,401722201,Charleston Cougars,Florida Atlantic Owls,119,116,0,2,232,2226,51.2,55.3
2024-11-16,401722275,Rice Owls,Northwestern State Demons,77,75,0,2,242,2466,41.2,42.9
2024-11-16,401722292,Furman Paladins,Tulane Green Wave,75,67,0,2,231,2655,37.9,42.6
2024-11-16,401722314,Evansville Purple Aces,Radford Highlanders,81,92,0,2,339,2515,50.0,63.6
2024-11-16,401722337,Oregon State Beavers,Cal State Fullerton Titans,70,51,0,2,204,2239,43.8,33.3
2024-11-16,401723724,Old Dominion Monarchs,Maryland Eastern Shore Hawks,73,71,0,2,295,2379,44.4,40.3
2024-11-16,401723749,Morgan State Bears,NJIT Highlanders,81,69,0,2,2415,2885,45.2,39.3
2024-11-16,401724513,UIC Flames,Saint Mary's (MN) Cardinals,117,59,0,2,82,2899,60.0,32.3
2024-11-16,401724533,Arkansas State Red Wolves,Stephen F. Austin Lumberjacks,59,49,0,2,2032,2617,31.1,31.5
2024-11-16,401724547,California Baptist Lancers,Long Island University Sharks,90,77,0,2,2856,112358,50.0,53.6
2024-11-16,401724988,Syracuse Orange,Youngstown State Penguins,104,95,0,2,183,2754,50.7,44.4
2024-11-16,401725374,Abilene Christian Wildcats,Texas State Bobcats,72,60,0,2,2000,326,49.0,40.5
2024-11-16,401725798,UT Arlington Mavericks,Texas College Steers,95,69,0,2,250,2637,51.6,33.8
2024-11-16,401726030,Gardner-Webb Runnin' Bulldogs,Elon Phoenix,80,79,0,2,2241,2210,44.1,47.3
2024-11-16,401726046,Stony Brook Seawolves,St. Joseph's Long Island Golden Eagles,93,45,0,2,2619,3196,49.3,25.4
2024-11-16,401726401,Middle Tennessee Blue Raiders,Murray State Racers,67,88,0,2,2393,93,39.1,61.5
2024-11-16,401726407,Missouri State Bears,Tulsa Golden Hurricane,111,106,0,2,2623,202,52.9,39.3
2024-11-16,401727054,Georgia Southern Eagles,North Carolina Central Eagles,80,75,1,2,290,2428,50.0,41.7
2024-11-16,401727068,South Alabama Jaguars,Mercer Bears,75,66,0,2,6,2382,41.7,37.9
2024-11-16,401727117,St. Thomas Tommies,St. Norbert Green Knights,102,54,0,2,2900,2832,59.0,36.7
2024-11-16,401727292,Fairfield Stags,John Jay Bloodhounds,93,44,0,2,2217,212,52.2,30.5
2024-11-16,401727421,UNC Greensboro Spartans,North Carolina Wesleyan Battling Bishops,99,54,0,2,2430,286,58.1,25.9
2024-11-16,401729805,VMI Keydets,Charleston Southern Buccaneers,80,69,1,2,2678,2127,49.1,43.5
2024-11-16,401729806,Tennessee Tech Golden Eagles,UT Rio Grande Valley Vaqueros,58,83,1,2,2635,292,37.7,48.4
2024-11-16,401731883,Delaware State Hornets,Cheyney (PA) Wolves,93,51,0,2,2169,2129,47.6,36.5
2024-11-17,401700410,VCU Rams,Loyola Maryland Greyhounds,83,57,0,2,2670,2352,49.2,33.3
2024-11-17,401700420,Boise State Broncos,Clemson Tigers,84,71,0,2,68,228,45.5,36.8
2024-11-17,401706161,Western Michigan Broncos,Canisius Golden Griffins,92,69,0,2,2711,2099,63.3,35.9
2024-11-17,401706921,Colorado Buffaloes,Harvard Crimson,88,66,0,2,38,108,51.8,36.9
2024-11-17,401707987,Saint Mary's Gaels,Nebraska Cornhuskers,77,74,1,2,2608,158,42.6,44.9
2024-11-17,401711684,Western Kentucky Hilltoppers,Lipscomb Bisons,66,61,0,2,98,288,38.1,34.8
2024-11-17,401715337,Tennessee Volunteers,Austin Peay Governors,103,68,0,2,2633,2046,63.8,35.5
2024-11-17,401715451,Creighton Bluejays,Kansas City Roos,79,56,0,2,156,140,47.6,29.3
2024-11-17,401715593,St. John's Red Storm,New Mexico Lobos,85,71,0,2,2599,167,50.0,43.8
2024-11-17,401715676,Miami Hurricanes,Coppin State Eagles,93,63,0,2,2390,2154,56.3,41.1
2024-11-17,401715695,Stanford Cardinal,UC Davis Aggies,79,65,0,2,24,302,37.3,45.3
2024-11-17,401718249,Dayton Flyers,Capital Crusaders,76,55,0,2,2168,424,51.9,32.8
2024-11-17,401718418,Massachusetts Minutemen,Hofstra Pride,71,75,0,2,113,2275,37.3,41.7
2024-11-17,401718708,Charleston Cougars,Liberty Flames,47,68,0,2,232,2335,30.8,52.0
2024-11-17,401719251,Winthrop Eagles,North Carolina Central Eagles,77,75,0,2,2737,2428,48.1,44.8
2024-11-17,401719324,Saint Louis Billikens,Loyola Marymount Lions,77,71,0,2,139,2351,44.3,37.1
2024-11-17,401720545,Mississippi State Bulldogs,Utah Utes,78,73,1,2,344,254,35.8,45.2
2024-11-17,401720581,UAlbany Great Danes,Siena Saints,70,60,0,2,399,2561,46.2,36.2
2024-11-17,401720665,Lamar Cardinals,Sam Houston Bearkats,72,85,0,2,2320,2534,35.9,54.4
2024-11-17,401720731,Robert Morris Colonials,LSU New Orleans Privateers,73,62,0,2,2523,2443,42.3,40.0
2024-11-17,401720882,Sacramento State Hornets,Cal State Northridge Matadors,69,79,0,2,16,2463,41.5,50.0
2024-11-17,401720883,Denver Pioneers,Montana State Bobcats,79,78,0,2,2172,147,42.3,45.5
2024-11-17,401720979,UC Irvine Anteaters,Pepperdine Waves,80,62,0,2,300,2492,40.6,38.3
2024-11-17,401721052,Bradley Braves,Northern Illinois Huskies,76,60,0,2,71,2459,58.1,40.0
2024-11-17,401721109,San Francisco Dons,Chicago State Cougars,82,37,0,2,2539,2130,46.9,23.6
2024-11-17,401721133,Fairleigh Dickinson Knights,Manhattan Jaspers,85,82,0,2,161,2363,50.0,48.4
2024-11-17,401721228,Tennessee State Tigers,Alabama A&M Bulldogs,81,71,0,2,2634,2010,49.2,35.5
2024-11-17,401721652,Oregon Ducks,Troy Trojans,82,61,0,2,2483,2653,51.8,37.3
2024-11-17,401721682,Brown Bears,Holy Cross Crusaders,65,73,0,2,225,107,41.3,44.6
2024-11-17,401721683,Merrimack Warriors,Princeton Tigers,57,68,0,2,2771,163,37.5,53.1
2024-11-17,401721684,Brown Bears,Sacred Heart Pioneers,89,70,0,2,225,2529,56.4,44.1
2024-11-17,401721793,Holy Cross Crusaders,New Hampshire Wildcats,74,72,1,2,107,160,48.1,52.0
2024-11-17,401721794,Navy Midshipmen,Campbell Fighting Camels,66,86,0,2,2426,2097,41.8,50.0
2024-11-17,401721935,Mount St. Mary's Mountaineers,Saint Francis Red Wolves,66,58,0,2,116,2598,41.1,36.1
2024-11-17,401722010,Lindenwood Lions,Stonehill Skyhawks,75,74,1,2,2815,284,40.7,47.1
2024-11-17,401722136,Southern Jaguars,Ecclesia Royals,131,42,0,2,2582,3120,56.3,24.4
2024-11-17,401722228,Cal State Bakersfield Roadrunners,Fresno State Bulldogs,74,56,0,2,2934,278,46.2,37.5
2024-11-17,401722234,Nevada Wolf Pack,Santa Clara Broncos,85,59,0,2,2440,2541,56.3,39.7
2024-11-17,401722365,San José State Spartans,UC Santa Barbara Gauchos,59,64,0,2,23,2540,40.7,43.6
2024-11-17,401722415,UC San Diego Tritons,Seattle U Redhawks,71,84,0,2,28,2547,50.0,56.3
2024-11-17,401722428,Wyoming Cowboys,Utah Tech Trailblazers,86,69,0,2,2751,3101,50.0,35.6
2024-11-17,401722600,Illinois State Redbirds,Trinity Christian Trolls,107,52,0,2,2287,2652,62.1,33.3
2024-11-17,401723760,Hampton Pirates,Norfolk State Spartans,58,67,0,2,2261,2450,29.9,44.9
2024-11-17,401724536,Coastal Carolina Chanticleers,Jacksonville State Gamecocks,53,71,0,2,324,55,35.8,51.9
2024-11-17,401725793,Southern Utah Thunderbirds,Omaha Mavericks,79,73,0,2,253,2437,44.3,47.5
2024-11-17,401726049,Towson Tigers,James Madison Dukes,67,63,0,2,119,256,43.6,39.7
2024-11-17,401726059,William & Mary Tribe,North Carolina Central Eagles,76,78,1,2,2729,2428,53.2,47.4
2024-11-17,401726060,William & Mary Tribe,Georgia Southern Eagles,102,87,1,2,2729,290,49.3,47.0
2024-11-17,401726562,Marshall Thundering Herd,Bellarmine Knights,83,62,0,2,276,91,48.3,36.7
2024-11-17,401727328,Southeast Missouri State Redhawks,Chattanooga Mocs,82,87,0,2,2546,236,47.1,48.3
2024-11-17,401727333,Purdue Fort Wayne Mastodons,Southern Indiana Screaming Eagles,93,74,0,2,2870,88,50.0,46.3
2024-11-17,401727487,The Citadel Bulldogs,North Carolina A&T Aggies,73,82,0,2,2643,2448,45.2,46.6
2024-11-17,401727493,Samford Bulldogs,Texas Southern Tigers,97,82,0,2,2535,2640,47.2,45.9
2024-11-17,401727840,Wright State Raiders,Central State Marauders,92,56,0,2,2750,2119,52.2,36.4
2024-11-17,401729956,Drake Bulldogs,Florida Gulf Coast Eagles,63,61,0,2,2181,526,44.4,53.1
2024-11-17,401730668,Oral Roberts Golden Eagles,Haskell Jayhawks,87,52,0,2,198,535,46.6,33.3
2024-11-18,401707876,Michigan Wolverines,Miami (OH) RedHawks,94,67,0,2,130,193,58.3,40.0
2024-11-18,401715432,Washington Huskies,UMass Lowell River Hawks,74,69,0,2,264,2349,37.0,44.6
2024-11-18,401718466,Eastern Washington Eagles,Cal Poly Mustangs,78,82,0,2,331,13,48.3,51.6
2024-11-18,401719350,USC Trojans,California Golden Bears,66,71,0,2,30,25,43.9,49.1
2024-11-18,401720515,Hawai'i Rainbow Warriors,Weber State Wildcats,73,68,0,2,62,2692,43.1,43.3
2024-11-18,401721998,Delaware Blue Hens,Bryant Bulldogs,84,85,0,2,48,2803,42.6,50.8
2024-11-18,401722305,Arizona State Sun Devils,St. Thomas Tommies,81,66,0,2,9,2900,50.0,39.4
2024-11-18,401727064,Baylor Bears,Tarleton State Texans,104,41,0,2,239,2627,51.7,38.5
2024-11-19,401700446,SMU Mustangs,Prairie View A&M Panthers,110,69,0,2,2567,2504,50.0,32.4
2024-11-19,401706870,Boston College Eagles,Loyola Maryland Greyhounds,82,61,0,2,103,2352,41.7,41.4
2024-11-19,401706956,Iowa State Cyclones,IU Indianapolis Jaguars,87,52,0,2,66,85,50.0,34.6
2024-11-19,401711705,App State Mountaineers,Queens University Royals,65,53,0,2,2026,2511,46.8,31.8
2024-11-19,401711733,Auburn Tigers,North Alabama Lions,102,69,0,2,2,2453,61.9,42.2
2024-11-19,401711746,North Florida Ospreys,UNC Asheville Bulldogs,75,89,0,2,2454,2427,40.0,49.3
2024-11-19,401715443,Wisconsin Badgers,UT Rio Grande Valley Vaqueros,87,84,0,2,275,292,49.1,49.2
2024-11-19,401715639,Texas Tech Red Raiders,Arkansas-Pine Bluff Golden Lions,98,64,0,2,2641,2029,59.7,52.1
2024-11-19,401715690,Pittsburgh Panthers,VMI Keydets,93,48,0,2,221,2678,54.7,25.0
2024-11-19,401715936,UL Monroe Warhawks,SE Louisiana Lions,67,70,0,2,2433,2545,47.2,54.7
2024-11-19,401718138,George Washington Revolutionaries,NJIT Highlanders,84,64,0,2,45,2885,50.9,41.8
2024-11-19,401719370,Washington State Cougars,Northern Colorado Bears,83,69,0,2,265,2458,56.1,36.8
2024-11-19,401720458,High Point Panthers,American University Eagles,80,73,0,2,2272,44,56.9,55.8
2024-11-19,401720464,Binghamton Bearcats,Longwood Lancers,60,66,0,2,2066,2344,47.9,32.3
2024-11-19,401720884,Utah State Aggies,Montana Grizzlies,95,83,0,2,328,149,50.0,51.6
2024-11-19,401720885,Cal State Fullerton Titans,Idaho State Bengals,62,61,0,2,2239,304,49.0,30.9
2024-11-19,401720886,Northern Arizona Lumberjacks,Embry Riddle (AZ) Eagles,82,47,0,2,2464,111226,57.4,29.1
2024-11-19,401721795,NC State Wolfpack,Colgate Raiders,72,49,0,2,152,2142,44.4,33.3
2024-11-19,401721797,Navy Midshipmen,Quinnipiac Bobcats,63,74,0,2,2426,2514,36.5,43.4
2024-11-19,401722265,San Diego State Aztecs,Gonzaga Bulldogs,67,80,0,2,21,2250,37.7,42.1
2024-11-19,401722297,UAB Blazers,Auburn Montgomery Senators,109,64,0,2,5,2040,57.9,32.4
2024-11-19,401722301,Wichita State Shockers,Monmouth Hawks,70,66,0,2,2724,2405,44.4,46.6
2024-11-19,401722318,Radford Highlanders,Southern Virginia Knights,96,50,0,2,2515,2896,41.6,35.1
2024-11-19,401723734,Maryland Eastern Shore Hawks,Gallaudet Bison,113,58,0,2,2379,417,56.4,30.4
2024-11-19,401724542,Georgia State Panthers,Toccoa Falls Eagles,106,66,0,2,2247,2648,51.2,45.6
2024-11-19,401725196,Arkansas Razorbacks,Pacific Tigers,91,72,0,2,8,279,59.6,40.0
2024-11-19,401726391,Florida International Panthers,Howard Bison,70,75,0,2,2229,47,40.6,44.3
2024-11-19,401727069,South Alabama Jaguars,Spring Hill Badgers,95,61,0,2,6,2590,51.6,38.5
2024-11-19,401727096,Kansas City Roos,Calvary Warriors,119,19,0,2,140,111176,54.3,14.0
2024-11-19,401727102,Southern Illinois Salukis,North Dakota State Bison,69,44,0,2,79,2449,51.8,26.5
2024-11-19,401728318,Louisiana Tech Bulldogs,Mississippi College Choctaws,105,67,0,2,2348,2401,67.8,50.0
2024-11-19,401728538,Alabama State Hornets,Virginia Lynchburg Dragons,115,64,0,2,2011,3229,52.3,36.5
2024-11-19,401730572,South Dakota State Jackrabbits,Mount Marty Lancers,89,41,0,2,2571,573,53.3,33.3
2024-11-19,401730768,McNeese Cowboys,North Texas Mean Green,68,61,0,2,2377,249,44.2,31.5
2024-11-20,401700428,Louisville Cardinals,Bellarmine Knights,100,68,0,2,97,91,54.7,45.3
2024-11-20,401700466,Wake Forest Demon Deacons,Western Carolina Catamounts,82,69,0,2,154,2717,42.9,42.9
2024-11-20,401706162,Maryland Terrapins,Canisius Golden Griffins,108,37,0,2,120,2099,54.2,25.5
2024-11-20,401706163,Iowa Hawkeyes,Rider Broncs,83,58,0,2,2294,2520,46.9,42.6
2024-11-20,401706165,Xavier Musketeers,Siena Saints,80,55,0,2,2752,2561,50.8,41.7
2024-11-20,401706965,Kansas Jayhawks,UNC Wilmington Seahawks,84,66,0,2,2305,350,54.8,37.5
2024-11-20,401706974,Kansas State Wildcats,Mississippi Valley State Delta Devils,74,56,0,2,2306,2400,35.9,37.7
2024-11-20,401706984,TCU Horned Frogs,Alcorn State Braves,71,48,0,2,2628,2016,45.5,30.4
2024-11-20,401707980,Marquette Golden Eagles,Purdue Boilermakers,76,58,0,2,269,2509,45.0,40.0
2024-11-20,401711685,Kentucky Wildcats,Lipscomb Bisons,97,68,0,2,96,288,54.8,38.8
2024-11-20,401714892,Florida Gators,Florida A&M Rattlers,84,60,0,2,57,50,41.2,34.5
2024-11-20,401714899,Georgia Bulldogs,Alabama A&M Bulldogs,93,45,0,2,61,2010,52.8,29.6
2024-11-20,401714919,LSU Tigers,Charleston Southern Buccaneers,77,68,0,2,99,2127,50.8,36.4
2024-11-20,401715391,Minnesota Golden Gophers,Cleveland State Vikings,58,47,0,2,135,325,38.5,35.2
2024-11-20,401715401,Northwestern Wildcats,Montana State Bobcats,72,69,0,2,77,147,45.3,44.6
2024-11-20,401715407,Ohio State Buckeyes,Evansville Purple Aces,80,30,0,2,194,339,51.9,19.0
2024-11-20,401715460,DePaul Blue Demons,Eastern Illinois Panthers,78,69,0,2,305,2197,43.4,40.4
2024-11-20,401715535,Providence Friars,Delaware State Hornets,78,48,0,2,2507,2169,49.2,37.7
2024-11-20,401715610,UConn Huskies,East Texas A&M Lions,81,46,0,2,41,2837,54.2,25.4
2024-11-20,401715618,Villanova Wildcats,Pennsylvania Quakers,93,49,0,2,222,219,53.2,26.9
2024-11-20,401715630,Northern Kentucky Norse,Cincinnati Bearcats,60,76,0,2,94,2132,42.6,53.4
2024-11-20,401715646,UCF Knights,Tennessee Tech Golden Eagles,80,69,0,2,2116,2635,42.9,36.8
2024-11-20,401715654,Florida State Seminoles,Hofstra Pride,79,61,0,2,52,2275,45.6,48.0
2024-11-20,401715683,Notre Dame Fighting Irish,North Dakota Fighting Hawks,75,58,0,2,87,155,51.6,34.4
2024-11-20,401715866,Duquesne Dukes,Milwaukee Panthers,74,80,0,2,2184,270,41.7,51.9
2024-11-20,401715917,Northern Iowa Panthers,Western Illinois Leathernecks,82,56,0,2,2460,2710,60.8,43.4
2024-11-20,401716869,Fordham Rams,Georgian Court Lions,101,61,0,2,2230,111179,52.3,38.7
2024-11-20,401718350,Loyola Chicago Ramblers,Southern Utah Thunderbirds,76,72,0,2,2350,253,43.3,41.8
2024-11-20,401719270,South Carolina Upstate Spartans,Southern Wesleyan Warriors,95,63,0,2,2908,2576,50.0,36.7
2024-11-20,401720560,Idaho Vandals,Evergreen State Geoducks,101,58,0,2,70,2866,50.7,39.2
2024-11-20,401720947,Marist Red Foxes,Dartmouth Big Green,75,62,0,2,2368,159,47.5,37.7
2024-11-20,401721003,Bowling Green Falcons,Niagara Purple Eagles,76,68,0,2,189,315,55.8,41.8
2024-11-20,401721012,Vermont Catamounts,Buffalo Bulls,78,67,0,2,261,2084,47.4,41.8
2024-11-20,401721110,Chicago State Cougars,Eastern Kentucky Colonels,66,86,0,2,2130,2198,39.3,46.7
2024-11-20,401721173,Mercyhurst Lakers,Mount Aloysius Mounties,98,45,0,2,2385,111943,48.7,26.7
2024-11-20,401721647,Michigan State Spartans,Samford Bulldogs,83,75,0,2,127,2535,50.9,49.1
2024-11-20,401721686,Stony Brook Seawolves,Yale Bulldogs,64,86,0,2,2619,43,41.5,50.7
2024-11-20,401721796,Boston University Terriers,Wagner Seahawks,58,60,0,2,104,2681,36.2,40.0
2024-11-20,401721798,Holy Cross Crusaders,Mitchell Mariners,88,49,0,2,107,108838,62.1,33.3
2024-11-20,401721986,West Georgia Wolves,Troy Trojans,65,84,0,2,2698,2653,45.9,51.0
2024-11-20,401722035,Tulane Green Wave,Bethune-Cookman Wildcats,72,57,0,2,2655,2065,41.3,30.6
2024-11-20,401722169,UMBC Retrievers,Hampton Pirates,68,78,0,2,2378,2261,48.1,50.0
2024-11-20,401722176,UMass Lowell River Hawks,Fisher Eagles,121,66,0,2,2349,524,59.1,33.3
2024-11-20,401722190,Charlotte 49ers,Gardner-Webb Runnin' Bulldogs,60,54,0,2,2429,2241,36.8,37.3
2024-11-20,401722277,Louisiana Ragin' Cajuns,Rice Owls,61,83,0,2,309,242,35.7,55.1
2024-11-20,401722562,Belmont Bruins,Oral Roberts Golden Eagles,90,80,0,2,2057,198,52.5,46.0
2024-11-20,401725368,Santa Clara Broncos,UC Riverside Highlanders,96,54,0,2,2541,27,58.3,29.4
2024-11-20,401725799,Missouri State Bears,UT Arlington Mavericks,78,68,0,2,2623,250,38.6,52.1
2024-11-20,401726013,The Citadel Bulldogs,Charleston Cougars,61,76,0,2,2643,232,39.3,55.6
2024-11-20,401726020,Fairfield Stags,Drexel Dragons,61,67,0,2,2217,2182,35.8,47.3
2024-11-20,401727066,Old Dominion Monarchs,Randolph Macon Yellow Jackets,71,55,0,2,295,2516,44.4,31.1
2024-11-20,401727287,Green Bay Phoenix,SIU Edwardsville Cougars,82,57,0,2,2739,2565,47.1,33.9
2024-11-20,401727337,Tennessee State Tigers,East West Phantoms,110,33,0,2,2634,3107,46.6,15.9
2024-11-21,401700268,Kennesaw State Owls,Abilene Christian Wildcats,84,78,0,2,338,2000,53.7,45.8
2024-11-21,401700391,UC San Diego Tritons,La Salle Explorers,72,67,1,2,28,2325,35.5,38.2
2024-11-21,401706164,West Virginia Mountaineers,Iona Gaels,86,43,0,2,277,314,51.8,23.7
2024-11-21,401706904,Virginia Tech Hokies,Jacksonville Dolphins,64,74,0,2,259,294,41.1,51.7
2024-11-21,401707850,Alabama Crimson Tide,Illinois Fighting Illini,100,87,1,2,333,356,52.0,45.1
2024-11-21,401707860,Indiana Hoosiers,UNC Greensboro Spartans,69,58,0,2,84,2430,41.7,31.7
2024-11-21,401709971,Gonzaga Bulldogs,Long Beach State Beach,84,41,0,2,2250,299,46.0,31.5
2024-11-21,401710002,UCLA Bruins,Idaho State Bengals,84,70,0,2,26,304,57.4,44.4
2024-11-21,401711757,Stetson Hatters,Toledo Rockets,78,103,1,2,56,2649,47.4,56.9
2024-11-21,401715359,Texas A&M Aggies,Southern Jaguars,71,54,0,2,245,2582,37.7,38.9
2024-11-21,401715416,Penn State Nittany Lions,Purdue Fort Wayne Mastodons,102,89,0,2,213,2870,55.7,44.3
2024-11-21,401715425,Rutgers Scarlet Knights,Merrimack Warriors,74,63,0,2,164,2771,41.7,40.6
2024-11-21,401715469,Georgetown Hoyas,Mount St. Mary's Mountaineers,79,51,0,2,46,116,50.0,31.3
2024-11-21,401715564,VCU Rams,Seton Hall Pirates,66,69,1,2,2670,2550,36.7,41.8
2024-11-21,401715587,Drake Bulldogs,Miami Hurricanes,80,69,1,2,2181,2390,46.4,40.9
2024-11-21,401715588,Florida Atlantic Owls,Oklahoma State Cowboys,86,78,1,2,2226,197,42.3,34.2
2024-11-21,401715696,Stanford Cardinal,Norfolk State Spartans,70,63,0,2,24,2450,33.9,44.4
2024-11-21,401716057,Middle Tennessee Blue Raiders,Ohio Bobcats,83,81,1,2,2393,195,43.8,40.3
2024-11-21,401716058,Portland Pilots,South Florida Bulls,68,74,1,2,2501,58,36.7,41.7
2024-11-21,401716059,Texas State Bobcats,Bradley Braves,68,82,1,2,326,71,40.4,51.9
2024-11-21,401716879,George Mason Patriots,Coppin State Eagles,93,55,0,2,2244,2154,60.4,33.3
2024-11-21,401718250,Dayton Flyers,New Mexico State Aggies,74,53,0,2,2168,166,46.6,36.4
2024-11-21,401718450,Rhode Island Rams,Lafayette Leopards,86,72,0,2,227,322,51.8,36.7
2024-11-21,401718460,Richmond Spiders,Maine Black Bears,70,66,0,2,257,311,44.7,36.2
2024-11-21,401719337,St. Bonaventure Bonnies,Mansfield Mountaineers,76,54,0,2,179,2365,44.9,40.4
2024-11-21,401719371,California Baptist Lancers,Northern Colorado Bears,68,79,0,2,2856,2458,38.5,50.8
2024-11-21,401720994,Ball State Cardinals,Detroit Mercy Titans,59,70,0,2,2050,2174,38.6,45.5
2024-11-21,401721053,Northern Illinois Huskies,Elon Phoenix,48,75,0,2,2459,2210,30.5,46.9
2024-11-21,401721077,Western Michigan Broncos,South Dakota Coyotes,76,80,0,2,2711,233,40.8,37.7
2024-11-21,401721134,Army Black Knights,Fairleigh Dickinson Knights,84,70,0,2,349,161,44.9,38.8
2024-11-21,401721657,USC Trojans,San José State Spartans,82,68,0,2,30,23,57.1,41.9
2024-11-21,401721685,Long Island University Sharks,Columbia Lions,72,80,0,2,112358,171,43.1,50.0
2024-11-21,401721687,Cornell Big Red,Robert Morris Colonials,76,86,0,2,172,2523,46.6,44.6
2024-11-21,401721799,Lehigh Mountain Hawks,Valley Forge Patriots,100,53,0,2,2329,110414,55.9,30.2
2024-11-21,401721936,Saint Francis Red Wolves,Penn State Schuylkill Nittany Lions,96,57,0,2,2598,128344,55.7,39.3
2024-11-21,401721947,Morehead State Eagles,Austin Peay Governors,63,58,0,2,2413,2046,49.0,40.0
2024-11-21,401722067,Western Kentucky Hilltoppers,Jackson State Tigers,79,62,0,2,98,2296,43.5,39.7
2024-11-21,401722096,New Hampshire Wildcats,Endicott Gulls,78,64,0,2,160,130199,44.6,41.1
2024-11-21,401722119,Fresno State Bulldogs,Prairie View A&M Panthers,94,83,0,2,278,2504,48.6,41.7
2024-11-21,401722200,Jacksonville State Gamecocks,East Carolina Pirates,86,78,1,2,55,151,52.8,42.4
2024-11-21,401722306,Arizona State Sun Devils,Cal Poly Mustangs,93,89,0,2,9,13,48.3,51.6
2024-11-21,401722346,Grand Canyon Lopes,UC Davis Aggies,68,75,0,2,2253,302,37.3,45.6
2024-11-21,401722386,UNLV Rebels,Pepperdine Waves,80,59,0,2,2439,2492,49.1,42.9
2024-11-21,401722422,UC Santa Barbara Gauchos,UTEP Miners,76,79,0,2,2540,2638,50.0,49.1
2024-11-21,401723725,Murray State Racers,Maryland Eastern Shore Hawks,79,61,0,2,93,2379,46.3,39.2
2024-11-21,401723742,North Carolina A&T Aggies,Morgan State Bears,86,83,0,2,2448,2415,49.2,47.9
2024-11-21,401724514,UIC Flames,James Madison Dukes,81,99,1,2,82,256,51.6,53.1
2024-11-21,401725351,Saint Mary's Gaels,Stanislaus State Warriors,78,38,0,2,2608,2616,49.2,27.1
2024-11-21,401726039,Monmouth Hawks,Youngstown State Penguins,62,72,1,2,2405,2754,31.4,41.1
2024-11-21,401726050,Nicholls Colonels,Towson Tigers,64,70,0,2,2447,119,41.2,36.4
2024-11-21,401726408,Tulsa Golden Hurricane,Little Rock Trojans,57,71,0,2,202,2031,36.7,46.4
2024-11-21,401727074,South Dakota State Jackrabbits,Southern Miss Golden Eagles,101,76,0,2,2571,2572,61.0,34.7
2024-11-21,401727309,Saint Peter's Peacocks,Saint Elizabeth Eagles,116,51,0,2,2612,66786,60.3,34.5
2024-11-21,401729951,Central Michigan Chippewas,Central State Marauders,86,52,0,2,2117,2119,45.2,25.9
2024-11-21,401731992,Furman Paladins,Oglethorpe Stormy Petrels,124,48,0,2,231,2476,57.6,27.9
2024-11-22,401700421,Clemson Tigers,Radford Highlanders,79,51,0,2,228,2515,51.0,30.9
2024-11-22,401706876,California Golden Bears,Air Force Falcons,78,69,0,2,25,2005,53.8,51.0
2024-11-22,401706894,Texas Longhorns,Syracuse Orange,70,66,1,2,251,183,46.6,45.6
2024-11-22,401711747,North Florida Ospreys,Edward Waters Tigers,108,59,0,2,2454,2206,50.6,40.3
2024-11-22,401714920,Pittsburgh Panthers,LSU Tigers,74,63,1,2,221,99,44.4,37.3
2024-11-22,401715321,Ole Miss Rebels,Oral Roberts Golden Eagles,100,68,0,2,145,198,53.6,42.6
2024-11-22,401715329,South Carolina Gamecocks,Mercer Bears,84,72,0,2,2579,2382,49.1,45.6
2024-11-22,401715338,Tennessee Volunteers,Virginia Cavaliers,64,42,1,2,2633,258,37.9,28.6
2024-11-22,401715408,Ohio State Buckeyes,Campbell Fighting Camels,104,60,0,2,194,2097,64.5,40.4
2024-11-22,401715444,Wisconsin Badgers,UCF Knights,86,70,1,2,275,2116,48.5,33.9
2024-11-22,401715594,St. John's Red Storm,Baylor Bears,98,99,1,2,2599,239,54.8,42.2
2024-11-22,401715640,Saint Joseph's Hawks,Texas Tech Red Raiders,78,77,1,2,2603,2641,46.0,42.4
2024-11-22,401715655,Florida State Seminoles,Temple Owls,78,69,1,2,52,218,45.9,39.3
2024-11-22,401716060,Wright State Raiders,Princeton Tigers,80,62,1,2,2750,163,53.1,35.1
2024-11-22,401716062,UAB Blazers,Longwood Lancers,81,89,1,2,5,2344,46.4,51.7
2024-11-22,401716063,McNeese Cowboys,Illinois State Redbirds,76,68,1,2,2377,2287,44.4,44.0
2024-11-22,401716064,Liberty Flames,Louisiana Ragin' Cajuns,89,69,1,2,2335,309,67.3,44.6
2024-11-22,401718467,Washington State Cougars,Eastern Washington Eagles,96,81,1,2,265,331,50.0,47.7
2024-11-22,401720540,Utah Utes,Utah Tech Trailblazers,84,53,0,2,254,3101,48.5,30.3
2024-11-22,401720666,Akron Zips,Lamar Cardinals,79,72,0,2,2006,2320,37.1,42.3
2024-11-22,401720749,Texas A&M-Corpus Christi Islanders,UT Martin Skyhawks,81,77,0,2,357,2630,51.8,40.9
2024-11-22,401721023,Oakland Golden Grizzlies,Eastern Michigan Eagles,64,68,0,2,2473,2199,48.9,38.3
2024-11-22,401721030,Kent State Golden Flashes,Niagara Purple Eagles,76,73,0,2,2309,315,43.6,46.0
2024-11-22,401721085,Sacred Heart Pioneers,Central Connecticut Blue Devils,67,54,0,2,2529,2115,42.9,33.3
2024-11-22,401721135,Fairleigh Dickinson Knights,Vermont State Randolph Knights,107,58,0,2,161,130189,50.7,35.0
2024-11-22,401721153,Le Moyne Dolphins,UT Martin Skyhawks,65,53,1,2,2330,2630,35.8,25.4
2024-11-22,401721653,Oregon State Beavers,Oregon Ducks,75,78,0,2,204,2483,40.3,49.2
2024-11-22,401721800,Bucknell Bison,NJIT Highlanders,81,64,0,2,2083,2885,48.1,36.1
2024-11-22,401721928,American University Eagles,Kansas City Roos,64,60,1,2,44,140,41.9,34.7
2024-11-22,401721961,Central Arkansas Bears,Southeast Missouri State Redhawks,73,77,0,2,2110,2546,38.7,39.7
2024-11-22,401722011,Stonehill Skyhawks,Bryant Bulldogs,67,66,0,2,284,2803,36.4,36.7
2024-11-22,401722053,Florida A&M Rattlers,Trinity College of Jacksonville Eagles,110,68,0,2,50,3174,53.4,34.7
2024-11-22,401722101,UAlbany Great Danes,Puerto Rico-Mayaguez Bulldogs,93,50,1,2,399,2503,55.7,34.0
2024-11-22,401722235,Nevada Wolf Pack,Vanderbilt Commodores,71,73,1,2,2440,238,53.7,47.5
2024-11-22,401722259,New Mexico Lobos,Grambling Tigers,80,58,0,2,167,2755,46.7,35.5
2024-11-22,401722268,San Francisco Dons,Memphis Tigers,64,68,0,2,2539,235,32.8,36.5
2024-11-22,401722320,Florida Gulf Coast Eagles,Cal State Bakersfield Roadrunners,74,54,0,2,526,2934,51.9,34.0
2024-11-22,401724522,Valparaiso Beacons,Lindenwood Lions,77,64,0,2,2674,2815,45.6,42.6
2024-11-22,401724552,Coastal Carolina Chanticleers,IU Indianapolis Jaguars,71,57,1,2,324,85,56.3,36.5
2024-11-22,401726040,Stephen F. Austin Lumberjacks,Monmouth Hawks,72,67,0,2,2617,2405,50.0,46.6
2024-11-22,401726043,Florida International Panthers,Northeastern Huskies,58,60,1,2,2229,111,46.4,41.5
2024-11-22,401726428,Sam Houston Bearkats,Trinity (TX) Tigers,105,78,0,2,2534,386,54.8,42.6
2024-11-22,401727103,North Dakota State Bison,Crookston (MN) Golden Eagles,67,60,0,2,2449,2772,40.7,42.3
2024-11-22,401727118,Wofford Terriers,St. Thomas Tommies,81,73,1,2,2747,2900,54.5,41.5
2024-11-22,401727258,Oklahoma Sooners,East Texas A&M Lions,84,56,0,2,201,2837,47.5,37.7
2024-11-22,401727349,Western Illinois Leathernecks,Monmouth (IL) Fighting Scots,73,46,0,2,2710,2919,43.6,30.9
2024-11-22,401727496,Chattanooga Mocs,Johnson Royals,72,52,0,2,236,3239,40.9,38.0
2024-11-22,401727835,Stephen F. Austin Lumberjacks,Presbyterian Blue Hose,55,58,0,2,2617,2506,38.9,31.1
2024-11-22,401727844,Youngstown State Penguins,Presbyterian Blue Hose,42,67,1,2,2754,2506,27.1,46.3
2024-11-22,401728787,Michigan Wolverines,Tarleton State Texans,72,49,0,2,130,2627,44.6,41.5
2024-11-22,401729760,UIC Flames,La Salle Explorers,96,83,1,2,82,2325,52.8,50.0
2024-11-22,401729761,Stetson Hatters,East Carolina Pirates,64,71,1,2,56,151,45.5,36.4
2024-11-22,401729762,UC San Diego Tritons,James Madison Dukes,73,67,1,2,28,256,50.0,42.9
2024-11-22,401729763,Jacksonville State Gamecocks,Toledo Rockets,80,82,1,2,55,2649,51.7,46.2
2024-11-22,401729782,Florida Atlantic Owls,Drake Bulldogs,63,75,1,2,2226,2181,46.5,46.0
2024-11-22,401729788,Oklahoma State Cowboys,Miami Hurricanes,80,74,1,2,197,2390,47.4,44.8
2024-11-22,401729789,Vanderbilt Commodores,Seton Hall Pirates,76,60,1,2,238,2550,51.9,36.5
2024-11-22,401729823,Portland Pilots,Ohio Bobcats,73,85,1,2,2501,195,46.7,45.2
2024-11-22,401729824,South Florida Bulls,Middle Tennessee Blue Raiders,88,95,1,2,58,2393,50.9,57.6
2024-11-22,401729825,Wright State Raiders,Bradley Braves,74,77,1,2,2750,71,51.9,52.7
2024-11-22,401734106,North Texas Mean Green,Texas Wesleyan Rams,73,66,0,2,249,2642,49.1,55.3
2024-11-23,401700429,Louisville Cardinals,Winthrop Eagles,76,61,0,2,97,2737,48.1,31.4
2024-11-23,401700437,Hawai'i Rainbow Warriors,North Carolina Tar Heels,69,87,0,2,62,153,38.6,51.9
2024-11-23,401700447,SMU Mustangs,Mississippi State Bulldogs,79,84,0,2,2567,344,51.1,41.2
2024-11-23,401700467,Wake Forest Demon Deacons,Detroit Mercy Titans,67,57,0,2,154,2174,39.3,33.3
2024-11-23,401706166,Canisius Golden Griffins,Brown Bears,76,83,0,2,2099,225,50.9,54.0
2024-11-23,401706885,Arizona Wildcats,Duke Blue Devils,55,69,0,2,12,150,39.6,42.6
2024-11-23,401706949,Houston Cougars,Hofstra Pride,80,44,0,2,248,2275,46.8,30.8
2024-11-23,401706975,Kansas State Wildcats,George Washington Revolutionaries,83,71,1,2,2306,45,51.8,36.4
2024-11-23,401707851,Illinois Fighting Illini,Maryland Eastern Shore Hawks,87,40,0,2,356,2379,44.6,22.1
2024-11-23,401707981,Purdue Boilermakers,Marshall Thundering Herd,80,45,0,2,2509,276,50.0,30.2
2024-11-23,401709972,Long Beach State Beach,Fresno State Bulldogs,69,72,0,2,299,278,42.2,30.0
2024-11-23,401710003,UCLA Bruins,Cal State Fullerton Titans,80,47,0,2,26,2239,50.0,28.8
2024-11-23,401711706,Queens University Royals,South Carolina Upstate Spartans,98,74,1,2,2511,2908,49.3,46.6
2024-11-23,401711734,North Alabama Lions,UL Monroe Warhawks,74,62,1,2,2453,2433,44.6,48.1
2024-11-23,401712996,Butler Bulldogs,Merrimack Warriors,78,39,0,2,2086,2771,47.1,29.8
2024-11-23,401714893,Florida Gators,Southern Illinois Salukis,93,68,0,2,57,79,46.7,34.7
2024-11-23,401714900,Marquette Golden Eagles,Georgia Bulldogs,80,69,1,2,269,61,50.0,44.4
2024-11-23,401714910,Kentucky Wildcats,Jackson State Tigers,108,59,0,2,96,2296,57.7,33.3
2024-11-23,401715311,Missouri Tigers,Pacific Tigers,91,56,0,2,142,279,49.2,37.3
2024-11-23,401715382,Iowa Hawkeyes,Utah State Aggies,69,77,1,2,2294,328,43.8,46.2
2024-11-23,401715402,Northwestern Wildcats,Pepperdine Waves,68,50,0,2,77,2492,42.1,28.6
2024-11-23,401715433,Washington Huskies,Alcorn State Braves,77,60,0,2,264,2016,49.0,39.7
2024-11-23,401715452,Creighton Bluejays,Nebraska Cornhuskers,63,74,0,2,156,158,32.7,42.1
2024-11-23,401715461,DePaul Blue Demons,Northern Illinois Huskies,98,52,0,2,305,2459,54.5,25.4
2024-11-23,401715470,Georgetown Hoyas,Saint Francis Red Wolves,82,65,0,2,46,2598,43.5,39.3
2024-11-23,401715631,Georgia Tech Yellow Jackets,Cincinnati Bearcats,58,81,0,2,59,2132,35.6,51.6
2024-11-23,401715684,Notre Dame Fighting Irish,Elon Phoenix,77,84,0,2,87,2210,47.5,57.1
2024-11-23,401715889,Milwaukee Panthers,Portland State Vikings,91,74,0,2,270,2502,55.2,42.9
2024-11-23,401715890,Milwaukee Panthers,Wofford Terriers,76,74,0,2,270,2747,45.6,49.2
2024-11-23,401715937,Wyoming Cowboys,SE Louisiana Lions,64,61,0,2,2751,2545,37.0,33.3
2024-11-23,401715956,Houston Christian Huskies,Rice Owls,58,61,0,2,2277,242,36.4,42.6
2024-11-23,401715982,Saint Louis Billikens,Wichita State Shockers,63,88,1,2,139,2724,39.7,45.6
2024-11-23,401716115,Northern Arizona Lumberjacks,Incarnate Word Cardinals,75,74,0,2,2464,2916,38.7,41.5
2024-11-23,401716870,Fordham Rams,Drexel Dragons,71,73,0,2,2230,2182,46.7,50.9
2024-11-23,401716880,George Mason Patriots,Ferrum Panthers,100,55,0,2,2244,366,52.9,32.2
2024-11-23,401718351,Loyola Chicago Ramblers,Tulsa Golden Hurricane,89,53,0,2,2350,202,54.1,28.3
2024-11-23,401718419,Temple Owls,Massachusetts Minutemen,87,80,1,2,218,113,47.5,39.3
2024-11-23,401719238,Southeast Missouri State Redhawks,UNC Asheville Bulldogs,64,72,1,2,2546,2427,34.9,40.7
2024-11-23,401719271,East Tennessee State Buccaneers,South Carolina Upstate Spartans,87,76,0,2,2193,2908,46.2,52.7
2024-11-23,401719650,Portland State Vikings,St. Thomas Tommies,65,91,1,2,2502,2900,32.2,54.5
2024-11-23,401720449,Charleston Southern Buccaneers,Furman Paladins,46,67,0,2,2127,231,31.5,49.1
2024-11-23,401720516,Weber State Wildcats,UC Irvine Anteaters,87,93,0,2,2692,300,49.2,50.8
2024-11-23,401720561,Southern Utah Thunderbirds,Idaho Vandals,82,67,1,2,253,70,56.6,43.9
2024-11-23,401720667,Alabama State Hornets,Lamar Cardinals,77,75,1,2,2011,2320,49.1,42.6
2024-11-23,401720732,Tulane Green Wave,LSU New Orleans Privateers,87,93,0,2,2655,2443,40.3,50.0
2024-11-23,401720750,Texas A&M-Corpus Christi Islanders,Le Moyne Dolphins,82,61,0,2,357,2330,57.4,42.6
2024-11-23,401720944,Alabama State Hornets,Omaha Mavericks,85,67,1,2,2011,2437,47.3,34.9
2024-11-23,401720945,Akron Zips,Omaha Mavericks,92,84,0,2,2006,2437,53.0,51.8
2024-11-23,401721004,Bellarmine Knights,Bowling Green Falcons,80,68,0,2,91,189,50.0,41.8
2024-11-23,401721013,Buffalo Bulls,Morgan State Bears,82,73,0,2,2084,2415,56.4,45.6
2024-11-23,401721111,Indiana State Sycamores,Chicago State Cougars,97,61,0,2,282,2130,56.7,35.3
2024-11-23,401721229,Alabama A&M Bulldogs,South Carolina State Bulldogs,70,82,0,2,2010,2569,39.0,53.6
2024-11-23,401721230,Alabama A&M Bulldogs,Coastal Carolina Chanticleers,77,70,0,2,2010,324,42.9,40.4
2024-11-23,401721688,Harvard Crimson,Colgate Raiders,78,67,0,2,108,2142,49.2,46.6
2024-11-23,401721689,Yale Bulldogs,Fairfield Stags,91,66,1,2,43,2217,60.0,40.0
2024-11-23,401721783,Davidson Wildcats,VMI Keydets,93,66,0,2,2166,2678,50.0,40.8
2024-11-23,401721801,Manhattan Jaspers,Army Black Knights,80,79,0,2,2363,349,44.3,49.2
2024-11-23,401721802,UMBC Retrievers,Boston University Terriers,71,75,0,2,2378,104,38.2,46.6
2024-11-23,401721929,Puerto Rico-Bayamon Pirates,American University Eagles,56,73,1,2,2889,44,33.3,44.1
2024-11-23,401721982,Georgia Southern Eagles,West Georgia Wolves,64,54,0,2,290,2698,38.7,37.3
2024-11-23,401722024,Wagner Seahawks,Springfield Pride,81,46,0,2,2681,81,49.3,40.9
2024-11-23,401722093,Marist Red Foxes,New Hampshire Wildcats,54,49,0,2,2368,160,41.9,32.1
2024-11-23,401722102,Kansas City Roos,UAlbany Great Danes,65,67,1,2,140,399,42.2,47.9
2024-11-23,401722177,UMass Lowell River Hawks,Quinnipiac Bobcats,80,70,0,2,2349,2514,50.9,34.6
2024-11-23,401722186,Vermont Catamounts,Delaware Blue Hens,75,71,1,2,261,48,44.6,47.9
2024-11-23,401722191,Charlotte 49ers,Long Island University Sharks,76,79,0,2,2429,112358,34.0,49.1
2024-11-23,401722224,Colorado State Rams,UC Riverside Highlanders,75,77,0,2,36,27,40.3,41.5
2024-11-23,401722321,Cal State Bakersfield Roadrunners,Florida International Panthers,73,76,1,2,2934,2229,42.9,39.3
2024-11-23,401722593,Evansville Purple Aces,Green Bay Phoenix,98,81,0,2,339,2739,59.7,40.3
2024-11-23,401723703,Mount St. Mary's Mountaineers,Delaware State Hornets,76,66,0,2,116,2169,47.4,44.8
2024-11-23,401723761,Grand Canyon Lopes,Norfolk State Spartans,91,73,0,2,2253,2450,61.1,46.8
2024-11-23,401724534,Arkansas State Red Wolves,Lane College Dragons,103,60,0,2,2032,6371,48.7,32.8
2024-11-23,401724543,Georgia State Panthers,North Carolina Central Eagles,93,79,0,2,2247,2428,70.2,43.1
2024-11-23,401724989,NC State Wolfpack,William & Mary Tribe,84,61,0,2,152,2729,48.4,36.7
2024-11-23,401725193,Loyola Marymount Lions,North Dakota Fighting Hawks,73,77,0,2,2351,155,35.2,44.8
2024-11-23,401725354,San Diego Toreros,Southern Utah Thunderbirds,67,72,0,2,301,253,39.7,41.3
2024-11-23,401725508,Seattle U Redhawks,Northwest University Eagles,80,52,0,2,2547,2465,37.3,38.3
2024-11-23,401725816,Murray State Racers,Utah Valley Wolverines,75,77,0,2,93,3084,46.0,49.2
2024-11-23,401726025,Southern Indiana Screaming Eagles,South Dakota Coyotes,92,83,0,2,88,233,52.9,38.7
2024-11-23,401726041,Monmouth Hawks,Presbyterian Blue Hose,61,71,1,2,2405,2506,42.2,45.0
2024-11-23,401726044,Florida Gulf Coast Eagles,Northeastern Huskies,55,59,0,2,526,111,33.9,41.1
2024-11-23,401726462,Northwestern State Demons,UL Monroe Warhawks,63,65,0,2,2466,2433,49.1,40.7
2024-11-23,401727319,Arkansas Razorbacks,Little Rock Trojans,79,67,0,2,8,2031,47.2,37.3
2024-11-23,401727498,IU Indianapolis Jaguars,South Carolina State Bulldogs,62,72,1,2,85,2569,37.5,45.7
2024-11-23,401727538,Northern Kentucky Norse,Kentucky State Thorobreds,85,59,0,2,94,2310,45.5,32.7
2024-11-23,401729733,Baylor Bears,Tennessee Volunteers,62,77,1,2,239,2633,42.4,52.2
2024-11-23,401729735,St. John's Red Storm,Virginia Cavaliers,80,55,1,2,2599,258,52.5,40.0
2024-11-23,401729764,Stetson Hatters,La Salle Explorers,77,92,1,2,56,2325,42.2,47.8
2024-11-23,401729765,UIC Flames,East Carolina Pirates,55,72,1,2,82,151,39.0,48.3
2024-11-23,401729766,Jacksonville State Gamecocks,James Madison Dukes,65,71,1,2,55,256,49.0,43.6
2024-11-23,401729767,UC San Diego Tritons,Toledo Rockets,80,45,1,2,28,2649,56.1,30.2
2024-11-23,401729790,Nevada Wolf Pack,VCU Rams,64,61,1,2,2440,2670,47.7,39.2
2024-11-23,401729821,Texas Tech Red Raiders,Syracuse Orange,79,74,1,2,2641,183,42.9,41.5
2024-11-23,401729822,Saint Joseph's Hawks,Texas Longhorns,58,67,1,2,2603,251,31.8,43.6
2024-11-23,401729826,Princeton Tigers,Texas State Bobcats,80,83,1,2,163,326,45.8,55.6
2024-11-23,401732294,Illinois State Redbirds,UAB Blazers,84,83,1,2,2287,5,56.6,55.4
2024-11-23,401732295,George Washington Revolutionaries,Louisiana Ragin' Cajuns,83,74,1,2,45,309,40.4,40.0
2024-11-24,401700269,Kennesaw State Owls,Rutgers Scarlet Knights,79,77,0,2,338,164,46.7,39.4
2024-11-24,401706167,Bucknell Bison,Rider Broncs,53,57,0,2,2083,2520,35.4,32.7
2024-11-24,401706877,California Golden Bears,Sacramento State Hornets,83,77,0,2,25,16,47.2,43.1
2024-11-24,401706913,BYU Cougars,Mississippi Valley State Delta Devils,87,43,0,2,252,2400,53.4,37.8
2024-11-24,401707870,Maryland Terrapins,Villanova Wildcats,76,75,1,2,120,222,50.0,46.8
2024-11-24,401711686,Lipscomb Bisons,Jackson State Tigers,77,53,0,2,288,2296,39.7,36.5
2024-11-24,401711707,East Tennessee State Buccaneers,Queens University Royals,82,67,0,2,2193,2511,50.0,41.0
2024-11-24,401711735,Northwestern State Demons,North Alabama Lions,71,58,0,2,2466,2453,49.1,37.3
2024-11-24,401714901,Georgia Bulldogs,St. John's Red Storm,66,63,1,2,61,2599,49.0,31.1
2024-11-24,401715312,Missouri Tigers,Arkansas-Pine Bluff Golden Lions,112,63,0,2,142,2029,52.1,35.5
2024-11-24,401715656,Massachusetts Minutemen,Florida State Seminoles,59,92,1,2,113,52,31.0,56.9
2024-11-24,401715697,Santa Clara Broncos,Stanford Cardinal,69,71,0,2,2541,24,41.5,44.4
2024-11-24,401715869,High Point Panthers,Missouri State Bears,61,71,1,2,2272,2623,43.5,39.0
2024-11-24,401715870,Duquesne Dukes,South Dakota State Jackrabbits,60,71,1,2,2184,2571,37.7,49.0
2024-11-24,401715871,Boise State Broncos,Hampton Pirates,83,69,1,2,68,2261,54.2,41.9
2024-11-24,401715891,Milwaukee Panthers,St. Thomas Tommies,69,65,0,2,270,2900,46.3,39.6
2024-11-24,401718451,Rhode Island Rams,Charleston Cougars,91,53,0,2,227,232,55.7,34.3
2024-11-24,401718468,California Baptist Lancers,Eastern Washington Eagles,79,68,0,2,2856,331,56.1,40.7
2024-11-24,401719230,Central Arkansas Bears,UNC Asheville Bulldogs,92,83,0,2,2110,2427,48.5,42.3
2024-11-24,401719338,St. Bonaventure Bonnies,Bryant Bulldogs,85,70,0,2,179,2803,56.1,41.3
2024-11-24,401719372,Northern Colorado Bears,Prairie View A&M Panthers,114,98,0,2,2458,2504,62.9,51.9
2024-11-24,401719651,Portland State Vikings,Wofford Terriers,79,74,1,2,2502,2747,47.6,44.0
2024-11-24,401720562,San Diego Toreros,Idaho Vandals,68,61,0,2,301,70,45.5,37.3
2024-11-24,401720668,Lamar Cardinals,Omaha Mavericks,59,65,1,2,2320,2437,37.7,35.7
2024-11-24,401720946,Akron Zips,Alabama State Hornets,97,78,0,2,2006,2011,46.4,40.9
2024-11-24,401721031,Cleveland State Vikings,Kent State Golden Flashes,52,68,0,2,325,2309,30.0,45.1
2024-11-24,401721086,Central Connecticut Blue Devils,Binghamton Bearcats,64,56,0,2,2115,2066,41.7,43.1
2024-11-24,401721174,Air Force Falcons,Mercyhurst Lakers,82,48,0,2,2005,2385,64.6,33.3
2024-11-24,401721281,UC Riverside Highlanders,Alcorn State Braves,69,52,0,2,27,2016,35.5,31.3
2024-11-24,401721690,Columbia Lions,Stony Brook Seawolves,82,63,0,2,171,2619,53.3,32.8
2024-11-24,401721691,Delaware Blue Hens,Yale Bulldogs,100,94,1,2,48,43,52.7,47.8
2024-11-24,401721803,Howard Bison,Boston University Terriers,62,69,1,2,47,104,45.5,40.7
2024-11-24,401721804,Maine Black Bears,Holy Cross Crusaders,80,55,0,2,311,107,51.6,35.0
2024-11-24,401721930,UAlbany Great Danes,American University Eagles,77,81,1,2,399,44,45.0,64.4
2024-11-24,401722187,Fairfield Stags,Vermont Catamounts,67,66,1,2,2217,261,51.0,44.9
2024-11-24,401722322,Northeastern Huskies,Cal State Bakersfield Roadrunners,60,68,1,2,111,2934,42.2,37.5
2024-11-24,401722387,UNLV Rebels,New Mexico State Aggies,72,65,0,2,2439,166,36.0,31.3
2024-11-24,401722594,Evansville Purple Aces,Campbell Fighting Camels,66,53,0,2,339,2097,45.1,32.7
2024-11-24,401723750,Morgan State Bears,Towson Tigers,60,64,0,2,2415,119,39.6,35.6
2024-11-24,401724523,Valparaiso Beacons,Eastern Illinois Panthers,81,53,0,2,2674,2197,38.7,39.6
2024-11-24,401724529,App State Mountaineers,William & Mary Tribe,79,76,0,2,2026,2729,46.4,46.0
2024-11-24,401725352,Saint Mary's Gaels,Cal Poly Mustangs,80,66,0,2,2608,13,46.4,39.7
2024-11-24,401725808,Utah Tech Trailblazers,Cal State Northridge Matadors,79,89,1,2,3101,2463,44.0,55.6
2024-11-24,401726392,Florida Gulf Coast Eagles,Florida International Panthers,60,59,0,2,526,2229,38.2,38.8
2024-11-24,401727326,SIU Edwardsville Cougars,St. Ambrose Fighting Bees,83,49,0,2,2565,2591,41.9,29.8
2024-11-24,401727352,Lafayette Leopards,Rosemont Ravens,91,45,0,2,322,465,50.7,38.5
2024-11-24,401727836,Stephen F. Austin Lumberjacks,Youngstown State Penguins,64,57,0,2,2617,2754,47.7,36.2
2024-11-24,401729791,VCU Rams,Miami Hurricanes,77,70,1,2,2670,2390,50.9,40.0
2024-11-24,401729792,Nevada Wolf Pack,Oklahoma State Cowboys,90,78,1,2,2440,197,58.9,42.0
2024-11-24,401729793,Seton Hall Pirates,Florida Atlantic Owls,63,61,1,2,2550,2226,40.4,33.9
2024-11-24,401729803,UCF Knights,LSU Tigers,102,109,1,2,2116,99,41.1,43.2
2024-11-24,401729804,Pittsburgh Panthers,Wisconsin Badgers,75,81,1,2,221,275,50.0,48.3
2024-11-24,401729847,Princeton Tigers,Portland Pilots,94,67,1,2,163,2501,50.0,42.0
2024-11-24,401729848,Wright State Raiders,South Florida Bulls,72,73,1,2,2750,58,43.5,52.7
2024-11-24,401729849,Bradley Braves,Middle Tennessee Blue Raiders,80,69,1,2,71,2393,50.0,40.0
2024-11-24,401732296,McNeese Cowboys,Longwood Lancers,84,69,1,2,2377,2344,61.8,42.9
2024-11-24,401732302,Puerto Rico-Rio Piedras PR-RIO PIEDRAS,Kansas City Roos,55,88,1,2,435,140,47.5,59.6
2024-11-25,401706169,Miami (OH) RedHawks,Siena Saints,70,58,1,2,193,2561,43.6,35.2
2024-11-25,401706871,Boston College Eagles,Old Dominion Monarchs,82,52,1,2,103,295,43.3,35.1
2024-11-25,401706905,Virginia Tech Hokies,Michigan Wolverines,63,75,1,2,259,130,34.5,40.3
2024-11-25,401715417,Fordham Rams,Penn State Nittany Lions,66,85,1,2,2230,213,48.1,52.6
2024-11-25,401715611,UConn Huskies,Memphis Tigers,97,99,1,2,41,235,49.2,54.7
2024-11-25,401715947,Jacksonville Dolphins,Mercer Bears,89,90,1,2,294,2382,44.4,58.1
2024-11-25,401716055,Michigan State Spartans,Colorado Buffaloes,72,56,1,2,127,38,49.2,37.0
2024-11-25,401716066,San Francisco Dons,Clemson Tigers,55,70,1,2,2539,228,39.2,48.3
2024-11-25,401716087,Chicago State Cougars,Radford Highlanders,48,63,1,2,2130,2515,27.8,29.4
2024-11-25,401716088,Purdue Fort Wayne Mastodons,Drexel Dragons,87,81,1,2,2870,2182,55.9,51.6
2024-11-25,401719252,Winthrop Eagles,Long Island University Sharks,87,65,0,2,2737,112358,50.8,40.6
2024-11-25,401720887,Montana State Bobcats,Southern Miss Golden Eagles,79,59,0,2,147,2572,50.0,35.7
2024-11-25,401720888,Montana Grizzlies,Denver Pioneers,83,73,0,2,149,2172,49.2,39.1
2024-11-25,401721231,Alabama A&M Bulldogs,IU Indianapolis Jaguars,83,88,0,2,2010,85,45.6,42.1
2024-11-25,401721658,USC Trojans,Grambling Tigers,80,69,0,2,30,2755,50.0,45.5
2024-11-25,401722137,Southern Jaguars,Champion Christian Tigers,121,58,0,2,2582,3134,55.4,34.5
2024-11-25,401722170,UMBC Retrievers,Howard Bison,95,77,0,2,2378,47,60.3,49.2
2024-11-25,401722178,UMass Lowell River Hawks,Merrimack Warriors,81,74,0,2,2349,2771,41.4,43.9
2024-11-25,401722260,New Mexico Lobos,Texas Southern Tigers,99,68,0,2,167,2640,50.7,39.0
2024-11-25,401727091,Cal State Northridge Matadors,Denver Pioneers,89,60,1,2,2463,2172,51.9,33.9
2024-11-25,401729772,Duquesne Dukes,Hampton Pirates,59,64,1,2,2184,2261,42.2,38.5
2024-11-25,401729773,South Dakota State Jackrabbits,Boise State Broncos,82,83,1,2,2571,68,45.9,47.5
2024-11-25,401729774,Old Dominion Monarchs,High Point Panthers,67,73,1,2,295,2272,42.2,53.2
2024-11-25,401729794,Vanderbilt Commodores,Drake Bulldogs,70,81,1,2,238,2181,44.4,53.7
2024-11-25,401729850,Texas State Bobcats,Ohio Bobcats,74,65,1,2,326,195,46.0,36.5
2024-11-25,401732167,Ball State Cardinals,Eastern Kentucky Colonels,63,61,1,2,2050,2198,48.9,31.1
2024-11-25,401732168,Louisiana Tech Bulldogs,Southern Illinois Salukis,85,79,1,2,2348,79,43.5,39.4
2024-11-25,401732169,Richmond Spiders,Florida Tech Panthers,67,57,1,2,257,53,41.8,34.4
2024-11-25,401732297,Kansas State Wildcats,Liberty Flames,65,67,1,2,2306,2335,45.0,45.3
2024-11-25,401732298,George Washington Revolutionaries,Illinois State Redbirds,72,64,1,2,45,2287,38.0,43.8
2024-11-25,401732299,Louisiana Ragin' Cajuns,UAB Blazers,86,98,1,2,309,5,51.6,48.6
2024-11-25,401732301,Kansas State Wildcats,Longwood Lancers,80,64,1,2,2306,2344,58.9,41.4
2024-11-26,401706168,Iona Gaels,Cornell Big Red,68,84,0,2,314,172,40.0,48.2
2024-11-26,401707852,Illinois Fighting Illini,Little Rock Trojans,92,34,0,2,356,2031,44.1,23.6
2024-11-26,401709973,Long Beach State Beach,UNC Greensboro Spartans,48,71,1,2,299,2430,30.2,38.7
2024-11-26,401714643,Iowa State Cyclones,Auburn Tigers,81,83,1,2,66,2,47.2,47.5
2024-11-26,401714911,Kentucky Wildcats,Western Kentucky Hilltoppers,87,68,0,2,96,98,40.3,31.8
2024-11-26,401715330,South Carolina Gamecocks,Xavier Musketeers,66,75,1,2,2579,2752,42.6,44.4
2024-11-26,401715392,Minnesota Golden Gophers,Central Michigan Chippewas,68,65,0,2,135,2117,44.4,41.9
2024-11-26,401715409,Ohio State Buckeyes,Green Bay Phoenix,102,69,0,2,194,2739,55.9,49.0
2024-11-26,401715453,San Diego State Aztecs,Creighton Bluejays,71,53,1,2,21,156,48.4,33.9
2024-11-26,401715957,Houston Christian Huskies,Eastern Michigan Eagles,73,74,0,2,2277,2199,50.9,56.9
2024-11-26,401716056,North Carolina Tar Heels,Dayton Flyers,92,90,1,2,153,2168,51.9,43.2
2024-11-26,401716080,Gardner-Webb Runnin' Bulldogs,SE Louisiana Lions,73,69,1,2,2241,2545,51.9,43.8
2024-11-26,401716116,South Alabama Jaguars,Incarnate Word Cardinals,84,63,0,2,6,2916,65.3,42.3
2024-11-26,401716157,Troy Trojans,UTSA Roadrunners,86,72,0,2,2653,2636,54.9,43.6
2024-11-26,401719207,Oregon Ducks,Texas A&M Aggies,80,70,1,2,2483,245,45.5,32.4
2024-11-26,401719325,Saint Louis Billikens,Quinnipiac Bobcats,81,67,0,2,139,2514,41.7,34.3
2024-11-26,401720517,Weber State Wildcats,Justice Lions,93,45,0,2,2692,130183,45.2,32.6
2024-11-26,401720889,Montana Grizzlies,Utah Tech Trailblazers,69,66,0,2,149,3101,42.9,43.8
2024-11-26,401720890,Idaho State Bengals,Embry Riddle (AZ) Eagles,97,46,0,2,304,111226,54.1,29.8
2024-11-26,401721014,Buffalo Bulls,North Carolina A&T Aggies,82,81,0,2,2084,2448,40.6,40.0
2024-11-26,401721154,UT Rio Grande Valley Vaqueros,Le Moyne Dolphins,97,77,0,2,292,2330,47.2,50.0
2024-11-26,401721692,Columbia Lions,New Hampshire Wildcats,83,57,0,2,171,160,53.0,43.6
2024-11-26,401721805,Navy Midshipmen,Washington Maryland Shoremen,94,43,0,2,2426,2689,56.3,25.8
2024-11-26,401721989,Utah Valley Wolverines,West Georgia Wolves,77,74,1,2,3084,2698,44.1,48.3
2024-11-26,401722005,Tennessee State Tigers,Bryant Bulldogs,85,97,1,2,2634,2803,42.5,52.2
2024-11-26,401722012,Stonehill Skyhawks,East Texas A&M Lions,67,65,0,2,284,2837,45.8,46.3
2024-11-26,401722036,Bethune-Cookman Wildcats,North Dakota Fighting Hawks,79,67,1,2,2065,155,45.5,37.3
2024-11-26,401722272,North Texas Mean Green,Oregon State Beavers,58,55,0,2,249,204,37.5,47.4
2024-11-26,401722289,Tulane Green Wave,Wyoming Cowboys,63,64,1,2,2655,2751,33.9,39.6
2024-11-26,401722366,San José State Spartans,UTEP Miners,71,65,1,2,23,2638,51.2,41.2
2024-11-26,401722410,UC Davis Aggies,Norfolk State Spartans,55,76,0,2,302,2450,35.9,46.6
2024-11-26,401722609,Southern Indiana Screaming Eagles,Indiana State Sycamores,87,77,0,2,88,282,49.2,48.4
2024-11-26,401723726,Arkansas Razorbacks,Maryland Eastern Shore Hawks,109,35,0,2,8,2379,55.6,23.0
2024-11-26,401725375,Southern Miss Golden Eagles,Abilene Christian Wildcats,74,82,1,2,2572,2000,46.9,51.1
2024-11-26,401725800,Murray State Racers,UT Arlington Mavericks,79,66,1,2,93,250,47.3,41.0
2024-11-26,401725809,Utah Tech Trailblazers,Denver Pioneers,68,54,1,2,3101,2172,43.1,37.3
2024-11-26,401726026,South Dakota Coyotes,Randall Saints,112,50,0,2,233,3090,62.0,27.9
2024-11-26,401726443,Nicholls Colonels,Mississippi College Choctaws,79,35,0,2,2447,2401,52.5,25.5
2024-11-26,401726489,Cleveland State Vikings,NJIT Highlanders,56,53,0,2,325,2885,38.5,34.7
2024-11-26,401727112,Oral Roberts Golden Eagles,Rogers State Hillcats,68,69,0,2,198,3122,43.9,51.8
2024-11-26,401727122,North Carolina Central Eagles,Carolina University Bruins,91,36,0,2,2428,108942,45.8,28.3
2024-11-26,401727263,Bellarmine Knights,Midway Eagles,101,60,0,2,91,111166,58.5,35.3
2024-11-26,401727340,Chattanooga Mocs,Tennessee State Tigers,85,78,0,2,236,2634,43.9,41.7
2024-11-26,401729691,Colorado Buffaloes,UConn Huskies,73,72,1,2,38,41,51.1,48.1
2024-11-26,401729692,Michigan State Spartans,Memphis Tigers,63,71,1,2,127,235,42.3,47.3
2024-11-26,401729775,Boston College Eagles,Missouri State Bears,76,74,1,2,103,2623,50.0,41.4
2024-11-26,401729776,Old Dominion Monarchs,Duquesne Dukes,54,67,1,2,295,2184,32.8,47.2
2024-11-26,401729777,High Point Panthers,Hampton Pirates,76,73,1,2,2272,2261,49.0,42.4
2024-11-26,401729778,Missouri State Bears,South Dakota State Jackrabbits,55,75,1,2,2623,2571,30.5,51.9
2024-11-26,401729799,Siena Saints,Jacksonville Dolphins,64,75,1,2,2561,294,40.4,47.2
2024-11-26,401729800,Mercer Bears,Miami (OH) RedHawks,72,75,1,2,2382,193,43.5,50.9
2024-11-26,401729815,Detroit Mercy Titans,Tulsa Golden Hurricane,44,63,1,2,2174,202,27.7,36.8
2024-11-26,401729817,Austin Peay Governors,Georgia State Panthers,62,50,1,2,2046,2247,40.0,38.5
2024-11-26,401729853,Penn State Nittany Lions,Clemson Tigers,67,75,1,2,213,228,46.4,43.9
2024-11-26,401729854,Fordham Rams,San Francisco Dons,64,85,1,2,2230,2539,37.7,61.2
2024-11-26,401729855,Chicago State Cougars,Drexel Dragons,71,83,1,2,2130,2182,45.5,59.6
2024-11-26,401729856,Purdue Fort Wayne Mastodons,Radford Highlanders,56,69,1,2,2870,2515,37.0,49.2
2024-11-26,401732170,Southern Illinois Salukis,Eastern Kentucky Colonels,72,77,1,2,79,2198,43.4,41.3
2024-11-26,401732171,Richmond Spiders,Louisiana Tech Bulldogs,62,65,1,2,257,2348,42.1,40.4
2024-11-26,401732172,Florida Tech Panthers,Ball State Cardinals,57,94,1,2,53,2050,32.8,54.1
2024-11-26,401732300,Liberty Flames,McNeese Cowboys,62,58,1,2,2335,2377,41.7,44.7
2024-11-27,401700401,Saint Joseph's Hawks,Coppin State Eagles,83,54,0,2,2603,2154,50.0,34.5
2024-11-27,401700448,SMU Mustangs,California Baptist Lancers,79,77,1,2,2567,2856,52.7,51.7
2024-11-27,401700455,Virginia Cavaliers,Manhattan Jaspers,74,65,0,2,258,2363,53.7,43.4
2024-11-27,401706171,Robert Morris Colonials,Canisius Golden Griffins,72,64,0,2,2523,2099,41.1,41.9
2024-11-27,401706886,Duke Blue Devils,Kansas Jayhawks,72,75,1,2,150,2305,50.0,49.1
2024-11-27,401707861,Indiana Hoosiers,Louisville Cardinals,61,89,1,2,84,97,33.3,56.9
2024-11-27,401707871,Maryland Terrapins,Bucknell Bison,91,67,0,2,120,2083,50.0,43.4
2024-11-27,401707989,Nebraska Cornhuskers,South Dakota Coyotes,96,79,0,2,158,233,48.5,43.3
2024-11-27,401709974,UTEP Miners,Long Beach State Beach,70,44,1,2,2638,299,46.4,40.5
2024-11-27,401710004,UCLA Bruins,Southern Utah Thunderbirds,88,43,0,2,26,253,47.5,35.0
2024-11-27,401711736,North Alabama Lions,Dalton State Roadrunners,100,69,0,2,2453,3247,53.1,39.7
2024-11-27,401715313,Missouri Tigers,Lindenwood Lions,81,61,0,2,142,2815,50.0,35.6
2024-11-27,401715339,Tennessee Volunteers,UT Martin Skyhawks,78,35,0,2,2633,2630,47.6,22.6
2024-11-27,401715383,Iowa Hawkeyes,South Carolina Upstate Spartans,110,77,0,2,2294,2908,60.6,43.9
2024-11-27,401715471,Georgetown Hoyas,Wagner Seahawks,66,41,0,2,46,2681,43.1,28.0
2024-11-27,401715698,Grand Canyon Lopes,Stanford Cardinal,78,71,1,2,2253,24,46.3,38.1
2024-11-27,401715867,West Virginia Mountaineers,Gonzaga Bulldogs,86,78,1,2,277,2250,41.3,40.0
2024-11-27,401716117,Western Illinois Leathernecks,Incarnate Word Cardinals,75,86,1,2,2710,2916,51.1,53.1
2024-11-27,401716158,Merrimack Warriors,UTSA Roadrunners,74,76,1,2,2771,2636,42.6,40.0
2024-11-27,401718420,Harvard Crimson,Massachusetts Minutemen,54,62,0,2,108,113,37.7,40.3
2024-11-27,401718469,UC Santa Barbara Gauchos,Eastern Washington Eagles,67,51,0,2,2540,331,50.0,29.5
2024-11-27,401719067,Texas A&M Aggies,Creighton Bluejays,77,73,1,2,245,156,39.4,38.3
2024-11-27,401719208,Oregon Ducks,San Diego State Aztecs,78,68,1,2,2483,21,44.6,50.9
2024-11-27,401719210,Houston Cougars,Alabama Crimson Tide,80,85,1,2,248,333,36.9,36.7
2024-11-27,401719211,Rutgers Scarlet Knights,Notre Dame Fighting Irish,85,84,1,2,164,87,44.6,43.9
2024-11-27,401719253,Winthrop Eagles,Averett Cougars,99,56,0,2,2737,2047,45.3,34.0
2024-11-27,401719373,Northern Colorado Bears,Northern New Mexico Eagles,92,50,0,2,2458,3141,59.6,36.8
2024-11-27,401720476,Tennessee Tech Golden Eagles,Presbyterian Blue Hose,90,75,0,2,2635,2506,50.0,43.9
2024-11-27,401720541,Utah Utes,Mississippi Valley State Delta Devils,94,48,0,2,254,2400,55.9,34.0
2024-11-27,401720570,Charlotte 49ers,East Tennessee State Buccaneers,55,75,0,2,2429,2193,39.6,42.2
2024-11-27,401720733,Baylor Bears,LSU New Orleans Privateers,91,60,0,2,239,2443,48.6,38.5
2024-11-27,401720751,Texas A&M-Corpus Christi Islanders,Texas Lutheran Bulldogs,94,45,0,2,357,2639,50.7,26.3
2024-11-27,401720891,Montana State Bobcats,Abilene Christian Wildcats,85,59,0,2,147,2000,58.0,41.4
2024-11-27,401720892,Northern Arizona Lumberjacks,Eastern Michigan Eagles,68,72,1,2,2464,2199,41.5,43.6
2024-11-27,401720894,Air Force Falcons,Sacramento State Hornets,61,63,0,2,2005,16,34.6,39.3
2024-11-27,401721054,Valparaiso Beacons,Northern Illinois Huskies,87,82,0,2,2674,2459,39.0,45.5
2024-11-27,401721078,Youngstown State Penguins,Western Michigan Broncos,62,73,0,2,2754,2711,35.9,42.1
2024-11-27,401721136,Fairleigh Dickinson Knights,Saint Peter's Peacocks,76,78,0,2,161,2612,46.4,50.9
2024-11-27,401721693,Brown Bears,Stony Brook Seawolves,77,54,0,2,225,2619,50.9,36.8
2024-11-27,401721694,Princeton Tigers,Nazareth Golden Flyers,99,63,0,2,163,110426,47.4,33.3
2024-11-27,401721806,Loyola Maryland Greyhounds,VMI Keydets,70,67,0,2,2352,2678,38.8,42.9
2024-11-27,401721807,Saint Francis Red Wolves,Lehigh Mountain Hawks,88,78,0,2,2598,2329,54.8,47.6
2024-11-27,401721808,Army Black Knights,SUNY Maritime Privateers,91,52,0,2,349,2951,53.1,33.8
2024-11-27,401721933,App State Mountaineers,Sam Houston Bearkats,66,63,1,2,2026,2534,39.6,39.1
2024-11-27,401721990,North Dakota State Bison,West Georgia Wolves,73,61,1,2,2449,2698,44.0,36.9
2024-11-27,401721999,Chattanooga Mocs,Bryant Bulldogs,84,76,0,2,236,2803,49.1,36.9
2024-11-27,401722171,UMBC Retrievers,Morgan State Bears,92,69,0,2,2378,2415,48.3,42.4
2024-11-27,401722229,Washington State Cougars,Fresno State Bulldogs,84,73,1,2,265,278,53.1,42.9
2024-11-27,401722334,Pepperdine Waves,Cal State Fullerton Titans,63,72,0,2,2492,2239,37.7,46.2
2024-11-27,401722341,Hawai'i Rainbow Warriors,Hawaiʻi Pacific Sea Warriors,67,63,0,2,62,2269,34.5,40.0
2024-11-27,401722367,San José State Spartans,UNC Greensboro Spartans,69,64,1,2,23,2430,42.6,43.1
2024-11-27,401722563,Belmont Bruins,Loyola Marymount Lions,63,77,1,2,2057,2351,36.5,44.3
2024-11-27,401723714,Delaware State Hornets,Penn State Wilkes-Barre Mountain Lions,111,43,0,2,2169,111942,57.5,27.6
2024-11-27,401724518,Seattle U Redhawks,Furman Paladins,56,61,1,2,2547,231,26.2,52.5
2024-11-27,401724706,Texas Southern Tigers,Texas A&M-Kingsville Javelinas,80,72,0,2,2640,2658,59.6,43.3
2024-11-27,401726014,Charleston Cougars,Northern Kentucky Norse,79,64,0,2,232,94,52.9,39.1
2024-11-27,401726490,Morehead State Eagles,NJIT Highlanders,69,78,1,2,2413,2885,43.1,46.2
2024-11-27,401727070,South Alabama Jaguars,Western Illinois Leathernecks,63,64,0,2,6,2710,37.3,41.5
2024-11-27,401727104,Samford Bulldogs,North Dakota State Bison,103,98,0,2,2535,2449,57.1,52.2
2024-11-27,401727270,Cal Poly Mustangs,Grambling Tigers,82,79,0,2,13,2755,50.8,47.5
2024-11-27,401727488,The Citadel Bulldogs,St. Andrews Knights,100,85,0,2,2643,2592,54.4,45.2
2024-11-27,401729693,Dayton Flyers,Iowa State Cyclones,84,89,1,2,2168,66,58.0,51.7
2024-11-27,401729694,North Carolina Tar Heels,Auburn Tigers,72,85,1,2,153,2,43.5,43.5
2024-11-27,401729695,Iowa State Cyclones,Colorado Buffaloes,99,71,1,2,66,38,60.3,41.8
2024-11-27,401729696,Auburn Tigers,Memphis Tigers,90,76,1,2,2,235,56.7,50.0
2024-11-27,401729768,North Dakota Fighting Hawks,SE Louisiana Lions,60,76,1,2,155,2545,31.6,47.2
2024-11-27,401729769,Bethune-Cookman Wildcats,Gardner-Webb Runnin' Bulldogs,64,79,1,2,2065,2241,35.8,45.2
2024-11-27,401729770,Belmont Bruins,Tulane Green Wave,89,66,1,2,2057,2655,47.0,39.0
2024-11-27,401729779,Boston College Eagles,Boise State Broncos,63,61,1,2,103,68,49.0,39.2
2024-11-27,401729801,Virginia Tech Hokies,South Carolina Gamecocks,60,70,1,2,259,2579,39.0,44.2
2024-11-27,401729816,Detroit Mercy Titans,Rhode Island Rams,75,81,1,2,2174,227,45.5,45.8
2024-11-27,401729818,Austin Peay Governors,UT Arlington Mavericks,58,68,1,2,2046,250,37.7,40.9
2024-11-27,401729819,Georgia State Panthers,Tulsa Golden Hurricane,74,71,1,2,2247,202,43.5,42.2
2024-11-27,401732173,Louisiana Tech Bulldogs,Eastern Kentucky Colonels,78,69,1,2,2348,2198,53.6,40.0
2024-11-27,401732174,Florida Tech Panthers,Southern Illinois Salukis,54,81,1,2,53,79,34.6,54.1
2024-11-27,401732175,Richmond Spiders,Ball State Cardinals,73,60,1,2,257,2050,41.7,40.7
2024-11-27,401733679,Florida State Seminoles,Western Carolina Catamounts,91,57,0,2,52,2717,57.4,32.8
2024-11-27,401735273,Oklahoma Sooners,Providence Friars,79,77,1,2,201,2507,51.0,42.9
2024-11-28,401706170,Villanova Wildcats,Rider Broncs,72,48,0,2,222,2520,41.4,43.8
2024-11-28,401706878,California Golden Bears,Mercyhurst Lakers,81,55,0,2,25,2385,54.7,37.7
2024-11-28,401706895,Syracuse Orange,Cornell Big Red,82,72,0,2,183,172,41.1,40.3
2024-11-28,401706985,TCU Horned Frogs,Santa Clara Broncos,52,69,1,2,2628,2541,34.9,43.3
2024-11-28,401707853,Arkansas Razorbacks,Illinois Fighting Illini,77,90,1,2,8,356,48.3,52.6
2024-11-28,401709975,Long Beach State Beach,San José State Spartans,66,82,1,2,299,23,44.4,54.4
2024-11-28,401714894,Wake Forest Demon Deacons,Florida Gators,58,75,1,2,154,57,37.5,39.7
2024-11-28,401715322,Ole Miss Rebels,BYU Cougars,96,85,1,2,145,252,48.4,40.6
2024-11-28,401715393,Wichita State Shockers,Minnesota Golden Gophers,68,66,1,2,2724,135,45.0,41.5
2024-11-28,401715434,Colorado State Rams,Washington Huskies,67,73,1,2,36,264,41.0,44.6
2024-11-28,401715479,Marquette Golden Eagles,Stonehill Skyhawks,94,59,0,2,269,284,60.7,44.4
2024-11-28,401715632,Cincinnati Bearcats,Alabama State Hornets,77,59,0,2,2132,2011,44.9,30.3
2024-11-28,401715647,UCF Knights,Milwaukee Panthers,84,76,0,2,2116,270,47.6,46.2
2024-11-28,401715669,Georgia Tech Yellow Jackets,Charleston Southern Buccaneers,91,67,0,2,59,2127,52.8,30.4
2024-11-28,401715868,Davidson Wildcats,Arizona Wildcats,71,104,1,2,2166,12,38.0,56.5
2024-11-28,401715958,Houston Christian Huskies,Northern Arizona Lumberjacks,71,74,0,2,2277,2464,51.9,50.0
2024-11-28,401716061,St. Bonaventure Bonnies,Utah State Aggies,67,72,1,2,179,328,42.6,34.4
2024-11-28,401716065,Purdue Boilermakers,NC State Wolfpack,71,61,1,2,2509,152,42.6,43.4
2024-11-28,401719212,Rutgers Scarlet Knights,Alabama Crimson Tide,90,95,1,2,164,333,44.6,51.7
2024-11-28,401719213,Notre Dame Fighting Irish,Houston Cougars,54,65,1,2,87,248,38.8,45.0
2024-11-28,401719326,Saint Louis Billikens,UMass Lowell River Hawks,93,90,0,2,139,2349,60.7,59.0
2024-11-28,401720893,Montana Grizzlies,Cal State Northridge Matadors,83,75,0,2,149,2463,41.5,38.5
2024-11-28,401721809,UNC Wilmington Seahawks,Colgate Raiders,59,72,0,2,350,2142,34.4,50.0
2024-11-28,401722183,Vermont Catamounts,Plattsburgh Cardinals,78,55,0,2,261,177,55.6,36.2
2024-11-28,401723727,Little Rock Trojans,Maryland Eastern Shore Hawks,78,59,0,2,2031,2379,49.2,35.1
2024-11-28,401725197,Pacific Tigers,Arkansas-Pine Bluff Golden Lions,83,71,0,2,279,2029,47.6,49.1
2024-11-28,401725355,San Diego Toreros,Marian (WI) Sabres,69,64,0,2,301,124851,51.9,44.0
2024-11-28,401725817,Samford Bulldogs,Utah Valley Wolverines,84,76,0,2,2535,3084,47.9,50.0
2024-11-28,401725818,North Dakota State Bison,Utah Valley Wolverines,83,63,1,2,2449,3084,55.3,44.4
2024-11-28,401726434,UNC Greensboro Spartans,UTEP Miners,58,64,1,2,2430,2638,31.5,38.9
2024-11-28,401726563,Marshall Thundering Herd,South Carolina State Bulldogs,82,53,0,2,276,2569,43.3,32.8
2024-11-28,401729697,North Carolina Tar Heels,Michigan State Spartans,91,94,1,2,153,127,50.0,54.1
2024-11-28,401729698,Dayton Flyers,UConn Huskies,85,67,1,2,2168,41,50.0,41.9
2024-11-28,401729701,Washington State Cougars,SMU Mustangs,60,77,1,2,265,2567,36.8,42.4
2024-11-28,401729702,Fresno State Bulldogs,California Baptist Lancers,81,86,1,2,278,2856,42.3,37.8
2024-11-28,401729739,Louisville Cardinals,West Virginia Mountaineers,79,70,1,2,97,277,42.1,44.1
2024-11-28,401729740,Indiana Hoosiers,Gonzaga Bulldogs,73,89,1,2,84,2250,45.8,48.4
2024-11-28,401729741,Oklahoma Sooners,Arizona Wildcats,82,77,1,2,201,12,43.1,43.1
2024-11-28,401729771,Loyola Marymount Lions,Wyoming Cowboys,73,70,1,2,2351,2751,49.1,42.9
2024-11-28,401729802,Michigan Wolverines,Xavier Musketeers,78,53,1,2,130,2752,49.2,34.5
2024-11-28,401729820,Rhode Island Rams,UT Arlington Mavericks,83,78,1,2,227,250,55.6,39.4
2024-11-29,401700270,UC Irvine Anteaters,Kennesaw State Owls,76,59,1,2,300,338,51.6,35.5
2024-11-29,401700456,Virginia Cavaliers,Holy Cross Crusaders,67,41,0,2,258,107,43.6,33.3
2024-11-29,401706872,Boston College Eagles,Dartmouth Big Green,83,88,0,2,103,159,51.8,46.8
2024-11-29,401712997,Butler Bulldogs,Northwestern Wildcats,71,69,1,2,2086,77,46.8,36.1
2024-11-29,401714990,UNLV Rebels,Mississippi State Bulldogs,58,80,1,2,2439,344,43.8,43.3
2024-11-29,401715410,Ohio State Buckeyes,Pittsburgh Panthers,90,91,0,2,194,221,51.7,44.8
2024-11-29,401715462,DePaul Blue Demons,Valparaiso Beacons,89,70,0,2,305,2674,52.5,41.5
2024-11-29,401715921,North Texas Mean Green,Northern Iowa Panthers,68,48,1,2,249,2460,50.0,40.8
2024-11-29,401716019,Iona Gaels,Tarleton State Texans,62,51,1,2,314,2627,45.3,39.5
2024-11-29,401716020,Arkansas State Red Wolves,Indiana State Sycamores,86,81,1,2,2032,282,45.6,41.8
2024-11-29,401716881,James Madison Dukes,George Mason Patriots,61,66,0,2,256,2244,35.9,48.9
2024-11-29,401718139,George Washington Revolutionaries,VMI Keydets,77,64,0,2,45,2678,56.6,44.1
2024-11-29,401718710,Liberty Flames,Central Penn Knights,93,36,0,2,2335,3164,53.5,28.1
2024-11-29,401720518,Weber State Wildcats,Bowling Green Falcons,73,70,1,2,2692,189,47.3,39.0
2024-11-29,401721032,Towson Tigers,Kent State Golden Flashes,54,65,1,2,119,2309,39.1,42.6
2024-11-29,401721055,Eastern Illinois Panthers,Northern Illinois Huskies,72,59,0,2,2197,2459,44.8,29.6
2024-11-29,401721282,South Alabama Jaguars,Alcorn State Braves,74,65,0,2,6,2016,42.9,32.3
2024-11-29,401721659,USC Trojans,Saint Mary's Gaels,36,71,1,2,30,2608,26.0,50.8
2024-11-29,401721695,Pennsylvania Quakers,Navy Midshipmen,78,86,0,2,219,2426,46.7,40.0
2024-11-29,401721810,App State Mountaineers,Colgate Raiders,72,50,1,2,2026,2142,53.6,37.7
2024-11-29,401721931,UNC Wilmington Seahawks,Sam Houston Bearkats,69,60,0,2,350,2534,44.4,30.4
2024-11-29,401721983,Samford Bulldogs,West Georgia Wolves,86,65,0,2,2535,2698,49.2,41.0
2024-11-29,401721993,Binghamton Bearcats,Niagara Purple Eagles,62,65,1,2,2066,315,42.6,48.1
2024-11-29,401722088,Elon Phoenix,Maine Black Bears,56,69,1,2,2210,311,37.5,44.1
2024-11-29,401722196,East Carolina Pirates,North Carolina A&T Aggies,93,69,0,2,151,2448,52.4,38.8
2024-11-29,401722309,New Mexico Lobos,Arizona State Sun Devils,82,85,1,2,167,9,38.1,47.3
2024-11-29,401722564,Belmont Bruins,Gardner-Webb Runnin' Bulldogs,83,74,0,2,2057,2241,45.6,43.8
2024-11-29,401722588,Bradley Braves,Judson Eagles,107,41,0,2,71,546,48.2,28.8
2024-11-29,401724548,Lafayette Leopards,Long Island University Sharks,75,56,0,2,322,112358,47.9,35.7
2024-11-29,401725200,New Mexico State Aggies,Pepperdine Waves,70,82,1,2,166,2492,36.6,52.9
2024-11-29,401727080,Troy Trojans,Merrimack Warriors,68,72,0,2,2653,2771,45.8,55.1
2024-11-29,401727281,Cleveland State Vikings,Morehead State Eagles,69,71,0,2,325,2413,39.6,53.7
2024-11-29,401727343,Vanderbilt Commodores,Tennessee Tech Golden Eagles,87,56,0,2,238,2635,46.5,31.3
2024-11-29,401729703,Colorado State Rams,TCU Horned Frogs,76,72,1,2,36,2628,43.3,33.9
2024-11-29,401729704,Washington Huskies,Santa Clara Broncos,76,69,1,2,264,2541,43.5,43.9
2024-11-29,401729742,Providence Friars,Davidson Wildcats,58,69,1,2,2507,2166,31.0,46.9
2024-11-29,401729744,Indiana Hoosiers,Providence Friars,89,73,1,2,84,2507,53.3,39.1
2024-11-29,401729746,West Virginia Mountaineers,Arizona Wildcats,83,76,1,2,277,12,39.7,45.3
2024-11-29,401729747,Louisville Cardinals,Oklahoma Sooners,64,69,1,2,97,201,38.1,47.7
2024-11-29,401729797,Wake Forest Demon Deacons,Minnesota Golden Gophers,57,51,1,2,154,135,39.6,41.2
2024-11-29,401729798,Florida Gators,Wichita State Shockers,88,51,1,2,57,2724,44.9,29.8
2024-11-29,401729851,North Texas Mean Green,Utah State Aggies,57,61,1,2,249,328,36.1,43.5
2024-11-29,401731040,Purdue Boilermakers,Ole Miss Rebels,80,78,1,2,2509,145,54.2,42.6
2024-11-29,401731041,BYU Cougars,NC State Wolfpack,72,61,1,2,252,152,42.4,36.8
2024-11-30,401700271,Kennesaw State Owls,Towson Tigers,67,63,1,2,338,119,37.3,33.3
2024-11-30,401700392,La Salle Explorers,Temple Owls,83,75,0,2,2325,218,39.5,44.8
2024-11-30,401700411,VCU Rams,Elizabeth City State Vikings,103,58,0,2,2670,2207,50.0,31.1
2024-11-30,401700422,Clemson Tigers,Florida A&M Rattlers,86,58,0,2,228,50,50.0,41.8
2024-11-30,401706172,Rider Broncs,Delaware Blue Hens,66,72,0,2,2520,48,42.0,46.6
2024-11-30,401706887,Duke Blue Devils,Seattle U Redhawks,70,48,0,2,150,2547,39.7,21.3
2024-11-30,401706966,Kansas Jayhawks,Furman Paladins,86,51,0,2,2305,231,60.9,29.8
2024-11-30,401714912,Kentucky Wildcats,Georgia State Panthers,105,76,0,2,96,2247,59.7,46.4
2024-11-30,401714921,LSU Tigers,Northwestern State Demons,77,53,0,2,99,2466,44.8,31.3
2024-11-30,401715348,Texas Longhorns,Delaware State Hornets,90,68,0,2,251,2169,51.6,35.4
2024-11-30,401715445,Wisconsin Badgers,Chicago State Cougars,74,53,0,2,275,2130,39.0,33.9
2024-11-30,401715472,Georgetown Hoyas,UAlbany Great Danes,100,68,0,2,46,399,63.1,35.7
2024-11-30,401715480,Marquette Golden Eagles,Western Carolina Catamounts,94,62,0,2,269,2717,51.4,38.3
2024-11-30,401715565,Seton Hall Pirates,Monmouth Hawks,51,63,0,2,2550,2405,35.8,46.0
2024-11-30,401715595,St. John's Red Storm,Harvard Crimson,77,64,0,2,2599,108,44.3,36.1
2024-11-30,401715641,Texas Tech Red Raiders,Northern Colorado Bears,89,64,0,2,2641,2458,46.4,39.3
2024-11-30,401715670,Georgia Tech Yellow Jackets,Central Arkansas Bears,87,68,0,2,59,2110,47.5,36.8
2024-11-30,401715677,Miami Hurricanes,Charleston Southern Buccaneers,79,83,0,2,2390,2127,47.5,50.8
2024-11-30,401715887,Southern Miss Golden Eagles,Milwaukee Panthers,66,65,0,2,2572,270,39.7,50.0
2024-11-30,401715959,UTSA Roadrunners,Houston Christian Huskies,78,71,0,2,2636,2277,47.2,38.1
2024-11-30,401716021,Hofstra Pride,Rice Owls,68,63,1,2,2275,242,38.1,33.9
2024-11-30,401716022,Indiana State Sycamores,Iona Gaels,83,80,1,2,282,314,52.9,46.9
2024-11-30,401716024,Tarleton State Texans,Hofstra Pride,61,59,1,2,2627,2275,44.9,32.0
2024-11-30,401718470,Utah Utes,Eastern Washington Eagles,88,80,0,2,254,331,48.3,45.6
2024-11-30,401719272,Coastal Carolina Chanticleers,South Carolina Upstate Spartans,73,51,0,2,324,2908,52.7,33.3
2024-11-30,401720459,High Point Panthers,Pfeiffer Falcons,81,50,0,2,2272,2945,43.9,37.5
2024-11-30,401720563,Idaho Vandals,UC Riverside Highlanders,80,68,0,2,70,27,47.5,43.9
2024-11-30,401720576,East Tennessee State Buccaneers,Austin Peay Governors,79,57,0,2,2193,2046,47.6,33.3
2024-11-30,401720586,Bucknell Bison,Siena Saints,58,71,1,2,2083,2561,43.1,46.5
2024-11-30,401720752,Texas A&M-Corpus Christi Islanders,Prairie View A&M Panthers,109,74,0,2,357,2504,70.0,49.0
2024-11-30,401720895,Montana State Bobcats,Cal State Northridge Matadors,69,72,0,2,147,2463,37.7,44.3
2024-11-30,401721033,Kent State Golden Flashes,UC Irvine Anteaters,39,51,1,2,2309,300,22.6,31.9
2024-11-30,401721062,Ohio Bobcats,Robert Morris Colonials,84,68,0,2,195,2523,51.8,40.7
2024-11-30,401721155,Manhattan Jaspers,Le Moyne Dolphins,77,81,0,2,2363,2330,36.5,60.4
2024-11-30,401721696,Pennsylvania Quakers,Maine Black Bears,77,64,0,2,219,311,46.3,47.4
2024-11-30,401721811,Sam Houston Bearkats,Colgate Raiders,82,78,1,2,2534,2142,51.9,53.6
2024-11-30,401721813,Elon Phoenix,Navy Midshipmen,69,63,1,2,2210,2426,31.3,31.8
2024-11-30,401721932,UNC Wilmington Seahawks,App State Mountaineers,76,61,0,2,350,2026,41.0,39.6
2024-11-30,401721994,Long Island University Sharks,Binghamton Bearcats,70,75,1,2,112358,2066,40.3,50.0
2024-11-30,401722083,UC Santa Barbara Gauchos,Mississippi Valley State Delta Devils,81,48,0,2,2540,2400,50.0,35.8
2024-11-30,401722138,Louisiana Tech Bulldogs,Southern Jaguars,70,73,0,2,2348,2582,44.0,43.3
2024-11-30,401722184,Vermont Catamounts,Northeastern Huskies,68,64,0,2,261,111,48.8,37.5
2024-11-30,401722204,Florida Atlantic Owls,Florida Gulf Coast Eagles,78,80,0,2,2226,526,46.0,52.4
2024-11-30,401726011,Green Bay Phoenix,Campbell Fighting Camels,66,72,0,2,2739,2097,39.7,44.8
2024-11-30,401726444,Louisiana Ragin' Cajuns,Nicholls Colonels,75,76,0,2,309,2447,46.6,43.6
2024-11-30,401727055,Drake Bulldogs,Georgia Southern Eagles,61,47,0,2,2181,290,39.2,37.8
2024-11-30,401727087,UL Monroe Warhawks,Stephen F. Austin Lumberjacks,60,68,0,2,2433,2617,43.1,47.3
2024-11-30,401727123,North Carolina Central Eagles,Virginia Lynchburg Dragons,131,51,0,2,2428,3229,55.2,33.3
2024-11-30,401727259,East Texas A&M Lions,Purdue Fort Wayne Mastodons,57,77,0,2,2837,2870,40.0,50.9
2024-11-30,401727264,Northern Kentucky Norse,Bellarmine Knights,86,70,0,2,94,91,51.6,45.3
2024-11-30,401727303,Howard Bison,Mount St. Mary's Mountaineers,75,79,0,2,47,116,46.2,42.0
2024-11-30,401727304,Lafayette Leopards,Niagara Purple Eagles,59,47,0,2,322,315,31.7,25.4
2024-11-30,401727327,SIU Edwardsville Cougars,North Florida Ospreys,73,78,0,2,2565,2454,38.9,41.5
2024-11-30,401727500,IU Indianapolis Jaguars,Trinity Christian Trolls,106,49,0,2,85,2652,58.2,28.1
2024-11-30,401727845,Youngstown State Penguins,Bethany (WV) Bison,128,60,0,2,2754,2062,63.6,34.5
2024-11-30,401729699,Arizona State Sun Devils,Saint Mary's Gaels,68,64,1,2,9,2608,45.9,41.7
2024-11-30,401729700,New Mexico Lobos,USC Trojans,83,73,1,2,167,30,51.7,49.1
2024-11-30,401729705,Northwestern Wildcats,UNLV Rebels,66,61,1,2,77,2439,40.8,42.1
2024-11-30,401729706,Mississippi State Bulldogs,Butler Bulldogs,77,87,1,2,344,2086,37.7,52.8
2024-11-30,401729727,Bowling Green Falcons,New Mexico State Aggies,61,60,1,2,189,166,28.8,33.8
2024-11-30,401729728,Pepperdine Waves,Weber State Wildcats,53,68,1,2,2492,2692,32.7,37.9
2024-11-30,401729748,Gonzaga Bulldogs,Davidson Wildcats,90,65,1,2,2250,2166,54.7,42.9
2024-11-30,401729852,Northern Iowa Panthers,St. Bonaventure Bonnies,56,68,1,2,2460,179,47.8,50.0
2024-11-30,401730557,Notre Dame Fighting Irish,Creighton Bluejays,76,80,1,2,87,156,43.1,49.1
2024-11-30,401730558,Rutgers Scarlet Knights,Texas A&M Aggies,77,81,1,2,164,245,41.2,42.9
2024-12-01,401700272,Kennesaw State Owls,Kent State Golden Flashes,60,67,1,2,338,2309,32.7,28.6
2024-12-01,401706976,Kansas State Wildcats,Arkansas-Pine Bluff Golden Lions,120,73,0,2,2306,2029,61.5,47.1
2024-12-01,401707872,Maryland Terrapins,Alcorn State Braves,96,58,0,2,120,2016,57.1,31.3
2024-12-01,401707990,Nebraska Cornhuskers,North Florida Ospreys,103,72,0,2,158,2454,58.0,38.5
2024-12-01,401711687,Alabama A&M Bulldogs,Lipscomb Bisons,44,82,0,2,2010,288,25.0,45.9
2024-12-01,401711737,Wofford Terriers,North Alabama Lions,74,54,0,2,2747,2453,47.6,35.2
2024-12-01,401714902,Georgia Bulldogs,Jacksonville Dolphins,102,56,0,2,61,294,66.7,35.1
2024-12-01,401715394,Minnesota Golden Gophers,Bethune-Cookman Wildcats,79,62,0,2,135,2065,47.5,46.2
2024-12-01,401715418,Penn State Nittany Lions,Buffalo Bulls,87,64,0,2,213,2084,56.5,41.5
2024-12-01,401715612,UConn Huskies,Maryland Eastern Shore Hawks,99,45,0,2,41,2379,54.2,30.0
2024-12-01,401715624,Xavier Musketeers,South Carolina State Bulldogs,71,68,0,2,2752,2569,45.5,42.6
2024-12-01,401715648,UCF Knights,California Baptist Lancers,74,59,0,2,2116,2856,45.3,35.1
2024-12-01,401715699,Stanford Cardinal,Cal Poly Mustangs,90,97,0,2,24,13,46.3,54.1
2024-12-01,401716023,Rice Owls,Arkansas State Red Wolves,75,67,1,2,242,2032,37.3,35.1
2024-12-01,401716025,Iona Gaels,Rice Owls,66,70,1,2,314,242,35.5,45.7
2024-12-01,401716026,Hofstra Pride,Arkansas State Red Wolves,68,66,1,2,2275,2032,48.1,43.8
2024-12-01,401716871,Fordham Rams,New Hampshire Wildcats,83,61,0,2,2230,160,47.5,40.0
2024-12-01,401718421,Massachusetts Minutemen,NJIT Highlanders,80,68,0,2,113,2885,50.0,34.5
2024-12-01,401719231,Tennessee State Tigers,UNC Asheville Bulldogs,74,92,0,2,2634,2427,45.5,51.5
2024-12-01,401719652,Portland State Vikings,Utah Tech Trailblazers,71,68,0,2,2502,3101,42.4,47.5
2024-12-01,401720470,Longwood Lancers,Regent Royals,108,55,0,2,2344,111926,62.7,43.8
2024-12-01,401720669,Lamar Cardinals,Our Lady of the Lake Saints,88,54,0,2,2320,3158,54.5,33.3
2024-12-01,401720896,Sacramento State Hornets,Mercyhurst Lakers,60,66,0,2,16,2385,40.4,46.8
2024-12-01,401720980,Towson Tigers,UC Irvine Anteaters,60,67,1,2,119,300,41.3,52.2
2024-12-01,401721024,Eastern Michigan Eagles,Detroit Mercy Titans,89,98,0,2,2199,2174,47.5,54.8
2024-12-01,401721071,Toledo Rockets,Oakland Golden Grizzlies,52,85,0,2,2649,2473,38.2,54.8
2024-12-01,401721087,Central Connecticut Blue Devils,UMass Lowell River Hawks,69,67,0,2,2115,2349,49.1,44.6
2024-12-01,401721137,Fairfield Stags,Fairleigh Dickinson Knights,78,74,0,2,2217,161,42.2,48.1
2024-12-01,401721697,Pennsylvania Quakers,Elon Phoenix,53,68,0,2,219,2210,29.7,48.3
2024-12-01,401721812,Lehigh Mountain Hawks,Marist Red Foxes,74,69,0,2,2329,2368,49.1,42.4
2024-12-01,401721814,American University Eagles,Notre Dame (MD) Gators,97,52,0,2,44,128342,54.2,34.5
2024-12-01,401721815,Boston University Terriers,Sacred Heart Pioneers,65,73,0,2,104,2529,35.1,41.8
2024-12-01,401721816,Navy Midshipmen,Maine Black Bears,66,71,1,2,2426,311,46.3,52.9
2024-12-01,401721937,Saint Francis Red Wolves,Radford Highlanders,70,79,0,2,2598,2515,38.7,50.0
2024-12-01,401721995,Lafayette Leopards,Binghamton Bearcats,81,82,0,2,322,2066,38.3,47.4
2024-12-01,401722013,Stonehill Skyhawks,Quinnipiac Bobcats,88,74,0,2,284,2514,53.2,43.5
2024-12-01,401722152,Wright State Raiders,Air Force Falcons,70,57,0,2,2750,2005,51.9,39.6
2024-12-01,401722298,UAB Blazers,Middle Tennessee Blue Raiders,69,76,0,2,5,2393,37.1,41.0
2024-12-01,401722326,Southern Utah Thunderbirds,Cal State Bakersfield Roadrunners,74,64,0,2,253,2934,47.9,42.9
2024-12-01,401722333,Pacific Tigers,Cal State Fullerton Titans,64,55,0,2,279,2239,45.7,33.3
2024-12-01,401722407,Oregon State Beavers,UC Davis Aggies,90,57,0,2,204,302,60.4,35.8
2024-12-01,401722412,UC San Diego Tritons,La Verne Leopards,109,33,0,2,28,2318,52.6,20.8
2024-12-01,401723751,Morgan State Bears,Central Penn Knights,123,70,0,2,2415,3164,67.6,37.9
2024-12-01,401723762,Stony Brook Seawolves,Norfolk State Spartans,66,77,0,2,2619,2450,35.7,51.9
2024-12-01,401724549,Niagara Purple Eagles,Long Island University Sharks,60,52,1,2,315,112358,48.8,35.2
2024-12-01,401724707,Texas Southern Tigers,Texas State Bobcats,59,72,0,2,2640,326,33.3,48.3
2024-12-01,401725204,Portland Pilots,Denver Pioneers,101,90,0,2,2501,2172,48.4,41.2
2024-12-01,401725376,Omaha Mavericks,Abilene Christian Wildcats,55,71,0,2,2437,2000,36.4,48.1
2024-12-01,401726438,Western Kentucky Hilltoppers,Marshall Thundering Herd,90,82,0,2,98,276,58.3,38.8
2024-12-01,401727081,Troy Trojans,Eastern Kentucky Colonels,84,74,0,2,2653,2198,58.0,46.8
2024-12-01,401727097,Southeast Missouri State Redhawks,Kansas City Roos,80,59,0,2,2546,140,45.5,29.8
2024-12-01,401727113,Oral Roberts Golden Eagles,Missouri State Bears,67,72,0,2,198,2623,44.9,54.2
2024-12-01,401729952,Central Michigan Chippewas,Purdue Northwest Pride,115,69,0,2,2117,368,64.6,38.2
2024-12-01,401730559,Houston Cougars,San Diego State Aztecs,70,73,1,2,248,21,37.1,40.4
2024-12-01,401730560,Alabama Crimson Tide,Oregon Ducks,81,83,1,2,333,2483,42.2,43.9
2024-12-02,401715473,Georgetown Hoyas,UMBC Retrievers,86,62,0,2,46,2378,48.5,39.7
2024-12-02,401716053,Indiana State Sycamores,Tarleton State Texans,87,71,1,2,282,2627,60.7,44.4
2024-12-02,401721175,San Francisco Dons,Mercyhurst Lakers,87,59,0,2,2539,2385,58.2,47.2
2024-12-03,401706922,Colorado Buffaloes,Pacific Tigers,75,66,0,2,38,279,42.4,36.5
2024-12-03,401712998,Butler Bulldogs,Eastern Illinois Panthers,73,58,0,2,2086,2197,52.3,32.8
2024-12-03,401715619,Villanova Wildcats,Cincinnati Bearcats,68,60,0,2,222,2132,48.9,38.3
2024-12-03,401715938,Tulane Green Wave,SE Louisiana Lions,67,71,0,2,2655,2545,42.1,43.5
2024-12-03,401718452,Rhode Island Rams,Yale Bulldogs,84,78,0,2,227,43,39.0,41.5
2024-12-03,401719327,Saint Louis Billikens,Jackson State Tigers,74,66,0,2,139,2296,52.8,38.8
2024-12-03,401721044,Miami (OH) RedHawks,Air Force Falcons,73,60,0,2,193,2005,56.6,48.9
2024-12-03,401721112,St. Thomas Tommies,Chicago State Cougars,98,76,0,2,2900,2130,51.8,39.1
2024-12-03,401721817,Coppin State Eagles,Loyola Maryland Greyhounds,57,68,0,2,2154,2352,37.5,46.2
2024-12-03,401722000,Drexel Dragons,Bryant Bulldogs,73,78,0,2,2182,2803,39.7,44.3
2024-12-03,401722084,Mississippi Valley State Delta Devils,Oakwood Ambassadors,91,71,0,2,2400,3083,54.7,47.3
2024-12-03,401722090,Maine Black Bears,Maine Augusta Moose,103,51,0,2,311,126890,55.7,35.8
2024-12-03,401722236,Nevada Wolf Pack,Washington State Cougars,57,68,0,2,2440,265,38.6,41.7
2024-12-03,401723704,Delaware Blue Hens,Delaware State Hornets,93,80,0,2,48,2169,57.7,40.3
2024-12-03,401724530,App State Mountaineers,Mid Atlantic Christian Mustangs,85,43,0,2,2026,108806,53.2,25.0
2024-12-03,401725801,UL Monroe Warhawks,UT Arlington Mavericks,70,84,0,2,2433,250,35.4,45.5
2024-12-03,401726061,Old Dominion Monarchs,William & Mary Tribe,88,83,0,2,295,2729,48.5,50.8
2024-12-03,401726396,Jacksonville State Gamecocks,Columbia International Rams,89,59,0,2,55,3242,43.5,36.5
2024-12-03,401727334,Southern Indiana Screaming Eagles,East West Phantoms,104,46,0,2,88,3107,51.9,27.5
2024-12-03,401727418,VMI Keydets,Virginia Lynchburg Dragons,113,51,0,2,2678,3229,50.7,31.0
2024-12-03,401730573,South Dakota State Jackrabbits,Dakota Wesleyan Tigers,78,62,0,2,2571,513,57.1,33.8
2024-12-04,401700393,Northeastern Huskies,La Salle Explorers,82,68,0,2,111,2325,52.4,37.3
2024-12-04,401700402,Saint Joseph's Hawks,Princeton Tigers,69,77,0,2,2603,163,37.5,45.8
2024-12-04,401700423,Clemson Tigers,Kentucky Wildcats,70,66,0,2,228,96,36.9,38.1
2024-12-04,401700430,Louisville Cardinals,Ole Miss Rebels,63,86,0,2,97,145,33.3,56.7
2024-12-04,401700449,SMU Mustangs,Alabama State Hornets,101,72,0,2,2567,2011,47.8,34.8
2024-12-04,401700468,Texas A&M Aggies,Wake Forest Demon Deacons,57,44,0,2,245,154,38.8,28.3
2024-12-04,401706873,Boston College Eagles,South Carolina Gamecocks,51,73,0,2,103,2579,33.3,46.0
2024-12-04,401706879,Missouri Tigers,California Golden Bears,98,93,0,2,142,25,66.0,50.0
2024-12-04,401706896,Tennessee Volunteers,Syracuse Orange,96,70,0,2,2633,183,53.8,49.1
2024-12-04,401706914,Providence Friars,BYU Cougars,83,64,0,2,2507,252,59.5,33.3
2024-12-04,401707862,Indiana Hoosiers,Sam Houston Bearkats,97,71,0,2,84,2534,61.8,42.6
2024-12-04,401711666,Chattanooga Mocs,Lipscomb Bisons,62,80,0,2,236,288,44.6,57.9
2024-12-04,401711708,Queens University Royals,Winthrop Eagles,78,86,0,2,2511,2737,45.9,49.2
2024-12-04,401711758,South Florida Bulls,Stetson Hatters,74,72,0,2,58,56,44.4,47.5
2024-12-04,401713720,Hampton Pirates,North Carolina A&T Aggies,82,71,0,2,2261,2448,41.5,45.5
2024-12-04,401714396,IU Indianapolis Jaguars,Green Bay Phoenix,84,75,0,2,85,2739,45.5,47.1
2024-12-04,401714903,Georgia Bulldogs,Notre Dame Fighting Irish,69,48,0,2,61,87,44.4,36.5
2024-12-04,401714922,LSU Tigers,Florida State Seminoles,85,75,0,2,99,52,45.2,38.9
2024-12-04,401715613,UConn Huskies,Baylor Bears,76,72,0,2,41,239,45.7,49.1
2024-12-04,401715671,Oklahoma Sooners,Georgia Tech Yellow Jackets,76,61,0,2,201,59,38.5,41.5
2024-12-04,401715678,Miami Hurricanes,Arkansas Razorbacks,73,76,0,2,2390,8,48.3,48.4
2024-12-04,401715700,Stanford Cardinal,Utah Valley Wolverines,77,63,0,2,24,3084,47.6,36.9
2024-12-04,401716159,Saint Mary's Gaels,UTSA Roadrunners,82,74,0,2,2608,2636,40.7,35.7
2024-12-04,401716882,George Mason Patriots,UNC Asheville Bulldogs,74,52,0,2,2244,2427,62.8,38.5
2024-12-04,401718251,Dayton Flyers,Western Michigan Broncos,77,69,0,2,2168,2711,52.1,53.7
2024-12-04,401718352,Loyola Chicago Ramblers,Eastern Michigan Eagles,76,54,0,2,2350,2199,54.7,42.2
2024-12-04,401720450,Charleston Southern Buccaneers,UT Martin Skyhawks,83,68,0,2,2127,2630,53.6,46.3
2024-12-04,401720452,UNC Greensboro Spartans,High Point Panthers,72,68,0,2,2430,2272,50.0,44.1
2024-12-04,401720477,Florida A&M Rattlers,Presbyterian Blue Hose,66,63,0,2,50,2506,37.3,35.0
2024-12-04,401720571,James Madison Dukes,East Tennessee State Buccaneers,71,61,0,2,256,2193,46.0,35.9
2024-12-04,401720710,McNeese Cowboys,Santa Clara Broncos,67,74,0,2,2377,2541,39.3,41.1
2024-12-04,401720948,New Hampshire Wildcats,Dartmouth Big Green,65,69,0,2,160,159,43.1,35.5
2024-12-04,401720987,Akron Zips,Northern Kentucky Norse,86,73,0,2,2006,94,53.1,45.3
2024-12-04,401721015,Buffalo Bulls,Pittsburgh-Bradford Panthers,100,65,0,2,2084,220,51.6,31.3
2024-12-04,401721056,Northern Illinois Huskies,Benedictine (IL) Eagles,89,70,0,2,2459,5345,50.7,36.4
2024-12-04,401721156,Le Moyne Dolphins,Army Black Knights,100,103,0,2,2330,349,40.2,40.2
2024-12-04,401721304,Iowa Hawkeyes,Northwestern Wildcats,80,79,0,2,2294,77,54.5,48.3
2024-12-04,401721305,UCLA Bruins,Washington Huskies,69,58,0,2,26,264,41.7,38.8
2024-12-04,401721306,Wisconsin Badgers,Michigan Wolverines,64,67,0,2,275,130,34.4,39.0
2024-12-04,401721307,Maryland Terrapins,Ohio State Buckeyes,83,59,0,2,120,194,46.8,37.9
2024-12-04,401721698,Vermont Catamounts,Brown Bears,53,60,0,2,261,225,37.9,41.4
2024-12-04,401721699,UAlbany Great Danes,Columbia Lions,88,73,0,2,399,171,47.8,52.2
2024-12-04,401721700,Holy Cross Crusaders,Harvard Crimson,68,67,0,2,107,108,46.3,41.5
2024-12-04,401721973,Mercer Bears,West Georgia Wolves,86,72,0,2,2382,2698,52.5,42.4
2024-12-04,401722197,East Carolina Pirates,UNC Wilmington Seahawks,53,67,0,2,151,350,35.8,39.7
2024-12-04,401722202,Florida International Panthers,Florida Atlantic Owls,77,88,0,2,2229,2226,46.8,52.9
2024-12-04,401722217,Boise State Broncos,Utah Tech Trailblazers,87,64,0,2,68,3101,52.6,45.3
2024-12-04,401722307,Arizona State Sun Devils,San Diego Toreros,90,53,0,2,9,301,49.1,33.3
2024-12-04,401722345,Grand Canyon Lopes,Hawai'i Rainbow Warriors,78,72,0,2,2253,62,43.9,46.4
2024-12-04,401722440,Southern Illinois Salukis,Bradley Braves,60,83,0,2,79,71,40.4,50.8
2024-12-04,401722441,Murray State Racers,Evansville Purple Aces,63,61,0,2,93,339,43.1,43.9
2024-12-04,401723752,Morgan State Bears,Cheyney (PA) Wolves,124,57,0,2,2415,2129,63.4,32.7
2024-12-04,401724504,Duquesne Dukes,Saint Peter's Peacocks,59,62,0,2,2184,2612,36.5,33.9
2024-12-04,401725794,Southern Utah Thunderbirds,Park University Gilbert Buccaneers,90,55,0,2,253,123350,44.3,29.9
2024-12-04,401726015,Charleston Cougars,Tusculum Pioneers,94,71,0,2,232,2839,51.6,40.6
2024-12-04,401727489,The Citadel Bulldogs,Toccoa Falls Eagles,94,57,0,2,2643,2648,57.4,40.0
2024-12-04,401731989,Grambling Tigers,Arkansas Baptist Buffaloes,82,56,0,2,2755,2027,56.1,32.8
2024-12-04,401733681,Tarleton State Texans,Dallas Christian Crusaders,90,50,0,2,2627,2937,57.7,38.3
2024-12-05,401700412,VCU Rams,Georgia Southern Eagles,89,54,0,2,2670,290,46.3,30.0
2024-12-05,401700438,North Carolina Tar Heels,Alabama Crimson Tide,79,94,0,2,153,333,41.0,49.3
2024-12-05,401700457,Florida Gators,Virginia Cavaliers,87,69,0,2,57,258,51.7,45.6
2024-12-05,401706173,Fairfield Stags,Rider Broncs,78,75,0,2,2217,2520,48.4,49.1
2024-12-05,401706888,Duke Blue Devils,Auburn Tigers,84,78,0,2,150,2,50.0,45.3
2024-12-05,401706906,Virginia Tech Hokies,Vanderbilt Commodores,64,80,0,2,259,238,38.3,52.7
2024-12-05,401706957,Iowa State Cyclones,Marquette Golden Eagles,81,70,0,2,66,269,50.8,38.6
2024-12-05,401706967,Creighton Bluejays,Kansas Jayhawks,76,63,0,2,156,2305,47.2,35.7
2024-12-05,401711688,Lipscomb Bisons,Southeast Missouri State Redhawks,78,60,0,2,288,2546,48.3,41.7
2024-12-05,401711738,North Alabama Lions,Tennessee Tech Golden Eagles,82,59,0,2,2453,2635,48.6,38.2
2024-12-05,401714397,Robert Morris Colonials,Youngstown State Penguins,58,72,0,2,2523,2754,34.5,45.9
2024-12-05,401714399,Detroit Mercy Titans,Purdue Fort Wayne Mastodons,79,78,0,2,2174,2870,48.3,49.2
2024-12-05,401714991,Mississippi State Bulldogs,Pittsburgh Panthers,90,57,0,2,344,221,57.8,31.3
2024-12-05,401715349,NC State Wolfpack,Texas Longhorns,59,63,0,2,152,251,44.4,45.3
2024-12-05,401715463,Texas Tech Red Raiders,DePaul Blue Demons,76,62,0,2,2641,305,50.0,42.1
2024-12-05,401715566,Seton Hall Pirates,NJIT Highlanders,67,56,0,2,2550,2885,44.4,40.8
2024-12-05,401716872,Fordham Rams,Fairleigh Dickinson Knights,84,75,0,2,2230,161,46.2,43.1
2024-12-05,401718140,American University Eagles,George Washington Revolutionaries,81,71,0,2,44,45,40.3,42.4
2024-12-05,401718422,Massachusetts Minutemen,Central Connecticut Blue Devils,69,73,0,2,113,2115,40.0,46.7
2024-12-05,401718471,Eastern Washington Eagles,North Dakota Fighting Hawks,87,81,0,2,331,155,50.0,50.9
2024-12-05,401719273,South Carolina Upstate Spartans,Brevard Tornados,91,60,0,2,2908,2913,53.3,36.1
2024-12-05,401719339,Bucknell Bison,St. Bonaventure Bonnies,47,64,0,2,2083,179,38.3,44.6
2024-12-05,401719374,Northern Colorado Bears,St. Thomas Tommies,75,87,0,2,2458,2900,51.0,64.3
2024-12-05,401719653,Seattle U Redhawks,Portland State Vikings,91,74,0,2,2547,2502,52.7,46.9
2024-12-05,401720519,Weber State Wildcats,North Dakota State Bison,73,77,0,2,2692,2449,44.3,43.9
2024-12-05,401720564,Kansas City Roos,Idaho Vandals,77,82,0,2,140,70,42.4,56.9
2024-12-05,401720897,Montana Grizzlies,South Dakota State Jackrabbits,71,67,0,2,149,2571,44.8,40.6
2024-12-05,401720898,Oral Roberts Golden Eagles,Northern Arizona Lumberjacks,83,76,0,2,198,2464,40.0,43.8
2024-12-05,401720899,South Dakota Coyotes,Idaho State Bengals,94,80,0,2,233,304,50.9,42.2
2024-12-05,401720900,Omaha Mavericks,Montana State Bobcats,65,76,0,2,2437,147,44.4,54.0
2024-12-05,401720901,Denver Pioneers,Sacramento State Hornets,80,59,0,2,2172,16,50.9,39.6
2024-12-05,401721283,Wichita State Shockers,Alcorn State Braves,78,54,0,2,2724,2016,44.3,26.0
2024-12-05,401721308,Minnesota Golden Gophers,Michigan State Spartans,72,90,0,2,135,127,44.1,52.7
2024-12-05,401721309,USC Trojans,Oregon Ducks,60,68,0,2,30,2483,34.5,38.2
2024-12-05,401721310,Penn State Nittany Lions,Purdue Boilermakers,81,70,0,2,213,2509,48.9,51.1
2024-12-05,401721701,Colgate Raiders,Cornell Big Red,57,84,0,2,2142,172,42.9,57.9
2024-12-05,401721818,Lehigh Mountain Hawks,Monmouth Hawks,90,63,0,2,2329,2405,56.6,25.4
2024-12-05,401721938,Saint Francis Red Wolves,Penn State Shenango Nittany Lions,107,55,0,2,2598,130195,55.1,33.8
2024-12-05,401721955,Little Rock Trojans,Central Arkansas Bears,63,57,0,2,2031,2110,39.7,31.1
2024-12-05,401721974,Western Carolina Catamounts,Bellarmine Knights,86,74,0,2,2717,91,48.4,46.4
2024-12-05,401721975,Florida Gulf Coast Eagles,Furman Paladins,73,76,0,2,526,231,52.7,44.3
2024-12-05,401722025,Wagner Seahawks,Coppin State Eagles,65,52,0,2,2681,2154,41.3,37.5
2024-12-05,401722192,Charlotte 49ers,Livingstone Blue Bears,83,61,0,2,2429,2940,44.6,38.6
2024-12-05,401722225,Colorado State Rams,Loyola Marymount Lions,83,54,0,2,36,2351,44.8,33.9
2024-12-05,401722266,Fresno State Bulldogs,San Diego State Aztecs,62,84,0,2,278,21,26.9,48.5
2024-12-05,401722269,Memphis Tigers,Louisiana Tech Bulldogs,81,71,0,2,235,2348,43.3,51.0
2024-12-05,401722368,New Mexico Lobos,San José State Spartans,83,77,0,2,167,23,43.1,44.6
2024-12-05,401722391,Utah State Aggies,Wyoming Cowboys,70,67,0,2,328,2751,41.1,50.0
2024-12-05,401722443,Belmont Bruins,Illinois State Redbirds,99,97,0,2,2057,2287,52.0,53.8
2024-12-05,401722444,UIC Flames,Northern Iowa Panthers,56,83,0,2,82,2460,32.2,56.6
2024-12-05,401724537,Campbell Fighting Camels,Coastal Carolina Chanticleers,57,58,0,2,2097,324,32.0,45.8
2024-12-05,401724550,Long Island University Sharks,York (NY) Cardinals,103,53,0,2,112358,122196,56.4,29.8
2024-12-05,401725201,Pepperdine Waves,Life Pacific Warriors,119,57,0,2,2492,109670,61.0,32.8
2024-12-05,401725377,New Mexico State Aggies,Abilene Christian Wildcats,70,78,0,2,166,2000,44.0,51.1
2024-12-05,401726062,William & Mary Tribe,Virginia Lynchburg Dragons,109,55,0,2,2729,3229,56.8,33.3
2024-12-05,401726402,Middle Tennessee Blue Raiders,Rhodes Lynx,103,55,0,2,2393,2519,56.5,32.8
2024-12-05,401726409,Tulsa Golden Hurricane,Oklahoma State Cowboys,55,76,0,2,202,197,36.2,49.2
2024-12-05,401726564,Marshall Thundering Herd,Morehead State Eagles,80,77,0,2,276,2413,47.4,44.1
2024-12-05,401727075,Southern Miss Golden Eagles,Alabama State Hornets,81,64,0,2,2572,2011,50.0,32.4
2024-12-05,401727078,Texas State Bobcats,Arlington Baptist Patriots,97,49,0,2,326,3166,54.7,40.9
2024-12-05,401727260,Wofford Terriers,Gardner-Webb Runnin' Bulldogs,88,64,0,2,2747,2241,58.6,43.8
2024-12-05,401727315,Lindenwood Lions,East West Phantoms,102,45,0,2,2815,3107,56.3,27.5
2024-12-05,401727350,Western Illinois Leathernecks,St. Ambrose Fighting Bees,97,64,0,2,2710,2591,54.2,33.9
2024-12-06,401706178,Niagara Purple Eagles,Siena Saints,69,68,0,2,315,2561,48.9,44.4
2024-12-06,401706986,TCU Horned Frogs,Xavier Musketeers,76,72,0,2,2628,2752,46.7,48.3
2024-12-06,401709976,Cal State Fullerton Titans,Long Beach State Beach,56,73,0,2,2239,299,46.9,51.0
2024-12-06,401711748,North Florida Ospreys,Warner Royals,115,83,0,2,2454,2683,55.1,42.9
2024-12-06,401714306,UC Irvine Anteaters,Cal State Bakersfield Roadrunners,82,66,0,2,300,2934,41.5,40.4
2024-12-06,401714307,UC Santa Barbara Gauchos,UC San Diego Tritons,76,84,0,2,2540,28,51.0,43.8
2024-12-06,401714308,Cal State Northridge Matadors,UC Riverside Highlanders,64,68,0,2,2463,27,40.0,39.0
2024-12-06,401714309,UC Davis Aggies,Cal Poly Mustangs,77,66,0,2,302,13,44.4,41.4
2024-12-06,401714398,Oakland Golden Grizzlies,Wright State Raiders,66,64,0,2,2473,2750,42.6,43.1
2024-12-06,401714400,Milwaukee Panthers,Cleveland State Vikings,79,67,0,2,270,325,44.2,47.4
2024-12-06,401715939,Nicholls Colonels,SE Louisiana Lions,67,64,0,2,2447,2545,41.9,40.7
2024-12-06,401715961,Houston Christian Huskies,East Texas A&M Lions,83,79,0,2,2277,2837,52.4,45.8
2024-12-06,401719328,San Francisco Dons,Saint Louis Billikens,78,61,0,2,2539,139,50.8,44.8
2024-12-06,401720471,Longwood Lancers,Maryland Eastern Shore Hawks,80,76,0,2,2344,2379,43.5,60.5
2024-12-06,401720670,Texas A&M-Corpus Christi Islanders,Lamar Cardinals,61,65,0,2,357,2320,42.9,44.8
2024-12-06,401721208,UT Rio Grande Valley Vaqueros,Stephen F. Austin Lumberjacks,68,65,0,2,292,2617,38.9,41.4
2024-12-06,401721702,Bryant Bulldogs,Brown Bears,75,76,0,2,2803,225,50.9,49.2
2024-12-06,401721970,Jacksonville Dolphins,Florida Tech Panthers,88,67,0,2,294,53,56.1,42.2
2024-12-06,401722068,Arkansas State Red Wolves,Jackson State Tigers,66,64,0,2,2032,2296,33.3,38.2
2024-12-06,401722315,North Carolina Central Eagles,Radford Highlanders,67,70,0,2,2428,2515,44.4,38.2
2024-12-06,401722442,Valparaiso Beacons,Drake Bulldogs,60,66,0,2,2674,2181,41.3,54.8
2024-12-06,401724505,Duquesne Dukes,Delaware Blue Hens,80,66,0,2,2184,48,40.3,39.7
2024-12-06,401725960,Eastern Illinois Panthers,Calumet St. Joseph Crimson Wave,87,57,0,2,2197,502,49.2,32.7
2024-12-06,401726456,Incarnate Word Cardinals,Northwestern State Demons,70,72,0,2,2916,2466,48.1,47.2
2024-12-06,401727278,Hofstra Pride,St. Joseph's Long Island Golden Eagles,114,46,0,2,2275,3196,61.2,25.0
2024-12-06,401727490,South Carolina State Bulldogs,Samford Bulldogs,81,88,0,2,2569,2535,55.6,55.4
2024-12-06,401729953,Aquinas Saints,Central Michigan Chippewas,69,93,0,2,486,2117,37.5,54.0
2024-12-07,401700273,Georgia State Panthers,Kennesaw State Owls,77,81,0,2,2247,338,40.0,42.6
2024-12-07,401706174,Canisius Golden Griffins,Merrimack Warriors,52,60,0,2,2099,2771,29.7,29.6
2024-12-07,401706175,Rider Broncs,Quinnipiac Bobcats,67,72,0,2,2520,2514,44.6,47.4
2024-12-07,401706176,Marist Red Foxes,Mount St. Mary's Mountaineers,53,50,0,2,2368,116,40.7,36.4
2024-12-07,401706177,Sacred Heart Pioneers,Iona Gaels,83,59,0,2,2529,314,49.1,36.7
2024-12-07,401706950,Houston Cougars,Butler Bulldogs,79,51,0,2,248,2086,53.3,28.3
2024-12-07,401706977,St. John's Red Storm,Kansas State Wildcats,88,71,0,2,2599,2306,42.7,35.2
2024-12-07,401706993,West Virginia Mountaineers,Georgetown Hoyas,73,60,0,2,277,46,45.6,37.9
2024-12-07,401707863,Indiana Hoosiers,Miami (OH) RedHawks,76,57,0,2,84,193,53.8,30.8
2024-12-07,401709977,Long Beach State Beach,Hawai'i Rainbow Warriors,76,68,0,2,299,62,50.0,49.1
2024-12-07,401711709,VMI Keydets,Queens University Royals,78,81,0,2,2678,2511,44.6,60.4
2024-12-07,401714401,IU Indianapolis Jaguars,Northern Kentucky Norse,64,66,0,2,85,94,51.1,44.8
2024-12-07,401714402,Detroit Mercy Titans,Wright State Raiders,72,80,0,2,2174,2750,41.8,57.1
2024-12-07,401714403,Youngstown State Penguins,Oakland Golden Grizzlies,66,50,0,2,2754,2473,44.2,34.6
2024-12-07,401714404,Green Bay Phoenix,Cleveland State Vikings,61,83,0,2,2739,325,41.3,48.2
2024-12-07,401715331,South Carolina Gamecocks,East Carolina Pirates,75,68,0,2,2579,151,54.0,49.1
2024-12-07,401715446,Marquette Golden Eagles,Wisconsin Badgers,88,74,0,2,269,275,50.0,46.2
2024-12-07,401715454,Creighton Bluejays,UNLV Rebels,83,65,0,2,156,2439,63.3,42.2
2024-12-07,401715537,Rhode Island Rams,Providence Friars,69,63,0,2,227,2507,42.6,43.9
2024-12-07,401715918,Northern Iowa Panthers,Northern Illinois Huskies,101,57,0,2,2460,2459,61.8,32.1
2024-12-07,401716160,Arkansas Razorbacks,UTSA Roadrunners,75,60,0,2,8,2636,52.8,40.7
2024-12-07,401716883,George Mason Patriots,Tulane Green Wave,76,64,0,2,2244,2655,43.6,41.1
2024-12-07,401718141,Old Dominion Monarchs,George Washington Revolutionaries,70,78,0,2,295,45,40.6,46.9
2024-12-07,401718252,Dayton Flyers,Lehigh Mountain Hawks,86,62,0,2,2168,2329,57.1,38.7
2024-12-07,401718353,Loyola Chicago Ramblers,South Florida Bulls,74,72,0,2,2350,58,42.6,49.1
2024-12-07,401718423,Massachusetts Minutemen,UMass Lowell River Hawks,83,96,0,2,113,2349,47.6,58.0
2024-12-07,401719234,UNC Asheville Bulldogs,St. Andrews Knights,120,64,0,2,2427,2592,61.1,37.7
2024-12-07,401719274,Western Carolina Catamounts,South Carolina Upstate Spartans,68,74,0,2,2717,2908,44.4,50.0
2024-12-07,401719340,St. Bonaventure Bonnies,Buffalo Bulls,65,55,0,2,179,2084,44.7,41.7
2024-12-07,401719654,Portland State Vikings,Denver Pioneers,67,68,0,2,2502,2172,44.4,41.4
2024-12-07,401720446,Davidson Wildcats,Charleston Southern Buccaneers,73,72,0,2,2166,2127,45.8,45.8
2024-12-07,401720460,High Point Panthers,North Texas Mean Green,76,71,0,2,2272,249,44.4,42.0
2024-12-07,401720565,Oregon State Beavers,Idaho Vandals,78,62,0,2,204,70,46.9,43.1
2024-12-07,401720671,UT Rio Grande Valley Vaqueros,Lamar Cardinals,52,84,0,2,292,2320,33.3,57.8
2024-12-07,401720711,McNeese Cowboys,LeTourneau Yellow Jackets,103,69,0,2,2377,2326,69.5,50.0
2024-12-07,401720734,Nicholls Colonels,LSU New Orleans Privateers,73,70,0,2,2447,2443,42.4,41.8
2024-12-07,401720753,Texas A&M-Corpus Christi Islanders,Stephen F. Austin Lumberjacks,67,48,0,2,357,2617,49.1,33.9
2024-12-07,401720902,Northern Arizona Lumberjacks,South Dakota Coyotes,95,82,0,2,2464,233,56.4,43.5
2024-12-07,401720904,St. Thomas Tommies,Montana Grizzlies,88,81,0,2,2900,149,50.0,52.5
2024-12-07,401720905,Sacramento State Hornets,Omaha Mavericks,60,70,0,2,16,2437,35.6,45.0
2024-12-07,401720988,Akron Zips,Brockport Golden Eagles,101,48,0,2,2006,2781,45.7,28.2
2024-12-07,401721005,Bowling Green Falcons,Morgan State Bears,102,81,0,2,189,2415,57.4,44.4
2024-12-07,401721034,Kent State Golden Flashes,Portland Pilots,76,57,0,2,2309,2501,45.2,34.8
2024-12-07,401721063,Ohio Bobcats,Morehead State Eagles,88,76,0,2,195,2413,53.2,41.0
2024-12-07,401721072,Toledo Rockets,Defiance Yellow Jackets,111,49,0,2,2649,190,65.7,28.8
2024-12-07,401721088,Holy Cross Crusaders,Central Connecticut Blue Devils,56,69,0,2,107,2115,43.1,51.9
2024-12-07,401721138,Fairleigh Dickinson Knights,Lehman Bridges,98,54,0,2,161,130190,51.6,31.1
2024-12-07,401721157,Le Moyne Dolphins,Binghamton Bearcats,62,72,0,2,2330,2066,40.0,45.3
2024-12-07,401721176,Mercyhurst Lakers,Lafayette Leopards,73,77,0,2,2385,322,47.1,51.0
2024-12-07,401721311,Northwestern Wildcats,Illinois Fighting Illini,70,66,0,2,77,356,38.9,37.3
2024-12-07,401721312,Michigan Wolverines,Iowa Hawkeyes,85,83,0,2,130,2294,55.2,41.6
2024-12-07,401721313,Michigan State Spartans,Nebraska Cornhuskers,89,52,0,2,127,158,51.8,33.3
2024-12-07,401721314,Ohio State Buckeyes,Rutgers Scarlet Knights,80,66,0,2,194,164,55.2,42.1
2024-12-07,401721315,Washington Huskies,USC Trojans,61,85,0,2,264,30,39.3,64.0
2024-12-07,401721703,Furman Paladins,Princeton Tigers,69,63,0,2,231,163,43.1,38.9
2024-12-07,401721704,Columbia Lions,Merchant Marine Mariners,98,49,0,2,171,2383,51.4,27.0
2024-12-07,401721705,Yale Bulldogs,Vermont Catamounts,65,50,0,2,43,261,44.2,34.5
2024-12-07,401721819,Boston University Terriers,UAlbany Great Danes,80,74,0,2,104,399,53.8,41.9
2024-12-07,401721820,Delaware State Hornets,Loyola Maryland Greyhounds,80,77,0,2,2169,2352,52.5,44.3
2024-12-07,401721821,NJIT Highlanders,Navy Midshipmen,69,64,0,2,2885,2426,47.5,32.5
2024-12-07,401721987,West Georgia Wolves,Tennessee Tech Golden Eagles,78,73,0,2,2698,2635,50.0,48.1
2024-12-07,401722054,Florida A&M Rattlers,Trinity (FL) Tigers,130,58,0,2,50,3155,59.0,34.5
2024-12-07,401722103,Towson Tigers,UMBC Retrievers,71,84,0,2,119,2378,38.5,51.7
2024-12-07,401722120,UAB Blazers,Prairie View A&M Panthers,95,66,0,2,5,2504,55.7,35.9
2024-12-07,401722139,Tulsa Golden Hurricane,Southern Jaguars,66,70,0,2,202,2582,41.2,37.1
2024-12-07,401722153,Air Force Falcons,Stony Brook Seawolves,69,61,1,2,2005,2619,57.1,37.3
2024-12-07,401722218,Boise State Broncos,Washington State Cougars,69,74,0,2,68,265,37.9,50.9
2024-12-07,401722311,Arizona Wildcats,Southern Utah Thunderbirds,102,66,0,2,12,253,50.0,37.5
2024-12-07,401722565,Belmont Bruins,Middle Tennessee Blue Raiders,82,79,0,2,2057,2393,42.5,45.5
2024-12-07,401722595,Evansville Purple Aces,Western Kentucky Hilltoppers,65,79,0,2,339,98,36.1,44.3
2024-12-07,401724708,Sam Houston Bearkats,Texas Southern Tigers,87,71,0,2,2534,2640,47.5,43.5
2024-12-07,401724767,Wake Forest Demon Deacons,Boston College Eagles,72,66,0,2,154,103,44.7,36.8
2024-12-07,401724768,Miami Hurricanes,Clemson Tigers,55,65,0,2,2390,228,41.1,39.7
2024-12-07,401724769,Notre Dame Fighting Irish,Syracuse Orange,69,64,0,2,87,183,44.9,47.1
2024-12-07,401724770,North Carolina Tar Heels,Georgia Tech Yellow Jackets,68,65,0,2,153,59,39.0,31.3
2024-12-07,401724771,Virginia Tech Hokies,Pittsburgh Panthers,59,64,0,2,259,221,43.4,41.1
2024-12-07,401724772,SMU Mustangs,Virginia Cavaliers,63,51,0,2,2567,258,42.9,34.0
2024-12-07,401724773,California Golden Bears,Stanford Cardinal,81,89,0,2,25,24,42.3,52.6
2024-12-07,401724774,NC State Wolfpack,Florida State Seminoles,84,74,0,2,152,52,51.9,42.6
2024-12-07,401725202,Pepperdine Waves,Grambling Tigers,85,57,0,2,2492,2755,49.3,38.2
2024-12-07,401725509,UTEP Miners,Seattle U Redhawks,88,72,0,2,2638,2547,56.1,44.9
2024-12-07,401725819,James Madison Dukes,Utah Valley Wolverines,78,61,0,2,256,3084,50.0,33.3
2024-12-07,401726054,UNC Wilmington Seahawks,Marshall Thundering Herd,78,69,0,2,350,276,47.3,40.6
2024-12-07,401726393,Florida International Panthers,New College Mighty Banyans,70,63,0,2,2229,128550,45.9,36.5
2024-12-07,401726455,Houston Christian Huskies,Northwestern State Demons,57,64,0,2,2277,2466,42.3,52.0
2024-12-07,401727124,Gardner-Webb Runnin' Bulldogs,North Carolina Central Eagles,77,78,0,2,2241,2428,54.9,43.1
2024-12-07,401727257,Incarnate Word Cardinals,East Texas A&M Lions,65,53,0,2,2916,2837,46.9,36.6
2024-12-07,401727265,Bellarmine Knights,Brescia Bearcats,94,66,0,2,91,2855,53.0,42.6
2024-12-07,401727296,Saint Peter's Peacocks,Manhattan Jaspers,67,70,0,2,2612,2363,34.3,40.3
2024-12-07,401727312,Southern Illinois Salukis,Southern Indiana Screaming Eagles,73,70,0,2,79,88,48.2,46.3
2024-12-07,401727346,UT Martin Skyhawks,Montreat Cavaliers,112,60,0,2,2630,2410,52.9,31.7
2024-12-07,401727351,Western Illinois Leathernecks,East West Phantoms,96,49,0,2,2710,3107,52.2,31.3
2024-12-07,401727420,North Carolina A&T Aggies,UNC Greensboro Spartans,55,67,0,2,2448,2430,37.5,36.4
2024-12-07,401728973,Eastern Kentucky Colonels,Campbellsville (HB) Pioneers,98,62,0,2,2198,111921,43.2,41.3
2024-12-07,401729755,Temple Owls,Villanova Wildcats,65,94,1,2,218,222,37.0,58.5
2024-12-07,401729757,Drexel Dragons,Pennsylvania Quakers,60,47,1,2,2182,219,45.3,33.9
2024-12-08,401706179,Mount St. Mary's Mountaineers,Fairfield Stags,101,94,0,2,116,2217,53.8,50.0
2024-12-08,401706180,Canisius Golden Griffins,Siena Saints,53,66,0,2,2099,2561,40.5,46.3
2024-12-08,401706181,Niagara Purple Eagles,Merrimack Warriors,62,80,0,2,315,2771,41.7,54.7
2024-12-08,401706182,Manhattan Jaspers,Marist Red Foxes,75,82,0,2,2363,2368,45.9,53.3
2024-12-08,401706183,Quinnipiac Bobcats,Sacred Heart Pioneers,83,73,0,2,2514,2529,47.5,45.5
2024-12-08,401706923,Colorado Buffaloes,Colorado State Rams,72,55,0,2,38,36,50.0,31.3
2024-12-08,401706958,Iowa State Cyclones,Jackson State Tigers,100,58,0,2,66,2296,50.7,37.0
2024-12-08,401706968,Missouri Tigers,Kansas Jayhawks,76,67,0,2,142,2305,44.2,39.7
2024-12-08,401706987,TCU Horned Frogs,Vanderbilt Commodores,74,83,1,2,2628,238,49.0,42.4
2024-12-08,401711749,Georgia Southern Eagles,North Florida Ospreys,93,91,0,2,290,2454,49.3,44.9
2024-12-08,401711759,Stetson Hatters,Mercer Bears,83,89,0,2,56,2382,42.9,44.8
2024-12-08,401714351,UC Davis Aggies,UC Santa Barbara Gauchos,71,60,0,2,302,2540,41.5,39.3
2024-12-08,401714352,UC Riverside Highlanders,Cal State Fullerton Titans,75,68,0,2,27,2239,47.2,44.0
2024-12-08,401714353,UC San Diego Tritons,Cal State Bakersfield Roadrunners,81,60,0,2,28,2934,47.3,45.8
2024-12-08,401714354,Cal Poly Mustangs,Cal State Northridge Matadors,91,102,0,2,13,2463,41.4,50.0
2024-12-08,401714405,Purdue Fort Wayne Mastodons,Robert Morris Colonials,82,77,0,2,2870,2523,46.4,40.3
2024-12-08,401714644,Auburn Tigers,Richmond Spiders,98,54,0,2,2,257,47.8,27.1
2024-12-08,401714913,Gonzaga Bulldogs,Kentucky Wildcats,89,90,1,2,2250,96,46.5,45.3
2024-12-08,401714923,LSU Tigers,Florida Gulf Coast Eagles,80,71,0,2,99,526,50.0,42.4
2024-12-08,401714992,Mississippi State Bulldogs,Prairie View A&M Panthers,91,84,0,2,344,2504,55.6,56.4
2024-12-08,401715323,Ole Miss Rebels,Lindenwood Lions,86,53,0,2,145,2815,51.7,35.3
2024-12-08,401715350,Texas Longhorns,UConn Huskies,65,76,0,2,251,41,42.0,51.9
2024-12-08,401715360,Texas Tech Red Raiders,Texas A&M Aggies,67,72,1,2,2641,245,45.1,37.3
2024-12-08,401715567,Seton Hall Pirates,Oklahoma State Cowboys,76,85,0,2,2550,197,50.0,56.9
2024-12-08,401715633,Cincinnati Bearcats,Howard Bison,84,67,0,2,2132,47,53.1,48.1
2024-12-08,401715649,UCF Knights,Tarleton State Texans,66,51,0,2,2116,2627,35.8,41.5
2024-12-08,401716873,Fordham Rams,Maine Black Bears,87,72,0,2,2230,311,50.8,39.4
2024-12-08,401718472,South Dakota State Jackrabbits,Eastern Washington Eagles,74,53,0,2,2571,331,40.6,36.4
2024-12-08,401718711,Liberty Flames,Mississippi Valley State Delta Devils,89,52,0,2,2335,2400,55.8,41.7
2024-12-08,401719254,Winthrop Eagles,Coastal Carolina Chanticleers,96,89,0,2,2737,324,54.7,53.7
2024-12-08,401719329,Saint Louis Billikens,Chicago State Cougars,85,62,0,2,139,2130,48.3,35.5
2024-12-08,401719375,North Dakota State Bison,Northern Colorado Bears,82,70,0,2,2449,2458,53.7,36.1
2024-12-08,401720472,Longwood Lancers,Mary Baldwin Fighting Squirrels,97,40,0,2,2344,124942,45.7,26.9
2024-12-08,401720520,North Dakota Fighting Hawks,Weber State Wildcats,80,75,0,2,155,2692,43.8,52.8
2024-12-08,401720542,Utah Utes,Saint Mary's Gaels,63,72,0,2,254,2608,37.5,43.9
2024-12-08,401720572,Wichita State Shockers,East Tennessee State Buccaneers,96,87,0,2,2724,2193,54.7,46.5
2024-12-08,401720903,Montana State Bobcats,Kansas City Roos,74,62,0,2,147,140,49.1,36.2
2024-12-08,401720906,Idaho State Bengals,Oral Roberts Golden Eagles,71,55,0,2,304,198,40.4,30.9
2024-12-08,401720949,UIC Flames,Dartmouth Big Green,69,68,0,2,82,159,33.8,35.4
2024-12-08,401720995,SIU Edwardsville Cougars,Ball State Cardinals,82,69,0,2,2565,2050,49.1,42.9
2024-12-08,401721284,Oklahoma Sooners,Alcorn State Braves,94,78,0,2,201,2016,54.7,52.6
2024-12-08,401721316,Purdue Boilermakers,Maryland Terrapins,83,78,0,2,2509,120,48.5,45.5
2024-12-08,401721317,Oregon Ducks,UCLA Bruins,71,73,0,2,2483,26,47.3,45.2
2024-12-08,401721706,New Hampshire Wildcats,Harvard Crimson,62,72,0,2,160,108,40.0,50.0
2024-12-08,401721707,Army Black Knights,Cornell Big Red,84,103,0,2,349,172,47.8,55.9
2024-12-08,401721822,Radford Highlanders,Bucknell Bison,74,70,0,2,2515,2083,39.0,36.2
2024-12-08,401721823,Northeastern Huskies,Colgate Raiders,78,75,0,2,111,2142,54.0,44.2
2024-12-08,401721948,Samford Bulldogs,Austin Peay Governors,72,47,0,2,2535,2046,40.9,35.2
2024-12-08,401721956,Arkansas-Pine Bluff Golden Lions,Central Arkansas Bears,84,78,0,2,2029,2110,52.8,36.6
2024-12-08,401722004,Bryant Bulldogs,Vermont State Johnson Badgers,122,63,0,2,2803,126751,57.6,39.1
2024-12-08,401722026,Maryland Eastern Shore Hawks,Wagner Seahawks,61,63,0,2,2379,2681,44.7,45.7
2024-12-08,401722230,Santa Clara Broncos,Fresno State Bulldogs,81,66,0,2,2541,278,41.9,39.0
2024-12-08,401722237,Loyola Marymount Lions,Nevada Wolf Pack,68,64,0,2,2351,2440,42.0,35.0
2024-12-08,401722261,New Mexico Lobos,New Mexico State Aggies,83,89,0,2,167,166,35.7,51.6
2024-12-08,401722270,Memphis Tigers,Arkansas State Red Wolves,72,85,0,2,235,2032,35.6,36.6
2024-12-08,401722274,Texas State Bobcats,Rice Owls,75,66,0,2,326,242,46.3,40.0
2024-12-08,401722347,San Diego State Aztecs,San Diego Toreros,74,57,0,2,21,301,43.9,30.9
2024-12-08,401722392,Utah State Aggies,Utah Tech Trailblazers,92,62,0,2,328,3101,49.2,41.0
2024-12-08,401722445,Missouri State Bears,Indiana State Sycamores,77,80,0,2,2623,282,44.8,57.1
2024-12-08,401722601,Illinois State Redbirds,Pacific Tigers,72,61,0,2,2287,279,44.2,38.6
2024-12-08,401724775,Louisville Cardinals,Duke Blue Devils,65,76,0,2,97,150,37.3,45.2
2024-12-08,401725385,Grand Canyon Lopes,Life Pacific Warriors,100,52,0,2,2253,109670,50.0,26.1
2024-12-08,401726031,Elon Phoenix,Wofford Terriers,79,56,0,2,2210,2747,59.6,28.8
2024-12-08,401726397,South Alabama Jaguars,Jacksonville State Gamecocks,76,74,0,2,6,55,39.7,45.3
2024-12-08,401727061,Louisiana Ragin' Cajuns,Louisiana Tech Bulldogs,58,69,0,2,309,2348,41.5,52.9
2024-12-08,401727146,Murray State Racers,Southeast Missouri State Redhawks,73,53,0,2,93,2546,48.1,40.4
2024-12-08,401727310,Iona Gaels,Saint Peter's Peacocks,72,63,0,2,314,2612,42.0,37.3
2024-12-08,401729758,La Salle Explorers,Saint Joseph's Hawks,68,82,1,2,2325,2603,36.7,53.3
2024-12-09,401721318,Indiana Hoosiers,Minnesota Golden Gophers,82,67,0,2,84,135,56.6,47.3
2024-12-09,401721824,Boston University Terriers,Thomas College Terriers,113,75,0,2,104,2645,58.0,39.3
2024-12-10,401700413,VCU Rams,Pennsylvania Quakers,66,47,0,2,2670,219,38.8,36.0
2024-12-10,401712999,Butler Bulldogs,North Dakota State Bison,68,71,0,2,2086,2449,37.1,45.5
2024-12-10,401715340,Tennessee Volunteers,Miami Hurricanes,75,62,1,2,2633,2390,48.1,39.3
2024-12-10,401720447,South Carolina State Bulldogs,Charleston Southern Buccaneers,82,63,0,2,2569,2127,47.7,45.8
2024-12-10,401721708,Columbia Lions,Sarah Lawrence Gryphons,92,46,0,2,171,108862,54.8,31.0
2024-12-10,401722140,Southern Jaguars,Lindsey Wilson Blue Raiders,94,69,0,2,2582,2877,51.5,51.0
2024-12-10,401722172,UMBC Retrievers,Cairn University Highlanders,103,57,0,2,2378,3216,52.8,30.0
2024-12-10,401722369,San José State Spartans,Lincoln (CA) Oaklanders,117,80,0,2,23,124946,62.7,38.0
2024-12-10,401723771,Norfolk State Spartans,Hofstra Pride,67,80,0,2,2450,2275,38.8,60.0
2024-12-10,401725378,Baylor Bears,Abilene Christian Wildcats,88,57,0,2,239,2000,59.3,34.5
2024-12-10,401730555,Delaware Blue Hens,Chestnut Hill Griffins,78,51,0,2,48,469,43.9,25.7
2024-12-11,401700403,Saint Joseph's Hawks,Charleston Cougars,75,78,0,2,2603,232,45.5,45.2
2024-12-11,401706889,Duke Blue Devils,Incarnate Word Cardinals,72,46,0,2,150,2916,43.6,32.1
2024-12-11,401706897,Syracuse Orange,UAlbany Great Danes,102,85,0,2,183,399,63.5,45.7
2024-12-11,401706951,Houston Cougars,Troy Trojans,62,42,0,2,248,2653,43.1,24.0
2024-12-11,401706994,West Virginia Mountaineers,North Carolina Central Eagles,79,45,0,2,277,2428,41.2,33.3
2024-12-11,401709978,San Diego Toreros,Long Beach State Beach,70,76,0,2,301,299,43.1,58.1
2024-12-11,401711710,Queens University Royals,Carolina University Bruins,91,53,0,2,2511,108942,41.4,40.4
2024-12-11,401715435,Washington Huskies,Eastern Washington Eagles,87,69,0,2,264,331,60.7,50.0
2024-12-11,401715625,Xavier Musketeers,Morgan State Bears,119,58,0,2,2752,2415,60.3,36.1
2024-12-11,401718453,Brown Bears,Rhode Island Rams,84,80,0,2,225,227,45.1,36.7
2024-12-11,401719069,DePaul Blue Demons,Providence Friars,63,70,0,2,305,2507,32.8,44.4
2024-12-11,401719351,California Golden Bears,Cornell Big Red,80,88,0,2,25,172,43.8,49.3
2024-12-11,401720907,Montana Grizzlies,Montana Tech Orediggers,89,60,0,2,149,148,57.4,40.0
2024-12-11,401721177,Mercyhurst Lakers,Penn State Altoona Nittany Lions,77,51,0,2,2385,478,51.7,30.6
2024-12-11,401721319,Illinois Fighting Illini,Wisconsin Badgers,86,80,0,2,356,275,42.2,44.4
2024-12-11,401721320,Rutgers Scarlet Knights,Penn State Nittany Lions,80,76,0,2,164,213,48.3,44.1
2024-12-11,401721709,Princeton Tigers,Monmouth Hawks,71,67,0,2,163,2405,46.9,37.5
2024-12-11,401721784,Davidson Wildcats,Charlotte 49ers,75,71,0,2,2166,2429,49.1,46.3
2024-12-11,401721967,Florida Atlantic Owls,Jacksonville Dolphins,85,63,0,2,2226,294,44.1,30.9
2024-12-11,401722179,UMass Lowell River Hawks,Long Island University Sharks,69,62,0,2,2349,112358,41.2,37.3
2024-12-11,401722287,Temple Owls,Holy Family Tigers,110,81,0,2,218,420,58.7,47.6
2024-12-11,401722293,Tulane Green Wave,Southern Miss Golden Eagles,86,58,0,2,2655,2572,49.2,36.5
2024-12-11,401722335,Cal State Fullerton Titans,La Sierra Golden Eagles,61,55,0,2,2239,3167,40.0,35.1
2024-12-11,401723687,NC State Wolfpack,Coppin State Eagles,66,56,0,2,152,2154,36.7,43.2
2024-12-11,401723763,Baylor Bears,Norfolk State Spartans,94,69,0,2,239,2450,55.4,48.9
2024-12-11,401725205,Portland Pilots,Kansas City Roos,64,69,0,2,2501,140,47.9,44.4
2024-12-11,401726027,South Dakota Coyotes,Wyoming Cowboys,82,81,0,2,233,2751,45.0,42.9
2024-12-11,401726036,Hampton Pirates,Apprentice School Builders,86,68,0,2,2261,3111,47.7,37.9
2024-12-11,401726445,Nicholls Colonels,Southern New Orleans Knights,110,66,0,2,2447,2573,52.6,38.5
2024-12-11,401727092,Denver Pioneers,Colorado Colorado Springs Mountain Lions,94,87,0,2,2172,2145,54.1,56.4
2024-12-11,401727316,Lindenwood Lions,Harris Stowe State Hornets,99,53,0,2,2815,534,51.4,32.2
2024-12-11,401727320,Little Rock Trojans,Ouachita Baptist Tigers,80,57,0,2,2031,2888,59.3,42.9
2024-12-11,401727341,Western Kentucky Hilltoppers,Tennessee State Tigers,84,60,0,2,98,2634,47.5,31.7
2024-12-11,401727356,Arkansas Razorbacks,Michigan Wolverines,89,87,1,2,8,130,50.0,57.6
2024-12-11,401732527,UNC Asheville Bulldogs,Bluefield Ramblin' Rams,92,46,0,2,2427,495,55.7,25.5
2024-12-11,401733707,Presbyterian Blue Hose,Columbia (SC) Fighting Koalas,97,57,0,2,2506,130401,58.7,36.1
2024-12-12,401700431,Louisville Cardinals,UTEP Miners,77,74,0,2,97,2638,39.7,50.9
2024-12-12,401706915,BYU Cougars,Fresno State Bulldogs,95,67,0,2,252,278,55.1,34.8
2024-12-12,401711633,Pittsburgh Panthers,Eastern Kentucky Colonels,96,56,0,2,221,2198,61.1,32.9
2024-12-12,401711739,East Carolina Pirates,North Alabama Lions,67,74,0,2,151,2453,41.7,46.3
2024-12-12,401714406,Green Bay Phoenix,Milwaukee Panthers,67,88,0,2,2739,270,43.4,49.3
2024-12-12,401714407,Purdue Fort Wayne Mastodons,IU Indianapolis Jaguars,78,76,0,2,2870,85,52.9,50.0
2024-12-12,401714914,Kentucky Wildcats,Colgate Raiders,78,67,0,2,96,2142,42.9,40.9
2024-12-12,401715596,St. John's Red Storm,Bryant Bulldogs,99,77,0,2,2599,2803,50.0,49.1
2024-12-12,401715620,Villanova Wildcats,Fairleigh Dickinson Knights,86,72,0,2,222,161,55.6,43.4
2024-12-12,401715685,Notre Dame Fighting Irish,Dartmouth Big Green,77,65,0,2,87,159,52.5,40.0
2024-12-12,401715940,Louisiana Ragin' Cajuns,SE Louisiana Lions,68,61,0,2,309,2545,40.7,43.4
2024-12-12,401719255,Winthrop Eagles,Bob Jones Bruins,103,55,0,2,2737,3243,58.5,32.3
2024-12-12,401722014,Stonehill Skyhawks,Lesley Lynx,97,53,0,2,284,477,53.6,31.1
2024-12-12,401722091,Duquesne Dukes,Maine Black Bears,56,61,0,2,2184,311,34.5,45.8
2024-12-12,401722238,Nevada Wolf Pack,South Dakota State Jackrabbits,77,63,0,2,2440,2571,55.6,43.6
2024-12-12,401722348,San Diego State Aztecs,California Baptist Lancers,81,75,0,2,21,2856,54.9,45.3
2024-12-12,401723715,Delaware State Hornets,NJIT Highlanders,71,59,0,2,2169,2885,38.8,32.1
2024-12-12,401724538,Coastal Carolina Chanticleers,Southern Virginia Knights,82,57,0,2,324,2896,48.1,39.2
2024-12-12,401725366,San Francisco Dons,Stanislaus State Warriors,68,52,0,2,2539,2616,46.7,34.7
2024-12-12,401725820,Utah Valley Wolverines,North Dakota Fighting Hawks,80,57,0,2,3084,155,51.7,33.8
2024-12-12,401726565,Wright State Raiders,Marshall Thundering Herd,88,79,0,2,2750,276,57.4,43.8
2024-12-12,401727088,UL Monroe Warhawks,Arkansas-Pine Bluff Golden Lions,89,73,0,2,2433,2029,54.4,46.7
2024-12-12,401727347,Alabama State Hornets,UT Martin Skyhawks,103,93,0,2,2011,2630,50.0,46.9
2024-12-12,401727419,VMI Keydets,Regent Royals,100,61,0,2,2678,111926,53.2,32.4
2024-12-12,401727539,Northern Kentucky Norse,Cumberlands Patriots,98,79,0,2,94,511,57.6,46.4
2024-12-12,401730465,Howard Bison,Virginia Lynchburg Dragons,124,50,0,2,47,3229,51.8,25.4
2024-12-13,401700458,Virginia Cavaliers,Bethune-Cookman Wildcats,59,41,0,2,258,2065,44.0,30.9
2024-12-13,401706907,Virginia Tech Hokies,North Carolina A&T Aggies,95,67,0,2,259,2448,50.0,37.9
2024-12-13,401706959,Iowa Hawkeyes,Iowa State Cyclones,80,89,0,2,2294,66,44.4,44.3
2024-12-13,401715351,Texas Longhorns,New Mexico State Aggies,91,67,0,2,251,166,58.6,44.6
2024-12-13,401722596,Evansville Purple Aces,Chattanooga Mocs,67,75,0,2,339,236,44.4,50.0
2024-12-13,401725802,Arkansas State Red Wolves,UT Arlington Mavericks,83,79,0,2,2032,250,40.4,47.5
2024-12-13,401726012,The Citadel Bulldogs,Campbell Fighting Camels,58,86,0,2,2643,2097,41.8,48.4
2024-12-13,401727105,North Dakota State Bison,Wisconsin Stout Blue Devils,91,62,0,2,2449,2744,49.2,38.6
2024-12-13,401729957,Drake Bulldogs,St. Ambrose Fighting Bees,90,35,0,2,2181,2591,63.2,23.5
2024-12-14,401700394,North Carolina Tar Heels,La Salle Explorers,93,67,0,2,153,2325,53.7,35.6
2024-12-14,401700424,Clemson Tigers,Memphis Tigers,82,87,0,2,228,235,44.8,51.7
2024-12-14,401700432,Kentucky Wildcats,Louisville Cardinals,93,85,0,2,96,97,58.2,44.3
2024-12-14,401700450,SMU Mustangs,LSU Tigers,74,64,1,2,2567,99,45.0,42.6
2024-12-14,401706184,Rider Broncs,Stony Brook Seawolves,55,72,0,2,2520,2619,40.4,51.9
2024-12-14,401706185,Canisius Golden Griffins,Maine Black Bears,79,84,0,2,2099,311,53.7,62.3
2024-12-14,401706924,Colorado Buffaloes,South Dakota State Jackrabbits,81,70,0,2,38,2571,50.9,43.1
2024-12-14,401706969,Kansas Jayhawks,NC State Wolfpack,75,60,0,2,2305,152,56.6,36.8
2024-12-14,401706995,West Virginia Mountaineers,Bethune-Cookman Wildcats,84,61,0,2,277,2065,46.6,36.1
2024-12-14,401707854,Illinois Fighting Illini,Tennessee Volunteers,64,66,0,2,356,2633,29.4,32.3
2024-12-14,401707975,Purdue Boilermakers,Texas A&M Aggies,66,70,1,2,2509,245,45.3,44.0
2024-12-14,401710005,Arizona Wildcats,UCLA Bruins,54,57,1,2,12,26,45.2,45.1
2024-12-14,401711651,Jacksonville Dolphins,East Tennessee State Buccaneers,60,52,0,2,294,2193,41.1,34.5
2024-12-14,401711711,Gardner-Webb Runnin' Bulldogs,Queens University Royals,83,85,0,2,2241,2511,61.5,56.3
2024-12-14,401711750,North Florida Ospreys,UNC Greensboro Spartans,89,77,0,2,2454,2430,47.8,45.5
2024-12-14,401711760,Stetson Hatters,Florida International Panthers,72,81,0,2,56,2229,39.3,45.9
2024-12-14,401713000,Butler Bulldogs,Wisconsin Badgers,74,83,1,2,2086,275,43.1,44.8
2024-12-14,401714645,Auburn Tigers,Ohio State Buckeyes,91,53,1,2,2,194,45.8,35.3
2024-12-14,401714895,Florida Gators,Arizona State Sun Devils,83,66,1,2,57,9,47.8,37.1
2024-12-14,401714904,Georgia Bulldogs,Grand Canyon Lopes,73,68,1,2,61,2253,50.9,36.5
2024-12-14,401714993,Mississippi State Bulldogs,McNeese Cowboys,66,63,1,2,344,2377,36.5,41.5
2024-12-14,401715314,Missouri Tigers,Long Island University Sharks,88,61,0,2,142,112358,56.4,37.5
2024-12-14,401715324,Ole Miss Rebels,Southern Miss Golden Eagles,77,46,1,2,145,2572,44.8,32.7
2024-12-14,401715332,South Carolina Gamecocks,South Carolina Upstate Spartans,73,53,0,2,2579,2908,42.4,37.7
2024-12-14,401715419,Penn State Nittany Lions,Coppin State Eagles,99,51,0,2,213,2154,56.7,35.5
2024-12-14,401715426,Rutgers Scarlet Knights,Seton Hall Pirates,66,63,0,2,164,2550,53.5,46.4
2024-12-14,401715464,DePaul Blue Demons,Wichita State Shockers,91,72,0,2,305,2724,51.6,51.0
2024-12-14,401715474,Syracuse Orange,Georgetown Hoyas,71,75,0,2,183,46,42.6,47.7
2024-12-14,401715538,Providence Friars,St. Bonaventure Bonnies,70,74,1,2,2507,179,35.7,41.7
2024-12-14,401715559,Bryant Bulldogs,Fordham Rams,84,86,1,2,2803,2230,44.3,43.5
2024-12-14,401715626,Cincinnati Bearcats,Xavier Musketeers,68,65,0,2,2132,2752,37.9,37.9
2024-12-14,401715919,Northern Iowa Panthers,Omaha Mavericks,78,58,0,2,2460,2437,47.8,36.8
2024-12-14,401718142,George Washington Revolutionaries,Army Black Knights,75,60,0,2,45,349,46.4,37.3
2024-12-14,401718424,Massachusetts Minutemen,UMass Boston Beacons,86,52,0,2,113,2660,51.5,30.9
2024-12-14,401718461,Richmond Spiders,Belmont Bruins,86,93,0,2,257,2057,50.0,57.9
2024-12-14,401719235,UNC Asheville Bulldogs,Western Carolina Catamounts,78,61,0,2,2427,2717,52.0,39.3
2024-12-14,401719352,California Golden Bears,Northwestern State Demons,84,66,0,2,25,2466,52.8,43.1
2024-12-14,401719655,Portland State Vikings,Northwest Indian RedHawks,110,48,0,2,2502,3218,60.5,30.4
2024-12-14,401720463,High Point Panthers,App State Mountaineers,65,59,1,2,2272,2026,36.1,35.1
2024-12-14,401720473,Longwood Lancers,North Carolina Central Eagles,70,77,0,2,2344,2428,51.0,54.7
2024-12-14,401720521,Utah Tech Trailblazers,Weber State Wildcats,71,73,0,2,3101,2692,49.0,50.9
2024-12-14,401720686,Louisiana Ragin' Cajuns,Lamar Cardinals,45,74,0,2,309,2320,26.4,51.7
2024-12-14,401720908,Pepperdine Waves,Northern Arizona Lumberjacks,86,76,0,2,2492,2464,54.2,41.8
2024-12-14,401720950,UMass Lowell River Hawks,Dartmouth Big Green,92,83,0,2,2349,159,61.0,45.9
2024-12-14,401720981,Oregon State Beavers,UC Irvine Anteaters,67,55,0,2,204,300,46.2,37.0
2024-12-14,401720996,Bellarmine Knights,Ball State Cardinals,82,86,0,2,91,2050,47.5,54.2
2024-12-14,401721064,Marshall Thundering Herd,Ohio Bobcats,79,70,0,2,276,195,52.7,38.5
2024-12-14,401721073,Youngstown State Penguins,Toledo Rockets,93,87,0,2,2754,2649,49.2,46.7
2024-12-14,401721079,St. Thomas Tommies,Western Michigan Broncos,77,71,0,2,2900,2711,45.8,44.8
2024-12-14,401721158,Le Moyne Dolphins,SUNY Delhi Broncos,106,51,0,2,2330,126848,58.5,30.0
2024-12-14,401721209,UT Rio Grande Valley Vaqueros,Northern New Mexico Eagles,72,60,0,2,292,3141,46.0,39.7
2024-12-14,401721321,Nebraska Cornhuskers,Indiana Hoosiers,85,68,0,2,158,84,61.2,35.4
2024-12-14,401721825,Merrimack Warriors,Boston University Terriers,64,61,0,2,2771,104,48.0,46.3
2024-12-14,401721939,Niagara Purple Eagles,Saint Francis Red Wolves,69,66,0,2,315,2598,43.9,46.6
2024-12-14,401721952,Austin Peay Governors,Southern Illinois Salukis,60,65,0,2,2046,79,39.6,42.9
2024-12-14,401721966,Arkansas Razorbacks,Central Arkansas Bears,82,57,1,2,8,2110,60.0,33.3
2024-12-14,401722027,NJIT Highlanders,Wagner Seahawks,43,50,0,2,2885,2681,27.6,28.6
2024-12-14,401722189,Georgia State Panthers,Charlotte 49ers,63,77,0,2,2247,2429,34.5,52.1
2024-12-14,401722205,Florida Atlantic Owls,Texas State Bobcats,89,80,0,2,2226,326,52.5,51.8
2024-12-14,401722280,Utah State Aggies,South Florida Bulls,88,67,0,2,328,58,50.0,46.2
2024-12-14,401722295,Florida State Seminoles,Tulane Green Wave,77,64,1,2,52,2655,48.8,33.9
2024-12-14,401722424,UCF Knights,Tulsa Golden Hurricane,88,75,1,2,2116,202,46.3,42.1
2024-12-14,401722589,Santa Clara Broncos,Bradley Braves,84,74,1,2,2541,71,48.2,44.6
2024-12-14,401723735,Maryland Eastern Shore Hawks,Bryn Athyn Lions,91,65,0,2,2379,109684,60.0,40.6
2024-12-14,401724506,Duquesne Dukes,Towson Tigers,65,47,1,2,2184,119,43.8,28.3
2024-12-14,401724519,Furman Paladins,South Carolina State Bulldogs,68,64,0,2,231,2569,51.2,38.3
2024-12-14,401724524,Valparaiso Beacons,Central Michigan Chippewas,93,77,0,2,2674,2117,46.6,41.8
2024-12-14,401725370,Washington State Cougars,Missouri State Bears,91,78,0,2,265,2623,62.7,48.4
2024-12-14,401725803,UT Arlington Mavericks,UL Monroe Warhawks,77,68,0,2,250,2433,46.7,39.1
2024-12-14,401725821,Jacksonville State Gamecocks,Utah Valley Wolverines,70,66,0,2,55,3084,41.8,38.3
2024-12-14,401726028,South Dakota Coyotes,Western Illinois Leathernecks,89,66,0,2,233,2710,51.8,38.2
2024-12-14,401726055,Howard Bison,UNC Wilmington Seahawks,88,83,0,2,47,350,52.9,46.0
2024-12-14,401726439,Western Kentucky Hilltoppers,Murray State Racers,81,76,0,2,98,93,38.0,37.9
2024-12-14,401727056,Louisiana Tech Bulldogs,Georgia Southern Eagles,77,63,0,2,2348,290,53.4,38.1
2024-12-14,401727082,Troy Trojans,Middle Georgia Knights,87,53,0,2,2653,109014,49.2,31.3
2024-12-14,401727282,Cleveland State Vikings,Brescia Bearcats,103,37,0,2,325,2855,48.8,22.4
2024-12-14,401727317,Lindenwood Lions,IU Indianapolis Jaguars,81,63,0,2,2815,85,50.0,38.5
2024-12-14,401727336,Tennessee State Tigers,Johnson Royals,89,58,0,2,2634,3239,51.5,42.9
2024-12-14,401736875,UTSA Roadrunners,North Dakota Fighting Hawks,80,76,0,2,2636,155,47.7,38.8
2024-12-15,401700414,Colorado State Rams,VCU Rams,68,76,1,2,36,2670,51.0,43.9
2024-12-15,401706874,Boston College Eagles,Stonehill Skyhawks,73,69,0,2,103,284,50.0,45.3
2024-12-15,401706908,Virginia Tech Hokies,Navy Midshipmen,80,72,0,2,259,2426,52.9,47.1
2024-12-15,401706916,BYU Cougars,Wyoming Cowboys,68,49,1,2,252,2751,52.2,41.7
2024-12-15,401706960,Iowa State Cyclones,Omaha Mavericks,83,51,0,2,66,2437,53.3,35.7
2024-12-15,401715352,Texas Longhorns,Arkansas-Pine Bluff Golden Lions,121,57,0,2,251,2029,62.9,41.5
2024-12-15,401715384,Iowa Hawkeyes,LSU New Orleans Privateers,104,57,0,2,2294,2443,62.7,37.3
2024-12-15,401715403,Northwestern Wildcats,Georgia Tech Yellow Jackets,71,60,1,2,77,59,40.0,39.3
2024-12-15,401715455,Alabama Crimson Tide,Creighton Bluejays,83,75,0,2,333,156,42.9,45.0
2024-12-15,401715481,Dayton Flyers,Marquette Golden Eagles,71,63,0,2,2168,269,47.5,40.7
2024-12-15,401715614,UConn Huskies,Gonzaga Bulldogs,77,71,1,2,41,2250,45.8,43.9
2024-12-15,401715679,Miami Hurricanes,Presbyterian Blue Hose,94,75,0,2,2390,2506,67.3,46.0
2024-12-15,401715893,Milwaukee Panthers,Akron Zips,100,81,1,2,270,2006,57.8,47.2
2024-12-15,401716118,Incarnate Word Cardinals,Our Lady of the Lake Saints,93,69,0,2,2916,3158,55.7,38.5
2024-12-15,401716161,North Dakota Fighting Hawks,UTSA Roadrunners,85,95,0,2,155,2636,44.6,51.8
2024-12-15,401718354,Loyola Chicago Ramblers,San Francisco Dons,66,76,1,2,2350,2539,37.3,47.2
2024-12-15,401718454,Rhode Island Rams,Central Connecticut Blue Devils,77,69,0,2,227,2115,43.3,44.8
2024-12-15,401718712,Liberty Flames,North Carolina A&T Aggies,83,74,0,2,2335,2448,50.0,40.3
2024-12-15,401719222,Oklahoma Sooners,Oklahoma State Cowboys,80,65,1,2,201,197,49.2,39.3
2024-12-15,401719330,Illinois State Redbirds,Saint Louis Billikens,81,77,0,2,2287,139,52.7,48.1
2024-12-15,401720543,Utah Utes,Radford Highlanders,81,63,0,2,254,2515,46.7,41.1
2024-12-15,401720754,Hawai'i Rainbow Warriors,Texas A&M-Corpus Christi Islanders,71,62,0,2,62,357,51.1,42.3
2024-12-15,401720909,Idaho State Bengals,Walla Walla Wolves,97,43,0,2,304,3152,50.7,29.5
2024-12-15,401720910,Sacramento State Hornets,UC Davis Aggies,62,69,0,2,16,302,41.8,47.9
2024-12-15,401721006,Kansas City Roos,Bowling Green Falcons,85,77,0,2,140,189,59.3,51.8
2024-12-15,401721025,Eastern Michigan Eagles,Purdue Fort Wayne Mastodons,76,99,0,2,2199,2870,47.5,54.7
2024-12-15,401721035,Kent State Golden Flashes,Mercyhurst Lakers,82,57,0,2,2309,2385,47.5,44.2
2024-12-15,401721045,Miami (OH) RedHawks,Bethany (WV) Bison,112,70,0,2,193,2062,53.9,49.1
2024-12-15,401721080,North Dakota State Bison,Western Michigan Broncos,98,62,0,2,2449,2711,69.1,38.7
2024-12-15,401721113,Mercer Bears,Chicago State Cougars,75,63,0,2,2382,2130,43.9,36.9
2024-12-15,401721232,Chattanooga Mocs,Alabama A&M Bulldogs,85,63,0,2,236,2010,51.0,43.6
2024-12-15,401721654,Oregon Ducks,Stephen F. Austin Lumberjacks,79,61,0,2,2483,2617,51.0,39.7
2024-12-15,401721785,Davidson Wildcats,Detroit Mercy Titans,86,51,0,2,2166,2174,49.2,31.7
2024-12-15,401721826,Mount St. Mary's Mountaineers,Loyola Maryland Greyhounds,69,77,0,2,116,2352,45.6,43.1
2024-12-15,401721827,Colgate Raiders,Vermont Catamounts,65,60,0,2,2142,261,41.5,38.8
2024-12-15,401721992,Binghamton Bearcats,Lancaster Bible Chargers,85,60,0,2,2066,123306,63.3,34.4
2024-12-15,401722099,UAlbany Great Danes,Drexel Dragons,70,77,0,2,399,2182,47.4,61.0
2024-12-15,401722121,Loyola Marymount Lions,Prairie View A&M Panthers,76,75,0,2,2351,2504,48.1,49.0
2024-12-15,401722219,Boise State Broncos,Saint Mary's Gaels,67,65,1,2,68,2608,41.2,37.7
2024-12-15,401722231,Fresno State Bulldogs,San Diego Toreros,73,65,0,2,278,301,42.6,40.9
2024-12-15,401722239,Nevada Wolf Pack,Texas Southern Tigers,105,73,0,2,2440,2640,59.0,45.8
2024-12-15,401722262,New Mexico Lobos,Western New Mexico Mustangs,122,70,0,2,167,2703,60.3,47.5
2024-12-15,401722284,Hofstra Pride,Temple Owls,42,60,0,2,2275,218,25.0,31.3
2024-12-15,401722299,UAB Blazers,Arkansas State Red Wolves,89,98,0,2,5,2032,41.3,44.3
2024-12-15,401722330,Cal State Fullerton Titans,Denver Pioneers,74,59,0,2,2239,2172,58.3,38.2
2024-12-15,401722370,San José State Spartans,Cal Poly Mustangs,107,100,0,2,23,13,52.7,55.1
2024-12-15,401722388,UNLV Rebels,Pacific Tigers,72,65,0,2,2439,279,44.8,39.7
2024-12-15,401722423,UC Santa Barbara Gauchos,Green Bay Phoenix,83,66,0,2,2540,2739,45.1,41.1
2024-12-15,401723753,Morgan State Bears,Campbell Fighting Camels,86,76,0,2,2415,2097,66.7,39.7
2024-12-15,401723764,Northern Kentucky Norse,Norfolk State Spartans,71,62,0,2,94,2450,46.9,37.9
2024-12-15,401724515,Little Rock Trojans,UIC Flames,69,77,0,2,2031,82,41.0,40.6
2024-12-15,401725379,Abilene Christian Wildcats,Hardin Simmons Cowboys,93,62,0,2,2000,2810,50.7,38.9
2024-12-15,401725510,Seattle U Redhawks,Pacific (OR) Boxers,111,44,0,2,2547,205,60.6,25.0
2024-12-15,401725961,Eastern Kentucky Colonels,Eastern Illinois Panthers,81,66,0,2,2198,2197,45.2,41.8
2024-12-15,401726032,Elon Phoenix,Virginia Lynchburg Dragons,114,52,0,2,2210,3229,51.7,35.5
2024-12-15,401726045,Old Dominion Monarchs,Northeastern Huskies,71,75,0,2,295,111,41.2,40.0
2024-12-15,401727071,East Texas A&M Lions,South Alabama Jaguars,72,81,0,2,2837,6,48.0,51.9
2024-12-15,401727119,St. Thomas Tommies,Crown Polars,100,61,0,2,2900,509,54.3,35.7
2024-12-15,401727275,UC Riverside Highlanders,St. Francis (IL) Fighting Saints,78,55,0,2,27,2595,48.6,38.9
2024-12-15,401727323,Morehead State Eagles,Kentucky Christian Knights,86,63,0,2,2413,3077,45.6,39.3
2024-12-15,401727329,Southeast Missouri State Redhawks,Saint Mary of the Woods Pomeroys,93,56,0,2,2546,126824,49.3,33.3
2024-12-15,401727335,Southern Indiana Screaming Eagles,Shawnee State Bears,91,56,0,2,88,2893,51.5,35.4
2024-12-15,401727348,UT Martin Skyhawks,Champion Christian Tigers,123,56,0,2,2630,3134,52.9,22.9
2024-12-15,401728321,SIU Edwardsville Cougars,Eureka Red Devils,100,52,0,2,2565,101,55.4,30.5
2024-12-16,401720566,Idaho Vandals,UC San Diego Tritons,56,80,0,2,70,28,39.2,46.6
2024-12-16,401720911,USC Trojans,Montana State Bobcats,89,63,0,2,30,147,50.8,32.8
2024-12-16,401722324,Cal State Bakersfield Roadrunners,La Sierra Golden Eagles,96,47,0,2,2934,3167,54.1,27.7
2024-12-17,401706988,TCU Horned Frogs,South Alabama Jaguars,58,49,0,2,2628,6,38.2,33.3
2024-12-17,401711751,UNC Asheville Bulldogs,North Florida Ospreys,95,81,0,2,2427,2454,56.9,41.3
2024-12-17,401715642,Texas Tech Red Raiders,Oral Roberts Golden Eagles,86,50,0,2,2641,198,53.1,34.0
2024-12-17,401715920,Northern Iowa Panthers,Montana Grizzlies,104,76,0,2,2460,149,69.0,54.7
2024-12-17,401715941,Grambling Tigers,SE Louisiana Lions,65,75,0,2,2755,2545,46.0,56.3
2024-12-17,401719071,St. John's Red Storm,DePaul Blue Demons,89,61,0,2,2599,305,55.2,39.2
2024-12-17,401719376,Northern Colorado Bears,Air Force Falcons,81,76,0,2,2458,2005,52.8,50.9
2024-12-17,401721285,Rice Owls,Alcorn State Braves,77,75,0,2,242,2016,47.4,50.0
2024-12-17,401721962,Central Arkansas Bears,The Citadel Bulldogs,73,71,0,2,2110,2643,38.8,46.3
2024-12-17,401723736,Maryland Eastern Shore Hawks,Cairn University Highlanders,81,64,0,2,2379,3216,55.8,36.9
2024-12-17,401725347,Portland Pilots,Willamette Bearcats,100,69,0,2,2501,2930,57.4,35.6
2024-12-17,401725383,Middle Tennessee Blue Raiders,California Baptist Lancers,75,64,0,2,2393,2856,44.1,31.3
2024-12-17,401725386,Louisiana Tech Bulldogs,Grand Canyon Lopes,74,66,0,2,2348,2253,51.9,40.3
2024-12-17,401725795,New Mexico State Aggies,Southern Utah Thunderbirds,72,69,0,2,166,253,44.8,41.0
2024-12-17,401725810,Utah Tech Trailblazers,Whittier Poets,100,66,0,2,3101,2850,48.2,35.5
2024-12-17,401726016,Charleston Cougars,Wofford Terriers,77,67,0,2,232,2747,45.8,33.3
2024-12-17,401726021,Howard Bison,Drexel Dragons,65,68,0,2,47,2182,39.1,41.0
2024-12-17,401726429,Sam Houston Bearkats,St. Thomas (TX) Celts,80,54,0,2,2534,3170,42.4,27.1
2024-12-17,401726435,UTEP Miners,Tarleton State Texans,67,62,0,2,2638,2627,42.2,50.0
2024-12-17,401726566,Marshall Thundering Herd,West Virginia Wesleyan Bobcats,93,63,0,2,276,455,55.2,42.9
2024-12-17,401727242,Arkansas-Pine Bluff Golden Lions,Ecclesia Royals,120,61,0,2,2029,3120,64.4,38.3
2024-12-17,401730556,Delaware Blue Hens,Misericordia Cougars,92,75,0,2,48,111902,49.2,45.9
2024-12-17,401733683,Lipscomb Bisons,Truett McConnell Bears,99,67,0,2,288,3245,48.7,42.9
2024-12-18,401700277,Western Illinois Leathernecks,Tennessee Tech Golden Eagles,71,68,0,2,2710,2635,42.4,44.1
2024-12-18,401700395,La Salle Explorers,Fairleigh Dickinson Knights,77,72,0,2,2325,161,42.6,48.3
2024-12-18,401700425,South Carolina Gamecocks,Clemson Tigers,91,88,0,2,2579,228,51.7,46.9
2024-12-18,401700439,North Carolina Tar Heels,Florida Gators,84,90,1,2,153,57,45.8,46.2
2024-12-18,401700469,Wake Forest Demon Deacons,James Madison Dukes,75,58,0,2,154,256,50.0,37.9
2024-12-18,401706890,Duke Blue Devils,George Mason Patriots,68,47,0,2,150,2244,37.5,29.4
2024-12-18,401706978,Kansas State Wildcats,Drake Bulldogs,70,73,1,2,2306,2181,50.0,49.0
2024-12-18,401707873,Maryland Terrapins,Saint Francis Red Wolves,111,57,0,2,120,2598,61.8,40.7
2024-12-18,401710006,UCLA Bruins,Prairie View A&M Panthers,111,75,0,2,26,2504,59.0,47.1
2024-12-18,401711761,LSU Tigers,Stetson Hatters,99,53,0,2,99,56,53.8,30.5
2024-12-18,401714646,Auburn Tigers,Georgia State Panthers,100,59,0,2,2,2247,57.4,33.9
2024-12-18,401715315,Missouri Tigers,Jacksonville State Gamecocks,83,72,0,2,142,55,50.0,45.0
2024-12-18,401715325,Ole Miss Rebels,Southern Jaguars,74,61,0,2,145,2582,41.5,37.9
2024-12-18,401715341,Tennessee Volunteers,Western Carolina Catamounts,84,36,0,2,2633,2717,46.4,21.9
2024-12-18,401715411,Ohio State Buckeyes,Valparaiso Beacons,95,73,0,2,194,2674,54.1,35.8
2024-12-18,401715658,Florida State Seminoles,Winthrop Eagles,82,64,0,2,52,2737,50.8,29.4
2024-12-18,401715701,Stanford Cardinal,Merrimack Warriors,74,68,0,2,24,2771,44.6,43.6
2024-12-18,401715962,UL Monroe Warhawks,Houston Christian Huskies,68,74,0,2,2433,2277,48.3,43.5
2024-12-18,401718253,Dayton Flyers,UNLV Rebels,66,65,0,2,2168,2439,47.1,41.5
2024-12-18,401718713,Liberty Flames,St. Andrews Knights,124,50,0,2,2335,2592,62.3,28.4
2024-12-18,401719070,Villanova Wildcats,Seton Hall Pirates,79,67,0,2,222,2550,55.3,39.0
2024-12-18,401719073,Georgetown Hoyas,Creighton Bluejays,81,57,0,2,46,156,55.0,39.6
2024-12-18,401719275,South Carolina Upstate Spartans,South Carolina State Bulldogs,70,85,0,2,2908,2569,43.8,47.5
2024-12-18,401719341,Siena Saints,St. Bonaventure Bonnies,48,65,0,2,2561,179,32.1,44.1
2024-12-18,401720461,High Point Panthers,Carolina University Bruins,99,31,0,2,2272,108942,58.5,26.5
2024-12-18,401720481,Presbyterian Blue Hose,Virginia Lynchburg Dragons,116,53,0,2,2506,3229,64.2,32.7
2024-12-18,401720544,Utah Utes,Florida A&M Rattlers,89,59,0,2,254,50,54.8,37.7
2024-12-18,401720707,Southern Miss Golden Eagles,Lamar Cardinals,65,69,0,2,2572,2320,42.1,39.4
2024-12-18,401720755,Texas A&M-Corpus Christi Islanders,Southwestern Adventist Knights,117,63,0,2,357,2903,66.2,39.3
2024-12-18,401720912,Oregon State Beavers,Sacramento State Hornets,82,45,0,2,204,16,53.7,32.1
2024-12-18,401720951,Dartmouth Big Green,Le Moyne Dolphins,76,80,0,2,159,2330,44.8,50.9
2024-12-18,401721178,Binghamton Bearcats,Mercyhurst Lakers,62,60,0,2,2066,2385,45.8,40.4
2024-12-18,401721648,Oakland Golden Grizzlies,Michigan State Spartans,58,77,1,2,2473,127,30.2,43.3
2024-12-18,401721828,Quinnipiac Bobcats,Holy Cross Crusaders,69,70,0,2,2514,107,50.0,42.6
2024-12-18,401721984,Charlotte 49ers,West Georgia Wolves,75,70,0,2,2429,2698,37.0,51.7
2024-12-18,401722015,UMass Lowell River Hawks,Stonehill Skyhawks,78,67,0,2,2349,284,53.7,46.6
2024-12-18,401722097,Sacred Heart Pioneers,UAlbany Great Danes,66,74,0,2,2529,399,40.0,39.0
2024-12-18,401722198,East Carolina Pirates,Florida International Panthers,75,64,0,2,151,2229,48.3,46.4
2024-12-18,401722220,Boise State Broncos,Texas Southern Tigers,82,51,0,2,68,2640,43.3,28.6
2024-12-18,401722226,Colorado State Rams,Radford Highlanders,78,68,0,2,36,2515,55.8,41.4
2024-12-18,401722302,Wichita State Shockers,Kansas City Roos,64,74,0,2,2724,140,38.7,52.8
2024-12-18,401722393,Utah State Aggies,UC San Diego Tritons,73,75,0,2,328,28,40.0,46.8
2024-12-18,401724539,North Carolina A&T Aggies,Coastal Carolina Chanticleers,68,73,0,2,2448,324,38.8,44.8
2024-12-18,401725380,East Texas A&M Lions,Abilene Christian Wildcats,68,67,0,2,2837,2000,47.6,45.6
2024-12-18,401725511,Western Kentucky Hilltoppers,Seattle U Redhawks,86,73,0,2,98,2547,59.2,33.3
2024-12-18,401726047,Stony Brook Seawolves,Marist Red Foxes,66,68,0,2,2619,2368,44.4,45.9
2024-12-18,401726051,Robert Morris Colonials,Towson Tigers,68,67,0,2,2523,119,48.9,54.3
2024-12-18,401727057,Georgia Southern Eagles,Gardner-Webb Runnin' Bulldogs,86,81,0,2,290,2241,37.5,50.0
2024-12-18,401727083,Troy Trojans,LaGrange Panthers,105,60,0,2,2653,548,52.9,29.8
2024-12-18,401727093,Cal Poly Mustangs,Denver Pioneers,95,94,0,2,13,2172,47.5,52.9
2024-12-18,401727125,North Carolina Central Eagles,Mid Atlantic Christian Mustangs,112,67,0,2,2428,108806,56.8,50.9
2024-12-18,401727288,Green Bay Phoenix,Michigan Tech Huskies,70,72,0,2,2739,2392,41.7,41.4
2024-12-18,401727410,Mississippi State Bulldogs,Central Michigan Chippewas,83,59,1,2,344,2117,49.3,34.5
2024-12-18,401727422,UNC Greensboro Spartans,William Peace Pacers,86,37,0,2,2430,108807,55.2,32.6
2024-12-19,401700274,Santa Clara Broncos,Kennesaw State Owls,94,74,0,2,2541,338,50.0,46.9
2024-12-19,401700404,Saint Joseph's Hawks,American University Eagles,84,57,0,2,2603,44,60.4,35.7
2024-12-19,401700415,New Mexico Lobos,VCU Rams,78,71,0,2,167,2670,42.2,42.1
2024-12-19,401700459,Virginia Cavaliers,Memphis Tigers,62,64,0,2,258,235,39.6,37.5
2024-12-19,401706187,Loyola Chicago Ramblers,Canisius Golden Griffins,72,60,0,2,2350,2099,47.5,45.3
2024-12-19,401706952,Houston Cougars,Toledo Rockets,78,49,0,2,248,2649,44.8,29.6
2024-12-19,401711712,Queens University Royals,Mercer Bears,73,66,0,2,2511,2382,40.4,37.9
2024-12-19,401714408,Northern Kentucky Norse,Detroit Mercy Titans,73,60,0,2,94,2174,45.6,42.6
2024-12-19,401714409,Wright State Raiders,Youngstown State Penguins,70,80,0,2,2750,2754,47.3,44.4
2024-12-19,401714507,Louisiana Ragin' Cajuns,App State Mountaineers,68,62,0,2,309,2026,41.8,41.7
2024-12-19,401715436,Washington Huskies,Washington State Cougars,89,73,0,2,264,265,50.0,43.1
2024-12-19,401715672,Georgia Tech Yellow Jackets,UMBC Retrievers,91,82,0,2,59,2378,52.5,51.7
2024-12-19,401716054,Oklahoma Sooners,Michigan Wolverines,87,86,1,2,201,130,47.4,46.9
2024-12-19,401716119,Incarnate Word Cardinals,Schreiner Mountaineers,101,57,0,2,2916,2544,60.0,35.5
2024-12-19,401716162,UTSA Roadrunners,Southwestern Adventist Knights,117,58,0,2,2636,2903,49.4,33.3
2024-12-19,401718143,George Washington Revolutionaries,Lafayette Leopards,82,62,0,2,45,322,49.2,42.4
2024-12-19,401718425,Massachusetts Minutemen,Northeastern Huskies,77,72,0,2,113,111,41.3,36.5
2024-12-19,401718462,William & Mary Tribe,Richmond Spiders,93,87,0,2,2729,257,51.7,53.7
2024-12-19,401719072,UConn Huskies,Xavier Musketeers,94,89,0,2,41,2752,47.8,50.0
2024-12-19,401719074,Marquette Golden Eagles,Butler Bulldogs,80,70,0,2,269,2086,42.7,51.1
2024-12-19,401719220,Oklahoma State Cowboys,Tarleton State Texans,66,61,0,2,197,2627,40.0,46.3
2024-12-19,401719236,UNC Asheville Bulldogs,Virginia Lynchburg Dragons,114,60,0,2,2427,3229,48.1,36.5
2024-12-19,401719331,Saint Louis Billikens,Wofford Terriers,71,74,0,2,139,2747,46.7,50.0
2024-12-19,401719656,Pacific Tigers,Portland State Vikings,75,81,0,2,279,2502,34.5,46.9
2024-12-19,401720465,Campbell Fighting Camels,Longwood Lancers,55,77,0,2,2097,2344,33.3,45.9
2024-12-19,401720522,Weber State Wildcats,Lincoln (CA) Oaklanders,128,58,0,2,2692,124946,61.8,29.9
2024-12-19,401720577,East Tennessee State Buccaneers,Elon Phoenix,84,58,0,2,2193,2210,53.4,34.0
2024-12-19,401720647,UC Davis Aggies,Idaho Vandals,74,66,0,2,302,70,42.0,36.2
2024-12-19,401720913,UC Riverside Highlanders,Montana State Bobcats,83,80,0,2,27,147,53.6,48.6
2024-12-19,401720914,Idaho State Bengals,Utah Valley Wolverines,56,70,0,2,304,3084,35.2,43.8
2024-12-19,401721046,Vermont Catamounts,Miami (OH) RedHawks,75,67,0,2,261,193,47.6,48.3
2024-12-19,401721057,Illinois State Redbirds,Northern Illinois Huskies,81,60,0,2,2287,2459,50.0,36.7
2024-12-19,401721065,Ohio Bobcats,Austin Peay Governors,78,58,0,2,195,2046,52.0,37.8
2024-12-19,401721089,Fairfield Stags,Central Connecticut Blue Devils,63,64,0,2,2217,2115,41.9,47.5
2024-12-19,401721210,UT Rio Grande Valley Vaqueros,Southern Utah Thunderbirds,78,73,0,2,292,253,47.5,42.4
2024-12-19,401721233,UAB Blazers,Alabama A&M Bulldogs,96,67,0,2,5,2010,43.2,33.8
2024-12-19,401721660,USC Trojans,Cal State Northridge Matadors,90,69,0,2,30,2463,46.9,40.7
2024-12-19,401721781,Temple Owls,Davidson Wildcats,62,61,0,2,218,2166,42.6,37.1
2024-12-19,401722028,Wagner Seahawks,Manhattan Jaspers,66,80,0,2,2681,2363,36.7,52.0
2024-12-19,401722037,South Florida Bulls,Bethune-Cookman Wildcats,69,77,0,2,58,2065,36.7,45.3
2024-12-19,401722086,North Texas Mean Green,Mississippi Valley State Delta Devils,83,42,0,2,249,2400,63.8,32.5
2024-12-19,401722273,Rice Owls,UNT Dallas Trailblazers,68,69,0,2,242,126794,40.4,45.8
2024-12-19,401722312,Arizona Wildcats,Samford Bulldogs,96,64,0,2,12,2535,58.2,36.7
2024-12-19,401722327,Portland Pilots,Cal State Bakersfield Roadrunners,64,81,0,2,2501,2934,43.1,50.8
2024-12-19,401722420,Loyola Marymount Lions,UC Santa Barbara Gauchos,60,58,0,2,2351,2540,47.3,43.9
2024-12-19,401722446,Indiana State Sycamores,Murray State Racers,84,74,0,2,282,93,56.9,41.4
2024-12-19,401722590,Bradley Braves,San Francisco Dons,66,64,0,2,71,2539,40.7,35.0
2024-12-19,401722597,UT Arlington Mavericks,Evansville Purple Aces,80,54,0,2,250,339,38.9,30.9
2024-12-19,401723775,Norfolk State Spartans,Alabama State Hornets,71,54,1,2,2450,2011,46.0,31.0
2024-12-19,401724551,Long Island University Sharks,Mount St. Mary's Mountaineers,72,80,0,2,112358,116,42.9,32.3
2024-12-19,401724553,North Dakota Fighting Hawks,Alabama Crimson Tide,90,97,0,2,155,333,43.4,52.4
2024-12-19,401726037,Hampton Pirates,Regent Royals,108,65,0,2,2261,111926,56.6,32.9
2024-12-19,401726056,UNC Wilmington Seahawks,Florida Gulf Coast Eagles,79,66,0,2,350,526,49.1,47.2
2024-12-19,401726446,Gonzaga Bulldogs,Nicholls Colonels,102,72,0,2,2250,2447,64.8,36.0
2024-12-19,401727144,Missouri State Bears,Lincoln (MO) Blue Tigers,61,49,0,2,2623,2876,52.4,38.3
2024-12-19,401727415,Western Carolina Catamounts,Milligan Buffaloes,78,69,0,2,2717,2397,34.5,38.5
2024-12-19,401727424,Vanderbilt Commodores,The Citadel Bulldogs,105,53,0,2,238,2643,55.9,41.3
2024-12-19,401727497,Chattanooga Mocs,Tennessee Wesleyan Bulldogs,99,52,0,2,236,2632,52.7,28.1
2024-12-19,401731993,Furman Paladins,Montreat Cavaliers,100,75,0,2,231,2410,50.0,40.3
2024-12-20,401700278,Southeast Missouri State Redhawks,Eastern Illinois Panthers,79,72,0,2,2546,2197,56.3,41.1
2024-12-20,401700279,Lindenwood Lions,Tennessee Tech Golden Eagles,73,79,0,2,2815,2635,44.9,45.8
2024-12-20,401700280,Little Rock Trojans,SIU Edwardsville Cougars,60,56,0,2,2031,2565,39.0,32.2
2024-12-20,401700281,Morehead State Eagles,UT Martin Skyhawks,70,69,0,2,2413,2630,48.1,39.1
2024-12-20,401700282,Southern Indiana Screaming Eagles,Tennessee State Tigers,77,75,0,2,88,2634,40.0,43.6
2024-12-20,401706188,Pennsylvania Quakers,Rider Broncs,79,66,0,2,219,2520,52.5,39.4
2024-12-20,401709979,Pepperdine Waves,Long Beach State Beach,76,79,0,2,2492,299,40.7,50.0
2024-12-20,401711690,Middle Tennessee Blue Raiders,Lipscomb Bisons,67,65,0,2,2393,288,38.1,46.2
2024-12-20,401711740,North Alabama Lions,Charleston Southern Buccaneers,86,69,0,2,2453,2127,55.9,41.5
2024-12-20,401714410,Cleveland State Vikings,Oakland Golden Grizzlies,92,75,0,2,325,2473,49.3,47.5
2024-12-20,401714905,Georgia Bulldogs,Buffalo Bulls,100,49,0,2,61,2084,53.6,34.0
2024-12-20,401715353,Texas Longhorns,LSU New Orleans Privateers,98,62,0,2,251,2443,54.8,34.8
2024-12-20,401715361,Texas A&M Aggies,Houston Christian Huskies,77,45,0,2,245,2277,47.1,30.6
2024-12-20,401720982,Belmont Bruins,UC Irvine Anteaters,84,92,0,2,2057,300,46.4,52.5
2024-12-20,401721081,Western Michigan Broncos,Valparaiso Beacons,73,76,0,2,2711,2674,45.6,46.0
2024-12-20,401721114,Grand Canyon Lopes,Chicago State Cougars,74,51,0,2,2253,2130,50.9,37.0
2024-12-20,401721940,Saint Francis Red Wolves,Franciscan Barons,104,47,0,2,2598,111170,66.1,26.6
2024-12-20,401722319,Radford Highlanders,Virginia Lynchburg Dragons,122,63,0,2,2515,3229,67.1,41.5
2024-12-20,401722429,Wyoming Cowboys,Bellarmine Knights,92,55,0,2,2751,91,65.5,38.8
2024-12-20,401723705,Delaware State Hornets,Grambling Tigers,73,60,1,2,2169,2755,47.4,37.9
2024-12-20,401723706,Alabama State Hornets,Delaware State Hornets,80,83,1,2,2011,2169,48.4,56.4
2024-12-20,401723776,Grambling Tigers,Norfolk State Spartans,70,76,1,2,2755,2450,44.6,49.0
2024-12-20,401724516,Seattle U Redhawks,UIC Flames,68,79,0,2,2547,82,41.4,50.9
2024-12-20,401725353,Saint Mary's Gaels,Merrimack Warriors,73,68,0,2,2608,2771,45.6,50.0
2024-12-20,401725811,Utah Tech Trailblazers,South Dakota Coyotes,92,87,0,2,3101,233,49.2,46.5
2024-12-20,401726403,New Mexico State Aggies,Northern New Mexico Eagles,87,50,0,2,166,3141,50.0,35.4
2024-12-20,401726457,Northwestern State Demons,Southern New Orleans Knights,89,79,0,2,2466,2573,51.7,44.8
2024-12-20,401727830,Purdue Fort Wayne Mastodons,Defiance Yellow Jackets,103,52,0,2,2870,190,52.6,46.0
2024-12-20,401730574,South Dakota State Jackrabbits,Chadron State Eagles,87,72,0,2,2571,2123,46.3,44.3
2024-12-21,401700284,Lindenwood Lions,Western Illinois Leathernecks,71,65,0,2,2815,2710,48.2,42.9
2024-12-21,401700285,Morehead State Eagles,Tennessee State Tigers,74,68,0,2,2413,2634,38.7,48.1
2024-12-21,401700286,Southeast Missouri State Redhawks,SIU Edwardsville Cougars,80,64,0,2,2546,2565,48.4,42.6
2024-12-21,401700287,Southern Indiana Screaming Eagles,UT Martin Skyhawks,46,77,0,2,88,2630,28.8,46.7
2024-12-21,401700396,La Salle Explorers,Immaculata Mighty Macs,108,48,0,2,2325,107554,60.6,28.1
2024-12-21,401700405,Saint Joseph's Hawks,Virginia Tech Hokies,82,62,1,2,2603,259,46.6,40.7
2024-12-21,401700440,UCLA Bruins,North Carolina Tar Heels,74,76,1,2,26,153,49.1,46.8
2024-12-21,401706189,Bradley Braves,Canisius Golden Griffins,92,59,0,2,71,2099,57.7,43.1
2024-12-21,401706898,Maryland Terrapins,Syracuse Orange,87,60,1,2,120,183,47.9,43.1
2024-12-21,401706917,BYU Cougars,Florida A&M Rattlers,103,57,0,2,252,50,54.0,32.7
2024-12-21,401706925,Colorado Buffaloes,Bellarmine Knights,79,55,0,2,38,91,46.8,39.6
2024-12-21,401706953,Houston Cougars,Texas A&M-Corpus Christi Islanders,87,51,0,2,248,357,49.1,32.1
2024-12-21,401707864,Indiana Hoosiers,Chattanooga Mocs,74,65,0,2,84,236,50.0,40.7
2024-12-21,401707982,Auburn Tigers,Purdue Boilermakers,87,69,1,2,2,2509,54.5,39.0
2024-12-21,401711713,Ole Miss Rebels,Queens University Royals,80,62,0,2,145,2511,47.7,45.1
2024-12-21,401711752,Florida Gators,North Florida Ospreys,99,45,0,2,57,2454,44.7,23.2
2024-12-21,401714508,Arkansas State Red Wolves,Coastal Carolina Chanticleers,97,67,0,2,2032,324,55.0,36.4
2024-12-21,401714509,Troy Trojans,Georgia State Panthers,77,57,0,2,2653,2247,43.3,40.7
2024-12-21,401714510,Texas State Bobcats,Georgia Southern Eagles,83,61,0,2,326,290,53.6,30.8
2024-12-21,401714511,UL Monroe Warhawks,Old Dominion Monarchs,75,80,0,2,2433,295,36.9,39.4
2024-12-21,401714512,South Alabama Jaguars,James Madison Dukes,77,49,0,2,6,256,51.8,29.1
2024-12-21,401714513,Southern Miss Golden Eagles,Marshall Thundering Herd,68,66,0,2,2572,276,48.2,52.1
2024-12-21,401714915,Ohio State Buckeyes,Kentucky Wildcats,85,65,1,2,194,96,56.6,29.8
2024-12-21,401714994,Memphis Tigers,Mississippi State Bulldogs,66,79,0,2,235,344,35.8,44.3
2024-12-21,401715385,Iowa Hawkeyes,Utah Utes,95,88,1,2,2294,254,53.1,51.5
2024-12-21,401715395,Minnesota Golden Gophers,Fairleigh Dickinson Knights,74,60,0,2,135,161,49.1,34.3
2024-12-21,401715404,Northwestern Wildcats,DePaul Blue Demons,84,64,0,2,77,305,53.1,37.0
2024-12-21,401715420,Drexel Dragons,Penn State Nittany Lions,64,75,0,2,2182,213,46.4,42.6
2024-12-21,401715427,Rutgers Scarlet Knights,Princeton Tigers,82,83,1,2,164,163,46.0,47.1
2024-12-21,401715634,Dayton Flyers,Cincinnati Bearcats,59,66,1,2,2168,2132,39.2,36.2
2024-12-21,401715643,Texas Tech Red Raiders,Lamar Cardinals,101,57,0,2,2641,2320,55.4,32.9
2024-12-21,401715650,UCF Knights,Jacksonville Dolphins,86,66,0,2,2116,294,58.7,41.1
2024-12-21,401715680,Miami Hurricanes,Mount St. Mary's Mountaineers,74,78,0,2,2390,116,40.6,50.0
2024-12-21,401715691,Pittsburgh Panthers,Sam Houston Bearkats,110,78,0,2,221,2534,58.5,53.6
2024-12-21,401715922,Northern Iowa Panthers,Washington State Cougars,68,76,1,2,2460,265,39.3,59.3
2024-12-21,401716070,SE Louisiana Lions,Loyola New Orleans Wolfpack,96,62,0,2,2545,100,47.9,38.5
2024-12-21,401716874,Fordham Rams,UAlbany Great Danes,87,83,0,2,2230,399,50.0,49.2
2024-12-21,401718426,Massachusetts Minutemen,Arizona State Sun Devils,62,78,1,2,113,9,38.3,45.2
2024-12-21,401718455,Rhode Island Rams,Temple Owls,85,79,1,2,227,218,51.8,45.3
2024-12-21,401718463,Richmond Spiders,VMI Keydets,78,71,0,2,257,2678,43.9,42.4
2024-12-21,401718473,Eastern Washington Eagles,Lincoln (CA) Oaklanders,107,63,0,2,331,124946,60.8,37.7
2024-12-21,401718714,Liberty Flames,UT Arlington Mavericks,79,56,0,2,2335,250,52.9,31.4
2024-12-21,401719075,Providence Friars,St. John's Red Storm,70,72,0,2,2507,2599,48.1,39.7
2024-12-21,401719076,Xavier Musketeers,Marquette Golden Eagles,70,72,0,2,2752,269,46.2,49.2
2024-12-21,401719077,Butler Bulldogs,UConn Huskies,74,78,0,2,2086,41,42.6,45.0
2024-12-21,401719078,Creighton Bluejays,Villanova Wildcats,86,79,0,2,156,222,55.4,50.0
2024-12-21,401719232,UNC Wilmington Seahawks,UNC Asheville Bulldogs,85,74,0,2,350,2427,48.3,46.7
2024-12-21,401719256,Winthrop Eagles,Mercer Bears,102,97,0,2,2737,2382,54.4,47.2
2024-12-21,401719276,South Carolina Upstate Spartans,Youngstown State Penguins,64,72,0,2,2908,2754,35.8,40.4
2024-12-21,401719342,St. Bonaventure Bonnies,Niagara Purple Eagles,71,52,0,2,179,315,43.6,34.0
2024-12-21,401719377,Denver Pioneers,Northern Colorado Bears,75,82,0,2,2172,2458,51.1,54.0
2024-12-21,401720453,Southern Illinois Salukis,High Point Panthers,81,94,0,2,79,2272,46.0,57.9
2024-12-21,401720466,North Carolina Central Eagles,Longwood Lancers,67,82,0,2,2428,2344,47.3,54.0
2024-12-21,401720482,Presbyterian Blue Hose,Manhattan Jaspers,81,86,0,2,2506,2363,39.7,41.3
2024-12-21,401720573,Kansas City Roos,East Tennessee State Buccaneers,73,66,0,2,140,2193,46.7,39.3
2024-12-21,401720585,Siena Saints,Holy Cross Crusaders,70,78,0,2,2561,107,49.1,45.5
2024-12-21,401720648,Pacific Tigers,Idaho Vandals,72,95,0,2,279,70,42.2,58.7
2024-12-21,401720915,San Francisco Dons,Montana Grizzlies,71,67,0,2,2539,149,43.8,45.5
2024-12-21,401720916,Southern Utah Thunderbirds,Northern Arizona Lumberjacks,75,83,0,2,253,2464,48.3,47.2
2024-12-21,401720952,Dartmouth Big Green,Vermont Catamounts,84,54,0,2,159,261,46.4,35.6
2024-12-21,401720983,Duquesne Dukes,UC Irvine Anteaters,70,54,0,2,2184,300,49.1,34.0
2024-12-21,401720989,Yale Bulldogs,Akron Zips,74,58,1,2,43,2006,48.2,31.0
2024-12-21,401720997,Ball State Cardinals,Evansville Purple Aces,80,43,0,2,2050,339,50.0,29.1
2024-12-21,401721007,Bowling Green Falcons,St. Thomas Tommies,68,93,0,2,189,2900,37.3,51.6
2024-12-21,401721026,Eastern Michigan Eagles,Wright State Raiders,86,82,0,2,2199,2750,50.0,51.7
2024-12-21,401721090,Central Connecticut Blue Devils,Quinnipiac Bobcats,84,80,0,2,2115,2514,61.2,43.8
2024-12-21,401721115,Cal State Northridge Matadors,Chicago State Cougars,81,57,0,2,2463,2130,43.3,32.7
2024-12-21,401721211,UT Rio Grande Valley Vaqueros,College of Biblical Studies Ambassadors,106,56,0,2,292,128256,46.9,34.3
2024-12-21,401721234,Alabama A&M Bulldogs,Samford Bulldogs,90,97,0,2,2010,2535,48.3,58.2
2024-12-21,401721649,Michigan State Spartans,Florida Atlantic Owls,86,69,0,2,127,2226,44.9,39.7
2024-12-21,401721710,Harvard Crimson,Furman Paladins,63,77,0,2,108,231,37.9,51.9
2024-12-21,401721786,Davidson Wildcats,Bethune-Cookman Wildcats,76,63,0,2,2166,2065,52.9,40.4
2024-12-21,401721829,Loyola Maryland Greyhounds,Hampton Pirates,68,76,0,2,2352,2261,46.3,39.3
2024-12-21,401721830,UMass Lowell River Hawks,Boston University Terriers,83,71,0,2,2349,104,58.6,50.0
2024-12-21,401721832,Long Island University Sharks,Lehigh Mountain Hawks,59,60,0,2,112358,2329,43.9,38.3
2024-12-21,401721833,Coppin State Eagles,Navy Midshipmen,68,60,0,2,2154,2426,37.5,40.4
2024-12-21,401721941,Robert Morris Colonials,Saint Francis Red Wolves,90,77,0,2,2523,2598,53.4,50.9
2024-12-21,401721949,Vanderbilt Commodores,Austin Peay Governors,85,55,0,2,238,2046,60.4,31.7
2024-12-21,401721988,West Georgia Wolves,Brewton Parker Wildcats,107,61,0,2,2698,2077,62.3,37.7
2024-12-21,401722029,Wagner Seahawks,Penn State Fayette Nittany Lions,83,52,0,2,2681,130197,56.9,36.0
2024-12-21,401722069,UTEP Miners,Jackson State Tigers,67,61,0,2,2638,2296,52.2,33.9
2024-12-21,401722087,Stony Brook Seawolves,Maine Black Bears,74,72,0,2,2619,311,46.9,45.5
2024-12-21,401722104,Marist Red Foxes,UMBC Retrievers,76,73,0,2,2368,2378,45.3,41.0
2024-12-21,401722107,Tulsa Golden Hurricane,Mississippi Valley State Delta Devils,93,48,0,2,202,2400,51.6,30.0
2024-12-21,401722141,Loyola Marymount Lions,Southern Jaguars,89,73,0,2,2351,2582,50.0,38.2
2024-12-21,401722154,Boise State Broncos,Air Force Falcons,77,59,0,2,68,2005,53.7,54.8
2024-12-21,401722199,East Carolina Pirates,Gardner-Webb Runnin' Bulldogs,79,84,0,2,151,2241,39.1,51.7
2024-12-21,401722232,Fresno State Bulldogs,California Baptist Lancers,69,86,0,2,278,2856,46.6,52.3
2024-12-21,401722240,Nevada Wolf Pack,Colorado State Rams,64,66,0,2,2440,36,41.1,46.8
2024-12-21,401722282,South Florida Bulls,East Texas A&M Lions,88,62,0,2,58,2837,60.7,39.7
2024-12-21,401722294,Tulane Green Wave,Dillard Blue Devils,99,56,0,2,2655,2176,50.8,29.2
2024-12-21,401722313,Arizona Wildcats,Central Michigan Chippewas,94,41,0,2,12,2117,54.5,25.9
2024-12-21,401722389,UNLV Rebels,UC Riverside Highlanders,66,53,0,2,2439,27,44.3,28.8
2024-12-21,401722408,Pepperdine Waves,UC Davis Aggies,85,46,0,2,2492,302,51.6,28.0
2024-12-21,401722610,Indiana State Sycamores,Health Sciences & Pharmacy Eutectics,101,53,0,2,282,112686,58.3,31.0
2024-12-21,401724709,Abilene Christian Wildcats,Texas Southern Tigers,69,65,0,2,2000,2640,42.4,41.8
2024-12-21,401724776,Boston College Eagles,SMU Mustangs,77,103,0,2,103,2567,37.7,64.4
2024-12-21,401724777,Florida State Seminoles,Louisville Cardinals,76,90,0,2,52,97,52.7,50.9
2024-12-21,401724778,Clemson Tigers,Wake Forest Demon Deacons,73,62,0,2,228,154,39.3,50.0
2024-12-21,401724779,Georgia Tech Yellow Jackets,Duke Blue Devils,56,82,0,2,59,150,36.2,56.4
2024-12-21,401725348,Portland Pilots,Lafayette Leopards,74,64,0,2,2501,322,48.1,38.9
2024-12-21,401725369,Santa Clara Broncos,South Dakota Coyotes,98,81,0,2,2541,233,52.7,42.9
2024-12-21,401726018,Saint Peter's Peacocks,Delaware Blue Hens,72,64,0,2,2612,48,45.5,42.6
2024-12-21,401726042,Monmouth Hawks,Fairfield Stags,88,74,0,2,2405,2217,55.0,37.7
2024-12-21,401726394,Florida International Panthers,IU Indianapolis Jaguars,75,69,0,2,2229,85,43.4,39.7
2024-12-21,401726398,Eastern Kentucky Colonels,Jacksonville State Gamecocks,80,91,0,2,2198,55,39.4,45.6
2024-12-21,401726440,Western Kentucky Hilltoppers,Kentucky Wesleyan Panthers,91,71,0,2,98,2316,49.3,50.9
2024-12-21,401727099,North Dakota Fighting Hawks,South Dakota Mines Hardrockers,80,48,0,2,155,7298,44.8,28.1
2024-12-21,401727289,Drake Bulldogs,Green Bay Phoenix,72,62,0,2,2181,2739,50.0,48.8
2024-12-21,401727540,Northern Kentucky Norse,South Carolina State Bulldogs,58,47,0,2,94,2569,37.5,34.1
2024-12-21,401727837,Stephen F. Austin Lumberjacks,Texas Wesleyan Rams,82,56,0,2,2617,2642,50.8,34.2
2024-12-21,401728319,Louisiana Tech Bulldogs,Rust Bearcats,108,60,0,2,2348,2892,56.4,33.3
2024-12-21,401729285,Arkansas Razorbacks,North Carolina A&T Aggies,95,67,0,2,8,2448,50.0,36.0
2024-12-21,401730691,North Texas Mean Green,App State Mountaineers,68,64,0,2,249,2026,50.0,52.4
2024-12-21,401733682,Tarleton State Texans,Howard Payne Yellow Jackets,100,83,0,2,2627,2758,50.7,38.5
2024-12-22,401700275,San José State Spartans,Kennesaw State Owls,89,65,0,2,23,338,52.4,31.3
2024-12-22,401700416,VCU Rams,William & Mary Tribe,90,70,0,2,2670,2729,47.3,46.6
2024-12-22,401700460,Virginia Cavaliers,American University Eagles,63,58,0,2,258,44,46.0,38.0
2024-12-22,401706186,NC State Wolfpack,Rider Broncs,89,63,0,2,152,2520,55.8,39.3
2024-12-22,401706190,Colgate Raiders,Iona Gaels,73,79,0,2,2142,314,53.1,49.2
2024-12-22,401706880,California Golden Bears,San Diego State Aztecs,50,71,1,2,25,21,25.5,37.3
2024-12-22,401706891,Missouri Tigers,Illinois Fighting Illini,77,80,1,2,142,356,39.7,43.9
2024-12-22,401706961,Iowa State Cyclones,Morgan State Bears,99,72,0,2,66,2415,61.0,46.0
2024-12-22,401706970,Kansas Jayhawks,Brown Bears,87,53,0,2,2305,225,50.0,26.7
2024-12-22,401706979,Wichita State Shockers,Kansas State Wildcats,84,65,0,2,2724,2306,50.8,36.2
2024-12-22,401706989,TCU Horned Frogs,Montana State Bobcats,82,48,0,2,2628,147,40.7,35.2
2024-12-22,401706996,West Virginia Mountaineers,Mercyhurst Lakers,67,46,0,2,277,2385,48.1,28.3
2024-12-22,401707877,Michigan Wolverines,Purdue Fort Wayne Mastodons,89,58,0,2,130,2870,62.7,32.3
2024-12-22,401709980,Long Beach State Beach,La Sierra Golden Eagles,83,57,0,2,299,3167,51.0,39.6
2024-12-22,401711762,Stetson Hatters,Fort Lauderdale Eagles,103,77,0,2,56,123362,50.7,40.8
2024-12-22,401714906,Georgia Bulldogs,Charleston Southern Buccaneers,81,65,0,2,61,2127,50.8,40.4
2024-12-22,401714924,LSU Tigers,LSU New Orleans Privateers,86,70,0,2,99,2443,45.7,36.8
2024-12-22,401715333,South Carolina Gamecocks,Radford Highlanders,74,48,0,2,2579,2515,39.2,34.5
2024-12-22,401715447,Wisconsin Badgers,Detroit Mercy Titans,76,53,0,2,275,2174,40.6,33.3
2024-12-22,401715635,Cincinnati Bearcats,Grambling Tigers,84,49,0,2,2132,2755,46.2,34.0
2024-12-22,401715686,Notre Dame Fighting Irish,Le Moyne Dolphins,91,62,0,2,87,2330,48.3,36.8
2024-12-22,401715702,Stanford Cardinal,Oregon Ducks,61,76,1,2,24,2483,37.1,43.6
2024-12-22,401715892,Milwaukee Panthers,North Central College Cardinals,92,57,0,2,270,3071,43.1,43.1
2024-12-22,401715963,North Texas Mean Green,Houston Christian Huskies,62,46,0,2,249,2277,47.1,34.1
2024-12-22,401715988,Charleston Cougars,Oregon State Beavers,65,74,1,2,232,204,36.2,46.9
2024-12-22,401715989,Oakland Golden Grizzlies,Loyola Chicago Ramblers,72,71,1,2,2473,2350,42.9,49.1
2024-12-22,401716886,George Mason Patriots,Pennsylvania Quakers,85,53,0,2,2244,219,50.8,32.2
2024-12-22,401718144,George Washington Revolutionaries,UVA Wise Cavaliers,102,62,0,2,45,2842,61.2,32.8
2024-12-22,401719221,Oklahoma State Cowboys,Oral Roberts Golden Eagles,86,74,0,2,197,198,48.1,42.9
2024-12-22,401719332,Grand Canyon Lopes,Saint Louis Billikens,73,72,0,2,2253,139,41.5,43.9
2024-12-22,401719657,Cal State Bakersfield Roadrunners,Portland State Vikings,58,59,0,2,2934,2502,37.7,53.8
2024-12-22,401720523,Weber State Wildcats,Utah Valley Wolverines,62,64,0,2,2692,3084,45.3,46.9
2024-12-22,401720713,Louisiana Ragin' Cajuns,McNeese Cowboys,56,64,0,2,309,2377,40.7,41.7
2024-12-22,401720917,Sacramento State Hornets,Stanislaus State Warriors,98,47,0,2,16,2616,68.6,29.8
2024-12-22,401721036,Alabama Crimson Tide,Kent State Golden Flashes,81,54,0,2,333,2309,45.0,28.0
2024-12-22,401721047,Miami (OH) RedHawks,Sacred Heart Pioneers,94,76,0,2,193,2529,53.0,39.7
2024-12-22,401721286,UAB Blazers,Alcorn State Braves,91,74,0,2,5,2016,52.5,43.5
2024-12-22,401721661,USC Trojans,Southern Jaguars,82,51,0,2,30,2582,48.0,32.7
2024-12-22,401721711,Cornell Big Red,Illinois State Redbirds,77,80,0,2,172,2287,52.8,50.0
2024-12-22,401721831,Gonzaga Bulldogs,Bucknell Bison,86,65,0,2,2250,2083,47.9,40.7
2024-12-22,401721834,Army Black Knights,Binghamton Bearcats,68,78,0,2,349,2066,38.7,49.2
2024-12-22,401721957,Oklahoma Sooners,Central Arkansas Bears,89,66,0,2,201,2110,48.5,37.5
2024-12-22,401722001,Towson Tigers,Bryant Bulldogs,70,65,0,2,119,2803,40.6,40.0
2024-12-22,401722016,Stonehill Skyhawks,New Hampshire Wildcats,90,83,0,2,284,160,52.5,49.1
2024-12-22,401722122,Rice Owls,Prairie View A&M Panthers,64,46,0,2,242,2504,44.1,29.4
2024-12-22,401722331,Cal State Fullerton Titans,Wyoming Cowboys,69,73,0,2,2239,2751,46.3,51.0
2024-12-22,401722416,San Diego Toreros,UC San Diego Tritons,71,77,0,2,301,28,50.9,46.2
2024-12-22,401722417,Missouri State Bears,UC Santa Barbara Gauchos,68,56,0,2,2623,2540,48.9,41.7
2024-12-22,401724525,Valparaiso Beacons,Calumet St. Joseph Crimson Wave,107,57,0,2,2674,502,59.7,36.7
2024-12-22,401726033,Elon Phoenix,UNC Greensboro Spartans,73,69,0,2,2210,2430,38.3,46.4
2024-12-22,401727107,Omaha Mavericks,Cal Poly Mustangs,86,82,0,2,2437,13,44.9,46.4
2024-12-22,401727283,Cleveland State Vikings,Midway Eagles,116,60,0,2,325,111166,54.4,34.3
2024-12-22,401729795,Jackson State Tigers,Akron Zips,50,68,1,2,2296,2006,28.8,34.8
2024-12-22,401729796,UTEP Miners,Yale Bulldogs,75,74,0,2,2638,43,48.1,43.5
2024-12-22,401733684,Florida Gulf Coast Eagles,Florida Tech Panthers,79,62,0,2,526,53,50.0,42.3
2024-12-23,401711741,Loyola Marymount Lions,North Alabama Lions,85,69,0,2,2351,2453,50.8,35.9
2024-12-23,401715990,Murray State Racers,Nebraska Cornhuskers,49,66,1,2,93,158,30.9,49.1
2024-12-23,401715991,Hawai'i Rainbow Warriors,Charlotte 49ers,78,61,0,2,62,2429,54.2,39.6
2024-12-23,401719079,Seton Hall Pirates,Georgetown Hoyas,60,61,0,2,2550,46,29.9,53.5
2024-12-23,401721008,Bowling Green Falcons,Aquinas Saints,87,62,0,2,189,486,45.7,33.9
2024-12-23,401722030,Wagner Seahawks,Penn State Scranton Nittany Lions,120,30,0,2,2681,130198,58.4,25.5
2024-12-23,401722394,Saint Mary's Gaels,Utah State Aggies,68,75,0,2,2608,328,44.4,58.8
2024-12-23,401729807,Loyola Chicago Ramblers,Charleston Cougars,68,77,1,2,2350,232,41.4,46.6
2024-12-24,401715342,Tennessee Volunteers,Middle Tennessee Blue Raiders,82,64,0,2,2633,2393,48.2,40.7
2024-12-24,401715437,Washington Huskies,Seattle U Redhawks,70,79,0,2,264,2547,42.1,41.1
2024-12-24,401722328,North Dakota State Bison,Cal State Bakersfield Roadrunners,94,60,0,2,2449,2934,52.9,42.6
2024-12-24,401729808,Oakland Golden Grizzlies,Oregon State Beavers,74,80,1,2,2473,204,46.4,42.4
2024-12-24,401729809,Hawai'i Rainbow Warriors,Nebraska Cornhuskers,55,69,0,2,62,158,42.6,47.3
2024-12-24,401729810,Charlotte 49ers,Murray State Racers,94,90,1,2,2429,93,46.7,42.0
2024-12-25,401729811,Murray State Racers,Loyola Chicago Ramblers,71,68,1,2,93,2350,48.8,62.5
2024-12-25,401729812,Charlotte 49ers,Charleston Cougars,81,84,1,2,2429,232,39.7,46.8
2024-12-26,401729813,Hawai'i Rainbow Warriors,Oakland Golden Grizzlies,73,70,0,2,62,2473,38.3,35.3
2024-12-26,401729814,Nebraska Cornhuskers,Oregon State Beavers,78,66,1,2,158,204,53.2,39.6
2024-12-28,401700406,Saint Joseph's Hawks,Delaware State Hornets,76,58,0,2,2603,2169,50.0,35.0
2024-12-28,401700433,Louisville Cardinals,Eastern Kentucky Colonels,78,76,0,2,97,2198,37.5,44.8
2024-12-28,401706875,Boston College Eagles,Fairleigh Dickinson Knights,78,70,0,2,103,161,52.7,44.6
2024-12-28,401706899,Syracuse Orange,Bucknell Bison,75,63,0,2,183,2083,47.4,38.2
2024-12-28,401707874,Maryland Terrapins,Maryland Eastern Shore Hawks,81,66,0,2,120,2379,47.6,44.3
2024-12-28,401710007,UCLA Bruins,Gonzaga Bulldogs,65,62,1,2,26,2250,36.4,45.5
2024-12-28,401715326,Memphis Tigers,Ole Miss Rebels,87,70,0,2,235,145,47.5,36.4
2024-12-28,401715362,Texas A&M Aggies,Abilene Christian Wildcats,92,54,0,2,245,2000,58.5,36.5
2024-12-28,401715465,DePaul Blue Demons,Loyola Maryland Greyhounds,84,65,0,2,305,2352,44.9,44.4
2024-12-28,401715475,Georgetown Hoyas,Coppin State Eagles,83,53,0,2,46,2154,55.6,29.0
2024-12-28,401715597,St. John's Red Storm,Delaware Blue Hens,97,76,0,2,2599,48,60.9,49.2
2024-12-28,401715673,Georgia Tech Yellow Jackets,Alabama A&M Bulldogs,92,49,0,2,59,2010,54.1,20.8
2024-12-28,401716885,George Mason Patriots,Mount St. Mary's Mountaineers,64,56,0,2,2244,116,45.7,33.9
2024-12-28,401718464,Richmond Spiders,Florida Gulf Coast Eagles,57,75,0,2,257,526,30.2,45.8
2024-12-28,401720451,Charleston Southern Buccaneers,Columbia International Rams,95,89,0,2,2127,3242,37.8,48.6
2024-12-28,401720714,McNeese Cowboys,LSU New Orleans Privateers,86,61,0,2,2377,2443,48.5,41.4
2024-12-28,401721027,Davidson Wildcats,Eastern Michigan Eagles,86,64,0,2,2166,2199,53.1,40.4
2024-12-28,401721712,Columbia Lions,Fairfield Stags,85,72,0,2,171,2217,57.7,43.8
2024-12-28,401722241,Wyoming Cowboys,Nevada Wolf Pack,66,63,0,2,2751,2440,48.9,44.7
2024-12-28,401722283,South Florida Bulls,Webber International Warriors,106,49,0,2,58,2691,58.3,36.7
2024-12-28,401722332,Cal State Fullerton Titans,Nobel Knights,93,60,0,2,2239,130201,55.7,41.5
2024-12-28,401722349,San Diego State Aztecs,Utah State Aggies,66,67,0,2,21,328,38.5,44.0
2024-12-28,401722371,San José State Spartans,Boise State Broncos,71,73,0,2,23,68,46.3,49.2
2024-12-28,401724527,Duquesne Dukes,Cleary University Cougars,93,45,0,2,2184,128438,61.3,30.4
2024-12-28,401724544,Georgia State Panthers,Mercer Bears,68,71,0,2,2247,2382,40.0,41.5
2024-12-28,401725356,San Diego Toreros,Grand Canyon Lopes,55,68,1,2,301,2253,31.4,27.8
2024-12-28,401725822,Utah Valley Wolverines,Bethesda Flames,119,59,0,2,3084,3246,68.1,33.8
2024-12-28,401725962,Eastern Illinois Panthers,Blackburn Beavers,99,55,0,2,2197,2070,66.2,40.0
2024-12-28,401726038,Hampton Pirates,Howard Bison,83,67,0,2,2261,47,47.2,40.0
2024-12-28,401726057,UNC Wilmington Seahawks,Spartanburg Methodist Pioneers,99,47,0,2,350,130241,46.8,23.9
2024-12-28,401726404,New Mexico State Aggies,Southwest Mustangs,85,52,0,2,166,3154,54.2,31.0
2024-12-28,401726410,Tulsa Golden Hurricane,Southwestern Christian U Eagles,96,63,0,2,202,3238,56.1,40.7
2024-12-28,401726430,Sam Houston Bearkats,Dallas Crusaders,111,65,0,2,2534,2163,59.4,38.3
2024-12-28,401727065,Baylor Bears,Arlington Baptist Patriots,107,53,0,2,239,3166,50.6,27.9
2024-12-28,401727067,Old Dominion Monarchs,Virginia Wesleyan Blue Marlins,82,44,0,2,295,2672,55.8,25.0
2024-12-28,401727126,North Carolina A&T Aggies,North Carolina Central Eagles,85,72,0,2,2448,2428,46.8,38.1
2024-12-28,401727324,Morehead State Eagles,Alice Lloyd Eagles,94,63,0,2,2413,484,56.1,41.0
2024-12-28,401727412,Wofford Terriers,Kentucky Christian Knights,100,55,0,2,2747,3077,48.7,38.6
2024-12-28,401727423,UNC Greensboro Spartans,Virginia Lynchburg Dragons,105,50,0,2,2430,3229,51.4,30.3
2024-12-28,401728311,Colorado State Rams,New Mexico Lobos,68,76,0,2,36,167,45.0,49.2
2024-12-29,401700276,Kennesaw State Owls,Brewton Parker Wildcats,112,77,0,2,338,2077,50.0,43.5
2024-12-29,401700451,SMU Mustangs,Longwood Lancers,98,82,0,2,2567,2344,62.0,47.2
2024-12-29,401706191,Iona Gaels,Harvard Crimson,61,67,0,2,314,108,34.3,45.5
2024-12-29,401706643,Portland Pilots,Washington State Cougars,73,89,0,2,2501,265,42.4,55.0
2024-12-29,401706644,Saint Mary's Gaels,Pacific Tigers,70,60,0,2,2608,279,38.2,41.1
2024-12-29,401706645,Santa Clara Broncos,Pepperdine Waves,91,80,0,2,2541,2492,50.7,44.8
2024-12-29,401706646,San Francisco Dons,Loyola Marymount Lions,70,55,0,2,2539,2351,38.1,35.2
2024-12-29,401707855,Illinois Fighting Illini,Chicago State Cougars,117,64,0,2,356,2130,62.1,37.3
2024-12-29,401707865,Indiana Hoosiers,Winthrop Eagles,77,68,0,2,84,2737,45.5,37.5
2024-12-29,401707983,Purdue Boilermakers,Toledo Rockets,83,64,0,2,2509,2649,49.2,40.6
2024-12-29,401711691,Lipscomb Bisons,Asbury Eagles,112,54,0,2,288,2036,48.4,26.6
2024-12-29,401711763,Florida Gators,Stetson Hatters,85,45,0,2,57,56,50.7,26.5
2024-12-29,401714411,Robert Morris Colonials,Northern Kentucky Norse,97,93,0,2,2523,94,38.5,40.7
2024-12-29,401714412,Cleveland State Vikings,Wright State Raiders,78,64,0,2,325,2750,49.1,44.8
2024-12-29,401714413,Milwaukee Panthers,IU Indianapolis Jaguars,88,81,0,2,270,85,53.8,47.6
2024-12-29,401714414,Green Bay Phoenix,Purdue Fort Wayne Mastodons,67,83,0,2,2739,2870,57.1,47.5
2024-12-29,401714415,Youngstown State Penguins,Detroit Mercy Titans,73,64,0,2,2754,2174,36.7,31.3
2024-12-29,401714907,Georgia Bulldogs,South Carolina State Bulldogs,79,72,0,2,61,2569,54.0,40.4
2024-12-29,401715354,Texas Longhorns,Northwestern State Demons,77,53,0,2,251,2466,50.0,38.2
2024-12-29,401715396,Minnesota Golden Gophers,Morgan State Bears,90,68,0,2,135,2415,51.7,40.0
2024-12-29,401715405,Northwestern Wildcats,Northeastern Huskies,85,60,0,2,77,111,53.6,51.1
2024-12-29,401715412,Ohio State Buckeyes,Indiana State Sycamores,103,83,0,2,194,282,55.7,42.6
2024-12-29,401715421,Penn State Nittany Lions,Pennsylvania Quakers,86,66,0,2,213,219,45.5,38.6
2024-12-29,401715438,Washington Huskies,NJIT Highlanders,90,53,0,2,264,2885,55.7,37.3
2024-12-29,401716120,Incarnate Word Cardinals,Texas Lutheran Bulldogs,99,48,0,2,2916,2639,57.6,27.9
2024-12-29,401716163,Army Black Knights,UTSA Roadrunners,78,75,0,2,349,2636,48.3,41.7
2024-12-29,401719333,Saint Louis Billikens,William Woods Owls,78,57,0,2,139,2931,54.0,39.0
2024-12-29,401720462,High Point Panthers,Norfolk State Spartans,74,77,0,2,2272,2450,34.5,53.8
2024-12-29,401720524,Oregon Ducks,Weber State Wildcats,89,49,0,2,2483,2692,55.0,33.3
2024-12-29,401720756,Texas A&M-Corpus Christi Islanders,Schreiner Mountaineers,103,44,0,2,357,2544,55.4,26.9
2024-12-29,401721016,Temple Owls,Buffalo Bulls,91,71,0,2,218,2084,52.6,39.1
2024-12-29,401721037,Kent State Golden Flashes,Heidelberg Student Princes,84,80,0,2,2309,191,50.0,49.2
2024-12-29,401721091,Central Connecticut Blue Devils,Johnson & Wales Griffins,100,51,0,2,2115,353,63.9,36.2
2024-12-29,401721159,Niagara Purple Eagles,Le Moyne Dolphins,88,69,0,2,315,2330,47.0,44.0
2024-12-29,401721835,Holy Cross Crusaders,Regis College Pride,82,46,0,2,107,2517,49.2,26.9
2024-12-29,401721836,William & Mary Tribe,Navy Midshipmen,82,76,0,2,2729,2426,50.0,44.4
2024-12-29,401721837,American University Eagles,UMBC Retrievers,93,96,0,2,44,2378,48.1,52.8
2024-12-29,401721838,Maine Black Bears,Boston University Terriers,56,59,0,2,311,104,37.5,41.7
2024-12-29,401721839,Lehigh Mountain Hawks,Neumann Knights,87,67,0,2,2329,422,51.7,44.4
2024-12-29,401721953,Austin Peay Governors,Brescia Bearcats,93,46,0,2,2046,2855,46.1,32.1
2024-12-29,401721963,Central Arkansas Bears,Southwestern Christian U Eagles,87,69,0,2,2110,3238,48.6,39.7
2024-12-29,401721997,Marist Red Foxes,Binghamton Bearcats,69,51,0,2,2368,2066,50.0,30.5
2024-12-29,401722017,Lafayette Leopards,Stonehill Skyhawks,65,70,0,2,322,284,40.7,44.4
2024-12-29,401722055,Tarleton State Texans,Florida A&M Rattlers,70,60,0,2,2627,50,41.7,40.4
2024-12-29,401722070,California Baptist Lancers,Jackson State Tigers,79,73,0,2,2856,2296,41.5,40.6
2024-12-29,401722100,UAlbany Great Danes,Stony Brook Seawolves,77,70,0,2,399,2619,52.9,39.3
2024-12-29,401722123,Oklahoma Sooners,Prairie View A&M Panthers,89,67,0,2,201,2504,60.5,47.5
2024-12-29,401722303,Wichita State Shockers,Friends Falcons,87,72,0,2,2724,128218,51.7,36.6
2024-12-29,401722411,UC Davis Aggies,Cal Maritime Keelhaulers,109,46,0,2,302,500,51.2,28.1
2024-12-29,401722413,UC San Diego Tritons,Occidental Tigers,109,51,0,2,28,2475,46.0,33.9
2024-12-29,401722419,UC Santa Barbara Gauchos,Westcliff Warriors,89,72,0,2,2540,111910,58.9,45.5
2024-12-29,401722447,Drake Bulldogs,Belmont Bruins,65,46,0,2,2181,2057,47.1,37.5
2024-12-29,401722448,Bradley Braves,Valparaiso Beacons,81,75,0,2,71,2674,40.0,34.4
2024-12-29,401722449,Evansville Purple Aces,Missouri State Bears,57,40,0,2,339,2623,38.3,25.9
2024-12-29,401722450,Northern Iowa Panthers,Southern Illinois Salukis,78,67,0,2,2460,79,55.8,45.6
2024-12-29,401722451,Illinois State Redbirds,UIC Flames,67,73,0,2,2287,82,39.7,46.2
2024-12-29,401724540,Coastal Carolina Chanticleers,Warner Royals,75,53,0,2,324,2683,43.5,30.6
2024-12-29,401724554,Alabama Crimson Tide,South Dakota State Jackrabbits,105,82,0,2,333,2571,47.4,42.3
2024-12-29,401724710,Texas Southern Tigers,College of Biblical Studies Ambassadors,103,68,0,2,2640,128256,54.4,36.4
2024-12-29,401725804,Texas State Bobcats,UT Arlington Mavericks,72,80,0,2,326,250,38.5,51.0
2024-12-29,401726034,Elon Phoenix,Marshall Thundering Herd,73,59,0,2,2210,276,40.4,30.9
2024-12-29,401726436,UTEP Miners,Northern New Mexico Eagles,79,60,0,2,2638,3141,44.3,35.6
2024-12-29,401727059,James Madison Dukes,Midway Eagles,96,64,0,2,256,111166,52.9,31.4
2024-12-29,401727100,North Dakota Fighting Hawks,Waldorf Warriors,97,57,0,2,155,3080,47.3,30.6
2024-12-29,401727108,Omaha Mavericks,Mount Marty Lancers,81,51,0,2,2437,573,43.3,33.3
2024-12-29,401727120,UC Riverside Highlanders,St. Thomas Tommies,81,79,0,2,27,2900,43.3,42.9
2024-12-29,401727147,UNLV Rebels,Fresno State Bulldogs,87,77,0,2,2439,278,53.8,46.6
2024-12-29,401727272,Cal State Northridge Matadors,La Sierra Golden Eagles,87,52,0,2,2463,3167,50.7,35.0
2024-12-29,401727279,Quinnipiac Bobcats,Hofstra Pride,75,69,0,2,2514,2275,29.3,37.1
2024-12-29,401727308,Sacred Heart Pioneers,Manhattanville Valiants,100,60,0,2,2529,2879,60.0,40.0
2024-12-29,401727330,Southeast Missouri State Redhawks,Westminster (MO) Blue Jays,88,39,0,2,2546,433,51.5,24.1
2024-12-29,401727344,Tennessee Tech Golden Eagles,Milligan Buffaloes,95,75,0,2,2635,2397,55.2,37.8
2024-12-30,401700441,North Carolina Tar Heels,Campbell Fighting Camels,97,81,0,2,153,2097,57.1,44.4
2024-12-30,401707878,Michigan Wolverines,Western Kentucky Hilltoppers,112,64,0,2,130,98,51.6,36.4
2024-12-30,401714887,Auburn Tigers,Monmouth Hawks,87,58,0,2,2,2405,43.9,36.5
2024-12-30,401714925,LSU Tigers,Mississippi Valley State Delta Devils,110,45,0,2,99,2400,65.7,32.7
2024-12-30,401715428,Rutgers Scarlet Knights,Columbia Lions,91,64,0,2,164,171,47.4,40.7
2024-12-30,401720582,Cornell Big Red,Siena Saints,77,83,0,2,172,2561,53.8,54.2
2024-12-30,401720919,Sacramento State Hornets,Bethesda Flames,78,38,0,2,16,3246,45.2,30.2
2024-12-30,401720990,Princeton Tigers,Akron Zips,76,75,0,2,163,2006,49.2,42.2
2024-12-30,401721082,Michigan State Spartans,Western Michigan Broncos,80,62,0,2,127,2711,50.0,41.4
2024-12-30,401722180,UMass Lowell River Hawks,Emerson Lions,101,39,0,2,2349,108842,56.9,28.3
2024-12-30,401725812,Florida International Panthers,Utah Tech Trailblazers,80,66,0,2,2229,3101,54.5,38.9
2024-12-30,401729954,Central Michigan Chippewas,Cleary University Cougars,85,39,0,2,2117,128438,63.2,26.4
2024-12-30,401731990,Grambling Tigers,College of Biblical Studies Ambassadors,100,55,0,2,2755,128256,52.8,33.3
2024-12-30,401732528,UNC Asheville Bulldogs,Columbia International Rams,95,53,0,2,2427,3242,56.3,34.0
2024-12-31,401706667,Pepperdine Waves,Gonzaga Bulldogs,82,89,0,2,2492,2250,47.1,54.5
2024-12-31,401706668,Oregon State Beavers,Portland Pilots,89,79,0,2,204,2501,61.4,51.9
2024-12-31,401706669,San Diego Toreros,Pacific Tigers,75,65,0,2,301,279,48.1,41.8
2024-12-31,401706670,San Francisco Dons,Santa Clara Broncos,97,94,0,2,2539,2541,52.3,50.8
2024-12-31,401706671,Washington State Cougars,Loyola Marymount Lions,73,59,0,2,265,2351,49.1,39.7
2024-12-31,401707991,Nebraska Cornhuskers,Southern Jaguars,77,43,0,2,158,2582,49.1,25.4
2024-12-31,401714916,Kentucky Wildcats,Brown Bears,88,54,0,2,96,225,50.0,40.8
2024-12-31,401715316,Missouri Tigers,Alabama State Hornets,82,65,0,2,142,2011,50.0,38.5
2024-12-31,401715334,South Carolina Gamecocks,Presbyterian Blue Hose,69,59,0,2,2579,2506,45.8,47.7
2024-12-31,401715343,Tennessee Volunteers,Norfolk State Spartans,67,52,0,2,2633,2450,42.6,37.3
2024-12-31,401715386,Iowa Hawkeyes,New Hampshire Wildcats,112,70,0,2,2294,160,60.8,40.6
2024-12-31,401715942,McNeese Cowboys,SE Louisiana Lions,79,51,0,2,2377,2545,49.1,39.6
2024-12-31,401718474,Eastern Washington Eagles,Eastern Oregon Mountaineers,89,63,0,2,331,2202,48.3,39.7
2024-12-31,401719080,Xavier Musketeers,Seton Hall Pirates,94,72,0,2,2752,2550,57.4,37.7
2024-12-31,401719081,Providence Friars,Marquette Golden Eagles,50,78,0,2,2507,269,34.0,43.9
2024-12-31,401719082,Creighton Bluejays,St. John's Red Storm,57,56,0,2,156,2599,41.5,36.8
2024-12-31,401719658,Portland State Vikings,Walla Walla Wolves,96,39,0,2,2502,3152,52.5,28.1
2024-12-31,401720735,Vanderbilt Commodores,LSU New Orleans Privateers,100,56,0,2,238,2443,47.4,34.5
2024-12-31,401720918,Northern Arizona Lumberjacks,Benedictine Mesa Redhawks,110,74,0,2,2464,110031,60.5,43.1
2024-12-31,401720984,California Baptist Lancers,UC Irvine Anteaters,63,71,0,2,2856,300,40.0,50.0
2024-12-31,401720998,Ball State Cardinals,Anderson (IN) Ravens,89,76,0,2,2050,2023,44.1,37.1
2024-12-31,401721048,Miami (OH) RedHawks,Defiance Yellow Jackets,141,58,0,2,193,190,71.6,37.7
2024-12-31,401721058,Northern Illinois Huskies,East West Phantoms,117,50,0,2,2459,3107,50.0,26.3
2024-12-31,401721066,Ohio Bobcats,Muskingum Fighting Muskies,103,52,0,2,195,332,64.1,31.9
2024-12-31,401721212,UT Rio Grande Valley Vaqueros,Dallas Christian Crusaders,88,44,0,2,292,2937,46.3,20.0
2024-12-31,401722002,Grand Canyon Lopes,Bryant Bulldogs,112,66,0,2,2253,2803,41.0,34.3
2024-12-31,401722038,Mississippi State Bulldogs,Bethune-Cookman Wildcats,87,73,0,2,344,2065,50.8,50.0
2024-12-31,401722155,Air Force Falcons,UNLV Rebels,58,77,0,2,2005,2439,33.3,57.1
2024-12-31,401722185,Vermont Catamounts,Elms Blazers,121,37,0,2,261,111948,67.6,27.1
2024-12-31,401722372,San José State Spartans,Colorado State Rams,50,72,0,2,23,36,29.5,50.0
2024-12-31,401724219,George Mason Patriots,Davidson Wildcats,69,57,0,2,2244,2166,55.8,42.0
2024-12-31,401724220,Dayton Flyers,La Salle Explorers,84,70,0,2,2168,2325,47.7,41.0
2024-12-31,401724221,Duquesne Dukes,Rhode Island Rams,67,55,0,2,2184,227,42.1,37.0
2024-12-31,401724222,Fordham Rams,Saint Louis Billikens,63,88,0,2,2230,139,39.3,60.3
2024-12-31,401724223,Richmond Spiders,George Washington Revolutionaries,66,61,0,2,257,45,35.1,33.3
2024-12-31,401724224,Saint Joseph's Hawks,Massachusetts Minutemen,81,72,0,2,2603,113,45.6,32.9
2024-12-31,401724225,St. Bonaventure Bonnies,VCU Rams,77,75,0,2,179,2670,50.0,48.3
2024-12-31,401724780,Virginia Cavaliers,NC State Wolfpack,70,67,0,2,258,152,54.2,44.4
2024-12-31,401724781,Syracuse Orange,Wake Forest Demon Deacons,71,81,0,2,183,154,37.5,43.3
2024-12-31,401724782,Georgia Tech Yellow Jackets,Notre Dame Fighting Irish,86,75,0,2,59,87,56.6,43.5
2024-12-31,401724783,Duke Blue Devils,Virginia Tech Hokies,88,65,0,2,150,259,53.4,46.0
2024-12-31,401725381,Abilene Christian Wildcats,Stephen F. Austin Lumberjacks,57,62,0,2,2000,2617,37.3,40.8
2024-12-31,401725512,Seattle U Redhawks,Nicholls Colonels,69,71,0,2,2547,2447,42.0,46.7
2024-12-31,401725513,Charlotte 49ers,Tulane Green Wave,68,83,0,2,2429,2655,40.0,47.4
2024-12-31,401725514,South Florida Bulls,East Carolina Pirates,75,69,0,2,58,151,45.6,35.5
2024-12-31,401725515,North Texas Mean Green,UAB Blazers,78,75,0,2,249,5,44.0,41.1
2024-12-31,401725630,Kansas State Wildcats,Cincinnati Bearcats,70,67,0,2,2306,2132,43.6,46.7
2024-12-31,401725631,Colorado Buffaloes,Iowa State Cyclones,69,79,0,2,38,66,49.1,42.6
2024-12-31,401725632,Arizona Wildcats,TCU Horned Frogs,90,81,0,2,12,2628,56.9,46.0
2024-12-31,401725633,Oklahoma State Cowboys,Houston Cougars,47,60,0,2,197,248,25.9,42.1
2024-12-31,401725634,BYU Cougars,Arizona State Sun Devils,76,56,0,2,252,9,48.3,36.8
2024-12-31,401725635,Baylor Bears,Utah Utes,81,56,0,2,239,254,40.6,31.8
2024-12-31,401725636,Texas Tech Red Raiders,UCF Knights,83,87,0,2,2641,2116,45.8,51.8
2024-12-31,401725637,Kansas Jayhawks,West Virginia Mountaineers,61,62,0,2,2305,277,38.8,43.3
2024-12-31,401726399,Jacksonville State Gamecocks,Fort Valley State Wildcats,111,70,0,2,55,2232,61.5,43.1
2024-12-31,401727072,South Alabama Jaguars,Mobile Rams,106,41,0,2,6,2920,56.2,31.9
2024-12-31,401727076,Southern Miss Golden Eagles,William Carey Crusaders,80,70,0,2,2572,2730,46.2,40.3
2024-12-31,401727114,Oral Roberts Golden Eagles,Texas A&M-Texarkana Eagles,92,54,0,2,198,123286,61.1,37.3
2024-12-31,401727127,North Carolina Central Eagles,St. Andrews Knights,121,61,0,2,2428,2592,56.3,32.8
2024-12-31,401727541,Arkansas Razorbacks,Oakland Golden Grizzlies,92,62,0,2,8,2473,60.3,40.0
2024-12-31,401732290,Lamar Cardinals,Texas A&M-San Antonio Jaguars,82,65,0,2,2320,130174,48.5,39.7
2025-01-01,401700288,Southern Indiana Screaming Eagles,Morehead State Eagles,68,70,0,2,88,2413,42.9,47.1
2025-01-01,401706410,East Tennessee State Buccaneers,VMI Keydets,84,69,0,2,2193,2678,48.4,42.3
2025-01-01,401706411,Western Carolina Catamounts,Furman Paladins,61,90,0,2,2717,231,33.9,45.3
2025-01-01,401706412,Mercer Bears,Chattanooga Mocs,99,94,0,2,2382,236,44.6,48.7
2025-01-01,401706413,Wofford Terriers,UNC Greensboro Spartans,66,68,0,2,2747,2430,44.4,38.6
2025-01-01,401714416,Northern Kentucky Norse,Purdue Fort Wayne Mastodons,69,68,0,2,94,2870,39.7,40.0
2025-01-01,401714417,IU Indianapolis Jaguars,Youngstown State Penguins,61,77,0,2,85,2754,30.6,42.9
2025-01-01,401719083,DePaul Blue Demons,UConn Huskies,68,81,0,2,305,41,39.6,48.4
2025-01-01,401719084,Butler Bulldogs,Villanova Wildcats,65,73,0,2,2086,222,42.3,42.4
2025-01-01,401720953,Dartmouth Big Green,Colby Sawyer Chargers,108,55,0,2,159,35,52.9,38.1
2025-01-01,401721713,Yale Bulldogs,Howard Bison,93,65,0,2,43,47,54.1,45.6
2025-01-01,401722242,Nevada Wolf Pack,Utah State Aggies,64,69,0,2,2440,328,42.1,52.2
2025-01-01,401722430,Wyoming Cowboys,Boise State Broncos,58,67,0,2,2751,68,35.1,45.7
2025-01-01,401722454,UIC Flames,Drake Bulldogs,74,70,0,2,82,2181,57.4,49.1
2025-01-01,401722455,Southern Illinois Salukis,Evansville Purple Aces,53,68,0,2,79,339,31.1,48.0
2025-01-01,401724784,Pittsburgh Panthers,California Golden Bears,86,74,0,2,221,25,50.0,40.0
2025-01-01,401724785,Clemson Tigers,Stanford Cardinal,85,71,0,2,228,24,48.3,44.3
2025-01-01,401724786,Boston College Eagles,Miami Hurricanes,78,68,0,2,103,2390,46.4,39.1
2025-01-01,401724787,Louisville Cardinals,North Carolina Tar Heels,83,70,0,2,97,153,44.8,40.0
2025-01-01,401725516,Tulsa Golden Hurricane,Rice Owls,64,70,0,2,202,242,35.6,46.6
2025-01-01,401727148,Fresno State Bulldogs,New Mexico Lobos,89,103,0,2,278,167,43.3,58.6
2025-01-02,401706409,Samford Bulldogs,The Citadel Bulldogs,86,56,0,2,2535,2643,46.8,39.1
2025-01-02,401711598,North Florida Ospreys,Austin Peay Governors,89,97,0,2,2454,2046,46.8,51.9
2025-01-02,401714516,App State Mountaineers,Troy Trojans,61,69,0,2,2026,2653,37.5,43.9
2025-01-02,401721843,Holy Cross Crusaders,Loyola Maryland Greyhounds,74,72,0,2,107,2352,50.0,40.0
2025-01-02,401722452,Northern Iowa Panthers,Belmont Bruins,76,70,0,2,2460,2057,45.3,39.3
2025-01-02,401722453,Indiana State Sycamores,Bradley Braves,89,90,0,2,282,71,41.4,50.0
2025-01-02,401722456,Missouri State Bears,Valparaiso Beacons,72,73,0,2,2623,2674,58.0,52.8
2025-01-02,401727864,Charleston Southern Buccaneers,Gardner-Webb Runnin' Bulldogs,72,63,0,2,2127,2241,39.7,33.9
2025-01-02,401727866,Presbyterian Blue Hose,Longwood Lancers,68,60,0,2,2506,2344,40.7,36.4
2025-01-02,401727867,Winthrop Eagles,South Carolina Upstate Spartans,95,76,0,2,2737,2908,60.7,40.0
2025-01-03,401700174,New Mexico State Aggies,Sam Houston Bearkats,75,71,0,2,166,2534,41.4,44.1
2025-01-03,401700175,UTEP Miners,Louisiana Tech Bulldogs,70,60,0,2,2638,2348,37.9,40.0
2025-01-03,401700176,Liberty Flames,Western Kentucky Hilltoppers,70,71,0,2,2335,98,43.5,45.2
2025-01-03,401700177,Florida International Panthers,Middle Tennessee Blue Raiders,69,73,0,2,2229,2393,50.9,45.6
2025-01-03,401700289,Eastern Illinois Panthers,Lindenwood Lions,78,74,0,2,2197,2815,47.2,35.0
2025-01-03,401700290,UT Martin Skyhawks,Little Rock Trojans,56,57,0,2,2630,2031,29.1,39.2
2025-01-03,401700291,Tennessee State Tigers,Southeast Missouri State Redhawks,65,67,0,2,2634,2546,47.2,40.7
2025-01-03,401700292,SIU Edwardsville Cougars,Western Illinois Leathernecks,77,66,0,2,2565,2710,60.0,43.6
2025-01-03,401700293,Tennessee Tech Golden Eagles,Southern Indiana Screaming Eagles,68,64,0,2,2635,88,41.5,33.8
2025-01-03,401706192,Merrimack Warriors,Fairfield Stags,67,54,0,2,2771,2217,50.0,36.8
2025-01-03,401706301,Bowling Green Falcons,Akron Zips,68,71,0,2,189,2006,34.8,38.8
2025-01-03,401706499,South Dakota State Jackrabbits,Denver Pioneers,91,70,0,2,2571,2172,52.3,34.9
2025-01-03,401706500,North Dakota Fighting Hawks,Omaha Mavericks,85,95,0,2,155,2437,44.3,57.1
2025-01-03,401706501,Kansas City Roos,South Dakota Coyotes,68,54,0,2,140,233,41.1,29.8
2025-01-03,401706502,North Dakota State Bison,St. Thomas Tommies,85,89,0,2,2449,2900,42.6,54.4
2025-01-03,401706672,Gonzaga Bulldogs,Portland Pilots,81,50,0,2,2250,2501,42.6,33.3
2025-01-03,401706673,Loyola Marymount Lions,Oregon State Beavers,82,61,0,2,2351,204,50.8,39.6
2025-01-03,401706674,Pacific Tigers,San Francisco Dons,81,89,0,2,279,2539,51.9,50.9
2025-01-03,401706675,San Diego Toreros,Santa Clara Broncos,80,81,0,2,301,2541,44.9,44.8
2025-01-03,401706676,Saint Mary's Gaels,Pepperdine Waves,71,41,0,2,2608,2492,41.2,31.5
2025-01-03,401709981,Long Beach State Beach,UC Riverside Highlanders,60,76,0,2,299,27,43.4,44.8
2025-01-03,401711617,Central Arkansas Bears,Eastern Kentucky Colonels,83,89,0,2,2110,2198,40.7,40.8
2025-01-03,401711635,West Georgia Wolves,Florida Gulf Coast Eagles,68,79,0,2,2698,526,42.6,49.1
2025-01-03,401711652,Jacksonville Dolphins,Lipscomb Bisons,65,70,0,2,294,288,49.0,56.4
2025-01-03,401711692,North Alabama Lions,Bellarmine Knights,82,66,0,2,2453,91,49.2,41.1
2025-01-03,401711714,Queens University Royals,Stetson Hatters,96,87,0,2,2511,56,,
2025-01-03,401713721,Monmouth Hawks,Stony Brook Seawolves,78,56,0,2,2405,2619,54.9,32.8
2025-01-03,401713722,Campbell Fighting Camels,Drexel Dragons,57,54,0,2,2097,2182,38.9,37.7
2025-01-03,401713723,Northeastern Huskies,Delaware Blue Hens,80,77,0,2,111,48,42.0,46.4
2025-01-03,401713724,UNC Wilmington Seahawks,Towson Tigers,61,65,0,2,350,119,33.9,35.2
2025-01-03,401713725,Hofstra Pride,William & Mary Tribe,56,74,0,2,2275,2729,37.5,52.9
2025-01-03,401713726,Charleston Cougars,Hampton Pirates,94,67,0,2,232,2261,49.1,35.9
2025-01-03,401714187,North Carolina A&T Aggies,Elon Phoenix,67,75,0,2,2448,2210,35.9,39.0
2025-01-03,401714310,Cal Poly Mustangs,UC Irvine Anteaters,89,98,0,2,13,300,41.0,44.0
2025-01-03,401714311,Hawai'i Rainbow Warriors,UC Santa Barbara Gauchos,61,64,0,2,62,2540,44.2,39.7
2025-01-03,401714312,Cal State Fullerton Titans,Cal State Northridge Matadors,65,95,0,2,2239,2463,43.5,45.5
2025-01-03,401714313,Cal State Bakersfield Roadrunners,UC Davis Aggies,75,64,0,2,2934,302,36.7,37.7
2025-01-03,401714418,Wright State Raiders,Green Bay Phoenix,74,51,0,2,2750,2739,48.3,35.2
2025-01-03,401714419,Oakland Golden Grizzlies,Milwaukee Panthers,65,49,0,2,2473,270,42.3,36.4
2025-01-03,401714420,Detroit Mercy Titans,Robert Morris Colonials,78,76,0,2,2174,2523,46.3,36.4
2025-01-03,401714514,Old Dominion Monarchs,Arkansas State Red Wolves,59,78,0,2,295,2032,26.6,43.5
2025-01-03,401714515,Coastal Carolina Chanticleers,Louisiana Ragin' Cajuns,68,71,0,2,324,309,46.8,46.3
2025-01-03,401714517,Marshall Thundering Herd,Texas State Bobcats,77,71,0,2,276,326,50.0,49.1
2025-01-03,401714518,Georgia Southern Eagles,UL Monroe Warhawks,90,82,0,2,290,2433,52.5,42.9
2025-01-03,401714519,Georgia State Panthers,South Alabama Jaguars,51,77,0,2,2247,6,36.0,47.0
2025-01-03,401714520,James Madison Dukes,Southern Miss Golden Eagles,83,72,0,2,256,2572,,
2025-01-03,401718475,Eastern Washington Eagles,Montana Grizzlies,81,92,0,2,331,149,46.0,56.4
2025-01-03,401719378,Northern Colorado Bears,Weber State Wildcats,89,72,0,2,2458,2692,58.8,46.3
2025-01-03,401720649,Idaho Vandals,Montana State Bobcats,69,64,0,2,70,147,39.3,38.6
2025-01-03,401720920,Northern Arizona Lumberjacks,Idaho State Bengals,67,72,0,2,2464,304,39.7,46.4
2025-01-03,401721322,Indiana Hoosiers,Rutgers Scarlet Knights,84,74,0,2,84,164,38.9,44.3
2025-01-03,401721323,Minnesota Golden Gophers,Purdue Boilermakers,61,81,0,2,135,2509,48.1,50.0
2025-01-03,401721324,Oregon Ducks,Illinois Fighting Illini,77,109,0,2,2483,356,43.5,57.5
2025-01-03,401721325,Penn State Nittany Lions,Northwestern Wildcats,84,80,0,2,213,77,50.0,45.9
2025-01-03,401721326,Washington Huskies,Maryland Terrapins,75,69,0,2,264,120,45.6,44.8
2025-01-03,401721840,Navy Midshipmen,American University Eagles,81,58,0,2,2426,44,54.5,37.5
2025-01-03,401721841,Lehigh Mountain Hawks,Bucknell Bison,66,64,0,2,2329,2083,33.8,40.0
2025-01-03,401721842,Lafayette Leopards,Boston University Terriers,60,46,0,2,322,104,32.1,32.7
2025-01-03,401721844,Colgate Raiders,Army Black Knights,71,59,0,2,2142,349,48.3,41.1
2025-01-03,401722457,Murray State Racers,Illinois State Redbirds,68,74,0,2,93,2287,41.7,53.1
2025-01-03,401725517,Florida Atlantic Owls,Memphis Tigers,62,90,0,2,2226,235,32.4,55.9
2025-01-03,401727865,High Point Panthers,Radford Highlanders,76,58,0,2,2272,2515,46.7,39.6
2025-01-04,401700178,New Mexico State Aggies,Louisiana Tech Bulldogs,78,48,0,2,166,2348,55.6,31.5
2025-01-04,401700180,Florida International Panthers,Western Kentucky Hilltoppers,85,66,0,2,2229,98,46.6,36.8
2025-01-04,401700181,Liberty Flames,Middle Tennessee Blue Raiders,73,63,0,2,2335,2393,43.8,37.9
2025-01-04,401700182,Kennesaw State Owls,Jacksonville State Gamecocks,83,71,0,2,338,55,45.5,36.2
2025-01-04,401700294,Eastern Illinois Panthers,Western Illinois Leathernecks,67,75,0,2,2197,2710,40.7,51.9
2025-01-04,401700295,SIU Edwardsville Cougars,Lindenwood Lions,58,47,0,2,2565,2815,34.8,32.1
2025-01-04,401700296,Tennessee State Tigers,Little Rock Trojans,95,86,0,2,2634,2031,46.0,44.1
2025-01-04,401700297,Tennessee Tech Golden Eagles,Morehead State Eagles,74,55,0,2,2635,2413,46.4,36.5
2025-01-04,401700298,UT Martin Skyhawks,Southeast Missouri State Redhawks,66,63,0,2,2630,2546,40.8,39.0
2025-01-04,401706193,Saint Peter's Peacocks,Quinnipiac Bobcats,46,59,0,2,2612,2514,31.5,35.5
2025-01-04,401706194,Siena Saints,Manhattan Jaspers,103,95,0,2,2561,2363,42.2,47.1
2025-01-04,401706195,Iona Gaels,Marist Red Foxes,65,70,0,2,314,2368,33.3,50.0
2025-01-04,401706302,Kent State Golden Flashes,Ball State Cardinals,67,75,0,2,2309,2050,35.8,52.2
2025-01-04,401706303,Miami (OH) RedHawks,Buffalo Bulls,93,79,0,2,193,2084,45.1,50.9
2025-01-04,401706304,Eastern Michigan Eagles,Northern Illinois Huskies,75,71,0,2,2199,2459,45.0,39.6
2025-01-04,401706306,Western Michigan Broncos,Toledo Rockets,70,76,0,2,2711,2649,34.2,39.1
2025-01-04,401706414,The Citadel Bulldogs,Chattanooga Mocs,68,81,0,2,2643,236,44.2,51.7
2025-01-04,401706415,East Tennessee State Buccaneers,Wofford Terriers,78,81,0,2,2193,2747,54.3,61.7
2025-01-04,401706416,UNC Greensboro Spartans,Furman Paladins,84,67,0,2,2430,231,57.4,39.3
2025-01-04,401706417,VMI Keydets,Mercer Bears,67,70,0,2,2678,2382,40.0,44.6
2025-01-04,401706418,Western Carolina Catamounts,Samford Bulldogs,69,88,0,2,2717,2535,39.3,52.8
2025-01-04,401706504,North Dakota State Bison,Omaha Mavericks,80,85,0,2,2449,2437,41.8,43.7
2025-01-04,401706505,Kansas City Roos,Oral Roberts Golden Eagles,90,67,0,2,140,198,57.1,38.9
2025-01-04,401706506,North Dakota Fighting Hawks,St. Thomas Tommies,80,88,0,2,155,2900,39.7,54.4
2025-01-04,401706573,Utah Valley Wolverines,Abilene Christian Wildcats,64,53,0,2,3084,2000,46.9,32.2
2025-01-04,401706681,Oregon State Beavers,San Diego Toreros,81,54,0,2,204,301,57.8,29.3
2025-01-04,401708300,Alabama Crimson Tide,Oklahoma Sooners,107,79,0,2,333,201,50.0,47.8
2025-01-04,401708301,Auburn Tigers,Missouri Tigers,84,68,0,2,2,142,57.1,38.2
2025-01-04,401708302,Kentucky Wildcats,Florida Gators,106,100,0,2,96,57,57.8,55.0
2025-01-04,401708303,LSU Tigers,Vanderbilt Commodores,72,80,0,2,99,238,50.0,43.8
2025-01-04,401708304,Ole Miss Rebels,Georgia Bulldogs,63,51,0,2,145,61,41.2,29.3
2025-01-04,401708305,Mississippi State Bulldogs,South Carolina Gamecocks,85,50,0,2,344,2579,56.5,29.1
2025-01-04,401708306,Tennessee Volunteers,Arkansas Razorbacks,76,52,0,2,2633,8,39.1,37.7
2025-01-04,401711599,Jacksonville Dolphins,Austin Peay Governors,68,44,0,2,294,2046,46.2,27.5
2025-01-04,401711618,North Alabama Lions,Eastern Kentucky Colonels,88,67,0,2,2453,2198,47.8,34.8
2025-01-04,401711636,Queens University Royals,Florida Gulf Coast Eagles,92,83,0,2,2511,526,51.7,44.8
2025-01-04,401711667,North Florida Ospreys,Lipscomb Bisons,64,96,0,2,2454,288,35.9,54.1
2025-01-04,401714188,Northeastern Huskies,Hofstra Pride,37,55,0,2,111,2275,21.3,41.5
2025-01-04,401714189,Delaware Blue Hens,Monmouth Hawks,84,64,0,2,48,2405,51.7,32.7
2025-01-04,401714190,North Carolina A&T Aggies,Drexel Dragons,59,68,0,2,2448,2182,30.6,44.1
2025-01-04,401714191,Charleston Cougars,Towson Tigers,77,69,0,2,232,119,46.0,42.0
2025-01-04,401714192,Stony Brook Seawolves,William & Mary Tribe,76,83,0,2,2619,2729,45.5,51.9
2025-01-04,401714356,Cal State Northridge Matadors,UC Davis Aggies,73,61,0,2,2463,302,47.4,30.2
2025-01-04,401714421,Northern Kentucky Norse,Green Bay Phoenix,78,60,0,2,94,2739,45.3,42.0
2025-01-04,401714422,Detroit Mercy Titans,Milwaukee Panthers,56,64,0,2,2174,270,37.0,30.8
2025-01-04,401714423,Cleveland State Vikings,IU Indianapolis Jaguars,67,61,0,2,325,85,42.6,35.8
2025-01-04,401714425,Oakland Golden Grizzlies,Robert Morris Colonials,71,79,0,2,2473,2523,39.1,45.5
2025-01-04,401714521,James Madison Dukes,Arkansas State Red Wolves,67,62,0,2,256,2032,40.7,44.3
2025-01-04,401714523,Marshall Thundering Herd,Troy Trojans,57,58,0,2,276,2653,39.3,37.3
2025-01-04,401714524,App State Mountaineers,Texas State Bobcats,72,61,0,2,2026,326,52.9,37.7
2025-01-04,401714525,Coastal Carolina Chanticleers,UL Monroe Warhawks,70,51,0,2,324,2433,45.3,34.5
2025-01-04,401714526,Georgia Southern Eagles,South Alabama Jaguars,47,76,0,2,290,6,33.3,46.3
2025-01-04,401714527,Old Dominion Monarchs,Southern Miss Golden Eagles,74,71,0,2,295,2572,46.3,45.1
2025-01-04,401716071,SE Louisiana Lions,Texas A&M-Corpus Christi Islanders,71,80,0,2,2545,357,45.8,50.0
2025-01-04,401716121,Stephen F. Austin Lumberjacks,Incarnate Word Cardinals,49,55,0,2,2617,2916,31.4,35.7
2025-01-04,401718476,Eastern Washington Eagles,Montana State Bobcats,68,63,0,2,331,147,44.6,36.5
2025-01-04,401719085,Georgetown Hoyas,Xavier Musketeers,69,63,0,2,46,2752,44.6,35.1
2025-01-04,401719086,Marquette Golden Eagles,Creighton Bluejays,79,71,0,2,269,156,41.4,40.0
2025-01-04,401719087,St. John's Red Storm,Butler Bulldogs,70,62,0,2,2599,2086,36.6,39.0
2025-01-04,401719088,Villanova Wildcats,DePaul Blue Demons,100,56,0,2,222,305,59.7,33.3
2025-01-04,401719379,Northern Colorado Bears,Idaho State Bengals,93,92,0,2,2458,304,62.1,54.7
2025-01-04,401719659,Sacramento State Hornets,Portland State Vikings,56,53,0,2,16,2502,37.3,41.2
2025-01-04,401720525,Northern Arizona Lumberjacks,Weber State Wildcats,80,77,0,2,2464,2692,50.9,44.8
2025-01-04,401720650,Idaho Vandals,Montana Grizzlies,71,73,0,2,70,149,42.2,53.8
2025-01-04,401720715,East Texas A&M Lions,McNeese Cowboys,56,75,0,2,2837,2377,31.3,50.9
2025-01-04,401720736,LSU New Orleans Privateers,UT Rio Grande Valley Vaqueros,64,76,0,2,2443,292,38.7,39.4
2025-01-04,401720795,New Hampshire Wildcats,Vermont Catamounts,40,60,0,2,160,261,28.3,40.7
2025-01-04,401720796,UAlbany Great Danes,UMass Lowell River Hawks,69,73,0,2,399,2349,40.5,48.2
2025-01-04,401720797,Binghamton Bearcats,UMBC Retrievers,87,82,0,2,2066,2378,55.2,55.2
2025-01-04,401720798,Bryant Bulldogs,Maine Black Bears,81,55,0,2,2803,311,50.0,34.0
2025-01-04,401721092,Saint Francis Red Wolves,Central Connecticut Blue Devils,59,74,0,2,2598,2115,42.1,47.5
2025-01-04,401721116,Wagner Seahawks,Chicago State Cougars,52,64,0,2,2681,2130,38.0,50.0
2025-01-04,401721160,Long Island University Sharks,Le Moyne Dolphins,78,62,0,2,112358,2330,55.6,43.8
2025-01-04,401721179,Mercyhurst Lakers,Stonehill Skyhawks,76,69,0,2,2385,284,44.2,42.3
2025-01-04,401721235,Alabama A&M Bulldogs,Arkansas-Pine Bluff Golden Lions,89,79,0,2,2010,2029,49.2,44.8
2025-01-04,401721287,Alcorn State Braves,Jackson State Tigers,69,72,0,2,2016,2296,50.0,40.4
2025-01-04,401721327,Ohio State Buckeyes,Michigan State Spartans,62,69,0,2,194,127,36.7,43.6
2025-01-04,401721328,Wisconsin Badgers,Iowa Hawkeyes,116,85,0,2,275,2294,64.5,48.5
2025-01-04,401721329,Nebraska Cornhuskers,UCLA Bruins,66,58,0,2,158,26,32.7,38.6
2025-01-04,401721714,Princeton Tigers,Kean Cougars,92,71,0,2,163,2871,50.7,44.8
2025-01-04,401721964,Central Arkansas Bears,Bellarmine Knights,71,65,0,2,2110,91,40.0,43.9
2025-01-04,401721976,West Georgia Wolves,Stetson Hatters,62,78,0,2,2698,56,34.8,52.1
2025-01-04,401722039,Florida A&M Rattlers,Bethune-Cookman Wildcats,55,62,0,2,50,2065,39.2,40.7
2025-01-04,401722108,Alabama State Hornets,Mississippi Valley State Delta Devils,84,55,0,2,2011,2400,50.0,35.1
2025-01-04,401722124,Prairie View A&M Panthers,Grambling Tigers,73,55,0,2,2504,2755,53.8,55.6
2025-01-04,401722142,Texas Southern Tigers,Southern Jaguars,58,67,0,2,2640,2582,27.9,44.2
2025-01-04,401722156,Air Force Falcons,Wyoming Cowboys,65,70,0,2,2005,2751,56.5,57.1
2025-01-04,401722243,New Mexico Lobos,Nevada Wolf Pack,82,81,0,2,167,2440,46.9,42.4
2025-01-04,401722350,Boise State Broncos,San Diego State Aztecs,68,76,0,2,68,21,37.7,44.3
2025-01-04,401722373,UNLV Rebels,San José State Spartans,79,73,0,2,2439,23,50.9,40.7
2025-01-04,401722458,Evansville Purple Aces,Indiana State Sycamores,62,66,0,2,339,282,40.7,40.7
2025-01-04,401722460,Belmont Bruins,UIC Flames,92,87,0,2,2057,82,47.8,46.9
2025-01-04,401722461,Valparaiso Beacons,Northern Iowa Panthers,80,73,0,2,2674,2460,42.4,50.0
2025-01-04,401723695,Coppin State Eagles,North Carolina Central Eagles,63,61,0,2,2154,2428,42.6,43.4
2025-01-04,401723728,Norfolk State Spartans,Maryland Eastern Shore Hawks,81,59,0,2,2450,2379,57.9,35.4
2025-01-04,401723754,Morgan State Bears,South Carolina State Bulldogs,72,86,0,2,2415,2569,53.1,55.0
2025-01-04,401724226,Saint Louis Billikens,Saint Joseph's Hawks,73,57,0,2,139,2603,49.1,32.8
2025-01-04,401724347,George Washington Revolutionaries,Dayton Flyers,82,62,0,2,45,2168,45.9,35.0
2025-01-04,401724348,Rhode Island Rams,George Mason Patriots,62,59,0,2,227,2244,33.3,45.3
2025-01-04,401724349,Davidson Wildcats,Duquesne Dukes,77,71,0,2,2166,2184,51.0,46.0
2025-01-04,401724350,Fordham Rams,St. Bonaventure Bonnies,66,86,0,2,2230,179,43.6,52.5
2025-01-04,401724351,Loyola Chicago Ramblers,VCU Rams,65,84,0,2,2350,2670,38.2,49.2
2025-01-04,401724352,Massachusetts Minutemen,Richmond Spiders,64,72,0,2,113,257,41.7,36.1
2025-01-04,401724788,Notre Dame Fighting Irish,North Carolina Tar Heels,73,74,0,2,87,153,43.9,52.9
2025-01-04,401724789,Wake Forest Demon Deacons,NC State Wolfpack,77,59,0,2,154,152,54.9,40.0
2025-01-04,401724790,Virginia Tech Hokies,Miami Hurricanes,86,85,0,2,259,2390,54.2,58.9
2025-01-04,401724791,SMU Mustangs,Duke Blue Devils,62,89,0,2,2567,150,34.3,53.2
2025-01-04,401724792,Virginia Cavaliers,Louisville Cardinals,50,70,0,2,258,97,37.0,43.9
2025-01-04,401724793,Florida State Seminoles,Syracuse Orange,90,74,0,2,52,183,53.6,44.1
2025-01-04,401724795,Pittsburgh Panthers,Stanford Cardinal,83,68,0,2,221,24,56.4,35.3
2025-01-04,401724796,Georgia Tech Yellow Jackets,Boston College Eagles,85,64,0,2,59,103,58.5,42.4
2025-01-04,401725518,Temple Owls,Wichita State Shockers,91,85,0,2,218,2724,50.0,47.7
2025-01-04,401725519,UAB Blazers,Tulsa Golden Hurricane,83,51,0,2,5,202,49.3,33.3
2025-01-04,401725520,Rice Owls,Charlotte 49ers,68,55,0,2,242,2429,45.3,37.7
2025-01-04,401725521,Tulane Green Wave,UTSA Roadrunners,92,63,0,2,2655,2636,63.5,34.4
2025-01-04,401725638,Cincinnati Bearcats,Arizona Wildcats,67,72,0,2,2132,12,39.1,43.4
2025-01-04,401725639,Houston Cougars,BYU Cougars,86,55,0,2,248,252,49.2,37.5
2025-01-04,401725640,Arizona State Sun Devils,Colorado Buffaloes,81,61,0,2,9,38,51.9,34.8
2025-01-04,401725641,TCU Horned Frogs,Kansas State Wildcats,63,62,0,2,2628,2306,39.3,39.1
2025-01-04,401725642,West Virginia Mountaineers,Oklahoma State Cowboys,69,50,0,2,277,197,41.8,33.3
2025-01-04,401725644,Iowa State Cyclones,Baylor Bears,74,55,0,2,66,239,49.0,29.7
2025-01-04,401726447,Northwestern State Demons,Nicholls Colonels,68,66,0,2,2466,2447,38.6,42.9
2025-01-04,401727261,NJIT Highlanders,Medgar Evers Cougars,107,51,0,2,2885,2380,49.4,29.4
2025-01-04,401727869,Gardner-Webb Runnin' Bulldogs,Presbyterian Blue Hose,63,61,0,2,2241,2506,43.6,37.3
2025-01-04,401727870,UNC Asheville Bulldogs,High Point Panthers,103,99,0,2,2427,2272,50.7,49.2
2025-01-04,401727871,Radford Highlanders,Winthrop Eagles,87,67,0,2,2515,2737,51.9,35.6
2025-01-05,401700179,UTEP Miners,Sam Houston Bearkats,81,72,0,2,2638,2534,54.9,44.6
2025-01-05,401706196,Sacred Heart Pioneers,Canisius Golden Griffins,99,82,0,2,2529,2099,53.6,45.2
2025-01-05,401706197,Marist Red Foxes,Quinnipiac Bobcats,69,62,0,2,2368,2514,43.1,37.3
2025-01-05,401706198,Mount St. Mary's Mountaineers,Niagara Purple Eagles,68,62,0,2,116,315,47.8,39.1
2025-01-05,401706199,Rider Broncs,Manhattan Jaspers,79,80,0,2,2520,2363,41.9,50.0
2025-01-05,401706200,Siena Saints,Iona Gaels,73,74,0,2,2561,314,44.4,44.3
2025-01-05,401706305,Central Michigan Chippewas,Ohio Bobcats,55,57,0,2,2117,195,32.8,43.6
2025-01-05,401706503,South Dakota Coyotes,Denver Pioneers,91,84,0,2,233,2172,48.2,48.4
2025-01-05,401706571,California Baptist Lancers,Seattle U Redhawks,61,59,0,2,2856,2547,44.6,39.7
2025-01-05,401706572,Grand Canyon Lopes,Southern Utah Thunderbirds,82,71,0,2,2253,253,39.7,44.6
2025-01-05,401706574,Tarleton State Texans,UT Arlington Mavericks,77,74,0,2,2627,250,48.1,51.2
2025-01-05,401706677,Loyola Marymount Lions,Gonzaga Bulldogs,68,96,0,2,2351,2250,38.2,52.8
2025-01-05,401706678,Washington State Cougars,San Francisco Dons,91,82,0,2,265,2539,49.0,41.8
2025-01-05,401706679,Portland Pilots,Saint Mary's Gaels,58,81,0,2,2501,2608,37.0,44.1
2025-01-05,401706680,Pacific Tigers,Pepperdine Waves,70,87,0,2,279,2492,39.3,57.4
2025-01-05,401708307,Texas A&M Aggies,Texas Longhorns,80,60,0,2,245,251,47.4,34.6
2025-01-05,401709982,Cal State Bakersfield Roadrunners,Long Beach State Beach,80,65,0,2,2934,299,45.8,51.1
2025-01-05,401714193,Elon Phoenix,Hampton Pirates,70,62,0,2,2210,2261,43.5,36.2
2025-01-05,401714194,UNC Wilmington Seahawks,Campbell Fighting Camels,77,69,0,2,350,2097,43.4,48.1
2025-01-05,401714355,Cal State Fullerton Titans,UC San Diego Tritons,51,90,0,2,2239,28,32.7,52.5
2025-01-05,401714357,Hawai'i Rainbow Warriors,Cal Poly Mustangs,68,55,0,2,62,13,45.1,33.8
2025-01-05,401714358,UC Irvine Anteaters,UC Riverside Highlanders,81,57,0,2,300,27,49.1,31.7
2025-01-05,401714424,Purdue Fort Wayne Mastodons,Youngstown State Penguins,90,81,0,2,2870,2754,52.3,47.7
2025-01-05,401714522,Georgia State Panthers,Louisiana Ragin' Cajuns,94,70,0,2,2247,309,52.5,35.7
2025-01-05,401715964,Lamar Cardinals,Houston Christian Huskies,63,61,0,2,2320,2277,41.8,39.7
2025-01-05,401719089,UConn Huskies,Providence Friars,87,84,0,2,41,2507,56.3,50.0
2025-01-05,401721093,Mercyhurst Lakers,Central Connecticut Blue Devils,50,62,0,2,2385,2115,34.5,44.8
2025-01-05,401721117,Long Island University Sharks,Chicago State Cougars,53,39,0,2,112358,2130,38.0,29.2
2025-01-05,401721139,Wagner Seahawks,Fairleigh Dickinson Knights,59,71,0,2,2681,161,31.4,52.8
2025-01-05,401721330,USC Trojans,Michigan Wolverines,74,85,0,2,30,130,43.5,52.7
2025-01-05,401721331,Oregon Ducks,Maryland Terrapins,83,79,0,2,2483,120,51.8,47.5
2025-01-05,401721332,Penn State Nittany Lions,Indiana Hoosiers,71,77,0,2,213,84,46.0,44.8
2025-01-05,401721333,Purdue Boilermakers,Northwestern Wildcats,79,61,0,2,2509,77,50.9,38.3
2025-01-05,401721334,Washington Huskies,Illinois Fighting Illini,77,81,0,2,264,356,43.1,47.0
2025-01-05,401721715,Cornell Big Red,Penn State Schuylkill Nittany Lions,123,71,0,2,172,128344,57.1,44.4
2025-01-05,401721716,Brown Bears,Johnson & Wales Griffins,98,57,0,2,225,353,53.6,37.7
2025-01-05,401721717,Harvard Crimson,Bowdoin Polar Bears,71,65,0,2,108,340,48.1,41.7
2025-01-05,401721845,Bucknell Bison,Colgate Raiders,66,60,0,2,2083,2142,42.9,41.5
2025-01-05,401721846,Loyola Maryland Greyhounds,Lehigh Mountain Hawks,80,74,0,2,2352,2329,48.1,40.0
2025-01-05,401721847,American University Eagles,Holy Cross Crusaders,75,64,0,2,44,107,50.0,42.1
2025-01-05,401721848,Boston University Terriers,Army Black Knights,71,63,0,2,104,349,50.9,40.7
2025-01-05,401721849,Navy Midshipmen,Lafayette Leopards,71,70,0,2,2426,322,44.1,45.8
2025-01-05,401721942,Saint Francis Red Wolves,Stonehill Skyhawks,60,64,0,2,2598,284,36.8,39.3
2025-01-05,401722395,Utah State Aggies,Fresno State Bulldogs,89,83,0,2,328,278,48.4,48.3
2025-01-05,401722459,Bradley Braves,Missouri State Bears,69,60,0,2,71,2623,48.9,38.1
2025-01-05,401722462,Drake Bulldogs,Murray State Racers,59,66,0,2,2181,93,41.2,55.0
2025-01-05,401722463,Illinois State Redbirds,Southern Illinois Salukis,85,54,0,2,2287,79,60.8,35.7
2025-01-05,401723707,Howard Bison,Delaware State Hornets,100,94,0,2,47,2169,59.6,47.0
2025-01-05,401724794,Clemson Tigers,California Golden Bears,80,68,0,2,228,25,62.0,45.6
2025-01-05,401725522,Memphis Tigers,North Texas Mean Green,68,64,0,2,235,249,54.5,43.1
2025-01-05,401725523,East Carolina Pirates,Florida Atlantic Owls,76,78,0,2,151,2226,38.2,53.4
2025-01-05,401725643,Utah Utes,Texas Tech Red Raiders,65,93,0,2,254,2641,42.3,58.6
2025-01-05,401725645,UCF Knights,Kansas Jayhawks,48,99,0,2,2116,2305,20.6,50.6
2025-01-05,401727868,Longwood Lancers,Charleston Southern Buccaneers,83,78,0,2,2344,2127,53.8,51.1
2025-01-06,401723716,Delaware State Hornets,Norfolk State Spartans,64,73,0,2,2169,2450,36.8,46.4
2025-01-07,401715965,Stephen F. Austin Lumberjacks,Houston Christian Huskies,73,83,0,2,2617,2277,49.0,47.4
2025-01-07,401716072,SE Louisiana Lions,UT Rio Grande Valley Vaqueros,79,75,0,2,2545,292,46.3,37.7
2025-01-07,401716122,Lamar Cardinals,Incarnate Word Cardinals,72,58,0,2,2320,2916,48.3,44.2
2025-01-07,401719093,Xavier Musketeers,St. John's Red Storm,72,82,0,2,2752,2599,36.7,42.0
2025-01-07,401720716,Northwestern State Demons,McNeese Cowboys,69,92,0,2,2466,2377,41.2,54.4
2025-01-07,401720737,LSU New Orleans Privateers,Texas A&M-Corpus Christi Islanders,83,97,0,2,2443,357,43.9,58.7
2025-01-07,401721236,Alabama A&M Bulldogs,Mississippi Valley State Delta Devils,79,67,0,2,2010,2400,45.5,40.7
2025-01-07,401721335,Minnesota Golden Gophers,Ohio State Buckeyes,88,89,0,2,135,194,45.7,43.5
2025-01-07,401721336,Rutgers Scarlet Knights,Wisconsin Badgers,63,75,0,2,164,275,34.2,54.4
2025-01-07,401722125,Prairie View A&M Panthers,Southern Jaguars,80,84,0,2,2504,2582,54.3,53.2
2025-01-07,401723696,Coppin State Eagles,South Carolina State Bulldogs,77,85,0,2,2154,2569,44.0,51.0
2025-01-07,401723755,Morgan State Bears,North Carolina Central Eagles,102,98,0,2,2415,2428,45.3,45.3
2025-01-07,401724711,Texas Southern Tigers,Grambling Tigers,71,66,0,2,2640,2755,39.4,33.3
2025-01-07,401725524,Wichita State Shockers,South Florida Bulls,72,91,0,2,2724,58,41.0,56.9
2025-01-07,401725646,Houston Cougars,TCU Horned Frogs,65,46,0,2,248,2628,48.1,42.6
2025-01-07,401726448,East Texas A&M Lions,Nicholls Colonels,61,83,0,2,2837,2447,41.7,56.4
2025-01-07,401727243,Alabama State Hornets,Arkansas-Pine Bluff Golden Lions,93,91,0,2,2011,2029,54.4,56.6
2025-01-08,401700299,Eastern Illinois Panthers,SIU Edwardsville Cougars,57,60,0,2,2197,2565,37.0,40.8
2025-01-08,401706307,Western Michigan Broncos,Bowling Green Falcons,79,83,0,2,2711,189,48.4,53.4
2025-01-08,401706308,Akron Zips,Central Michigan Chippewas,87,71,0,2,2006,2117,46.2,43.3
2025-01-08,401706309,Toledo Rockets,Eastern Michigan Eagles,90,87,0,2,2649,2199,51.7,55.4
2025-01-08,401706310,Northern Illinois Huskies,Kent State Golden Flashes,50,68,0,2,2459,2309,30.5,46.8
2025-01-08,401706311,Ball State Cardinals,Miami (OH) RedHawks,72,80,0,2,2050,193,43.4,55.4
2025-01-08,401706312,Buffalo Bulls,Ohio Bobcats,79,88,0,2,2084,195,42.6,50.8
2025-01-08,401706682,Saint Mary's Gaels,Loyola Marymount Lions,81,56,0,2,2608,2351,42.1,39.6
2025-01-08,401708308,Texas Longhorns,Auburn Tigers,82,87,0,2,251,2,46.4,47.5
2025-01-08,401708310,Florida Gators,Tennessee Volunteers,73,43,0,2,57,2633,39.7,21.4
2025-01-08,401708311,Georgia Bulldogs,Kentucky Wildcats,82,69,0,2,61,96,41.8,37.5
2025-01-08,401708312,Missouri Tigers,LSU Tigers,83,67,0,2,142,99,46.3,42.6
2025-01-08,401708314,Vanderbilt Commodores,Mississippi State Bulldogs,64,76,0,2,238,344,35.5,47.4
2025-01-08,401714457,Youngstown State Penguins,Northern Kentucky Norse,72,61,0,2,2754,94,44.6,38.3
2025-01-08,401714528,App State Mountaineers,Coastal Carolina Chanticleers,74,51,0,2,2026,324,44.6,34.6
2025-01-08,401719090,Marquette Golden Eagles,Georgetown Hoyas,74,66,0,2,269,46,35.6,43.6
2025-01-08,401719092,Seton Hall Pirates,DePaul Blue Demons,85,80,0,2,2550,305,52.7,42.6
2025-01-08,401719094,Villanova Wildcats,UConn Huskies,68,66,0,2,222,41,43.6,54.0
2025-01-08,401721337,Iowa Hawkeyes,Nebraska Cornhuskers,97,87,0,2,2294,158,47.5,46.5
2025-01-08,401721338,UCLA Bruins,Michigan Wolverines,75,94,0,2,26,130,41.7,61.5
2025-01-08,401721852,Holy Cross Crusaders,Navy Midshipmen,70,59,0,2,107,2426,53.7,39.7
2025-01-08,401721853,Army Black Knights,Loyola Maryland Greyhounds,74,72,0,2,349,2352,52.5,52.7
2025-01-08,401722374,San José State Spartans,Utah State Aggies,78,85,0,2,23,328,41.7,51.5
2025-01-08,401722431,Wyoming Cowboys,New Mexico Lobos,53,61,0,2,2751,167,32.2,33.3
2025-01-08,401722464,Missouri State Bears,UIC Flames,63,80,0,2,2623,82,45.8,59.3
2025-01-08,401724359,La Salle Explorers,Loyola Chicago Ramblers,68,79,0,2,2325,2350,40.9,48.1
2025-01-08,401724757,Duke Blue Devils,Pittsburgh Panthers,76,47,0,2,150,221,50.0,31.0
2025-01-08,401724758,Louisville Cardinals,Clemson Tigers,74,64,0,2,97,228,45.5,40.0
2025-01-08,401724759,Syracuse Orange,Georgia Tech Yellow Jackets,62,55,0,2,183,59,41.3,36.4
2025-01-08,401724760,North Carolina Tar Heels,SMU Mustangs,82,67,0,2,153,2567,47.4,33.3
2025-01-08,401725525,UTSA Roadrunners,Tulsa Golden Hurricane,77,82,0,2,2636,202,41.5,46.4
2025-01-08,401725526,UAB Blazers,Tulane Green Wave,81,69,0,2,5,2655,47.8,49.1
2025-01-08,401725647,West Virginia Mountaineers,Arizona Wildcats,56,75,0,2,277,12,36.2,50.8
2025-01-08,401725648,Iowa State Cyclones,Utah Utes,82,59,0,2,66,254,44.3,36.1
2025-01-08,401725649,Oklahoma State Cowboys,Kansas State Wildcats,79,66,0,2,197,2306,47.5,51.1
2025-01-08,401725650,BYU Cougars,Texas Tech Red Raiders,67,72,0,2,252,2641,43.9,44.8
2025-01-08,401725651,Baylor Bears,Cincinnati Bearcats,68,48,0,2,239,2132,50.0,34.7
2025-01-08,401727149,Colorado State Rams,Fresno State Bulldogs,91,64,0,2,36,278,50.0,38.0
2025-01-08,401727821,Boise State Broncos,UNLV Rebels,81,59,0,2,68,2439,49.2,43.2
2025-01-09,401700302,Little Rock Trojans,Morehead State Eagles,53,59,0,2,2031,2413,36.5,41.5
2025-01-09,401706419,The Citadel Bulldogs,Furman Paladins,63,67,0,2,2643,231,39.6,36.7
2025-01-09,401706420,Mercer Bears,East Tennessee State Buccaneers,68,70,0,2,2382,2193,42.6,39.7
2025-01-09,401706421,Wofford Terriers,Western Carolina Catamounts,77,69,0,2,2747,2717,44.4,35.9
2025-01-09,401706423,Chattanooga Mocs,UNC Greensboro Spartans,75,78,0,2,236,2430,58.5,53.7
2025-01-09,401706507,Omaha Mavericks,Kansas City Roos,77,58,0,2,2437,140,51.9,35.3
2025-01-09,401706508,St. Thomas Tommies,South Dakota State Jackrabbits,73,72,0,2,2900,2571,43.9,46.6
2025-01-09,401706683,Gonzaga Bulldogs,San Diego Toreros,93,80,0,2,2250,301,45.2,41.8
2025-01-09,401708309,Arkansas Razorbacks,Ole Miss Rebels,66,73,0,2,8,145,37.3,46.0
2025-01-09,401708315,Oklahoma Sooners,Texas A&M Aggies,78,80,0,2,201,245,54.3,44.3
2025-01-09,401711653,Bellarmine Knights,Jacksonville Dolphins,59,74,0,2,91,294,39.6,44.3
2025-01-09,401714456,Purdue Fort Wayne Mastodons,Milwaukee Panthers,78,73,0,2,2870,270,42.6,38.6
2025-01-09,401714458,Robert Morris Colonials,Cleveland State Vikings,69,80,0,2,2523,325,47.1,47.6
2025-01-09,401714459,IU Indianapolis Jaguars,Detroit Mercy Titans,95,61,0,2,85,2174,45.5,41.7
2025-01-09,401714529,Georgia State Panthers,Georgia Southern Eagles,82,78,0,2,2247,290,39.7,38.7
2025-01-09,401719091,Providence Friars,Butler Bulldogs,84,65,0,2,2507,2086,48.6,40.4
2025-01-09,401720803,UMass Lowell River Hawks,Vermont Catamounts,63,67,0,2,2349,261,36.7,34.4
2025-01-09,401720805,Maine Black Bears,Binghamton Bearcats,82,71,0,2,311,2066,55.6,51.1
2025-01-09,401721339,Illinois Fighting Illini,Penn State Nittany Lions,91,52,0,2,356,213,44.2,30.8
2025-01-09,401721340,Indiana Hoosiers,USC Trojans,82,69,0,2,84,30,43.9,41.0
2025-01-09,401721342,Ohio State Buckeyes,Oregon Ducks,71,73,0,2,194,2483,42.1,42.1
2025-01-09,401721343,Rutgers Scarlet Knights,Purdue Boilermakers,50,68,0,2,164,2509,32.7,50.0
2025-01-09,401721850,Bucknell Bison,Lafayette Leopards,65,62,0,2,2083,322,40.3,42.6
2025-01-09,401721851,Boston University Terriers,American University Eagles,60,54,0,2,104,44,42.6,36.0
2025-01-09,401721854,Colgate Raiders,Lehigh Mountain Hawks,67,62,0,2,2142,2329,43.9,34.3
2025-01-09,401722157,San Diego State Aztecs,Air Force Falcons,67,38,0,2,21,2005,36.2,30.6
2025-01-09,401722465,Bradley Braves,Drake Bulldogs,57,64,0,2,71,2181,44.4,44.7
2025-01-09,401722466,Evansville Purple Aces,Illinois State Redbirds,69,51,0,2,339,2287,50.0,34.6
2025-01-09,401722467,Valparaiso Beacons,Indiana State Sycamores,98,95,0,2,2674,282,46.8,50.0
2025-01-09,401722468,Northern Iowa Panthers,Murray State Racers,68,71,0,2,2460,93,51.9,55.8
2025-01-09,401722469,Belmont Bruins,Southern Illinois Salukis,90,86,0,2,2057,79,53.3,50.0
2025-01-09,401724353,Massachusetts Minutemen,Dayton Flyers,76,72,0,2,113,2168,45.0,38.0
2025-01-09,401724354,Saint Louis Billikens,St. Bonaventure Bonnies,73,68,0,2,139,179,49.0,40.6
2025-01-09,401724355,Duquesne Dukes,Saint Joseph's Hawks,85,81,0,2,2184,2603,43.7,47.5
2025-01-09,401724356,VCU Rams,Fordham Rams,73,61,0,2,2670,2230,41.5,36.8
2025-01-09,401724357,George Mason Patriots,Richmond Spiders,64,58,0,2,2244,257,38.6,42.9
2025-01-09,401724358,Rhode Island Rams,George Washington Revolutionaries,67,75,0,2,227,45,40.0,41.2
2025-01-09,401724555,South Carolina Gamecocks,Alabama Crimson Tide,68,88,0,2,2579,333,42.6,54.7
2025-01-09,401724761,NC State Wolfpack,Notre Dame Fighting Irish,66,65,0,2,152,87,43.6,46.2
2025-01-09,401724762,Miami Hurricanes,Florida State Seminoles,65,80,0,2,2390,52,36.7,50.0
2025-01-09,401724763,Stanford Cardinal,Virginia Tech Hokies,70,59,0,2,24,259,44.2,46.4
2025-01-09,401724764,California Golden Bears,Virginia Cavaliers,75,61,0,2,25,258,43.1,32.8
2025-01-09,401725527,East Carolina Pirates,Temple Owls,80,79,0,2,151,218,43.9,42.1
2025-01-09,401725528,North Texas Mean Green,Rice Owls,81,59,0,2,249,242,55.1,37.7
2025-01-09,401725529,Charlotte 49ers,Florida Atlantic Owls,64,75,0,2,2429,2226,42.1,49.2
2025-01-09,401725652,Kansas Jayhawks,Arizona State Sun Devils,74,55,0,2,2305,9,43.5,35.8
2025-01-09,401725653,UCF Knights,Colorado Buffaloes,75,74,0,2,2116,38,39.3,52.2
2025-01-09,401727872,Charleston Southern Buccaneers,High Point Panthers,79,93,0,2,2127,2272,42.6,53.1
2025-01-09,401727873,Gardner-Webb Runnin' Bulldogs,Winthrop Eagles,89,83,0,2,2241,2737,48.3,53.7
2025-01-09,401727874,Longwood Lancers,UNC Asheville Bulldogs,85,76,0,2,2344,2427,38.7,53.7
2025-01-09,401727875,South Carolina Upstate Spartans,Presbyterian Blue Hose,77,67,0,2,2908,2506,50.9,40.4
2025-01-10,401700183,Louisiana Tech Bulldogs,Florida International Panthers,81,64,0,2,2348,2229,58.2,43.5
2025-01-10,401700184,Sam Houston Bearkats,Liberty Flames,68,76,0,2,2534,2335,42.1,45.6
2025-01-10,401700185,Middle Tennessee Blue Raiders,Kennesaw State Owls,84,79,0,2,2393,338,51.7,42.6
2025-01-10,401700186,Western Kentucky Hilltoppers,Jacksonville State Gamecocks,67,73,0,2,98,55,32.8,44.4
2025-01-10,401700300,Eastern Illinois Panthers,Tennessee Tech Golden Eagles,64,69,0,2,2197,2635,37.0,36.1
2025-01-10,401700301,Lindenwood Lions,Tennessee State Tigers,72,62,0,2,2815,2634,38.7,39.0
2025-01-10,401700303,Southeast Missouri State Redhawks,Southern Indiana Screaming Eagles,77,66,0,2,2546,88,40.0,43.4
2025-01-10,401700304,Western Illinois Leathernecks,UT Martin Skyhawks,83,85,0,2,2710,2630,48.3,43.5
2025-01-10,401706202,Sacred Heart Pioneers,Merrimack Warriors,65,66,0,2,2529,2771,41.9,41.8
2025-01-10,401706316,Buffalo Bulls,Kent State Golden Flashes,49,68,0,2,2084,2309,30.2,43.5
2025-01-10,401706422,Samford Bulldogs,VMI Keydets,81,68,0,2,2535,2678,44.1,45.6
2025-01-10,401706509,Denver Pioneers,North Dakota Fighting Hawks,70,95,0,2,2172,155,46.2,51.6
2025-01-10,401706510,Oral Roberts Golden Eagles,North Dakota State Bison,96,110,0,2,198,2449,53.2,58.6
2025-01-10,401706575,Utah Valley Wolverines,Grand Canyon Lopes,72,64,0,2,3084,2253,36.5,43.6
2025-01-10,401706576,Utah Tech Trailblazers,UT Arlington Mavericks,74,62,0,2,3101,250,42.1,37.9
2025-01-10,401706577,Southern Utah Thunderbirds,Tarleton State Texans,66,74,0,2,253,2627,46.0,47.3
2025-01-10,401706684,San Francisco Dons,Portland Pilots,81,72,0,2,2539,2501,50.0,43.3
2025-01-10,401706685,Santa Clara Broncos,Oregon State Beavers,82,81,0,2,2541,204,49.2,44.4
2025-01-10,401706686,Washington State Cougars,Pacific Tigers,94,95,0,2,265,279,45.2,55.2
2025-01-10,401711600,Austin Peay Governors,West Georgia Wolves,68,72,0,2,2046,2698,38.6,52.7
2025-01-10,401711619,Eastern Kentucky Colonels,North Florida Ospreys,79,74,0,2,2198,2454,44.3,38.4
2025-01-10,401711637,Florida Gulf Coast Eagles,North Alabama Lions,75,70,0,2,526,2453,43.8,44.6
2025-01-10,401711668,Lipscomb Bisons,Queens University Royals,73,75,0,2,288,2511,47.3,43.5
2025-01-10,401714195,Towson Tigers,Northeastern Huskies,80,73,0,2,119,111,45.9,45.2
2025-01-10,401714196,Stony Brook Seawolves,Drexel Dragons,51,67,0,2,2619,2182,32.1,45.5
2025-01-10,401714197,North Carolina A&T Aggies,Delaware Blue Hens,88,98,0,2,2448,48,45.1,55.6
2025-01-10,401714198,William & Mary Tribe,Elon Phoenix,78,65,0,2,2729,2210,43.1,39.7
2025-01-10,401714199,Hampton Pirates,Campbell Fighting Camels,55,66,0,2,2261,2097,43.4,44.4
2025-01-10,401714200,Monmouth Hawks,UNC Wilmington Seahawks,55,64,0,2,2405,350,33.9,46.2
2025-01-10,401714201,Hofstra Pride,Charleston Cougars,61,67,0,2,2275,232,34.7,40.3
2025-01-10,401714314,Cal State Northridge Matadors,UC Irvine Anteaters,67,77,0,2,2463,300,37.5,41.7
2025-01-10,401714315,UC Santa Barbara Gauchos,Cal State Bakersfield Roadrunners,78,66,0,2,2540,2934,50.0,39.1
2025-01-10,401714316,UC Davis Aggies,Cal State Fullerton Titans,63,53,0,2,302,2239,35.8,28.3
2025-01-10,401714317,UC Riverside Highlanders,Hawai'i Rainbow Warriors,76,83,0,2,27,62,41.3,54.7
2025-01-10,401714318,UC San Diego Tritons,Cal Poly Mustangs,95,68,0,2,28,13,55.2,41.1
2025-01-10,401714460,Wright State Raiders,Oakland Golden Grizzlies,66,62,0,2,2750,2473,45.3,40.4
2025-01-10,401714530,South Alabama Jaguars,Arkansas State Red Wolves,76,62,0,2,6,2032,56.5,31.3
2025-01-10,401714531,Troy Trojans,Texas State Bobcats,73,74,0,2,2653,326,47.8,42.4
2025-01-10,401714532,Southern Miss Golden Eagles,UL Monroe Warhawks,84,67,0,2,2572,2433,54.0,32.8
2025-01-10,401714533,Marshall Thundering Herd,James Madison Dukes,80,78,0,2,276,256,41.5,47.6
2025-01-10,401714534,Louisiana Ragin' Cajuns,Old Dominion Monarchs,60,71,0,2,309,295,42.6,44.9
2025-01-10,401718477,Portland State Vikings,Eastern Washington Eagles,64,59,0,2,2502,331,38.9,42.9
2025-01-10,401719380,Montana State Bobcats,Northern Colorado Bears,82,83,0,2,147,2458,53.6,57.1
2025-01-10,401720651,Sacramento State Hornets,Idaho Vandals,67,80,0,2,16,70,41.9,49.1
2025-01-10,401720804,New Hampshire Wildcats,UAlbany Great Danes,57,61,0,2,160,399,39.0,42.3
2025-01-10,401720806,NJIT Highlanders,UMBC Retrievers,64,87,0,2,2885,2378,47.3,53.4
2025-01-10,401720921,Montana Grizzlies,Northern Arizona Lumberjacks,81,76,0,2,149,2464,51.7,42.0
2025-01-10,401721341,Michigan State Spartans,Washington Huskies,88,54,0,2,127,264,52.5,32.7
2025-01-10,401721958,Stetson Hatters,Central Arkansas Bears,75,65,0,2,56,2110,52.0,34.2
2025-01-10,401727305,Niagara Purple Eagles,Saint Peter's Peacocks,70,60,0,2,315,2612,53.3,40.0
2025-01-11,401700187,Sam Houston Bearkats,Florida International Panthers,81,74,0,2,2534,2229,41.2,43.3
2025-01-11,401700189,Western Kentucky Hilltoppers,Kennesaw State Owls,85,69,0,2,98,338,42.6,32.9
2025-01-11,401700190,Middle Tennessee Blue Raiders,Jacksonville State Gamecocks,81,64,0,2,2393,55,45.9,38.6
2025-01-11,401700305,Lindenwood Lions,UT Martin Skyhawks,82,81,0,2,2815,2630,50.0,45.8
2025-01-11,401700307,Southeast Missouri State Redhawks,Morehead State Eagles,56,67,0,2,2546,2413,41.5,48.1
2025-01-11,401700308,SIU Edwardsville Cougars,Tennessee Tech Golden Eagles,67,59,0,2,2565,2635,44.3,32.1
2025-01-11,401700309,Western Illinois Leathernecks,Tennessee State Tigers,52,72,0,2,2710,2634,32.7,48.2
2025-01-11,401706201,Fairfield Stags,Iona Gaels,68,64,0,2,2217,314,47.9,37.3
2025-01-11,401706203,Canisius Golden Griffins,Rider Broncs,85,67,0,2,2099,2520,62.3,44.1
2025-01-11,401706204,Manhattan Jaspers,Mount St. Mary's Mountaineers,66,75,0,2,2363,116,41.2,46.8
2025-01-11,401706205,Quinnipiac Bobcats,Siena Saints,72,53,0,2,2514,2561,47.5,29.7
2025-01-11,401706313,Eastern Michigan Eagles,Akron Zips,81,105,0,2,2199,2006,44.4,60.7
2025-01-11,401706314,Ball State Cardinals,Bowling Green Falcons,91,69,0,2,2050,189,58.9,40.3
2025-01-11,401706315,Toledo Rockets,Central Michigan Chippewas,69,67,0,2,2649,2117,49.0,44.4
2025-01-11,401706317,Ohio Bobcats,Northern Illinois Huskies,108,70,0,2,195,2459,61.7,38.8
2025-01-11,401706318,Miami (OH) RedHawks,Western Michigan Broncos,91,71,0,2,193,2711,54.1,42.6
2025-01-11,401706424,East Tennessee State Buccaneers,The Citadel Bulldogs,70,52,0,2,2193,2643,41.8,38.8
2025-01-11,401706427,Samford Bulldogs,UNC Greensboro Spartans,76,69,0,2,2535,2430,48.1,46.8
2025-01-11,401706512,Denver Pioneers,North Dakota State Bison,50,69,0,2,2172,2449,32.7,48.8
2025-01-11,401706514,Omaha Mavericks,South Dakota State Jackrabbits,87,80,0,2,2437,2571,48.2,50.0
2025-01-11,401706578,Utah Valley Wolverines,California Baptist Lancers,75,69,0,2,3084,2856,44.8,44.4
2025-01-11,401708316,Arkansas Razorbacks,Florida Gators,63,71,0,2,8,57,30.0,39.1
2025-01-11,401708317,Georgia Bulldogs,Oklahoma Sooners,72,62,0,2,61,201,42.9,38.1
2025-01-11,401708318,Ole Miss Rebels,LSU Tigers,77,65,0,2,145,99,49.1,40.7
2025-01-11,401708320,Missouri Tigers,Vanderbilt Commodores,75,66,0,2,142,238,49.0,40.4
2025-01-11,401708321,South Carolina Gamecocks,Auburn Tigers,63,66,0,2,2579,2,41.0,45.6
2025-01-11,401708323,Texas Longhorns,Tennessee Volunteers,70,74,0,2,251,2633,41.9,44.6
2025-01-11,401709983,UC Davis Aggies,Long Beach State Beach,73,84,0,2,302,299,35.2,52.2
2025-01-11,401711601,Austin Peay Governors,Queens University Royals,60,67,0,2,2046,2511,33.9,44.3
2025-01-11,401711620,Eastern Kentucky Colonels,Jacksonville Dolphins,75,82,0,2,2198,294,35.6,47.5
2025-01-11,401711638,Florida Gulf Coast Eagles,Central Arkansas Bears,77,71,0,2,526,2110,50.9,38.5
2025-01-11,401711669,Lipscomb Bisons,West Georgia Wolves,86,67,0,2,288,2698,50.0,40.0
2025-01-11,401711693,Stetson Hatters,North Alabama Lions,64,92,0,2,56,2453,45.8,44.8
2025-01-11,401711722,Bellarmine Knights,North Florida Ospreys,83,98,0,2,91,2454,54.1,62.1
2025-01-11,401714203,Hampton Pirates,Delaware Blue Hens,83,77,0,2,2261,48,48.3,52.5
2025-01-11,401714204,Drexel Dragons,Towson Tigers,82,93,0,2,2182,119,47.7,54.7
2025-01-11,401714205,William & Mary Tribe,North Carolina A&T Aggies,81,78,0,2,2729,2448,45.9,43.9
2025-01-11,401714207,Hofstra Pride,UNC Wilmington Seahawks,66,63,0,2,2275,350,45.1,37.9
2025-01-11,401714208,Monmouth Hawks,Charleston Cougars,84,73,0,2,2405,232,50.8,33.8
2025-01-11,401714361,Cal State Fullerton Titans,Hawai'i Rainbow Warriors,86,95,0,2,2239,62,50.0,61.4
2025-01-11,401714461,Milwaukee Panthers,Green Bay Phoenix,70,59,0,2,270,2739,43.8,42.6
2025-01-11,401714463,Northern Kentucky Norse,Oakland Golden Grizzlies,53,68,0,2,94,2473,36.4,41.4
2025-01-11,401714464,Youngstown State Penguins,Cleveland State Vikings,72,80,0,2,2754,325,40.0,49.2
2025-01-11,401714535,Troy Trojans,Arkansas State Red Wolves,78,84,0,2,2653,2032,46.2,50.0
2025-01-11,401714536,Southern Miss Golden Eagles,Texas State Bobcats,92,88,0,2,2572,326,40.5,44.6
2025-01-11,401714538,Georgia State Panthers,Coastal Carolina Chanticleers,79,74,0,2,2247,324,48.3,47.6
2025-01-11,401714539,Marshall Thundering Herd,Georgia Southern Eagles,81,69,0,2,276,290,50.0,45.5
2025-01-11,401714540,App State Mountaineers,James Madison Dukes,86,66,0,2,2026,256,53.8,34.8
2025-01-11,401714541,South Alabama Jaguars,Old Dominion Monarchs,63,71,0,2,6,295,35.9,42.9
2025-01-11,401715943,LSU New Orleans Privateers,SE Louisiana Lions,71,91,0,2,2443,2545,38.0,51.5
2025-01-11,401715966,Houston Christian Huskies,Incarnate Word Cardinals,81,76,0,2,2277,2916,54.0,53.4
2025-01-11,401718478,Sacramento State Hornets,Eastern Washington Eagles,54,65,0,2,16,331,28.1,40.7
2025-01-11,401719095,DePaul Blue Demons,Xavier Musketeers,63,77,0,2,305,2752,39.6,48.1
2025-01-11,401719096,Providence Friars,Seton Hall Pirates,91,85,0,2,2507,2550,53.8,44.9
2025-01-11,401719098,Butler Bulldogs,Creighton Bluejays,76,80,0,2,2086,156,47.6,50.8
2025-01-11,401719099,Georgetown Hoyas,UConn Huskies,60,68,0,2,46,41,38.8,46.4
2025-01-11,401719381,Montana Grizzlies,Northern Colorado Bears,57,81,0,2,149,2458,34.5,56.7
2025-01-11,401719660,Portland State Vikings,Idaho Vandals,75,63,0,2,2502,70,51.7,38.2
2025-01-11,401720717,McNeese Cowboys,Nicholls Colonels,80,71,0,2,2377,2447,37.5,37.3
2025-01-11,401720757,Texas A&M-Corpus Christi Islanders,UT Rio Grande Valley Vaqueros,79,74,0,2,357,292,50.0,51.7
2025-01-11,401720807,Bryant Bulldogs,Vermont Catamounts,73,53,0,2,2803,261,44.6,43.1
2025-01-11,401720808,Maine Black Bears,UAlbany Great Danes,87,66,0,2,311,399,56.4,43.1
2025-01-11,401720809,New Hampshire Wildcats,Binghamton Bearcats,79,72,0,2,160,2066,47.3,41.4
2025-01-11,401720810,UMass Lowell River Hawks,NJIT Highlanders,70,62,0,2,2349,2885,44.0,37.9
2025-01-11,401720954,Dartmouth Big Green,Pennsylvania Quakers,73,70,0,2,159,219,38.9,47.5
2025-01-11,401721094,Central Connecticut Blue Devils,Wagner Seahawks,57,62,0,2,2115,2681,37.3,43.1
2025-01-11,401721140,Le Moyne Dolphins,Fairleigh Dickinson Knights,86,91,0,2,2330,161,42.4,40.0
2025-01-11,401721180,Saint Francis Red Wolves,Mercyhurst Lakers,73,59,0,2,2598,2385,56.0,36.2
2025-01-11,401721237,Alcorn State Braves,Alabama A&M Bulldogs,62,52,0,2,2016,2010,42.1,40.8
2025-01-11,401721344,Maryland Terrapins,UCLA Bruins,79,61,0,2,120,26,54.0,41.5
2025-01-11,401721345,Wisconsin Badgers,Minnesota Golden Gophers,80,59,0,2,275,135,43.9,38.6
2025-01-11,401721346,Illinois Fighting Illini,USC Trojans,72,82,0,2,356,30,37.1,52.3
2025-01-11,401721718,Harvard Crimson,Princeton Tigers,64,68,0,2,108,163,42.0,43.6
2025-01-11,401721719,Yale Bulldogs,Brown Bears,79,58,0,2,43,225,44.8,41.5
2025-01-11,401721720,Columbia Lions,Cornell Big Red,83,94,0,2,171,172,48.5,63.3
2025-01-11,401721855,Lehigh Mountain Hawks,Army Black Knights,69,74,0,2,2329,349,41.0,44.1
2025-01-11,401721856,Lafayette Leopards,Holy Cross Crusaders,82,65,0,2,322,107,57.6,43.3
2025-01-11,401721857,American University Eagles,Bucknell Bison,68,58,0,2,44,2083,46.9,37.0
2025-01-11,401721858,Colgate Raiders,Boston University Terriers,87,50,0,2,2142,104,50.8,39.6
2025-01-11,401721859,Loyola Maryland Greyhounds,Navy Midshipmen,75,74,0,2,2352,2426,45.8,53.8
2025-01-11,401722018,Stonehill Skyhawks,Long Island University Sharks,60,70,0,2,284,112358,41.5,52.7
2025-01-11,401722040,Grambling Tigers,Bethune-Cookman Wildcats,59,65,0,2,2755,2065,33.9,38.0
2025-01-11,401722056,Southern Jaguars,Florida A&M Rattlers,91,57,0,2,2582,50,53.2,40.0
2025-01-11,401722071,Jackson State Tigers,Alabama State Hornets,77,70,0,2,2296,2011,46.2,43.1
2025-01-11,401722158,Air Force Falcons,San José State Spartans,62,69,0,2,2005,23,41.4,49.1
2025-01-11,401722351,New Mexico Lobos,San Diego State Aztecs,62,48,0,2,167,21,35.8,35.4
2025-01-11,401722470,Indiana State Sycamores,Belmont Bruins,79,84,0,2,282,2057,42.9,51.7
2025-01-11,401722471,UIC Flames,Bradley Braves,60,61,0,2,82,71,35.5,35.3
2025-01-11,401722472,Drake Bulldogs,Evansville Purple Aces,63,40,0,2,2181,339,40.0,37.2
2025-01-11,401722474,Murray State Racers,Valparaiso Beacons,58,47,0,2,93,2674,34.0,34.5
2025-01-11,401723688,Norfolk State Spartans,Coppin State Eagles,92,69,0,2,2450,2154,61.8,49.1
2025-01-11,401723708,South Carolina State Bulldogs,Delaware State Hornets,75,76,0,2,2569,2169,50.0,58.3
2025-01-11,401723729,North Carolina Central Eagles,Maryland Eastern Shore Hawks,88,69,0,2,2428,2379,54.5,43.1
2025-01-11,401723743,Howard Bison,Morgan State Bears,100,95,0,2,47,2415,60.3,48.6
2025-01-11,401724360,Davidson Wildcats,Fordham Rams,74,64,0,2,2166,2230,44.8,35.9
2025-01-11,401724361,George Mason Patriots,Massachusetts Minutemen,77,70,0,2,2244,113,49.0,36.4
2025-01-11,401724362,St. Bonaventure Bonnies,La Salle Explorers,82,83,0,2,179,2325,47.2,43.3
2025-01-11,401724363,Saint Joseph's Hawks,Loyola Chicago Ramblers,93,57,0,2,2603,2350,54.8,34.3
2025-01-11,401724364,Richmond Spiders,Rhode Island Rams,64,67,0,2,257,227,36.8,41.4
2025-01-11,401724748,Duke Blue Devils,Notre Dame Fighting Irish,86,78,0,2,150,87,53.3,47.4
2025-01-11,401724749,Clemson Tigers,Florida State Seminoles,77,57,0,2,228,52,48.3,42.9
2025-01-11,401724750,Boston College Eagles,Syracuse Orange,71,79,0,2,103,183,43.5,49.2
2025-01-11,401724751,NC State Wolfpack,North Carolina Tar Heels,61,63,0,2,152,153,36.9,43.3
2025-01-11,401724752,Miami Hurricanes,Wake Forest Demon Deacons,78,88,0,2,2390,154,40.3,54.7
2025-01-11,401724753,California Golden Bears,Virginia Tech Hokies,68,71,0,2,25,259,32.4,57.1
2025-01-11,401724754,Stanford Cardinal,Virginia Cavaliers,88,65,0,2,24,258,50.8,46.7
2025-01-11,401724755,Pittsburgh Panthers,Louisville Cardinals,78,82,0,2,221,97,43.6,45.6
2025-01-11,401724756,SMU Mustangs,Georgia Tech Yellow Jackets,93,71,0,2,2567,59,50.0,45.8
2025-01-11,401725530,UTSA Roadrunners,Wichita State Shockers,88,75,0,2,2636,2724,52.5,49.2
2025-01-11,401725531,Memphis Tigers,East Carolina Pirates,74,70,0,2,235,151,41.0,39.3
2025-01-11,401725533,Tulane Green Wave,South Florida Bulls,73,70,0,2,2655,58,41.9,52.9
2025-01-11,401725534,Rice Owls,Temple Owls,70,73,0,2,242,218,40.3,39.3
2025-01-11,401725654,TCU Horned Frogs,BYU Cougars,71,67,0,2,2628,252,42.4,47.8
2025-01-11,401725655,Texas Tech Red Raiders,Iowa State Cyclones,84,85,0,2,2641,66,42.4,52.5
2025-01-11,401725656,Cincinnati Bearcats,Kansas Jayhawks,40,54,0,2,2132,2305,30.5,35.3
2025-01-11,401725659,Kansas State Wildcats,Houston Cougars,57,87,0,2,2306,248,40.4,49.3
2025-01-11,401726458,Northwestern State Demons,East Texas A&M Lions,75,67,0,2,2466,2837,46.9,43.8
2025-01-11,401727877,Winthrop Eagles,Longwood Lancers,95,76,0,2,2737,2344,56.7,41.4
2025-01-11,401727878,Presbyterian Blue Hose,UNC Asheville Bulldogs,87,96,0,2,2506,2427,59.2,56.4
2025-01-11,401727879,South Carolina Upstate Spartans,Radford Highlanders,67,80,0,2,2908,2515,45.8,49.1
2025-01-11,401728312,Colorado State Rams,UNLV Rebels,84,62,0,2,36,2439,56.6,41.7
2025-01-12,401700188,Louisiana Tech Bulldogs,Liberty Flames,79,74,0,2,2348,2335,45.5,43.3
2025-01-12,401700191,UTEP Miners,New Mexico State Aggies,57,85,0,2,2638,166,36.0,56.7
2025-01-12,401700306,Little Rock Trojans,Southern Indiana Screaming Eagles,78,58,0,2,2031,88,54.9,33.3
2025-01-12,401706206,Canisius Golden Griffins,Saint Peter's Peacocks,49,62,0,2,2099,2612,34.0,42.0
2025-01-12,401706207,Mount St. Mary's Mountaineers,Sacred Heart Pioneers,73,71,0,2,116,2529,49.1,37.1
2025-01-12,401706208,Merrimack Warriors,Manhattan Jaspers,69,62,0,2,2771,2363,45.5,46.2
2025-01-12,401706209,Iona Gaels,Quinnipiac Bobcats,62,63,0,2,314,2514,35.7,34.4
2025-01-12,401706210,Niagara Purple Eagles,Rider Broncs,65,68,0,2,315,2520,52.0,42.3
2025-01-12,401706211,Marist Red Foxes,Fairfield Stags,61,51,0,2,2368,2217,50.0,36.5
2025-01-12,401706426,Western Carolina Catamounts,Mercer Bears,85,82,0,2,2717,2382,46.8,38.0
2025-01-12,401706428,Chattanooga Mocs,VMI Keydets,91,66,0,2,236,2678,62.0,36.4
2025-01-12,401706511,Oral Roberts Golden Eagles,North Dakota Fighting Hawks,83,79,0,2,198,155,60.8,43.3
2025-01-12,401706513,St. Thomas Tommies,South Dakota Coyotes,119,104,0,2,2900,233,56.5,47.6
2025-01-12,401706579,Seattle U Redhawks,Abilene Christian Wildcats,66,64,0,2,2547,2000,42.0,48.3
2025-01-12,401706580,Southern Utah Thunderbirds,UT Arlington Mavericks,73,68,0,2,253,250,52.3,40.0
2025-01-12,401706581,Utah Tech Trailblazers,Tarleton State Texans,58,54,0,2,3101,2627,43.5,44.7
2025-01-12,401706687,Gonzaga Bulldogs,Washington State Cougars,88,75,0,2,2250,265,55.7,53.3
2025-01-12,401706688,Pacific Tigers,Oregon State Beavers,55,91,0,2,279,204,37.0,56.5
2025-01-12,401706689,Santa Clara Broncos,San Francisco Dons,77,54,0,2,2541,2539,51.7,35.0
2025-01-12,401706690,San Diego Toreros,Saint Mary's Gaels,56,103,0,2,301,2608,44.4,52.9
2025-01-12,401708319,Mississippi State Bulldogs,Kentucky Wildcats,90,95,0,2,344,96,45.1,55.7
2025-01-12,401708322,Texas A&M Aggies,Alabama Crimson Tide,88,94,0,2,245,333,38.9,39.7
2025-01-12,401714202,Stony Brook Seawolves,Northeastern Huskies,66,70,0,2,2619,111,46.3,40.4
2025-01-12,401714359,UC San Diego Tritons,UC Irvine Anteaters,52,60,0,2,28,300,31.1,38.2
2025-01-12,401714360,Cal Poly Mustangs,UC Santa Barbara Gauchos,72,75,0,2,13,2540,43.1,48.2
2025-01-12,401714362,Cal State Bakersfield Roadrunners,Cal State Northridge Matadors,94,90,0,2,2934,2463,54.9,57.1
2025-01-12,401714462,Purdue Fort Wayne Mastodons,Detroit Mercy Titans,90,67,0,2,2870,2174,53.6,41.2
2025-01-12,401714465,Robert Morris Colonials,Wright State Raiders,75,72,0,2,2523,2750,45.5,41.9
2025-01-12,401714537,Louisiana Ragin' Cajuns,UL Monroe Warhawks,71,68,0,2,309,2433,35.9,45.3
2025-01-12,401719097,St. John's Red Storm,Villanova Wildcats,80,68,0,2,2599,222,40.0,39.3
2025-01-12,401720526,Idaho State Bengals,Weber State Wildcats,69,77,0,2,304,2692,40.0,58.8
2025-01-12,401720672,Lamar Cardinals,Stephen F. Austin Lumberjacks,63,72,0,2,2320,2617,39.7,46.4
2025-01-12,401720922,Montana State Bobcats,Northern Arizona Lumberjacks,58,53,0,2,147,2464,39.0,36.1
2025-01-12,401721095,Central Connecticut Blue Devils,Long Island University Sharks,52,54,0,2,2115,112358,34.0,40.4
2025-01-12,401721118,Chicago State Cougars,Stonehill Skyhawks,52,68,0,2,2130,284,31.9,44.7
2025-01-12,401721141,Fairleigh Dickinson Knights,Saint Francis Red Wolves,71,75,0,2,161,2598,32.3,51.8
2025-01-12,401721161,Le Moyne Dolphins,Mercyhurst Lakers,79,63,0,2,2330,2385,53.1,41.1
2025-01-12,401721347,Iowa Hawkeyes,Indiana Hoosiers,85,60,0,2,2294,84,54.2,40.7
2025-01-12,401721348,Northwestern Wildcats,Michigan State Spartans,68,78,0,2,77,127,35.6,50.0
2025-01-12,401721349,Michigan Wolverines,Washington Huskies,91,75,0,2,130,264,52.7,41.3
2025-01-12,401721350,Penn State Nittany Lions,Oregon Ducks,81,82,0,2,213,2483,45.6,54.4
2025-01-12,401721351,Purdue Boilermakers,Nebraska Cornhuskers,104,68,0,2,2509,158,63.1,48.1
2025-01-12,401722109,Mississippi Valley State Delta Devils,Prairie View A&M Panthers,65,74,0,2,2400,2504,45.3,50.0
2025-01-12,401722244,Fresno State Bulldogs,Nevada Wolf Pack,66,77,0,2,278,2440,34.5,38.6
2025-01-12,401722396,Utah State Aggies,Boise State Broncos,81,79,0,2,328,68,61.2,52.9
2025-01-12,401722473,Illinois State Redbirds,Northern Iowa Panthers,84,85,0,2,2287,2460,46.3,56.6
2025-01-12,401722557,Southern Illinois Salukis,Missouri State Bears,88,78,0,2,79,2623,47.7,42.4
2025-01-12,401725532,Tulsa Golden Hurricane,Charlotte 49ers,69,63,0,2,202,2429,52.9,44.9
2025-01-12,401725535,Florida Atlantic Owls,UAB Blazers,76,81,0,2,2226,5,40.3,44.9
2025-01-12,401725657,Utah Utes,Oklahoma State Cowboys,83,62,0,2,254,197,55.6,33.3
2025-01-12,401725658,Arizona State Sun Devils,Baylor Bears,66,72,0,2,9,239,36.7,43.1
2025-01-12,401725660,Arizona Wildcats,UCF Knights,88,80,0,2,12,2116,46.7,38.5
2025-01-12,401725661,Colorado Buffaloes,West Virginia Mountaineers,70,78,0,2,38,277,41.7,45.5
2025-01-12,401727876,High Point Panthers,Gardner-Webb Runnin' Bulldogs,96,55,0,2,2272,2241,46.5,35.5
2025-01-13,401721352,Maryland Terrapins,Minnesota Golden Gophers,77,71,0,2,120,135,47.3,41.5
2025-01-13,401721353,Rutgers Scarlet Knights,UCLA Bruins,75,68,0,2,164,26,46.2,42.4
2025-01-13,401722126,Arkansas-Pine Bluff Golden Lions,Prairie View A&M Panthers,64,75,0,2,2029,2504,36.1,42.6
2025-01-14,401706425,Furman Paladins,Wofford Terriers,62,81,0,2,231,2747,33.3,47.1
2025-01-14,401714206,Elon Phoenix,Campbell Fighting Camels,81,68,0,2,2210,2097,50.9,37.9
2025-01-14,401715944,Stephen F. Austin Lumberjacks,SE Louisiana Lions,59,66,0,2,2617,2545,45.5,41.5
2025-01-14,401715967,Houston Christian Huskies,McNeese Cowboys,59,75,0,2,2277,2377,40.0,48.3
2025-01-14,401716123,Incarnate Word Cardinals,Nicholls Colonels,82,88,0,2,2916,2447,46.7,48.1
2025-01-14,401719102,Xavier Musketeers,Villanova Wildcats,69,63,0,2,2752,222,40.8,43.1
2025-01-14,401720673,Lamar Cardinals,LSU New Orleans Privateers,62,68,0,2,2320,2443,34.4,43.3
2025-01-14,401720758,Texas A&M-Corpus Christi Islanders,Northwestern State Demons,73,64,0,2,357,2466,51.7,42.6
2025-01-14,401721213,UT Rio Grande Valley Vaqueros,East Texas A&M Lions,57,55,0,2,292,2837,38.5,37.5
2025-01-14,401721238,Jackson State Tigers,Alabama A&M Bulldogs,103,93,0,2,2296,2010,39.0,40.5
2025-01-14,401721288,Alcorn State Braves,Alabama State Hornets,67,65,0,2,2016,2011,43.2,36.1
2025-01-14,401721860,Loyola Maryland Greyhounds,American University Eagles,54,73,0,2,2352,44,44.4,50.0
2025-01-14,401722041,Southern Jaguars,Bethune-Cookman Wildcats,69,53,0,2,2582,2065,38.8,33.9
2025-01-14,401722057,Grambling Tigers,Florida A&M Rattlers,79,72,0,2,2755,50,52.2,43.6
2025-01-14,401722110,Mississippi Valley State Delta Devils,Texas Southern Tigers,53,82,0,2,2400,2640,43.1,46.3
2025-01-14,401723689,Howard Bison,Coppin State Eagles,90,75,0,2,47,2154,60.9,51.0
2025-01-14,401723709,North Carolina Central Eagles,Delaware State Hornets,75,72,0,2,2428,2169,40.4,51.8
2025-01-14,401723730,South Carolina State Bulldogs,Maryland Eastern Shore Hawks,78,64,0,2,2569,2379,46.9,39.2
2025-01-14,401723756,Morgan State Bears,Norfolk State Spartans,78,74,0,2,2415,2450,51.8,40.0
2025-01-14,401724797,Notre Dame Fighting Irish,Boston College Eagles,78,60,0,2,87,103,47.3,46.8
2025-01-15,401700310,Southeast Missouri State Redhawks,Little Rock Trojans,71,73,0,2,2546,2031,35.6,49.0
2025-01-15,401706319,Ohio Bobcats,Ball State Cardinals,86,71,0,2,195,2050,54.8,42.9
2025-01-15,401706320,Bowling Green Falcons,Buffalo Bulls,79,61,0,2,189,2084,41.5,32.2
2025-01-15,401706321,Central Michigan Chippewas,Eastern Michigan Eagles,82,63,0,2,2117,2199,46.7,40.7
2025-01-15,401706322,Northern Illinois Huskies,Miami (OH) RedHawks,69,84,0,2,2459,193,39.0,51.0
2025-01-15,401706323,Akron Zips,Toledo Rockets,85,78,0,2,2006,2649,46.7,37.5
2025-01-15,401706324,Kent State Golden Flashes,Western Michigan Broncos,83,94,0,2,2309,2711,47.6,51.7
2025-01-15,401706433,VMI Keydets,Western Carolina Catamounts,66,50,0,2,2678,2717,35.3,30.8
2025-01-15,401708324,Alabama Crimson Tide,Ole Miss Rebels,64,74,0,2,333,145,42.6,38.6
2025-01-15,401708325,Auburn Tigers,Mississippi State Bulldogs,88,66,0,2,2,344,55.0,34.9
2025-01-15,401708326,Florida Gators,Missouri Tigers,82,83,0,2,57,142,48.1,44.3
2025-01-15,401708327,Kentucky Wildcats,Texas A&M Aggies,81,69,0,2,96,245,46.2,39.0
2025-01-15,401708328,LSU Tigers,Arkansas Razorbacks,78,74,0,2,99,8,40.0,39.1
2025-01-15,401708330,Vanderbilt Commodores,South Carolina Gamecocks,66,63,0,2,238,2579,41.1,42.2
2025-01-15,401719100,DePaul Blue Demons,Marquette Golden Eagles,83,85,0,2,305,269,51.6,42.6
2025-01-15,401719101,St. John's Red Storm,Georgetown Hoyas,63,58,0,2,2599,46,34.8,41.4
2025-01-15,401719103,Creighton Bluejays,Providence Friars,84,64,0,2,156,2507,51.6,38.2
2025-01-15,401721354,Indiana Hoosiers,Illinois Fighting Illini,69,94,0,2,84,356,38.5,40.0
2025-01-15,401721355,USC Trojans,Iowa Hawkeyes,99,89,0,2,30,2294,64.9,53.3
2025-01-15,401721356,Wisconsin Badgers,Ohio State Buckeyes,70,68,0,2,275,194,41.7,42.4
2025-01-15,401721861,Boston University Terriers,Lehigh Mountain Hawks,63,58,0,2,104,2329,46.0,45.1
2025-01-15,401722159,Nevada Wolf Pack,Air Force Falcons,68,62,0,2,2440,2005,55.3,39.2
2025-01-15,401722352,San Diego State Aztecs,Colorado State Rams,75,60,0,2,21,36,44.6,42.6
2025-01-15,401722375,San José State Spartans,New Mexico Lobos,71,70,0,2,23,167,43.1,40.9
2025-01-15,401722432,Boise State Broncos,Wyoming Cowboys,96,55,0,2,68,2751,58.5,35.4
2025-01-15,401722475,Northern Iowa Panthers,Evansville Purple Aces,73,56,0,2,2460,339,40.7,36.4
2025-01-15,401722476,Belmont Bruins,Valparaiso Beacons,71,64,0,2,2057,2674,36.1,36.4
2025-01-15,401724365,VCU Rams,Saint Louis Billikens,78,62,0,2,2670,139,41.7,45.9
2025-01-15,401724366,La Salle Explorers,Davidson Wildcats,79,76,0,2,2325,2166,45.2,48.4
2025-01-15,401724798,Syracuse Orange,Louisville Cardinals,61,85,0,2,183,97,40.0,50.0
2025-01-15,401724799,Georgia Tech Yellow Jackets,Clemson Tigers,59,70,0,2,59,228,35.2,44.2
2025-01-15,401724800,Duke Blue Devils,Miami Hurricanes,89,54,0,2,150,2390,54.8,39.0
2025-01-15,401724801,Wake Forest Demon Deacons,Stanford Cardinal,80,67,0,2,154,24,50.0,44.4
2025-01-15,401725536,East Carolina Pirates,North Texas Mean Green,60,69,0,2,151,249,45.3,45.7
2025-01-15,401725537,Rice Owls,UTSA Roadrunners,84,90,0,2,242,2636,52.0,46.2
2025-01-15,401725538,Wichita State Shockers,Charlotte 49ers,68,59,0,2,2724,2429,48.1,32.8
2025-01-15,401725662,BYU Cougars,Oklahoma State Cowboys,85,69,0,2,252,197,51.9,41.1
2025-01-15,401725663,Kansas State Wildcats,Texas Tech Red Raiders,57,61,0,2,2306,2641,36.5,50.0
2025-01-15,401725664,Arizona Wildcats,Baylor Bears,81,70,0,2,12,239,53.7,48.2
2025-01-15,401725665,Arizona State Sun Devils,UCF Knights,89,95,0,2,9,2116,52.6,50.8
2025-01-15,401727353,Army Black Knights,Lafayette Leopards,70,68,0,2,349,322,48.2,54.2
2025-01-15,401727880,Winthrop Eagles,Charleston Southern Buccaneers,102,97,0,2,2737,2127,46.8,35.6
2025-01-15,401727883,UNC Asheville Bulldogs,South Carolina Upstate Spartans,93,92,0,2,2427,2908,45.6,56.3
2025-01-16,401706429,UNC Greensboro Spartans,The Citadel Bulldogs,70,57,0,2,2430,2643,43.8,41.2
2025-01-16,401706430,Furman Paladins,East Tennessee State Buccaneers,73,70,0,2,231,2193,44.4,42.6
2025-01-16,401706431,Mercer Bears,Samford Bulldogs,74,75,0,2,2382,2535,37.7,45.0
2025-01-16,401706432,Chattanooga Mocs,Wofford Terriers,83,81,0,2,236,2747,52.7,46.4
2025-01-16,401706515,Denver Pioneers,Omaha Mavericks,62,80,0,2,2172,2437,42.6,53.1
2025-01-16,401708329,Tennessee Volunteers,Georgia Bulldogs,74,56,0,2,2633,61,42.4,37.7
2025-01-16,401708331,Oklahoma Sooners,Texas Longhorns,73,77,0,2,201,251,51.0,48.3
2025-01-16,401711639,Florida Gulf Coast Eagles,West Georgia Wolves,82,60,0,2,526,2698,58.2,34.6
2025-01-16,401711670,Bellarmine Knights,Lipscomb Bisons,53,87,0,2,91,288,33.3,53.2
2025-01-16,401714210,Delaware Blue Hens,Stony Brook Seawolves,84,74,0,2,48,2619,50.0,47.2
2025-01-16,401714466,Cleveland State Vikings,Northern Kentucky Norse,76,58,0,2,325,94,48.4,40.0
2025-01-16,401714467,Oakland Golden Grizzlies,IU Indianapolis Jaguars,72,59,0,2,2473,85,49.0,42.6
2025-01-16,401714468,Wright State Raiders,Purdue Fort Wayne Mastodons,113,120,0,2,2750,2870,50.0,53.2
2025-01-16,401714542,UL Monroe Warhawks,Troy Trojans,58,77,0,2,2433,2653,31.8,48.4
2025-01-16,401714543,South Alabama Jaguars,Southern Miss Golden Eagles,75,62,0,2,6,2572,36.8,33.9
2025-01-16,401714544,Texas State Bobcats,Georgia State Panthers,94,80,0,2,326,2247,50.7,45.3
2025-01-16,401719104,Butler Bulldogs,Seton Hall Pirates,82,77,0,2,2086,2550,51.0,50.0
2025-01-16,401720812,UAlbany Great Danes,Bryant Bulldogs,79,89,0,2,399,2803,44.1,50.8
2025-01-16,401720813,NJIT Highlanders,Maine Black Bears,44,57,0,2,2885,311,33.3,43.1
2025-01-16,401720814,UMBC Retrievers,New Hampshire Wildcats,76,79,0,2,2378,160,42.4,44.6
2025-01-16,401721357,Michigan State Spartans,Penn State Nittany Lions,90,85,0,2,127,213,47.1,52.8
2025-01-16,401721358,Washington Huskies,Purdue Boilermakers,58,69,0,2,264,2509,42.6,50.0
2025-01-16,401721862,Bucknell Bison,Holy Cross Crusaders,86,82,0,2,2083,107,46.8,46.8
2025-01-16,401721863,Navy Midshipmen,Colgate Raiders,66,73,0,2,2426,2142,40.0,42.9
2025-01-16,401722397,UNLV Rebels,Utah State Aggies,65,62,0,2,2439,328,40.7,41.5
2025-01-16,401722477,Drake Bulldogs,Illinois State Redbirds,66,62,0,2,2181,2287,52.3,50.0
2025-01-16,401722478,Bradley Braves,Indiana State Sycamores,118,65,0,2,71,282,55.6,31.5
2025-01-16,401722479,UIC Flames,Murray State Racers,97,93,0,2,82,93,55.6,40.0
2025-01-16,401722480,Missouri State Bears,Southern Illinois Salukis,51,73,0,2,2623,79,32.1,54.0
2025-01-16,401723697,Coppin State Eagles,Cheyney (PA) Wolves,88,62,0,2,2154,2129,49.2,44.2
2025-01-16,401724367,Dayton Flyers,George Mason Patriots,59,67,0,2,2168,2244,43.1,52.1
2025-01-16,401724368,George Washington Revolutionaries,Duquesne Dukes,65,73,0,2,45,2184,37.9,42.4
2025-01-16,401724369,Fordham Rams,Massachusetts Minutemen,118,120,0,2,2230,113,35.3,42.9
2025-01-16,401724370,Loyola Chicago Ramblers,Rhode Island Rams,81,77,0,2,2350,227,50.0,47.3
2025-01-16,401724371,St. Bonaventure Bonnies,Richmond Spiders,63,49,0,2,179,257,45.7,37.0
2025-01-16,401724802,Virginia Tech Hokies,NC State Wolfpack,79,76,0,2,259,152,45.8,50.0
2025-01-16,401724803,North Carolina Tar Heels,California Golden Bears,79,53,0,2,153,25,47.7,34.8
2025-01-16,401724804,Florida State Seminoles,Pittsburgh Panthers,82,70,0,2,52,221,42.9,37.5
2025-01-16,401724805,Virginia Cavaliers,SMU Mustangs,52,54,0,2,258,2567,34.6,43.4
2025-01-16,401725539,Tulane Green Wave,Florida Atlantic Owls,80,65,0,2,2655,2226,46.3,40.7
2025-01-16,401725540,South Florida Bulls,UAB Blazers,83,92,0,2,58,5,54.2,55.9
2025-01-16,401725666,TCU Horned Frogs,Utah Utes,65,73,0,2,2628,254,37.5,49.0
2025-01-16,401725667,Iowa State Cyclones,Kansas Jayhawks,74,57,0,2,66,2305,40.7,40.7
2025-01-16,401725668,Colorado Buffaloes,Cincinnati Bearcats,62,68,0,2,38,2132,41.1,36.7
2025-01-16,401725669,Houston Cougars,West Virginia Mountaineers,70,54,0,2,248,277,49.0,44.2
2025-01-16,401727881,Radford Highlanders,Gardner-Webb Runnin' Bulldogs,79,75,0,2,2515,2241,46.9,48.3
2025-01-16,401730466,Howard Bison,Bowie State Bulldogs,73,76,0,2,47,2075,46.0,50.0
2025-01-17,401700192,Florida International Panthers,New Mexico State Aggies,52,59,0,2,2229,166,35.2,40.8
2025-01-17,401700193,Liberty Flames,UTEP Miners,70,72,0,2,2335,2638,46.2,43.3
2025-01-17,401700194,Jacksonville State Gamecocks,Louisiana Tech Bulldogs,63,61,0,2,55,2348,42.1,41.3
2025-01-17,401700195,Kennesaw State Owls,Sam Houston Bearkats,75,69,0,2,338,2534,38.5,30.4
2025-01-17,401700311,UT Martin Skyhawks,Eastern Illinois Panthers,68,63,0,2,2630,2197,38.1,42.3
2025-01-17,401700312,Southern Indiana Screaming Eagles,Lindenwood Lions,80,73,0,2,88,2815,44.6,43.9
2025-01-17,401700313,Morehead State Eagles,Western Illinois Leathernecks,51,47,0,2,2413,2710,31.0,33.9
2025-01-17,401700314,Tennessee Tech Golden Eagles,Southeast Missouri State Redhawks,70,77,0,2,2635,2546,48.0,47.5
2025-01-17,401700315,Tennessee State Tigers,SIU Edwardsville Cougars,80,87,0,2,2634,2565,45.0,43.1
2025-01-17,401706212,Iona Gaels,Canisius Golden Griffins,82,61,0,2,314,2099,53.2,38.9
2025-01-17,401706213,Siena Saints,Sacred Heart Pioneers,93,75,0,2,2561,2529,48.5,50.0
2025-01-17,401706214,Rider Broncs,Mount St. Mary's Mountaineers,66,60,0,2,2520,116,34.9,39.3
2025-01-17,401706215,Fairfield Stags,Niagara Purple Eagles,70,66,0,2,2217,315,38.1,49.0
2025-01-17,401706216,Saint Peter's Peacocks,Marist Red Foxes,51,56,0,2,2612,2368,34.0,48.7
2025-01-17,401706217,Quinnipiac Bobcats,Merrimack Warriors,81,76,0,2,2514,2771,46.2,44.4
2025-01-17,401706329,Akron Zips,Ohio Bobcats,92,80,0,2,2006,195,51.5,34.4
2025-01-17,401706516,North Dakota State Bison,Kansas City Roos,71,64,0,2,2449,140,44.4,35.9
2025-01-17,401706517,South Dakota Coyotes,Oral Roberts Golden Eagles,92,82,0,2,233,198,51.7,43.3
2025-01-17,401706518,South Dakota State Jackrabbits,North Dakota Fighting Hawks,109,73,0,2,2571,155,65.6,34.4
2025-01-17,401706582,Tarleton State Texans,California Baptist Lancers,67,57,0,2,2627,2856,44.4,34.1
2025-01-17,401706583,Grand Canyon Lopes,Abilene Christian Wildcats,88,58,0,2,2253,2000,53.6,31.6
2025-01-17,401706584,Seattle U Redhawks,Utah Tech Trailblazers,82,62,0,2,2547,3101,50.8,34.1
2025-01-17,401706585,UT Arlington Mavericks,Utah Valley Wolverines,83,85,0,2,250,3084,46.2,44.8
2025-01-17,401706692,Oregon State Beavers,Gonzaga Bulldogs,97,89,0,2,204,2250,58.5,41.7
2025-01-17,401706693,San Diego Toreros,Washington State Cougars,61,65,0,2,301,265,36.1,42.2
2025-01-17,401706694,Pepperdine Waves,San Francisco Dons,63,80,0,2,2492,2539,41.1,52.6
2025-01-17,401706695,Portland Pilots,Pacific Tigers,84,81,0,2,2501,279,45.0,49.2
2025-01-17,401706696,Loyola Marymount Lions,Santa Clara Broncos,57,54,0,2,2351,2541,41.1,36.2
2025-01-17,401709984,Long Beach State Beach,UC San Diego Tritons,54,80,0,2,299,28,43.2,57.7
2025-01-17,401711602,Austin Peay Governors,Eastern Kentucky Colonels,97,90,0,2,2046,2198,47.8,36.8
2025-01-17,401711654,Jacksonville Dolphins,North Alabama Lions,64,60,0,2,294,2453,39.4,35.0
2025-01-17,401711715,Stetson Hatters,Queens University Royals,60,95,0,2,56,2511,38.5,50.0
2025-01-17,401711723,North Florida Ospreys,Central Arkansas Bears,92,80,0,2,2454,2110,51.5,42.9
2025-01-17,401714209,UNC Wilmington Seahawks,Northeastern Huskies,80,72,0,2,350,111,47.7,53.7
2025-01-17,401714211,Towson Tigers,Hofstra Pride,65,60,0,2,119,2275,39.6,46.2
2025-01-17,401714212,North Carolina A&T Aggies,Monmouth Hawks,63,72,0,2,2448,2405,32.8,41.7
2025-01-17,401714213,Hampton Pirates,William & Mary Tribe,64,67,0,2,2261,2729,37.5,51.2
2025-01-17,401714214,Drexel Dragons,Elon Phoenix,54,65,0,2,2182,2210,40.4,44.0
2025-01-17,401714215,Campbell Fighting Camels,Charleston Cougars,61,67,0,2,2097,232,43.9,38.7
2025-01-17,401714319,UC Santa Barbara Gauchos,UC Riverside Highlanders,66,63,0,2,2540,27,43.4,35.4
2025-01-17,401714320,UC Irvine Anteaters,Cal State Fullerton Titans,82,62,0,2,300,2239,40.9,31.1
2025-01-17,401714321,Hawai'i Rainbow Warriors,Cal State Northridge Matadors,60,83,0,2,62,2463,42.3,53.3
2025-01-17,401714322,Cal Poly Mustangs,UC Davis Aggies,54,65,0,2,13,302,34.7,41.4
2025-01-17,401714545,Arkansas State Red Wolves,Louisiana Ragin' Cajuns,83,63,0,2,2032,309,44.3,35.3
2025-01-17,401714546,Old Dominion Monarchs,App State Mountaineers,43,62,0,2,295,2026,30.6,42.6
2025-01-17,401714547,Coastal Carolina Chanticleers,Georgia Southern Eagles,87,88,0,2,324,290,49.2,47.6
2025-01-17,401714548,James Madison Dukes,Marshall Thundering Herd,67,64,0,2,256,276,41.0,35.5
2025-01-17,401719382,Northern Colorado Bears,Portland State Vikings,72,69,0,2,2458,2502,50.0,42.1
2025-01-17,401720547,Weber State Wildcats,Montana Grizzlies,59,63,0,2,2692,149,43.1,40.4
2025-01-17,401720811,Vermont Catamounts,Binghamton Bearcats,72,64,0,2,261,2066,48.1,53.2
2025-01-17,401720923,Northern Arizona Lumberjacks,Sacramento State Hornets,77,53,0,2,2464,16,45.8,33.9
2025-01-17,401720924,Idaho State Bengals,Montana State Bobcats,70,67,0,2,304,147,47.4,39.3
2025-01-17,401721359,Minnesota Golden Gophers,Michigan Wolverines,84,81,0,2,135,130,45.2,45.2
2025-01-17,401721360,Nebraska Cornhuskers,Rutgers Scarlet Knights,82,85,0,2,158,164,45.2,49.3
2025-01-17,401721361,Northwestern Wildcats,Maryland Terrapins,76,74,0,2,77,120,48.3,38.1
2025-01-17,401725541,Temple Owls,Memphis Tigers,88,81,0,2,218,235,46.8,45.0
2025-01-17,401727882,Longwood Lancers,High Point Panthers,82,80,0,2,2344,2272,50.9,39.1
2025-01-18,401700196,Florida International Panthers,UTEP Miners,73,81,0,2,2229,2638,46.6,53.8
2025-01-18,401700198,Kennesaw State Owls,Louisiana Tech Bulldogs,78,76,0,2,338,2348,49.1,41.9
2025-01-18,401700199,Jacksonville State Gamecocks,Sam Houston Bearkats,70,62,0,2,55,2534,42.9,40.4
2025-01-18,401700316,Tennessee State Tigers,Eastern Illinois Panthers,84,65,0,2,2634,2197,51.9,39.3
2025-01-18,401700317,Morehead State Eagles,Lindenwood Lions,82,65,0,2,2413,2815,50.8,40.4
2025-01-18,401700318,Tennessee Tech Golden Eagles,Little Rock Trojans,71,77,0,2,2635,2031,41.2,50.8
2025-01-18,401700319,UT Martin Skyhawks,SIU Edwardsville Cougars,85,82,0,2,2630,2565,54.9,53.5
2025-01-18,401700320,Southern Indiana Screaming Eagles,Western Illinois Leathernecks,78,66,0,2,88,2710,50.9,41.9
2025-01-18,401706218,Fairfield Stags,Canisius Golden Griffins,67,78,0,2,2217,2099,39.3,54.0
2025-01-18,401706219,Mount St. Mary's Mountaineers,Quinnipiac Bobcats,57,91,0,2,116,2514,35.0,51.6
2025-01-18,401706221,Sacred Heart Pioneers,Saint Peter's Peacocks,61,66,0,2,2529,2612,30.0,43.8
2025-01-18,401706222,Merrimack Warriors,Siena Saints,64,58,0,2,2771,2561,42.9,43.1
2025-01-18,401706325,Western Michigan Broncos,Buffalo Bulls,76,85,0,2,2711,2084,44.8,49.2
2025-01-18,401706326,Northern Illinois Huskies,Central Michigan Chippewas,66,71,0,2,2459,2117,42.6,48.3
2025-01-18,401706327,Bowling Green Falcons,Eastern Michigan Eagles,62,68,0,2,189,2199,34.5,48.0
2025-01-18,401706328,Kent State Golden Flashes,Miami (OH) RedHawks,61,70,0,2,2309,193,38.3,48.9
2025-01-18,401706330,Ball State Cardinals,Toledo Rockets,75,93,0,2,2050,2649,53.7,53.7
2025-01-18,401706434,The Citadel Bulldogs,VMI Keydets,70,75,0,2,2643,2678,47.3,45.8
2025-01-18,401706435,Samford Bulldogs,East Tennessee State Buccaneers,60,65,0,2,2535,2193,37.7,35.3
2025-01-18,401706436,Furman Paladins,Chattanooga Mocs,71,75,0,2,231,236,43.1,44.2
2025-01-18,401706437,Wofford Terriers,Mercer Bears,69,49,0,2,2747,2382,42.6,29.8
2025-01-18,401706438,Western Carolina Catamounts,UNC Greensboro Spartans,55,83,0,2,2717,2430,32.7,46.8
2025-01-18,401706520,North Dakota Fighting Hawks,Kansas City Roos,76,72,0,2,155,140,46.6,41.3
2025-01-18,401706521,South Dakota State Jackrabbits,Oral Roberts Golden Eagles,84,70,0,2,2571,198,48.4,37.7
2025-01-18,401706522,South Dakota Coyotes,North Dakota State Bison,77,103,0,2,233,2449,43.5,57.4
2025-01-18,401706589,Utah Valley Wolverines,Utah Tech Trailblazers,96,80,0,2,3084,3101,55.2,58.6
2025-01-18,401706697,Washington State Cougars,Portland Pilots,92,70,0,2,265,2501,53.0,38.9
2025-01-18,401708332,Florida Gators,Texas Longhorns,84,60,0,2,57,251,49.3,36.4
2025-01-18,401708333,Georgia Bulldogs,Auburn Tigers,68,70,0,2,61,2,45.6,39.3
2025-01-18,401708334,Kentucky Wildcats,Alabama Crimson Tide,97,102,0,2,96,333,47.9,44.8
2025-01-18,401708335,Mississippi State Bulldogs,Ole Miss Rebels,84,81,0,2,344,145,44.6,45.5
2025-01-18,401708336,Missouri Tigers,Arkansas Razorbacks,83,65,0,2,142,8,46.0,44.4
2025-01-18,401708338,Vanderbilt Commodores,Tennessee Volunteers,76,75,0,2,238,2633,46.4,48.0
2025-01-18,401708339,Oklahoma Sooners,South Carolina Gamecocks,82,62,0,2,201,2579,56.0,41.2
2025-01-18,401711640,Florida Gulf Coast Eagles,Queens University Royals,60,47,0,2,526,2511,43.4,29.1
2025-01-18,401711655,Jacksonville Dolphins,Central Arkansas Bears,72,62,0,2,294,2110,48.2,36.1
2025-01-18,401711694,North Florida Ospreys,North Alabama Lions,84,90,0,2,2454,2453,43.5,55.6
2025-01-18,401714216,Charleston Cougars,Northeastern Huskies,87,85,0,2,232,111,51.7,51.4
2025-01-18,401714217,Towson Tigers,Stony Brook Seawolves,53,49,0,2,119,2619,36.5,35.6
2025-01-18,401714219,Campbell Fighting Camels,Monmouth Hawks,81,58,0,2,2097,2405,48.2,34.9
2025-01-18,401714221,Delaware Blue Hens,Elon Phoenix,79,77,0,2,48,2210,46.4,42.6
2025-01-18,401714363,UC Santa Barbara Gauchos,UC Davis Aggies,60,64,0,2,2540,302,37.3,47.9
2025-01-18,401714469,Milwaukee Panthers,Youngstown State Penguins,79,64,0,2,270,2754,52.4,39.2
2025-01-18,401714470,Green Bay Phoenix,Robert Morris Colonials,67,89,0,2,2739,2523,48.9,53.7
2025-01-18,401714471,Northern Kentucky Norse,Wright State Raiders,70,78,0,2,94,2750,39.6,47.6
2025-01-18,401714472,Detroit Mercy Titans,Oakland Golden Grizzlies,59,65,0,2,2174,2473,37.5,43.4
2025-01-18,401714549,UL Monroe Warhawks,Louisiana Ragin' Cajuns,60,65,0,2,2433,309,37.7,41.8
2025-01-18,401714550,South Alabama Jaguars,Troy Trojans,64,63,0,2,6,2653,40.4,35.1
2025-01-18,401714551,Texas State Bobcats,Southern Miss Golden Eagles,85,82,0,2,326,2572,39.7,40.8
2025-01-18,401714552,James Madison Dukes,App State Mountaineers,50,58,0,2,256,2026,35.3,41.7
2025-01-18,401714553,Old Dominion Monarchs,Georgia Southern Eagles,63,67,0,2,295,290,29.6,44.8
2025-01-18,401714554,Arkansas State Red Wolves,Georgia State Panthers,85,59,0,2,2032,2247,39.7,31.9
2025-01-18,401714555,Coastal Carolina Chanticleers,Marshall Thundering Herd,64,77,0,2,324,276,39.6,44.3
2025-01-18,401715945,Northwestern State Demons,SE Louisiana Lions,64,65,0,2,2466,2545,44.4,45.5
2025-01-18,401715968,Houston Christian Huskies,UT Rio Grande Valley Vaqueros,66,57,0,2,2277,292,36.1,37.9
2025-01-18,401716124,Incarnate Word Cardinals,Texas A&M-Corpus Christi Islanders,63,69,0,2,2916,357,36.4,46.4
2025-01-18,401719105,Georgetown Hoyas,DePaul Blue Demons,68,73,0,2,46,305,41.5,50.0
2025-01-18,401719106,Villanova Wildcats,Providence Friars,75,73,0,2,222,2507,43.3,42.9
2025-01-18,401719107,UConn Huskies,Creighton Bluejays,63,68,0,2,41,156,44.8,47.9
2025-01-18,401719109,Marquette Golden Eagles,Xavier Musketeers,57,59,0,2,269,2752,37.1,40.4
2025-01-18,401720674,McNeese Cowboys,Lamar Cardinals,75,64,0,2,2377,2320,43.1,47.8
2025-01-18,401720738,East Texas A&M Lions,LSU New Orleans Privateers,73,82,0,2,2837,2443,50.0,56.0
2025-01-18,401720815,Binghamton Bearcats,UAlbany Great Danes,65,70,0,2,2066,399,48.0,43.1
2025-01-18,401720816,Bryant Bulldogs,UMass Lowell River Hawks,85,62,0,2,2803,2349,45.3,29.4
2025-01-18,401720817,UMBC Retrievers,Maine Black Bears,62,87,0,2,2378,311,41.4,56.3
2025-01-18,401720818,NJIT Highlanders,New Hampshire Wildcats,64,59,0,2,2885,160,40.4,37.3
2025-01-18,401720955,Dartmouth Big Green,Princeton Tigers,80,81,0,2,159,163,45.6,47.0
2025-01-18,401721096,Fairleigh Dickinson Knights,Central Connecticut Blue Devils,60,71,0,2,161,2115,31.7,50.9
2025-01-18,401721119,Chicago State Cougars,Le Moyne Dolphins,88,72,0,2,2130,2330,54.7,48.9
2025-01-18,401721181,Wagner Seahawks,Mercyhurst Lakers,65,69,0,2,2681,2385,41.9,48.8
2025-01-18,401721239,Alabama A&M Bulldogs,Alabama State Hornets,65,69,0,2,2010,2011,33.9,34.3
2025-01-18,401721289,Texas Southern Tigers,Alcorn State Braves,66,57,0,2,2640,2016,46.6,33.9
2025-01-18,401721362,Ohio State Buckeyes,Indiana Hoosiers,76,77,0,2,194,84,45.2,42.2
2025-01-18,401721363,UCLA Bruins,Iowa Hawkeyes,94,70,0,2,26,2294,62.1,44.7
2025-01-18,401721364,Oregon Ducks,Purdue Boilermakers,58,65,0,2,2483,2509,36.0,33.9
2025-01-18,401721365,USC Trojans,Wisconsin Badgers,69,84,0,2,30,275,49.1,56.4
2025-01-18,401721721,Pennsylvania Quakers,Cornell Big Red,76,86,0,2,219,172,48.3,48.4
2025-01-18,401721722,Brown Bears,Harvard Crimson,67,80,0,2,225,108,41.7,50.0
2025-01-18,401721723,Columbia Lions,Yale Bulldogs,88,92,0,2,171,43,43.5,46.8
2025-01-18,401721864,Lafayette Leopards,Colgate Raiders,67,90,0,2,322,2142,41.9,58.3
2025-01-18,401721865,Lehigh Mountain Hawks,Loyola Maryland Greyhounds,60,76,0,2,2329,2352,47.9,50.0
2025-01-18,401721866,Bucknell Bison,Navy Midshipmen,73,69,0,2,2083,2426,47.9,41.0
2025-01-18,401721867,Holy Cross Crusaders,American University Eagles,65,74,0,2,107,44,51.0,47.2
2025-01-18,401721868,Army Black Knights,Boston University Terriers,68,62,0,2,349,104,54.8,47.8
2025-01-18,401721943,Long Island University Sharks,Saint Francis Red Wolves,64,51,0,2,112358,2598,44.7,35.4
2025-01-18,401721977,Stetson Hatters,West Georgia Wolves,82,78,0,2,56,2698,55.8,44.4
2025-01-18,401722042,Bethune-Cookman Wildcats,Mississippi Valley State Delta Devils,83,58,0,2,2065,2400,55.6,44.2
2025-01-18,401722058,Florida A&M Rattlers,Arkansas-Pine Bluff Golden Lions,86,76,0,2,50,2029,51.0,46.2
2025-01-18,401722072,Prairie View A&M Panthers,Jackson State Tigers,70,79,0,2,2504,2296,41.9,44.2
2025-01-18,401722143,Southern Jaguars,Grambling Tigers,67,60,0,2,2582,2755,43.6,38.8
2025-01-18,401722160,Fresno State Bulldogs,Air Force Falcons,74,65,0,2,278,2005,50.0,32.8
2025-01-18,401722245,Nevada Wolf Pack,San José State Spartans,75,64,0,2,2440,23,52.7,41.2
2025-01-18,401722433,Wyoming Cowboys,Colorado State Rams,63,79,0,2,2751,36,39.7,51.9
2025-01-18,401722481,Evansville Purple Aces,Belmont Bruins,82,85,0,2,339,2057,48.4,48.3
2025-01-18,401722482,Murray State Racers,Bradley Braves,61,74,0,2,93,71,40.4,53.2
2025-01-18,401722483,Indiana State Sycamores,Drake Bulldogs,53,71,0,2,282,2181,36.0,52.9
2025-01-18,401722484,Illinois State Redbirds,Missouri State Bears,74,68,0,2,2287,2623,46.2,46.5
2025-01-18,401722485,Valparaiso Beacons,UIC Flames,74,81,0,2,2674,82,44.1,44.1
2025-01-18,401723717,Delaware State Hornets,Virginia Lynchburg Dragons,126,38,0,2,2169,3229,58.2,22.2
2025-01-18,401724372,Saint Joseph's Hawks,VCU Rams,69,78,0,2,2603,2670,33.3,42.1
2025-01-18,401724373,George Mason Patriots,George Washington Revolutionaries,80,77,0,2,2244,45,42.2,39.1
2025-01-18,401724374,Richmond Spiders,Saint Louis Billikens,59,63,0,2,257,139,38.2,41.5
2025-01-18,401724375,Rhode Island Rams,Davidson Wildcats,92,90,0,2,227,2166,53.7,56.9
2025-01-18,401724376,Dayton Flyers,Loyola Chicago Ramblers,83,81,0,2,2168,2350,47.4,51.7
2025-01-18,401724377,Duquesne Dukes,St. Bonaventure Bonnies,75,57,0,2,2184,179,46.7,37.7
2025-01-18,401724806,Virginia Tech Hokies,Wake Forest Demon Deacons,63,72,0,2,259,154,40.4,45.6
2025-01-18,401724807,Syracuse Orange,Notre Dame Fighting Irish,77,69,0,2,183,87,41.4,42.1
2025-01-18,401724808,NC State Wolfpack,California Golden Bears,62,65,0,2,152,25,43.3,45.3
2025-01-18,401724809,Pittsburgh Panthers,Clemson Tigers,75,78,0,2,221,228,45.2,50.9
2025-01-18,401724810,North Carolina Tar Heels,Stanford Cardinal,71,72,0,2,153,24,42.6,43.3
2025-01-18,401724811,Louisville Cardinals,Virginia Cavaliers,81,67,0,2,97,258,43.3,47.1
2025-01-18,401724813,Miami Hurricanes,SMU Mustangs,74,117,0,2,2390,2567,46.4,69.2
2025-01-18,401724814,Florida State Seminoles,Georgia Tech Yellow Jackets,91,78,0,2,52,59,52.2,43.3
2025-01-18,401725542,South Florida Bulls,Tulsa Golden Hurricane,63,56,0,2,58,202,35.5,39.6
2025-01-18,401725543,UTSA Roadrunners,North Texas Mean Green,57,72,0,2,2636,249,38.0,48.9
2025-01-18,401725670,Texas Tech Red Raiders,Arizona Wildcats,70,54,0,2,2641,12,36.4,31.0
2025-01-18,401725671,Cincinnati Bearcats,Arizona State Sun Devils,67,60,0,2,2132,9,41.7,35.5
2025-01-18,401725673,Oklahoma State Cowboys,Colorado Buffaloes,83,73,0,2,197,38,46.0,46.9
2025-01-18,401725674,West Virginia Mountaineers,Iowa State Cyclones,64,57,0,2,277,66,39.3,43.9
2025-01-18,401725675,Kansas Jayhawks,Kansas State Wildcats,84,74,0,2,2305,2306,55.4,45.8
2025-01-18,401725676,UCF Knights,Houston Cougars,68,69,0,2,2116,248,40.3,42.0
2025-01-18,401726449,Nicholls Colonels,Stephen F. Austin Lumberjacks,73,61,0,2,2447,2617,48.1,43.5
2025-01-18,401727297,Manhattan Jaspers,Niagara Purple Eagles,72,65,0,2,2363,315,45.8,46.2
2025-01-18,401727822,New Mexico Lobos,Boise State Broncos,84,65,0,2,167,68,54.4,43.9
2025-01-18,401727884,Charleston Southern Buccaneers,Radford Highlanders,58,54,0,2,2127,2515,32.7,34.0
2025-01-18,401727885,Gardner-Webb Runnin' Bulldogs,South Carolina Upstate Spartans,97,68,0,2,2241,2908,49.3,40.7
2025-01-18,401727887,UNC Asheville Bulldogs,Winthrop Eagles,93,84,0,2,2427,2737,51.6,53.6
2025-01-19,401700197,Liberty Flames,New Mexico State Aggies,68,60,0,2,2335,166,46.2,36.1
2025-01-19,401700200,Middle Tennessee Blue Raiders,Western Kentucky Hilltoppers,71,57,0,2,2393,98,47.3,33.3
2025-01-19,401706220,Marist Red Foxes,Rider Broncs,57,64,0,2,2368,2520,33.9,35.6
2025-01-19,401706519,St. Thomas Tommies,Denver Pioneers,74,62,0,2,2900,2172,48.9,46.9
2025-01-19,401706586,Abilene Christian Wildcats,California Baptist Lancers,54,60,0,2,2000,2856,34.5,40.8
2025-01-19,401706587,Grand Canyon Lopes,Tarleton State Texans,88,64,0,2,2253,2627,48.9,40.7
2025-01-19,401706588,Seattle U Redhawks,Southern Utah Thunderbirds,75,52,0,2,2547,253,48.4,35.7
2025-01-19,401706698,San Francisco Dons,Oregon State Beavers,81,70,0,2,2539,204,60.0,44.4
2025-01-19,401706699,Pepperdine Waves,Saint Mary's Gaels,50,74,0,2,2492,2608,33.9,46.9
2025-01-19,401706700,Gonzaga Bulldogs,Santa Clara Broncos,99,103,0,2,2250,2541,54.5,53.7
2025-01-19,401706701,Loyola Marymount Lions,San Diego Toreros,77,70,0,2,2351,301,44.4,45.8
2025-01-19,401708337,Texas A&M Aggies,LSU Tigers,68,57,0,2,245,99,42.6,36.2
2025-01-19,401709985,Long Beach State Beach,Cal State Fullerton Titans,67,83,0,2,299,2239,45.5,56.3
2025-01-19,401711603,Lipscomb Bisons,Austin Peay Governors,88,60,0,2,288,2046,60.0,34.9
2025-01-19,401711621,Eastern Kentucky Colonels,Bellarmine Knights,72,69,0,2,2198,91,46.0,48.9
2025-01-19,401714364,Hawai'i Rainbow Warriors,Cal State Bakersfield Roadrunners,81,70,0,2,62,2934,53.5,37.9
2025-01-19,401714365,UC Irvine Anteaters,Cal Poly Mustangs,101,71,0,2,300,13,53.1,36.1
2025-01-19,401714366,UC Riverside Highlanders,UC San Diego Tritons,85,81,0,2,27,28,50.8,40.0
2025-01-19,401714473,IU Indianapolis Jaguars,Cleveland State Vikings,62,73,0,2,85,325,37.8,47.3
2025-01-19,401714474,Green Bay Phoenix,Youngstown State Penguins,69,73,0,2,2739,2754,48.7,42.6
2025-01-19,401714475,Milwaukee Panthers,Robert Morris Colonials,79,81,0,2,270,2523,50.9,44.3
2025-01-19,401718479,Idaho Vandals,Eastern Washington Eagles,83,76,0,2,70,331,48.4,42.4
2025-01-19,401719108,Seton Hall Pirates,St. John's Red Storm,51,79,0,2,2550,2599,26.3,46.7
2025-01-19,401719383,Northern Colorado Bears,Sacramento State Hornets,68,64,0,2,2458,16,42.2,45.1
2025-01-19,401719661,Northern Arizona Lumberjacks,Portland State Vikings,69,80,0,2,2464,2502,43.9,46.6
2025-01-19,401720548,Weber State Wildcats,Montana State Bobcats,71,80,0,2,2692,147,44.9,48.1
2025-01-19,401720925,Idaho State Bengals,Montana Grizzlies,86,62,0,2,304,149,55.9,39.3
2025-01-19,401721366,Maryland Terrapins,Nebraska Cornhuskers,69,66,0,2,120,158,44.8,46.6
2025-01-19,401721367,Michigan Wolverines,Northwestern Wildcats,80,76,0,2,130,77,36.1,39.7
2025-01-19,401721368,Michigan State Spartans,Illinois Fighting Illini,80,78,0,2,127,356,43.1,42.4
2025-01-19,401722353,San Diego State Aztecs,UNLV Rebels,68,76,0,2,21,2439,40.0,43.6
2025-01-19,401722486,Southern Illinois Salukis,Northern Iowa Panthers,73,49,0,2,79,2460,54.0,32.1
2025-01-19,401724378,Massachusetts Minutemen,La Salle Explorers,82,60,0,2,113,2325,44.6,35.3
2025-01-19,401724812,Boston College Eagles,Duke Blue Devils,63,88,0,2,103,150,44.9,52.6
2025-01-19,401725544,Wichita State Shockers,East Carolina Pirates,72,75,0,2,2724,151,43.1,44.3
2025-01-19,401725545,Charlotte 49ers,Memphis Tigers,68,77,0,2,2429,235,38.6,49.1
2025-01-19,401725546,Florida Atlantic Owls,Rice Owls,75,73,0,2,2226,242,44.4,43.9
2025-01-19,401725547,Temple Owls,Tulane Green Wave,80,77,0,2,218,2655,56.6,52.7
2025-01-19,401725672,Utah Utes,BYU Cougars,73,72,0,2,254,252,44.6,38.5
2025-01-19,401725677,Baylor Bears,TCU Horned Frogs,71,74,0,2,239,2628,39.7,50.9
2025-01-19,401727886,High Point Panthers,Presbyterian Blue Hose,77,66,0,2,2272,2506,53.8,39.3
2025-01-20,401714218,Drexel Dragons,Hofstra Pride,60,55,0,2,2182,2275,40.0,35.8
2025-01-20,401714220,UNC Wilmington Seahawks,William & Mary Tribe,85,74,0,2,350,2729,50.0,40.0
2025-01-20,401715946,East Texas A&M Lions,SE Louisiana Lions,68,76,0,2,2837,2545,41.1,41.4
2025-01-20,401716125,Incarnate Word Cardinals,UT Rio Grande Valley Vaqueros,78,85,0,2,2916,292,48.5,69.8
2025-01-20,401719110,Villanova Wildcats,Georgetown Hoyas,63,64,0,2,222,46,40.0,36.2
2025-01-20,401720675,Nicholls Colonels,Lamar Cardinals,74,78,0,2,2447,2320,37.3,45.5
2025-01-20,401720718,McNeese Cowboys,Stephen F. Austin Lumberjacks,79,59,0,2,2377,2617,47.4,34.8
2025-01-20,401720739,Northwestern State Demons,LSU New Orleans Privateers,73,61,0,2,2466,2443,44.3,37.7
2025-01-20,401720956,Yale Bulldogs,Dartmouth Big Green,83,67,0,2,43,159,43.8,40.0
2025-01-20,401721182,Long Island University Sharks,Mercyhurst Lakers,72,63,0,2,112358,2385,49.0,35.7
2025-01-20,401721290,Prairie View A&M Panthers,Alcorn State Braves,70,78,0,2,2504,2016,45.0,53.2
2025-01-20,401721369,Penn State Nittany Lions,Rutgers Scarlet Knights,80,72,0,2,213,164,49.0,50.0
2025-01-20,401721724,Princeton Tigers,Columbia Lions,71,67,0,2,163,171,35.2,43.6
2025-01-20,401721725,Harvard Crimson,Pennsylvania Quakers,67,82,0,2,108,219,45.8,50.9
2025-01-20,401721726,Cornell Big Red,Brown Bears,82,83,0,2,172,225,63.5,53.3
2025-01-20,401721944,Wagner Seahawks,Saint Francis Red Wolves,70,68,0,2,2681,2598,36.7,36.5
2025-01-20,401722073,Texas Southern Tigers,Jackson State Tigers,81,73,0,2,2640,2296,41.0,37.3
2025-01-20,401727150,New Mexico Lobos,Fresno State Bulldogs,95,67,0,2,167,278,48.7,36.2
2025-01-20,401730467,Howard Bison,Morehouse Maroon Tigers,76,79,0,2,47,60,39.7,41.8
2025-01-20,401751403,Norfolk State Spartans,Washington Adventist Shock,105,42,0,2,2450,50024,59.4,20.0
2025-01-21,401706336,Eastern Michigan Eagles,Ohio Bobcats,94,87,0,2,2199,195,60.3,53.2
2025-01-21,401714222,North Carolina A&T Aggies,Hampton Pirates,73,74,0,2,2448,2261,44.4,43.1
2025-01-21,401715969,Houston Christian Huskies,Texas A&M-Corpus Christi Islanders,76,72,0,2,2277,357,43.6,47.4
2025-01-21,401718480,Montana State Bobcats,Eastern Washington Eagles,74,64,0,2,147,331,54.9,44.4
2025-01-21,401720652,Montana Grizzlies,Idaho Vandals,72,67,0,2,149,70,49.0,40.0
2025-01-21,401721120,Chicago State Cougars,Fairleigh Dickinson Knights,48,58,0,2,2130,161,34.4,40.0
2025-01-21,401721162,Le Moyne Dolphins,Stonehill Skyhawks,73,72,0,2,2330,284,39.7,40.7
2025-01-21,401721869,Colgate Raiders,Bucknell Bison,87,80,0,2,2142,2083,59.2,50.0
2025-01-21,401722043,Bethune-Cookman Wildcats,Arkansas-Pine Bluff Golden Lions,73,64,0,2,2065,2029,37.1,40.0
2025-01-21,401722059,Florida A&M Rattlers,Mississippi Valley State Delta Devils,83,53,0,2,50,2400,47.3,35.6
2025-01-22,401700321,Tennessee State Tigers,UT Martin Skyhawks,81,80,0,2,2634,2630,42.6,42.2
2025-01-22,401706331,Buffalo Bulls,Akron Zips,58,90,0,2,2084,2006,30.4,57.4
2025-01-22,401706332,Central Michigan Chippewas,Ball State Cardinals,80,82,0,2,2117,2050,46.4,54.0
2025-01-22,401706333,Miami (OH) RedHawks,Bowling Green Falcons,84,76,0,2,193,189,53.4,48.1
2025-01-22,401706334,Toledo Rockets,Kent State Golden Flashes,64,83,0,2,2649,2309,46.9,56.6
2025-01-22,401706335,Western Michigan Broncos,Northern Illinois Huskies,72,70,0,2,2711,2459,38.3,44.4
2025-01-22,401706441,VMI Keydets,Furman Paladins,91,82,0,2,2678,231,51.8,37.1
2025-01-22,401708340,Tennessee Volunteers,Mississippi State Bulldogs,68,56,0,2,2633,344,41.8,33.9
2025-01-22,401708341,Alabama Crimson Tide,Vanderbilt Commodores,103,87,0,2,333,238,56.3,38.7
2025-01-22,401708345,Texas Longhorns,Missouri Tigers,61,53,0,2,251,142,34.0,31.3
2025-01-22,401714480,Youngstown State Penguins,Robert Morris Colonials,70,72,0,2,2754,2523,49.1,42.9
2025-01-22,401719111,UConn Huskies,Butler Bulldogs,80,78,0,2,41,2086,47.8,45.8
2025-01-22,401719112,DePaul Blue Demons,Creighton Bluejays,49,73,0,2,305,156,30.2,52.1
2025-01-22,401719113,Seton Hall Pirates,Marquette Golden Eagles,59,76,0,2,2550,269,48.8,41.4
2025-01-22,401721370,Iowa Hawkeyes,Minnesota Golden Gophers,67,72,0,2,2294,135,45.9,41.4
2025-01-22,401721371,Oregon Ducks,Washington Huskies,82,71,0,2,2483,264,50.8,46.4
2025-01-22,401721372,Purdue Boilermakers,Ohio State Buckeyes,70,73,0,2,2509,194,48.1,53.3
2025-01-22,401721373,UCLA Bruins,Wisconsin Badgers,85,83,0,2,26,275,50.9,51.0
2025-01-22,401721870,Holy Cross Crusaders,Army Black Knights,71,76,0,2,107,349,46.4,47.6
2025-01-22,401722434,UNLV Rebels,Wyoming Cowboys,61,63,0,2,2439,2751,39.7,45.8
2025-01-22,401722487,Belmont Bruins,Bradley Braves,77,89,0,2,2057,71,38.2,47.5
2025-01-22,401722488,Illinois State Redbirds,Indiana State Sycamores,85,81,0,2,2287,282,51.7,47.5
2025-01-22,401722489,Northern Iowa Panthers,Missouri State Bears,79,68,0,2,2460,2623,48.1,53.2
2025-01-22,401724379,Davidson Wildcats,Saint Joseph's Hawks,61,78,0,2,2166,2603,40.6,50.8
2025-01-22,401724380,Duquesne Dukes,Dayton Flyers,62,82,0,2,2184,2168,42.9,58.2
2025-01-22,401724381,St. Bonaventure Bonnies,George Mason Patriots,62,75,0,2,179,2244,39.7,47.1
2025-01-22,401724382,Rhode Island Rams,VCU Rams,57,81,0,2,227,2670,38.8,42.6
2025-01-22,401724815,Virginia Cavaliers,Boston College Eagles,74,56,0,2,258,103,52.0,46.8
2025-01-22,401724816,Wake Forest Demon Deacons,North Carolina Tar Heels,67,66,0,2,154,153,40.0,40.0
2025-01-22,401724817,SMU Mustangs,Louisville Cardinals,73,98,0,2,2567,97,40.4,46.3
2025-01-22,401725548,Tulsa Golden Hurricane,East Carolina Pirates,76,85,0,2,202,151,42.9,49.1
2025-01-22,401725549,UAB Blazers,UTSA Roadrunners,81,78,0,2,5,2636,42.6,39.7
2025-01-22,401725678,Oklahoma State Cowboys,Arizona Wildcats,78,92,0,2,197,12,46.3,56.1
2025-01-22,401725679,West Virginia Mountaineers,Arizona State Sun Devils,57,65,0,2,277,9,31.0,48.1
2025-01-22,401725680,Colorado Buffaloes,BYU Cougars,67,83,0,2,38,252,45.7,58.5
2025-01-22,401725681,Houston Cougars,Utah Utes,70,36,0,2,248,254,43.3,30.2
2025-01-22,401725682,Cincinnati Bearcats,Texas Tech Red Raiders,71,81,0,2,2132,2641,51.9,45.0
2025-01-22,401725683,Iowa State Cyclones,UCF Knights,108,83,0,2,66,2116,56.3,42.9
2025-01-23,401706228,Niagara Purple Eagles,Marist Red Foxes,65,67,0,2,315,2368,48.1,48.3
2025-01-23,401706439,Wofford Terriers,The Citadel Bulldogs,79,68,0,2,2747,2643,56.3,36.2
2025-01-23,401706440,East Tennessee State Buccaneers,Western Carolina Catamounts,85,58,0,2,2193,2717,45.3,33.3
2025-01-23,401706442,UNC Greensboro Spartans,Mercer Bears,78,79,0,2,2430,2382,35.8,42.6
2025-01-23,401708342,Arkansas Razorbacks,Georgia Bulldogs,68,65,0,2,8,61,31.0,43.5
2025-01-23,401708343,Ole Miss Rebels,Texas A&M Aggies,62,63,0,2,145,245,36.9,38.7
2025-01-23,401708344,South Carolina Gamecocks,Florida Gators,69,70,0,2,2579,57,49.1,42.4
2025-01-23,401711641,Bellarmine Knights,Florida Gulf Coast Eagles,61,77,0,2,91,526,37.7,53.6
2025-01-23,401714226,William & Mary Tribe,Hampton Pirates,94,83,0,2,2729,2261,50.0,46.6
2025-01-23,401714476,Wright State Raiders,Milwaukee Panthers,79,95,0,2,2750,270,50.0,49.2
2025-01-23,401714477,Green Bay Phoenix,IU Indianapolis Jaguars,77,86,0,2,2739,85,44.6,54.7
2025-01-23,401714478,Oakland Golden Grizzlies,Purdue Fort Wayne Mastodons,76,72,0,2,2473,2870,54.2,47.5
2025-01-23,401714479,Cleveland State Vikings,Detroit Mercy Titans,65,50,0,2,325,2174,40.0,40.4
2025-01-23,401714556,Louisiana Ragin' Cajuns,Texas State Bobcats,74,89,0,2,309,326,38.6,64.1
2025-01-23,401714557,Georgia Southern Eagles,Coastal Carolina Chanticleers,85,58,0,2,290,324,45.7,38.0
2025-01-23,401714558,Old Dominion Monarchs,James Madison Dukes,60,74,0,2,295,256,32.7,54.3
2025-01-23,401719114,St. John's Red Storm,Xavier Musketeers,79,71,0,2,2599,2752,46.7,40.0
2025-01-23,401720820,UAlbany Great Danes,UMBC Retrievers,87,92,0,2,399,2378,39.7,58.3
2025-01-23,401720822,UMass Lowell River Hawks,Maine Black Bears,85,86,0,2,2349,311,50.8,46.8
2025-01-23,401721374,Nebraska Cornhuskers,USC Trojans,73,78,0,2,158,30,49.1,44.3
2025-01-23,401721375,Northwestern Wildcats,Indiana Hoosiers,79,70,0,2,77,84,48.3,42.1
2025-01-23,401721871,American University Eagles,Lehigh Mountain Hawks,68,67,0,2,44,2329,45.7,51.1
2025-01-23,401721872,Loyola Maryland Greyhounds,Lafayette Leopards,59,80,0,2,2352,322,34.9,56.6
2025-01-23,401721873,Navy Midshipmen,Boston University Terriers,62,47,0,2,2426,104,43.9,30.8
2025-01-23,401722161,Air Force Falcons,San Diego State Aztecs,76,77,0,2,2005,21,43.2,41.5
2025-01-23,401722246,Utah State Aggies,Nevada Wolf Pack,90,69,0,2,328,2440,58.9,53.1
2025-01-23,401722490,Southern Illinois Salukis,Murray State Racers,64,74,0,2,79,93,42.6,49.1
2025-01-23,401722491,Evansville Purple Aces,UIC Flames,67,78,0,2,339,82,45.9,48.1
2025-01-23,401722492,Drake Bulldogs,Valparaiso Beacons,81,71,0,2,2181,2674,55.3,48.9
2025-01-23,401724383,Loyola Chicago Ramblers,Fordham Rams,70,66,0,2,2350,2230,52.1,44.9
2025-01-23,401724384,Massachusetts Minutemen,George Washington Revolutionaries,74,61,0,2,113,45,48.4,35.5
2025-01-23,401724385,Saint Louis Billikens,La Salle Explorers,64,52,0,2,139,2325,42.4,33.8
2025-01-23,401724818,Georgia Tech Yellow Jackets,Virginia Tech Hokies,71,64,0,2,59,259,47.1,37.3
2025-01-23,401724819,Clemson Tigers,Syracuse Orange,86,72,0,2,228,183,56.4,53.8
2025-01-23,401724820,California Golden Bears,Florida State Seminoles,77,68,0,2,25,52,37.7,41.9
2025-01-23,401724821,Stanford Cardinal,Miami Hurricanes,88,51,0,2,24,2390,52.3,35.1
2025-01-23,401725550,Charlotte 49ers,South Florida Bulls,69,61,0,2,2429,58,43.5,35.6
2025-01-23,401725551,North Texas Mean Green,Temple Owls,76,67,0,2,249,218,49.0,35.4
2025-01-23,401725684,TCU Horned Frogs,Kansas Jayhawks,61,74,0,2,2628,2305,37.9,55.6
2025-01-23,401725685,Baylor Bears,Kansas State Wildcats,70,62,0,2,239,2306,37.5,43.6
2025-01-23,401727823,Colorado State Rams,Boise State Broncos,75,72,0,2,36,68,46.4,51.9
2025-01-23,401727888,Presbyterian Blue Hose,Charleston Southern Buccaneers,71,61,0,2,2506,2127,55.6,37.9
2025-01-23,401727889,Gardner-Webb Runnin' Bulldogs,UNC Asheville Bulldogs,53,61,0,2,2241,2427,32.0,36.4
2025-01-23,401727890,South Carolina Upstate Spartans,High Point Panthers,77,86,0,2,2908,2272,52.5,52.6
2025-01-23,401727891,Radford Highlanders,Longwood Lancers,74,77,0,2,2515,2344,49.0,45.7
2025-01-24,401700201,Louisiana Tech Bulldogs,Western Kentucky Hilltoppers,77,67,0,2,2348,98,42.6,33.8
2025-01-24,401700202,Sam Houston Bearkats,Middle Tennessee Blue Raiders,75,77,0,2,2534,2393,43.1,47.4
2025-01-24,401700203,UTEP Miners,Jacksonville State Gamecocks,66,73,0,2,2638,55,37.9,48.1
2025-01-24,401700204,New Mexico State Aggies,Kennesaw State Owls,56,69,0,2,166,338,30.8,42.6
2025-01-24,401700322,Eastern Illinois Panthers,Morehead State Eagles,66,73,0,2,2197,2413,48.1,52.1
2025-01-24,401700323,Lindenwood Lions,Southeast Missouri State Redhawks,72,68,0,2,2815,2546,52.2,41.0
2025-01-24,401700324,Western Illinois Leathernecks,Little Rock Trojans,51,62,0,2,2710,2031,38.0,40.0
2025-01-24,401700325,SIU Edwardsville Cougars,Southern Indiana Screaming Eagles,82,76,0,2,2565,88,47.5,48.2
2025-01-24,401700326,Tennessee State Tigers,Tennessee Tech Golden Eagles,89,77,0,2,2634,2635,51.6,43.9
2025-01-24,401706223,Manhattan Jaspers,Fairfield Stags,84,87,0,2,2363,2217,45.3,39.2
2025-01-24,401706224,Canisius Golden Griffins,Sacred Heart Pioneers,84,93,0,2,2099,2529,51.6,52.5
2025-01-24,401706225,Rider Broncs,Iona Gaels,67,73,0,2,2520,314,45.9,46.6
2025-01-24,401706226,Saint Peter's Peacocks,Merrimack Warriors,37,48,0,2,2612,2771,24.1,36.0
2025-01-24,401706227,Siena Saints,Mount St. Mary's Mountaineers,82,68,0,2,2561,116,55.8,42.4
2025-01-24,401706341,Bowling Green Falcons,Toledo Rockets,71,84,0,2,189,2649,42.9,47.5
2025-01-24,401706443,Chattanooga Mocs,Samford Bulldogs,69,73,0,2,236,2535,41.5,49.1
2025-01-24,401706523,Oral Roberts Golden Eagles,Denver Pioneers,68,70,0,2,198,2172,46.7,46.7
2025-01-24,401706524,Omaha Mavericks,St. Thomas Tommies,89,78,0,2,2437,2900,53.6,49.2
2025-01-24,401706525,Kansas City Roos,South Dakota State Jackrabbits,64,65,0,2,140,2571,41.4,40.0
2025-01-24,401706526,North Dakota Fighting Hawks,South Dakota Coyotes,93,102,0,2,155,233,50.7,58.5
2025-01-24,401706590,California Baptist Lancers,Utah Valley Wolverines,69,74,0,2,2856,3084,43.5,45.0
2025-01-24,401706591,Southern Utah Thunderbirds,Grand Canyon Lopes,59,74,0,2,253,2253,37.3,45.2
2025-01-24,401706592,UT Arlington Mavericks,Seattle U Redhawks,65,56,0,2,250,2547,38.6,36.8
2025-01-24,401706593,Abilene Christian Wildcats,Tarleton State Texans,67,56,0,2,2000,2627,52.3,27.3
2025-01-24,401706702,Santa Clara Broncos,Washington State Cougars,93,65,0,2,2541,265,47.2,45.3
2025-01-24,401706703,Saint Mary's Gaels,San Francisco Dons,71,51,0,2,2608,2539,61.5,26.9
2025-01-24,401706704,Oregon State Beavers,Pepperdine Waves,83,63,0,2,204,2492,60.7,43.3
2025-01-24,401706705,Pacific Tigers,Loyola Marymount Lions,68,73,0,2,279,2351,44.4,48.2
2025-01-24,401706706,Portland Pilots,San Diego Toreros,92,82,0,2,2501,301,45.3,39.7
2025-01-24,401709986,Cal State Northridge Matadors,Long Beach State Beach,86,76,0,2,2463,299,51.4,48.1
2025-01-24,401711604,Central Arkansas Bears,Austin Peay Governors,71,73,0,2,2110,2046,46.7,40.9
2025-01-24,401711622,Eastern Kentucky Colonels,Stetson Hatters,66,67,0,2,2198,56,34.8,50.9
2025-01-24,401711656,West Georgia Wolves,Jacksonville Dolphins,62,79,0,2,2698,294,46.4,44.3
2025-01-24,401711671,North Alabama Lions,Lipscomb Bisons,74,64,0,2,2453,288,47.5,41.8
2025-01-24,401711716,Queens University Royals,North Florida Ospreys,81,90,0,2,2511,2454,46.3,47.9
2025-01-24,401714223,Elon Phoenix,Monmouth Hawks,83,71,0,2,2210,2405,46.3,39.0
2025-01-24,401714224,Northeastern Huskies,Drexel Dragons,70,61,0,2,111,2182,49.1,44.4
2025-01-24,401714225,Hofstra Pride,Delaware Blue Hens,93,68,0,2,2275,48,60.3,39.7
2025-01-24,401714227,Towson Tigers,North Carolina A&T Aggies,83,67,0,2,119,2448,41.0,40.0
2025-01-24,401714228,Stony Brook Seawolves,Campbell Fighting Camels,54,79,0,2,2619,2097,41.2,56.9
2025-01-24,401714229,Charleston Cougars,UNC Wilmington Seahawks,83,85,0,2,232,350,43.9,52.5
2025-01-24,401714323,UC Riverside Highlanders,UC Irvine Anteaters,84,80,0,2,27,300,45.2,41.3
2025-01-24,401714324,Cal State Fullerton Titans,Cal State Bakersfield Roadrunners,68,71,0,2,2239,2934,38.5,39.7
2025-01-24,401714325,UC Davis Aggies,Hawai'i Rainbow Warriors,68,66,0,2,302,62,44.8,35.8
2025-01-24,401714326,UC San Diego Tritons,UC Santa Barbara Gauchos,77,63,0,2,28,2540,47.3,36.4
2025-01-24,401714561,Arkansas State Red Wolves,App State Mountaineers,65,55,0,2,2032,2026,36.4,37.3
2025-01-24,401714562,Georgia State Panthers,Marshall Thundering Herd,79,92,0,2,2247,276,42.3,53.4
2025-01-24,401718481,Eastern Washington Eagles,Northern Arizona Lumberjacks,61,70,0,2,331,2464,42.6,40.4
2025-01-24,401719384,Idaho Vandals,Northern Colorado Bears,77,76,0,2,70,2458,45.8,52.8
2025-01-24,401719662,Portland State Vikings,Weber State Wildcats,74,56,0,2,2502,2692,49.2,35.2
2025-01-24,401720819,Vermont Catamounts,NJIT Highlanders,68,64,0,2,261,2885,39.3,37.5
2025-01-24,401720821,New Hampshire Wildcats,Bryant Bulldogs,76,95,0,2,160,2803,40.0,49.3
2025-01-24,401720926,Sacramento State Hornets,Idaho State Bengals,75,71,0,2,16,304,46.3,38.6
2025-01-24,401721376,Illinois Fighting Illini,Maryland Terrapins,70,91,0,2,356,120,37.7,50.0
2025-01-24,401725552,Memphis Tigers,Wichita State Shockers,61,53,0,2,235,2724,44.2,40.4
2025-01-24,401740670,Youngstown State Penguins,Penn State Shenango Nittany Lions,112,63,0,2,2754,130195,48.8,29.3
2025-01-25,401700205,Sam Houston Bearkats,Western Kentucky Hilltoppers,66,75,0,2,2534,98,37.5,44.1
2025-01-25,401700206,Louisiana Tech Bulldogs,Middle Tennessee Blue Raiders,75,69,0,2,2348,2393,47.1,43.8
2025-01-25,401700207,Florida International Panthers,Liberty Flames,59,82,0,2,2229,2335,38.9,59.6
2025-01-25,401700327,Eastern Illinois Panthers,Southern Indiana Screaming Eagles,60,64,0,2,2197,88,36.2,42.0
2025-01-25,401700328,Lindenwood Lions,Little Rock Trojans,46,78,0,2,2815,2031,27.4,49.1
2025-01-25,401700329,SIU Edwardsville Cougars,Morehead State Eagles,65,54,0,2,2565,2413,36.2,33.3
2025-01-25,401700330,Western Illinois Leathernecks,Southeast Missouri State Redhawks,51,72,0,2,2710,2546,36.0,50.0
2025-01-25,401700331,UT Martin Skyhawks,Tennessee Tech Golden Eagles,85,89,0,2,2630,2635,39.2,45.9
2025-01-25,401706229,Iona Gaels,Siena Saints,72,68,0,2,314,2561,46.6,38.9
2025-01-25,401706230,Canisius Golden Griffins,Marist Red Foxes,47,70,0,2,2099,2368,29.8,52.8
2025-01-25,401706231,Mount St. Mary's Mountaineers,Manhattan Jaspers,64,74,0,2,116,2363,37.7,40.3
2025-01-25,401706233,Niagara Purple Eagles,Sacred Heart Pioneers,77,86,0,2,315,2529,47.5,55.6
2025-01-25,401706234,Quinnipiac Bobcats,Rider Broncs,75,64,0,2,2514,2520,47.5,37.9
2025-01-25,401706337,Northern Illinois Huskies,Ball State Cardinals,76,66,0,2,2459,2050,43.6,38.6
2025-01-25,401706338,Eastern Michigan Eagles,Buffalo Bulls,90,77,0,2,2199,2084,54.2,45.8
2025-01-25,401706339,Ohio Bobcats,Kent State Golden Flashes,61,59,0,2,195,2309,37.8,35.0
2025-01-25,401706340,Akron Zips,Miami (OH) RedHawks,102,75,0,2,2006,193,55.4,46.7
2025-01-25,401706444,The Citadel Bulldogs,Western Carolina Catamounts,78,80,0,2,2643,2717,39.1,38.8
2025-01-25,401706445,East Tennessee State Buccaneers,Chattanooga Mocs,63,71,0,2,2193,236,32.8,49.0
2025-01-25,401706446,Mercer Bears,Furman Paladins,74,79,0,2,2382,231,45.3,54.5
2025-01-25,401706447,VMI Keydets,UNC Greensboro Spartans,57,60,0,2,2678,2430,37.7,41.8
2025-01-25,401706448,Samford Bulldogs,Wofford Terriers,77,61,0,2,2535,2747,52.8,44.0
2025-01-25,401706529,South Dakota State Jackrabbits,South Dakota Coyotes,90,71,0,2,2571,233,47.7,38.3
2025-01-25,401706530,North Dakota State Bison,North Dakota Fighting Hawks,87,82,0,2,2449,155,41.4,41.3
2025-01-25,401706597,Abilene Christian Wildcats,UT Arlington Mavericks,76,79,0,2,2000,250,43.7,51.9
2025-01-25,401706710,Oregon State Beavers,Santa Clara Broncos,83,69,0,2,204,2541,53.8,51.0
2025-01-25,401708349,Florida Gators,Georgia Bulldogs,89,59,0,2,57,61,53.1,35.6
2025-01-25,401708350,Missouri Tigers,Ole Miss Rebels,83,75,0,2,142,145,44.9,48.3
2025-01-25,401708351,South Carolina Gamecocks,Mississippi State Bulldogs,60,65,0,2,2579,344,29.3,41.8
2025-01-25,401708352,Vanderbilt Commodores,Kentucky Wildcats,74,69,0,2,238,96,43.9,48.1
2025-01-25,401708353,Texas Longhorns,Texas A&M Aggies,70,69,0,2,251,245,46.2,42.2
2025-01-25,401709987,Cal Poly Mustangs,Long Beach State Beach,78,69,0,2,13,299,50.8,40.3
2025-01-25,401711623,Eastern Kentucky Colonels,Florida Gulf Coast Eagles,81,77,0,2,2198,526,42.2,51.7
2025-01-25,401711657,Queens University Royals,Jacksonville Dolphins,77,87,0,2,2511,294,43.1,48.3
2025-01-25,401711672,Central Arkansas Bears,Lipscomb Bisons,55,68,0,2,2110,288,39.6,41.1
2025-01-25,401711724,West Georgia Wolves,North Florida Ospreys,92,72,0,2,2698,2454,54.2,43.1
2025-01-25,401714230,William & Mary Tribe,Monmouth Hawks,78,73,0,2,2729,2405,43.1,44.3
2025-01-25,401714231,Drexel Dragons,Delaware Blue Hens,67,54,0,2,2182,48,46.6,38.2
2025-01-25,401714234,Stony Brook Seawolves,North Carolina A&T Aggies,89,74,0,2,2619,2448,52.5,39.1
2025-01-25,401714235,Hofstra Pride,Campbell Fighting Camels,67,69,0,2,2275,2097,45.5,40.4
2025-01-25,401714481,Northern Kentucky Norse,Milwaukee Panthers,59,79,0,2,94,270,42.9,56.9
2025-01-25,401714482,Cleveland State Vikings,Green Bay Phoenix,81,66,0,2,325,2739,49.1,41.8
2025-01-25,401714483,IU Indianapolis Jaguars,Purdue Fort Wayne Mastodons,80,91,0,2,85,2870,37.1,56.6
2025-01-25,401714484,Wright State Raiders,Detroit Mercy Titans,67,50,0,2,2750,2174,37.1,30.8
2025-01-25,401714485,Robert Morris Colonials,Oakland Golden Grizzlies,73,71,0,2,2523,2473,50.0,40.4
2025-01-25,401714563,Arkansas State Red Wolves,Texas State Bobcats,80,65,0,2,2032,326,50.0,43.9
2025-01-25,401714564,Troy Trojans,South Alabama Jaguars,65,55,0,2,2653,6,35.9,39.2
2025-01-25,401714566,UL Monroe Warhawks,App State Mountaineers,58,66,0,2,2433,2026,31.3,40.0
2025-01-25,401714568,Georgia State Panthers,James Madison Dukes,79,86,0,2,2247,256,47.5,50.8
2025-01-25,401714569,Georgia Southern Eagles,Marshall Thundering Herd,67,71,0,2,290,276,35.5,42.0
2025-01-25,401715970,LSU New Orleans Privateers,Houston Christian Huskies,76,86,0,2,2443,2277,50.9,52.4
2025-01-25,401716073,SE Louisiana Lions,Incarnate Word Cardinals,86,63,0,2,2545,2916,50.8,45.8
2025-01-25,401718482,Eastern Washington Eagles,Northern Colorado Bears,62,67,0,2,331,2458,47.9,40.7
2025-01-25,401719115,Marquette Golden Eagles,Villanova Wildcats,87,74,0,2,269,222,46.7,42.4
2025-01-25,401719116,Butler Bulldogs,DePaul Blue Demons,86,69,0,2,2086,305,51.7,50.8
2025-01-25,401719117,Providence Friars,Georgetown Hoyas,78,68,0,2,2507,46,45.2,46.7
2025-01-25,401719119,Creighton Bluejays,Seton Hall Pirates,79,54,0,2,156,2550,58.3,42.6
2025-01-25,401719663,Portland State Vikings,Idaho State Bengals,76,59,0,2,2502,304,50.0,31.3
2025-01-25,401720549,Sacramento State Hornets,Weber State Wildcats,81,87,0,2,16,2692,46.0,55.1
2025-01-25,401720653,Idaho Vandals,Northern Arizona Lumberjacks,72,80,0,2,70,2464,47.2,41.9
2025-01-25,401720719,UT Rio Grande Valley Vaqueros,McNeese Cowboys,63,93,0,2,292,2377,37.1,54.1
2025-01-25,401720759,Texas A&M-Corpus Christi Islanders,Nicholls Colonels,61,57,0,2,357,2447,37.0,36.2
2025-01-25,401720823,Vermont Catamounts,UMBC Retrievers,63,80,0,2,261,2378,37.1,57.7
2025-01-25,401720824,UAlbany Great Danes,NJIT Highlanders,68,62,0,2,399,2885,42.9,41.0
2025-01-25,401720825,Bryant Bulldogs,Binghamton Bearcats,83,69,0,2,2803,2066,45.5,42.1
2025-01-25,401720826,UMass Lowell River Hawks,New Hampshire Wildcats,97,80,0,2,2349,160,56.7,46.8
2025-01-25,401720957,Brown Bears,Dartmouth Big Green,83,84,0,2,225,159,38.4,45.8
2025-01-25,401721097,Le Moyne Dolphins,Central Connecticut Blue Devils,70,93,0,2,2330,2115,40.6,55.4
2025-01-25,401721121,Stonehill Skyhawks,Chicago State Cougars,75,73,0,2,284,2130,52.7,48.2
2025-01-25,401721183,Mercyhurst Lakers,Wagner Seahawks,71,66,0,2,2385,2681,50.0,43.6
2025-01-25,401721240,Alabama A&M Bulldogs,Texas Southern Tigers,78,82,0,2,2010,2640,33.8,49.1
2025-01-25,401721291,Alcorn State Braves,Florida A&M Rattlers,64,65,0,2,2016,50,36.5,43.3
2025-01-25,401721377,Iowa Hawkeyes,Penn State Nittany Lions,76,75,0,2,2294,213,50.0,49.1
2025-01-25,401721378,Purdue Boilermakers,Michigan Wolverines,91,64,0,2,2509,130,54.8,37.0
2025-01-25,401721379,Washington Huskies,UCLA Bruins,60,65,0,2,264,26,41.5,41.1
2025-01-25,401721380,Minnesota Golden Gophers,Oregon Ducks,77,69,0,2,135,2483,52.6,45.8
2025-01-25,401721381,Rutgers Scarlet Knights,Michigan State Spartans,74,81,0,2,164,127,33.8,48.2
2025-01-25,401721727,Pennsylvania Quakers,Columbia Lions,93,78,0,2,219,171,50.0,46.7
2025-01-25,401721728,Yale Bulldogs,Harvard Crimson,84,55,0,2,43,108,42.9,36.7
2025-01-25,401721729,Princeton Tigers,Cornell Big Red,76,85,0,2,163,172,36.8,47.9
2025-01-25,401721875,Boston University Terriers,Bucknell Bison,85,82,0,2,104,2083,47.5,57.7
2025-01-25,401721876,American University Eagles,Colgate Raiders,81,77,0,2,44,2142,46.0,48.2
2025-01-25,401721877,Loyola Maryland Greyhounds,Holy Cross Crusaders,65,70,0,2,2352,107,42.9,45.5
2025-01-25,401721945,Saint Francis Red Wolves,Long Island University Sharks,74,64,0,2,2598,112358,48.1,37.1
2025-01-25,401721978,Bellarmine Knights,Stetson Hatters,76,81,0,2,91,56,44.3,47.1
2025-01-25,401722044,Jackson State Tigers,Bethune-Cookman Wildcats,86,81,0,2,2296,2065,47.5,45.8
2025-01-25,401722127,Alabama State Hornets,Prairie View A&M Panthers,66,63,0,2,2011,2504,41.8,37.3
2025-01-25,401722144,Arkansas-Pine Bluff Golden Lions,Southern Jaguars,67,83,0,2,2029,2582,39.2,44.8
2025-01-25,401722162,Air Force Falcons,Utah State Aggies,58,87,0,2,2005,328,38.0,53.6
2025-01-25,401722493,Murray State Racers,Belmont Bruins,77,95,0,2,93,2057,50.0,50.8
2025-01-25,401722494,Missouri State Bears,Drake Bulldogs,62,69,0,2,2623,2181,50.0,43.1
2025-01-25,401722495,Valparaiso Beacons,Evansville Purple Aces,68,78,0,2,2674,339,38.6,58.0
2025-01-25,401722496,Bradley Braves,Illinois State Redbirds,61,57,0,2,71,2287,42.0,31.0
2025-01-25,401722497,UIC Flames,Southern Illinois Salukis,85,89,0,2,82,79,50.0,55.0
2025-01-25,401722498,Indiana State Sycamores,Northern Iowa Panthers,56,74,0,2,282,2460,34.5,48.1
2025-01-25,401723690,Morgan State Bears,Coppin State Eagles,80,64,0,2,2415,2154,43.9,37.1
2025-01-25,401723710,Maryland Eastern Shore Hawks,Delaware State Hornets,66,73,0,2,2379,2169,36.4,46.3
2025-01-25,401723772,Norfolk State Spartans,Howard Bison,92,75,0,2,2450,47,50.8,49.1
2025-01-25,401724386,Dayton Flyers,Saint Joseph's Hawks,77,72,0,2,2168,2603,49.1,41.9
2025-01-25,401724387,VCU Rams,St. Bonaventure Bonnies,75,61,0,2,2670,179,44.8,43.9
2025-01-25,401724388,George Washington Revolutionaries,Saint Louis Billikens,67,61,0,2,45,139,47.2,43.9
2025-01-25,401724389,La Salle Explorers,Rhode Island Rams,70,64,0,2,2325,227,38.9,34.5
2025-01-25,401724390,Richmond Spiders,Davidson Wildcats,66,72,0,2,257,2166,47.2,44.6
2025-01-25,401724822,Syracuse Orange,Pittsburgh Panthers,73,77,0,2,183,221,40.3,45.9
2025-01-25,401724823,NC State Wolfpack,SMU Mustangs,57,63,0,2,152,2567,29.2,43.4
2025-01-25,401724824,North Carolina Tar Heels,Boston College Eagles,102,96,0,2,153,103,55.6,54.5
2025-01-25,401724825,Virginia Tech Hokies,Clemson Tigers,57,72,0,2,259,228,38.0,48.3
2025-01-25,401724827,Wake Forest Demon Deacons,Duke Blue Devils,56,63,0,2,154,150,37.3,36.8
2025-01-25,401724828,Virginia Cavaliers,Notre Dame Fighting Irish,59,74,0,2,258,87,40.4,48.2
2025-01-25,401725553,UTSA Roadrunners,Temple Owls,88,79,0,2,2636,218,53.8,45.5
2025-01-25,401725554,East Carolina Pirates,South Florida Bulls,64,55,0,2,151,58,41.0,35.0
2025-01-25,401725555,Rice Owls,Tulane Green Wave,71,82,0,2,242,2655,28.1,51.8
2025-01-25,401725686,Arizona Wildcats,Colorado Buffaloes,78,63,0,2,12,38,46.9,42.9
2025-01-25,401725687,Arizona State Sun Devils,Iowa State Cyclones,61,76,0,2,9,66,44.7,45.8
2025-01-25,401725688,UCF Knights,TCU Horned Frogs,85,58,0,2,2116,2628,45.0,35.9
2025-01-25,401725689,Utah Utes,Baylor Bears,61,76,0,2,254,239,40.0,43.9
2025-01-25,401725690,Kansas Jayhawks,Houston Cougars,86,92,0,2,2305,248,45.5,47.9
2025-01-25,401725691,Kansas State Wildcats,West Virginia Mountaineers,73,60,0,2,2306,277,47.3,36.8
2025-01-25,401726459,Stephen F. Austin Lumberjacks,Northwestern State Demons,54,57,0,2,2617,2466,30.6,28.6
2025-01-25,401727128,North Carolina Central Eagles,South Carolina State Bulldogs,82,77,0,2,2428,2569,48.1,42.4
2025-01-25,401727892,Charleston Southern Buccaneers,UNC Asheville Bulldogs,61,69,0,2,2127,2427,38.0,42.4
2025-01-25,401727893,High Point Panthers,Winthrop Eagles,84,62,0,2,2272,2737,54.5,35.8
2025-01-25,401727894,Longwood Lancers,South Carolina Upstate Spartans,80,54,0,2,2344,2908,48.3,37.0
2025-01-25,401727895,Presbyterian Blue Hose,Radford Highlanders,69,82,0,2,2506,2515,49.0,59.6
2025-01-25,401728315,UNLV Rebels,New Mexico Lobos,73,75,0,2,2439,167,42.6,47.5
2025-01-26,401700208,New Mexico State Aggies,Jacksonville State Gamecocks,59,65,0,2,166,55,34.4,39.1
2025-01-26,401700209,UTEP Miners,Kennesaw State Owls,73,71,0,2,2638,338,42.6,45.6
2025-01-26,401706232,Fairfield Stags,Merrimack Warriors,54,75,0,2,2217,2771,33.3,50.9
2025-01-26,401706342,Central Michigan Chippewas,Western Michigan Broncos,73,52,0,2,2117,2711,43.3,32.2
2025-01-26,401706527,Oral Roberts Golden Eagles,Omaha Mavericks,76,84,0,2,198,2437,47.3,48.1
2025-01-26,401706528,Kansas City Roos,St. Thomas Tommies,65,68,0,2,140,2900,32.2,40.4
2025-01-26,401706594,Southern Utah Thunderbirds,California Baptist Lancers,60,76,0,2,253,2856,32.7,46.7
2025-01-26,401706595,Utah Tech Trailblazers,Grand Canyon Lopes,66,79,0,2,3101,2253,36.9,58.3
2025-01-26,401706596,Seattle U Redhawks,Utah Valley Wolverines,66,70,0,2,2547,3084,43.6,48.3
2025-01-26,401706707,Portland Pilots,Gonzaga Bulldogs,62,105,0,2,2501,2250,34.5,62.7
2025-01-26,401706708,Washington State Cougars,Saint Mary's Gaels,75,80,0,2,265,2608,57.1,57.7
2025-01-26,401706709,Pepperdine Waves,Pacific Tigers,60,44,0,2,2492,279,33.3,28.0
2025-01-26,401706711,San Francisco Dons,San Diego Toreros,81,69,0,2,2539,301,47.3,36.7
2025-01-26,401708346,Alabama Crimson Tide,LSU Tigers,80,73,0,2,333,99,44.3,39.4
2025-01-26,401708347,Arkansas Razorbacks,Oklahoma Sooners,62,65,0,2,8,201,37.0,41.2
2025-01-26,401708348,Auburn Tigers,Tennessee Volunteers,53,51,0,2,2,2633,30.5,31.5
2025-01-26,401711605,North Alabama Lions,Austin Peay Governors,88,84,0,2,2453,2046,37.7,44.3
2025-01-26,401714233,UNC Wilmington Seahawks,Hampton Pirates,83,62,0,2,350,2261,56.9,41.7
2025-01-26,401714236,Elon Phoenix,Charleston Cougars,62,76,0,2,2210,232,41.8,47.8
2025-01-26,401714367,UC San Diego Tritons,Cal State Northridge Matadors,79,54,0,2,28,2463,45.0,32.8
2025-01-26,401714368,Cal State Fullerton Titans,UC Santa Barbara Gauchos,75,83,0,2,2239,2540,43.6,55.6
2025-01-26,401714369,UC Irvine Anteaters,Hawai'i Rainbow Warriors,71,55,0,2,300,62,44.3,31.1
2025-01-26,401714370,Cal State Bakersfield Roadrunners,UC Riverside Highlanders,79,83,0,2,2934,27,46.0,49.1
2025-01-26,401714565,Louisiana Ragin' Cajuns,Southern Miss Golden Eagles,59,67,0,2,309,2572,34.8,45.5
2025-01-26,401714567,Old Dominion Monarchs,Coastal Carolina Chanticleers,74,52,0,2,295,324,49.2,27.8
2025-01-26,401719118,Xavier Musketeers,UConn Huskies,76,72,0,2,2752,41,47.3,47.3
2025-01-26,401720676,Lamar Cardinals,East Texas A&M Lions,61,58,0,2,2320,2837,34.5,33.9
2025-01-26,401720927,Montana Grizzlies,Montana State Bobcats,77,70,0,2,149,147,51.7,53.3
2025-01-26,401721098,Central Connecticut Blue Devils,Chicago State Cougars,81,64,0,2,2115,2130,44.4,40.7
2025-01-26,401721142,Stonehill Skyhawks,Fairleigh Dickinson Knights,54,65,0,2,284,161,43.1,46.0
2025-01-26,401721184,Mercyhurst Lakers,Long Island University Sharks,85,80,0,2,2385,112358,38.8,45.8
2025-01-26,401721382,Illinois Fighting Illini,Northwestern Wildcats,83,74,0,2,356,77,44.6,44.1
2025-01-26,401721383,Indiana Hoosiers,Maryland Terrapins,78,79,0,2,84,120,48.4,49.2
2025-01-26,401721384,Wisconsin Badgers,Nebraska Cornhuskers,83,55,0,2,275,158,47.6,33.9
2025-01-26,401721874,Lehigh Mountain Hawks,Lafayette Leopards,86,47,0,2,2329,322,57.1,31.5
2025-01-26,401721878,Army Black Knights,Navy Midshipmen,53,66,0,2,349,2426,31.1,35.9
2025-01-26,401721946,Saint Francis Red Wolves,Wagner Seahawks,66,68,0,2,2598,2681,47.9,48.1
2025-01-26,401722111,Mississippi Valley State Delta Devils,Grambling Tigers,54,65,0,2,2400,2755,36.7,42.9
2025-01-26,401722247,Nevada Wolf Pack,San Diego State Aztecs,50,69,0,2,2440,21,29.4,48.2
2025-01-26,401722376,San José State Spartans,Wyoming Cowboys,67,58,0,2,23,2751,44.2,33.3
2025-01-26,401724391,Fordham Rams,Duquesne Dukes,65,63,0,2,2230,2184,39.2,44.6
2025-01-26,401724826,Stanford Cardinal,Florida State Seminoles,78,71,0,2,24,52,47.3,37.9
2025-01-26,401724829,California Golden Bears,Miami Hurricanes,98,94,0,2,25,2390,49.2,45.6
2025-01-26,401725556,North Texas Mean Green,Florida Atlantic Owls,77,64,0,2,249,2226,52.7,41.5
2025-01-26,401725557,Memphis Tigers,UAB Blazers,100,77,0,2,235,5,62.3,38.5
2025-01-26,401725558,Tulsa Golden Hurricane,Wichita State Shockers,84,77,0,2,202,2724,58.8,49.2
2025-01-26,401725692,BYU Cougars,Cincinnati Bearcats,80,52,0,2,252,2132,57.1,37.7
2025-01-26,401725693,Texas Tech Red Raiders,Oklahoma State Cowboys,64,54,0,2,2641,197,44.0,45.2
2025-01-26,401727151,Fresno State Bulldogs,Colorado State Rams,64,69,0,2,278,36,43.8,47.2
2025-01-27,401714560,Troy Trojans,Southern Miss Golden Eagles,70,61,0,2,2653,2572,40.0,39.7
2025-01-27,401721292,Alcorn State Braves,Bethune-Cookman Wildcats,70,61,0,2,2016,2065,42.4,40.4
2025-01-27,401721385,Michigan Wolverines,Penn State Nittany Lions,76,72,0,2,130,213,48.4,49.0
2025-01-27,401743468,Little Rock Trojans,Eastern Illinois Panthers,54,56,1,2,2031,2197,43.5,39.6
2025-01-28,401714232,Northeastern Huskies,Towson Tigers,65,75,0,2,111,119,41.1,53.7
2025-01-28,401714559,UL Monroe Warhawks,South Alabama Jaguars,77,66,0,2,2433,6,40.4,34.3
2025-01-28,401715971,SE Louisiana Lions,Houston Christian Huskies,62,70,0,2,2545,2277,45.3,45.2
2025-01-28,401716126,LSU New Orleans Privateers,Incarnate Word Cardinals,58,74,0,2,2443,2916,41.1,50.8
2025-01-28,401719122,Georgetown Hoyas,St. John's Red Storm,41,66,0,2,46,2599,24.6,48.3
2025-01-28,401720677,Lamar Cardinals,Northwestern State Demons,69,59,0,2,2320,2466,35.0,34.5
2025-01-28,401720720,Texas A&M-Corpus Christi Islanders,McNeese Cowboys,73,74,0,2,357,2377,41.7,48.2
2025-01-28,401721214,UT Rio Grande Valley Vaqueros,Nicholls Colonels,75,82,0,2,292,2447,38.1,45.2
2025-01-28,401721241,Alabama A&M Bulldogs,Prairie View A&M Panthers,98,82,0,2,2010,2504,46.3,47.6
2025-01-28,401721386,Ohio State Buckeyes,Iowa Hawkeyes,82,65,0,2,194,2294,48.4,39.3
2025-01-28,401721387,USC Trojans,UCLA Bruins,76,82,0,2,30,26,49.1,54.9
2025-01-28,401721879,Boston University Terriers,Holy Cross Crusaders,69,59,0,2,104,107,41.7,44.4
2025-01-28,401722060,Jackson State Tigers,Florida A&M Rattlers,62,72,0,2,2296,50,39.1,43.9
2025-01-28,401722112,Mississippi Valley State Delta Devils,Southern Jaguars,42,63,0,2,2400,2582,33.3,46.4
2025-01-28,401724713,Alabama State Hornets,Texas Southern Tigers,69,80,0,2,2011,2640,32.5,51.0
2025-01-28,401724830,Duke Blue Devils,NC State Wolfpack,74,64,0,2,150,152,39.0,40.7
2025-01-28,401725694,Arizona Wildcats,Iowa State Cyclones,86,75,0,2,12,66,43.9,43.1
2025-01-28,401727244,Arkansas-Pine Bluff Golden Lions,Grambling Tigers,77,81,0,2,2029,2755,49.2,52.8
2025-01-28,401727255,Stephen F. Austin Lumberjacks,East Texas A&M Lions,79,72,0,2,2617,2837,48.3,49.1
2025-01-29,401700332,Morehead State Eagles,Southern Indiana Screaming Eagles,66,65,0,2,2413,88,48.1,41.7
2025-01-29,401706343,Northern Illinois Huskies,Akron Zips,70,80,0,2,2459,2006,39.3,42.9
2025-01-29,401706344,Kent State Golden Flashes,Bowling Green Falcons,75,57,0,2,2309,189,51.9,32.1
2025-01-29,401706345,Buffalo Bulls,Central Michigan Chippewas,75,69,0,2,2084,2117,45.2,49.1
2025-01-29,401706346,Miami (OH) RedHawks,Eastern Michigan Eagles,89,80,0,2,193,2199,49.1,43.5
2025-01-29,401706347,Ohio Bobcats,Toledo Rockets,83,86,0,2,195,2649,44.9,53.1
2025-01-29,401706348,Ball State Cardinals,Western Michigan Broncos,71,74,0,2,2050,2711,43.9,48.3
2025-01-29,401706451,Furman Paladins,Samford Bulldogs,72,70,0,2,231,2535,49.1,41.5
2025-01-29,401706712,Gonzaga Bulldogs,Oregon State Beavers,98,60,0,2,2250,204,55.0,38.2
2025-01-29,401708354,Tennessee Volunteers,Kentucky Wildcats,73,78,0,2,2633,96,34.7,50.0
2025-01-29,401708355,Georgia Bulldogs,South Carolina Gamecocks,71,60,0,2,61,2579,51.0,41.2
2025-01-29,401708359,Texas A&M Aggies,Oklahoma Sooners,75,68,0,2,245,201,37.5,47.7
2025-01-29,401714571,App State Mountaineers,Old Dominion Monarchs,77,78,0,2,2026,295,45.8,49.1
2025-01-29,401719120,Butler Bulldogs,Marquette Golden Eagles,69,78,0,2,2086,269,40.7,50.8
2025-01-29,401719121,Seton Hall Pirates,Providence Friars,67,69,0,2,2550,2507,37.0,48.9
2025-01-29,401721388,Michigan State Spartans,Minnesota Golden Gophers,73,51,0,2,127,135,44.6,41.2
2025-01-29,401721882,Army Black Knights,Colgate Raiders,84,72,0,2,349,2142,52.4,44.4
2025-01-29,401722163,Colorado State Rams,Air Force Falcons,79,58,0,2,36,2005,51.8,35.1
2025-01-29,401722354,San Diego State Aztecs,San José State Spartans,71,68,0,2,21,23,50.9,41.2
2025-01-29,401722435,Wyoming Cowboys,Fresno State Bulldogs,83,72,0,2,2751,278,49.1,40.9
2025-01-29,401722499,Valparaiso Beacons,Southern Illinois Salukis,75,79,0,2,2674,79,41.9,50.9
2025-01-29,401724392,St. Bonaventure Bonnies,Dayton Flyers,75,53,0,2,179,2168,50.9,40.4
2025-01-29,401724393,Saint Louis Billikens,VCU Rams,78,69,0,2,139,2670,48.8,32.8
2025-01-29,401724831,Louisville Cardinals,Wake Forest Demon Deacons,72,59,0,2,97,154,39.0,41.1
2025-01-29,401724832,Notre Dame Fighting Irish,Georgia Tech Yellow Jackets,71,68,0,2,87,59,47.2,49.1
2025-01-29,401724833,Pittsburgh Panthers,North Carolina Tar Heels,73,65,0,2,221,153,43.6,44.1
2025-01-29,401725559,South Florida Bulls,Rice Owls,69,64,0,2,58,242,40.0,40.0
2025-01-29,401725695,Colorado Buffaloes,Arizona State Sun Devils,68,70,0,2,38,9,43.1,44.9
2025-01-29,401725696,BYU Cougars,Baylor Bears,93,89,0,2,252,239,55.2,50.0
2025-01-29,401725697,Kansas Jayhawks,UCF Knights,91,87,0,2,2305,2116,43.8,38.7
2025-01-29,401725698,Utah Utes,Cincinnati Bearcats,69,66,0,2,254,2132,53.1,39.3
2025-01-29,401727896,South Carolina Upstate Spartans,Charleston Southern Buccaneers,75,82,0,2,2908,2127,44.6,47.1
2025-01-29,401727898,Winthrop Eagles,Presbyterian Blue Hose,76,67,0,2,2737,2506,46.4,39.7
2025-01-29,401727899,UNC Asheville Bulldogs,Radford Highlanders,72,65,0,2,2427,2515,49.1,35.5
2025-01-30,401706449,Mercer Bears,The Citadel Bulldogs,80,46,0,2,2382,2643,49.3,27.3
2025-01-30,401706450,UNC Greensboro Spartans,East Tennessee State Buccaneers,70,65,0,2,2430,2193,51.9,36.8
2025-01-30,401706452,Western Carolina Catamounts,Chattanooga Mocs,60,84,0,2,2717,236,32.1,49.3
2025-01-30,401706453,Wofford Terriers,VMI Keydets,67,74,0,2,2747,2678,43.1,46.0
2025-01-30,401706531,South Dakota Coyotes,Omaha Mavericks,91,87,0,2,233,2437,50.0,50.0
2025-01-30,401706532,St. Thomas Tommies,Oral Roberts Golden Eagles,86,71,0,2,2900,198,57.1,51.0
2025-01-30,401706713,Santa Clara Broncos,Saint Mary's Gaels,54,67,0,2,2541,2608,35.3,40.3
2025-01-30,401708356,LSU Tigers,Auburn Tigers,74,87,0,2,99,2,47.1,40.0
2025-01-30,401708357,Ole Miss Rebels,Texas Longhorns,72,69,0,2,145,251,39.7,39.7
2025-01-30,401711642,Jacksonville Dolphins,Florida Gulf Coast Eagles,79,83,0,2,294,526,50.0,55.2
2025-01-30,401711695,Queens University Royals,North Alabama Lions,75,67,0,2,2511,2453,41.5,36.8
2025-01-30,401711725,North Florida Ospreys,Stetson Hatters,101,100,0,2,2454,56,48.6,43.9
2025-01-30,401714238,Charleston Cougars,Stony Brook Seawolves,81,74,0,2,232,2619,52.6,40.0
2025-01-30,401714241,Delaware Blue Hens,Towson Tigers,66,76,0,2,48,119,49.1,45.0
2025-01-30,401714428,Youngstown State Penguins,Wright State Raiders,88,86,0,2,2754,2750,47.5,56.1
2025-01-30,401714570,Southern Miss Golden Eagles,Arkansas State Red Wolves,68,81,0,2,2572,2032,41.1,43.8
2025-01-30,401719123,UConn Huskies,DePaul Blue Demons,72,61,0,2,41,305,43.6,42.0
2025-01-30,401719124,Creighton Bluejays,Xavier Musketeers,86,77,0,2,156,2752,52.6,42.4
2025-01-30,401720827,Binghamton Bearcats,Vermont Catamounts,75,72,0,2,2066,261,50.0,41.5
2025-01-30,401720829,Maine Black Bears,New Hampshire Wildcats,71,46,0,2,311,160,55.3,29.8
2025-01-30,401721389,Maryland Terrapins,Wisconsin Badgers,76,68,0,2,120,275,40.0,37.3
2025-01-30,401721390,Northwestern Wildcats,Rutgers Scarlet Knights,72,79,0,2,77,164,42.4,57.1
2025-01-30,401721392,Penn State Nittany Lions,Ohio State Buckeyes,64,83,0,2,213,194,45.7,46.8
2025-01-30,401721880,Lafayette Leopards,American University Eagles,68,75,0,2,322,44,45.0,40.7
2025-01-30,401721881,Lehigh Mountain Hawks,Navy Midshipmen,54,79,0,2,2329,2426,37.3,50.0
2025-01-30,401721883,Bucknell Bison,Loyola Maryland Greyhounds,79,67,0,2,2083,2352,45.6,45.1
2025-01-30,401721965,Central Arkansas Bears,West Georgia Wolves,75,70,0,2,2110,2698,48.3,39.7
2025-01-30,401722398,Utah State Aggies,UNLV Rebels,76,71,0,2,328,2439,48.0,42.9
2025-01-30,401722500,Illinois State Redbirds,Belmont Bruins,81,78,0,2,2287,2057,51.6,43.8
2025-01-30,401722501,Indiana State Sycamores,Missouri State Bears,72,67,0,2,282,2623,42.6,49.1
2025-01-30,401722502,Evansville Purple Aces,Murray State Racers,78,74,0,2,339,93,57.4,37.5
2025-01-30,401722503,Bradley Braves,UIC Flames,70,93,0,2,71,82,48.3,53.1
2025-01-30,401722504,Drake Bulldogs,Northern Iowa Panthers,66,52,0,2,2181,2460,50.0,44.7
2025-01-30,401724394,La Salle Explorers,Fordham Rams,72,88,0,2,2325,2230,39.7,52.5
2025-01-30,401724395,Saint Joseph's Hawks,Duquesne Dukes,76,72,0,2,2603,2184,46.8,39.4
2025-01-30,401724396,George Mason Patriots,Loyola Chicago Ramblers,58,53,0,2,2244,2350,34.4,32.1
2025-01-30,401724397,George Washington Revolutionaries,Richmond Spiders,75,66,0,2,45,257,46.9,44.4
2025-01-30,401724398,Rhode Island Rams,Massachusetts Minutemen,88,82,0,2,227,113,56.6,41.7
2025-01-30,401724556,Mississippi State Bulldogs,Alabama Crimson Tide,84,88,0,2,344,333,50.0,49.2
2025-01-30,401724834,Florida State Seminoles,Virginia Tech Hokies,66,76,0,2,52,259,40.3,41.4
2025-01-30,401724835,Miami Hurricanes,Virginia Cavaliers,71,82,0,2,2390,258,51.0,54.9
2025-01-30,401724836,SMU Mustangs,California Golden Bears,76,65,0,2,2567,25,45.0,34.3
2025-01-30,401724837,Stanford Cardinal,Syracuse Orange,70,61,0,2,24,183,44.4,46.9
2025-01-30,401725560,Wichita State Shockers,North Texas Mean Green,54,58,0,2,2724,249,36.0,40.0
2025-01-30,401725561,Tulsa Golden Hurricane,UAB Blazers,68,78,0,2,202,5,40.0,44.6
2025-01-30,401725562,Temple Owls,Charlotte 49ers,90,89,0,2,218,2429,46.0,40.6
2025-01-30,401725563,Florida Atlantic Owls,UTSA Roadrunners,94,74,0,2,2226,2636,54.1,38.3
2025-01-30,401725699,Kansas State Wildcats,Oklahoma State Cowboys,85,57,0,2,2306,197,52.6,39.6
2025-01-30,401725700,Texas Tech Red Raiders,TCU Horned Frogs,71,57,0,2,2641,2628,46.9,35.1
2025-01-30,401725701,West Virginia Mountaineers,Houston Cougars,49,63,0,2,277,248,46.5,48.1
2025-01-30,401727824,Boise State Broncos,Nevada Wolf Pack,66,56,0,2,68,2440,40.8,40.5
2025-01-30,401727897,Gardner-Webb Runnin' Bulldogs,Longwood Lancers,92,87,0,2,2241,2344,53.6,51.5
2025-01-31,401700210,Jacksonville State Gamecocks,Florida International Panthers,71,67,0,2,55,2229,45.5,46.6
2025-01-31,401700211,Kennesaw State Owls,Liberty Flames,68,76,0,2,338,2335,39.1,50.0
2025-01-31,401700212,Middle Tennessee Blue Raiders,New Mexico State Aggies,57,61,0,2,2393,166,43.4,40.3
2025-01-31,401700213,Western Kentucky Hilltoppers,UTEP Miners,78,74,0,2,98,2638,55.6,41.1
2025-01-31,401700333,Western Illinois Leathernecks,Eastern Illinois Panthers,59,71,0,2,2710,2197,44.0,45.0
2025-01-31,401700334,Lindenwood Lions,SIU Edwardsville Cougars,65,63,0,2,2815,2565,38.5,34.9
2025-01-31,401700335,Little Rock Trojans,Tennessee State Tigers,70,72,0,2,2031,2634,38.8,51.7
2025-01-31,401700336,Morehead State Eagles,Tennessee Tech Golden Eagles,64,72,0,2,2413,2635,35.6,42.4
2025-01-31,401700337,Southeast Missouri State Redhawks,UT Martin Skyhawks,90,79,0,2,2546,2630,63.5,40.0
2025-01-31,401706533,Denver Pioneers,Kansas City Roos,69,68,0,2,2172,140,50.9,49.0
2025-01-31,401706534,North Dakota State Bison,South Dakota State Jackrabbits,62,72,0,2,2449,2571,37.7,48.3
2025-01-31,401706598,California Baptist Lancers,Abilene Christian Wildcats,83,60,0,2,2856,2000,51.8,43.8
2025-01-31,401706599,Grand Canyon Lopes,Seattle U Redhawks,83,74,0,2,2253,2547,49.1,40.0
2025-01-31,401706600,Tarleton State Texans,Utah Tech Trailblazers,61,54,0,2,2627,3101,39.1,40.5
2025-01-31,401706601,UT Arlington Mavericks,Southern Utah Thunderbirds,70,68,0,2,250,253,42.9,48.2
2025-01-31,401706714,Pacific Tigers,Washington State Cougars,70,68,0,2,279,265,47.5,51.1
2025-01-31,401706715,Loyola Marymount Lions,Portland Pilots,88,63,0,2,2351,2501,50.0,35.0
2025-01-31,401706716,San Diego Toreros,Pepperdine Waves,90,98,0,2,301,2492,45.9,49.2
2025-01-31,401709988,Long Beach State Beach,UC Irvine Anteaters,75,80,0,2,299,300,43.7,44.4
2025-01-31,401711606,Austin Peay Governors,Bellarmine Knights,86,77,0,2,2046,91,45.0,42.9
2025-01-31,401711624,Lipscomb Bisons,Eastern Kentucky Colonels,71,80,0,2,288,2198,38.7,42.9
2025-01-31,401714237,Hampton Pirates,Northeastern Huskies,69,78,0,2,2261,111,42.9,53.4
2025-01-31,401714239,Elon Phoenix,Hofstra Pride,63,74,0,2,2210,2275,28.8,46.7
2025-01-31,401714240,Monmouth Hawks,Drexel Dragons,104,97,0,2,2405,2182,47.1,39.5
2025-01-31,401714242,Campbell Fighting Camels,William & Mary Tribe,96,55,0,2,2097,2729,47.7,26.0
2025-01-31,401714243,North Carolina A&T Aggies,UNC Wilmington Seahawks,59,83,0,2,2448,350,43.5,52.4
2025-01-31,401714327,Cal State Bakersfield Roadrunners,Cal Poly Mustangs,81,90,0,2,2934,13,42.6,53.6
2025-01-31,401714328,UC Santa Barbara Gauchos,Cal State Northridge Matadors,71,78,0,2,2540,2463,43.1,49.2
2025-01-31,401714329,Hawai'i Rainbow Warriors,UC San Diego Tritons,63,74,0,2,62,28,47.6,48.0
2025-01-31,401714330,UC Riverside Highlanders,UC Davis Aggies,60,58,0,2,27,302,42.3,41.4
2025-01-31,401714426,Oakland Golden Grizzlies,Green Bay Phoenix,68,54,0,2,2473,2739,40.0,37.0
2025-01-31,401714427,Detroit Mercy Titans,Northern Kentucky Norse,68,57,0,2,2174,94,43.4,30.2
2025-01-31,401714429,Robert Morris Colonials,IU Indianapolis Jaguars,106,53,0,2,2523,85,52.1,34.5
2025-01-31,401714430,Purdue Fort Wayne Mastodons,Cleveland State Vikings,58,68,0,2,2870,325,35.4,46.9
2025-01-31,401714572,Texas State Bobcats,Louisiana Ragin' Cajuns,61,70,0,2,326,309,41.2,43.4
2025-01-31,401714573,South Alabama Jaguars,UL Monroe Warhawks,58,62,0,2,6,2433,40.4,38.3
2025-01-31,401714574,James Madison Dukes,Coastal Carolina Chanticleers,73,64,0,2,256,324,40.7,42.6
2025-01-31,401714575,Troy Trojans,Georgia Southern Eagles,81,74,0,2,2653,290,50.0,42.9
2025-01-31,401714576,Marshall Thundering Herd,Georgia State Panthers,81,85,0,2,276,2247,48.5,61.8
2025-01-31,401718483,Idaho State Bengals,Eastern Washington Eagles,78,70,0,2,304,331,45.3,44.6
2025-01-31,401719125,Georgetown Hoyas,Butler Bulldogs,73,70,0,2,46,2086,49.2,48.2
2025-01-31,401719664,Montana Grizzlies,Portland State Vikings,92,78,0,2,149,2502,63.6,55.4
2025-01-31,401720550,Weber State Wildcats,Idaho Vandals,74,82,0,2,2692,70,49.1,44.0
2025-01-31,401720828,UMBC Retrievers,Bryant Bulldogs,86,92,0,2,2378,2803,51.7,48.7
2025-01-31,401720830,NJIT Highlanders,UMass Lowell River Hawks,83,62,0,2,2885,2349,44.3,42.1
2025-01-31,401720928,Montana State Bobcats,Sacramento State Hornets,70,58,0,2,147,16,42.9,35.1
2025-01-31,401721099,Long Island University Sharks,Central Connecticut Blue Devils,50,63,0,2,112358,2115,36.8,45.6
2025-01-31,401721143,Fairleigh Dickinson Knights,Le Moyne Dolphins,78,74,0,2,161,2330,50.9,54.5
2025-01-31,401721185,Mercyhurst Lakers,Saint Francis Red Wolves,62,58,0,2,2385,2598,38.6,38.9
2025-01-31,401721391,Nebraska Cornhuskers,Illinois Fighting Illini,80,74,0,2,158,356,39.7,35.6
2025-01-31,401721393,UCLA Bruins,Oregon Ducks,78,52,0,2,26,2483,55.6,41.2
2025-01-31,401721730,Princeton Tigers,Yale Bulldogs,70,77,0,2,163,43,34.8,57.4
2025-01-31,401722019,Stonehill Skyhawks,Wagner Seahawks,73,61,0,2,284,2681,48.9,44.4
2025-01-31,401725564,Tulane Green Wave,Memphis Tigers,56,68,0,2,2655,235,36.2,44.8
2025-02-01,401700214,Kennesaw State Owls,Florida International Panthers,73,67,0,2,338,2229,43.6,50.0
2025-02-01,401700215,Jacksonville State Gamecocks,Liberty Flames,72,61,0,2,55,2335,49.1,40.7
2025-02-01,401700216,Louisiana Tech Bulldogs,Sam Houston Bearkats,66,61,0,2,2348,2534,37.7,35.6
2025-02-01,401700217,Western Kentucky Hilltoppers,New Mexico State Aggies,101,69,0,2,98,166,58.2,42.9
2025-02-01,401700218,Middle Tennessee Blue Raiders,UTEP Miners,71,68,0,2,2393,2638,47.3,43.8
2025-02-01,401700338,Lindenwood Lions,Eastern Illinois Panthers,70,76,0,2,2815,2197,38.1,41.0
2025-02-01,401700339,Little Rock Trojans,UT Martin Skyhawks,75,57,0,2,2031,2630,49.2,33.9
2025-02-01,401700340,Southeast Missouri State Redhawks,Tennessee State Tigers,89,87,0,2,2546,2634,52.6,48.4
2025-02-01,401700341,Western Illinois Leathernecks,SIU Edwardsville Cougars,65,69,0,2,2710,2565,37.5,40.3
2025-02-01,401700342,Southern Indiana Screaming Eagles,Tennessee Tech Golden Eagles,65,78,0,2,88,2635,37.3,42.2
2025-02-01,401706235,Canisius Golden Griffins,Niagara Purple Eagles,63,64,0,2,2099,315,54.5,51.1
2025-02-01,401706236,Rider Broncs,Saint Peter's Peacocks,67,64,0,2,2520,2612,52.9,42.3
2025-02-01,401706237,Marist Red Foxes,Siena Saints,72,67,0,2,2368,2561,45.2,41.8
2025-02-01,401706238,Merrimack Warriors,Mount St. Mary's Mountaineers,58,66,0,2,2771,116,31.6,51.2
2025-02-01,401706239,Quinnipiac Bobcats,Fairfield Stags,81,69,0,2,2514,2217,43.9,35.4
2025-02-01,401706349,Kent State Golden Flashes,Akron Zips,71,85,0,2,2309,2006,34.9,47.5
2025-02-01,401706350,Buffalo Bulls,Ball State Cardinals,76,89,0,2,2084,2050,38.5,46.0
2025-02-01,401706352,Western Michigan Broncos,Eastern Michigan Eagles,61,54,0,2,2711,2199,38.6,36.5
2025-02-01,401706353,Toledo Rockets,Northern Illinois Huskies,89,85,0,2,2649,2459,40.0,47.8
2025-02-01,401706354,Miami (OH) RedHawks,Ohio Bobcats,73,69,0,2,193,195,40.7,36.8
2025-02-01,401706454,The Citadel Bulldogs,Samford Bulldogs,58,83,0,2,2643,2535,33.3,58.2
2025-02-01,401706456,Chattanooga Mocs,Mercer Bears,93,84,0,2,236,2382,45.0,46.2
2025-02-01,401706457,UNC Greensboro Spartans,Wofford Terriers,62,74,0,2,2430,2747,39.0,42.6
2025-02-01,401706458,Western Carolina Catamounts,VMI Keydets,76,80,0,2,2717,2678,40.9,41.0
2025-02-01,401706538,North Dakota Fighting Hawks,South Dakota State Jackrabbits,80,75,0,2,155,2571,55.2,43.1
2025-02-01,401706603,UT Arlington Mavericks,Utah Tech Trailblazers,73,71,0,2,250,3101,44.9,41.8
2025-02-01,401706721,San Diego Toreros,Loyola Marymount Lions,62,78,0,2,301,2351,27.5,43.6
2025-02-01,401708360,Alabama Crimson Tide,Georgia Bulldogs,90,69,0,2,333,61,52.6,35.5
2025-02-01,401708362,LSU Tigers,Texas Longhorns,58,89,0,2,99,251,45.1,56.3
2025-02-01,401708363,Ole Miss Rebels,Auburn Tigers,82,92,0,2,145,2,46.4,48.4
2025-02-01,401708364,Mississippi State Bulldogs,Missouri Tigers,61,88,0,2,344,142,36.4,55.0
2025-02-01,401708366,Tennessee Volunteers,Florida Gators,64,44,0,2,2633,57,40.0,24.5
2025-02-01,401708367,Oklahoma Sooners,Vanderbilt Commodores,97,67,0,2,201,238,63.2,38.7
2025-02-01,401711607,Eastern Kentucky Colonels,Austin Peay Governors,88,82,0,2,2198,2046,50.7,49.2
2025-02-01,401711643,Florida Gulf Coast Eagles,Stetson Hatters,82,56,0,2,526,56,50.8,41.2
2025-02-01,401711658,Jacksonville Dolphins,North Florida Ospreys,78,81,0,2,294,2454,38.4,46.9
2025-02-01,401711673,Lipscomb Bisons,Bellarmine Knights,87,80,0,2,288,91,54.3,58.9
2025-02-01,401711717,Queens University Royals,West Georgia Wolves,87,68,0,2,2511,2698,59.6,42.6
2025-02-01,401714246,Campbell Fighting Camels,Hofstra Pride,75,52,0,2,2097,2275,50.9,42.9
2025-02-01,401714247,Towson Tigers,Drexel Dragons,55,54,0,2,119,2182,38.6,46.8
2025-02-01,401714248,Monmouth Hawks,Delaware Blue Hens,92,83,0,2,2405,48,51.7,42.2
2025-02-01,401714374,UC Irvine Anteaters,UC Davis Aggies,73,66,0,2,300,302,43.4,38.3
2025-02-01,401714431,Detroit Mercy Titans,Green Bay Phoenix,67,57,0,2,2174,2739,42.1,38.2
2025-02-01,401714432,Oakland Golden Grizzlies,Northern Kentucky Norse,75,84,0,2,2473,94,45.1,45.9
2025-02-01,401714433,Youngstown State Penguins,IU Indianapolis Jaguars,79,84,0,2,2754,85,47.9,47.5
2025-02-01,401714577,Texas State Bobcats,Arkansas State Red Wolves,74,85,0,2,326,2032,44.3,57.4
2025-02-01,401714578,Troy Trojans,UL Monroe Warhawks,87,50,0,2,2653,2433,47.6,36.7
2025-02-01,401714580,Marshall Thundering Herd,Coastal Carolina Chanticleers,67,62,0,2,276,324,41.7,54.0
2025-02-01,401714581,Southern Miss Golden Eagles,Georgia Southern Eagles,72,68,0,2,2572,290,45.6,37.5
2025-02-01,401714582,App State Mountaineers,Georgia State Panthers,80,76,0,2,2026,2247,50.9,47.0
2025-02-01,401714583,James Madison Dukes,Old Dominion Monarchs,68,54,0,2,256,295,41.7,34.0
2025-02-01,401715972,Incarnate Word Cardinals,Houston Christian Huskies,74,64,0,2,2916,2277,48.3,55.3
2025-02-01,401716074,SE Louisiana Lions,LSU New Orleans Privateers,76,68,0,2,2545,2443,40.7,39.1
2025-02-01,401718484,Weber State Wildcats,Eastern Washington Eagles,49,72,0,2,2692,331,27.3,37.5
2025-02-01,401719126,Villanova Wildcats,Creighton Bluejays,60,62,0,2,222,156,39.7,47.1
2025-02-01,401719127,St. John's Red Storm,Providence Friars,68,66,0,2,2599,2507,38.2,42.9
2025-02-01,401719385,Northern Colorado Bears,Northern Arizona Lumberjacks,87,69,0,2,2458,2464,51.8,40.3
2025-02-01,401720654,Idaho State Bengals,Idaho Vandals,87,71,0,2,304,70,52.8,44.2
2025-02-01,401720678,Stephen F. Austin Lumberjacks,Lamar Cardinals,62,67,0,2,2617,2320,41.7,42.9
2025-02-01,401720721,Nicholls Colonels,McNeese Cowboys,71,63,0,2,2447,2377,48.0,48.0
2025-02-01,401720760,UT Rio Grande Valley Vaqueros,Texas A&M-Corpus Christi Islanders,83,73,0,2,292,357,46.8,47.5
2025-02-01,401720832,NJIT Highlanders,Bryant Bulldogs,70,92,0,2,2885,2803,34.3,45.3
2025-02-01,401720833,Vermont Catamounts,Maine Black Bears,55,49,0,2,261,311,40.4,36.5
2025-02-01,401720834,UMBC Retrievers,UMass Lowell River Hawks,67,83,0,2,2378,2349,44.4,54.2
2025-02-01,401720929,Montana Grizzlies,Sacramento State Hornets,87,59,0,2,149,16,56.1,37.0
2025-02-01,401720958,Cornell Big Red,Dartmouth Big Green,76,64,0,2,172,159,43.8,36.7
2025-02-01,401720959,Columbia Lions,Dartmouth Big Green,89,95,0,2,171,159,42.9,57.7
2025-02-01,401721100,Stonehill Skyhawks,Central Connecticut Blue Devils,63,71,0,2,284,2115,44.4,51.8
2025-02-01,401721122,Chicago State Cougars,Long Island University Sharks,73,67,0,2,2130,112358,39.3,37.5
2025-02-01,401721144,Fairleigh Dickinson Knights,Mercyhurst Lakers,60,67,0,2,161,2385,45.8,42.3
2025-02-01,401721163,Wagner Seahawks,Le Moyne Dolphins,73,61,0,2,2681,2330,56.8,47.6
2025-02-01,401721242,Florida A&M Rattlers,Alabama A&M Bulldogs,95,79,0,2,50,2010,52.6,45.0
2025-02-01,401721293,Southern Jaguars,Alcorn State Braves,74,69,0,2,2582,2016,40.4,41.4
2025-02-01,401721394,Purdue Boilermakers,Indiana Hoosiers,81,76,0,2,2509,84,52.7,56.6
2025-02-01,401721395,Minnesota Golden Gophers,Washington Huskies,68,71,0,2,135,264,52.3,41.8
2025-02-01,401721396,Northwestern Wildcats,Wisconsin Badgers,69,75,0,2,77,275,42.4,41.5
2025-02-01,401721397,Rutgers Scarlet Knights,Michigan Wolverines,63,66,0,2,164,130,32.8,47.8
2025-02-01,401721398,USC Trojans,Michigan State Spartans,70,64,0,2,30,127,42.1,42.1
2025-02-01,401721731,Columbia Lions,Harvard Crimson,82,90,0,2,171,108,48.4,55.9
2025-02-01,401721732,Pennsylvania Quakers,Brown Bears,79,88,0,2,219,225,43.5,50.0
2025-02-01,401721733,Pennsylvania Quakers,Yale Bulldogs,61,90,0,2,219,43,34.8,57.1
2025-02-01,401721734,Cornell Big Red,Harvard Crimson,75,60,0,2,172,108,57.1,41.8
2025-02-01,401721735,Princeton Tigers,Brown Bears,69,49,0,2,163,225,46.3,33.3
2025-02-01,401721884,Loyola Maryland Greyhounds,Boston University Terriers,69,67,0,2,2352,104,46.9,39.7
2025-02-01,401721885,Holy Cross Crusaders,Lehigh Mountain Hawks,67,69,0,2,107,2329,46.8,42.9
2025-02-01,401721886,American University Eagles,Army Black Knights,71,68,0,2,44,349,49.1,42.6
2025-02-01,401721887,Colgate Raiders,Lafayette Leopards,61,76,0,2,2142,322,42.9,50.0
2025-02-01,401721888,Navy Midshipmen,Bucknell Bison,75,85,0,2,2426,2083,40.6,56.9
2025-02-01,401722045,Bethune-Cookman Wildcats,Alabama State Hornets,67,64,0,2,2065,2011,45.3,36.8
2025-02-01,401722074,Grambling Tigers,Jackson State Tigers,50,65,0,2,2755,2296,30.5,44.8
2025-02-01,401722113,Arkansas-Pine Bluff Golden Lions,Mississippi Valley State Delta Devils,76,79,0,2,2029,2400,45.3,51.1
2025-02-01,401722128,Texas Southern Tigers,Prairie View A&M Panthers,79,63,0,2,2640,2504,45.0,35.9
2025-02-01,401722164,San José State Spartans,Air Force Falcons,75,64,0,2,23,2005,50.0,36.7
2025-02-01,401722505,Southern Illinois Salukis,Drake Bulldogs,65,75,0,2,79,2181,51.1,54.3
2025-02-01,401722506,UIC Flames,Indiana State Sycamores,83,88,0,2,82,282,41.4,44.4
2025-02-01,401722507,Missouri State Bears,Murray State Racers,77,56,0,2,2623,93,60.4,39.2
2025-02-01,401722508,Illinois State Redbirds,Valparaiso Beacons,86,78,0,2,2287,2674,56.9,48.3
2025-02-01,401723698,Coppin State Eagles,Delaware State Hornets,61,84,0,2,2154,2169,37.7,52.3
2025-02-01,401723731,Morgan State Bears,Maryland Eastern Shore Hawks,76,63,0,2,2415,2379,50.9,39.3
2025-02-01,401723773,Norfolk State Spartans,South Carolina State Bulldogs,67,65,0,2,2450,2569,38.2,34.4
2025-02-01,401724399,Saint Louis Billikens,Dayton Flyers,63,71,0,2,139,2168,46.9,41.4
2025-02-01,401724400,St. Bonaventure Bonnies,Fordham Rams,74,72,0,2,179,2230,55.8,47.4
2025-02-01,401724401,La Salle Explorers,George Washington Revolutionaries,73,67,0,2,2325,45,43.1,46.6
2025-02-01,401724402,Davidson Wildcats,George Mason Patriots,60,64,0,2,2166,2244,35.6,48.0
2025-02-01,401724403,Duquesne Dukes,Massachusetts Minutemen,53,62,0,2,2184,113,31.7,41.4
2025-02-01,401724404,Loyola Chicago Ramblers,Saint Joseph's Hawks,58,55,0,2,2350,2603,44.2,29.1
2025-02-01,401724405,VCU Rams,Richmond Spiders,90,49,0,2,2670,257,64.7,32.6
2025-02-01,401724838,Wake Forest Demon Deacons,Pittsburgh Panthers,76,74,0,2,154,221,52.2,42.9
2025-02-01,401724839,NC State Wolfpack,Clemson Tigers,58,68,0,2,152,228,38.3,48.1
2025-02-01,401724840,Boston College Eagles,Florida State Seminoles,77,76,0,2,103,52,36.4,38.5
2025-02-01,401724841,Georgia Tech Yellow Jackets,Louisville Cardinals,77,70,0,2,59,97,47.6,45.5
2025-02-01,401724842,Virginia Cavaliers,Virginia Tech Hokies,74,75,0,2,258,259,48.1,52.1
2025-02-01,401724843,SMU Mustangs,Stanford Cardinal,85,61,0,2,2567,24,53.4,33.3
2025-02-01,401724844,Duke Blue Devils,North Carolina Tar Heels,87,70,0,2,150,153,52.8,47.3
2025-02-01,401725565,Temple Owls,East Carolina Pirates,98,94,0,2,218,151,58.2,50.0
2025-02-01,401725566,UAB Blazers,Charlotte 49ers,96,78,0,2,5,2429,57.1,51.9
2025-02-01,401725567,North Texas Mean Green,UTSA Roadrunners,50,54,0,2,249,2636,38.3,40.9
2025-02-01,401725702,Arizona State Sun Devils,Arizona Wildcats,72,81,0,2,9,12,36.8,37.1
2025-02-01,401725703,UCF Knights,BYU Cougars,75,81,0,2,2116,252,37.1,48.3
2025-02-01,401725704,Oklahoma State Cowboys,Utah Utes,81,72,0,2,197,254,48.9,40.0
2025-02-01,401725705,Baylor Bears,Kansas Jayhawks,81,70,0,2,239,2305,43.1,45.6
2025-02-01,401725706,Iowa State Cyclones,Kansas State Wildcats,61,80,0,2,66,2306,36.5,44.8
2025-02-01,401725707,Houston Cougars,Texas Tech Red Raiders,81,82,0,2,248,2641,45.3,42.6
2025-02-01,401726461,East Texas A&M Lions,Northwestern State Demons,72,50,0,2,2837,2466,48.1,30.5
2025-02-01,401727152,Boise State Broncos,Fresno State Bulldogs,82,60,0,2,68,278,48.4,38.2
2025-02-01,401727293,Manhattan Jaspers,Iona Gaels,76,55,0,2,2363,314,50.8,35.5
2025-02-01,401727900,Charleston Southern Buccaneers,Longwood Lancers,89,85,0,2,2127,2344,56.3,47.4
2025-02-01,401727901,Winthrop Eagles,Gardner-Webb Runnin' Bulldogs,96,93,0,2,2737,2241,54.2,55.9
2025-02-01,401727902,Presbyterian Blue Hose,High Point Panthers,72,84,0,2,2506,2272,38.7,60.4
2025-02-01,401727903,Radford Highlanders,South Carolina Upstate Spartans,79,69,0,2,2515,2908,46.8,44.6
2025-02-01,401754722,Hampton Pirates,Howard Bison,80,79,1,2,2261,47,44.8,45.7
2025-02-02,401706240,Siena Saints,Quinnipiac Bobcats,84,75,0,2,2561,2514,42.2,39.0
2025-02-02,401706241,Saint Peter's Peacocks,Mount St. Mary's Mountaineers,64,79,0,2,2612,116,38.3,51.9
2025-02-02,401706242,Rider Broncs,Merrimack Warriors,64,66,0,2,2520,2771,45.3,43.3
2025-02-02,401706243,Iona Gaels,Fairfield Stags,87,64,0,2,314,2217,44.4,36.7
2025-02-02,401706244,Sacred Heart Pioneers,Manhattan Jaspers,74,72,0,2,2529,2363,40.3,35.2
2025-02-02,401706351,Central Michigan Chippewas,Bowling Green Falcons,90,71,0,2,2117,189,56.4,44.6
2025-02-02,401706455,East Tennessee State Buccaneers,Furman Paladins,72,69,0,2,2193,231,46.2,49.1
2025-02-02,401706535,Omaha Mavericks,Denver Pioneers,78,69,0,2,2437,2172,48.9,45.2
2025-02-02,401706536,Oral Roberts Golden Eagles,Kansas City Roos,73,67,0,2,198,140,42.0,38.3
2025-02-02,401706537,St. Thomas Tommies,North Dakota State Bison,79,62,0,2,2900,2449,50.0,44.0
2025-02-02,401706602,Grand Canyon Lopes,Utah Valley Wolverines,75,57,0,2,2253,3084,47.6,32.8
2025-02-02,401706604,Tarleton State Texans,Southern Utah Thunderbirds,75,58,0,2,2627,253,56.9,41.9
2025-02-02,401706717,Saint Mary's Gaels,Gonzaga Bulldogs,62,58,0,2,2608,2250,38.2,43.6
2025-02-02,401706718,San Francisco Dons,Washington State Cougars,75,51,0,2,2539,265,39.7,39.6
2025-02-02,401706719,Pepperdine Waves,Portland Pilots,64,84,0,2,2492,2501,39.1,55.6
2025-02-02,401706720,Santa Clara Broncos,Pacific Tigers,83,49,0,2,2541,279,55.4,31.5
2025-02-02,401708361,Kentucky Wildcats,Arkansas Razorbacks,79,89,0,2,96,8,48.4,55.2
2025-02-02,401708365,South Carolina Gamecocks,Texas A&M Aggies,72,76,0,2,2579,245,44.6,44.9
2025-02-02,401709989,UC Santa Barbara Gauchos,Long Beach State Beach,85,54,0,2,2540,299,53.6,30.2
2025-02-02,401711696,North Alabama Lions,Central Arkansas Bears,94,65,0,2,2453,2110,57.8,43.4
2025-02-02,401714244,Elon Phoenix,Northeastern Huskies,71,60,0,2,2210,111,41.8,38.9
2025-02-02,401714245,UNC Wilmington Seahawks,Stony Brook Seawolves,80,70,0,2,350,2619,56.8,42.1
2025-02-02,401714371,UC Riverside Highlanders,Cal Poly Mustangs,80,62,0,2,27,13,41.7,34.0
2025-02-02,401714372,Hawai'i Rainbow Warriors,Cal State Fullerton Titans,82,57,0,2,62,2239,44.3,36.5
2025-02-02,401714373,Cal State Northridge Matadors,Cal State Bakersfield Roadrunners,88,62,0,2,2463,2934,50.8,33.9
2025-02-02,401714434,Milwaukee Panthers,Purdue Fort Wayne Mastodons,79,81,0,2,270,2870,47.0,46.7
2025-02-02,401714435,Wright State Raiders,Robert Morris Colonials,66,64,0,2,2750,2523,40.4,46.2
2025-02-02,401714579,Louisiana Ragin' Cajuns,South Alabama Jaguars,58,62,0,2,309,6,34.5,40.0
2025-02-02,401719128,Marquette Golden Eagles,UConn Huskies,69,77,0,2,269,41,39.7,59.5
2025-02-02,401719129,DePaul Blue Demons,Seton Hall Pirates,74,57,0,2,305,2550,55.3,35.0
2025-02-02,401719665,Montana State Bobcats,Portland State Vikings,74,73,0,2,147,2502,49.0,44.4
2025-02-02,401720831,UAlbany Great Danes,Binghamton Bearcats,61,65,0,2,399,2066,41.0,46.8
2025-02-02,401721399,Illinois Fighting Illini,Ohio State Buckeyes,87,79,0,2,356,194,51.7,37.0
2025-02-02,401722249,Nevada Wolf Pack,UNLV Rebels,71,65,0,2,2440,2439,45.8,43.5
2025-02-02,401722355,San Diego State Aztecs,Wyoming Cowboys,63,61,0,2,21,2751,36.7,36.5
2025-02-02,401722399,Utah State Aggies,New Mexico Lobos,63,82,0,2,328,167,37.5,48.3
2025-02-02,401722509,Northern Iowa Panthers,Bradley Braves,83,69,0,2,2460,71,48.3,45.5
2025-02-02,401722510,Belmont Bruins,Evansville Purple Aces,75,80,0,2,2057,339,42.4,41.5
2025-02-02,401724845,Miami Hurricanes,Notre Dame Fighting Irish,63,57,0,2,2390,87,46.0,42.6
2025-02-02,401724846,California Golden Bears,Syracuse Orange,66,75,0,2,25,183,28.6,46.3
2025-02-02,401725568,Florida Atlantic Owls,South Florida Bulls,94,72,0,2,2226,58,56.1,32.3
2025-02-02,401725569,Rice Owls,Memphis Tigers,83,86,0,2,242,235,45.2,55.0
2025-02-02,401725570,Tulane Green Wave,Tulsa Golden Hurricane,59,56,0,2,2655,202,39.6,37.9
2025-02-02,401725708,TCU Horned Frogs,Colorado Buffaloes,68,57,0,2,2628,38,44.4,46.7
2025-02-02,401725709,Cincinnati Bearcats,West Virginia Mountaineers,50,63,0,2,2132,277,31.5,49.0
2025-02-03,401721400,Oregon Ducks,Nebraska Cornhuskers,71,77,0,2,2483,158,40.0,51.0
2025-02-03,401721889,Lehigh Mountain Hawks,Colgate Raiders,94,68,0,2,2329,2142,60.0,41.7
2025-02-04,401706357,Eastern Michigan Eagles,Kent State Golden Flashes,49,70,0,2,2199,2309,28.3,44.3
2025-02-04,401714249,William & Mary Tribe,Charleston Cougars,90,75,0,2,2729,232,50.0,44.8
2025-02-04,401715973,Nicholls Colonels,Houston Christian Huskies,75,67,0,2,2447,2277,43.1,49.1
2025-02-04,401716075,SE Louisiana Lions,Lamar Cardinals,81,79,0,2,2545,2320,44.4,45.2
2025-02-04,401716127,McNeese Cowboys,Incarnate Word Cardinals,67,65,0,2,2377,2916,49.2,45.6
2025-02-04,401719131,St. John's Red Storm,Marquette Golden Eagles,70,64,0,2,2599,269,41.7,40.7
2025-02-04,401719386,Idaho State Bengals,Northern Colorado Bears,72,86,0,2,304,2458,37.5,61.1
2025-02-04,401720551,Weber State Wildcats,Northern Arizona Lumberjacks,77,73,0,2,2692,2464,47.4,38.2
2025-02-04,401720740,LSU New Orleans Privateers,Stephen F. Austin Lumberjacks,85,88,0,2,2443,2617,56.1,43.8
2025-02-04,401720761,East Texas A&M Lions,Texas A&M-Corpus Christi Islanders,66,78,0,2,2837,357,45.8,58.8
2025-02-04,401721215,Northwestern State Demons,UT Rio Grande Valley Vaqueros,79,63,0,2,2466,292,47.5,31.1
2025-02-04,401721243,Bethune-Cookman Wildcats,Alabama A&M Bulldogs,89,75,0,2,2065,2010,50.0,41.5
2025-02-04,401721294,Grambling Tigers,Alcorn State Braves,53,60,0,2,2755,2016,36.5,50.0
2025-02-04,401722061,Florida A&M Rattlers,Alabama State Hornets,66,67,0,2,50,2011,36.7,37.1
2025-02-04,401722075,Southern Jaguars,Jackson State Tigers,91,89,0,2,2582,2296,50.0,49.2
2025-02-04,401723691,Maryland Eastern Shore Hawks,Coppin State Eagles,57,62,0,2,2379,2154,40.4,45.5
2025-02-04,401723718,Delaware State Hornets,Morgan State Bears,84,82,0,2,2169,2415,38.6,43.8
2025-02-04,401723774,Norfolk State Spartans,North Carolina Central Eagles,81,78,0,2,2450,2428,56.0,52.5
2025-02-04,401724712,Arkansas-Pine Bluff Golden Lions,Texas Southern Tigers,69,68,0,2,2029,2640,46.4,33.3
2025-02-04,401724847,Pittsburgh Panthers,Virginia Cavaliers,57,73,0,2,221,258,41.9,56.0
2025-02-04,401725571,UAB Blazers,North Texas Mean Green,64,61,0,2,5,249,44.8,48.1
2025-02-04,401725710,Kansas Jayhawks,Iowa State Cyclones,69,52,0,2,2305,66,47.3,30.6
2025-02-04,401727816,Howard Bison,South Carolina State Bulldogs,66,89,0,2,47,2569,40.8,52.5
2025-02-05,401700343,SIU Edwardsville Cougars,Eastern Illinois Panthers,66,41,0,2,2565,2197,41.9,26.9
2025-02-05,401706355,Akron Zips,Ball State Cardinals,81,73,0,2,2006,2050,53.8,54.9
2025-02-05,401706356,Toledo Rockets,Buffalo Bulls,87,74,0,2,2649,2084,45.3,45.6
2025-02-05,401706358,Central Michigan Chippewas,Miami (OH) RedHawks,70,76,0,2,2117,193,42.4,49.1
2025-02-05,401706359,Bowling Green Falcons,Northern Illinois Huskies,84,77,0,2,189,2459,45.0,49.1
2025-02-05,401706360,Ohio Bobcats,Western Michigan Broncos,94,69,0,2,195,2711,60.0,39.1
2025-02-05,401706460,VMI Keydets,East Tennessee State Buccaneers,55,62,0,2,2678,2193,29.4,38.7
2025-02-05,401708368,Auburn Tigers,Oklahoma Sooners,98,70,0,2,2,201,52.5,33.3
2025-02-05,401708369,Florida Gators,Vanderbilt Commodores,86,75,0,2,57,238,57.4,50.8
2025-02-05,401708371,Ole Miss Rebels,Kentucky Wildcats,98,84,0,2,145,96,54.7,50.0
2025-02-05,401714436,IU Indianapolis Jaguars,Milwaukee Panthers,80,84,0,2,85,270,43.1,45.1
2025-02-05,401714590,App State Mountaineers,Southern Miss Golden Eagles,60,58,0,2,2026,2572,44.2,36.5
2025-02-05,401719130,Xavier Musketeers,Georgetown Hoyas,74,69,0,2,2752,46,51.0,49.1
2025-02-05,401719133,Seton Hall Pirates,Butler Bulldogs,54,84,0,2,2550,2086,34.4,57.9
2025-02-05,401721401,Iowa Hawkeyes,Purdue Boilermakers,81,90,0,2,2294,2509,51.7,52.6
2025-02-05,401721402,Northwestern Wildcats,USC Trojans,77,75,0,2,77,30,40.9,51.0
2025-02-05,401721403,Penn State Nittany Lions,Minnesota Golden Gophers,61,69,0,2,213,135,34.5,53.1
2025-02-05,401721404,UCLA Bruins,Michigan State Spartans,63,61,0,2,26,127,35.0,37.7
2025-02-05,401721405,Wisconsin Badgers,Indiana Hoosiers,76,64,0,2,275,84,43.3,40.4
2025-02-05,401721406,Michigan Wolverines,Oregon Ducks,80,76,0,2,130,2483,42.9,43.3
2025-02-05,401721892,Army Black Knights,Holy Cross Crusaders,68,65,0,2,349,107,40.8,40.3
2025-02-05,401722165,Air Force Falcons,Nevada Wolf Pack,60,74,0,2,2005,2440,46.3,52.0
2025-02-05,401722377,Fresno State Bulldogs,San José State Spartans,91,94,0,2,278,23,41.8,46.6
2025-02-05,401722400,Wyoming Cowboys,Utah State Aggies,67,71,0,2,2751,328,45.3,40.7
2025-02-05,401722511,Murray State Racers,Drake Bulldogs,45,55,0,2,93,2181,41.5,51.2
2025-02-05,401724406,Dayton Flyers,Davidson Wildcats,69,63,0,2,2168,2166,37.5,43.6
2025-02-05,401724407,VCU Rams,La Salle Explorers,96,66,0,2,2670,2325,52.1,38.6
2025-02-05,401724408,Loyola Chicago Ramblers,St. Bonaventure Bonnies,77,53,0,2,2350,179,59.6,38.5
2025-02-05,401724409,Massachusetts Minutemen,Saint Louis Billikens,71,73,0,2,113,139,37.0,49.1
2025-02-05,401724848,Florida State Seminoles,Notre Dame Fighting Irish,67,60,0,2,52,87,49.0,36.5
2025-02-05,401724849,Clemson Tigers,Georgia Tech Yellow Jackets,86,89,0,2,228,59,36.4,42.2
2025-02-05,401725572,Charlotte 49ers,Wichita State Shockers,58,66,0,2,2429,2724,36.2,52.9
2025-02-05,401725711,BYU Cougars,Arizona Wildcats,74,85,0,2,252,12,41.8,49.2
2025-02-05,401725712,Houston Cougars,Oklahoma State Cowboys,72,63,0,2,248,197,41.9,51.0
2025-02-05,401725713,Texas Tech Red Raiders,Baylor Bears,73,59,0,2,2641,239,39.7,33.9
2025-02-05,401725714,Arizona State Sun Devils,Kansas State Wildcats,70,71,0,2,9,2306,38.6,46.6
2025-02-05,401727825,UNLV Rebels,Boise State Broncos,62,71,0,2,2439,68,37.9,40.8
2025-02-06,401706459,The Citadel Bulldogs,UNC Greensboro Spartans,61,76,0,2,2643,2430,47.9,51.8
2025-02-06,401706461,Furman Paladins,Western Carolina Catamounts,84,75,0,2,231,2717,41.3,33.3
2025-02-06,401706462,Samford Bulldogs,Mercer Bears,100,79,0,2,2535,2382,43.4,44.6
2025-02-06,401706463,Wofford Terriers,Chattanooga Mocs,70,79,0,2,2747,236,41.1,53.7
2025-02-06,401708370,Georgia Bulldogs,LSU Tigers,81,62,0,2,61,99,49.2,36.2
2025-02-06,401708372,Tennessee Volunteers,Missouri Tigers,85,81,0,2,2633,142,50.0,41.7
2025-02-06,401708373,Texas Longhorns,Arkansas Razorbacks,70,78,0,2,251,8,34.4,44.0
2025-02-06,401711608,Austin Peay Governors,North Alabama Lions,64,74,0,2,2046,2453,34.7,41.3
2025-02-06,401711674,West Georgia Wolves,Lipscomb Bisons,67,76,0,2,2698,288,45.2,48.3
2025-02-06,401711718,Central Arkansas Bears,Queens University Royals,47,63,0,2,2110,2511,33.3,36.8
2025-02-06,401714251,Stony Brook Seawolves,Towson Tigers,59,66,0,2,2619,119,42.4,35.5
2025-02-06,401714254,Charleston Cougars,North Carolina A&T Aggies,66,63,0,2,232,2448,45.5,41.8
2025-02-06,401714256,Delaware Blue Hens,UNC Wilmington Seahawks,67,77,0,2,48,350,44.1,47.7
2025-02-06,401714437,Purdue Fort Wayne Mastodons,Wright State Raiders,87,64,0,2,2870,2750,48.3,42.1
2025-02-06,401714438,Robert Morris Colonials,Detroit Mercy Titans,71,56,0,2,2523,2174,51.0,38.5
2025-02-06,401714439,Northern Kentucky Norse,Cleveland State Vikings,85,75,0,2,94,325,50.8,45.8
2025-02-06,401714584,Marshall Thundering Herd,Arkansas State Red Wolves,77,72,0,2,276,2032,44.6,39.0
2025-02-06,401714585,Georgia Southern Eagles,Louisiana Ragin' Cajuns,83,82,0,2,290,309,52.6,41.4
2025-02-06,401714586,James Madison Dukes,Troy Trojans,64,61,0,2,256,2653,43.8,42.1
2025-02-06,401714587,Old Dominion Monarchs,Texas State Bobcats,75,64,0,2,295,326,38.5,49.1
2025-02-06,401714588,Georgia State Panthers,UL Monroe Warhawks,97,64,0,2,2247,2433,59.7,35.9
2025-02-06,401714589,Coastal Carolina Chanticleers,South Alabama Jaguars,59,84,0,2,324,6,39.6,55.9
2025-02-06,401719132,DePaul Blue Demons,Villanova Wildcats,49,59,0,2,305,222,30.8,45.8
2025-02-06,401719134,Providence Friars,Creighton Bluejays,69,80,0,2,2507,156,40.9,41.5
2025-02-06,401720799,Bryant Bulldogs,UAlbany Great Danes,63,68,0,2,2803,399,37.1,41.9
2025-02-06,401720800,Binghamton Bearcats,UMass Lowell River Hawks,66,54,0,2,2066,2349,43.3,30.4
2025-02-06,401720801,Maine Black Bears,NJIT Highlanders,78,74,0,2,311,2885,47.1,42.1
2025-02-06,401721407,Rutgers Scarlet Knights,Illinois Fighting Illini,82,73,0,2,164,356,40.7,41.5
2025-02-06,401721408,Washington Huskies,Nebraska Cornhuskers,72,86,0,2,264,158,47.4,52.7
2025-02-06,401721890,Bucknell Bison,American University Eagles,71,49,0,2,2083,44,60.0,34.8
2025-02-06,401721891,Lafayette Leopards,Loyola Maryland Greyhounds,58,71,0,2,322,2352,43.4,43.8
2025-02-06,401721893,Boston University Terriers,Navy Midshipmen,87,65,0,2,104,2426,59.6,44.9
2025-02-06,401722512,Bradley Braves,Belmont Bruins,77,80,0,2,71,2057,52.7,46.7
2025-02-06,401722513,UIC Flames,Illinois State Redbirds,79,81,0,2,82,2287,49.1,51.9
2025-02-06,401722514,Evansville Purple Aces,Southern Illinois Salukis,59,68,0,2,339,79,34.4,37.5
2025-02-06,401722515,Missouri State Bears,Northern Iowa Panthers,61,66,0,2,2623,2460,45.1,41.2
2025-02-06,401722516,Indiana State Sycamores,Valparaiso Beacons,80,62,0,2,282,2674,45.9,35.2
2025-02-06,401724410,Richmond Spiders,Duquesne Dukes,73,68,0,2,257,2184,61.0,41.0
2025-02-06,401724411,Fordham Rams,Rhode Island Rams,80,79,0,2,2230,227,43.5,46.6
2025-02-06,401724412,George Washington Revolutionaries,George Mason Patriots,50,53,0,2,45,2244,40.4,35.3
2025-02-06,401724850,Syracuse Orange,Duke Blue Devils,54,83,0,2,183,150,38.3,56.6
2025-02-06,401724851,Boston College Eagles,Louisville Cardinals,58,84,0,2,103,97,38.3,50.0
2025-02-06,401724852,Virginia Tech Hokies,SMU Mustangs,75,81,0,2,259,2567,45.8,47.5
2025-02-06,401724853,Stanford Cardinal,Wake Forest Demon Deacons,73,79,0,2,24,154,42.9,52.1
2025-02-06,401724854,California Golden Bears,NC State Wolfpack,74,62,0,2,25,152,42.2,38.7
2025-02-06,401725573,Memphis Tigers,Tulsa Golden Hurricane,83,71,0,2,235,202,56.7,53.6
2025-02-06,401725574,UTSA Roadrunners,Tulane Green Wave,60,61,0,2,2636,2655,32.8,43.2
2025-02-06,401725575,East Carolina Pirates,Rice Owls,60,73,0,2,151,242,37.9,43.1
2025-02-06,401725715,Utah Utes,Colorado Buffaloes,72,59,0,2,254,38,48.9,38.2
2025-02-06,401725716,UCF Knights,Cincinnati Bearcats,83,93,0,2,2116,2132,47.8,58.5
2025-02-06,401725717,TCU Horned Frogs,West Virginia Mountaineers,65,60,0,2,2628,277,42.0,43.1
2025-02-06,401727904,Charleston Southern Buccaneers,Winthrop Eagles,65,83,0,2,2127,2737,38.1,50.8
2025-02-06,401727906,Radford Highlanders,High Point Panthers,75,78,0,2,2515,2272,47.1,56.5
2025-02-06,401727907,Presbyterian Blue Hose,South Carolina Upstate Spartans,75,64,0,2,2506,2908,53.3,45.6
2025-02-06,401728313,New Mexico Lobos,Colorado State Rams,87,65,0,2,167,36,53.6,34.5
2025-02-07,401700219,Liberty Flames,Louisiana Tech Bulldogs,77,53,0,2,2335,2348,50.0,39.2
2025-02-07,401700220,Florida International Panthers,Sam Houston Bearkats,85,82,0,2,2229,2534,38.7,42.4
2025-02-07,401700221,Kennesaw State Owls,Western Kentucky Hilltoppers,76,69,0,2,338,98,44.6,34.9
2025-02-07,401700222,Jacksonville State Gamecocks,Middle Tennessee Blue Raiders,77,63,0,2,55,2393,44.6,35.7
2025-02-07,401700344,UT Martin Skyhawks,Lindenwood Lions,51,52,0,2,2630,2815,28.6,27.1
2025-02-07,401700345,Southern Indiana Screaming Eagles,Little Rock Trojans,56,74,0,2,88,2031,34.6,49.1
2025-02-07,401700346,Morehead State Eagles,Southeast Missouri State Redhawks,51,80,0,2,2413,2546,32.7,54.8
2025-02-07,401700347,Tennessee Tech Golden Eagles,SIU Edwardsville Cougars,58,75,0,2,2635,2565,40.7,52.4
2025-02-07,401700348,Tennessee State Tigers,Western Illinois Leathernecks,87,69,0,2,2634,2710,44.3,45.5
2025-02-07,401706245,Siena Saints,Saint Peter's Peacocks,77,63,0,2,2561,2612,52.8,37.3
2025-02-07,401706246,Mount St. Mary's Mountaineers,Iona Gaels,67,70,0,2,116,314,47.3,43.8
2025-02-07,401706247,Sacred Heart Pioneers,Rider Broncs,89,77,0,2,2529,2520,46.0,50.8
2025-02-07,401706248,Fairfield Stags,Marist Red Foxes,59,56,0,2,2217,2368,31.5,39.3
2025-02-07,401706249,Merrimack Warriors,Niagara Purple Eagles,64,59,0,2,2771,315,37.7,38.9
2025-02-07,401706250,Quinnipiac Bobcats,Canisius Golden Griffins,89,71,0,2,2514,2099,55.0,51.0
2025-02-07,401706539,Omaha Mavericks,North Dakota Fighting Hawks,80,77,0,2,2437,155,47.5,54.2
2025-02-07,401706540,Kansas City Roos,North Dakota State Bison,72,78,0,2,140,2449,41.0,56.0
2025-02-07,401706541,South Dakota State Jackrabbits,St. Thomas Tommies,102,86,0,2,2571,2900,59.6,48.3
2025-02-07,401706542,Denver Pioneers,South Dakota Coyotes,79,86,0,2,2172,233,46.2,48.4
2025-02-07,401706605,California Baptist Lancers,Southern Utah Thunderbirds,57,60,0,2,2856,253,39.3,41.4
2025-02-07,401706606,Seattle U Redhawks,Tarleton State Texans,91,54,0,2,2547,2627,57.1,38.3
2025-02-07,401706607,Utah Valley Wolverines,UT Arlington Mavericks,94,73,0,2,3084,250,53.1,44.6
2025-02-07,401706608,Utah Tech Trailblazers,Abilene Christian Wildcats,72,86,0,2,3101,2000,50.0,51.8
2025-02-07,401706722,Oregon State Beavers,Washington State Cougars,82,74,0,2,204,265,51.1,49.1
2025-02-07,401706723,San Francisco Dons,Saint Mary's Gaels,65,64,0,2,2539,2608,43.9,43.3
2025-02-07,401706724,Portland Pilots,Santa Clara Broncos,50,97,0,2,2501,2541,25.4,51.5
2025-02-07,401706725,Gonzaga Bulldogs,Loyola Marymount Lions,73,53,0,2,2250,2351,43.1,34.5
2025-02-07,401706726,Pacific Tigers,San Diego Toreros,71,69,0,2,279,301,50.0,44.4
2025-02-07,401709990,Long Beach State Beach,UC Davis Aggies,65,73,0,2,299,302,40.4,48.1
2025-02-07,401711625,Florida Gulf Coast Eagles,Eastern Kentucky Colonels,74,92,0,2,526,2198,49.1,54.4
2025-02-07,401711659,Stetson Hatters,Jacksonville Dolphins,65,74,0,2,56,294,36.8,44.4
2025-02-07,401711726,North Florida Ospreys,Bellarmine Knights,95,88,0,2,2454,91,50.9,50.0
2025-02-07,401714250,Hofstra Pride,Northeastern Huskies,68,77,0,2,2275,111,36.7,48.1
2025-02-07,401714252,Drexel Dragons,William & Mary Tribe,86,66,0,2,2182,2729,58.5,39.6
2025-02-07,401714253,Monmouth Hawks,Hampton Pirates,68,63,0,2,2405,2261,42.6,41.7
2025-02-07,401714255,Campbell Fighting Camels,Elon Phoenix,76,58,0,2,2097,2210,40.6,36.0
2025-02-07,401714331,Cal Poly Mustangs,Hawai'i Rainbow Warriors,79,63,0,2,13,62,51.7,43.6
2025-02-07,401714332,Cal State Bakersfield Roadrunners,UC Santa Barbara Gauchos,75,81,0,2,2934,2540,50.0,71.4
2025-02-07,401714333,Cal State Northridge Matadors,Cal State Fullerton Titans,82,63,0,2,2463,2239,43.3,36.4
2025-02-07,401714334,UC San Diego Tritons,UC Riverside Highlanders,91,71,0,2,28,27,48.6,43.8
2025-02-07,401714440,Oakland Golden Grizzlies,Youngstown State Penguins,75,84,0,2,2473,2754,45.2,43.9
2025-02-07,401718485,Eastern Washington Eagles,Sacramento State Hornets,83,80,0,2,331,16,54.7,46.4
2025-02-07,401719387,Northern Colorado Bears,Montana Grizzlies,78,86,0,2,2458,149,47.5,62.0
2025-02-07,401719666,Idaho Vandals,Portland State Vikings,69,76,0,2,70,2502,39.3,50.0
2025-02-07,401720802,New Hampshire Wildcats,UMBC Retrievers,79,78,0,2,160,2378,41.3,53.8
2025-02-07,401720930,Northern Arizona Lumberjacks,Montana State Bobcats,69,64,0,2,2464,147,47.4,37.9
2025-02-07,401721101,Central Connecticut Blue Devils,Fairleigh Dickinson Knights,87,66,0,2,2115,161,51.8,36.9
2025-02-07,401721123,Chicago State Cougars,Mercyhurst Lakers,85,78,0,2,2130,2385,45.8,50.9
2025-02-07,401721164,Saint Francis Red Wolves,Le Moyne Dolphins,86,78,0,2,2598,2330,54.0,48.3
2025-02-07,401721409,Ohio State Buckeyes,Maryland Terrapins,73,70,0,2,194,120,45.8,41.8
2025-02-07,401722031,Wagner Seahawks,Long Island University Sharks,47,60,0,2,2681,112358,30.9,46.0
2025-02-07,401725576,South Florida Bulls,Temple Owls,100,91,0,2,58,218,50.7,36.9
2025-02-07,401727905,UNC Asheville Bulldogs,Gardner-Webb Runnin' Bulldogs,78,70,0,2,2427,2241,50.9,48.1
2025-02-08,401700223,Florida International Panthers,Louisiana Tech Bulldogs,71,82,0,2,2229,2348,41.9,60.8
2025-02-08,401700224,Liberty Flames,Sam Houston Bearkats,64,61,0,2,2335,2534,43.8,39.6
2025-02-08,401700225,Jacksonville State Gamecocks,Western Kentucky Hilltoppers,85,83,0,2,55,98,50.0,51.8
2025-02-08,401700226,Kennesaw State Owls,Middle Tennessee Blue Raiders,75,76,0,2,338,2393,43.5,50.0
2025-02-08,401700349,Tennessee Tech Golden Eagles,Eastern Illinois Panthers,59,54,0,2,2635,2197,44.4,34.4
2025-02-08,401700350,Tennessee State Tigers,Lindenwood Lions,84,76,0,2,2634,2815,50.0,39.3
2025-02-08,401700351,Morehead State Eagles,Little Rock Trojans,62,76,0,2,2413,2031,43.5,53.7
2025-02-08,401700353,UT Martin Skyhawks,Western Illinois Leathernecks,81,70,0,2,2630,2710,45.5,39.6
2025-02-08,401706253,Rider Broncs,Siena Saints,61,59,0,2,2520,2561,43.4,42.9
2025-02-08,401706254,Merrimack Warriors,Canisius Golden Griffins,69,51,0,2,2771,2099,49.0,39.2
2025-02-08,401706255,Quinnipiac Bobcats,Niagara Purple Eagles,75,76,0,2,2514,315,52.0,48.1
2025-02-08,401706464,VMI Keydets,The Citadel Bulldogs,82,70,0,2,2678,2643,47.1,41.4
2025-02-08,401706465,East Tennessee State Buccaneers,Samford Bulldogs,66,59,0,2,2193,2535,34.6,31.7
2025-02-08,401706466,Chattanooga Mocs,Furman Paladins,85,72,0,2,236,231,48.5,41.0
2025-02-08,401706467,Mercer Bears,Wofford Terriers,66,77,0,2,2382,2747,39.7,40.0
2025-02-08,401706468,UNC Greensboro Spartans,Western Carolina Catamounts,74,70,0,2,2430,2717,44.1,37.1
2025-02-08,401706543,Kansas City Roos,North Dakota Fighting Hawks,80,69,0,2,140,155,50.0,41.9
2025-02-08,401706544,Omaha Mavericks,North Dakota State Bison,85,74,0,2,2437,2449,51.8,45.9
2025-02-08,401706545,Denver Pioneers,St. Thomas Tommies,76,79,0,2,2172,2900,55.1,57.4
2025-02-08,401706611,Utah Valley Wolverines,Tarleton State Texans,81,56,0,2,3084,2627,50.0,31.9
2025-02-08,401706730,Washington State Cougars,Pepperdine Waves,87,86,0,2,265,2492,50.0,48.4
2025-02-08,401708375,Auburn Tigers,Florida Gators,81,90,0,2,2,57,42.9,48.4
2025-02-08,401708376,Georgia Bulldogs,Mississippi State Bulldogs,75,76,0,2,61,344,46.3,55.2
2025-02-08,401708377,Kentucky Wildcats,South Carolina Gamecocks,80,57,0,2,96,2579,48.4,32.8
2025-02-08,401708379,Missouri Tigers,Texas A&M Aggies,64,67,0,2,142,245,39.6,45.3
2025-02-08,401708380,Vanderbilt Commodores,Texas Longhorns,86,78,0,2,238,251,42.3,41.7
2025-02-08,401708381,Oklahoma Sooners,Tennessee Volunteers,52,70,0,2,201,2633,32.1,60.4
2025-02-08,401711609,Austin Peay Governors,Central Arkansas Bears,90,67,0,2,2046,2110,53.1,44.4
2025-02-08,401711626,Stetson Hatters,Eastern Kentucky Colonels,58,83,0,2,56,2198,42.6,43.5
2025-02-08,401711644,North Florida Ospreys,Florida Gulf Coast Eagles,70,84,0,2,2454,526,37.7,53.1
2025-02-08,401711675,Queens University Royals,Lipscomb Bisons,81,94,0,2,2511,288,52.8,54.2
2025-02-08,401711697,West Georgia Wolves,North Alabama Lions,61,78,0,2,2698,2453,37.7,45.2
2025-02-08,401714257,Hofstra Pride,Stony Brook Seawolves,75,80,0,2,2275,2619,42.6,48.9
2025-02-08,401714258,Monmouth Hawks,Towson Tigers,67,73,0,2,2405,119,41.7,43.3
2025-02-08,401714259,Delaware Blue Hens,William & Mary Tribe,74,64,0,2,48,2729,46.6,33.3
2025-02-08,401714260,Northeastern Huskies,Hampton Pirates,75,84,0,2,111,2261,51.1,58.8
2025-02-08,401714262,Charleston Cougars,Elon Phoenix,88,83,0,2,232,2210,39.7,44.6
2025-02-08,401714263,Drexel Dragons,UNC Wilmington Seahawks,79,81,0,2,2182,350,43.1,48.4
2025-02-08,401714442,Cleveland State Vikings,Milwaukee Panthers,77,60,0,2,325,270,42.6,40.9
2025-02-08,401714444,Detroit Mercy Titans,Youngstown State Penguins,72,87,0,2,2174,2754,47.4,46.6
2025-02-08,401714445,Northern Kentucky Norse,Robert Morris Colonials,76,81,0,2,94,2523,52.5,53.8
2025-02-08,401715974,Houston Christian Huskies,LSU New Orleans Privateers,81,68,0,2,2277,2443,46.8,52.2
2025-02-08,401716067,Incarnate Word Cardinals,SE Louisiana Lions,66,71,0,2,2916,2545,38.7,48.1
2025-02-08,401718486,Eastern Washington Eagles,Portland State Vikings,72,67,0,2,331,2502,51.0,43.5
2025-02-08,401719135,UConn Huskies,St. John's Red Storm,62,68,0,2,41,2599,39.2,40.0
2025-02-08,401719136,Georgetown Hoyas,Seton Hall Pirates,60,46,0,2,46,2550,39.7,39.5
2025-02-08,401719137,Butler Bulldogs,Providence Friars,82,81,0,2,2086,2507,50.0,50.0
2025-02-08,401719138,Creighton Bluejays,Marquette Golden Eagles,77,67,0,2,156,269,52.9,36.1
2025-02-08,401720655,Idaho Vandals,Sacramento State Hornets,78,76,0,2,70,16,35.2,55.6
2025-02-08,401720722,McNeese Cowboys,Northwestern State Demons,65,50,0,2,2377,2466,38.0,42.5
2025-02-08,401720762,Stephen F. Austin Lumberjacks,Texas A&M-Corpus Christi Islanders,78,64,0,2,2617,357,44.8,32.3
2025-02-08,401720836,Binghamton Bearcats,Bryant Bulldogs,71,78,0,2,2066,2803,37.5,42.2
2025-02-08,401720837,Maine Black Bears,UMBC Retrievers,73,50,0,2,311,2378,49.2,39.2
2025-02-08,401720838,New Hampshire Wildcats,NJIT Highlanders,80,69,0,2,160,2885,50.8,47.4
2025-02-08,401720960,Dartmouth Big Green,Harvard Crimson,76,56,0,2,159,108,50.9,37.9
2025-02-08,401721124,Chicago State Cougars,Saint Francis Red Wolves,69,81,0,2,2130,2598,44.6,54.5
2025-02-08,401721145,Fairleigh Dickinson Knights,Wagner Seahawks,69,58,0,2,161,2681,41.3,32.7
2025-02-08,401721165,Mercyhurst Lakers,Le Moyne Dolphins,82,78,0,2,2385,2330,48.2,55.1
2025-02-08,401721244,Alabama A&M Bulldogs,Southern Jaguars,68,81,0,2,2010,2582,39.2,51.0
2025-02-08,401721295,Alcorn State Braves,Arkansas-Pine Bluff Golden Lions,79,60,0,2,2016,2029,47.2,35.4
2025-02-08,401721410,Purdue Boilermakers,USC Trojans,90,72,0,2,2509,30,50.0,41.3
2025-02-08,401721411,Indiana Hoosiers,Michigan Wolverines,67,70,0,2,84,130,41.7,44.4
2025-02-08,401721412,Iowa Hawkeyes,Wisconsin Badgers,63,74,0,2,2294,275,38.1,39.3
2025-02-08,401721413,Michigan State Spartans,Oregon Ducks,86,74,0,2,127,2483,50.0,39.3
2025-02-08,401721414,Minnesota Golden Gophers,Illinois Fighting Illini,74,95,0,2,135,356,40.9,63.2
2025-02-08,401721415,UCLA Bruins,Penn State Nittany Lions,78,54,0,2,26,213,47.0,38.0
2025-02-08,401721736,Pennsylvania Quakers,Princeton Tigers,59,61,0,2,219,163,35.6,34.5
2025-02-08,401721737,Cornell Big Red,Yale Bulldogs,88,103,0,2,172,43,47.1,62.5
2025-02-08,401721738,Columbia Lions,Brown Bears,74,72,0,2,171,225,40.0,55.8
2025-02-08,401721894,Lafayette Leopards,Navy Midshipmen,61,51,0,2,322,2426,47.1,29.7
2025-02-08,401721895,Colgate Raiders,Loyola Maryland Greyhounds,82,68,0,2,2142,2352,50.0,40.4
2025-02-08,401721896,Lehigh Mountain Hawks,American University Eagles,75,78,0,2,2329,44,42.6,42.4
2025-02-08,401721897,Holy Cross Crusaders,Boston University Terriers,72,52,0,2,107,104,55.3,35.1
2025-02-08,401721898,Army Black Knights,Bucknell Bison,116,110,0,2,349,2083,58.2,56.2
2025-02-08,401722020,Long Island University Sharks,Stonehill Skyhawks,62,59,0,2,112358,284,50.0,44.7
2025-02-08,401722046,Prairie View A&M Panthers,Bethune-Cookman Wildcats,82,85,0,2,2504,2065,46.7,57.1
2025-02-08,401722076,Jackson State Tigers,Mississippi Valley State Delta Devils,92,44,0,2,2296,2400,51.7,31.1
2025-02-08,401722166,Air Force Falcons,New Mexico Lobos,53,88,0,2,2005,167,31.5,47.1
2025-02-08,401722401,Fresno State Bulldogs,Utah State Aggies,81,89,0,2,278,328,47.3,61.7
2025-02-08,401722436,Wyoming Cowboys,UNLV Rebels,57,68,0,2,2751,2439,42.4,46.0
2025-02-08,401722518,Northern Iowa Panthers,Illinois State Redbirds,68,65,0,2,2460,2287,50.0,43.1
2025-02-08,401722519,Drake Bulldogs,Indiana State Sycamores,85,81,0,2,2181,282,50.9,50.9
2025-02-08,401722520,Belmont Bruins,Missouri State Bears,85,68,0,2,2057,2623,58.6,56.9
2025-02-08,401722521,Valparaiso Beacons,Murray State Racers,56,74,0,2,2674,93,35.0,49.1
2025-02-08,401722522,Southern Illinois Salukis,UIC Flames,79,67,0,2,79,82,46.3,41.5
2025-02-08,401724413,Dayton Flyers,VCU Rams,68,73,0,2,2168,2670,37.3,36.2
2025-02-08,401724414,Saint Joseph's Hawks,Saint Louis Billikens,76,63,0,2,2603,139,43.3,47.1
2025-02-08,401724415,Davidson Wildcats,Richmond Spiders,71,60,0,2,2166,257,45.3,46.2
2025-02-08,401724416,Duquesne Dukes,Loyola Chicago Ramblers,69,56,0,2,2184,2350,43.1,37.7
2025-02-08,401724417,George Mason Patriots,Rhode Island Rams,82,67,0,2,2244,227,58.2,47.2
2025-02-08,401724714,Texas Southern Tigers,Florida A&M Rattlers,64,66,0,2,2640,50,40.3,41.2
2025-02-08,401724855,Notre Dame Fighting Irish,Virginia Tech Hokies,63,65,0,2,87,259,39.3,39.3
2025-02-08,401724856,California Golden Bears,Wake Forest Demon Deacons,66,76,0,2,25,154,35.8,57.7
2025-02-08,401724858,Syracuse Orange,Boston College Eagles,95,86,0,2,183,103,47.3,42.9
2025-02-08,401724859,Virginia Cavaliers,Georgia Tech Yellow Jackets,75,61,0,2,258,59,49.2,45.3
2025-02-08,401724860,North Carolina Tar Heels,Pittsburgh Panthers,67,66,0,2,153,221,48.1,42.3
2025-02-08,401724861,Clemson Tigers,Duke Blue Devils,77,71,0,2,228,150,58.8,43.6
2025-02-08,401724862,Louisville Cardinals,Miami Hurricanes,88,78,0,2,97,2390,49.3,50.8
2025-02-08,401725578,North Texas Mean Green,Tulane Green Wave,76,66,0,2,249,2655,47.2,42.0
2025-02-08,401725579,Tulsa Golden Hurricane,Florida Atlantic Owls,55,79,0,2,202,2226,31.7,50.0
2025-02-08,401725580,Charlotte 49ers,Rice Owls,78,75,0,2,2429,242,45.1,52.3
2025-02-08,401725718,Cincinnati Bearcats,BYU Cougars,84,66,0,2,2132,252,58.6,47.1
2025-02-08,401725719,West Virginia Mountaineers,Utah Utes,72,61,0,2,277,254,48.1,41.1
2025-02-08,401725720,Kansas State Wildcats,Kansas Jayhawks,81,73,0,2,2306,2305,50.0,50.0
2025-02-08,401725722,Iowa State Cyclones,TCU Horned Frogs,82,52,0,2,66,2628,59.6,35.8
2025-02-08,401725723,Colorado Buffaloes,Houston Cougars,59,69,0,2,38,248,41.3,48.2
2025-02-08,401725724,Baylor Bears,UCF Knights,91,76,0,2,239,2116,53.3,44.1
2025-02-08,401726450,Nicholls Colonels,East Texas A&M Lions,81,65,0,2,2447,2837,46.2,37.9
2025-02-08,401727129,Howard Bison,North Carolina Central Eagles,82,78,0,2,47,2428,52.5,41.3
2025-02-08,401727298,Manhattan Jaspers,Saint Peter's Peacocks,84,83,0,2,2363,2612,39.7,53.6
2025-02-08,401727817,South Carolina State Bulldogs,Mid Atlantic Christian Mustangs,114,75,0,2,2569,108806,63.1,42.9
2025-02-08,401727826,Boise State Broncos,San José State Spartans,79,52,0,2,68,23,54.5,38.0
2025-02-08,401727908,Gardner-Webb Runnin' Bulldogs,Charleston Southern Buccaneers,72,79,0,2,2241,2127,45.3,48.1
2025-02-08,401727910,Longwood Lancers,Radford Highlanders,69,71,0,2,2344,2515,48.9,49.0
2025-02-08,401727911,South Carolina Upstate Spartans,Winthrop Eagles,95,105,0,2,2908,2737,46.7,54.1
2025-02-08,401728539,Alabama State Hornets,Grambling Tigers,67,77,0,2,2011,2755,41.0,48.1
2025-02-08,401746086,Ohio Bobcats,App State Mountaineers,59,72,0,2,195,2026,42.1,48.1
2025-02-08,401746087,Kent State Golden Flashes,Arkansas State Red Wolves,76,75,0,2,2309,2032,46.8,39.4
2025-02-08,401746091,Bowling Green Falcons,Coastal Carolina Chanticleers,67,53,0,2,189,324,39.0,36.2
2025-02-08,401746092,Western Michigan Broncos,Georgia Southern Eagles,57,83,0,2,2711,290,31.7,50.8
2025-02-08,401746094,Buffalo Bulls,Georgia State Panthers,75,80,0,2,2084,2247,33.3,45.0
2025-02-08,401746095,Toledo Rockets,James Madison Dukes,72,69,0,2,2649,256,46.0,50.9
2025-02-08,401746097,Northern Illinois Huskies,Louisiana Ragin' Cajuns,64,66,0,2,2459,309,35.3,43.3
2025-02-08,401746099,Eastern Michigan Eagles,Old Dominion Monarchs,76,70,0,2,2199,295,50.0,42.3
2025-02-08,401746100,Akron Zips,South Alabama Jaguars,80,67,0,2,2006,6,45.9,45.3
2025-02-08,401746101,Ball State Cardinals,Southern Miss Golden Eagles,77,76,0,2,2050,2572,44.6,49.1
2025-02-08,401746102,Central Michigan Chippewas,Texas State Bobcats,85,70,0,2,2117,326,57.4,52.7
2025-02-08,401746104,Miami (OH) RedHawks,Troy Trojans,69,62,0,2,193,2653,43.9,39.3
2025-02-09,401700227,New Mexico State Aggies,UTEP Miners,63,66,0,2,166,2638,30.4,40.4
2025-02-09,401700352,Southern Indiana Screaming Eagles,Southeast Missouri State Redhawks,74,79,0,2,88,2546,48.2,53.6
2025-02-09,401706251,Marist Red Foxes,Iona Gaels,71,75,0,2,2368,314,50.0,52.0
2025-02-09,401706252,Fairfield Stags,Sacred Heart Pioneers,71,77,0,2,2217,2529,40.0,45.0
2025-02-09,401706546,Oral Roberts Golden Eagles,South Dakota Coyotes,74,75,0,2,198,233,44.4,33.3
2025-02-09,401706609,California Baptist Lancers,Grand Canyon Lopes,85,71,0,2,2856,2253,44.6,41.9
2025-02-09,401706610,Seattle U Redhawks,UT Arlington Mavericks,67,65,0,2,2547,250,36.7,54.3
2025-02-09,401706612,Southern Utah Thunderbirds,Abilene Christian Wildcats,70,84,0,2,253,2000,42.3,55.4
2025-02-09,401706727,Pacific Tigers,Gonzaga Bulldogs,61,78,0,2,279,2250,40.0,43.1
2025-02-09,401706728,Loyola Marymount Lions,San Francisco Dons,66,72,0,2,2351,2539,52.2,38.9
2025-02-09,401706729,Oregon State Beavers,Saint Mary's Gaels,49,63,0,2,204,2608,36.5,53.1
2025-02-09,401706731,Santa Clara Broncos,San Diego Toreros,93,70,0,2,2541,301,58.2,32.8
2025-02-09,401708374,Arkansas Razorbacks,Alabama Crimson Tide,81,85,0,2,8,333,43.1,54.8
2025-02-09,401708378,LSU Tigers,Ole Miss Rebels,70,72,0,2,99,145,44.6,37.7
2025-02-09,401709991,Long Beach State Beach,Cal State Northridge Matadors,80,81,0,2,299,2463,50.0,45.5
2025-02-09,401711660,Jacksonville Dolphins,Bellarmine Knights,73,64,0,2,294,91,47.2,45.8
2025-02-09,401714375,Cal State Fullerton Titans,UC Davis Aggies,49,65,0,2,2239,302,29.8,42.6
2025-02-09,401714376,UC Santa Barbara Gauchos,Hawai'i Rainbow Warriors,76,72,0,2,2540,62,45.6,52.1
2025-02-09,401714377,UC Riverside Highlanders,Cal State Bakersfield Roadrunners,69,64,0,2,27,2934,44.2,41.5
2025-02-09,401714378,UC Irvine Anteaters,UC San Diego Tritons,67,85,0,2,300,28,38.8,53.7
2025-02-09,401714441,Purdue Fort Wayne Mastodons,Green Bay Phoenix,89,74,0,2,2870,2739,49.2,44.2
2025-02-09,401714443,Wright State Raiders,IU Indianapolis Jaguars,91,73,0,2,2750,85,63.0,39.7
2025-02-09,401719139,Villanova Wildcats,Xavier Musketeers,80,68,0,2,222,2752,50.9,49.1
2025-02-09,401719388,Northern Colorado Bears,Montana State Bobcats,73,66,0,2,2458,147,40.4,41.1
2025-02-09,401720552,Weber State Wildcats,Idaho State Bengals,67,72,0,2,2692,304,52.9,43.3
2025-02-09,401720679,Lamar Cardinals,UT Rio Grande Valley Vaqueros,70,68,0,2,2320,292,42.2,38.2
2025-02-09,401720835,UAlbany Great Danes,Vermont Catamounts,62,68,0,2,399,261,42.9,40.7
2025-02-09,401720931,Northern Arizona Lumberjacks,Montana Grizzlies,80,83,0,2,2464,149,50.0,61.2
2025-02-09,401721416,Washington Huskies,Northwestern Wildcats,76,71,0,2,264,77,52.8,48.1
2025-02-09,401721417,Maryland Terrapins,Rutgers Scarlet Knights,90,81,0,2,120,164,44.6,41.3
2025-02-09,401721418,Nebraska Cornhuskers,Ohio State Buckeyes,79,71,0,2,158,194,51.9,42.6
2025-02-09,401722356,Colorado State Rams,San Diego State Aztecs,68,63,0,2,36,21,41.5,37.9
2025-02-09,401722517,Evansville Purple Aces,Bradley Braves,74,80,0,2,339,71,36.7,47.2
2025-02-09,401724418,St. Bonaventure Bonnies,George Washington Revolutionaries,52,62,0,2,179,45,37.5,42.3
2025-02-09,401724419,La Salle Explorers,Massachusetts Minutemen,55,78,0,2,2325,113,36.1,47.1
2025-02-09,401724857,Stanford Cardinal,NC State Wolfpack,74,73,0,2,24,152,50.0,37.7
2025-02-09,401725577,UTSA Roadrunners,East Carolina Pirates,79,80,0,2,2636,151,49.2,47.1
2025-02-09,401725581,Memphis Tigers,Temple Owls,90,82,0,2,235,218,56.1,50.0
2025-02-09,401725582,South Florida Bulls,Wichita State Shockers,70,75,0,2,58,2724,52.2,39.3
2025-02-09,401725721,Arizona Wildcats,Texas Tech Red Raiders,82,73,0,2,12,2641,51.7,37.1
2025-02-09,401725725,Oklahoma State Cowboys,Arizona State Sun Devils,86,73,0,2,197,9,43.8,33.3
2025-02-09,401727909,High Point Panthers,UNC Asheville Bulldogs,104,100,0,2,2272,2427,51.4,45.8
2025-02-10,401721899,American University Eagles,Lafayette Leopards,60,58,0,2,44,322,45.1,40.0
2025-02-11,401714261,Campbell Fighting Camels,North Carolina A&T Aggies,66,62,0,2,2097,2448,49.0,46.2
2025-02-11,401715975,Houston Christian Huskies,SE Louisiana Lions,60,69,0,2,2277,2545,43.1,41.8
2025-02-11,401716128,Incarnate Word Cardinals,LSU New Orleans Privateers,75,65,0,2,2916,2443,44.1,51.0
2025-02-11,401720680,Lamar Cardinals,Texas A&M-Corpus Christi Islanders,67,56,0,2,2320,357,46.0,36.4
2025-02-11,401720723,McNeese Cowboys,East Texas A&M Lions,67,51,0,2,2377,2837,44.8,34.7
2025-02-11,401721216,Stephen F. Austin Lumberjacks,UT Rio Grande Valley Vaqueros,85,75,0,2,2617,292,46.4,43.9
2025-02-11,401721245,Alabama A&M Bulldogs,Grambling Tigers,61,72,0,2,2010,2755,33.3,51.2
2025-02-11,401721296,Alcorn State Braves,Mississippi Valley State Delta Devils,86,39,0,2,2016,2400,54.2,30.0
2025-02-11,401722047,Texas Southern Tigers,Bethune-Cookman Wildcats,77,80,0,2,2640,2065,42.9,52.7
2025-02-11,401722077,Jackson State Tigers,Arkansas-Pine Bluff Golden Lions,94,78,0,2,2296,2029,57.9,43.5
2025-02-11,401722129,Prairie View A&M Panthers,Florida A&M Rattlers,67,78,0,2,2504,50,39.0,48.3
2025-02-11,401722145,Alabama State Hornets,Southern Jaguars,82,81,0,2,2011,2582,44.6,37.1
2025-02-11,401722250,Nevada Wolf Pack,Fresno State Bulldogs,94,69,0,2,2440,278,61.3,42.3
2025-02-11,401723737,Maryland Eastern Shore Hawks,Howard Bison,57,77,0,2,2379,47,39.6,56.0
2025-02-11,401724863,Clemson Tigers,North Carolina Tar Heels,85,65,0,2,228,153,50.0,45.2
2025-02-11,401725583,Florida Atlantic Owls,Charlotte 49ers,87,75,0,2,2226,2429,54.2,47.3
2025-02-11,401725726,Houston Cougars,Baylor Bears,76,65,0,2,248,239,50.9,57.9
2025-02-11,401726451,Nicholls Colonels,Northwestern State Demons,60,72,0,2,2447,2466,31.3,43.5
2025-02-12,401700354,Little Rock Trojans,Southeast Missouri State Redhawks,45,57,0,2,2031,2546,38.3,33.3
2025-02-12,401706256,Niagara Purple Eagles,Canisius Golden Griffins,71,60,0,2,315,2099,47.1,48.9
2025-02-12,401706361,Northern Illinois Huskies,Buffalo Bulls,67,73,0,2,2459,2084,43.3,44.4
2025-02-12,401706362,Kent State Golden Flashes,Central Michigan Chippewas,91,83,0,2,2309,2117,54.2,50.8
2025-02-12,401706363,Ball State Cardinals,Eastern Michigan Eagles,86,84,0,2,2050,2199,51.9,55.9
2025-02-12,401706364,Bowling Green Falcons,Ohio Bobcats,81,86,0,2,189,195,45.9,47.1
2025-02-12,401706365,Miami (OH) RedHawks,Toledo Rockets,92,80,0,2,193,2649,44.6,42.6
2025-02-12,401706366,Akron Zips,Western Michigan Broncos,105,92,0,2,2006,2711,61.9,42.7
2025-02-12,401706470,Western Carolina Catamounts,East Tennessee State Buccaneers,76,67,0,2,2717,2193,44.8,33.8
2025-02-12,401706732,Saint Mary's Gaels,Santa Clara Broncos,73,64,0,2,2608,2541,53.2,40.4
2025-02-12,401708383,Kentucky Wildcats,Tennessee Volunteers,75,64,0,2,96,2633,50.0,42.6
2025-02-12,401708384,Mississippi State Bulldogs,Florida Gators,68,81,0,2,344,57,41.4,45.9
2025-02-12,401708387,Texas A&M Aggies,Georgia Bulldogs,69,53,0,2,245,61,40.6,32.7
2025-02-12,401708388,Vanderbilt Commodores,Auburn Tigers,68,80,0,2,238,2,41.9,51.7
2025-02-12,401708389,Texas Longhorns,Alabama Crimson Tide,80,103,0,2,251,333,42.0,61.8
2025-02-12,401714446,Youngstown State Penguins,Purdue Fort Wayne Mastodons,93,71,0,2,2754,2870,50.0,40.0
2025-02-12,401714447,IU Indianapolis Jaguars,Oakland Golden Grizzlies,67,82,0,2,85,2473,33.8,54.7
2025-02-12,401719140,Marquette Golden Eagles,DePaul Blue Demons,68,58,0,2,269,305,37.3,41.7
2025-02-12,401719141,Creighton Bluejays,UConn Huskies,66,70,0,2,156,41,40.4,39.4
2025-02-12,401719143,Villanova Wildcats,St. John's Red Storm,73,71,0,2,222,2599,53.1,44.3
2025-02-12,401721419,Illinois Fighting Illini,UCLA Bruins,83,78,0,2,356,26,50.9,48.3
2025-02-12,401721420,Michigan Wolverines,Purdue Boilermakers,75,73,0,2,130,2509,44.6,43.5
2025-02-12,401721421,Michigan State Spartans,Indiana Hoosiers,67,71,0,2,127,84,38.2,48.0
2025-02-12,401721422,Oregon Ducks,Northwestern Wildcats,81,75,0,2,2483,77,47.1,51.7
2025-02-12,401721423,USC Trojans,Penn State Nittany Lions,92,67,0,2,30,213,67.3,42.9
2025-02-12,401721425,Rutgers Scarlet Knights,Iowa Hawkeyes,73,84,0,2,164,2294,48.3,50.7
2025-02-12,401721900,Holy Cross Crusaders,Colgate Raiders,65,87,0,2,107,2142,44.6,59.3
2025-02-12,401722207,UNLV Rebels,Air Force Falcons,77,52,0,2,2439,2005,54.7,32.1
2025-02-12,401722357,San José State Spartans,San Diego State Aztecs,66,69,0,2,23,21,40.6,40.7
2025-02-12,401722402,Utah State Aggies,Colorado State Rams,93,85,0,2,328,36,59.3,45.5
2025-02-12,401722523,Murray State Racers,UIC Flames,63,53,0,2,93,82,35.0,32.0
2025-02-12,401722558,Northern Iowa Panthers,Indiana State Sycamores,88,73,0,2,2460,282,58.2,39.3
2025-02-12,401724420,Saint Louis Billikens,George Mason Patriots,74,76,0,2,139,2244,45.2,38.2
2025-02-12,401724421,Richmond Spiders,Loyola Chicago Ramblers,80,87,0,2,257,2350,50.0,44.6
2025-02-12,401724864,Miami Hurricanes,Syracuse Orange,91,84,0,2,2390,183,55.4,45.5
2025-02-12,401724865,SMU Mustangs,Pittsburgh Panthers,83,63,0,2,2567,221,55.8,31.8
2025-02-12,401725584,East Carolina Pirates,UAB Blazers,82,75,0,2,151,5,50.0,40.3
2025-02-12,401725585,Rice Owls,North Texas Mean Green,61,67,0,2,242,249,44.0,43.6
2025-02-12,401725727,Kansas State Wildcats,Arizona Wildcats,73,70,0,2,2306,12,45.2,41.3
2025-02-12,401725728,West Virginia Mountaineers,BYU Cougars,69,73,0,2,277,252,46.6,45.5
2025-02-12,401725729,Cincinnati Bearcats,Utah Utes,85,75,0,2,2132,254,49.2,47.7
2025-02-12,401725730,Kansas Jayhawks,Colorado Buffaloes,71,59,0,2,2305,38,46.6,38.6
2025-02-12,401725731,UCF Knights,Iowa State Cyclones,65,77,0,2,2116,66,41.5,45.8
2025-02-12,401727914,Winthrop Eagles,Radford Highlanders,78,74,0,2,2737,2515,47.3,45.3
2025-02-12,401749974,Pepperdine Waves,Loyola Marymount Lions,60,69,0,2,2492,2351,40.3,50.9
2025-02-13,401706469,The Citadel Bulldogs,Wofford Terriers,71,74,0,2,2643,2747,48.3,40.9
2025-02-13,401706471,Furman Paladins,Mercer Bears,96,72,0,2,231,2382,49.2,45.3
2025-02-13,401706472,UNC Greensboro Spartans,VMI Keydets,80,54,0,2,2430,2678,50.0,35.4
2025-02-13,401706473,Samford Bulldogs,Chattanooga Mocs,68,82,0,2,2535,236,38.3,54.7
2025-02-13,401706613,UT Arlington Mavericks,California Baptist Lancers,82,79,0,2,250,2856,50.9,41.2
2025-02-13,401708382,Arkansas Razorbacks,LSU Tigers,70,58,0,2,8,99,51.9,39.1
2025-02-13,401708385,Missouri Tigers,Oklahoma Sooners,82,58,0,2,142,201,54.2,31.0
2025-02-13,401708386,South Carolina Gamecocks,Ole Miss Rebels,68,72,0,2,2579,145,44.0,45.5
2025-02-13,401711719,Bellarmine Knights,Queens University Royals,87,92,0,2,91,2511,47.7,57.7
2025-02-13,401714265,Stony Brook Seawolves,Monmouth Hawks,69,79,0,2,2619,2405,42.4,50.9
2025-02-13,401714448,Cleveland State Vikings,Robert Morris Colonials,59,68,0,2,325,2523,43.9,38.7
2025-02-13,401714591,Louisiana Ragin' Cajuns,Troy Trojans,56,74,0,2,309,2653,40.8,46.4
2025-02-13,401714592,Arkansas State Red Wolves,Southern Miss Golden Eagles,101,67,0,2,2032,2572,48.7,45.6
2025-02-13,401719142,Providence Friars,Xavier Musketeers,82,91,0,2,2507,2752,53.7,44.1
2025-02-13,401720840,UMass Lowell River Hawks,UAlbany Great Danes,88,90,0,2,2349,399,53.2,49.3
2025-02-13,401720841,UMBC Retrievers,Binghamton Bearcats,81,77,0,2,2378,2066,50.9,52.8
2025-02-13,401720842,Bryant Bulldogs,NJIT Highlanders,88,66,0,2,2803,2885,53.6,35.7
2025-02-13,401721424,Ohio State Buckeyes,Washington Huskies,93,69,0,2,194,264,58.2,46.2
2025-02-13,401721901,Bucknell Bison,Boston University Terriers,76,60,0,2,2083,104,49.0,39.2
2025-02-13,401721902,Navy Midshipmen,Lehigh Mountain Hawks,63,60,0,2,2426,2329,38.2,37.1
2025-02-13,401721903,Loyola Maryland Greyhounds,Army Black Knights,60,64,0,2,2352,349,34.9,43.6
2025-02-13,401722437,New Mexico Lobos,Wyoming Cowboys,71,67,0,2,167,2751,41.8,53.8
2025-02-13,401722524,Valparaiso Beacons,Belmont Bruins,101,86,0,2,2674,2057,56.9,49.2
2025-02-13,401722525,Illinois State Redbirds,Drake Bulldogs,77,84,0,2,2287,2181,57.8,60.4
2025-02-13,401722526,Missouri State Bears,Evansville Purple Aces,71,54,0,2,2623,339,51.0,43.1
2025-02-13,401722527,Bradley Braves,Southern Illinois Salukis,78,64,0,2,71,79,46.6,45.6
2025-02-13,401724422,George Washington Revolutionaries,VCU Rams,72,80,0,2,45,2670,42.3,51.0
2025-02-13,401724423,Massachusetts Minutemen,Davidson Wildcats,68,77,0,2,113,2166,39.1,48.4
2025-02-13,401724424,Fordham Rams,Dayton Flyers,76,93,0,2,2230,2168,49.1,53.7
2025-02-13,401724425,Saint Joseph's Hawks,La Salle Explorers,75,63,0,2,2603,2325,42.6,39.3
2025-02-13,401724426,Rhode Island Rams,St. Bonaventure Bonnies,68,64,0,2,227,179,46.2,43.6
2025-02-13,401724866,Georgia Tech Yellow Jackets,Stanford Cardinal,60,52,0,2,59,24,38.8,30.3
2025-02-13,401724867,Wake Forest Demon Deacons,Florida State Seminoles,70,72,0,2,154,52,47.3,44.8
2025-02-13,401724868,NC State Wolfpack,Louisville Cardinals,66,91,0,2,152,97,36.1,63.6
2025-02-13,401724869,Boston College Eagles,Notre Dame Fighting Irish,94,97,0,2,103,87,53.7,47.3
2025-02-13,401724870,Duke Blue Devils,California Golden Bears,78,57,0,2,150,25,46.6,35.1
2025-02-13,401725586,Temple Owls,Tulsa Golden Hurricane,74,80,0,2,218,202,42.4,53.4
2025-02-13,401725587,Wichita State Shockers,UTSA Roadrunners,69,64,0,2,2724,2636,41.1,40.9
2025-02-13,401725732,Texas Tech Red Raiders,Arizona State Sun Devils,111,106,0,2,2641,9,57.4,55.6
2025-02-13,401725733,TCU Horned Frogs,Oklahoma State Cowboys,73,72,0,2,2628,197,48.2,40.7
2025-02-13,401727912,Charleston Southern Buccaneers,Presbyterian Blue Hose,71,70,0,2,2127,2506,52.3,46.7
2025-02-13,401727915,South Carolina Upstate Spartans,UNC Asheville Bulldogs,85,92,0,2,2908,2427,47.1,46.0
2025-02-14,401700228,Sam Houston Bearkats,Jacksonville State Gamecocks,66,61,0,2,2534,55,45.1,42.1
2025-02-14,401700229,Louisiana Tech Bulldogs,Kennesaw State Owls,47,69,0,2,2348,338,34.0,46.2
2025-02-14,401700230,UTEP Miners,Florida International Panthers,77,63,0,2,2638,2229,50.0,42.9
2025-02-14,401700231,New Mexico State Aggies,Liberty Flames,54,64,0,2,166,2335,34.5,44.4
2025-02-14,401700355,Eastern Illinois Panthers,Tennessee State Tigers,49,66,0,2,2197,2634,27.6,41.9
2025-02-14,401700356,Lindenwood Lions,Morehead State Eagles,73,60,0,2,2815,2413,53.3,34.5
2025-02-14,401700357,Little Rock Trojans,Tennessee Tech Golden Eagles,79,75,0,2,2031,2635,51.8,49.1
2025-02-14,401700358,SIU Edwardsville Cougars,UT Martin Skyhawks,71,76,0,2,2565,2630,41.0,41.4
2025-02-14,401700359,Western Illinois Leathernecks,Southern Indiana Screaming Eagles,87,62,0,2,2710,88,56.7,35.0
2025-02-14,401706260,Niagara Purple Eagles,Mount St. Mary's Mountaineers,83,84,0,2,315,116,47.3,57.4
2025-02-14,401706547,North Dakota Fighting Hawks,Denver Pioneers,64,68,0,2,155,2172,41.5,51.0
2025-02-14,401706548,South Dakota State Jackrabbits,Omaha Mavericks,98,85,0,2,2571,2437,55.2,46.2
2025-02-14,401706549,South Dakota Coyotes,Kansas City Roos,79,72,0,2,233,140,43.5,40.0
2025-02-14,401706550,North Dakota State Bison,Oral Roberts Golden Eagles,94,88,0,2,2449,198,54.4,42.4
2025-02-14,401706614,Tarleton State Texans,Grand Canyon Lopes,60,64,0,2,2627,2253,41.4,48.8
2025-02-14,401706615,Abilene Christian Wildcats,Seattle U Redhawks,75,59,0,2,2000,2547,47.2,37.7
2025-02-14,401706616,Southern Utah Thunderbirds,Utah Tech Trailblazers,76,74,0,2,253,3101,37.1,49.1
2025-02-14,401706733,Portland Pilots,Oregon State Beavers,84,72,0,2,2501,204,50.0,47.3
2025-02-14,401706734,Gonzaga Bulldogs,San Francisco Dons,88,77,0,2,2250,2539,52.3,43.3
2025-02-14,401706735,Loyola Marymount Lions,Pacific Tigers,58,83,0,2,2351,279,33.9,56.9
2025-02-14,401706736,Pepperdine Waves,San Diego Toreros,88,81,0,2,2492,301,49.2,44.3
2025-02-14,401709992,Hawai'i Rainbow Warriors,Long Beach State Beach,62,60,0,2,62,299,52.5,37.7
2025-02-14,401711610,Austin Peay Governors,Florida Gulf Coast Eagles,73,60,0,2,2046,526,54.7,42.6
2025-02-14,401711627,Eastern Kentucky Colonels,West Georgia Wolves,95,73,0,2,2198,2698,51.6,48.3
2025-02-14,401711661,Central Arkansas Bears,Jacksonville Dolphins,62,77,0,2,2110,294,44.0,50.8
2025-02-14,401711676,Lipscomb Bisons,Stetson Hatters,93,60,0,2,288,56,54.7,38.1
2025-02-14,401711698,North Alabama Lions,North Florida Ospreys,83,70,0,2,2453,2454,43.8,40.3
2025-02-14,401714264,William & Mary Tribe,Hofstra Pride,61,60,0,2,2729,2275,46.7,41.5
2025-02-14,401714266,Hampton Pirates,Drexel Dragons,63,58,0,2,2261,2182,43.3,42.6
2025-02-14,401714267,Towson Tigers,Delaware Blue Hens,75,70,0,2,119,48,48.4,43.6
2025-02-14,401714268,Elon Phoenix,North Carolina A&T Aggies,59,60,0,2,2210,2448,43.4,42.1
2025-02-14,401714269,Northeastern Huskies,Campbell Fighting Camels,67,58,0,2,111,2097,40.0,37.3
2025-02-14,401714270,UNC Wilmington Seahawks,Charleston Cougars,86,66,0,2,350,232,51.5,42.1
2025-02-14,401714335,UC Davis Aggies,UC Riverside Highlanders,75,74,0,2,302,27,46.2,41.1
2025-02-14,401714336,Cal State Bakersfield Roadrunners,UC San Diego Tritons,54,73,0,2,2934,28,36.1,50.0
2025-02-14,401714337,Cal State Fullerton Titans,Cal Poly Mustangs,83,98,0,2,2239,13,46.9,48.6
2025-02-14,401714338,UC Irvine Anteaters,UC Santa Barbara Gauchos,62,60,0,2,300,2540,44.8,37.9
2025-02-14,401714593,UL Monroe Warhawks,Texas State Bobcats,60,72,0,2,2433,326,36.2,49.2
2025-02-14,401714594,Coastal Carolina Chanticleers,App State Mountaineers,46,64,0,2,324,2026,30.2,38.8
2025-02-14,401714595,Georgia Southern Eagles,James Madison Dukes,72,77,0,2,290,256,44.8,48.2
2025-02-14,401714596,South Alabama Jaguars,Marshall Thundering Herd,91,82,0,2,6,276,51.7,39.0
2025-02-14,401714597,Georgia State Panthers,Old Dominion Monarchs,97,75,0,2,2247,295,65.5,41.8
2025-02-14,401719389,Sacramento State Hornets,Northern Colorado Bears,61,77,0,2,16,2458,38.7,44.6
2025-02-14,401719667,Portland State Vikings,Northern Arizona Lumberjacks,58,46,0,2,2502,2464,44.2,23.2
2025-02-14,401720553,Montana State Bobcats,Weber State Wildcats,74,66,0,2,147,2692,44.2,41.1
2025-02-14,401720839,Vermont Catamounts,New Hampshire Wildcats,79,59,0,2,261,160,46.7,48.0
2025-02-14,401720932,Montana Grizzlies,Idaho State Bengals,81,68,0,2,149,304,56.1,34.8
2025-02-14,401720961,Dartmouth Big Green,Columbia Lions,78,56,0,2,159,171,47.7,37.7
2025-02-14,401721102,Central Connecticut Blue Devils,Mercyhurst Lakers,73,63,0,2,2115,2385,52.8,45.6
2025-02-14,401721125,Fairleigh Dickinson Knights,Chicago State Cougars,91,49,0,2,161,2130,54.8,26.9
2025-02-14,401721166,Le Moyne Dolphins,Wagner Seahawks,72,68,0,2,2330,2681,36.2,42.4
2025-02-14,401721426,Nebraska Cornhuskers,Maryland Terrapins,75,83,0,2,158,120,43.1,58.5
2025-02-14,401722007,Stonehill Skyhawks,Saint Francis Red Wolves,79,74,0,2,284,2598,40.0,54.4
2025-02-14,401725588,South Florida Bulls,Memphis Tigers,65,80,0,2,58,235,38.3,40.3
2025-02-14,401727913,High Point Panthers,Longwood Lancers,83,72,0,2,2272,2344,47.2,53.7
2025-02-15,401700233,Louisiana Tech Bulldogs,Jacksonville State Gamecocks,68,70,0,2,2348,55,42.9,40.4
2025-02-15,401700234,Sam Houston Bearkats,Kennesaw State Owls,78,76,0,2,2534,338,53.2,42.1
2025-02-15,401700360,Eastern Illinois Panthers,UT Martin Skyhawks,68,72,0,2,2197,2630,41.8,47.4
2025-02-15,401700361,Lindenwood Lions,Southern Indiana Screaming Eagles,81,78,0,2,2815,88,48.4,42.3
2025-02-15,401700362,Western Illinois Leathernecks,Morehead State Eagles,72,67,0,2,2710,2413,46.0,38.3
2025-02-15,401700363,Southeast Missouri State Redhawks,Tennessee Tech Golden Eagles,83,69,0,2,2546,2635,56.5,44.6
2025-02-15,401700364,SIU Edwardsville Cougars,Tennessee State Tigers,84,72,0,2,2565,2634,49.1,40.3
2025-02-15,401706257,Sacred Heart Pioneers,Quinnipiac Bobcats,90,99,0,2,2529,2514,44.1,45.1
2025-02-15,401706258,Iona Gaels,Rider Broncs,71,74,0,2,314,2520,44.6,42.1
2025-02-15,401706259,Manhattan Jaspers,Merrimack Warriors,79,75,0,2,2363,2771,49.2,43.1
2025-02-15,401706261,Siena Saints,Marist Red Foxes,64,65,0,2,2561,2368,35.8,43.9
2025-02-15,401706262,Saint Peter's Peacocks,Fairfield Stags,65,52,0,2,2612,2217,36.2,32.7
2025-02-15,401706368,Buffalo Bulls,Bowling Green Falcons,59,63,0,2,2084,189,40.8,42.3
2025-02-15,401706369,Western Michigan Broncos,Miami (OH) RedHawks,78,70,0,2,2711,193,41.2,43.3
2025-02-15,401706370,Ball State Cardinals,Northern Illinois Huskies,89,83,0,2,2050,2459,42.6,41.3
2025-02-15,401706371,Kent State Golden Flashes,Ohio Bobcats,76,75,0,2,2309,195,46.3,51.9
2025-02-15,401706372,Eastern Michigan Eagles,Toledo Rockets,80,73,0,2,2199,2649,55.4,43.5
2025-02-15,401706474,Western Carolina Catamounts,The Citadel Bulldogs,76,73,0,2,2717,2643,45.9,41.3
2025-02-15,401706476,Furman Paladins,UNC Greensboro Spartans,50,58,0,2,231,2430,26.8,39.3
2025-02-15,401706477,Mercer Bears,VMI Keydets,71,80,0,2,2382,2678,45.0,40.7
2025-02-15,401706478,Wofford Terriers,Samford Bulldogs,68,76,0,2,2747,2535,43.1,45.8
2025-02-15,401706551,North Dakota State Bison,Denver Pioneers,89,84,0,2,2449,2172,45.8,49.2
2025-02-15,401706553,North Dakota Fighting Hawks,Oral Roberts Golden Eagles,88,77,0,2,155,198,43.3,42.1
2025-02-15,401706618,UT Arlington Mavericks,Grand Canyon Lopes,75,82,0,2,250,2253,49.1,50.9
2025-02-15,401706739,Oregon State Beavers,Pacific Tigers,79,65,0,2,204,279,45.0,46.7
2025-02-15,401708390,Alabama Crimson Tide,Auburn Tigers,85,94,0,2,333,2,38.6,46.2
2025-02-15,401708392,Georgia Bulldogs,Missouri Tigers,74,87,0,2,61,142,52.5,47.1
2025-02-15,401708393,Ole Miss Rebels,Mississippi State Bulldogs,71,81,0,2,145,344,38.3,43.1
2025-02-15,401708394,Tennessee Volunteers,Vanderbilt Commodores,81,76,0,2,2633,238,55.8,45.8
2025-02-15,401708395,Texas A&M Aggies,Arkansas Razorbacks,69,61,0,2,245,8,42.1,41.7
2025-02-15,401708397,Oklahoma Sooners,LSU Tigers,79,82,0,2,201,99,41.7,48.2
2025-02-15,401711611,Austin Peay Governors,Stetson Hatters,76,63,0,2,2046,56,50.0,45.8
2025-02-15,401711628,Eastern Kentucky Colonels,Queens University Royals,86,80,0,2,2198,2511,46.3,46.2
2025-02-15,401711645,Lipscomb Bisons,Florida Gulf Coast Eagles,82,68,0,2,288,526,49.1,44.6
2025-02-15,401711662,North Alabama Lions,Jacksonville Dolphins,92,79,0,2,2453,294,54.2,48.4
2025-02-15,401711727,Central Arkansas Bears,North Florida Ospreys,84,83,0,2,2110,2454,45.9,37.3
2025-02-15,401714271,Northeastern Huskies,Stony Brook Seawolves,71,60,0,2,111,2619,49.1,38.3
2025-02-15,401714272,Hampton Pirates,Hofstra Pride,67,49,0,2,2261,2275,36.2,30.8
2025-02-15,401714273,Towson Tigers,Monmouth Hawks,80,54,0,2,119,2405,41.4,37.7
2025-02-15,401714274,William & Mary Tribe,Drexel Dragons,72,59,0,2,2729,2182,47.2,42.9
2025-02-15,401714276,Delaware Blue Hens,Campbell Fighting Camels,91,96,0,2,48,2097,65.5,59.6
2025-02-15,401714277,North Carolina A&T Aggies,Charleston Cougars,59,69,0,2,2448,232,41.5,44.2
2025-02-15,401714383,Cal State Bakersfield Roadrunners,Cal State Fullerton Titans,91,54,0,2,2934,2239,50.0,36.2
2025-02-15,401714449,Green Bay Phoenix,Northern Kentucky Norse,60,73,0,2,2739,94,30.9,49.1
2025-02-15,401714450,Milwaukee Panthers,Wright State Raiders,88,80,0,2,270,2750,50.0,48.3
2025-02-15,401714451,Robert Morris Colonials,Purdue Fort Wayne Mastodons,76,69,0,2,2523,2870,54.7,44.8
2025-02-15,401714599,South Alabama Jaguars,Texas State Bobcats,70,65,0,2,6,326,37.9,33.3
2025-02-15,401714600,UL Monroe Warhawks,Southern Miss Golden Eagles,81,74,0,2,2433,2572,52.7,48.3
2025-02-15,401714601,Georgia State Panthers,App State Mountaineers,70,65,0,2,2247,2026,44.8,44.1
2025-02-15,401714602,Coastal Carolina Chanticleers,James Madison Dukes,73,74,0,2,324,256,49.1,44.4
2025-02-15,401714604,Georgia Southern Eagles,Old Dominion Monarchs,78,75,0,2,290,295,40.6,44.1
2025-02-15,401715976,UT Rio Grande Valley Vaqueros,Houston Christian Huskies,76,52,0,2,292,2277,50.8,33.9
2025-02-15,401716076,SE Louisiana Lions,Nicholls Colonels,84,81,0,2,2545,2447,47.1,44.6
2025-02-15,401716129,Texas A&M-Corpus Christi Islanders,Incarnate Word Cardinals,69,55,0,2,357,2916,45.8,38.5
2025-02-15,401719144,Providence Friars,Villanova Wildcats,75,62,0,2,2507,222,52.3,43.4
2025-02-15,401719145,Seton Hall Pirates,UConn Huskies,69,68,0,2,2550,41,39.1,37.3
2025-02-15,401719146,Butler Bulldogs,Georgetown Hoyas,97,86,0,2,2086,46,57.7,41.8
2025-02-15,401719147,Xavier Musketeers,DePaul Blue Demons,85,68,0,2,2752,305,58.8,44.1
2025-02-15,401719390,Portland State Vikings,Northern Colorado Bears,82,71,0,2,2502,2458,50.8,42.6
2025-02-15,401720681,East Texas A&M Lions,Lamar Cardinals,55,65,0,2,2837,2320,41.2,40.3
2025-02-15,401720724,LSU New Orleans Privateers,McNeese Cowboys,64,78,0,2,2443,2377,44.6,44.4
2025-02-15,401720843,Maine Black Bears,Vermont Catamounts,61,65,0,2,311,261,44.4,47.9
2025-02-15,401720844,NJIT Highlanders,Binghamton Bearcats,71,75,0,2,2885,2066,37.1,40.6
2025-02-15,401720845,Bryant Bulldogs,UMBC Retrievers,81,79,0,2,2803,2378,48.4,53.2
2025-02-15,401720846,New Hampshire Wildcats,UMass Lowell River Hawks,80,79,0,2,160,2349,48.4,57.4
2025-02-15,401720934,Sacramento State Hornets,Northern Arizona Lumberjacks,61,65,0,2,16,2464,46.0,42.6
2025-02-15,401720962,Dartmouth Big Green,Cornell Big Red,88,49,0,2,159,172,49.2,27.9
2025-02-15,401721103,Central Connecticut Blue Devils,Saint Francis Red Wolves,83,67,0,2,2115,2598,53.3,47.5
2025-02-15,401721126,Le Moyne Dolphins,Chicago State Cougars,80,75,0,2,2330,2130,48.2,46.0
2025-02-15,401721146,Long Island University Sharks,Fairleigh Dickinson Knights,62,58,0,2,112358,161,43.4,41.3
2025-02-15,401721186,Stonehill Skyhawks,Mercyhurst Lakers,85,73,0,2,284,2385,55.6,43.4
2025-02-15,401721297,Bethune-Cookman Wildcats,Alcorn State Braves,74,78,0,2,2065,2016,46.8,45.2
2025-02-15,401721427,Indiana Hoosiers,UCLA Bruins,68,72,0,2,84,26,40.3,47.3
2025-02-15,401721429,Penn State Nittany Lions,Washington Huskies,73,75,0,2,213,264,40.3,43.9
2025-02-15,401721430,Purdue Boilermakers,Wisconsin Badgers,84,94,0,2,2509,275,51.8,61.5
2025-02-15,401721431,USC Trojans,Minnesota Golden Gophers,66,69,0,2,30,135,43.8,43.9
2025-02-15,401721739,Brown Bears,Princeton Tigers,70,56,0,2,225,163,45.5,33.8
2025-02-15,401721740,Yale Bulldogs,Pennsylvania Quakers,72,71,0,2,43,219,47.6,45.9
2025-02-15,401721741,Harvard Crimson,Cornell Big Red,75,73,0,2,108,172,46.8,50.0
2025-02-15,401721743,Harvard Crimson,Columbia Lions,87,75,0,2,108,171,59.6,47.8
2025-02-15,401721744,Brown Bears,Pennsylvania Quakers,82,72,0,2,225,219,56.6,42.4
2025-02-15,401721904,Boston University Terriers,Colgate Raiders,93,91,0,2,104,2142,42.3,51.6
2025-02-15,401721905,American University Eagles,Loyola Maryland Greyhounds,72,51,0,2,44,2352,51.9,37.5
2025-02-15,401721906,Navy Midshipmen,Army Black Knights,61,54,0,2,2426,349,39.2,38.0
2025-02-15,401721907,Lafayette Leopards,Bucknell Bison,69,75,0,2,322,2083,40.4,51.9
2025-02-15,401721908,Lehigh Mountain Hawks,Holy Cross Crusaders,72,60,0,2,2329,107,46.7,42.0
2025-02-15,401721985,Bellarmine Knights,West Georgia Wolves,76,81,0,2,91,2698,46.9,46.9
2025-02-15,401722062,Florida A&M Rattlers,Jackson State Tigers,76,71,0,2,50,2296,48.1,44.8
2025-02-15,401722130,Southern Jaguars,Prairie View A&M Panthers,72,60,0,2,2582,2504,42.2,39.6
2025-02-15,401722251,San José State Spartans,Nevada Wolf Pack,58,73,0,2,23,2440,38.8,51.7
2025-02-15,401722438,Colorado State Rams,Wyoming Cowboys,88,53,0,2,36,2751,60.7,37.7
2025-02-15,401722529,Indiana State Sycamores,Illinois State Redbirds,85,76,0,2,282,2287,50.9,49.1
2025-02-15,401723692,North Carolina Central Eagles,Coppin State Eagles,71,59,0,2,2428,2154,47.3,35.1
2025-02-15,401723719,Delaware State Hornets,Howard Bison,90,69,0,2,2169,47,45.6,43.1
2025-02-15,401723738,Maryland Eastern Shore Hawks,Norfolk State Spartans,63,75,0,2,2379,2450,44.9,50.0
2025-02-15,401723744,South Carolina State Bulldogs,Morgan State Bears,90,62,0,2,2569,2415,50.8,32.9
2025-02-15,401724427,Loyola Chicago Ramblers,Saint Louis Billikens,78,69,0,2,2350,139,43.1,42.1
2025-02-15,401724428,George Mason Patriots,Saint Joseph's Hawks,58,57,0,2,2244,2603,44.7,42.6
2025-02-15,401724429,Dayton Flyers,Duquesne Dukes,77,76,0,2,2168,2184,51.0,48.1
2025-02-15,401724430,Davidson Wildcats,George Washington Revolutionaries,67,74,0,2,2166,45,43.4,52.1
2025-02-15,401724431,Richmond Spiders,Fordham Rams,70,66,0,2,257,2230,47.5,37.7
2025-02-15,401724432,Rhode Island Rams,La Salle Explorers,86,71,0,2,227,2325,60.0,38.8
2025-02-15,401724433,Massachusetts Minutemen,St. Bonaventure Bonnies,59,73,0,2,113,179,35.3,48.1
2025-02-15,401724715,Grambling Tigers,Texas Southern Tigers,60,67,0,2,2755,2640,33.3,49.1
2025-02-15,401724871,Pittsburgh Panthers,Miami Hurricanes,74,65,0,2,221,2390,43.1,40.4
2025-02-15,401724872,NC State Wolfpack,Boston College Eagles,70,62,0,2,152,103,39.3,35.4
2025-02-15,401724873,Virginia Tech Hokies,Virginia Cavaliers,70,73,0,2,259,258,46.0,46.0
2025-02-15,401724874,Georgia Tech Yellow Jackets,California Golden Bears,90,88,0,2,59,25,54.7,50.0
2025-02-15,401724875,SMU Mustangs,Wake Forest Demon Deacons,66,77,0,2,2567,154,36.1,44.4
2025-02-15,401724876,Syracuse Orange,North Carolina Tar Heels,82,88,0,2,183,153,43.9,49.2
2025-02-15,401724877,Florida State Seminoles,Clemson Tigers,46,72,0,2,52,228,34.0,47.5
2025-02-15,401724878,Duke Blue Devils,Stanford Cardinal,106,70,0,2,150,24,62.5,38.1
2025-02-15,401725589,Tulsa Golden Hurricane,UTSA Roadrunners,80,76,0,2,202,2636,53.2,34.4
2025-02-15,401725590,Charlotte 49ers,East Carolina Pirates,59,75,0,2,2429,151,45.3,49.1
2025-02-15,401725591,Tulane Green Wave,Rice Owls,81,78,0,2,2655,242,47.4,43.1
2025-02-15,401725736,Oklahoma State Cowboys,Texas Tech Red Raiders,55,93,0,2,197,2641,37.3,48.4
2025-02-15,401725738,Arizona Wildcats,Houston Cougars,58,62,0,2,12,248,37.0,43.1
2025-02-15,401725739,Baylor Bears,West Virginia Mountaineers,74,71,0,2,239,277,38.9,40.0
2025-02-15,401725740,Colorado Buffaloes,UCF Knights,76,63,0,2,38,2116,42.4,34.4
2025-02-15,401725741,Iowa State Cyclones,Cincinnati Bearcats,81,70,0,2,66,2132,49.0,46.3
2025-02-15,401726460,Northwestern State Demons,Stephen F. Austin Lumberjacks,68,70,0,2,2466,2617,39.4,47.4
2025-02-15,401727245,Arkansas-Pine Bluff Golden Lions,Alabama State Hornets,63,75,0,2,2029,2011,37.7,36.4
2025-02-15,401727916,UNC Asheville Bulldogs,Charleston Southern Buccaneers,75,72,0,2,2427,2127,44.1,42.9
2025-02-15,401727917,South Carolina Upstate Spartans,Gardner-Webb Runnin' Bulldogs,87,96,0,2,2908,2241,47.0,50.7
2025-02-15,401727918,Winthrop Eagles,High Point Panthers,66,88,0,2,2737,2272,39.7,46.3
2025-02-15,401727919,Longwood Lancers,Presbyterian Blue Hose,68,77,0,2,2344,2506,40.4,50.9
2025-02-16,401700232,Western Kentucky Hilltoppers,Middle Tennessee Blue Raiders,77,87,0,2,98,2393,38.0,44.3
2025-02-16,401700235,New Mexico State Aggies,Florida International Panthers,76,48,0,2,166,2229,46.2,30.4
2025-02-16,401700236,UTEP Miners,Liberty Flames,69,76,0,2,2638,2335,42.6,47.4
2025-02-16,401706263,Saint Peter's Peacocks,Rider Broncs,66,65,0,2,2612,2520,36.7,43.1
2025-02-16,401706264,Canisius Golden Griffins,Mount St. Mary's Mountaineers,66,73,0,2,2099,116,39.7,50.0
2025-02-16,401706265,Merrimack Warriors,Marist Red Foxes,60,61,0,2,2771,2368,38.6,40.7
2025-02-16,401706266,Fairfield Stags,Manhattan Jaspers,67,80,0,2,2217,2363,46.4,58.8
2025-02-16,401706267,Sacred Heart Pioneers,Siena Saints,73,80,0,2,2529,2561,46.7,44.6
2025-02-16,401706268,Quinnipiac Bobcats,Iona Gaels,79,74,0,2,2514,314,53.3,43.1
2025-02-16,401706367,Central Michigan Chippewas,Akron Zips,82,85,0,2,2117,2006,41.5,52.5
2025-02-16,401706475,Chattanooga Mocs,East Tennessee State Buccaneers,78,71,0,2,236,2193,53.8,50.0
2025-02-16,401706552,St. Thomas Tommies,Omaha Mavericks,95,84,0,2,2900,2437,50.9,51.8
2025-02-16,401706554,South Dakota Coyotes,South Dakota State Jackrabbits,91,94,0,2,233,2571,47.0,49.2
2025-02-16,401706617,California Baptist Lancers,Utah Tech Trailblazers,86,83,0,2,2856,3101,51.8,59.6
2025-02-16,401706619,Tarleton State Texans,Seattle U Redhawks,67,64,0,2,2627,2547,40.5,35.3
2025-02-16,401706620,Southern Utah Thunderbirds,Utah Valley Wolverines,68,70,0,2,253,3084,38.0,46.9
2025-02-16,401706737,Saint Mary's Gaels,Washington State Cougars,77,56,0,2,2608,265,46.0,40.7
2025-02-16,401706738,San Diego Toreros,San Francisco Dons,61,84,0,2,301,2539,31.1,46.8
2025-02-16,401706740,Gonzaga Bulldogs,Pepperdine Waves,107,55,0,2,2250,2492,57.0,29.2
2025-02-16,401706741,Portland Pilots,Loyola Marymount Lions,89,78,0,2,2501,2351,54.5,44.7
2025-02-16,401708391,Florida Gators,South Carolina Gamecocks,88,67,0,2,57,2579,60.4,44.0
2025-02-16,401708396,Texas Longhorns,Kentucky Wildcats,82,78,0,2,251,96,45.3,41.9
2025-02-16,401714275,UNC Wilmington Seahawks,Elon Phoenix,70,81,0,2,350,2210,46.0,56.3
2025-02-16,401714379,Hawai'i Rainbow Warriors,UC Irvine Anteaters,49,66,0,2,62,300,29.1,44.2
2025-02-16,401714380,Cal State Northridge Matadors,Cal Poly Mustangs,89,85,0,2,2463,13,47.3,44.6
2025-02-16,401714381,UC San Diego Tritons,UC Davis Aggies,85,60,0,2,28,302,51.7,44.2
2025-02-16,401714382,UC Riverside Highlanders,UC Santa Barbara Gauchos,81,69,0,2,27,2540,48.3,46.2
2025-02-16,401714452,Milwaukee Panthers,Northern Kentucky Norse,92,70,0,2,270,94,54.2,44.4
2025-02-16,401714453,Green Bay Phoenix,Wright State Raiders,79,68,0,2,2739,2750,44.2,39.3
2025-02-16,401714454,Oakland Golden Grizzlies,Detroit Mercy Titans,93,83,0,2,2473,2174,45.3,44.3
2025-02-16,401714455,Cleveland State Vikings,Youngstown State Penguins,60,68,0,2,325,2754,35.5,46.7
2025-02-16,401714598,Arkansas State Red Wolves,Troy Trojans,70,71,0,2,2032,2653,38.5,38.6
2025-02-16,401714603,Louisiana Ragin' Cajuns,Marshall Thundering Herd,79,68,0,2,309,276,44.3,37.7
2025-02-16,401718487,Eastern Washington Eagles,Idaho Vandals,75,73,0,2,331,70,44.2,48.9
2025-02-16,401719148,St. John's Red Storm,Creighton Bluejays,79,73,0,2,2599,156,38.4,41.5
2025-02-16,401720554,Montana Grizzlies,Weber State Wildcats,65,58,0,2,149,2692,50.0,48.9
2025-02-16,401720933,Montana State Bobcats,Idaho State Bengals,74,69,0,2,147,304,47.1,37.5
2025-02-16,401721246,Mississippi Valley State Delta Devils,Alabama A&M Bulldogs,70,82,0,2,2400,2010,52.3,46.2
2025-02-16,401721428,Illinois Fighting Illini,Michigan State Spartans,65,79,0,2,356,127,38.1,48.5
2025-02-16,401721432,Maryland Terrapins,Iowa Hawkeyes,101,75,0,2,120,2294,58.2,43.1
2025-02-16,401721433,Northwestern Wildcats,Nebraska Cornhuskers,64,68,0,2,77,158,36.1,44.4
2025-02-16,401721434,Ohio State Buckeyes,Michigan Wolverines,83,86,0,2,194,130,45.9,48.5
2025-02-16,401721742,Yale Bulldogs,Princeton Tigers,84,57,0,2,43,163,57.1,26.8
2025-02-16,401722358,San Diego State Aztecs,Boise State Broncos,64,47,0,2,21,68,54.2,33.3
2025-02-16,401722403,New Mexico Lobos,Utah State Aggies,82,79,0,2,167,328,46.2,47.5
2025-02-16,401722528,Southern Illinois Salukis,Belmont Bruins,68,73,0,2,79,2057,50.0,44.1
2025-02-16,401722530,Drake Bulldogs,Bradley Braves,59,61,0,2,2181,71,46.3,53.5
2025-02-16,401722531,UIC Flames,Missouri State Bears,63,58,0,2,82,2623,38.8,46.3
2025-02-16,401725592,Temple Owls,Florida Atlantic Owls,81,83,0,2,218,2226,41.5,44.6
2025-02-16,401725593,UAB Blazers,South Florida Bulls,85,78,0,2,5,58,44.6,43.1
2025-02-16,401725594,Wichita State Shockers,Memphis Tigers,84,79,0,2,2724,235,40.0,36.0
2025-02-16,401725734,Utah Utes,Kansas Jayhawks,74,67,0,2,254,2305,36.5,40.0
2025-02-16,401725735,BYU Cougars,Kansas State Wildcats,80,65,0,2,252,2306,,
2025-02-16,401725737,Arizona State Sun Devils,TCU Horned Frogs,70,74,0,2,9,2628,43.9,44.2
2025-02-16,401727153,Fresno State Bulldogs,UNLV Rebels,51,52,0,2,278,2439,30.4,33.8
2025-02-17,401721435,Oregon Ducks,Rutgers Scarlet Knights,75,57,0,2,2483,164,46.7,46.2
2025-02-17,401722533,Evansville Purple Aces,Valparaiso Beacons,79,69,0,2,339,2674,50.0,40.4
2025-02-17,401723732,Howard Bison,Maryland Eastern Shore Hawks,86,62,0,2,47,2379,55.9,35.1
2025-02-17,401724879,Notre Dame Fighting Irish,Louisville Cardinals,60,75,0,2,87,97,36.4,49.1
2025-02-18,401706376,Eastern Michigan Eagles,Miami (OH) RedHawks,76,66,0,2,2199,193,50.0,39.7
2025-02-18,401711612,Bellarmine Knights,Austin Peay Governors,94,68,0,2,91,2046,62.1,33.9
2025-02-18,401711646,Florida Gulf Coast Eagles,Jacksonville Dolphins,72,56,0,2,526,294,39.0,39.7
2025-02-18,401715977,Texas A&M-Corpus Christi Islanders,Houston Christian Huskies,68,62,0,2,357,2277,50.0,39.3
2025-02-18,401716077,SE Louisiana Lions,McNeese Cowboys,82,88,0,2,2545,2377,44.3,56.6
2025-02-18,401716130,UT Rio Grande Valley Vaqueros,Incarnate Word Cardinals,60,66,0,2,292,2916,41.8,36.4
2025-02-18,401719149,UConn Huskies,Villanova Wildcats,66,59,0,2,41,222,45.1,35.2
2025-02-18,401720682,Northwestern State Demons,Lamar Cardinals,65,75,0,2,2466,2320,49.0,45.5
2025-02-18,401720741,LSU New Orleans Privateers,Nicholls Colonels,62,78,0,2,2443,2447,35.9,47.0
2025-02-18,401721247,Arkansas-Pine Bluff Golden Lions,Alabama A&M Bulldogs,61,75,0,2,2029,2010,34.5,47.4
2025-02-18,401721298,Florida A&M Rattlers,Alcorn State Braves,85,76,0,2,50,2016,52.5,57.7
2025-02-18,401721909,Bucknell Bison,Lehigh Mountain Hawks,67,50,0,2,2083,2329,46.3,34.5
2025-02-18,401722048,Bethune-Cookman Wildcats,Jackson State Tigers,71,84,0,2,2065,2296,50.0,51.7
2025-02-18,401722114,Mississippi Valley State Delta Devils,Alabama State Hornets,56,79,0,2,2400,2011,38.1,44.6
2025-02-18,401722131,Grambling Tigers,Prairie View A&M Panthers,70,48,0,2,2755,2504,43.5,30.2
2025-02-18,401722146,Southern Jaguars,Texas Southern Tigers,66,57,0,2,2582,2640,42.6,33.9
2025-02-18,401723693,South Carolina State Bulldogs,Coppin State Eagles,87,57,0,2,2569,2154,55.0,36.5
2025-02-18,401723711,Norfolk State Spartans,Delaware State Hornets,96,84,0,2,2450,2169,54.4,49.3
2025-02-18,401723745,North Carolina Central Eagles,Morgan State Bears,78,92,0,2,2428,2415,42.2,57.4
2025-02-18,401724880,Virginia Cavaliers,Duke Blue Devils,62,80,0,2,258,150,38.5,52.5
2025-02-18,401725742,Baylor Bears,Arizona Wildcats,67,74,0,2,239,12,40.0,48.3
2025-02-18,401725743,Utah Utes,Kansas State Wildcats,74,69,0,2,254,2306,38.1,43.3
2025-02-18,401727256,East Texas A&M Lions,Stephen F. Austin Lumberjacks,74,76,0,2,2837,2617,39.3,51.9
2025-02-18,401759995,Murray State Racers,Northern Iowa Panthers,67,74,1,2,93,2460,41.4,45.3
2025-02-19,401700365,UT Martin Skyhawks,Tennessee State Tigers,75,86,0,2,2630,2634,51.0,52.9
2025-02-19,401706373,Toledo Rockets,Ball State Cardinals,67,66,0,2,2649,2050,45.2,48.9
2025-02-19,401706374,Ohio Bobcats,Central Michigan Chippewas,84,82,0,2,195,2117,43.8,42.6
2025-02-19,401706375,Bowling Green Falcons,Kent State Golden Flashes,84,91,0,2,189,2309,40.0,55.9
2025-02-19,401706377,Akron Zips,Northern Illinois Huskies,73,63,0,2,2006,2459,42.9,35.0
2025-02-19,401706378,Buffalo Bulls,Western Michigan Broncos,64,97,0,2,2084,2711,44.2,57.7
2025-02-19,401706483,VMI Keydets,Wofford Terriers,43,82,0,2,2678,2747,25.9,56.1
2025-02-19,401708399,Florida Gators,Oklahoma Sooners,85,63,0,2,57,201,45.2,38.8
2025-02-19,401708401,LSU Tigers,South Carolina Gamecocks,81,67,0,2,99,2579,50.0,47.1
2025-02-19,401708402,Mississippi State Bulldogs,Texas A&M Aggies,70,54,0,2,344,245,43.1,35.8
2025-02-19,401711629,Eastern Kentucky Colonels,Lipscomb Bisons,66,57,0,2,2198,288,45.0,28.3
2025-02-19,401711699,North Alabama Lions,West Georgia Wolves,80,62,0,2,2453,2698,50.9,44.3
2025-02-19,401711720,Queens University Royals,Central Arkansas Bears,89,72,0,2,2511,2110,53.8,47.9
2025-02-19,401711728,Stetson Hatters,North Florida Ospreys,71,79,0,2,56,2454,49.1,41.7
2025-02-19,401719150,Xavier Musketeers,Butler Bulldogs,76,63,0,2,2752,2086,42.6,43.6
2025-02-19,401719151,Marquette Golden Eagles,Seton Hall Pirates,80,56,0,2,269,2550,52.6,36.8
2025-02-19,401721436,Michigan State Spartans,Purdue Boilermakers,75,66,0,2,127,2509,58.3,51.1
2025-02-19,401721437,UCLA Bruins,Minnesota Golden Gophers,61,64,0,2,26,135,45.1,45.8
2025-02-19,401721438,Wisconsin Badgers,Illinois Fighting Illini,95,74,0,2,275,356,52.3,43.3
2025-02-19,401721440,Penn State Nittany Lions,Nebraska Cornhuskers,89,72,0,2,213,158,60.7,51.9
2025-02-19,401721910,Holy Cross Crusaders,Lafayette Leopards,74,69,0,2,107,322,40.0,45.2
2025-02-19,401721911,Army Black Knights,American University Eagles,76,69,0,2,349,44,48.1,42.6
2025-02-19,401722208,Wyoming Cowboys,Air Force Falcons,69,62,0,2,2751,2005,46.3,46.9
2025-02-19,401722252,Colorado State Rams,Nevada Wolf Pack,79,71,0,2,36,2440,54.5,50.0
2025-02-19,401722359,San Diego State Aztecs,Fresno State Bulldogs,83,60,0,2,21,278,54.0,43.6
2025-02-19,401724434,Davidson Wildcats,Loyola Chicago Ramblers,69,77,0,2,2166,2350,37.9,42.9
2025-02-19,401724437,La Salle Explorers,Richmond Spiders,58,63,0,2,2325,257,37.5,41.1
2025-02-19,401724438,VCU Rams,Massachusetts Minutemen,80,51,0,2,2670,113,45.9,32.3
2025-02-19,401724881,Pittsburgh Panthers,Syracuse Orange,80,69,0,2,221,183,48.1,38.3
2025-02-19,401724882,Boston College Eagles,Virginia Tech Hokies,54,36,0,2,103,259,45.3,29.4
2025-02-19,401725595,Charlotte 49ers,Temple Owls,78,72,0,2,2429,218,44.8,46.3
2025-02-19,401725744,TCU Horned Frogs,Texas Tech Red Raiders,69,66,0,2,2628,2641,41.4,49.1
2025-02-19,401725745,Arizona State Sun Devils,Houston Cougars,65,80,0,2,9,248,43.2,48.1
2025-02-19,401725746,BYU Cougars,Kansas Jayhawks,91,57,0,2,252,2305,51.5,36.5
2025-02-19,401725747,Iowa State Cyclones,Colorado Buffaloes,79,65,0,2,66,38,51.1,45.3
2025-02-20,401706479,The Citadel Bulldogs,Mercer Bears,52,62,0,2,2643,2382,28.3,39.7
2025-02-20,401706480,East Tennessee State Buccaneers,UNC Greensboro Spartans,65,49,0,2,2193,2430,43.8,35.8
2025-02-20,401706481,Samford Bulldogs,Furman Paladins,72,80,0,2,2535,231,38.8,43.4
2025-02-20,401706482,Chattanooga Mocs,Western Carolina Catamounts,91,86,0,2,236,2717,49.2,41.7
2025-02-20,401706555,Kansas City Roos,Omaha Mavericks,66,78,0,2,140,2437,45.5,49.2
2025-02-20,401706556,Denver Pioneers,Oral Roberts Golden Eagles,71,60,0,2,2172,198,45.8,38.0
2025-02-20,401706557,South Dakota State Jackrabbits,North Dakota State Bison,68,77,0,2,2571,2449,39.4,46.7
2025-02-20,401706558,South Dakota Coyotes,St. Thomas Tommies,85,80,0,2,233,2900,38.1,51.7
2025-02-20,401706742,Washington State Cougars,Gonzaga Bulldogs,63,84,0,2,265,2250,40.7,51.8
2025-02-20,401706743,Saint Mary's Gaels,Portland Pilots,79,66,0,2,2608,2501,47.1,48.1
2025-02-20,401708398,Auburn Tigers,Arkansas Razorbacks,67,60,0,2,2,8,40.3,45.5
2025-02-20,401708400,Kentucky Wildcats,Vanderbilt Commodores,82,61,0,2,96,238,56.9,39.7
2025-02-20,401708403,Missouri Tigers,Alabama Crimson Tide,110,98,0,2,142,333,60.3,53.8
2025-02-20,401711630,Bellarmine Knights,Eastern Kentucky Colonels,80,74,0,2,91,2198,54.0,36.4
2025-02-20,401714280,Delaware Blue Hens,Drexel Dragons,74,78,0,2,48,2182,47.6,59.2
2025-02-20,401714486,Detroit Mercy Titans,IU Indianapolis Jaguars,71,80,0,2,2174,85,41.5,48.1
2025-02-20,401714605,Texas State Bobcats,UL Monroe Warhawks,80,63,0,2,326,2433,40.8,32.7
2025-02-20,401714606,Arkansas State Red Wolves,South Alabama Jaguars,56,60,0,2,2032,6,36.4,40.0
2025-02-20,401714609,App State Mountaineers,Georgia Southern Eagles,79,74,0,2,2026,290,42.2,38.0
2025-02-20,401714611,Old Dominion Monarchs,Marshall Thundering Herd,77,81,0,2,295,276,42.4,60.4
2025-02-20,401719152,DePaul Blue Demons,St. John's Red Storm,58,82,0,2,305,2599,32.7,46.4
2025-02-20,401719153,Georgetown Hoyas,Providence Friars,93,72,0,2,46,2507,50.8,37.1
2025-02-20,401720848,UAlbany Great Danes,Maine Black Bears,79,68,0,2,399,311,46.6,50.9
2025-02-20,401720849,Binghamton Bearcats,New Hampshire Wildcats,79,60,0,2,2066,160,51.9,36.7
2025-02-20,401720850,UMass Lowell River Hawks,UMBC Retrievers,98,79,0,2,2349,2378,63.8,50.0
2025-02-20,401721439,Iowa Hawkeyes,Oregon Ducks,78,80,0,2,2294,2483,49.1,47.6
2025-02-20,401721441,Washington Huskies,Rutgers Scarlet Knights,85,89,0,2,264,164,52.3,47.4
2025-02-20,401721443,Ohio State Buckeyes,Northwestern Wildcats,49,70,0,2,194,77,32.7,46.3
2025-02-20,401721912,Boston University Terriers,Loyola Maryland Greyhounds,68,66,0,2,104,2352,50.9,42.4
2025-02-20,401721913,Colgate Raiders,Navy Midshipmen,79,75,0,2,2142,2426,54.9,49.2
2025-02-20,401722379,Utah State Aggies,San José State Spartans,105,57,0,2,328,23,57.6,36.8
2025-02-20,401722534,Illinois State Redbirds,Bradley Braves,82,71,0,2,2287,71,46.3,44.3
2025-02-20,401722535,Indiana State Sycamores,Evansville Purple Aces,74,79,0,2,282,339,43.1,49.2
2025-02-20,401722536,Valparaiso Beacons,Missouri State Bears,66,64,0,2,2674,2623,40.4,41.0
2025-02-20,401722537,Murray State Racers,Southern Illinois Salukis,62,60,0,2,93,79,30.9,46.2
2025-02-20,401722538,Drake Bulldogs,UIC Flames,74,57,0,2,2181,82,48.1,45.2
2025-02-20,401722539,Belmont Bruins,Northern Iowa Panthers,75,82,0,2,2057,2460,48.4,50.0
2025-02-20,401724435,Duquesne Dukes,Fordham Rams,73,64,0,2,2184,2230,42.9,41.1
2025-02-20,401724436,George Washington Revolutionaries,Saint Joseph's Hawks,68,79,0,2,45,2603,38.8,51.9
2025-02-20,401724883,North Carolina Tar Heels,NC State Wolfpack,97,73,0,2,153,152,57.4,45.8
2025-02-20,401724884,Notre Dame Fighting Irish,SMU Mustangs,73,97,0,2,87,2567,41.8,58.6
2025-02-20,401724885,Florida State Seminoles,Miami Hurricanes,74,66,0,2,52,2390,45.5,41.7
2025-02-20,401725596,North Texas Mean Green,Tulsa Golden Hurricane,63,44,0,2,249,202,41.5,33.3
2025-02-20,401725597,Tulane Green Wave,East Carolina Pirates,86,81,0,2,2655,151,48.2,40.3
2025-02-20,401725598,UTSA Roadrunners,South Florida Bulls,73,78,0,2,2636,58,33.8,45.6
2025-02-20,401725599,Rice Owls,UAB Blazers,89,90,0,2,242,5,47.5,45.8
2025-02-20,401725748,Oklahoma State Cowboys,UCF Knights,104,95,0,2,197,2116,47.3,47.5
2025-02-20,401725749,West Virginia Mountaineers,Cincinnati Bearcats,62,59,0,2,277,2132,40.0,41.0
2025-02-20,401727920,High Point Panthers,Charleston Southern Buccaneers,83,60,0,2,2272,2127,57.6,42.6
2025-02-20,401727921,Longwood Lancers,Gardner-Webb Runnin' Bulldogs,90,77,0,2,2344,2241,58.6,47.5
2025-02-20,401727922,Presbyterian Blue Hose,Winthrop Eagles,77,81,0,2,2506,2737,47.7,53.6
2025-02-20,401728307,Boise State Broncos,New Mexico Lobos,86,78,0,2,68,167,48.1,50.9
2025-02-21,401700237,Middle Tennessee Blue Raiders,Louisiana Tech Bulldogs,74,85,0,2,2393,2348,45.3,44.8
2025-02-21,401700238,Western Kentucky Hilltoppers,Sam Houston Bearkats,62,78,0,2,98,2534,33.8,44.8
2025-02-21,401700239,Jacksonville State Gamecocks,New Mexico State Aggies,52,61,0,2,55,166,30.8,40.7
2025-02-21,401700240,Kennesaw State Owls,UTEP Miners,83,73,0,2,338,2638,50.9,44.1
2025-02-21,401700366,Southern Indiana Screaming Eagles,Eastern Illinois Panthers,54,63,0,2,88,2197,40.0,36.4
2025-02-21,401700367,Little Rock Trojans,Lindenwood Lions,92,93,0,2,2031,2815,53.8,50.0
2025-02-21,401700368,Morehead State Eagles,SIU Edwardsville Cougars,62,80,0,2,2413,2565,41.7,52.0
2025-02-21,401700369,Southeast Missouri State Redhawks,Western Illinois Leathernecks,87,66,0,2,2546,2710,50.0,41.8
2025-02-21,401700370,Tennessee Tech Golden Eagles,UT Martin Skyhawks,71,66,0,2,2635,2630,41.8,38.3
2025-02-21,401706380,Toledo Rockets,Bowling Green Falcons,68,69,0,2,2649,189,38.1,46.7
2025-02-21,401706621,Utah Tech Trailblazers,Utah Valley Wolverines,77,79,0,2,3101,3084,40.6,49.2
2025-02-21,401706622,Abilene Christian Wildcats,Southern Utah Thunderbirds,75,59,0,2,2000,253,42.4,39.2
2025-02-21,401706744,Pepperdine Waves,Oregon State Beavers,78,84,0,2,2492,204,44.8,50.0
2025-02-21,401706745,San Francisco Dons,Pacific Tigers,71,58,0,2,2539,279,46.6,36.8
2025-02-21,401706746,Santa Clara Broncos,Loyola Marymount Lions,76,61,0,2,2541,2351,43.8,37.5
2025-02-21,401709993,UC Riverside Highlanders,Long Beach State Beach,87,66,0,2,27,299,45.8,50.0
2025-02-21,401711613,Queens University Royals,Austin Peay Governors,78,92,0,2,2511,2046,47.1,48.4
2025-02-21,401711647,Stetson Hatters,Florida Gulf Coast Eagles,80,83,0,2,56,526,45.8,48.2
2025-02-21,401711663,North Florida Ospreys,Jacksonville Dolphins,77,73,0,2,2454,294,42.4,42.0
2025-02-21,401711677,Lipscomb Bisons,North Alabama Lions,75,63,0,2,288,2453,50.0,42.3
2025-02-21,401714279,Hofstra Pride,Monmouth Hawks,62,68,0,2,2275,2405,44.0,39.1
2025-02-21,401714281,Elon Phoenix,Towson Tigers,69,63,0,2,2210,119,41.5,38.7
2025-02-21,401714282,North Carolina A&T Aggies,Campbell Fighting Camels,53,50,0,2,2448,2097,40.8,39.2
2025-02-21,401714284,Northeastern Huskies,Charleston Cougars,62,73,0,2,111,232,39.3,51.6
2025-02-21,401714339,UC Santa Barbara Gauchos,Cal State Fullerton Titans,86,56,0,2,2540,2239,53.2,38.6
2025-02-21,401714340,UC Davis Aggies,Cal State Bakersfield Roadrunners,66,71,0,2,302,2934,41.8,42.9
2025-02-21,401714341,UC Irvine Anteaters,Cal State Northridge Matadors,72,84,0,2,300,2463,40.7,45.3
2025-02-21,401714342,Cal Poly Mustangs,UC San Diego Tritons,67,81,0,2,13,28,41.0,47.6
2025-02-21,401714607,Troy Trojans,Louisiana Ragin' Cajuns,69,72,0,2,2653,309,38.5,43.4
2025-02-21,401714608,Southern Miss Golden Eagles,Coastal Carolina Chanticleers,78,87,0,2,2572,324,40.7,50.0
2025-02-21,401714610,James Madison Dukes,Georgia State Panthers,83,63,0,2,256,2247,47.5,38.0
2025-02-21,401718488,Northern Colorado Bears,Eastern Washington Eagles,95,76,0,2,2458,331,66.7,45.9
2025-02-21,401719668,Idaho State Bengals,Portland State Vikings,82,74,0,2,304,2502,52.7,47.5
2025-02-21,401720555,Weber State Wildcats,Sacramento State Hornets,77,80,0,2,2692,16,52.5,54.7
2025-02-21,401720656,Northern Arizona Lumberjacks,Idaho Vandals,78,83,0,2,2464,70,40.9,50.0
2025-02-21,401720847,Vermont Catamounts,Bryant Bulldogs,59,55,0,2,261,2803,41.4,35.7
2025-02-21,401721104,Chicago State Cougars,Central Connecticut Blue Devils,75,81,0,2,2130,2115,38.8,55.1
2025-02-21,401721147,Mercyhurst Lakers,Fairleigh Dickinson Knights,65,60,0,2,2385,161,38.2,34.0
2025-02-21,401721167,Le Moyne Dolphins,Saint Francis Red Wolves,76,81,0,2,2330,2598,51.8,45.3
2025-02-21,401721442,Maryland Terrapins,USC Trojans,88,71,0,2,120,30,49.2,46.0
2025-02-21,401721959,West Georgia Wolves,Central Arkansas Bears,71,82,0,2,2698,2110,48.1,48.1
2025-02-21,401722021,Wagner Seahawks,Stonehill Skyhawks,63,57,0,2,2681,284,44.4,36.5
2025-02-21,401725600,Florida Atlantic Owls,Wichita State Shockers,68,75,0,2,2226,2724,41.0,49.1
2025-02-21,401727923,Radford Highlanders,UNC Asheville Bulldogs,77,53,0,2,2515,2427,48.1,32.6
2025-02-22,401700242,Middle Tennessee Blue Raiders,Sam Houston Bearkats,74,70,0,2,2393,2534,44.8,48.1
2025-02-22,401700243,Liberty Flames,Florida International Panthers,58,45,0,2,2335,2229,42.6,37.0
2025-02-22,401700244,Kennesaw State Owls,New Mexico State Aggies,49,60,0,2,338,166,32.6,37.5
2025-02-22,401700245,Jacksonville State Gamecocks,UTEP Miners,73,65,0,2,55,2638,41.7,41.1
2025-02-22,401700371,Morehead State Eagles,Eastern Illinois Panthers,62,67,0,2,2413,2197,38.5,44.0
2025-02-22,401700372,Southeast Missouri State Redhawks,Lindenwood Lions,74,58,0,2,2546,2815,49.1,33.3
2025-02-22,401700373,Little Rock Trojans,Western Illinois Leathernecks,75,61,0,2,2031,2710,48.5,43.1
2025-02-22,401700375,Tennessee Tech Golden Eagles,Tennessee State Tigers,77,74,0,2,2635,2634,39.7,49.2
2025-02-22,401706269,Marist Red Foxes,Canisius Golden Griffins,89,81,0,2,2368,2099,56.4,61.7
2025-02-22,401706270,Rider Broncs,Fairfield Stags,49,69,0,2,2520,2217,32.7,58.3
2025-02-22,401706271,Merrimack Warriors,Sacred Heart Pioneers,59,60,0,2,2771,2529,36.7,39.7
2025-02-22,401706272,Mount St. Mary's Mountaineers,Saint Peter's Peacocks,69,58,0,2,116,2612,42.4,31.6
2025-02-22,401706273,Siena Saints,Niagara Purple Eagles,94,60,0,2,2561,315,56.4,42.3
2025-02-22,401706379,Ohio Bobcats,Akron Zips,84,67,0,2,195,2006,46.9,44.3
2025-02-22,401706381,Ball State Cardinals,Buffalo Bulls,80,66,0,2,2050,2084,43.6,40.0
2025-02-22,401706382,Western Michigan Broncos,Central Michigan Chippewas,57,86,0,2,2711,2117,35.6,52.5
2025-02-22,401706383,Northern Illinois Huskies,Eastern Michigan Eagles,76,79,0,2,2459,2199,45.5,42.0
2025-02-22,401706384,Miami (OH) RedHawks,Kent State Golden Flashes,96,92,0,2,193,2309,50.9,53.3
2025-02-22,401706484,Chattanooga Mocs,The Citadel Bulldogs,76,75,0,2,236,2643,45.0,53.1
2025-02-22,401706485,Wofford Terriers,East Tennessee State Buccaneers,68,73,0,2,2747,2193,39.6,52.4
2025-02-22,401706486,Furman Paladins,VMI Keydets,75,71,0,2,231,2678,47.2,41.8
2025-02-22,401706487,Samford Bulldogs,Western Carolina Catamounts,93,72,0,2,2535,2717,42.4,51.0
2025-02-22,401706488,Mercer Bears,UNC Greensboro Spartans,61,78,0,2,2382,2430,33.3,41.8
2025-02-22,401706560,North Dakota Fighting Hawks,North Dakota State Bison,79,77,0,2,155,2449,50.8,48.3
2025-02-22,401706624,Utah Valley Wolverines,Seattle U Redhawks,61,55,0,2,3084,2547,35.4,33.3
2025-02-22,401706748,San Diego Toreros,Oregon State Beavers,73,83,0,2,301,204,45.9,40.7
2025-02-22,401706750,Washington State Cougars,Santa Clara Broncos,79,109,0,2,265,2541,50.9,54.2
2025-02-22,401708404,Alabama Crimson Tide,Kentucky Wildcats,96,83,0,2,333,96,52.5,42.6
2025-02-22,401708406,Auburn Tigers,Georgia Bulldogs,82,70,0,2,2,61,42.9,38.6
2025-02-22,401708407,LSU Tigers,Florida Gators,65,79,0,2,99,57,38.1,44.3
2025-02-22,401708409,Texas A&M Aggies,Tennessee Volunteers,69,77,0,2,245,2633,39.0,42.6
2025-02-22,401708410,Vanderbilt Commodores,Ole Miss Rebels,77,72,0,2,238,145,46.2,41.7
2025-02-22,401708411,Oklahoma Sooners,Mississippi State Bulldogs,93,87,0,2,201,344,52.7,39.7
2025-02-22,401714286,North Carolina A&T Aggies,Stony Brook Seawolves,73,72,0,2,2448,2619,44.8,37.7
2025-02-22,401714287,Delaware Blue Hens,Hofstra Pride,65,78,0,2,48,2275,47.2,52.6
2025-02-22,401714288,Campbell Fighting Camels,Towson Tigers,67,76,0,2,2097,119,40.7,51.0
2025-02-22,401714290,Hampton Pirates,UNC Wilmington Seahawks,83,70,0,2,2261,350,52.8,44.1
2025-02-22,401714291,Drexel Dragons,Charleston Cougars,64,55,0,2,2182,232,43.4,37.0
2025-02-22,401714384,UC Davis Aggies,Cal State Northridge Matadors,62,65,0,2,302,2463,38.6,50.0
2025-02-22,401714387,Cal Poly Mustangs,UC Riverside Highlanders,112,100,0,2,13,27,54.2,42.5
2025-02-22,401714487,Robert Morris Colonials,Green Bay Phoenix,94,85,0,2,2523,2739,53.8,45.8
2025-02-22,401714488,Youngstown State Penguins,Milwaukee Panthers,74,84,0,2,2754,270,49.0,48.3
2025-02-22,401714489,Wright State Raiders,Northern Kentucky Norse,76,80,0,2,2750,94,55.0,53.6
2025-02-22,401714490,Purdue Fort Wayne Mastodons,Oakland Golden Grizzlies,80,66,0,2,2870,2473,48.3,45.8
2025-02-22,401714491,Detroit Mercy Titans,Cleveland State Vikings,65,73,0,2,2174,325,42.3,40.4
2025-02-22,401714613,Arkansas State Red Wolves,UL Monroe Warhawks,95,70,0,2,2032,2433,55.1,42.6
2025-02-22,401714614,Texas State Bobcats,South Alabama Jaguars,93,92,0,2,326,6,52.3,50.8
2025-02-22,401714615,Troy Trojans,Coastal Carolina Chanticleers,83,66,0,2,2653,324,52.7,41.1
2025-02-22,401714616,James Madison Dukes,Georgia Southern Eagles,78,73,0,2,256,290,37.3,42.6
2025-02-22,401714618,App State Mountaineers,Marshall Thundering Herd,59,69,0,2,2026,276,36.7,48.2
2025-02-22,401715978,Houston Christian Huskies,Lamar Cardinals,58,66,0,2,2277,2320,35.3,49.1
2025-02-22,401716078,SE Louisiana Lions,East Texas A&M Lions,83,65,0,2,2545,2837,51.8,46.0
2025-02-22,401716131,Incarnate Word Cardinals,Stephen F. Austin Lumberjacks,63,61,0,2,2916,2617,49.0,38.6
2025-02-22,401718489,Northern Arizona Lumberjacks,Eastern Washington Eagles,87,67,0,2,2464,331,61.8,46.4
2025-02-22,401719154,Villanova Wildcats,Marquette Golden Eagles,81,66,0,2,222,269,45.3,42.1
2025-02-22,401719669,Weber State Wildcats,Portland State Vikings,60,58,0,2,2692,2502,41.1,41.8
2025-02-22,401720725,McNeese Cowboys,Texas A&M-Corpus Christi Islanders,73,57,0,2,2377,357,47.5,44.0
2025-02-22,401720742,LSU New Orleans Privateers,Northwestern State Demons,66,73,0,2,2443,2466,36.5,51.0
2025-02-22,401720851,Vermont Catamounts,UMass Lowell River Hawks,85,61,0,2,261,2349,57.9,37.0
2025-02-22,401720853,Binghamton Bearcats,Maine Black Bears,71,69,0,2,2066,311,49.1,39.7
2025-02-22,401720854,UMBC Retrievers,NJIT Highlanders,95,91,0,2,2378,2885,49.3,51.6
2025-02-22,401720963,Pennsylvania Quakers,Dartmouth Big Green,88,75,0,2,219,159,45.7,35.4
2025-02-22,401721105,Central Connecticut Blue Devils,Stonehill Skyhawks,67,41,0,2,2115,284,39.7,31.4
2025-02-22,401721127,Chicago State Cougars,Wagner Seahawks,52,64,0,2,2130,2681,40.4,48.8
2025-02-22,401721148,Saint Francis Red Wolves,Fairleigh Dickinson Knights,85,80,0,2,2598,161,50.0,37.5
2025-02-22,401721168,Le Moyne Dolphins,Long Island University Sharks,61,76,0,2,2330,112358,44.7,44.3
2025-02-22,401721217,Nicholls Colonels,UT Rio Grande Valley Vaqueros,93,84,0,2,2447,292,50.8,45.3
2025-02-22,401721248,Alabama A&M Bulldogs,Bethune-Cookman Wildcats,64,68,0,2,2010,2065,33.8,46.2
2025-02-22,401721299,Jackson State Tigers,Alcorn State Braves,71,63,0,2,2296,2016,54.9,38.6
2025-02-22,401721444,Michigan Wolverines,Michigan State Spartans,62,75,0,2,130,127,46.0,45.9
2025-02-22,401721445,Iowa Hawkeyes,Washington Huskies,85,79,0,2,2294,264,47.3,52.9
2025-02-22,401721446,Minnesota Golden Gophers,Penn State Nittany Lions,60,69,0,2,135,213,33.9,45.7
2025-02-22,401721447,Wisconsin Badgers,Oregon Ducks,73,77,0,2,275,2483,46.2,41.7
2025-02-22,401721745,Princeton Tigers,Harvard Crimson,76,71,0,2,163,108,58.8,50.0
2025-02-22,401721746,Yale Bulldogs,Cornell Big Red,92,88,0,2,43,172,49.2,41.2
2025-02-22,401721747,Brown Bears,Columbia Lions,86,61,0,2,225,171,50.0,35.0
2025-02-22,401721748,Pennsylvania Quakers,Harvard Crimson,78,79,0,2,219,108,50.8,45.0
2025-02-22,401721749,Brown Bears,Cornell Big Red,81,85,0,2,225,172,47.8,39.4
2025-02-22,401721914,Lafayette Leopards,Lehigh Mountain Hawks,78,70,0,2,322,2329,45.6,45.6
2025-02-22,401721915,American University Eagles,Boston University Terriers,48,44,0,2,44,104,32.1,34.7
2025-02-22,401722063,Alabama State Hornets,Florida A&M Rattlers,60,59,0,2,2011,50,31.3,44.9
2025-02-22,401722115,Texas Southern Tigers,Mississippi Valley State Delta Devils,79,38,0,2,2640,2400,45.1,23.6
2025-02-22,401722132,Prairie View A&M Panthers,Arkansas-Pine Bluff Golden Lions,64,75,0,2,2504,2029,45.0,58.5
2025-02-22,401722147,Grambling Tigers,Southern Jaguars,64,71,0,2,2755,2582,41.7,42.6
2025-02-22,401722209,Air Force Falcons,Fresno State Bulldogs,72,69,0,2,2005,278,39.7,48.2
2025-02-22,401722253,Nevada Wolf Pack,Boise State Broncos,69,70,0,2,2440,68,51.9,46.3
2025-02-22,401722380,Wyoming Cowboys,San José State Spartans,73,82,0,2,2751,23,47.3,48.3
2025-02-22,401722540,UIC Flames,Evansville Purple Aces,82,77,0,2,82,339,40.6,46.7
2025-02-22,401722542,Belmont Bruins,Indiana State Sycamores,77,75,0,2,2057,282,40.7,38.9
2025-02-22,401722543,Bradley Braves,Murray State Racers,85,83,0,2,71,93,45.5,40.0
2025-02-22,401723699,Coppin State Eagles,Norfolk State Spartans,63,79,0,2,2154,2450,38.3,47.2
2025-02-22,401723720,Delaware State Hornets,South Carolina State Bulldogs,88,94,0,2,2169,2569,52.7,53.7
2025-02-22,401723758,Morgan State Bears,Howard Bison,81,87,0,2,2415,47,38.7,50.0
2025-02-22,401724439,Loyola Chicago Ramblers,Dayton Flyers,76,72,0,2,2350,2168,50.0,38.7
2025-02-22,401724440,Saint Joseph's Hawks,Richmond Spiders,78,62,0,2,2603,257,54.9,37.9
2025-02-22,401724441,Saint Louis Billikens,Rhode Island Rams,81,66,0,2,139,227,43.5,46.0
2025-02-22,401724442,Fordham Rams,Davidson Wildcats,69,80,0,2,2230,2166,42.2,48.3
2025-02-22,401724443,St. Bonaventure Bonnies,Duquesne Dukes,70,63,0,2,179,2184,50.0,36.4
2025-02-22,401724444,VCU Rams,George Mason Patriots,70,54,0,2,2670,2244,38.9,35.4
2025-02-22,401724445,George Washington Revolutionaries,Massachusetts Minutemen,74,52,0,2,45,113,48.2,33.9
2025-02-22,401724886,Boston College Eagles,Georgia Tech Yellow Jackets,69,54,0,2,103,59,42.1,32.1
2025-02-22,401724887,SMU Mustangs,Clemson Tigers,69,79,0,2,2567,228,43.9,49.1
2025-02-22,401724888,North Carolina Tar Heels,Virginia Cavaliers,81,66,0,2,153,258,48.2,45.3
2025-02-22,401724889,Miami Hurricanes,Virginia Tech Hokies,68,81,0,2,2390,259,46.2,52.5
2025-02-22,401724891,Louisville Cardinals,Florida State Seminoles,89,81,0,2,97,52,50.0,54.2
2025-02-22,401724892,Notre Dame Fighting Irish,Pittsburgh Panthers,76,72,0,2,87,221,56.3,50.9
2025-02-22,401724893,NC State Wolfpack,Wake Forest Demon Deacons,85,73,0,2,152,154,50.0,41.5
2025-02-22,401725601,Rice Owls,Tulsa Golden Hurricane,71,50,0,2,242,202,44.8,37.0
2025-02-22,401725751,Houston Cougars,Iowa State Cyclones,68,59,0,2,248,66,53.2,39.1
2025-02-22,401725752,Kansas Jayhawks,Oklahoma State Cowboys,96,64,0,2,2305,197,52.1,36.7
2025-02-22,401725753,Cincinnati Bearcats,TCU Horned Frogs,75,63,0,2,2132,2628,45.9,40.9
2025-02-22,401725754,Colorado Buffaloes,Baylor Bears,76,74,0,2,38,239,48.9,36.2
2025-02-22,401725755,Texas Tech Red Raiders,West Virginia Mountaineers,73,51,0,2,2641,277,46.4,32.8
2025-02-22,401727301,Iona Gaels,Manhattan Jaspers,65,60,0,2,314,2363,38.5,30.2
2025-02-22,401727924,Charleston Southern Buccaneers,South Carolina Upstate Spartans,69,79,0,2,2127,2908,37.9,52.5
2025-02-22,401727925,Gardner-Webb Runnin' Bulldogs,High Point Panthers,67,90,0,2,2241,2272,41.2,50.8
2025-02-22,401727926,UNC Asheville Bulldogs,Longwood Lancers,87,82,0,2,2427,2344,54.2,50.0
2025-02-22,401727927,Radford Highlanders,Presbyterian Blue Hose,73,80,0,2,2515,2506,51.0,45.1
2025-02-23,401700241,Western Kentucky Hilltoppers,Louisiana Tech Bulldogs,64,63,0,2,98,2348,45.6,37.2
2025-02-23,401700374,Southern Indiana Screaming Eagles,SIU Edwardsville Cougars,82,68,0,2,88,2565,46.7,38.3
2025-02-23,401706274,Iona Gaels,Merrimack Warriors,70,77,0,2,314,2771,35.7,44.6
2025-02-23,401706275,Saint Peter's Peacocks,Sacred Heart Pioneers,85,79,0,2,2612,2529,43.3,40.6
2025-02-23,401706276,Marist Red Foxes,Niagara Purple Eagles,64,61,0,2,2368,315,38.3,42.6
2025-02-23,401706277,Mount St. Mary's Mountaineers,Rider Broncs,79,72,0,2,116,2520,43.9,38.7
2025-02-23,401706278,Manhattan Jaspers,Quinnipiac Bobcats,71,74,0,2,2363,2514,44.1,42.9
2025-02-23,401706279,Siena Saints,Canisius Golden Griffins,88,93,0,2,2561,2099,46.0,55.6
2025-02-23,401706559,South Dakota State Jackrabbits,Kansas City Roos,70,65,0,2,2571,140,45.5,44.8
2025-02-23,401706561,Oral Roberts Golden Eagles,St. Thomas Tommies,71,66,0,2,198,2900,36.2,40.0
2025-02-23,401706562,Omaha Mavericks,South Dakota Coyotes,93,85,0,2,2437,233,49.2,42.2
2025-02-23,401706623,Grand Canyon Lopes,California Baptist Lancers,66,64,0,2,2253,2856,42.1,43.4
2025-02-23,401706625,Abilene Christian Wildcats,Utah Tech Trailblazers,80,72,0,2,2000,3101,50.8,40.7
2025-02-23,401706626,UT Arlington Mavericks,Tarleton State Texans,67,57,0,2,250,2627,41.5,36.8
2025-02-23,401706747,Pacific Tigers,Portland Pilots,73,81,0,2,279,2501,45.5,51.7
2025-02-23,401706749,Gonzaga Bulldogs,Saint Mary's Gaels,67,74,0,2,2250,2608,48.2,44.3
2025-02-23,401706751,Loyola Marymount Lions,Pepperdine Waves,93,82,0,2,2351,2492,51.5,47.7
2025-02-23,401707856,Illinois Fighting Illini,Duke Blue Devils,67,110,1,2,356,150,37.7,55.6
2025-02-23,401708405,Arkansas Razorbacks,Missouri Tigers,92,85,0,2,8,142,54.7,44.1
2025-02-23,401708408,South Carolina Gamecocks,Texas Longhorns,84,69,0,2,2579,251,43.1,40.4
2025-02-23,401709994,Long Beach State Beach,UC Santa Barbara Gauchos,56,58,0,2,299,2540,32.7,30.9
2025-02-23,401714289,Elon Phoenix,William & Mary Tribe,70,79,0,2,2210,2729,46.0,44.4
2025-02-23,401714385,UC San Diego Tritons,Hawai'i Rainbow Warriors,83,44,0,2,28,62,50.9,26.8
2025-02-23,401714386,Cal State Bakersfield Roadrunners,UC Irvine Anteaters,64,73,0,2,2934,300,42.4,42.1
2025-02-23,401714492,Youngstown State Penguins,Green Bay Phoenix,81,77,0,2,2754,2739,49.1,45.8
2025-02-23,401714493,Robert Morris Colonials,Milwaukee Panthers,72,59,0,2,2523,270,46.4,34.9
2025-02-23,401714494,Northern Kentucky Norse,IU Indianapolis Jaguars,71,67,0,2,94,85,44.4,40.4
2025-02-23,401714495,Oakland Golden Grizzlies,Cleveland State Vikings,91,86,0,2,2473,325,45.9,44.6
2025-02-23,401714612,Southern Miss Golden Eagles,Louisiana Ragin' Cajuns,60,62,0,2,2572,309,45.5,37.7
2025-02-23,401714617,Old Dominion Monarchs,Georgia State Panthers,70,76,0,2,295,2247,34.1,47.5
2025-02-23,401719155,DePaul Blue Demons,Butler Bulldogs,72,84,0,2,305,2086,42.6,51.7
2025-02-23,401719156,St. John's Red Storm,UConn Huskies,89,75,0,2,2599,41,46.9,39.0
2025-02-23,401719157,Seton Hall Pirates,Xavier Musketeers,66,73,0,2,2550,2752,41.8,48.8
2025-02-23,401719158,Creighton Bluejays,Georgetown Hoyas,80,69,0,2,156,46,41.8,38.5
2025-02-23,401719391,Northern Colorado Bears,Idaho Vandals,92,74,0,2,2458,70,63.2,50.0
2025-02-23,401720852,UAlbany Great Danes,New Hampshire Wildcats,60,71,0,2,399,160,32.1,44.8
2025-02-23,401720935,Montana State Bobcats,Montana Grizzlies,85,89,0,2,147,149,53.6,54.5
2025-02-23,401720936,Idaho State Bengals,Sacramento State Hornets,83,66,0,2,304,16,55.4,45.1
2025-02-23,401720964,Princeton Tigers,Dartmouth Big Green,61,76,0,2,163,159,34.3,47.5
2025-02-23,401721448,Indiana Hoosiers,Purdue Boilermakers,73,58,0,2,84,2509,51.9,42.6
2025-02-23,401721449,Rutgers Scarlet Knights,USC Trojans,95,85,0,2,164,30,55.6,51.5
2025-02-23,401721450,UCLA Bruins,Ohio State Buckeyes,69,61,0,2,26,194,40.4,31.7
2025-02-23,401721750,Yale Bulldogs,Columbia Lions,90,64,0,2,43,171,53.5,39.7
2025-02-23,401721916,Loyola Maryland Greyhounds,Colgate Raiders,84,65,0,2,2352,2142,50.8,44.6
2025-02-23,401721917,Navy Midshipmen,Holy Cross Crusaders,83,77,0,2,2426,107,46.4,43.5
2025-02-23,401721918,Bucknell Bison,Army Black Knights,84,53,0,2,2083,349,56.9,38.9
2025-02-23,401722360,Utah State Aggies,San Diego State Aztecs,79,71,0,2,328,21,41.2,44.2
2025-02-23,401722541,Missouri State Bears,Illinois State Redbirds,68,70,0,2,2623,2287,42.3,51.9
2025-02-23,401722544,Southern Illinois Salukis,Valparaiso Beacons,79,83,0,2,79,2674,48.4,41.4
2025-02-23,401722545,Northern Iowa Panthers,Drake Bulldogs,58,64,0,2,2460,2181,36.5,39.7
2025-02-23,401724890,Stanford Cardinal,California Golden Bears,66,61,0,2,24,25,37.3,34.5
2025-02-23,401725602,UAB Blazers,Temple Owls,80,64,0,2,5,218,43.7,41.7
2025-02-23,401725603,South Florida Bulls,North Texas Mean Green,57,64,0,2,58,249,34.5,45.1
2025-02-23,401725604,East Carolina Pirates,UTSA Roadrunners,96,89,0,2,151,2636,52.6,47.0
2025-02-23,401725605,Wichita State Shockers,Tulane Green Wave,78,67,0,2,2724,2655,50.0,45.0
2025-02-23,401725606,Memphis Tigers,Florida Atlantic Owls,84,65,0,2,235,2226,47.1,42.6
2025-02-23,401725750,Arizona Wildcats,BYU Cougars,95,96,0,2,12,252,54.2,55.4
2025-02-23,401725756,Kansas State Wildcats,Arizona State Sun Devils,54,66,0,2,2306,9,33.3,46.3
2025-02-23,401725757,UCF Knights,Utah Utes,76,72,0,2,2116,254,44.6,50.9
2025-02-23,401728314,UNLV Rebels,Colorado State Rams,53,61,0,2,2439,36,42.0,42.3
2025-02-24,401714283,William & Mary Tribe,UNC Wilmington Seahawks,70,79,0,2,2729,350,43.3,49.2
2025-02-24,401760143,Hampton Pirates,Stony Brook Seawolves,81,49,0,2,2261,2619,48.5,39.5
2025-02-25,401706386,Eastern Michigan Eagles,Bowling Green Falcons,60,65,0,2,2199,189,41.3,46.0
2025-02-25,401711614,Austin Peay Governors,Lipscomb Bisons,78,95,0,2,2046,288,50.0,60.4
2025-02-25,401711631,Jacksonville Dolphins,Eastern Kentucky Colonels,59,55,0,2,294,2198,39.2,35.0
2025-02-25,401711648,Florida Gulf Coast Eagles,North Florida Ospreys,86,82,0,2,526,2454,52.3,39.7
2025-02-25,401711700,Central Arkansas Bears,North Alabama Lions,70,93,0,2,2110,2453,44.6,58.5
2025-02-25,401711721,West Georgia Wolves,Queens University Royals,57,72,0,2,2698,2511,36.8,38.6
2025-02-25,401714285,Monmouth Hawks,Northeastern Huskies,78,73,0,2,2405,111,47.4,43.3
2025-02-25,401715979,Houston Christian Huskies,Stephen F. Austin Lumberjacks,72,56,0,2,2277,2617,49.1,36.1
2025-02-25,401716079,SE Louisiana Lions,Northwestern State Demons,69,72,0,2,2545,2466,42.3,51.1
2025-02-25,401716132,Incarnate Word Cardinals,Lamar Cardinals,73,61,0,2,2916,2320,51.1,39.3
2025-02-25,401720726,McNeese Cowboys,UT Rio Grande Valley Vaqueros,100,65,0,2,2377,292,52.8,41.9
2025-02-25,401720743,LSU New Orleans Privateers,East Texas A&M Lions,71,73,0,2,2443,2837,43.1,40.0
2025-02-25,401720763,Nicholls Colonels,Texas A&M-Corpus Christi Islanders,71,69,0,2,2447,357,44.4,48.0
2025-02-25,401721249,Alabama A&M Bulldogs,Florida A&M Rattlers,77,66,0,2,2010,50,44.2,41.3
2025-02-25,401721451,Nebraska Cornhuskers,Michigan Wolverines,46,49,0,2,158,130,25.8,29.5
2025-02-25,401721979,Stetson Hatters,Bellarmine Knights,69,67,0,2,56,91,49.0,43.6
2025-02-25,401722049,Alabama State Hornets,Bethune-Cookman Wildcats,68,70,0,2,2011,2065,39.1,51.1
2025-02-25,401722116,Prairie View A&M Panthers,Mississippi Valley State Delta Devils,64,56,0,2,2504,2400,46.4,46.5
2025-02-25,401723700,Coppin State Eagles,Howard Bison,72,61,0,2,2154,47,43.9,33.9
2025-02-25,401723721,Delaware State Hornets,North Carolina Central Eagles,86,84,0,2,2169,2428,48.3,45.9
2025-02-25,401723740,Maryland Eastern Shore Hawks,South Carolina State Bulldogs,68,81,0,2,2379,2569,41.1,49.0
2025-02-25,401723746,Norfolk State Spartans,Morgan State Bears,69,60,0,2,2450,2415,38.9,34.4
2025-02-25,401724716,Texas Southern Tigers,Arkansas-Pine Bluff Golden Lions,81,56,0,2,2640,2029,42.6,35.7
2025-02-25,401724894,Florida State Seminoles,North Carolina Tar Heels,85,96,0,2,52,153,54.0,55.2
2025-02-25,401725758,Texas Tech Red Raiders,Houston Cougars,61,69,0,2,2641,248,29.8,44.9
2025-02-25,401725759,Colorado Buffaloes,Kansas Jayhawks,64,71,0,2,38,2305,38.2,49.1
2025-02-26,401700376,Western Illinois Leathernecks,Lindenwood Lions,86,81,0,2,2710,2815,50.0,40.3
2025-02-26,401706385,Ball State Cardinals,Akron Zips,82,87,0,2,2050,2006,45.9,50.7
2025-02-26,401706387,Central Michigan Chippewas,Buffalo Bulls,73,69,0,2,2117,2084,47.5,40.0
2025-02-26,401706388,Miami (OH) RedHawks,Northern Illinois Huskies,87,58,0,2,193,2459,53.3,37.3
2025-02-26,401706389,Western Michigan Broncos,Ohio Bobcats,82,73,0,2,2711,195,50.8,41.8
2025-02-26,401706390,Kent State Golden Flashes,Toledo Rockets,105,65,0,2,2309,2649,58.9,42.1
2025-02-26,401706490,East Tennessee State Buccaneers,Mercer Bears,59,58,0,2,2193,2382,36.7,38.6
2025-02-26,401706752,Santa Clara Broncos,Gonzaga Bulldogs,76,95,0,2,2541,2250,40.0,57.8
2025-02-26,401708412,Missouri Tigers,South Carolina Gamecocks,101,71,0,2,142,2579,63.5,43.6
2025-02-26,401708413,Alabama Crimson Tide,Mississippi State Bulldogs,111,73,0,2,333,344,52.1,38.4
2025-02-26,401708416,Georgia Bulldogs,Florida Gators,88,83,0,2,61,57,53.8,40.9
2025-02-26,401708417,LSU Tigers,Tennessee Volunteers,59,65,0,2,99,2633,41.2,41.1
2025-02-26,401714619,Texas State Bobcats,Troy Trojans,69,74,0,2,326,2653,40.8,37.9
2025-02-26,401714620,Georgia Southern Eagles,App State Mountaineers,61,59,0,2,290,2026,43.1,36.7
2025-02-26,401714621,UL Monroe Warhawks,James Madison Dukes,79,85,0,2,2433,256,38.8,40.6
2025-02-26,401714622,Marshall Thundering Herd,Old Dominion Monarchs,83,66,0,2,276,295,57.7,40.0
2025-02-26,401719159,Marquette Golden Eagles,Providence Friars,82,52,0,2,269,2507,44.3,33.9
2025-02-26,401719160,UConn Huskies,Georgetown Hoyas,93,79,0,2,41,46,55.9,51.8
2025-02-26,401721452,Illinois Fighting Illini,Iowa Hawkeyes,81,61,0,2,356,2294,50.8,42.1
2025-02-26,401721453,Minnesota Golden Gophers,Northwestern Wildcats,63,75,0,2,135,77,42.1,49.1
2025-02-26,401721454,Wisconsin Badgers,Washington Huskies,88,62,0,2,275,264,51.6,44.8
2025-02-26,401721456,Maryland Terrapins,Michigan State Spartans,55,58,0,2,120,127,31.3,33.8
2025-02-26,401721920,Lehigh Mountain Hawks,Boston University Terriers,68,79,0,2,2329,104,47.6,44.4
2025-02-26,401722210,Air Force Falcons,Colorado State Rams,55,77,0,2,2005,36,42.2,50.9
2025-02-26,401722254,Nevada Wolf Pack,Wyoming Cowboys,84,61,0,2,2440,2751,53.1,39.7
2025-02-26,401722361,San Diego State Aztecs,New Mexico Lobos,73,65,0,2,21,167,48.1,34.4
2025-02-26,401722381,San José State Spartans,UNLV Rebels,71,77,0,2,23,2439,41.0,50.9
2025-02-26,401722546,Southern Illinois Salukis,Illinois State Redbirds,88,79,0,2,79,2287,50.0,45.3
2025-02-26,401722547,Murray State Racers,Indiana State Sycamores,85,75,0,2,93,282,44.4,44.8
2025-02-26,401724446,Davidson Wildcats,Saint Louis Billikens,56,57,0,2,2166,139,37.9,41.8
2025-02-26,401724447,Richmond Spiders,VCU Rams,60,78,0,2,257,2670,44.4,56.0
2025-02-26,401724450,La Salle Explorers,Duquesne Dukes,62,67,0,2,2325,2184,32.1,52.2
2025-02-26,401724895,Miami Hurricanes,Duke Blue Devils,60,97,0,2,2390,150,39.1,56.1
2025-02-26,401724896,Pittsburgh Panthers,Georgia Tech Yellow Jackets,67,73,0,2,221,59,36.8,40.8
2025-02-26,401724897,Virginia Tech Hokies,Louisville Cardinals,66,71,0,2,259,97,43.1,45.2
2025-02-26,401725760,Oklahoma State Cowboys,Iowa State Cyclones,74,68,0,2,197,66,42.4,41.4
2025-02-26,401725761,West Virginia Mountaineers,TCU Horned Frogs,73,55,0,2,277,2628,51.9,39.2
2025-02-26,401725762,Cincinnati Bearcats,Baylor Bears,69,67,0,2,2132,239,46.3,47.3
2025-02-26,401727354,Lafayette Leopards,Army Black Knights,81,65,0,2,322,349,47.2,31.8
2025-02-26,401727931,UNC Asheville Bulldogs,Presbyterian Blue Hose,59,64,0,2,2427,2506,33.8,46.8
2025-02-27,401706489,Furman Paladins,The Citadel Bulldogs,85,42,0,2,231,2643,52.5,25.0
2025-02-27,401706491,Western Carolina Catamounts,Wofford Terriers,67,90,0,2,2717,2747,40.0,47.1
2025-02-27,401706492,VMI Keydets,Samford Bulldogs,83,95,0,2,2678,2535,46.0,47.7
2025-02-27,401706563,North Dakota State Bison,South Dakota Coyotes,82,78,0,2,2449,233,43.5,43.5
2025-02-27,401706753,Oregon State Beavers,San Francisco Dons,72,74,0,2,204,2539,52.0,45.6
2025-02-27,401708414,Arkansas Razorbacks,Texas Longhorns,86,81,0,2,8,251,46.6,42.3
2025-02-27,401708415,Auburn Tigers,Ole Miss Rebels,106,76,0,2,2,145,59.6,47.1
2025-02-27,401708418,Texas A&M Aggies,Vanderbilt Commodores,84,86,0,2,245,238,37.1,41.4
2025-02-27,401708419,Oklahoma Sooners,Kentucky Wildcats,82,83,0,2,201,96,52.6,50.0
2025-02-27,401711615,West Georgia Wolves,Austin Peay Governors,73,70,0,2,2698,2046,40.6,43.9
2025-02-27,401711632,North Florida Ospreys,Eastern Kentucky Colonels,81,86,0,2,2454,2198,47.5,52.3
2025-02-27,401711649,Florida Gulf Coast Eagles,Bellarmine Knights,80,61,0,2,526,91,49.2,45.3
2025-02-27,401711664,Jacksonville Dolphins,Stetson Hatters,79,72,0,2,294,56,44.4,48.2
2025-02-27,401711678,Lipscomb Bisons,Central Arkansas Bears,78,60,0,2,288,2110,44.8,43.4
2025-02-27,401711701,North Alabama Lions,Queens University Royals,74,69,0,2,2453,2511,46.8,43.5
2025-02-27,401714500,IU Indianapolis Jaguars,Robert Morris Colonials,68,82,0,2,85,2523,40.0,57.4
2025-02-27,401714623,Louisiana Ragin' Cajuns,Arkansas State Red Wolves,64,83,0,2,309,2032,34.4,36.8
2025-02-27,401714624,Southern Miss Golden Eagles,South Alabama Jaguars,82,88,0,2,2572,6,50.9,46.8
2025-02-27,401714625,Coastal Carolina Chanticleers,Georgia State Panthers,80,74,0,2,324,2247,47.5,38.2
2025-02-27,401719161,Butler Bulldogs,St. John's Red Storm,70,76,0,2,2086,2599,39.3,49.2
2025-02-27,401719162,Seton Hall Pirates,Villanova Wildcats,54,59,0,2,2550,222,36.4,40.5
2025-02-27,401719163,Creighton Bluejays,DePaul Blue Demons,75,65,0,2,156,305,51.8,44.6
2025-02-27,401720856,UMBC Retrievers,UAlbany Great Danes,74,78,0,2,2378,399,44.8,45.9
2025-02-27,401720857,UMass Lowell River Hawks,Bryant Bulldogs,78,79,0,2,2349,2803,46.9,41.8
2025-02-27,401721455,Indiana Hoosiers,Penn State Nittany Lions,83,78,0,2,84,213,56.9,52.9
2025-02-27,401721457,USC Trojans,Ohio State Buckeyes,82,87,0,2,30,194,60.0,54.0
2025-02-27,401721919,American University Eagles,Navy Midshipmen,60,68,0,2,44,2426,37.5,46.7
2025-02-27,401721921,Colgate Raiders,Holy Cross Crusaders,81,73,0,2,2142,107,50.0,49.2
2025-02-27,401721922,Loyola Maryland Greyhounds,Bucknell Bison,67,70,0,2,2352,2083,45.0,49.1
2025-02-27,401722548,Missouri State Bears,Belmont Bruins,65,74,0,2,2623,2057,44.0,47.4
2025-02-27,401722549,Valparaiso Beacons,Bradley Braves,65,76,0,2,2674,71,44.6,50.0
2025-02-27,401722550,Evansville Purple Aces,Drake Bulldogs,61,65,0,2,339,2181,46.8,40.7
2025-02-27,401722551,Northern Iowa Panthers,UIC Flames,74,52,0,2,2460,82,52.6,37.0
2025-02-27,401723739,Maryland Eastern Shore Hawks,North Carolina Central Eagles,68,59,0,2,2379,2428,43.4,35.9
2025-02-27,401724448,Saint Joseph's Hawks,St. Bonaventure Bonnies,75,64,0,2,2603,179,47.5,41.5
2025-02-27,401724449,Rhode Island Rams,Dayton Flyers,77,85,0,2,227,2168,49.1,49.1
2025-02-27,401724451,George Mason Patriots,Fordham Rams,74,64,0,2,2244,2230,41.2,33.9
2025-02-27,401724452,Loyola Chicago Ramblers,George Washington Revolutionaries,77,57,0,2,2350,45,52.6,37.0
2025-02-27,401724898,Clemson Tigers,Notre Dame Fighting Irish,83,68,0,2,228,87,47.6,44.9
2025-02-27,401724899,Syracuse Orange,NC State Wolfpack,74,60,0,2,183,152,58.3,34.4
2025-02-27,401724900,Stanford Cardinal,Boston College Eagles,78,60,0,2,24,103,47.5,39.7
2025-02-27,401724901,Wake Forest Demon Deacons,Virginia Cavaliers,75,83,0,2,154,258,55.6,55.8
2025-02-27,401724902,California Golden Bears,SMU Mustangs,77,81,0,2,25,2567,39.1,55.6
2025-02-27,401725607,Tulane Green Wave,Charlotte 49ers,78,64,0,2,2655,2429,58.3,36.8
2025-02-27,401725608,Temple Owls,South Florida Bulls,73,71,0,2,218,58,44.0,49.1
2025-02-27,401725609,Memphis Tigers,Rice Owls,84,72,0,2,235,242,49.2,41.4
2025-02-27,401725763,Arizona State Sun Devils,BYU Cougars,81,91,0,2,9,252,47.4,54.8
2025-02-27,401725764,Arizona Wildcats,Utah Utes,83,66,0,2,12,254,41.3,33.9
2025-02-27,401725765,UCF Knights,Kansas State Wildcats,80,76,0,2,2116,2306,45.0,41.5
2025-02-27,401727928,Gardner-Webb Runnin' Bulldogs,Radford Highlanders,56,63,0,2,2241,2515,41.4,44.2
2025-02-27,401727929,High Point Panthers,South Carolina Upstate Spartans,88,66,0,2,2272,2908,52.3,33.3
2025-02-27,401728308,Boise State Broncos,Utah State Aggies,82,65,0,2,68,328,48.2,42.3
2025-02-28,401700246,Liberty Flames,Jacksonville State Gamecocks,59,55,0,2,2335,55,42.9,36.8
2025-02-28,401700247,Florida International Panthers,Kennesaw State Owls,76,61,0,2,2229,338,40.0,34.6
2025-02-28,401700248,New Mexico State Aggies,Middle Tennessee Blue Raiders,66,71,0,2,166,2393,37.9,46.9
2025-02-28,401700249,UTEP Miners,Western Kentucky Hilltoppers,73,80,0,2,2638,98,29.5,50.0
2025-02-28,401700377,Eastern Illinois Panthers,Little Rock Trojans,71,60,0,2,2197,2031,43.1,38.5
2025-02-28,401700378,Tennessee State Tigers,Morehead State Eagles,64,55,0,2,2634,2413,47.6,35.4
2025-02-28,401700379,SIU Edwardsville Cougars,Southeast Missouri State Redhawks,68,83,0,2,2565,2546,41.4,53.1
2025-02-28,401700380,UT Martin Skyhawks,Southern Indiana Screaming Eagles,79,63,0,2,2630,88,43.5,36.2
2025-02-28,401700381,Tennessee Tech Golden Eagles,Western Illinois Leathernecks,69,82,0,2,2635,2710,35.8,53.3
2025-02-28,401706392,Eastern Michigan Eagles,Central Michigan Chippewas,84,73,0,2,2199,2117,45.9,44.1
2025-02-28,401706493,UNC Greensboro Spartans,Chattanooga Mocs,63,75,0,2,2430,236,38.9,49.0
2025-02-28,401706564,Kansas City Roos,Denver Pioneers,64,56,0,2,140,2172,40.4,38.0
2025-02-28,401706565,St. Thomas Tommies,North Dakota Fighting Hawks,86,71,0,2,2900,155,54.1,41.2
2025-02-28,401706566,Oral Roberts Golden Eagles,South Dakota State Jackrabbits,69,77,0,2,198,2571,40.4,46.7
2025-02-28,401706627,Seattle U Redhawks,California Baptist Lancers,72,48,0,2,2547,2856,51.0,35.6
2025-02-28,401706628,Grand Canyon Lopes,UT Arlington Mavericks,85,71,0,2,2253,250,47.9,41.0
2025-02-28,401706629,Utah Tech Trailblazers,Southern Utah Thunderbirds,75,82,0,2,3101,253,42.9,45.8
2025-02-28,401706630,Tarleton State Texans,Abilene Christian Wildcats,67,52,0,2,2627,2000,45.5,43.8
2025-02-28,401706754,Loyola Marymount Lions,Saint Mary's Gaels,55,58,0,2,2351,2608,38.9,37.5
2025-02-28,401706755,Portland Pilots,Pepperdine Waves,87,67,0,2,2501,2492,46.3,43.8
2025-02-28,401706756,Washington State Cougars,San Diego Toreros,93,86,0,2,265,301,59.6,44.0
2025-02-28,401709995,Long Beach State Beach,Cal State Bakersfield Roadrunners,87,88,0,2,299,2934,42.4,48.4
2025-02-28,401714292,Stony Brook Seawolves,Hofstra Pride,59,56,0,2,2619,2275,38.2,38.1
2025-02-28,401714293,Charleston Cougars,Delaware Blue Hens,94,84,0,2,232,48,59.6,49.2
2025-02-28,401714294,Towson Tigers,William & Mary Tribe,88,73,0,2,119,2729,44.6,51.0
2025-02-28,401714295,Drexel Dragons,Hampton Pirates,53,52,0,2,2182,2261,43.5,34.4
2025-02-28,401714296,Northeastern Huskies,North Carolina A&T Aggies,69,55,0,2,111,2448,41.9,42.6
2025-02-28,401714297,Monmouth Hawks,Elon Phoenix,79,76,0,2,2405,2210,49.0,45.8
2025-02-28,401714298,Campbell Fighting Camels,UNC Wilmington Seahawks,60,79,0,2,2097,350,44.0,58.0
2025-02-28,401714343,Cal State Fullerton Titans,UC Irvine Anteaters,51,76,0,2,2239,300,32.8,50.0
2025-02-28,401714344,UC Santa Barbara Gauchos,Cal Poly Mustangs,96,77,0,2,2540,13,54.0,42.0
2025-02-28,401714345,Hawai'i Rainbow Warriors,UC Riverside Highlanders,76,82,0,2,62,27,48.4,48.3
2025-02-28,401714346,Cal State Northridge Matadors,UC San Diego Tritons,71,77,0,2,2463,28,45.5,41.9
2025-02-28,401714496,Purdue Fort Wayne Mastodons,Northern Kentucky Norse,74,79,0,2,2870,94,42.4,49.3
2025-02-28,401714497,Green Bay Phoenix,Detroit Mercy Titans,76,71,0,2,2739,2174,37.7,43.1
2025-02-28,401714498,Wright State Raiders,Cleveland State Vikings,82,76,0,2,2750,325,57.1,57.9
2025-02-28,401714499,Milwaukee Panthers,Oakland Golden Grizzlies,71,66,0,2,270,2473,37.9,43.4
2025-02-28,401718490,Eastern Washington Eagles,Weber State Wildcats,64,66,0,2,331,2692,42.5,43.1
2025-02-28,401719670,Portland State Vikings,Montana State Bobcats,69,52,0,2,2502,147,45.9,42.0
2025-02-28,401720657,Idaho Vandals,Idaho State Bengals,65,69,0,2,70,304,35.9,41.5
2025-02-28,401720855,NJIT Highlanders,Vermont Catamounts,61,71,0,2,2885,261,33.3,46.0
2025-02-28,401720858,New Hampshire Wildcats,Maine Black Bears,66,73,0,2,160,311,40.0,46.6
2025-02-28,401720937,Sacramento State Hornets,Montana Grizzlies,54,60,0,2,16,149,37.5,50.0
2025-02-28,401720965,Dartmouth Big Green,Yale Bulldogs,67,72,0,2,159,43,37.7,41.5
2025-02-28,401721106,Central Connecticut Blue Devils,Le Moyne Dolphins,84,75,0,2,2115,2330,54.0,46.7
2025-02-28,401721128,Mercyhurst Lakers,Chicago State Cougars,90,68,0,2,2385,2130,60.4,40.7
2025-02-28,401721149,Fairleigh Dickinson Knights,Stonehill Skyhawks,82,69,0,2,161,284,42.9,42.4
2025-02-28,401721458,Michigan Wolverines,Rutgers Scarlet Knights,84,82,0,2,130,164,53.7,44.8
2025-02-28,401721751,Harvard Crimson,Brown Bears,52,59,0,2,108,225,41.5,41.8
2025-02-28,401722032,Long Island University Sharks,Wagner Seahawks,60,47,0,2,112358,2681,43.2,28.6
2025-02-28,401725610,Florida Atlantic Owls,North Texas Mean Green,61,71,0,2,2226,249,41.7,52.9
2025-02-28,401725611,Wichita State Shockers,UAB Blazers,72,80,0,2,2724,5,46.6,47.5
2025-02-28,401727294,Niagara Purple Eagles,Iona Gaels,63,65,0,2,315,314,40.4,50.0
2025-02-28,401727930,Longwood Lancers,Winthrop Eagles,59,85,0,2,2344,2737,38.0,48.4
2025-03-01,401700250,Sam Houston Bearkats,Louisiana Tech Bulldogs,66,90,0,2,2534,2348,40.0,59.6
2025-03-01,401700251,UTEP Miners,Middle Tennessee Blue Raiders,75,76,0,2,2638,2393,42.2,38.5
2025-03-01,401700252,New Mexico State Aggies,Western Kentucky Hilltoppers,65,47,0,2,166,98,37.3,26.9
2025-03-01,401700253,Florida International Panthers,Jacksonville State Gamecocks,79,84,0,2,2229,55,41.4,39.1
2025-03-01,401700382,Eastern Illinois Panthers,Southeast Missouri State Redhawks,73,58,0,2,2197,2546,41.4,34.6
2025-03-01,401700383,Tennessee Tech Golden Eagles,Lindenwood Lions,74,76,0,2,2635,2815,48.2,41.5
2025-03-01,401700384,SIU Edwardsville Cougars,Little Rock Trojans,73,65,0,2,2565,2031,44.2,38.3
2025-03-01,401700385,UT Martin Skyhawks,Morehead State Eagles,47,59,0,2,2630,2413,36.0,42.6
2025-03-01,401700386,Tennessee State Tigers,Southern Indiana Screaming Eagles,74,69,0,2,2634,88,47.2,40.6
2025-03-01,401706281,Fairfield Stags,Mount St. Mary's Mountaineers,69,62,0,2,2217,116,41.3,47.1
2025-03-01,401706282,Merrimack Warriors,Rider Broncs,78,83,0,2,2771,2520,49.2,56.1
2025-03-01,401706283,Sacred Heart Pioneers,Marist Red Foxes,67,54,0,2,2529,2368,38.7,38.2
2025-03-01,401706284,Quinnipiac Bobcats,Saint Peter's Peacocks,69,64,0,2,2514,2612,41.3,37.5
2025-03-01,401706391,Bowling Green Falcons,Ball State Cardinals,61,52,0,2,189,2050,41.1,33.9
2025-03-01,401706393,Akron Zips,Kent State Golden Flashes,77,72,0,2,2006,2309,43.1,46.8
2025-03-01,401706394,Ohio Bobcats,Miami (OH) RedHawks,75,66,0,2,195,193,50.8,42.6
2025-03-01,401706395,Buffalo Bulls,Toledo Rockets,87,74,0,2,2084,2649,62.5,51.9
2025-03-01,401706396,Northern Illinois Huskies,Western Michigan Broncos,70,74,0,2,2459,2711,49.1,43.5
2025-03-01,401706494,The Citadel Bulldogs,East Tennessee State Buccaneers,66,81,0,2,2643,2193,43.9,58.5
2025-03-01,401706495,Wofford Terriers,Furman Paladins,75,78,0,2,2747,231,44.1,45.1
2025-03-01,401706496,Mercer Bears,Western Carolina Catamounts,81,69,0,2,2382,2717,40.0,37.5
2025-03-01,401706497,UNC Greensboro Spartans,Samford Bulldogs,108,100,0,2,2430,2535,55.2,49.2
2025-03-01,401706498,VMI Keydets,Chattanooga Mocs,70,91,0,2,2678,236,39.3,60.4
2025-03-01,401706568,Omaha Mavericks,Oral Roberts Golden Eagles,80,57,0,2,2437,198,43.5,35.7
2025-03-01,401706569,South Dakota Coyotes,North Dakota Fighting Hawks,92,79,0,2,233,155,43.8,42.2
2025-03-01,401706570,Denver Pioneers,South Dakota State Jackrabbits,78,62,0,2,2172,2571,45.2,41.2
2025-03-01,401706633,Utah Valley Wolverines,Southern Utah Thunderbirds,100,59,0,2,3084,253,60.0,34.4
2025-03-01,401706634,UT Arlington Mavericks,Abilene Christian Wildcats,59,70,0,2,250,2000,41.4,39.7
2025-03-01,401708421,Kentucky Wildcats,Auburn Tigers,78,94,0,2,96,2,46.0,51.8
2025-03-01,401708422,Ole Miss Rebels,Oklahoma Sooners,87,84,0,2,145,201,50.9,52.9
2025-03-01,401708423,Mississippi State Bulldogs,LSU Tigers,81,69,0,2,344,99,56.9,39.1
2025-03-01,401708424,South Carolina Gamecocks,Arkansas Razorbacks,72,53,0,2,2579,8,47.2,28.8
2025-03-01,401708425,Tennessee Volunteers,Alabama Crimson Tide,79,76,0,2,2633,333,42.6,41.7
2025-03-01,401708426,Vanderbilt Commodores,Missouri Tigers,97,93,0,2,238,142,50.0,49.1
2025-03-01,401714299,William & Mary Tribe,Northeastern Huskies,68,70,0,2,2729,111,47.9,43.1
2025-03-01,401714300,Drexel Dragons,Monmouth Hawks,71,61,0,2,2182,2405,43.4,37.9
2025-03-01,401714302,Towson Tigers,Hampton Pirates,75,72,0,2,119,2261,52.9,50.8
2025-03-01,401714303,Hofstra Pride,North Carolina A&T Aggies,70,49,0,2,2275,2448,45.8,28.3
2025-03-01,401714304,Stony Brook Seawolves,Elon Phoenix,71,66,0,2,2619,2210,45.0,43.4
2025-03-01,401714305,Charleston Cougars,Campbell Fighting Camels,87,65,0,2,232,2097,54.0,38.7
2025-03-01,401714388,Cal Poly Mustangs,Cal State Bakersfield Roadrunners,98,72,0,2,13,2934,56.1,38.6
2025-03-01,401714501,IU Indianapolis Jaguars,Wright State Raiders,91,84,0,2,85,2750,49.3,53.1
2025-03-01,401714502,Cleveland State Vikings,Purdue Fort Wayne Mastodons,68,57,0,2,325,2870,42.1,45.5
2025-03-01,401714503,Milwaukee Panthers,Detroit Mercy Titans,89,67,0,2,270,2174,52.4,48.1
2025-03-01,401714505,Northern Kentucky Norse,Youngstown State Penguins,88,79,0,2,94,2754,51.7,45.6
2025-03-01,401714626,UL Monroe Warhawks,Arkansas State Red Wolves,67,94,0,2,2433,2032,41.0,48.1
2025-03-01,401714627,South Alabama Jaguars,Louisiana Ragin' Cajuns,65,42,0,2,6,309,43.8,31.9
2025-03-01,401714628,Southern Miss Golden Eagles,Troy Trojans,58,70,0,2,2572,2653,34.5,33.3
2025-03-01,401714629,Marshall Thundering Herd,App State Mountaineers,75,57,0,2,276,2026,42.3,36.0
2025-03-01,401714630,Georgia Southern Eagles,Georgia State Panthers,76,75,0,2,290,2247,45.3,52.5
2025-03-01,401714631,Texas State Bobcats,James Madison Dukes,102,93,0,2,326,256,57.8,43.1
2025-03-01,401714632,Coastal Carolina Chanticleers,Old Dominion Monarchs,59,61,0,2,324,295,35.2,29.5
2025-03-01,401715980,Northwestern State Demons,Houston Christian Huskies,61,56,0,2,2466,2277,43.5,37.5
2025-03-01,401716068,Texas A&M-Corpus Christi Islanders,SE Louisiana Lions,68,54,0,2,357,2545,50.9,33.9
2025-03-01,401716133,East Texas A&M Lions,Incarnate Word Cardinals,68,75,0,2,2837,2916,45.0,51.0
2025-03-01,401718491,Eastern Washington Eagles,Idaho State Bengals,54,78,0,2,331,304,38.0,42.6
2025-03-01,401719164,Xavier Musketeers,Creighton Bluejays,83,61,0,2,2752,156,55.0,44.8
2025-03-01,401719167,Villanova Wildcats,Butler Bulldogs,80,70,0,2,222,2086,50.8,40.0
2025-03-01,401719168,Providence Friars,UConn Huskies,63,75,0,2,2507,41,40.0,53.8
2025-03-01,401719169,St. John's Red Storm,Seton Hall Pirates,71,61,0,2,2599,2550,43.4,52.1
2025-03-01,401719671,Portland State Vikings,Montana Grizzlies,79,76,0,2,2502,149,39.7,41.7
2025-03-01,401720556,Idaho Vandals,Weber State Wildcats,81,79,0,2,70,2692,41.3,42.3
2025-03-01,401720744,UT Rio Grande Valley Vaqueros,LSU New Orleans Privateers,88,78,0,2,292,2443,45.5,41.6
2025-03-01,401720859,UMBC Retrievers,Vermont Catamounts,69,79,0,2,2378,261,45.3,48.3
2025-03-01,401720860,NJIT Highlanders,UAlbany Great Danes,59,86,0,2,2885,399,42.6,55.7
2025-03-01,401720861,UMass Lowell River Hawks,Binghamton Bearcats,79,53,0,2,2349,2066,61.1,44.0
2025-03-01,401720862,Maine Black Bears,Bryant Bulldogs,72,80,0,2,311,2803,42.9,47.5
2025-03-01,401720938,Sacramento State Hornets,Montana State Bobcats,60,87,0,2,16,147,44.4,61.8
2025-03-01,401720966,Dartmouth Big Green,Brown Bears,78,58,0,2,159,225,43.1,37.5
2025-03-01,401721107,Wagner Seahawks,Central Connecticut Blue Devils,48,55,0,2,2681,2115,39.6,37.8
2025-03-01,401721129,Saint Francis Red Wolves,Chicago State Cougars,80,71,0,2,2598,2130,46.8,48.3
2025-03-01,401721150,Fairleigh Dickinson Knights,Long Island University Sharks,55,74,0,2,161,112358,40.8,42.6
2025-03-01,401721169,Stonehill Skyhawks,Le Moyne Dolphins,85,79,0,2,284,2330,48.9,48.3
2025-03-01,401721250,Alabama State Hornets,Alabama A&M Bulldogs,94,52,0,2,2011,2010,55.9,36.5
2025-03-01,401721300,Alcorn State Braves,Prairie View A&M Panthers,71,55,0,2,2016,2504,51.9,35.8
2025-03-01,401721459,Northwestern Wildcats,Iowa Hawkeyes,68,57,0,2,77,2294,42.3,36.2
2025-03-01,401721460,Purdue Boilermakers,UCLA Bruins,76,66,0,2,2509,26,51.9,48.0
2025-03-01,401721461,Nebraska Cornhuskers,Minnesota Golden Gophers,65,67,0,2,158,135,43.1,50.9
2025-03-01,401721462,Oregon Ducks,USC Trojans,82,61,0,2,2483,30,47.8,34.4
2025-03-01,401721463,Penn State Nittany Lions,Maryland Terrapins,64,68,0,2,213,120,40.4,38.5
2025-03-01,401721464,Washington Huskies,Indiana Hoosiers,62,78,0,2,264,84,36.2,49.2
2025-03-01,401721752,Cornell Big Red,Pennsylvania Quakers,90,62,0,2,172,219,47.8,34.4
2025-03-01,401721753,Columbia Lions,Princeton Tigers,68,73,0,2,171,163,45.5,41.9
2025-03-01,401721754,Harvard Crimson,Yale Bulldogs,74,69,0,2,108,43,46.6,43.3
2025-03-01,401721756,Columbia Lions,Pennsylvania Quakers,87,92,0,2,171,219,43.2,55.2
2025-03-01,401721923,Holy Cross Crusaders,Bucknell Bison,81,94,0,2,107,2083,44.2,61.7
2025-03-01,401721924,Boston University Terriers,Lafayette Leopards,66,64,0,2,104,322,46.3,46.0
2025-03-01,401721925,Army Black Knights,Lehigh Mountain Hawks,67,89,0,2,349,2329,36.1,54.4
2025-03-01,401721926,Colgate Raiders,American University Eagles,59,67,0,2,2142,44,45.1,49.0
2025-03-01,401721927,Navy Midshipmen,Loyola Maryland Greyhounds,81,68,0,2,2426,2352,44.8,46.4
2025-03-01,401722050,Bethune-Cookman Wildcats,Southern Jaguars,70,69,0,2,2065,2582,43.6,46.4
2025-03-01,401722064,Florida A&M Rattlers,Grambling Tigers,73,68,0,2,50,2755,47.5,42.3
2025-03-01,401722078,Jackson State Tigers,Texas Southern Tigers,67,52,0,2,2296,2640,34.4,31.8
2025-03-01,401722211,New Mexico Lobos,Air Force Falcons,92,71,0,2,167,2005,53.1,44.6
2025-03-01,401722255,UNLV Rebels,Nevada Wolf Pack,68,55,0,2,2439,2440,39.3,33.9
2025-03-01,401722405,Colorado State Rams,Utah State Aggies,93,66,0,2,36,328,58.2,42.6
2025-03-01,401723694,Delaware State Hornets,Coppin State Eagles,83,79,0,2,2169,2154,53.3,57.1
2025-03-01,401723741,Maryland Eastern Shore Hawks,Morgan State Bears,72,75,0,2,2379,2415,41.3,50.0
2025-03-01,401723766,South Carolina State Bulldogs,Norfolk State Spartans,91,88,0,2,2569,2450,47.2,58.6
2025-03-01,401724453,VCU Rams,Davidson Wildcats,80,56,0,2,2670,2166,49.2,36.5
2025-03-01,401724454,Fordham Rams,Saint Joseph's Hawks,76,90,0,2,2230,2603,39.4,57.1
2025-03-01,401724455,Dayton Flyers,Richmond Spiders,74,64,0,2,2168,257,35.0,35.9
2025-03-01,401724456,Duquesne Dukes,George Mason Patriots,85,68,0,2,2184,2244,52.9,52.4
2025-03-01,401724457,George Washington Revolutionaries,La Salle Explorers,71,60,0,2,45,2325,44.9,37.9
2025-03-01,401724458,Saint Louis Billikens,Loyola Chicago Ramblers,98,67,0,2,139,2350,58.3,44.4
2025-03-01,401724459,Massachusetts Minutemen,Rhode Island Rams,91,88,0,2,113,227,54.1,53.2
2025-03-01,401724903,Georgia Tech Yellow Jackets,NC State Wolfpack,87,62,0,2,59,152,47.1,37.7
2025-03-01,401724904,Stanford Cardinal,SMU Mustangs,73,68,0,2,24,2567,54.5,45.1
2025-03-01,401724907,Virginia Tech Hokies,Syracuse Orange,101,95,0,2,259,183,60.7,54.1
2025-03-01,401724908,Wake Forest Demon Deacons,Notre Dame Fighting Irish,74,71,0,2,154,87,44.1,48.0
2025-03-01,401724909,North Carolina Tar Heels,Miami Hurricanes,92,73,0,2,153,2390,58.9,42.6
2025-03-01,401724910,Louisville Cardinals,Pittsburgh Panthers,79,68,0,2,97,221,51.1,36.5
2025-03-01,401724911,Virginia Cavaliers,Clemson Tigers,58,71,0,2,258,228,42.3,47.3
2025-03-01,401725612,Tulsa Golden Hurricane,Tulane Green Wave,77,79,0,2,202,2655,50.0,48.3
2025-03-01,401725768,Kansas Jayhawks,Texas Tech Red Raiders,73,78,0,2,2305,2641,48.3,45.2
2025-03-01,401725769,TCU Horned Frogs,UCF Knights,89,78,0,2,2628,2116,47.8,37.5
2025-03-01,401725770,Houston Cougars,Cincinnati Bearcats,73,64,0,2,248,2132,53.6,44.1
2025-03-01,401726452,Stephen F. Austin Lumberjacks,Nicholls Colonels,70,94,0,2,2617,2447,37.3,52.3
2025-03-01,401727300,Canisius Golden Griffins,Manhattan Jaspers,72,77,0,2,2099,2363,48.3,48.2
2025-03-01,401727932,Radford Highlanders,Charleston Southern Buccaneers,76,60,0,2,2515,2127,47.1,38.6
2025-03-01,401727933,Presbyterian Blue Hose,Gardner-Webb Runnin' Bulldogs,68,57,0,2,2506,2241,45.6,42.6
2025-03-01,401727934,South Carolina Upstate Spartans,Longwood Lancers,66,83,0,2,2908,2344,45.1,50.8
2025-03-01,401727935,Winthrop Eagles,UNC Asheville Bulldogs,103,90,0,2,2737,2427,54.8,57.1
2025-03-01,401731884,North Carolina Central Eagles,Howard Bison,72,68,0,2,2428,47,45.3,37.7
2025-03-02,401700254,Liberty Flames,Kennesaw State Owls,80,85,0,2,2335,338,45.8,50.8
2025-03-02,401706285,Mount St. Mary's Mountaineers,Siena Saints,85,79,0,2,116,2561,56.9,37.7
2025-03-02,401706286,Sacred Heart Pioneers,Fairfield Stags,83,62,0,2,2529,2217,49.3,42.9
2025-03-02,401706287,Merrimack Warriors,Quinnipiac Bobcats,73,63,0,2,2771,2514,43.5,45.1
2025-03-02,401706288,Marist Red Foxes,Saint Peter's Peacocks,52,57,0,2,2368,2612,35.6,33.3
2025-03-02,401706289,Canisius Golden Griffins,Iona Gaels,52,82,0,2,2099,314,36.5,57.4
2025-03-02,401706567,St. Thomas Tommies,Kansas City Roos,65,59,0,2,2900,140,35.6,43.1
2025-03-02,401706631,Utah Tech Trailblazers,California Baptist Lancers,57,61,0,2,3101,2856,37.5,36.2
2025-03-02,401706632,Seattle U Redhawks,Grand Canyon Lopes,60,63,0,2,2547,2253,25.4,44.9
2025-03-02,401706757,San Francisco Dons,Gonzaga Bulldogs,75,95,1,2,2539,2250,46.3,57.6
2025-03-02,401706758,Pepperdine Waves,Washington State Cougars,83,90,0,2,2492,265,42.2,47.3
2025-03-02,401706759,San Diego Toreros,Portland Pilots,82,80,0,2,301,2501,46.4,48.4
2025-03-02,401706760,Saint Mary's Gaels,Oregon State Beavers,74,64,0,2,2608,204,40.4,47.8
2025-03-02,401706761,Pacific Tigers,Santa Clara Broncos,66,97,0,2,279,2541,37.3,50.7
2025-03-02,401708420,Florida Gators,Texas A&M Aggies,89,70,0,2,57,245,47.8,39.0
2025-03-02,401708427,Texas Longhorns,Georgia Bulldogs,67,83,0,2,251,61,44.2,51.8
2025-03-02,401709996,UC Irvine Anteaters,Long Beach State Beach,70,60,0,2,300,299,46.9,43.1
2025-03-02,401714301,UNC Wilmington Seahawks,Delaware Blue Hens,88,58,0,2,350,48,53.8,40.4
2025-03-02,401714389,Cal State Northridge Matadors,UC Santa Barbara Gauchos,103,77,0,2,2463,2540,56.7,39.2
2025-03-02,401714390,UC San Diego Tritons,Cal State Fullerton Titans,100,55,0,2,28,2239,52.9,37.3
2025-03-02,401714391,Hawai'i Rainbow Warriors,UC Davis Aggies,78,70,0,2,62,302,49.0,37.7
2025-03-02,401714504,Green Bay Phoenix,Oakland Golden Grizzlies,84,87,0,2,2739,2473,44.3,51.7
2025-03-02,401719170,Georgetown Hoyas,Marquette Golden Eagles,61,76,0,2,46,269,34.5,56.1
2025-03-02,401719392,Northern Arizona Lumberjacks,Northern Colorado Bears,73,83,0,2,2464,2458,47.4,62.5
2025-03-02,401720683,Lamar Cardinals,McNeese Cowboys,66,68,0,2,2320,2377,36.1,42.6
2025-03-02,401721465,Michigan Wolverines,Illinois Fighting Illini,73,93,0,2,130,356,45.9,46.6
2025-03-02,401721466,Michigan State Spartans,Wisconsin Badgers,71,62,0,2,127,275,39.4,33.8
2025-03-02,401721755,Cornell Big Red,Princeton Tigers,102,70,0,2,172,163,64.4,41.7
2025-03-02,401722117,Mississippi Valley State Delta Devils,Arkansas-Pine Bluff Golden Lions,58,83,0,2,2400,2029,38.2,54.7
2025-03-02,401722362,Wyoming Cowboys,San Diego State Aztecs,69,72,0,2,2751,21,44.6,50.0
2025-03-02,401722552,Bradley Braves,Northern Iowa Panthers,73,56,0,2,71,2460,48.1,37.5
2025-03-02,401722553,Drake Bulldogs,Missouri State Bears,68,60,0,2,2181,2623,45.3,40.8
2025-03-02,401722554,Belmont Bruins,Murray State Racers,70,60,0,2,2057,93,41.9,33.3
2025-03-02,401722555,Indiana State Sycamores,Southern Illinois Salukis,95,77,0,2,282,79,59.3,45.0
2025-03-02,401722556,UIC Flames,Valparaiso Beacons,77,73,0,2,82,2674,46.8,38.6
2025-03-02,401722559,Illinois State Redbirds,Evansville Purple Aces,62,53,0,2,2287,339,35.0,45.5
2025-03-02,401724905,Duke Blue Devils,Florida State Seminoles,100,65,0,2,150,52,43.8,38.6
2025-03-02,401724906,California Golden Bears,Boston College Eagles,82,71,0,2,25,103,49.2,39.7
2025-03-02,401725613,South Florida Bulls,Florida Atlantic Owls,63,69,0,2,58,2226,32.3,41.5
2025-03-02,401725614,East Carolina Pirates,Charlotte 49ers,78,76,0,2,151,2429,52.8,44.6
2025-03-02,401725615,UTSA Roadrunners,Rice Owls,84,56,0,2,2636,242,47.5,34.4
2025-03-02,401725616,UAB Blazers,Memphis Tigers,81,88,0,2,5,235,46.2,52.9
2025-03-02,401725766,Iowa State Cyclones,Arizona Wildcats,84,67,0,2,66,12,50.0,33.3
2025-03-02,401725767,Utah Utes,Arizona State Sun Devils,99,73,0,2,254,9,56.5,42.6
2025-03-02,401725771,BYU Cougars,West Virginia Mountaineers,77,56,0,2,252,277,52.7,33.3
2025-03-02,401725772,Baylor Bears,Oklahoma State Cowboys,71,61,0,2,239,197,37.3,38.8
2025-03-02,401725773,Kansas State Wildcats,Colorado Buffaloes,65,56,0,2,2306,38,34.4,39.3
2025-03-02,401727154,Fresno State Bulldogs,Boise State Broncos,61,66,0,2,278,68,37.3,37.5
2025-03-02,401727299,Niagara Purple Eagles,Manhattan Jaspers,70,85,0,2,315,2363,51.0,52.8
2025-03-03,401743777,Stetson Hatters,Central Arkansas Bears,72,77,1,2,56,2110,45.8,45.8
2025-03-03,401743798,Austin Peay Governors,North Florida Ospreys,90,69,1,2,2046,2454,54.9,45.6
2025-03-04,401708432,South Carolina Gamecocks,Georgia Bulldogs,64,73,0,2,2579,61,37.3,48.1
2025-03-04,401715981,East Texas A&M Lions,Houston Christian Huskies,63,59,0,2,2837,2277,39.3,40.0
2025-03-04,401716069,UT Rio Grande Valley Vaqueros,SE Louisiana Lions,77,76,0,2,292,2545,48.3,38.3
2025-03-04,401716134,Northwestern State Demons,Incarnate Word Cardinals,73,57,0,2,2466,2916,51.0,35.6
2025-03-04,401718492,Montana Grizzlies,Eastern Washington Eagles,83,72,0,2,149,331,55.1,55.6
2025-03-04,401719393,Weber State Wildcats,Northern Colorado Bears,63,68,0,2,2692,2458,43.1,36.2
2025-03-04,401719672,Portland State Vikings,Sacramento State Hornets,59,56,0,2,2502,16,42.9,34.4
2025-03-04,401720658,Montana State Bobcats,Idaho Vandals,75,60,0,2,147,70,56.0,36.7
2025-03-04,401720684,Lamar Cardinals,Nicholls Colonels,65,53,0,2,2320,2447,46.4,36.2
2025-03-04,401720727,Stephen F. Austin Lumberjacks,McNeese Cowboys,64,95,0,2,2617,2377,33.8,50.8
2025-03-04,401720745,Texas A&M-Corpus Christi Islanders,LSU New Orleans Privateers,95,62,0,2,357,2443,63.3,36.4
2025-03-04,401720865,Bryant Bulldogs,New Hampshire Wildcats,90,56,0,2,2803,160,45.2,33.8
2025-03-04,401720866,Maine Black Bears,UMass Lowell River Hawks,71,70,0,2,311,2349,47.3,56.0
2025-03-04,401720939,Idaho State Bengals,Northern Arizona Lumberjacks,79,82,0,2,304,2464,46.0,57.4
2025-03-04,401721301,Alcorn State Braves,Texas Southern Tigers,59,75,0,2,2016,2640,35.6,51.8
2025-03-04,401721467,Northwestern Wildcats,UCLA Bruins,69,73,0,2,77,26,47.2,46.6
2025-03-04,401722051,Bethune-Cookman Wildcats,Grambling Tigers,78,71,0,2,2065,2755,51.1,43.1
2025-03-04,401722065,Florida A&M Rattlers,Southern Jaguars,70,73,0,2,50,2582,55.8,43.3
2025-03-04,401722079,Jackson State Tigers,Prairie View A&M Panthers,88,74,0,2,2296,2504,53.8,44.1
2025-03-04,401723701,Coppin State Eagles,Maryland Eastern Shore Hawks,59,72,0,2,2154,2379,42.0,43.6
2025-03-04,401723712,Morgan State Bears,Delaware State Hornets,87,81,0,2,2415,2169,50.0,38.9
2025-03-04,401723765,North Carolina Central Eagles,Norfolk State Spartans,91,87,0,2,2428,2450,49.2,57.6
2025-03-04,401724912,Duke Blue Devils,Wake Forest Demon Deacons,93,60,0,2,150,154,47.2,32.8
2025-03-04,401725617,North Texas Mean Green,Wichita State Shockers,68,66,0,2,249,2724,51.1,46.2
2025-03-04,401725774,Houston Cougars,Kansas Jayhawks,65,59,0,2,248,2305,35.3,45.2
2025-03-04,401727818,South Carolina State Bulldogs,Howard Bison,79,69,0,2,2569,47,36.4,36.2
2025-03-04,401743799,Jacksonville Dolphins,Eastern Kentucky Colonels,78,67,0,2,294,2198,54.7,39.7
2025-03-04,401743800,Florida Gulf Coast Eagles,Queens University Royals,65,71,0,2,526,2511,42.4,44.0
2025-03-04,401743801,Lipscomb Bisons,Central Arkansas Bears,84,66,0,2,288,2110,50.8,40.4
2025-03-04,401743802,North Alabama Lions,Austin Peay Governors,90,64,0,2,2453,2046,53.3,40.0
2025-03-04,401744207,Southern Miss Golden Eagles,Coastal Carolina Chanticleers,66,63,1,2,2572,324,37.1,35.2
2025-03-05,401706397,Toledo Rockets,Akron Zips,87,96,0,2,2649,2006,52.4,57.1
2025-03-05,401706398,Northern Illinois Huskies,Bowling Green Falcons,58,71,0,2,2459,189,29.8,46.9
2025-03-05,401706399,Ball State Cardinals,Central Michigan Chippewas,67,69,0,2,2050,2117,43.6,49.1
2025-03-05,401706400,Ohio Bobcats,Eastern Michigan Eagles,79,83,0,2,195,2199,43.6,51.7
2025-03-05,401706401,Western Michigan Broncos,Kent State Golden Flashes,76,77,0,2,2711,2309,42.6,35.8
2025-03-05,401706402,Buffalo Bulls,Miami (OH) RedHawks,69,84,0,2,2084,193,44.1,55.9
2025-03-05,401708429,Kentucky Wildcats,LSU Tigers,95,64,0,2,96,99,50.7,44.8
2025-03-05,401708431,Mississippi State Bulldogs,Texas Longhorns,82,87,0,2,344,251,39.7,48.4
2025-03-05,401708433,Texas A&M Aggies,Auburn Tigers,83,72,0,2,245,2,43.1,50.0
2025-03-05,401708434,Vanderbilt Commodores,Arkansas Razorbacks,77,90,0,2,238,8,38.3,50.8
2025-03-05,401719172,Georgetown Hoyas,Villanova Wildcats,75,73,0,2,46,222,44.8,45.8
2025-03-05,401719187,Seton Hall Pirates,Creighton Bluejays,61,79,0,2,2550,156,35.8,62.8
2025-03-05,401719188,Providence Friars,DePaul Blue Demons,77,80,0,2,2507,305,50.0,53.6
2025-03-05,401720863,Vermont Catamounts,UAlbany Great Danes,79,71,0,2,261,399,58.3,41.0
2025-03-05,401720864,Binghamton Bearcats,NJIT Highlanders,72,75,0,2,2066,2885,37.0,45.2
2025-03-05,401721468,Ohio State Buckeyes,Nebraska Cornhuskers,116,114,0,2,194,158,52.9,53.2
2025-03-05,401721469,Oregon Ducks,Indiana Hoosiers,73,64,0,2,2483,84,39.3,40.0
2025-03-05,401721470,Purdue Boilermakers,Rutgers Scarlet Knights,100,71,0,2,2509,164,56.1,43.9
2025-03-05,401721471,Michigan Wolverines,Maryland Terrapins,65,71,0,2,130,120,43.5,38.1
2025-03-05,401722212,Air Force Falcons,Boise State Broncos,57,80,0,2,2005,68,39.2,42.4
2025-03-05,401722256,Nevada Wolf Pack,New Mexico Lobos,67,71,0,2,2440,167,44.6,40.4
2025-03-05,401722363,UNLV Rebels,San Diego State Aztecs,74,67,0,2,2439,21,51.0,40.0
2025-03-05,401722382,Colorado State Rams,San José State Spartans,83,56,0,2,36,23,56.7,40.4
2025-03-05,401722439,Fresno State Bulldogs,Wyoming Cowboys,62,58,0,2,278,2751,35.3,32.8
2025-03-05,401724460,Duquesne Dukes,VCU Rams,62,71,0,2,2184,2670,41.2,41.8
2025-03-05,401724461,Dayton Flyers,Saint Louis Billikens,75,67,0,2,2168,139,44.3,41.9
2025-03-05,401724913,Virginia Tech Hokies,North Carolina Tar Heels,59,91,0,2,259,153,37.9,58.9
2025-03-05,401724914,Georgia Tech Yellow Jackets,Miami Hurricanes,89,74,0,2,59,2390,54.5,44.3
2025-03-05,401724915,SMU Mustangs,Syracuse Orange,77,75,0,2,2567,183,53.6,48.1
2025-03-05,401724916,Virginia Cavaliers,Florida State Seminoles,60,57,0,2,258,52,39.6,37.1
2025-03-05,401725618,UTSA Roadrunners,Memphis Tigers,70,75,0,2,2636,235,38.7,46.3
2025-03-05,401725619,Tulsa Golden Hurricane,Temple Owls,77,81,0,2,202,218,48.1,46.6
2025-03-05,401725775,Arizona Wildcats,Arizona State Sun Devils,113,100,0,2,12,9,59.0,46.3
2025-03-05,401725776,Iowa State Cyclones,BYU Cougars,85,88,0,2,66,252,39.1,44.1
2025-03-05,401725777,Utah Utes,West Virginia Mountaineers,69,71,0,2,254,277,38.0,45.6
2025-03-05,401725778,TCU Horned Frogs,Baylor Bears,58,61,0,2,2628,239,34.5,44.0
2025-03-05,401743955,Oakland Golden Grizzlies,Green Bay Phoenix,96,72,0,2,2473,2739,49.3,39.1
2025-03-05,401743957,Northern Kentucky Norse,Detroit Mercy Titans,99,75,0,2,94,2174,51.6,45.6
2025-03-05,401743959,Wright State Raiders,IU Indianapolis Jaguars,98,85,0,2,2750,85,63.2,53.4
2025-03-05,401744131,Lafayette Leopards,Holy Cross Crusaders,69,68,0,2,322,107,42.4,48.3
2025-03-05,401744132,Loyola Maryland Greyhounds,Lehigh Mountain Hawks,77,73,0,2,2352,2329,51.0,52.8
2025-03-05,401744209,Louisiana Ragin' Cajuns,UL Monroe Warhawks,73,69,1,2,309,2433,45.0,46.2
2025-03-05,401744212,Georgia Southern Eagles,Southern Miss Golden Eagles,78,64,1,2,290,2572,52.5,38.1
2025-03-06,401708428,Alabama Crimson Tide,Florida Gators,94,99,0,2,333,57,47.2,48.6
2025-03-06,401708430,Ole Miss Rebels,Tennessee Volunteers,78,76,0,2,145,2633,45.6,46.3
2025-03-06,401708435,Oklahoma Sooners,Missouri Tigers,96,84,0,2,201,142,57.1,46.7
2025-03-06,401719171,UConn Huskies,Marquette Golden Eagles,72,66,0,2,41,269,40.0,43.9
2025-03-06,401719189,Butler Bulldogs,Xavier Musketeers,78,91,0,2,2086,2752,47.1,52.3
2025-03-06,401721472,Minnesota Golden Gophers,Wisconsin Badgers,67,74,0,2,135,275,41.3,43.6
2025-03-06,401721473,USC Trojans,Washington Huskies,92,61,0,2,30,264,56.4,43.1
2025-03-06,401724462,Loyola Chicago Ramblers,Davidson Wildcats,82,72,0,2,2350,2166,50.0,43.3
2025-03-06,401724463,Fordham Rams,George Washington Revolutionaries,58,81,0,2,2230,45,40.3,50.9
2025-03-06,401724464,George Mason Patriots,La Salle Explorers,69,62,0,2,2244,2325,47.2,40.0
2025-03-06,401724465,St. Bonaventure Bonnies,Massachusetts Minutemen,73,72,0,2,179,113,42.2,38.8
2025-03-06,401724466,Saint Joseph's Hawks,Rhode Island Rams,91,74,0,2,2603,227,46.4,48.3
2025-03-06,401724917,Boston College Eagles,Clemson Tigers,69,78,0,2,103,228,41.7,50.0
2025-03-06,401724918,NC State Wolfpack,Pittsburgh Panthers,71,63,0,2,152,221,40.7,41.2
2025-03-06,401724919,Louisville Cardinals,California Golden Bears,85,68,0,2,97,25,52.9,29.6
2025-03-06,401724920,Notre Dame Fighting Irish,Stanford Cardinal,56,54,0,2,87,24,35.4,33.3
2025-03-06,401725779,Texas Tech Red Raiders,Colorado Buffaloes,91,75,0,2,2641,38,48.4,52.7
2025-03-06,401725780,Cincinnati Bearcats,Kansas State Wildcats,49,54,0,2,2132,2306,36.8,40.7
2025-03-06,401725781,UCF Knights,Oklahoma State Cowboys,83,70,0,2,2116,197,41.1,37.9
2025-03-06,401743885,Gardner-Webb Runnin' Bulldogs,South Carolina Upstate Spartans,83,63,1,2,2241,2908,46.3,37.1
2025-03-06,401744041,Southern Illinois Salukis,Indiana State Sycamores,86,85,1,2,79,282,53.7,50.0
2025-03-06,401744043,Illinois State Redbirds,Missouri State Bears,70,54,1,2,2287,2623,51.0,34.5
2025-03-06,401744098,Central Connecticut Blue Devils,Le Moyne Dolphins,86,67,0,2,2115,2330,52.6,49.1
2025-03-06,401744100,Fairleigh Dickinson Knights,Stonehill Skyhawks,71,56,0,2,161,284,50.9,39.7
2025-03-06,401744101,Saint Francis Red Wolves,Wagner Seahawks,58,55,0,2,2598,2681,43.1,35.1
2025-03-06,401744102,Long Island University Sharks,Chicago State Cougars,68,57,0,2,112358,2130,45.5,37.7
2025-03-06,401744110,Tennessee Tech Golden Eagles,UT Martin Skyhawks,67,70,1,2,2635,2630,40.7,40.3
2025-03-06,401744114,Lindenwood Lions,Morehead State Eagles,73,65,1,2,2815,2413,35.5,35.4
2025-03-06,401744194,Kansas City Roos,Oral Roberts Golden Eagles,73,56,1,2,140,198,44.3,40.4
2025-03-06,401744213,Old Dominion Monarchs,Louisiana Ragin' Cajuns,67,49,1,2,295,309,46.4,35.2
2025-03-06,401744220,Georgia State Panthers,Georgia Southern Eagles,80,71,1,2,2247,290,53.1,40.3
2025-03-06,401744257,Pacific Tigers,San Diego Toreros,77,81,1,2,279,301,48.0,44.6
2025-03-07,401700255,Western Kentucky Hilltoppers,Florida International Panthers,76,67,0,2,98,2229,43.9,41.8
2025-03-07,401700256,Middle Tennessee Blue Raiders,Liberty Flames,81,86,0,2,2393,2335,43.8,54.5
2025-03-07,401700257,Louisiana Tech Bulldogs,New Mexico State Aggies,55,67,0,2,2348,166,33.3,41.5
2025-03-07,401700258,Sam Houston Bearkats,UTEP Miners,89,87,0,2,2534,2638,58.5,48.4
2025-03-07,401706290,Siena Saints,Fairfield Stags,68,64,0,2,2561,2217,40.4,50.0
2025-03-07,401706291,Rider Broncs,Canisius Golden Griffins,78,50,0,2,2520,2099,48.4,35.3
2025-03-07,401706292,Marist Red Foxes,Merrimack Warriors,53,75,0,2,2368,2771,43.1,50.0
2025-03-07,401706293,Manhattan Jaspers,Sacred Heart Pioneers,90,74,0,2,2363,2529,50.0,38.9
2025-03-07,401706294,Quinnipiac Bobcats,Mount St. Mary's Mountaineers,79,70,0,2,2514,116,45.8,41.5
2025-03-07,401706403,Miami (OH) RedHawks,Ball State Cardinals,79,66,0,2,193,2050,42.9,38.8
2025-03-07,401706635,California Baptist Lancers,Tarleton State Texans,68,48,0,2,2856,2627,45.8,39.2
2025-03-07,401706636,Grand Canyon Lopes,Utah Tech Trailblazers,90,68,0,2,2253,3101,58.5,37.7
2025-03-07,401706637,Southern Utah Thunderbirds,Seattle U Redhawks,39,62,0,2,253,2547,22.6,32.4
2025-03-07,401706638,Abilene Christian Wildcats,Utah Valley Wolverines,60,73,0,2,2000,3084,33.8,46.3
2025-03-07,401709997,UC San Diego Tritons,Long Beach State Beach,70,63,0,2,28,299,39.3,36.7
2025-03-07,401714347,Cal Poly Mustangs,Cal State Fullerton Titans,100,61,0,2,13,2239,48.6,39.6
2025-03-07,401714348,Cal State Bakersfield Roadrunners,Hawai'i Rainbow Warriors,76,64,0,2,2934,62,43.9,42.9
2025-03-07,401714349,UC Davis Aggies,UC Irvine Anteaters,59,88,0,2,302,300,35.2,58.8
2025-03-07,401714350,UC Riverside Highlanders,Cal State Northridge Matadors,94,79,0,2,27,2463,46.8,36.4
2025-03-07,401721251,Grambling Tigers,Alabama A&M Bulldogs,67,51,0,2,2755,2010,55.3,32.7
2025-03-07,401721302,Mississippi Valley State Delta Devils,Alcorn State Braves,64,72,0,2,2400,2016,50.0,52.7
2025-03-07,401721474,Iowa Hawkeyes,Michigan State Spartans,84,91,0,2,2294,127,47.6,50.8
2025-03-07,401722080,Arkansas-Pine Bluff Golden Lions,Jackson State Tigers,69,76,0,2,2029,2296,51.0,46.7
2025-03-07,401722148,Southern Jaguars,Alabama State Hornets,65,66,0,2,2582,2011,41.8,42.6
2025-03-07,401723702,Coppin State Eagles,Morgan State Bears,82,75,0,2,2154,2415,43.8,48.2
2025-03-07,401723722,Delaware State Hornets,Maryland Eastern Shore Hawks,75,68,0,2,2169,2379,50.0,43.8
2025-03-07,401723767,Howard Bison,Norfolk State Spartans,69,81,0,2,47,2450,41.4,48.3
2025-03-07,401725620,UAB Blazers,Florida Atlantic Owls,89,80,0,2,5,2226,47.1,58.2
2025-03-07,401725621,East Carolina Pirates,Tulane Green Wave,73,64,0,2,151,2655,45.9,49.1
2025-03-07,401725622,North Texas Mean Green,Charlotte 49ers,75,64,0,2,249,2429,51.2,38.2
2025-03-07,401725623,Rice Owls,Wichita State Shockers,59,63,0,2,242,2724,35.7,38.1
2025-03-07,401727130,South Carolina State Bulldogs,North Carolina Central Eagles,87,71,0,2,2569,2428,51.5,43.6
2025-03-07,401727306,Saint Peter's Peacocks,Niagara Purple Eagles,68,78,0,2,2612,315,35.5,42.6
2025-03-07,401743803,Lipscomb Bisons,Queens University Royals,81,75,0,2,288,2511,48.9,40.3
2025-03-07,401743804,North Alabama Lions,Jacksonville Dolphins,78,63,0,2,2453,294,49.0,36.2
2025-03-07,401743886,High Point Panthers,Gardner-Webb Runnin' Bulldogs,85,64,1,2,2272,2241,50.0,40.4
2025-03-07,401743887,Radford Highlanders,Presbyterian Blue Hose,74,69,1,2,2515,2506,41.1,43.3
2025-03-07,401743888,UNC Asheville Bulldogs,Charleston Southern Buccaneers,80,60,1,2,2427,2127,54.1,41.1
2025-03-07,401743960,Youngstown State Penguins,Purdue Fort Wayne Mastodons,72,67,0,2,2754,2870,36.2,37.1
2025-03-07,401743961,Cleveland State Vikings,Northern Kentucky Norse,68,63,0,2,325,94,45.3,34.4
2025-03-07,401743962,Robert Morris Colonials,Wright State Raiders,83,62,0,2,2523,2750,47.4,48.2
2025-03-07,401743964,Milwaukee Panthers,Oakland Golden Grizzlies,64,72,0,2,270,2473,51.9,51.9
2025-03-07,401744044,Murray State Racers,Evansville Purple Aces,74,53,1,2,93,339,47.3,34.7
2025-03-07,401744045,UIC Flames,Valparaiso Beacons,50,67,1,2,82,2674,29.8,45.3
2025-03-07,401744049,Drake Bulldogs,Southern Illinois Salukis,70,53,1,2,2181,79,43.9,42.2
2025-03-07,401744050,Belmont Bruins,Illinois State Redbirds,76,63,1,2,2057,2287,44.4,35.8
2025-03-07,401744117,Little Rock Trojans,UT Martin Skyhawks,82,77,1,2,2031,2630,50.0,49.1
2025-03-07,401744119,Tennessee State Tigers,Lindenwood Lions,69,55,1,2,2634,2815,45.6,36.7
2025-03-07,401744133,Colgate Raiders,Army Black Knights,84,55,0,2,2142,349,52.5,34.8
2025-03-07,401744134,Boston University Terriers,Navy Midshipmen,78,86,0,2,104,2426,50.0,51.9
2025-03-07,401744135,American University Eagles,Lafayette Leopards,71,69,0,2,44,322,46.3,50.9
2025-03-07,401744136,Bucknell Bison,Loyola Maryland Greyhounds,76,72,0,2,2083,2352,47.3,41.9
2025-03-07,401744182,Mercer Bears,Western Carolina Catamounts,67,66,1,2,2382,2717,37.9,40.0
2025-03-07,401744196,Omaha Mavericks,Kansas City Roos,70,61,1,2,2437,140,46.3,32.8
2025-03-07,401744198,St. Thomas Tommies,Denver Pioneers,80,62,1,2,2900,2172,51.1,45.7
2025-03-07,401744223,Texas State Bobcats,Old Dominion Monarchs,61,64,1,2,326,295,37.1,35.0
2025-03-07,401744225,Marshall Thundering Herd,Georgia State Panthers,79,76,1,2,276,2247,35.6,46.4
2025-03-07,401746238,Delaware Blue Hens,Stony Brook Seawolves,80,76,1,2,48,2619,55.8,50.9
2025-03-07,401746239,Hofstra Pride,North Carolina A&T Aggies,77,55,1,2,2275,2448,41.3,31.4
2025-03-08,401700259,Jacksonville State Gamecocks,Kennesaw State Owls,70,74,0,2,55,338,39.1,42.1
2025-03-08,401700260,Middle Tennessee Blue Raiders,Florida International Panthers,78,56,0,2,2393,2229,48.4,33.9
2025-03-08,401700261,Western Kentucky Hilltoppers,Liberty Flames,61,90,0,2,98,2335,33.8,52.5
2025-03-08,401700262,Sam Houston Bearkats,New Mexico State Aggies,76,69,0,2,2534,166,46.4,40.0
2025-03-08,401700263,Louisiana Tech Bulldogs,UTEP Miners,76,58,0,2,2348,2638,44.4,31.7
2025-03-08,401706295,Iona Gaels,Sacred Heart Pioneers,90,88,0,2,314,2529,50.8,50.8
2025-03-08,401706296,Manhattan Jaspers,Siena Saints,78,66,0,2,2363,2561,42.4,33.8
2025-03-08,401706297,Mount St. Mary's Mountaineers,Marist Red Foxes,62,52,0,2,116,2368,44.2,31.1
2025-03-08,401706298,Saint Peter's Peacocks,Canisius Golden Griffins,70,62,0,2,2612,2099,36.5,36.1
2025-03-08,401706300,Rider Broncs,Niagara Purple Eagles,77,76,0,2,2520,315,48.3,51.9
2025-03-08,401706404,Akron Zips,Buffalo Bulls,88,70,0,2,2006,2084,47.1,37.7
2025-03-08,401706405,Kent State Golden Flashes,Eastern Michigan Eagles,76,70,0,2,2309,2199,43.6,48.9
2025-03-08,401706406,Central Michigan Chippewas,Northern Illinois Huskies,81,83,0,2,2117,2459,42.9,40.9
2025-03-08,401706407,Toledo Rockets,Ohio Bobcats,96,82,0,2,2649,195,59.7,49.2
2025-03-08,401706408,Bowling Green Falcons,Western Michigan Broncos,63,64,0,2,189,2711,46.0,42.9
2025-03-08,401706640,Abilene Christian Wildcats,Grand Canyon Lopes,82,81,0,2,2000,2253,45.3,46.2
2025-03-08,401708436,Arkansas Razorbacks,Mississippi State Bulldogs,93,92,0,2,8,344,55.4,43.8
2025-03-08,401708437,Auburn Tigers,Alabama Crimson Tide,91,93,0,2,2,333,47.9,52.2
2025-03-08,401708438,Florida Gators,Ole Miss Rebels,90,71,0,2,57,145,49.2,33.3
2025-03-08,401708439,Georgia Bulldogs,Vanderbilt Commodores,79,68,0,2,61,238,44.9,38.6
2025-03-08,401708440,LSU Tigers,Texas A&M Aggies,52,66,0,2,99,245,30.0,42.3
2025-03-08,401708441,Missouri Tigers,Kentucky Wildcats,83,91,0,2,142,96,43.9,48.2
2025-03-08,401719190,DePaul Blue Demons,Georgetown Hoyas,83,77,0,2,305,46,56.6,42.0
2025-03-08,401719191,UConn Huskies,Seton Hall Pirates,81,50,0,2,41,2550,51.9,35.3
2025-03-08,401719192,Xavier Musketeers,Providence Friars,76,68,0,2,2752,2507,44.8,48.1
2025-03-08,401719193,Marquette Golden Eagles,St. John's Red Storm,84,86,0,2,269,2599,43.7,44.6
2025-03-08,401719194,Creighton Bluejays,Butler Bulldogs,87,74,0,2,156,2086,52.3,44.1
2025-03-08,401720967,Harvard Crimson,Dartmouth Big Green,66,58,0,2,108,159,40.3,41.7
2025-03-08,401721252,Southern Jaguars,Alabama A&M Bulldogs,71,57,0,2,2582,2010,44.7,41.2
2025-03-08,401721303,Arkansas-Pine Bluff Golden Lions,Alcorn State Braves,63,65,0,2,2029,2016,46.4,46.2
2025-03-08,401721475,Illinois Fighting Illini,Purdue Boilermakers,88,80,0,2,356,2509,49.1,50.8
2025-03-08,401721476,Indiana Hoosiers,Ohio State Buckeyes,66,60,0,2,84,194,35.2,38.2
2025-03-08,401721477,Maryland Terrapins,Northwestern Wildcats,74,61,0,2,120,77,42.3,36.4
2025-03-08,401721479,Wisconsin Badgers,Penn State Nittany Lions,75,86,0,2,275,213,36.2,56.4
2025-03-08,401721757,Brown Bears,Yale Bulldogs,61,70,0,2,225,43,33.9,43.4
2025-03-08,401721758,Princeton Tigers,Pennsylvania Quakers,95,71,0,2,163,219,59.3,49.1
2025-03-08,401721759,Cornell Big Red,Columbia Lions,100,81,0,2,172,171,55.2,46.9
2025-03-08,401722052,Bethune-Cookman Wildcats,Florida A&M Rattlers,76,75,0,2,2065,50,42.4,47.5
2025-03-08,401722081,Mississippi Valley State Delta Devils,Jackson State Tigers,62,66,0,2,2400,2296,41.1,50.0
2025-03-08,401722133,Prairie View A&M Panthers,Texas Southern Tigers,68,80,0,2,2504,2640,43.5,51.7
2025-03-08,401722213,Utah State Aggies,Air Force Falcons,87,47,0,2,328,2005,55.4,41.5
2025-03-08,401722383,San José State Spartans,Fresno State Bulldogs,92,68,0,2,23,278,53.2,40.6
2025-03-08,401724467,VCU Rams,Dayton Flyers,76,79,0,2,2670,2168,37.7,46.7
2025-03-08,401724468,Massachusetts Minutemen,Loyola Chicago Ramblers,51,74,0,2,113,2350,26.6,46.7
2025-03-08,401724469,La Salle Explorers,Saint Joseph's Hawks,81,74,0,2,2325,2603,46.6,42.6
2025-03-08,401724470,Davidson Wildcats,St. Bonaventure Bonnies,61,64,0,2,2166,179,43.4,42.9
2025-03-08,401724472,Rhode Island Rams,Fordham Rams,86,67,0,2,227,2230,48.4,34.9
2025-03-08,401724473,Richmond Spiders,George Mason Patriots,60,64,0,2,257,2244,39.2,40.0
2025-03-08,401724921,Pittsburgh Panthers,Boston College Eagles,93,67,0,2,221,103,50.0,43.4
2025-03-08,401724922,North Carolina Tar Heels,Duke Blue Devils,69,82,0,2,153,150,39.1,56.4
2025-03-08,401724924,Wake Forest Demon Deacons,Georgia Tech Yellow Jackets,69,43,0,2,154,59,38.1,29.6
2025-03-08,401724925,Miami Hurricanes,NC State Wolfpack,72,70,0,2,2390,152,45.9,36.8
2025-03-08,401724926,Louisville Cardinals,Stanford Cardinal,68,48,0,2,97,24,44.3,30.4
2025-03-08,401724927,Notre Dame Fighting Irish,California Golden Bears,112,110,0,2,87,25,50.0,45.7
2025-03-08,401724928,Florida State Seminoles,SMU Mustangs,76,69,0,2,52,2567,48.1,41.8
2025-03-08,401724929,Clemson Tigers,Virginia Tech Hokies,65,47,0,2,228,259,44.3,41.3
2025-03-08,401725624,Memphis Tigers,South Florida Bulls,84,68,0,2,235,58,52.5,42.9
2025-03-08,401725782,Kansas Jayhawks,Arizona Wildcats,83,76,0,2,2305,12,49.3,47.3
2025-03-08,401725784,Kansas State Wildcats,Iowa State Cyclones,57,73,0,2,2306,66,37.7,47.1
2025-03-08,401725786,Colorado Buffaloes,TCU Horned Frogs,76,56,0,2,38,2628,45.6,31.6
2025-03-08,401725788,West Virginia Mountaineers,UCF Knights,72,65,0,2,277,2116,40.9,39.0
2025-03-08,401725789,Oklahoma State Cowboys,Cincinnati Bearcats,78,67,0,2,197,2132,46.8,40.6
2025-03-08,401728309,Boise State Broncos,Colorado State Rams,73,83,0,2,68,36,41.8,57.4
2025-03-08,401728316,New Mexico Lobos,UNLV Rebels,81,67,0,2,167,2439,53.4,44.6
2025-03-08,401728540,Grambling Tigers,Alabama State Hornets,47,59,0,2,2755,2011,32.7,34.9
2025-03-08,401729827,Tennessee Volunteers,South Carolina Gamecocks,75,65,0,2,2633,2579,54.5,35.1
2025-03-08,401743889,Winthrop Eagles,Longwood Lancers,88,79,1,2,2737,2344,56.9,36.1
2025-03-08,401743890,High Point Panthers,Radford Highlanders,76,73,1,2,2272,2515,53.8,57.1
2025-03-08,401743891,UNC Asheville Bulldogs,Winthrop Eagles,67,86,1,2,2427,2737,38.5,45.2
2025-03-08,401744051,Bradley Braves,Murray State Racers,70,62,1,2,71,93,52.1,33.9
2025-03-08,401744052,Northern Iowa Panthers,Valparaiso Beacons,63,64,1,2,2460,2674,47.9,40.4
2025-03-08,401744056,Drake Bulldogs,Belmont Bruins,57,50,1,2,2181,2057,38.6,40.0
2025-03-08,401744058,Bradley Braves,Valparaiso Beacons,70,65,1,2,71,2674,48.0,36.1
2025-03-08,401744105,Long Island University Sharks,Saint Francis Red Wolves,68,71,0,2,112358,2598,41.8,48.9
2025-03-08,401744106,Central Connecticut Blue Devils,Fairleigh Dickinson Knights,76,72,0,2,2115,161,48.2,39.4
2025-03-08,401744185,VMI Keydets,The Citadel Bulldogs,73,62,1,2,2678,2643,59.2,37.3
2025-03-08,401744187,Chattanooga Mocs,Mercer Bears,76,61,1,2,236,2382,47.4,39.7
2025-03-08,401744189,UNC Greensboro Spartans,VMI Keydets,57,64,1,2,2430,2678,36.5,41.8
2025-03-08,401744190,East Tennessee State Buccaneers,Wofford Terriers,60,72,1,2,2193,2747,40.8,44.7
2025-03-08,401744199,North Dakota State Bison,South Dakota Coyotes,84,85,1,2,2449,233,47.5,42.0
2025-03-08,401744200,South Dakota State Jackrabbits,North Dakota Fighting Hawks,69,85,1,2,2571,155,31.3,45.8
2025-03-08,401744227,App State Mountaineers,Old Dominion Monarchs,56,61,1,2,2026,295,34.6,40.0
2025-03-08,401744228,Arkansas State Red Wolves,Marshall Thundering Herd,77,74,1,2,2032,276,37.9,38.1
2025-03-08,401744258,Portland Pilots,Pepperdine Waves,73,86,1,2,2501,2492,45.0,46.9
2025-03-08,401744259,Loyola Marymount Lions,San Diego Toreros,100,74,1,2,2351,301,63.2,41.0
2025-03-08,401744278,Southeast Missouri State Redhawks,Little Rock Trojans,78,59,1,2,2546,2031,50.0,36.5
2025-03-08,401744279,SIU Edwardsville Cougars,Tennessee State Tigers,71,69,1,2,2565,2634,44.8,46.2
2025-03-08,401745881,Bryant Bulldogs,UMBC Retrievers,85,74,0,2,2803,2378,46.4,42.4
2025-03-08,401745882,Vermont Catamounts,New Hampshire Wildcats,64,57,0,2,261,160,52.1,36.4
2025-03-08,401745883,Maine Black Bears,UMass Lowell River Hawks,72,64,0,2,311,2349,52.7,51.9
2025-03-08,401746240,Drexel Dragons,Elon Phoenix,91,74,1,2,2182,2210,50.8,48.1
2025-03-08,401746241,Campbell Fighting Camels,Delaware Blue Hens,62,79,1,2,2097,48,41.7,49.3
2025-03-08,401746242,Northeastern Huskies,Hampton Pirates,65,70,1,2,111,2261,45.5,43.6
2025-03-09,401706299,Fairfield Stags,Quinnipiac Bobcats,83,74,0,2,2217,2514,48.5,41.0
2025-03-09,401706639,California Baptist Lancers,UT Arlington Mavericks,70,68,0,2,2856,250,41.7,39.1
2025-03-09,401706641,Utah Tech Trailblazers,Seattle U Redhawks,65,70,0,2,3101,2547,47.6,42.3
2025-03-09,401706642,Tarleton State Texans,Utah Valley Wolverines,66,71,0,2,2627,3084,41.5,44.7
2025-03-09,401708442,Texas Longhorns,Oklahoma Sooners,72,76,0,2,251,201,39.0,39.7
2025-03-09,401709998,Long Beach State Beach,Cal Poly Mustangs,69,83,0,2,299,13,42.1,46.8
2025-03-09,401714392,UC Santa Barbara Gauchos,UC Irvine Anteaters,88,97,0,2,2540,300,52.5,56.7
2025-03-09,401714393,UC Davis Aggies,UC San Diego Tritons,57,68,0,2,302,28,34.5,41.2
2025-03-09,401714394,Cal State Northridge Matadors,Hawai'i Rainbow Warriors,82,73,0,2,2463,62,50.0,40.4
2025-03-09,401714395,Cal State Fullerton Titans,UC Riverside Highlanders,59,64,0,2,2239,27,35.0,39.3
2025-03-09,401721478,UCLA Bruins,USC Trojans,90,63,0,2,26,30,61.7,42.9
2025-03-09,401721480,Michigan State Spartans,Michigan Wolverines,79,62,0,2,127,130,44.6,36.5
2025-03-09,401721481,Nebraska Cornhuskers,Iowa Hawkeyes,68,83,0,2,158,2294,34.9,49.2
2025-03-09,401721482,Rutgers Scarlet Knights,Minnesota Golden Gophers,75,67,0,2,164,135,42.4,40.6
2025-03-09,401721483,Washington Huskies,Oregon Ducks,73,80,0,2,264,2483,41.0,49.1
2025-03-09,401722257,San Diego State Aztecs,Nevada Wolf Pack,80,61,0,2,21,2440,54.5,40.4
2025-03-09,401724471,Saint Louis Billikens,Duquesne Dukes,90,88,0,2,139,2184,59.3,50.0
2025-03-09,401724923,Syracuse Orange,Virginia Cavaliers,84,70,0,2,183,258,59.6,51.9
2025-03-09,401725625,Florida Atlantic Owls,East Carolina Pirates,81,53,0,2,2226,151,44.4,29.3
2025-03-09,401725626,Charlotte 49ers,UTSA Roadrunners,80,83,0,2,2429,2636,50.0,52.6
2025-03-09,401725627,Wichita State Shockers,Tulsa Golden Hurricane,63,73,0,2,2724,202,38.5,50.8
2025-03-09,401725628,Tulane Green Wave,UAB Blazers,85,68,0,2,2655,5,54.0,43.1
2025-03-09,401725629,Temple Owls,North Texas Mean Green,66,61,0,2,218,249,47.6,38.5
2025-03-09,401725783,BYU Cougars,Utah Utes,85,74,0,2,252,254,47.5,34.7
2025-03-09,401725785,Arizona State Sun Devils,Texas Tech Red Raiders,57,85,0,2,9,2641,37.3,45.2
2025-03-09,401725787,Baylor Bears,Houston Cougars,61,65,0,2,239,248,33.9,44.0
2025-03-09,401743805,Lipscomb Bisons,North Alabama Lions,76,65,0,2,288,2453,40.4,34.3
2025-03-09,401743892,High Point Panthers,Winthrop Eagles,81,69,1,2,2272,2737,45.2,42.4
2025-03-09,401744061,Drake Bulldogs,Bradley Braves,63,48,1,2,2181,71,45.7,41.5
2025-03-09,401744124,Southeast Missouri State Redhawks,SIU Edwardsville Cougars,48,69,1,2,2546,2565,28.3,44.4
2025-03-09,401744139,Bucknell Bison,Navy Midshipmen,77,83,0,2,2083,2426,46.3,40.0
2025-03-09,401744141,American University Eagles,Colgate Raiders,72,62,0,2,44,2142,50.0,43.9
2025-03-09,401744188,Samford Bulldogs,Furman Paladins,78,95,1,2,2535,231,46.8,59.2
2025-03-09,401744191,Chattanooga Mocs,Furman Paladins,77,80,1,2,236,231,43.8,47.4
2025-03-09,401744192,Wofford Terriers,VMI Keydets,85,65,1,2,2747,2678,48.4,45.5
2025-03-09,401744201,Omaha Mavericks,South Dakota Coyotes,100,75,1,2,2437,233,58.7,34.8
2025-03-09,401744203,St. Thomas Tommies,North Dakota Fighting Hawks,85,69,1,2,2900,155,50.0,49.1
2025-03-09,401744229,Troy Trojans,Old Dominion Monarchs,75,59,1,2,2653,295,44.1,30.8
2025-03-09,401744232,South Alabama Jaguars,Arkansas State Red Wolves,71,74,1,2,6,2032,42.4,40.4
2025-03-09,401744260,Oregon State Beavers,Pepperdine Waves,73,77,1,2,204,2492,44.4,50.0
2025-03-09,401744261,Washington State Cougars,Loyola Marymount Lions,94,77,1,2,265,2351,52.4,40.7
2025-03-09,401745788,Weber State Wildcats,Sacramento State Hornets,83,70,1,2,2692,16,56.6,45.1
2025-03-09,401745789,Northern Arizona Lumberjacks,Eastern Washington Eagles,66,53,1,2,2464,331,44.4,37.7
2025-03-09,401745790,Northern Colorado Bears,Weber State Wildcats,76,52,1,2,2458,2692,52.8,30.6
2025-03-09,401745820,Texas A&M-Corpus Christi Islanders,Houston Christian Huskies,62,48,1,2,357,2277,47.1,35.4
2025-03-09,401745884,UAlbany Great Danes,Binghamton Bearcats,69,66,0,2,399,2066,37.7,43.9
2025-03-09,401746243,Monmouth Hawks,Hofstra Pride,65,60,1,2,2405,2275,42.3,37.7
2025-03-09,401746244,Towson Tigers,Drexel Dragons,82,76,1,2,119,2182,49.3,50.0
2025-03-09,401746245,William & Mary Tribe,Delaware Blue Hens,78,100,1,2,2729,48,34.8,55.0
2025-03-09,401746246,UNC Wilmington Seahawks,Hampton Pirates,79,65,1,2,350,2261,48.9,35.8
2025-03-10,401743966,Robert Morris Colonials,Oakland Golden Grizzlies,79,76,1,2,2523,2473,43.8,46.3
2025-03-10,401744193,Furman Paladins,Wofford Terriers,85,92,1,2,231,2747,48.2,54.2
2025-03-10,401744205,Omaha Mavericks,St. Thomas Tommies,85,75,1,2,2437,2900,49.1,40.3
2025-03-10,401744235,James Madison Dukes,Troy Trojans,60,79,1,2,256,2653,32.3,47.2
2025-03-10,401744237,Troy Trojans,Arkansas State Red Wolves,94,81,1,2,2653,2032,46.7,41.3
2025-03-10,401744262,Santa Clara Broncos,Pepperdine Waves,76,78,1,2,2541,2492,40.6,50.8
2025-03-10,401744263,San Francisco Dons,Washington State Cougars,86,75,1,2,2539,265,43.7,48.3
2025-03-10,401745791,Montana Grizzlies,Northern Arizona Lumberjacks,74,65,1,2,149,2464,54.5,38.7
2025-03-10,401745792,Idaho State Bengals,Montana State Bobcats,60,80,1,2,304,147,33.3,63.5
2025-03-10,401745821,SE Louisiana Lions,Incarnate Word Cardinals,67,71,1,2,2545,2916,40.9,39.1
2025-03-10,401745822,Northwestern State Demons,Texas A&M-Corpus Christi Islanders,66,63,1,2,2466,357,38.5,44.0
2025-03-10,401746247,Charleston Cougars,Monmouth Hawks,79,78,1,2,232,2405,45.5,41.4
2025-03-10,401746248,Towson Tigers,Delaware Blue Hens,72,82,1,2,119,48,40.3,55.1
2025-03-11,401743763,Notre Dame Fighting Irish,Pittsburgh Panthers,55,54,1,2,87,221,39.6,36.2
2025-03-11,401743764,Virginia Tech Hokies,California Golden Bears,73,82,1,2,259,25,41.4,34.8
2025-03-11,401743765,Florida State Seminoles,Syracuse Orange,62,66,1,2,52,183,40.4,44.1
2025-03-11,401743842,Oklahoma State Cowboys,Cincinnati Bearcats,68,87,1,2,197,2132,44.6,47.8
2025-03-11,401743843,TCU Horned Frogs,Colorado Buffaloes,67,69,1,2,2628,38,37.9,41.2
2025-03-11,401743844,Kansas State Wildcats,Arizona State Sun Devils,71,66,1,2,2306,9,50.0,38.3
2025-03-11,401743969,Cleveland State Vikings,Youngstown State Penguins,54,56,1,2,325,2754,41.3,36.0
2025-03-11,401743975,Robert Morris Colonials,Youngstown State Penguins,89,78,1,2,2523,2754,46.8,42.9
2025-03-11,401743992,Rider Broncs,Siena Saints,78,76,1,2,2520,2561,47.7,47.5
2025-03-11,401744108,Central Connecticut Blue Devils,Saint Francis Red Wolves,43,46,0,2,2115,2598,30.4,31.7
2025-03-11,401744240,Grambling Tigers,Alabama A&M Bulldogs,73,56,1,2,2755,2010,49.1,33.3
2025-03-11,401744249,Southern Utah Thunderbirds,Utah Tech Trailblazers,65,72,1,2,253,3101,46.0,43.1
2025-03-11,401744264,Saint Mary's Gaels,Pepperdine Waves,74,59,1,2,2608,2492,50.0,39.3
2025-03-11,401744265,Gonzaga Bulldogs,San Francisco Dons,85,76,1,2,2250,2539,44.4,45.2
2025-03-11,401744545,UTEP Miners,Sam Houston Bearkats,79,65,1,2,2638,2534,45.0,40.0
2025-03-11,401745793,Portland State Vikings,Idaho Vandals,70,80,1,2,2502,70,37.5,49.0
2025-03-11,401745823,Nicholls Colonels,Incarnate Word Cardinals,74,70,1,2,2447,2916,38.6,40.3
2025-03-11,401745824,McNeese Cowboys,Northwestern State Demons,83,64,0,2,2377,2466,54.0,41.1
2025-03-11,401745886,Vermont Catamounts,Maine Black Bears,42,57,0,2,261,311,25.9,38.6
2025-03-11,401746249,UNC Wilmington Seahawks,Charleston Cougars,68,67,1,2,350,232,40.0,36.4
2025-03-11,401746250,UNC Wilmington Seahawks,Delaware Blue Hens,76,72,1,2,350,48,42.9,42.4
2025-03-12,401743766,Georgia Tech Yellow Jackets,Virginia Cavaliers,66,60,1,2,59,258,45.1,36.2
2025-03-12,401743767,North Carolina Tar Heels,Notre Dame Fighting Irish,76,56,1,2,153,87,48.3,32.3
2025-03-12,401743768,Stanford Cardinal,California Golden Bears,78,73,1,2,24,25,50.9,52.8
2025-03-12,401743806,Davidson Wildcats,Richmond Spiders,69,65,1,2,2166,257,47.9,43.4
2025-03-12,401743807,Rhode Island Rams,Fordham Rams,71,88,1,2,227,2230,35.0,46.7
2025-03-12,401743808,Massachusetts Minutemen,La Salle Explorers,71,78,1,2,113,2325,37.3,42.0
2025-03-12,401743840,Utah Utes,UCF Knights,72,87,1,2,254,2116,39.7,54.7
2025-03-12,401743845,Iowa State Cyclones,Cincinnati Bearcats,76,56,1,2,66,2132,53.7,32.8
2025-03-12,401743846,West Virginia Mountaineers,Colorado Buffaloes,60,67,1,2,277,38,41.2,44.9
2025-03-12,401743847,Baylor Bears,Kansas State Wildcats,70,56,1,2,239,2306,45.9,36.8
2025-03-12,401743855,Providence Friars,Butler Bulldogs,69,75,1,2,2507,2086,37.7,48.4
2025-03-12,401743856,Georgetown Hoyas,DePaul Blue Demons,67,71,1,2,46,305,41.4,51.0
2025-03-12,401743893,Minnesota Golden Gophers,Northwestern Wildcats,64,72,1,2,135,77,37.7,48.2
2025-03-12,401743894,Ohio State Buckeyes,Iowa Hawkeyes,70,77,1,2,194,2294,42.4,54.7
2025-03-12,401743993,Sacred Heart Pioneers,Fairfield Stags,71,58,1,2,2529,2217,42.2,33.8
2025-03-12,401744003,Quinnipiac Bobcats,Rider Broncs,78,64,1,2,2514,2520,45.8,45.8
2025-03-12,401744021,Norfolk State Spartans,Maryland Eastern Shore Hawks,77,70,1,2,2450,2379,55.8,42.4
2025-03-12,401744071,San José State Spartans,Wyoming Cowboys,66,61,1,2,23,2751,43.5,42.4
2025-03-12,401744073,Nevada Wolf Pack,Fresno State Bulldogs,86,71,1,2,2440,278,47.8,41.5
2025-03-12,401744078,UNLV Rebels,Air Force Falcons,68,59,1,2,2439,2005,45.1,35.1
2025-03-12,401744147,American University Eagles,Navy Midshipmen,74,52,0,2,44,2426,51.9,35.1
2025-03-12,401744152,Arkansas Razorbacks,South Carolina Gamecocks,72,68,1,2,8,2579,44.6,39.0
2025-03-12,401744154,Vanderbilt Commodores,Texas Longhorns,72,79,1,2,238,251,41.4,46.3
2025-03-12,401744157,Mississippi State Bulldogs,LSU Tigers,91,62,1,2,344,99,52.2,39.3
2025-03-12,401744241,Florida A&M Rattlers,Prairie View A&M Panthers,75,66,1,2,50,2504,45.5,42.6
2025-03-12,401744242,Southern Jaguars,Grambling Tigers,62,65,1,2,2582,2755,31.9,32.2
2025-03-12,401744266,Saint Mary's Gaels,Gonzaga Bulldogs,51,58,1,2,2608,2250,38.5,41.3
2025-03-12,401744546,Western Kentucky Hilltoppers,Florida International Panthers,61,64,1,2,98,2229,35.9,31.6
2025-03-12,401744547,Liberty Flames,UTEP Miners,81,60,1,2,2335,2638,58.2,36.2
2025-03-12,401745776,Rice Owls,Charlotte 49ers,61,64,1,2,242,2429,41.8,38.6
2025-03-12,401745794,Northern Colorado Bears,Montana State Bobcats,72,45,1,2,2458,147,50.0,23.6
2025-03-12,401745795,Montana Grizzlies,Idaho Vandals,78,55,1,2,149,70,45.9,30.9
2025-03-12,401745825,Lamar Cardinals,Nicholls Colonels,58,55,1,2,2320,2447,34.6,31.6
2025-03-12,401745826,McNeese Cowboys,Lamar Cardinals,63,54,0,2,2377,2320,41.7,30.8
2025-03-12,401745885,Bryant Bulldogs,UAlbany Great Danes,91,78,0,2,2803,399,52.3,42.9
2025-03-13,401743769,SMU Mustangs,Syracuse Orange,73,53,1,2,2567,183,53.2,34.0
2025-03-13,401743770,Duke Blue Devils,Georgia Tech Yellow Jackets,78,70,1,2,150,59,43.5,42.6
2025-03-13,401743771,Wake Forest Demon Deacons,North Carolina Tar Heels,59,68,1,2,154,153,33.9,33.9
2025-03-13,401743772,Louisville Cardinals,Stanford Cardinal,75,73,1,2,97,24,50.9,46.4
2025-03-13,401743809,St. Bonaventure Bonnies,Duquesne Dukes,64,59,1,2,179,2184,39.3,42.3
2025-03-13,401743810,Saint Louis Billikens,Davidson Wildcats,83,75,1,2,139,2166,56.9,43.9
2025-03-13,401743811,George Washington Revolutionaries,Fordham Rams,88,81,1,2,45,2230,51.8,44.8
2025-03-13,401743812,Saint Joseph's Hawks,La Salle Explorers,75,70,1,2,2603,2325,37.5,41.9
2025-03-13,401743841,Kansas Jayhawks,UCF Knights,98,94,1,2,2305,2116,44.7,45.6
2025-03-13,401743848,BYU Cougars,Iowa State Cyclones,96,92,1,2,252,66,51.7,56.1
2025-03-13,401743849,Houston Cougars,Colorado Buffaloes,77,68,1,2,248,38,49.0,40.4
2025-03-13,401743850,Texas Tech Red Raiders,Baylor Bears,76,74,1,2,2641,239,39.1,45.0
2025-03-13,401743857,Villanova Wildcats,Seton Hall Pirates,67,55,1,2,222,2550,45.5,43.4
2025-03-13,401743878,St. John's Red Storm,Butler Bulldogs,78,57,1,2,2599,2086,47.2,34.5
2025-03-13,401743879,Xavier Musketeers,Marquette Golden Eagles,87,89,1,2,2752,269,52.6,48.5
2025-03-13,401743880,Creighton Bluejays,DePaul Blue Demons,85,81,1,2,156,305,43.1,45.7
2025-03-13,401743895,Rutgers Scarlet Knights,USC Trojans,89,97,1,2,164,30,42.9,51.7
2025-03-13,401743896,Oregon Ducks,Indiana Hoosiers,72,59,1,2,2483,84,49.1,36.2
2025-03-13,401743897,Wisconsin Badgers,Northwestern Wildcats,70,63,1,2,275,77,41.5,37.0
2025-03-13,401743918,Illinois Fighting Illini,Iowa Hawkeyes,106,94,1,2,356,2294,53.8,54.9
2025-03-13,401743943,UC Santa Barbara Gauchos,Cal State Bakersfield Roadrunners,71,66,1,2,2540,2934,42.3,41.0
2025-03-13,401743944,UC Davis Aggies,Cal Poly Mustangs,76,86,1,2,302,13,50.0,55.6
2025-03-13,401744004,Merrimack Warriors,Sacred Heart Pioneers,66,62,1,2,2771,2529,38.7,30.2
2025-03-13,401744011,Iona Gaels,Manhattan Jaspers,77,65,1,2,314,2363,46.7,32.8
2025-03-13,401744022,South Carolina State Bulldogs,Coppin State Eagles,68,63,1,2,2569,2154,38.7,45.6
2025-03-13,401744024,Howard Bison,Morgan State Bears,90,91,1,2,47,2415,42.4,47.2
2025-03-13,401744082,New Mexico Lobos,San José State Spartans,63,52,1,2,167,23,37.5,35.7
2025-03-13,401744083,San Diego State Aztecs,Boise State Broncos,52,62,1,2,21,68,38.3,33.9
2025-03-13,401744159,Georgia Bulldogs,Oklahoma Sooners,75,81,1,2,61,201,44.4,48.1
2025-03-13,401744161,Ole Miss Rebels,Arkansas Razorbacks,83,80,1,2,145,8,46.9,46.4
2025-03-13,401744162,Texas A&M Aggies,Texas Longhorns,89,94,1,2,245,251,34.7,43.1
2025-03-13,401744163,Missouri Tigers,Mississippi State Bulldogs,85,73,1,2,142,344,49.1,36.4
2025-03-13,401744243,Texas Southern Tigers,Alabama State Hornets,79,84,1,2,2640,2011,52.6,41.5
2025-03-13,401744244,Jackson State Tigers,Florida A&M Rattlers,91,76,1,2,2296,50,61.2,41.0
2025-03-13,401744250,Utah Valley Wolverines,Utah Tech Trailblazers,74,57,1,2,3084,3101,46.2,31.1
2025-03-13,401744251,Grand Canyon Lopes,UT Arlington Mavericks,98,75,1,2,2253,250,53.8,47.3
2025-03-13,401744548,Jacksonville State Gamecocks,Florida International Panthers,65,56,1,2,55,2229,43.4,37.7
2025-03-13,401744549,Kennesaw State Owls,New Mexico State Aggies,80,77,1,2,338,166,45.1,42.2
2025-03-13,401745777,Wichita State Shockers,South Florida Bulls,73,68,1,2,2724,58,41.7,36.4
2025-03-13,401745778,Florida Atlantic Owls,Charlotte 49ers,64,59,1,2,2226,2429,48.9,35.7
2025-03-13,401745779,Temple Owls,Tulsa Golden Hurricane,71,75,1,2,218,202,38.2,47.3
2025-03-13,401745796,Northern Colorado Bears,Montana Grizzlies,83,91,1,2,2458,149,58.8,65.2
2025-03-13,401745813,Akron Zips,Bowling Green Falcons,96,67,1,2,2006,189,49.3,41.7
2025-03-13,401745814,Toledo Rockets,Ohio Bobcats,90,85,1,2,2649,195,43.1,46.4
2025-03-13,401745815,Miami (OH) RedHawks,Eastern Michigan Eagles,81,75,1,2,193,2199,43.1,41.8
2025-03-13,401745816,Kent State Golden Flashes,Western Michigan Broncos,73,66,1,2,2309,2711,47.5,41.9
2025-03-14,401743773,Clemson Tigers,SMU Mustangs,57,54,1,2,228,2567,38.3,40.0
2025-03-14,401743774,Duke Blue Devils,North Carolina Tar Heels,74,71,1,2,150,153,49.1,47.3
2025-03-14,401743813,VCU Rams,St. Bonaventure Bonnies,76,59,1,2,2670,179,42.6,36.4
2025-03-14,401743814,Loyola Chicago Ramblers,Saint Louis Billikens,72,64,1,2,2350,139,45.6,43.1
2025-03-14,401743815,George Mason Patriots,George Washington Revolutionaries,80,65,1,2,2244,45,56.6,42.0
2025-03-14,401743816,Dayton Flyers,Saint Joseph's Hawks,68,73,1,2,2168,2603,36.6,34.9
2025-03-14,401743851,Arizona Wildcats,Kansas Jayhawks,88,77,1,2,12,2305,53.4,42.2
2025-03-14,401743852,Houston Cougars,BYU Cougars,74,54,1,2,248,252,41.8,31.7
2025-03-14,401743881,UConn Huskies,Villanova Wildcats,73,56,1,2,41,222,57.8,31.9
2025-03-14,401743882,St. John's Red Storm,Marquette Golden Eagles,79,63,1,2,2599,269,41.8,39.0
2025-03-14,401743916,Michigan State Spartans,Oregon Ducks,74,64,1,2,127,2483,46.3,47.2
2025-03-14,401743917,UCLA Bruins,Wisconsin Badgers,70,86,1,2,26,275,32.4,51.7
2025-03-14,401743919,Purdue Boilermakers,USC Trojans,76,71,1,2,2509,30,47.3,43.5
2025-03-14,401743938,Maryland Terrapins,Illinois Fighting Illini,88,65,1,2,120,356,42.3,36.5
2025-03-14,401743945,Cal State Northridge Matadors,UC Santa Barbara Gauchos,72,78,1,2,2463,2540,45.5,37.7
2025-03-14,401743946,UC Riverside Highlanders,Cal Poly Mustangs,83,96,1,2,27,13,45.3,47.5
2025-03-14,401744013,Marist Red Foxes,Mount St. Mary's Mountaineers,58,62,1,2,2368,116,31.3,37.0
2025-03-14,401744014,Quinnipiac Bobcats,Iona Gaels,73,81,1,2,2514,314,40.7,52.5
2025-03-14,401744026,Delaware State Hornets,North Carolina Central Eagles,77,79,1,2,2169,2428,51.8,50.0
2025-03-14,401744029,Norfolk State Spartans,Morgan State Bears,58,55,1,2,2450,2415,40.4,35.1
2025-03-14,401744084,Colorado State Rams,Nevada Wolf Pack,67,59,1,2,36,2440,45.1,36.4
2025-03-14,401744086,Utah State Aggies,UNLV Rebels,70,58,1,2,328,2439,46.3,23.6
2025-03-14,401744164,Kentucky Wildcats,Oklahoma Sooners,85,84,1,2,96,201,51.7,48.4
2025-03-14,401744166,Auburn Tigers,Ole Miss Rebels,62,57,1,2,2,145,45.1,37.7
2025-03-14,401744168,Tennessee Volunteers,Texas Longhorns,83,72,1,2,2633,251,50.0,46.3
2025-03-14,401744170,Florida Gators,Missouri Tigers,95,81,1,2,57,142,61.8,44.1
2025-03-14,401744245,Bethune-Cookman Wildcats,Alcorn State Braves,69,60,1,2,2065,2016,43.9,40.3
2025-03-14,401744246,Alabama State Hornets,Grambling Tigers,64,62,1,2,2011,2755,35.9,36.4
2025-03-14,401744252,Abilene Christian Wildcats,Seattle U Redhawks,63,69,1,2,2000,2547,37.9,46.8
2025-03-14,401744253,California Baptist Lancers,Tarleton State Texans,55,51,1,2,2856,2627,32.8,43.2
2025-03-14,401744550,Middle Tennessee Blue Raiders,Louisiana Tech Bulldogs,77,75,1,2,2393,2348,41.5,44.1
2025-03-14,401744551,Liberty Flames,Kennesaw State Owls,81,79,1,2,2335,338,50.9,48.1
2025-03-14,401744552,Jacksonville State Gamecocks,Middle Tennessee Blue Raiders,70,68,1,2,55,2393,45.3,45.3
2025-03-14,401745780,East Carolina Pirates,UTSA Roadrunners,70,65,1,2,151,2636,38.1,38.1
2025-03-14,401745781,Memphis Tigers,Wichita State Shockers,83,80,1,2,235,2724,45.3,41.8
2025-03-14,401745782,Tulane Green Wave,Florida Atlantic Owls,83,76,1,2,2655,2226,48.1,36.2
2025-03-14,401745783,North Texas Mean Green,Tulsa Golden Hurricane,77,59,1,2,249,202,47.2,34.1
2025-03-14,401745817,Akron Zips,Toledo Rockets,100,90,1,2,2006,2649,56.1,49.2
2025-03-14,401745818,Miami (OH) RedHawks,Kent State Golden Flashes,72,64,1,2,193,2309,41.1,35.9
2025-03-15,401743775,Louisville Cardinals,Clemson Tigers,76,73,1,2,97,228,43.6,39.1
2025-03-15,401743817,VCU Rams,Loyola Chicago Ramblers,62,55,1,2,2670,2350,43.1,29.4
2025-03-15,401743838,George Mason Patriots,Saint Joseph's Hawks,74,64,1,2,2244,2603,51.0,33.3
2025-03-15,401743853,Texas Tech Red Raiders,Arizona Wildcats,80,86,1,2,2641,12,42.6,50.8
2025-03-15,401743854,Houston Cougars,Arizona Wildcats,72,64,1,2,248,12,42.6,43.9
2025-03-15,401743883,Creighton Bluejays,UConn Huskies,71,62,1,2,156,41,52.0,42.6
2025-03-15,401743884,St. John's Red Storm,Creighton Bluejays,82,66,0,2,2599,156,52.3,43.3
2025-03-15,401743939,Michigan Wolverines,Purdue Boilermakers,86,68,1,2,130,2509,51.7,33.8
2025-03-15,401743940,Michigan State Spartans,Wisconsin Badgers,74,77,1,2,127,275,40.7,42.6
2025-03-15,401743941,Maryland Terrapins,Michigan Wolverines,80,81,1,2,120,130,44.3,47.0
2025-03-15,401743947,UC San Diego Tritons,UC Santa Barbara Gauchos,69,51,1,2,28,2540,44.0,26.7
2025-03-15,401743948,UC Irvine Anteaters,Cal Poly Mustangs,96,78,1,2,300,13,55.7,46.0
2025-03-15,401743986,Yale Bulldogs,Princeton Tigers,59,57,1,2,43,163,44.9,38.6
2025-03-15,401743987,Cornell Big Red,Dartmouth Big Green,87,71,1,2,172,159,53.3,39.4
2025-03-15,401744015,Merrimack Warriors,Mount St. Mary's Mountaineers,55,57,1,2,2771,116,35.8,37.8
2025-03-15,401744016,Iona Gaels,Mount St. Mary's Mountaineers,49,63,1,2,314,116,31.0,42.3
2025-03-15,401744031,South Carolina State Bulldogs,North Carolina Central Eagles,88,67,1,2,2569,2428,56.4,45.8
2025-03-15,401744034,Norfolk State Spartans,South Carolina State Bulldogs,66,65,1,2,2450,2569,41.7,37.1
2025-03-15,401744088,New Mexico Lobos,Boise State Broncos,69,72,1,2,167,68,39.7,44.2
2025-03-15,401744090,Colorado State Rams,Utah State Aggies,83,72,1,2,36,328,59.5,36.5
2025-03-15,401744093,Colorado State Rams,Boise State Broncos,69,56,1,2,36,68,43.1,38.8
2025-03-15,401744171,Alabama Crimson Tide,Kentucky Wildcats,99,70,1,2,333,96,50.7,37.5
2025-03-15,401744172,Auburn Tigers,Tennessee Volunteers,65,70,1,2,2,2633,41.8,42.6
2025-03-15,401744173,Florida Gators,Alabama Crimson Tide,104,82,1,2,57,333,51.4,41.8
2025-03-15,401744247,Jackson State Tigers,Bethune-Cookman Wildcats,71,50,1,2,2296,2065,45.8,25.3
2025-03-15,401744254,Grand Canyon Lopes,California Baptist Lancers,75,66,1,2,2253,2856,48.1,39.7
2025-03-15,401744255,Utah Valley Wolverines,Seattle U Redhawks,68,55,1,2,3084,2547,48.9,36.4
2025-03-15,401745784,UAB Blazers,East Carolina Pirates,94,77,1,2,5,151,50.7,43.9
2025-03-15,401745785,Memphis Tigers,Tulane Green Wave,78,77,1,2,235,2655,38.5,45.0
2025-03-15,401745786,North Texas Mean Green,UAB Blazers,56,66,1,2,249,5,32.3,42.9
2025-03-15,401745819,Akron Zips,Miami (OH) RedHawks,76,74,1,2,2006,193,45.8,49.1
2025-03-15,401745889,Bryant Bulldogs,Maine Black Bears,79,59,0,2,2803,311,50.8,38.6
2025-03-16,401743776,Duke Blue Devils,Louisville Cardinals,73,62,1,2,150,97,44.0,39.1
2025-03-16,401743839,VCU Rams,George Mason Patriots,68,63,1,2,2670,2244,40.4,33.9
2025-03-16,401743942,Michigan Wolverines,Wisconsin Badgers,59,53,1,2,130,275,32.2,22.1
2025-03-16,401743949,UC San Diego Tritons,UC Irvine Anteaters,75,61,1,2,28,300,49.1,35.1
2025-03-16,401743988,Yale Bulldogs,Cornell Big Red,90,84,1,2,43,172,50.0,55.8
2025-03-16,401744175,Florida Gators,Tennessee Volunteers,86,77,1,2,57,2633,42.6,44.9
2025-03-16,401744248,Jackson State Tigers,Alabama State Hornets,56,60,1,2,2296,2011,37.0,33.8
2025-03-16,401744256,Utah Valley Wolverines,Grand Canyon Lopes,82,89,1,2,3084,2253,46.6,51.9
2025-03-16,401744553,Liberty Flames,Jacksonville State Gamecocks,79,67,1,2,2335,55,60.0,43.6
2025-03-16,401745787,Memphis Tigers,UAB Blazers,84,72,1,2,235,5,47.1,34.8
2025-03-18,401745907,Alabama State Hornets,Saint Francis Red Wolves,70,68,1,3,2011,2598,42.9,50.0
2025-03-18,401751913,Georgia Tech Yellow Jackets,Jacksonville State Gamecocks,64,81,0,3,59,55,35.5,51.7
2025-03-18,401751915,St. Bonaventure Bonnies,Kent State Golden Flashes,56,75,0,3,179,2309,34.4,50.9
2025-03-19,401745911,San Diego State Aztecs,North Carolina Tar Heels,68,95,1,3,21,153,39.7,52.6
2025-03-19,401745913,American University Eagles,Mount St. Mary's Mountaineers,72,83,1,3,44,116,47.4,57.7
2025-03-19,401751910,Oklahoma State Cowboys,Wichita State Shockers,89,79,0,3,197,2724,44.3,40.8
2025-03-19,401751911,Arkansas State Red Wolves,Saint Louis Billikens,103,78,0,3,2032,139,54.1,48.3
2025-03-19,401751912,Middle Tennessee Blue Raiders,Chattanooga Mocs,103,109,0,3,2393,236,48.7,51.3
2025-03-19,401751914,Santa Clara Broncos,UC Riverside Highlanders,101,62,0,3,2541,27,60.7,39.7
2025-03-19,401751936,Stanford Cardinal,Cal State Northridge Matadors,87,70,0,3,24,2463,46.7,45.9
2025-03-19,401751940,Dayton Flyers,Florida Atlantic Owls,86,79,1,3,2168,2226,53.6,50.9
2025-03-19,401751942,George Mason Patriots,Samford Bulldogs,86,69,0,3,2244,2535,50.0,40.7
2025-03-19,401751944,Saint Joseph's Hawks,UAB Blazers,65,69,0,3,2603,5,33.3,36.8
2025-03-20,401745909,Texas Longhorns,Xavier Musketeers,80,86,1,3,251,2752,49.1,55.2
2025-03-20,401745957,Auburn Tigers,Alabama State Hornets,83,63,1,3,2,2011,45.0,37.1
2025-03-20,401745959,Louisville Cardinals,Creighton Bluejays,75,89,1,3,97,156,42.9,57.1
2025-03-20,401745966,Texas A&M Aggies,Yale Bulldogs,80,71,1,3,245,43,51.7,46.6
2025-03-20,401745968,BYU Cougars,VCU Rams,80,71,1,3,252,2670,50.0,41.3
2025-03-20,401745970,Wisconsin Badgers,Montana Grizzlies,85,66,1,3,275,149,55.4,39.7
2025-03-20,401745972,Houston Cougars,SIU Edwardsville Cougars,78,40,1,3,248,2565,40.9,30.6
2025-03-20,401745974,Gonzaga Bulldogs,Georgia Bulldogs,89,68,1,3,2250,61,55.0,35.0
2025-03-20,401745978,Clemson Tigers,McNeese Cowboys,67,69,1,3,228,2377,36.8,43.5
2025-03-20,401745980,Purdue Boilermakers,High Point Panthers,75,63,1,3,2509,2272,45.9,43.4
2025-03-20,401745984,Tennessee Volunteers,Wofford Terriers,77,62,1,3,2633,2747,48.1,41.8
2025-03-20,401745985,Missouri Tigers,Drake Bulldogs,57,67,1,3,142,2181,33.3,54.3
2025-03-20,401745987,Kansas Jayhawks,Arkansas Razorbacks,72,79,1,3,2305,8,43.1,43.1
2025-03-20,401751937,San José State Spartans,Loyola Chicago Ramblers,70,73,0,3,23,2350,36.8,49.1
2025-03-20,401751938,SMU Mustangs,Northern Iowa Panthers,73,63,0,3,2567,2460,44.4,40.0
2025-03-20,401751939,North Texas Mean Green,Furman Paladins,75,64,0,3,249,231,53.8,48.1
2025-03-20,401751941,Bradley Braves,North Alabama Lions,71,62,0,3,71,2453,39.7,34.5
2025-03-20,401751943,UC Irvine Anteaters,Northern Colorado Bears,82,72,0,3,300,2458,49.2,40.3
2025-03-20,401751945,San Francisco Dons,Utah Valley Wolverines,79,70,0,3,2539,3084,44.6,41.4
2025-03-21,401745963,Michigan Wolverines,UC San Diego Tritons,68,65,1,3,130,28,42.1,38.7
2025-03-21,401745983,UCLA Bruins,Utah State Aggies,72,47,1,3,26,328,48.1,30.0
2025-03-21,401745986,Texas Tech Red Raiders,UNC Wilmington Seahawks,82,72,1,3,2641,350,39.1,41.3
2025-03-21,401745989,St. John's Red Storm,Omaha Mavericks,83,53,1,3,2599,2437,45.3,25.7
2025-03-21,401745995,Ole Miss Rebels,North Carolina Tar Heels,71,64,1,3,145,153,44.4,38.1
2025-03-21,401745997,Iowa State Cyclones,Lipscomb Bisons,82,55,1,3,66,288,58.3,37.3
2025-03-21,401745999,Marquette Golden Eagles,New Mexico Lobos,66,75,1,3,269,167,40.7,47.3
2025-03-21,401746003,Duke Blue Devils,Mount St. Mary's Mountaineers,93,49,1,3,150,116,50.0,30.2
2025-03-21,401746005,Mississippi State Bulldogs,Baylor Bears,72,75,1,3,344,239,50.0,43.5
2025-03-21,401746009,Arizona Wildcats,Akron Zips,93,65,1,3,12,2006,56.5,33.3
2025-03-21,401746012,Saint Mary's Gaels,Vanderbilt Commodores,59,56,1,3,2608,238,40.0,40.0
2025-03-21,401746014,Alabama Crimson Tide,Robert Morris Colonials,90,81,1,3,333,2523,58.6,42.3
2025-03-21,401746016,Kentucky Wildcats,Troy Trojans,76,57,1,3,96,2653,47.5,34.9
2025-03-21,401746017,Florida Gators,Norfolk State Spartans,95,69,1,3,57,2450,48.3,45.9
2025-03-21,401746019,Memphis Tigers,Colorado State Rams,70,78,1,3,235,36,42.4,42.1
2025-03-21,401746021,Maryland Terrapins,Grand Canyon Lopes,81,49,1,3,120,2253,50.8,28.6
2025-03-22,401746001,Michigan State Spartans,Bryant Bulldogs,87,62,1,3,127,2803,44.3,37.1
2025-03-22,401746007,Oregon Ducks,Liberty Flames,81,52,1,3,2483,2335,54.4,32.8
2025-03-22,401746015,Illinois Fighting Illini,Xavier Musketeers,86,73,1,3,356,2752,48.3,40.3
2025-03-22,401746018,UConn Huskies,Oklahoma Sooners,67,59,1,3,41,201,42.9,32.1
2025-03-22,401746030,Purdue Boilermakers,McNeese Cowboys,76,62,1,3,2509,2377,45.1,44.6
2025-03-22,401746032,St. John's Red Storm,Arkansas Razorbacks,66,75,1,3,2599,8,28.0,42.9
2025-03-22,401746036,Texas A&M Aggies,Michigan Wolverines,79,91,1,3,245,130,38.0,43.1
2025-03-22,401746040,Texas Tech Red Raiders,Drake Bulldogs,77,64,1,3,2641,2181,53.8,42.6
2025-03-22,401746042,Auburn Tigers,Creighton Bluejays,82,70,1,3,2,156,46.9,47.2
2025-03-22,401751946,Chattanooga Mocs,Dayton Flyers,87,72,0,3,236,2168,57.1,42.4
2025-03-22,401751947,George Mason Patriots,Bradley Braves,67,75,0,3,2244,71,42.9,49.1
2025-03-23,401746034,Wisconsin Badgers,BYU Cougars,89,91,1,3,275,252,42.9,49.2
2025-03-23,401746038,Houston Cougars,Gonzaga Bulldogs,81,76,1,3,248,2250,46.8,50.0
2025-03-23,401746044,Tennessee Volunteers,UCLA Bruins,67,58,1,3,2633,26,42.9,35.8
2025-03-23,401746046,Maryland Terrapins,Colorado State Rams,72,71,1,3,120,36,41.9,46.8
2025-03-23,401746048,Kentucky Wildcats,Illinois Fighting Illini,84,75,1,3,96,356,47.1,43.5
2025-03-23,401746049,Duke Blue Devils,Baylor Bears,89,66,1,3,150,239,64.4,36.8
2025-03-23,401746050,Florida Gators,UConn Huskies,77,75,1,3,57,41,46.0,37.5
2025-03-23,401746052,Alabama Crimson Tide,Saint Mary's Gaels,80,66,1,3,333,2608,51.8,34.3
2025-03-23,401751948,San Francisco Dons,Loyola Chicago Ramblers,76,77,0,3,2539,2350,37.5,40.0
2025-03-23,401751952,SMU Mustangs,Oklahoma State Cowboys,83,85,0,3,2567,197,44.3,50.8
2025-03-23,401751953,North Texas Mean Green,Arkansas State Red Wolves,65,63,0,3,249,2032,43.9,36.9
2025-03-23,401756974,Incarnate Word Cardinals,Manhattan Jaspers,92,85,1,3,2916,2363,56.1,46.7
2025-03-23,401756976,Army Black Knights,Elon Phoenix,83,78,1,3,349,2210,37.1,48.1
2025-03-23,401756979,Northern Arizona Lumberjacks,Queens University Royals,78,85,1,3,2464,2511,46.7,55.9
2025-03-23,401756997,Presbyterian Blue Hose,Illinois State Redbirds,70,78,1,3,2506,2287,45.6,60.0
2025-03-24,401746045,Arizona Wildcats,Oregon Ducks,87,83,1,3,12,2483,45.5,47.1
2025-03-24,401746047,Iowa State Cyclones,Ole Miss Rebels,78,91,1,3,66,145,48.2,58.2
2025-03-24,401746054,Michigan State Spartans,New Mexico Lobos,71,63,1,3,127,167,44.4,48.2
2025-03-24,401751949,Santa Clara Broncos,UAB Blazers,84,88,0,3,2541,5,48.5,43.3
2025-03-24,401751950,Stanford Cardinal,Kent State Golden Flashes,75,77,0,3,24,2309,45.0,41.2
2025-03-24,401751951,UC Irvine Anteaters,Jacksonville State Gamecocks,66,61,0,3,300,55,39.7,36.2
2025-03-24,401756981,Florida Gulf Coast Eagles,Army Black Knights,68,65,1,3,526,349,42.4,39.3
2025-03-24,401756984,Cleveland State Vikings,Queens University Royals,88,73,1,3,325,2511,60.7,51.1
2025-03-24,401756994,Jacksonville Dolphins,Incarnate Word Cardinals,71,87,1,3,294,2916,48.2,54.4
2025-03-25,401751954,Bradley Braves,Chattanooga Mocs,65,67,0,3,71,236,54.2,40.6
2025-03-25,401757001,Incarnate Word Cardinals,Illinois State Redbirds,73,78,1,3,2916,2287,39.7,43.6
2025-03-26,401751955,Oklahoma State Cowboys,North Texas Mean Green,59,61,0,3,197,249,41.8,37.7
2025-03-26,401751976,Loyola Chicago Ramblers,Kent State Golden Flashes,72,62,0,3,2350,2309,45.8,37.0
2025-03-26,401757003,Cleveland State Vikings,Florida Gulf Coast Eagles,72,65,1,3,325,526,37.7,45.6
2025-03-26,401757007,Cleveland State Vikings,Illinois State Redbirds,68,79,1,3,325,2287,41.7,55.3
2025-03-27,401746062,Alabama Crimson Tide,BYU Cougars,113,88,1,3,333,252,53.0,45.8
2025-03-27,401746065,Florida Gators,Maryland Terrapins,87,71,1,3,57,120,50.0,40.7
2025-03-27,401751977,UC Irvine Anteaters,UAB Blazers,81,77,0,3,300,5,41.4,40.5
2025-03-28,401746061,Duke Blue Devils,Arizona Wildcats,100,93,1,3,150,12,60.0,45.5
2025-03-28,401746063,Texas Tech Red Raiders,Arkansas Razorbacks,85,83,1,3,2641,8,41.0,41.5
2025-03-28,401746070,Michigan State Spartans,Ole Miss Rebels,73,70,1,3,127,145,50.0,40.6
2025-03-28,401746072,Tennessee Volunteers,Kentucky Wildcats,78,65,1,3,2633,96,50.9,49.0
2025-03-29,401746069,Auburn Tigers,Michigan Wolverines,78,65,1,3,2,130,39.4,35.6
2025-03-29,401746071,Houston Cougars,Purdue Boilermakers,62,60,1,3,248,2509,37.7,40.4
2025-03-29,401746077,Florida Gators,Texas Tech Red Raiders,84,79,1,3,57,2641,43.9,43.1
2025-03-30,401746076,Duke Blue Devils,Alabama Crimson Tide,85,65,1,3,150,333,53.6,35.4
2025-03-30,401746078,Auburn Tigers,Michigan State Spartans,70,64,1,3,2,127,42.6,34.4
2025-03-30,401746079,Houston Cougars,Tennessee Volunteers,69,50,1,3,248,2633,42.4,28.8
2025-03-31,401758614,Butler Bulldogs,Utah Utes,86,84,1,3,2086,254,47.6,46.2
2025-03-31,401758616,Boise State Broncos,George Washington Revolutionaries,89,59,1,3,68,45,50.0,41.7
2025-04-01,401751978,UC Irvine Anteaters,North Texas Mean Green,69,67,1,3,300,249,49.0,34.3
2025-04-01,401758617,Cincinnati Bearcats,DePaul Blue Demons,83,61,1,3,2132,305,49.3,42.0
2025-04-01,401758618,UCF Knights,Oregon State Beavers,76,75,1,3,2116,204,41.8,47.5
2025-04-01,401758621,Arizona State Sun Devils,Nebraska Cornhuskers,78,86,1,3,9,158,46.4,50.8
2025-04-01,401758622,Washington State Cougars,Georgetown Hoyas,82,85,1,3,265,46,50.0,40.8
2025-04-02,401751979,Loyola Chicago Ramblers,Chattanooga Mocs,73,80,1,3,2350,236,50.0,52.5
2025-04-02,401758619,Colorado Buffaloes,Villanova Wildcats,64,85,1,3,38,222,39.7,53.2
2025-04-02,401758620,USC Trojans,Tulane Green Wave,89,60,1,3,30,2655,63.6,33.9
2025-04-02,401758624,Boise State Broncos,Butler Bulldogs,100,93,1,3,68,2086,60.3,57.6
2025-04-03,401758629,Cincinnati Bearcats,UCF Knights,80,88,1,3,2132,2116,42.9,47.0
2025-04-03,401758631,Georgetown Hoyas,Nebraska Cornhuskers,69,81,1,3,46,158,39.0,47.5
2025-04-04,401751980,UC Irvine Anteaters,Chattanooga Mocs,84,85,1,3,300,236,46.8,36.8
2025-04-04,401758630,USC Trojans,Villanova Wildcats,59,60,1,3,30,222,42.4,37.9
2025-04-05,401746081,Auburn Tigers,Florida Gators,73,79,1,3,2,57,43.9,47.2
2025-04-05,401758632,Nebraska Cornhuskers,Boise State Broncos,79,69,1,3,158,68,46.4,39.7
2025-04-05,401758633,Villanova Wildcats,UCF Knights,98,104,1,3,222,2116,40.3,47.6
2025-04-06,401746080,Duke Blue Devils,Houston Cougars,67,70,1,3,150,248,39.6,37.7
2025-04-06,401758636,UCF Knights,Nebraska Cornhuskers,66,77,1,3,2116,158,39.7,47.5
2025-04-08,401746082,Houston Cougars,Florida Gators,63,65,1,3,248,57,34.8,39.6
