date,id,home,away,hs,as,neutral,type,hid,aid,hfg,afg
2023-11-06,401575517,Tennessee Volunteers,Tennessee Tech Golden Eagles,80,42,0,2,2633,2635,46.0,27.5
2023-11-06,401577640,Purdue Boilermakers,Samford Bulldogs,98,45,0,2,2509,2535,54.8,25.0
2023-11-06,401581587,Oregon Ducks,Georgia Bulldogs,82,71,1,2,2483,61,42.5,33.8
2023-11-06,401582016,UMass Lowell River Hawks,Rivier Raiders,96,51,0,2,2349,111913,55.4,32.8
2023-11-06,401584359,UConn Huskies,Northern Arizona Lumberjacks,95,52,0,2,41,2464,56.1,33.9
2023-11-06,401589360,Pennsylvania Quakers,John Jay Bloodhounds,102,57,0,2,219,212,53.6,31.0
2023-11-06,401591565,Troy Trojans,Fort Lauderdale Eagles,92,47,0,2,2653,123362,46.6,31.4
2023-11-06,401594209,IU Indianapolis Jaguars,Spalding Pelicans,70,63,0,2,85,2589,43.1,42.4
2023-11-06,401598014,Prairie View A&M Panthers,Kansas Christian Falcons,89,66,0,2,2504,123410,47.2,35.7
2023-11-06,401602729,Oregon State Beavers,Linfield Wildcats,82,46,0,2,204,203,46.6,28.3
2023-11-06,401604410,Stephen F. Austin Lumberjacks,North American Stallions,96,68,0,2,2617,126750,53.6,37.1
2023-11-06,401610539,Hofstra Pride,St. Joseph's Long Island Golden Eagles,101,48,0,2,2275,3196,53.2,32.2
2023-11-07,401574207,Tulsa Golden Hurricane,Central Arkansas Bears,70,53,0,2,202,2110,40.0,33.3
2023-11-07,401574590,Northwestern Wildcats,Binghamton Bearcats,72,61,0,2,77,2066,42.4,41.5
2023-11-07,401574603,Syracuse Orange,New Hampshire Wildcats,83,72,0,2,183,160,41.8,36.8
2023-11-07,401574616,Minnesota Golden Gophers,Bethune-Cookman Wildcats,80,60,0,2,135,2065,52.2,32.9
2023-11-07,401574830,Nebraska Cornhuskers,Lindenwood Lions,84,52,0,2,158,2815,48.2,32.4
2023-11-07,401575389,Richmond Spiders,VMI Keydets,93,75,0,2,257,2678,44.4,44.6
2023-11-07,401575401,Pacific Tigers,Sam Houston Bearkats,57,64,0,2,279,2534,37.5,37.3
2023-11-07,401575416,St. Bonaventure Bonnies,Longwood Lancers,73,69,0,2,179,2344,45.8,39.3
2023-11-07,401575425,Virginia Cavaliers,Tarleton State Texans,80,50,0,2,258,2627,48.9,33.3
2023-11-07,401575434,Houston Cougars,UL Monroe Warhawks,84,31,0,2,248,2433,42.6,28.2
2023-11-07,401575443,Iowa State Cyclones,Green Bay Phoenix,85,44,0,2,66,2739,47.0,28.3
2023-11-07,401575451,Kansas Jayhawks,North Carolina Central Eagles,99,56,0,2,2305,2428,69.6,35.1
2023-11-07,401575460,UCF Knights,Florida International Panthers,85,62,0,2,2116,2229,50.0,36.2
2023-11-07,401575469,West Virginia Mountaineers,Missouri State Bears,67,59,0,2,277,2623,34.9,35.4
2023-11-07,401575509,Texas A&M Aggies,East Texas A&M Lions,78,46,0,2,245,2837,46.7,29.6
2023-11-07,401575749,Florida Gators,Loyola Maryland Greyhounds,93,73,0,2,57,2352,58.1,45.8
2023-11-07,401575758,Belmont Bruins,Georgia State Panthers,89,87,0,2,2057,2247,53.3,47.4
2023-11-07,401575800,UCLA Bruins,Saint Francis Red Wolves,75,44,0,2,26,2598,50.9,33.3
2023-11-07,401576137,VCU Rams,McNeese Cowboys,65,76,0,2,2670,2377,41.5,45.8
2023-11-07,401576147,Duke Blue Devils,Dartmouth Big Green,92,54,0,2,150,159,64.4,33.9
2023-11-07,401576156,Boston College Eagles,Fairfield Stags,89,70,0,2,103,2217,49.3,38.2
2023-11-07,401576679,Pepperdine Waves,Concordia University Irvine Eagles,76,64,0,2,2492,506,43.1,51.1
2023-11-07,401577530,Dayton Flyers,SIU Edwardsville Cougars,63,47,0,2,2168,2565,41.7,32.0
2023-11-07,401577540,Saint Joseph's Hawks,Lafayette Leopards,81,60,0,2,2603,322,46.0,37.0
2023-11-07,401577552,Pittsburgh Panthers,North Carolina A&T Aggies,100,52,0,2,221,2448,56.3,27.1
2023-11-07,401577558,Charlotte 49ers,Maine Black Bears,69,52,0,2,2429,311,53.5,33.3
2023-11-07,401577582,Wichita State Shockers,Lipscomb Bisons,76,59,0,2,2724,288,47.7,33.3
2023-11-07,401577598,Marquette Golden Eagles,Northern Illinois Huskies,92,70,0,2,269,2459,52.2,37.1
2023-11-07,401577605,Xavier Musketeers,Robert Morris Colonials,77,63,0,2,2752,2523,57.1,33.9
2023-11-07,401577612,Indiana Hoosiers,Florida Gulf Coast Eagles,69,63,0,2,84,526,51.1,38.7
2023-11-07,401577633,Ohio State Buckeyes,Oakland Golden Grizzlies,79,73,0,2,194,2473,46.2,39.3
2023-11-07,401577647,Charleston Cougars,Iona Gaels,71,69,0,2,232,314,42.4,41.4
2023-11-07,401577656,Colgate Raiders,Brown Bears,72,70,0,2,2142,225,46.3,38.5
2023-11-07,401577681,Quinnipiac Bobcats,Coast Guard Bears,116,48,0,2,2514,2557,60.3,26.2
2023-11-07,401577691,Toledo Rockets,Detroit Mercy Titans,94,60,0,2,2649,2174,50.8,53.2
2023-11-07,401577706,Cincinnati Bearcats,UIC Flames,69,58,0,2,2132,82,41.8,43.3
2023-11-07,401577715,Sacred Heart Pioneers,Sarah Lawrence Gryphons,95,51,0,2,2529,108862,45.6,31.0
2023-11-07,401578009,TCU Horned Frogs,Southern Jaguars,108,75,0,2,2628,2582,61.4,44.6
2023-11-07,401579030,LSU New Orleans Privateers,Millsaps Majors,100,70,0,2,2443,2398,45.2,38.2
2023-11-07,401580104,Illinois State Redbirds,Lourdes Gray Wolves,75,56,0,2,2287,109671,46.6,36.4
2023-11-07,401580926,Washington State Cougars,Idaho Vandals,84,59,0,2,265,70,54.4,34.6
2023-11-07,401581072,George Washington Revolutionaries,Stonehill Skyhawks,89,44,0,2,45,284,50.8,21.4
2023-11-07,401581088,Wake Forest Demon Deacons,Elon Phoenix,101,78,0,2,154,2210,56.9,47.5
2023-11-07,401581156,Providence Friars,Columbia Lions,78,59,0,2,2507,171,49.2,29.6
2023-11-07,401581162,Butler Bulldogs,Eastern Michigan Eagles,94,55,0,2,2086,2199,57.1,32.2
2023-11-07,401581169,Montana State Bobcats,Northwest Indian RedHawks,103,63,0,2,147,3218,55.4,42.6
2023-11-07,401581588,USC Trojans,Kansas State Wildcats,82,69,1,2,30,2306,51.7,31.0
2023-11-07,401581736,Harvard Crimson,UMass Boston Beacons,78,50,0,2,108,2660,51.6,29.4
2023-11-07,401581763,Western Michigan Broncos,North Dakota State Bison,76,80,0,2,2711,2449,42.6,38.6
2023-11-07,401581770,California Golden Bears,St. Thomas Tommies,71,66,0,2,25,2900,49.0,49.1
2023-11-07,401581774,Washington Huskies,Bellarmine Knights,91,57,0,2,264,91,62.1,34.4
2023-11-07,401581782,Lamar Cardinals,Jarvis Christian Bulldogs,114,66,0,2,2320,2299,50.0,28.8
2023-11-07,401581801,Kansas City Roos,Avila Eagles,79,48,0,2,140,2048,39.7,30.6
2023-11-07,401581810,Omaha Mavericks,Doane Tigers,85,53,0,2,2437,2178,48.6,34.8
2023-11-07,401581824,App State Mountaineers,Oakland City Mighty Oaks,87,49,0,2,2026,2474,45.1,28.3
2023-11-07,401581835,Michigan State Spartans,James Madison Dukes,76,79,0,2,127,256,36.1,36.8
2023-11-07,401581845,Marshall Thundering Herd,Queens University Royals,89,73,0,2,276,2511,48.6,38.6
2023-11-07,401581854,Old Dominion Monarchs,Virginia Wesleyan Blue Marlins,71,57,0,2,295,2672,43.9,34.4
2023-11-07,401581868,New Mexico Lobos,Texas Southern Tigers,92,55,0,2,167,2640,44.8,29.4
2023-11-07,401582011,Notre Dame Fighting Irish,Niagara Purple Eagles,70,63,0,2,87,315,50.9,42.4
2023-11-07,401582026,Louisville Cardinals,UMBC Retrievers,94,93,0,2,97,2378,50.0,50.7
2023-11-07,401583589,NC State Wolfpack,The Citadel Bulldogs,72,59,0,2,152,2643,44.6,39.6
2023-11-07,401583596,North Carolina Tar Heels,Radford Highlanders,86,70,0,2,153,2515,52.5,42.4
2023-11-07,401583600,Memphis Tigers,Jackson State Tigers,94,77,0,2,235,2296,50.7,46.0
2023-11-07,401583607,East Carolina Pirates,Ferrum Panthers,91,61,0,2,151,366,51.9,45.0
2023-11-07,401583724,Texas Longhorns,Incarnate Word Cardinals,88,56,0,2,251,2916,50.8,29.7
2023-11-07,401583744,George Mason Patriots,Monmouth Hawks,72,61,0,2,2244,2405,46.9,33.8
2023-11-07,401583759,Clemson Tigers,Winthrop Eagles,78,56,0,2,228,2737,43.5,34.6
2023-11-07,401583776,Louisiana Ragin' Cajuns,Youngstown State Penguins,72,62,0,2,309,2754,35.4,40.0
2023-11-07,401583784,Vermont Catamounts,Merrimack Warriors,67,55,0,2,261,2771,47.2,42.3
2023-11-07,401583836,Portland Pilots,Long Beach State Beach,78,73,0,2,2501,299,43.4,36.2
2023-11-07,401584329,Virginia Tech Hokies,Coppin State Eagles,100,55,0,2,259,2154,51.6,37.3
2023-11-07,401584335,North Florida Ospreys,Coastal Georgia Mariner,92,55,0,2,2454,3189,46.3,36.5
2023-11-07,401584349,Oklahoma Sooners,Central Michigan Chippewas,89,59,0,2,201,2117,56.0,35.9
2023-11-07,401584356,Villanova Wildcats,American University Eagles,90,63,0,2,222,44,54.2,33.9
2023-11-07,401584370,Liberty Flames,Mid Atlantic Christian Mustangs,103,43,0,2,2335,108806,55.4,29.5
2023-11-07,401584384,Army Black Knights,Marist Red Foxes,55,71,0,2,349,2368,38.6,50.0
2023-11-07,401584408,LSU Tigers,Mississippi Valley State Delta Devils,106,60,0,2,99,2400,57.6,38.2
2023-11-07,401584411,Wisconsin Badgers,Arkansas State Red Wolves,105,76,0,2,275,2032,65.0,40.7
2023-11-07,401584434,Tulane Green Wave,Nicholls Colonels,91,81,0,2,2655,2447,50.8,48.4
2023-11-07,401584443,Grand Canyon Lopes,Southeast Missouri State Redhawks,88,67,0,2,2253,2546,50.0,39.1
2023-11-07,401584449,Utah Valley Wolverines,Carroll (MT) Fighting Saints,81,73,0,2,3084,2104,41.9,46.0
2023-11-07,401584510,Illinois Fighting Illini,Eastern Illinois Panthers,80,52,0,2,356,2197,50.0,29.0
2023-11-07,401586889,Fordham Rams,Wagner Seahawks,68,64,0,2,2230,2681,42.6,38.7
2023-11-07,401586898,Rhode Island Rams,Central Connecticut Blue Devils,81,70,0,2,227,2115,56.1,41.8
2023-11-07,401587109,North Alabama Lions,Blue Mountain Christian Toppers,93,60,0,2,2453,494,47.8,31.7
2023-11-07,401587126,Seton Hall Pirates,Saint Peter's Peacocks,70,59,0,2,2550,2612,50.0,42.3
2023-11-07,401587141,Colorado Buffaloes,Towson Tigers,75,57,0,2,38,119,52.0,35.2
2023-11-07,401587148,Middle Tennessee Blue Raiders,Northern Kentucky Norse,74,57,0,2,2393,94,42.4,43.1
2023-11-07,401587164,Rutgers Scarlet Knights,Princeton Tigers,61,68,1,2,164,163,40.3,43.3
2023-11-07,401587184,Yale Bulldogs,Vassar Brewers,102,53,0,2,43,185,63.5,28.2
2023-11-07,401587204,UAB Blazers,Bradley Braves,71,73,0,2,5,71,33.8,43.1
2023-11-07,401587213,Evansville Purple Aces,Miami (OH) RedHawks,72,64,0,2,339,193,45.1,48.1
2023-11-07,401587223,Buffalo Bulls,Fairleigh Dickinson Knights,86,92,0,2,2084,161,41.7,47.6
2023-11-07,401588585,Bowling Green Falcons,Chicago State Cougars,70,41,0,2,189,2130,44.1,25.0
2023-11-07,401588936,Miami Hurricanes,NJIT Highlanders,101,60,0,2,2390,2885,54.2,33.8
2023-11-07,401588940,Kentucky Wildcats,New Mexico State Aggies,86,46,0,2,96,166,49.2,32.1
2023-11-07,401590205,South Dakota State Jackrabbits,Akron Zips,75,81,0,2,2571,2006,50.0,45.6
2023-11-07,401591429,Alabama Crimson Tide,Morehead State Eagles,105,73,0,2,333,2413,56.1,42.9
2023-11-07,401591550,Howard Bison,Hampton Pirates,92,80,0,2,47,2261,56.3,50.0
2023-11-07,401591580,SMU Mustangs,Nelson (TX) Lions,82,63,0,2,2567,2904,42.3,41.9
2023-11-07,401592091,UTSA Roadrunners,Western Illinois Leathernecks,78,68,0,2,2636,2710,35.9,32.0
2023-11-07,401592849,South Carolina Gamecocks,South Carolina Upstate Spartans,82,53,0,2,2579,2908,52.7,34.4
2023-11-07,401593769,La Salle Explorers,Drexel Dragons,67,61,0,2,2325,2182,43.9,41.4
2023-11-07,401593849,Temple Owls,Maryland Eastern Shore Hawks,85,65,0,2,218,2379,43.3,34.8
2023-11-07,401593949,BYU Cougars,Houston Christian Huskies,110,63,0,2,252,2277,47.6,43.3
2023-11-07,401593969,Utah Utes,Eastern Washington Eagles,101,66,0,2,254,331,55.2,37.9
2023-11-07,401593989,Idaho State Bengals,Warner Pacific Knights,92,36,0,2,304,2952,59.0,28.3
2023-11-07,401594009,Northern Colorado Bears,Colorado College Tigers,87,58,0,2,2458,2144,43.5,35.4
2023-11-07,401594029,Air Force Falcons,Portland State Vikings,55,62,0,2,2005,2502,40.0,36.0
2023-11-07,401594089,Stanford Cardinal,Cal State Northridge Matadors,88,79,0,2,24,2463,43.5,47.9
2023-11-07,401594109,UC San Diego Tritons,Denver Pioneers,95,87,0,2,28,2172,53.8,39.4
2023-11-07,401594129,Northeastern Huskies,Boston University Terriers,67,58,0,2,111,104,43.4,40.4
2023-11-07,401594149,William & Mary Tribe,Regent Royals,84,29,0,2,2729,111926,44.3,22.2
2023-11-07,401594169,Duquesne Dukes,Cleveland State Vikings,79,77,0,2,2184,325,41.9,43.8
2023-11-07,401594380,Rider Broncs,Immaculata Mighty Macs,113,67,0,2,2520,107554,55.4,32.8
2023-11-07,401594393,Siena Saints,Holy Cross Crusaders,73,71,0,2,2561,107,44.6,52.7
2023-11-07,401594401,Norfolk State Spartans,Penn State Wilkes-Barre Mountain Lions,102,55,0,2,2450,111942,53.6,41.2
2023-11-07,401594423,Indiana State Sycamores,Saint Mary of the Woods Pomeroys,90,60,0,2,282,126824,55.4,37.3
2023-11-07,401594428,Murray State Racers,Midway Eagles,91,58,0,2,93,111166,50.0,38.7
2023-11-07,401594436,Valparaiso Beacons,Trinity Christian Trolls,100,61,0,2,2674,2652,47.2,34.4
2023-11-07,401594461,Tennessee State Tigers,Fisk Bulldogs,76,61,0,2,2634,2225,43.3,33.9
2023-11-07,401594482,Bucknell Bison,Delaware Blue Hens,57,78,0,2,2083,48,38.9,50.9
2023-11-07,401594524,Arkansas Razorbacks,Alcorn State Braves,93,59,0,2,8,2016,51.9,39.2
2023-11-07,401594537,Missouri Tigers,Arkansas-Pine Bluff Golden Lions,101,79,0,2,142,2029,56.3,40.4
2023-11-07,401594542,Ole Miss Rebels,Alabama State Hornets,69,59,0,2,145,2011,36.8,27.4
2023-11-07,401594560,Chattanooga Mocs,Covenant Fighting Scots,89,44,0,2,236,2157,54.2,25.8
2023-11-07,401594578,Wofford Terriers,Brevard Tornados,85,68,0,2,2747,2913,55.4,43.1
2023-11-07,401594601,UT Arlington Mavericks,Oral Roberts Golden Eagles,75,71,0,2,250,198,34.8,40.0
2023-11-07,401594618,Georgia Tech Yellow Jackets,Georgia Southern Eagles,84,62,0,2,59,290,45.0,40.4
2023-11-07,401594624,California Baptist Lancers,San Francisco State Gators,74,57,0,2,2856,22,39.7,38.0
2023-11-07,401595309,Colorado State Rams,Louisiana Tech Bulldogs,81,73,0,2,36,2348,51.0,44.6
2023-11-07,401596807,Campbell Fighting Camels,Navy Midshipmen,59,48,0,2,2097,2426,52.5,33.9
2023-11-07,401597376,SE Louisiana Lions,Delta State Statesmen,90,71,0,2,2545,2170,62.1,38.4
2023-11-07,401597404,Southern Illinois Salukis,Kentucky State Thorobreds,88,57,0,2,79,2310,54.2,37.7
2023-11-07,401597410,Utah State Aggies,South Dakota Mines Hardrockers,101,48,0,2,328,7298,62.9,28.6
2023-11-07,401597417,Southern Miss Golden Eagles,William Carey Crusaders,64,42,0,2,2572,2730,36.8,23.0
2023-11-07,401597429,Jacksonville State Gamecocks,Brescia Bearcats,91,41,0,2,55,2855,51.7,30.4
2023-11-07,401597830,Davidson Wildcats,Washington and Lee Generals,86,63,0,2,2166,2688,43.3,38.2
2023-11-07,401597878,Austin Peay Governors,Life University Running Eagles,90,72,0,2,2046,124721,47.0,45.9
2023-11-07,401597894,Charleston Southern Buccaneers,Toccoa Falls Eagles,94,59,0,2,2127,2648,52.1,33.8
2023-11-07,401597899,High Point Panthers,St. Andrews Knights,105,51,0,2,2272,2592,47.2,29.0
2023-11-07,401597920,Kent State Golden Flashes,Malone Pioneers,79,58,0,2,2309,556,45.8,38.6
2023-11-07,401597930,San Diego State Aztecs,Cal State Fullerton Titans,83,57,0,2,21,2239,45.2,32.8
2023-11-07,401597988,Mercer Bears,Clark Atlanta Panthers,64,71,0,2,2382,2805,37.5,47.1
2023-11-07,401598008,Little Rock Trojans,Texas State Bobcats,71,66,0,2,2031,326,37.3,38.7
2023-11-07,401598037,Saint Mary's Gaels,Stanislaus State Warriors,107,28,0,2,2608,2616,56.5,15.5
2023-11-07,401598043,San Francisco Dons,Bethesda Flames,128,59,0,2,2539,3246,65.4,36.4
2023-11-07,401598565,Fresno State Bulldogs,Fresno Pacific Sunbirds,77,66,0,2,278,2235,50.0,43.3
2023-11-07,401598574,Lehigh Mountain Hawks,Cornell Big Red,78,84,0,2,2329,172,45.3,45.6
2023-11-07,401598584,Saint Louis Billikens,Southern Indiana Screaming Eagles,75,63,0,2,139,88,36.4,41.5
2023-11-07,401598922,Bryant Bulldogs,Manhattan Jaspers,59,61,0,2,2803,2363,34.4,38.1
2023-11-07,401598924,Milwaukee Panthers,Wisconsin Stout Blue Devils,91,73,0,2,270,2744,43.8,42.6
2023-11-07,401598952,Western Kentucky Hilltoppers,Kentucky Wesleyan Panthers,90,64,0,2,98,2316,56.1,39.7
2023-11-07,401599586,Furman Paladins,North Greenville Trailblazers,84,68,0,2,231,2822,45.8,36.4
2023-11-07,401599986,Jacksonville Dolphins,Johnson University Florida Suns,113,46,0,2,294,3097,51.2,27.6
2023-11-07,401600061,Cal State Bakersfield Roadrunners,Southern Utah Thunderbirds,73,72,0,2,2934,253,44.4,34.3
2023-11-07,401600092,South Dakota Coyotes,Mount Marty Lancers,85,53,0,2,233,573,49.2,34.4
2023-11-07,401600131,Oklahoma State Cowboys,Abilene Christian Wildcats,59,64,0,2,197,2000,41.1,45.6
2023-11-07,401600231,Stetson Hatters,Trinity College of Jacksonville Eagles,109,54,0,2,56,3174,51.8,28.0
2023-11-07,401600255,Arizona Wildcats,Morgan State Bears,122,59,0,2,12,2415,55.3,39.3
2023-11-07,401600439,Penn State Nittany Lions,Delaware State Hornets,79,45,0,2,213,2169,49.1,28.8
2023-11-07,401602356,Northwestern State Demons,Dallas Christian Crusaders,101,54,0,2,2466,2937,56.9,27.3
2023-11-07,401602633,Cal Poly Mustangs,La Verne Leopards,80,62,0,2,13,2318,46.4,40.7
2023-11-07,401602669,UNC Wilmington Seahawks,Mount Olive Trojans,105,66,0,2,350,2418,54.3,36.1
2023-11-07,401604330,UTEP Miners,McMurry War Hawks,120,71,0,2,2638,241,63.3,31.5
2023-11-07,401604369,East Tennessee State Buccaneers,King (TN) Tornado,73,56,0,2,2193,2312,36.8,29.4
2023-11-07,401604760,UT Martin Skyhawks,Champion Christian Tigers,104,76,0,2,2630,3134,50.6,36.7
2023-11-07,401604787,Coastal Carolina Chanticleers,Piedmont Lions,88,86,0,2,324,2496,44.1,43.3
2023-11-07,401606132,South Alabama Jaguars,Mobile Rams,74,83,0,2,6,2920,35.5,60.0
2023-11-07,401606609,Grambling Tigers,UNT Dallas Trailblazers,82,67,0,2,2755,126794,40.6,34.9
2023-11-07,401606991,San Diego Toreros,Sonoma State Cossacks,68,64,0,2,301,2574,38.5,48.9
2023-11-07,401608797,UT Rio Grande Valley Vaqueros,Southwestern Adventist Knights,110,59,0,2,292,2903,50.6,35.8
2023-11-07,401609948,Gardner-Webb Runnin' Bulldogs,Erskine Flying Fleet,98,58,0,2,2241,2215,46.3,35.7
2023-11-07,401609949,UC Davis Aggies,Jessup Warriors,86,51,0,2,302,3078,45.0,34.0
2023-11-07,401611539,South Carolina State Bulldogs,Voorhees Tigers,65,57,0,2,2569,2679,38.1,36.8
2023-11-08,401575479,Georgetown Hoyas,Le Moyne Dolphins,94,57,0,2,46,2330,57.8,32.3
2023-11-08,401577559,Maine Black Bears,Maine Presque Isle Owls,111,59,0,2,311,2361,61.5,30.4
2023-11-08,401577591,Creighton Bluejays,Florida A&M Rattlers,105,54,0,2,156,50,56.7,35.9
2023-11-08,401577620,Maryland Terrapins,Mount St. Mary's Mountaineers,68,53,0,2,120,116,49.0,35.6
2023-11-08,401577627,Michigan Wolverines,UNC Asheville Bulldogs,99,74,0,2,130,2427,56.7,40.0
2023-11-08,401581082,Massachusetts Minutemen,UAlbany Great Danes,92,71,0,2,113,399,43.4,35.7
2023-11-08,401583794,Baylor Bears,Auburn Tigers,88,82,1,2,239,2,43.3,45.5
2023-11-08,401583802,Western Carolina Catamounts,Dalton State Roadrunners,106,65,0,2,2717,3247,57.8,35.8
2023-11-08,401587132,St. John's Red Storm,Stony Brook Seawolves,90,74,0,2,2599,2619,51.5,44.6
2023-11-08,401587157,DePaul Blue Demons,Purdue Fort Wayne Mastodons,74,82,0,2,305,2870,49.0,44.4
2023-11-08,401588586,Ball State Cardinals,Goshen Maple Leafs,101,40,0,2,2050,3067,53.6,29.2
2023-11-08,401590735,Nevada Wolf Pack,Sacramento State Hornets,77,63,0,2,2440,16,44.1,37.1
2023-11-08,401590947,Loyola Marymount Lions,Westcliff Warriors,109,68,0,2,2351,111910,57.5,40.4
2023-11-08,401593829,Rice Owls,St. Thomas (TX) Celts,101,57,0,2,242,3170,53.5,36.8
2023-11-08,401593909,Kennesaw State Owls,Oakwood Ambassadors,93,46,0,2,338,3083,46.8,24.4
2023-11-08,401594069,Vanderbilt Commodores,Presbyterian Blue Hose,62,68,0,2,238,2506,32.8,51.0
2023-11-08,401597398,Iowa Hawkeyes,North Dakota Fighting Hawks,110,68,0,2,2294,155,53.3,40.3
2023-11-08,401600054,Winthrop Eagles,Brevard Tornados,98,44,0,2,2737,2913,61.0,32.6
2023-11-08,401601129,Wyoming Cowboys,Northern New Mexico Eagles,104,56,0,2,2751,3141,62.1,33.3
2023-11-08,401602182,San José State Spartans,UC Irvine Anteaters,72,64,0,2,23,300,46.0,41.8
2023-11-08,401602689,Boise State Broncos,Vanguard Lions,89,55,0,2,68,2585,44.9,31.9
2023-11-08,401602969,UC Riverside Highlanders,UC Merced Bobcats,76,69,0,2,27,3185,34.8,47.9
2023-11-08,401604273,Bryant Bulldogs,Fisher Eagles,140,79,0,2,2803,524,63.4,34.5
2023-11-08,401604386,Weber State Wildcats,Benedictine Mesa Redhawks,96,62,0,2,2692,110031,50.8,34.4
2023-11-08,401604765,Montana Grizzlies,Northwest Indian RedHawks,107,59,0,2,149,3218,63.1,30.3
2023-11-08,401604781,Texas A&M-Corpus Christi Islanders,Southwestern Adventist Knights,111,46,0,2,357,2903,56.1,30.4
2023-11-08,401608973,North Texas Mean Green,Northern Iowa Panthers,83,77,0,2,249,2460,47.4,45.6
2023-11-08,401608975,Eastern Kentucky Colonels,WVU Tech Golden Bears,108,72,0,2,2198,2706,52.3,42.2
2023-11-09,401574578,Ohio Bobcats,Troy Trojans,88,70,0,2,195,2653,45.0,39.0
2023-11-09,401574604,New Hampshire Wildcats,Curry Colonels,115,38,0,2,160,40,51.8,15.4
2023-11-09,401576680,UC Davis Aggies,Pepperdine Waves,79,78,0,2,302,2492,54.2,56.0
2023-11-09,401579108,Santa Clara Broncos,Utah Tech Trailblazers,77,69,0,2,2541,3101,48.1,37.5
2023-11-09,401583813,San Diego Toreros,Jackson State Tigers,87,61,0,2,301,2296,40.7,38.6
2023-11-09,401583837,Portland Pilots,Lewis & Clark River Otters,89,72,0,2,2501,2333,52.9,42.6
2023-11-09,401586910,Syracuse Orange,Canisius Golden Griffins,89,77,0,2,183,2099,53.8,48.4
2023-11-09,401587224,Fairleigh Dickinson Knights,Penn State Brandywine Lions,107,63,0,2,161,111199,50.7,36.8
2023-11-09,401587233,Eastern Illinois Panthers,Monmouth (IL) Fighting Scots,91,45,0,2,2197,2919,49.3,36.7
2023-11-09,401589361,Pennsylvania Quakers,Bucknell Bison,80,61,0,2,219,2083,49.2,37.5
2023-11-09,401590206,South Dakota State Jackrabbits,Dakota Wesleyan Tigers,83,55,0,2,2571,513,47.2,26.7
2023-11-09,401591581,SMU Mustangs,Western Illinois Leathernecks,90,53,0,2,2567,2710,47.4,30.9
2023-11-09,401593929,Drake Bulldogs,Lipscomb Bisons,85,70,0,2,2181,288,51.6,47.4
2023-11-09,401594010,Northern Colorado Bears,Northern New Mexico Eagles,81,60,0,2,2458,3141,45.6,37.7
2023-11-09,401594170,Cleveland State Vikings,Defiance Yellow Jackets,102,41,0,2,325,190,62.7,34.0
2023-11-09,401597296,UNLV Rebels,Southern Jaguars,71,85,0,2,2439,2582,42.6,56.7
2023-11-09,401597373,Delaware Blue Hens,Goldey Beacom Lightning,101,68,0,2,48,108859,58.1,32.9
2023-11-09,401597840,Loyola Chicago Ramblers,Florida Atlantic Owls,62,75,1,2,2350,2226,43.1,46.4
2023-11-09,401597885,Texas Tech Red Raiders,East Texas A&M Lions,73,46,0,2,2641,2837,41.5,29.9
2023-11-09,401597950,Morehead State Eagles,Shawnee State Bears,96,40,0,2,2413,2893,56.5,25.4
2023-11-09,401597957,Mississippi State Bulldogs,Arizona State Sun Devils,71,56,1,2,344,9,40.0,32.1
2023-11-09,401597995,North Dakota State Bison,Mount Marty Lancers,93,66,0,2,2449,573,50.7,46.7
2023-11-09,401598015,Seattle U Redhawks,Prairie View A&M Panthers,71,60,0,2,2547,2504,43.1,30.4
2023-11-09,401598575,Cornell Big Red,SUNY Morrisville Mustangs,107,86,0,2,172,108789,61.4,45.7
2023-11-09,401600250,Saint Louis Billikens,Lincoln (MO) Blue Tigers,102,66,0,2,139,2876,61.8,32.3
2023-11-09,401602187,Alcorn State Braves,Xavier (LA) Gold Nuggets,70,62,0,2,2016,2753,40.0,39.6
2023-11-09,401604276,New Mexico State Aggies,Sul Ross State Lobos,84,49,0,2,166,2834,42.2,33.9
2023-11-09,401606715,Morgan State Bears,Cheyney (PA) Wolves,100,52,0,2,2415,2129,56.5,31.3
2023-11-09,401610179,Baylor Bears,John Brown Golden Eagles,96,70,0,2,239,2301,56.2,46.8
2023-11-10,401574579,Kent State Golden Flashes,James Madison Dukes,108,113,0,2,2309,256,41.3,46.8
2023-11-10,401574831,Nebraska Cornhuskers,Florida A&M Rattlers,81,54,0,2,158,50,41.1,30.3
2023-11-10,401575390,VMI Keydets,Christendom Crusaders,87,53,0,2,2678,111180,51.5,33.3
2023-11-10,401575444,Iowa State Cyclones,Lindenwood Lions,102,47,0,2,66,2815,59.1,28.3
2023-11-10,401576157,Rhode Island Rams,Fairfield Stags,93,80,0,2,227,2217,52.3,36.8
2023-11-10,401576634,Long Island University Sharks,Air Force Falcons,67,82,0,2,112358,2005,37.7,50.9
2023-11-10,401577541,Saint Joseph's Hawks,Pennsylvania Quakers,69,61,0,2,2603,219,40.0,37.1
2023-11-10,401577572,South Florida Bulls,South Carolina State Bulldogs,96,52,0,2,58,2569,53.1,32.2
2023-11-10,401577583,Wichita State Shockers,Western Kentucky Hilltoppers,71,61,0,2,2724,98,48.1,29.6
2023-11-10,401577606,Xavier Musketeers,Jacksonville Dolphins,79,56,0,2,2752,294,39.7,34.8
2023-11-10,401577628,Michigan Wolverines,Youngstown State Penguins,92,62,0,2,130,2754,53.0,35.3
2023-11-10,401577648,Duquesne Dukes,Charleston Cougars,90,72,1,2,2184,232,49.3,39.7
2023-11-10,401577682,Quinnipiac Bobcats,Central Connecticut Blue Devils,74,70,0,2,2514,2115,48.3,49.2
2023-11-10,401578010,TCU Horned Frogs,Omaha Mavericks,82,60,0,2,2628,2437,49.3,39.3
2023-11-10,401579029,McNeese Cowboys,College of Biblical Studies Ambassadors,96,55,0,2,2377,128256,51.3,44.2
2023-11-10,401581589,Charlotte 49ers,Liberty Flames,59,71,1,2,2429,2335,48.1,52.7
2023-11-10,401581775,Washington Huskies,Northern Kentucky Norse,75,67,0,2,264,94,45.5,38.1
2023-11-10,401581783,SMU Mustangs,Lamar Cardinals,78,67,0,2,2567,2320,37.3,36.7
2023-11-10,401582017,Dartmouth Big Green,UMass Lowell River Hawks,48,81,0,2,159,2349,32.7,51.6
2023-11-10,401583734,Idaho Vandals,Cal State Northridge Matadors,73,76,0,2,70,2463,46.7,42.4
2023-11-10,401583785,Merrimack Warriors,Worcester State Lancers,93,72,0,2,2771,402,47.3,38.6
2023-11-10,401584336,Charleston Southern Buccaneers,North Florida Ospreys,70,81,0,2,2127,2454,48.9,44.4
2023-11-10,401584357,Villanova Wildcats,Le Moyne Dolphins,83,57,0,2,222,2330,47.5,35.6
2023-11-10,401584400,Stonehill Skyhawks,Army Black Knights,57,44,0,2,284,349,50.0,26.1
2023-11-10,401584450,Sam Houston Bearkats,Utah Valley Wolverines,73,79,0,2,2534,3084,34.4,53.4
2023-11-10,401586904,Florida State Seminoles,Kennesaw State Owls,94,67,0,2,52,338,46.6,31.9
2023-11-10,401587110,North Alabama Lions,Alabama A&M Bulldogs,83,67,0,2,2453,2010,48.1,35.7
2023-11-10,401587142,Coppin State Eagles,Towson Tigers,49,70,0,2,2154,119,34.8,44.4
2023-11-10,401587149,Middle Tennessee Blue Raiders,Stephen F. Austin Lumberjacks,67,62,0,2,2393,2617,35.7,46.3
2023-11-10,401587158,Purdue Fort Wayne Mastodons,Andrews Cardinals,130,34,0,2,2870,128343,60.9,23.0
2023-11-10,401588311,Elon Phoenix,East Tennessee State Buccaneers,79,76,0,2,2210,2193,50.8,43.3
2023-11-10,401589377,San Francisco Dons,Saint Francis Red Wolves,84,52,0,2,2539,2598,56.4,38.3
2023-11-10,401589463,Wagner Seahawks,Molloy Lions,83,48,0,2,2681,2404,41.7,35.3
2023-11-10,401590878,North Carolina Central Eagles,Virginia Lynchburg Dragons,107,54,0,2,2428,3229,52.6,30.3
2023-11-10,401591551,Hampton Pirates,Mid Atlantic Christian Mustangs,109,46,0,2,2261,108806,59.7,28.4
2023-11-10,401592369,Michigan State Spartans,Southern Indiana Screaming Eagles,74,51,0,2,127,88,48.1,31.7
2023-11-10,401594030,UC Santa Barbara Gauchos,Portland State Vikings,76,82,0,2,2540,2502,51.9,46.2
2023-11-10,401594070,Presbyterian Blue Hose,Columbia International Rams,100,58,0,2,2506,3242,55.4,36.8
2023-11-10,401594150,William & Mary Tribe,American University Eagles,75,56,0,2,2729,44,48.9,36.7
2023-11-10,401594189,Green Bay Phoenix,St. Francis (IL) Fighting Saints,72,56,0,2,2739,2595,53.6,40.0
2023-11-10,401594402,Norfolk State Spartans,Apprentice School Builders,90,56,0,2,2450,3111,51.5,35.2
2023-11-10,401594462,Tennessee State Tigers,Kentucky State Thorobreds,83,58,0,2,2634,2310,48.5,35.6
2023-11-10,401594592,Denver Pioneers,Cal Poly Mustangs,97,76,0,2,2172,13,55.1,43.2
2023-11-10,401597918,Stony Brook Seawolves,St. Joseph's Long Island Golden Eagles,91,50,0,2,2619,3196,44.6,30.6
2023-11-10,401597989,Chicago State Cougars,Mercer Bears,61,66,0,2,2130,2382,37.5,45.8
2023-11-10,401598038,Saint Mary's Gaels,New Mexico Lobos,72,58,0,2,2608,167,45.5,37.1
2023-11-10,401599982,Tulane Green Wave,Northwestern State Demons,88,71,0,2,2655,2466,51.8,38.8
2023-11-10,401600062,USC Trojans,Cal State Bakersfield Roadrunners,85,59,0,2,30,2934,54.5,42.1
2023-11-10,401600141,Southern Utah Thunderbirds,Life Pacific Warriors,108,73,0,2,253,109670,59.1,43.1
2023-11-10,401601498,Evansville Purple Aces,Health Sciences & Pharmacy Eutectics,116,46,0,2,339,112686,59.3,22.5
2023-11-10,401602183,San José State Spartans,Bethesda Flames,117,72,0,2,23,3246,58.7,41.0
2023-11-10,401604272,Georgia Tech Yellow Jackets,Howard Bison,88,85,0,2,59,47,44.2,50.0
2023-11-10,401604331,UTEP Miners,Science and Arts (OK) Drovers,123,72,0,2,2638,608,57.1,43.3
2023-11-10,401604334,SIU Edwardsville Cougars,North Park Vikings,92,67,0,2,2565,75,54.2,42.1
2023-11-10,401604754,Arkansas-Pine Bluff Golden Lions,Champion Christian Tigers,116,73,0,2,2029,3134,52.4,36.8
2023-11-10,401604889,Robert Morris Colonials,Point Park Pioneers,66,56,0,2,2523,214,37.3,31.1
2023-11-10,401608781,Florida International Panthers,Tarleton State Texans,65,82,0,2,2229,2627,39.7,51.7
2023-11-11,401574208,Central Arkansas Bears,Hendrix Warriors,82,39,0,2,2110,418,45.2,26.0
2023-11-11,401574580,Akron Zips,Southern Miss Golden Eagles,72,54,0,2,2006,2572,47.3,39.7
2023-11-11,401574582,Ball State Cardinals,Old Dominion Monarchs,73,68,0,2,2050,295,39.6,50.9
2023-11-11,401574583,Buffalo Bulls,South Alabama Jaguars,56,70,0,2,2084,6,36.4,57.1
2023-11-11,401574584,Bowling Green Falcons,Arkansas State Red Wolves,81,75,0,2,189,2032,50.0,49.2
2023-11-11,401574585,Northern Illinois Huskies,App State Mountaineers,91,78,0,2,2459,2026,50.0,41.6
2023-11-11,401574586,Miami (OH) RedHawks,Texas State Bobcats,65,75,0,2,193,326,41.7,46.0
2023-11-11,401574587,Eastern Michigan Eagles,Georgia Southern Eagles,70,60,0,2,2199,290,48.1,31.7
2023-11-11,401574588,Western Michigan Broncos,Georgia State Panthers,70,77,0,2,2711,2247,42.0,45.5
2023-11-11,401574589,Central Michigan Chippewas,UL Monroe Warhawks,64,74,0,2,2117,2433,40.7,48.3
2023-11-11,401574591,Pittsburgh Panthers,Binghamton Bearcats,89,60,0,2,221,2066,46.2,34.4
2023-11-11,401574617,Bethune-Cookman Wildcats,Trinity (FL) Tigers,113,46,0,2,2065,3155,50.6,22.2
2023-11-11,401575402,California Golden Bears,Pacific Tigers,79,87,0,2,25,279,46.4,49.2
2023-11-11,401575417,St. Bonaventure Bonnies,Canisius Golden Griffins,67,70,0,2,179,2099,40.4,50.0
2023-11-11,401575426,Florida Gators,Virginia Cavaliers,70,73,1,2,57,258,40.0,44.8
2023-11-11,401575435,Houston Cougars,Texas A&M-Corpus Christi Islanders,82,50,0,2,248,357,41.8,29.7
2023-11-11,401575452,Kansas Jayhawks,Manhattan Jaspers,99,61,0,2,2305,2363,56.7,33.8
2023-11-11,401575461,Miami Hurricanes,UCF Knights,88,72,0,2,2390,2116,51.0,41.1
2023-11-11,401575470,West Virginia Mountaineers,Monmouth Hawks,65,73,0,2,277,2405,31.3,45.5
2023-11-11,401575510,Ohio State Buckeyes,Texas A&M Aggies,66,73,0,2,194,245,41.9,42.9
2023-11-11,401575518,Wisconsin Badgers,Tennessee Volunteers,70,80,0,2,275,2633,41.0,50.0
2023-11-11,401575759,Furman Paladins,Belmont Bruins,99,76,0,2,231,2057,52.1,43.5
2023-11-11,401575801,UCLA Bruins,Lafayette Leopards,68,50,0,2,26,322,43.1,32.7
2023-11-11,401576138,VCU Rams,Samford Bulldogs,75,65,0,2,2670,2535,49.0,34.8
2023-11-11,401576148,Duke Blue Devils,Arizona Wildcats,73,78,0,2,150,12,43.1,46.2
2023-11-11,401577531,Northwestern Wildcats,Dayton Flyers,71,66,0,2,77,2168,47.2,53.8
2023-11-11,401577592,Creighton Bluejays,North Dakota State Bison,89,60,0,2,156,2449,61.1,41.7
2023-11-11,401577599,Marquette Golden Eagles,Rider Broncs,95,65,0,2,269,2520,54.8,39.4
2023-11-11,401577641,Purdue Boilermakers,Morehead State Eagles,87,57,0,2,2509,2413,54.5,34.3
2023-11-11,401577657,Brown Bears,Loyola Maryland Greyhounds,75,77,0,2,225,2352,38.8,43.3
2023-11-11,401577707,UIC Flames,Little Rock Trojans,86,71,0,2,82,2031,48.3,39.1
2023-11-11,401577716,Iona Gaels,Sacred Heart Pioneers,88,81,0,2,314,2529,48.4,50.8
2023-11-11,401579031,LSU New Orleans Privateers,Southern New Orleans Knights,106,69,0,2,2443,2573,53.2,37.7
2023-11-11,401580927,Washington State Cougars,Prairie View A&M Panthers,83,65,0,2,265,2504,53.6,35.4
2023-11-11,401581073,George Washington Revolutionaries,William & Mary Tribe,95,89,0,2,45,2729,50.0,40.3
2023-11-11,401581089,Georgia Bulldogs,Wake Forest Demon Deacons,80,77,0,2,61,154,47.0,39.1
2023-11-11,401581157,Providence Friars,Milwaukee Panthers,79,69,0,2,2507,270,39.4,37.7
2023-11-11,401581163,Butler Bulldogs,Southeast Missouri State Redhawks,91,56,0,2,2086,2546,48.3,29.0
2023-11-11,401581170,Seattle U Redhawks,Montana State Bobcats,71,68,0,2,2547,147,46.4,45.5
2023-11-11,401581590,South Carolina Gamecocks,Virginia Tech Hokies,79,77,1,2,2579,259,56.4,50.0
2023-11-11,401581726,UNC Greensboro Spartans,North Carolina A&T Aggies,94,78,0,2,2430,2448,47.2,42.4
2023-11-11,401581737,Rice Owls,Harvard Crimson,76,89,0,2,242,108,41.7,53.3
2023-11-11,401581846,Radford Highlanders,Marshall Thundering Herd,66,62,1,2,2515,276,37.7,32.3
2023-11-11,401581869,Arizona State Sun Devils,Texas Southern Tigers,63,52,0,2,9,2640,36.8,32.4
2023-11-11,401582012,Notre Dame Fighting Irish,Western Carolina Catamounts,61,71,0,2,87,2717,37.9,39.1
2023-11-11,401582027,UMBC Retrievers,Marist Red Foxes,59,65,0,2,2378,2368,36.2,45.0
2023-11-11,401583590,NC State Wolfpack,Abilene Christian Wildcats,84,64,0,2,152,2000,46.8,35.1
2023-11-11,401583601,Missouri Tigers,Memphis Tigers,55,70,0,2,142,235,31.6,42.9
2023-11-11,401583608,East Carolina Pirates,Campbell Fighting Camels,77,63,0,2,151,2097,47.6,46.3
2023-11-11,401583713,Southern Illinois Salukis,Queens University Royals,91,68,0,2,79,2511,50.0,45.1
2023-11-11,401583725,Texas Longhorns,Delaware State Hornets,86,59,0,2,251,2169,52.8,40.4
2023-11-11,401583753,Cincinnati Bearcats,Detroit Mercy Titans,93,61,0,2,2132,2174,49.3,37.5
2023-11-11,401583760,UAB Blazers,Clemson Tigers,76,77,1,2,5,228,46.7,49.1
2023-11-11,401583795,Auburn Tigers,SE Louisiana Lions,86,71,0,2,2,2545,40.5,39.7
2023-11-11,401583814,California Baptist Lancers,Jackson State Tigers,80,66,0,2,2856,2296,48.1,40.4
2023-11-11,401583847,Davidson Wildcats,Maryland Terrapins,64,61,1,2,2166,120,42.9,35.1
2023-11-11,401584350,Oklahoma Sooners,Mississippi Valley State Delta Devils,82,43,0,2,201,2400,46.0,32.1
2023-11-11,401584429,LSU Tigers,Nicholls Colonels,66,68,0,2,99,2447,39.3,42.9
2023-11-11,401584511,Illinois Fighting Illini,Oakland Golden Grizzlies,64,53,0,2,356,2473,47.3,37.5
2023-11-11,401586890,Fordham Rams,Cornell Big Red,73,78,0,2,2230,172,44.6,54.0
2023-11-11,401587127,Seton Hall Pirates,Fairleigh Dickinson Knights,85,55,0,2,2550,161,47.1,28.3
2023-11-11,401587165,Hofstra Pride,Princeton Tigers,67,74,0,2,2275,163,43.9,44.4
2023-11-11,401587185,Gonzaga Bulldogs,Yale Bulldogs,86,71,0,2,2250,43,50.0,40.7
2023-11-11,401587199,Cleveland State Vikings,Ohio Bobcats,82,78,0,2,325,195,41.7,50.0
2023-11-11,401588943,Kentucky Wildcats,East Texas A&M Lions,81,61,0,2,96,2837,47.8,41.1
2023-11-11,401589057,George Mason Patriots,Austin Peay Governors,67,45,0,2,2244,2046,39.6,28.8
2023-11-11,401589296,UConn Huskies,Stonehill Skyhawks,107,67,0,2,41,284,53.5,42.4
2023-11-11,401589372,Colorado State Rams,Wright State Raiders,105,77,0,2,36,2750,63.6,50.0
2023-11-11,401589735,Mount St. Mary's Mountaineers,Coppin State Eagles,74,60,0,2,116,2154,47.2,33.9
2023-11-11,401591430,Alabama Crimson Tide,Indiana State Sycamores,102,80,0,2,333,282,51.6,50.9
2023-11-11,401591566,Oregon State Beavers,Troy Trojans,81,80,0,2,204,2653,42.4,33.8
2023-11-11,401591575,Jacksonville State Gamecocks,Utah Tech Trailblazers,79,81,0,2,55,3101,41.1,45.6
2023-11-11,401592092,Minnesota Golden Gophers,UTSA Roadrunners,102,76,0,2,135,2636,54.5,40.8
2023-11-11,401593770,La Salle Explorers,Northeastern Huskies,79,74,0,2,2325,111,48.3,43.5
2023-11-11,401593809,The Citadel Bulldogs,Boston College Eagles,71,75,0,2,2643,103,48.2,53.3
2023-11-11,401593850,Navy Midshipmen,Temple Owls,68,75,0,2,2426,218,43.6,41.0
2023-11-11,401593869,Florida Gulf Coast Eagles,Ave Maria Gyrenes,80,71,0,2,526,3178,46.0,35.7
2023-11-11,401593930,Lipscomb Bisons,Asbury Eagles,113,74,0,2,288,2036,63.6,38.7
2023-11-11,401593950,BYU Cougars,San Diego State Aztecs,74,65,0,2,252,21,42.6,44.8
2023-11-11,401593970,Ole Miss Rebels,Eastern Washington Eagles,75,64,0,2,145,331,47.5,43.1
2023-11-11,401593990,St. Thomas Tommies,Idaho State Bengals,54,53,0,2,2900,304,38.9,46.9
2023-11-11,401594049,Stanford Cardinal,Sacramento State Hornets,91,73,0,2,24,16,55.7,38.2
2023-11-11,401594210,Valparaiso Beacons,IU Indianapolis Jaguars,56,66,0,2,2674,85,31.7,38.5
2023-11-11,401594429,Murray State Racers,Tennessee Tech Golden Eagles,78,72,0,2,93,2635,50.9,50.8
2023-11-11,401594479,Colorado Buffaloes,Grambling Tigers,95,63,0,2,38,2755,55.6,38.9
2023-11-11,401594525,Arkansas Razorbacks,Gardner-Webb Runnin' Bulldogs,86,68,0,2,8,2241,50.0,34.7
2023-11-11,401594551,Vanderbilt Commodores,South Carolina Upstate Spartans,74,67,0,2,238,2908,45.8,43.3
2023-11-11,401594561,Louisville Cardinals,Chattanooga Mocs,71,81,0,2,97,236,38.2,44.3
2023-11-11,401594579,Wofford Terriers,High Point Panthers,99,98,0,2,2747,2272,49.2,49.1
2023-11-11,401594602,Oral Roberts Golden Eagles,Mid America Christian Evangels,74,69,0,2,198,3126,47.1,42.2
2023-11-11,401597903,Longwood Lancers,St. Mary's (MD) Seahawks,95,43,0,2,2344,117,49.3,36.2
2023-11-11,401597961,Rutgers Scarlet Knights,Boston University Terriers,69,45,0,2,164,104,44.2,26.9
2023-11-11,401597983,Mississippi State Bulldogs,UT Martin Skyhawks,87,63,0,2,344,2630,40.9,33.3
2023-11-11,401598958,Kansas State Wildcats,Bellarmine Knights,83,75,0,2,2306,91,44.4,48.4
2023-11-11,401598976,NJIT Highlanders,Saint Peter's Peacocks,48,75,0,2,2885,2612,26.2,35.7
2023-11-11,401600055,Winthrop Eagles,Drexel Dragons,72,74,0,2,2737,2182,46.8,44.1
2023-11-11,401600085,Utah Utes,UC Riverside Highlanders,82,53,0,2,254,27,48.5,30.8
2023-11-11,401600093,South Dakota Coyotes,UT Rio Grande Valley Vaqueros,100,79,1,2,233,292,54.0,39.7
2023-11-11,401600113,Iowa Hawkeyes,Alabama State Hornets,98,67,0,2,2294,2011,45.8,35.4
2023-11-11,401600291,Oregon Ducks,Montana Grizzlies,75,61,0,2,2483,149,41.3,37.9
2023-11-11,401600440,Penn State Nittany Lions,Lehigh Mountain Hawks,74,65,0,2,213,2329,45.3,38.1
2023-11-11,401601463,UNC Asheville Bulldogs,UNC Wilmington Seahawks,66,83,0,2,2427,350,44.9,48.1
2023-11-11,401604793,Maryland Eastern Shore Hawks,Cairn Highlanders,83,65,0,2,2379,429,49.2,41.5
2023-11-11,401604805,Tulsa Golden Hurricane,Incarnate Word Cardinals,85,71,0,2,202,2916,40.7,28.6
2023-11-11,401608794,UT Arlington Mavericks,UT Tyler Patriots,95,64,0,2,250,3086,48.6,35.9
2023-11-11,401608976,Eastern Kentucky Colonels,Wilberforce Bulldogs,133,75,0,2,2198,2726,58.0,38.2
2023-11-12,401574581,Toledo Rockets,Louisiana Ragin' Cajuns,87,78,0,2,2649,309,57.1,54.1
2023-11-12,401574592,Binghamton Bearcats,Keystone Giants,104,50,0,2,2066,108860,58.7,26.7
2023-11-12,401575445,Iowa State Cyclones,Idaho State Bengals,86,55,0,2,66,304,47.7,41.9
2023-11-12,401575480,Georgetown Hoyas,Holy Cross Crusaders,67,68,0,2,46,107,36.1,46.3
2023-11-12,401576681,Pepperdine Waves,Lafayette Leopards,76,53,0,2,2492,322,47.6,35.2
2023-11-12,401577560,Maine Black Bears,Merrimack Warriors,65,71,0,2,311,2771,40.0,51.1
2023-11-12,401577584,Wichita State Shockers,Friends Falcons,95,65,0,2,2724,128218,49.3,36.2
2023-11-12,401579109,Santa Clara Broncos,Saint Francis Red Wolves,82,59,0,2,2541,2598,52.2,39.3
2023-11-12,401580105,Saint Louis Billikens,Illinois State Redbirds,80,71,0,2,139,2287,42.3,39.3
2023-11-12,401581802,Kansas City Roos,Saint Mary (KS) UNIVERSITY OF SAINT MARY,95,42,0,2,140,603,56.7,29.6
2023-11-12,401581811,North Texas Mean Green,Omaha Mavericks,75,64,0,2,249,2437,56.3,40.8
2023-11-12,401581836,James Madison Dukes,Howard Bison,107,86,0,2,256,47,53.6,47.5
2023-11-12,401582139,Columbia Lions,UAlbany Great Danes,75,78,0,2,171,399,40.4,45.8
2023-11-12,401583597,North Carolina Tar Heels,Lehigh Mountain Hawks,90,68,0,2,153,2329,46.3,36.6
2023-11-12,401583838,Portland Pilots,UC Riverside Highlanders,76,65,0,2,2501,27,45.3,33.3
2023-11-12,401583848,UAB Blazers,Maryland Terrapins,66,63,1,2,5,120,40.7,38.6
2023-11-12,401583849,Clemson Tigers,Davidson Wildcats,68,65,1,2,228,2166,45.6,39.3
2023-11-12,401584360,Grand Canyon Lopes,Northern Arizona Lumberjacks,89,55,0,2,2253,2464,56.4,39.3
2023-11-12,401584389,Niagara Purple Eagles,Bucknell Bison,64,73,0,2,315,2083,44.4,52.8
2023-11-12,401587135,Radford Highlanders,Eastern Mennonite Royals,84,47,0,2,2515,2192,58.2,25.0
2023-11-12,401587159,Purdue Fort Wayne Mastodons,East Texas A&M Lions,86,64,0,2,2870,2837,51.6,43.1
2023-11-12,401587186,Loyola Marymount Lions,Yale Bulldogs,80,83,0,2,2351,43,49.2,49.1
2023-11-12,401587205,Bradley Braves,Utah State Aggies,72,66,0,2,71,328,42.9,33.8
2023-11-12,401587234,Loyola Chicago Ramblers,Eastern Illinois Panthers,89,65,0,2,2350,2197,59.3,34.8
2023-11-12,401588312,North Dakota Fighting Hawks,Elon Phoenix,85,68,0,2,155,2210,48.4,37.5
2023-11-12,401590879,Georgia Bulldogs,North Carolina Central Eagles,64,54,0,2,61,2428,35.8,32.7
2023-11-12,401591555,Columbia Lions,Bard BARD,86,36,0,2,171,66779,50.9,26.3
2023-11-12,401593789,Richmond Spiders,Siena Saints,90,48,0,2,257,2561,59.3,40.0
2023-11-12,401593971,Cincinnati Bearcats,Eastern Washington Eagles,85,73,0,2,2132,331,46.7,44.8
2023-11-12,401594031,Portland State Vikings,Linfield Wildcats,70,53,0,2,2502,203,41.0,38.2
2023-11-12,401594110,UC San Diego Tritons,San Diego Toreros,69,63,0,2,28,301,46.2,42.9
2023-11-12,401594441,Delaware Blue Hens,Air Force Falcons,65,57,0,2,48,2005,44.9,46.9
2023-11-12,401594473,Western Illinois Leathernecks,St. Ambrose Fighting Bees,94,59,0,2,2710,2591,48.5,31.0
2023-11-12,401597297,UNLV Rebels,Stetson Hatters,71,55,0,2,2439,56,41.5,31.8
2023-11-12,401597846,Vermont Catamounts,Plattsburgh Cardinals,92,41,0,2,261,177,61.0,29.1
2023-11-12,401597886,Texas Tech Red Raiders,San José State Spartans,56,42,0,2,2641,23,39.0,34.0
2023-11-12,401597890,DePaul Blue Demons,Long Beach State Beach,73,77,0,2,305,299,44.1,45.9
2023-11-12,401597921,Kent State Golden Flashes,Fresno State Bulldogs,79,69,0,2,2309,278,48.3,60.0
2023-11-12,401598002,St. Thomas Tommies,North Central Rams,100,54,0,2,2900,121894,55.4,36.7
2023-11-12,401598044,Boise State Broncos,San Francisco Dons,63,58,0,2,68,2539,42.6,44.2
2023-11-12,401598585,Southern Indiana Screaming Eagles,Chicago State Cougars,67,78,0,2,88,2130,42.1,42.2
2023-11-12,401598760,Cal State Fullerton Titans,La Sierra Golden Eagles,78,48,0,2,2239,3167,52.9,29.6
2023-11-12,401600049,South Carolina Upstate Spartans,Carolina University Bruins,106,48,0,2,2908,108942,59.4,32.1
2023-11-12,401600448,Rutgers Scarlet Knights,Bryant Bulldogs,66,57,0,2,164,2803,31.1,37.3
2023-11-12,401601130,Wyoming Cowboys,Cal Poly Mustangs,80,66,0,2,2751,13,52.1,40.7
2023-11-12,401602630,Baylor Bears,Gardner-Webb Runnin' Bulldogs,77,62,0,2,239,2241,44.8,37.3
2023-11-12,401603530,UC Irvine Anteaters,New Mexico State Aggies,91,74,0,2,300,166,52.6,42.9
2023-11-12,401603540,Oklahoma State Cowboys,Sam Houston Bearkats,85,70,0,2,197,2534,46.9,37.7
2023-11-12,401606716,Morgan State Bears,Penn State Wilkes-Barre Mountain Lions,78,60,0,2,2415,111942,48.3,35.8
2023-11-12,401608791,Tarleton State Texans,UNT Dallas Trailblazers,93,52,0,2,2627,126794,52.4,32.6
2023-11-12,401611838,Arkansas-Pine Bluff Golden Lions,Southwestern Christian U Eagles,112,68,0,2,2029,3238,60.3,42.4
2023-11-13,401574571,St. John's Red Storm,Michigan Wolverines,73,89,0,2,2599,130,36.0,51.6
2023-11-13,401577613,Indiana Hoosiers,Army Black Knights,72,64,0,2,84,349,58.1,39.3
2023-11-13,401581776,Washington Huskies,Nevada Wolf Pack,76,83,0,2,264,2440,48.4,46.2
2023-11-13,401587143,Towson Tigers,Robert Morris Colonials,66,62,0,2,119,2523,47.3,39.2
2023-11-13,401597912,Montana Grizzlies,UC Davis Aggies,78,65,0,2,149,302,50.0,50.0
2023-11-13,401598039,Saint Mary's Gaels,Weber State Wildcats,57,61,0,2,2608,2692,40.0,40.4
2023-11-13,401611424,Youngstown State Penguins,Ohio Christian Trailblazers,99,71,0,2,2754,3121,55.2,41.9
2023-11-14,401574409,Central Arkansas Bears,Arkansas-Pine Bluff Golden Lions,83,85,0,2,2110,2029,43.3,44.6
2023-11-14,401574570,Purdue Boilermakers,Xavier Musketeers,83,71,0,2,2509,2752,50.9,44.8
2023-11-14,401574572,Providence Friars,Wisconsin Badgers,72,59,0,2,2507,275,58.5,33.9
2023-11-14,401574832,Nebraska Cornhuskers,Rider Broncs,64,50,0,2,158,2520,33.3,30.4
2023-11-14,401575391,South Carolina Gamecocks,VMI Keydets,74,64,0,2,2579,2678,35.2,42.4
2023-11-14,401575436,Houston Cougars,Stetson Hatters,79,48,0,2,248,56,52.6,43.9
2023-11-14,401575519,Tennessee Volunteers,Wofford Terriers,82,61,0,2,2633,2747,45.8,37.7
2023-11-14,401576158,Fairfield Stags,Mount St Mary Knights,92,45,0,2,2217,289,51.5,28.8
2023-11-14,401576635,Pepperdine Waves,Long Island University Sharks,88,53,0,2,2492,112358,40.3,28.3
2023-11-14,401577553,Pittsburgh Panthers,Florida Gulf Coast Eagles,86,74,0,2,221,526,49.2,48.3
2023-11-14,401577683,Massachusetts Minutemen,Quinnipiac Bobcats,102,81,0,2,113,2514,55.7,43.3
2023-11-14,401577698,Missouri State Bears,Oral Roberts Golden Eagles,84,69,0,2,2623,198,47.6,38.9
2023-11-14,401579003,McNeese Cowboys,Champion Christian Tigers,110,46,0,2,2377,3134,64.8,30.2
2023-11-14,401581164,Butler Bulldogs,East Tennessee State Buccaneers,81,47,0,2,2086,2193,44.9,31.0
2023-11-14,401581527,La Salle Explorers,Bucknell Bison,69,57,0,2,2325,2083,42.6,37.5
2023-11-14,401581771,California Golden Bears,Cal State Bakersfield Roadrunners,83,63,0,2,25,2934,40.3,39.6
2023-11-14,401581855,Arkansas Razorbacks,Old Dominion Monarchs,86,77,0,2,8,295,50.8,43.7
2023-11-14,401582028,UMBC Retrievers,Penn State York Nittany Lions,84,65,0,2,2378,112706,50.0,38.9
2023-11-14,401583803,Middle Tennessee Blue Raiders,Western Carolina Catamounts,64,66,0,2,2393,2717,41.4,41.4
2023-11-14,401583850,Duquesne Dukes,Stony Brook Seawolves,85,63,0,2,2184,2619,50.0,33.3
2023-11-14,401584337,South Carolina State Bulldogs,North Florida Ospreys,87,77,0,2,2569,2454,50.8,40.0
2023-11-14,401584358,Pennsylvania Quakers,Villanova Wildcats,76,72,0,2,219,222,51.1,34.9
2023-11-14,401586905,Florida State Seminoles,Central Michigan Chippewas,94,67,0,2,52,2117,55.6,52.3
2023-11-14,401587241,Lindenwood Lions,Hannibal LaGrange Trojans,83,52,0,2,2815,533,58.1,41.9
2023-11-14,401588587,Northern Illinois Huskies,Illinois Tech Scarlet Hawks,107,55,0,2,2459,73,57.3,28.6
2023-11-14,401588937,Miami Hurricanes,Florida International Panthers,86,80,0,2,2390,2229,58.5,45.1
2023-11-14,401590207,Kansas State Wildcats,South Dakota State Jackrabbits,91,68,0,2,2306,2571,57.4,41.5
2023-11-14,401591552,Norfolk State Spartans,Hampton Pirates,75,68,0,2,2450,2261,34.5,38.6
2023-11-14,401592101,Central Connecticut Blue Devils,Framingham State Rams,99,42,0,2,2115,126956,52.1,23.4
2023-11-14,401594071,Presbyterian Blue Hose,The Citadel Bulldogs,71,64,0,2,2506,2643,43.1,31.0
2023-11-14,401594111,UC San Diego Tritons,La Verne Leopards,116,57,0,2,28,2318,62.1,31.9
2023-11-14,401594394,American University Eagles,Siena Saints,78,58,0,2,44,2561,52.6,46.8
2023-11-14,401594538,Missouri Tigers,SIU Edwardsville Cougars,68,50,0,2,142,2565,43.4,28.0
2023-11-14,401597895,Charleston Southern Buccaneers,Johnson & Wales-Charlotte JOHNSON & WALES-CHARLOTTE,102,61,0,2,2127,3169,60.3,36.1
2023-11-14,401597913,UC Davis Aggies,North Dakota State Bison,68,53,1,2,302,2449,40.4,39.6
2023-11-14,401600071,Louisiana Tech Bulldogs,Lyon Scots,100,43,0,2,2348,2358,52.1,31.3
2023-11-14,401600256,Arizona Wildcats,Southern Jaguars,97,59,0,2,12,2582,53.4,31.7
2023-11-14,401601134,UTEP Miners,UC Santa Barbara Gauchos,89,76,0,2,2638,2540,54.0,48.1
2023-11-14,401601464,UNC Asheville Bulldogs,Carolina University Bruins,117,54,0,2,2427,108942,68.1,31.8
2023-11-14,401602357,Northwestern State Demons,Stephen F. Austin Lumberjacks,70,96,0,2,2466,2617,32.8,63.2
2023-11-14,401602691,Le Moyne Dolphins,SUNY Canton Roos,105,46,0,2,2330,111947,60.3,26.6
2023-11-14,401604761,UT Martin Skyhawks,Brescia Bearcats,90,72,0,2,2630,2855,48.4,37.5
2023-11-14,401604782,Texas A&M-Corpus Christi Islanders,Dallas Christian Crusaders,104,45,0,2,357,2937,54.1,25.0
2023-11-14,401604806,Incarnate Word Cardinals,Schreiner Mountaineers,104,63,0,2,2916,2544,59.4,29.9
2023-11-15,401574573,Illinois Fighting Illini,Marquette Golden Eagles,64,71,0,2,356,269,35.0,43.5
2023-11-15,401574574,Creighton Bluejays,Iowa Hawkeyes,92,84,0,2,156,2294,51.6,50.0
2023-11-15,401574605,New Hampshire Wildcats,Brown Bears,82,64,0,2,160,225,43.1,37.7
2023-11-15,401575427,Virginia Cavaliers,North Carolina A&T Aggies,80,51,0,2,258,2448,54.4,32.1
2023-11-15,401575453,Kansas Jayhawks,Kentucky Wildcats,89,84,1,2,2305,96,47.5,32.9
2023-11-15,401575471,West Virginia Mountaineers,Jacksonville State Gamecocks,70,57,0,2,277,55,51.1,34.4
2023-11-15,401575511,SMU Mustangs,Texas A&M Aggies,66,79,0,2,2567,245,35.4,37.3
2023-11-15,401575750,Florida Gators,Florida A&M Rattlers,89,68,0,2,57,50,47.6,42.6
2023-11-15,401575760,Belmont Bruins,Berry Vikings,93,59,0,2,2057,2757,56.9,34.8
2023-11-15,401576149,Michigan State Spartans,Duke Blue Devils,65,74,1,2,127,150,41.3,44.9
2023-11-15,401577542,Saint Joseph's Hawks,Stonehill Skyhawks,100,56,0,2,2603,284,59.1,27.4
2023-11-15,401577692,Wright State Raiders,Toledo Rockets,77,78,0,2,2750,2649,55.2,49.2
2023-11-15,401577708,Loyola Chicago Ramblers,UIC Flames,67,72,0,2,2350,82,32.8,43.6
2023-11-15,401577717,Holy Cross Crusaders,Sacred Heart Pioneers,77,84,0,2,107,2529,48.5,46.7
2023-11-15,401578011,TCU Horned Frogs,UT Rio Grande Valley Vaqueros,88,55,0,2,2628,292,51.5,41.1
2023-11-15,401579004,McNeese Cowboys,LeTourneau Yellow Jackets,81,49,0,2,2377,2326,48.5,28.8
2023-11-15,401579098,Samford Bulldogs,Mississippi College Choctaws,96,52,0,2,2535,2401,47.4,36.0
2023-11-15,401579110,Stanford Cardinal,Santa Clara Broncos,77,89,0,2,24,2541,43.3,45.8
2023-11-15,401581074,George Washington Revolutionaries,Hofstra Pride,71,60,0,2,45,2275,40.9,37.3
2023-11-15,401581349,Florida Atlantic Owls,Eastern Michigan Eagles,100,57,0,2,2226,2199,62.5,42.6
2023-11-15,401581719,Northwestern Wildcats,Western Michigan Broncos,63,59,0,2,77,2711,45.1,41.5
2023-11-15,401581738,Harvard Crimson,Northeastern Huskies,80,56,0,2,108,111,48.4,37.0
2023-11-15,401581784,Lamar Cardinals,UTSA Roadrunners,90,82,0,2,2320,2636,35.0,41.2
2023-11-15,401581803,Baylor Bears,Kansas City Roos,99,61,0,2,239,140,57.4,41.0
2023-11-15,401581825,Oregon State Beavers,App State Mountaineers,81,71,0,2,204,2026,40.6,41.3
2023-11-15,401582018,Georgia Tech Yellow Jackets,UMass Lowell River Hawks,71,74,0,2,59,2349,37.1,41.8
2023-11-15,401582140,Seton Hall Pirates,UAlbany Great Danes,96,71,0,2,2550,399,62.1,41.0
2023-11-15,401583714,Queens University Royals,High Point Panthers,74,72,0,2,2511,2272,36.9,44.6
2023-11-15,401583735,Idaho Vandals,Evergreen State Geoducks,88,42,0,2,70,2866,52.4,23.0
2023-11-15,401583815,Loyola Marymount Lions,Jackson State Tigers,88,66,0,2,2351,2296,49.2,38.3
2023-11-15,401584330,Virginia Tech Hokies,Campbell Fighting Camels,60,44,0,2,259,2097,37.9,27.5
2023-11-15,401584351,Oklahoma Sooners,Texas State Bobcats,93,54,0,2,201,326,55.2,31.3
2023-11-15,401586899,Rhode Island Rams,Wagner Seahawks,69,53,0,2,227,2681,52.0,31.7
2023-11-15,401586911,Syracuse Orange,Colgate Raiders,79,75,0,2,183,2142,40.3,48.3
2023-11-15,401587111,Mississippi State Bulldogs,North Alabama Lions,81,54,0,2,344,2453,47.1,33.9
2023-11-15,401587206,Bradley Braves,Tarleton State Texans,86,63,0,2,71,2627,61.5,38.2
2023-11-15,401588588,Oakland Golden Grizzlies,Bowling Green Falcons,81,62,0,2,2473,189,49.1,43.1
2023-11-15,401588589,Ball State Cardinals,Oakland City Mighty Oaks,92,51,0,2,2050,2474,50.8,38.8
2023-11-15,401589378,Penn State Nittany Lions,Saint Francis Red Wolves,83,53,0,2,213,2598,43.9,35.0
2023-11-15,401590880,North Carolina Central Eagles,Mid Atlantic Christian Mustangs,113,50,0,2,2428,108806,58.1,30.6
2023-11-15,401591369,UConn Huskies,Mississippi Valley State Delta Devils,87,53,0,2,41,2400,54.7,32.2
2023-11-15,401591431,Alabama Crimson Tide,South Alabama Jaguars,102,46,0,2,333,6,61.8,23.0
2023-11-15,401591567,Troy Trojans,Reinhardt Eagles,111,46,0,2,2653,2890,54.8,27.1
2023-11-15,401593851,Drexel Dragons,Temple Owls,64,66,0,2,2182,218,37.9,31.0
2023-11-15,401593931,Tennessee Tech Golden Eagles,Lipscomb Bisons,65,96,0,2,2635,288,37.9,57.1
2023-11-15,401594011,Northern Colorado Bears,Colorado State Rams,64,83,0,2,2458,36,36.9,47.5
2023-11-15,401594050,Sacramento State Hornets,Pacific Union PACIFIC UNION,128,66,0,2,16,594,56.8,36.2
2023-11-15,401594090,Chicago State Cougars,Cal State Northridge Matadors,64,74,0,2,2130,2463,36.5,54.5
2023-11-15,401594190,Valparaiso Beacons,Green Bay Phoenix,64,59,0,2,2674,2739,36.2,42.6
2023-11-15,401594211,Indiana State Sycamores,IU Indianapolis Jaguars,96,57,0,2,282,85,60.3,39.7
2023-11-15,401594229,Northern Kentucky Norse,DePauw Tigers,85,68,0,2,94,83,45.2,43.1
2023-11-15,401594418,Drake Bulldogs,Southwest Minnesota State Mustangs,87,67,0,2,2181,2587,53.7,42.6
2023-11-15,401594430,Murray State Racers,Western Kentucky Hilltoppers,81,86,0,2,93,98,41.0,52.6
2023-11-15,401594480,Colorado Buffaloes,Milwaukee Panthers,106,79,0,2,38,270,58.7,37.0
2023-11-15,401594543,Ole Miss Rebels,Detroit Mercy Titans,70,69,0,2,145,2174,45.2,48.1
2023-11-15,401594552,Vanderbilt Commodores,UNC Greensboro Spartans,74,70,0,2,238,2430,40.4,41.4
2023-11-15,401594562,Chattanooga Mocs,Bellarmine Knights,72,64,0,2,236,91,47.3,41.7
2023-11-15,401594610,Arkansas State Red Wolves,Alcorn State Braves,100,86,0,2,2032,2016,52.3,50.0
2023-11-15,401594619,Jacksonville Dolphins,Georgia Southern Eagles,85,68,0,2,294,290,55.8,35.0
2023-11-15,401597411,Utah State Aggies,Southern Utah Thunderbirds,93,84,0,2,328,253,63.5,50.8
2023-11-15,401597879,Austin Peay Governors,Fisk Bulldogs,79,52,0,2,2046,2225,47.1,37.7
2023-11-15,401597891,DePaul Blue Demons,South Dakota Coyotes,72,60,0,2,305,233,46.4,32.3
2023-11-15,401597931,San Diego State Aztecs,Long Beach State Beach,88,76,0,2,21,299,48.3,50.0
2023-11-15,401597951,Morehead State Eagles,Mercer Bears,74,66,0,2,2413,2382,52.4,44.4
2023-11-15,401597962,Howard Bison,Boston University Terriers,64,53,0,2,47,104,35.2,33.9
2023-11-15,401598016,Abilene Christian Wildcats,Prairie View A&M Panthers,74,79,0,2,2000,2504,38.3,42.9
2023-11-15,401598586,Southern Indiana Screaming Eagles,Tiffin Dragons,68,65,0,2,88,2838,45.8,43.1
2023-11-15,401600114,Alabama State Hornets,Oglethorpe Stormy Petrels,115,51,0,2,2011,2476,53.9,26.8
2023-11-15,401601456,Akron Zips,Heidelberg Student Princes,114,56,0,2,2006,191,53.2,33.8
2023-11-15,401602670,UNC Wilmington Seahawks,Columbia International Rams,116,80,0,2,350,3242,62.1,57.9
2023-11-15,401603531,USC Trojans,UC Irvine Anteaters,60,70,0,2,30,300,28.8,38.7
2023-11-15,401604277,New Mexico State Aggies,Western New Mexico Mustangs,78,43,0,2,166,2703,44.1,24.6
2023-11-15,401606610,Grambling Tigers,Champion Christian Tigers,113,73,0,2,2755,3134,60.7,44.1
2023-11-15,401606989,Gonzaga Bulldogs,Eastern Oregon Mountaineers,123,57,0,2,2250,2202,63.4,28.9
2023-11-15,401608974,Northern Iowa Panthers,Loras Duhawks,90,50,0,2,2460,263,53.4,29.0
2023-11-15,401609478,Hawai'i Rainbow Warriors,Hawaiʻi Hilo Vulcans,82,66,0,2,62,2267,50.0,43.9
2023-11-16,401574575,Rutgers Scarlet Knights,Georgetown Hoyas,71,60,0,2,164,46,45.3,35.3
2023-11-16,401574593,Loyola Maryland Greyhounds,Binghamton Bearcats,57,63,0,2,2352,2066,33.3,43.3
2023-11-16,401574618,Bethune-Cookman Wildcats,Trinity College of Jacksonville Eagles,104,63,0,2,2065,3174,48.2,37.7
2023-11-16,401574833,Nebraska Cornhuskers,Stony Brook Seawolves,84,63,0,2,158,2619,55.0,37.9
2023-11-16,401575403,Nevada Wolf Pack,Pacific Tigers,88,39,0,2,2440,279,50.7,24.6
2023-11-16,401575802,UCLA Bruins,Long Island University Sharks,78,58,0,2,26,112358,55.6,35.3
2023-11-16,401576139,VCU Rams,Radford Highlanders,73,50,0,2,2670,2515,48.0,33.3
2023-11-16,401577561,Maine Black Bears,Northwestern State Demons,78,65,1,2,311,2466,51.9,41.4
2023-11-16,401577573,South Florida Bulls,Central Michigan Chippewas,63,68,0,2,58,2117,31.6,49.1
2023-11-16,401577634,Ohio State Buckeyes,Merrimack Warriors,76,52,0,2,194,2771,44.8,40.0
2023-11-16,401577658,Brown Bears,Rhode Island College Anchormen,92,51,0,2,225,226,46.3,34.0
2023-11-16,401580106,Illinois State Redbirds,Eastern Illinois Panthers,69,61,0,2,2287,2197,41.1,38.6
2023-11-16,401581142,Vermont Catamounts,Charleston Cougars,73,64,1,2,261,232,36.8,37.1
2023-11-16,401581143,Wyoming Cowboys,Saint Louis Billikens,69,79,1,2,2751,139,35.2,47.4
2023-11-16,401581144,Coastal Carolina Chanticleers,Wichita State Shockers,77,86,0,2,324,2724,43.1,45.1
2023-11-16,401581341,North Texas Mean Green,St. John's Red Storm,52,53,1,2,249,2599,32.7,34.0
2023-11-16,401581342,LSU Tigers,Dayton Flyers,67,70,1,2,99,2168,53.1,39.3
2023-11-16,401581343,Towson Tigers,Houston Cougars,49,65,1,2,119,248,38.1,41.4
2023-11-16,401581812,Air Force Falcons,Lindenwood Lions,76,58,0,2,2005,2815,45.5,32.0
2023-11-16,401582156,St. Bonaventure Bonnies,Oklahoma State Cowboys,66,64,1,2,179,197,41.2,44.2
2023-11-16,401583609,East Carolina Pirates,South Carolina Upstate Spartans,81,83,0,2,151,2908,47.5,47.5
2023-11-16,401583726,Texas Longhorns,Rice Owls,80,64,0,2,251,242,60.4,38.3
2023-11-16,401583839,Portland Pilots,Tennessee State Tigers,65,75,0,2,2501,2634,39.2,47.4
2023-11-16,401584361,Seattle U Redhawks,Northern Arizona Lumberjacks,60,62,0,2,2547,2464,35.3,42.4
2023-11-16,401584451,Charlotte 49ers,Utah Valley Wolverines,62,45,0,2,2429,3084,40.4,34.0
2023-11-16,401587166,Duquesne Dukes,Princeton Tigers,67,70,0,2,2184,163,43.4,54.0
2023-11-16,401587214,Southeast Missouri State Redhawks,Evansville Purple Aces,57,76,0,2,2546,339,43.4,53.3
2023-11-16,401587225,Fairleigh Dickinson Knights,Saint Peter's Peacocks,71,70,0,2,161,2612,44.0,40.0
2023-11-16,401589058,George Mason Patriots,Cornell Big Red,90,83,0,2,2244,172,50.0,46.7
2023-11-16,401589736,Louisville Cardinals,Coppin State Eagles,61,41,0,2,97,2154,39.3,28.1
2023-11-16,401591556,Columbia Lions,SUNY Delhi Broncos,105,60,0,2,171,126848,63.6,36.7
2023-11-16,401593790,Boston College Eagles,Richmond Spiders,68,61,0,2,103,257,37.3,40.0
2023-11-16,401593910,Kennesaw State Owls,Keiser Seahawks,101,55,0,2,338,111912,43.7,27.4
2023-11-16,401593951,BYU Cougars,SE Louisiana Lions,105,48,0,2,252,2545,50.7,28.6
2023-11-16,401594171,Cleveland State Vikings,Canisius Golden Griffins,71,61,0,2,325,2099,44.8,35.8
2023-11-16,401597374,Delaware State Hornets,Delaware Blue Hens,67,78,0,2,2169,48,38.1,54.0
2023-11-16,401597418,Southern Miss Golden Eagles,Xavier (LA) Gold Nuggets,76,45,0,2,2572,2753,43.3,25.5
2023-11-16,401597904,Maryland Eastern Shore Hawks,Longwood Lancers,61,80,0,2,2379,2344,33.9,43.5
2023-11-16,401598566,Fresno State Bulldogs,Morgan State Bears,87,68,0,2,278,2415,53.8,37.3
2023-11-16,401600063,Cal State Bakersfield Roadrunners,Saint Katherine SAINT KATHERINE,77,44,0,2,2934,3249,44.4,27.7
2023-11-16,401600080,Buffalo Bulls,Roberts Wesleyan Redhawks,89,83,0,2,2084,128531,61.4,45.6
2023-11-16,401600240,Dartmouth Big Green,Westfield State Owls,79,61,0,2,159,2909,42.4,35.8
2023-11-16,401600452,Louisiana Ragin' Cajuns,Louisiana Christian Wildcats,107,56,0,2,309,2347,51.4,36.7
2023-11-16,401604335,SIU Edwardsville Cougars,Denver Pioneers,77,74,1,2,2565,2172,50.0,39.7
2023-11-16,401608782,Houston Christian Huskies,Florida International Panthers,74,83,0,2,2277,2229,54.0,46.9
2023-11-16,401608789,East Texas A&M Lions,Science and Arts (OK) Drovers,113,63,0,2,2837,608,58.9,42.9
2023-11-16,401610799,Nicholls Colonels,Denver Pioneers,85,91,1,2,2447,2172,41.4,45.9
2023-11-17,401574577,Michigan State Spartans,Butler Bulldogs,74,54,0,2,127,2086,47.5,28.8
2023-11-17,401575392,South Dakota Coyotes,VMI Keydets,85,81,1,2,233,2678,46.3,47.5
2023-11-17,401575428,Virginia Cavaliers,Texas Southern Tigers,62,33,0,2,258,2640,43.8,26.1
2023-11-17,401575462,UCF Knights,Cal State Fullerton Titans,72,44,0,2,2116,2239,46.6,23.5
2023-11-17,401576150,Duke Blue Devils,Bucknell Bison,90,60,0,2,150,2083,49.2,37.0
2023-11-17,401577562,Presbyterian Blue Hose,Maine Black Bears,66,80,1,2,2506,311,50.0,54.3
2023-11-17,401577614,Indiana Hoosiers,Wright State Raiders,89,80,0,2,84,2750,54.1,41.2
2023-11-17,401577684,Army Black Knights,Quinnipiac Bobcats,58,67,0,2,349,2514,38.6,40.4
2023-11-17,401577718,UMBC Retrievers,Sacred Heart Pioneers,85,80,0,2,2378,2529,50.8,39.2
2023-11-17,401581145,Liberty Flames,Furman Paladins,88,74,1,2,2335,231,54.4,41.5
2023-11-17,401581158,Kansas State Wildcats,Providence Friars,73,70,1,2,2306,2507,36.8,35.3
2023-11-17,401581171,California Golden Bears,Montana State Bobcats,60,63,0,2,25,147,41.7,43.1
2023-11-17,401581344,Wake Forest Demon Deacons,Utah Utes,70,77,1,2,154,254,46.7,50.0
2023-11-17,401581509,Gardner-Webb Runnin' Bulldogs,Weber State Wildcats,62,61,1,2,2241,2692,53.1,39.5
2023-11-17,401581510,Yale Bulldogs,Colgate Raiders,68,50,1,2,43,2142,43.9,36.2
2023-11-17,401581515,Miami Hurricanes,Georgia Bulldogs,79,68,1,2,2390,61,45.0,36.7
2023-11-17,401581545,Dayton Flyers,St. John's Red Storm,88,81,1,2,2168,2599,51.8,48.4
2023-11-17,401581546,LSU Tigers,North Texas Mean Green,66,62,1,2,99,249,50.0,31.7
2023-11-17,401581548,Utah Utes,Houston Cougars,66,76,1,2,254,248,35.8,45.2
2023-11-17,401581813,Omaha Mavericks,Lindenwood Lions,70,72,1,2,2437,2815,42.9,47.3
2023-11-17,401581814,Omaha Mavericks,William & Mary Tribe,89,83,1,2,2437,2729,44.3,49.1
2023-11-17,401581861,UL Monroe Warhawks,Louisiana Tech Bulldogs,63,73,0,2,2433,2348,36.5,43.1
2023-11-17,401582019,Arizona State Sun Devils,UMass Lowell River Hawks,71,69,0,2,9,2349,41.3,48.1
2023-11-17,401582110,Saint Louis Billikens,Vermont Catamounts,68,78,1,2,139,261,41.8,55.8
2023-11-17,401582112,Furman Paladins,Coastal Carolina Chanticleers,89,80,1,2,231,324,50.8,47.8
2023-11-17,401582113,Wyoming Cowboys,Charleston Cougars,67,60,1,2,2751,232,53.8,31.5
2023-11-17,401582120,Fordham Rams,Norfolk State Spartans,77,64,1,2,2230,2450,41.7,31.5
2023-11-17,401582121,San José State Spartans,Abilene Christian Wildcats,71,77,1,2,23,2000,45.9,42.4
2023-11-17,401582122,Kent State Golden Flashes,Hampton Pirates,100,62,1,2,2309,2261,53.8,36.5
2023-11-17,401582155,Notre Dame Fighting Irish,Auburn Tigers,59,83,1,2,87,2,33.9,54.7
2023-11-17,401582157,Oklahoma State Cowboys,Notre Dame Fighting Irish,64,66,1,2,197,87,36.2,42.1
2023-11-17,401583778,Youngstown State Penguins,Utah Tech Trailblazers,75,68,0,2,2754,3101,39.7,40.3
2023-11-17,401583816,Tulsa Golden Hurricane,Jackson State Tigers,72,52,0,2,202,2296,38.7,35.2
2023-11-17,401584338,North Florida Ospreys,Presbyterian Blue Hose,69,81,0,2,2454,2506,31.4,49.1
2023-11-17,401584362,Northern Arizona Lumberjacks,Purdue Fort Wayne Mastodons,67,77,1,2,2464,2870,45.8,46.6
2023-11-17,401584435,South Alabama Jaguars,Nicholls Colonels,97,102,0,2,6,2447,43.0,48.0
2023-11-17,401593991,Idaho State Bengals,Northwest University Eagles,85,51,0,2,304,2465,49.3,35.0
2023-11-17,401594091,Cal State Northridge Matadors,Life Pacific Warriors,98,67,0,2,2463,109670,51.9,40.3
2023-11-17,401594151,Air Force Falcons,William & Mary Tribe,80,71,0,2,2005,2729,50.0,41.5
2023-11-17,401594468,Tennessee Tech Golden Eagles,Midway Eagles,82,70,0,2,2635,111166,56.1,40.0
2023-11-17,401594539,Minnesota Golden Gophers,Missouri Tigers,68,70,0,2,135,142,41.4,44.4
2023-11-17,401597382,American University Eagles,NJIT Highlanders,87,73,0,2,44,2885,48.3,51.7
2023-11-17,401597399,North Dakota Fighting Hawks,Valley City State VALLEY CITY,93,63,0,2,155,628,50.0,42.4
2023-11-17,401597405,Southern Illinois Salukis,Chicago State Cougars,71,55,0,2,79,2130,44.0,41.7
2023-11-17,401597872,UAB Blazers,Alcorn State Braves,80,77,0,2,5,2016,47.4,40.5
2023-11-17,401597887,Texas Tech Red Raiders,Texas A&M-Corpus Christi Islanders,73,64,0,2,2641,357,44.4,40.6
2023-11-17,401597963,Boston University Terriers,Bryant Bulldogs,95,79,0,2,104,2803,48.4,45.6
2023-11-17,401597978,Winthrop Eagles,Holy Cross Crusaders,89,51,0,2,2737,107,53.7,32.7
2023-11-17,401597996,Montana Grizzlies,North Dakota State Bison,69,78,0,2,149,2449,42.9,46.3
2023-11-17,401598923,Manhattan Jaspers,Felician Golden Falcons,79,67,0,2,2363,128327,44.6,34.2
2023-11-17,401600817,Lehigh Mountain Hawks,SUNY Oneonta Red Dragons,90,65,0,2,2329,355,51.4,35.4
2023-11-17,401601459,Georgia State Panthers,Northern Illinois Huskies,64,70,0,2,2247,2459,30.3,45.6
2023-11-17,401604419,Grambling Tigers,Delaware State Hornets,63,71,1,2,2755,2169,41.1,44.8
2023-11-17,401606133,South Alabama Jaguars,Denver Pioneers,82,75,0,2,6,2172,56.4,38.2
2023-11-17,401606631,New Mexico Lobos,UT Arlington Mavericks,82,80,0,2,167,250,43.5,46.2
2023-11-17,401607045,The Citadel Bulldogs,North Greenville Trailblazers,77,59,0,2,2643,2822,43.8,40.0
2023-11-17,401613299,Hawai'i Rainbow Warriors,Niagara Purple Eagles,92,73,0,2,62,315,59.6,46.4
2023-11-18,401574410,Vanderbilt Commodores,Central Arkansas Bears,75,71,0,2,238,2110,44.3,49.1
2023-11-18,401574576,Villanova Wildcats,Maryland Terrapins,57,40,0,2,222,120,45.0,24.0
2023-11-18,401574594,Binghamton Bearcats,Marist Red Foxes,82,59,0,2,2066,2368,58.3,38.2
2023-11-18,401574606,George Washington Revolutionaries,New Hampshire Wildcats,79,67,0,2,45,160,44.6,36.1
2023-11-18,401574834,Nebraska Cornhuskers,Oregon State Beavers,84,63,1,2,158,204,46.2,35.2
2023-11-18,401575404,Pacific Tigers,Lamar Cardinals,77,76,0,2,279,2320,48.2,48.4
2023-11-18,401575482,Georgetown Hoyas,Mount St. Mary's Mountaineers,83,72,0,2,46,116,50.8,43.5
2023-11-18,401575512,Texas A&M Aggies,Oral Roberts Golden Eagles,74,66,0,2,245,198,35.6,42.3
2023-11-18,401575751,Florida Gators,Florida State Seminoles,89,68,0,2,57,52,51.7,36.4
2023-11-18,401576140,VCU Rams,Seattle U Redhawks,60,56,0,2,2670,2547,38.8,32.7
2023-11-18,401576159,Drexel Dragons,Fairfield Stags,65,47,0,2,2182,2217,49.1,33.3
2023-11-18,401576160,Fairfield Stags,Queens University Royals,63,69,1,2,2217,2511,42.3,41.4
2023-11-18,401576682,Pepperdine Waves,UNLV Rebels,68,82,0,2,2492,2439,44.1,58.2
2023-11-18,401577543,Saint Joseph's Hawks,East Texas A&M Lions,54,57,0,2,2603,2837,27.3,36.2
2023-11-18,401577554,Pittsburgh Panthers,Jacksonville Dolphins,107,56,0,2,221,294,45.8,32.7
2023-11-18,401577563,North Florida Ospreys,Maine Black Bears,67,58,0,2,2454,311,46.3,44.8
2023-11-18,401577629,Michigan Wolverines,Long Beach State Beach,86,94,0,2,130,299,47.0,56.1
2023-11-18,401577699,Florida Gulf Coast Eagles,Missouri State Bears,61,70,1,2,526,2623,41.8,54.3
2023-11-18,401577719,Sacred Heart Pioneers,Loyola Maryland Greyhounds,66,51,1,2,2529,2352,36.7,37.9
2023-11-18,401578012,TCU Horned Frogs,Mississippi Valley State Delta Devils,86,52,0,2,2628,2400,53.6,38.5
2023-11-18,401579005,Western Carolina Catamounts,McNeese Cowboys,76,74,0,2,2717,2377,51.8,51.8
2023-11-18,401579032,Loyola Chicago Ramblers,LSU New Orleans Privateers,73,70,0,2,2350,2443,43.1,34.8
2023-11-18,401579099,Samford Bulldogs,South Carolina State Bulldogs,89,72,0,2,2535,2569,44.6,32.8
2023-11-18,401580928,Mississippi State Bulldogs,Washington State Cougars,76,64,1,2,344,265,43.9,40.7
2023-11-18,401581083,Massachusetts Minutemen,Harvard Crimson,75,78,0,2,113,108,37.2,44.3
2023-11-18,401581350,Eastern Michigan Eagles,Cleveland State Vikings,69,62,0,2,2199,325,47.2,34.3
2023-11-18,401581513,Weber State Wildcats,Yale Bulldogs,75,65,1,2,2692,43,39.3,44.3
2023-11-18,401581514,Colgate Raiders,Gardner-Webb Runnin' Bulldogs,59,52,1,2,2142,2241,39.6,33.3
2023-11-18,401581547,Wake Forest Demon Deacons,Towson Tigers,71,61,1,2,154,119,49.1,36.5
2023-11-18,401581591,Rhode Island Rams,Northwestern Wildcats,61,72,1,2,227,77,38.8,43.5
2023-11-18,401581739,Boston College Eagles,Harvard Crimson,73,64,0,2,103,108,38.4,39.3
2023-11-18,401581804,Colorado State Rams,Kansas City Roos,84,61,0,2,36,140,57.8,40.4
2023-11-18,401581837,James Madison Dukes,Radford Highlanders,76,73,0,2,256,2515,43.5,50.8
2023-11-18,401582111,Liberty Flames,Wichita State Shockers,83,66,1,2,2335,2724,41.8,42.1
2023-11-18,401582125,San José State Spartans,Norfolk State Spartans,77,53,1,2,23,2450,51.0,35.7
2023-11-18,401582126,Florida Gulf Coast Eagles,Hampton Pirates,85,92,1,2,526,2261,40.6,48.3
2023-11-18,401582158,St. Bonaventure Bonnies,Auburn Tigers,60,77,1,2,179,2,39.7,48.1
2023-11-18,401583591,NC State Wolfpack,Charleston Southern Buccaneers,87,53,0,2,152,2127,50.8,39.6
2023-11-18,401583598,North Carolina Tar Heels,UC Riverside Highlanders,77,52,0,2,153,27,45.9,30.6
2023-11-18,401583602,Memphis Tigers,Alabama State Hornets,92,75,0,2,235,2011,52.5,31.4
2023-11-18,401583736,Idaho Vandals,Pacific Lutheran Lutes,96,52,0,2,70,2486,56.3,33.3
2023-11-18,401583745,Monmouth Hawks,Princeton Tigers,57,82,0,2,2405,163,35.1,40.6
2023-11-18,401583754,Ohio Bobcats,Detroit Mercy Titans,71,52,0,2,195,2174,39.7,31.7
2023-11-18,401583851,Duquesne Dukes,Rider Broncs,77,58,0,2,2184,2520,45.6,31.8
2023-11-18,401584339,North Florida Ospreys,Northwestern State Demons,80,74,0,2,2454,2466,46.8,35.8
2023-11-18,401584352,Oklahoma Sooners,UT Rio Grande Valley Vaqueros,90,66,0,2,201,292,48.5,41.5
2023-11-18,401584390,Lake Erie Storm,Utah Tech Trailblazers,69,81,1,2,437,3101,42.2,52.9
2023-11-18,401584412,Wisconsin Badgers,Robert Morris Colonials,78,68,0,2,275,2523,53.3,46.2
2023-11-18,401584444,Grand Canyon Lopes,San Francisco Dons,76,72,1,2,2253,2539,39.6,40.0
2023-11-18,401584512,Illinois Fighting Illini,Valparaiso Beacons,87,64,0,2,356,2674,44.0,30.0
2023-11-18,401587128,Seton Hall Pirates,Wagner Seahawks,72,51,0,2,2550,2681,48.3,31.1
2023-11-18,401587150,Middle Tennessee Blue Raiders,Milligan Buffaloes,88,62,0,2,2393,2397,50.0,38.7
2023-11-18,401587215,Evansville Purple Aces,Ball State Cardinals,74,50,0,2,339,2050,45.8,31.4
2023-11-18,401587226,Fairleigh Dickinson Knights,Penn State Schuylkill Nittany Lions,124,66,0,2,161,128344,59.0,34.8
2023-11-18,401587235,Eastern Illinois Panthers,Coppin State Eagles,48,46,1,2,2197,2154,,
2023-11-18,401588590,Bowling Green Falcons,Bellarmine Knights,67,85,0,2,189,91,37.7,58.3
2023-11-18,401588729,Miami (OH) RedHawks,Coppin State Eagles,76,48,0,2,193,2154,52.9,36.5
2023-11-18,401588731,San Diego State Aztecs,Saint Mary's Gaels,79,54,1,2,21,2608,51.8,34.4
2023-11-18,401588732,Xavier Musketeers,Washington Huskies,71,74,1,2,2752,264,39.3,36.4
2023-11-18,401588944,Kentucky Wildcats,Stonehill Skyhawks,101,67,0,2,96,284,63.9,37.5
2023-11-18,401589362,Maryland Eastern Shore Hawks,Pennsylvania Quakers,83,80,0,2,2379,219,46.3,44.3
2023-11-18,401591432,Alabama Crimson Tide,Mercer Bears,98,67,0,2,333,2382,58.3,40.6
2023-11-18,401591557,Temple Owls,Columbia Lions,73,78,0,2,218,171,35.5,49.1
2023-11-18,401592093,Texas State Bobcats,UTSA Roadrunners,72,62,0,2,326,2636,42.0,31.7
2023-11-18,401592850,DePaul Blue Demons,South Carolina Gamecocks,68,73,1,2,305,2579,41.1,47.1
2023-11-18,401593771,La Salle Explorers,Southern Indiana Screaming Eagles,79,78,0,2,2325,88,47.4,53.3
2023-11-18,401593932,Lipscomb Bisons,Alabama A&M Bulldogs,106,81,0,2,288,2010,56.3,42.0
2023-11-18,401593972,Stanford Cardinal,Eastern Washington Eagles,95,70,0,2,24,331,54.8,41.8
2023-11-18,401594032,California Baptist Lancers,Portland State Vikings,63,66,0,2,2856,2502,38.6,44.2
2023-11-18,401594033,Portland State Vikings,Cal Poly Mustangs,73,57,1,2,2502,13,44.8,37.3
2023-11-18,401594051,Tulane Green Wave,Sacramento State Hornets,92,57,0,2,2655,16,58.9,35.2
2023-11-18,401594072,Northwestern State Demons,Presbyterian Blue Hose,75,78,1,2,2466,2506,46.6,50.0
2023-11-18,401594212,Elon Phoenix,IU Indianapolis Jaguars,86,72,1,2,2210,85,46.6,50.0
2023-11-18,401594213,IU Indianapolis Jaguars,Winthrop Eagles,61,74,1,2,85,2737,39.7,48.9
2023-11-18,401594463,Oregon Ducks,Tennessee State Tigers,92,67,0,2,2483,2634,53.0,50.0
2023-11-18,401594474,Western Illinois Leathernecks,Southern Jaguars,88,80,0,2,2710,2582,55.6,44.4
2023-11-18,401594526,Arkansas Razorbacks,UNC Greensboro Spartans,72,78,0,2,8,2430,43.6,48.1
2023-11-18,401594544,Ole Miss Rebels,Sam Houston Bearkats,70,67,0,2,145,2534,43.5,41.4
2023-11-18,401594611,Iowa Hawkeyes,Arkansas State Red Wolves,88,74,0,2,2294,2032,46.6,41.2
2023-11-18,401597831,East Tennessee State Buccaneers,Davidson Wildcats,70,68,0,2,2193,2166,39.7,40.0
2023-11-18,401597880,UTEP Miners,Austin Peay Governors,71,63,0,2,2638,2046,55.3,40.0
2023-11-18,401597905,Longwood Lancers,North Carolina Central Eagles,73,66,0,2,2344,2428,37.9,46.3
2023-11-18,401597952,Penn State Nittany Lions,Morehead State Eagles,74,51,0,2,213,2413,29.7,38.1
2023-11-18,401598003,St. Thomas Tommies,Cal Poly Mustangs,60,61,1,2,2900,13,50.0,46.0
2023-11-18,401598925,Milwaukee Panthers,Luther Norse,85,56,0,2,270,67,40.0,38.0
2023-11-18,401600050,Minnesota Golden Gophers,South Carolina Upstate Spartans,67,53,0,2,135,2908,39.7,34.4
2023-11-18,401600082,Little Rock Trojans,Northern Illinois Huskies,93,98,1,2,2031,2459,45.3,58.3
2023-11-18,401600449,Rutgers Scarlet Knights,Howard Bison,85,63,0,2,164,47,54.2,40.0
2023-11-18,401600915,Florida Atlantic Owls,Bryant Bulldogs,52,61,0,2,2226,2803,26.2,34.9
2023-11-18,401601465,UNC Asheville Bulldogs,Virginia Lynchburg Dragons,114,59,0,2,2427,3229,52.6,27.7
2023-11-18,401601486,Northern Arizona Lumberjacks,VMI Keydets,78,69,1,2,2464,2678,46.7,46.0
2023-11-18,401601487,South Dakota Coyotes,Purdue Fort Wayne Mastodons,81,93,1,2,233,2870,52.7,45.7
2023-11-18,401602692,San Diego Toreros,Le Moyne Dolphins,80,71,0,2,301,2330,54.7,44.3
2023-11-18,401603532,UC Irvine Anteaters,Occidental Tigers,111,51,0,2,300,2475,61.5,37.3
2023-11-18,401604346,Nicholls Colonels,SIU Edwardsville Cougars,51,60,1,2,2447,2565,26.4,35.5
2023-11-18,401604762,Eastern Kentucky Colonels,UT Martin Skyhawks,74,80,0,2,2198,2630,36.7,45.9
2023-11-18,401607319,Arizona Wildcats,Belmont Bruins,100,68,0,2,12,2057,54.4,37.7
2023-11-19,401575446,Iowa State Cyclones,Grambling Tigers,92,37,0,2,66,2755,62.7,28.6
2023-11-19,401575483,Georgetown Hoyas,American University Eagles,88,83,0,2,46,44,49.2,46.8
2023-11-19,401577574,South Florida Bulls,Northern Iowa Panthers,74,65,0,2,58,2460,47.3,39.3
2023-11-19,401577593,Creighton Bluejays,Texas Southern Tigers,82,50,0,2,156,2640,46.0,30.0
2023-11-19,401577635,Ohio State Buckeyes,Western Michigan Broncos,73,56,0,2,194,2711,46.8,37.1
2023-11-19,401577685,Quinnipiac Bobcats,UAlbany Great Danes,85,82,0,2,2514,399,44.1,39.7
2023-11-19,401577709,UIC Flames,Aurora Spartans,99,48,0,2,82,2044,57.6,25.0
2023-11-19,401579111,Santa Clara Broncos,SE Louisiana Lions,65,63,0,2,2541,2545,50.9,34.0
2023-11-19,401581511,Colgate Raiders,Weber State Wildcats,57,55,1,2,2142,2692,41.3,36.2
2023-11-19,401581512,Gardner-Webb Runnin' Bulldogs,Yale Bulldogs,70,71,1,2,2241,43,40.0,41.4
2023-11-19,401581516,Georgia Bulldogs,Providence Friars,64,71,1,2,61,2507,38.1,46.4
2023-11-19,401581517,Miami Hurricanes,Kansas State Wildcats,91,83,1,2,2390,2306,53.3,49.3
2023-11-19,401581533,Drake Bulldogs,Oakland Golden Grizzlies,85,77,1,2,2181,2473,46.2,51.7
2023-11-19,401581534,Stephen F. Austin Lumberjacks,Loyola Marymount Lions,86,76,1,2,2617,2351,47.5,46.3
2023-11-19,401581535,Utah State Aggies,Marshall Thundering Herd,83,60,1,2,328,276,54.5,35.0
2023-11-19,401581550,Wake Forest Demon Deacons,LSU Tigers,80,86,1,2,154,99,46.7,40.8
2023-11-19,401581551,Utah Utes,St. John's Red Storm,82,91,1,2,254,2599,44.1,53.0
2023-11-19,401581552,Towson Tigers,North Texas Mean Green,39,65,1,2,119,249,32.6,50.0
2023-11-19,401581592,Washington State Cougars,Rhode Island Rams,78,57,1,2,265,227,51.6,41.5
2023-11-19,401581593,Mississippi State Bulldogs,Northwestern Wildcats,66,57,1,2,344,77,46.9,37.7
2023-11-19,401582114,Liberty Flames,Vermont Catamounts,71,61,1,2,2335,261,50.0,42.4
2023-11-19,401582116,Furman Paladins,Wyoming Cowboys,71,78,1,2,231,2751,41.5,47.5
2023-11-19,401582117,Coastal Carolina Chanticleers,Charleston Cougars,72,80,0,2,324,232,40.9,37.5
2023-11-19,401582123,Abilene Christian Wildcats,Fordham Rams,59,45,1,2,2000,2230,40.0,29.6
2023-11-19,401582129,UMBC Retrievers,Loyola Maryland Greyhounds,94,79,0,2,2378,2352,48.7,41.4
2023-11-19,401583610,East Carolina Pirates,Northeastern Huskies,76,82,0,2,151,111,48.3,55.4
2023-11-19,401583715,Drexel Dragons,Queens University Royals,62,52,0,2,2182,2511,47.3,32.8
2023-11-19,401583761,Clemson Tigers,Boise State Broncos,85,68,0,2,228,68,50.8,39.3
2023-11-19,401583779,Youngstown State Penguins,Lake Erie Storm,79,57,0,2,2754,437,44.3,39.3
2023-11-19,401583817,Missouri Tigers,Jackson State Tigers,72,73,0,2,142,2296,49.1,45.2
2023-11-19,401584331,Virginia Tech Hokies,Wofford Terriers,98,76,0,2,259,2747,56.9,42.6
2023-11-19,401587112,North Alabama Lions,Jacksonville State Gamecocks,61,59,0,2,2453,55,41.5,44.9
2023-11-19,401587236,Miami (OH) RedHawks,Eastern Illinois Panthers,76,64,0,2,193,2197,46.3,40.3
2023-11-19,401587242,William & Mary Tribe,Lindenwood Lions,60,71,1,2,2729,2815,37.0,43.6
2023-11-19,401587243,Air Force Falcons,Omaha Mavericks,58,56,0,2,2005,2437,43.2,35.1
2023-11-19,401588310,Nevada Wolf Pack,Portland Pilots,108,83,0,2,2440,2501,61.0,47.5
2023-11-19,401591374,Indiana Hoosiers,UConn Huskies,57,77,1,2,84,41,37.8,44.6
2023-11-19,401591375,Louisville Cardinals,Texas Longhorns,80,81,1,2,97,251,43.4,46.3
2023-11-19,401592102,Central Connecticut Blue Devils,Manhattan Jaspers,63,67,0,2,2115,2363,42.9,50.0
2023-11-19,401592370,Michigan State Spartans,Alcorn State Braves,81,49,0,2,127,2016,52.6,26.2
2023-11-19,401593911,Georgia Southern Eagles,Kennesaw State Owls,92,96,1,2,290,338,43.1,40.6
2023-11-19,401593952,BYU Cougars,Morgan State Bears,93,50,0,2,252,2415,55.9,34.9
2023-11-19,401594012,New Mexico State Aggies,Northern Colorado Bears,76,71,0,2,166,2458,38.9,43.4
2023-11-19,401594034,St. Thomas Tommies,Portland State Vikings,76,70,1,2,2900,2502,51.0,41.4
2023-11-19,401594112,UC San Diego Tritons,Navy Midshipmen,73,55,0,2,28,2426,47.3,33.3
2023-11-19,401594214,IU Indianapolis Jaguars,Holy Cross Crusaders,61,74,1,2,85,107,46.2,49.1
2023-11-19,401594230,Cincinnati Bearcats,Northern Kentucky Norse,90,66,0,2,2132,94,50.0,40.6
2023-11-19,401594469,Chattanooga Mocs,Tennessee Tech Golden Eagles,68,63,0,2,236,2635,42.0,43.1
2023-11-19,401594625,California Baptist Lancers,St. Thomas Tommies,66,62,0,2,2856,2900,43.4,40.4
2023-11-19,401597419,Utah Valley Wolverines,Southern Miss Golden Eagles,67,65,1,2,3084,2572,47.2,40.7
2023-11-19,401597979,Holy Cross Crusaders,Elon Phoenix,69,83,1,2,107,2210,44.4,55.9
2023-11-19,401598017,Prairie View A&M Panthers,UT Martin Skyhawks,78,66,1,2,2504,2630,45.3,36.2
2023-11-19,401598576,Cal State Fullerton Titans,Cornell Big Red,70,88,1,2,2239,172,50.0,51.6
2023-11-19,401598953,Western Kentucky Hilltoppers,Kentucky State Thorobreds,95,75,0,2,98,2310,43.2,32.9
2023-11-19,401600056,Winthrop Eagles,Elon Phoenix,78,70,1,2,2737,2210,42.6,39.2
2023-11-19,401600081,Georgia State Panthers,Little Rock Trojans,88,77,0,2,2247,2031,46.7,38.7
2023-11-19,401600257,Arizona Wildcats,UT Arlington Mavericks,101,56,0,2,12,250,52.1,36.1
2023-11-19,401601479,George Mason Patriots,Charlotte 49ers,49,54,1,2,2244,2429,33.3,37.0
2023-11-19,401601488,San Francisco Dons,DePaul Blue Demons,70,54,1,2,2539,305,51.7,36.2
2023-11-19,401602709,Lafayette Leopards,Wilkes Colonels,69,53,0,2,322,398,45.0,37.0
2023-11-19,401604756,Arkansas-Pine Bluff Golden Lions,Incarnate Word Cardinals,81,100,0,2,2029,2916,46.4,60.7
2023-11-19,401606134,South Alabama Jaguars,SIU Edwardsville Cougars,86,74,0,2,6,2565,61.7,47.3
2023-11-20,401575429,Virginia Cavaliers,Wisconsin Badgers,41,65,1,2,258,275,32.6,40.3
2023-11-20,401575873,Syracuse Orange,Tennessee Volunteers,56,73,1,2,183,2633,35.0,40.0
2023-11-20,401575874,Gonzaga Bulldogs,Purdue Boilermakers,63,73,1,2,2250,2509,37.7,46.7
2023-11-20,401577659,USC Trojans,Brown Bears,81,70,0,2,30,225,42.9,41.0
2023-11-20,401580107,Long Beach State Beach,Illinois State Redbirds,52,61,1,2,299,2287,35.4,35.1
2023-11-20,401581536,Akron Zips,Florida International Panthers,77,71,1,2,2006,2229,48.1,43.4
2023-11-20,401581537,Stephen F. Austin Lumberjacks,Drake Bulldogs,92,68,1,2,2617,2181,63.0,38.9
2023-11-20,401581539,Loyola Marymount Lions,Oakland Golden Grizzlies,69,74,1,2,2351,2473,39.6,42.4
2023-11-20,401581540,Florida International Panthers,Marshall Thundering Herd,69,80,1,2,2229,276,40.6,50.0
2023-11-20,401581549,Houston Cougars,Dayton Flyers,69,55,1,2,248,2168,42.9,40.4
2023-11-20,401581573,Iona Gaels,High Point Panthers,68,82,1,2,314,2272,37.9,44.9
2023-11-20,401581574,Louisiana Ragin' Cajuns,Wright State Raiders,85,91,1,2,309,2750,51.7,55.6
2023-11-20,401582115,Wichita State Shockers,Saint Louis Billikens,88,69,1,2,2724,139,48.5,35.4
2023-11-20,401582124,Missouri State Bears,Kent State Golden Flashes,56,52,1,2,2623,2309,33.3,32.8
2023-11-20,401582128,Kent State Golden Flashes,Fordham Rams,79,72,1,2,2309,2230,43.1,36.2
2023-11-20,401582149,Florida Gulf Coast Eagles,Norfolk State Spartans,66,69,1,2,526,2450,44.2,37.0
2023-11-20,401582150,Hampton Pirates,San José State Spartans,52,71,1,2,2261,23,38.8,47.5
2023-11-20,401583611,East Carolina Pirates,Georgia Southern Eagles,82,64,0,2,151,290,56.0,40.4
2023-11-20,401583852,Stony Brook Seawolves,Rider Broncs,55,48,0,2,2619,2520,34.0,33.3
2023-11-20,401584513,Illinois Fighting Illini,Southern Jaguars,88,60,0,2,356,2582,57.1,37.7
2023-11-20,401586906,UNLV Rebels,Florida State Seminoles,75,83,1,2,2439,52,56.9,62.7
2023-11-20,401590208,South Dakota State Jackrabbits,UCF Knights,80,83,1,2,2571,2116,44.4,49.2
2023-11-20,401593912,Kennesaw State Owls,Northeastern Huskies,79,77,1,2,338,111,44.8,50.0
2023-11-20,401593992,Idaho State Bengals,The Citadel Bulldogs,61,62,1,2,304,2643,48.1,44.4
2023-11-20,401594395,Central Michigan Chippewas,Siena Saints,70,56,1,2,2117,2561,48.1,46.0
2023-11-20,401594431,UNC Wilmington Seahawks,Murray State Racers,83,81,1,2,350,93,48.5,45.6
2023-11-20,401594626,California Baptist Lancers,Cal Poly Mustangs,67,58,0,2,2856,13,36.4,38.7
2023-11-20,401597953,Bellarmine Knights,Morehead State Eagles,51,64,0,2,91,2413,34.6,42.4
2023-11-20,401598926,Stetson Hatters,Milwaukee Panthers,85,67,1,2,56,270,55.0,35.7
2023-11-20,401601135,UC Santa Barbara Gauchos,Le Moyne Dolphins,96,72,0,2,2540,2330,61.7,42.6
2023-11-20,401601481,Southern Miss Golden Eagles,Cal State Fullerton Titans,67,74,1,2,2572,2239,40.0,52.3
2023-11-20,401601482,Utah Valley Wolverines,Cornell Big Red,61,74,1,2,3084,172,39.1,45.0
2023-11-20,401601483,George Mason Patriots,South Dakota State Jackrabbits,73,71,1,2,2244,2571,45.8,48.3
2023-11-20,401601489,Grand Canyon Lopes,South Carolina Gamecocks,68,75,1,2,2253,2579,39.2,54.0
2023-11-20,401601490,Louisville Cardinals,Indiana Hoosiers,66,74,1,2,97,84,35.7,45.3
2023-11-20,401601492,San Diego State Aztecs,Washington Huskies,100,97,1,2,21,264,43.5,52.9
2023-11-20,401601493,Saint Mary's Gaels,Xavier Musketeers,49,66,1,2,2608,2752,25.7,48.2
2023-11-20,401604305,Austin Peay Governors,Tarleton State Texans,59,66,1,2,2046,2627,42.6,45.6
2023-11-20,401604306,Cal State Bakersfield Roadrunners,Sacramento State Hornets,75,71,1,2,2934,16,49.2,40.0
2023-11-21,401574411,Southeast Missouri State Redhawks,Central Arkansas Bears,70,68,0,2,2546,2110,44.6,40.0
2023-11-21,401574595,Sacred Heart Pioneers,Binghamton Bearcats,89,75,0,2,2529,2066,55.9,41.8
2023-11-21,401574619,Bethune-Cookman Wildcats,Charleston Southern Buccaneers,79,73,0,2,2065,2127,49.2,50.0
2023-11-21,401575405,Pacific Tigers,North Dakota Fighting Hawks,71,73,0,2,279,155,52.7,47.4
2023-11-21,401575489,West Virginia Mountaineers,SMU Mustangs,58,70,1,2,277,2567,37.0,48.3
2023-11-21,401575875,Chaminade Silverswords,Kansas Jayhawks,56,83,1,2,2124,2305,33.9,60.0
2023-11-21,401575876,Marquette Golden Eagles,UCLA Bruins,71,69,1,2,269,26,45.5,46.9
2023-11-21,401577544,Kentucky Wildcats,Saint Joseph's Hawks,96,88,0,2,96,2603,51.6,42.7
2023-11-21,401579006,Texas State Bobcats,McNeese Cowboys,48,59,1,2,326,2377,39.6,49.0
2023-11-21,401579033,Oklahoma State Cowboys,LSU New Orleans Privateers,96,68,0,2,197,2443,58.1,41.8
2023-11-21,401579112,Santa Clara Broncos,Mississippi Valley State Delta Devils,81,39,0,2,2541,2400,47.8,25.4
2023-11-21,401581172,Montana State Bobcats,Green Bay Phoenix,53,54,0,2,147,2739,27.4,46.8
2023-11-21,401581529,Bucknell Bison,Southern Indiana Screaming Eagles,67,56,0,2,2083,88,38.3,33.3
2023-11-21,401581538,Akron Zips,Utah State Aggies,62,65,1,2,2006,328,37.7,45.6
2023-11-21,401581542,Akron Zips,Drake Bulldogs,59,79,1,2,2006,2181,43.8,55.8
2023-11-21,401581543,Marshall Thundering Herd,Oakland Golden Grizzlies,71,78,1,2,276,2473,37.0,43.1
2023-11-21,401581544,Florida International Panthers,Loyola Marymount Lions,60,61,1,2,2229,2351,42.2,39.6
2023-11-21,401581575,Hofstra Pride,Buffalo Bulls,102,68,1,2,2275,2084,62.9,36.2
2023-11-21,401581576,High Point Panthers,Illinois State Redbirds,74,72,1,2,2272,2287,52.0,42.1
2023-11-21,401581581,Iona Gaels,Long Beach State Beach,76,80,1,2,314,299,43.1,47.4
2023-11-21,401581582,Louisiana Ragin' Cajuns,Buffalo Bulls,68,60,1,2,309,2084,42.4,40.7
2023-11-21,401581596,Gonzaga Bulldogs,Syracuse Orange,76,57,1,2,2250,183,46.9,35.9
2023-11-21,401581597,Chaminade Silverswords,UCLA Bruins,48,76,1,2,2124,26,25.9,48.4
2023-11-21,401581826,App State Mountaineers,UNC Wilmington Seahawks,86,56,1,2,2026,350,60.3,30.6
2023-11-21,401581838,Southern Illinois Salukis,James Madison Dukes,76,82,1,2,79,256,44.9,52.5
2023-11-21,401581862,UL Monroe Warhawks,Ecclesia Royals,103,74,0,2,2433,3120,52.6,34.8
2023-11-21,401582020,Saint Peter's Peacocks,UMass Lowell River Hawks,61,69,0,2,2612,2349,38.5,52.2
2023-11-21,401582127,Missouri State Bears,Abilene Christian Wildcats,87,69,1,2,2623,2000,57.7,42.4
2023-11-21,401583612,East Carolina Pirates,Kennesaw State Owls,85,84,0,2,151,338,41.3,44.9
2023-11-21,401587136,Radford Highlanders,Morgan State Bears,82,72,1,2,2515,2415,50.0,40.3
2023-11-21,401589297,East Texas A&M Lions,Stonehill Skyhawks,97,86,0,2,2837,284,52.5,60.0
2023-11-21,401589379,Saint Francis Red Wolves,Pittsburgh-Greensburg GREENSBURG,77,63,0,2,2598,126821,47.5,36.5
2023-11-21,401590882,Campbell Fighting Camels,North Carolina Central Eagles,75,78,0,2,2097,2428,49.1,43.5
2023-11-21,401590883,The Citadel Bulldogs,North Carolina Central Eagles,67,61,1,2,2643,2428,38.3,42.3
2023-11-21,401591568,Troy Trojans,Sam Houston Bearkats,86,88,0,2,2653,2534,48.3,42.9
2023-11-21,401592094,Houston Christian Huskies,UTSA Roadrunners,87,89,0,2,2277,2636,44.1,49.3
2023-11-21,401593791,Richmond Spiders,Colorado Buffaloes,59,64,1,2,257,38,45.1,42.6
2023-11-21,401593830,Rice Owls,Indiana State Sycamores,88,103,1,2,242,282,44.6,50.0
2023-11-21,401594013,Chicago State Cougars,Northern Colorado Bears,77,78,1,2,2130,2458,50.9,47.0
2023-11-21,401594130,Northeastern Huskies,Georgia Southern Eagles,93,76,1,2,111,290,58.5,45.9
2023-11-21,401594249,Canisius Golden Griffins,D'Youville Saints,109,69,0,2,2099,126796,54.5,32.1
2023-11-21,401594464,Tennessee State Tigers,Midway Eagles,87,70,0,2,2634,111166,47.7,37.7
2023-11-21,401597997,North Dakota State Bison,Wisconsin Stout Blue Devils,101,72,0,2,2449,2744,57.6,39.5
2023-11-21,401598018,Eastern Kentucky Colonels,Prairie View A&M Panthers,64,76,0,2,2198,2504,34.3,38.5
2023-11-21,401598589,San Diego Toreros,Navy Midshipmen,67,59,0,2,301,2426,45.1,32.3
2023-11-21,401598898,Florida A&M Rattlers,Oregon Ducks,54,67,0,2,50,2483,37.7,44.2
2023-11-21,401598959,Bellarmine Knights,Midway Eagles,77,56,0,2,91,111166,41.0,38.2
2023-11-21,401599983,Tulane Green Wave,Bradley Braves,77,80,1,2,2655,71,44.2,45.8
2023-11-21,401600072,Louisiana Tech Bulldogs,Southern Utah Thunderbirds,67,53,0,2,2348,253,47.1,32.2
2023-11-21,401601491,Texas Longhorns,UConn Huskies,71,81,1,2,251,41,45.2,47.5
2023-11-21,401603137,California Golden Bears,UTEP Miners,72,75,1,2,25,2638,48.9,37.7
2023-11-21,401603138,Colorado Buffaloes,Florida State Seminoles,71,77,1,2,38,52,34.7,47.4
2023-11-21,401603139,Richmond Spiders,UNLV Rebels,82,65,1,2,257,2439,60.0,38.7
2023-11-21,401603140,Stetson Hatters,Central Michigan Chippewas,71,61,1,2,56,2117,50.9,37.5
2023-11-21,401603544,NJIT Highlanders,Delaware State Hornets,81,72,0,2,2885,2169,48.1,35.9
2023-11-21,401604274,Bryant Bulldogs,Howard Bison,67,61,0,2,2803,47,44.6,31.8
2023-11-21,401606712,Tulsa Golden Hurricane,South Carolina State Bulldogs,90,70,0,2,202,2569,43.3,41.8
2023-11-21,401608798,UT Rio Grande Valley Vaqueros,North American Stallions,92,73,0,2,292,126750,55.9,41.3
2023-11-21,401614679,Charlotte 49ers,UCF Knights,71,74,1,2,2429,2116,42.4,37.3
2023-11-22,401574607,New Hampshire Wildcats,Marist Red Foxes,74,71,0,2,160,2368,48.0,50.9
2023-11-22,401575393,Air Force Falcons,VMI Keydets,64,54,0,2,2005,2678,44.6,42.1
2023-11-22,401576151,Duke Blue Devils,La Salle Explorers,95,66,0,2,150,2325,53.7,41.4
2023-11-22,401577594,Creighton Bluejays,Loyola Chicago Ramblers,88,65,1,2,156,2350,55.2,44.3
2023-11-22,401577621,Maryland Terrapins,UMBC Retrievers,92,68,0,2,120,2378,45.6,39.7
2023-11-22,401578013,TCU Horned Frogs,Alcorn State Braves,93,74,0,2,2628,2016,47.4,42.9
2023-11-22,401579007,Louisiana Tech Bulldogs,McNeese Cowboys,71,62,0,2,2348,2377,40.4,44.6
2023-11-22,401580922,North Carolina Tar Heels,Northern Iowa Panthers,91,69,1,2,153,2460,42.6,45.3
2023-11-22,401580923,Villanova Wildcats,Texas Tech Red Raiders,85,69,1,2,222,2641,43.1,41.2
2023-11-22,401580924,Michigan Wolverines,Memphis Tigers,67,71,1,2,130,235,39.3,43.9
2023-11-22,401581084,Massachusetts Minutemen,Central Connecticut Blue Devils,89,60,0,2,113,2115,60.3,34.0
2023-11-22,401581351,Detroit Mercy Titans,Eastern Michigan Eagles,72,76,0,2,2174,2199,56.0,63.6
2023-11-22,401581541,Utah State Aggies,Stephen F. Austin Lumberjacks,79,49,1,2,328,2617,55.7,33.9
2023-11-22,401581578,Wright State Raiders,Hofstra Pride,76,85,1,2,2750,2275,46.4,49.2
2023-11-22,401581579,Illinois State Redbirds,Wright State Raiders,49,74,1,2,2287,2750,27.8,45.6
2023-11-22,401581580,Iona Gaels,Buffalo Bulls,89,64,1,2,314,2084,52.3,42.0
2023-11-22,401581583,Long Beach State Beach,Louisiana Ragin' Cajuns,82,92,1,2,299,309,54.1,50.0
2023-11-22,401581584,Boston College Eagles,Colorado State Rams,74,86,1,2,103,36,47.1,55.6
2023-11-22,401581594,Purdue Boilermakers,Tennessee Volunteers,71,67,1,2,2509,2633,35.2,33.3
2023-11-22,401581595,Marquette Golden Eagles,Kansas Jayhawks,73,59,1,2,269,2305,45.3,40.7
2023-11-22,401581598,Marquette Golden Eagles,Purdue Boilermakers,75,78,1,2,269,2509,51.7,50.8
2023-11-22,401581599,Kansas Jayhawks,Tennessee Volunteers,69,60,1,2,2305,2633,51.9,31.0
2023-11-22,401581727,Merrimack Warriors,North Carolina A&T Aggies,96,73,1,2,2771,2448,55.7,41.0
2023-11-22,401581740,Colgate Raiders,Harvard Crimson,70,76,0,2,2142,108,36.8,48.2
2023-11-22,401581815,Omaha Mavericks,Mid America Christian Evangels,76,59,0,2,2437,3126,48.1,37.3
2023-11-22,401581827,Murray State Racers,App State Mountaineers,57,67,1,2,93,2026,37.9,39.3
2023-11-22,401581856,Old Dominion Monarchs,Princeton Tigers,56,76,0,2,295,163,36.4,47.3
2023-11-22,401581870,Oral Roberts Golden Eagles,Texas Southern Tigers,65,63,0,2,198,2640,37.3,38.7
2023-11-22,401583746,Monmouth Hawks,Lehigh Mountain Hawks,88,79,0,2,2405,2329,52.7,45.2
2023-11-22,401583796,Auburn Tigers,Alabama A&M Bulldogs,84,54,0,2,2,2010,47.3,33.3
2023-11-22,401583853,Toledo Rockets,New Mexico Lobos,84,92,1,2,2649,167,50.9,50.0
2023-11-22,401584363,Hawai'i Rainbow Warriors,Northern Arizona Lumberjacks,70,61,0,2,62,2464,39.3,41.8
2023-11-22,401584401,UAlbany Great Danes,Army Black Knights,62,59,1,2,399,349,41.5,35.5
2023-11-22,401584436,Nicholls Colonels,Blue Mountain Christian Toppers,86,56,0,2,2447,494,48.4,33.3
2023-11-22,401586900,Rhode Island Rams,Johnson & Wales Griffins,97,59,0,2,227,353,50.7,35.9
2023-11-22,401587113,UT Martin Skyhawks,North Alabama Lions,105,103,0,2,2630,2453,48.6,45.6
2023-11-22,401587151,Middle Tennessee Blue Raiders,UAB Blazers,57,58,0,2,2393,5,39.0,41.5
2023-11-22,401588593,Ball State Cardinals,South Carolina Upstate Spartans,75,58,0,2,2050,2908,48.3,42.1
2023-11-22,401589493,Columbia Lions,Long Island University Sharks,77,67,0,2,171,112358,44.0,41.3
2023-11-22,401593852,Temple Owls,Ole Miss Rebels,76,77,0,2,218,145,44.1,50.8
2023-11-22,401593993,Campbell Fighting Camels,Idaho State Bengals,55,69,0,2,2097,304,44.4,42.4
2023-11-22,401594073,Presbyterian Blue Hose,Tennessee Tech Golden Eagles,75,79,0,2,2506,2635,40.9,48.3
2023-11-22,401594092,Cal State Northridge Matadors,Le Moyne Dolphins,70,80,0,2,2463,2330,46.4,38.0
2023-11-22,401594191,UC Riverside Highlanders,Green Bay Phoenix,74,68,1,2,27,2739,46.7,48.1
2023-11-22,401594231,Northern Kentucky Norse,Texas A&M-Corpus Christi Islanders,88,73,0,2,94,357,56.0,47.2
2023-11-22,401594343,American University Eagles,Mount St. Mary's Mountaineers,68,65,0,2,44,116,39.7,42.4
2023-11-22,401594437,Valparaiso Beacons,Western Illinois Leathernecks,73,66,0,2,2674,2710,47.3,42.4
2023-11-22,401596808,Campbell Fighting Camels,The Citadel Bulldogs,65,58,0,2,2097,2643,45.1,43.8
2023-11-22,401597832,Davidson Wildcats,Boston University Terriers,69,45,0,2,2166,104,47.5,33.9
2023-11-22,401597954,Morehead State Eagles,Midway Eagles,94,53,0,2,2413,111166,50.0,40.0
2023-11-22,401598009,Southern Utah Thunderbirds,Texas State Bobcats,74,67,1,2,253,326,45.1,42.9
2023-11-22,401598567,New Mexico State Aggies,Fresno State Bulldogs,76,81,1,2,166,278,44.1,43.4
2023-11-22,401600083,Little Rock Trojans,Georgia State Panthers,90,93,0,2,2031,2247,43.5,45.3
2023-11-22,401600094,South Dakota Coyotes,Northland Lumberjacks,100,48,0,2,233,2462,46.2,32.1
2023-11-22,401600442,Minnesota Golden Gophers,Arkansas-Pine Bluff Golden Lions,86,67,0,2,135,2029,44.9,36.2
2023-11-22,401601494,Morgan State Bears,Chicago State Cougars,83,84,1,2,2415,2130,53.8,50.9
2023-11-22,401601495,Radford Highlanders,Northern Colorado Bears,79,68,1,2,2515,2458,46.8,39.7
2023-11-22,401601496,New Mexico State Aggies,Southern Illinois Salukis,54,81,1,2,166,79,31.9,44.4
2023-11-22,401603092,Pepperdine Waves,UC Irvine Anteaters,60,76,1,2,2492,300,43.1,51.7
2023-11-22,401603134,Virginia Cavaliers,West Virginia Mountaineers,56,54,1,2,258,277,40.4,37.3
2023-11-22,401603141,Milwaukee Panthers,Siena Saints,61,59,1,2,270,2561,35.6,42.1
2023-11-22,401604307,Cal State Bakersfield Roadrunners,Tarleton State Texans,40,59,1,2,2934,2627,33.3,38.6
2023-11-22,401604308,Sacramento State Hornets,Austin Peay Governors,71,74,1,2,16,2046,38.5,42.6
2023-11-22,401606135,South Alabama Jaguars,Lynn Fighting Knights,74,62,0,2,6,2357,47.1,38.5
2023-11-22,401606611,Grambling Tigers,Sam Houston Bearkats,68,86,1,2,2755,2534,51.0,57.4
2023-11-23,401574412,Kansas State Wildcats,Central Arkansas Bears,100,56,0,2,2306,2110,50.7,27.9
2023-11-23,401574835,Nebraska Cornhuskers,Duquesne Dukes,89,79,0,2,158,2184,49.1,44.4
2023-11-23,401575418,St. Bonaventure Bonnies,Bucknell Bison,67,61,0,2,179,2083,41.1,43.5
2023-11-23,401577564,South Florida Bulls,Maine Black Bears,59,70,0,2,58,311,35.4,49.0
2023-11-23,401579100,Samford Bulldogs,Alabama State Hornets,99,67,0,2,2535,2011,58.1,34.8
2023-11-23,401580925,Arkansas Razorbacks,Stanford Cardinal,77,74,1,2,8,24,30.3,40.0
2023-11-23,401581165,Butler Bulldogs,Florida Atlantic Owls,86,91,1,2,2086,2226,50.0,52.4
2023-11-23,401581173,Montana State Bobcats,UC Riverside Highlanders,69,68,0,2,147,27,48.0,41.7
2023-11-23,401581334,Texas A&M Aggies,Penn State Nittany Lions,89,77,1,2,245,213,59.6,52.8
2023-11-23,401581335,VCU Rams,Iowa State Cyclones,64,68,1,2,2670,66,45.5,40.7
2023-11-23,401581519,Northern Iowa Panthers,Texas Tech Red Raiders,70,72,1,2,2460,2641,47.1,39.3
2023-11-23,401581520,North Carolina Tar Heels,Villanova Wildcats,81,83,1,2,153,222,43.1,38.3
2023-11-23,401581521,Memphis Tigers,Arkansas Razorbacks,84,79,1,2,235,8,49.1,47.3
2023-11-23,401581577,High Point Panthers,Hofstra Pride,92,97,1,2,2272,2275,37.0,50.0
2023-11-23,401581585,Loyola Chicago Ramblers,Boston College Eagles,71,68,1,2,2350,103,41.5,42.2
2023-11-23,401581586,Creighton Bluejays,Colorado State Rams,48,69,1,2,156,36,27.9,47.6
2023-11-23,401581600,UCLA Bruins,Gonzaga Bulldogs,65,69,1,2,26,2250,35.2,43.4
2023-11-23,401581601,Chaminade Silverswords,Syracuse Orange,56,105,1,2,2124,183,30.0,56.4
2023-11-23,401581799,Oregon State Beavers,Baylor Bears,72,88,1,2,204,239,49.1,52.4
2023-11-23,401581800,Pittsburgh Panthers,Florida Gators,71,86,1,2,221,57,35.3,47.0
2023-11-23,401582013,Notre Dame Fighting Irish,Maryland Eastern Shore Hawks,75,55,0,2,87,2379,50.9,34.4
2023-11-23,401583716,Queens University Royals,Fairleigh Dickinson Knights,97,84,0,2,2511,161,48.5,42.4
2023-11-23,401583737,Seattle U Redhawks,Idaho Vandals,92,55,0,2,2547,70,61.8,40.4
2023-11-23,401583854,UC Irvine Anteaters,Toledo Rockets,77,71,1,2,300,2649,50.0,39.1
2023-11-23,401586849,Iowa Hawkeyes,Oklahoma Sooners,67,79,1,2,2294,201,35.8,48.4
2023-11-23,401586850,USC Trojans,Seton Hall Pirates,71,63,1,2,30,2550,44.4,35.2
2023-11-23,401587160,San Francisco Dons,Purdue Fort Wayne Mastodons,76,60,0,2,2539,2870,40.3,37.9
2023-11-23,401589380,Saint Francis Red Wolves,Franciscan Barons,107,54,0,2,2598,111170,60.9,32.1
2023-11-23,401590229,Southern Miss Golden Eagles,South Dakota State Jackrabbits,54,65,0,2,2572,2571,29.1,43.1
2023-11-23,401592391,Arizona Wildcats,Michigan State Spartans,74,68,1,2,12,127,45.8,40.6
2023-11-23,401593831,New Mexico Lobos,Rice Owls,90,56,1,2,167,242,50.7,34.0
2023-11-23,401593973,Eastern Washington Eagles,Walla Walla Wolves,97,46,0,2,331,3152,55.2,27.4
2023-11-23,401594172,Cleveland State Vikings,East Tennessee State Buccaneers,72,70,0,2,325,2193,43.9,46.4
2023-11-23,401594424,Indiana State Sycamores,Pepperdine Waves,90,82,1,2,282,2492,59.2,55.6
2023-11-23,401594540,Missouri Tigers,South Carolina State Bulldogs,82,59,0,2,142,2569,53.4,47.3
2023-11-23,401594593,Denver Pioneers,Colorado Christian Cougars,100,68,0,2,2172,2862,54.0,36.5
2023-11-23,401597430,Incarnate Word Cardinals,Jacksonville State Gamecocks,67,66,0,2,2916,55,48.0,40.4
2023-11-23,401597847,Vermont Catamounts,Vermont State Johnson Badgers,106,57,0,2,261,126751,66.1,39.3
2023-11-23,401601136,UC Santa Barbara Gauchos,Westmont Warriors,91,79,0,2,2540,2716,61.8,47.1
2023-11-23,401601497,Fresno State Bulldogs,James Madison Dukes,64,95,1,2,278,256,41.3,56.3
2023-11-23,401602360,UT Arlington Mavericks,Alcorn State Braves,82,69,0,2,250,2016,47.5,39.7
2023-11-23,401603135,SMU Mustangs,Wisconsin Badgers,61,69,1,2,2567,275,45.1,41.9
2023-11-23,401603537,Cincinnati Bearcats,Georgia Tech Yellow Jackets,89,54,0,2,2132,59,46.8,34.7
2023-11-23,401604309,Tulane Green Wave,California Golden Bears,84,81,1,2,2655,25,51.6,45.9
2023-11-23,401604310,Bradley Braves,UTEP Miners,63,59,1,2,71,2638,41.1,36.8
2023-11-24,401575437,Houston Cougars,Montana Grizzlies,79,44,0,2,248,149,46.6,32.6
2023-11-24,401575762,Belmont Bruins,Monmouth Hawks,84,93,1,2,2057,2405,54.8,50.8
2023-11-24,401576152,Duke Blue Devils,Southern Indiana Screaming Eagles,80,62,0,2,150,88,48.3,41.4
2023-11-24,401576636,Texas A&M-Corpus Christi Islanders,Long Island University Sharks,68,83,1,2,357,112358,35.9,45.5
2023-11-24,401577607,Xavier Musketeers,Bryant Bulldogs,100,75,0,2,2752,2803,55.9,42.0
2023-11-24,401577660,Brown Bears,Delaware Blue Hens,59,67,1,2,225,48,34.9,40.3
2023-11-24,401577710,Middle Tennessee Blue Raiders,UIC Flames,40,70,1,2,2393,82,28.8,52.6
2023-11-24,401579101,Samford Bulldogs,Merrimack Warriors,79,71,0,2,2535,2771,45.0,45.3
2023-11-24,401580929,Washington State Cougars,Utah Tech Trailblazers,93,53,0,2,265,3101,56.1,29.8
2023-11-24,401581090,Wake Forest Demon Deacons,Charleston Southern Buccaneers,71,56,0,2,154,2127,43.8,37.3
2023-11-24,401581336,Virginia Tech Hokies,Boise State Broncos,82,75,1,2,259,68,47.3,47.4
2023-11-24,401581518,UNC Greensboro Spartans,Kansas City Roos,76,64,1,2,2430,140,50.0,35.8
2023-11-24,401581522,Michigan Wolverines,Stanford Cardinal,83,78,1,2,130,24,59.3,50.0
2023-11-24,401581523,Villanova Wildcats,Memphis Tigers,79,63,1,2,222,235,42.6,35.1
2023-11-24,401581524,North Carolina Tar Heels,Arkansas Razorbacks,87,72,1,2,153,8,49.1,47.3
2023-11-24,401581525,Texas Tech Red Raiders,Michigan Wolverines,73,57,1,2,2641,130,43.1,40.7
2023-11-24,401581530,Pennsylvania Quakers,Lafayette Leopards,74,72,0,2,219,322,41.8,50.0
2023-11-24,401581565,Florida Atlantic Owls,Texas A&M Aggies,96,89,1,2,2226,245,53.6,47.8
2023-11-24,401581566,Virginia Tech Hokies,Iowa State Cyclones,71,62,1,2,259,66,40.8,42.0
2023-11-24,401581567,Butler Bulldogs,Penn State Nittany Lions,88,78,1,2,2086,213,50.0,43.7
2023-11-24,401581728,North Carolina A&T Aggies,Alabama State Hornets,73,88,1,2,2448,2011,34.5,55.7
2023-11-24,401581764,Western Michigan Broncos,SE Louisiana Lions,68,67,1,2,2711,2545,49.0,40.3
2023-11-24,401581785,Lamar Cardinals,Bethune-Cookman Wildcats,83,65,1,2,2320,2065,50.0,35.6
2023-11-24,401582118,Florida Gators,Baylor Bears,91,95,1,2,57,239,44.9,51.7
2023-11-24,401582119,Pittsburgh Panthers,Oregon State Beavers,76,51,1,2,221,204,40.0,32.7
2023-11-24,401582151,Vanderbilt Commodores,NC State Wolfpack,78,84,1,2,238,152,44.6,42.9
2023-11-24,401582152,Arizona State Sun Devils,BYU Cougars,49,77,1,2,9,252,33.3,40.9
2023-11-24,401582159,Tennessee State Tigers,Mercer Bears,59,60,1,2,2634,2382,36.5,47.8
2023-11-24,401583738,Idaho Vandals,UC San Diego Tritons,73,70,1,2,70,28,44.1,42.6
2023-11-24,401583855,Toledo Rockets,Indiana State Sycamores,74,76,1,2,2649,282,50.0,48.1
2023-11-24,401586851,USC Trojans,Oklahoma Sooners,70,72,1,2,30,201,45.6,50.0
2023-11-24,401586852,Iowa Hawkeyes,Seton Hall Pirates,85,72,1,2,2294,2550,56.4,36.0
2023-11-24,401587216,Chattanooga Mocs,Evansville Purple Aces,77,85,0,2,236,339,40.6,42.6
2023-11-24,401588594,Ball State Cardinals,Arkansas-Pine Bluff Golden Lions,92,74,0,2,2050,2029,61.1,42.4
2023-11-24,401591370,UConn Huskies,Manhattan Jaspers,90,60,0,2,41,2363,58.1,39.7
2023-11-24,401591569,Troy Trojans,Grambling Tigers,80,67,0,2,2653,2755,45.5,45.5
2023-11-24,401592095,UTSA Roadrunners,Jacksonville State Gamecocks,62,77,0,2,2636,55,42.9,45.6
2023-11-24,401593832,Rice Owls,UC Irvine Anteaters,68,83,1,2,242,300,43.9,51.7
2023-11-24,401593934,UNC Asheville Bulldogs,Lipscomb Bisons,75,86,1,2,2427,288,37.0,49.2
2023-11-24,401594250,Wofford Terriers,Canisius Golden Griffins,67,76,1,2,2747,2099,35.5,38.2
2023-11-24,401594531,Georgia Bulldogs,Winthrop Eagles,78,69,0,2,61,2737,43.1,42.4
2023-11-24,401597833,Saint Mary's Gaels,Davidson Wildcats,89,55,0,2,2608,2166,52.3,36.2
2023-11-24,401597906,Longwood Lancers,Delaware State Hornets,84,82,0,2,2344,2169,41.0,40.0
2023-11-24,401599987,Robert Morris Colonials,Jacksonville Dolphins,65,74,0,2,2523,294,47.1,55.6
2023-11-24,401603093,Pepperdine Waves,New Mexico Lobos,71,90,1,2,2492,167,,
2023-11-24,401606613,Mississippi State Bulldogs,Nicholls Colonels,74,61,0,2,344,2447,42.6,38.9
2023-11-25,401574413,Central Arkansas Bears,Eastern Michigan Eagles,71,74,0,2,2110,2199,42.1,45.3
2023-11-25,401574596,Binghamton Bearcats,Army Black Knights,75,68,0,2,2066,349,47.9,40.0
2023-11-25,401574608,Fairfield Stags,New Hampshire Wildcats,80,83,0,2,2217,160,45.7,50.0
2023-11-25,401575394,VMI Keydets,Clarks Summit Defenders,100,63,0,2,2678,109636,53.6,28.0
2023-11-25,401575406,Pacific Tigers,Le Moyne Dolphins,73,71,0,2,279,2330,45.3,38.7
2023-11-25,401575419,St. Bonaventure Bonnies,Miami (OH) RedHawks,90,60,0,2,179,193,55.4,39.3
2023-11-25,401575484,Georgetown Hoyas,Jackson State Tigers,88,81,0,2,46,2296,53.7,41.7
2023-11-25,401575763,Pennsylvania Quakers,Belmont Bruins,79,84,0,2,219,2057,46.3,50.8
2023-11-25,401576637,Northern Kentucky Norse,Long Island University Sharks,72,64,0,2,94,112358,43.1,50.0
2023-11-25,401577532,Dayton Flyers,Youngstown State Penguins,77,69,0,2,2168,2754,51.0,41.0
2023-11-25,401577565,Columbia Lions,Maine Black Bears,75,56,0,2,171,311,49.2,41.7
2023-11-25,401577636,Ohio State Buckeyes,Alabama Crimson Tide,92,81,1,2,194,333,54.0,46.4
2023-11-25,401577700,Missouri State Bears,South Carolina State Bulldogs,92,74,0,2,2623,2569,58.5,36.8
2023-11-25,401579034,North Dakota Fighting Hawks,LSU New Orleans Privateers,71,69,1,2,155,2443,42.9,37.3
2023-11-25,401579102,Samford Bulldogs,North Carolina A&T Aggies,101,83,0,2,2535,2448,53.7,44.3
2023-11-25,401579113,Oregon Ducks,Santa Clara Broncos,82,88,1,2,2483,2541,44.6,51.7
2023-11-25,401581075,Ohio Bobcats,George Washington Revolutionaries,94,99,1,2,195,45,44.3,47.1
2023-11-25,401581159,Providence Friars,Lehigh Mountain Hawks,78,64,0,2,2507,2329,51.6,45.0
2023-11-25,401581526,Northern Iowa Panthers,Stanford Cardinal,73,51,1,2,2460,24,45.6,36.5
2023-11-25,401581531,Lafayette Leopards,Monmouth Hawks,53,63,1,2,322,2405,31.5,36.5
2023-11-25,401581568,Boise State Broncos,VCU Rams,65,61,1,2,68,2670,41.2,39.6
2023-11-25,401581786,Longwood Lancers,Lamar Cardinals,83,72,0,2,2344,2320,56.9,39.3
2023-11-25,401581847,Kentucky Wildcats,Marshall Thundering Herd,118,82,0,2,96,276,60.8,42.0
2023-11-25,401582130,William & Mary Tribe,UMBC Retrievers,96,81,0,2,2729,2378,55.6,48.4
2023-11-25,401582153,BYU Cougars,NC State Wolfpack,95,86,1,2,252,152,56.7,46.9
2023-11-25,401582154,Arizona State Sun Devils,Vanderbilt Commodores,82,67,1,2,9,238,51.8,37.5
2023-11-25,401582161,Oregon Ducks,Alabama Crimson Tide,91,99,1,2,2483,333,52.2,50.0
2023-11-25,401582162,SE Louisiana Lions,Tennessee State Tigers,77,91,1,2,2545,2634,48.1,50.8
2023-11-25,401582163,Western Michigan Broncos,Mercer Bears,72,66,1,2,2711,2382,52.9,45.3
2023-11-25,401583613,George Mason Patriots,East Carolina Pirates,81,59,0,2,2244,151,58.2,34.5
2023-11-25,401583755,SIU Edwardsville Cougars,Detroit Mercy Titans,81,67,0,2,2565,2174,55.8,46.4
2023-11-25,401583762,Clemson Tigers,Alcorn State Braves,90,69,0,2,228,2016,48.6,50.0
2023-11-25,401583787,Alabama State Hornets,Merrimack Warriors,66,60,1,2,2011,2771,31.7,32.1
2023-11-25,401584340,LSU Tigers,North Florida Ospreys,75,63,0,2,99,2454,46.0,35.4
2023-11-25,401584371,Liberty Flames,Maryland Eastern Shore Hawks,99,62,0,2,2335,2379,65.0,41.8
2023-11-25,401584385,Marist Red Foxes,Bucknell Bison,73,49,0,2,2368,2083,56.0,28.8
2023-11-25,401584391,Saint Francis Red Wolves,Niagara Purple Eagles,61,69,0,2,2598,315,37.7,61.4
2023-11-25,401584452,Utah Valley Wolverines,Western Colorado Mountaineers,87,52,0,2,3084,112694,51.5,32.8
2023-11-25,401584514,Illinois Fighting Illini,Western Illinois Leathernecks,84,52,0,2,356,2710,47.2,29.2
2023-11-25,401587167,Princeton Tigers,Northeastern Huskies,80,66,0,2,163,111,49.1,50.0
2023-11-25,401587217,Evansville Purple Aces,Southeast Missouri State Redhawks,93,74,1,2,339,2546,56.5,44.8
2023-11-25,401587227,Fairleigh Dickinson Knights,Jacksonville Dolphins,90,91,1,2,161,294,53.4,55.8
2023-11-25,401587237,Eastern Illinois Panthers,Eureka Red Devils,85,39,0,2,2197,101,50.7,24.5
2023-11-25,401589464,Wagner Seahawks,NJIT Highlanders,64,51,0,2,2681,2885,40.8,32.6
2023-11-25,401592096,UTSA Roadrunners,Incarnate Word Cardinals,90,80,0,2,2636,2916,43.3,45.2
2023-11-25,401593870,Florida Gulf Coast Eagles,UNC Wilmington Seahawks,55,71,0,2,526,350,35.3,47.2
2023-11-25,401594093,Cal State Northridge Matadors,Mississippi Valley State Delta Devils,84,48,0,2,2463,2400,44.8,35.7
2023-11-25,401594192,Green Bay Phoenix,St. Thomas Tommies,64,51,0,2,2739,2900,43.5,31.7
2023-11-25,401594215,IU Indianapolis Jaguars,Cleary University Cougars,78,70,0,2,85,128438,43.1,54.0
2023-11-25,401594344,Mount St. Mary's Mountaineers,Howard Bison,83,87,0,2,116,47,43.8,45.3
2023-11-25,401594438,Valparaiso Beacons,Southern Jaguars,71,59,0,2,2674,2582,45.1,39.3
2023-11-25,401594505,Missouri Tigers,Loyola Maryland Greyhounds,78,70,0,2,142,2352,44.8,44.6
2023-11-25,401594580,UNC Asheville Bulldogs,Wofford Terriers,85,82,1,2,2427,2747,38.8,42.9
2023-11-25,401597420,Milwaukee Panthers,Southern Miss Golden Eagles,84,90,0,2,270,2572,45.9,50.8
2023-11-25,401597873,UAB Blazers,Furman Paladins,92,86,0,2,5,231,58.6,50.8
2023-11-25,401598010,UT Arlington Mavericks,Texas State Bobcats,66,73,0,2,250,326,43.2,45.5
2023-11-25,401600051,South Carolina Upstate Spartans,Voorhees Tigers,79,44,0,2,2908,2679,45.5,30.2
2023-11-25,401600073,Louisiana Tech Bulldogs,Dillard Blue Devils,105,65,0,2,2348,2176,54.9,36.1
2023-11-25,401600084,Little Rock Trojans,Tulsa Golden Hurricane,84,82,0,2,2031,202,47.1,42.3
2023-11-25,401600243,Chicago State Cougars,UT Martin Skyhawks,71,94,0,2,2130,2630,37.7,53.4
2023-11-25,401601460,Charlotte 49ers,Georgia State Panthers,65,57,0,2,2429,2247,46.7,37.5
2023-11-25,401602631,Gardner-Webb Runnin' Bulldogs,Limestone Saints,92,51,0,2,2241,2336,54.3,31.3
2023-11-25,401603084,UNC Greensboro Spartans,Delaware Blue Hens,88,77,1,2,2430,48,48.3,41.7
2023-11-25,401603087,Middle Tennessee Blue Raiders,Ohio Bobcats,68,80,1,2,2393,195,44.2,59.3
2023-11-25,401603091,Kansas City Roos,Brown Bears,83,93,1,2,140,225,44.3,58.5
2023-11-25,401603105,Bethune-Cookman Wildcats,Delaware State Hornets,64,72,1,2,2065,2169,42.9,49.1
2023-11-25,401603541,Oklahoma State Cowboys,Houston Christian Huskies,92,65,0,2,197,2277,48.6,37.5
2023-11-25,401604297,Hawai'i Rainbow Warriors,UT Rio Grande Valley Vaqueros,76,57,1,2,62,292,46.6,33.3
2023-11-25,401604298,Arkansas State Red Wolves,San Diego Toreros,57,71,1,2,2032,301,29.4,40.6
2023-11-25,401604370,East Tennessee State Buccaneers,Alabama A&M Bulldogs,82,71,1,2,2193,2010,44.6,43.1
2023-11-25,401608089,Western Kentucky Hilltoppers,Bowling Green Falcons,72,65,1,2,98,189,34.8,39.7
2023-11-25,401608092,Canisius Golden Griffins,Western Kentucky Hilltoppers,85,77,1,2,2099,98,43.5,48.4
2023-11-26,401574414,Central Arkansas Bears,LSU New Orleans Privateers,74,79,0,2,2110,2443,41.8,45.8
2023-11-26,401574620,Longwood Lancers,Bethune-Cookman Wildcats,69,48,0,2,2344,2065,40.8,33.3
2023-11-26,401574836,Nebraska Cornhuskers,Cal State Fullerton Titans,85,72,0,2,158,2239,46.6,41.8
2023-11-26,401575407,Pacific Tigers,Mississippi Valley State Delta Devils,68,65,0,2,279,2400,40.4,47.9
2023-11-26,401575463,UCF Knights,Stetson Hatters,82,85,0,2,2116,56,43.5,47.2
2023-11-26,401575472,West Virginia Mountaineers,Bellarmine Knights,62,58,0,2,277,91,41.2,33.8
2023-11-26,401575764,Belmont Bruins,Lafayette Leopards,79,69,1,2,2057,322,43.1,38.7
2023-11-26,401577545,Saint Joseph's Hawks,Sacred Heart Pioneers,64,55,0,2,2603,2529,44.2,34.5
2023-11-26,401577585,Wichita State Shockers,Norfolk State Spartans,80,67,0,2,2724,2450,48.3,41.5
2023-11-26,401577615,Indiana Hoosiers,Harvard Crimson,89,76,1,2,84,108,57.1,43.3
2023-11-26,401577622,Maryland Terrapins,South Alabama Jaguars,68,55,0,2,120,6,42.1,39.2
2023-11-26,401577649,Kent State Golden Flashes,Charleston Cougars,78,84,0,2,2309,232,50.0,44.6
2023-11-26,401577686,Quinnipiac Bobcats,Stonehill Skyhawks,80,69,0,2,2514,284,49.1,45.0
2023-11-26,401581174,Montana State Bobcats,Long Beach State Beach,69,75,0,2,147,299,50.9,47.5
2023-11-26,401581352,Eastern Michigan Eagles,North Dakota Fighting Hawks,70,72,1,2,2199,155,49.1,42.3
2023-11-26,401581532,Pennsylvania Quakers,Monmouth Hawks,76,61,0,2,219,2405,50.0,44.6
2023-11-26,401581569,Virginia Tech Hokies,Florida Atlantic Owls,50,84,1,2,259,2226,33.3,56.9
2023-11-26,401581570,Iowa State Cyclones,Texas A&M Aggies,69,73,1,2,66,245,34.4,40.6
2023-11-26,401581571,Boise State Broncos,Butler Bulldogs,56,70,1,2,68,2086,32.3,51.8
2023-11-26,401581572,VCU Rams,Penn State Nittany Lions,86,74,1,2,2670,213,53.8,44.2
2023-11-26,401581759,Colorado Buffaloes,Iona Gaels,85,68,0,2,38,314,60.8,42.1
2023-11-26,401581772,San Diego State Aztecs,California Golden Bears,76,67,1,2,21,25,35.1,31.9
2023-11-26,401581787,Delaware State Hornets,Lamar Cardinals,81,84,1,2,2169,2320,46.2,46.0
2023-11-26,401581828,App State Mountaineers,Austin Peay Governors,78,58,0,2,2026,2046,50.9,36.4
2023-11-26,401581857,Old Dominion Monarchs,Drexel Dragons,68,61,0,2,295,2182,39.1,33.3
2023-11-26,401581863,SMU Mustangs,UL Monroe Warhawks,70,57,0,2,2567,2433,43.1,33.8
2023-11-26,401581871,Drake Bulldogs,Texas Southern Tigers,77,71,0,2,2181,2640,52.7,43.5
2023-11-26,401582142,Siena Saints,UAlbany Great Danes,51,86,0,2,2561,399,32.8,51.4
2023-11-26,401582160,Santa Clara Broncos,Ohio State Buckeyes,56,86,1,2,2541,194,38.2,52.4
2023-11-26,401583717,Richmond Spiders,Queens University Royals,90,61,0,2,257,2511,52.7,31.9
2023-11-26,401583727,Texas Longhorns,Wyoming Cowboys,86,63,0,2,251,2751,55.7,39.0
2023-11-26,401583804,Western Carolina Catamounts,North Alabama Lions,81,63,0,2,2717,2453,53.3,38.7
2023-11-26,401583840,Portland Pilots,Willamette Bearcats,107,84,0,2,2501,2930,54.3,41.3
2023-11-26,401584445,Grand Canyon Lopes,North Dakota State Bison,86,71,0,2,2253,2449,49.3,46.3
2023-11-26,401586901,Rhode Island Rams,Yale Bulldogs,76,72,0,2,227,43,50.8,49.2
2023-11-26,401587133,St. John's Red Storm,Holy Cross Crusaders,91,45,0,2,2599,107,50.6,36.2
2023-11-26,401587137,Radford Highlanders,Notre Dame (MD) Gators,100,53,0,2,2515,128342,64.3,31.7
2023-11-26,401587144,Towson Tigers,Morgan State Bears,67,58,0,2,119,2415,41.7,38.9
2023-11-26,401587161,Purdue Fort Wayne Mastodons,Wittenberg Tigers,95,64,0,2,2870,2746,58.5,37.1
2023-11-26,401587207,Bradley Braves,Vermont Catamounts,79,70,0,2,71,261,45.3,41.9
2023-11-26,401587228,Robert Morris Colonials,Fairleigh Dickinson Knights,97,86,0,2,2523,161,50.9,41.8
2023-11-26,401588596,DePaul Blue Demons,Northern Illinois Huskies,79,89,0,2,305,2459,43.9,48.3
2023-11-26,401589737,La Salle Explorers,Coppin State Eagles,81,62,0,2,2325,2154,48.3,46.7
2023-11-26,401590921,Coastal Carolina Chanticleers,North Carolina Central Eagles,58,70,0,2,324,2428,39.6,37.7
2023-11-26,401590948,Loyola Marymount Lions,UTEP Miners,67,47,0,2,2351,2638,38.2,30.2
2023-11-26,401593913,Florida International Panthers,Kennesaw State Owls,91,84,0,2,2229,338,56.1,39.4
2023-11-26,401593935,Western Kentucky Hilltoppers,UNC Asheville Bulldogs,67,77,1,2,98,2427,50.0,46.0
2023-11-26,401594113,Seattle U Redhawks,UC San Diego Tritons,79,67,0,2,2547,28,51.8,43.1
2023-11-26,401594173,Cleveland State Vikings,Alabama A&M Bulldogs,86,59,0,2,325,2010,56.0,36.4
2023-11-26,401594252,Bowling Green Falcons,Canisius Golden Griffins,77,73,1,2,189,2099,50.0,47.0
2023-11-26,401594442,South Dakota Coyotes,Air Force Falcons,57,58,0,2,233,2005,39.3,35.6
2023-11-26,401594563,Chattanooga Mocs,Southeast Missouri State Redhawks,72,56,0,2,236,2546,52.3,32.8
2023-11-26,401594594,East Texas A&M Lions,Denver Pioneers,61,71,0,2,2837,2172,39.3,40.4
2023-11-26,401594627,California Baptist Lancers,Vanguard Lions,69,59,0,2,2856,2585,42.6,33.3
2023-11-26,401597383,American University Eagles,Hood Blazers,103,74,0,2,44,108854,51.4,43.1
2023-11-26,401597431,Incarnate Word Cardinals,Jacksonville State Gamecocks,65,67,1,2,2916,55,45.1,45.9
2023-11-26,401597900,High Point Panthers,Mount Olive Trojans,122,73,0,2,2272,2418,57.7,42.5
2023-11-26,401597964,Boston University Terriers,Vermont State Johnson Badgers,90,49,0,2,104,126751,50.0,35.6
2023-11-26,401598991,Louisville Cardinals,New Mexico State Aggies,90,84,0,2,97,166,44.6,58.3
2023-11-26,401600269,Saint Louis Billikens,Dartmouth Big Green,66,65,0,2,139,159,38.3,43.4
2023-11-26,401602970,UC Riverside Highlanders,Bethesda Flames,109,63,0,2,27,3246,48.4,36.5
2023-11-26,401603085,UIC Flames,George Washington Revolutionaries,89,79,1,2,82,45,50.8,40.9
2023-11-26,401603086,Kansas City Roos,Middle Tennessee Blue Raiders,59,63,1,2,140,2393,44.2,43.5
2023-11-26,401603089,Delaware Blue Hens,George Washington Revolutionaries,71,81,1,2,48,45,44.1,52.6
2023-11-26,401603090,Brown Bears,Ohio Bobcats,77,82,1,2,225,195,47.2,51.8
2023-11-26,401604299,Hawai'i Rainbow Warriors,San Diego Toreros,77,66,1,2,62,301,48.2,38.3
2023-11-26,401604300,UT Rio Grande Valley Vaqueros,Arkansas State Red Wolves,58,75,1,2,292,2032,31.7,40.7
2023-11-26,401608090,Lipscomb Bisons,Bowling Green Falcons,61,82,1,2,288,189,39.7,60.3
2023-11-26,401608091,Wofford Terriers,Lipscomb Bisons,78,85,1,2,2747,288,47.6,50.8
2023-11-26,401608785,Sam Houston Bearkats,Paul Quinn Tigers,78,61,0,2,2534,2491,37.1,40.0
2023-11-26,401609950,North Texas Mean Green,Angelo State Rams,79,50,0,2,249,2025,45.1,33.3
2023-11-27,401577608,Xavier Musketeers,Oakland Golden Grizzlies,76,78,0,2,2752,2473,41.1,51.8
2023-11-27,401594052,UC Davis Aggies,Sacramento State Hornets,63,69,0,2,302,16,41.2,49.0
2023-11-27,401598045,San Francisco Dons,Minnesota Golden Gophers,76,58,1,2,2539,135,52.4,44.0
2023-11-27,401603088,UNC Greensboro Spartans,UIC Flames,58,57,1,2,2430,82,37.5,39.2
2023-11-28,401578014,TCU Horned Frogs,Houston Christian Huskies,101,64,0,2,2628,2277,58.2,42.2
2023-11-28,401580930,Washington State Cougars,Eastern Washington Eagles,82,72,0,2,265,331,45.3,48.9
2023-11-28,401581720,Northwestern Wildcats,Northern Illinois Huskies,89,67,0,2,77,2459,60.7,47.4
2023-11-28,401581874,Omaha Mavericks,York (NE) Panthers,104,68,0,2,2437,109998,55.6,39.7
2023-11-28,401582131,Hampton Pirates,UMBC Retrievers,76,80,0,2,2261,2378,46.0,42.2
2023-11-28,401584413,Wisconsin Badgers,Western Illinois Leathernecks,71,49,0,2,275,2710,53.2,39.5
2023-11-28,401586891,Fordham Rams,Manhattan Jaspers,93,61,0,2,2230,2363,49.3,42.4
2023-11-28,401587244,Lindenwood Lions,Utah Tech Trailblazers,66,73,0,2,2815,3101,34.8,47.1
2023-11-28,401588313,Elon Phoenix,Presbyterian Blue Hose,82,79,0,2,2210,2506,41.0,49.3
2023-11-28,401590230,South Dakota State Jackrabbits,Mount Marty Lancers,92,70,0,2,2571,573,53.6,43.6
2023-11-28,401591371,UConn Huskies,New Hampshire Wildcats,84,64,0,2,41,160,45.7,36.0
2023-11-28,401591570,Eastern Kentucky Colonels,Troy Trojans,77,76,0,2,2198,2653,44.6,36.2
2023-11-28,401592392,Michigan State Spartans,Georgia Southern Eagles,86,55,0,2,127,290,51.7,40.0
2023-11-28,401597998,San José State Spartans,North Dakota State Bison,78,65,0,2,23,2449,47.3,39.3
2023-11-28,401598040,Saint Mary's Gaels,Utah Utes,71,78,0,2,2608,254,41.7,43.6
2023-11-28,401598568,Fresno State Bulldogs,UC Santa Barbara Gauchos,65,69,0,2,278,2540,36.2,47.3
2023-11-28,401600057,Winthrop Eagles,Bob Jones Bruins,90,49,0,2,2737,3243,53.7,32.7
2023-11-28,401600079,Rutgers Scarlet Knights,Saint Peter's Peacocks,71,40,0,2,164,2612,38.2,23.6
2023-11-28,401600453,Louisiana Ragin' Cajuns,Loyola New Orleans Wolfpack,78,54,0,2,309,100,55.9,36.5
2023-11-28,401604275,Bryant Bulldogs,Springfield Pride,108,74,0,2,2803,81,57.4,37.8
2023-11-28,401604387,Weber State Wildcats,Navajo Tech Skyhawks,107,45,0,2,2692,128585,51.6,28.8
2023-11-28,401604757,Arkansas-Pine Bluff Golden Lions,Arkansas Baptist Buffaloes,85,60,0,2,2029,2027,47.1,33.9
2023-11-28,401611812,San Diego State Aztecs,Point Loma Nazarene Sea Lions,71,51,0,2,21,2500,45.6,29.3
2023-11-29,401574545,Syracuse Orange,LSU Tigers,80,57,0,2,183,99,39.7,39.3
2023-11-29,401574546,Pittsburgh Panthers,Missouri Tigers,64,71,0,2,221,142,34.0,45.0
2023-11-29,401574547,Georgia Tech Yellow Jackets,Mississippi State Bulldogs,67,59,0,2,59,344,34.4,30.8
2023-11-29,401574548,South Carolina Gamecocks,Notre Dame Fighting Irish,65,53,0,2,2579,87,38.0,32.7
2023-11-29,401574549,Kentucky Wildcats,Miami Hurricanes,95,73,0,2,96,2390,59.7,44.1
2023-11-29,401574550,Ole Miss Rebels,NC State Wolfpack,72,52,0,2,145,152,40.7,31.8
2023-11-29,401574551,Alabama Crimson Tide,Clemson Tigers,77,85,0,2,333,228,34.3,53.3
2023-11-29,401575454,Kansas Jayhawks,Eastern Illinois Panthers,71,63,0,2,2305,2197,50.0,39.0
2023-11-29,401576683,Pepperdine Waves,Idaho State Bengals,77,62,0,2,2492,304,53.2,44.4
2023-11-29,401577546,Villanova Wildcats,Saint Joseph's Hawks,65,78,0,2,222,2603,39.3,56.9
2023-11-29,401577600,Marquette Golden Eagles,Southern Jaguars,93,56,0,2,269,2582,49.2,40.7
2023-11-29,401577623,Maryland Terrapins,Rider Broncs,103,76,0,2,120,2520,57.9,45.9
2023-11-29,401577642,Purdue Boilermakers,Texas Southern Tigers,99,67,0,2,2509,2640,52.7,37.1
2023-11-29,401579008,UAB Blazers,McNeese Cowboys,60,81,0,2,5,2377,29.7,49.2
2023-11-29,401581160,Providence Friars,Wagner Seahawks,86,52,0,2,2507,2681,52.7,27.7
2023-11-29,401581777,Washington Huskies,UC San Diego Tritons,83,56,1,2,264,28,39.4,29.9
2023-11-29,401581829,App State Mountaineers,East Tennessee State Buccaneers,72,61,0,2,2026,2193,52.3,34.3
2023-11-29,401581864,UL Monroe Warhawks,Northwestern State Demons,74,70,0,2,2433,2466,38.7,43.6
2023-11-29,401582021,Stonehill Skyhawks,UMass Lowell River Hawks,74,80,0,2,284,2349,47.5,42.2
2023-11-29,401583805,Tennessee Tech Golden Eagles,Western Carolina Catamounts,65,69,0,2,2635,2717,48.0,48.3
2023-11-29,401583841,Portland State Vikings,Portland Pilots,75,74,0,2,2502,2501,40.3,48.5
2023-11-29,401584402,Army Black Knights,Central Connecticut Blue Devils,51,79,0,2,349,2115,38.9,50.8
2023-11-29,401584438,Baylor Bears,Nicholls Colonels,108,70,0,2,239,2447,56.7,37.5
2023-11-29,401587129,Seton Hall Pirates,Northeastern Huskies,88,75,0,2,2550,111,59.3,45.0
2023-11-29,401587635,Youngstown State Penguins,Cleveland State Vikings,94,69,0,2,2754,325,51.6,39.3
2023-11-29,401588599,Little Rock Trojans,Ball State Cardinals,90,64,0,2,2031,2050,63.8,49.1
2023-11-29,401593936,Lipscomb Bisons,Chattanooga Mocs,82,68,0,2,288,236,49.2,34.9
2023-11-29,401594152,Norfolk State Spartans,William & Mary Tribe,96,62,0,2,2450,2729,53.6,40.5
2023-11-29,401594603,Kansas State Wildcats,Oral Roberts Golden Eagles,88,78,0,2,2306,198,44.8,51.7
2023-11-29,401594612,Arkansas State Red Wolves,Jackson State Tigers,71,75,0,2,2032,2296,38.9,42.1
2023-11-29,401596809,Jacksonville Dolphins,Campbell Fighting Camels,62,48,0,2,294,2097,43.8,34.1
2023-11-29,401597298,UNLV Rebels,Akron Zips,72,70,0,2,2439,2006,48.4,46.3
2023-11-29,401597377,SE Louisiana Lions,Southern New Orleans Knights,101,55,0,2,2545,2573,51.3,40.4
2023-11-29,401597400,North Dakota Fighting Hawks,Concordia St. Paul Golden Bears,87,56,0,2,155,3066,51.5,39.7
2023-11-29,401597412,Saint Louis Billikens,Utah State Aggies,76,81,0,2,139,328,47.4,57.4
2023-11-29,401597841,Loyola Chicago Ramblers,Chicago State Cougars,62,53,0,2,2350,2130,44.2,32.7
2023-11-29,401597896,The Citadel Bulldogs,Charleston Southern Buccaneers,81,52,0,2,2643,2127,50.0,30.0
2023-11-29,401598587,Southern Indiana Screaming Eagles,East West Phantoms,107,49,0,2,88,3107,53.1,27.1
2023-11-29,401599587,Furman Paladins,South Carolina State Bulldogs,86,78,0,2,231,2569,51.6,45.5
2023-11-29,401600064,Gonzaga Bulldogs,Cal State Bakersfield Roadrunners,81,65,0,2,2250,2934,52.6,40.3
2023-11-29,401600095,South Dakota Coyotes,Waldorf Warriors,93,71,0,2,233,3080,47.2,36.1
2023-11-29,401601809,Indiana State Sycamores,Southern Illinois Salukis,77,48,0,2,282,79,48.2,30.4
2023-11-29,401603538,Howard Bison,Cincinnati Bearcats,81,86,0,2,47,2132,50.0,47.8
2023-11-29,401604278,New Mexico State Aggies,Southwest Mustangs,84,49,0,2,166,3154,50.8,29.1
2023-11-29,401604347,SIU Edwardsville Cougars,Missouri Baptist Spartans,86,62,0,2,2565,2880,50.9,32.8
2023-11-29,401609951,Miami (OH) RedHawks,Spalding Pelicans,82,43,0,2,193,2589,42.9,27.8
2023-11-30,401574041,Utah Valley Wolverines,Seattle U Redhawks,78,72,0,2,3084,2547,46.7,45.5
2023-11-30,401574042,Southern Utah Thunderbirds,California Baptist Lancers,66,91,0,2,253,2856,50.0,51.5
2023-11-30,401574043,UT Rio Grande Valley Vaqueros,Grand Canyon Lopes,69,79,0,2,292,2253,33.9,54.3
2023-11-30,401574044,UT Arlington Mavericks,Abilene Christian Wildcats,86,71,0,2,250,2000,57.4,45.5
2023-11-30,401574045,Stephen F. Austin Lumberjacks,Tarleton State Texans,66,68,0,2,2617,2627,38.6,40.3
2023-11-30,401574415,Loyola Marymount Lions,Central Arkansas Bears,90,63,0,2,2351,2110,44.6,34.3
2023-11-30,401574552,North Carolina Tar Heels,Tennessee Volunteers,100,92,0,2,153,2633,45.9,55.6
2023-11-30,401574553,Virginia Cavaliers,Texas A&M Aggies,59,47,0,2,258,245,41.5,30.4
2023-11-30,401574554,Wake Forest Demon Deacons,Florida Gators,82,71,0,2,154,57,49.1,40.0
2023-11-30,401574555,Arkansas Razorbacks,Duke Blue Devils,80,75,0,2,8,150,49.1,35.8
2023-11-30,401574556,Auburn Tigers,Virginia Tech Hokies,74,57,0,2,2,259,38.7,27.5
2023-11-30,401574557,Florida State Seminoles,Georgia Bulldogs,66,68,0,2,52,61,34.4,40.0
2023-11-30,401574558,Vanderbilt Commodores,Boston College Eagles,62,80,0,2,238,103,36.4,51.8
2023-11-30,401574559,Butler Bulldogs,Texas Tech Red Raiders,103,95,0,2,2086,2641,54.5,52.9
2023-11-30,401574597,Colgate Raiders,Binghamton Bearcats,84,49,0,2,2142,2066,51.6,37.0
2023-11-30,401575395,Navy Midshipmen,VMI Keydets,67,47,0,2,2426,2678,36.2,33.3
2023-11-30,401575408,Pacific Tigers,Cal State Northridge Matadors,69,80,0,2,279,2463,37.5,48.1
2023-11-30,401575485,Georgetown Hoyas,Merrimack Warriors,69,67,0,2,46,2771,36.0,43.6
2023-11-30,401577533,SMU Mustangs,Dayton Flyers,63,65,0,2,2567,2168,41.3,47.1
2023-11-30,401577566,Holy Cross Crusaders,Maine Black Bears,57,72,0,2,107,311,39.0,40.7
2023-11-30,401577586,Wichita State Shockers,Richmond Spiders,80,68,0,2,2724,257,51.6,45.5
2023-11-30,401577637,Ohio State Buckeyes,Central Michigan Chippewas,88,61,0,2,194,2117,47.0,40.0
2023-11-30,401579114,Santa Clara Broncos,Menlo Oaks,106,69,0,2,2541,2381,54.9,40.7
2023-11-30,401581741,Harvard Crimson,American University Eagles,80,75,0,2,108,44,52.8,44.3
2023-11-30,401581817,Omaha Mavericks,Bellevue Bruins,78,59,0,2,2437,2853,49.0,38.2
2023-11-30,401581839,James Madison Dukes,Buffalo Bulls,81,66,0,2,256,2084,48.4,45.3
2023-11-30,401581858,Old Dominion Monarchs,Radford Highlanders,69,68,0,2,295,2515,38.3,40.0
2023-11-30,401582143,UAlbany Great Danes,Boston University Terriers,86,72,0,2,399,104,45.5,38.5
2023-11-30,401583718,Queens University Royals,Gardner-Webb Runnin' Bulldogs,83,80,0,2,2511,2241,39.7,39.4
2023-11-30,401583739,Idaho Vandals,Denver Pioneers,65,67,0,2,70,2172,41.5,36.1
2023-11-30,401583747,Cornell Big Red,Monmouth Hawks,91,87,0,2,172,2405,57.6,52.5
2023-11-30,401584341,Iowa Hawkeyes,North Florida Ospreys,103,78,0,2,2294,2454,59.0,45.5
2023-11-30,401584364,UC Santa Barbara Gauchos,Northern Arizona Lumberjacks,70,59,0,2,2540,2464,47.2,38.6
2023-11-30,401584372,Florida Atlantic Owls,Liberty Flames,83,58,0,2,2226,2335,54.5,37.5
2023-11-30,401587168,Bucknell Bison,Princeton Tigers,71,85,0,2,2083,163,51.0,58.9
2023-11-30,401587187,Yale Bulldogs,Stony Brook Seawolves,79,71,0,2,43,2619,40.9,44.4
2023-11-30,401587636,Detroit Mercy Titans,Oakland Golden Grizzlies,50,65,0,2,2174,2473,36.4,42.1
2023-11-30,401587637,Purdue Fort Wayne Mastodons,Green Bay Phoenix,75,71,0,2,2870,2739,45.3,50.9
2023-11-30,401587638,Wright State Raiders,IU Indianapolis Jaguars,103,74,0,2,2750,85,61.2,40.0
2023-11-30,401587639,Northern Kentucky Norse,Robert Morris Colonials,77,59,0,2,94,2523,60.0,34.8
2023-11-30,401589059,George Mason Patriots,NJIT Highlanders,86,68,0,2,2244,2885,50.0,33.3
2023-11-30,401589381,Lehigh Mountain Hawks,Saint Francis Red Wolves,61,62,0,2,2329,2598,33.3,38.2
2023-11-30,401590816,Nevada Wolf Pack,Montana Grizzlies,77,66,0,2,2440,149,41.2,34.8
2023-11-30,401591558,Columbia Lions,Loyola Maryland Greyhounds,69,57,0,2,171,2352,46.3,42.0
2023-11-30,401593772,Temple Owls,La Salle Explorers,106,99,0,2,218,2325,35.4,37.2
2023-11-30,401593871,Florida International Panthers,Florida Gulf Coast Eagles,65,68,0,2,2229,526,46.4,46.5
2023-11-30,401593974,USC Trojans,Eastern Washington Eagles,106,78,0,2,30,331,57.1,44.4
2023-11-30,401594014,San Diego Toreros,Northern Colorado Bears,74,72,0,2,301,2458,45.8,38.5
2023-11-30,401594309,Iona Gaels,Marist Red Foxes,64,68,0,2,314,2368,41.3,40.9
2023-11-30,401594465,Alabama A&M Bulldogs,Tennessee State Tigers,85,83,0,2,2010,2634,43.1,41.4
2023-11-30,401594481,Colorado State Rams,Colorado Buffaloes,88,83,0,2,36,38,50.9,54.5
2023-11-30,401597834,Charlotte 49ers,Davidson Wildcats,81,85,0,2,2429,2166,54.4,53.6
2023-11-30,401597837,Duquesne Dukes,UC Irvine Anteaters,66,62,0,2,2184,300,41.4,40.7
2023-11-30,401597848,Vermont Catamounts,Dartmouth Big Green,64,53,0,2,261,159,44.2,37.9
2023-11-30,401597881,Austin Peay Governors,Morehead State Eagles,50,61,0,2,2046,2413,38.0,51.2
2023-11-30,401597901,High Point Panthers,Morgan State Bears,77,59,0,2,2272,2415,48.1,38.7
2023-11-30,401597958,Arizona State Sun Devils,Sam Houston Bearkats,78,61,0,2,9,2534,51.6,35.3
2023-11-30,401598019,Tulane Green Wave,Prairie View A&M Panthers,98,77,0,2,2655,2504,62.2,40.3
2023-11-30,401598954,Western Kentucky Hilltoppers,Campbellsville Tigers,101,77,0,2,98,2098,48.1,36.8
2023-11-30,401598960,Louisville Cardinals,Bellarmine Knights,73,68,0,2,97,91,43.1,37.9
2023-11-30,401600052,Coastal Carolina Chanticleers,South Carolina Upstate Spartans,72,70,0,2,324,2908,43.4,32.5
2023-11-30,401600074,New Mexico Lobos,Louisiana Tech Bulldogs,74,65,0,2,167,2348,37.9,35.6
2023-11-30,401600232,Stetson Hatters,Coastal Georgia Mariner,94,49,0,2,56,3189,47.9,30.6
2023-11-30,401600768,Lafayette Leopards,Drexel Dragons,48,69,0,2,322,2182,30.0,46.4
2023-11-30,401601810,Murray State Racers,Bradley Braves,79,72,0,2,93,71,52.9,45.9
2023-11-30,401601811,Northern Iowa Panthers,Belmont Bruins,70,90,0,2,2460,2057,44.4,52.6
2023-11-30,401601812,Valparaiso Beacons,Drake Bulldogs,65,83,0,2,2674,2181,40.7,50.0
2023-11-30,401601813,Missouri State Bears,Evansville Purple Aces,90,78,0,2,2623,339,47.5,42.6
2023-11-30,401602184,Cal Poly Mustangs,San José State Spartans,81,77,0,2,13,23,50.0,43.1
2023-11-30,401602693,Le Moyne Dolphins,SUNY Fredonia Blue Devils,92,54,0,2,2330,2902,46.9,27.0
2023-11-30,401604332,UTEP Miners,Texas A&M-Corpus Christi Islanders,63,67,0,2,2638,357,42.3,40.8
2023-11-30,401608790,East Texas A&M Lions,Dallas Christian Crusaders,100,48,0,2,2837,2937,53.7,27.4
2023-11-30,401611836,Florida A&M Rattlers,Albany State Golden Rams,85,92,0,2,50,2013,43.8,41.5
2023-12-01,401574560,Oklahoma State Cowboys,Creighton Bluejays,65,79,0,2,197,156,40.3,52.7
2023-12-01,401574562,Xavier Musketeers,Houston Cougars,60,66,0,2,2752,248,32.7,34.4
2023-12-01,401574609,Sacred Heart Pioneers,New Hampshire Wildcats,84,90,0,2,2529,160,44.9,43.5
2023-12-01,401575803,UCLA Bruins,UC Riverside Highlanders,66,65,0,2,26,27,40.4,44.0
2023-12-01,401577575,Hofstra Pride,South Florida Bulls,82,63,0,2,2275,58,49.1,34.7
2023-12-01,401577650,Liberty Flames,Charleston Cougars,67,76,1,2,2335,232,38.3,49.1
2023-12-01,401579035,Minnesota Golden Gophers,LSU New Orleans Privateers,97,64,0,2,135,2443,59.4,36.1
2023-12-01,401579103,Samford Bulldogs,Louisiana Ragin' Cajuns,88,65,0,2,2535,309,54.4,39.7
2023-12-01,401581175,Montana State Bobcats,Rocky Mountain Bears,62,70,0,2,147,2826,38.5,50.0
2023-12-01,401581765,Western Michigan Broncos,St. Thomas Tommies,51,65,0,2,2711,2900,39.1,36.8
2023-12-01,401581788,UTSA Roadrunners,Lamar Cardinals,86,83,0,2,2636,2320,40.3,50.8
2023-12-01,401581805,Kansas City Roos,Southeast Missouri State Redhawks,74,44,0,2,140,2546,46.6,28.8
2023-12-01,401582132,Coppin State Eagles,UMBC Retrievers,89,70,0,2,2154,2378,54.2,41.9
2023-12-01,401583614,East Carolina Pirates,UNC Wilmington Seahawks,74,66,0,2,151,350,44.2,39.3
2023-12-01,401583719,Queens University Royals,Carolina Christian Centurions,134,69,0,2,2511,128326,58.3,30.9
2023-12-01,401583728,Texas Longhorns,Texas State Bobcats,77,58,0,2,251,326,44.4,41.4
2023-12-01,401584353,Oklahoma Sooners,Arkansas-Pine Bluff Golden Lions,107,86,0,2,201,2029,57.1,43.1
2023-12-01,401584403,Army Black Knights,SUNY Maritime Privateers,74,39,0,2,349,2951,53.7,26.4
2023-12-01,401586892,Fordham Rams,Fairleigh Dickinson Knights,80,52,0,2,2230,161,44.3,32.7
2023-12-01,401587114,North Alabama Lions,Tennessee Tech Golden Eagles,86,71,0,2,2453,2635,52.6,43.4
2023-12-01,401588314,Elon Phoenix,Warren Wilson Owls,127,56,0,2,2210,2684,63.4,32.4
2023-12-01,401593833,Rice Owls,UT Martin Skyhawks,98,78,0,2,242,2630,50.7,40.3
2023-12-01,401594475,Western Illinois Leathernecks,Hannibal LaGrange Trojans,92,40,0,2,2710,533,50.7,30.2
2023-12-01,401597432,Jacksonville State Gamecocks,South Alabama Jaguars,70,52,0,2,55,6,48.9,35.3
2023-12-01,401597907,Longwood Lancers,Apprentice School Builders,95,46,0,2,2344,3111,57.6,27.6
2023-12-01,401597914,Oregon State Beavers,UC Davis Aggies,71,59,0,2,204,302,47.7,35.8
2023-12-01,401597922,Kent State Golden Flashes,Shawnee State Bears,103,61,0,2,2309,2893,57.6,50.0
2023-12-01,401600244,Chicago State Cougars,Delaware State Hornets,69,76,0,2,2130,2169,35.4,56.3
2023-12-01,401601466,UNC Asheville Bulldogs,Johnson Royals,97,51,0,2,2427,3239,48.3,34.9
2023-12-01,401601814,UIC Flames,Illinois State Redbirds,64,69,0,2,82,2287,40.0,58.1
2023-12-01,401607331,Utah Utes,Hawai'i Rainbow Warriors,79,66,1,2,254,62,52.6,42.1
2023-12-02,401574046,Seattle U Redhawks,Southern Utah Thunderbirds,73,63,0,2,2547,253,46.3,38.9
2023-12-02,401574049,Abilene Christian Wildcats,Stephen F. Austin Lumberjacks,74,79,0,2,2000,2617,38.2,45.6
2023-12-02,401574050,Tarleton State Texans,UT Rio Grande Valley Vaqueros,77,75,0,2,2627,292,45.2,45.5
2023-12-02,401574561,DePaul Blue Demons,Iowa State Cyclones,80,99,0,2,305,66,44.6,56.5
2023-12-02,401574563,Kansas Jayhawks,UConn Huskies,69,65,0,2,2305,41,50.0,41.1
2023-12-02,401574564,West Virginia Mountaineers,St. John's Red Storm,73,79,0,2,277,2599,39.6,42.0
2023-12-02,401574565,Georgetown Hoyas,TCU Horned Frogs,83,84,0,2,46,2628,45.3,52.3
2023-12-02,401574598,Stonehill Skyhawks,Binghamton Bearcats,64,79,0,2,284,2066,37.1,45.9
2023-12-02,401574621,Bethune-Cookman Wildcats,Incarnate Word Cardinals,96,82,0,2,2065,2916,47.7,41.5
2023-12-02,401575396,VMI Keydets,Presbyterian Blue Hose,71,75,0,2,2678,2506,44.4,45.6
2023-12-02,401575409,Northern Arizona Lumberjacks,Pacific Tigers,78,58,0,2,2464,279,51.8,38.5
2023-12-02,401575420,Buffalo Bulls,St. Bonaventure Bonnies,65,80,0,2,2084,179,37.9,48.3
2023-12-02,401575464,UCF Knights,Lipscomb Bisons,72,57,0,2,2116,288,40.3,38.5
2023-12-02,401576141,VCU Rams,Norfolk State Spartans,60,63,0,2,2670,2450,36.2,42.6
2023-12-02,401576638,Florida International Panthers,Long Island University Sharks,74,59,0,2,2229,112358,43.1,44.9
2023-12-02,401577534,Dayton Flyers,Grambling Tigers,76,46,0,2,2168,2755,50.0,30.5
2023-12-02,401577576,Massachusetts Minutemen,South Florida Bulls,66,56,0,2,113,58,33.3,27.3
2023-12-02,401577601,Wisconsin Badgers,Marquette Golden Eagles,75,64,0,2,275,269,42.6,41.8
2023-12-02,401577630,Oregon Ducks,Michigan Wolverines,86,83,0,2,2483,130,50.7,48.3
2023-12-02,401577651,Florida Atlantic Owls,Charleston Cougars,90,74,0,2,2226,232,55.0,35.8
2023-12-02,401577661,Brown Bears,Bryant Bulldogs,66,69,0,2,225,2803,40.3,42.6
2023-12-02,401577720,Sacred Heart Pioneers,Boston University Terriers,49,70,0,2,2529,104,35.3,40.0
2023-12-02,401579009,McNeese Cowboys,UT Martin Skyhawks,91,80,0,2,2377,2630,51.5,46.3
2023-12-02,401580931,Washington State Cougars,Portland State Vikings,71,61,0,2,265,2502,50.9,30.9
2023-12-02,401581076,South Carolina Gamecocks,George Washington Revolutionaries,89,67,0,2,2579,45,50.0,41.7
2023-12-02,401581353,Eastern Michigan Eagles,Lake Superior State Lakers,68,53,0,2,2199,285,44.4,32.7
2023-12-02,401581729,North Carolina A&T Aggies,The Citadel Bulldogs,68,85,0,2,2448,2643,39.7,55.2
2023-12-02,401581742,Loyola Chicago Ramblers,Harvard Crimson,75,53,0,2,2350,108,44.1,24.5
2023-12-02,401581859,Northeastern Huskies,Old Dominion Monarchs,81,68,0,2,111,295,41.9,48.3
2023-12-02,401582133,UMBC Retrievers,Lehigh Mountain Hawks,92,87,0,2,2378,2329,54.2,47.8
2023-12-02,401583603,Ole Miss Rebels,Memphis Tigers,80,77,0,2,145,235,45.3,42.5
2023-12-02,401583740,Idaho Vandals,Cal Poly Mustangs,85,70,0,2,70,13,49.1,40.8
2023-12-02,401583842,Portland Pilots,Wyoming Cowboys,81,70,0,2,2501,2751,50.9,44.0
2023-12-02,401584342,North Florida Ospreys,High Point Panthers,79,86,0,2,2454,2272,50.9,55.2
2023-12-02,401584430,LSU Tigers,SE Louisiana Lions,73,66,0,2,99,2545,48.9,36.1
2023-12-02,401584439,Louisiana Tech Bulldogs,Nicholls Colonels,68,55,0,2,2348,2447,39.0,34.0
2023-12-02,401587115,Kansas State Wildcats,North Alabama Lions,75,74,0,2,2306,2453,35.2,35.0
2023-12-02,401587145,South Dakota State Jackrabbits,Towson Tigers,61,48,1,2,2571,119,43.9,27.6
2023-12-02,401587169,Princeton Tigers,Furman Paladins,70,69,0,2,163,231,35.8,49.0
2023-12-02,401587200,Ohio Bobcats,Delaware Blue Hens,74,73,0,2,195,48,42.9,40.6
2023-12-02,401587229,NJIT Highlanders,Fairleigh Dickinson Knights,68,71,0,2,2885,161,40.3,41.0
2023-12-02,401587238,Eastern Illinois Panthers,Health Sciences & Pharmacy Eutectics,112,50,0,2,2197,112686,56.8,30.9
2023-12-02,401587640,Oakland Golden Grizzlies,Purdue Fort Wayne Mastodons,77,98,0,2,2473,2870,46.8,66.7
2023-12-02,401587641,Cleveland State Vikings,Detroit Mercy Titans,69,58,0,2,325,2174,35.1,42.3
2023-12-02,401587643,IU Indianapolis Jaguars,Northern Kentucky Norse,55,71,0,2,85,94,48.7,52.9
2023-12-02,401587644,Robert Morris Colonials,Youngstown State Penguins,57,71,0,2,2523,2754,40.7,42.2
2023-12-02,401588600,Southern Indiana Screaming Eagles,Bowling Green Falcons,52,54,0,2,88,189,31.5,28.6
2023-12-02,401588601,Ball State Cardinals,Bellarmine Knights,67,58,0,2,2050,91,40.0,41.8
2023-12-02,401588945,Kentucky Wildcats,UNC Wilmington Seahawks,73,80,0,2,96,350,40.7,43.1
2023-12-02,401589373,Davidson Wildcats,Wright State Raiders,82,73,0,2,2166,2750,57.7,50.0
2023-12-02,401589382,American University Eagles,Saint Francis Red Wolves,73,75,0,2,44,2598,47.4,44.6
2023-12-02,401589465,Stony Brook Seawolves,Wagner Seahawks,59,60,0,2,2619,2681,42.4,37.1
2023-12-02,401590922,North Carolina Central Eagles,South Carolina Upstate Spartans,82,85,0,2,2428,2908,55.6,53.6
2023-12-02,401591571,Troy Trojans,SIU Edwardsville Cougars,83,60,0,2,2653,2565,50.0,40.7
2023-12-02,401592103,Central Connecticut Blue Devils,Holy Cross Crusaders,78,67,0,2,2115,107,48.3,37.5
2023-12-02,401593792,Richmond Spiders,William & Mary Tribe,88,69,0,2,257,2729,54.8,38.7
2023-12-02,401593834,Rice Owls,Houston Christian Huskies,65,56,0,2,242,2277,39.3,35.3
2023-12-02,401593914,Kennesaw State Owls,Georgia State Panthers,88,77,0,2,338,2247,51.7,40.3
2023-12-02,401593953,BYU Cougars,Fresno State Bulldogs,85,56,1,2,252,278,49.3,46.8
2023-12-02,401594015,Northern Colorado Bears,Cal State Northridge Matadors,75,71,0,2,2458,2463,39.4,41.5
2023-12-02,401594114,UC San Diego Tritons,San Diego State Aztecs,62,63,0,2,28,21,39.7,41.3
2023-12-02,401594253,Canisius Golden Griffins,Quinnipiac Bobcats,93,73,0,2,2099,2514,45.8,38.3
2023-12-02,401594289,Fairfield Stags,Iona Gaels,67,78,0,2,2217,314,43.3,50.0
2023-12-02,401594345,Manhattan Jaspers,Mount St. Mary's Mountaineers,75,74,0,2,2363,116,45.0,45.6
2023-12-02,401594361,Niagara Purple Eagles,Saint Peter's Peacocks,67,72,0,2,315,2612,43.8,56.3
2023-12-02,401594381,Siena Saints,Rider Broncs,67,65,0,2,2561,2520,44.6,41.0
2023-12-02,401594483,Penn State Nittany Lions,Bucknell Bison,67,76,0,2,213,2083,46.9,58.0
2023-12-02,401594506,Loyola Maryland Greyhounds,Delaware State Hornets,73,79,0,2,2352,2169,48.3,46.7
2023-12-02,401594532,Georgia Bulldogs,Mercer Bears,80,69,0,2,61,2382,52.5,40.3
2023-12-02,401594553,Vanderbilt Commodores,Alabama A&M Bulldogs,78,59,0,2,238,2010,43.4,28.6
2023-12-02,401594571,UNC Greensboro Spartans,William Peace Pacers,88,56,0,2,2430,108807,58.9,32.8
2023-12-02,401594595,Denver Pioneers,Colorado College Tigers,90,66,0,2,2172,2144,47.5,34.7
2023-12-02,401594613,Little Rock Trojans,Arkansas State Red Wolves,77,66,0,2,2031,2032,45.6,36.1
2023-12-02,401594620,Georgia Southern Eagles,Jacksonville Dolphins,79,81,0,2,290,294,51.9,51.7
2023-12-02,401596810,Campbell Fighting Camels,Southern Virginia Knights,87,56,0,2,2097,2896,53.4,34.7
2023-12-02,401597401,Cal State Fullerton Titans,North Dakota Fighting Hawks,64,54,0,2,2239,155,41.5,36.1
2023-12-02,401597406,Southern Illinois Salukis,Saint Louis Billikens,101,62,0,2,79,139,66.1,43.1
2023-12-02,401597421,UAB Blazers,Southern Miss Golden Eagles,82,85,0,2,5,2572,46.4,53.8
2023-12-02,401597897,Charleston Southern Buccaneers,South Carolina State Bulldogs,66,64,0,2,2127,2569,51.1,38.1
2023-12-02,401598041,Boise State Broncos,Saint Mary's Gaels,63,60,1,2,68,2608,47.7,46.9
2023-12-02,401598577,Lafayette Leopards,Cornell Big Red,71,79,0,2,322,172,42.4,47.3
2023-12-02,401598634,Arizona Wildcats,Colgate Raiders,82,55,0,2,12,2142,46.5,41.5
2023-12-02,401600058,Coastal Carolina Chanticleers,Winthrop Eagles,87,90,0,2,324,2737,51.6,40.5
2023-12-02,401600294,Indiana Hoosiers,Maryland Terrapins,65,53,0,2,84,120,45.6,35.7
2023-12-02,401600295,Northwestern Wildcats,Purdue Boilermakers,92,88,0,2,77,2509,47.0,43.3
2023-12-02,401600296,Rutgers Scarlet Knights,Illinois Fighting Illini,58,76,0,2,164,356,33.3,45.5
2023-12-02,401601815,Bradley Braves,Indiana State Sycamores,77,85,0,2,71,282,44.6,52.5
2023-12-02,401601816,Belmont Bruins,Valparaiso Beacons,77,68,0,2,2057,2674,51.7,41.7
2023-12-02,401601817,Drake Bulldogs,Missouri State Bears,74,57,0,2,2181,2623,43.2,35.5
2023-12-02,401601818,Evansville Purple Aces,Northern Iowa Panthers,91,89,0,2,339,2460,54.5,50.0
2023-12-02,401602185,Montana Grizzlies,San José State Spartans,75,58,0,2,149,23,48.4,44.0
2023-12-02,401602358,Baylor Bears,Northwestern State Demons,91,40,0,2,239,2466,53.3,25.0
2023-12-02,401602609,North Texas Mean Green,Mississippi Valley State Delta Devils,79,48,0,2,249,2400,53.7,34.6
2023-12-02,401604089,Boston College Eagles,NC State Wolfpack,78,84,0,2,103,152,43.3,44.6
2023-12-02,401604090,Georgia Tech Yellow Jackets,Duke Blue Devils,72,68,0,2,59,150,50.9,41.9
2023-12-02,401604091,Miami Hurricanes,Notre Dame Fighting Irish,62,49,0,2,2390,87,46.3,28.6
2023-12-02,401604092,North Carolina Tar Heels,Florida State Seminoles,78,70,0,2,153,52,42.1,40.3
2023-12-02,401604093,Virginia Cavaliers,Syracuse Orange,84,62,0,2,258,183,54.5,40.7
2023-12-02,401604302,La Salle Explorers,Pennsylvania Quakers,93,92,1,2,2325,219,55.4,54.4
2023-12-02,401604303,Villanova Wildcats,Drexel Dragons,55,57,1,2,222,2182,32.8,49.0
2023-12-03,401574047,Grand Canyon Lopes,UT Arlington Mavericks,76,69,0,2,2253,250,37.5,46.2
2023-12-03,401574048,Utah Tech Trailblazers,Utah Valley Wolverines,65,53,0,2,3101,3084,44.4,34.6
2023-12-03,401574610,New Hampshire Wildcats,Columbia Lions,80,71,0,2,160,171,37.5,38.7
2023-12-03,401574837,Nebraska Cornhuskers,Creighton Bluejays,60,89,0,2,158,156,33.8,46.4
2023-12-03,401576684,Colorado Buffaloes,Pepperdine Waves,91,66,0,2,38,2492,57.4,37.5
2023-12-03,401577567,Maine Black Bears,Brown Bears,60,49,0,2,311,225,48.1,33.3
2023-12-03,401577587,Missouri Tigers,Wichita State Shockers,82,72,0,2,142,2724,40.0,38.2
2023-12-03,401577693,Toledo Rockets,George Mason Patriots,77,86,0,2,2649,2244,42.1,51.7
2023-12-03,401579104,Samford Bulldogs,LaGrange Panthers,128,82,0,2,2535,548,59.5,38.5
2023-12-03,401579115,California Golden Bears,Santa Clara Broncos,84,69,0,2,25,2541,48.4,38.0
2023-12-03,401581161,Providence Friars,Rhode Island Rams,84,69,0,2,2507,227,49.2,45.2
2023-12-03,401581778,Colorado State Rams,Washington Huskies,86,81,1,2,36,264,47.6,46.3
2023-12-03,401581789,Sam Houston Bearkats,Lamar Cardinals,90,70,0,2,2534,2320,52.9,38.5
2023-12-03,401581830,App State Mountaineers,Auburn Tigers,69,64,0,2,2026,2,43.1,39.4
2023-12-03,401581840,James Madison Dukes,Keystone Giants,130,59,0,2,256,108860,60.2,32.4
2023-12-03,401581848,Marshall Thundering Herd,Miami (OH) RedHawks,74,79,0,2,276,193,35.9,43.3
2023-12-03,401582022,Merrimack Warriors,UMass Lowell River Hawks,74,68,0,2,2771,2349,40.7,46.4
2023-12-03,401582144,UAlbany Great Danes,Dartmouth Big Green,73,68,0,2,399,159,42.9,44.6
2023-12-03,401583806,Gardner-Webb Runnin' Bulldogs,Western Carolina Catamounts,82,77,0,2,2241,2717,41.4,45.5
2023-12-03,401583843,Portland Pilots,Air Force Falcons,58,80,0,2,2501,2005,42.3,54.4
2023-12-03,401586893,Fordham Rams,Tulane Green Wave,81,89,0,2,2230,2655,42.5,54.2
2023-12-03,401587138,Radford Highlanders,Elon Phoenix,82,72,0,2,2515,2210,50.9,46.9
2023-12-03,401587152,Middle Tennessee Blue Raiders,Wofford Terriers,64,74,0,2,2393,2747,38.1,50.0
2023-12-03,401587188,Vermont Catamounts,Yale Bulldogs,66,65,0,2,261,43,37.9,37.7
2023-12-03,401587245,Idaho State Bengals,Lindenwood Lions,76,70,0,2,304,2815,47.2,47.2
2023-12-03,401587642,Green Bay Phoenix,Milwaukee Panthers,70,58,0,2,2739,270,46.9,44.9
2023-12-03,401589738,Navy Midshipmen,Coppin State Eagles,75,52,0,2,2426,2154,47.1,30.6
2023-12-03,401590817,Nevada Wolf Pack,Loyola Marymount Lions,73,59,0,2,2440,2351,44.6,33.9
2023-12-03,401591582,SMU Mustangs,East Texas A&M Lions,90,47,0,2,2567,2837,69.2,31.4
2023-12-03,401593872,Cincinnati Bearcats,Florida Gulf Coast Eagles,99,62,0,2,2132,526,56.5,41.2
2023-12-03,401594053,Long Beach State Beach,Sacramento State Hornets,83,73,0,2,299,16,48.5,41.4
2023-12-03,401594254,Canisius Golden Griffins,Saint Peter's Peacocks,52,54,0,2,2099,2612,35.3,38.8
2023-12-03,401594290,Rider Broncs,Fairfield Stags,81,88,0,2,2520,2217,40.8,52.0
2023-12-03,401594329,Marist Red Foxes,Manhattan Jaspers,70,56,0,2,2368,2363,46.3,35.0
2023-12-03,401594346,Mount St. Mary's Mountaineers,Siena Saints,80,48,0,2,116,2561,54.7,35.7
2023-12-03,401594362,Niagara Purple Eagles,Quinnipiac Bobcats,68,75,0,2,315,2514,38.8,43.5
2023-12-03,401594466,Tennessee State Tigers,Austin Peay Governors,69,65,0,2,2634,2046,38.9,44.4
2023-12-03,401594470,Tennessee Tech Golden Eagles,Alice Lloyd Eagles,108,82,0,2,2635,484,63.5,48.6
2023-12-03,401594476,Western Illinois Leathernecks,South Dakota Coyotes,68,70,0,2,2710,233,34.8,42.9
2023-12-03,401594564,Morehead State Eagles,Chattanooga Mocs,87,80,0,2,2413,236,57.6,45.8
2023-12-03,401594604,Oral Roberts Golden Eagles,Tulsa Golden Hurricane,79,70,0,2,198,202,45.8,42.1
2023-12-03,401597413,Utah State Aggies,UC Irvine Anteaters,79,69,0,2,328,300,50.8,47.4
2023-12-03,401597433,Jacksonville State Gamecocks,East Tennessee State Buccaneers,59,61,0,2,55,2193,45.1,40.7
2023-12-03,401597959,Arizona State Sun Devils,San Francisco Dons,72,61,0,2,9,2539,46.6,36.5
2023-12-03,401597984,Mississippi State Bulldogs,Southern Jaguars,59,60,0,2,344,2582,40.4,42.9
2023-12-03,401598761,Cal State Fullerton Titans,Stanton Elks,102,52,0,2,2239,128501,63.0,39.2
2023-12-03,401598955,Western Kentucky Hilltoppers,Eastern Kentucky Colonels,79,69,0,2,98,2198,40.6,41.9
2023-12-03,401600115,Alabama State Hornets,Mississippi U for Women Owls,80,60,0,2,2011,126826,42.4,37.9
2023-12-03,401600233,Chicago State Cougars,Stetson Hatters,77,54,0,2,2130,56,53.7,40.7
2023-12-03,401600297,Ohio State Buckeyes,Minnesota Golden Gophers,84,74,0,2,194,135,50.0,48.3
2023-12-03,401601819,Illinois State Redbirds,Murray State Racers,76,72,0,2,2287,93,49.1,45.6
2023-12-03,401603832,USC Trojans,Gonzaga Bulldogs,76,89,1,2,30,2250,47.0,52.3
2023-12-03,401604094,Pittsburgh Panthers,Clemson Tigers,70,79,0,2,221,228,43.1,46.7
2023-12-03,401604095,Virginia Tech Hokies,Louisville Cardinals,75,68,0,2,259,97,43.6,40.4
2023-12-03,401604279,New Mexico Lobos,New Mexico State Aggies,106,62,0,2,167,166,60.4,39.6
2023-12-03,401604301,Saint Joseph's Hawks,Temple Owls,74,65,1,2,2603,218,46.2,35.4
2023-12-03,401604789,Southeast Missouri State Redhawks,Missouri Baptist Spartans,84,56,0,2,2546,2880,41.9,49.0
2023-12-03,401606717,Morgan State Bears,Longwood Lancers,54,88,0,2,2415,2344,43.4,51.6
2023-12-03,401616901,Hampton Pirates,Virginia Lynchburg Dragons,121,66,0,2,2261,3229,55.1,33.3
2023-12-04,401574416,Hawai'i Rainbow Warriors,Central Arkansas Bears,95,76,0,2,62,2110,56.9,45.8
2023-12-04,401583615,East Carolina Pirates,Maryland Eastern Shore Hawks,63,52,0,2,151,2379,34.4,28.8
2023-12-04,401597402,UC Riverside Highlanders,North Dakota Fighting Hawks,68,62,0,2,27,155,39.4,42.9
2023-12-04,401598961,Bellarmine Knights,Boyce Bulldogs,88,54,0,2,91,109700,51.5,31.7
2023-12-04,401607334,Stanford Cardinal,San Diego Toreros,88,64,0,2,24,301,53.4,40.3
2023-12-05,401575520,Tennessee Volunteers,George Mason Patriots,87,66,0,2,2633,2244,49.2,42.9
2023-12-05,401577609,Xavier Musketeers,Delaware Blue Hens,80,87,0,2,2752,48,50.9,50.0
2023-12-05,401580310,Illinois Fighting Illini,Florida Atlantic Owls,98,89,1,2,356,2226,63.2,48.4
2023-12-05,401582023,UMass Lowell River Hawks,Fisher Eagles,117,69,0,2,2349,524,61.8,32.1
2023-12-05,401583720,Winthrop Eagles,Queens University Royals,88,82,0,2,2737,2511,43.1,38.9
2023-12-05,401584404,Army Black Knights,Le Moyne Dolphins,68,51,0,2,349,2330,45.6,34.4
2023-12-05,401591433,Alabama Crimson Tide,Arkansas State Red Wolves,89,65,0,2,333,2032,43.8,33.8
2023-12-05,401592106,Boston College Eagles,Central Connecticut Blue Devils,82,68,0,2,103,2115,50.0,42.1
2023-12-05,401594527,Arkansas Razorbacks,Furman Paladins,97,83,0,2,8,231,60.7,38.4
2023-12-05,401597999,North Dakota State Bison,San José State Spartans,83,78,0,2,2449,23,47.4,44.9
2023-12-05,401600298,Purdue Boilermakers,Iowa Hawkeyes,87,68,0,2,2509,2294,52.3,38.5
2023-12-05,401601461,Georgia State Panthers,Middle Georgia Knights,89,57,0,2,2247,109014,50.0,42.9
2023-12-05,401602634,Oregon State Beavers,Cal Poly Mustangs,70,63,0,2,204,13,43.1,34.4
2023-12-05,401604333,UTEP Miners,Western New Mexico Mustangs,90,62,0,2,2638,2703,46.5,38.6
2023-12-05,401604788,Coastal Carolina Chanticleers,St. Andrews Knights,110,46,0,2,324,2592,51.2,30.0
2023-12-06,401574567,Oklahoma Sooners,Providence Friars,72,51,0,2,201,2507,46.7,40.4
2023-12-06,401574568,Kansas State Wildcats,Villanova Wildcats,72,71,0,2,2306,222,49.2,34.8
2023-12-06,401574569,Baylor Bears,Seton Hall Pirates,78,60,0,2,239,2550,50.9,42.6
2023-12-06,401575410,Idaho Vandals,Pacific Tigers,83,53,0,2,70,279,48.1,37.3
2023-12-06,401575430,Virginia Cavaliers,North Carolina Central Eagles,77,47,0,2,258,2428,54.2,29.4
2023-12-06,401575455,Kansas Jayhawks,Kansas City Roos,88,69,0,2,2305,140,54.1,40.0
2023-12-06,401575752,Florida Gators,Merrimack Warriors,77,57,0,2,57,2771,39.7,33.3
2023-12-06,401577701,Middle Tennessee Blue Raiders,Missouri State Bears,77,73,0,2,2393,2623,38.9,40.7
2023-12-06,401579010,McNeese Cowboys,Mississippi U for Women Owls,92,23,0,2,2377,126826,55.2,12.7
2023-12-06,401579036,LSU New Orleans Privateers,Belhaven Blazers,79,65,0,2,2443,2056,39.1,37.5
2023-12-06,401580309,UConn Huskies,North Carolina Tar Heels,87,76,1,2,41,153,51.5,44.4
2023-12-06,401581077,George Washington Revolutionaries,Navy Midshipmen,79,77,0,2,45,2426,47.4,31.6
2023-12-06,401581091,Wake Forest Demon Deacons,Rutgers Scarlet Knights,76,57,0,2,154,164,42.9,37.5
2023-12-06,401581166,Butler Bulldogs,Buffalo Bulls,72,59,0,2,2086,2084,44.8,38.7
2023-12-06,401581176,Washington Huskies,Montana State Bobcats,85,61,0,2,264,147,52.5,38.9
2023-12-06,401581766,Notre Dame Fighting Irish,Western Michigan Broncos,86,65,0,2,87,2711,59.2,41.3
2023-12-06,401581831,App State Mountaineers,Central Penn Knights,111,35,0,2,2026,3164,50.6,13.3
2023-12-06,401581865,UL Monroe Warhawks,Champion Christian Tigers,110,63,0,2,2433,3134,59.5,27.9
2023-12-06,401582134,Morgan State Bears,UMBC Retrievers,92,80,0,2,2415,2378,45.6,44.6
2023-12-06,401583807,High Point Panthers,Western Carolina Catamounts,97,71,0,2,2272,2717,58.9,42.6
2023-12-06,401584343,North Florida Ospreys,Edward Waters Tigers,99,47,0,2,2454,2206,47.4,27.1
2023-12-06,401584373,Liberty Flames,Mississippi Valley State Delta Devils,74,39,0,2,2335,2400,48.2,37.8
2023-12-06,401584446,Grand Canyon Lopes,San Diego State Aztecs,79,73,0,2,2253,21,48.0,40.3
2023-12-06,401584453,Utah Valley Wolverines,Weber State Wildcats,70,54,0,2,3084,2692,53.8,35.6
2023-12-06,401586912,Syracuse Orange,Cornell Big Red,81,70,0,2,183,172,42.6,40.0
2023-12-06,401587170,Princeton Tigers,Drexel Dragons,81,70,0,2,163,2182,57.6,35.9
2023-12-06,401587208,Akron Zips,Bradley Braves,67,52,0,2,2006,71,42.4,40.4
2023-12-06,401587218,BYU Cougars,Evansville Purple Aces,96,55,0,2,252,339,52.9,33.3
2023-12-06,401588602,Northern Illinois Huskies,Indiana State Sycamores,67,90,0,2,2459,282,39.1,52.4
2023-12-06,401589298,Stony Brook Seawolves,Stonehill Skyhawks,81,63,0,2,2619,284,46.4,37.7
2023-12-06,401589363,Pennsylvania Quakers,FDU Florham Devils,111,57,0,2,219,2221,62.9,41.1
2023-12-06,401590231,South Dakota State Jackrabbits,Kent State Golden Flashes,73,82,0,2,2571,2309,41.9,43.1
2023-12-06,401591559,Columbia Lions,Lafayette Leopards,83,72,0,2,171,322,53.3,42.6
2023-12-06,401593773,La Salle Explorers,Loyola Maryland Greyhounds,62,61,0,2,2325,2352,41.0,37.5
2023-12-06,401593915,Kennesaw State Owls,UNC Asheville Bulldogs,79,76,0,2,338,2427,41.3,39.7
2023-12-06,401593994,Fresno State Bulldogs,Idaho State Bengals,79,67,0,2,278,304,52.7,44.8
2023-12-06,401594115,UC San Diego Tritons,Occidental Tigers,98,67,0,2,28,2475,49.3,40.0
2023-12-06,401594174,Saint Mary's Gaels,Cleveland State Vikings,70,57,0,2,2608,325,49.1,35.0
2023-12-06,401594347,Ole Miss Rebels,Mount St. Mary's Mountaineers,77,68,0,2,145,116,48.1,41.4
2023-12-06,401594533,Georgia Bulldogs,Georgia Tech Yellow Jackets,76,62,0,2,61,59,40.0,32.0
2023-12-06,401597407,Southern Illinois Salukis,Oklahoma State Cowboys,70,68,0,2,79,197,46.9,38.8
2023-12-06,401597842,Tulsa Golden Hurricane,Loyola Chicago Ramblers,88,77,0,2,202,2350,51.0,45.9
2023-12-06,401597882,Austin Peay Governors,Midway Eagles,98,44,0,2,2046,111166,56.1,28.6
2023-12-06,401597990,Mercer Bears,South Alabama Jaguars,62,83,0,2,2382,6,38.7,47.8
2023-12-06,401600065,Cal State Bakersfield Roadrunners,Whittier Poets,106,58,0,2,2934,2850,53.2,39.2
2023-12-06,401600075,Stephen F. Austin Lumberjacks,Louisiana Tech Bulldogs,49,56,0,2,2617,2348,21.9,37.5
2023-12-06,401600086,Utah Utes,Southern Utah Thunderbirds,88,86,0,2,254,253,54.0,50.0
2023-12-06,401600234,Charlotte 49ers,Stetson Hatters,85,62,0,2,2429,56,54.2,39.2
2023-12-06,401600299,Michigan Wolverines,Indiana Hoosiers,75,78,0,2,130,84,47.3,51.7
2023-12-06,401600300,Michigan State Spartans,Wisconsin Badgers,57,70,0,2,127,275,45.1,45.1
2023-12-06,401601131,Wyoming Cowboys,South Dakota Mines Hardrockers,80,59,0,2,2751,7298,53.1,38.3
2023-12-06,401601485,Florida Gulf Coast Eagles,New College Mighty Banyans,87,54,0,2,526,128550,51.5,34.4
2023-12-06,401602610,Boise State Broncos,North Texas Mean Green,69,64,0,2,68,249,44.4,40.4
2023-12-06,401604422,Delaware State Hornets,Gwynedd Mercy Griffins,105,58,0,2,2169,461,55.9,37.7
2023-12-06,401604758,Gonzaga Bulldogs,Arkansas-Pine Bluff Golden Lions,111,71,0,2,2250,2029,57.0,26.8
2023-12-06,401604767,Montana Grizzlies,Montana State-Northern Lights,91,67,0,2,149,569,56.5,42.1
2023-12-06,401607046,The Citadel Bulldogs,Pfeiffer Falcons,88,60,0,2,2643,2945,53.3,37.3
2023-12-06,401608792,Tarleton State Texans,Hardin Simmons Cowboys,92,56,0,2,2627,2810,53.7,44.2
2023-12-06,401608795,UT Arlington Mavericks,UNT Dallas Trailblazers,74,37,0,2,250,126794,38.9,25.0
2023-12-06,401608999,UAlbany Great Danes,SUNY Potsdam SUNY-POTSDAM,98,59,0,2,399,182,53.4,33.8
2023-12-07,401574051,California Baptist Lancers,Utah Tech Trailblazers,69,72,0,2,2856,3101,39.3,58.8
2023-12-07,401574566,Marquette Golden Eagles,Texas Longhorns,86,65,0,2,269,251,50.8,41.7
2023-12-07,401574611,Dartmouth Big Green,New Hampshire Wildcats,76,64,0,2,159,160,45.0,34.8
2023-12-07,401575421,Niagara Purple Eagles,St. Bonaventure Bonnies,60,94,0,2,315,179,39.6,66.7
2023-12-07,401575438,Houston Cougars,Rice Owls,75,39,0,2,248,242,47.0,28.9
2023-12-07,401575465,UCF Knights,Jacksonville Dolphins,94,52,0,2,2116,294,47.7,30.3
2023-12-07,401575473,West Virginia Mountaineers,Pittsburgh Panthers,63,80,0,2,277,221,41.5,46.8
2023-12-07,401575513,Texas A&M Aggies,DePaul Blue Demons,89,64,0,2,245,305,53.0,54.8
2023-12-07,401575765,Belmont Bruins,Lipscomb Bisons,72,71,0,2,2057,288,47.5,41.9
2023-12-07,401576142,VCU Rams,Memphis Tigers,80,85,0,2,2670,235,42.0,47.4
2023-12-07,401576161,Yale Bulldogs,Fairfield Stags,71,75,0,2,43,2217,49.1,45.8
2023-12-07,401576639,Miami Hurricanes,Long Island University Sharks,97,49,0,2,2390,112358,56.9,30.6
2023-12-07,401576685,Pepperdine Waves,Cal State Fullerton Titans,55,60,0,2,2492,2239,40.4,44.4
2023-12-07,401577547,Saint Joseph's Hawks,American University Eagles,69,53,0,2,2603,44,47.3,37.3
2023-12-07,401577568,Boston University Terriers,Maine Black Bears,65,74,0,2,104,311,46.2,51.0
2023-12-07,401577638,Ohio State Buckeyes,Miami (OH) RedHawks,84,64,0,2,194,193,45.2,43.6
2023-12-07,401577662,Rhode Island Rams,Brown Bears,64,67,0,2,227,225,46.9,38.2
2023-12-07,401577694,Oakland Golden Grizzlies,Toledo Rockets,68,69,0,2,2473,2649,42.6,47.1
2023-12-07,401577721,St. John's Red Storm,Sacred Heart Pioneers,85,50,0,2,2599,2529,46.3,31.6
2023-12-07,401580108,Illinois State Redbirds,Northern Kentucky Norse,62,59,0,2,2287,94,41.4,39.3
2023-12-07,401580932,Washington State Cougars,UC Riverside Highlanders,86,49,0,2,265,27,49.3,27.5
2023-12-07,401581085,Towson Tigers,Massachusetts Minutemen,81,71,0,2,119,113,48.1,46.3
2023-12-07,401581760,Iona Gaels,Hofstra Pride,57,62,0,2,314,2275,35.1,40.7
2023-12-07,401581818,Texas Tech Red Raiders,Omaha Mavericks,87,58,0,2,2641,2437,50.0,41.5
2023-12-07,401581849,Marshall Thundering Herd,Duquesne Dukes,72,85,0,2,276,2184,37.1,44.4
2023-12-07,401581860,William & Mary Tribe,Old Dominion Monarchs,84,79,0,2,2729,295,53.2,50.8
2023-12-07,401583592,NC State Wolfpack,Maryland Eastern Shore Hawks,93,61,0,2,152,2379,59.3,39.7
2023-12-07,401583756,Detroit Mercy Titans,Ball State Cardinals,65,68,0,2,2174,2050,36.4,43.2
2023-12-07,401583763,Clemson Tigers,South Carolina Gamecocks,72,67,0,2,228,2579,44.6,36.1
2023-12-07,401583780,Ohio Bobcats,Youngstown State Penguins,72,78,0,2,195,2754,39.7,45.9
2023-12-07,401584365,Abilene Christian Wildcats,Northern Arizona Lumberjacks,76,78,0,2,2000,2464,38.3,49.1
2023-12-07,401586894,Fordham Rams,NJIT Highlanders,77,80,0,2,2230,2885,48.2,45.5
2023-12-07,401587162,Southern Indiana Screaming Eagles,Purdue Fort Wayne Mastodons,57,70,0,2,88,2870,36.1,34.9
2023-12-07,401589466,Coppin State Eagles,Wagner Seahawks,59,62,0,2,2154,2681,42.0,36.8
2023-12-07,401590818,Nevada Wolf Pack,UC Davis Aggies,80,68,0,2,2440,302,42.3,44.4
2023-12-07,401591583,Arizona State Sun Devils,SMU Mustangs,76,74,0,2,9,2567,36.5,45.3
2023-12-07,401593793,Northern Iowa Panthers,Richmond Spiders,78,73,0,2,2460,257,45.0,46.3
2023-12-07,401593853,Temple Owls,Bloomsburg Huskies,85,55,0,2,218,2071,47.7,32.2
2023-12-07,401594035,Portland State Vikings,Lewis & Clark River Otters,104,60,0,2,2502,2333,58.1,34.3
2023-12-07,401594131,Northeastern Huskies,Vermont Catamounts,71,73,0,2,111,261,46.9,49.1
2023-12-07,401594193,SIU Edwardsville Cougars,Green Bay Phoenix,78,69,0,2,2565,2739,43.1,47.3
2023-12-07,401594255,Canisius Golden Griffins,Robert Morris Colonials,87,80,0,2,2099,2523,49.2,44.6
2023-12-07,401594396,Siena Saints,Bryant Bulldogs,51,67,0,2,2561,2803,27.1,45.0
2023-12-07,401594419,Drake Bulldogs,Saint Louis Billikens,75,69,0,2,2181,139,40.7,44.2
2023-12-07,401594439,Central Michigan Chippewas,Valparaiso Beacons,71,67,0,2,2117,2674,42.2,39.3
2023-12-07,401594477,Western Illinois Leathernecks,Coe Kohawks,80,58,0,2,2710,2141,48.5,36.4
2023-12-07,401594554,Vanderbilt Commodores,San Francisco Dons,60,73,0,2,238,2539,42.9,51.0
2023-12-07,401594582,Gardner-Webb Runnin' Bulldogs,Wofford Terriers,66,81,0,2,2241,2747,33.3,54.5
2023-12-07,401594596,Colorado State Rams,Denver Pioneers,90,80,0,2,36,2172,60.4,50.9
2023-12-07,401596811,Davidson Wildcats,Campbell Fighting Camels,62,50,0,2,2166,2097,37.5,38.9
2023-12-07,401597414,Utah State Aggies,San Diego Toreros,108,81,0,2,328,301,59.7,47.6
2023-12-07,401598004,St. Thomas Tommies,Milwaukee Panthers,75,71,0,2,2900,270,40.7,43.1
2023-12-07,401598635,Colgate Raiders,Vermont State Lyndon Hornets,115,37,0,2,2142,551,56.4,25.5
2023-12-07,401598899,Presbyterian Blue Hose,Florida A&M Rattlers,60,65,0,2,2506,50,40.4,48.9
2023-12-07,401598962,Bellarmine Knights,Berea Mountaineers,98,59,0,2,91,2061,53.2,37.7
2023-12-07,401600068,Long Beach State Beach,Life Pacific Warriors,88,66,0,2,299,109670,46.1,39.4
2023-12-07,401600301,Maryland Terrapins,Penn State Nittany Lions,81,75,0,2,120,213,34.3,38.7
2023-12-07,401600302,Minnesota Golden Gophers,Nebraska Cornhuskers,76,65,0,2,135,158,47.2,45.3
2023-12-07,401601137,New Mexico Lobos,UC Santa Barbara Gauchos,84,61,0,2,167,2540,51.5,36.2
2023-12-07,401604783,Texas A&M-Corpus Christi Islanders,UT Rio Grande Valley Vaqueros,74,76,0,2,357,292,37.1,50.0
2023-12-07,401604790,Southeast Missouri State Redhawks,Harris Stowe State Hornets,95,45,0,2,2546,534,50.0,25.5
2023-12-07,401608787,Houston Christian Huskies,Southwestern Adventist Knights,95,58,0,2,2277,2903,48.6,31.7
2023-12-07,401617203,North Alabama Lions,Rust Bearcats,109,65,0,2,2453,2892,60.6,36.1
2023-12-08,401574417,Central Arkansas Bears,Little Rock Trojans,75,71,0,2,2110,2031,42.1,38.5
2023-12-08,401575447,Iowa State Cyclones,Iowa Hawkeyes,90,65,0,2,66,2294,53.3,38.6
2023-12-08,401583844,North Dakota State Bison,Portland Pilots,78,67,0,2,2449,2501,47.5,43.9
2023-12-08,401587239,Eastern Illinois Panthers,IU Indianapolis Jaguars,75,58,0,2,2197,85,51.8,43.4
2023-12-08,401589374,Wright State Raiders,Bethel (IN) Pilots,81,62,0,2,2750,122634,51.6,35.8
2023-12-08,401594094,Cal State Northridge Matadors,Bethesda Flames,92,54,0,2,2463,3246,54.2,28.8
2023-12-08,401594572,UNC Greensboro Spartans,Eastern Kentucky Colonels,87,85,0,2,2430,2198,47.6,45.7
2023-12-08,401604424,Delaware State Hornets,Virginia Lynchburg Dragons,106,73,0,2,2169,3229,62.0,40.0
2023-12-09,401574599,Binghamton Bearcats,Le Moyne Dolphins,91,79,0,2,2066,2330,50.8,39.7
2023-12-09,401574622,South Carolina State Bulldogs,Bethune-Cookman Wildcats,71,80,0,2,2569,2065,34.4,43.3
2023-12-09,401575397,VMI Keydets,American University Eagles,69,77,0,2,2678,44,39.0,53.1
2023-12-09,401575422,St. Bonaventure Bonnies,Siena Saints,89,56,0,2,179,2561,55.2,38.2
2023-12-09,401575439,Houston Cougars,Jackson State Tigers,89,55,0,2,248,2296,42.4,42.5
2023-12-09,401575456,Kansas Jayhawks,Missouri Tigers,73,64,0,2,2305,142,44.6,41.4
2023-12-09,401575474,West Virginia Mountaineers,Drexel Dragons,66,60,0,2,277,2182,48.3,41.9
2023-12-09,401575486,Georgetown Hoyas,Syracuse Orange,68,80,0,2,46,183,42.4,53.7
2023-12-09,401575521,Tennessee Volunteers,Illinois Fighting Illini,86,79,0,2,2633,356,45.0,35.4
2023-12-09,401575753,Florida Gators,Richmond Spiders,87,76,1,2,57,257,44.6,42.9
2023-12-09,401576153,Duke Blue Devils,Charlotte 49ers,80,56,0,2,150,2429,50.0,40.4
2023-12-09,401576162,Sacred Heart Pioneers,Fairfield Stags,57,67,0,2,2529,2217,35.2,40.0
2023-12-09,401577536,Dayton Flyers,Troy Trojans,82,70,0,2,2168,2653,52.7,40.0
2023-12-09,401577555,Pittsburgh Panthers,Canisius Golden Griffins,82,71,0,2,221,2099,53.4,53.1
2023-12-09,401577569,Maine Black Bears,Central Connecticut Blue Devils,69,56,0,2,311,2115,45.1,36.4
2023-12-09,401577577,Florida State Seminoles,South Florida Bulls,72,88,1,2,52,58,39.0,42.6
2023-12-09,401577595,Creighton Bluejays,Central Michigan Chippewas,109,64,0,2,156,2117,65.1,39.7
2023-12-09,401577610,Xavier Musketeers,Cincinnati Bearcats,84,79,0,2,2752,2132,41.5,43.2
2023-12-09,401577616,Indiana Hoosiers,Auburn Tigers,76,104,1,2,84,2,42.9,48.6
2023-12-09,401577643,Purdue Boilermakers,Alabama Crimson Tide,92,86,1,2,2509,333,48.4,45.3
2023-12-09,401577687,Quinnipiac Bobcats,Navy Midshipmen,71,68,0,2,2514,2426,31.5,43.1
2023-12-09,401577695,Toledo Rockets,Northern Iowa Panthers,84,80,0,2,2649,2460,47.5,51.8
2023-12-09,401577711,Jacksonville State Gamecocks,UIC Flames,49,55,0,2,55,82,35.7,40.8
2023-12-09,401578015,Clemson Tigers,TCU Horned Frogs,74,66,1,2,228,2628,41.4,32.2
2023-12-09,401579037,San José State Spartans,LSU New Orleans Privateers,87,82,0,2,23,2443,52.4,45.2
2023-12-09,401579116,New Mexico Lobos,Santa Clara Broncos,93,76,1,2,167,2541,51.6,43.1
2023-12-09,401581078,George Washington Revolutionaries,Coppin State Eagles,76,45,0,2,45,2154,45.9,26.0
2023-12-09,401581086,Massachusetts Minutemen,UMass Lowell River Hawks,91,77,0,2,113,2349,48.6,42.6
2023-12-09,401581167,Butler Bulldogs,California Golden Bears,97,90,0,2,2086,25,52.0,46.1
2023-12-09,401581354,Eastern Michigan Eagles,Oakland Golden Grizzlies,63,77,0,2,2199,2473,43.1,51.7
2023-12-09,401581730,High Point Panthers,North Carolina A&T Aggies,75,62,0,2,2272,2448,54.9,48.0
2023-12-09,401581743,Harvard Crimson,Army Black Knights,70,64,0,2,108,349,44.4,33.3
2023-12-09,401581767,Western Michigan Broncos,Youngstown State Penguins,68,72,0,2,2711,2754,41.7,43.9
2023-12-09,401581806,Lindenwood Lions,Kansas City Roos,67,72,0,2,2815,140,39.2,42.9
2023-12-09,401581819,Texas A&M-Corpus Christi Islanders,Omaha Mavericks,62,58,0,2,357,2437,32.8,35.6
2023-12-09,401581850,Ohio Bobcats,Marshall Thundering Herd,69,74,0,2,195,276,36.2,49.1
2023-12-09,401582135,UMBC Retrievers,Towson Tigers,73,89,0,2,2378,119,50.0,52.2
2023-12-09,401583616,East Carolina Pirates,South Carolina Gamecocks,62,68,0,2,151,2579,39.6,43.8
2023-12-09,401583721,Queens University Royals,Carolina University Bruins,112,64,0,2,2511,108942,60.9,34.9
2023-12-09,401583729,Texas Longhorns,Houston Christian Huskies,77,50,0,2,251,2277,46.4,30.3
2023-12-09,401583748,Monmouth Hawks,Northern Illinois Huskies,74,71,0,2,2405,2459,41.2,46.0
2023-12-09,401583808,Western Carolina Catamounts,UNC Asheville Bulldogs,78,63,0,2,2717,2427,55.2,37.5
2023-12-09,401583845,North Dakota Fighting Hawks,Portland Pilots,72,83,0,2,155,2501,38.3,48.3
2023-12-09,401584332,Virginia Tech Hokies,Valparaiso Beacons,71,50,0,2,259,2674,43.4,40.4
2023-12-09,401584344,North Florida Ospreys,Georgia Southern Eagles,64,56,0,2,2454,290,31.3,37.9
2023-12-09,401584354,Oklahoma Sooners,Arkansas Razorbacks,79,70,1,2,201,8,51.0,40.0
2023-12-09,401584366,Incarnate Word Cardinals,Northern Arizona Lumberjacks,75,76,0,2,2916,2464,48.0,47.5
2023-12-09,401584374,Liberty Flames,Grand Canyon Lopes,64,69,0,2,2335,2253,38.1,44.9
2023-12-09,401584386,Dartmouth Big Green,Marist Red Foxes,53,63,0,2,159,2368,39.6,44.0
2023-12-09,401584414,Arizona Wildcats,Wisconsin Badgers,98,73,0,2,12,275,58.3,41.4
2023-12-09,401584431,LSU Tigers,Kansas State Wildcats,60,75,0,2,99,2306,41.5,47.3
2023-12-09,401584440,Nicholls Colonels,Elizabeth City State Vikings,84,70,0,2,2447,2207,49.0,39.3
2023-12-09,401584454,Oregon State Beavers,Utah Valley Wolverines,74,71,0,2,204,3084,51.0,50.0
2023-12-09,401587139,Radford Highlanders,North Carolina Central Eagles,82,74,0,2,2515,2428,47.3,45.5
2023-12-09,401587189,Yale Bulldogs,Colby Sawyer Chargers,95,36,0,2,43,35,51.4,24.6
2023-12-09,401587230,Manhattan Jaspers,Fairleigh Dickinson Knights,71,76,0,2,2363,161,38.6,41.8
2023-12-09,401588603,Davidson Wildcats,Miami (OH) RedHawks,79,61,0,2,2166,193,48.4,37.3
2023-12-09,401588946,Kentucky Wildcats,Pennsylvania Quakers,81,66,1,2,96,219,49.3,45.6
2023-12-09,401589299,Rider Broncs,Stonehill Skyhawks,73,56,0,2,2520,284,30.1,32.1
2023-12-09,401591372,UConn Huskies,Arkansas-Pine Bluff Golden Lions,101,63,0,2,41,2029,55.9,35.6
2023-12-09,401593774,Lafayette Leopards,La Salle Explorers,51,67,0,2,322,2325,35.1,35.5
2023-12-09,401593810,Boston College Eagles,Holy Cross Crusaders,95,64,0,2,103,107,47.3,39.6
2023-12-09,401593975,Air Force Falcons,Eastern Washington Eagles,68,73,0,2,2005,331,38.6,52.2
2023-12-09,401594036,Portland State Vikings,George Fox Bruins,83,77,0,2,2502,415,45.6,41.4
2023-12-09,401594054,Sacramento State Hornets,Cal State Fullerton Titans,60,62,0,2,16,2239,39.2,46.5
2023-12-09,401594175,Kent State Golden Flashes,Cleveland State Vikings,83,77,0,2,2309,325,55.4,47.0
2023-12-09,401594348,Loyola Maryland Greyhounds,Mount St. Mary's Mountaineers,64,77,0,2,2352,116,45.8,51.0
2023-12-09,401594425,Indiana State Sycamores,Southern Indiana Screaming Eagles,98,54,0,2,282,88,49.3,36.2
2023-12-09,401594583,Coastal Carolina Chanticleers,Wofford Terriers,80,88,0,2,324,2747,46.0,44.9
2023-12-09,401594614,Arkansas State Red Wolves,UAB Blazers,87,68,0,2,2032,5,50.8,43.9
2023-12-09,401595310,Colorado State Rams,Saint Mary's Gaels,61,64,0,2,36,2608,36.7,49.0
2023-12-09,401597378,Southern Jaguars,SE Louisiana Lions,69,44,0,2,2582,2545,46.6,30.4
2023-12-09,401597422,Southern Miss Golden Eagles,Northwestern State Demons,83,74,0,2,2572,2466,49.2,45.8
2023-12-09,401597838,Duquesne Dukes,Saint Peter's Peacocks,68,59,0,2,2184,2612,39.2,42.0
2023-12-09,401597843,Loyola Chicago Ramblers,Goshen Maple Leafs,115,64,0,2,2350,3067,58.9,36.5
2023-12-09,401597869,Vermont Catamounts,Colgate Raiders,71,77,0,2,261,2142,50.0,53.6
2023-12-09,401597892,DePaul Blue Demons,Louisville Cardinals,75,68,0,2,305,97,51.0,39.7
2023-12-09,401597909,Delaware State Hornets,Longwood Lancers,61,62,0,2,2169,2344,41.3,45.3
2023-12-09,401597915,UC Davis Aggies,Milwaukee Panthers,79,81,0,2,302,270,44.8,58.5
2023-12-09,401597919,Stony Brook Seawolves,Bryant Bulldogs,86,75,0,2,2619,2803,46.4,39.3
2023-12-09,401597985,Mississippi State Bulldogs,Tulane Green Wave,106,76,1,2,344,2655,58.6,42.1
2023-12-09,401597991,Mercer Bears,Georgia State Panthers,64,60,0,2,2382,2247,49.1,43.6
2023-12-09,401598900,Florida A&M Rattlers,LeMoyne-Owen Magicians,108,78,0,2,50,2917,61.1,37.8
2023-12-09,401598956,Buffalo Bulls,Western Kentucky Hilltoppers,65,82,0,2,2084,98,36.6,43.9
2023-12-09,401599588,Furman Paladins,Bob Jones Bruins,100,58,0,2,231,3243,49.4,39.3
2023-12-09,401600076,Louisiana Tech Bulldogs,Louisiana Ragin' Cajuns,72,67,0,2,2348,309,42.9,46.4
2023-12-09,401600099,Georgia Tech Yellow Jackets,Alabama A&M Bulldogs,70,49,0,2,59,2010,42.9,27.6
2023-12-09,401600251,Saint Louis Billikens,Hofstra Pride,71,68,0,2,139,2275,45.3,42.1
2023-12-09,401600303,Penn State Nittany Lions,Ohio State Buckeyes,83,80,0,2,213,194,47.7,45.0
2023-12-09,401600443,Minnesota Golden Gophers,Florida Gulf Coast Eagles,77,57,0,2,135,526,45.6,40.0
2023-12-09,401600818,Lehigh Mountain Hawks,Cairn University Highlanders,88,33,0,2,2329,3216,48.6,23.4
2023-12-09,401601132,Wyoming Cowboys,Stephen F. Austin Lumberjacks,78,70,0,2,2751,2617,44.0,44.8
2023-12-09,401601140,UC Santa Barbara Gauchos,Bethesda Flames,126,76,0,2,2540,3246,63.9,47.0
2023-12-09,401602690,Boise State Broncos,Western Oregon Wolves,109,70,0,2,68,2848,60.3,47.2
2023-12-09,401606136,South Alabama Jaguars,Spring Hill Badgers,91,74,0,2,6,2590,43.4,37.1
2023-12-09,401606718,Morgan State Bears,Virginia Lynchburg Dragons,120,50,0,2,2415,3229,63.5,22.4
2023-12-09,401617382,Montana Grizzlies,Montana Tech Orediggers,88,67,0,2,149,148,44.4,34.4
2023-12-10,401574418,Eastern Illinois Panthers,Central Arkansas Bears,70,73,0,2,2197,2110,40.7,42.1
2023-12-10,401575411,Fresno State Bulldogs,Pacific Tigers,89,56,0,2,278,279,64.7,37.9
2023-12-10,401575448,Iowa State Cyclones,Prairie View A&M Panthers,107,56,0,2,66,2504,60.8,33.3
2023-12-10,401575514,Texas A&M Aggies,Memphis Tigers,75,81,0,2,245,235,39.1,48.1
2023-12-10,401575766,Middle Tennessee Blue Raiders,Belmont Bruins,65,75,0,2,2393,2057,40.0,53.7
2023-12-10,401575804,Villanova Wildcats,UCLA Bruins,65,56,0,2,222,26,32.8,36.7
2023-12-10,401576143,VCU Rams,Alcorn State Braves,86,58,0,2,2670,2016,48.3,34.5
2023-12-10,401576686,Pepperdine Waves,UC San Diego Tritons,68,62,0,2,2492,28,44.8,42.3
2023-12-10,401577548,Saint Joseph's Hawks,Princeton Tigers,74,70,0,2,2603,163,45.8,47.3
2023-12-10,401577588,Wichita State Shockers,South Dakota State Jackrabbits,69,79,1,2,2724,2571,31.4,44.4
2023-12-10,401577603,Marquette Golden Eagles,Notre Dame Fighting Irish,78,59,0,2,269,87,51.8,36.5
2023-12-10,401577652,Charleston Cougars,Rhode Island Rams,85,70,0,2,232,227,50.7,47.5
2023-12-10,401577663,Providence Friars,Brown Bears,74,54,0,2,2507,225,51.0,38.5
2023-12-10,401577702,Missouri State Bears,Sam Houston Bearkats,69,60,0,2,2623,2534,42.0,29.6
2023-12-10,401580109,Illinois State Redbirds,Norfolk State Spartans,58,64,0,2,2287,2450,31.4,36.0
2023-12-10,401581092,Wake Forest Demon Deacons,NJIT Highlanders,83,59,0,2,154,2885,56.1,39.0
2023-12-10,401581721,Northwestern Wildcats,Detroit Mercy Titans,91,59,0,2,77,2174,55.7,35.1
2023-12-10,401581761,Iona Gaels,Saint Francis Red Wolves,61,54,0,2,314,2598,34.5,30.9
2023-12-10,401581779,Washington Huskies,Gonzaga Bulldogs,78,73,0,2,264,2250,45.5,42.6
2023-12-10,401581841,Old Dominion Monarchs,James Madison Dukes,69,84,0,2,295,256,36.1,54.0
2023-12-10,401583741,Utah Tech Trailblazers,Idaho Vandals,62,63,0,2,3101,70,46.8,37.7
2023-12-10,401583786,Merrimack Warriors,Felician Golden Falcons,89,85,0,2,2771,128327,61.8,55.4
2023-12-10,401583791,Fordham Rams,North Texas Mean Green,60,59,1,2,2230,249,38.3,38.3
2023-12-10,401583792,Miami Hurricanes,Colorado Buffaloes,63,90,1,2,2390,38,44.9,58.7
2023-12-10,401583793,Boston College Eagles,St. John's Red Storm,86,80,1,2,103,2599,56.4,40.3
2023-12-10,401584392,Niagara Purple Eagles,Buffalo State Bengals,113,64,0,2,315,2085,64.6,35.1
2023-12-10,401587117,North Alabama Lions,Morehead State Eagles,77,86,0,2,2453,2413,38.8,50.0
2023-12-10,401587130,Seton Hall Pirates,Rutgers Scarlet Knights,63,70,0,2,2550,164,36.1,41.1
2023-12-10,401587163,Purdue Fort Wayne Mastodons,Southeast Missouri State Redhawks,89,80,0,2,2870,2546,53.8,50.8
2023-12-10,401588315,UNC Greensboro Spartans,Elon Phoenix,82,73,0,2,2430,2210,45.9,36.2
2023-12-10,401588604,Ball State Cardinals,SIU Edwardsville Cougars,83,71,0,2,2050,2565,45.5,43.1
2023-12-10,401589467,Wagner Seahawks,Boston University Terriers,59,73,0,2,2681,104,34.5,49.0
2023-12-10,401590839,Nevada Wolf Pack,Drake Bulldogs,53,72,1,2,2440,2181,37.3,43.5
2023-12-10,401590981,UNLV Rebels,Loyola Marymount Lions,75,78,1,2,2439,2351,47.6,44.3
2023-12-10,401592097,UTSA Roadrunners,Arkansas Fort Smith Lions,93,60,0,2,2636,3157,45.3,35.5
2023-12-10,401593916,South Carolina Upstate Spartans,Kennesaw State Owls,77,84,0,2,2908,338,33.8,51.8
2023-12-10,401593937,Lipscomb Bisons,Tennessee State Tigers,78,71,0,2,288,2634,47.1,37.1
2023-12-10,401593954,Utah Utes,BYU Cougars,73,69,0,2,254,252,49.1,36.6
2023-12-10,401593995,Southern Utah Thunderbirds,Idaho State Bengals,82,74,0,2,253,304,53.2,57.4
2023-12-10,401594153,William & Mary Tribe,Virginia Lynchburg Dragons,99,50,0,2,2729,3229,52.3,24.7
2023-12-10,401594194,Green Bay Phoenix,Western Illinois Leathernecks,59,68,0,2,2739,2710,35.0,56.0
2023-12-10,401594232,Northern Kentucky Norse,Akron Zips,76,77,0,2,94,2006,48.3,58.2
2023-12-10,401594432,Austin Peay Governors,Murray State Racers,53,49,0,2,2046,93,33.9,37.3
2023-12-10,401594471,East Tennessee State Buccaneers,Tennessee Tech Golden Eagles,73,72,0,2,2193,2635,39.3,44.4
2023-12-10,401594545,UCF Knights,Ole Miss Rebels,68,70,0,2,2116,145,36.8,44.4
2023-12-10,401594565,Chattanooga Mocs,Tennessee Wesleyan Bulldogs,112,51,0,2,236,2632,61.9,32.8
2023-12-10,401594605,Oral Roberts Golden Eagles,Ozark Christian Ambassadors,110,51,0,2,198,127162,55.0,35.6
2023-12-10,401597932,San Diego State Aztecs,UC Irvine Anteaters,63,62,0,2,21,300,38.3,40.4
2023-12-10,401597960,San Diego Toreros,Arizona State Sun Devils,89,84,0,2,301,9,46.5,47.5
2023-12-10,401598000,North Dakota State Bison,Oak Hills Christian Wolfpack,108,14,0,2,2449,110436,59.7,12.2
2023-12-10,401598005,Chicago State Cougars,St. Thomas Tommies,50,66,0,2,2130,2900,38.8,46.2
2023-12-10,401598978,Seattle U Redhawks,Northwest University Eagles,101,46,0,2,2547,2465,55.4,33.9
2023-12-10,401600059,Little Rock Trojans,Winthrop Eagles,68,85,0,2,2031,2737,43.3,58.0
2023-12-10,401600066,South Dakota Coyotes,Cal State Bakersfield Roadrunners,78,73,0,2,233,2934,53.1,44.1
2023-12-10,401600069,USC Trojans,Long Beach State Beach,79,84,0,2,30,299,40.6,42.1
2023-12-10,401600132,Abilene Christian Wildcats,Howard Payne Yellow Jackets,120,69,0,2,2000,2758,60.5,36.4
2023-12-10,401600235,Stetson Hatters,Johnson University Florida Suns,123,43,0,2,56,3097,60.0,25.0
2023-12-10,401600242,Oregon Ducks,UTEP Miners,71,49,0,2,2483,2638,54.5,36.0
2023-12-10,401600304,Iowa Hawkeyes,Michigan Wolverines,80,90,0,2,2294,130,43.8,48.3
2023-12-10,401600305,Nebraska Cornhuskers,Michigan State Spartans,77,70,0,2,158,127,50.0,44.3
2023-12-10,401602635,Weber State Wildcats,Cal Poly Mustangs,78,50,0,2,2692,13,42.6,43.9
2023-12-10,401602671,UNC Wilmington Seahawks,Montreat Cavaliers,119,50,0,2,350,2410,60.9,34.6
2023-12-10,401603542,Oklahoma State Cowboys,Tulsa Golden Hurricane,72,57,1,2,197,202,48.9,37.0
2023-12-10,401604763,UT Martin Skyhawks,Ecclesia Royals,110,52,0,2,2630,3120,51.9,26.4
2023-12-10,401608093,Bowling Green Falcons,Ohio Dominican Panthers,97,49,0,2,189,2477,45.9,29.2
2023-12-10,401608977,Eastern Kentucky Colonels,Bethany (WV) Bison,121,56,0,2,2198,2062,58.1,32.8
2023-12-10,401611808,Utah State Aggies,Northwest Nazarene NW NAZARENE,84,53,0,2,328,2887,51.7,36.2
2023-12-11,401580933,Washington State Cougars,Grambling Tigers,83,65,0,2,265,2755,56.4,45.7
2023-12-11,401582145,UAlbany Great Danes,Temple Owls,73,78,1,2,399,218,43.5,45.6
2023-12-11,401594016,East Texas A&M Lions,Northern Colorado Bears,101,99,0,2,2837,2458,43.8,51.6
2023-12-11,401597910,Longwood Lancers,Gallaudet Bison,92,61,0,2,2344,417,59.6,39.3
2023-12-11,401609479,Hawai'i Rainbow Warriors,Hawaiʻi Pacific Sea Warriors,78,53,0,2,62,2269,52.5,40.4
2023-12-12,401574613,New Hampshire Wildcats,Stonehill Skyhawks,75,62,0,2,160,284,39.7,34.4
2023-12-12,401576640,UMass Lowell River Hawks,Long Island University Sharks,78,65,0,2,2349,112358,49.2,40.9
2023-12-12,401577688,Quinnipiac Bobcats,Yale Bulldogs,66,73,0,2,2514,43,41.5,44.8
2023-12-12,401579038,San Francisco Dons,LSU New Orleans Privateers,85,72,0,2,2539,2443,49.2,47.1
2023-12-12,401579105,Samford Bulldogs,Alabama A&M Bulldogs,118,91,0,2,2535,2010,54.5,50.8
2023-12-12,401583749,Seton Hall Pirates,Monmouth Hawks,70,61,0,2,2550,2405,46.8,35.7
2023-12-12,401587231,Fairleigh Dickinson Knights,Columbia Lions,83,87,0,2,161,171,47.5,53.6
2023-12-12,401589364,Pennsylvania Quakers,Howard Bison,78,68,0,2,219,47,41.4,50.0
2023-12-12,401591554,Hampton Pirates,Mary Baldwin Fighting Squirrels,100,53,0,2,2261,124942,52.1,30.0
2023-12-12,401591576,Cal State Northridge Matadors,Utah Tech Trailblazers,80,75,0,2,2463,3101,46.7,41.9
2023-12-12,401597375,Robert Morris Colonials,Delaware Blue Hens,69,73,0,2,2523,48,39.7,47.8
2023-12-12,401598011,Texas State Bobcats,Jarvis Christian Bulldogs,107,58,0,2,326,2299,52.9,35.1
2023-12-12,401599988,South Carolina State Bulldogs,Jacksonville Dolphins,86,85,0,2,2569,294,44.0,49.1
2023-12-12,401602629,Gardner-Webb Runnin' Bulldogs,North Greenville Trailblazers,79,60,0,2,2241,2822,45.6,32.9
2023-12-12,401604284,Southern Jaguars,Champion Christian Tigers,109,61,0,2,2582,3134,50.6,35.0
2023-12-12,401606990,Gonzaga Bulldogs,Mississippi Valley State Delta Devils,78,40,0,2,2250,2400,47.4,29.1
2023-12-13,401575398,Radford Highlanders,VMI Keydets,73,56,0,2,2515,2678,45.6,36.8
2023-12-13,401575487,Georgetown Hoyas,Coppin State Eagles,71,54,0,2,46,2154,38.5,39.0
2023-12-13,401575522,Tennessee Volunteers,Georgia Southern Eagles,74,56,0,2,2633,290,44.8,27.1
2023-12-13,401576154,Duke Blue Devils,Hofstra Pride,89,68,0,2,150,2275,55.0,50.0
2023-12-13,401577578,South Florida Bulls,Arkansas-Pine Bluff Golden Lions,104,86,0,2,58,2029,53.7,58.9
2023-12-13,401577624,Maryland Terrapins,Alcorn State Braves,105,65,0,2,120,2016,52.6,44.1
2023-12-13,401577712,UIC Flames,Green Bay Phoenix,68,70,0,2,82,2739,37.3,48.0
2023-12-13,401581079,George Washington Revolutionaries,Bowie State Bulldogs,88,73,0,2,45,2075,50.9,43.2
2023-12-13,401581731,North Carolina A&T Aggies,North Carolina Central Eagles,62,67,0,2,2448,2428,28.8,45.1
2023-12-13,401581807,Kansas City Roos,Tabor TABOR,80,57,0,2,140,619,46.9,33.3
2023-12-13,401581866,Sam Houston Bearkats,UL Monroe Warhawks,63,62,0,2,2534,2433,37.3,41.8
2023-12-13,401582136,Saint Peter's Peacocks,UMBC Retrievers,66,60,0,2,2612,2378,31.9,47.9
2023-12-13,401583593,NC State Wolfpack,UT Martin Skyhawks,81,67,0,2,152,2630,44.3,39.7
2023-12-13,401587171,Princeton Tigers,Bryn Athyn Lions,92,40,0,2,163,109684,50.0,25.0
2023-12-13,401587246,Lindenwood Lions,Avila Eagles,81,64,0,2,2815,2048,45.8,40.3
2023-12-13,401589375,Wright State Raiders,Western Kentucky Hilltoppers,84,91,0,2,2750,98,47.1,52.2
2023-12-13,401591572,Troy Trojans,Southern New Orleans Knights,110,63,0,2,2653,2573,52.5,42.9
2023-12-13,401593835,Rice Owls,Incarnate Word Cardinals,80,57,0,2,242,2916,51.7,33.9
2023-12-13,401594075,Presbyterian Blue Hose,Mid Atlantic Christian Mustangs,118,51,0,2,2506,108806,69.8,34.0
2023-12-13,401594216,Minnesota Golden Gophers,IU Indianapolis Jaguars,101,65,0,2,135,85,62.7,42.2
2023-12-13,401594403,Stony Brook Seawolves,Norfolk State Spartans,84,78,0,2,2619,2450,51.0,50.0
2023-12-13,401594472,Tennessee Tech Golden Eagles,Bethel (TN) Wildcats,81,74,0,2,2635,2064,48.3,48.4
2023-12-13,401594606,Texas Tech Red Raiders,Oral Roberts Golden Eagles,82,76,0,2,2641,198,39.7,45.2
2023-12-13,401594628,Oregon Ducks,California Baptist Lancers,76,55,0,2,2483,2856,51.9,35.2
2023-12-13,401596812,Campbell Fighting Camels,Pfeiffer Falcons,88,59,0,2,2097,2945,48.5,36.2
2023-12-13,401597379,Louisiana Tech Bulldogs,SE Louisiana Lions,89,60,0,2,2348,2545,46.3,37.7
2023-12-13,401597403,North Dakota Fighting Hawks,Waldorf Warriors,87,36,0,2,155,3080,55.7,22.8
2023-12-13,401597883,Southern Illinois Salukis,Austin Peay Governors,68,70,0,2,79,2046,43.4,47.5
2023-12-13,401598020,Northern Iowa Panthers,Prairie View A&M Panthers,74,55,0,2,2460,2504,51.2,37.5
2023-12-13,401602359,Boise State Broncos,Northwestern State Demons,95,54,0,2,68,2466,59.7,37.5
2023-12-13,401603539,Cincinnati Bearcats,Bryant Bulldogs,85,53,0,2,2132,2803,40.3,31.8
2023-12-13,401604280,New Mexico State Aggies,Northern New Mexico Eagles,76,71,0,2,166,3141,54.2,40.0
2023-12-13,401607609,Howard Bison,Regent Royals,88,49,0,2,47,111926,56.7,30.6
2023-12-13,401608793,Tarleton State Texans,Sterling Warriors,85,47,0,2,2627,128657,46.7,32.1
2023-12-14,401577596,UNLV Rebels,Creighton Bluejays,79,64,1,2,2439,156,52.5,40.0
2023-12-14,401577696,Toledo Rockets,Marshall Thundering Herd,88,87,0,2,2649,276,50.7,43.8
2023-12-14,401579011,McNeese Cowboys,Southern Miss Golden Eagles,67,48,0,2,2377,2572,40.6,27.9
2023-12-14,401579117,Santa Clara Broncos,Utah State Aggies,82,84,0,2,2541,328,57.1,37.3
2023-12-14,401581722,Northwestern Wildcats,Chicago State Cougars,73,75,0,2,77,2130,49.1,48.0
2023-12-14,401581832,Queens University Royals,App State Mountaineers,81,93,0,2,2511,2026,50.9,55.7
2023-12-14,401583781,Youngstown State Penguins,Bethany (WV) Bison,107,70,0,2,2754,2062,60.0,32.9
2023-12-14,401583797,Auburn Tigers,UNC Asheville Bulldogs,87,62,1,2,2,2427,53.1,45.1
2023-12-14,401584375,Liberty Flames,Tennessee State Tigers,74,52,0,2,2335,2634,44.3,27.6
2023-12-14,401584432,LSU Tigers,Alabama State Hornets,74,56,0,2,99,2011,52.1,36.1
2023-12-14,401587118,Charleston Southern Buccaneers,North Alabama Lions,64,76,0,2,2127,2453,32.3,51.7
2023-12-14,401590840,Nevada Wolf Pack,Weber State Wildcats,72,55,0,2,2440,2692,57.1,40.4
2023-12-14,401592098,Little Rock Trojans,UTSA Roadrunners,93,84,0,2,2031,2636,50.0,41.7
2023-12-14,401593955,BYU Cougars,Denver Pioneers,90,74,0,2,252,2172,50.0,42.6
2023-12-14,401593976,Eastern Washington Eagles,Portland Bible PORTLAND BIBLE,103,34,0,2,331,3217,60.9,22.4
2023-12-14,401594433,Mississippi State Bulldogs,Murray State Racers,85,81,0,2,344,93,58.7,50.9
2023-12-14,401594615,Louisville Cardinals,Arkansas State Red Wolves,63,75,0,2,97,2032,36.1,44.1
2023-12-14,401597874,Alabama A&M Bulldogs,UAB Blazers,82,93,0,2,2010,5,44.8,50.8
2023-12-14,401597911,Milwaukee Panthers,Longwood Lancers,67,80,0,2,270,2344,41.3,51.7
2023-12-14,401597965,Dartmouth Big Green,Boston University Terriers,63,54,0,2,159,104,48.8,36.8
2023-12-14,401598046,San Francisco Dons,Seattle U Redhawks,62,59,0,2,2539,2547,42.6,35.8
2023-12-14,401599989,Jacksonville Dolphins,Trinity College of Jacksonville Eagles,91,54,0,2,294,3174,44.7,32.7
2023-12-14,401600454,Louisiana Ragin' Cajuns,Eastern Kentucky Colonels,73,62,0,2,309,2198,43.1,40.0
2023-12-14,401608783,Florida Atlantic Owls,Florida International Panthers,94,60,0,2,2226,2229,64.3,35.4
2023-12-15,401575754,Florida Gators,East Carolina Pirates,70,65,1,2,57,151,41.0,39.7
2023-12-15,401577604,Marquette Golden Eagles,St. Thomas Tommies,84,79,0,2,269,2900,50.0,52.7
2023-12-15,401577653,Charleston Cougars,The Citadel Bulldogs,86,71,0,2,232,2643,46.4,45.8
2023-12-15,401579039,LSU New Orleans Privateers,Birmingham Southern Panthers,91,51,0,2,2443,3,47.4,27.3
2023-12-15,401581790,Lamar Cardinals,UL Monroe Warhawks,97,73,0,2,2320,2433,52.5,43.9
2023-12-15,401584415,Wisconsin Badgers,Jacksonville State Gamecocks,75,60,0,2,275,55,47.3,46.2
2023-12-15,401590232,South Dakota State Jackrabbits,Mayville State Comets,94,62,0,2,2571,561,51.5,35.7
2023-12-15,401594233,Northern Kentucky Norse,Cumberlands Patriots,94,59,0,2,94,511,55.0,35.6
2023-12-15,401594420,Drake Bulldogs,Grambling Tigers,68,56,0,2,2181,2755,38.2,43.8
2023-12-15,401596813,Campbell Fighting Camels,Saint Augustine's Falcons,97,48,0,2,2097,395,65.5,37.0
2023-12-15,401597955,Morehead State Eagles,Saint Mary of the Woods Pomeroys,102,33,0,2,2413,126824,50.6,18.6
2023-12-15,401599589,Tulane Green Wave,Furman Paladins,117,110,0,2,2655,231,55.9,48.1
2023-12-16,401575412,Pacific Tigers,UC Davis Aggies,61,82,0,2,279,302,46.8,55.9
2023-12-16,401575423,St. Bonaventure Bonnies,Florida Atlantic Owls,54,64,1,2,179,2226,41.7,41.1
2023-12-16,401575431,Virginia Cavaliers,Northeastern Huskies,56,54,0,2,258,111,41.5,47.1
2023-12-16,401575440,Houston Cougars,Texas A&M Aggies,70,66,1,2,248,245,42.6,38.2
2023-12-16,401575457,Indiana Hoosiers,Kansas Jayhawks,71,75,0,2,84,2305,42.4,42.6
2023-12-16,401575475,Massachusetts Minutemen,West Virginia Mountaineers,87,79,1,2,113,277,43.5,40.0
2023-12-16,401575488,Notre Dame Fighting Irish,Georgetown Hoyas,68,72,0,2,87,46,39.4,41.5
2023-12-16,401575767,Samford Bulldogs,Belmont Bruins,99,93,0,2,2535,2057,58.2,50.0
2023-12-16,401576144,VCU Rams,Temple Owls,87,78,0,2,2670,218,50.8,45.3
2023-12-16,401576641,Rutgers Scarlet Knights,Long Island University Sharks,83,61,0,2,164,112358,49.3,41.7
2023-12-16,401577556,Pittsburgh Panthers,South Carolina State Bulldogs,86,50,0,2,221,2569,50.0,28.1
2023-12-16,401577579,South Florida Bulls,Loyola Chicago Ramblers,77,64,0,2,58,2350,50.9,42.9
2023-12-16,401577631,Michigan Wolverines,Eastern Michigan Eagles,83,66,0,2,130,2199,54.4,40.0
2023-12-16,401577644,Purdue Boilermakers,Arizona Wildcats,92,84,1,2,2509,12,53.8,51.6
2023-12-16,401577703,Tulsa Golden Hurricane,Missouri State Bears,73,72,0,2,202,2623,48.1,41.1
2023-12-16,401577713,UIC Flames,Western Michigan Broncos,89,68,0,2,82,2711,56.5,32.0
2023-12-16,401577722,Providence Friars,Sacred Heart Pioneers,78,64,0,2,2507,2529,51.7,46.2
2023-12-16,401577967,UT Arlington Mavericks,Air Force Falcons,76,73,1,2,250,2005,43.6,52.0
2023-12-16,401579118,Santa Clara Broncos,Washington State Cougars,69,61,1,2,2541,265,41.1,33.3
2023-12-16,401581146,Ohio State Buckeyes,UCLA Bruins,67,60,1,2,194,26,44.6,38.7
2023-12-16,401581147,Kentucky Wildcats,North Carolina Tar Heels,87,83,1,2,96,153,41.7,47.4
2023-12-16,401581168,Butler Bulldogs,Saginaw Valley State Cardinals,96,70,0,2,2086,129,46.7,45.5
2023-12-16,401581723,DePaul Blue Demons,Northwestern Wildcats,46,56,0,2,305,77,28.9,35.6
2023-12-16,401581808,Bowling Green Falcons,Kansas City Roos,79,69,0,2,189,140,43.5,39.4
2023-12-16,401581833,App State Mountaineers,Gardner-Webb Runnin' Bulldogs,80,59,1,2,2026,2241,50.7,35.0
2023-12-16,401581842,Hampton Pirates,James Madison Dukes,71,88,0,2,2261,256,43.1,47.4
2023-12-16,401582024,UMass Lowell River Hawks,Central Connecticut Blue Devils,54,57,0,2,2349,2115,34.5,37.7
2023-12-16,401582146,Drexel Dragons,UAlbany Great Danes,71,52,0,2,2182,399,43.9,31.3
2023-12-16,401583604,Memphis Tigers,Clemson Tigers,79,77,0,2,235,228,43.3,49.2
2023-12-16,401583730,Texas Longhorns,LSU Tigers,96,85,1,2,251,99,54.2,46.0
2023-12-16,401583750,Monmouth Hawks,Rider Broncs,77,71,0,2,2405,2520,50.9,45.5
2023-12-16,401583809,South Carolina Upstate Spartans,Western Carolina Catamounts,53,70,0,2,2908,2717,34.5,47.5
2023-12-16,401584333,Virginia Tech Hokies,Vermont Catamounts,73,51,0,2,259,261,42.6,36.8
2023-12-16,401584345,North Florida Ospreys,Trinity College of Jacksonville Eagles,113,72,0,2,2454,3174,50.0,42.9
2023-12-16,401584367,Northern Arizona Lumberjacks,Southern Utah Thunderbirds,76,74,0,2,2464,253,53.3,42.0
2023-12-16,401584376,Liberty Flames,St. Andrews Knights,99,26,0,2,2335,2592,50.6,19.6
2023-12-16,401584455,Utah Utes,Utah Valley Wolverines,76,62,0,2,254,3084,50.0,37.5
2023-12-16,401586895,St. John's Red Storm,Fordham Rams,77,55,0,2,2599,2230,43.5,25.4
2023-12-16,401586902,Delaware Blue Hens,Rhode Island Rams,67,56,1,2,48,227,39.7,42.0
2023-12-16,401587119,Tennessee Tech Golden Eagles,North Alabama Lions,70,67,0,2,2635,2453,45.3,45.9
2023-12-16,401587140,Bucknell Bison,Radford Highlanders,63,70,0,2,2083,2515,40.4,43.9
2023-12-16,401587146,Bryant Bulldogs,Towson Tigers,101,93,1,2,2803,119,47.1,37.2
2023-12-16,401587209,Bradley Braves,Cleveland State Vikings,69,76,0,2,71,325,45.1,43.1
2023-12-16,401587219,Bellarmine Knights,Evansville Purple Aces,61,70,0,2,91,339,34.3,47.4
2023-12-16,401587247,IU Indianapolis Jaguars,Lindenwood Lions,67,73,0,2,85,2815,43.1,45.1
2023-12-16,401588316,Elon Phoenix,Bridgewater Eagles,104,70,0,2,2210,2079,64.3,41.0
2023-12-16,401588605,Ball State Cardinals,Indiana State Sycamores,72,83,1,2,2050,282,43.3,51.9
2023-12-16,401588938,Miami Hurricanes,La Salle Explorers,84,77,0,2,2390,2325,51.7,46.9
2023-12-16,401589060,George Mason Patriots,Loyola Maryland Greyhounds,62,54,0,2,2244,2352,38.8,31.0
2023-12-16,401589383,Saint Francis Red Wolves,Mount St. Mary's Mountaineers,65,72,0,2,2598,116,38.2,48.3
2023-12-16,401590923,North Carolina Central Eagles,St. Andrews Knights,102,50,0,2,2428,2592,47.4,32.1
2023-12-16,401590982,Loyola Marymount Lions,UC Santa Barbara Gauchos,59,68,1,2,2351,2540,40.7,44.4
2023-12-16,401591373,Gonzaga Bulldogs,UConn Huskies,63,76,1,2,2250,41,39.0,55.8
2023-12-16,401592434,Michigan State Spartans,Baylor Bears,88,64,1,2,127,239,63.3,47.9
2023-12-16,401592851,South Carolina Gamecocks,Charleston Southern Buccaneers,73,69,0,2,2579,2127,46.0,48.3
2023-12-16,401593836,Northwestern State Demons,Rice Owls,51,76,0,2,2466,242,37.3,50.8
2023-12-16,401593917,Presbyterian Blue Hose,Kennesaw State Owls,84,94,0,2,2506,338,55.0,57.1
2023-12-16,401593938,Arkansas Razorbacks,Lipscomb Bisons,69,66,1,2,8,288,52.6,38.8
2023-12-16,401594037,San Diego Toreros,Portland State Vikings,69,65,0,2,301,2502,39.7,35.0
2023-12-16,401594363,Niagara Purple Eagles,NJIT Highlanders,89,81,0,2,315,2885,50.8,43.3
2023-12-16,401594404,Hofstra Pride,Norfolk State Spartans,74,58,0,2,2275,2450,48.1,44.2
2023-12-16,401594434,Murray State Racers,SE Louisiana Lions,55,61,0,2,93,2545,31.9,45.7
2023-12-16,401594440,Valparaiso Beacons,Chicago State Cougars,62,63,0,2,2674,2130,40.7,46.5
2023-12-16,401594467,Tennessee State Tigers,Boyce Bulldogs,117,59,0,2,2634,109700,62.5,37.7
2023-12-16,401594534,Georgia Bulldogs,High Point Panthers,66,58,0,2,61,2272,44.2,23.3
2023-12-16,401594621,Georgia Southern Eagles,UNC Wilmington Seahawks,77,82,0,2,290,350,49.1,45.0
2023-12-16,401597415,Utah State Aggies,San Francisco Dons,54,53,1,2,328,2539,30.2,40.4
2023-12-16,401597884,Western Kentucky Hilltoppers,Austin Peay Governors,65,64,0,2,98,2046,39.7,42.1
2023-12-16,401597992,Mercer Bears,Florida Gulf Coast Eagles,70,65,0,2,2382,526,42.1,52.2
2023-12-16,401598012,Sam Houston Bearkats,Texas State Bobcats,60,73,0,2,2534,326,38.1,53.1
2023-12-16,401598569,Fresno State Bulldogs,Cal State Bakersfield Roadrunners,61,58,0,2,278,2934,49.0,41.1
2023-12-16,401598901,Iowa Hawkeyes,Florida A&M Rattlers,88,52,0,2,2294,50,54.0,30.2
2023-12-16,401599984,Tulane Green Wave,Southern Jaguars,105,81,0,2,2655,2582,66.1,39.1
2023-12-16,401600289,Le Moyne Dolphins,Dartmouth Big Green,80,54,0,2,2330,159,53.4,35.7
2023-12-16,401604281,New Mexico State Aggies,New Mexico Lobos,72,73,0,2,166,167,49.0,43.8
2023-12-16,401604371,East Tennessee State Buccaneers,Tusculum Pioneers,105,43,0,2,2193,2839,46.5,24.1
2023-12-16,401604784,UT Rio Grande Valley Vaqueros,Texas A&M-Corpus Christi Islanders,76,86,0,2,292,357,44.7,50.0
2023-12-16,401607341,Colorado Buffaloes,Northern Colorado Bears,90,68,0,2,38,2458,49.3,41.7
2023-12-16,401608453,Penn State Nittany Lions,Georgia Tech Yellow Jackets,81,82,1,2,213,59,39.2,45.1
2023-12-16,401608784,Florida International Panthers,Trinity (FL) Tigers,146,55,0,2,2229,3155,64.0,23.1
2023-12-16,401617059,Davidson Wildcats,Lynchburg Hornets,98,63,0,2,2166,2355,52.3,42.3
2023-12-17,401574624,Purdue Fort Wayne Mastodons,Bethune-Cookman Wildcats,86,63,0,2,2870,2065,46.9,38.9
2023-12-17,401574838,Kansas State Wildcats,Nebraska Cornhuskers,46,62,0,2,2306,158,26.7,34.7
2023-12-17,401575399,Longwood Lancers,VMI Keydets,68,49,0,2,2344,2678,43.1,39.1
2023-12-17,401575449,Iowa State Cyclones,Florida A&M Rattlers,96,58,0,2,66,50,59.3,39.2
2023-12-17,401575523,Tennessee Volunteers,NC State Wolfpack,79,70,1,2,2633,152,43.5,43.1
2023-12-17,401576163,Fairfield Stags,Wagner Seahawks,63,51,0,2,2217,2681,40.4,29.6
2023-12-17,401576687,Louisville Cardinals,Pepperdine Waves,85,63,0,2,97,2492,48.5,40.4
2023-12-17,401577537,Cincinnati Bearcats,Dayton Flyers,68,82,1,2,2132,2168,37.0,46.9
2023-12-17,401577549,Iona Gaels,Saint Joseph's Hawks,58,83,1,2,314,2603,27.7,52.0
2023-12-17,401577589,Wichita State Shockers,Southern Illinois Salukis,69,68,0,2,2724,79,41.9,48.1
2023-12-17,401577597,Creighton Bluejays,Alabama Crimson Tide,85,82,0,2,156,333,55.8,46.7
2023-12-17,401577611,Xavier Musketeers,Winthrop Eagles,75,59,0,2,2752,2737,50.0,37.9
2023-12-17,401577968,Texas Tech Red Raiders,Vanderbilt Commodores,76,54,1,2,2641,238,49.1,35.6
2023-12-17,401578030,Ole Miss Rebels,California Golden Bears,88,78,1,2,145,25,52.5,41.7
2023-12-17,401579012,McNeese Cowboys,Louisiana Ragin' Cajuns,74,72,0,2,2377,309,51.1,48.0
2023-12-17,401580110,Illinois State Redbirds,North Dakota State Bison,75,65,0,2,2287,2449,50.0,44.8
2023-12-17,401581177,Montana State Bobcats,Nelson Lions,106,81,0,2,147,112679,52.4,47.5
2023-12-17,401581732,North Carolina A&T Aggies,Texas Southern Tigers,85,79,1,2,2448,2640,50.0,48.3
2023-12-17,401581820,Omaha Mavericks,Stetson Hatters,88,80,0,2,2437,56,52.1,43.3
2023-12-17,401581851,Marshall Thundering Herd,UNC Greensboro Spartans,72,65,0,2,276,2430,37.5,36.9
2023-12-17,401581872,Texas Southern Tigers,Howard Bison,79,78,1,2,2640,47,48.3,45.5
2023-12-17,401583742,Stanford Cardinal,Idaho Vandals,82,64,0,2,24,70,56.4,39.4
2023-12-17,401583798,Auburn Tigers,USC Trojans,91,75,0,2,2,30,47.5,40.0
2023-12-17,401583846,Grand Canyon Lopes,Portland Pilots,91,63,1,2,2253,2501,48.6,32.2
2023-12-17,401584355,Oklahoma Sooners,Green Bay Phoenix,81,47,0,2,201,2739,51.9,30.4
2023-12-17,401584405,Army Black Knights,Stony Brook Seawolves,74,78,0,2,349,2619,49.1,49.1
2023-12-17,401584515,Illinois Fighting Illini,Colgate Raiders,74,57,0,2,356,2142,41.8,42.6
2023-12-17,401586907,Florida State Seminoles,SMU Mustangs,57,68,0,2,52,2567,31.1,46.4
2023-12-17,401586913,Oregon Ducks,Syracuse Orange,63,83,1,2,2483,183,36.1,56.6
2023-12-17,401587131,Missouri Tigers,Seton Hall Pirates,87,93,1,2,142,2550,45.2,58.9
2023-12-17,401587240,Eastern Illinois Panthers,Blackburn Beavers,87,66,0,2,2197,2070,59.4,44.1
2023-12-17,401589300,Stonehill Skyhawks,Hartford Hawks,71,44,0,2,284,42,52.0,31.5
2023-12-17,401591577,Utah Tech Trailblazers,North Dakota Fighting Hawks,62,79,0,2,3101,155,40.0,41.3
2023-12-17,401592099,Oregon State Beavers,UTSA Roadrunners,66,65,0,2,204,2636,44.8,43.3
2023-12-17,401593794,Richmond Spiders,Charlotte 49ers,64,56,0,2,257,2429,41.4,34.5
2023-12-17,401593956,BYU Cougars,Georgia State Panthers,86,54,0,2,252,2247,45.7,37.0
2023-12-17,401594234,Eastern Kentucky Colonels,Northern Kentucky Norse,75,85,0,2,2198,94,38.9,51.7
2023-12-17,401594566,Alabama A&M Bulldogs,Chattanooga Mocs,72,88,0,2,2010,236,48.3,53.7
2023-12-17,401594584,Wofford Terriers,Kentucky Christian Knights,105,54,0,2,2747,3077,61.4,35.6
2023-12-17,401594607,Oklahoma State Cowboys,Oral Roberts Golden Eagles,81,60,0,2,197,198,50.0,39.3
2023-12-17,401594649,UC Riverside Highlanders,California Baptist Lancers,69,70,0,2,27,2856,43.3,50.0
2023-12-17,401595311,Colorado State Rams,CSU Pueblo Thunderwolves,86,54,0,2,36,49865,50.9,33.9
2023-12-17,401597299,UNLV Rebels,Saint Mary's Gaels,67,69,1,2,2439,2608,33.3,31.6
2023-12-17,401597875,UAB Blazers,Montevallo Falcons,92,56,0,2,5,2409,49.3,39.3
2023-12-17,401597986,Mississippi State Bulldogs,North Texas Mean Green,72,54,1,2,344,249,41.7,38.3
2023-12-17,401598006,St. Thomas Tommies,Crown Polars,85,66,0,2,2900,509,51.6,40.7
2023-12-17,401598590,Navy Midshipmen,Washington Maryland Shoremen,91,33,0,2,2426,2689,53.1,26.0
2023-12-17,401598762,Boise State Broncos,Cal State Fullerton Titans,88,65,0,2,68,2239,49.3,40.7
2023-12-17,401600077,Saint Louis Billikens,Louisiana Tech Bulldogs,75,74,0,2,139,2348,54.0,40.7
2023-12-17,401600096,UC Irvine Anteaters,South Dakota Coyotes,121,78,0,2,300,233,57.6,50.0
2023-12-17,401600133,Abilene Christian Wildcats,UTEP Miners,88,82,0,2,2000,2638,57.1,41.9
2023-12-17,401601133,Wyoming Cowboys,Weber State Wildcats,71,84,0,2,2751,2692,49.1,56.4
2023-12-17,401601457,Akron Zips,Miami (OH) Hamilton Harriers,88,45,0,2,2006,124809,44.8,39.6
2023-12-17,401602186,San José State Spartans,Montana Grizzlies,75,86,0,2,23,149,44.6,48.3
2023-12-17,401602188,Northern Iowa Panthers,Alcorn State Braves,100,82,0,2,2460,2016,56.7,53.6
2023-12-17,401604304,Howard Bison,Jackson State Tigers,74,81,1,2,47,2296,54.7,44.3
2023-12-17,401604791,Southeast Missouri State Redhawks,Lindsey Wilson Blue Raiders,87,59,0,2,2546,2877,56.1,44.7
2023-12-17,401604890,Robert Morris Colonials,Saint Vincent Bearcats,95,46,0,2,2523,2614,54.7,27.0
2023-12-17,401607342,TCU Horned Frogs,Arizona State Sun Devils,79,59,1,2,2628,9,45.6,38.5
2023-12-17,401608788,Houston Christian Huskies,Champion Christian Tigers,107,72,0,2,2277,3134,50.6,42.6
2023-12-18,401577654,Charleston Cougars,Coastal Carolina Chanticleers,84,81,0,2,232,324,36.2,42.0
2023-12-18,401581733,Jackson State Tigers,North Carolina A&T Aggies,68,60,1,2,2296,2448,39.4,42.3
2023-12-18,401581780,Seattle U Redhawks,Washington Huskies,99,100,0,2,2547,264,48.7,54.8
2023-12-18,401581867,Jacksonville Dolphins,UL Monroe Warhawks,75,65,0,2,294,2433,44.9,36.7
2023-12-18,401583782,Youngstown State Penguins,Westminster (PA) Titans,117,45,0,2,2754,2849,55.6,24.6
2023-12-18,401590842,Hawai'i Rainbow Warriors,Nevada Wolf Pack,66,72,0,2,62,2440,40.4,42.4
2023-12-18,401598021,Prairie View A&M Panthers,North American Stallions,92,61,0,2,2504,126750,50.0,42.3
2023-12-18,401600769,Drexel Dragons,Penn State Greater Allegheny Nittany Lions,117,49,0,2,2182,124950,64.8,29.1
2023-12-18,401601467,UNC Asheville Bulldogs,South Carolina State Bulldogs,79,75,0,2,2427,2569,47.1,51.9
2023-12-18,401604785,Texas A&M-Corpus Christi Islanders,Texas Lutheran Bulldogs,102,50,0,2,357,2639,53.6,24.1
2023-12-18,401608799,East Texas A&M Lions,Arlington Baptist Patriots,130,53,0,2,2837,3166,68.9,28.4
2023-12-19,401574600,Binghamton Bearcats,Niagara Purple Eagles,74,69,0,2,2066,315,42.9,37.3
2023-12-19,401575413,Pacific Tigers,Stanislaus State Warriors,68,46,0,2,279,2616,43.9,31.0
2023-12-19,401575467,UCF Knights,Maine Black Bears,74,51,0,2,2116,311,46.4,34.4
2023-12-19,401577617,Indiana Hoosiers,Morehead State Eagles,69,68,0,2,84,2413,39.7,38.5
2023-12-19,401577689,Holy Cross Crusaders,Quinnipiac Bobcats,57,77,0,2,107,2514,32.3,50.0
2023-12-19,401579106,Valparaiso Beacons,Samford Bulldogs,61,79,0,2,2674,2535,35.4,50.8
2023-12-19,401581093,Wake Forest Demon Deacons,Delaware State Hornets,88,59,0,2,154,2169,47.5,40.7
2023-12-19,401581791,Lamar Cardinals,Southern Miss Golden Eagles,79,82,0,2,2320,2572,45.6,46.8
2023-12-19,401581852,Marshall Thundering Herd,Bluefield Ramblin' Rams,103,70,0,2,276,495,51.4,38.4
2023-12-19,401582014,Notre Dame Fighting Irish,The Citadel Bulldogs,45,65,0,2,87,2643,26.6,44.4
2023-12-19,401583757,Loyola Marymount Lions,Detroit Mercy Titans,76,56,0,2,2351,2174,50.0,28.3
2023-12-19,401584387,Marist Red Foxes,Maryland Eastern Shore Hawks,76,52,0,2,2368,2379,53.8,30.2
2023-12-19,401587201,Ohio Bobcats,Defiance Yellow Jackets,108,28,0,2,195,190,55.3,25.0
2023-12-19,401587210,Duquesne Dukes,Bradley Braves,69,67,1,2,2184,71,42.4,48.1
2023-12-19,401587220,Evansville Purple Aces,UT Martin Skyhawks,98,91,0,2,339,2630,45.8,48.6
2023-12-19,401588606,Northern Illinois Huskies,Calumet St. Joseph Crimson Wave,92,48,0,2,2459,502,56.7,22.1
2023-12-19,401588607,Bowling Green Falcons,Hampton Pirates,75,65,0,2,189,2261,42.1,40.6
2023-12-19,401592435,Michigan State Spartans,Oakland Golden Grizzlies,79,62,0,2,127,2473,49.2,36.5
2023-12-19,401593977,Cal Poly Mustangs,Eastern Washington Eagles,53,62,0,2,13,331,40.4,40.0
2023-12-19,401594038,Fresno State Bulldogs,Portland State Vikings,72,75,0,2,278,2502,45.6,38.8
2023-12-19,401594055,Sacramento State Hornets,UC San Diego Tritons,52,83,0,2,16,28,39.1,42.6
2023-12-19,401594435,Little Rock Trojans,Murray State Racers,80,66,0,2,2031,93,52.7,36.4
2023-12-19,401594478,Western Illinois Leathernecks,Eureka Red Devils,92,56,0,2,2710,101,50.8,31.9
2023-12-19,401594597,Denver Pioneers,Adams State Grizzlies,89,83,0,2,2172,2001,39.3,47.1
2023-12-19,401594622,Georgia Southern Eagles,Florida Gulf Coast Eagles,42,53,0,2,290,526,30.8,38.9
2023-12-19,401596814,Campbell Fighting Camels,Morgan State Bears,83,76,0,2,2097,2415,52.8,49.2
2023-12-19,401597434,Tarleton State Texans,Jacksonville State Gamecocks,62,65,0,2,2627,55,40.0,41.8
2023-12-19,401598013,Texas State Bobcats,LeTourneau Yellow Jackets,110,68,0,2,326,2326,66.7,41.2
2023-12-19,401599438,Butler Bulldogs,Georgetown Hoyas,74,64,0,2,2086,46,45.8,38.7
2023-12-19,401600245,Chicago State Cougars,UT Rio Grande Valley Vaqueros,78,68,0,2,2130,292,43.3,38.0
2023-12-19,401600290,Dartmouth Big Green,Thomas College Terriers,77,48,0,2,159,2645,42.4,33.3
2023-12-19,401601462,Georgia State Panthers,Toccoa Falls Eagles,122,45,0,2,2247,2648,54.9,24.3
2023-12-19,401602694,Le Moyne Dolphins,Houghton Highlanders,92,72,0,2,2330,538,50.0,46.0
2023-12-19,401604285,Southern Jaguars,Wiley Wildcats,82,49,0,2,2582,2728,45.6,38.6
2023-12-19,401604348,SIU Edwardsville Cougars,Central Christian (KS) Tigers,99,56,0,2,2565,112698,54.7,37.7
2023-12-19,401604759,Arkansas-Pine Bluff Golden Lions,Ecclesia Royals,125,75,0,2,2029,3120,64.6,41.1
2023-12-19,401611803,Norfolk State Spartans,Southern Virginia Knights,108,52,0,2,2450,2896,59.5,29.0
2023-12-20,401574419,Central Arkansas Bears,Western Illinois Leathernecks,54,65,0,2,2110,2710,31.0,52.2
2023-12-20,401575432,Memphis Tigers,Virginia Cavaliers,77,54,0,2,235,258,46.4,39.3
2023-12-20,401575755,Michigan Wolverines,Florida Gators,101,106,1,2,130,57,44.7,46.5
2023-12-20,401575805,UCLA Bruins,Cal State Northridge Matadors,72,76,0,2,26,2463,37.0,46.6
2023-12-20,401577625,Maryland Terrapins,Nicholls Colonels,73,67,0,2,120,2447,35.5,39.0
2023-12-20,401577704,Missouri State Bears,Lindenwood Lions,79,57,0,2,2623,2815,48.3,31.7
2023-12-20,401577723,UAlbany Great Danes,Sacred Heart Pioneers,93,79,0,2,399,2529,53.4,52.3
2023-12-20,401581178,Montana State Bobcats,Southern Utah Thunderbirds,89,88,0,2,147,253,46.9,34.7
2023-12-20,401581773,California Golden Bears,UC San Diego Tritons,71,67,0,2,25,28,48.1,33.3
2023-12-20,401581843,James Madison Dukes,Coppin State Eagles,87,48,0,2,256,2154,50.0,34.7
2023-12-20,401583722,Mercer Bears,Queens University Royals,84,65,0,2,2382,2511,53.8,37.7
2023-12-20,401583788,Cincinnati Bearcats,Merrimack Warriors,65,49,0,2,2132,2771,43.6,34.0
2023-12-20,401583810,Vanderbilt Commodores,Western Carolina Catamounts,62,63,0,2,238,2717,34.3,36.4
2023-12-20,401584346,Florida State Seminoles,North Florida Ospreys,91,75,0,2,52,2454,50.7,40.0
2023-12-20,401587153,Saint Mary's Gaels,Middle Tennessee Blue Raiders,71,34,0,2,2608,2393,41.8,27.9
2023-12-20,401588608,Wright State Raiders,Miami (OH) RedHawks,92,82,0,2,2750,193,66.7,49.2
2023-12-20,401589061,George Mason Patriots,Bridgewater Eagles,84,60,0,2,2244,2079,59.6,30.9
2023-12-20,401590924,North Carolina Central Eagles,Longwood Lancers,79,70,0,2,2428,2344,43.5,42.1
2023-12-20,401591573,Ole Miss Rebels,Troy Trojans,74,53,0,2,145,2653,45.8,36.2
2023-12-20,401591584,SMU Mustangs,Houston Christian Huskies,89,53,0,2,2567,2277,50.7,34.4
2023-12-20,401592104,Central Connecticut Blue Devils,Northeastern Huskies,74,79,0,2,2115,111,49.1,49.1
2023-12-20,401592852,South Carolina Gamecocks,Winthrop Eagles,72,62,0,2,2579,2737,39.7,34.0
2023-12-20,401593918,Kennesaw State Owls,Brescia Bearcats,91,59,0,2,338,2855,46.6,38.7
2023-12-20,401593939,Lipscomb Bisons,Bryan Lions,101,55,0,2,288,2081,52.6,29.3
2023-12-20,401594076,Furman Paladins,Presbyterian Blue Hose,76,61,0,2,231,2506,45.0,39.7
2023-12-20,401594397,Siena Saints,Cornell Big Red,74,95,0,2,2561,172,34.3,47.9
2023-12-20,401594421,Drake Bulldogs,Alcorn State Braves,92,55,0,2,2181,2016,46.2,31.1
2023-12-20,401594426,Indiana State Sycamores,Tennessee State Tigers,90,69,0,2,282,2634,51.1,40.6
2023-12-20,401594567,Chattanooga Mocs,Gardner-Webb Runnin' Bulldogs,69,66,0,2,236,2241,38.6,41.3
2023-12-20,401594573,High Point Panthers,UNC Greensboro Spartans,74,63,0,2,2272,2430,49.0,40.7
2023-12-20,401594585,Oklahoma State Cowboys,Wofford Terriers,76,70,0,2,197,2747,45.9,49.2
2023-12-20,401594608,Oral Roberts Golden Eagles,John Brown Golden Eagles,71,59,0,2,198,2301,40.0,43.9
2023-12-20,401594650,California Baptist Lancers,Western Kentucky Hilltoppers,70,73,0,2,2856,98,40.6,41.3
2023-12-20,401597408,Southern Illinois Salukis,North Dakota State Bison,76,63,0,2,79,2449,54.5,49.1
2023-12-20,401597844,Loyola Chicago Ramblers,Charleston Southern Buccaneers,72,59,0,2,2350,2127,53.4,38.5
2023-12-20,401597916,UC Davis Aggies,Montana Grizzlies,61,73,0,2,302,149,40.4,50.0
2023-12-20,401597933,San Diego State Aztecs,Saint Katherine SAINT KATHERINE,91,57,0,2,21,3249,45.8,32.8
2023-12-20,401598588,Southern Indiana Screaming Eagles,St. Francis (IL) Fighting Saints,79,47,0,2,88,2595,46.6,35.8
2023-12-20,401599439,Providence Friars,Marquette Golden Eagles,72,57,0,2,2507,269,43.1,32.1
2023-12-20,401600067,Cal State Bakersfield Roadrunners,South Dakota Coyotes,96,76,0,2,2934,233,54.7,50.0
2023-12-20,401600070,Long Beach State Beach,Cal State Dominguez Hills Toros,107,78,0,2,299,2092,50.0,39.7
2023-12-20,401600116,Alabama State Hornets,USC Trojans,59,79,0,2,2011,30,32.9,40.0
2023-12-20,401600236,Florida International Panthers,Stetson Hatters,68,80,0,2,2229,56,33.8,45.3
2023-12-20,401603529,Central Michigan Chippewas,Davenport Panthers,90,66,0,2,2117,3092,57.9,39.7
2023-12-20,401604271,Northwestern State Demons,Southern New Orleans Knights,99,75,0,2,2466,2573,49.4,43.9
2023-12-20,401604283,Stephen F. Austin Lumberjacks,New Mexico State Aggies,75,72,0,2,2617,166,33.9,42.6
2023-12-20,401604764,UT Martin Skyhawks,William Woods Owls,78,75,0,2,2630,2931,44.6,43.5
2023-12-20,401604911,Tulsa Golden Hurricane,Mississippi Valley State Delta Devils,79,50,0,2,202,2400,60.9,43.4
2023-12-21,401574614,Rhode Island Rams,New Hampshire Wildcats,71,81,0,2,227,160,38.5,43.1
2023-12-21,401574625,Chicago State Cougars,Bethune-Cookman Wildcats,55,54,0,2,2130,2065,36.0,41.2
2023-12-21,401574839,Nebraska Cornhuskers,North Dakota Fighting Hawks,83,75,0,2,158,155,46.0,38.8
2023-12-21,401575414,Cal State Fullerton Titans,Pacific Tigers,67,56,0,2,2239,279,37.5,38.8
2023-12-21,401575476,West Virginia Mountaineers,Radford Highlanders,65,66,0,2,277,2515,41.0,37.3
2023-12-21,401575524,Tennessee Volunteers,Tarleton State Texans,65,46,0,2,2633,2627,36.4,30.0
2023-12-21,401575768,Belmont Bruins,Arkansas State Red Wolves,74,70,0,2,2057,2032,48.3,40.0
2023-12-21,401576155,Duke Blue Devils,Baylor Bears,78,70,1,2,150,239,49.0,43.1
2023-12-21,401577538,Dayton Flyers,Oakland Golden Grizzlies,91,67,0,2,2168,2473,50.0,43.3
2023-12-21,401577557,Pittsburgh Panthers,Purdue Fort Wayne Mastodons,62,48,0,2,221,2870,36.4,33.9
2023-12-21,401577639,Ohio State Buckeyes,LSU New Orleans Privateers,78,36,0,2,194,2443,44.1,25.0
2023-12-21,401577645,Purdue Boilermakers,Jacksonville Dolphins,100,57,0,2,2509,294,51.5,36.8
2023-12-21,401577690,Lafayette Leopards,Quinnipiac Bobcats,60,78,0,2,322,2514,40.7,46.8
2023-12-21,401577697,Toledo Rockets,Vermont Catamounts,60,86,0,2,2649,261,31.3,54.1
2023-12-21,401577714,UIC Flames,Incarnate Word Cardinals,66,67,0,2,82,2916,42.9,38.9
2023-12-21,401577724,Sacred Heart Pioneers,Dartmouth Big Green,67,57,0,2,2529,159,44.1,36.4
2023-12-21,401578668,Oklahoma Sooners,North Carolina Tar Heels,69,81,1,2,201,153,40.4,43.3
2023-12-21,401579119,San José State Spartans,Santa Clara Broncos,81,78,0,2,23,2541,50.0,50.0
2023-12-21,401581080,George Washington Revolutionaries,Alcorn State Braves,79,75,0,2,45,2016,48.0,44.4
2023-12-21,401581094,Wake Forest Demon Deacons,Presbyterian Blue Hose,91,68,0,2,154,2506,55.4,42.1
2023-12-21,401581337,Temple Owls,Nevada Wolf Pack,56,80,1,2,218,2440,27.7,47.5
2023-12-21,401581338,Old Dominion Monarchs,TCU Horned Frogs,87,111,1,2,295,2628,46.8,54.5
2023-12-21,401581355,Eastern Michigan Eagles,Hampton Pirates,72,69,0,2,2199,2261,50.0,35.7
2023-12-21,401581561,South Dakota State Jackrabbits,Wyoming Cowboys,65,78,1,2,2571,2751,36.1,50.9
2023-12-21,401581562,UTEP Miners,Norfolk State Spartans,67,65,0,2,2638,2450,41.9,44.2
2023-12-21,401581724,Arizona State Sun Devils,Northwestern Wildcats,46,65,1,2,9,77,31.4,47.3
2023-12-21,401581734,Coastal Carolina Chanticleers,North Carolina A&T Aggies,82,85,0,2,324,2448,51.6,47.8
2023-12-21,401581744,Harvard Crimson,Holy Cross Crusaders,74,72,0,2,108,107,49.1,50.0
2023-12-21,401581768,Cleveland State Vikings,Western Michigan Broncos,90,77,0,2,325,2711,43.4,44.1
2023-12-21,401581809,East Tennessee State Buccaneers,Kansas City Roos,70,57,0,2,2193,140,33.8,28.6
2023-12-21,401582137,Iowa Hawkeyes,UMBC Retrievers,103,81,0,2,2294,2378,50.0,46.4
2023-12-21,401583594,NC State Wolfpack,Saint Louis Billikens,82,70,0,2,152,139,50.0,50.0
2023-12-21,401583617,East Carolina Pirates,Delaware State Hornets,79,50,0,2,151,2169,49.2,31.6
2023-12-21,401583751,Monmouth Hawks,Manhattan Jaspers,77,71,0,2,2405,2363,46.8,36.2
2023-12-21,401583783,Youngstown State Penguins,Navy Midshipmen,75,65,0,2,2754,2426,47.5,42.6
2023-12-21,401583811,Western Carolina Catamounts,Brescia Bearcats,85,47,0,2,2717,2855,49.2,30.3
2023-12-21,401583819,Gonzaga Bulldogs,Jackson State Tigers,100,76,0,2,2250,2296,52.3,33.3
2023-12-21,401584334,Virginia Tech Hokies,American University Eagles,77,55,0,2,259,44,64.0,38.9
2023-12-21,401584368,San Francisco Dons,Northern Arizona Lumberjacks,91,51,0,2,2539,2464,60.3,32.0
2023-12-21,401584377,Utah Valley Wolverines,Liberty Flames,63,79,0,2,3084,2335,38.7,60.7
2023-12-21,401584393,Syracuse Orange,Niagara Purple Eagles,83,71,0,2,183,315,48.5,41.0
2023-12-21,401584447,Grand Canyon Lopes,Sam Houston Bearkats,76,64,0,2,2253,2534,46.4,41.8
2023-12-21,401586896,Fordham Rams,Central Connecticut Blue Devils,80,82,0,2,2230,2115,46.7,55.1
2023-12-21,401587221,Evansville Purple Aces,Tennessee Tech Golden Eagles,82,51,0,2,339,2635,48.5,32.1
2023-12-21,401588941,Louisville Cardinals,Kentucky Wildcats,76,95,0,2,97,96,42.4,51.5
2023-12-21,401589384,Saint Francis Red Wolves,Robert Morris Colonials,73,75,0,2,2598,2523,46.2,49.2
2023-12-21,401591434,Arizona Wildcats,Alabama Crimson Tide,87,74,1,2,12,333,43.1,33.8
2023-12-21,401592436,Michigan State Spartans,Stony Brook Seawolves,99,55,0,2,127,2619,59.4,29.1
2023-12-21,401593775,La Salle Explorers,Rosemont Ravens,107,41,0,2,2325,465,59.7,34.6
2023-12-21,401593811,Boston College Eagles,Lehigh Mountain Hawks,85,69,0,2,103,2329,50.8,40.7
2023-12-21,401593837,Rice Owls,Prairie View A&M Panthers,82,56,0,2,242,2504,52.4,33.3
2023-12-21,401594018,Air Force Falcons,Northern Colorado Bears,79,83,0,2,2005,2458,52.7,56.4
2023-12-21,401594056,Sacramento State Hornets,Bethesda Flames,100,45,0,2,16,3246,50.7,26.8
2023-12-21,401594349,Georgia Bulldogs,Mount St. Mary's Mountaineers,94,82,0,2,61,116,51.7,55.9
2023-12-21,401594382,Delaware Blue Hens,Rider Broncs,85,88,0,2,48,2520,43.3,54.2
2023-12-21,401594574,UNC Greensboro Spartans,Virginia Lynchburg Dragons,135,57,0,2,2430,3229,67.1,27.8
2023-12-21,401594598,Denver Pioneers,Northern New Mexico Eagles,90,57,0,2,2172,3141,50.0,26.6
2023-12-21,401597380,SE Louisiana Lions,Grambling Tigers,48,47,0,2,2545,2755,36.2,40.0
2023-12-21,401597435,Little Rock Trojans,Jacksonville State Gamecocks,60,90,0,2,2031,55,28.1,50.7
2023-12-21,401597888,Texas Tech Red Raiders,UT Arlington Mavericks,77,66,0,2,2641,250,45.2,40.0
2023-12-21,401597898,Charleston Southern Buccaneers,Kentucky Christian Knights,103,79,0,2,2127,3077,55.2,44.8
2023-12-21,401597956,Morehead State Eagles,Alice Lloyd Eagles,101,39,0,2,2413,484,44.8,20.3
2023-12-21,401597993,Mercer Bears,Thomas College Terriers,98,75,0,2,2382,2645,47.2,38.2
2023-12-21,401598963,Utah Utes,Bellarmine Knights,85,43,0,2,254,91,50.0,32.7
2023-12-21,401598979,Seattle U Redhawks,Louisiana Tech Bulldogs,79,73,0,2,2547,2348,37.5,38.6
2023-12-21,401599440,Creighton Bluejays,Villanova Wildcats,66,68,0,2,156,222,39.7,40.9
2023-12-21,401599441,Seton Hall Pirates,UConn Huskies,75,60,0,2,2550,41,51.8,37.9
2023-12-21,401599442,St. John's Red Storm,Xavier Musketeers,81,66,0,2,2599,2752,46.3,34.9
2023-12-21,401601142,UC Santa Barbara Gauchos,Howard Bison,94,81,0,2,2540,47,55.9,43.3
2023-12-21,401601458,Akron Zips,Gardner-Webb Runnin' Bulldogs,94,90,0,2,2006,2241,50.0,45.5
2023-12-21,401603533,New Mexico Lobos,UC Irvine Anteaters,78,65,0,2,167,300,39.4,37.9
2023-12-21,401604449,Weber State Wildcats,Park University Gilbert Buccaneers,90,39,0,2,2692,123350,53.8,25.4
2023-12-22,401575400,VMI Keydets,Penn State New Kensington Lions,82,65,0,2,2678,126910,53.2,39.1
2023-12-22,401575441,Houston Cougars,Texas State Bobcats,72,37,0,2,248,326,43.3,28.9
2023-12-22,401575450,Iowa State Cyclones,Eastern Illinois Panthers,80,48,0,2,66,2197,48.2,39.2
2023-12-22,401575468,UCF Knights,Florida A&M Rattlers,69,56,0,2,2116,50,39.6,44.0
2023-12-22,401575756,Florida Gators,Grambling Tigers,96,57,0,2,57,2755,62.3,36.4
2023-12-22,401576164,Fairleigh Dickinson Knights,Fairfield Stags,69,92,0,2,161,2217,42.9,52.8
2023-12-22,401576688,Pepperdine Waves,William & Mary Tribe,71,59,0,2,2492,2729,40.9,40.0
2023-12-22,401577550,Charleston Cougars,Saint Joseph's Hawks,89,82,0,2,232,2603,43.1,40.8
2023-12-22,401577570,Florida International Panthers,Maine Black Bears,82,74,0,2,2229,311,50.8,47.4
2023-12-22,401577580,South Florida Bulls,UAlbany Great Danes,89,73,0,2,58,399,47.7,43.8
2023-12-22,401577590,Kansas State Wildcats,Wichita State Shockers,69,60,1,2,2306,2724,40.0,41.3
2023-12-22,401577618,Indiana Hoosiers,North Alabama Lions,83,66,0,2,84,2453,53.4,40.6
2023-12-22,401577664,Brown Bears,Siena Saints,71,67,0,2,225,2561,38.8,40.6
2023-12-22,401579107,Texas Southern Tigers,Samford Bulldogs,65,87,0,2,2640,2535,31.1,48.5
2023-12-22,401580111,Illinois State Redbirds,Southeast Missouri State Redhawks,85,64,0,2,2287,2546,49.1,39.7
2023-12-22,401580934,Washington State Cougars,Boise State Broncos,66,61,1,2,265,68,42.9,35.9
2023-12-22,401581179,Cal State Northridge Matadors,Montana State Bobcats,82,70,0,2,2463,147,47.7,39.7
2023-12-22,401581339,Massachusetts Minutemen,Georgia Tech Yellow Jackets,70,73,1,2,113,59,38.8,49.0
2023-12-22,401581340,Hawai'i Rainbow Warriors,Portland Pilots,69,56,0,2,62,2501,44.3,41.2
2023-12-22,401581553,TCU Horned Frogs,Nevada Wolf Pack,75,88,1,2,2628,2440,45.3,52.0
2023-12-22,401581563,Norfolk State Spartans,South Dakota State Jackrabbits,84,65,1,2,2450,2571,58.8,42.1
2023-12-22,401581564,UTEP Miners,Wyoming Cowboys,78,67,0,2,2638,2751,48.0,34.0
2023-12-22,401581762,Iona Gaels,Colgate Raiders,85,65,0,2,314,2142,54.4,45.1
2023-12-22,401581781,Washington Huskies,Eastern Washington Eagles,73,66,0,2,264,331,44.2,42.4
2023-12-22,401581792,LSU Tigers,Lamar Cardinals,87,66,0,2,99,2320,43.1,43.3
2023-12-22,401581821,Cal Poly Mustangs,Omaha Mavericks,66,53,0,2,13,2437,41.4,33.9
2023-12-22,401581834,App State Mountaineers,UNC Asheville Bulldogs,63,76,1,2,2026,2427,35.9,45.2
2023-12-22,401581844,Morgan State Bears,James Madison Dukes,75,89,0,2,2415,256,47.7,44.6
2023-12-22,401581853,Marshall Thundering Herd,UNC Wilmington Seahawks,69,78,0,2,276,350,40.6,45.0
2023-12-22,401582025,Boston University Terriers,UMass Lowell River Hawks,63,71,0,2,104,2349,40.7,45.8
2023-12-22,401583723,Clemson Tigers,Queens University Royals,109,79,0,2,228,2511,63.2,37.8
2023-12-22,401583731,Texas Longhorns,Texas A&M-Corpus Christi Islanders,71,55,0,2,251,357,48.1,35.6
2023-12-22,401583743,UC Riverside Highlanders,Idaho Vandals,82,67,0,2,27,70,50.0,43.4
2023-12-22,401583758,Central Michigan Chippewas,Detroit Mercy Titans,75,63,0,2,2117,2174,46.6,31.7
2023-12-22,401583789,Merrimack Warriors,Bucknell Bison,68,52,0,2,2771,2083,45.6,40.7
2023-12-22,401584347,Georgia Bulldogs,North Florida Ospreys,78,60,0,2,61,2454,51.9,35.9
2023-12-22,401584406,UTSA Roadrunners,Army Black Knights,53,63,0,2,2636,349,31.1,39.7
2023-12-22,401584441,Towson Tigers,Nicholls Colonels,65,55,0,2,119,2447,39.7,35.4
2023-12-22,401587172,Princeton Tigers,Delaware Valley Aggies,84,53,0,2,163,2808,43.9,33.3
2023-12-22,401587211,Bradley Braves,SIU Edwardsville Cougars,75,64,0,2,71,2565,47.3,31.0
2023-12-22,401588317,South Carolina Gamecocks,Elon Phoenix,70,43,0,2,2579,2210,41.3,32.0
2023-12-22,401588609,Minnesota Golden Gophers,Ball State Cardinals,80,63,0,2,135,2050,52.6,45.3
2023-12-22,401588610,Northern Illinois Huskies,Northern Iowa Panthers,63,76,0,2,2459,2460,41.1,49.0
2023-12-22,401588611,Miami (OH) RedHawks,Vermont Catamounts,70,69,0,2,193,261,43.6,50.0
2023-12-22,401588612,Bowling Green Falcons,Siena Heights Saints,79,58,0,2,189,2562,45.2,45.1
2023-12-22,401588939,Miami Hurricanes,Stonehill Skyhawks,97,59,0,2,2390,284,48.7,36.7
2023-12-22,401589062,Tulane Green Wave,George Mason Patriots,66,69,0,2,2655,2244,34.5,43.4
2023-12-22,401589376,Wright State Raiders,Muskingum Fighting Muskies,101,54,0,2,2750,332,59.4,33.3
2023-12-22,401589468,Wagner Seahawks,Gwynedd Mercy Griffins,98,49,0,2,2681,461,52.1,36.4
2023-12-22,401591574,Troy Trojans,Eastern Kentucky Colonels,88,81,0,2,2653,2198,45.5,42.6
2023-12-22,401591578,Colorado Buffaloes,Utah Tech Trailblazers,98,71,0,2,38,3101,57.4,43.8
2023-12-22,401591585,Murray State Racers,SMU Mustangs,65,92,0,2,93,2567,32.8,59.6
2023-12-22,401593795,Richmond Spiders,Buffalo Bulls,72,66,0,2,257,2084,45.8,36.1
2023-12-22,401593996,Oregon State Beavers,Idaho State Bengals,76,57,0,2,204,304,50.9,35.8
2023-12-22,401594195,Green Bay Phoenix,Milwaukee Engineering Raiders,79,46,0,2,2739,110437,53.7,26.1
2023-12-22,401594217,IU Indianapolis Jaguars,Defiance Yellow Jackets,90,67,0,2,85,190,57.4,44.9
2023-12-22,401594422,UAB Blazers,Drake Bulldogs,79,78,0,2,5,2181,50.9,47.6
2023-12-22,401594507,Loyola Maryland Greyhounds,St. Mary's (MD) Seahawks,91,57,0,2,2352,117,71.7,37.3
2023-12-22,401594528,Arkansas Razorbacks,Abilene Christian Wildcats,83,73,0,2,8,2000,51.9,38.9
2023-12-22,401594568,Milwaukee Panthers,Chattanooga Mocs,85,83,0,2,270,236,35.8,41.3
2023-12-22,401597300,UNLV Rebels,Hofstra Pride,74,56,0,2,2439,2275,48.3,37.9
2023-12-22,401597835,Davidson Wildcats,South Carolina Upstate Spartans,62,59,0,2,2166,2908,41.2,40.4
2023-12-22,401597917,UC Davis Aggies,UC Merced Bobcats,80,57,0,2,302,3185,47.3,35.0
2023-12-22,401597923,Oregon Ducks,Kent State Golden Flashes,84,70,0,2,2483,2309,46.7,39.3
2023-12-22,401598007,St. Thomas Tommies,Wisconsin River Falls Falcons,104,51,0,2,2900,2723,56.9,40.8
2023-12-22,401598042,Saint Mary's Gaels,Northern Kentucky Norse,92,56,0,2,2608,94,54.8,38.0
2023-12-22,401598578,Robert Morris Colonials,Cornell Big Red,85,90,0,2,2523,172,49.2,57.1
2023-12-22,401598977,Saint Peter's Peacocks,Kean Cougars,73,70,0,2,2612,2871,36.8,47.1
2023-12-22,401600097,San Diego Toreros,South Dakota Coyotes,69,66,0,2,301,233,40.6,33.8
2023-12-22,401600100,South Alabama Jaguars,Alabama A&M Bulldogs,83,67,0,2,6,2010,39.7,39.7
2023-12-22,401600441,Penn State Nittany Lions,Le Moyne Dolphins,72,55,0,2,213,2330,39.7,36.4
2023-12-22,401600770,Bryant Bulldogs,Drexel Dragons,104,86,0,2,2803,2182,62.9,42.7
2023-12-22,401602181,Charlotte 49ers,Greensboro Pride,91,44,0,2,2429,2256,54.8,37.0
2023-12-22,401603545,NJIT Highlanders,Medgar Evers Cougars,127,51,0,2,2885,2380,52.4,42.9
2023-12-22,401604411,Stephen F. Austin Lumberjacks,Paul Quinn Tigers,115,58,0,2,2617,2491,58.0,36.7
2023-12-22,401606727,South Carolina State Bulldogs,Brewton Parker Wildcats,101,84,0,2,2569,2077,51.4,40.0
2023-12-22,401607347,San Diego State Aztecs,Stanford Cardinal,74,60,0,2,21,24,45.0,40.8
2023-12-23,401574601,St. Bonaventure Bonnies,Binghamton Bearcats,90,64,0,2,179,2066,55.2,47.3
2023-12-23,401575458,Kansas Jayhawks,Yale Bulldogs,75,60,0,2,2305,43,47.4,42.6
2023-12-23,401575477,West Virginia Mountaineers,Toledo Rockets,91,81,0,2,277,2649,51.7,46.4
2023-12-23,401575515,Texas A&M Aggies,Houston Christian Huskies,79,52,0,2,245,2277,34.4,33.3
2023-12-23,401575806,UCLA Bruins,Maryland Terrapins,60,69,0,2,26,120,31.5,41.7
2023-12-23,401576145,VCU Rams,Maryland Eastern Shore Hawks,75,51,0,2,2670,2379,49.1,33.3
2023-12-23,401579120,Santa Clara Broncos,Duquesne Dukes,81,73,1,2,2541,2184,49.1,38.9
2023-12-23,401581554,Hawai'i Rainbow Warriors,Georgia Tech Yellow Jackets,68,73,0,2,62,59,37.9,46.0
2023-12-23,401581555,Old Dominion Monarchs,Temple Owls,78,63,1,2,295,218,50.0,35.5
2023-12-23,401581556,Portland Pilots,Massachusetts Minutemen,78,100,1,2,2501,113,44.8,59.3
2023-12-23,401582015,Notre Dame Fighting Irish,Marist Red Foxes,60,56,0,2,87,2368,40.9,44.0
2023-12-23,401583595,NC State Wolfpack,Detroit Mercy Titans,83,66,0,2,152,2174,50.0,44.1
2023-12-23,401583605,Memphis Tigers,Vanderbilt Commodores,77,75,0,2,235,238,38.2,42.9
2023-12-23,401583799,Auburn Tigers,Alabama State Hornets,82,62,0,2,2,2011,46.3,39.3
2023-12-23,401584416,Wisconsin Badgers,Chicago State Cougars,80,53,0,2,275,2130,50.0,31.7
2023-12-23,401584516,Illinois Fighting Illini,Missouri Tigers,97,73,1,2,356,142,49.2,39.2
2023-12-23,401586908,Florida State Seminoles,Winthrop Eagles,67,61,0,2,52,2737,31.5,33.3
2023-12-23,401587154,Southern Utah Thunderbirds,Middle Tennessee Blue Raiders,69,63,0,2,253,2393,37.7,50.9
2023-12-23,401587202,Austin Peay Governors,Ohio Bobcats,71,67,0,2,2046,195,48.1,37.5
2023-12-23,401587248,Lindenwood Lions,Rockford Regents,81,54,0,2,2815,2524,55.4,36.8
2023-12-23,401589365,Rider Broncs,Pennsylvania Quakers,73,77,0,2,2520,219,37.7,38.6
2023-12-23,401589494,Mount St. Mary's Mountaineers,Long Island University Sharks,87,59,0,2,116,112358,52.5,34.6
2023-12-23,401590983,Loyola Marymount Lions,Colorado State Rams,67,76,0,2,2351,36,43.4,56.6
2023-12-23,401591435,Alabama Crimson Tide,Eastern Kentucky Colonels,111,67,0,2,333,2198,58.0,33.8
2023-12-23,401593838,Rice Owls,Louisiana Ragin' Cajuns,67,84,0,2,242,309,38.2,49.2
2023-12-23,401593873,Florida Gulf Coast Eagles,Florida Memorial FLORIDA MEMORIAL,78,75,0,2,526,2227,41.4,45.3
2023-12-23,401593919,UNC Asheville Bulldogs,Kennesaw State Owls,79,70,0,2,2427,338,42.6,36.5
2023-12-23,401593957,BYU Cougars,Bellarmine Knights,101,59,0,2,252,91,58.0,43.4
2023-12-23,401594256,High Point Panthers,Canisius Golden Griffins,78,70,0,2,2272,2099,48.3,45.8
2023-12-23,401594546,Ole Miss Rebels,Southern Miss Golden Eagles,89,72,1,2,145,2572,49.2,47.7
2023-12-23,401597409,Southern Illinois Salukis,Southern Indiana Screaming Eagles,81,50,0,2,79,88,52.1,25.5
2023-12-23,401597416,Utah State Aggies,East Tennessee State Buccaneers,80,65,0,2,328,2193,46.3,33.3
2023-12-23,401597987,Mississippi State Bulldogs,Rutgers Scarlet Knights,70,60,1,2,344,164,41.5,37.1
2023-12-23,401598047,San Francisco Dons,Fresno State Bulldogs,77,57,0,2,2539,278,48.3,44.4
2023-12-23,401599443,Marquette Golden Eagles,Georgetown Hoyas,81,51,0,2,269,46,44.6,32.8
2023-12-23,401599444,DePaul Blue Demons,Villanova Wildcats,48,84,0,2,305,222,30.4,53.6
2023-12-23,401599445,Providence Friars,Butler Bulldogs,85,75,0,2,2507,2086,45.5,39.2
2023-12-23,401599447,Xavier Musketeers,Seton Hall Pirates,74,54,0,2,2752,2550,44.3,32.4
2023-12-23,401600237,Cincinnati Bearcats,Stetson Hatters,83,75,0,2,2132,56,51.6,39.6
2023-12-23,401600258,Arizona Wildcats,Florida Atlantic Owls,95,96,1,2,12,2226,38.8,50.0
2023-12-23,401604282,Tulsa Golden Hurricane,New Mexico State Aggies,65,59,0,2,202,166,34.0,37.7
2023-12-23,401604912,Baylor Bears,Mississippi Valley State Delta Devils,107,48,0,2,239,2400,67.2,41.7
2023-12-23,401608796,North Texas Mean Green,UT Arlington Mavericks,78,52,0,2,249,250,52.8,30.0
2023-12-24,401577705,Saint Mary's Gaels,Missouri State Bears,64,69,0,2,2608,2623,43.4,44.4
2023-12-24,401581557,Portland Pilots,Temple Owls,54,55,1,2,2501,218,39.2,31.7
2023-12-24,401581558,Massachusetts Minutemen,Old Dominion Monarchs,87,65,1,2,113,295,54.1,42.6
2023-12-24,401581560,Hawai'i Rainbow Warriors,TCU Horned Frogs,51,65,0,2,62,2628,33.3,45.5
2023-12-24,401599446,UConn Huskies,St. John's Red Storm,69,65,0,2,41,2599,42.9,38.5
2023-12-25,401581559,Georgia Tech Yellow Jackets,Nevada Wolf Pack,64,72,1,2,59,2440,38.6,49.1
2023-12-27,401622999,Bethesda Flames,Grand Canyon Lopes,74,124,1,2,3246,2253,41.9,60.2
2023-12-28,401575433,Virginia Cavaliers,Morgan State Bears,79,44,0,2,258,2415,47.1,34.1
2023-12-28,401594651,California Baptist Lancers,Chicago State Cougars,74,62,0,2,2856,2130,46.7,44.9
2023-12-29,401573385,Eastern Washington Eagles,Portland State Vikings,91,57,0,2,331,2502,53.4,40.0
2023-12-29,401573386,Idaho Vandals,Sacramento State Hornets,61,58,0,2,70,16,40.4,40.9
2023-12-29,401573387,Idaho State Bengals,Montana State Bobcats,66,74,0,2,304,147,47.9,49.0
2023-12-29,401573388,Weber State Wildcats,Montana Grizzlies,93,63,0,2,2692,149,57.4,37.9
2023-12-29,401573471,UC Irvine Anteaters,UC Riverside Highlanders,73,66,0,2,300,27,43.9,37.1
2023-12-29,401573472,Cal State Fullerton Titans,Long Beach State Beach,71,81,0,2,2239,299,38.2,44.3
2023-12-29,401573473,UC Davis Aggies,UC Santa Barbara Gauchos,76,62,0,2,302,2540,45.8,44.0
2023-12-29,401573474,UC San Diego Tritons,Cal State Bakersfield Roadrunners,76,64,0,2,28,2934,47.1,47.2
2023-12-29,401573475,Cal Poly Mustangs,Cal State Northridge Matadors,73,83,0,2,13,2463,40.0,48.3
2023-12-29,401574420,Oklahoma Sooners,Central Arkansas Bears,88,72,0,2,201,2110,51.7,47.4
2023-12-29,401576642,Long Island University Sharks,UAlbany Great Danes,69,86,1,2,112358,399,44.6,51.8
2023-12-29,401577619,Indiana Hoosiers,Kennesaw State Owls,100,87,0,2,84,338,61.0,45.1
2023-12-29,401577626,Maryland Terrapins,Coppin State Eagles,75,53,0,2,120,2154,47.5,36.4
2023-12-29,401577665,Stony Brook Seawolves,Brown Bears,69,65,0,2,2619,225,45.0,37.1
2023-12-29,401581769,Western Michigan Broncos,Aquinas Saints,127,71,0,2,2711,486,70.0,46.0
2023-12-29,401581873,Texas Southern Tigers,College of Biblical Studies Ambassadors,108,72,0,2,2640,128256,54.9,41.5
2023-12-29,401584348,Miami Hurricanes,North Florida Ospreys,95,55,0,2,2390,2454,52.2,27.4
2023-12-29,401587212,Bradley Braves,Truman State Bulldogs,69,47,0,2,71,2654,39.4,33.3
2023-12-29,401587250,Tennessee State Tigers,UT Martin Skyhawks,75,91,0,2,2634,2630,37.9,42.5
2023-12-29,401587251,Tennessee Tech Golden Eagles,Little Rock Trojans,75,81,0,2,2635,2031,48.2,40.8
2023-12-29,401587645,Cleveland State Vikings,Oakland Golden Grizzlies,75,67,0,2,325,2473,43.9,36.9
2023-12-29,401587646,IU Indianapolis Jaguars,Detroit Mercy Titans,67,55,0,2,85,2174,42.9,37.7
2023-12-29,401587648,Green Bay Phoenix,Wright State Raiders,88,77,0,2,2739,2750,58.2,49.2
2023-12-29,401588318,Elon Phoenix,Valparaiso Beacons,82,78,0,2,2210,2674,52.7,44.3
2023-12-29,401592100,UTSA Roadrunners,Prairie View A&M Panthers,103,89,0,2,2636,2504,55.4,46.6
2023-12-29,401594383,Penn State Nittany Lions,Rider Broncs,90,63,0,2,213,2520,54.5,37.3
2023-12-29,401594586,Wofford Terriers,Southern Wesleyan Warriors,75,55,0,2,2747,2576,37.7,35.5
2023-12-29,401597436,Jacksonville State Gamecocks,Fort Valley State Wildcats,93,57,0,2,55,2232,63.0,35.8
2023-12-29,401597889,Texas Tech Red Raiders,Sam Houston Bearkats,96,60,0,2,2641,2534,53.3,38.6
2023-12-29,401597994,Mercer Bears,Talladega Tornadoes,74,50,0,2,2382,2625,52.9,36.6
2023-12-29,401599985,Tulane Green Wave,Dillard Blue Devils,94,64,0,2,2655,2176,44.1,35.1
2023-12-29,401600060,Winthrop Eagles,Toccoa Falls Eagles,113,62,0,2,2737,2648,53.1,34.4
2023-12-29,401602710,Holy Cross Crusaders,Elms Blazers,88,60,0,2,107,111948,53.8,39.1
2023-12-29,401607351,Oregon Ducks,USC Trojans,82,74,0,2,2483,30,46.2,45.9
2023-12-29,401607352,Oregon State Beavers,UCLA Bruins,62,69,0,2,204,26,44.0,41.9
2023-12-30,401573389,Eastern Washington Eagles,Sacramento State Hornets,87,61,0,2,331,16,53.1,35.2
2023-12-30,401573390,Idaho Vandals,Portland State Vikings,72,77,0,2,70,2502,43.9,40.7
2023-12-30,401573391,Idaho State Bengals,Montana Grizzlies,68,76,0,2,304,149,46.4,53.2
2023-12-30,401573392,Weber State Wildcats,Montana State Bobcats,86,64,0,2,2692,147,57.1,40.7
2023-12-30,401573393,Northern Colorado Bears,Northern Arizona Lumberjacks,92,77,0,2,2458,2464,69.4,47.4
2023-12-30,401573477,UC Davis Aggies,Cal Poly Mustangs,71,46,0,2,302,13,49.0,32.7
2023-12-30,401573480,Long Beach State Beach,Cal State Northridge Matadors,68,84,0,2,299,2463,36.4,48.4
2023-12-30,401574421,Missouri Tigers,Central Arkansas Bears,92,59,0,2,142,2110,53.7,35.8
2023-12-30,401574497,Duke Blue Devils,Queens University Royals,106,69,0,2,150,2511,58.0,42.4
2023-12-30,401574602,Binghamton Bearcats,Marywood Pacers,108,52,0,2,2066,2374,63.5,30.0
2023-12-30,401574626,UCF Knights,Bethune-Cookman Wildcats,98,54,0,2,2116,2065,47.8,30.5
2023-12-30,401574840,Nebraska Cornhuskers,South Carolina State Bulldogs,91,62,0,2,158,2569,47.5,31.1
2023-12-30,401575415,Pacific Tigers,Cal Maritime Keelhaulers,80,66,0,2,279,500,50.8,38.6
2023-12-30,401575424,Akron Zips,St. Bonaventure Bonnies,61,62,1,2,2006,179,43.8,38.1
2023-12-30,401575459,Kansas Jayhawks,Wichita State Shockers,86,67,1,2,2305,2724,41.9,42.4
2023-12-30,401575757,Florida Gators,Quinnipiac Bobcats,97,72,0,2,57,2514,51.5,33.3
2023-12-30,401576146,VCU Rams,Gardner-Webb Runnin' Bulldogs,87,73,0,2,2670,2241,50.7,38.8
2023-12-30,401576165,Fairfield Stags,Le Moyne Dolphins,78,72,0,2,2217,2330,41.7,43.8
2023-12-30,401576689,Pepperdine Waves,Westcliff Warriors,83,47,0,2,2492,111910,50.0,28.6
2023-12-30,401577539,Dayton Flyers,Longwood Lancers,78,69,0,2,2168,2344,52.9,44.3
2023-12-30,401577551,Saint Joseph's Hawks,Loyola Maryland Greyhounds,97,56,0,2,2603,2352,47.8,33.9
2023-12-30,401577571,Minnesota Golden Gophers,Maine Black Bears,80,62,0,2,135,311,50.9,44.1
2023-12-30,401577581,South Florida Bulls,Alabama State Hornets,73,70,0,2,58,2011,43.8,38.2
2023-12-30,401577632,Michigan Wolverines,McNeese Cowboys,76,87,0,2,130,2377,39.3,47.6
2023-12-30,401577646,Purdue Boilermakers,Eastern Kentucky Colonels,80,53,0,2,2509,2198,51.6,37.3
2023-12-30,401577655,Charleston Cougars,Montreat Cavaliers,96,59,0,2,232,2410,45.3,33.8
2023-12-30,401577725,Sacred Heart Pioneers,Mercy Mavericks,92,63,0,2,2529,2384,50.7,34.8
2023-12-30,401579040,Stephen F. Austin Lumberjacks,LSU New Orleans Privateers,80,51,0,2,2617,2443,47.6,28.1
2023-12-30,401580020,North Dakota State Bison,South Dakota Coyotes,66,75,0,2,2449,233,40.3,49.1
2023-12-30,401580021,Kansas City Roos,Oral Roberts Golden Eagles,77,60,0,2,140,198,44.3,41.1
2023-12-30,401580022,North Dakota Fighting Hawks,St. Thomas Tommies,45,70,0,2,155,2900,30.6,53.7
2023-12-30,401580023,Omaha Mavericks,Denver Pioneers,80,95,0,2,2437,2172,47.4,54.2
2023-12-30,401580112,Kentucky Wildcats,Illinois State Redbirds,96,70,0,2,96,2287,57.1,32.9
2023-12-30,401581081,George Washington Revolutionaries,Maryland Eastern Shore Hawks,69,63,0,2,45,2379,41.5,34.3
2023-12-30,401581087,Massachusetts Minutemen,Siena Saints,79,66,0,2,113,2561,44.3,40.4
2023-12-30,401581356,Eastern Michigan Eagles,Northwood Timberwolves,67,64,0,2,2199,2886,41.9,40.0
2023-12-30,401581493,App State Mountaineers,UL Monroe Warhawks,67,55,0,2,2026,2433,41.7,37.1
2023-12-30,401581611,Georgia State Panthers,Arkansas State Red Wolves,91,90,0,2,2247,2032,47.8,48.3
2023-12-30,401581628,Coastal Carolina Chanticleers,Troy Trojans,65,72,0,2,324,2653,46.3,36.8
2023-12-30,401581643,Georgia Southern Eagles,Southern Miss Golden Eagles,88,67,0,2,290,2572,57.6,38.7
2023-12-30,401581667,James Madison Dukes,Texas State Bobcats,82,65,0,2,256,326,52.4,42.1
2023-12-30,401581676,Marshall Thundering Herd,Louisiana Ragin' Cajuns,75,61,0,2,276,309,41.4,32.8
2023-12-30,401581725,Northwestern Wildcats,Jackson State Tigers,74,63,0,2,77,2296,46.6,41.4
2023-12-30,401581735,George Mason Patriots,North Carolina A&T Aggies,94,69,0,2,2244,2448,58.6,41.1
2023-12-30,401581745,Harvard Crimson,Iona Gaels,60,69,0,2,108,314,36.7,44.3
2023-12-30,401581793,Lamar Cardinals,Paul Quinn Tigers,91,64,0,2,2320,2491,47.1,40.0
2023-12-30,401582138,UMBC Retrievers,American University Eagles,85,87,0,2,2378,44,46.2,53.4
2023-12-30,401583599,North Carolina Tar Heels,Charleston Southern Buccaneers,105,60,0,2,153,2127,56.2,33.3
2023-12-30,401583618,East Carolina Pirates,East Tennessee State Buccaneers,70,86,0,2,151,2193,34.9,47.5
2023-12-30,401583732,Texas Longhorns,UNC Greensboro Spartans,72,37,0,2,251,2430,47.2,29.8
2023-12-30,401583764,Clemson Tigers,Radford Highlanders,93,58,0,2,228,2515,56.7,41.5
2023-12-30,401583790,Boston University Terriers,Merrimack Warriors,74,63,0,2,104,2771,51.9,39.2
2023-12-30,401583812,Western Carolina Catamounts,King (TN) Tornado,90,62,0,2,2717,2312,52.2,31.6
2023-12-30,401584378,Alabama Crimson Tide,Liberty Flames,101,56,1,2,333,2335,58.3,33.3
2023-12-30,401584388,Marist Red Foxes,Lehigh Mountain Hawks,58,65,0,2,2368,2329,34.9,43.2
2023-12-30,401584394,Buffalo Bulls,Niagara Purple Eagles,63,69,0,2,2084,315,45.3,42.9
2023-12-30,401584407,Army Black Knights,Merchant Marine Mariners,58,50,0,2,349,2383,45.8,33.9
2023-12-30,401584433,LSU Tigers,Northwestern State Demons,96,55,0,2,99,2466,61.0,35.6
2023-12-30,401584442,Nicholls Colonels,Mobile Rams,74,65,0,2,2447,2920,50.0,41.9
2023-12-30,401584456,Boise State Broncos,Utah Valley Wolverines,85,63,0,2,68,3084,55.4,38.0
2023-12-30,401584517,Illinois Fighting Illini,Fairleigh Dickinson Knights,104,71,0,2,356,161,52.2,38.6
2023-12-30,401586897,Fordham Rams,Columbia Lions,87,78,0,2,2230,171,42.4,41.3
2023-12-30,401586903,Rhode Island Rams,Northeastern Huskies,82,71,0,2,227,111,55.4,50.9
2023-12-30,401586909,Florida State Seminoles,Lipscomb Bisons,75,78,0,2,52,288,40.3,47.5
2023-12-30,401587134,St. John's Red Storm,Hofstra Pride,84,79,1,2,2599,2275,43.3,48.5
2023-12-30,401587147,Towson Tigers,Arcadia ARCADIA,97,46,0,2,119,407,58.7,34.7
2023-12-30,401587155,Murray State Racers,Middle Tennessee Blue Raiders,75,54,0,2,93,2393,43.3,38.5
2023-12-30,401587173,Delaware Blue Hens,Princeton Tigers,82,84,0,2,48,163,55.7,50.0
2023-12-30,401587203,Ohio Bobcats,Davidson Wildcats,69,72,1,2,195,2166,39.0,40.0
2023-12-30,401587222,Cincinnati Bearcats,Evansville Purple Aces,76,58,0,2,2132,339,39.1,41.4
2023-12-30,401587249,Southeast Missouri State Redhawks,Southern Indiana Screaming Eagles,93,91,0,2,2546,88,45.7,44.8
2023-12-30,401587252,SIU Edwardsville Cougars,Eastern Illinois Panthers,67,58,0,2,2565,2197,44.2,30.6
2023-12-30,401587254,Tennessee State Tigers,Little Rock Trojans,90,82,0,2,2634,2031,53.8,43.8
2023-12-30,401587256,Tennessee Tech Golden Eagles,UT Martin Skyhawks,73,81,0,2,2635,2630,42.4,43.8
2023-12-30,401587647,Purdue Fort Wayne Mastodons,Northern Kentucky Norse,73,60,0,2,2870,94,41.0,36.1
2023-12-30,401587669,Milwaukee Panthers,Robert Morris Colonials,78,75,0,2,270,2523,47.3,39.4
2023-12-30,401588613,Iowa Hawkeyes,Northern Illinois Huskies,103,74,0,2,2294,2459,50.0,46.6
2023-12-30,401588730,Miami (OH) RedHawks,Wilberforce Bulldogs,119,69,0,2,193,2726,60.8,36.4
2023-12-30,401589301,Rutgers Scarlet Knights,Stonehill Skyhawks,59,58,0,2,164,284,25.8,31.7
2023-12-30,401589385,Saint Francis Red Wolves,Campbell Fighting Camels,78,76,0,2,2598,2097,46.2,40.4
2023-12-30,401590984,Loyola Marymount Lions,Tarleton State Texans,66,79,0,2,2351,2627,41.3,58.2
2023-12-30,401591579,Utah Tech Trailblazers,Florida International Panthers,96,92,0,2,3101,2229,46.9,44.6
2023-12-30,401592105,Central Connecticut Blue Devils,Saint Elizabeth Eagles,99,38,0,2,2115,66786,51.3,25.9
2023-12-30,401592853,South Carolina Gamecocks,Florida A&M Rattlers,94,62,0,2,2579,50,48.4,39.7
2023-12-30,401593776,La Salle Explorers,Howard Bison,66,71,0,2,2325,47,37.7,41.1
2023-12-30,401593796,Richmond Spiders,Lafayette Leopards,59,38,0,2,257,322,39.3,25.0
2023-12-30,401593958,BYU Cougars,Wyoming Cowboys,94,68,0,2,252,2751,53.4,39.7
2023-12-30,401594077,Presbyterian Blue Hose,Johnson & Wales-Charlotte JOHNSON & WALES-CHARLOTTE,91,67,0,2,2506,3169,52.1,44.0
2023-12-30,401594154,Navy Midshipmen,William & Mary Tribe,77,65,0,2,2426,2729,49.0,39.7
2023-12-30,401594350,Delaware State Hornets,Mount St. Mary's Mountaineers,77,73,0,2,2169,116,44.3,45.2
2023-12-30,401594427,Michigan State Spartans,Indiana State Sycamores,87,75,0,2,127,282,47.5,43.9
2023-12-30,401594484,Bucknell Bison,Saint Peter's Peacocks,58,67,0,2,2083,2612,50.0,44.9
2023-12-30,401594529,Arkansas Razorbacks,UNC Wilmington Seahawks,106,90,0,2,8,350,52.4,42.4
2023-12-30,401594535,Georgia Bulldogs,Alabama A&M Bulldogs,93,73,0,2,61,2010,50.7,47.2
2023-12-30,401594555,Vanderbilt Commodores,Dartmouth Big Green,69,53,0,2,238,159,41.9,37.7
2023-12-30,401594653,Gonzaga Bulldogs,San Diego State Aztecs,74,84,0,2,2250,21,42.4,50.0
2023-12-30,401597381,SE Louisiana Lions,Loyola New Orleans Wolfpack,87,64,0,2,2545,100,50.8,37.7
2023-12-30,401597839,Duquesne Dukes,Cleary University Cougars,95,47,0,2,2184,128438,52.2,33.3
2023-12-30,401597845,Loyola Chicago Ramblers,Central Michigan Chippewas,73,35,0,2,2350,2117,47.4,23.7
2023-12-30,401597876,UAB Blazers,UNC Asheville Bulldogs,90,85,0,2,5,2427,37.3,46.7
2023-12-30,401597893,DePaul Blue Demons,Chicago State Cougars,70,58,0,2,305,2130,56.5,34.4
2023-12-30,401597924,Saint Mary's Gaels,Kent State Golden Flashes,66,46,0,2,2608,2309,52.8,30.4
2023-12-30,401598048,San Francisco Dons,Mississippi Valley State Delta Devils,92,42,0,2,2539,2400,60.7,47.2
2023-12-30,401598570,San Diego Toreros,Fresno State Bulldogs,67,71,0,2,301,278,38.8,45.5
2023-12-30,401598579,Cornell Big Red,Colgate Raiders,77,64,0,2,172,2142,53.6,35.7
2023-12-30,401598957,Western Kentucky Hilltoppers,Abilene Christian Wildcats,86,84,0,2,98,2000,50.7,42.7
2023-12-30,401599448,Marquette Golden Eagles,Creighton Bluejays,72,67,0,2,269,156,36.8,45.5
2023-12-30,401599590,Furman Paladins,Anderson (SC) Trojans,74,79,0,2,231,380,44.6,40.8
2023-12-30,401599990,Jacksonville Dolphins,Erskine Flying Fleet,79,52,0,2,294,2215,44.3,34.9
2023-12-30,401600053,South Carolina Upstate Spartans,Coker Cobras,96,76,0,2,2908,229,60.9,35.0
2023-12-30,401600238,Stetson Hatters,Charlotte 49ers,79,75,0,2,56,2429,50.9,47.5
2023-12-30,401604096,Notre Dame Fighting Irish,Virginia Cavaliers,76,54,0,2,87,258,51.0,38.2
2023-12-30,401604097,Syracuse Orange,Pittsburgh Panthers,81,73,0,2,183,221,47.4,41.9
2023-12-30,401604098,Wake Forest Demon Deacons,Virginia Tech Hokies,86,63,0,2,154,259,44.1,46.2
2023-12-30,401604786,Texas A&M-Corpus Christi Islanders,Schreiner Mountaineers,84,61,0,2,357,2544,44.8,34.4
2023-12-30,401606632,New Mexico Lobos,Eastern New Mexico Greyhounds,87,54,0,2,167,2201,44.6,34.4
2023-12-30,401606714,Tulsa Golden Hurricane,Southwestern Oklahoma State Bulldogs,95,54,0,2,202,2927,50.8,26.2
2023-12-30,401607047,The Citadel Bulldogs,Toccoa Falls Eagles,106,76,0,2,2643,2648,60.3,39.7
2023-12-30,401607353,Utah Utes,Washington State Cougars,80,58,0,2,254,265,47.5,31.3
2023-12-30,401607354,Colorado Buffaloes,Washington Huskies,73,69,0,2,38,264,44.1,38.5
2023-12-30,401607355,California Golden Bears,Arizona Wildcats,81,100,0,2,25,12,41.2,59.3
2023-12-30,401607356,Stanford Cardinal,Arizona State Sun Devils,73,76,0,2,24,9,47.6,46.0
2023-12-30,401607357,Oregon Ducks,UCLA Bruins,64,59,0,2,2483,26,40.7,42.9
2023-12-30,401609946,Colorado State Rams,Adams State Grizzlies,106,61,0,2,36,2001,63.1,41.1
2023-12-30,401610339,North Texas Mean Green,LSU Shreveport Pilots,80,57,0,2,249,2353,40.0,34.4
2023-12-31,401573476,UC Riverside Highlanders,UC Santa Barbara Gauchos,79,77,0,2,27,2540,50.8,47.3
2023-12-31,401573478,Hawai'i Rainbow Warriors,Cal State Fullerton Titans,61,63,0,2,62,2239,41.5,47.3
2023-12-31,401573479,Cal State Bakersfield Roadrunners,UC Irvine Anteaters,56,75,0,2,2934,300,32.2,59.2
2023-12-31,401574615,Iowa State Cyclones,New Hampshire Wildcats,85,70,0,2,66,160,45.9,42.4
2023-12-31,401575442,Houston Cougars,Pennsylvania Quakers,81,42,0,2,248,219,48.5,31.1
2023-12-31,401575478,Ohio State Buckeyes,West Virginia Mountaineers,78,75,1,2,194,277,35.6,42.0
2023-12-31,401575516,Texas A&M Aggies,Prairie View A&M Panthers,79,54,0,2,245,2504,40.6,32.1
2023-12-31,401579121,Santa Clara Broncos,Yale Bulldogs,58,66,0,2,2541,43,36.8,37.3
2023-12-31,401580024,St. Thomas Tommies,Kansas City Roos,77,56,0,2,2900,140,50.0,33.9
2023-12-31,401580025,South Dakota State Jackrabbits,North Dakota Fighting Hawks,80,61,0,2,2571,155,54.0,31.0
2023-12-31,401580026,South Dakota Coyotes,Omaha Mavericks,51,67,0,2,233,2437,32.8,41.4
2023-12-31,401580027,Denver Pioneers,Oral Roberts Golden Eagles,86,89,0,2,2172,198,42.3,43.8
2023-12-31,401581704,Old Dominion Monarchs,South Alabama Jaguars,59,61,0,2,295,6,38.2,39.7
2023-12-31,401583606,Memphis Tigers,Austin Peay Governors,81,70,0,2,235,2046,41.0,36.0
2023-12-31,401583752,Oklahoma Sooners,Monmouth Hawks,72,56,0,2,201,2405,48.2,36.2
2023-12-31,401583800,Auburn Tigers,Chattanooga Mocs,101,66,0,2,2,236,56.1,36.1
2023-12-31,401584448,Grand Canyon Lopes,Louisiana Tech Bulldogs,73,70,0,2,2253,2348,44.4,56.0
2023-12-31,401587253,Lindenwood Lions,Southern Indiana Screaming Eagles,62,73,0,2,2815,88,36.0,45.1
2023-12-31,401587255,Southeast Missouri State Redhawks,Morehead State Eagles,64,83,0,2,2546,2413,39.6,49.1
2023-12-31,401587257,SIU Edwardsville Cougars,Western Illinois Leathernecks,70,78,0,2,2565,2710,47.2,54.7
2023-12-31,401587670,IU Indianapolis Jaguars,Cleveland State Vikings,77,86,0,2,85,325,48.4,53.3
2023-12-31,401587671,Purdue Fort Wayne Mastodons,Detroit Mercy Titans,91,56,0,2,2870,2174,48.6,36.4
2023-12-31,401587672,Youngstown State Penguins,Oakland Golden Grizzlies,81,88,0,2,2754,2473,44.4,55.8
2023-12-31,401587673,Milwaukee Panthers,Wright State Raiders,91,83,0,2,270,2750,54.8,55.6
2023-12-31,401587674,Green Bay Phoenix,Robert Morris Colonials,78,61,0,2,2739,2523,53.7,41.2
2023-12-31,401589469,Manhattan Jaspers,Wagner Seahawks,56,68,0,2,2363,2681,33.9,47.3
2023-12-31,401590841,Nevada Wolf Pack,Fresno Pacific Sunbirds,92,59,0,2,2440,2235,55.2,41.7
2023-12-31,401594547,Ole Miss Rebels,Bryant Bulldogs,95,78,0,2,145,2803,53.8,42.0
2023-12-31,401594652,New Mexico State Aggies,California Baptist Lancers,66,61,0,2,166,2856,40.7,30.8
2023-12-31,401597301,UNLV Rebels,Carroll (MT) Fighting Saints,87,51,0,2,2439,2104,47.9,30.5
2023-12-31,401597437,Jacksonville State Gamecocks,Trevecca Nazarene Trojans,107,67,0,2,55,2906,60.9,42.3
2023-12-31,401597902,High Point Panthers,Bellarmine Knights,90,85,0,2,2272,91,52.6,50.0
2023-12-31,401598980,UTEP Miners,Seattle U Redhawks,61,73,0,2,2638,2547,34.0,50.0
2023-12-31,401600143,Southern Utah Thunderbirds,Antelope Valley ANTELOPE VALLEY,95,78,0,2,253,109597,49.3,47.8
2023-12-31,401601144,Florida Gulf Coast Eagles,Florida Atlantic Owls,72,68,0,2,526,2226,48.3,41.4
2023-12-31,401601820,Southern Illinois Salukis,UIC Flames,62,50,0,2,79,82,40.4,34.5
2023-12-31,401603543,Oklahoma State Cowboys,South Carolina State Bulldogs,86,70,0,2,197,2569,53.6,35.2
2023-12-31,401603546,NJIT Highlanders,Morgan State Bears,69,53,0,2,2885,2415,38.6,30.3
2023-12-31,401604286,Southern Jaguars,Ecclesia Royals,115,42,0,2,2582,3120,52.9,21.7
2023-12-31,401604807,UT Rio Grande Valley Vaqueros,Incarnate Word Cardinals,77,74,0,2,292,2916,42.6,40.9
2023-12-31,401606614,Mississippi State Bulldogs,Bethune-Cookman Wildcats,85,62,0,2,344,2065,52.9,42.2
2023-12-31,401606992,San Diego Toreros,Westcliff Warriors,78,65,0,2,301,111910,41.7,37.1
2023-12-31,401607358,Oregon State Beavers,USC Trojans,86,70,0,2,204,30,59.6,50.9
2023-12-31,401607359,Colorado Buffaloes,Washington State Cougars,74,67,0,2,38,265,50.0,48.3
2023-12-31,401607360,Stanford Cardinal,Arizona Wildcats,100,82,0,2,24,12,58.1,43.8
2023-12-31,401607361,Utah Utes,Washington Huskies,95,90,0,2,254,264,52.9,39.7
2023-12-31,401611538,UMass Lowell River Hawks,Emerson Lions,116,48,0,2,2349,108842,65.8,32.8
2024-01-01,401578016,TCU Horned Frogs,East Texas A&M Lions,77,42,0,2,2628,2837,48.4,32.2
2024-01-01,401583733,Texas Longhorns,UT Arlington Mavericks,79,62,0,2,251,250,42.9,37.7
2024-01-01,401584379,Liberty Flames,Boyce Bulldogs,88,46,0,2,2335,109700,53.1,31.5
2024-01-01,401587120,Texas Tech Red Raiders,North Alabama Lions,85,57,0,2,2641,2453,54.5,37.9
2024-01-01,401600618,Drexel Dragons,Hampton Pirates,99,65,0,2,2182,2261,52.3,35.6
2024-01-01,401607362,California Golden Bears,Arizona State Sun Devils,69,71,0,2,25,9,38.3,38.5
2024-01-02,401594443,Air Force Falcons,Utah State Aggies,60,88,0,2,2005,328,43.8,63.3
2024-01-02,401599471,UConn Huskies,DePaul Blue Demons,85,56,0,2,41,305,58.2,35.7
2024-01-02,401604794,Maryland Eastern Shore Hawks,Clarks Summit Defenders,95,37,0,2,2379,109636,60.0,29.4
2024-01-02,401606612,Grambling Tigers,College of Biblical Studies Ambassadors,84,72,0,2,2755,128256,47.6,45.7
2024-01-02,401608786,Sam Houston Bearkats,Dallas Crusaders,93,53,0,2,2534,2163,47.9,25.0
2024-01-02,401621842,UNLV Rebels,Bethesda Flames,112,56,0,2,2439,3246,52.9,30.0
2024-01-03,401574422,Central Arkansas Bears,Champion Christian Tigers,120,54,0,2,2110,3134,49.0,29.2
2024-01-03,401575525,Tennessee Volunteers,Norfolk State Spartans,87,50,0,2,2633,2450,45.5,34.0
2024-01-03,401577666,Brown Bears,Vermont Catamounts,70,71,0,2,225,261,47.1,42.4
2024-01-03,401581746,Harvard Crimson,UAlbany Great Danes,76,71,0,2,108,399,46.6,48.3
2024-01-03,401583801,Auburn Tigers,Pennsylvania Quakers,88,68,0,2,2,219,49.2,41.0
2024-01-03,401587190,Howard Bison,Yale Bulldogs,78,86,0,2,47,43,47.4,44.6
2024-01-03,401588614,Ohio Bobcats,Toledo Rockets,77,86,0,2,195,2649,45.2,56.9
2024-01-03,401588615,Miami (OH) RedHawks,Western Michigan Broncos,74,83,0,2,193,2711,41.1,46.8
2024-01-03,401588616,Bowling Green Falcons,Eastern Michigan Eagles,92,90,0,2,189,2199,46.2,50.0
2024-01-03,401588617,Central Michigan Chippewas,Buffalo Bulls,64,76,0,2,2117,2084,36.9,50.0
2024-01-03,401588618,Kent State Golden Flashes,Ball State Cardinals,82,69,0,2,2309,2050,52.8,40.0
2024-01-03,401588619,Northern Illinois Huskies,Akron Zips,51,73,0,2,2459,2006,32.1,49.1
2024-01-03,401596819,La Salle Explorers,George Mason Patriots,62,77,0,2,2325,2244,37.7,52.7
2024-01-03,401598580,Baylor Bears,Cornell Big Red,98,79,0,2,239,172,55.4,49.2
2024-01-03,401598975,Kansas State Wildcats,Chicago State Cougars,62,55,0,2,2306,2130,43.1,36.7
2024-01-03,401599469,Georgetown Hoyas,Creighton Bluejays,60,77,0,2,46,156,38.3,55.9
2024-01-03,401599470,St. John's Red Storm,Butler Bulldogs,86,70,0,2,2599,2086,50.0,40.0
2024-01-03,401599472,Providence Friars,Seton Hall Pirates,57,61,0,2,2507,2550,37.0,36.2
2024-01-03,401600117,Alabama State Hornets,Johnson University Florida Suns,84,53,0,2,2011,3097,48.7,33.3
2024-01-03,401600306,Wisconsin Badgers,Iowa Hawkeyes,83,72,0,2,275,2294,51.9,43.5
2024-01-03,401600307,Illinois Fighting Illini,Northwestern Wildcats,96,66,0,2,356,77,62.5,41.0
2024-01-03,401600308,Maryland Terrapins,Purdue Boilermakers,53,67,0,2,120,2509,33.3,46.3
2024-01-03,401601215,Winthrop Eagles,Longwood Lancers,68,60,0,2,2737,2344,38.5,39.0
2024-01-03,401601216,UNC Asheville Bulldogs,South Carolina Upstate Spartans,95,67,0,2,2427,2908,59.3,39.7
2024-01-03,401601821,Southern Illinois Salukis,Belmont Bruins,73,63,0,2,79,2057,40.4,36.7
2024-01-03,401601822,Drake Bulldogs,Illinois State Redbirds,88,71,0,2,2181,2287,57.1,48.1
2024-01-03,401601823,Murray State Racers,UIC Flames,85,73,0,2,93,82,56.6,46.4
2024-01-03,401602055,Florida Atlantic Owls,East Carolina Pirates,79,64,0,2,2226,151,48.3,43.6
2024-01-03,401602056,UTSA Roadrunners,UAB Blazers,76,78,0,2,2636,5,39.7,40.6
2024-01-03,401602057,SMU Mustangs,Charlotte 49ers,66,54,0,2,2567,2429,43.5,34.0
2024-01-03,401602988,Wyoming Cowboys,San José State Spartans,75,73,0,2,2751,23,42.1,44.1
2024-01-03,401604099,Boston College Eagles,Wake Forest Demon Deacons,78,84,0,2,103,154,41.5,53.4
2024-01-03,401604100,Duke Blue Devils,Syracuse Orange,86,66,0,2,150,183,52.5,43.6
2024-01-03,401604101,Pittsburgh Panthers,North Carolina Tar Heels,57,70,0,2,221,153,30.9,36.5
2024-01-03,401604808,Incarnate Word Cardinals,Our Lady of the Lake Saints,83,74,0,2,2916,3158,50.8,47.5
2024-01-03,401606629,Colorado State Rams,New Mexico Lobos,76,68,0,2,36,167,49.1,46.7
2024-01-04,401574056,UT Rio Grande Valley Vaqueros,Stephen F. Austin Lumberjacks,78,85,0,2,292,2617,44.1,44.6
2024-01-04,401574191,Bellarmine Knights,Austin Peay Governors,68,84,0,2,91,2046,44.8,41.5
2024-01-04,401580028,Montana State Bobcats,Oral Roberts Golden Eagles,76,82,0,2,147,198,45.6,52.0
2024-01-04,401580029,Weber State Wildcats,South Dakota State Jackrabbits,75,73,0,2,2692,2571,46.7,50.9
2024-01-04,401580030,Idaho Vandals,St. Thomas Tommies,67,75,0,2,70,2900,41.4,40.7
2024-01-04,401580031,South Dakota Coyotes,Eastern Washington Eagles,79,93,0,2,233,331,49.1,51.6
2024-01-04,401580032,Sacramento State Hornets,Kansas City Roos,67,64,0,2,16,140,57.4,35.6
2024-01-04,401581688,UL Monroe Warhawks,Marshall Thundering Herd,57,68,0,2,2433,276,32.2,41.4
2024-01-04,401581822,Omaha Mavericks,Northern Arizona Lumberjacks,81,55,0,2,2437,2464,54.3,36.0
2024-01-04,401587156,Middle Tennessee Blue Raiders,Reinhardt Eagles,84,47,0,2,2393,2890,50.0,30.2
2024-01-04,401587889,Samford Bulldogs,Chattanooga Mocs,89,74,0,2,2535,236,50.0,44.6
2024-01-04,401587890,East Tennessee State Buccaneers,Mercer Bears,80,69,0,2,2193,2382,40.4,34.8
2024-01-04,401587891,Wofford Terriers,VMI Keydets,87,85,0,2,2747,2678,44.4,46.3
2024-01-04,401587892,UNC Greensboro Spartans,Furman Paladins,79,68,0,2,2430,231,48.4,32.3
2024-01-04,401587893,The Citadel Bulldogs,Western Carolina Catamounts,71,80,0,2,2643,2717,40.0,46.8
2024-01-04,401589386,Sacred Heart Pioneers,Saint Francis Red Wolves,79,67,0,2,2529,2598,52.6,49.0
2024-01-04,401590925,North Carolina Central Eagles,Truett McConnell Bears,112,70,0,2,2428,3245,64.6,40.4
2024-01-04,401594019,North Dakota Fighting Hawks,Northern Colorado Bears,87,97,0,2,155,2458,48.4,62.7
2024-01-04,401594485,Bucknell Bison,Holy Cross Crusaders,70,58,0,2,2083,107,38.3,41.5
2024-01-04,401594508,Colgate Raiders,Loyola Maryland Greyhounds,78,55,0,2,2142,2352,50.0,42.6
2024-01-04,401594599,Denver Pioneers,Idaho State Bengals,95,82,0,2,2172,304,60.0,45.5
2024-01-04,401596815,VCU Rams,St. Bonaventure Bonnies,78,89,0,2,2670,179,50.0,48.3
2024-01-04,401596816,Saint Louis Billikens,Loyola Chicago Ramblers,73,80,0,2,139,2350,42.4,50.9
2024-01-04,401596817,Rhode Island Rams,Saint Joseph's Hawks,78,74,0,2,227,2603,41.0,39.7
2024-01-04,401596818,Massachusetts Minutemen,Duquesne Dukes,80,61,0,2,113,2184,52.9,36.2
2024-01-04,401596820,George Washington Revolutionaries,Fordham Rams,113,119,0,2,45,2230,50.6,43.8
2024-01-04,401596821,Davidson Wildcats,Dayton Flyers,59,72,0,2,2166,2168,38.9,50.0
2024-01-04,401597384,American University Eagles,Lehigh Mountain Hawks,75,66,0,2,44,2329,55.1,42.6
2024-01-04,401597935,San Diego State Aztecs,Fresno State Bulldogs,74,47,0,2,21,278,52.6,34.5
2024-01-04,401597966,Navy Midshipmen,Boston University Terriers,62,60,0,2,2426,104,39.6,33.9
2024-01-04,401598001,North Dakota State Bison,Montana Grizzlies,86,96,0,2,2449,149,55.6,57.4
2024-01-04,401599473,Villanova Wildcats,Xavier Musketeers,66,65,0,2,222,2752,38.2,36.8
2024-01-04,401600078,Louisiana Tech Bulldogs,Dallas Christian Crusaders,96,55,0,2,2348,2937,60.3,35.6
2024-01-04,401600246,Oklahoma State Cowboys,Chicago State Cougars,72,53,0,2,197,2130,48.1,29.0
2024-01-04,401600309,Nebraska Cornhuskers,Indiana Hoosiers,86,70,0,2,158,84,45.8,47.1
2024-01-04,401600310,Ohio State Buckeyes,Rutgers Scarlet Knights,76,72,0,2,194,164,46.7,40.3
2024-01-04,401601213,Charleston Southern Buccaneers,Presbyterian Blue Hose,61,68,0,2,2127,2506,45.2,43.9
2024-01-04,401601214,Radford Highlanders,High Point Panthers,71,85,0,2,2515,2272,49.1,43.3
2024-01-04,401601824,Valparaiso Beacons,Bradley Braves,61,86,0,2,2674,71,40.8,48.4
2024-01-04,401601825,Indiana State Sycamores,Evansville Purple Aces,87,73,0,2,282,339,48.3,45.7
2024-01-04,401601826,Missouri State Bears,Northern Iowa Panthers,62,64,0,2,2623,2460,43.4,44.3
2024-01-04,401602058,Tulane Green Wave,Rice Owls,84,59,0,2,2655,242,56.7,31.7
2024-01-04,401604102,Florida State Seminoles,Georgia Tech Yellow Jackets,82,71,0,2,52,59,51.7,42.4
2024-01-04,401604103,Miami Hurricanes,Clemson Tigers,95,82,0,2,2390,228,53.0,45.6
2024-01-04,401604104,Notre Dame Fighting Irish,NC State Wolfpack,52,54,0,2,87,152,40.4,28.8
2024-01-04,401604105,Virginia Cavaliers,Louisville Cardinals,77,53,0,2,258,97,51.7,40.4
2024-01-04,401604269,Lafayette Leopards,Army Black Knights,52,47,0,2,322,349,40.4,35.6
2024-01-04,401607363,UCLA Bruins,Stanford Cardinal,53,59,0,2,26,24,32.8,36.0
2024-01-04,401607364,USC Trojans,California Golden Bears,82,74,0,2,30,25,53.2,45.9
2024-01-05,401573481,UC Irvine Anteaters,Cal State Fullerton Titans,75,67,0,2,300,2239,51.0,36.4
2024-01-05,401573482,UC Santa Barbara Gauchos,UC San Diego Tritons,72,79,0,2,2540,28,55.3,48.3
2024-01-05,401573483,UC Riverside Highlanders,UC Davis Aggies,63,83,0,2,27,302,27.3,60.0
2024-01-05,401573484,Cal State Bakersfield Roadrunners,Hawai'i Rainbow Warriors,67,78,0,2,2934,62,42.1,54.5
2024-01-05,401573485,Cal Poly Mustangs,Long Beach State Beach,82,89,0,2,13,299,40.6,50.0
2024-01-05,401573581,New Mexico State Aggies,UTEP Miners,63,53,0,2,166,2638,44.0,40.5
2024-01-05,401574052,Seattle U Redhawks,Utah Tech Trailblazers,70,53,0,2,2547,3101,39.1,37.0
2024-01-05,401574053,Utah Valley Wolverines,California Baptist Lancers,65,58,0,2,3084,2856,42.0,34.5
2024-01-05,401574054,Southern Utah Thunderbirds,Grand Canyon Lopes,75,96,0,2,253,2253,41.9,57.6
2024-01-05,401574055,Tarleton State Texans,UT Arlington Mavericks,78,76,0,2,2627,250,47.4,47.1
2024-01-05,401574438,Eastern Kentucky Colonels,Lipscomb Bisons,80,72,0,2,2198,288,51.7,38.7
2024-01-05,401574523,Stetson Hatters,North Florida Ospreys,75,74,0,2,56,2454,43.6,44.3
2024-01-05,401581494,South Alabama Jaguars,App State Mountaineers,84,91,0,2,6,2026,44.6,56.3
2024-01-05,401581612,Arkansas State Red Wolves,Georgia Southern Eagles,109,83,0,2,2032,290,56.9,45.2
2024-01-05,401581629,Texas State Bobcats,Coastal Carolina Chanticleers,63,71,0,2,326,324,33.8,45.6
2024-01-05,401581656,Southern Miss Golden Eagles,Georgia State Panthers,79,73,0,2,2572,2247,45.6,43.1
2024-01-05,401581668,Louisiana Ragin' Cajuns,James Madison Dukes,61,68,0,2,309,256,41.1,41.4
2024-01-05,401581705,Troy Trojans,Old Dominion Monarchs,86,73,0,2,2653,295,43.9,41.0
2024-01-05,401587258,UT Martin Skyhawks,Eastern Illinois Panthers,72,79,0,2,2630,2197,46.3,46.2
2024-01-05,401587259,Little Rock Trojans,SIU Edwardsville Cougars,88,80,0,2,2031,2565,57.6,44.8
2024-01-05,401587260,Morehead State Eagles,Tennessee Tech Golden Eagles,82,57,0,2,2413,2635,46.8,45.1
2024-01-05,401587261,Western Illinois Leathernecks,Southeast Missouri State Redhawks,68,61,0,2,2710,2546,37.7,41.9
2024-01-05,401587262,Southern Indiana Screaming Eagles,Tennessee State Tigers,69,67,0,2,88,2634,38.5,38.6
2024-01-05,401587675,Wright State Raiders,Cleveland State Vikings,82,70,0,2,2750,325,60.0,38.9
2024-01-05,401587676,Detroit Mercy Titans,Green Bay Phoenix,51,69,0,2,2174,2739,32.7,49.1
2024-01-05,401587677,Oakland Golden Grizzlies,Milwaukee Panthers,100,95,0,2,2473,270,47.7,48.4
2024-01-05,401587678,Robert Morris Colonials,IU Indianapolis Jaguars,92,48,0,2,2523,85,61.3,32.0
2024-01-05,401587679,Northern Kentucky Norse,Youngstown State Penguins,79,76,0,2,94,2754,45.2,48.1
2024-01-05,401589449,Stonehill Skyhawks,Central Connecticut Blue Devils,59,74,0,2,284,2115,40.7,42.9
2024-01-05,401589470,Long Island University Sharks,Wagner Seahawks,69,67,0,2,112358,2681,45.0,41.7
2024-01-05,401589512,Merrimack Warriors,Fairleigh Dickinson Knights,60,56,0,2,2771,161,46.0,32.8
2024-01-05,401589663,San Diego Toreros,Saint Mary's Gaels,70,81,0,2,301,2608,47.2,52.9
2024-01-05,401589664,Gonzaga Bulldogs,Pepperdine Waves,86,60,0,2,2250,2492,56.1,32.8
2024-01-05,401589665,Pacific Tigers,San Francisco Dons,88,92,0,2,279,2539,48.2,50.8
2024-01-05,401589666,Loyola Marymount Lions,Santa Clara Broncos,57,68,0,2,2351,2541,29.8,43.1
2024-01-05,401591560,Columbia Lions,Mount Saint Vincent MOUNT SAINT VINCENT,120,52,0,2,171,329,59.2,29.0
2024-01-05,401593874,Florida Gulf Coast Eagles,Jacksonville Dolphins,80,70,0,2,526,294,45.7,39.7
2024-01-05,401599474,Butler Bulldogs,UConn Huskies,81,88,0,2,2086,41,47.2,54.5
2024-01-05,401600311,Michigan Wolverines,Minnesota Golden Gophers,71,73,0,2,130,135,41.4,47.5
2024-01-05,401600312,Michigan State Spartans,Penn State Nittany Lions,92,61,0,2,127,213,56.3,32.3
2024-01-05,401600619,North Carolina A&T Aggies,Campbell Fighting Camels,76,62,0,2,2448,2097,47.5,34.0
2024-01-05,401600620,Hofstra Pride,Charleston Cougars,61,73,0,2,2275,232,37.1,45.8
2024-01-05,401600621,William & Mary Tribe,Elon Phoenix,77,70,0,2,2729,2210,52.9,43.8
2024-01-05,401600622,Delaware Blue Hens,Hampton Pirates,80,53,0,2,48,2261,49.2,30.5
2024-01-05,401600623,Drexel Dragons,UNC Wilmington Seahawks,78,63,0,2,2182,350,51.0,31.0
2024-01-05,401600624,Northeastern Huskies,Stony Brook Seawolves,53,62,0,2,111,2619,33.3,37.5
2024-01-05,401600625,Monmouth Hawks,Towson Tigers,51,43,0,2,2405,119,32.8,26.7
2024-01-05,401602059,South Florida Bulls,Temple Owls,76,68,0,2,58,218,48.3,41.0
2024-01-05,401602060,Tulsa Golden Hurricane,Memphis Tigers,75,78,0,2,202,235,42.2,50.0
2024-01-05,401602061,Wichita State Shockers,North Texas Mean Green,62,74,0,2,2724,249,37.0,46.4
2024-01-05,401607365,Washington Huskies,Oregon Ducks,74,76,0,2,264,2483,50.0,48.4
2024-01-05,401607366,Arizona Wildcats,Colorado Buffaloes,97,50,0,2,12,38,56.3,36.4
2024-01-05,401607367,Arizona State Sun Devils,Utah Utes,82,70,0,2,9,254,50.0,41.2
2024-01-05,401607368,Washington State Cougars,Oregon State Beavers,65,58,0,2,265,204,47.5,36.1
2024-01-06,401573486,UC Irvine Anteaters,UC Davis Aggies,74,71,0,2,300,302,42.0,37.7
2024-01-06,401573582,Sam Houston Bearkats,Louisiana Tech Bulldogs,81,77,0,2,2534,2348,43.8,43.9
2024-01-06,401573583,Western Kentucky Hilltoppers,Liberty Flames,70,68,0,2,98,2335,46.3,34.3
2024-01-06,401573584,Jacksonville State Gamecocks,Florida International Panthers,70,63,0,2,55,2229,46.2,40.0
2024-01-06,401574057,Seattle U Redhawks,California Baptist Lancers,48,46,0,2,2547,2856,37.0,32.7
2024-01-06,401574059,Utah Valley Wolverines,Southern Utah Thunderbirds,80,62,0,2,3084,253,45.9,36.5
2024-01-06,401574060,Abilene Christian Wildcats,UT Rio Grande Valley Vaqueros,91,89,0,2,2000,292,53.4,51.6
2024-01-06,401574061,Stephen F. Austin Lumberjacks,UT Arlington Mavericks,92,73,0,2,2617,250,50.0,43.4
2024-01-06,401574510,Kennesaw State Owls,Queens University Royals,80,77,0,2,338,2511,43.5,43.5
2024-01-06,401574627,Bethune-Cookman Wildcats,Florida A&M Rattlers,98,86,0,2,2065,50,58.5,52.5
2024-01-06,401575336,Bellarmine Knights,Lipscomb Bisons,70,81,0,2,91,288,46.6,47.5
2024-01-06,401578964,Houston Christian Huskies,Nicholls Colonels,94,98,0,2,2277,2447,50.0,45.7
2024-01-06,401579013,East Texas A&M Lions,McNeese Cowboys,67,73,0,2,2837,2377,40.7,38.6
2024-01-06,401579041,LSU New Orleans Privateers,SE Louisiana Lions,68,73,0,2,2443,2545,48.1,54.0
2024-01-06,401580035,South Dakota State Jackrabbits,Montana State Bobcats,89,61,0,2,2571,147,69.2,37.5
2024-01-06,401581180,NJIT Highlanders,UAlbany Great Danes,73,79,0,2,2885,399,44.4,41.3
2024-01-06,401581181,UMBC Retrievers,Bryant Bulldogs,67,81,0,2,2378,2803,37.7,44.8
2024-01-06,401581182,Vermont Catamounts,Maine Black Bears,65,58,0,2,261,311,43.9,42.1
2024-01-06,401581183,New Hampshire Wildcats,UMass Lowell River Hawks,75,82,0,2,160,2349,42.9,42.9
2024-01-06,401581495,Troy Trojans,App State Mountaineers,66,62,0,2,2653,2026,39.1,41.1
2024-01-06,401581613,Arkansas State Red Wolves,Old Dominion Monarchs,90,75,0,2,2032,295,47.0,42.3
2024-01-06,401581644,UL Monroe Warhawks,Georgia Southern Eagles,68,76,0,2,2433,290,36.8,50.0
2024-01-06,401581657,South Alabama Jaguars,Georgia State Panthers,76,90,0,2,6,2247,42.4,55.0
2024-01-06,401581669,Southern Miss Golden Eagles,James Madison Dukes,81,71,0,2,2572,256,49.1,39.4
2024-01-06,401581698,Texas State Bobcats,Marshall Thundering Herd,75,79,0,2,326,276,46.7,49.1
2024-01-06,401581747,Princeton Tigers,Harvard Crimson,89,58,0,2,163,108,49.2,43.4
2024-01-06,401583820,Jackson State Tigers,Alcorn State Braves,88,80,0,2,2296,2016,50.0,41.7
2024-01-06,401584369,Northern Arizona Lumberjacks,North Dakota Fighting Hawks,74,73,0,2,2464,155,42.9,40.6
2024-01-06,401587263,Little Rock Trojans,Eastern Illinois Panthers,88,90,0,2,2031,2197,55.4,51.6
2024-01-06,401587264,Western Illinois Leathernecks,Lindenwood Lions,68,57,0,2,2710,2815,41.9,45.3
2024-01-06,401587265,Morehead State Eagles,Tennessee State Tigers,78,68,0,2,2413,2634,50.9,43.9
2024-01-06,401587680,Oakland Golden Grizzlies,Green Bay Phoenix,79,73,0,2,2473,2739,47.3,43.1
2024-01-06,401587681,Detroit Mercy Titans,Milwaukee Panthers,61,84,0,2,2174,270,32.4,42.6
2024-01-06,401587682,Purdue Fort Wayne Mastodons,Wright State Raiders,98,106,0,2,2870,2750,54.0,66.1
2024-01-06,401587894,Western Carolina Catamounts,Wofford Terriers,70,66,0,2,2717,2747,42.9,39.1
2024-01-06,401587896,The Citadel Bulldogs,Samford Bulldogs,64,80,0,2,2643,2535,47.1,51.6
2024-01-06,401587897,UNC Greensboro Spartans,East Tennessee State Buccaneers,70,54,0,2,2430,2193,46.7,33.9
2024-01-06,401587898,VMI Keydets,Mercer Bears,64,86,0,2,2678,2382,41.5,45.9
2024-01-06,401588620,Ohio Bobcats,Northern Illinois Huskies,78,66,0,2,195,2459,50.9,39.3
2024-01-06,401588621,Ball State Cardinals,Central Michigan Chippewas,65,71,0,2,2050,2117,41.5,43.6
2024-01-06,401588622,Akron Zips,Bowling Green Falcons,83,67,0,2,2006,189,50.0,43.6
2024-01-06,401588623,Eastern Michigan Eagles,Kent State Golden Flashes,71,69,0,2,2199,2309,47.5,46.4
2024-01-06,401588624,Toledo Rockets,Miami (OH) RedHawks,68,64,0,2,2649,193,47.3,43.3
2024-01-06,401588625,Buffalo Bulls,Western Michigan Broncos,77,82,0,2,2084,2711,42.0,48.5
2024-01-06,401589366,Pennsylvania Quakers,Dartmouth Big Green,80,51,0,2,219,159,50.9,32.0
2024-01-06,401589387,Wagner Seahawks,Saint Francis Red Wolves,71,56,0,2,2681,2598,42.1,37.5
2024-01-06,401589450,Stonehill Skyhawks,Long Island University Sharks,68,73,0,2,284,112358,41.7,40.0
2024-01-06,401589482,Merrimack Warriors,Sacred Heart Pioneers,82,58,0,2,2771,2529,52.1,35.8
2024-01-06,401589503,Fairleigh Dickinson Knights,Le Moyne Dolphins,63,74,0,2,161,2330,34.4,43.6
2024-01-06,401589739,Delaware State Hornets,Coppin State Eagles,55,53,0,2,2169,2154,38.8,45.8
2024-01-06,401593978,Eastern Washington Eagles,North Dakota State Bison,91,83,0,2,331,2449,60.8,51.7
2024-01-06,401594257,Mount St. Mary's Mountaineers,Canisius Golden Griffins,74,69,0,2,116,2099,50.8,38.2
2024-01-06,401594291,Siena Saints,Fairfield Stags,69,93,0,2,2561,2217,45.6,58.2
2024-01-06,401594310,Saint Peter's Peacocks,Iona Gaels,69,57,0,2,2612,314,40.4,33.3
2024-01-06,401594364,Manhattan Jaspers,Niagara Purple Eagles,67,81,0,2,2363,315,44.6,55.8
2024-01-06,401594372,Quinnipiac Bobcats,Rider Broncs,88,84,0,2,2514,2520,43.5,47.8
2024-01-06,401594405,South Carolina State Bulldogs,Norfolk State Spartans,72,79,0,2,2569,2450,39.3,45.3
2024-01-06,401594486,Bucknell Bison,American University Eagles,63,71,0,2,2083,44,42.9,46.6
2024-01-06,401594509,Loyola Maryland Greyhounds,Lehigh Mountain Hawks,76,88,0,2,2352,2329,50.9,59.6
2024-01-06,401596822,Fordham Rams,La Salle Explorers,76,81,0,2,2230,2325,42.2,43.9
2024-01-06,401596823,George Mason Patriots,Saint Louis Billikens,79,67,0,2,2244,139,44.0,48.1
2024-01-06,401596824,VCU Rams,George Washington Revolutionaries,82,84,0,2,2670,45,41.5,55.1
2024-01-06,401596825,Richmond Spiders,St. Bonaventure Bonnies,65,54,0,2,257,179,43.6,38.8
2024-01-06,401596826,Loyola Chicago Ramblers,Duquesne Dukes,72,67,0,2,2350,2184,50.0,39.4
2024-01-06,401597109,Florida Gators,Kentucky Wildcats,85,87,0,2,57,96,42.6,45.6
2024-01-06,401597110,Tennessee Volunteers,Ole Miss Rebels,90,64,0,2,2633,145,47.2,42.6
2024-01-06,401597112,Vanderbilt Commodores,Alabama Crimson Tide,75,78,0,2,238,333,40.0,49.1
2024-01-06,401597113,Arkansas Razorbacks,Auburn Tigers,51,83,0,2,8,2,31.0,48.6
2024-01-06,401597114,Missouri Tigers,Georgia Bulldogs,68,75,0,2,142,61,44.4,47.1
2024-01-06,401597115,South Carolina Gamecocks,Mississippi State Bulldogs,68,62,0,2,2579,344,40.4,48.1
2024-01-06,401597302,San Diego State Aztecs,UNLV Rebels,72,61,0,2,21,2439,45.8,39.7
2024-01-06,401597967,Boston University Terriers,Lafayette Leopards,51,59,0,2,104,322,30.2,37.0
2024-01-06,401598022,Grambling Tigers,Prairie View A&M Panthers,69,63,0,2,2755,2504,54.2,44.4
2024-01-06,401598632,Navy Midshipmen,Colgate Raiders,72,80,0,2,2426,2142,46.8,52.9
2024-01-06,401599475,Creighton Bluejays,Providence Friars,69,60,0,2,156,2507,48.1,36.9
2024-01-06,401599476,Georgetown Hoyas,DePaul Blue Demons,68,65,0,2,46,305,45.1,46.3
2024-01-06,401599477,Seton Hall Pirates,Marquette Golden Eagles,78,75,0,2,2550,269,52.7,43.1
2024-01-06,401599478,Villanova Wildcats,St. John's Red Storm,71,81,0,2,222,2599,38.8,47.5
2024-01-06,401599991,Stetson Hatters,Jacksonville Dolphins,71,55,0,2,56,294,45.3,38.0
2024-01-06,401600087,Army Black Knights,Holy Cross Crusaders,70,57,0,2,349,107,44.4,40.0
2024-01-06,401600101,Arkansas-Pine Bluff Golden Lions,Alabama A&M Bulldogs,62,63,0,2,2029,2010,37.3,50.0
2024-01-06,401600313,Purdue Boilermakers,Illinois Fighting Illini,83,78,0,2,2509,356,45.0,42.6
2024-01-06,401600314,Wisconsin Badgers,Nebraska Cornhuskers,88,72,0,2,275,158,55.0,49.1
2024-01-06,401600316,Iowa Hawkeyes,Rutgers Scarlet Knights,86,77,0,2,2294,164,46.0,39.4
2024-01-06,401600626,Hampton Pirates,Campbell Fighting Camels,69,80,0,2,2261,2097,42.4,49.1
2024-01-06,401600627,Stony Brook Seawolves,Charleston Cougars,87,93,0,2,2619,232,55.6,55.9
2024-01-06,401600628,Hofstra Pride,Delaware Blue Hens,76,71,0,2,2275,48,45.3,41.3
2024-01-06,401600649,William & Mary Tribe,Drexel Dragons,55,77,0,2,2729,2182,37.5,50.0
2024-01-06,401600651,Towson Tigers,UNC Wilmington Seahawks,67,64,0,2,119,350,47.1,49.0
2024-01-06,401600980,Incarnate Word Cardinals,Texas A&M-Corpus Christi Islanders,65,75,0,2,2916,357,43.2,43.1
2024-01-06,401601217,Longwood Lancers,Charleston Southern Buccaneers,77,56,0,2,2344,2127,51.9,30.6
2024-01-06,401601218,High Point Panthers,Gardner-Webb Runnin' Bulldogs,85,76,0,2,2272,2241,50.0,48.3
2024-01-06,401601219,Presbyterian Blue Hose,UNC Asheville Bulldogs,80,84,0,2,2506,2427,50.9,52.7
2024-01-06,401601220,South Carolina Upstate Spartans,Winthrop Eagles,80,82,0,2,2908,2737,46.3,51.0
2024-01-06,401601827,Bradley Braves,Missouri State Bears,86,60,0,2,71,2623,54.7,41.5
2024-01-06,401601828,Evansville Purple Aces,Murray State Racers,59,81,0,2,339,93,41.2,47.5
2024-01-06,401602062,Charlotte 49ers,Florida Atlantic Owls,70,68,0,2,2429,2226,44.8,43.4
2024-01-06,401602063,North Texas Mean Green,Tulane Green Wave,70,56,0,2,249,2655,39.6,37.3
2024-01-06,401602064,Rice Owls,UTSA Roadrunners,82,89,0,2,242,2636,44.1,47.6
2024-01-06,401602971,San José State Spartans,Boise State Broncos,69,78,0,2,23,68,42.4,49.1
2024-01-06,401603000,Southern Jaguars,Texas Southern Tigers,58,51,0,2,2582,2640,34.0,25.7
2024-01-06,401603399,Houston Cougars,West Virginia Mountaineers,89,55,0,2,248,277,53.1,32.1
2024-01-06,401603400,Kansas Jayhawks,TCU Horned Frogs,83,81,0,2,2305,2628,53.3,46.2
2024-01-06,401603401,Kansas State Wildcats,UCF Knights,77,52,0,2,2306,2116,43.1,33.8
2024-01-06,401603402,Oklahoma Sooners,Iowa State Cyclones,71,63,0,2,201,66,47.1,42.6
2024-01-06,401603403,Oklahoma State Cowboys,Baylor Bears,70,75,0,2,197,239,47.2,42.5
2024-01-06,401604106,Clemson Tigers,North Carolina Tar Heels,55,65,0,2,228,153,36.2,41.7
2024-01-06,401604107,Florida State Seminoles,Virginia Tech Hokies,77,74,0,2,52,259,45.9,49.0
2024-01-06,401604108,Georgia Tech Yellow Jackets,Boston College Eagles,87,95,0,2,59,103,54.2,55.6
2024-01-06,401604109,Louisville Cardinals,Pittsburgh Panthers,70,83,0,2,97,221,51.1,45.6
2024-01-06,401604110,Notre Dame Fighting Irish,Duke Blue Devils,59,67,0,2,87,150,39.0,35.6
2024-01-06,401604111,NC State Wolfpack,Virginia Cavaliers,76,60,0,2,152,258,49.1,43.4
2024-01-06,401604112,Wake Forest Demon Deacons,Miami Hurricanes,86,82,0,2,154,2390,40.3,42.3
2024-01-06,401604792,Southeast Missouri State Redhawks,Bethel (TN) Wildcats,71,61,0,2,2546,2064,50.9,41.9
2024-01-06,401604795,Maryland Eastern Shore Hawks,Morgan State Bears,75,74,0,2,2379,2415,45.8,48.2
2024-01-06,401607369,USC Trojans,Stanford Cardinal,93,79,0,2,30,24,47.8,52.7
2024-01-06,401607463,Washington Huskies,Oregon State Beavers,79,72,0,2,264,204,47.9,44.8
2024-01-06,401607610,North Carolina Central Eagles,Howard Bison,73,54,0,2,2428,47,43.9,33.9
2024-01-07,401573487,Cal State Fullerton Titans,UC San Diego Tritons,58,76,0,2,2239,28,42.6,60.4
2024-01-07,401573488,Long Beach State Beach,UC Riverside Highlanders,83,75,0,2,299,27,50.0,38.4
2024-01-07,401573489,Cal Poly Mustangs,UC Santa Barbara Gauchos,52,61,0,2,13,2540,30.4,50.0
2024-01-07,401573490,Cal State Northridge Matadors,Hawai'i Rainbow Warriors,76,66,0,2,2463,62,46.2,32.8
2024-01-07,401574058,Utah Tech Trailblazers,Grand Canyon Lopes,65,75,0,2,3101,2253,45.1,49.1
2024-01-07,401574192,Eastern Kentucky Colonels,Austin Peay Governors,69,59,0,2,2198,2046,46.2,38.6
2024-01-07,401574423,North Alabama Lions,Central Arkansas Bears,81,84,0,2,2453,2110,40.3,49.1
2024-01-07,401574524,Florida Gulf Coast Eagles,North Florida Ospreys,58,78,0,2,526,2454,37.5,49.1
2024-01-07,401579067,Lamar Cardinals,Northwestern State Demons,90,70,0,2,2320,2466,50.8,45.8
2024-01-07,401580034,Montana Grizzlies,South Dakota Coyotes,82,63,0,2,149,233,52.5,37.5
2024-01-07,401580036,St. Thomas Tommies,Sacramento State Hornets,63,50,0,2,2900,16,42.6,42.9
2024-01-07,401580037,Oral Roberts Golden Eagles,Weber State Wildcats,78,83,0,2,198,2692,48.4,55.8
2024-01-07,401580038,Northern Colorado Bears,Denver Pioneers,86,82,0,2,2458,2172,52.2,45.2
2024-01-07,401580039,Kansas City Roos,Portland State Vikings,83,67,0,2,140,2502,47.7,35.6
2024-01-07,401581630,Louisiana Ragin' Cajuns,Coastal Carolina Chanticleers,85,77,0,2,309,324,45.3,48.3
2024-01-07,401581823,Idaho State Bengals,Omaha Mavericks,63,62,0,2,304,2437,45.3,47.8
2024-01-07,401587266,Southern Indiana Screaming Eagles,Tennessee Tech Golden Eagles,59,73,0,2,88,2635,41.5,42.2
2024-01-07,401587683,Youngstown State Penguins,IU Indianapolis Jaguars,75,65,0,2,2754,85,38.4,46.3
2024-01-07,401587684,Cleveland State Vikings,Northern Kentucky Norse,88,85,0,2,325,94,39.2,46.6
2024-01-07,401587895,Chattanooga Mocs,Furman Paladins,73,58,0,2,236,231,48.3,27.5
2024-01-07,401589667,Gonzaga Bulldogs,San Diego Toreros,101,74,0,2,2250,301,56.5,43.9
2024-01-07,401589668,Portland Pilots,Pacific Tigers,78,64,0,2,2501,279,46.2,40.4
2024-01-07,401589669,Loyola Marymount Lions,Saint Mary's Gaels,64,68,0,2,2351,2608,48.9,38.7
2024-01-07,401589670,Pepperdine Waves,Santa Clara Broncos,72,78,0,2,2492,2541,45.6,49.0
2024-01-07,401594258,Rider Broncs,Canisius Golden Griffins,79,76,0,2,2520,2099,43.1,42.4
2024-01-07,401594292,Fairfield Stags,Marist Red Foxes,82,61,0,2,2217,2368,46.7,41.1
2024-01-07,401594311,Iona Gaels,Niagara Purple Eagles,73,75,0,2,314,315,50.0,49.0
2024-01-07,401594351,Saint Peter's Peacocks,Mount St. Mary's Mountaineers,70,64,0,2,2612,116,40.0,46.8
2024-01-07,401594373,Quinnipiac Bobcats,Manhattan Jaspers,76,59,0,2,2514,2363,42.9,34.4
2024-01-07,401596827,Dayton Flyers,Massachusetts Minutemen,64,60,0,2,2168,113,38.3,36.4
2024-01-07,401597111,Texas A&M Aggies,LSU Tigers,53,68,0,2,245,99,25.4,40.3
2024-01-07,401600127,Mississippi Valley State Delta Devils,Alabama State Hornets,51,54,0,2,2400,2011,42.5,34.0
2024-01-07,401600247,UTEP Miners,Chicago State Cougars,74,69,0,2,2638,2130,52.0,55.6
2024-01-07,401600315,Indiana Hoosiers,Ohio State Buckeyes,71,65,0,2,84,194,45.8,36.2
2024-01-07,401600317,Minnesota Golden Gophers,Maryland Terrapins,65,62,0,2,135,120,40.7,38.0
2024-01-07,401600319,Penn State Nittany Lions,Michigan Wolverines,79,73,1,2,213,130,41.9,50.0
2024-01-07,401600650,Elon Phoenix,North Carolina A&T Aggies,77,59,0,2,2210,2448,40.9,36.2
2024-01-07,401600793,Utah State Aggies,Colorado State Rams,77,72,0,2,328,36,44.1,44.8
2024-01-07,401600807,Fresno State Bulldogs,Nevada Wolf Pack,57,72,0,2,278,2440,42.9,42.9
2024-01-07,401601829,UIC Flames,Valparaiso Beacons,70,64,0,2,82,2674,43.5,35.5
2024-01-07,401601830,Illinois State Redbirds,Southern Illinois Salukis,64,71,0,2,2287,79,44.1,53.2
2024-01-07,401601831,Belmont Bruins,Drake Bulldogs,87,65,0,2,2057,2181,57.1,50.0
2024-01-07,401601832,Northern Iowa Panthers,Indiana State Sycamores,66,77,0,2,2460,282,38.6,48.1
2024-01-07,401602065,East Carolina Pirates,Tulsa Golden Hurricane,62,57,0,2,151,202,39.7,42.0
2024-01-07,401602066,Memphis Tigers,SMU Mustangs,62,59,0,2,235,2567,44.2,33.8
2024-01-07,401602067,Temple Owls,Wichita State Shockers,68,61,0,2,218,2724,37.9,38.5
2024-01-07,401602068,UAB Blazers,South Florida Bulls,75,71,0,2,5,58,40.0,44.8
2024-01-07,401602992,New Mexico Lobos,Wyoming Cowboys,77,60,0,2,167,2751,43.5,41.2
2024-01-07,401603398,BYU Cougars,Cincinnati Bearcats,60,71,0,2,252,2132,32.8,42.6
2024-01-07,401603404,Texas Longhorns,Texas Tech Red Raiders,67,78,0,2,251,2641,41.3,52.8
2024-01-07,401607370,Arizona Wildcats,Utah Utes,92,73,0,2,12,254,60.3,41.2
2024-01-07,401607371,Arizona State Sun Devils,Colorado Buffaloes,76,73,0,2,9,38,43.9,47.9
2024-01-07,401607372,UCLA Bruins,California Golden Bears,57,66,0,2,26,25,42.9,39.7
2024-01-07,401607447,Washington State Cougars,Oregon Ducks,84,89,0,2,265,2483,53.8,58.2
2024-01-08,401579042,LSU New Orleans Privateers,East Texas A&M Lions,88,85,0,2,2443,2837,50.9,43.9
2024-01-08,401600318,Northwestern Wildcats,Michigan State Spartans,88,74,0,2,77,127,54.2,48.1
2024-01-09,401578965,Texas A&M-Corpus Christi Islanders,Houston Christian Huskies,81,59,0,2,357,2277,45.5,44.0
2024-01-09,401579014,Northwestern State Demons,McNeese Cowboys,59,68,0,2,2466,2377,33.9,40.0
2024-01-09,401581794,Lamar Cardinals,Incarnate Word Cardinals,75,59,0,2,2320,2916,37.7,33.3
2024-01-09,401589740,Coppin State Eagles,Maryland Eastern Shore Hawks,58,55,0,2,2154,2379,35.9,25.0
2024-01-09,401591561,Cornell Big Red,Columbia Lions,91,79,0,2,172,171,54.2,50.8
2024-01-09,401594406,North Carolina Central Eagles,Norfolk State Spartans,60,58,0,2,2428,2450,33.9,35.2
2024-01-09,401598023,Southern Jaguars,Prairie View A&M Panthers,79,58,0,2,2582,2504,48.3,37.7
2024-01-09,401599480,Georgetown Hoyas,Seton Hall Pirates,70,74,0,2,46,2550,41.8,60.0
2024-01-09,401600102,Mississippi Valley State Delta Devils,Alabama A&M Bulldogs,70,78,0,2,2400,2010,41.8,50.0
2024-01-09,401600126,Arkansas-Pine Bluff Golden Lions,Alabama State Hornets,72,83,0,2,2029,2011,38.7,42.6
2024-01-09,401600652,Monmouth Hawks,Northeastern Huskies,81,62,0,2,2405,111,53.4,34.5
2024-01-09,401603001,Grambling Tigers,Texas Southern Tigers,52,54,0,2,2755,2640,35.0,34.0
2024-01-09,401604425,Morgan State Bears,Delaware State Hornets,66,78,0,2,2415,2169,38.3,41.8
2024-01-09,401606728,South Carolina State Bulldogs,Howard Bison,78,82,0,2,2569,47,45.5,55.8
2024-01-10,401577667,Brown Bears,Yale Bulldogs,70,80,0,2,225,43,44.6,51.7
2024-01-10,401579055,Nicholls Colonels,SE Louisiana Lions,66,61,0,2,2447,2545,42.9,44.8
2024-01-10,401587685,Youngstown State Penguins,Purdue Fort Wayne Mastodons,93,85,0,2,2754,2870,43.1,44.6
2024-01-10,401587686,IU Indianapolis Jaguars,Green Bay Phoenix,58,68,0,2,85,2739,45.1,51.2
2024-01-10,401588626,Bowling Green Falcons,Ohio Bobcats,83,78,0,2,189,195,49.2,49.1
2024-01-10,401588627,Buffalo Bulls,Miami (OH) RedHawks,65,86,0,2,2084,193,46.4,65.5
2024-01-10,401588628,Kent State Golden Flashes,Toledo Rockets,75,89,0,2,2309,2649,45.0,58.3
2024-01-10,401588629,Western Michigan Broncos,Northern Illinois Huskies,95,90,0,2,2711,2459,53.4,47.6
2024-01-10,401588630,Ball State Cardinals,Akron Zips,76,80,0,2,2050,2006,45.3,43.3
2024-01-10,401588631,Eastern Michigan Eagles,Central Michigan Chippewas,64,80,0,2,2199,2117,42.6,61.2
2024-01-10,401594444,Nevada Wolf Pack,Air Force Falcons,67,54,0,2,2440,2005,46.5,37.3
2024-01-10,401594510,Army Black Knights,Loyola Maryland Greyhounds,65,71,0,2,349,2352,48.0,52.2
2024-01-10,401596828,George Mason Patriots,VCU Rams,50,54,0,2,2244,2670,37.0,35.3
2024-01-10,401596829,Loyola Chicago Ramblers,Richmond Spiders,56,58,0,2,2350,257,38.5,38.6
2024-01-10,401596830,Davidson Wildcats,Rhode Island Rams,74,79,0,2,2166,227,45.5,51.0
2024-01-10,401597116,Auburn Tigers,Texas A&M Aggies,66,55,0,2,2,245,39.2,29.0
2024-01-10,401597117,LSU Tigers,Vanderbilt Commodores,77,69,0,2,99,238,42.2,44.3
2024-01-10,401597118,Kentucky Wildcats,Missouri Tigers,90,77,0,2,96,142,50.0,42.6
2024-01-10,401597119,Alabama Crimson Tide,South Carolina Gamecocks,74,47,0,2,333,2579,48.1,30.9
2024-01-10,401597303,UNLV Rebels,New Mexico Lobos,83,73,0,2,2439,167,50.0,49.1
2024-01-10,401597936,San José State Spartans,San Diego State Aztecs,78,81,0,2,23,21,42.6,47.4
2024-01-10,401599479,DePaul Blue Demons,Creighton Bluejays,58,84,0,2,305,156,37.9,49.2
2024-01-10,401599482,St. John's Red Storm,Providence Friars,75,73,0,2,2599,2507,48.1,44.3
2024-01-10,401600320,Rutgers Scarlet Knights,Indiana Hoosiers,66,57,0,2,164,84,32.3,39.7
2024-01-10,401600321,Nebraska Cornhuskers,Purdue Boilermakers,88,72,0,2,158,2509,50.9,42.1
2024-01-10,401600322,Penn State Nittany Lions,Northwestern Wildcats,72,76,0,2,213,77,46.3,61.4
2024-01-10,401600794,Utah State Aggies,Wyoming Cowboys,83,59,0,2,328,2751,52.5,40.0
2024-01-10,401602972,Boise State Broncos,Colorado State Rams,65,58,0,2,68,36,38.9,47.1
2024-01-10,401603405,Baylor Bears,BYU Cougars,81,72,0,2,239,252,43.1,49.1
2024-01-10,401603406,Cincinnati Bearcats,Texas Longhorns,73,74,0,2,2132,251,47.5,50.9
2024-01-10,401603407,Iowa State Cyclones,Houston Cougars,57,53,0,2,66,248,38.3,38.0
2024-01-10,401603408,Texas Tech Red Raiders,Oklahoma State Cowboys,90,73,0,2,2641,197,59.3,47.3
2024-01-10,401603409,West Virginia Mountaineers,Kansas State Wildcats,67,81,0,2,277,2306,39.2,53.8
2024-01-10,401604113,Florida State Seminoles,Wake Forest Demon Deacons,87,82,0,2,52,154,50.9,47.5
2024-01-10,401604114,Georgia Tech Yellow Jackets,Notre Dame Fighting Irish,68,75,0,2,59,87,37.5,39.3
2024-01-10,401604115,Pittsburgh Panthers,Duke Blue Devils,53,75,0,2,221,150,32.8,51.8
2024-01-11,401573586,Liberty Flames,Jacksonville State Gamecocks,51,61,0,2,2335,55,34.0,43.1
2024-01-11,401573587,Sam Houston Bearkats,Western Kentucky Hilltoppers,78,74,0,2,2534,98,45.2,45.2
2024-01-11,401574511,Kennesaw State Owls,Stetson Hatters,88,70,0,2,338,56,54.4,34.8
2024-01-11,401574536,Queens University Royals,Florida Gulf Coast Eagles,78,75,0,2,2511,526,48.4,45.3
2024-01-11,401581185,Maine Black Bears,New Hampshire Wildcats,74,79,0,2,311,160,46.3,45.8
2024-01-11,401581187,UMass Lowell River Hawks,NJIT Highlanders,70,62,0,2,2349,2885,42.9,35.3
2024-01-11,401581645,Marshall Thundering Herd,Georgia Southern Eagles,79,74,0,2,276,290,38.3,46.6
2024-01-11,401581677,Troy Trojans,Louisiana Ragin' Cajuns,79,73,0,2,2653,309,50.0,48.3
2024-01-11,401587232,Fairleigh Dickinson Knights,Chicago State Cougars,74,75,0,2,161,2130,44.1,42.2
2024-01-11,401587687,Oakland Golden Grizzlies,Northern Kentucky Norse,70,65,0,2,2473,94,37.7,36.8
2024-01-11,401587688,Robert Morris Colonials,Wright State Raiders,76,101,0,2,2523,2750,37.1,60.7
2024-01-11,401587899,Furman Paladins,The Citadel Bulldogs,82,68,0,2,231,2643,55.0,46.7
2024-01-11,401587900,East Tennessee State Buccaneers,Western Carolina Catamounts,66,80,0,2,2193,2717,37.5,50.8
2024-01-11,401587901,Wofford Terriers,Mercer Bears,74,73,0,2,2747,2382,46.6,53.7
2024-01-11,401594487,Lehigh Mountain Hawks,Bucknell Bison,80,86,0,2,2329,2083,45.6,49.1
2024-01-11,401596831,Saint Louis Billikens,Saint Joseph's Hawks,88,85,0,2,139,2603,46.4,37.9
2024-01-11,401596832,Massachusetts Minutemen,La Salle Explorers,81,65,0,2,113,2325,49.2,42.6
2024-01-11,401597120,Ole Miss Rebels,Florida Gators,103,85,0,2,145,57,59.1,41.3
2024-01-11,401597121,Georgia Bulldogs,Arkansas Razorbacks,76,66,0,2,61,8,41.7,40.0
2024-01-11,401597122,Mississippi State Bulldogs,Tennessee Volunteers,77,72,0,2,344,2633,50.0,45.8
2024-01-11,401597385,Boston University Terriers,American University Eagles,72,68,0,2,104,44,42.9,37.7
2024-01-11,401598591,Holy Cross Crusaders,Navy Midshipmen,70,80,0,2,107,2426,50.0,40.7
2024-01-11,401598636,Colgate Raiders,Lafayette Leopards,64,69,0,2,2142,322,37.7,48.1
2024-01-11,401599481,Marquette Golden Eagles,Butler Bulldogs,62,69,0,2,269,2086,32.9,44.4
2024-01-11,401599483,Xavier Musketeers,UConn Huskies,75,80,0,2,2752,41,35.9,54.4
2024-01-11,401600323,Ohio State Buckeyes,Wisconsin Badgers,60,71,0,2,194,275,45.5,47.4
2024-01-11,401601221,Gardner-Webb Runnin' Bulldogs,Charleston Southern Buccaneers,74,86,0,2,2241,2127,38.8,47.9
2024-01-11,401601222,High Point Panthers,UNC Asheville Bulldogs,84,79,0,2,2272,2427,36.8,37.5
2024-01-11,401601224,Presbyterian Blue Hose,Winthrop Eagles,71,81,0,2,2506,2737,41.3,54.3
2024-01-11,401601833,Bradley Braves,Evansville Purple Aces,86,50,0,2,71,339,53.3,37.8
2024-01-11,401601834,Belmont Bruins,Illinois State Redbirds,67,60,0,2,2057,2287,47.1,37.0
2024-01-11,401601835,Drake Bulldogs,Indiana State Sycamores,89,78,0,2,2181,282,46.9,43.1
2024-01-11,401601836,Missouri State Bears,Murray State Racers,53,77,0,2,2623,93,34.5,50.8
2024-01-11,401601837,Northern Iowa Panthers,UIC Flames,67,59,0,2,2460,82,49.0,46.2
2024-01-11,401601838,Valparaiso Beacons,Southern Illinois Salukis,68,77,0,2,2674,79,51.0,51.0
2024-01-11,401602069,Charlotte 49ers,Tulsa Golden Hurricane,84,76,0,2,2429,202,45.0,40.7
2024-01-11,401602070,Memphis Tigers,UTSA Roadrunners,107,101,0,2,235,2636,53.2,44.7
2024-01-11,401602071,Temple Owls,East Carolina Pirates,62,73,0,2,218,151,36.4,54.0
2024-01-11,401603410,TCU Horned Frogs,Oklahoma Sooners,80,71,0,2,2628,201,43.8,44.8
2024-01-11,401603411,UCF Knights,Kansas Jayhawks,65,60,0,2,2116,2305,42.3,51.1
2024-01-11,401604116,Miami Hurricanes,Louisville Cardinals,71,80,0,2,2390,97,38.8,49.1
2024-01-11,401604117,NC State Wolfpack,North Carolina Tar Heels,54,67,0,2,152,153,27.3,38.7
2024-01-11,401604118,Syracuse Orange,Boston College Eagles,69,59,0,2,183,103,37.7,38.7
2024-01-11,401604119,Virginia Tech Hokies,Clemson Tigers,87,72,0,2,259,228,54.4,44.4
2024-01-11,401607373,USC Trojans,Washington State Cougars,64,72,0,2,30,265,37.9,47.1
2024-01-11,401607374,California Golden Bears,Colorado Buffaloes,82,78,0,2,25,38,40.0,49.2
2024-01-12,401573394,Portland State Vikings,Idaho State Bengals,63,69,0,2,2502,304,43.4,38.6
2024-01-12,401573395,Montana Grizzlies,Northern Colorado Bears,92,98,0,2,149,2458,47.1,50.7
2024-01-12,401573396,Montana State Bobcats,Northern Arizona Lumberjacks,79,50,0,2,147,2464,55.3,29.4
2024-01-12,401573397,Sacramento State Hornets,Weber State Wildcats,71,69,0,2,16,2692,48.2,50.9
2024-01-12,401573491,UC Santa Barbara Gauchos,Cal State Bakersfield Roadrunners,66,64,0,2,2540,2934,45.5,37.3
2024-01-12,401573492,UC Riverside Highlanders,Cal Poly Mustangs,71,56,0,2,27,13,43.5,42.0
2024-01-12,401573493,UC Davis Aggies,Cal State Northridge Matadors,95,75,0,2,302,2463,55.2,43.9
2024-01-12,401573494,Hawai'i Rainbow Warriors,UC Irvine Anteaters,50,60,0,2,62,300,36.8,42.1
2024-01-12,401573495,UC San Diego Tritons,Long Beach State Beach,88,74,0,2,28,299,49.2,46.6
2024-01-12,401573585,Middle Tennessee Blue Raiders,Louisiana Tech Bulldogs,52,60,0,2,2393,2348,38.9,36.5
2024-01-12,401573588,Florida International Panthers,New Mexico State Aggies,77,67,0,2,2229,166,47.6,40.7
2024-01-12,401574062,UT Rio Grande Valley Vaqueros,Seattle U Redhawks,81,80,0,2,292,2547,45.5,50.0
2024-01-12,401574063,California Baptist Lancers,Tarleton State Texans,77,63,0,2,2856,2627,47.6,44.6
2024-01-12,401574064,Grand Canyon Lopes,Abilene Christian Wildcats,74,64,0,2,2253,2000,48.1,40.7
2024-01-12,401574065,UT Arlington Mavericks,Utah Valley Wolverines,83,69,0,2,250,3084,49.1,30.9
2024-01-12,401574066,Utah Tech Trailblazers,Stephen F. Austin Lumberjacks,75,70,0,2,3101,2617,53.3,38.7
2024-01-12,401574424,Central Arkansas Bears,Eastern Kentucky Colonels,63,86,0,2,2110,2198,32.7,50.0
2024-01-12,401575337,North Alabama Lions,Bellarmine Knights,69,53,0,2,2453,91,39.6,38.0
2024-01-12,401580040,Oral Roberts Golden Eagles,South Dakota Coyotes,84,66,0,2,198,233,48.5,43.3
2024-01-12,401580041,Omaha Mavericks,North Dakota Fighting Hawks,79,61,0,2,2437,155,49.0,35.2
2024-01-12,401580042,St. Thomas Tommies,South Dakota State Jackrabbits,80,81,0,2,2900,2571,43.9,55.8
2024-01-12,401580043,Kansas City Roos,North Dakota State Bison,91,92,0,2,140,2449,42.6,53.1
2024-01-12,401581184,Bryant Bulldogs,Binghamton Bearcats,77,69,0,2,2803,2066,40.0,33.8
2024-01-12,401581186,Vermont Catamounts,UMBC Retrievers,77,72,0,2,261,2378,46.2,41.7
2024-01-12,401581496,Coastal Carolina Chanticleers,App State Mountaineers,45,70,0,2,324,2026,31.6,45.2
2024-01-12,401581614,Arkansas State Red Wolves,Texas State Bobcats,85,82,0,2,2032,326,58.3,51.7
2024-01-12,401581658,Georgia State Panthers,Old Dominion Monarchs,77,70,0,2,2247,295,38.0,43.5
2024-01-12,401581670,James Madison Dukes,South Alabama Jaguars,89,55,0,2,256,6,46.3,36.8
2024-01-12,401581689,UL Monroe Warhawks,Southern Miss Golden Eagles,58,71,0,2,2433,2572,36.7,39.3
2024-01-12,401583821,Alabama State Hornets,Jackson State Tigers,63,73,0,2,2011,2296,34.3,47.1
2024-01-12,401587267,Eastern Illinois Panthers,Morehead State Eagles,52,78,0,2,2197,2413,34.5,50.9
2024-01-12,401587268,Southeast Missouri State Redhawks,Lindenwood Lions,68,74,0,2,2546,2815,41.5,51.0
2024-01-12,401587269,SIU Edwardsville Cougars,Southern Indiana Screaming Eagles,67,64,0,2,2565,88,38.0,35.7
2024-01-12,401587270,UT Martin Skyhawks,Western Illinois Leathernecks,64,73,0,2,2630,2710,38.2,39.3
2024-01-12,401587689,Milwaukee Panthers,Cleveland State Vikings,88,80,0,2,270,325,49.2,40.6
2024-01-12,401587902,Samford Bulldogs,UNC Greensboro Spartans,79,70,0,2,2535,2430,47.3,41.0
2024-01-12,401587903,Chattanooga Mocs,VMI Keydets,109,61,0,2,236,2678,58.3,32.8
2024-01-12,401589671,Santa Clara Broncos,Gonzaga Bulldogs,77,76,0,2,2541,2250,44.6,47.8
2024-01-12,401589672,Saint Mary's Gaels,Portland Pilots,95,52,0,2,2608,2501,55.6,40.0
2024-01-12,401589673,Pepperdine Waves,Pacific Tigers,93,78,0,2,2492,279,56.7,49.2
2024-01-12,401589674,San Diego Toreros,San Francisco Dons,63,83,0,2,301,2539,41.1,51.7
2024-01-12,401600103,Alabama A&M Bulldogs,Alcorn State Braves,71,74,0,2,2010,2016,46.3,43.5
2024-01-12,401600324,Maryland Terrapins,Michigan Wolverines,64,57,0,2,120,130,40.8,39.6
2024-01-12,401600325,Illinois Fighting Illini,Michigan State Spartans,71,68,0,2,356,127,41.8,42.0
2024-01-12,401600326,Indiana Hoosiers,Minnesota Golden Gophers,74,62,0,2,84,135,43.3,39.0
2024-01-12,401600653,Campbell Fighting Camels,Delaware Blue Hens,62,68,0,2,2097,48,39.7,49.1
2024-01-12,401600654,North Carolina A&T Aggies,Drexel Dragons,63,67,0,2,2448,2182,38.3,48.3
2024-01-12,401600655,Charleston Cougars,Elon Phoenix,80,62,0,2,232,2210,41.5,34.3
2024-01-12,401600656,Northeastern Huskies,Hofstra Pride,71,68,0,2,111,2275,54.2,47.3
2024-01-12,401600657,UNC Wilmington Seahawks,Monmouth Hawks,69,56,0,2,350,2405,36.5,34.6
2024-01-12,401600658,Towson Tigers,Stony Brook Seawolves,73,64,0,2,119,2619,44.6,42.2
2024-01-12,401600659,Hampton Pirates,William & Mary Tribe,61,73,0,2,2261,2729,38.0,39.1
2024-01-12,401601223,Longwood Lancers,Radford Highlanders,58,69,0,2,2344,2515,46.3,50.9
2024-01-12,401602072,Tulane Green Wave,Florida Atlantic Owls,84,85,0,2,2655,2226,51.6,43.8
2024-01-12,401607375,Utah Utes,UCLA Bruins,90,44,0,2,254,26,50.0,31.5
2024-01-12,401607376,Oregon State Beavers,Stanford Cardinal,84,88,0,2,204,24,50.8,52.5
2024-01-12,401607377,Washington Huskies,Arizona State Sun Devils,82,67,0,2,264,9,50.8,40.7
2024-01-13,401573497,UC Davis Aggies,Cal State Bakersfield Roadrunners,78,71,0,2,302,2934,34.5,37.8
2024-01-13,401573500,Cal State Northridge Matadors,Cal State Fullerton Titans,76,71,0,2,2463,2239,40.4,37.9
2024-01-13,401573589,Florida International Panthers,UTEP Miners,72,68,0,2,2229,2638,50.9,58.7
2024-01-13,401573590,Middle Tennessee Blue Raiders,Sam Houston Bearkats,51,60,0,2,2393,2534,32.0,35.0
2024-01-13,401573592,Western Kentucky Hilltoppers,Jacksonville State Gamecocks,80,69,0,2,98,55,49.1,45.6
2024-01-13,401574067,UT Arlington Mavericks,Seattle U Redhawks,80,75,0,2,250,2547,54.3,41.5
2024-01-13,401574193,Lipscomb Bisons,Austin Peay Governors,91,77,0,2,288,2046,62.1,45.6
2024-01-13,401574425,Central Arkansas Bears,Bellarmine Knights,59,57,0,2,2110,91,43.4,37.0
2024-01-13,401574512,Kennesaw State Owls,Florida Gulf Coast Eagles,78,75,0,2,338,526,45.8,43.5
2024-01-13,401574525,North Florida Ospreys,Jacksonville Dolphins,82,74,0,2,2454,294,59.6,48.4
2024-01-13,401574537,Queens University Royals,Stetson Hatters,66,84,0,2,2511,56,47.4,50.8
2024-01-13,401574628,Bethune-Cookman Wildcats,Grambling Tigers,69,79,0,2,2065,2755,38.3,54.3
2024-01-13,401578966,East Texas A&M Lions,Houston Christian Huskies,65,69,0,2,2837,2277,42.4,47.3
2024-01-13,401579015,McNeese Cowboys,SE Louisiana Lions,74,65,0,2,2377,2545,48.1,42.9
2024-01-13,401579043,LSU New Orleans Privateers,Texas A&M-Corpus Christi Islanders,83,80,0,2,2443,357,44.9,43.3
2024-01-13,401579056,Nicholls Colonels,Lamar Cardinals,76,78,0,2,2447,2320,41.0,54.4
2024-01-13,401579068,Northwestern State Demons,Incarnate Word Cardinals,97,71,0,2,2466,2916,60.0,40.4
2024-01-13,401580045,Kansas City Roos,North Dakota Fighting Hawks,69,82,0,2,140,155,44.6,49.2
2024-01-13,401580046,Denver Pioneers,South Dakota State Jackrabbits,99,80,0,2,2172,2571,54.4,52.6
2024-01-13,401581188,UAlbany Great Danes,Binghamton Bearcats,95,75,0,2,399,2066,46.8,49.1
2024-01-13,401581190,UMass Lowell River Hawks,UMBC Retrievers,86,82,0,2,2349,2378,48.5,50.8
2024-01-13,401581191,Vermont Catamounts,NJIT Highlanders,76,55,0,2,261,2885,52.1,36.1
2024-01-13,401581497,James Madison Dukes,App State Mountaineers,55,59,0,2,256,2026,35.9,46.3
2024-01-13,401581615,Arkansas State Red Wolves,Louisiana Ragin' Cajuns,77,84,0,2,2032,309,48.0,54.1
2024-01-13,401581631,Coastal Carolina Chanticleers,Old Dominion Monarchs,79,75,0,2,324,295,49.1,35.1
2024-01-13,401581646,Georgia State Panthers,Georgia Southern Eagles,90,62,0,2,2247,290,59.4,34.3
2024-01-13,401581690,UL Monroe Warhawks,Texas State Bobcats,54,67,0,2,2433,326,33.9,48.9
2024-01-13,401581699,Marshall Thundering Herd,South Alabama Jaguars,85,91,0,2,276,6,51.6,52.2
2024-01-13,401581713,Troy Trojans,Southern Miss Golden Eagles,82,56,0,2,2653,2572,41.9,33.9
2024-01-13,401583822,Alabama A&M Bulldogs,Jackson State Tigers,67,75,0,2,2010,2296,40.4,37.3
2024-01-13,401587271,Eastern Illinois Panthers,Western Illinois Leathernecks,60,63,0,2,2197,2710,38.3,58.5
2024-01-13,401587272,Tennessee State Tigers,Lindenwood Lions,75,60,0,2,2634,2815,48.1,36.2
2024-01-13,401587273,UT Martin Skyhawks,Little Rock Trojans,77,72,0,2,2630,2031,39.3,42.2
2024-01-13,401587274,SIU Edwardsville Cougars,Morehead State Eagles,61,48,0,2,2565,2413,41.4,30.6
2024-01-13,401587275,Tennessee Tech Golden Eagles,Southeast Missouri State Redhawks,70,59,0,2,2635,2546,56.1,41.1
2024-01-13,401587690,Robert Morris Colonials,Purdue Fort Wayne Mastodons,91,88,0,2,2523,2870,51.7,41.5
2024-01-13,401587691,Youngstown State Penguins,Wright State Raiders,81,71,0,2,2754,2750,41.5,40.3
2024-01-13,401587692,IU Indianapolis Jaguars,Oakland Golden Grizzlies,66,88,0,2,85,2473,43.1,54.4
2024-01-13,401587693,Detroit Mercy Titans,Northern Kentucky Norse,76,81,0,2,2174,94,45.8,53.4
2024-01-13,401587904,Mercer Bears,Western Carolina Catamounts,52,64,0,2,2382,2717,31.7,37.1
2024-01-13,401587906,Furman Paladins,East Tennessee State Buccaneers,82,73,0,2,231,2193,44.1,43.9
2024-01-13,401587907,The Citadel Bulldogs,Wofford Terriers,71,72,0,2,2643,2747,46.4,50.0
2024-01-13,401587908,Samford Bulldogs,VMI Keydets,134,96,0,2,2535,2678,59.8,52.4
2024-01-13,401588633,Miami (OH) RedHawks,Eastern Michigan Eagles,71,54,0,2,193,2199,46.0,31.0
2024-01-13,401588634,Akron Zips,Buffalo Bulls,76,59,0,2,2006,2084,47.7,36.7
2024-01-13,401588635,Central Michigan Chippewas,Kent State Golden Flashes,77,62,0,2,2117,2309,56.6,31.8
2024-01-13,401588636,Western Michigan Broncos,Ohio Bobcats,81,79,0,2,2711,195,46.4,43.3
2024-01-13,401588637,Northern Illinois Huskies,Bowling Green Falcons,72,83,0,2,2459,189,42.6,46.7
2024-01-13,401589388,Saint Francis Red Wolves,Central Connecticut Blue Devils,61,75,0,2,2598,2115,39.7,50.0
2024-01-13,401589451,Fairleigh Dickinson Knights,Stonehill Skyhawks,81,74,0,2,161,284,39.6,41.9
2024-01-13,401589483,Sacred Heart Pioneers,Long Island University Sharks,89,55,0,2,2529,112358,58.1,37.7
2024-01-13,401589504,Le Moyne Dolphins,Merrimack Warriors,62,66,0,2,2330,2771,38.9,43.1
2024-01-13,401594259,Canisius Golden Griffins,Siena Saints,67,63,0,2,2099,2561,40.4,36.7
2024-01-13,401594293,Niagara Purple Eagles,Fairfield Stags,96,72,0,2,315,2217,61.8,41.4
2024-01-13,401594330,Marist Red Foxes,Quinnipiac Bobcats,55,66,0,2,2368,2514,35.8,43.1
2024-01-13,401594384,Rider Broncs,Manhattan Jaspers,71,58,0,2,2520,2363,40.0,39.3
2024-01-13,401594488,Bucknell Bison,Colgate Raiders,73,84,0,2,2083,2142,47.5,44.4
2024-01-13,401594511,Loyola Maryland Greyhounds,Boston University Terriers,58,60,0,2,2352,104,46.2,39.7
2024-01-13,401596833,Duquesne Dukes,Dayton Flyers,62,72,0,2,2184,2168,40.3,47.2
2024-01-13,401596834,La Salle Explorers,VCU Rams,65,71,0,2,2325,2670,33.8,47.9
2024-01-13,401596835,St. Bonaventure Bonnies,Fordham Rams,74,80,0,2,179,2230,40.0,50.9
2024-01-13,401596836,Saint Joseph's Hawks,Loyola Chicago Ramblers,75,78,0,2,2603,2350,42.1,43.8
2024-01-13,401596837,Richmond Spiders,George Mason Patriots,77,70,0,2,257,2244,48.0,45.5
2024-01-13,401596838,Rhode Island Rams,Massachusetts Minutemen,89,77,0,2,227,113,51.9,40.9
2024-01-13,401596839,George Washington Revolutionaries,Davidson Wildcats,83,79,0,2,45,2166,47.0,47.7
2024-01-13,401597123,Auburn Tigers,LSU Tigers,93,78,0,2,2,99,45.9,41.7
2024-01-13,401597124,Florida Gators,Arkansas Razorbacks,90,68,0,2,57,8,49.3,37.7
2024-01-13,401597125,Ole Miss Rebels,Vanderbilt Commodores,69,56,0,2,145,238,40.7,37.7
2024-01-13,401597126,Georgia Bulldogs,Tennessee Volunteers,79,85,0,2,61,2633,33.3,47.5
2024-01-13,401597128,Missouri Tigers,South Carolina Gamecocks,69,71,0,2,142,2579,41.9,40.7
2024-01-13,401597129,Texas A&M Aggies,Kentucky Wildcats,97,92,0,2,245,96,40.2,42.1
2024-01-13,401597304,UNLV Rebels,Utah State Aggies,86,87,0,2,2439,328,44.4,48.2
2024-01-13,401597386,American University Eagles,Army Black Knights,79,60,0,2,44,349,58.2,38.8
2024-01-13,401597937,New Mexico Lobos,San Diego State Aztecs,88,70,0,2,167,21,44.1,40.6
2024-01-13,401598024,Prairie View A&M Panthers,Mississippi Valley State Delta Devils,71,60,0,2,2504,2400,49.1,44.9
2024-01-13,401598592,Lafayette Leopards,Navy Midshipmen,78,62,0,2,322,2426,56.9,34.3
2024-01-13,401598902,Florida A&M Rattlers,Southern Jaguars,65,74,0,2,50,2582,45.1,45.8
2024-01-13,401599484,Villanova Wildcats,DePaul Blue Demons,94,69,0,2,222,305,55.9,46.3
2024-01-13,401599485,Butler Bulldogs,Seton Hall Pirates,72,78,0,2,2086,2550,40.7,50.8
2024-01-13,401599486,Creighton Bluejays,St. John's Red Storm,66,65,0,2,156,2599,36.7,40.6
2024-01-13,401599487,Providence Friars,Xavier Musketeers,65,85,0,2,2507,2752,39.6,50.8
2024-01-13,401600088,Lehigh Mountain Hawks,Holy Cross Crusaders,66,69,0,2,2329,107,35.3,41.0
2024-01-13,401600118,Alabama State Hornets,Alcorn State Braves,55,53,0,2,2011,2016,34.4,37.9
2024-01-13,401600327,Iowa Hawkeyes,Nebraska Cornhuskers,94,76,0,2,2294,158,52.2,47.6
2024-01-13,401600328,Wisconsin Badgers,Northwestern Wildcats,71,63,0,2,275,77,50.0,42.6
2024-01-13,401600329,Purdue Boilermakers,Penn State Nittany Lions,95,78,0,2,2509,213,58.2,44.6
2024-01-13,401600662,Campbell Fighting Camels,Hofstra Pride,69,68,0,2,2097,2275,42.3,41.5
2024-01-13,401600663,Charleston Cougars,Monmouth Hawks,94,83,0,2,232,2405,47.9,42.3
2024-01-13,401600664,William & Mary Tribe,Stony Brook Seawolves,59,63,0,2,2729,2619,34.5,43.8
2024-01-13,401600665,Northeastern Huskies,Towson Tigers,67,59,0,2,111,119,58.1,42.5
2024-01-13,401600808,Wyoming Cowboys,Fresno State Bulldogs,68,67,0,2,2751,278,44.4,45.0
2024-01-13,401601225,Charleston Southern Buccaneers,South Carolina Upstate Spartans,77,70,0,2,2127,2908,49.0,51.0
2024-01-13,401601226,Gardner-Webb Runnin' Bulldogs,Presbyterian Blue Hose,76,60,0,2,2241,2506,49.1,39.5
2024-01-13,401601227,UNC Asheville Bulldogs,Longwood Lancers,65,61,0,2,2427,2344,43.5,37.3
2024-01-13,401601228,Winthrop Eagles,Radford Highlanders,92,88,0,2,2737,2515,46.0,43.6
2024-01-13,401601840,Indiana State Sycamores,Belmont Bruins,94,64,0,2,282,2057,55.0,36.4
2024-01-13,401601842,UIC Flames,Bradley Braves,59,77,0,2,82,71,43.8,46.6
2024-01-13,401602073,South Florida Bulls,Rice Owls,81,73,0,2,58,242,40.0,46.4
2024-01-13,401602074,East Carolina Pirates,SMU Mustangs,64,75,0,2,151,2567,37.1,43.5
2024-01-13,401602075,North Texas Mean Green,Temple Owls,69,51,0,2,249,218,47.2,30.8
2024-01-13,401602973,Nevada Wolf Pack,Boise State Broncos,56,64,0,2,2440,68,36.0,41.2
2024-01-13,401603002,Texas Southern Tigers,Arkansas-Pine Bluff Golden Lions,67,70,0,2,2640,2029,39.1,40.7
2024-01-13,401603414,Kansas Jayhawks,Oklahoma Sooners,78,66,0,2,2305,201,43.9,40.0
2024-01-13,401603415,TCU Horned Frogs,Houston Cougars,68,67,0,2,2628,248,43.1,42.2
2024-01-13,401603416,Texas Tech Red Raiders,Kansas State Wildcats,60,59,0,2,2641,2306,36.4,44.0
2024-01-13,401603417,UCF Knights,BYU Cougars,58,63,0,2,2116,252,29.3,40.4
2024-01-13,401603418,West Virginia Mountaineers,Texas Longhorns,76,73,0,2,277,251,44.7,45.3
2024-01-13,401604120,Clemson Tigers,Boston College Eagles,89,78,0,2,228,103,54.2,50.8
2024-01-13,401604121,Duke Blue Devils,Georgia Tech Yellow Jackets,84,79,0,2,150,59,42.9,54.5
2024-01-13,401604122,Louisville Cardinals,NC State Wolfpack,83,89,0,2,97,152,47.5,54.2
2024-01-13,401604123,North Carolina Tar Heels,Syracuse Orange,103,67,0,2,153,183,48.1,36.5
2024-01-13,401604124,Notre Dame Fighting Irish,Florida State Seminoles,58,67,0,2,87,52,41.8,39.1
2024-01-13,401604126,Wake Forest Demon Deacons,Virginia Cavaliers,66,47,0,2,154,258,50.0,28.1
2024-01-13,401607378,Washington State Cougars,Arizona Wildcats,73,70,0,2,265,12,46.4,34.7
2024-01-13,401630539,Howard Bison,Maryland Eastern Shore Hawks,72,61,0,2,47,2379,46.2,35.7
2024-01-14,401573398,Idaho Vandals,Eastern Washington Eagles,58,79,0,2,70,331,28.1,49.1
2024-01-14,401573399,Sacramento State Hornets,Idaho State Bengals,66,64,0,2,16,304,50.9,52.0
2024-01-14,401573400,Montana Grizzlies,Northern Arizona Lumberjacks,90,47,0,2,149,2464,52.9,37.0
2024-01-14,401573401,Montana State Bobcats,Northern Colorado Bears,90,81,0,2,147,2458,56.9,49.2
2024-01-14,401573402,Portland State Vikings,Weber State Wildcats,69,66,0,2,2502,2692,44.8,38.5
2024-01-14,401573496,UC Santa Barbara Gauchos,Long Beach State Beach,85,76,0,2,2540,299,52.0,46.7
2024-01-14,401573498,Hawai'i Rainbow Warriors,UC Riverside Highlanders,63,56,0,2,62,27,45.5,40.0
2024-01-14,401573499,Cal Poly Mustangs,UC San Diego Tritons,61,86,0,2,13,28,42.3,51.8
2024-01-14,401573591,Louisiana Tech Bulldogs,Liberty Flames,80,76,0,2,2348,2335,46.6,43.3
2024-01-14,401574068,California Baptist Lancers,Abilene Christian Wildcats,68,53,0,2,2856,2000,40.4,35.7
2024-01-14,401574069,Grand Canyon Lopes,Tarleton State Texans,74,48,0,2,2253,2627,50.9,31.7
2024-01-14,401574070,UT Rio Grande Valley Vaqueros,Utah Valley Wolverines,76,68,0,2,292,3084,50.0,32.8
2024-01-14,401574071,Southern Utah Thunderbirds,Stephen F. Austin Lumberjacks,82,84,0,2,253,2617,50.0,57.1
2024-01-14,401574439,North Alabama Lions,Eastern Kentucky Colonels,72,81,0,2,2453,2198,37.1,42.9
2024-01-14,401580044,Oral Roberts Golden Eagles,St. Thomas Tommies,76,87,0,2,198,2900,45.9,52.6
2024-01-14,401580047,Omaha Mavericks,North Dakota State Bison,96,92,0,2,2437,2449,53.0,56.9
2024-01-14,401581189,New Hampshire Wildcats,Bryant Bulldogs,74,89,0,2,160,2803,39.4,53.8
2024-01-14,401587694,Green Bay Phoenix,Cleveland State Vikings,79,71,0,2,2739,325,44.0,46.0
2024-01-14,401587905,Chattanooga Mocs,UNC Greensboro Spartans,54,70,0,2,236,2430,30.9,49.1
2024-01-14,401588632,Toledo Rockets,Ball State Cardinals,77,72,0,2,2649,2050,44.3,50.9
2024-01-14,401589675,San Francisco Dons,Portland Pilots,96,69,0,2,2539,2501,50.7,37.3
2024-01-14,401589676,San Diego Toreros,Pepperdine Waves,77,83,0,2,301,2492,56.6,43.1
2024-01-14,401589677,Loyola Marymount Lions,Pacific Tigers,81,64,0,2,2351,279,46.4,40.4
2024-01-14,401589678,Santa Clara Broncos,Saint Mary's Gaels,49,73,0,2,2541,2608,37.5,48.4
2024-01-14,401594312,Iona Gaels,Mount St. Mary's Mountaineers,87,70,0,2,314,116,52.3,44.6
2024-01-14,401594331,Marist Red Foxes,Rider Broncs,83,60,0,2,2368,2520,52.7,45.5
2024-01-14,401594389,Manhattan Jaspers,Saint Peter's Peacocks,68,81,0,2,2363,2612,42.9,46.6
2024-01-14,401594445,Air Force Falcons,San José State Spartans,67,70,0,2,2005,23,52.1,48.2
2024-01-14,401597127,Mississippi State Bulldogs,Alabama Crimson Tide,74,82,0,2,344,333,42.6,43.1
2024-01-14,401599488,UConn Huskies,Georgetown Hoyas,80,67,0,2,41,46,51.1,34.0
2024-01-14,401600330,Illinois Fighting Illini,Maryland Terrapins,67,76,0,2,356,120,32.8,46.2
2024-01-14,401600331,Michigan State Spartans,Rutgers Scarlet Knights,73,55,0,2,127,164,45.5,37.0
2024-01-14,401600660,UNC Wilmington Seahawks,Delaware Blue Hens,79,74,0,2,350,48,45.5,45.2
2024-01-14,401600661,Elon Phoenix,Drexel Dragons,69,89,0,2,2210,2182,42.9,58.5
2024-01-14,401601839,Evansville Purple Aces,Missouri State Bears,64,74,0,2,339,2623,33.9,46.4
2024-01-14,401601841,Southern Illinois Salukis,Drake Bulldogs,58,76,0,2,79,2181,36.5,56.4
2024-01-14,401601843,Murray State Racers,Northern Iowa Panthers,60,70,0,2,93,2460,40.7,42.3
2024-01-14,401601844,Illinois State Redbirds,Valparaiso Beacons,50,59,0,2,2287,2674,32.2,43.1
2024-01-14,401602076,UTSA Roadrunners,Charlotte 49ers,58,66,0,2,2636,2429,35.0,47.1
2024-01-14,401602077,Florida Atlantic Owls,UAB Blazers,86,73,0,2,2226,5,48.5,39.4
2024-01-14,401602078,Tulsa Golden Hurricane,Tulane Green Wave,87,94,0,2,202,2655,40.5,46.3
2024-01-14,401602079,Wichita State Shockers,Memphis Tigers,86,112,0,2,2724,235,55.0,64.7
2024-01-14,401603412,Baylor Bears,Cincinnati Bearcats,62,59,0,2,239,2132,45.8,39.3
2024-01-14,401603413,Iowa State Cyclones,Oklahoma State Cowboys,66,42,0,2,66,197,46.6,31.9
2024-01-14,401604125,Virginia Tech Hokies,Miami Hurricanes,71,75,0,2,259,2390,48.3,47.4
2024-01-14,401607379,Oregon Ducks,California Golden Bears,80,73,0,2,2483,25,46.0,44.4
2024-01-14,401607380,Colorado Buffaloes,USC Trojans,68,58,0,2,38,30,44.3,36.1
2024-01-14,401607381,Stanford Cardinal,Utah Utes,79,73,0,2,24,254,41.0,44.4
2024-01-15,401577668,Harvard Crimson,Brown Bears,72,74,0,2,108,225,43.3,49.2
2024-01-15,401578967,Northwestern State Demons,Houston Christian Huskies,69,64,0,2,2466,2277,43.5,40.0
2024-01-15,401587174,Princeton Tigers,Dartmouth Big Green,76,58,0,2,163,159,45.1,43.1
2024-01-15,401589367,Cornell Big Red,Pennsylvania Quakers,77,60,0,2,172,219,45.6,42.6
2024-01-15,401589452,Wagner Seahawks,Stonehill Skyhawks,64,54,0,2,2681,284,46.8,39.6
2024-01-15,401589513,Central Connecticut Blue Devils,Merrimack Warriors,75,70,0,2,2115,2771,47.5,43.3
2024-01-15,401594260,Canisius Golden Griffins,Fairfield Stags,63,88,0,2,2099,2217,38.2,57.1
2024-01-15,401594365,Niagara Purple Eagles,Siena Saints,88,93,0,2,315,2561,44.4,62.5
2024-01-15,401596840,Saint Joseph's Hawks,La Salle Explorers,82,62,0,2,2603,2325,50.9,36.1
2024-01-15,401596841,George Washington Revolutionaries,George Mason Patriots,75,62,0,2,45,2244,42.6,32.8
2024-01-15,401599489,Marquette Golden Eagles,Villanova Wildcats,87,74,0,2,269,222,58.7,47.2
2024-01-15,401600332,Minnesota Golden Gophers,Iowa Hawkeyes,77,86,0,2,135,2294,48.3,53.8
2024-01-15,401600333,Michigan Wolverines,Ohio State Buckeyes,73,65,0,2,130,194,42.9,37.9
2024-01-15,401603003,Texas Southern Tigers,Mississippi Valley State Delta Devils,93,61,0,2,2640,2400,56.7,33.8
2024-01-15,401607382,UCLA Bruins,Washington Huskies,73,61,0,2,26,264,50.0,40.4
2024-01-16,401574629,Bethune-Cookman Wildcats,Southern Jaguars,83,81,0,2,2065,2582,47.2,41.9
2024-01-16,401579016,McNeese Cowboys,Lamar Cardinals,88,69,0,2,2377,2320,47.3,41.1
2024-01-16,401579044,Nicholls Colonels,LSU New Orleans Privateers,78,75,0,2,2447,2443,52.5,46.0
2024-01-16,401579077,SE Louisiana Lions,Texas A&M-Corpus Christi Islanders,68,73,0,2,2545,357,39.6,42.9
2024-01-16,401587191,Yale Bulldogs,Columbia Lions,89,70,0,2,43,171,51.5,38.1
2024-01-16,401587909,Western Carolina Catamounts,Samford Bulldogs,71,75,0,2,2717,2535,39.1,43.1
2024-01-16,401589389,Saint Francis Red Wolves,Fairleigh Dickinson Knights,71,81,0,2,2598,161,45.6,45.0
2024-01-16,401589484,Le Moyne Dolphins,Sacred Heart Pioneers,73,80,0,2,2330,2529,39.3,46.2
2024-01-16,401594407,Norfolk State Spartans,Virginia Lynchburg Dragons,118,73,0,2,2450,3229,58.2,36.0
2024-01-16,401594512,Loyola Maryland Greyhounds,American University Eagles,52,66,0,2,2352,44,40.4,58.5
2024-01-16,401597132,Tennessee Volunteers,Florida Gators,85,66,0,2,2633,57,51.7,29.4
2024-01-16,401598903,Florida A&M Rattlers,Grambling Tigers,52,65,0,2,50,2755,38.8,44.6
2024-01-16,401599491,Xavier Musketeers,Butler Bulldogs,85,71,0,2,2752,2086,46.2,35.3
2024-01-16,401600239,Stetson Hatters,Chicago State Cougars,70,77,0,2,56,2130,50.0,45.6
2024-01-16,401600666,Hampton Pirates,North Carolina A&T Aggies,80,81,0,2,2261,2448,53.3,50.0
2024-01-16,401604127,Boston College Eagles,Notre Dame Fighting Irish,63,59,0,2,103,87,37.5,41.2
2024-01-16,401607612,Howard Bison,Morehouse Maroon Tigers,78,72,0,2,47,60,47.2,40.0
2024-01-16,401627822,Alabama State Hornets,Alabama A&M Bulldogs,72,55,1,2,2011,2010,38.3,40.0
2024-01-17,401581498,App State Mountaineers,Georgia State Panthers,76,68,0,2,2026,2247,44.6,37.7
2024-01-17,401587912,VMI Keydets,Furman Paladins,60,100,0,2,2678,231,38.7,48.0
2024-01-17,401588638,Toledo Rockets,Buffalo Bulls,77,66,0,2,2649,2084,45.3,43.5
2024-01-17,401588639,Eastern Michigan Eagles,Ball State Cardinals,62,76,0,2,2199,2050,40.4,50.0
2024-01-17,401588640,Akron Zips,Western Michigan Broncos,77,66,0,2,2006,2711,50.9,45.0
2024-01-17,401588641,Miami (OH) RedHawks,Bowling Green Falcons,73,78,0,2,193,189,49.1,45.6
2024-01-17,401588642,Ohio Bobcats,Central Michigan Chippewas,73,61,0,2,195,2117,46.6,40.4
2024-01-17,401588643,Northern Illinois Huskies,Kent State Golden Flashes,76,83,0,2,2459,2309,50.9,60.4
2024-01-17,401594446,Colorado State Rams,Air Force Falcons,78,69,0,2,36,2005,43.9,41.1
2024-01-17,401596842,Dayton Flyers,Saint Louis Billikens,70,65,0,2,2168,139,42.6,40.9
2024-01-17,401596843,Duquesne Dukes,Richmond Spiders,61,63,0,2,2184,257,42.1,48.0
2024-01-17,401597130,Alabama Crimson Tide,Missouri Tigers,93,75,0,2,333,142,52.6,49.1
2024-01-17,401597131,Arkansas Razorbacks,Texas A&M Aggies,78,77,0,2,8,245,39.2,32.4
2024-01-17,401597133,South Carolina Gamecocks,Georgia Bulldogs,69,74,0,2,2579,61,39.7,37.7
2024-01-17,401597305,Boise State Broncos,UNLV Rebels,64,68,0,2,68,2439,39.7,44.8
2024-01-17,401598637,Army Black Knights,Colgate Raiders,56,64,0,2,349,2142,34.4,37.0
2024-01-17,401599490,Seton Hall Pirates,St. John's Red Storm,80,65,0,2,2550,2599,39.7,41.0
2024-01-17,401600334,Penn State Nittany Lions,Wisconsin Badgers,87,83,0,2,213,275,53.3,48.3
2024-01-17,401600335,Indiana Hoosiers,Purdue Boilermakers,66,87,0,2,84,2509,41.5,46.8
2024-01-17,401600795,New Mexico Lobos,Utah State Aggies,99,86,0,2,167,328,57.4,44.1
2024-01-17,401600809,Fresno State Bulldogs,San José State Spartans,85,82,0,2,278,23,55.0,47.0
2024-01-17,401601845,Indiana State Sycamores,Missouri State Bears,88,66,0,2,282,2623,55.6,45.0
2024-01-17,401602080,Rice Owls,Charlotte 49ers,79,81,0,2,242,2429,52.7,46.0
2024-01-17,401602081,SMU Mustangs,Temple Owls,77,64,0,2,2567,218,42.9,36.9
2024-01-17,401603419,BYU Cougars,Iowa State Cyclones,87,72,0,2,252,66,47.4,44.1
2024-01-17,401603420,Cincinnati Bearcats,TCU Horned Frogs,81,77,0,2,2132,2628,52.5,41.7
2024-01-17,401603421,Kansas State Wildcats,Baylor Bears,68,64,0,2,2306,239,40.7,32.9
2024-01-17,401603422,Oklahoma State Cowboys,Kansas Jayhawks,66,90,0,2,197,2305,39.6,62.1
2024-01-17,401604128,Clemson Tigers,Georgia Tech Yellow Jackets,90,93,0,2,228,59,41.4,50.0
2024-01-17,401604129,NC State Wolfpack,Wake Forest Demon Deacons,83,76,0,2,152,154,53.7,42.9
2024-01-17,401604130,Pittsburgh Panthers,Syracuse Orange,58,69,0,2,221,183,35.4,47.2
2024-01-18,401581193,Binghamton Bearcats,Vermont Catamounts,62,82,0,2,2066,261,43.4,56.4
2024-01-18,401581616,Southern Miss Golden Eagles,Arkansas State Red Wolves,69,66,0,2,2572,2032,35.4,34.4
2024-01-18,401581678,Texas State Bobcats,Louisiana Ragin' Cajuns,68,86,0,2,326,309,43.1,54.8
2024-01-18,401587695,Robert Morris Colonials,Detroit Mercy Titans,102,99,0,2,2523,2174,45.5,45.6
2024-01-18,401587696,Purdue Fort Wayne Mastodons,IU Indianapolis Jaguars,79,85,0,2,2870,85,46.7,59.3
2024-01-18,401587697,Oakland Golden Grizzlies,Youngstown State Penguins,70,67,0,2,2473,2754,44.6,39.4
2024-01-18,401587910,Mercer Bears,Chattanooga Mocs,60,74,0,2,2382,236,33.8,47.3
2024-01-18,401587911,UNC Greensboro Spartans,The Citadel Bulldogs,73,67,0,2,2430,2643,50.0,46.0
2024-01-18,401587913,Wofford Terriers,East Tennessee State Buccaneers,75,73,0,2,2747,2193,51.0,46.3
2024-01-18,401594489,Boston University Terriers,Bucknell Bison,57,73,0,2,104,2083,35.6,46.4
2024-01-18,401596844,St. Bonaventure Bonnies,Rhode Island Rams,99,64,0,2,179,227,57.6,40.7
2024-01-18,401596845,Loyola Chicago Ramblers,Massachusetts Minutemen,79,78,0,2,2350,113,46.4,41.4
2024-01-18,401596846,Fordham Rams,Davidson Wildcats,69,79,0,2,2230,2166,34.8,40.4
2024-01-18,401597134,LSU Tigers,Ole Miss Rebels,89,80,0,2,99,145,48.3,36.9
2024-01-18,401597135,Vanderbilt Commodores,Auburn Tigers,65,80,0,2,238,2,37.7,46.6
2024-01-18,401597136,Kentucky Wildcats,Mississippi State Bulldogs,90,77,0,2,96,344,55.6,44.9
2024-01-18,401597938,San Diego State Aztecs,Nevada Wolf Pack,71,59,0,2,21,2440,41.5,45.1
2024-01-18,401598593,Navy Midshipmen,Lehigh Mountain Hawks,71,69,0,2,2426,2329,44.6,48.0
2024-01-18,401599492,DePaul Blue Demons,Providence Friars,62,100,0,2,305,2507,45.6,58.3
2024-01-18,401599493,UConn Huskies,Creighton Bluejays,62,48,0,2,41,156,35.7,34.6
2024-01-18,401600154,Holy Cross Crusaders,Lafayette Leopards,68,72,0,2,107,322,45.6,45.0
2024-01-18,401600336,Northwestern Wildcats,Maryland Terrapins,72,69,0,2,77,120,43.6,52.1
2024-01-18,401600337,Rutgers Scarlet Knights,Nebraska Cornhuskers,87,82,0,2,164,158,38.5,37.9
2024-01-18,401600339,Michigan State Spartans,Minnesota Golden Gophers,76,66,0,2,127,135,44.6,42.9
2024-01-18,401601229,Radford Highlanders,Gardner-Webb Runnin' Bulldogs,68,74,0,2,2515,2241,46.6,50.9
2024-01-18,401601230,Presbyterian Blue Hose,High Point Panthers,83,86,0,2,2506,2272,55.6,50.0
2024-01-18,401601231,South Carolina Upstate Spartans,Longwood Lancers,73,71,0,2,2908,2344,52.7,49.0
2024-01-18,401601846,Belmont Bruins,Northern Iowa Panthers,72,83,0,2,2057,2460,47.5,51.8
2024-01-18,401601847,Evansville Purple Aces,Valparaiso Beacons,78,75,0,2,339,2674,50.9,44.4
2024-01-18,401601848,Illinois State Redbirds,Drake Bulldogs,56,77,0,2,2287,2181,38.3,55.9
2024-01-18,401601849,Southern Illinois Salukis,Bradley Braves,69,70,0,2,79,71,48.0,50.0
2024-01-18,401601850,UIC Flames,Murray State Racers,58,73,0,2,82,93,41.1,50.8
2024-01-18,401602082,East Carolina Pirates,North Texas Mean Green,59,60,0,2,151,249,41.7,40.0
2024-01-18,401602083,Tulsa Golden Hurricane,UTSA Roadrunners,107,78,0,2,202,2636,59.0,37.9
2024-01-18,401602084,UAB Blazers,Tulane Green Wave,83,69,0,2,5,2655,48.6,39.7
2024-01-18,401603423,Houston Cougars,Texas Tech Red Raiders,77,54,0,2,248,2641,52.4,36.7
2024-01-18,401603424,Oklahoma Sooners,West Virginia Mountaineers,77,63,0,2,201,277,49.0,45.7
2024-01-18,401603425,Texas Longhorns,UCF Knights,71,77,0,2,251,2116,50.0,50.9
2024-01-18,401604131,Miami Hurricanes,Florida State Seminoles,75,84,0,2,2390,52,46.6,48.5
2024-01-18,401604132,North Carolina Tar Heels,Louisville Cardinals,86,70,0,2,153,97,48.3,49.1
2024-01-18,401604133,Virginia Cavaliers,Virginia Tech Hokies,65,57,0,2,258,259,46.3,38.9
2024-01-18,401607383,Arizona Wildcats,USC Trojans,82,67,0,2,12,30,40.0,42.6
2024-01-18,401607474,Arizona State Sun Devils,UCLA Bruins,66,68,0,2,9,26,42.6,47.8
2024-01-19,401573403,Weber State Wildcats,Eastern Washington Eagles,78,80,0,2,2692,331,45.6,53.8
2024-01-19,401573404,Idaho State Bengals,Idaho Vandals,64,59,0,2,304,70,40.7,41.5
2024-01-19,401573405,Northern Arizona Lumberjacks,Portland State Vikings,84,65,0,2,2464,2502,42.3,39.7
2024-01-19,401573406,Northern Colorado Bears,Sacramento State Hornets,77,75,0,2,2458,16,52.5,50.9
2024-01-19,401573501,UC Irvine Anteaters,UC San Diego Tritons,76,65,0,2,300,28,49.1,37.5
2024-01-19,401573502,Cal State Fullerton Titans,UC Davis Aggies,65,67,0,2,2239,302,38.0,34.7
2024-01-19,401573503,Cal State Bakersfield Roadrunners,UC Riverside Highlanders,80,56,0,2,2934,27,52.6,29.2
2024-01-19,401573504,Long Beach State Beach,Hawai'i Rainbow Warriors,79,71,0,2,299,62,56.4,41.1
2024-01-19,401573505,Cal State Northridge Matadors,UC Santa Barbara Gauchos,69,97,0,2,2463,2540,39.1,53.2
2024-01-19,401573593,Liberty Flames,Florida International Panthers,78,69,0,2,2335,2229,46.6,47.5
2024-01-19,401573594,New Mexico State Aggies,Western Kentucky Hilltoppers,72,70,0,2,166,98,38.2,44.6
2024-01-19,401573595,UTEP Miners,Middle Tennessee Blue Raiders,73,59,0,2,2638,2393,47.9,46.8
2024-01-19,401574072,Stephen F. Austin Lumberjacks,Seattle U Redhawks,89,84,0,2,2617,2547,44.1,42.4
2024-01-19,401574073,Grand Canyon Lopes,Utah Valley Wolverines,78,65,0,2,2253,3084,52.9,35.7
2024-01-19,401574074,Southern Utah Thunderbirds,Utah Tech Trailblazers,75,65,0,2,253,3101,35.2,40.0
2024-01-19,401574075,Tarleton State Texans,Abilene Christian Wildcats,79,71,0,2,2627,2000,52.6,39.3
2024-01-19,401574076,UT Arlington Mavericks,UT Rio Grande Valley Vaqueros,91,73,0,2,250,292,40.0,42.9
2024-01-19,401574194,Austin Peay Governors,North Alabama Lions,83,80,0,2,2046,2453,47.5,45.9
2024-01-19,401574426,Lipscomb Bisons,Central Arkansas Bears,86,96,0,2,288,2110,51.7,53.3
2024-01-19,401574513,North Florida Ospreys,Kennesaw State Owls,84,75,0,2,2454,338,51.8,45.9
2024-01-19,401574538,Jacksonville Dolphins,Queens University Royals,79,77,0,2,294,2511,41.5,39.7
2024-01-19,401580048,North Dakota State Bison,Denver Pioneers,70,78,0,2,2449,2172,43.5,53.6
2024-01-19,401580049,South Dakota State Jackrabbits,Omaha Mavericks,90,87,0,2,2571,2437,53.4,44.3
2024-01-19,401580050,North Dakota Fighting Hawks,Oral Roberts Golden Eagles,87,77,0,2,155,198,48.4,44.3
2024-01-19,401580051,South Dakota Coyotes,St. Thomas Tommies,74,73,0,2,233,2900,48.2,34.3
2024-01-19,401581192,UAlbany Great Danes,UMass Lowell River Hawks,76,97,0,2,399,2349,43.1,64.3
2024-01-19,401581194,UMBC Retrievers,Maine Black Bears,70,65,0,2,2378,311,52.9,32.4
2024-01-19,401581195,NJIT Highlanders,New Hampshire Wildcats,62,70,0,2,2885,160,33.9,50.9
2024-01-19,401581632,Georgia Southern Eagles,Coastal Carolina Chanticleers,73,70,0,2,290,324,41.2,40.0
2024-01-19,401581671,James Madison Dukes,UL Monroe Warhawks,89,70,0,2,256,2433,50.8,43.6
2024-01-19,401581700,Old Dominion Monarchs,Marshall Thundering Herd,91,66,0,2,295,276,50.0,34.4
2024-01-19,401581707,South Alabama Jaguars,Troy Trojans,74,71,0,2,6,2653,47.2,36.5
2024-01-19,401587276,Lindenwood Lions,SIU Edwardsville Cougars,59,78,0,2,2815,2565,35.7,41.5
2024-01-19,401587277,Southern Indiana Screaming Eagles,Little Rock Trojans,75,77,0,2,88,2031,32.2,53.1
2024-01-19,401587278,Morehead State Eagles,UT Martin Skyhawks,84,66,0,2,2413,2630,58.9,47.1
2024-01-19,401587279,Tennessee State Tigers,Tennessee Tech Golden Eagles,85,53,0,2,2634,2635,63.3,36.8
2024-01-19,401587698,Wright State Raiders,Green Bay Phoenix,81,88,0,2,2750,2739,49.3,54.4
2024-01-19,401587699,Northern Kentucky Norse,Milwaukee Panthers,90,72,0,2,94,270,53.4,45.2
2024-01-19,401589453,Stonehill Skyhawks,Fairleigh Dickinson Knights,69,76,0,2,284,161,39.3,43.1
2024-01-19,401589680,Pepperdine Waves,Gonzaga Bulldogs,61,86,0,2,2492,2250,39.3,56.3
2024-01-19,401589681,San Francisco Dons,Loyola Marymount Lions,90,74,0,2,2539,2351,59.4,43.5
2024-01-19,401589682,Pacific Tigers,Santa Clara Broncos,69,88,0,2,279,2541,44.0,47.5
2024-01-19,401599494,Xavier Musketeers,Georgetown Hoyas,92,91,0,2,2752,46,50.0,42.9
2024-01-19,401600338,Michigan Wolverines,Illinois Fighting Illini,73,88,0,2,130,356,47.6,48.4
2024-01-19,401600667,William & Mary Tribe,Campbell Fighting Camels,64,77,0,2,2729,2097,41.5,61.8
2024-01-19,401600668,Hofstra Pride,Hampton Pirates,86,77,0,2,2275,2261,49.1,42.9
2024-01-19,401600669,Drexel Dragons,Monmouth Hawks,78,74,0,2,2182,2405,38.3,46.2
2024-01-19,401600670,North Carolina A&T Aggies,Northeastern Huskies,72,65,0,2,2448,111,43.2,43.5
2024-01-19,401600671,Elon Phoenix,UNC Wilmington Seahawks,70,82,0,2,2210,350,44.9,52.0
2024-01-19,401600672,Delaware Blue Hens,Stony Brook Seawolves,71,68,0,2,48,2619,44.2,44.4
2024-01-19,401600673,Charleston Cougars,Towson Tigers,78,82,0,2,232,119,39.7,51.7
2024-01-19,401601232,Winthrop Eagles,UNC Asheville Bulldogs,77,82,0,2,2737,2427,47.1,53.1
2024-01-19,401602085,Florida Atlantic Owls,Wichita State Shockers,86,77,0,2,2226,2724,47.0,56.4
2024-01-19,401602086,Memphis Tigers,South Florida Bulls,73,74,0,2,235,58,41.5,39.3
2024-01-19,401607384,California Golden Bears,Washington Huskies,75,77,0,2,25,264,46.6,37.7
2024-01-19,401607385,Utah Utes,Oregon State Beavers,74,47,0,2,254,204,44.3,29.1
2024-01-19,401607386,Colorado Buffaloes,Oregon Ducks,86,70,0,2,38,2483,50.8,46.4
2024-01-19,401607387,Stanford Cardinal,Washington State Cougars,75,89,0,2,24,265,51.9,54.3
2024-01-20,401573410,Northern Arizona Lumberjacks,Sacramento State Hornets,70,61,0,2,2464,16,37.3,36.7
2024-01-20,401573506,UC Santa Barbara Gauchos,Cal State Fullerton Titans,69,73,0,2,2540,2239,46.9,47.9
2024-01-20,401573508,UC Davis Aggies,UC Irvine Anteaters,54,52,0,2,302,300,34.6,33.3
2024-01-20,401573597,Jacksonville State Gamecocks,Louisiana Tech Bulldogs,57,74,0,2,55,2348,47.8,54.0
2024-01-20,401574079,Utah Valley Wolverines,Utah Tech Trailblazers,84,71,0,2,3084,3101,47.2,38.7
2024-01-20,401574080,Abilene Christian Wildcats,UT Arlington Mavericks,78,67,0,2,2000,250,43.3,32.3
2024-01-20,401574195,Austin Peay Governors,Central Arkansas Bears,94,71,0,2,2046,2110,54.5,44.4
2024-01-20,401574514,Jacksonville Dolphins,Kennesaw State Owls,79,83,0,2,294,338,46.4,50.0
2024-01-20,401574526,North Florida Ospreys,Queens University Royals,91,75,0,2,2454,2511,51.6,47.5
2024-01-20,401577669,Brown Bears,Cornell Big Red,83,84,0,2,225,172,49.1,49.1
2024-01-20,401578968,Houston Christian Huskies,Lamar Cardinals,78,77,0,2,2277,2320,49.2,46.5
2024-01-20,401579017,Incarnate Word Cardinals,McNeese Cowboys,66,80,0,2,2916,2377,40.0,52.9
2024-01-20,401579045,LSU New Orleans Privateers,Northwestern State Demons,67,92,0,2,2443,2466,39.1,55.7
2024-01-20,401579057,Texas A&M-Corpus Christi Islanders,Nicholls Colonels,69,59,0,2,357,2447,39.7,35.3
2024-01-20,401579078,SE Louisiana Lions,East Texas A&M Lions,52,68,0,2,2545,2837,41.3,45.6
2024-01-20,401580052,North Dakota State Bison,Oral Roberts Golden Eagles,72,67,0,2,2449,198,40.0,46.3
2024-01-20,401580053,North Dakota Fighting Hawks,Denver Pioneers,92,78,0,2,155,2172,46.3,42.9
2024-01-20,401580054,South Dakota Coyotes,South Dakota State Jackrabbits,55,73,0,2,233,2571,34.5,47.8
2024-01-20,401580055,Omaha Mavericks,Kansas City Roos,72,74,0,2,2437,140,51.0,44.6
2024-01-20,401581197,Binghamton Bearcats,UMass Lowell River Hawks,60,80,0,2,2066,2349,42.6,52.7
2024-01-20,401581198,NJIT Highlanders,Maine Black Bears,64,70,0,2,2885,311,37.9,48.0
2024-01-20,401581199,UMBC Retrievers,New Hampshire Wildcats,58,64,0,2,2378,160,39.1,38.5
2024-01-20,401581499,App State Mountaineers,Coastal Carolina Chanticleers,88,59,0,2,2026,324,56.3,36.2
2024-01-20,401581617,Texas State Bobcats,Arkansas State Red Wolves,72,79,0,2,326,2032,45.3,41.5
2024-01-20,401581647,Georgia Southern Eagles,Georgia State Panthers,86,70,0,2,290,2247,49.1,42.4
2024-01-20,401581672,James Madison Dukes,Marshall Thundering Herd,67,52,0,2,256,276,38.7,29.5
2024-01-20,401581679,South Alabama Jaguars,Louisiana Ragin' Cajuns,79,88,0,2,6,309,52.7,48.4
2024-01-20,401581714,Southern Miss Golden Eagles,Troy Trojans,64,63,0,2,2572,2653,45.1,41.5
2024-01-20,401581748,Pennsylvania Quakers,Harvard Crimson,61,70,0,2,219,108,35.7,43.6
2024-01-20,401583823,Jackson State Tigers,Prairie View A&M Panthers,62,71,0,2,2296,2504,38.5,42.9
2024-01-20,401587121,Lipscomb Bisons,North Alabama Lions,88,79,0,2,288,2453,57.4,56.4
2024-01-20,401587175,Columbia Lions,Princeton Tigers,62,70,0,2,171,163,41.9,50.0
2024-01-20,401587192,Dartmouth Big Green,Yale Bulldogs,51,76,0,2,159,43,28.8,47.7
2024-01-20,401587280,Lindenwood Lions,Eastern Illinois Panthers,68,78,0,2,2815,2197,50.0,43.1
2024-01-20,401587281,Southern Indiana Screaming Eagles,Morehead State Eagles,70,81,0,2,88,2413,45.8,44.2
2024-01-20,401587282,Southeast Missouri State Redhawks,SIU Edwardsville Cougars,52,47,0,2,2546,2565,35.1,31.5
2024-01-20,401587283,Western Illinois Leathernecks,Tennessee State Tigers,57,58,0,2,2710,2634,38.2,42.1
2024-01-20,401587700,Cleveland State Vikings,Purdue Fort Wayne Mastodons,75,68,0,2,325,2870,51.8,40.0
2024-01-20,401587701,Northern Kentucky Norse,Green Bay Phoenix,74,52,0,2,94,2739,53.1,35.2
2024-01-20,401587703,IU Indianapolis Jaguars,Robert Morris Colonials,63,80,0,2,85,2523,44.0,50.0
2024-01-20,401587704,Detroit Mercy Titans,Youngstown State Penguins,64,105,0,2,2174,2754,40.0,63.3
2024-01-20,401587914,Samford Bulldogs,Mercer Bears,87,80,0,2,2535,2382,46.6,52.8
2024-01-20,401587915,UNC Greensboro Spartans,Wofford Terriers,82,59,0,2,2430,2747,52.7,37.7
2024-01-20,401587917,VMI Keydets,The Citadel Bulldogs,70,63,0,2,2678,2643,39.7,42.6
2024-01-20,401587918,Furman Paladins,Western Carolina Catamounts,65,62,0,2,231,2717,41.3,40.0
2024-01-20,401588644,Kent State Golden Flashes,Akron Zips,71,77,0,2,2309,2006,40.4,47.5
2024-01-20,401588645,Ohio Bobcats,Eastern Michigan Eagles,85,67,0,2,195,2199,56.4,41.3
2024-01-20,401588646,Central Michigan Chippewas,Toledo Rockets,65,62,0,2,2117,2649,42.6,33.9
2024-01-20,401588647,Ball State Cardinals,Miami (OH) RedHawks,80,87,0,2,2050,193,40.6,50.8
2024-01-20,401588648,Bowling Green Falcons,Western Michigan Broncos,84,79,0,2,189,2711,39.1,45.1
2024-01-20,401589390,Saint Francis Red Wolves,Long Island University Sharks,72,66,0,2,2598,112358,44.1,39.6
2024-01-20,401589471,Merrimack Warriors,Wagner Seahawks,65,71,0,2,2771,2681,42.6,50.0
2024-01-20,401589505,Central Connecticut Blue Devils,Le Moyne Dolphins,73,75,0,2,2115,2330,43.1,45.2
2024-01-20,401589741,Coppin State Eagles,Morgan State Bears,86,89,0,2,2154,2415,50.0,45.0
2024-01-20,401594261,Iona Gaels,Canisius Golden Griffins,70,58,0,2,314,2099,41.0,47.9
2024-01-20,401594294,Fairfield Stags,Saint Peter's Peacocks,76,67,0,2,2217,2612,50.0,44.1
2024-01-20,401594332,Mount St. Mary's Mountaineers,Marist Red Foxes,65,48,0,2,116,2368,44.4,37.5
2024-01-20,401594366,Rider Broncs,Niagara Purple Eagles,74,78,0,2,2520,315,43.3,51.9
2024-01-20,401594374,Siena Saints,Quinnipiac Bobcats,70,82,0,2,2561,2514,44.8,42.9
2024-01-20,401594408,Howard Bison,Norfolk State Spartans,61,65,0,2,47,2450,42.2,41.8
2024-01-20,401594447,Air Force Falcons,New Mexico Lobos,66,85,0,2,2005,167,47.2,54.7
2024-01-20,401594490,Lafayette Leopards,Bucknell Bison,75,72,0,2,322,2083,42.9,41.3
2024-01-20,401594513,Holy Cross Crusaders,Loyola Maryland Greyhounds,86,78,0,2,107,2352,56.6,53.7
2024-01-20,401596847,VCU Rams,Saint Louis Billikens,85,61,0,2,2670,139,50.0,35.7
2024-01-20,401596848,Dayton Flyers,Rhode Island Rams,96,62,0,2,2168,227,55.9,39.6
2024-01-20,401596849,Saint Joseph's Hawks,Duquesne Dukes,71,69,0,2,2603,2184,47.3,41.4
2024-01-20,401596850,George Mason Patriots,St. Bonaventure Bonnies,69,60,0,2,2244,179,46.9,35.6
2024-01-20,401596851,Davidson Wildcats,Richmond Spiders,64,69,0,2,2166,257,37.5,40.0
2024-01-20,401596852,Massachusetts Minutemen,George Washington Revolutionaries,81,67,0,2,113,45,50.8,36.2
2024-01-20,401596853,Fordham Rams,Loyola Chicago Ramblers,61,65,0,2,2230,2350,36.2,47.9
2024-01-20,401597137,Arkansas Razorbacks,South Carolina Gamecocks,64,77,0,2,8,2579,37.1,51.9
2024-01-20,401597139,LSU Tigers,Texas A&M Aggies,69,73,0,2,99,245,41.7,37.7
2024-01-20,401597140,Mississippi State Bulldogs,Vanderbilt Commodores,68,55,0,2,344,238,43.1,37.7
2024-01-20,401597142,Kentucky Wildcats,Georgia Bulldogs,105,96,0,2,96,61,61.9,50.0
2024-01-20,401597143,Tennessee Volunteers,Alabama Crimson Tide,91,71,0,2,2633,333,48.5,44.6
2024-01-20,401597306,Colorado State Rams,UNLV Rebels,78,75,0,2,36,2439,49.1,50.9
2024-01-20,401597387,Lehigh Mountain Hawks,American University Eagles,70,68,0,2,2329,44,51.1,41.9
2024-01-20,401597939,Boise State Broncos,San Diego State Aztecs,67,66,0,2,68,21,39.3,43.1
2024-01-20,401597968,Colgate Raiders,Boston University Terriers,75,59,0,2,2142,104,43.4,39.3
2024-01-20,401598594,Navy Midshipmen,Army Black Knights,57,53,0,2,2426,349,38.8,38.0
2024-01-20,401598904,Arkansas-Pine Bluff Golden Lions,Florida A&M Rattlers,99,97,0,2,2029,50,56.6,54.2
2024-01-20,401599495,Butler Bulldogs,DePaul Blue Demons,74,60,0,2,2086,305,40.0,41.8
2024-01-20,401599496,Seton Hall Pirates,Creighton Bluejays,94,97,0,2,2550,156,41.9,42.7
2024-01-20,401599497,St. John's Red Storm,Marquette Golden Eagles,72,73,0,2,2599,269,40.6,54.2
2024-01-20,401600248,Chicago State Cougars,East West Phantoms,131,55,0,2,2130,3107,58.8,34.3
2024-01-20,401600340,Wisconsin Badgers,Indiana Hoosiers,91,79,0,2,275,84,59.6,53.8
2024-01-20,401600341,Nebraska Cornhuskers,Northwestern Wildcats,75,69,0,2,158,77,55.3,38.1
2024-01-20,401600342,Ohio State Buckeyes,Penn State Nittany Lions,79,67,0,2,194,213,45.8,37.1
2024-01-20,401600343,Iowa Hawkeyes,Purdue Boilermakers,70,84,0,2,2294,2509,45.8,44.8
2024-01-20,401600674,Towson Tigers,Campbell Fighting Camels,77,43,0,2,119,2097,43.1,32.1
2024-01-20,401600675,UNC Wilmington Seahawks,Charleston Cougars,78,69,0,2,350,232,42.6,38.8
2024-01-20,401600676,Drexel Dragons,Delaware Blue Hens,86,67,0,2,2182,48,60.0,43.3
2024-01-20,401600677,Monmouth Hawks,Hampton Pirates,85,77,0,2,2405,2261,46.4,49.2
2024-01-20,401600679,North Carolina A&T Aggies,William & Mary Tribe,76,69,0,2,2448,2729,44.6,35.1
2024-01-20,401600796,Utah State Aggies,Fresno State Bulldogs,83,62,0,2,328,278,55.0,41.4
2024-01-20,401601234,Gardner-Webb Runnin' Bulldogs,Winthrop Eagles,79,74,0,2,2241,2737,49.1,41.9
2024-01-20,401601235,Longwood Lancers,Presbyterian Blue Hose,80,70,0,2,2344,2506,44.4,48.1
2024-01-20,401601236,Radford Highlanders,South Carolina Upstate Spartans,64,61,0,2,2515,2908,41.7,37.3
2024-01-20,401601851,Bradley Braves,Belmont Bruins,95,72,0,2,71,2057,61.0,48.1
2024-01-20,401601852,Drake Bulldogs,Evansville Purple Aces,97,48,0,2,2181,339,63.9,35.6
2024-01-20,401601853,Missouri State Bears,Illinois State Redbirds,60,69,0,2,2623,2287,33.9,43.1
2024-01-20,401601855,Valparaiso Beacons,UIC Flames,84,77,0,2,2674,82,45.0,46.9
2024-01-20,401602087,Charlotte 49ers,North Texas Mean Green,56,44,0,2,2429,249,42.6,32.1
2024-01-20,401602088,SMU Mustangs,Tulsa Golden Hurricane,103,70,0,2,2567,202,51.4,41.9
2024-01-20,401602089,Temple Owls,Rice Owls,66,69,0,2,218,242,40.3,40.7
2024-01-20,401602090,UAB Blazers,East Carolina Pirates,69,61,0,2,5,151,43.1,36.7
2024-01-20,401602349,Alcorn State Braves,Texas Southern Tigers,61,72,0,2,2016,2640,42.3,40.7
2024-01-20,401603426,Cincinnati Bearcats,Oklahoma Sooners,65,69,0,2,2132,201,38.6,41.4
2024-01-20,401603427,Houston Cougars,UCF Knights,57,42,0,2,248,2116,34.5,15.9
2024-01-20,401603429,TCU Horned Frogs,Iowa State Cyclones,72,73,0,2,2628,66,50.0,46.8
2024-01-20,401603430,Texas Longhorns,Baylor Bears,75,73,0,2,251,239,51.9,47.9
2024-01-20,401603431,Texas Tech Red Raiders,BYU Cougars,85,78,0,2,2641,252,47.5,44.3
2024-01-20,401603432,West Virginia Mountaineers,Kansas Jayhawks,91,85,0,2,277,2305,51.8,53.3
2024-01-20,401604134,Boston College Eagles,North Carolina Tar Heels,66,76,0,2,103,153,34.5,44.6
2024-01-20,401604135,Wake Forest Demon Deacons,Louisville Cardinals,90,65,0,2,154,97,50.0,45.8
2024-01-20,401604137,Florida State Seminoles,Clemson Tigers,67,78,0,2,52,228,40.7,51.0
2024-01-20,401604138,Georgia Tech Yellow Jackets,Virginia Cavaliers,66,75,0,2,59,258,45.1,50.0
2024-01-20,401604139,NC State Wolfpack,Virginia Tech Hokies,78,84,0,2,152,259,43.3,53.1
2024-01-20,401604140,Syracuse Orange,Miami Hurricanes,72,69,0,2,183,2390,39.7,49.2
2024-01-20,401604287,Grambling Tigers,Southern Jaguars,79,62,0,2,2755,2582,46.0,40.0
2024-01-20,401604426,Delaware State Hornets,Maryland Eastern Shore Hawks,67,63,0,2,2169,2379,41.5,37.3
2024-01-20,401606749,South Carolina State Bulldogs,North Carolina Central Eagles,71,68,0,2,2569,2428,43.9,47.9
2024-01-20,401607388,Arizona Wildcats,UCLA Bruins,77,71,0,2,12,26,42.6,44.6
2024-01-20,401607389,Arizona State Sun Devils,USC Trojans,82,67,0,2,9,30,42.9,46.6
2024-01-20,401607448,California Golden Bears,Washington State Cougars,81,75,0,2,25,265,39.4,45.8
2024-01-21,401573407,Idaho State Bengals,Eastern Washington Eagles,67,79,0,2,304,331,38.6,59.2
2024-01-21,401573408,Weber State Wildcats,Idaho Vandals,88,65,0,2,2692,70,50.0,49.0
2024-01-21,401573409,Montana State Bobcats,Montana Grizzlies,77,87,0,2,147,149,55.4,61.5
2024-01-21,401573411,Northern Colorado Bears,Portland State Vikings,90,61,0,2,2458,2502,51.6,36.1
2024-01-21,401573507,UC Riverside Highlanders,Cal State Northridge Matadors,82,63,0,2,27,2463,44.4,36.9
2024-01-21,401573509,UC San Diego Tritons,Hawai'i Rainbow Warriors,67,61,0,2,28,62,45.1,47.9
2024-01-21,401573510,Cal State Bakersfield Roadrunners,Cal Poly Mustangs,65,53,0,2,2934,13,48.2,35.2
2024-01-21,401573596,Liberty Flames,Sam Houston Bearkats,82,66,0,2,2335,2534,56.6,46.3
2024-01-21,401573598,UTEP Miners,Western Kentucky Hilltoppers,93,87,0,2,2638,98,46.3,61.9
2024-01-21,401573599,New Mexico State Aggies,Middle Tennessee Blue Raiders,73,62,0,2,166,2393,41.8,34.5
2024-01-21,401574077,Seattle U Redhawks,Grand Canyon Lopes,86,79,0,2,2547,2253,51.0,38.9
2024-01-21,401574078,California Baptist Lancers,Southern Utah Thunderbirds,83,76,0,2,2856,253,41.7,44.6
2024-01-21,401574081,UT Rio Grande Valley Vaqueros,Tarleton State Texans,73,77,0,2,292,2627,47.2,46.3
2024-01-21,401574440,Eastern Kentucky Colonels,Bellarmine Knights,82,70,0,2,2198,91,50.9,42.4
2024-01-21,401574630,Mississippi Valley State Delta Devils,Bethune-Cookman Wildcats,64,80,0,2,2400,2065,29.1,48.9
2024-01-21,401581196,UAlbany Great Danes,Bryant Bulldogs,89,98,0,2,399,2803,40.8,51.5
2024-01-21,401581691,Old Dominion Monarchs,UL Monroe Warhawks,73,80,0,2,295,2433,42.6,49.0
2024-01-21,401587702,Wright State Raiders,Milwaukee Panthers,95,81,0,2,2750,270,63.6,47.7
2024-01-21,401587916,East Tennessee State Buccaneers,Chattanooga Mocs,74,81,0,2,2193,236,41.9,52.5
2024-01-21,401589391,Le Moyne Dolphins,Saint Francis Red Wolves,94,57,0,2,2330,2598,59.6,38.9
2024-01-21,401589454,Merrimack Warriors,Stonehill Skyhawks,63,47,0,2,2771,284,33.9,34.6
2024-01-21,401589472,Sacred Heart Pioneers,Wagner Seahawks,66,61,0,2,2529,2681,49.0,43.4
2024-01-21,401589683,San Diego Toreros,Gonzaga Bulldogs,63,105,0,2,301,2250,34.3,56.5
2024-01-21,401589684,Santa Clara Broncos,Portland Pilots,101,86,0,2,2541,2501,55.1,46.3
2024-01-21,401589685,Pepperdine Waves,Loyola Marymount Lions,61,68,0,2,2492,2351,36.4,36.0
2024-01-21,401589686,San Francisco Dons,Saint Mary's Gaels,60,77,0,2,2539,2608,41.2,47.5
2024-01-21,401593875,Florida Gulf Coast Eagles,Stetson Hatters,80,56,0,2,526,56,57.9,37.7
2024-01-21,401594262,Saint Peter's Peacocks,Canisius Golden Griffins,70,59,0,2,2612,2099,42.1,33.3
2024-01-21,401594295,Manhattan Jaspers,Fairfield Stags,75,82,0,2,2363,2217,45.3,43.5
2024-01-21,401594313,Quinnipiac Bobcats,Iona Gaels,91,87,0,2,2514,314,58.9,49.2
2024-01-21,401594333,Marist Red Foxes,Siena Saints,50,48,0,2,2368,2561,36.8,41.5
2024-01-21,401594352,Mount St. Mary's Mountaineers,Niagara Purple Eagles,71,82,0,2,116,315,58.8,54.7
2024-01-21,401597138,Auburn Tigers,Ole Miss Rebels,82,59,0,2,2,145,58.2,36.8
2024-01-21,401597141,Missouri Tigers,Florida Gators,67,79,0,2,142,57,43.4,44.6
2024-01-21,401599498,Villanova Wildcats,UConn Huskies,65,66,0,2,222,41,44.9,40.8
2024-01-21,401600249,Chicago State Cougars,Saint Xavier Cougars,108,58,0,2,2130,2615,58.0,35.5
2024-01-21,401600344,Illinois Fighting Illini,Rutgers Scarlet Knights,86,63,0,2,356,164,50.8,37.7
2024-01-21,401600345,Maryland Terrapins,Michigan State Spartans,59,61,0,2,120,127,42.0,42.0
2024-01-21,401600678,Elon Phoenix,Northeastern Huskies,72,84,0,2,2210,111,51.9,51.7
2024-01-21,401601233,High Point Panthers,Charleston Southern Buccaneers,86,79,0,2,2272,2127,40.6,45.5
2024-01-21,401601854,Northern Iowa Panthers,Southern Illinois Salukis,61,57,0,2,2460,79,44.4,37.7
2024-01-21,401601856,Murray State Racers,Indiana State Sycamores,63,72,0,2,93,282,41.0,46.4
2024-01-21,401602091,South Florida Bulls,Wichita State Shockers,72,68,0,2,58,2724,40.0,49.1
2024-01-21,401602092,Tulane Green Wave,Memphis Tigers,81,79,0,2,2655,235,40.7,46.7
2024-01-21,401602093,UTSA Roadrunners,Florida Atlantic Owls,103,112,0,2,2636,2226,49.3,52.1
2024-01-21,401602980,Wyoming Cowboys,Nevada Wolf Pack,98,93,0,2,2751,2440,57.7,50.7
2024-01-21,401603428,Kansas State Wildcats,Oklahoma State Cowboys,70,66,0,2,2306,197,52.1,41.5
2024-01-21,401604136,Duke Blue Devils,Pittsburgh Panthers,76,80,0,2,150,221,44.9,50.8
2024-01-21,401607390,Colorado Buffaloes,Oregon State Beavers,90,57,0,2,38,204,52.5,33.3
2024-01-21,401607450,Stanford Cardinal,Washington Huskies,90,80,0,2,24,264,50.9,48.3
2024-01-21,401607464,Utah Utes,Oregon Ducks,80,77,0,2,254,2483,50.0,44.6
2024-01-22,401589495,Long Island University Sharks,Central Connecticut Blue Devils,63,72,0,2,112358,2115,43.9,40.4
2024-01-23,401573412,Montana State Bobcats,Idaho State Bengals,77,70,0,2,147,304,58.7,40.0
2024-01-23,401573413,Montana Grizzlies,Weber State Wildcats,77,62,0,2,149,2692,55.1,38.9
2024-01-23,401574631,Arkansas-Pine Bluff Golden Lions,Bethune-Cookman Wildcats,76,72,0,2,2029,2065,47.1,42.4
2024-01-23,401578969,Houston Christian Huskies,LSU New Orleans Privateers,88,80,0,2,2277,2443,58.5,40.5
2024-01-23,401579018,Texas A&M-Corpus Christi Islanders,McNeese Cowboys,61,62,0,2,357,2377,37.7,36.8
2024-01-23,401579058,Incarnate Word Cardinals,Nicholls Colonels,74,78,0,2,2916,2447,48.1,47.3
2024-01-23,401579069,SE Louisiana Lions,Northwestern State Demons,71,62,0,2,2545,2466,40.4,37.9
2024-01-23,401579086,Lamar Cardinals,East Texas A&M Lions,76,65,0,2,2320,2837,42.3,35.8
2024-01-23,401583824,Jackson State Tigers,Texas Southern Tigers,73,64,0,2,2296,2640,39.7,37.5
2024-01-23,401596857,La Salle Explorers,Dayton Flyers,54,66,0,2,2325,2168,35.6,47.4
2024-01-23,401598026,Alcorn State Braves,Prairie View A&M Panthers,90,78,0,2,2016,2504,64.6,50.0
2024-01-23,401598638,Colgate Raiders,Lehigh Mountain Hawks,60,57,0,2,2142,2329,39.3,31.6
2024-01-23,401598905,Mississippi Valley State Delta Devils,Florida A&M Rattlers,70,81,0,2,2400,50,40.7,45.2
2024-01-23,401599500,Georgetown Hoyas,Butler Bulldogs,66,90,0,2,46,2086,34.8,56.9
2024-01-23,401600680,Stony Brook Seawolves,Hofstra Pride,74,80,0,2,2619,2275,41.0,51.8
2024-01-23,401603433,Kansas Jayhawks,Cincinnati Bearcats,74,69,0,2,2305,2132,46.2,39.3
2024-01-23,401604141,North Carolina Tar Heels,Wake Forest Demon Deacons,85,64,0,2,153,154,52.5,35.6
2024-01-23,401604796,Maryland Eastern Shore Hawks,Queens (NY) QUEENS COLLEGE (NY),71,61,0,2,2379,2512,48.0,36.8
2024-01-24,401587922,VMI Keydets,East Tennessee State Buccaneers,73,74,0,2,2678,2193,43.6,42.0
2024-01-24,401588649,Akron Zips,Ohio Bobcats,67,58,0,2,2006,195,41.9,38.9
2024-01-24,401588650,Western Michigan Broncos,Eastern Michigan Eagles,73,56,0,2,2711,2199,46.7,32.3
2024-01-24,401588651,Central Michigan Chippewas,Miami (OH) RedHawks,71,55,0,2,2117,193,42.4,38.2
2024-01-24,401588652,Bowling Green Falcons,Kent State Golden Flashes,84,90,0,2,189,2309,43.3,49.2
2024-01-24,401588653,Buffalo Bulls,Ball State Cardinals,59,87,0,2,2084,2050,32.8,50.8
2024-01-24,401588654,Northern Illinois Huskies,Toledo Rockets,73,89,0,2,2459,2649,48.3,48.4
2024-01-24,401594448,UNLV Rebels,Air Force Falcons,58,90,0,2,2439,2005,31.6,55.4
2024-01-24,401596854,VCU Rams,Loyola Chicago Ramblers,74,67,0,2,2670,2350,44.2,41.7
2024-01-24,401596855,Massachusetts Minutemen,Saint Joseph's Hawks,77,78,0,2,113,2603,44.6,47.5
2024-01-24,401596856,Duquesne Dukes,St. Bonaventure Bonnies,54,50,0,2,2184,179,30.6,27.1
2024-01-24,401597144,South Carolina Gamecocks,Kentucky Wildcats,79,62,0,2,2579,96,48.3,40.3
2024-01-24,401597145,Texas A&M Aggies,Missouri Tigers,63,57,0,2,245,142,28.8,38.9
2024-01-24,401597149,Georgia Bulldogs,LSU Tigers,68,66,0,2,61,99,43.1,38.6
2024-01-24,401597940,San Diego State Aztecs,Wyoming Cowboys,81,65,0,2,21,2751,49.2,40.4
2024-01-24,401598581,Cornell Big Red,Wells College Express,105,49,0,2,172,124846,47.6,38.0
2024-01-24,401599499,Creighton Bluejays,Xavier Musketeers,85,78,0,2,156,2752,49.1,40.8
2024-01-24,401599502,Seton Hall Pirates,Providence Friars,63,67,0,2,2550,2507,32.3,44.9
2024-01-24,401600346,Purdue Boilermakers,Michigan Wolverines,99,67,0,2,2509,130,51.5,33.8
2024-01-24,401600347,Nebraska Cornhuskers,Ohio State Buckeyes,83,69,0,2,158,194,49.2,48.2
2024-01-24,401600348,Minnesota Golden Gophers,Wisconsin Badgers,59,61,0,2,135,275,37.9,42.6
2024-01-24,401600810,Fresno State Bulldogs,Boise State Broncos,68,72,0,2,278,68,52.8,46.3
2024-01-24,401601240,UNC Asheville Bulldogs,Radford Highlanders,81,69,0,2,2427,2515,59.6,46.3
2024-01-24,401601857,Illinois State Redbirds,Belmont Bruins,77,67,0,2,2287,2057,45.6,40.7
2024-01-24,401601858,Northern Iowa Panthers,Evansville Purple Aces,70,63,0,2,2460,339,41.5,44.6
2024-01-24,401602094,Charlotte 49ers,UAB Blazers,76,70,0,2,2429,5,52.1,53.2
2024-01-24,401603434,BYU Cougars,Houston Cougars,68,75,0,2,252,248,42.4,40.7
2024-01-24,401603435,Oklahoma Sooners,Texas Longhorns,60,75,0,2,201,251,39.3,50.0
2024-01-24,401603436,Oklahoma State Cowboys,TCU Horned Frogs,69,74,0,2,197,2628,41.2,52.6
2024-01-24,401603437,UCF Knights,West Virginia Mountaineers,72,59,0,2,2116,277,37.3,36.2
2024-01-24,401604142,Syracuse Orange,Florida State Seminoles,69,85,0,2,183,52,44.2,49.2
2024-01-24,401604143,Georgia Tech Yellow Jackets,Pittsburgh Panthers,64,72,0,2,59,221,39.3,48.0
2024-01-24,401604144,Louisville Cardinals,Duke Blue Devils,69,83,0,2,97,150,46.2,46.0
2024-01-24,401604145,Virginia Tech Hokies,Boston College Eagles,76,71,0,2,259,103,49.1,50.0
2024-01-24,401632759,Portland Pilots,San Diego Toreros,81,85,0,2,2501,301,51.8,52.9
2024-01-25,401573600,Middle Tennessee Blue Raiders,Jacksonville State Gamecocks,75,67,0,2,2393,55,44.6,42.6
2024-01-25,401574427,Queens University Royals,Central Arkansas Bears,96,79,0,2,2511,2110,50.7,42.4
2024-01-25,401574515,Kennesaw State Owls,North Alabama Lions,84,90,0,2,338,2453,38.5,40.3
2024-01-25,401574527,Bellarmine Knights,North Florida Ospreys,63,71,0,2,91,2454,41.1,46.0
2024-01-25,401581200,Maine Black Bears,UAlbany Great Danes,81,73,0,2,311,399,52.7,50.9
2024-01-25,401581203,UMass Lowell River Hawks,Vermont Catamounts,65,72,0,2,2349,261,36.8,40.0
2024-01-25,401581500,App State Mountaineers,Georgia Southern Eagles,84,74,0,2,2026,290,46.7,44.3
2024-01-25,401581633,Coastal Carolina Chanticleers,Southern Miss Golden Eagles,63,79,0,2,324,2572,46.6,48.2
2024-01-25,401581659,Marshall Thundering Herd,Georgia State Panthers,77,68,0,2,276,2247,40.0,43.9
2024-01-25,401581673,Old Dominion Monarchs,James Madison Dukes,62,78,0,2,295,256,39.7,42.9
2024-01-25,401581717,Troy Trojans,Texas State Bobcats,78,65,0,2,2653,326,54.2,41.5
2024-01-25,401587919,Western Carolina Catamounts,UNC Greensboro Spartans,82,85,0,2,2717,2430,38.0,43.9
2024-01-25,401587920,The Citadel Bulldogs,Mercer Bears,68,66,0,2,2643,2382,41.5,45.0
2024-01-25,401587921,Furman Paladins,Samford Bulldogs,78,68,0,2,231,2535,45.9,43.8
2024-01-25,401587923,Wofford Terriers,Chattanooga Mocs,65,79,0,2,2747,236,50.0,56.1
2024-01-25,401589509,Fairleigh Dickinson Knights,Central Connecticut Blue Devils,60,76,0,2,161,2115,36.2,54.5
2024-01-25,401594491,Bucknell Bison,Navy Midshipmen,71,63,0,2,2083,2426,48.9,35.2
2024-01-25,401594514,Loyola Maryland Greyhounds,Lafayette Leopards,44,70,0,2,2352,322,35.4,50.9
2024-01-25,401596858,Richmond Spiders,George Washington Revolutionaries,82,74,0,2,257,45,45.0,37.5
2024-01-25,401596859,Saint Louis Billikens,Davidson Wildcats,61,84,0,2,139,2166,37.5,46.2
2024-01-25,401596860,Rhode Island Rams,Fordham Rams,68,71,0,2,227,2230,45.1,47.4
2024-01-25,401597146,Alabama Crimson Tide,Auburn Tigers,79,75,0,2,333,2,38.2,41.8
2024-01-25,401597147,Florida Gators,Mississippi State Bulldogs,79,70,0,2,57,344,42.2,38.7
2024-01-25,401597148,Ole Miss Rebels,Arkansas Razorbacks,77,51,0,2,145,8,47.0,33.3
2024-01-25,401597388,American University Eagles,Holy Cross Crusaders,84,65,0,2,44,107,51.8,48.0
2024-01-25,401597969,Boston University Terriers,Army Black Knights,59,69,0,2,104,349,37.5,48.9
2024-01-25,401599501,DePaul Blue Demons,Marquette Golden Eagles,73,86,0,2,305,269,47.3,54.5
2024-01-25,401599503,St. John's Red Storm,Villanova Wildcats,70,50,0,2,2599,222,46.7,37.5
2024-01-25,401600349,Northwestern Wildcats,Illinois Fighting Illini,96,91,0,2,77,356,55.1,40.8
2024-01-25,401600350,Iowa Hawkeyes,Maryland Terrapins,67,69,0,2,2294,120,42.1,47.1
2024-01-25,401600683,Campbell Fighting Camels,Elon Phoenix,78,68,0,2,2097,2210,50.8,39.0
2024-01-25,401600684,Stony Brook Seawolves,Monmouth Hawks,72,65,0,2,2619,2405,45.3,37.9
2024-01-25,401601237,Charleston Southern Buccaneers,Winthrop Eagles,59,78,0,2,2127,2737,32.8,57.9
2024-01-25,401601238,Longwood Lancers,Gardner-Webb Runnin' Bulldogs,64,76,0,2,2344,2241,31.7,52.9
2024-01-25,401601239,South Carolina Upstate Spartans,High Point Panthers,67,78,0,2,2908,2272,46.7,39.3
2024-01-25,401601859,Bradley Braves,Murray State Racers,71,63,0,2,71,93,50.0,43.6
2024-01-25,401601860,Missouri State Bears,Drake Bulldogs,83,80,0,2,2623,2181,39.8,42.3
2024-01-25,401601861,Southern Illinois Salukis,Valparaiso Beacons,75,69,0,2,79,2674,46.2,44.1
2024-01-25,401601862,UIC Flames,Indiana State Sycamores,83,89,0,2,82,282,47.7,53.6
2024-01-25,401602095,Temple Owls,South Florida Bulls,69,75,0,2,218,58,37.7,50.0
2024-01-25,401602096,Rice Owls,Florida Atlantic Owls,56,69,0,2,242,2226,34.9,43.6
2024-01-25,401602097,UTSA Roadrunners,Tulane Green Wave,89,88,0,2,2636,2655,41.2,48.3
2024-01-25,401602098,Wichita State Shockers,East Carolina Pirates,52,54,0,2,2724,151,40.9,33.8
2024-01-25,401602981,Nevada Wolf Pack,Colorado State Rams,77,64,0,2,2440,36,53.7,39.3
2024-01-25,401602989,San José State Spartans,New Mexico Lobos,75,95,0,2,23,167,47.6,50.7
2024-01-25,401603438,Iowa State Cyclones,Kansas State Wildcats,78,67,0,2,66,2306,43.1,44.9
2024-01-25,401604146,Notre Dame Fighting Irish,Miami Hurricanes,61,73,0,2,87,2390,37.1,49.1
2024-01-25,401604147,Virginia Cavaliers,NC State Wolfpack,59,53,0,2,258,152,36.9,34.9
2024-01-25,401607393,Washington Huskies,Colorado Buffaloes,81,98,0,2,264,38,54.1,55.0
2024-01-25,401607453,Washington State Cougars,Utah Utes,79,57,0,2,265,254,47.5,41.7
2024-01-26,401573414,Eastern Washington Eagles,Northern Colorado Bears,77,74,0,2,331,2458,47.5,46.8
2024-01-26,401573415,Idaho Vandals,Northern Arizona Lumberjacks,60,75,0,2,70,2464,41.1,55.6
2024-01-26,401573416,Portland State Vikings,Montana Grizzlies,72,46,0,2,2502,149,49.1,31.4
2024-01-26,401573417,Sacramento State Hornets,Montana State Bobcats,62,70,0,2,16,147,35.8,46.9
2024-01-26,401573511,Hawai'i Rainbow Warriors,UC Santa Barbara Gauchos,61,78,0,2,62,2540,42.3,59.6
2024-01-26,401573512,UC San Diego Tritons,UC Riverside Highlanders,66,65,0,2,28,27,45.3,43.5
2024-01-26,401573513,Long Beach State Beach,UC Irvine Anteaters,61,72,0,2,299,300,32.8,41.3
2024-01-26,401573514,Cal Poly Mustangs,Cal State Fullerton Titans,51,54,0,2,13,2239,37.7,34.6
2024-01-26,401573515,Cal State Northridge Matadors,Cal State Bakersfield Roadrunners,56,64,0,2,2463,2934,40.0,36.2
2024-01-26,401573601,Louisiana Tech Bulldogs,UTEP Miners,68,54,0,2,2348,2638,48.8,29.5
2024-01-26,401573602,Sam Houston Bearkats,New Mexico State Aggies,79,67,0,2,2534,166,41.7,42.1
2024-01-26,401573603,Western Kentucky Hilltoppers,Florida International Panthers,105,91,0,2,98,2229,65.0,40.5
2024-01-26,401574082,UT Rio Grande Valley Vaqueros,California Baptist Lancers,54,63,0,2,292,2856,37.3,38.6
2024-01-26,401574083,Stephen F. Austin Lumberjacks,Grand Canyon Lopes,51,53,0,2,2617,2253,33.9,30.6
2024-01-26,401574084,Tarleton State Texans,Southern Utah Thunderbirds,70,73,0,2,2627,253,42.2,51.0
2024-01-26,401574085,Abilene Christian Wildcats,Utah Tech Trailblazers,82,60,0,2,2000,3101,51.8,47.8
2024-01-26,401574196,Stetson Hatters,Austin Peay Governors,83,82,0,2,56,2046,50.0,41.1
2024-01-26,401574441,Eastern Kentucky Colonels,Jacksonville Dolphins,75,59,0,2,2198,294,45.0,40.0
2024-01-26,401580056,St. Thomas Tommies,North Dakota State Bison,79,66,0,2,2900,2449,51.9,47.9
2024-01-26,401580057,South Dakota State Jackrabbits,Kansas City Roos,75,66,0,2,2571,140,49.1,36.4
2024-01-26,401580058,Oral Roberts Golden Eagles,Omaha Mavericks,74,67,0,2,198,2437,42.1,39.7
2024-01-26,401580059,Denver Pioneers,South Dakota Coyotes,111,110,0,2,2172,233,49.4,52.0
2024-01-26,401581201,New Hampshire Wildcats,Binghamton Bearcats,79,73,0,2,160,2066,46.3,43.5
2024-01-26,401581202,NJIT Highlanders,Bryant Bulldogs,55,70,0,2,2885,2803,29.3,37.0
2024-01-26,401581692,UL Monroe Warhawks,South Alabama Jaguars,80,66,0,2,2433,6,46.3,32.9
2024-01-26,401587284,Eastern Illinois Panthers,Tennessee Tech Golden Eagles,68,59,0,2,2197,2635,42.1,49.0
2024-01-26,401587285,Little Rock Trojans,Lindenwood Lions,80,66,0,2,2031,2815,55.0,42.9
2024-01-26,401587286,UT Martin Skyhawks,Southeast Missouri State Redhawks,84,58,0,2,2630,2546,49.2,36.9
2024-01-26,401587287,Southern Indiana Screaming Eagles,Western Illinois Leathernecks,68,73,0,2,88,2710,40.0,48.2
2024-01-26,401587705,Northern Kentucky Norse,Purdue Fort Wayne Mastodons,58,63,0,2,94,2870,35.8,40.0
2024-01-26,401587706,Milwaukee Panthers,Detroit Mercy Titans,87,71,0,2,270,2174,57.9,38.6
2024-01-26,401587707,Green Bay Phoenix,Oakland Golden Grizzlies,69,59,0,2,2739,2473,47.4,41.5
2024-01-26,401587708,Cleveland State Vikings,Wright State Raiders,99,107,0,2,325,2750,48.7,58.6
2024-01-26,401587709,IU Indianapolis Jaguars,Youngstown State Penguins,50,78,0,2,85,2754,33.9,50.8
2024-01-26,401588660,Kent State Golden Flashes,Ohio Bobcats,64,71,0,2,2309,195,42.4,44.8
2024-01-26,401589392,Saint Francis Red Wolves,Sacred Heart Pioneers,75,71,0,2,2598,2529,50.8,43.6
2024-01-26,401589455,Long Island University Sharks,Stonehill Skyhawks,63,60,0,2,112358,284,44.2,36.4
2024-01-26,401589473,Wagner Seahawks,Merrimack Warriors,44,60,0,2,2681,2771,29.8,45.1
2024-01-26,401589687,Loyola Marymount Lions,Portland Pilots,92,65,0,2,2351,2501,53.7,45.6
2024-01-26,401589688,Santa Clara Broncos,Pepperdine Waves,94,71,0,2,2541,2492,58.2,44.1
2024-01-26,401589689,Saint Mary's Gaels,Pacific Tigers,76,28,0,2,2608,279,52.9,20.0
2024-01-26,401589690,Gonzaga Bulldogs,San Francisco Dons,77,72,0,2,2250,2539,46.2,39.1
2024-01-26,401593876,Florida Gulf Coast Eagles,Lipscomb Bisons,72,98,0,2,526,288,49.1,65.5
2024-01-26,401594353,Quinnipiac Bobcats,Mount St. Mary's Mountaineers,79,65,0,2,2514,116,47.7,41.0
2024-01-26,401594385,Saint Peter's Peacocks,Rider Broncs,57,62,0,2,2612,2520,30.3,43.6
2024-01-26,401600681,Hampton Pirates,Charleston Cougars,86,107,0,2,2261,232,49.2,54.5
2024-01-26,401600682,Towson Tigers,Drexel Dragons,70,67,0,2,119,2182,44.8,39.0
2024-01-26,401600685,Delaware Blue Hens,North Carolina A&T Aggies,90,71,0,2,48,2448,50.7,36.7
2024-01-26,401600686,Northeastern Huskies,UNC Wilmington Seahawks,54,77,0,2,111,350,41.7,51.8
2024-01-26,401600687,Hofstra Pride,William & Mary Tribe,64,55,0,2,2275,2729,42.9,34.5
2024-01-26,401602099,North Texas Mean Green,SMU Mustangs,68,66,0,2,249,2567,44.6,45.1
2024-01-26,401607394,Oregon Ducks,Arizona State Sun Devils,80,61,0,2,2483,9,50.9,43.9
2024-01-26,401607395,Oregon State Beavers,Arizona Wildcats,83,80,0,2,204,12,56.3,52.8
2024-01-26,401636059,Louisiana Ragin' Cajuns,Arkansas State Red Wolves,81,75,0,2,309,2032,48.1,39.4
2024-01-27,401573418,Eastern Washington Eagles,Northern Arizona Lumberjacks,85,70,0,2,331,2464,50.9,42.4
2024-01-27,401573419,Idaho Vandals,Northern Colorado Bears,68,89,0,2,70,2458,46.4,57.1
2024-01-27,401573517,UC Riverside Highlanders,Long Beach State Beach,53,65,0,2,27,299,31.3,37.1
2024-01-27,401573519,UC Davis Aggies,UC San Diego Tritons,59,92,0,2,302,28,38.2,49.3
2024-01-27,401573604,Sam Houston Bearkats,UTEP Miners,60,56,0,2,2534,2638,40.6,36.2
2024-01-27,401573605,Louisiana Tech Bulldogs,New Mexico State Aggies,73,53,0,2,2348,166,37.9,32.8
2024-01-27,401573606,Jacksonville State Gamecocks,Liberty Flames,73,62,0,2,55,2335,62.2,41.5
2024-01-27,401573607,Middle Tennessee Blue Raiders,Florida International Panthers,79,61,0,2,2393,2229,47.2,41.4
2024-01-27,401574086,Seattle U Redhawks,Utah Valley Wolverines,62,61,0,2,2547,3084,32.8,47.2
2024-01-27,401574087,Stephen F. Austin Lumberjacks,California Baptist Lancers,79,81,0,2,2617,2856,52.0,43.3
2024-01-27,401574088,UT Arlington Mavericks,Grand Canyon Lopes,61,67,0,2,250,2253,36.5,29.6
2024-01-27,401574089,Abilene Christian Wildcats,Southern Utah Thunderbirds,67,82,0,2,2000,253,42.6,58.5
2024-01-27,401574090,Tarleton State Texans,Utah Tech Trailblazers,86,68,0,2,2627,3101,50.9,43.6
2024-01-27,401574428,Central Arkansas Bears,Kennesaw State Owls,92,87,0,2,2110,338,47.6,48.3
2024-01-27,401574442,Eastern Kentucky Colonels,North Florida Ospreys,89,76,0,2,2198,2454,55.4,50.0
2024-01-27,401574632,Bethune-Cookman Wildcats,Jackson State Tigers,82,71,0,2,2065,2296,53.2,36.2
2024-01-27,401575338,Bellarmine Knights,Jacksonville Dolphins,69,63,0,2,91,294,47.9,44.9
2024-01-27,401577670,Dartmouth Big Green,Brown Bears,75,71,0,2,159,225,46.6,44.2
2024-01-27,401578970,Incarnate Word Cardinals,Houston Christian Huskies,79,75,0,2,2916,2277,44.8,44.8
2024-01-27,401579019,McNeese Cowboys,LSU New Orleans Privateers,102,65,0,2,2377,2443,62.3,40.3
2024-01-27,401579059,East Texas A&M Lions,Nicholls Colonels,84,87,0,2,2837,2447,41.5,55.2
2024-01-27,401579070,Northwestern State Demons,Texas A&M-Corpus Christi Islanders,68,79,0,2,2466,357,46.8,47.3
2024-01-27,401580063,Denver Pioneers,Omaha Mavericks,72,91,0,2,2172,2437,35.3,56.9
2024-01-27,401581204,New Hampshire Wildcats,UAlbany Great Danes,79,86,0,2,160,399,43.3,48.3
2024-01-27,401581205,Maine Black Bears,Binghamton Bearcats,50,51,0,2,311,2066,34.8,44.0
2024-01-27,401581206,Bryant Bulldogs,Vermont Catamounts,57,67,0,2,2803,261,41.5,41.0
2024-01-27,401581501,App State Mountaineers,James Madison Dukes,82,76,0,2,2026,256,41.8,42.0
2024-01-27,401581634,Coastal Carolina Chanticleers,Georgia State Panthers,85,83,0,2,324,2247,40.5,42.9
2024-01-27,401581701,Marshall Thundering Herd,Southern Miss Golden Eagles,83,67,0,2,276,2572,56.4,47.1
2024-01-27,401581708,Troy Trojans,South Alabama Jaguars,83,79,0,2,2653,6,45.3,43.5
2024-01-27,401581749,Harvard Crimson,Yale Bulldogs,65,78,0,2,108,43,46.9,45.8
2024-01-27,401587176,Cornell Big Red,Princeton Tigers,83,68,0,2,172,163,57.6,32.2
2024-01-27,401587288,Eastern Illinois Panthers,Tennessee State Tigers,60,64,0,2,2197,2634,43.9,37.3
2024-01-27,401587289,UT Martin Skyhawks,Lindenwood Lions,76,67,0,2,2630,2815,45.6,37.7
2024-01-27,401587290,Little Rock Trojans,Southeast Missouri State Redhawks,66,61,0,2,2031,2546,49.1,41.7
2024-01-27,401587291,Morehead State Eagles,Western Illinois Leathernecks,64,50,0,2,2413,2710,43.1,29.0
2024-01-27,401587292,SIU Edwardsville Cougars,Tennessee Tech Golden Eagles,74,57,0,2,2565,2635,50.0,39.3
2024-01-27,401587710,Green Bay Phoenix,Detroit Mercy Titans,78,64,0,2,2739,2174,46.7,38.8
2024-01-27,401587711,Milwaukee Panthers,Oakland Golden Grizzlies,87,91,0,2,270,2473,41.1,37.8
2024-01-27,401587924,Chattanooga Mocs,The Citadel Bulldogs,90,62,0,2,236,2643,60.3,41.4
2024-01-27,401587925,East Tennessee State Buccaneers,Samford Bulldogs,72,75,0,2,2193,2535,37.9,52.8
2024-01-27,401587926,Western Carolina Catamounts,VMI Keydets,102,77,0,2,2717,2678,52.8,40.0
2024-01-27,401587927,Wofford Terriers,Furman Paladins,77,67,0,2,2747,231,46.8,31.0
2024-01-27,401588655,Ball State Cardinals,Northern Illinois Huskies,81,71,0,2,2050,2459,47.2,43.9
2024-01-27,401588656,Western Michigan Broncos,Central Michigan Chippewas,55,62,0,2,2711,2117,35.6,42.1
2024-01-27,401588657,Toledo Rockets,Bowling Green Falcons,88,72,0,2,2649,189,55.9,47.5
2024-01-27,401588658,Eastern Michigan Eagles,Buffalo Bulls,75,65,0,2,2199,2084,50.0,41.5
2024-01-27,401588659,Miami (OH) RedHawks,Akron Zips,70,68,0,2,193,2006,51.1,37.3
2024-01-27,401589368,Columbia Lions,Pennsylvania Quakers,84,81,0,2,171,219,55.8,43.5
2024-01-27,401589393,Saint Francis Red Wolves,Merrimack Warriors,55,74,0,2,2598,2771,31.8,40.0
2024-01-27,401589474,Central Connecticut Blue Devils,Wagner Seahawks,69,68,0,2,2115,2681,42.9,41.9
2024-01-27,401589485,Fairleigh Dickinson Knights,Sacred Heart Pioneers,93,91,0,2,161,2529,46.4,48.4
2024-01-27,401589496,Le Moyne Dolphins,Long Island University Sharks,87,74,0,2,2330,112358,50.8,50.9
2024-01-27,401589742,Norfolk State Spartans,Coppin State Eagles,68,58,0,2,2450,2154,47.8,36.2
2024-01-27,401593940,Stetson Hatters,Lipscomb Bisons,80,59,0,2,56,288,54.5,37.3
2024-01-27,401594263,Canisius Golden Griffins,Manhattan Jaspers,82,70,0,2,2099,2363,53.2,45.0
2024-01-27,401594314,Siena Saints,Iona Gaels,51,70,0,2,2561,314,37.5,43.5
2024-01-27,401594334,Niagara Purple Eagles,Marist Red Foxes,67,62,0,2,315,2368,47.9,47.2
2024-01-27,401594354,Mount St. Mary's Mountaineers,Rider Broncs,62,66,0,2,116,2520,43.6,41.8
2024-01-27,401594492,Army Black Knights,Bucknell Bison,56,66,0,2,349,2083,33.3,41.7
2024-01-27,401594515,Navy Midshipmen,Loyola Maryland Greyhounds,70,74,0,2,2426,2352,39.3,45.7
2024-01-27,401596861,St. Bonaventure Bonnies,Saint Joseph's Hawks,91,72,0,2,179,2603,58.1,51.7
2024-01-27,401596862,Duquesne Dukes,Fordham Rams,68,59,0,2,2184,2230,47.1,36.8
2024-01-27,401596865,Richmond Spiders,Dayton Flyers,69,64,0,2,257,2168,38.2,33.9
2024-01-27,401596866,George Mason Patriots,Rhode Island Rams,92,84,0,2,2244,227,50.8,50.9
2024-01-27,401596867,George Washington Revolutionaries,La Salle Explorers,70,80,0,2,45,2325,37.5,49.2
2024-01-27,401597151,Arkansas Razorbacks,Kentucky Wildcats,57,63,0,2,8,96,33.3,36.5
2024-01-27,401597152,South Carolina Gamecocks,Missouri Tigers,72,64,0,2,2579,142,44.2,47.1
2024-01-27,401597154,Florida Gators,Georgia Bulldogs,102,98,0,2,57,61,54.9,52.0
2024-01-27,401597155,Mississippi State Bulldogs,Auburn Tigers,64,58,0,2,344,2,43.9,33.9
2024-01-27,401597156,Vanderbilt Commodores,Tennessee Volunteers,62,75,0,2,238,2633,36.7,49.1
2024-01-27,401597389,American University Eagles,Colgate Raiders,54,73,0,2,44,2142,38.5,52.6
2024-01-27,401597970,Lafayette Leopards,Boston University Terriers,48,62,0,2,322,104,31.5,40.7
2024-01-27,401598027,Prairie View A&M Panthers,Alabama State Hornets,67,74,0,2,2504,2011,41.5,46.2
2024-01-27,401598906,Florida A&M Rattlers,Alcorn State Braves,67,76,0,2,50,2016,41.5,54.5
2024-01-27,401599504,Butler Bulldogs,Villanova Wildcats,88,81,0,2,2086,222,43.1,47.9
2024-01-27,401599506,Marquette Golden Eagles,Seton Hall Pirates,75,57,0,2,269,2550,51.7,40.4
2024-01-27,401599507,Providence Friars,Georgetown Hoyas,84,76,0,2,2507,46,57.1,43.5
2024-01-27,401600089,Holy Cross Crusaders,Lehigh Mountain Hawks,72,78,0,2,107,2329,45.6,48.2
2024-01-27,401600105,Texas Southern Tigers,Alabama A&M Bulldogs,85,69,0,2,2640,2010,41.5,34.6
2024-01-27,401600351,Wisconsin Badgers,Michigan State Spartans,81,66,0,2,275,127,50.9,41.7
2024-01-27,401600352,Illinois Fighting Illini,Indiana Hoosiers,70,62,0,2,356,84,37.1,46.3
2024-01-27,401600353,Michigan Wolverines,Iowa Hawkeyes,78,88,0,2,130,2294,42.9,53.4
2024-01-27,401600354,Penn State Nittany Lions,Minnesota Golden Gophers,74,83,0,2,213,135,45.2,53.8
2024-01-27,401600355,Maryland Terrapins,Nebraska Cornhuskers,73,51,0,2,120,158,40.6,39.5
2024-01-27,401600688,Campbell Fighting Camels,Charleston Cougars,67,90,0,2,2097,232,55.6,52.2
2024-01-27,401600689,Hampton Pirates,Elon Phoenix,74,80,0,2,2261,2210,41.3,44.8
2024-01-27,401600690,Monmouth Hawks,Hofstra Pride,81,78,0,2,2405,2275,41.4,50.9
2024-01-27,401600691,Drexel Dragons,North Carolina A&T Aggies,62,47,0,2,2182,2448,39.0,33.3
2024-01-27,401600692,Stony Brook Seawolves,UNC Wilmington Seahawks,86,78,0,2,2619,350,49.3,34.9
2024-01-27,401600693,Delaware Blue Hens,Towson Tigers,56,67,0,2,48,119,39.1,37.3
2024-01-27,401600694,Northeastern Huskies,William & Mary Tribe,68,72,0,2,111,2729,39.3,47.9
2024-01-27,401600797,Boise State Broncos,Utah State Aggies,84,90,0,2,68,328,40.0,48.3
2024-01-27,401601241,Charleston Southern Buccaneers,UNC Asheville Bulldogs,65,71,0,2,2127,2427,38.9,46.7
2024-01-27,401601242,Gardner-Webb Runnin' Bulldogs,South Carolina Upstate Spartans,75,70,0,2,2241,2908,50.9,47.6
2024-01-27,401601243,Winthrop Eagles,High Point Panthers,81,83,0,2,2737,2272,55.4,46.2
2024-01-27,401601244,Radford Highlanders,Presbyterian Blue Hose,73,58,0,2,2515,2506,51.9,35.2
2024-01-27,401601863,Belmont Bruins,UIC Flames,74,65,0,2,2057,82,39.0,42.9
2024-01-27,401601864,Drake Bulldogs,Northern Iowa Panthers,77,63,0,2,2181,2460,42.1,42.3
2024-01-27,401601865,Evansville Purple Aces,Illinois State Redbirds,58,54,0,2,339,2287,43.8,32.0
2024-01-27,401601866,Indiana State Sycamores,Bradley Braves,95,86,0,2,282,71,50.8,50.7
2024-01-27,401601867,Murray State Racers,Southern Illinois Salukis,58,60,0,2,93,79,47.8,46.8
2024-01-27,401601868,Valparaiso Beacons,Missouri State Bears,70,81,0,2,2674,2623,35.5,46.5
2024-01-27,401602101,South Florida Bulls,UTSA Roadrunners,89,72,0,2,58,2636,53.3,38.2
2024-01-27,401602102,Tulane Green Wave,Charlotte 49ers,71,75,0,2,2655,2429,41.2,42.6
2024-01-27,401602993,Wyoming Cowboys,Colorado State Rams,79,76,0,2,2751,36,44.3,40.6
2024-01-27,401603439,Baylor Bears,TCU Horned Frogs,102,105,0,2,239,2628,47.9,52.6
2024-01-27,401603440,BYU Cougars,Texas Longhorns,84,72,0,2,252,251,64.0,44.3
2024-01-27,401603442,Houston Cougars,Kansas State Wildcats,74,52,0,2,248,2306,40.0,40.4
2024-01-27,401603443,Iowa State Cyclones,Kansas Jayhawks,79,75,0,2,66,2305,45.9,45.0
2024-01-27,401603444,Oklahoma Sooners,Texas Tech Red Raiders,84,85,0,2,201,2641,47.5,52.6
2024-01-27,401603445,Oklahoma State Cowboys,West Virginia Mountaineers,70,66,0,2,197,277,40.4,42.9
2024-01-27,401604148,Duke Blue Devils,Clemson Tigers,72,71,0,2,150,228,41.2,38.3
2024-01-27,401604149,Virginia Tech Hokies,Georgia Tech Yellow Jackets,91,67,0,2,259,59,55.2,37.9
2024-01-27,401604150,Florida State Seminoles,North Carolina Tar Heels,68,75,0,2,52,153,43.5,41.4
2024-01-27,401604151,Louisville Cardinals,Virginia Cavaliers,52,69,0,2,97,258,35.7,50.0
2024-01-27,401604152,Miami Hurricanes,Pittsburgh Panthers,72,68,0,2,2390,221,44.4,37.5
2024-01-27,401604153,Notre Dame Fighting Irish,Boston College Eagles,58,61,0,2,87,103,36.5,44.0
2024-01-27,401604288,Southern Jaguars,Arkansas-Pine Bluff Golden Lions,80,66,0,2,2582,2029,46.4,34.6
2024-01-27,401604427,Delaware State Hornets,South Carolina State Bulldogs,64,66,0,2,2169,2569,35.7,50.0
2024-01-27,401604797,Maryland Eastern Shore Hawks,North Carolina Central Eagles,57,65,0,2,2379,2428,39.2,32.8
2024-01-27,401604913,Grambling Tigers,Mississippi Valley State Delta Devils,54,46,0,2,2755,2400,34.7,40.0
2024-01-27,401606720,Morgan State Bears,Howard Bison,85,79,0,2,2415,47,54.4,51.0
2024-01-27,401607396,California Golden Bears,Stanford Cardinal,73,71,0,2,25,24,41.0,39.7
2024-01-27,401607397,Washington State Cougars,Colorado Buffaloes,78,69,0,2,265,38,45.2,38.6
2024-01-27,401607398,Oregon Ducks,Arizona Wildcats,78,87,0,2,2483,12,44.8,49.1
2024-01-28,401573420,Weber State Wildcats,Idaho State Bengals,64,74,0,2,2692,304,43.1,50.0
2024-01-28,401573421,Sacramento State Hornets,Montana Grizzlies,67,70,0,2,16,149,44.0,52.1
2024-01-28,401573422,Portland State Vikings,Montana State Bobcats,94,91,0,2,2502,147,48.4,54.5
2024-01-28,401573516,UC Irvine Anteaters,Cal State Northridge Matadors,77,72,0,2,300,2463,44.1,42.2
2024-01-28,401573518,Cal State Fullerton Titans,Cal State Bakersfield Roadrunners,68,50,0,2,2239,2934,41.3,29.3
2024-01-28,401573520,Hawai'i Rainbow Warriors,Cal Poly Mustangs,83,73,0,2,62,13,45.8,41.4
2024-01-28,401574197,Florida Gulf Coast Eagles,Austin Peay Governors,73,67,0,2,526,2046,51.0,45.5
2024-01-28,401574539,North Alabama Lions,Queens University Royals,90,84,0,2,2453,2511,46.9,44.6
2024-01-28,401579079,Lamar Cardinals,SE Louisiana Lions,74,64,0,2,2320,2545,49.1,35.6
2024-01-28,401580060,St. Thomas Tommies,North Dakota Fighting Hawks,64,74,0,2,2900,155,43.1,48.4
2024-01-28,401580061,Oral Roberts Golden Eagles,South Dakota State Jackrabbits,87,82,0,2,198,2571,45.2,45.3
2024-01-28,401580062,Kansas City Roos,South Dakota Coyotes,81,57,0,2,140,233,51.8,38.2
2024-01-28,401581207,UMBC Retrievers,NJIT Highlanders,74,75,0,2,2378,2885,45.8,43.9
2024-01-28,401581619,UL Monroe Warhawks,Arkansas State Red Wolves,85,82,0,2,2433,2032,39.5,32.9
2024-01-28,401581648,Old Dominion Monarchs,Georgia Southern Eagles,70,76,0,2,295,290,35.9,37.5
2024-01-28,401581680,Louisiana Ragin' Cajuns,Texas State Bobcats,66,46,0,2,309,326,42.6,35.3
2024-01-28,401587712,Youngstown State Penguins,Northern Kentucky Norse,82,52,0,2,2754,94,45.9,28.8
2024-01-28,401587713,Cleveland State Vikings,Robert Morris Colonials,66,64,0,2,325,2523,49.0,42.4
2024-01-28,401587714,IU Indianapolis Jaguars,Wright State Raiders,76,83,0,2,85,2750,40.3,49.1
2024-01-28,401587928,UNC Greensboro Spartans,Mercer Bears,64,70,0,2,2430,2382,39.2,45.0
2024-01-28,401589691,Pepperdine Waves,San Diego Toreros,67,69,0,2,2492,301,40.0,45.6
2024-01-28,401589692,Pacific Tigers,Gonzaga Bulldogs,73,82,0,2,279,2250,47.2,52.8
2024-01-28,401589693,Saint Mary's Gaels,Loyola Marymount Lions,70,65,0,2,2608,2351,42.6,51.9
2024-01-28,401589694,Portland Pilots,San Francisco Dons,64,76,0,2,2501,2539,36.8,41.5
2024-01-28,401594264,Canisius Golden Griffins,Marist Red Foxes,71,80,0,2,2099,2368,50.0,56.7
2024-01-28,401594296,Fairfield Stags,Quinnipiac Bobcats,64,66,0,2,2217,2514,35.4,47.2
2024-01-28,401594367,Niagara Purple Eagles,Manhattan Jaspers,78,84,0,2,315,2363,44.8,45.1
2024-01-28,401594390,Siena Saints,Saint Peter's Peacocks,52,63,0,2,2561,2612,41.9,36.4
2024-01-28,401594449,Fresno State Bulldogs,Air Force Falcons,84,70,0,2,278,2005,52.9,49.1
2024-01-28,401596863,Davidson Wildcats,VCU Rams,58,63,0,2,2166,2670,36.5,37.5
2024-01-28,401596864,Saint Louis Billikens,Massachusetts Minutemen,73,84,0,2,139,113,43.6,47.5
2024-01-28,401597150,Alabama Crimson Tide,LSU Tigers,109,88,0,2,333,99,55.6,42.3
2024-01-28,401597153,Texas A&M Aggies,Ole Miss Rebels,68,71,0,2,245,145,39.7,41.7
2024-01-28,401597307,San José State Spartans,UNLV Rebels,65,77,0,2,23,2439,49.1,68.2
2024-01-28,401599505,Creighton Bluejays,DePaul Blue Demons,85,62,0,2,156,305,48.4,37.7
2024-01-28,401599508,UConn Huskies,Xavier Musketeers,99,56,0,2,41,2752,58.5,34.4
2024-01-28,401600356,Northwestern Wildcats,Ohio State Buckeyes,83,58,0,2,77,194,57.7,34.1
2024-01-28,401600357,Rutgers Scarlet Knights,Purdue Boilermakers,60,68,0,2,164,2509,37.5,48.9
2024-01-28,401602100,Rice Owls,Tulsa Golden Hurricane,83,85,0,2,242,202,43.5,55.1
2024-01-28,401602103,East Carolina Pirates,Temple Owls,70,64,0,2,151,218,31.7,36.1
2024-01-28,401602104,Florida Atlantic Owls,North Texas Mean Green,66,63,0,2,2226,249,42.1,45.6
2024-01-28,401602105,UAB Blazers,Memphis Tigers,97,88,0,2,5,235,51.7,48.4
2024-01-28,401602106,Wichita State Shockers,SMU Mustangs,77,72,0,2,2724,2567,46.7,50.0
2024-01-28,401603441,Cincinnati Bearcats,UCF Knights,68,57,0,2,2132,2116,46.2,36.2
2024-01-28,401604154,Syracuse Orange,NC State Wolfpack,77,65,0,2,183,152,44.6,35.8
2024-01-28,401607399,Oregon State Beavers,Arizona State Sun Devils,84,71,0,2,204,9,56.5,34.8
2024-01-28,401607400,USC Trojans,UCLA Bruins,50,65,0,2,30,26,35.4,35.7
2024-01-28,401607401,Washington Huskies,Utah Utes,98,73,0,2,264,254,57.4,46.8
2024-01-29,401602982,New Mexico Lobos,Nevada Wolf Pack,89,55,0,2,167,2440,58.6,33.9
2024-01-30,401574633,Bethune-Cookman Wildcats,Alcorn State Braves,67,70,0,2,2065,2016,39.7,47.1
2024-01-30,401578971,Houston Christian Huskies,SE Louisiana Lions,58,80,0,2,2277,2545,39.2,54.2
2024-01-30,401579020,McNeese Cowboys,Northwestern State Demons,89,65,0,2,2377,2466,49.2,55.9
2024-01-30,401579087,East Texas A&M Lions,Texas A&M-Corpus Christi Islanders,54,69,0,2,2837,357,32.7,35.3
2024-01-30,401581795,Lamar Cardinals,LSU New Orleans Privateers,98,73,0,2,2320,2443,54.1,37.5
2024-01-30,401583825,Florida A&M Rattlers,Jackson State Tigers,88,86,0,2,50,2296,58.5,44.4
2024-01-30,401589743,Coppin State Eagles,Howard Bison,66,81,0,2,2154,47,34.5,45.6
2024-01-30,401594409,Norfolk State Spartans,Morgan State Bears,83,73,0,2,2450,2415,50.0,49.0
2024-01-30,401597158,Tennessee Volunteers,South Carolina Gamecocks,59,63,0,2,2633,2579,36.2,33.9
2024-01-30,401597971,Holy Cross Crusaders,Boston University Terriers,65,63,0,2,107,104,41.4,36.7
2024-01-30,401598028,Prairie View A&M Panthers,Alabama A&M Bulldogs,87,76,0,2,2504,2010,50.0,46.7
2024-01-30,401600120,Texas Southern Tigers,Alabama State Hornets,56,55,0,2,2640,2011,35.7,33.9
2024-01-30,401603446,Texas Longhorns,Houston Cougars,72,76,0,2,251,248,43.3,41.2
2024-01-30,401604155,Virginia Tech Hokies,Duke Blue Devils,67,77,0,2,259,150,44.8,55.4
2024-01-30,401604289,Southern Jaguars,Mississippi Valley State Delta Devils,78,54,0,2,2582,2400,53.1,47.6
2024-01-30,401604428,Delaware State Hornets,North Carolina Central Eagles,66,69,0,2,2169,2428,48.0,44.0
2024-01-30,401604798,Maryland Eastern Shore Hawks,South Carolina State Bulldogs,53,63,0,2,2379,2569,34.0,44.4
2024-01-30,401606615,Grambling Tigers,Arkansas-Pine Bluff Golden Lions,70,86,0,2,2755,2029,39.0,47.1
2024-01-31,401587293,Lindenwood Lions,Southeast Missouri State Redhawks,58,54,0,2,2815,2546,35.1,43.5
2024-01-31,401587929,VMI Keydets,UNC Greensboro Spartans,79,85,0,2,2678,2430,46.3,39.4
2024-01-31,401588661,Toledo Rockets,Western Michigan Broncos,88,63,0,2,2649,2711,63.5,45.6
2024-01-31,401588662,Kent State Golden Flashes,Miami (OH) RedHawks,67,71,0,2,2309,193,31.0,46.3
2024-01-31,401588663,Eastern Michigan Eagles,Akron Zips,46,77,0,2,2199,2006,36.0,50.0
2024-01-31,401588664,Ball State Cardinals,Bowling Green Falcons,72,81,0,2,2050,189,46.2,51.8
2024-01-31,401588665,Ohio Bobcats,Buffalo Bulls,91,70,0,2,195,2084,45.1,37.3
2024-01-31,401588666,Central Michigan Chippewas,Northern Illinois Huskies,84,77,0,2,2117,2459,40.0,40.9
2024-01-31,401589695,Gonzaga Bulldogs,Loyola Marymount Lions,92,58,0,2,2250,2351,59.0,37.1
2024-01-31,401594450,Air Force Falcons,Wyoming Cowboys,72,83,0,2,2005,2751,50.0,56.0
2024-01-31,401596868,St. Bonaventure Bonnies,VCU Rams,67,62,0,2,179,2670,35.6,39.6
2024-01-31,401596869,Loyola Chicago Ramblers,Saint Louis Billikens,77,62,0,2,2350,139,47.3,35.7
2024-01-31,401596870,Dayton Flyers,George Washington Revolutionaries,83,61,0,2,2168,45,48.3,32.3
2024-01-31,401597157,Ole Miss Rebels,Mississippi State Bulldogs,86,82,0,2,145,344,50.8,53.6
2024-01-31,401597159,Georgia Bulldogs,Alabama Crimson Tide,76,85,0,2,61,333,44.3,53.3
2024-01-31,401597308,UNLV Rebels,Fresno State Bulldogs,78,69,0,2,2439,278,45.0,51.1
2024-01-31,401597941,Colorado State Rams,San Diego State Aztecs,79,71,0,2,36,21,53.8,45.0
2024-01-31,401599509,DePaul Blue Demons,Seton Hall Pirates,39,72,0,2,305,2550,22.0,50.8
2024-01-31,401599510,Villanova Wildcats,Marquette Golden Eagles,80,85,0,2,222,269,39.4,50.0
2024-01-31,401599511,Xavier Musketeers,St. John's Red Storm,88,77,0,2,2752,2599,44.3,42.9
2024-01-31,401600358,Ohio State Buckeyes,Illinois Fighting Illini,75,87,0,2,194,356,50.0,51.7
2024-01-31,401600359,Indiana Hoosiers,Iowa Hawkeyes,74,68,0,2,84,2294,45.6,35.4
2024-01-31,401600360,Michigan State Spartans,Michigan Wolverines,81,62,0,2,127,130,55.7,42.6
2024-01-31,401600361,Purdue Boilermakers,Northwestern Wildcats,105,96,0,2,2509,77,57.9,57.6
2024-01-31,401600798,Utah State Aggies,San José State Spartans,82,61,0,2,328,23,60.0,39.3
2024-01-31,401601869,Murray State Racers,Illinois State Redbirds,59,61,0,2,93,2287,43.1,44.7
2024-01-31,401603447,Kansas Jayhawks,Oklahoma State Cowboys,83,54,0,2,2305,197,57.6,29.3
2024-01-31,401603448,Kansas State Wildcats,Oklahoma Sooners,53,73,0,2,2306,201,30.2,42.6
2024-01-31,401603449,TCU Horned Frogs,Texas Tech Red Raiders,85,78,0,2,2628,2641,43.1,51.9
2024-01-31,401604156,Georgia Tech Yellow Jackets,North Carolina Tar Heels,74,73,0,2,59,153,41.0,36.4
2024-01-31,401604157,NC State Wolfpack,Miami Hurricanes,74,68,0,2,152,2390,48.1,36.4
2024-01-31,401604158,Boston College Eagles,Syracuse Orange,80,75,0,2,103,183,60.0,46.9
2024-01-31,401604159,Clemson Tigers,Louisville Cardinals,70,64,0,2,228,97,43.1,34.4
2024-02-01,401574198,Jacksonville Dolphins,Austin Peay Governors,63,43,0,2,294,2046,47.9,34.0
2024-02-01,401574528,North Florida Ospreys,Lipscomb Bisons,85,76,0,2,2454,288,50.0,45.0
2024-02-01,401579085,East Texas A&M Lions,Incarnate Word Cardinals,71,66,0,2,2837,2916,41.5,44.8
2024-02-01,401581209,Binghamton Bearcats,NJIT Highlanders,75,66,0,2,2066,2885,48.3,40.4
2024-02-01,401581211,UMass Lowell River Hawks,Maine Black Bears,76,62,0,2,2349,311,51.8,44.6
2024-02-01,401581620,Arkansas State Red Wolves,Southern Miss Golden Eagles,78,71,0,2,2032,2572,46.8,35.6
2024-02-01,401581681,Louisiana Ragin' Cajuns,UL Monroe Warhawks,80,72,0,2,309,2433,43.6,55.1
2024-02-01,401587717,Green Bay Phoenix,IU Indianapolis Jaguars,79,56,0,2,2739,85,46.7,49.0
2024-02-01,401587930,Western Carolina Catamounts,Chattanooga Mocs,85,91,0,2,2717,236,45.5,59.6
2024-02-01,401587931,The Citadel Bulldogs,Furman Paladins,79,82,0,2,2643,231,47.6,47.0
2024-02-01,401587932,Samford Bulldogs,Wofford Terriers,81,79,0,2,2535,2747,50.9,49.2
2024-02-01,401587933,Mercer Bears,East Tennessee State Buccaneers,49,54,0,2,2382,2193,36.5,39.3
2024-02-01,401589696,Saint Mary's Gaels,Santa Clara Broncos,82,77,0,2,2608,2541,49.0,41.9
2024-02-01,401594493,Bucknell Bison,Loyola Maryland Greyhounds,67,52,0,2,2083,2352,43.1,36.0
2024-02-01,401596871,Saint Joseph's Hawks,George Mason Patriots,75,73,0,2,2603,2244,50.9,45.9
2024-02-01,401596872,Fordham Rams,Richmond Spiders,69,83,0,2,2230,257,41.1,58.5
2024-02-01,401596873,Rhode Island Rams,La Salle Explorers,71,69,0,2,227,2325,42.9,36.6
2024-02-01,401597160,Kentucky Wildcats,Florida Gators,91,94,0,2,96,57,44.9,41.0
2024-02-01,401597161,Auburn Tigers,Vanderbilt Commodores,81,54,0,2,2,238,44.4,26.8
2024-02-01,401597162,Missouri Tigers,Arkansas Razorbacks,84,91,0,2,142,8,45.8,54.1
2024-02-01,401597390,Lafayette Leopards,American University Eagles,66,69,0,2,322,44,47.2,48.0
2024-02-01,401597836,Duquesne Dukes,Chicago State Cougars,65,60,0,2,2184,2130,37.1,40.7
2024-02-01,401598595,Lehigh Mountain Hawks,Navy Midshipmen,77,65,0,2,2329,2426,46.3,37.7
2024-02-01,401598639,Colgate Raiders,Army Black Knights,74,55,0,2,2142,349,50.0,42.6
2024-02-01,401599512,UConn Huskies,Providence Friars,74,65,0,2,41,2507,40.0,41.4
2024-02-01,401600362,Rutgers Scarlet Knights,Penn State Nittany Lions,46,61,0,2,164,213,34.0,38.5
2024-02-01,401601245,Radford Highlanders,Charleston Southern Buccaneers,60,63,0,2,2515,2127,37.3,46.3
2024-02-01,401601246,Gardner-Webb Runnin' Bulldogs,UNC Asheville Bulldogs,80,73,0,2,2241,2427,53.4,47.2
2024-02-01,401601248,Presbyterian Blue Hose,South Carolina Upstate Spartans,80,73,0,2,2506,2908,57.4,51.6
2024-02-01,401601870,Bradley Braves,Northern Iowa Panthers,85,69,0,2,71,2460,48.3,42.6
2024-02-01,401601871,Belmont Bruins,Indiana State Sycamores,72,78,0,2,2057,282,47.5,48.1
2024-02-01,401601872,Drake Bulldogs,Valparaiso Beacons,81,70,0,2,2181,2674,40.3,44.3
2024-02-01,401601873,Evansville Purple Aces,UIC Flames,77,60,0,2,339,82,51.1,35.9
2024-02-01,401601874,Southern Illinois Salukis,Missouri State Bears,75,76,0,2,79,2623,42.6,47.0
2024-02-01,401602107,East Carolina Pirates,South Florida Bulls,60,71,0,2,151,58,39.3,50.9
2024-02-01,401602108,Memphis Tigers,Rice Owls,71,74,0,2,235,242,41.7,49.0
2024-02-01,401602109,North Texas Mean Green,UAB Blazers,79,82,0,2,249,5,43.5,48.3
2024-02-01,401602110,Tulsa Golden Hurricane,Wichita State Shockers,79,68,0,2,202,2724,43.6,46.2
2024-02-01,401602974,New Mexico Lobos,Boise State Broncos,78,86,0,2,167,68,40.9,48.5
2024-02-01,401603450,UCF Knights,Baylor Bears,69,77,0,2,2116,239,54.0,47.1
2024-02-01,401603451,West Virginia Mountaineers,Cincinnati Bearcats,69,65,0,2,277,2132,47.1,37.9
2024-02-01,401604160,Pittsburgh Panthers,Wake Forest Demon Deacons,77,72,0,2,221,154,45.6,46.7
2024-02-01,401604161,Virginia Cavaliers,Notre Dame Fighting Irish,65,53,0,2,258,87,45.3,46.5
2024-02-02,401573423,Montana State Bobcats,Eastern Washington Eagles,70,60,0,2,147,331,36.9,44.9
2024-02-02,401573424,Montana Grizzlies,Idaho Vandals,73,70,0,2,149,70,49.0,50.9
2024-02-02,401573425,Northern Colorado Bears,Idaho State Bengals,91,86,0,2,2458,304,50.0,38.0
2024-02-02,401573426,Northern Arizona Lumberjacks,Weber State Wildcats,70,72,0,2,2464,2692,48.0,47.1
2024-02-02,401573521,UC Santa Barbara Gauchos,UC Davis Aggies,69,79,0,2,2540,302,50.0,53.7
2024-02-02,401573522,Cal State Fullerton Titans,Hawai'i Rainbow Warriors,68,76,0,2,2239,62,43.2,49.0
2024-02-02,401573523,UC San Diego Tritons,Cal State Northridge Matadors,83,62,0,2,28,2463,45.3,38.3
2024-02-02,401573524,Cal State Bakersfield Roadrunners,Long Beach State Beach,82,76,0,2,2934,299,44.8,43.6
2024-02-02,401573525,Cal Poly Mustangs,UC Irvine Anteaters,59,73,0,2,13,300,41.4,44.4
2024-02-02,401573608,UTEP Miners,Jacksonville State Gamecocks,79,71,0,2,2638,55,44.6,41.7
2024-02-02,401573609,New Mexico State Aggies,Liberty Flames,79,73,0,2,166,2335,41.5,38.1
2024-02-02,401573610,Western Kentucky Hilltoppers,Sam Houston Bearkats,77,79,0,2,98,2534,46.7,47.7
2024-02-02,401573611,Florida International Panthers,Louisiana Tech Bulldogs,53,93,0,2,2229,2348,32.2,62.5
2024-02-02,401574091,Grand Canyon Lopes,Seattle U Redhawks,95,88,0,2,2253,2547,50.0,46.4
2024-02-02,401574092,Stephen F. Austin Lumberjacks,Utah Valley Wolverines,77,72,0,2,2617,3084,44.6,44.6
2024-02-02,401574093,Southern Utah Thunderbirds,UT Arlington Mavericks,68,76,0,2,253,250,35.4,41.9
2024-02-02,401574094,Utah Tech Trailblazers,UT Rio Grande Valley Vaqueros,81,64,0,2,3101,292,52.5,39.3
2024-02-02,401574095,Abilene Christian Wildcats,Tarleton State Texans,73,76,0,2,2000,2627,49.1,42.4
2024-02-02,401574429,Central Arkansas Bears,Florida Gulf Coast Eagles,59,82,0,2,2110,526,34.8,53.2
2024-02-02,401574443,Queens University Royals,Eastern Kentucky Colonels,94,76,0,2,2511,2198,43.1,36.0
2024-02-02,401574516,Kennesaw State Owls,Bellarmine Knights,95,96,0,2,338,91,45.3,50.0
2024-02-02,401580064,Kansas City Roos,Denver Pioneers,85,71,0,2,140,2172,48.3,40.0
2024-02-02,401580065,South Dakota State Jackrabbits,North Dakota State Bison,73,74,0,2,2571,2449,37.9,42.4
2024-02-02,401580066,South Dakota Coyotes,North Dakota Fighting Hawks,81,95,0,2,233,155,44.4,47.3
2024-02-02,401580067,Omaha Mavericks,St. Thomas Tommies,69,65,0,2,2437,2900,53.1,51.1
2024-02-02,401581208,Vermont Catamounts,UAlbany Great Danes,81,59,0,2,261,399,53.7,35.4
2024-02-02,401581210,Bryant Bulldogs,UMBC Retrievers,99,95,0,2,2803,2378,55.4,50.7
2024-02-02,401581502,Georgia State Panthers,App State Mountaineers,71,81,0,2,2247,2026,38.2,43.9
2024-02-02,401581635,James Madison Dukes,Coastal Carolina Chanticleers,105,67,0,2,256,324,60.3,47.2
2024-02-02,401581649,Georgia Southern Eagles,Troy Trojans,63,84,0,2,290,2653,37.3,43.1
2024-02-02,401581702,Marshall Thundering Herd,Old Dominion Monarchs,76,83,0,2,276,295,42.4,49.2
2024-02-02,401581709,Texas State Bobcats,South Alabama Jaguars,74,66,0,2,326,6,50.0,37.3
2024-02-02,401587122,North Alabama Lions,Stetson Hatters,79,72,0,2,2453,56,50.0,43.9
2024-02-02,401587294,Eastern Illinois Panthers,UT Martin Skyhawks,59,76,0,2,2197,2630,34.3,39.1
2024-02-02,401587295,Lindenwood Lions,Western Illinois Leathernecks,71,79,0,2,2815,2710,45.2,57.1
2024-02-02,401587296,SIU Edwardsville Cougars,Little Rock Trojans,68,66,0,2,2565,2031,38.6,50.9
2024-02-02,401587297,Tennessee State Tigers,Morehead State Eagles,49,68,0,2,2634,2413,40.0,50.0
2024-02-02,401587298,Tennessee Tech Golden Eagles,Southern Indiana Screaming Eagles,71,74,0,2,2635,88,52.9,51.1
2024-02-02,401587715,Detroit Mercy Titans,Cleveland State Vikings,65,77,0,2,2174,325,46.2,49.2
2024-02-02,401587716,Purdue Fort Wayne Mastodons,Milwaukee Panthers,65,68,0,2,2870,270,31.9,43.4
2024-02-02,401587718,Oakland Golden Grizzlies,Robert Morris Colonials,87,72,0,2,2473,2523,52.7,43.3
2024-02-02,401587719,Wright State Raiders,Youngstown State Penguins,77,88,0,2,2750,2754,50.0,48.4
2024-02-02,401588667,Buffalo Bulls,Kent State Golden Flashes,52,83,0,2,2084,2309,32.1,53.4
2024-02-02,401589394,Central Connecticut Blue Devils,Saint Francis Red Wolves,63,62,0,2,2115,2598,46.7,37.5
2024-02-02,401589456,Sacred Heart Pioneers,Stonehill Skyhawks,77,72,0,2,2529,284,44.8,51.0
2024-02-02,401589475,Wagner Seahawks,Le Moyne Dolphins,80,57,0,2,2681,2330,50.8,37.9
2024-02-02,401589497,Fairleigh Dickinson Knights,Long Island University Sharks,82,75,0,2,161,112358,43.9,45.0
2024-02-02,401589697,San Francisco Dons,San Diego Toreros,95,79,0,2,2539,301,59.3,53.6
2024-02-02,401589698,Pacific Tigers,Portland Pilots,60,65,0,2,279,2501,37.1,38.0
2024-02-02,401600363,Nebraska Cornhuskers,Wisconsin Badgers,80,72,0,2,158,275,44.8,42.2
2024-02-02,401600695,Elon Phoenix,Campbell Fighting Camels,67,69,0,2,2210,2097,41.8,41.8
2024-02-02,401600696,William & Mary Tribe,Delaware Blue Hens,53,81,0,2,2729,48,32.3,59.6
2024-02-02,401600697,Monmouth Hawks,Drexel Dragons,67,62,0,2,2405,2182,42.9,38.3
2024-02-02,401600698,North Carolina A&T Aggies,Hampton Pirates,59,58,0,2,2448,2261,37.5,44.2
2024-02-02,401600699,Charleston Cougars,UNC Wilmington Seahawks,74,80,0,2,232,350,40.6,42.6
2024-02-02,401600700,Towson Tigers,Northeastern Huskies,83,76,0,2,119,111,42.9,45.6
2024-02-02,401600701,Hofstra Pride,Stony Brook Seawolves,72,71,0,2,2275,2619,42.9,42.6
2024-02-02,401601247,High Point Panthers,Longwood Lancers,93,76,0,2,2272,2344,61.1,44.4
2024-02-02,401602111,SMU Mustangs,Tulane Green Wave,80,76,0,2,2567,2655,40.8,45.9
2024-02-02,401607402,Arizona Wildcats,California Golden Bears,91,65,0,2,12,25,50.8,37.1
2024-02-02,401607403,Arizona State Sun Devils,Stanford Cardinal,62,71,0,2,9,24,38.3,43.1
2024-02-02,401607404,UCLA Bruins,Oregon State Beavers,71,63,0,2,26,204,42.4,51.1
2024-02-02,401607465,USC Trojans,Oregon Ducks,69,78,0,2,30,2483,43.5,36.9
2024-02-03,401573429,Northern Arizona Lumberjacks,Idaho State Bengals,79,81,0,2,2464,304,46.4,47.5
2024-02-03,401573529,Cal Poly Mustangs,UC Davis Aggies,52,59,0,2,13,302,34.0,37.0
2024-02-03,401573612,Florida International Panthers,Sam Houston Bearkats,68,61,0,2,2229,2534,34.9,32.3
2024-02-03,401574097,Utah Valley Wolverines,Grand Canyon Lopes,67,86,0,2,3084,2253,37.3,42.9
2024-02-03,401574099,Utah Tech Trailblazers,UT Arlington Mavericks,66,87,0,2,3101,250,37.7,47.7
2024-02-03,401574100,Tarleton State Texans,Stephen F. Austin Lumberjacks,75,64,0,2,2627,2617,51.2,41.2
2024-02-03,401574199,Austin Peay Governors,North Florida Ospreys,95,91,0,2,2046,2454,52.1,58.6
2024-02-03,401574430,Central Arkansas Bears,Stetson Hatters,62,73,0,2,2110,56,31.9,41.7
2024-02-03,401574444,Kennesaw State Owls,Eastern Kentucky Colonels,76,86,0,2,338,2198,40.5,48.3
2024-02-03,401574540,Queens University Royals,Bellarmine Knights,85,75,0,2,2511,91,51.0,48.4
2024-02-03,401574634,Alabama State Hornets,Bethune-Cookman Wildcats,68,79,0,2,2011,2065,31.8,43.4
2024-02-03,401577671,Brown Bears,Pennsylvania Quakers,70,61,0,2,225,219,46.8,37.7
2024-02-03,401577672,Brown Bears,Princeton Tigers,60,70,0,2,225,163,32.8,44.0
2024-02-03,401578972,Nicholls Colonels,Houston Christian Huskies,83,73,0,2,2447,2277,55.9,41.4
2024-02-03,401579021,SE Louisiana Lions,McNeese Cowboys,77,74,0,2,2545,2377,53.2,44.1
2024-02-03,401579047,LSU New Orleans Privateers,Incarnate Word Cardinals,80,82,0,2,2443,2916,44.6,46.7
2024-02-03,401579071,Northwestern State Demons,East Texas A&M Lions,70,57,0,2,2466,2837,48.1,34.4
2024-02-03,401580070,North Dakota Fighting Hawks,North Dakota State Bison,60,58,0,2,155,2449,37.5,48.0
2024-02-03,401581213,Vermont Catamounts,Binghamton Bearcats,62,49,0,2,261,2066,42.3,41.7
2024-02-03,401581214,Maine Black Bears,Bryant Bulldogs,79,72,0,2,311,2803,42.2,46.6
2024-02-03,401581215,UMass Lowell River Hawks,New Hampshire Wildcats,73,89,0,2,2349,160,43.1,47.9
2024-02-03,401581503,Georgia Southern Eagles,App State Mountaineers,84,85,0,2,290,2026,52.9,47.9
2024-02-03,401581621,Arkansas State Red Wolves,UL Monroe Warhawks,95,80,0,2,2032,2433,60.0,52.7
2024-02-03,401581636,Marshall Thundering Herd,Coastal Carolina Chanticleers,91,74,0,2,276,324,50.8,45.3
2024-02-03,401581660,Georgia State Panthers,Troy Trojans,74,78,0,2,2247,2653,41.3,40.6
2024-02-03,401581674,James Madison Dukes,Old Dominion Monarchs,78,63,0,2,256,295,48.2,42.0
2024-02-03,401581715,Texas State Bobcats,Southern Miss Golden Eagles,60,55,0,2,326,2572,41.0,32.7
2024-02-03,401581750,Harvard Crimson,Columbia Lions,62,59,0,2,108,171,42.6,39.0
2024-02-03,401581796,Texas A&M-Corpus Christi Islanders,Lamar Cardinals,79,71,0,2,357,2320,42.2,49.0
2024-02-03,401583826,Jackson State Tigers,Grambling Tigers,62,70,1,2,2296,2755,35.4,46.2
2024-02-03,401587177,Yale Bulldogs,Princeton Tigers,70,64,0,2,43,163,48.1,40.7
2024-02-03,401587299,Eastern Illinois Panthers,Little Rock Trojans,47,71,0,2,2197,2031,28.8,47.3
2024-02-03,401587300,Tennessee Tech Golden Eagles,Morehead State Eagles,60,67,0,2,2635,2413,43.1,42.9
2024-02-03,401587301,Southeast Missouri State Redhawks,Western Illinois Leathernecks,55,76,0,2,2546,2710,36.4,52.7
2024-02-03,401587302,SIU Edwardsville Cougars,UT Martin Skyhawks,79,90,0,2,2565,2630,41.4,54.7
2024-02-03,401587303,Tennessee State Tigers,Southern Indiana Screaming Eagles,79,74,0,2,2634,88,50.0,40.8
2024-02-03,401587720,Oakland Golden Grizzlies,Cleveland State Vikings,83,71,0,2,2473,325,43.5,42.4
2024-02-03,401587721,Detroit Mercy Titans,Robert Morris Colonials,67,75,0,2,2174,2523,46.3,43.5
2024-02-03,401587934,East Tennessee State Buccaneers,The Citadel Bulldogs,62,60,0,2,2193,2643,39.3,40.4
2024-02-03,401587935,Mercer Bears,VMI Keydets,90,69,0,2,2382,2678,48.6,44.6
2024-02-03,401587936,Chattanooga Mocs,Samford Bulldogs,56,78,0,2,236,2535,35.2,50.9
2024-02-03,401587937,Wofford Terriers,Western Carolina Catamounts,88,86,0,2,2747,2717,57.6,41.8
2024-02-03,401588668,Western Michigan Broncos,Ball State Cardinals,67,77,0,2,2711,2050,43.9,48.0
2024-02-03,401588669,Bowling Green Falcons,Central Michigan Chippewas,76,77,0,2,189,2117,32.9,50.8
2024-02-03,401588670,Ohio Bobcats,Miami (OH) RedHawks,78,69,0,2,195,193,52.9,39.0
2024-02-03,401588671,Akron Zips,Toledo Rockets,77,70,0,2,2006,2649,47.2,43.3
2024-02-03,401588672,Northern Illinois Huskies,Eastern Michigan Eagles,76,66,0,2,2459,2199,38.9,40.7
2024-02-03,401589457,Stonehill Skyhawks,Wagner Seahawks,71,61,0,2,284,2681,51.0,36.8
2024-02-03,401589486,Sacred Heart Pioneers,Le Moyne Dolphins,87,81,0,2,2529,2330,51.8,42.9
2024-02-03,401589514,Merrimack Warriors,Central Connecticut Blue Devils,71,68,0,2,2771,2115,56.8,48.1
2024-02-03,401589744,North Carolina Central Eagles,Coppin State Eagles,77,46,0,2,2428,2154,46.8,28.6
2024-02-03,401591562,Dartmouth Big Green,Columbia Lions,56,72,0,2,159,171,39.2,46.6
2024-02-03,401593941,Lipscomb Bisons,Jacksonville Dolphins,84,82,0,2,288,294,54.9,48.5
2024-02-03,401594297,Iona Gaels,Fairfield Stags,91,82,0,2,314,2217,50.0,44.6
2024-02-03,401594335,Marist Red Foxes,Mount St. Mary's Mountaineers,58,76,0,2,2368,116,37.0,45.9
2024-02-03,401594368,Saint Peter's Peacocks,Niagara Purple Eagles,59,68,0,2,2612,315,35.0,39.6
2024-02-03,401594375,Manhattan Jaspers,Quinnipiac Bobcats,71,77,0,2,2363,2514,46.6,39.7
2024-02-03,401594386,Rider Broncs,Siena Saints,91,50,0,2,2520,2561,51.4,36.0
2024-02-03,401594410,Norfolk State Spartans,Delaware State Hornets,65,64,0,2,2450,2169,40.4,37.9
2024-02-03,401594451,Boise State Broncos,Air Force Falcons,94,56,0,2,68,2005,60.0,34.6
2024-02-03,401594494,American University Eagles,Bucknell Bison,75,66,0,2,44,2083,40.7,41.1
2024-02-03,401594516,Loyola Maryland Greyhounds,Holy Cross Crusaders,67,70,0,2,2352,107,36.8,55.6
2024-02-03,401596874,Dayton Flyers,St. Bonaventure Bonnies,76,71,0,2,2168,179,49.0,42.4
2024-02-03,401596875,Rhode Island Rams,Duquesne Dukes,71,85,0,2,227,2184,44.8,52.8
2024-02-03,401596876,Saint Louis Billikens,Fordham Rams,65,67,0,2,139,2230,47.2,37.9
2024-02-03,401596877,VCU Rams,Richmond Spiders,63,52,0,2,2670,257,37.0,35.3
2024-02-03,401596878,La Salle Explorers,Saint Joseph's Hawks,82,88,0,2,2325,2603,40.6,47.3
2024-02-03,401596879,Massachusetts Minutemen,George Mason Patriots,66,65,0,2,113,2244,38.9,41.5
2024-02-03,401597164,LSU Tigers,Arkansas Razorbacks,95,74,0,2,99,8,54.7,43.6
2024-02-03,401597165,Ole Miss Rebels,Auburn Tigers,77,91,0,2,145,2,45.2,54.7
2024-02-03,401597167,Georgia Bulldogs,South Carolina Gamecocks,62,72,0,2,61,2579,39.3,51.8
2024-02-03,401597168,Texas A&M Aggies,Florida Gators,67,66,0,2,245,57,40.7,44.6
2024-02-03,401597169,Vanderbilt Commodores,Missouri Tigers,68,61,0,2,238,142,40.0,37.3
2024-02-03,401597942,San Diego State Aztecs,Utah State Aggies,81,67,0,2,21,328,47.3,41.0
2024-02-03,401597972,Boston University Terriers,Lehigh Mountain Hawks,72,71,0,2,104,2329,50.0,50.0
2024-02-03,401598029,Prairie View A&M Panthers,Texas Southern Tigers,69,80,0,2,2504,2640,42.9,50.0
2024-02-03,401598582,Dartmouth Big Green,Cornell Big Red,53,56,0,2,159,172,40.7,37.3
2024-02-03,401598596,Colgate Raiders,Navy Midshipmen,88,64,0,2,2142,2426,58.3,35.6
2024-02-03,401598907,Alabama A&M Bulldogs,Florida A&M Rattlers,73,61,0,2,2010,50,43.8,40.0
2024-02-03,401599513,Creighton Bluejays,Butler Bulldogs,98,99,0,2,156,2086,54.8,55.1
2024-02-03,401599515,Georgetown Hoyas,Marquette Golden Eagles,57,91,0,2,46,269,42.2,55.6
2024-02-03,401599516,St. John's Red Storm,UConn Huskies,64,77,0,2,2599,41,44.2,49.0
2024-02-03,401600364,Iowa Hawkeyes,Ohio State Buckeyes,79,77,0,2,2294,194,53.7,46.6
2024-02-03,401600365,Michigan State Spartans,Maryland Terrapins,63,54,0,2,127,120,44.4,30.9
2024-02-03,401600366,Minnesota Golden Gophers,Northwestern Wildcats,75,66,0,2,135,77,46.4,38.2
2024-02-03,401600367,Indiana Hoosiers,Penn State Nittany Lions,71,85,0,2,84,213,48.1,57.4
2024-02-03,401600368,Michigan Wolverines,Rutgers Scarlet Knights,59,69,0,2,130,164,43.4,40.3
2024-02-03,401600702,William & Mary Tribe,Charleston Cougars,83,84,0,2,2729,232,46.6,45.0
2024-02-03,401600703,Hofstra Pride,Towson Tigers,59,56,0,2,2275,119,45.1,30.0
2024-02-03,401600704,Stony Brook Seawolves,Northeastern Huskies,59,55,0,2,2619,111,39.7,33.9
2024-02-03,401600705,North Carolina A&T Aggies,Elon Phoenix,65,69,0,2,2448,2210,39.0,48.9
2024-02-03,401600706,Delaware Blue Hens,Monmouth Hawks,84,80,0,2,48,2405,50.9,43.3
2024-02-03,401601249,Charleston Southern Buccaneers,Longwood Lancers,83,77,0,2,2127,2344,58.6,40.6
2024-02-03,401601251,South Carolina Upstate Spartans,Radford Highlanders,78,69,0,2,2908,2515,49.1,42.4
2024-02-03,401601252,UNC Asheville Bulldogs,Winthrop Eagles,82,78,0,2,2427,2737,47.3,43.5
2024-02-03,401601875,Illinois State Redbirds,Bradley Braves,60,73,0,2,2287,71,43.1,58.8
2024-02-03,401601876,Indiana State Sycamores,Drake Bulldogs,75,67,0,2,282,2181,42.4,39.3
2024-02-03,401601877,Missouri State Bears,Belmont Bruins,87,80,0,2,2623,2057,50.0,45.5
2024-02-03,401601878,Northern Iowa Panthers,Murray State Racers,43,71,0,2,2460,93,30.6,47.5
2024-02-03,401601879,UIC Flames,Southern Illinois Salukis,71,74,0,2,82,79,44.4,45.8
2024-02-03,401601880,Valparaiso Beacons,Evansville Purple Aces,62,63,0,2,2674,339,41.3,46.2
2024-02-03,401602112,Charlotte 49ers,East Carolina Pirates,67,52,0,2,2429,151,45.3,32.7
2024-02-03,401602113,Florida Atlantic Owls,Tulsa Golden Hurricane,102,70,0,2,2226,202,53.3,37.1
2024-02-03,401602114,Memphis Tigers,Wichita State Shockers,65,63,0,2,235,2724,37.5,35.6
2024-02-03,401602115,North Texas Mean Green,South Florida Bulls,55,60,0,2,249,58,39.1,41.7
2024-02-03,401602116,UTSA Roadrunners,Rice Owls,76,80,0,2,2636,242,43.1,47.5
2024-02-03,401602350,Alcorn State Braves,Southern Jaguars,70,71,0,2,2016,2582,36.0,45.8
2024-02-03,401602983,Nevada Wolf Pack,San José State Spartans,90,60,0,2,2440,23,48.3,40.0
2024-02-03,401603453,Kansas Jayhawks,Houston Cougars,78,65,0,2,2305,248,68.9,36.2
2024-02-03,401603454,Oklahoma State Cowboys,Kansas State Wildcats,75,72,0,2,197,2306,44.1,46.8
2024-02-03,401603455,TCU Horned Frogs,Texas Longhorns,66,77,0,2,2628,251,50.0,50.9
2024-02-03,401603456,Texas Tech Red Raiders,Cincinnati Bearcats,72,75,0,2,2641,2132,40.7,44.6
2024-02-03,401603457,UCF Knights,Oklahoma Sooners,74,63,0,2,2116,201,41.7,37.0
2024-02-03,401603458,West Virginia Mountaineers,BYU Cougars,73,86,0,2,277,252,42.4,48.5
2024-02-03,401604162,Clemson Tigers,Virginia Cavaliers,65,66,0,2,228,258,35.7,44.1
2024-02-03,401604163,Miami Hurricanes,Virginia Tech Hokies,82,74,0,2,2390,259,45.3,48.3
2024-02-03,401604165,North Carolina Tar Heels,Duke Blue Devils,93,84,0,2,153,150,50.0,50.7
2024-02-03,401604166,NC State Wolfpack,Georgia Tech Yellow Jackets,82,76,0,2,152,59,37.7,41.4
2024-02-03,401604167,Pittsburgh Panthers,Notre Dame Fighting Irish,70,60,0,2,221,87,44.9,39.2
2024-02-03,401604270,Army Black Knights,Lafayette Leopards,56,64,0,2,349,322,35.7,42.6
2024-02-03,401606721,South Carolina State Bulldogs,Morgan State Bears,70,72,0,2,2569,2415,41.7,48.2
2024-02-03,401607406,Arizona State Sun Devils,California Golden Bears,66,81,0,2,9,25,38.6,50.0
2024-02-03,401607407,Utah Utes,Colorado Buffaloes,73,68,0,2,254,38,46.4,37.9
2024-02-03,401607613,Howard Bison,Hampton Pirates,61,63,1,2,47,2261,29.5,38.6
2024-02-04,401573427,Montana Grizzlies,Eastern Washington Eagles,65,78,0,2,149,331,34.4,47.9
2024-02-04,401573428,Montana State Bobcats,Idaho Vandals,75,81,0,2,147,70,49.1,54.4
2024-02-04,401573430,Northern Colorado Bears,Weber State Wildcats,63,82,0,2,2458,2692,38.6,49.2
2024-02-04,401573431,Portland State Vikings,Sacramento State Hornets,58,51,0,2,2502,16,41.5,42.0
2024-02-04,401573526,UC Irvine Anteaters,Hawai'i Rainbow Warriors,93,68,0,2,300,62,61.4,44.4
2024-02-04,401573527,Cal State Bakersfield Roadrunners,UC Santa Barbara Gauchos,59,70,0,2,2934,2540,41.8,45.8
2024-02-04,401573528,Long Beach State Beach,UC San Diego Tritons,85,76,0,2,299,28,47.5,47.4
2024-02-04,401573530,Cal State Northridge Matadors,UC Riverside Highlanders,76,70,0,2,2463,27,45.5,28.9
2024-02-04,401573613,UTEP Miners,Liberty Flames,65,67,0,2,2638,2335,44.0,48.0
2024-02-04,401573614,New Mexico State Aggies,Jacksonville State Gamecocks,67,65,0,2,166,55,49.1,38.1
2024-02-04,401573615,Western Kentucky Hilltoppers,Middle Tennessee Blue Raiders,88,65,0,2,98,2393,50.0,33.3
2024-02-04,401574096,California Baptist Lancers,Seattle U Redhawks,60,61,0,2,2856,2547,37.3,41.1
2024-02-04,401574098,Southern Utah Thunderbirds,UT Rio Grande Valley Vaqueros,79,59,0,2,253,292,46.0,26.9
2024-02-04,401580068,Oral Roberts Golden Eagles,Denver Pioneers,82,76,0,2,198,2172,53.6,40.3
2024-02-04,401580069,South Dakota State Jackrabbits,South Dakota Coyotes,70,67,0,2,2571,233,41.1,45.8
2024-02-04,401580071,Kansas City Roos,St. Thomas Tommies,56,71,0,2,140,2900,42.2,59.1
2024-02-04,401581212,UAlbany Great Danes,UMBC Retrievers,102,114,0,2,399,2378,50.0,57.5
2024-02-04,401581682,Louisiana Ragin' Cajuns,South Alabama Jaguars,80,60,0,2,309,6,44.4,40.4
2024-02-04,401581751,Harvard Crimson,Cornell Big Red,76,89,0,2,108,172,52.6,52.5
2024-02-04,401587123,North Alabama Lions,Florida Gulf Coast Eagles,70,69,0,2,2453,526,50.9,47.5
2024-02-04,401587193,Yale Bulldogs,Pennsylvania Quakers,74,58,0,2,43,219,51.9,37.0
2024-02-04,401587722,Milwaukee Panthers,IU Indianapolis Jaguars,87,67,0,2,270,85,49.3,36.7
2024-02-04,401587723,Northern Kentucky Norse,Wright State Raiders,78,85,0,2,94,2750,40.9,57.9
2024-02-04,401587724,Purdue Fort Wayne Mastodons,Youngstown State Penguins,82,78,0,2,2870,2754,50.9,37.7
2024-02-04,401587938,Furman Paladins,UNC Greensboro Spartans,87,89,0,2,231,2430,48.1,53.7
2024-02-04,401589395,Long Island University Sharks,Saint Francis Red Wolves,70,67,0,2,112358,2598,45.2,41.2
2024-02-04,401589699,Santa Clara Broncos,San Diego Toreros,59,70,0,2,2541,301,31.8,44.8
2024-02-04,401589700,Portland Pilots,Pepperdine Waves,93,89,0,2,2501,2492,55.0,54.0
2024-02-04,401589701,San Francisco Dons,Pacific Tigers,79,73,0,2,2539,279,50.9,49.0
2024-02-04,401589702,Gonzaga Bulldogs,Saint Mary's Gaels,62,64,0,2,2250,2608,43.6,45.5
2024-02-04,401594265,Quinnipiac Bobcats,Canisius Golden Griffins,88,63,0,2,2514,2099,49.3,33.9
2024-02-04,401594298,Fairfield Stags,Manhattan Jaspers,77,68,0,2,2217,2363,50.0,53.1
2024-02-04,401594315,Iona Gaels,Rider Broncs,94,93,0,2,314,2520,44.6,45.9
2024-02-04,401594336,Marist Red Foxes,Saint Peter's Peacocks,63,52,0,2,2368,2612,45.1,35.2
2024-02-04,401594355,Siena Saints,Mount St. Mary's Mountaineers,61,68,0,2,2561,116,36.1,40.0
2024-02-04,401596880,Loyola Chicago Ramblers,Davidson Wildcats,76,63,0,2,2350,2166,46.3,39.3
2024-02-04,401597163,Kentucky Wildcats,Tennessee Volunteers,92,103,0,2,96,2633,49.3,48.6
2024-02-04,401597166,Alabama Crimson Tide,Mississippi State Bulldogs,99,67,0,2,333,344,44.6,40.0
2024-02-04,401597309,UNLV Rebels,Wyoming Cowboys,62,48,0,2,2439,2751,43.9,34.6
2024-02-04,401599514,DePaul Blue Demons,Xavier Musketeers,68,93,0,2,305,2752,41.3,47.6
2024-02-04,401599517,Villanova Wildcats,Providence Friars,68,50,0,2,222,2507,42.2,29.4
2024-02-04,401600369,Illinois Fighting Illini,Nebraska Cornhuskers,87,84,0,2,356,158,41.4,42.6
2024-02-04,401600370,Wisconsin Badgers,Purdue Boilermakers,69,75,0,2,275,2509,41.5,47.4
2024-02-04,401600707,UNC Wilmington Seahawks,Campbell Fighting Camels,77,74,0,2,350,2097,46.6,48.2
2024-02-04,401600811,Fresno State Bulldogs,Colorado State Rams,61,73,0,2,278,36,46.0,52.8
2024-02-04,401601250,High Point Panthers,Presbyterian Blue Hose,78,68,0,2,2272,2506,44.4,36.5
2024-02-04,401602117,SMU Mustangs,UAB Blazers,72,69,0,2,2567,5,43.8,48.2
2024-02-04,401602118,Tulane Green Wave,Temple Owls,92,80,0,2,2655,218,54.7,37.0
2024-02-04,401603452,Baylor Bears,Iowa State Cyclones,70,68,0,2,239,66,45.7,39.3
2024-02-04,401604164,Louisville Cardinals,Florida State Seminoles,101,92,0,2,97,52,54.4,51.6
2024-02-04,401604168,Wake Forest Demon Deacons,Syracuse Orange,99,70,0,2,154,183,66.0,40.3
2024-02-04,401604914,Mississippi Valley State Delta Devils,Arkansas-Pine Bluff Golden Lions,77,83,0,2,2400,2029,31.9,48.9
2024-02-04,401607408,Washington Huskies,Washington State Cougars,87,90,0,2,264,265,57.1,50.7
2024-02-04,401607409,UCLA Bruins,Oregon Ducks,71,63,0,2,26,2483,44.8,42.6
2024-02-04,401607469,USC Trojans,Oregon State Beavers,82,54,0,2,30,204,49.2,34.6
2024-02-05,401607410,Arizona Wildcats,Stanford Cardinal,82,71,0,2,12,24,47.7,38.2
2024-02-06,401573432,Portland State Vikings,Eastern Washington Eagles,77,90,0,2,2502,331,40.3,43.1
2024-02-06,401573433,Sacramento State Hornets,Idaho Vandals,45,61,0,2,16,70,32.6,53.7
2024-02-06,401574635,Alabama A&M Bulldogs,Bethune-Cookman Wildcats,72,68,0,2,2010,2065,46.2,41.5
2024-02-06,401578973,LSU New Orleans Privateers,Houston Christian Huskies,84,58,0,2,2443,2277,51.4,32.7
2024-02-06,401579022,McNeese Cowboys,East Texas A&M Lions,77,51,0,2,2377,2837,54.9,28.9
2024-02-06,401579060,Nicholls Colonels,Northwestern State Demons,73,66,0,2,2447,2466,47.1,48.9
2024-02-06,401579080,SE Louisiana Lions,Incarnate Word Cardinals,76,64,0,2,2545,2916,52.2,37.9
2024-02-06,401583827,Jackson State Tigers,Southern Jaguars,63,72,0,2,2296,2582,36.5,48.1
2024-02-06,401589745,South Carolina State Bulldogs,Coppin State Eagles,77,65,0,2,2569,2154,45.8,40.7
2024-02-06,401594411,Maryland Eastern Shore Hawks,Norfolk State Spartans,69,60,0,2,2379,2450,41.2,40.0
2024-02-06,401597170,South Carolina Gamecocks,Ole Miss Rebels,68,65,0,2,2579,145,46.7,50.9
2024-02-06,401598908,Alabama State Hornets,Florida A&M Rattlers,62,53,0,2,2011,50,31.4,41.3
2024-02-06,401599518,St. John's Red Storm,DePaul Blue Demons,85,57,0,2,2599,305,42.0,38.3
2024-02-06,401600372,Maryland Terrapins,Rutgers Scarlet Knights,53,56,0,2,120,164,31.5,39.3
2024-02-06,401602351,Alcorn State Braves,Grambling Tigers,67,78,0,2,2016,2755,49.0,50.9
2024-02-06,401603459,Kansas State Wildcats,Kansas Jayhawks,75,70,0,2,2306,2305,41.4,41.2
2024-02-06,401604169,Virginia Cavaliers,Miami Hurricanes,60,38,0,2,258,2390,48.1,28.6
2024-02-06,401604429,Delaware State Hornets,Howard Bison,71,75,0,2,2169,47,45.1,46.4
2024-02-06,401606722,North Carolina Central Eagles,Morgan State Bears,72,79,0,2,2428,2415,39.7,41.6
2024-02-06,401633439,Prairie View A&M Panthers,Arkansas-Pine Bluff Golden Lions,75,74,0,2,2504,2029,40.9,49.0
2024-02-07,401575339,Bellarmine Knights,Stetson Hatters,77,84,0,2,91,56,50.8,51.7
2024-02-07,401587304,Little Rock Trojans,UT Martin Skyhawks,77,57,0,2,2031,2630,41.8,35.3
2024-02-07,401588673,Eastern Michigan Eagles,Toledo Rockets,87,91,0,2,2199,2649,55.9,54.2
2024-02-07,401588674,Bowling Green Falcons,Buffalo Bulls,87,73,0,2,189,2084,54.1,44.6
2024-02-07,401588675,Kent State Golden Flashes,Western Michigan Broncos,63,61,0,2,2309,2711,37.7,44.0
2024-02-07,401588676,Akron Zips,Central Michigan Chippewas,68,47,0,2,2006,2117,35.7,30.8
2024-02-07,401588677,Ball State Cardinals,Ohio Bobcats,79,84,0,2,2050,195,42.3,48.3
2024-02-07,401588678,Miami (OH) RedHawks,Northern Illinois Huskies,59,62,0,2,193,2459,35.2,36.1
2024-02-07,401589703,Pacific Tigers,Saint Mary's Gaels,43,84,0,2,279,2608,33.3,54.5
2024-02-07,401594266,Niagara Purple Eagles,Canisius Golden Griffins,69,64,0,2,315,2099,49.1,43.1
2024-02-07,401594452,Air Force Falcons,San Diego State Aztecs,64,77,0,2,2005,21,45.7,51.0
2024-02-07,401596881,Fordham Rams,VCU Rams,60,75,0,2,2230,2670,38.3,51.0
2024-02-07,401596882,Saint Joseph's Hawks,Dayton Flyers,79,94,0,2,2603,2168,48.4,56.9
2024-02-07,401596883,George Washington Revolutionaries,Rhode Island Rams,65,88,0,2,45,227,41.0,51.6
2024-02-07,401596884,La Salle Explorers,Saint Louis Billikens,84,102,0,2,2325,139,39.4,56.3
2024-02-07,401597171,Vanderbilt Commodores,Kentucky Wildcats,77,109,0,2,238,96,35.5,55.4
2024-02-07,401599519,UConn Huskies,Butler Bulldogs,71,62,0,2,41,2086,47.4,37.3
2024-02-07,401599521,Seton Hall Pirates,Georgetown Hoyas,76,70,0,2,2550,46,43.1,36.0
2024-02-07,401600371,Ohio State Buckeyes,Indiana Hoosiers,73,76,0,2,194,84,41.5,44.6
2024-02-07,401600373,Minnesota Golden Gophers,Michigan State Spartans,59,56,0,2,135,127,43.2,44.7
2024-02-07,401600799,Utah State Aggies,Nevada Wolf Pack,63,77,0,2,328,2440,39.3,52.9
2024-02-07,401600812,San José State Spartans,Fresno State Bulldogs,57,69,0,2,23,278,39.3,39.7
2024-02-07,401601253,Winthrop Eagles,Charleston Southern Buccaneers,67,46,0,2,2737,2127,42.4,28.8
2024-02-07,401601255,UNC Asheville Bulldogs,High Point Panthers,86,81,0,2,2427,2272,50.0,49.2
2024-02-07,401602119,South Florida Bulls,Charlotte 49ers,72,69,0,2,58,2429,40.7,46.0
2024-02-07,401602975,Colorado State Rams,Boise State Broncos,75,62,0,2,36,68,56.3,41.1
2024-02-07,401602994,Wyoming Cowboys,New Mexico Lobos,73,91,0,2,2751,167,40.3,45.1
2024-02-07,401603460,Baylor Bears,Texas Tech Red Raiders,79,73,0,2,239,2641,49.0,49.1
2024-02-07,401603461,Houston Cougars,Oklahoma State Cowboys,79,63,0,2,248,197,49.2,40.5
2024-02-07,401603462,Texas Longhorns,Iowa State Cyclones,65,70,0,2,251,66,40.7,40.9
2024-02-07,401603463,Oklahoma Sooners,BYU Cougars,82,66,0,2,201,252,49.0,35.9
2024-02-07,401604170,Boston College Eagles,Florida State Seminoles,62,63,0,2,103,52,40.7,43.8
2024-02-07,401604171,North Carolina Tar Heels,Clemson Tigers,76,80,0,2,153,228,36.9,39.7
2024-02-07,401604173,Georgia Tech Yellow Jackets,Wake Forest Demon Deacons,51,80,0,2,59,154,28.3,46.0
2024-02-08,401573616,Louisiana Tech Bulldogs,Western Kentucky Hilltoppers,76,81,0,2,2348,98,41.3,46.6
2024-02-08,401574445,Eastern Kentucky Colonels,Florida Gulf Coast Eagles,90,82,0,2,2198,526,60.4,46.7
2024-02-08,401581216,Binghamton Bearcats,UAlbany Great Danes,69,57,0,2,2066,399,49.1,31.3
2024-02-08,401581504,Texas State Bobcats,App State Mountaineers,63,56,0,2,326,2026,42.1,41.2
2024-02-08,401581622,Arkansas State Red Wolves,James Madison Dukes,73,77,0,2,2032,256,40.3,45.5
2024-02-08,401581637,UL Monroe Warhawks,Coastal Carolina Chanticleers,79,75,0,2,2433,324,47.3,43.9
2024-02-08,401581650,South Alabama Jaguars,Georgia Southern Eagles,78,65,0,2,6,290,48.8,40.4
2024-02-08,401581661,Louisiana Ragin' Cajuns,Georgia State Panthers,69,78,0,2,309,2247,37.3,44.6
2024-02-08,401581703,Troy Trojans,Marshall Thundering Herd,82,66,0,2,2653,276,40.0,39.0
2024-02-08,401581706,Southern Miss Golden Eagles,Old Dominion Monarchs,78,73,0,2,2572,295,46.3,41.3
2024-02-08,401587725,Purdue Fort Wayne Mastodons,Cleveland State Vikings,72,75,0,2,2870,325,50.0,50.9
2024-02-08,401587729,Youngstown State Penguins,Milwaukee Panthers,97,85,0,2,2754,270,39.7,40.5
2024-02-08,401587939,Western Carolina Catamounts,The Citadel Bulldogs,71,64,0,2,2717,2643,48.3,48.1
2024-02-08,401587940,Mercer Bears,Furman Paladins,78,69,0,2,2382,231,51.6,42.3
2024-02-08,401587941,East Tennessee State Buccaneers,Wofford Terriers,57,50,0,2,2193,2747,30.2,35.4
2024-02-08,401587942,VMI Keydets,Chattanooga Mocs,84,88,0,2,2678,236,44.4,46.2
2024-02-08,401589704,Gonzaga Bulldogs,Portland Pilots,96,64,0,2,2250,2501,55.9,35.9
2024-02-08,401589705,San Diego Toreros,Loyola Marymount Lions,79,77,0,2,301,2351,52.9,47.5
2024-02-08,401594495,Navy Midshipmen,Bucknell Bison,67,80,0,2,2426,2083,44.4,61.2
2024-02-08,401594517,American University Eagles,Loyola Maryland Greyhounds,43,44,0,2,44,2352,34.8,29.4
2024-02-08,401596885,St. Bonaventure Bonnies,Massachusetts Minutemen,79,73,0,2,179,113,50.9,48.3
2024-02-08,401596886,George Mason Patriots,Loyola Chicago Ramblers,79,85,0,2,2244,2350,59.5,50.9
2024-02-08,401596887,Duquesne Dukes,Davidson Wildcats,59,72,0,2,2184,2166,40.4,43.4
2024-02-08,401597172,Auburn Tigers,Alabama Crimson Tide,99,81,0,2,2,333,42.2,37.3
2024-02-08,401597173,Mississippi State Bulldogs,Georgia Bulldogs,75,62,0,2,344,61,41.7,35.1
2024-02-08,401597174,Tennessee Volunteers,LSU Tigers,88,68,0,2,2633,99,55.4,41.4
2024-02-08,401597175,Missouri Tigers,Texas A&M Aggies,60,79,0,2,142,245,45.8,47.6
2024-02-08,401597973,Boston University Terriers,Colgate Raiders,64,74,0,2,104,2142,40.4,49.1
2024-02-08,401599520,Providence Friars,Creighton Bluejays,91,87,0,2,2507,156,46.6,50.8
2024-02-08,401599522,Xavier Musketeers,Villanova Wildcats,56,53,0,2,2752,222,34.4,33.9
2024-02-08,401600090,Lafayette Leopards,Holy Cross Crusaders,75,59,0,2,322,107,50.0,36.7
2024-02-08,401600374,Northwestern Wildcats,Nebraska Cornhuskers,80,68,0,2,77,158,42.9,45.8
2024-02-08,401600375,Michigan Wolverines,Wisconsin Badgers,72,68,0,2,130,275,45.1,46.3
2024-02-08,401601254,Presbyterian Blue Hose,Gardner-Webb Runnin' Bulldogs,77,75,0,2,2506,2241,44.4,48.2
2024-02-08,401601256,Longwood Lancers,South Carolina Upstate Spartans,64,69,0,2,2344,2908,38.6,41.3
2024-02-08,401601881,Belmont Bruins,Murray State Racers,69,64,0,2,2057,93,42.9,36.1
2024-02-08,401601882,Drake Bulldogs,Southern Illinois Salukis,92,88,0,2,2181,79,56.9,42.6
2024-02-08,401601883,Evansville Purple Aces,Bradley Braves,73,70,0,2,339,71,42.6,42.4
2024-02-08,401601884,Illinois State Redbirds,UIC Flames,56,61,0,2,2287,82,34.6,42.6
2024-02-08,401601885,Indiana State Sycamores,Valparaiso Beacons,101,61,0,2,282,2674,61.3,34.2
2024-02-08,401601886,Northern Iowa Panthers,Missouri State Bears,72,65,0,2,2460,2623,40.7,42.0
2024-02-08,401602120,Rice Owls,SMU Mustangs,69,95,0,2,242,2567,46.2,56.9
2024-02-08,401602121,Tulsa Golden Hurricane,North Texas Mean Green,55,68,0,2,202,249,37.2,44.0
2024-02-08,401602122,Wichita State Shockers,UTSA Roadrunners,84,64,0,2,2724,2636,43.7,38.3
2024-02-08,401602996,Lehigh Mountain Hawks,Army Black Knights,57,68,0,2,2329,349,37.3,45.6
2024-02-08,401604172,Duke Blue Devils,Notre Dame Fighting Irish,71,53,0,2,150,87,43.3,33.9
2024-02-08,401604174,NC State Wolfpack,Pittsburgh Panthers,64,67,0,2,152,221,46.4,42.3
2024-02-08,401604175,Syracuse Orange,Louisville Cardinals,94,92,0,2,183,97,60.8,53.8
2024-02-08,401607411,California Golden Bears,USC Trojans,83,77,0,2,25,30,41.4,43.8
2024-02-08,401607473,Stanford Cardinal,UCLA Bruins,74,82,0,2,24,26,52.8,45.3
2024-02-09,401573434,Idaho State Bengals,Sacramento State Hornets,68,40,0,2,304,16,53.8,29.6
2024-02-09,401573435,Northern Arizona Lumberjacks,Montana Grizzlies,66,94,0,2,2464,149,45.3,58.7
2024-02-09,401573436,Northern Colorado Bears,Montana State Bobcats,73,70,0,2,2458,147,47.5,42.2
2024-02-09,401573437,Weber State Wildcats,Portland State Vikings,84,72,0,2,2692,2502,52.8,39.1
2024-02-09,401573531,UC Santa Barbara Gauchos,UC Irvine Anteaters,61,76,0,2,2540,300,44.2,53.2
2024-02-09,401573532,UC Riverside Highlanders,Cal State Bakersfield Roadrunners,65,63,0,2,27,2934,37.7,48.9
2024-02-09,401573533,UC Davis Aggies,Cal State Fullerton Titans,71,58,0,2,302,2239,57.4,35.6
2024-02-09,401573534,Hawai'i Rainbow Warriors,UC San Diego Tritons,94,86,0,2,62,28,55.6,51.7
2024-02-09,401573535,Cal State Northridge Matadors,Cal Poly Mustangs,78,65,0,2,2463,13,52.6,37.5
2024-02-09,401573617,Jacksonville State Gamecocks,Sam Houston Bearkats,79,68,0,2,55,2534,47.5,46.4
2024-02-09,401573618,Liberty Flames,Middle Tennessee Blue Raiders,88,53,0,2,2335,2393,56.5,36.2
2024-02-09,401574101,Seattle U Redhawks,Abilene Christian Wildcats,75,52,0,2,2547,2000,42.6,25.0
2024-02-09,401574102,California Baptist Lancers,UT Arlington Mavericks,64,63,0,2,2856,250,38.2,44.8
2024-02-09,401574103,Utah Valley Wolverines,Tarleton State Texans,61,72,0,2,3084,2627,35.0,45.0
2024-02-09,401574104,Utah Tech Trailblazers,Southern Utah Thunderbirds,70,68,0,2,3101,253,41.1,43.1
2024-02-09,401574105,Stephen F. Austin Lumberjacks,UT Rio Grande Valley Vaqueros,92,84,0,2,2617,292,54.4,41.4
2024-02-09,401574200,Austin Peay Governors,Kennesaw State Owls,85,69,0,2,2046,338,52.0,41.4
2024-02-09,401574431,Jacksonville Dolphins,Central Arkansas Bears,59,55,0,2,294,2110,38.6,34.7
2024-02-09,401574529,North Florida Ospreys,North Alabama Lions,74,79,0,2,2454,2453,37.5,50.0
2024-02-09,401574541,Lipscomb Bisons,Queens University Royals,90,88,0,2,288,2511,52.2,50.0
2024-02-09,401580072,North Dakota State Bison,Kansas City Roos,82,78,0,2,2449,140,47.8,50.0
2024-02-09,401580073,St. Thomas Tommies,Oral Roberts Golden Eagles,85,63,0,2,2900,198,53.3,36.9
2024-02-09,401580074,North Dakota Fighting Hawks,Omaha Mavericks,99,78,0,2,155,2437,55.9,43.3
2024-02-09,401580075,South Dakota Coyotes,Denver Pioneers,92,86,0,2,233,2172,44.3,43.5
2024-02-09,401581217,Bryant Bulldogs,New Hampshire Wildcats,85,66,0,2,2803,160,52.4,34.3
2024-02-09,401581218,UMBC Retrievers,UMass Lowell River Hawks,80,93,0,2,2378,2349,43.9,52.3
2024-02-09,401581219,NJIT Highlanders,Vermont Catamounts,63,61,0,2,2885,261,42.6,39.2
2024-02-09,401587305,Southern Indiana Screaming Eagles,Eastern Illinois Panthers,71,81,0,2,88,2197,37.5,45.5
2024-02-09,401587306,Lindenwood Lions,Tennessee State Tigers,55,65,0,2,2815,2634,30.2,42.9
2024-02-09,401587307,Western Illinois Leathernecks,Little Rock Trojans,60,63,0,2,2710,2031,39.7,50.9
2024-02-09,401587308,Morehead State Eagles,SIU Edwardsville Cougars,79,68,0,2,2413,2565,51.1,40.0
2024-02-09,401587309,Southeast Missouri State Redhawks,Tennessee Tech Golden Eagles,88,69,0,2,2546,2635,59.7,44.4
2024-02-09,401587726,Wright State Raiders,Detroit Mercy Titans,92,85,0,2,2750,2174,58.5,59.6
2024-02-09,401587727,Northern Kentucky Norse,Oakland Golden Grizzlies,99,89,0,2,94,2473,58.1,39.0
2024-02-09,401587728,Robert Morris Colonials,Green Bay Phoenix,76,81,0,2,2523,2739,43.3,39.0
2024-02-09,401587943,UNC Greensboro Spartans,Samford Bulldogs,69,78,0,2,2430,2535,45.8,49.0
2024-02-09,401589458,Stonehill Skyhawks,Le Moyne Dolphins,57,88,0,2,284,2330,35.1,54.4
2024-02-09,401589476,Fairleigh Dickinson Knights,Wagner Seahawks,62,66,0,2,161,2681,39.3,40.4
2024-02-09,401589487,Central Connecticut Blue Devils,Sacred Heart Pioneers,77,70,0,2,2115,2529,50.0,42.6
2024-02-09,401589498,Long Island University Sharks,Merrimack Warriors,79,82,0,2,112358,2771,43.1,43.9
2024-02-09,401589706,Pepperdine Waves,San Francisco Dons,74,80,0,2,2492,2539,42.1,50.9
2024-02-09,401594299,Fairfield Stags,Rider Broncs,84,67,0,2,2217,2520,53.4,47.8
2024-02-09,401594316,Niagara Purple Eagles,Iona Gaels,71,74,0,2,315,314,50.0,50.0
2024-02-09,401594337,Siena Saints,Marist Red Foxes,51,67,0,2,2561,2368,29.8,44.2
2024-02-09,401594356,Mount St. Mary's Mountaineers,Manhattan Jaspers,82,78,0,2,116,2363,50.9,43.3
2024-02-09,401594376,Quinnipiac Bobcats,Saint Peter's Peacocks,84,73,0,2,2514,2612,58.7,38.3
2024-02-09,401600376,Penn State Nittany Lions,Iowa Hawkeyes,89,79,0,2,213,2294,52.0,55.9
2024-02-09,401600708,Towson Tigers,Delaware Blue Hens,62,74,0,2,119,48,40.0,55.3
2024-02-09,401600709,UNC Wilmington Seahawks,Drexel Dragons,75,56,0,2,350,2182,50.0,38.9
2024-02-09,401600710,Hampton Pirates,Hofstra Pride,59,63,0,2,2261,2275,41.4,45.6
2024-02-09,401600711,Charleston Cougars,North Carolina A&T Aggies,80,58,0,2,232,2448,45.6,42.1
2024-02-09,401600712,Campbell Fighting Camels,Northeastern Huskies,76,86,0,2,2097,111,48.0,56.4
2024-02-09,401600713,Elon Phoenix,Stony Brook Seawolves,64,79,0,2,2210,2619,40.4,41.9
2024-02-09,401600714,Monmouth Hawks,William & Mary Tribe,68,64,0,2,2405,2729,43.6,32.8
2024-02-09,401602123,Temple Owls,Memphis Tigers,77,84,0,2,218,235,41.7,48.3
2024-02-09,401602124,UAB Blazers,Florida Atlantic Owls,76,73,0,2,5,2226,44.4,33.8
2024-02-09,401607412,Colorado Buffaloes,Arizona State Sun Devils,82,70,0,2,38,9,47.1,44.3
2024-02-09,401607413,Utah Utes,Arizona Wildcats,99,105,0,2,254,12,43.8,43.4
2024-02-09,401607414,Oregon Ducks,Washington Huskies,85,80,0,2,2483,264,40.0,45.9
2024-02-09,401607415,Oregon State Beavers,Washington State Cougars,58,64,0,2,204,265,44.9,40.0
2024-02-10,401573440,Northern Colorado Bears,Montana Grizzlies,87,71,0,2,2458,149,61.5,39.7
2024-02-10,401573441,Northern Arizona Lumberjacks,Montana State Bobcats,76,71,0,2,2464,147,50.9,40.0
2024-02-10,401573539,Cal State Bakersfield Roadrunners,Cal State Fullerton Titans,73,71,0,2,2934,2239,46.4,51.1
2024-02-10,401573621,Jacksonville State Gamecocks,Western Kentucky Hilltoppers,59,70,0,2,55,98,37.9,41.5
2024-02-10,401573622,Florida International Panthers,Middle Tennessee Blue Raiders,66,68,0,2,2229,2393,39.1,44.2
2024-02-10,401574106,Seattle U Redhawks,Tarleton State Texans,77,82,0,2,2547,2627,47.4,45.8
2024-02-10,401574107,Utah Tech Trailblazers,California Baptist Lancers,85,78,0,2,3101,2856,61.2,48.1
2024-02-10,401574109,Utah Valley Wolverines,Abilene Christian Wildcats,74,45,0,2,3084,2000,54.7,24.1
2024-02-10,401574110,UT Arlington Mavericks,Stephen F. Austin Lumberjacks,71,63,0,2,250,2617,38.1,38.2
2024-02-10,401574201,Austin Peay Governors,Queens University Royals,79,76,0,2,2046,2511,55.8,51.0
2024-02-10,401574432,North Florida Ospreys,Central Arkansas Bears,77,79,0,2,2454,2110,41.1,51.6
2024-02-10,401574446,Stetson Hatters,Eastern Kentucky Colonels,87,79,0,2,56,2198,43.3,54.2
2024-02-10,401574517,Lipscomb Bisons,Kennesaw State Owls,101,95,0,2,288,338,56.1,48.5
2024-02-10,401574636,Bethune-Cookman Wildcats,Prairie View A&M Panthers,84,78,0,2,2065,2504,53.6,45.9
2024-02-10,401577673,Brown Bears,Columbia Lions,69,83,0,2,225,171,43.9,54.5
2024-02-10,401578974,Houston Christian Huskies,Incarnate Word Cardinals,86,83,0,2,2277,2916,54.2,49.2
2024-02-10,401579023,McNeese Cowboys,Texas A&M-Corpus Christi Islanders,74,67,0,2,2377,357,44.2,40.4
2024-02-10,401579048,East Texas A&M Lions,LSU New Orleans Privateers,89,83,0,2,2837,2443,50.8,53.2
2024-02-10,401579072,Northwestern State Demons,SE Louisiana Lions,59,69,0,2,2466,2545,34.9,54.2
2024-02-10,401580076,North Dakota State Bison,Omaha Mavericks,81,79,0,2,2449,2437,53.7,40.9
2024-02-10,401580077,North Dakota Fighting Hawks,Kansas City Roos,47,65,0,2,155,140,39.5,51.0
2024-02-10,401580078,South Dakota State Jackrabbits,Oral Roberts Golden Eagles,83,72,0,2,2571,198,51.7,51.9
2024-02-10,401580079,Denver Pioneers,St. Thomas Tommies,94,77,0,2,2172,2900,57.9,45.9
2024-02-10,401581220,Binghamton Bearcats,Bryant Bulldogs,69,70,0,2,2066,2803,34.5,42.6
2024-02-10,401581222,UMBC Retrievers,Vermont Catamounts,70,72,0,2,2378,261,48.3,39.7
2024-02-10,401581223,NJIT Highlanders,UMass Lowell River Hawks,71,64,0,2,2885,2349,40.4,43.4
2024-02-10,401581752,Harvard Crimson,Dartmouth Big Green,77,59,0,2,108,159,50.0,40.0
2024-02-10,401587124,Jacksonville Dolphins,North Alabama Lions,67,63,0,2,294,2453,36.1,37.3
2024-02-10,401587178,Princeton Tigers,Pennsylvania Quakers,77,70,0,2,163,219,44.8,44.4
2024-02-10,401587194,Yale Bulldogs,Cornell Big Red,80,78,0,2,43,172,46.7,54.5
2024-02-10,401587310,Morehead State Eagles,Eastern Illinois Panthers,69,57,0,2,2413,2197,52.3,39.0
2024-02-10,401587311,Lindenwood Lions,Tennessee Tech Golden Eagles,53,62,0,2,2815,2635,28.6,43.1
2024-02-10,401587312,Southeast Missouri State Redhawks,Tennessee State Tigers,74,77,0,2,2546,2634,42.2,56.6
2024-02-10,401587314,Western Illinois Leathernecks,UT Martin Skyhawks,59,62,0,2,2710,2630,40.0,41.7
2024-02-10,401587730,IU Indianapolis Jaguars,Purdue Fort Wayne Mastodons,65,92,0,2,85,2870,45.3,60.3
2024-02-10,401587731,Northern Kentucky Norse,Detroit Mercy Titans,79,67,0,2,94,2174,43.8,47.5
2024-02-10,401587733,Youngstown State Penguins,Green Bay Phoenix,83,84,0,2,2754,2739,41.9,45.9
2024-02-10,401587734,Robert Morris Colonials,Milwaukee Panthers,71,60,0,2,2523,270,43.6,33.9
2024-02-10,401587944,VMI Keydets,Samford Bulldogs,63,102,0,2,2678,2535,37.9,59.7
2024-02-10,401587945,Western Carolina Catamounts,Mercer Bears,79,46,0,2,2717,2382,42.2,28.6
2024-02-10,401587946,East Tennessee State Buccaneers,Furman Paladins,63,65,0,2,2193,231,39.7,50.0
2024-02-10,401587947,UNC Greensboro Spartans,Chattanooga Mocs,61,89,0,2,2430,236,37.3,59.3
2024-02-10,401588942,Kentucky Wildcats,Gonzaga Bulldogs,85,89,0,2,96,2250,45.9,47.1
2024-02-10,401589396,Saint Francis Red Wolves,Stonehill Skyhawks,72,63,0,2,2598,284,48.1,40.4
2024-02-10,401589506,Merrimack Warriors,Le Moyne Dolphins,66,50,0,2,2771,2330,40.0,38.0
2024-02-10,401589510,Central Connecticut Blue Devils,Fairleigh Dickinson Knights,71,62,0,2,2115,161,41.8,33.3
2024-02-10,401594267,Canisius Golden Griffins,Iona Gaels,73,69,0,2,2099,314,46.3,43.9
2024-02-10,401594300,Saint Peter's Peacocks,Fairfield Stags,62,64,0,2,2612,2217,41.8,50.0
2024-02-10,401594357,Mount St. Mary's Mountaineers,Quinnipiac Bobcats,96,79,0,2,116,2514,53.3,38.0
2024-02-10,401594453,Air Force Falcons,Fresno State Bulldogs,66,68,0,2,2005,278,44.1,57.1
2024-02-10,401594496,Bucknell Bison,Boston University Terriers,62,77,0,2,2083,104,44.2,52.8
2024-02-10,401594518,Loyola Maryland Greyhounds,Colgate Raiders,62,76,0,2,2352,2142,39.3,53.8
2024-02-10,401596888,VCU Rams,Dayton Flyers,49,47,0,2,2670,2168,37.7,36.2
2024-02-10,401596889,Saint Joseph's Hawks,Saint Louis Billikens,87,86,0,2,2603,139,43.9,49.1
2024-02-10,401596890,Davidson Wildcats,George Mason Patriots,55,57,0,2,2166,2244,34.6,41.3
2024-02-10,401596891,St. Bonaventure Bonnies,Duquesne Dukes,69,75,0,2,179,2184,40.0,45.8
2024-02-10,401596892,Richmond Spiders,La Salle Explorers,82,65,0,2,257,2325,51.8,46.6
2024-02-10,401596893,George Washington Revolutionaries,Loyola Chicago Ramblers,73,81,0,2,45,2350,35.0,43.5
2024-02-10,401597176,Florida Gators,Auburn Tigers,81,65,0,2,57,2,40.3,42.1
2024-02-10,401597177,Arkansas Razorbacks,Georgia Bulldogs,78,75,0,2,8,61,57.1,48.1
2024-02-10,401597178,LSU Tigers,Alabama Crimson Tide,92,109,0,2,99,333,55.0,46.9
2024-02-10,401597180,South Carolina Gamecocks,Vanderbilt Commodores,75,60,0,2,2579,238,51.7,48.1
2024-02-10,401597391,Holy Cross Crusaders,American University Eagles,58,56,0,2,107,44,41.5,43.8
2024-02-10,401597943,Nevada Wolf Pack,San Diego State Aztecs,70,66,0,2,2440,21,46.2,40.8
2024-02-10,401598597,Army Black Knights,Navy Midshipmen,69,67,0,2,349,2426,48.1,33.3
2024-02-10,401598909,Florida A&M Rattlers,Texas Southern Tigers,75,78,0,2,50,2640,49.2,41.2
2024-02-10,401599523,Butler Bulldogs,Providence Friars,75,72,0,2,2086,2507,51.9,41.9
2024-02-10,401599524,Georgetown Hoyas,UConn Huskies,64,89,0,2,46,41,39.7,61.1
2024-02-10,401599525,Marquette Golden Eagles,St. John's Red Storm,86,75,0,2,269,2599,55.9,42.3
2024-02-10,401599526,Xavier Musketeers,Creighton Bluejays,71,78,0,2,2752,156,42.4,48.4
2024-02-10,401600106,Southern Jaguars,Alabama A&M Bulldogs,69,62,0,2,2582,2010,33.3,40.4
2024-02-10,401600121,Grambling Tigers,Alabama State Hornets,74,68,0,2,2755,2011,38.3,38.5
2024-02-10,401600252,South Carolina State Bulldogs,Chicago State Cougars,78,55,0,2,2569,2130,57.1,42.5
2024-02-10,401600377,Michigan State Spartans,Illinois Fighting Illini,88,80,0,2,127,356,52.7,43.3
2024-02-10,401600379,Ohio State Buckeyes,Maryland Terrapins,79,75,0,2,194,120,43.9,38.7
2024-02-10,401600380,Nebraska Cornhuskers,Michigan Wolverines,79,59,0,2,158,130,46.9,32.3
2024-02-10,401600381,Rutgers Scarlet Knights,Wisconsin Badgers,78,56,0,2,164,275,44.8,32.8
2024-02-10,401600715,Charleston Cougars,Drexel Dragons,80,70,0,2,232,2182,45.5,43.5
2024-02-10,401600716,North Carolina A&T Aggies,Hofstra Pride,49,81,0,2,2448,2275,26.9,50.8
2024-02-10,401600717,Northeastern Huskies,Monmouth Hawks,77,65,0,2,111,2405,45.6,47.3
2024-02-10,401600718,Campbell Fighting Camels,Stony Brook Seawolves,95,77,0,2,2097,2619,64.4,41.8
2024-02-10,401600719,Hampton Pirates,UNC Wilmington Seahawks,65,95,0,2,2261,350,39.3,60.3
2024-02-10,401600720,Delaware Blue Hens,William & Mary Tribe,69,58,0,2,48,2729,43.3,39.3
2024-02-10,401601257,Gardner-Webb Runnin' Bulldogs,High Point Panthers,62,78,0,2,2241,2272,39.6,35.3
2024-02-10,401601258,Longwood Lancers,Winthrop Eagles,84,74,0,2,2344,2737,50.9,47.7
2024-02-10,401601259,Presbyterian Blue Hose,Radford Highlanders,76,73,0,2,2506,2515,54.9,54.7
2024-02-10,401601260,South Carolina Upstate Spartans,UNC Asheville Bulldogs,64,77,0,2,2908,2427,42.9,46.2
2024-02-10,401601887,Bradley Braves,Drake Bulldogs,67,74,0,2,71,2181,45.8,49.1
2024-02-10,401601888,Missouri State Bears,Indiana State Sycamores,71,73,0,2,2623,282,41.3,43.8
2024-02-10,401601889,Murray State Racers,Evansville Purple Aces,73,70,0,2,93,339,49.2,45.8
2024-02-10,401601891,Valparaiso Beacons,Belmont Bruins,78,96,0,2,2674,2057,45.2,61.2
2024-02-10,401602125,Rice Owls,South Florida Bulls,65,69,0,2,242,58,41.7,43.1
2024-02-10,401602126,UTSA Roadrunners,East Carolina Pirates,73,84,0,2,2636,151,41.5,45.8
2024-02-10,401602352,Arkansas-Pine Bluff Golden Lions,Alcorn State Braves,56,68,0,2,2029,2016,38.0,41.7
2024-02-10,401602990,Colorado State Rams,San José State Spartans,66,47,0,2,36,23,49.0,32.8
2024-02-10,401603465,Cincinnati Bearcats,Houston Cougars,62,67,0,2,2132,248,37.3,39.1
2024-02-10,401603466,Iowa State Cyclones,TCU Horned Frogs,71,59,0,2,66,2628,50.0,44.2
2024-02-10,401603467,Kansas Jayhawks,Baylor Bears,64,61,0,2,2305,239,42.9,41.3
2024-02-10,401603469,Texas Longhorns,West Virginia Mountaineers,94,58,0,2,251,277,51.4,38.2
2024-02-10,401603470,Texas Tech Red Raiders,UCF Knights,66,59,0,2,2641,2116,38.3,36.5
2024-02-10,401604176,Duke Blue Devils,Boston College Eagles,80,65,0,2,150,103,47.6,40.7
2024-02-10,401604177,Wake Forest Demon Deacons,NC State Wolfpack,83,79,0,2,154,152,48.3,49.2
2024-02-10,401604179,Louisville Cardinals,Georgia Tech Yellow Jackets,79,67,0,2,97,59,38.6,34.9
2024-02-10,401604180,Miami Hurricanes,North Carolina Tar Heels,72,75,0,2,2390,153,42.4,40.7
2024-02-10,401604181,Notre Dame Fighting Irish,Virginia Tech Hokies,74,66,0,2,87,259,49.1,43.9
2024-02-10,401604182,Syracuse Orange,Clemson Tigers,68,77,0,2,183,228,39.1,60.8
2024-02-10,401604800,Maryland Eastern Shore Hawks,Bryn Athyn Lions,88,55,0,2,2379,109684,51.5,38.6
2024-02-10,401607416,California Golden Bears,UCLA Bruins,60,61,0,2,25,26,39.6,36.2
2024-02-10,401607452,Oregon Ducks,Washington State Cougars,56,62,0,2,2483,265,36.1,42.9
2024-02-10,401634060,Southern Miss Golden Eagles,Western Michigan Broncos,86,54,0,2,2572,2711,55.9,30.6
2024-02-10,401634061,Troy Trojans,Kent State Golden Flashes,78,68,0,2,2653,2309,53.2,37.7
2024-02-10,401634062,Texas State Bobcats,Ball State Cardinals,68,60,0,2,326,2050,46.6,38.8
2024-02-10,401634063,South Alabama Jaguars,Northern Illinois Huskies,75,66,0,2,6,2459,45.2,44.4
2024-02-10,401634064,Old Dominion Monarchs,Central Michigan Chippewas,57,58,0,2,295,2117,35.0,37.7
2024-02-10,401634065,UL Monroe Warhawks,Eastern Michigan Eagles,82,76,0,2,2433,2199,57.1,42.0
2024-02-10,401634066,James Madison Dukes,Akron Zips,73,59,0,2,256,2006,50.9,33.9
2024-02-10,401634067,Georgia State Panthers,Miami (OH) RedHawks,73,53,0,2,2247,193,49.1,30.8
2024-02-10,401634068,Georgia Southern Eagles,Buffalo Bulls,81,82,0,2,290,2084,39.4,51.6
2024-02-10,401634069,Arkansas State Red Wolves,Ohio Bobcats,100,87,0,2,2032,195,63.8,51.6
2024-02-10,401634070,App State Mountaineers,Toledo Rockets,109,104,0,2,2026,2649,60.6,49.4
2024-02-11,401573438,Eastern Washington Eagles,Idaho Vandals,87,79,0,2,331,70,57.1,49.2
2024-02-11,401573439,Idaho State Bengals,Portland State Vikings,68,65,0,2,304,2502,47.8,50.0
2024-02-11,401573442,Weber State Wildcats,Sacramento State Hornets,58,53,0,2,2692,16,47.7,45.2
2024-02-11,401573536,UC Santa Barbara Gauchos,Cal State Northridge Matadors,74,82,0,2,2540,2463,43.6,54.4
2024-02-11,401573537,UC Riverside Highlanders,UC Irvine Anteaters,88,78,0,2,27,300,47.5,43.3
2024-02-11,401573538,Hawai'i Rainbow Warriors,UC Davis Aggies,87,70,0,2,62,302,53.1,34.4
2024-02-11,401573540,Long Beach State Beach,Cal Poly Mustangs,77,68,0,2,299,13,43.9,41.0
2024-02-11,401573619,UTEP Miners,New Mexico State Aggies,74,49,0,2,2638,166,41.3,34.6
2024-02-11,401573620,Liberty Flames,Louisiana Tech Bulldogs,65,62,0,2,2335,2348,47.2,51.9
2024-02-11,401574108,Grand Canyon Lopes,Southern Utah Thunderbirds,94,65,0,2,2253,253,44.4,41.5
2024-02-11,401575340,Florida Gulf Coast Eagles,Bellarmine Knights,63,52,0,2,526,91,42.1,38.6
2024-02-11,401579061,Lamar Cardinals,Nicholls Colonels,75,56,0,2,2320,2447,47.5,36.5
2024-02-11,401581221,New Hampshire Wildcats,Maine Black Bears,60,57,0,2,160,311,41.1,37.9
2024-02-11,401583828,Mississippi Valley State Delta Devils,Jackson State Tigers,69,77,0,2,2400,2296,41.7,44.3
2024-02-11,401587313,Southern Indiana Screaming Eagles,SIU Edwardsville Cougars,84,67,0,2,88,2565,58.7,36.4
2024-02-11,401587732,Wright State Raiders,Oakland Golden Grizzlies,60,74,0,2,2750,2473,33.8,50.0
2024-02-11,401587948,Wofford Terriers,The Citadel Bulldogs,77,64,0,2,2747,2643,52.9,45.7
2024-02-11,401589488,Long Island University Sharks,Sacred Heart Pioneers,75,58,0,2,112358,2529,50.0,32.8
2024-02-11,401589707,Pacific Tigers,San Diego Toreros,84,89,0,2,279,301,55.1,50.9
2024-02-11,401589708,Loyola Marymount Lions,Pepperdine Waves,63,72,0,2,2351,2492,41.4,44.4
2024-02-11,401589709,Portland Pilots,Saint Mary's Gaels,51,76,0,2,2501,2608,31.6,40.6
2024-02-11,401589710,San Francisco Dons,Santa Clara Broncos,71,70,0,2,2539,2541,37.7,52.1
2024-02-11,401594338,Rider Broncs,Marist Red Foxes,62,77,0,2,2520,2368,44.6,45.6
2024-02-11,401594398,Manhattan Jaspers,Siena Saints,63,68,0,2,2363,2561,32.4,41.5
2024-02-11,401596894,Massachusetts Minutemen,Rhode Island Rams,81,79,0,2,113,227,48.4,47.5
2024-02-11,401597179,Missouri Tigers,Mississippi State Bulldogs,51,75,0,2,142,344,34.0,47.5
2024-02-11,401597181,Texas A&M Aggies,Tennessee Volunteers,85,69,0,2,245,2633,46.7,37.1
2024-02-11,401597310,New Mexico Lobos,UNLV Rebels,77,80,0,2,167,2439,35.4,49.2
2024-02-11,401599527,Villanova Wildcats,Seton Hall Pirates,80,54,0,2,222,2550,53.6,40.0
2024-02-11,401600378,Purdue Boilermakers,Indiana Hoosiers,79,59,0,2,2509,84,42.4,41.8
2024-02-11,401600382,Iowa Hawkeyes,Minnesota Golden Gophers,90,85,0,2,2294,135,47.7,46.9
2024-02-11,401600383,Northwestern Wildcats,Penn State Nittany Lions,68,63,0,2,77,213,31.7,43.8
2024-02-11,401600800,Utah State Aggies,Boise State Broncos,80,61,0,2,328,68,51.8,35.6
2024-02-11,401601890,Southern Illinois Salukis,Illinois State Redbirds,69,66,0,2,79,2287,50.0,55.6
2024-02-11,401601892,UIC Flames,Northern Iowa Panthers,71,65,0,2,82,2460,50.9,42.1
2024-02-11,401602127,Memphis Tigers,Tulane Green Wave,90,78,0,2,235,2655,46.8,38.1
2024-02-11,401602128,SMU Mustangs,North Texas Mean Green,71,68,0,2,2567,249,48.1,45.6
2024-02-11,401602129,Temple Owls,Charlotte 49ers,70,73,0,2,218,2429,45.0,48.9
2024-02-11,401602130,Tulsa Golden Hurricane,UAB Blazers,63,70,0,2,202,5,42.9,37.5
2024-02-11,401602131,Wichita State Shockers,Florida Atlantic Owls,82,95,0,2,2724,2226,50.8,47.2
2024-02-11,401602997,Lehigh Mountain Hawks,Lafayette Leopards,94,90,0,2,2329,322,46.8,55.6
2024-02-11,401603464,BYU Cougars,Kansas State Wildcats,72,66,0,2,252,2306,42.9,43.1
2024-02-11,401603468,Oklahoma Sooners,Oklahoma State Cowboys,66,62,0,2,201,197,45.7,31.1
2024-02-11,401604178,Florida State Seminoles,Virginia Cavaliers,76,80,0,2,52,258,51.1,50.0
2024-02-11,401607417,Colorado Buffaloes,Arizona Wildcats,79,99,0,2,38,12,48.1,52.9
2024-02-11,401607418,Stanford Cardinal,USC Trojans,99,68,0,2,24,30,56.3,44.8
2024-02-11,401607419,Utah Utes,Arizona State Sun Devils,77,85,0,2,254,9,46.3,45.7
2024-02-11,401607461,Oregon State Beavers,Washington Huskies,55,67,0,2,204,264,33.9,42.3
2024-02-11,401634059,Louisiana Ragin' Cajuns,Bowling Green Falcons,86,60,0,2,309,189,56.9,43.6
2024-02-12,401600122,Southern Jaguars,Alabama State Hornets,73,62,0,2,2582,2011,42.6,41.5
2024-02-13,401574637,Bethune-Cookman Wildcats,Texas Southern Tigers,83,79,0,2,2065,2640,50.0,50.0
2024-02-13,401578975,Houston Christian Huskies,McNeese Cowboys,54,105,0,2,2277,2377,25.0,56.3
2024-02-13,401579049,Northwestern State Demons,LSU New Orleans Privateers,70,59,0,2,2466,2443,44.1,35.7
2024-02-13,401579062,Nicholls Colonels,Texas A&M-Corpus Christi Islanders,67,63,0,2,2447,357,38.3,38.6
2024-02-13,401579081,East Texas A&M Lions,SE Louisiana Lions,77,79,0,2,2837,2545,33.8,37.5
2024-02-13,401581797,Incarnate Word Cardinals,Lamar Cardinals,76,67,0,2,2916,2320,44.6,35.7
2024-02-13,401583829,Arkansas-Pine Bluff Golden Lions,Jackson State Tigers,63,76,0,2,2029,2296,43.3,43.3
2024-02-13,401594497,Bucknell Bison,Lehigh Mountain Hawks,63,71,0,2,2083,2329,35.3,35.4
2024-02-13,401598030,Florida A&M Rattlers,Prairie View A&M Panthers,58,61,0,2,50,2504,39.3,35.9
2024-02-13,401599528,Butler Bulldogs,Marquette Golden Eagles,72,78,0,2,2086,269,40.0,47.7
2024-02-13,401600107,Grambling Tigers,Alabama A&M Bulldogs,50,60,0,2,2755,2010,29.1,33.9
2024-02-13,401600721,Towson Tigers,Elon Phoenix,80,55,0,2,119,2210,49.2,35.4
2024-02-13,401602353,Mississippi Valley State Delta Devils,Alcorn State Braves,55,72,0,2,2400,2016,44.7,48.1
2024-02-13,401603471,TCU Horned Frogs,West Virginia Mountaineers,81,65,0,2,2628,277,48.4,38.9
2024-02-13,401603472,Texas Tech Red Raiders,Kansas Jayhawks,79,50,0,2,2641,2305,49.1,32.7
2024-02-13,401604183,Duke Blue Devils,Wake Forest Demon Deacons,77,69,0,2,150,154,47.3,39.1
2024-02-14,401587315,Tennessee Tech Golden Eagles,Tennessee State Tigers,70,50,0,2,2635,2634,44.0,37.0
2024-02-14,401587739,Youngstown State Penguins,Robert Morris Colonials,87,77,0,2,2754,2523,39.7,41.5
2024-02-14,401588679,Northern Illinois Huskies,Buffalo Bulls,72,68,0,2,2459,2084,43.6,49.1
2024-02-14,401594454,San José State Spartans,Air Force Falcons,73,66,0,2,23,2005,64.1,43.5
2024-02-14,401596895,Davidson Wildcats,La Salle Explorers,71,56,0,2,2166,2325,41.5,37.3
2024-02-14,401596896,George Mason Patriots,George Washington Revolutionaries,90,67,0,2,2244,45,56.7,40.0
2024-02-14,401596897,Dayton Flyers,Duquesne Dukes,75,59,0,2,2168,2184,47.3,50.0
2024-02-14,401597182,Kentucky Wildcats,Ole Miss Rebels,75,63,0,2,96,145,51.9,36.9
2024-02-14,401597183,Vanderbilt Commodores,Texas A&M Aggies,74,73,0,2,238,245,43.3,51.1
2024-02-14,401597184,Florida Gators,LSU Tigers,82,80,0,2,57,99,48.5,50.9
2024-02-14,401597944,San Diego State Aztecs,Colorado State Rams,71,55,0,2,21,36,44.4,35.8
2024-02-14,401597974,Army Black Knights,Boston University Terriers,65,50,0,2,349,104,52.1,32.7
2024-02-14,401599529,Creighton Bluejays,Georgetown Hoyas,94,72,0,2,156,46,58.6,42.6
2024-02-14,401599530,Providence Friars,St. John's Red Storm,75,72,0,2,2507,2599,47.1,40.6
2024-02-14,401600384,Illinois Fighting Illini,Michigan Wolverines,97,68,0,2,356,130,56.3,42.1
2024-02-14,401600385,Wisconsin Badgers,Ohio State Buckeyes,62,54,0,2,275,194,44.0,41.1
2024-02-14,401600387,Penn State Nittany Lions,Michigan State Spartans,72,80,0,2,213,127,45.3,50.8
2024-02-14,401601263,UNC Asheville Bulldogs,Presbyterian Blue Hose,71,69,0,2,2427,2506,38.3,45.1
2024-02-14,401601893,Evansville Purple Aces,Drake Bulldogs,75,78,0,2,339,2181,50.0,49.1
2024-02-14,401601894,Indiana State Sycamores,Illinois State Redbirds,67,80,0,2,282,2287,36.4,51.8
2024-02-14,401602984,Nevada Wolf Pack,New Mexico Lobos,82,83,0,2,2440,167,50.0,50.0
2024-02-14,401603473,BYU Cougars,UCF Knights,90,88,0,2,252,2116,44.7,50.7
2024-02-14,401603474,Cincinnati Bearcats,Iowa State Cyclones,59,68,0,2,2132,66,38.0,47.5
2024-02-14,401603475,Baylor Bears,Oklahoma Sooners,79,62,0,2,239,201,54.9,46.7
2024-02-14,401604184,Virginia Cavaliers,Pittsburgh Panthers,63,74,0,2,258,221,50.0,44.8
2024-02-14,401604185,Virginia Tech Hokies,Florida State Seminoles,83,75,0,2,259,52,40.7,53.3
2024-02-14,401604186,Boston College Eagles,Louisville Cardinals,89,77,0,2,103,97,56.7,46.9
2024-02-14,401604187,Syracuse Orange,North Carolina Tar Heels,86,79,0,2,183,153,62.5,47.5
2024-02-15,401574518,Kennesaw State Owls,Jacksonville Dolphins,66,61,0,2,338,294,38.2,39.3
2024-02-15,401574530,Queens University Royals,North Florida Ospreys,79,93,0,2,2511,2454,45.3,47.0
2024-02-15,401581225,Binghamton Bearcats,UMBC Retrievers,78,89,0,2,2066,2378,42.9,51.6
2024-02-15,401581505,App State Mountaineers,Marshall Thundering Herd,73,58,0,2,2026,276,50.9,32.8
2024-02-15,401587735,Purdue Fort Wayne Mastodons,Oakland Golden Grizzlies,63,71,0,2,2870,2473,41.1,49.0
2024-02-15,401587736,Cleveland State Vikings,Milwaukee Panthers,68,71,0,2,325,270,37.1,50.0
2024-02-15,401587737,Detroit Mercy Titans,IU Indianapolis Jaguars,81,66,0,2,2174,85,51.0,48.0
2024-02-15,401587738,Green Bay Phoenix,Northern Kentucky Norse,57,58,0,2,2739,94,35.2,37.7
2024-02-15,401587949,Chattanooga Mocs,East Tennessee State Buccaneers,84,71,0,2,236,2193,52.8,45.8
2024-02-15,401587950,Samford Bulldogs,Western Carolina Catamounts,88,62,0,2,2535,2717,50.0,36.8
2024-02-15,401587951,The Citadel Bulldogs,UNC Greensboro Spartans,61,76,0,2,2643,2430,39.1,51.8
2024-02-15,401587952,Mercer Bears,Wofford Terriers,60,73,0,2,2382,2747,41.5,51.9
2024-02-15,401587953,Furman Paladins,VMI Keydets,75,62,0,2,231,2678,42.4,35.3
2024-02-15,401594519,Lafayette Leopards,Loyola Maryland Greyhounds,64,79,0,2,322,2352,37.7,47.1
2024-02-15,401596898,Loyola Chicago Ramblers,Saint Joseph's Hawks,64,59,0,2,2350,2603,42.3,32.8
2024-02-15,401596899,Fordham Rams,St. Bonaventure Bonnies,67,85,0,2,2230,179,42.6,60.0
2024-02-15,401596900,Richmond Spiders,Massachusetts Minutemen,59,69,0,2,257,113,33.3,38.2
2024-02-15,401597185,Auburn Tigers,South Carolina Gamecocks,101,61,0,2,2,2579,61.0,34.6
2024-02-15,401597186,Arkansas Razorbacks,Tennessee Volunteers,63,92,0,2,8,2633,37.9,56.9
2024-02-15,401597311,Fresno State Bulldogs,UNLV Rebels,65,67,0,2,278,2439,46.9,54.5
2024-02-15,401597392,Navy Midshipmen,American University Eagles,42,59,0,2,2426,44,28.3,44.2
2024-02-15,401598640,Colgate Raiders,Holy Cross Crusaders,85,55,0,2,2142,107,54.1,33.8
2024-02-15,401599531,DePaul Blue Demons,UConn Huskies,65,101,0,2,305,41,40.7,56.3
2024-02-15,401599532,Seton Hall Pirates,Xavier Musketeers,88,70,0,2,2550,2752,54.1,44.6
2024-02-15,401600253,Eastern Kentucky Colonels,Chicago State Cougars,86,73,0,2,2198,2130,52.5,42.6
2024-02-15,401600386,Maryland Terrapins,Iowa Hawkeyes,78,66,0,2,120,2294,48.1,40.6
2024-02-15,401600389,Rutgers Scarlet Knights,Northwestern Wildcats,63,60,0,2,164,77,39.6,36.0
2024-02-15,401600725,Stony Brook Seawolves,Hampton Pirates,93,73,0,2,2619,2261,64.2,37.9
2024-02-15,401600801,Wyoming Cowboys,Utah State Aggies,76,84,0,2,2751,328,41.8,56.6
2024-02-15,401601261,Charleston Southern Buccaneers,Gardner-Webb Runnin' Bulldogs,77,85,0,2,2127,2241,36.2,45.3
2024-02-15,401601262,High Point Panthers,South Carolina Upstate Spartans,81,86,0,2,2272,2908,41.5,47.5
2024-02-15,401601895,Bradley Braves,UIC Flames,85,73,0,2,71,82,49.1,45.8
2024-02-15,401601896,Belmont Bruins,Southern Illinois Salukis,82,68,0,2,2057,79,50.0,37.3
2024-02-15,401601897,Murray State Racers,Missouri State Bears,82,72,0,2,93,2623,54.1,45.0
2024-02-15,401601898,Valparaiso Beacons,Northern Iowa Panthers,67,86,0,2,2674,2460,45.6,66.7
2024-02-15,401602132,South Florida Bulls,Tulsa Golden Hurricane,69,50,0,2,58,202,45.8,35.7
2024-02-15,401604188,Clemson Tigers,Miami Hurricanes,77,60,0,2,228,2390,44.6,37.3
2024-02-15,401604189,Notre Dame Fighting Irish,Georgia Tech Yellow Jackets,58,55,0,2,87,59,31.6,45.8
2024-02-15,401607420,Arizona State Sun Devils,Oregon State Beavers,79,61,0,2,9,204,57.7,44.6
2024-02-16,401573443,Eastern Washington Eagles,Idaho State Bengals,88,82,0,2,331,304,64.6,53.8
2024-02-16,401573444,Idaho Vandals,Weber State Wildcats,69,70,0,2,70,2692,56.3,48.9
2024-02-16,401573445,Sacramento State Hornets,Northern Arizona Lumberjacks,58,73,0,2,16,2464,38.6,50.0
2024-02-16,401573446,Portland State Vikings,Northern Colorado Bears,82,72,0,2,2502,2458,37.0,37.2
2024-02-16,401573541,Cal State Fullerton Titans,UC Riverside Highlanders,73,81,0,2,2239,27,42.9,46.4
2024-02-16,401573542,UC Davis Aggies,Long Beach State Beach,74,78,0,2,302,299,37.3,46.0
2024-02-16,401573543,UC San Diego Tritons,UC Santa Barbara Gauchos,61,46,0,2,28,2540,39.1,31.6
2024-02-16,401573544,Cal State Bakersfield Roadrunners,Cal State Northridge Matadors,71,76,0,2,2934,2463,35.8,57.8
2024-02-16,401573545,Cal Poly Mustangs,Hawai'i Rainbow Warriors,51,80,0,2,13,62,27.6,55.8
2024-02-16,401573623,Western Kentucky Hilltoppers,UTEP Miners,90,80,0,2,98,2638,56.7,41.4
2024-02-16,401573624,Middle Tennessee Blue Raiders,New Mexico State Aggies,76,69,0,2,2393,166,46.2,47.6
2024-02-16,401573625,Louisiana Tech Bulldogs,Jacksonville State Gamecocks,63,58,0,2,2348,55,40.4,39.6
2024-02-16,401573626,Sam Houston Bearkats,Florida International Panthers,70,56,0,2,2534,2229,43.9,35.5
2024-02-16,401574111,Southern Utah Thunderbirds,Seattle U Redhawks,68,78,0,2,253,2547,40.0,48.3
2024-02-16,401574112,California Baptist Lancers,Utah Valley Wolverines,46,69,0,2,2856,3084,30.9,45.5
2024-02-16,401574113,Grand Canyon Lopes,Utah Tech Trailblazers,73,61,0,2,2253,3101,41.4,38.7
2024-02-16,401574114,UT Rio Grande Valley Vaqueros,Abilene Christian Wildcats,79,87,0,2,292,2000,47.4,61.4
2024-02-16,401574115,UT Arlington Mavericks,Tarleton State Texans,78,80,0,2,250,2627,39.7,50.0
2024-02-16,401574202,Central Arkansas Bears,Austin Peay Governors,67,77,0,2,2110,2046,41.3,35.6
2024-02-16,401580080,Oral Roberts Golden Eagles,North Dakota State Bison,60,73,0,2,198,2449,34.8,42.6
2024-02-16,401580081,Denver Pioneers,North Dakota Fighting Hawks,78,92,0,2,2172,155,45.3,54.2
2024-02-16,401580082,Kansas City Roos,South Dakota State Jackrabbits,72,67,0,2,140,2571,38.3,39.3
2024-02-16,401580083,Omaha Mavericks,South Dakota Coyotes,91,84,0,2,2437,233,53.1,56.1
2024-02-16,401581224,UAlbany Great Danes,NJIT Highlanders,83,58,0,2,399,2885,53.3,36.5
2024-02-16,401581226,Bryant Bulldogs,Maine Black Bears,77,72,0,2,2803,311,46.7,49.2
2024-02-16,401581227,Vermont Catamounts,New Hampshire Wildcats,70,54,0,2,261,160,39.0,36.5
2024-02-16,401581623,Troy Trojans,Arkansas State Red Wolves,71,82,0,2,2653,2032,43.5,49.3
2024-02-16,401581638,Coastal Carolina Chanticleers,Georgia Southern Eagles,82,75,0,2,324,290,56.8,38.2
2024-02-16,401581662,James Madison Dukes,Georgia State Panthers,83,63,0,2,256,2247,49.0,39.0
2024-02-16,401581683,Old Dominion Monarchs,Louisiana Ragin' Cajuns,60,68,0,2,295,309,37.7,35.9
2024-02-16,401581693,Southern Miss Golden Eagles,UL Monroe Warhawks,59,68,0,2,2572,2433,41.3,41.4
2024-02-16,401581710,South Alabama Jaguars,Texas State Bobcats,72,55,0,2,6,326,52.0,40.9
2024-02-16,401581753,Cornell Big Red,Harvard Crimson,75,62,0,2,172,108,45.5,32.3
2024-02-16,401587125,North Alabama Lions,Lipscomb Bisons,75,70,0,2,2453,288,50.8,43.3
2024-02-16,401587316,Eastern Illinois Panthers,Southeast Missouri State Redhawks,75,57,0,2,2197,2546,50.0,35.6
2024-02-16,401587317,SIU Edwardsville Cougars,Lindenwood Lions,91,63,0,2,2565,2815,48.4,32.7
2024-02-16,401587318,Little Rock Trojans,Morehead State Eagles,69,68,0,2,2031,2413,42.9,46.6
2024-02-16,401587319,UT Martin Skyhawks,Southern Indiana Screaming Eagles,77,68,0,2,2630,88,37.1,37.5
2024-02-16,401587320,Tennessee Tech Golden Eagles,Western Illinois Leathernecks,55,62,0,2,2635,2710,38.9,47.3
2024-02-16,401589397,Saint Francis Red Wolves,Wagner Seahawks,63,65,0,2,2598,2681,49.0,35.3
2024-02-16,401589459,Stonehill Skyhawks,Merrimack Warriors,63,66,0,2,284,2771,44.1,43.6
2024-02-16,401589499,Long Island University Sharks,Fairleigh Dickinson Knights,82,84,0,2,112358,161,47.1,44.4
2024-02-16,401589507,Le Moyne Dolphins,Central Connecticut Blue Devils,69,64,0,2,2330,2115,39.3,29.4
2024-02-16,401589711,Loyola Marymount Lions,Gonzaga Bulldogs,74,91,0,2,2351,2250,52.8,59.7
2024-02-16,401589712,San Diego Toreros,Portland Pilots,71,66,0,2,301,2501,40.0,34.8
2024-02-16,401589713,Saint Mary's Gaels,Pepperdine Waves,103,59,0,2,2608,2492,61.8,36.0
2024-02-16,401589714,Santa Clara Broncos,Pacific Tigers,79,53,0,2,2541,279,39.4,32.2
2024-02-16,401600388,Purdue Boilermakers,Minnesota Golden Gophers,84,76,0,2,2509,135,47.5,44.1
2024-02-16,401600722,Monmouth Hawks,Campbell Fighting Camels,88,87,0,2,2405,2097,44.9,49.1
2024-02-16,401600723,Northeastern Huskies,Charleston Cougars,73,77,0,2,111,232,50.9,42.0
2024-02-16,401600724,Elon Phoenix,Delaware Blue Hens,73,67,0,2,2210,48,45.5,45.8
2024-02-16,401600726,Drexel Dragons,Hofstra Pride,79,77,0,2,2182,2275,52.8,52.0
2024-02-16,401600727,UNC Wilmington Seahawks,North Carolina A&T Aggies,73,54,0,2,350,2448,49.1,35.2
2024-02-16,401600728,William & Mary Tribe,Towson Tigers,52,61,0,2,2729,119,30.3,48.9
2024-02-16,401601264,Radford Highlanders,Winthrop Eagles,69,85,0,2,2515,2737,45.3,50.0
2024-02-16,401602133,Charlotte 49ers,UTSA Roadrunners,79,70,0,2,2429,2636,48.1,35.8
2024-02-16,401602134,East Carolina Pirates,Wichita State Shockers,68,55,0,2,151,2724,45.5,37.7
2024-02-16,401602135,Florida Atlantic Owls,Temple Owls,80,68,0,2,2226,218,49.1,42.1
2024-02-16,401602136,North Texas Mean Green,Memphis Tigers,76,66,0,2,249,235,44.4,37.3
2024-02-16,401602137,Tulane Green Wave,SMU Mustangs,79,87,0,2,2655,2567,45.2,41.5
2024-02-16,401607421,UCLA Bruins,Colorado Buffaloes,64,60,0,2,26,38,44.4,52.2
2024-02-16,401607422,Washington State Cougars,California Golden Bears,84,65,0,2,265,25,55.0,38.2
2024-02-16,401607423,USC Trojans,Utah Utes,68,64,0,2,30,254,40.6,36.7
2024-02-16,401607458,Washington Huskies,Stanford Cardinal,85,65,0,2,264,24,53.7,40.0
2024-02-17,401573447,Eastern Washington Eagles,Weber State Wildcats,84,90,0,2,331,2692,48.1,54.1
2024-02-17,401573448,Idaho Vandals,Idaho State Bengals,55,53,0,2,70,304,36.5,38.8
2024-02-17,401573451,Sacramento State Hornets,Northern Colorado Bears,75,80,0,2,16,2458,56.6,58.7
2024-02-17,401573547,UC Santa Barbara Gauchos,Hawai'i Rainbow Warriors,77,71,0,2,2540,62,46.7,50.0
2024-02-17,401573548,UC Davis Aggies,UC Riverside Highlanders,61,67,0,2,302,27,44.4,42.1
2024-02-17,401573627,Middle Tennessee Blue Raiders,UTEP Miners,96,90,0,2,2393,2638,49.1,40.0
2024-02-17,401573628,Western Kentucky Hilltoppers,New Mexico State Aggies,72,58,0,2,98,166,46.4,39.7
2024-02-17,401573630,Louisiana Tech Bulldogs,Florida International Panthers,75,68,0,2,2348,2229,47.9,36.7
2024-02-17,401574119,Stephen F. Austin Lumberjacks,Abilene Christian Wildcats,62,63,0,2,2617,2000,57.8,37.0
2024-02-17,401574433,Central Arkansas Bears,Lipscomb Bisons,68,85,0,2,2110,288,41.3,54.0
2024-02-17,401574519,Kennesaw State Owls,North Florida Ospreys,81,82,0,2,338,2454,46.2,42.2
2024-02-17,401574542,Queens University Royals,Jacksonville Dolphins,74,65,0,2,2511,294,45.3,36.9
2024-02-17,401574638,Alcorn State Braves,Bethune-Cookman Wildcats,69,54,0,2,2016,2065,53.2,37.5
2024-02-17,401577674,Princeton Tigers,Brown Bears,72,63,0,2,163,225,40.8,43.9
2024-02-17,401577675,Pennsylvania Quakers,Brown Bears,64,71,0,2,219,225,41.1,45.1
2024-02-17,401578976,SE Louisiana Lions,Houston Christian Huskies,81,78,0,2,2545,2277,45.2,50.8
2024-02-17,401579024,Nicholls Colonels,McNeese Cowboys,47,74,0,2,2447,2377,31.3,52.9
2024-02-17,401579050,LSU New Orleans Privateers,Lamar Cardinals,72,94,0,2,2443,2320,38.6,56.9
2024-02-17,401579073,Incarnate Word Cardinals,Northwestern State Demons,61,81,0,2,2916,2466,41.7,50.0
2024-02-17,401579088,Texas A&M-Corpus Christi Islanders,East Texas A&M Lions,86,63,0,2,357,2837,59.0,39.6
2024-02-17,401580086,Denver Pioneers,North Dakota State Bison,77,71,0,2,2172,2449,54.0,45.8
2024-02-17,401581228,UMBC Retrievers,UAlbany Great Danes,80,75,0,2,2378,399,50.9,42.2
2024-02-17,401581229,NJIT Highlanders,Binghamton Bearcats,55,69,0,2,2885,2066,31.5,52.1
2024-02-17,401581230,Bryant Bulldogs,UMass Lowell River Hawks,77,86,0,2,2803,2349,41.0,46.8
2024-02-17,401581231,Maine Black Bears,Vermont Catamounts,57,68,0,2,311,261,36.8,44.7
2024-02-17,401581506,App State Mountaineers,Louisiana Ragin' Cajuns,85,73,0,2,2026,309,48.4,44.9
2024-02-17,401581624,South Alabama Jaguars,Arkansas State Red Wolves,73,76,0,2,6,2032,50.0,40.9
2024-02-17,401581639,Coastal Carolina Chanticleers,Marshall Thundering Herd,74,67,0,2,324,276,46.2,33.3
2024-02-17,401581651,James Madison Dukes,Georgia Southern Eagles,87,80,0,2,256,290,48.1,50.9
2024-02-17,401581694,Troy Trojans,UL Monroe Warhawks,85,57,0,2,2653,2433,51.6,32.3
2024-02-17,401581716,Southern Miss Golden Eagles,Texas State Bobcats,78,74,0,2,2572,326,50.9,45.3
2024-02-17,401581754,Columbia Lions,Harvard Crimson,75,80,0,2,171,108,40.9,47.2
2024-02-17,401583830,Jackson State Tigers,Florida A&M Rattlers,77,55,0,2,2296,50,44.8,36.7
2024-02-17,401587195,Pennsylvania Quakers,Yale Bulldogs,62,76,0,2,219,43,39.0,52.9
2024-02-17,401587321,Eastern Illinois Panthers,Lindenwood Lions,72,57,0,2,2197,2815,40.6,37.3
2024-02-17,401587322,Little Rock Trojans,Southern Indiana Screaming Eagles,80,62,0,2,2031,88,48.3,34.9
2024-02-17,401587323,UT Martin Skyhawks,Morehead State Eagles,88,82,0,2,2630,2413,46.8,43.5
2024-02-17,401587324,SIU Edwardsville Cougars,Southeast Missouri State Redhawks,80,76,0,2,2565,2546,44.4,48.4
2024-02-17,401587325,Tennessee State Tigers,Western Illinois Leathernecks,61,68,0,2,2634,2710,33.3,37.9
2024-02-17,401587740,Detroit Mercy Titans,Purdue Fort Wayne Mastodons,69,83,0,2,2174,2870,52.2,55.9
2024-02-17,401587741,Oakland Golden Grizzlies,IU Indianapolis Jaguars,107,59,0,2,2473,85,66.1,35.0
2024-02-17,401587743,Wright State Raiders,Robert Morris Colonials,101,71,0,2,2750,2523,64.2,44.2
2024-02-17,401587744,Cleveland State Vikings,Youngstown State Penguins,81,73,0,2,325,2754,53.3,43.1
2024-02-17,401587954,Western Carolina Catamounts,East Tennessee State Buccaneers,70,65,0,2,2717,2193,39.3,40.3
2024-02-17,401587955,Mercer Bears,Samford Bulldogs,88,84,0,2,2382,2535,54.0,43.1
2024-02-17,401587956,The Citadel Bulldogs,VMI Keydets,76,51,0,2,2643,2678,53.6,36.4
2024-02-17,401588680,Miami (OH) RedHawks,Ball State Cardinals,80,59,0,2,193,2050,51.7,41.1
2024-02-17,401588681,Buffalo Bulls,Akron Zips,62,73,0,2,2084,2006,38.3,46.7
2024-02-17,401588682,Toledo Rockets,Ohio Bobcats,85,83,0,2,2649,195,48.5,47.4
2024-02-17,401588683,Eastern Michigan Eagles,Bowling Green Falcons,69,60,0,2,2199,189,43.9,34.4
2024-02-17,401588685,Kent State Golden Flashes,Northern Illinois Huskies,85,47,0,2,2309,2459,55.9,34.8
2024-02-17,401589398,Fairleigh Dickinson Knights,Saint Francis Red Wolves,93,74,0,2,161,2598,53.4,42.2
2024-02-17,401589460,Le Moyne Dolphins,Stonehill Skyhawks,75,67,0,2,2330,284,38.8,45.6
2024-02-17,401589477,Wagner Seahawks,Sacred Heart Pioneers,53,63,0,2,2681,2529,32.7,43.1
2024-02-17,401589500,Merrimack Warriors,Long Island University Sharks,83,68,0,2,2771,112358,50.9,43.6
2024-02-17,401589746,Coppin State Eagles,Delaware State Hornets,56,66,0,2,2154,2169,31.0,43.6
2024-02-17,401591563,Columbia Lions,Dartmouth Big Green,73,63,0,2,171,159,43.1,41.4
2024-02-17,401593877,Stetson Hatters,Florida Gulf Coast Eagles,61,60,0,2,56,526,41.4,45.5
2024-02-17,401594268,Marist Red Foxes,Canisius Golden Griffins,78,55,0,2,2368,2099,51.9,38.9
2024-02-17,401594301,Fairfield Stags,Niagara Purple Eagles,63,65,0,2,2217,315,36.4,52.0
2024-02-17,401594317,Iona Gaels,Manhattan Jaspers,73,63,0,2,314,2363,45.5,46.0
2024-02-17,401594358,Rider Broncs,Mount St. Mary's Mountaineers,61,57,0,2,2520,116,37.5,37.1
2024-02-17,401594391,Saint Peter's Peacocks,Siena Saints,75,53,0,2,2612,2561,39.4,33.9
2024-02-17,401594412,Norfolk State Spartans,South Carolina State Bulldogs,71,67,0,2,2450,2569,41.8,32.1
2024-02-17,401594498,Colgate Raiders,Bucknell Bison,62,50,0,2,2142,2083,43.4,31.0
2024-02-17,401594520,Lehigh Mountain Hawks,Loyola Maryland Greyhounds,75,70,0,2,2329,2352,48.1,46.4
2024-02-17,401596901,Saint Louis Billikens,VCU Rams,85,95,0,2,139,2670,47.4,49.1
2024-02-17,401596902,George Washington Revolutionaries,Richmond Spiders,74,90,0,2,45,257,40.6,56.3
2024-02-17,401596903,Duquesne Dukes,Saint Joseph's Hawks,66,56,0,2,2184,2603,44.2,32.1
2024-02-17,401596904,St. Bonaventure Bonnies,Davidson Wildcats,81,80,0,2,179,2166,56.5,49.2
2024-02-17,401596905,La Salle Explorers,Massachusetts Minutemen,82,81,0,2,2325,113,47.5,42.4
2024-02-17,401596906,Dayton Flyers,Fordham Rams,78,70,0,2,2168,2230,57.4,41.4
2024-02-17,401597188,Tennessee Volunteers,Vanderbilt Commodores,88,53,0,2,2633,238,47.8,33.3
2024-02-17,401597189,Alabama Crimson Tide,Texas A&M Aggies,100,75,0,2,333,245,52.1,37.8
2024-02-17,401597190,Auburn Tigers,Kentucky Wildcats,59,70,0,2,2,96,30.9,44.4
2024-02-17,401597191,Georgia Bulldogs,Florida Gators,82,88,0,2,61,57,50.0,43.3
2024-02-17,401597192,Mississippi State Bulldogs,Arkansas Razorbacks,71,67,0,2,344,8,48.0,45.5
2024-02-17,401597193,South Carolina Gamecocks,LSU Tigers,63,64,0,2,2579,99,41.9,43.1
2024-02-17,401597393,American University Eagles,Lafayette Leopards,62,68,0,2,44,322,38.9,48.9
2024-02-17,401597945,San Diego State Aztecs,New Mexico Lobos,81,70,0,2,21,167,56.9,35.5
2024-02-17,401597975,Boston University Terriers,Navy Midshipmen,74,65,0,2,104,2426,47.2,40.7
2024-02-17,401598031,Prairie View A&M Panthers,Southern Jaguars,71,77,0,2,2504,2582,52.4,70.0
2024-02-17,401598583,Cornell Big Red,Dartmouth Big Green,89,80,0,2,172,159,46.9,49.1
2024-02-17,401599533,Georgetown Hoyas,Villanova Wildcats,54,70,0,2,46,222,34.4,45.5
2024-02-17,401599534,Butler Bulldogs,Creighton Bluejays,57,79,0,2,2086,156,40.0,51.7
2024-02-17,401599536,UConn Huskies,Marquette Golden Eagles,81,53,0,2,41,269,46.0,36.8
2024-02-17,401600091,Holy Cross Crusaders,Army Black Knights,53,59,0,2,107,349,32.8,40.8
2024-02-17,401600108,Alabama A&M Bulldogs,Mississippi Valley State Delta Devils,80,57,0,2,2010,2400,49.0,32.7
2024-02-17,401600123,Alabama State Hornets,Arkansas-Pine Bluff Golden Lions,74,80,0,2,2011,2029,34.2,44.6
2024-02-17,401600390,Maryland Terrapins,Illinois Fighting Illini,80,85,0,2,120,356,41.3,48.0
2024-02-17,401600392,Nebraska Cornhuskers,Penn State Nittany Lions,68,49,0,2,158,213,44.3,33.3
2024-02-17,401600393,Iowa Hawkeyes,Wisconsin Badgers,88,86,0,2,2294,275,52.6,47.6
2024-02-17,401600729,Drexel Dragons,Campbell Fighting Camels,81,66,0,2,2182,2097,46.7,39.4
2024-02-17,401600730,North Carolina A&T Aggies,Delaware Blue Hens,54,62,0,2,2448,48,38.2,45.1
2024-02-17,401600732,Hofstra Pride,Northeastern Huskies,82,62,0,2,2275,111,56.1,48.0
2024-02-17,401600733,Monmouth Hawks,Stony Brook Seawolves,84,61,0,2,2405,2619,45.1,34.9
2024-02-17,401600734,Hampton Pirates,Towson Tigers,67,61,0,2,2261,119,45.5,36.2
2024-02-17,401600802,Colorado State Rams,Utah State Aggies,75,55,0,2,36,328,45.2,38.6
2024-02-17,401601265,UNC Asheville Bulldogs,Charleston Southern Buccaneers,86,55,0,2,2427,2127,52.4,25.4
2024-02-17,401601266,South Carolina Upstate Spartans,Gardner-Webb Runnin' Bulldogs,65,73,0,2,2908,2241,37.5,45.6
2024-02-17,401601268,Presbyterian Blue Hose,Longwood Lancers,73,81,0,2,2506,2344,42.4,52.2
2024-02-17,401601899,Missouri State Bears,Valparaiso Beacons,82,74,0,2,2623,2674,56.4,36.8
2024-02-17,401602138,Tulsa Golden Hurricane,Rice Owls,93,82,0,2,202,242,46.2,45.5
2024-02-17,401603004,Texas Southern Tigers,Grambling Tigers,63,66,0,2,2640,2755,39.6,49.1
2024-02-17,401603476,Houston Cougars,Texas Longhorns,82,61,0,2,248,251,46.8,38.6
2024-02-17,401603477,Iowa State Cyclones,Texas Tech Red Raiders,82,74,0,2,66,2641,47.1,45.3
2024-02-17,401603478,Kansas State Wildcats,TCU Horned Frogs,72,75,0,2,2306,2628,47.9,42.9
2024-02-17,401603479,Oklahoma Sooners,Kansas Jayhawks,57,67,0,2,201,2305,32.0,44.1
2024-02-17,401603480,Oklahoma State Cowboys,BYU Cougars,93,83,0,2,197,252,59.6,43.7
2024-02-17,401603481,UCF Knights,Cincinnati Bearcats,74,76,0,2,2116,2132,47.5,41.8
2024-02-17,401603482,West Virginia Mountaineers,Baylor Bears,81,94,0,2,277,239,52.9,53.6
2024-02-17,401604190,North Carolina Tar Heels,Virginia Tech Hokies,96,81,0,2,153,259,51.5,41.8
2024-02-17,401604191,Virginia Cavaliers,Wake Forest Demon Deacons,49,47,0,2,258,154,40.7,34.5
2024-02-17,401604192,Boston College Eagles,Miami Hurricanes,85,77,0,2,103,2390,47.5,52.9
2024-02-17,401604194,Florida State Seminoles,Duke Blue Devils,67,76,0,2,52,150,49.1,46.4
2024-02-17,401604195,Georgia Tech Yellow Jackets,Syracuse Orange,65,60,0,2,59,183,39.3,36.7
2024-02-17,401604196,Pittsburgh Panthers,Louisville Cardinals,86,59,0,2,221,97,46.3,44.4
2024-02-17,401604801,Morgan State Bears,Maryland Eastern Shore Hawks,70,65,0,2,2415,2379,39.6,40.7
2024-02-17,401607281,Washington State Cougars,Stanford Cardinal,72,59,0,2,265,24,47.2,43.1
2024-02-17,401607611,Howard Bison,North Carolina Central Eagles,90,82,0,2,47,2428,57.1,56.0
2024-02-18,401573449,Montana Grizzlies,Montana State Bobcats,88,69,0,2,149,147,46.9,46.2
2024-02-18,401573450,Portland State Vikings,Northern Arizona Lumberjacks,83,68,0,2,2502,2464,50.0,50.0
2024-02-18,401573546,UC Irvine Anteaters,Cal State Bakersfield Roadrunners,77,71,0,2,300,2934,42.3,49.1
2024-02-18,401573549,UC San Diego Tritons,Cal State Fullerton Titans,76,69,0,2,28,2239,45.2,48.2
2024-02-18,401573550,Cal State Northridge Matadors,Long Beach State Beach,73,87,0,2,2463,299,41.9,47.0
2024-02-18,401573629,Sam Houston Bearkats,Liberty Flames,83,73,0,2,2534,2335,54.9,41.1
2024-02-18,401574116,Utah Tech Trailblazers,Seattle U Redhawks,65,66,0,2,3101,2547,46.4,39.1
2024-02-18,401574117,Grand Canyon Lopes,California Baptist Lancers,79,76,0,2,2253,2856,48.1,47.5
2024-02-18,401574118,Southern Utah Thunderbirds,Utah Valley Wolverines,75,78,0,2,253,3084,44.8,52.2
2024-02-18,401574120,UT Rio Grande Valley Vaqueros,UT Arlington Mavericks,70,89,0,2,292,250,43.9,50.7
2024-02-18,401574203,North Alabama Lions,Austin Peay Governors,79,87,0,2,2453,2046,49.1,51.9
2024-02-18,401574447,Bellarmine Knights,Eastern Kentucky Colonels,65,75,0,2,91,2198,39.1,44.3
2024-02-18,401580084,Oral Roberts Golden Eagles,North Dakota Fighting Hawks,65,78,0,2,198,155,36.1,43.6
2024-02-18,401580085,St. Thomas Tommies,South Dakota Coyotes,83,80,0,2,2900,233,50.8,56.9
2024-02-18,401580087,Omaha Mavericks,South Dakota State Jackrabbits,77,85,0,2,2437,2571,39.7,46.2
2024-02-18,401581663,Old Dominion Monarchs,Georgia State Panthers,65,68,0,2,295,2247,45.6,35.9
2024-02-18,401587179,Princeton Tigers,Yale Bulldogs,73,62,0,2,163,43,48.1,41.5
2024-02-18,401587742,Milwaukee Panthers,Northern Kentucky Norse,73,72,0,2,270,94,41.3,43.9
2024-02-18,401587957,Furman Paladins,Chattanooga Mocs,82,65,0,2,231,236,48.3,33.9
2024-02-18,401587958,Wofford Terriers,UNC Greensboro Spartans,47,58,0,2,2747,2430,32.6,36.2
2024-02-18,401588684,Central Michigan Chippewas,Western Michigan Broncos,69,42,0,2,2117,2711,43.1,21.7
2024-02-18,401589715,Pepperdine Waves,Portland Pilots,91,70,0,2,2492,2501,61.7,47.2
2024-02-18,401589716,Gonzaga Bulldogs,Pacific Tigers,102,76,0,2,2250,279,66.1,41.0
2024-02-18,401589717,Loyola Marymount Lions,San Francisco Dons,59,82,0,2,2351,2539,39.6,54.1
2024-02-18,401589718,San Diego Toreros,Santa Clara Broncos,69,82,0,2,301,2541,39.3,48.2
2024-02-18,401594269,Siena Saints,Canisius Golden Griffins,64,73,0,2,2561,2099,41.2,50.9
2024-02-18,401594302,Fairfield Stags,Mount St. Mary's Mountaineers,94,80,0,2,2217,116,48.1,54.4
2024-02-18,401594318,Iona Gaels,Saint Peter's Peacocks,53,59,0,2,314,2612,31.7,43.9
2024-02-18,401594369,Quinnipiac Bobcats,Niagara Purple Eagles,66,80,0,2,2514,315,40.6,43.1
2024-02-18,401594387,Manhattan Jaspers,Rider Broncs,62,104,0,2,2363,2520,34.9,76.4
2024-02-18,401596907,Rhode Island Rams,Loyola Chicago Ramblers,67,77,0,2,227,2350,44.6,45.9
2024-02-18,401597187,Ole Miss Rebels,Missouri Tigers,79,76,0,2,145,142,43.4,46.9
2024-02-18,401597312,UNLV Rebels,Nevada Wolf Pack,66,69,0,2,2439,2440,41.5,45.7
2024-02-18,401599535,Providence Friars,DePaul Blue Demons,81,70,0,2,2507,305,46.7,43.9
2024-02-18,401599537,St. John's Red Storm,Seton Hall Pirates,62,68,0,2,2599,2550,33.8,37.0
2024-02-18,401600391,Michigan Wolverines,Michigan State Spartans,63,73,0,2,130,127,45.3,42.9
2024-02-18,401600394,Indiana Hoosiers,Northwestern Wildcats,72,76,0,2,84,77,50.9,35.4
2024-02-18,401600395,Ohio State Buckeyes,Purdue Boilermakers,73,69,0,2,194,2509,48.3,43.4
2024-02-18,401600396,Minnesota Golden Gophers,Rutgers Scarlet Knights,81,70,0,2,135,164,51.0,38.7
2024-02-18,401600731,UNC Wilmington Seahawks,Elon Phoenix,72,73,0,2,350,2210,47.5,49.1
2024-02-18,401600813,Boise State Broncos,Fresno State Bulldogs,90,66,0,2,68,278,58.8,42.4
2024-02-18,401601267,High Point Panthers,Radford Highlanders,99,74,0,2,2272,2515,52.1,46.8
2024-02-18,401601900,Southern Illinois Salukis,Indiana State Sycamores,74,69,0,2,79,282,45.9,44.2
2024-02-18,401601901,UIC Flames,Belmont Bruins,60,75,0,2,82,2057,33.8,47.4
2024-02-18,401601902,Drake Bulldogs,Murray State Racers,95,72,0,2,2181,93,60.7,50.0
2024-02-18,401601903,Illinois State Redbirds,Evansville Purple Aces,86,79,0,2,2287,339,53.7,50.0
2024-02-18,401601904,Northern Iowa Panthers,Bradley Braves,74,63,0,2,2460,71,39.2,35.8
2024-02-18,401602139,Charlotte 49ers,Wichita State Shockers,72,61,0,2,2429,2724,48.1,43.1
2024-02-18,401602140,East Carolina Pirates,Tulane Green Wave,81,67,0,2,151,2655,51.7,46.7
2024-02-18,401602141,SMU Mustangs,Memphis Tigers,106,79,0,2,2567,235,56.8,48.2
2024-02-18,401602142,South Florida Bulls,Florida Atlantic Owls,90,86,0,2,58,2226,49.1,50.0
2024-02-18,401602143,Temple Owls,UTSA Roadrunners,83,77,0,2,218,2636,45.3,42.4
2024-02-18,401602144,UAB Blazers,North Texas Mean Green,71,62,0,2,5,249,42.9,41.7
2024-02-18,401602991,San José State Spartans,Wyoming Cowboys,75,80,0,2,23,2751,48.2,51.8
2024-02-18,401604193,Clemson Tigers,NC State Wolfpack,77,78,0,2,228,152,46.6,49.1
2024-02-18,401607424,Washington Huskies,California Golden Bears,80,82,0,2,264,25,44.3,45.5
2024-02-18,401607425,Arizona Wildcats,Arizona State Sun Devils,105,60,0,2,12,9,57.1,36.2
2024-02-18,401607426,Oregon State Beavers,Oregon Ducks,58,60,0,2,204,2483,41.8,43.3
2024-02-18,401607427,USC Trojans,Colorado Buffaloes,89,92,0,2,30,38,46.6,52.5
2024-02-19,401600254,Chicago State Cougars,IU Northwest INDIANA-NORTHWEST,93,70,0,2,2130,3088,40.5,36.1
2024-02-19,401602712,Lafayette Leopards,Colgate Raiders,62,67,0,2,322,2142,36.5,50.0
2024-02-19,401607428,UCLA Bruins,Utah Utes,69,70,0,2,26,254,39.7,42.1
2024-02-20,401574639,Jackson State Tigers,Bethune-Cookman Wildcats,61,60,0,2,2296,2065,43.2,42.3
2024-02-20,401579051,LSU New Orleans Privateers,Nicholls Colonels,77,89,0,2,2443,2447,38.9,50.0
2024-02-20,401579074,Texas A&M-Corpus Christi Islanders,Northwestern State Demons,72,61,0,2,357,2466,36.5,38.2
2024-02-20,401579082,SE Louisiana Lions,Lamar Cardinals,72,77,0,2,2545,2320,41.7,42.2
2024-02-20,401579089,Incarnate Word Cardinals,East Texas A&M Lions,72,76,0,2,2916,2837,39.4,41.3
2024-02-20,401589747,Maryland Eastern Shore Hawks,Coppin State Eagles,75,67,0,2,2379,2154,43.4,51.0
2024-02-20,401594413,Norfolk State Spartans,North Carolina Central Eagles,80,74,0,2,2450,2428,48.0,49.0
2024-02-20,401598032,Prairie View A&M Panthers,Grambling Tigers,74,83,0,2,2504,2755,50.9,58.3
2024-02-20,401598910,Alcorn State Braves,Florida A&M Rattlers,79,68,0,2,2016,50,40.6,40.7
2024-02-20,401599539,Villanova Wildcats,Butler Bulldogs,72,62,0,2,222,2086,49.0,43.1
2024-02-20,401600109,Alabama A&M Bulldogs,Arkansas-Pine Bluff Golden Lions,75,67,0,2,2010,2029,39.1,31.8
2024-02-20,401600124,Alabama State Hornets,Mississippi Valley State Delta Devils,61,46,0,2,2011,2400,36.8,27.5
2024-02-20,401600735,Charleston Cougars,William & Mary Tribe,65,57,0,2,232,2729,32.7,37.0
2024-02-20,401603005,Texas Southern Tigers,Southern Jaguars,68,56,0,2,2640,2582,46.9,43.4
2024-02-20,401603483,Houston Cougars,Iowa State Cyclones,73,65,0,2,248,66,42.0,41.8
2024-02-20,401603484,Texas Longhorns,Kansas State Wildcats,62,56,0,2,251,2306,36.2,35.7
2024-02-20,401604197,Virginia Tech Hokies,Virginia Cavaliers,75,41,0,2,259,258,50.9,32.7
2024-02-20,401604430,Delaware State Hornets,Morgan State Bears,80,58,0,2,2169,2415,51.9,36.4
2024-02-20,401606750,Howard Bison,South Carolina State Bulldogs,68,75,0,2,47,2569,40.4,44.0
2024-02-21,401587326,Morehead State Eagles,Southern Indiana Screaming Eagles,73,80,0,2,2413,88,45.1,49.1
2024-02-21,401587961,UNC Greensboro Spartans,Western Carolina Catamounts,71,65,0,2,2430,2717,47.8,40.7
2024-02-21,401588686,Buffalo Bulls,Eastern Michigan Eagles,78,69,0,2,2084,2199,47.5,40.3
2024-02-21,401588687,Central Michigan Chippewas,Bowling Green Falcons,62,60,0,2,2117,189,37.9,27.7
2024-02-21,401588688,Western Michigan Broncos,Miami (OH) RedHawks,77,58,0,2,2711,193,41.3,33.9
2024-02-21,401588689,Ohio Bobcats,Kent State Golden Flashes,63,57,0,2,195,2309,35.4,31.7
2024-02-21,401588690,Toledo Rockets,Akron Zips,72,64,0,2,2649,2006,42.2,39.7
2024-02-21,401588691,Northern Illinois Huskies,Ball State Cardinals,63,70,0,2,2459,2050,33.9,37.5
2024-02-21,401589719,Saint Mary's Gaels,San Francisco Dons,70,66,0,2,2608,2539,45.8,48.1
2024-02-21,401596908,Massachusetts Minutemen,VCU Rams,74,52,0,2,113,2670,47.5,30.4
2024-02-21,401596909,Duquesne Dukes,Saint Louis Billikens,81,66,0,2,2184,139,50.9,41.4
2024-02-21,401596910,Davidson Wildcats,Fordham Rams,68,53,0,2,2166,2230,45.8,32.7
2024-02-21,401596912,La Salle Explorers,St. Bonaventure Bonnies,72,59,0,2,2325,179,51.0,43.8
2024-02-21,401597194,Missouri Tigers,Tennessee Volunteers,67,72,0,2,142,2633,37.5,42.1
2024-02-21,401597195,Texas A&M Aggies,Arkansas Razorbacks,71,78,0,2,245,8,33.3,39.0
2024-02-21,401597946,Utah State Aggies,San Diego State Aztecs,68,63,0,2,328,21,49.0,42.9
2024-02-21,401599538,Creighton Bluejays,UConn Huskies,85,66,0,2,156,41,54.7,44.1
2024-02-21,401600397,Michigan State Spartans,Iowa Hawkeyes,71,78,0,2,127,2294,45.0,50.9
2024-02-21,401600398,Wisconsin Badgers,Maryland Terrapins,74,70,0,2,275,120,44.7,46.2
2024-02-21,401600399,Penn State Nittany Lions,Illinois Fighting Illini,90,89,0,2,213,356,53.8,48.4
2024-02-21,401601272,Winthrop Eagles,Presbyterian Blue Hose,55,78,0,2,2737,2506,43.1,52.5
2024-02-21,401602976,Boise State Broncos,San José State Spartans,82,50,0,2,68,23,53.7,32.7
2024-02-21,401602985,Nevada Wolf Pack,Wyoming Cowboys,76,58,0,2,2440,2751,48.1,41.7
2024-02-21,401602998,Army Black Knights,Lehigh Mountain Hawks,54,85,0,2,349,2329,36.7,56.6
2024-02-21,401603485,Texas Tech Red Raiders,TCU Horned Frogs,82,81,0,2,2641,2628,39.4,42.3
2024-02-21,401603486,West Virginia Mountaineers,UCF Knights,77,67,0,2,277,2116,48.1,32.9
2024-02-21,401603487,BYU Cougars,Baylor Bears,78,71,0,2,252,239,43.9,49.0
2024-02-21,401604198,Wake Forest Demon Deacons,Pittsburgh Panthers,91,58,0,2,154,221,60.8,29.0
2024-02-21,401604199,Florida State Seminoles,Boston College Eagles,84,76,0,2,52,103,54.9,51.9
2024-02-21,401604200,NC State Wolfpack,Syracuse Orange,83,87,0,2,152,183,45.6,50.8
2024-02-22,401573631,Jacksonville State Gamecocks,Middle Tennessee Blue Raiders,76,68,0,2,55,2393,39.3,41.1
2024-02-22,401574434,Bellarmine Knights,Central Arkansas Bears,68,65,0,2,91,2110,39.7,38.6
2024-02-22,401581233,UMass Lowell River Hawks,Binghamton Bearcats,87,80,0,2,2349,2066,50.0,50.7
2024-02-22,401581234,Maine Black Bears,UMBC Retrievers,62,56,0,2,311,2378,35.7,37.3
2024-02-22,401581640,Georgia State Panthers,Coastal Carolina Chanticleers,72,71,0,2,2247,324,36.2,39.1
2024-02-22,401581675,Marshall Thundering Herd,James Madison Dukes,58,84,0,2,276,256,31.3,50.0
2024-02-22,401587959,Samford Bulldogs,Furman Paladins,74,72,0,2,2535,231,48.1,43.6
2024-02-22,401587960,Chattanooga Mocs,Wofford Terriers,81,65,0,2,236,2747,49.1,37.1
2024-02-22,401587962,East Tennessee State Buccaneers,VMI Keydets,82,69,0,2,2193,2678,44.3,44.8
2024-02-22,401587963,Mercer Bears,The Citadel Bulldogs,87,78,0,2,2382,2643,63.2,52.5
2024-02-22,401589720,Pacific Tigers,Pepperdine Waves,70,89,0,2,279,2492,41.9,50.0
2024-02-22,401594455,Air Force Falcons,UNLV Rebels,43,72,0,2,2005,2439,34.6,50.0
2024-02-22,401594499,Holy Cross Crusaders,Bucknell Bison,73,59,0,2,107,2083,50.0,39.6
2024-02-22,401594521,Loyola Maryland Greyhounds,Navy Midshipmen,62,69,0,2,2352,2426,31.3,41.1
2024-02-22,401596911,Saint Joseph's Hawks,George Washington Revolutionaries,79,75,0,2,2603,45,47.2,45.6
2024-02-22,401596913,Rhode Island Rams,Richmond Spiders,77,85,0,2,227,257,45.8,55.0
2024-02-22,401596914,George Mason Patriots,Dayton Flyers,71,67,0,2,2244,2168,47.7,41.1
2024-02-22,401597196,Mississippi State Bulldogs,Ole Miss Rebels,83,71,0,2,344,145,50.0,40.4
2024-02-22,401597197,Alabama Crimson Tide,Florida Gators,98,93,0,2,333,57,44.0,43.2
2024-02-22,401597198,LSU Tigers,Kentucky Wildcats,75,74,0,2,99,96,44.6,43.5
2024-02-22,401597199,Vanderbilt Commodores,Georgia Bulldogs,64,76,0,2,238,61,36.2,52.8
2024-02-22,401597394,American University Eagles,Boston University Terriers,52,67,0,2,44,104,35.7,44.4
2024-02-22,401599540,Georgetown Hoyas,St. John's Red Storm,85,90,0,2,46,2599,47.0,57.6
2024-02-22,401599541,Marquette Golden Eagles,DePaul Blue Demons,105,71,0,2,269,305,59.5,40.7
2024-02-22,401599542,Xavier Musketeers,Providence Friars,75,79,0,2,2752,2507,42.9,43.5
2024-02-22,401600400,Indiana Hoosiers,Nebraska Cornhuskers,70,85,0,2,84,158,42.6,49.2
2024-02-22,401600741,Stony Brook Seawolves,North Carolina A&T Aggies,80,64,0,2,2619,2448,47.5,34.5
2024-02-22,401601269,South Carolina Upstate Spartans,Charleston Southern Buccaneers,60,63,0,2,2908,2127,42.1,38.2
2024-02-22,401601271,Longwood Lancers,UNC Asheville Bulldogs,80,75,0,2,2344,2427,44.1,51.9
2024-02-22,401601905,Drake Bulldogs,Belmont Bruins,84,69,0,2,2181,2057,51.7,41.3
2024-02-22,401601906,Illinois State Redbirds,Northern Iowa Panthers,81,73,0,2,2287,2460,52.9,42.9
2024-02-22,401601907,Missouri State Bears,Bradley Braves,62,86,0,2,2623,71,39.2,53.2
2024-02-22,401601908,Southern Illinois Salukis,Murray State Racers,72,68,0,2,79,93,49.1,51.9
2024-02-22,401601909,UIC Flames,Evansville Purple Aces,88,79,0,2,82,339,51.9,52.5
2024-02-22,401601910,Valparaiso Beacons,Indiana State Sycamores,64,83,0,2,2674,282,41.7,57.1
2024-02-22,401602145,Memphis Tigers,Charlotte 49ers,76,52,0,2,235,2429,50.0,43.5
2024-02-22,401602146,UAB Blazers,Rice Owls,71,94,0,2,5,242,34.4,60.3
2024-02-22,401602147,UTSA Roadrunners,South Florida Bulls,61,66,0,2,2636,58,29.4,37.1
2024-02-22,401602148,Wichita State Shockers,Tulsa Golden Hurricane,79,63,0,2,2724,202,48.3,43.4
2024-02-22,401603488,Cincinnati Bearcats,Oklahoma State Cowboys,76,80,0,2,2132,197,50.0,55.6
2024-02-22,401604201,Georgia Tech Yellow Jackets,Clemson Tigers,57,81,0,2,59,228,30.2,53.4
2024-02-22,401604202,Louisville Cardinals,Notre Dame Fighting Irish,50,72,0,2,97,87,33.9,41.5
2024-02-22,401604203,Miami Hurricanes,Duke Blue Devils,55,84,0,2,2390,150,31.1,50.9
2024-02-22,401606630,New Mexico Lobos,Colorado State Rams,68,66,0,2,167,36,37.5,41.4
2024-02-23,401573452,Northern Arizona Lumberjacks,Eastern Washington Eagles,78,71,0,2,2464,331,49.1,44.8
2024-02-23,401573453,Northern Colorado Bears,Idaho Vandals,76,62,0,2,2458,70,51.8,38.6
2024-02-23,401573454,Montana Grizzlies,Sacramento State Hornets,68,61,0,2,149,16,57.4,36.2
2024-02-23,401573455,Montana State Bobcats,Portland State Vikings,72,67,0,2,147,2502,45.8,39.7
2024-02-23,401573551,UC Irvine Anteaters,UC Santa Barbara Gauchos,81,69,0,2,300,2540,49.1,42.1
2024-02-23,401573552,UC Riverside Highlanders,UC San Diego Tritons,65,77,0,2,27,28,35.0,45.0
2024-02-23,401573553,Cal State Fullerton Titans,Cal Poly Mustangs,68,50,0,2,2239,13,40.3,34.7
2024-02-23,401573554,Long Beach State Beach,Cal State Bakersfield Roadrunners,79,66,0,2,299,2934,44.6,37.9
2024-02-23,401573555,Cal State Northridge Matadors,UC Davis Aggies,65,66,0,2,2463,302,44.2,42.1
2024-02-23,401573632,New Mexico State Aggies,Sam Houston Bearkats,58,79,0,2,166,2534,38.8,50.0
2024-02-23,401573633,UTEP Miners,Louisiana Tech Bulldogs,59,65,0,2,2638,2348,38.7,42.6
2024-02-23,401573634,Florida International Panthers,Liberty Flames,76,71,0,2,2229,2335,46.0,48.2
2024-02-23,401574121,Seattle U Redhawks,Stephen F. Austin Lumberjacks,69,49,0,2,2547,2617,53.1,27.8
2024-02-23,401574122,Abilene Christian Wildcats,California Baptist Lancers,71,65,0,2,2000,2856,46.3,43.4
2024-02-23,401574123,Tarleton State Texans,Grand Canyon Lopes,77,74,0,2,2627,2253,39.3,42.9
2024-02-23,401574124,Utah Valley Wolverines,UT Rio Grande Valley Vaqueros,70,59,0,2,3084,292,45.3,41.7
2024-02-23,401574125,UT Arlington Mavericks,Southern Utah Thunderbirds,90,85,0,2,250,253,50.0,51.7
2024-02-23,401574448,Eastern Kentucky Colonels,North Alabama Lions,75,72,0,2,2198,2453,45.0,41.8
2024-02-23,401574520,Florida Gulf Coast Eagles,Kennesaw State Owls,67,74,0,2,526,338,39.3,49.1
2024-02-23,401574543,Stetson Hatters,Queens University Royals,75,83,0,2,56,2511,48.5,52.6
2024-02-23,401580088,North Dakota State Bison,St. Thomas Tommies,64,50,0,2,2449,2900,47.8,36.5
2024-02-23,401580089,South Dakota State Jackrabbits,Denver Pioneers,97,70,0,2,2571,2172,57.1,43.1
2024-02-23,401580090,South Dakota Coyotes,Kansas City Roos,78,82,0,2,233,140,44.7,41.4
2024-02-23,401580091,Omaha Mavericks,Oral Roberts Golden Eagles,71,70,0,2,2437,198,42.4,41.7
2024-02-23,401581232,UAlbany Great Danes,Vermont Catamounts,80,94,0,2,399,261,46.8,55.2
2024-02-23,401581235,New Hampshire Wildcats,NJIT Highlanders,83,78,0,2,160,2885,53.7,48.3
2024-02-23,401581507,Old Dominion Monarchs,App State Mountaineers,67,82,0,2,295,2026,40.6,48.4
2024-02-23,401581625,Arkansas State Red Wolves,Troy Trojans,79,71,0,2,2032,2653,50.0,40.0
2024-02-23,401581652,Georgia Southern Eagles,Texas State Bobcats,84,76,0,2,290,326,52.7,38.5
2024-02-23,401581684,UL Monroe Warhawks,Louisiana Ragin' Cajuns,66,59,0,2,2433,309,42.9,36.9
2024-02-23,401581711,Southern Miss Golden Eagles,South Alabama Jaguars,64,83,0,2,2572,6,34.9,52.1
2024-02-23,401587327,Tennessee State Tigers,Eastern Illinois Panthers,78,73,0,2,2634,2197,49.1,39.7
2024-02-23,401587328,Lindenwood Lions,UT Martin Skyhawks,82,106,0,2,2815,2630,45.2,63.9
2024-02-23,401587329,Southeast Missouri State Redhawks,Little Rock Trojans,61,83,0,2,2546,2031,33.3,54.2
2024-02-23,401587330,Western Illinois Leathernecks,Morehead State Eagles,57,78,0,2,2710,2413,30.6,47.6
2024-02-23,401587331,Tennessee Tech Golden Eagles,SIU Edwardsville Cougars,77,78,0,2,2635,2565,47.4,50.8
2024-02-23,401587745,Northern Kentucky Norse,Cleveland State Vikings,75,73,0,2,94,325,45.3,47.0
2024-02-23,401587746,Robert Morris Colonials,Oakland Golden Grizzlies,43,63,0,2,2523,2473,28.3,34.5
2024-02-23,401587747,Detroit Mercy Titans,Wright State Raiders,78,93,0,2,2174,2750,51.7,53.3
2024-02-23,401588694,Akron Zips,Kent State Golden Flashes,83,70,0,2,2006,2309,50.0,47.4
2024-02-23,401589399,Merrimack Warriors,Saint Francis Red Wolves,71,60,0,2,2771,2598,47.2,50.0
2024-02-23,401589478,Wagner Seahawks,Central Connecticut Blue Devils,72,73,0,2,2681,2115,36.5,46.9
2024-02-23,401589489,Sacred Heart Pioneers,Fairleigh Dickinson Knights,99,91,0,2,2529,161,61.3,44.3
2024-02-23,401589501,Long Island University Sharks,Le Moyne Dolphins,76,64,0,2,112358,2330,45.6,40.4
2024-02-23,401589721,Portland Pilots,Gonzaga Bulldogs,65,86,0,2,2501,2250,37.1,50.7
2024-02-23,401589722,Santa Clara Broncos,Loyola Marymount Lions,65,55,0,2,2541,2351,44.4,42.1
2024-02-23,401600401,Northwestern Wildcats,Michigan Wolverines,76,62,0,2,77,130,46.9,50.0
2024-02-23,401600402,Minnesota Golden Gophers,Ohio State Buckeyes,88,79,0,2,135,194,50.0,50.9
2024-02-23,401600403,Purdue Boilermakers,Rutgers Scarlet Knights,96,68,0,2,2509,164,58.9,42.6
2024-02-23,401600736,Delaware Blue Hens,Charleston Cougars,71,90,0,2,48,232,39.3,51.4
2024-02-23,401600737,Hofstra Pride,Drexel Dragons,69,57,0,2,2275,2182,48.2,35.3
2024-02-23,401600738,Northeastern Huskies,Elon Phoenix,61,58,0,2,111,2210,42.3,40.7
2024-02-23,401600739,Campbell Fighting Camels,Hampton Pirates,68,72,0,2,2097,2261,37.5,41.0
2024-02-23,401600740,Towson Tigers,Monmouth Hawks,80,61,0,2,119,2405,48.3,39.3
2024-02-23,401600742,William & Mary Tribe,UNC Wilmington Seahawks,65,81,0,2,2729,350,45.6,49.1
2024-02-23,401601270,Gardner-Webb Runnin' Bulldogs,Radford Highlanders,74,90,0,2,2241,2515,38.5,56.1
2024-02-23,401602149,Florida Atlantic Owls,SMU Mustangs,80,70,0,2,2226,2567,45.5,38.7
2024-02-23,401607429,Arizona State Sun Devils,Washington Huskies,82,84,0,2,9,264,38.6,42.9
2024-02-23,401607430,California Golden Bears,Oregon State Beavers,81,73,0,2,25,204,43.9,43.5
2024-02-23,401607431,Arizona Wildcats,Washington State Cougars,74,77,0,2,12,265,44.8,41.9
2024-02-23,401607432,Stanford Cardinal,Oregon Ducks,65,78,0,2,24,2483,40.7,50.0
2024-02-24,401573457,Northern Arizona Lumberjacks,Idaho Vandals,76,86,0,2,2464,70,38.7,47.6
2024-02-24,401573558,UC San Diego Tritons,UC Irvine Anteaters,92,88,0,2,28,300,47.8,50.8
2024-02-24,401573637,Florida International Panthers,Jacksonville State Gamecocks,75,77,0,2,2229,55,51.0,43.1
2024-02-24,401574126,Seattle U Redhawks,UT Rio Grande Valley Vaqueros,84,56,0,2,2547,292,49.2,32.7
2024-02-24,401574127,Tarleton State Texans,California Baptist Lancers,82,65,0,2,2627,2856,56.1,48.9
2024-02-24,401574128,Abilene Christian Wildcats,Grand Canyon Lopes,79,73,0,2,2000,2253,38.3,49.0
2024-02-24,401574129,Utah Valley Wolverines,Stephen F. Austin Lumberjacks,71,62,0,2,3084,2617,58.3,38.9
2024-02-24,401574130,UT Arlington Mavericks,Utah Tech Trailblazers,89,78,0,2,250,3101,51.1,48.0
2024-02-24,401574204,Austin Peay Governors,Lipscomb Bisons,85,90,0,2,2046,288,54.1,59.4
2024-02-24,401574435,Eastern Kentucky Colonels,Central Arkansas Bears,95,82,0,2,2198,2110,50.0,43.1
2024-02-24,401574521,Stetson Hatters,Kennesaw State Owls,84,72,0,2,56,338,47.1,41.2
2024-02-24,401574640,Bethune-Cookman Wildcats,Alabama A&M Bulldogs,63,61,0,2,2065,2010,35.2,50.0
2024-02-24,401575341,Bellarmine Knights,North Alabama Lions,82,70,0,2,91,2453,51.9,35.0
2024-02-24,401577676,Columbia Lions,Brown Bears,64,66,0,2,171,225,47.3,41.5
2024-02-24,401577677,Cornell Big Red,Brown Bears,74,78,0,2,172,225,44.3,41.8
2024-02-24,401578977,Houston Christian Huskies,Northwestern State Demons,73,86,0,2,2277,2466,41.5,57.6
2024-02-24,401579025,McNeese Cowboys,Incarnate Word Cardinals,87,71,0,2,2377,2916,44.9,48.1
2024-02-24,401579052,SE Louisiana Lions,LSU New Orleans Privateers,77,67,0,2,2545,2443,40.4,41.1
2024-02-24,401579063,Nicholls Colonels,East Texas A&M Lions,85,70,0,2,2447,2837,56.9,47.1
2024-02-24,401580092,North Dakota State Bison,North Dakota Fighting Hawks,73,68,0,2,2449,155,49.1,37.5
2024-02-24,401580093,South Dakota State Jackrabbits,St. Thomas Tommies,77,72,0,2,2571,2900,59.1,49.1
2024-02-24,401580094,South Dakota Coyotes,Oral Roberts Golden Eagles,77,76,0,2,233,198,46.7,49.2
2024-02-24,401581236,UMass Lowell River Hawks,UAlbany Great Danes,104,95,0,2,2349,399,58.2,46.8
2024-02-24,401581238,Maine Black Bears,NJIT Highlanders,68,58,0,2,311,2885,46.7,37.5
2024-02-24,401581239,New Hampshire Wildcats,UMBC Retrievers,68,86,0,2,160,2378,35.2,53.5
2024-02-24,401581508,Marshall Thundering Herd,App State Mountaineers,58,65,0,2,276,2026,32.9,37.9
2024-02-24,401581626,Arkansas State Red Wolves,South Alabama Jaguars,95,78,0,2,2032,6,52.3,50.0
2024-02-24,401581653,Georgia Southern Eagles,James Madison Dukes,74,80,0,2,290,256,44.3,50.0
2024-02-24,401581664,Georgia State Panthers,Texas State Bobcats,59,68,0,2,2247,326,40.7,37.9
2024-02-24,401581695,UL Monroe Warhawks,Troy Trojans,78,84,0,2,2433,2653,47.3,50.0
2024-02-24,401581755,Harvard Crimson,Princeton Tigers,53,66,0,2,108,163,37.7,35.1
2024-02-24,401583831,Alcorn State Braves,Jackson State Tigers,87,73,0,2,2016,2296,50.8,49.1
2024-02-24,401587180,Dartmouth Big Green,Princeton Tigers,56,68,0,2,159,163,43.5,42.3
2024-02-24,401587196,Cornell Big Red,Yale Bulldogs,65,62,0,2,172,43,38.5,38.6
2024-02-24,401587197,Columbia Lions,Yale Bulldogs,76,84,0,2,171,43,54.3,53.2
2024-02-24,401587332,Tennessee Tech Golden Eagles,Eastern Illinois Panthers,75,67,0,2,2635,2197,50.9,40.6
2024-02-24,401587333,Lindenwood Lions,Little Rock Trojans,73,82,0,2,2815,2031,39.1,62.2
2024-02-24,401587334,Southeast Missouri State Redhawks,UT Martin Skyhawks,72,82,0,2,2546,2630,35.1,39.3
2024-02-24,401587335,Tennessee State Tigers,SIU Edwardsville Cougars,76,71,0,2,2634,2565,44.4,35.8
2024-02-24,401587336,Western Illinois Leathernecks,Southern Indiana Screaming Eagles,82,76,0,2,2710,88,45.0,39.4
2024-02-24,401587748,Green Bay Phoenix,Purdue Fort Wayne Mastodons,59,85,0,2,2739,2870,35.0,50.8
2024-02-24,401587749,Milwaukee Panthers,Youngstown State Penguins,80,84,0,2,270,2754,35.6,41.0
2024-02-24,401587964,Furman Paladins,Wofford Terriers,82,67,0,2,231,2747,46.7,43.9
2024-02-24,401587965,Samford Bulldogs,East Tennessee State Buccaneers,87,71,0,2,2535,2193,53.4,40.3
2024-02-24,401587966,The Citadel Bulldogs,Chattanooga Mocs,71,62,0,2,2643,236,48.1,38.3
2024-02-24,401587967,Mercer Bears,UNC Greensboro Spartans,86,72,0,2,2382,2430,46.6,41.7
2024-02-24,401587968,VMI Keydets,Western Carolina Catamounts,51,84,0,2,2678,2717,27.1,53.6
2024-02-24,401588692,Ball State Cardinals,Eastern Michigan Eagles,56,58,0,2,2050,2199,34.5,39.7
2024-02-24,401588693,Western Michigan Broncos,Buffalo Bulls,91,72,0,2,2711,2084,44.4,43.1
2024-02-24,401588695,Miami (OH) RedHawks,Central Michigan Chippewas,88,60,0,2,193,2117,51.9,39.6
2024-02-24,401588696,Bowling Green Falcons,Toledo Rockets,76,68,0,2,189,2649,48.2,41.1
2024-02-24,401588697,Northern Illinois Huskies,Ohio Bobcats,59,80,0,2,2459,195,41.5,52.7
2024-02-24,401589369,Dartmouth Big Green,Pennsylvania Quakers,69,82,0,2,159,219,43.3,52.5
2024-02-24,401589400,Stonehill Skyhawks,Saint Francis Red Wolves,72,63,0,2,284,2598,44.4,41.1
2024-02-24,401589490,Sacred Heart Pioneers,Central Connecticut Blue Devils,67,68,0,2,2529,2115,41.3,38.3
2024-02-24,401589508,Le Moyne Dolphins,Fairleigh Dickinson Knights,58,68,0,2,2330,161,35.6,36.2
2024-02-24,401589748,Coppin State Eagles,Norfolk State Spartans,66,68,0,2,2154,2450,32.7,45.1
2024-02-24,401594270,Canisius Golden Griffins,Niagara Purple Eagles,69,59,0,2,2099,315,46.6,36.0
2024-02-24,401594303,Quinnipiac Bobcats,Fairfield Stags,81,85,0,2,2514,2217,47.0,45.9
2024-02-24,401594319,Rider Broncs,Iona Gaels,78,75,0,2,2520,314,56.5,43.5
2024-02-24,401594339,Manhattan Jaspers,Marist Red Foxes,50,57,0,2,2363,2368,32.1,39.6
2024-02-24,401594359,Mount St. Mary's Mountaineers,Saint Peter's Peacocks,65,70,0,2,116,2612,45.3,42.6
2024-02-24,401594456,New Mexico Lobos,Air Force Falcons,77,78,0,2,167,2005,46.7,51.7
2024-02-24,401596915,Fordham Rams,Duquesne Dukes,79,67,0,2,2230,2184,51.9,34.5
2024-02-24,401596916,Saint Louis Billikens,George Washington Revolutionaries,96,91,0,2,139,45,50.9,51.7
2024-02-24,401596917,Massachusetts Minutemen,St. Bonaventure Bonnies,67,75,0,2,113,179,40.4,47.4
2024-02-24,401596918,Loyola Chicago Ramblers,George Mason Patriots,80,59,0,2,2350,2244,55.6,33.3
2024-02-24,401596919,Richmond Spiders,Davidson Wildcats,66,63,0,2,257,2166,41.2,40.7
2024-02-24,401597200,Arkansas Razorbacks,Missouri Tigers,88,73,0,2,8,142,48.1,39.2
2024-02-24,401597201,Florida Gators,Vanderbilt Commodores,77,64,0,2,57,238,46.7,35.7
2024-02-24,401597202,Kentucky Wildcats,Alabama Crimson Tide,117,95,0,2,96,333,63.1,56.7
2024-02-24,401597203,Ole Miss Rebels,South Carolina Gamecocks,59,72,0,2,145,2579,33.3,44.1
2024-02-24,401597204,Georgia Bulldogs,Auburn Tigers,76,97,0,2,61,2,43.6,62.1
2024-02-24,401598033,Arkansas-Pine Bluff Golden Lions,Prairie View A&M Panthers,72,59,0,2,2029,2504,44.2,38.6
2024-02-24,401598911,Florida A&M Rattlers,Alabama State Hornets,73,65,0,2,50,2011,45.7,31.5
2024-02-24,401599543,DePaul Blue Demons,Georgetown Hoyas,76,77,0,2,305,46,45.8,45.1
2024-02-24,401599993,Jacksonville Dolphins,North Florida Ospreys,62,50,0,2,294,2454,37.3,29.5
2024-02-24,401600404,Illinois Fighting Illini,Iowa Hawkeyes,95,85,0,2,356,2294,49.2,47.6
2024-02-24,401600405,Penn State Nittany Lions,Indiana Hoosiers,83,74,0,2,213,84,45.3,50.9
2024-02-24,401600743,Towson Tigers,Charleston Cougars,56,72,0,2,119,232,41.2,54.3
2024-02-24,401600745,Northeastern Huskies,Hampton Pirates,70,62,0,2,111,2261,45.9,32.3
2024-02-24,401600746,Monmouth Hawks,North Carolina A&T Aggies,83,67,0,2,2405,2448,46.4,28.3
2024-02-24,401600747,Stony Brook Seawolves,William & Mary Tribe,75,62,0,2,2619,2729,48.1,29.0
2024-02-24,401601273,Charleston Southern Buccaneers,High Point Panthers,59,74,0,2,2127,2272,37.9,45.9
2024-02-24,401601274,UNC Asheville Bulldogs,Gardner-Webb Runnin' Bulldogs,77,78,0,2,2427,2241,50.0,46.8
2024-02-24,401601275,Radford Highlanders,Longwood Lancers,88,82,0,2,2515,2344,56.5,48.4
2024-02-24,401601276,Winthrop Eagles,South Carolina Upstate Spartans,83,74,0,2,2737,2908,49.1,42.4
2024-02-24,401601912,Belmont Bruins,Missouri State Bears,93,78,0,2,2057,2623,47.1,49.2
2024-02-24,401601914,Murray State Racers,Valparaiso Beacons,80,68,0,2,93,2674,52.6,44.6
2024-02-24,401601915,Northern Iowa Panthers,Drake Bulldogs,91,77,0,2,2460,2181,55.4,47.5
2024-02-24,401602150,North Texas Mean Green,UTSA Roadrunners,62,64,0,2,249,2636,38.6,41.2
2024-02-24,401602151,Rice Owls,East Carolina Pirates,70,52,0,2,242,151,47.3,35.2
2024-02-24,401602986,San José State Spartans,Nevada Wolf Pack,63,84,0,2,23,2440,39.7,52.6
2024-02-24,401602999,Lafayette Leopards,Lehigh Mountain Hawks,63,71,0,2,322,2329,34.9,43.3
2024-02-24,401603489,Baylor Bears,Houston Cougars,76,82,0,2,239,248,43.6,47.5
2024-02-24,401603490,Iowa State Cyclones,West Virginia Mountaineers,71,64,0,2,66,277,45.0,47.8
2024-02-24,401603491,Kansas Jayhawks,Texas Longhorns,86,67,0,2,2305,251,61.5,41.9
2024-02-24,401603492,Kansas State Wildcats,BYU Cougars,84,74,0,2,2306,252,56.3,40.8
2024-02-24,401603493,Oklahoma State Cowboys,Oklahoma Sooners,82,84,0,2,197,201,57.4,50.7
2024-02-24,401603494,TCU Horned Frogs,Cincinnati Bearcats,75,57,0,2,2628,2132,44.8,41.5
2024-02-24,401603495,UCF Knights,Texas Tech Red Raiders,75,61,0,2,2116,2641,46.6,37.0
2024-02-24,401604204,Miami Hurricanes,Georgia Tech Yellow Jackets,76,80,0,2,2390,59,42.0,47.6
2024-02-24,401604205,Virginia Cavaliers,North Carolina Tar Heels,44,54,0,2,258,153,27.6,32.0
2024-02-24,401604207,NC State Wolfpack,Boston College Eagles,81,70,0,2,152,103,43.5,45.5
2024-02-24,401604208,Pittsburgh Panthers,Virginia Tech Hokies,79,64,0,2,221,259,50.9,40.7
2024-02-24,401604209,Syracuse Orange,Notre Dame Fighting Irish,88,85,0,2,183,87,53.1,61.5
2024-02-24,401604210,Wake Forest Demon Deacons,Duke Blue Devils,83,79,0,2,154,150,60.4,53.1
2024-02-24,401604290,Southern Jaguars,Grambling Tigers,57,63,0,2,2582,2755,41.2,48.9
2024-02-24,401604431,South Carolina State Bulldogs,Delaware State Hornets,69,62,0,2,2569,2169,42.1,42.6
2024-02-24,401604802,North Carolina Central Eagles,Maryland Eastern Shore Hawks,88,55,0,2,2428,2379,46.5,35.7
2024-02-24,401606723,Howard Bison,Morgan State Bears,78,72,0,2,47,2415,43.4,45.6
2024-02-24,401607433,Arizona Wildcats,Washington Huskies,91,75,0,2,12,264,47.1,38.2
2024-02-24,401607470,Stanford Cardinal,Oregon State Beavers,73,85,0,2,24,204,46.3,52.7
2024-02-25,401573456,Northern Colorado Bears,Eastern Washington Eagles,76,85,0,2,2458,331,40.0,52.5
2024-02-25,401573458,Idaho State Bengals,Weber State Wildcats,80,62,0,2,304,2692,59.6,42.3
2024-02-25,401573459,Montana Grizzlies,Portland State Vikings,82,73,0,2,149,2502,44.2,35.7
2024-02-25,401573460,Montana State Bobcats,Sacramento State Hornets,63,66,0,2,147,16,41.2,38.9
2024-02-25,401573556,Cal State Fullerton Titans,Cal State Northridge Matadors,60,65,0,2,2239,2463,42.0,38.8
2024-02-25,401573557,Hawai'i Rainbow Warriors,Long Beach State Beach,73,65,0,2,62,299,42.9,43.1
2024-02-25,401573559,Cal State Bakersfield Roadrunners,UC Davis Aggies,75,56,0,2,2934,302,41.4,34.8
2024-02-25,401573560,Cal Poly Mustangs,UC Riverside Highlanders,78,84,0,2,13,27,50.9,49.1
2024-02-25,401573635,UTEP Miners,Sam Houston Bearkats,54,65,0,2,2638,2534,39.2,47.7
2024-02-25,401573636,New Mexico State Aggies,Louisiana Tech Bulldogs,58,67,0,2,166,2348,38.8,47.9
2024-02-25,401573638,Middle Tennessee Blue Raiders,Western Kentucky Hilltoppers,74,72,0,2,2393,98,34.9,37.3
2024-02-25,401574544,Florida Gulf Coast Eagles,Queens University Royals,90,81,0,2,526,2511,53.2,42.6
2024-02-25,401580095,Kansas City Roos,Omaha Mavericks,63,58,0,2,140,2437,39.6,36.2
2024-02-25,401581237,Vermont Catamounts,Bryant Bulldogs,65,48,0,2,261,2803,35.9,31.7
2024-02-25,401581641,Old Dominion Monarchs,Coastal Carolina Chanticleers,75,59,0,2,295,324,37.1,37.7
2024-02-25,401581685,Southern Miss Golden Eagles,Louisiana Ragin' Cajuns,82,71,0,2,2572,309,52.6,39.4
2024-02-25,401581756,Harvard Crimson,Pennsylvania Quakers,74,70,0,2,108,219,38.5,40.0
2024-02-25,401581798,Lamar Cardinals,Texas A&M-Corpus Christi Islanders,61,75,0,2,2320,357,35.1,50.0
2024-02-25,401587750,Robert Morris Colonials,Cleveland State Vikings,71,73,0,2,2523,325,40.0,45.5
2024-02-25,401587751,Milwaukee Panthers,Purdue Fort Wayne Mastodons,96,88,0,2,270,2870,55.4,47.5
2024-02-25,401587752,Northern Kentucky Norse,IU Indianapolis Jaguars,80,64,0,2,94,85,50.8,42.6
2024-02-25,401587753,Oakland Golden Grizzlies,Wright State Raiders,75,96,0,2,2473,2750,41.5,56.1
2024-02-25,401587754,Green Bay Phoenix,Youngstown State Penguins,59,71,0,2,2739,2754,44.0,47.3
2024-02-25,401589479,Wagner Seahawks,Long Island University Sharks,72,57,0,2,2681,112358,45.5,33.3
2024-02-25,401589723,Saint Mary's Gaels,San Diego Toreros,88,62,0,2,2608,301,55.9,35.7
2024-02-25,401589724,Pacific Tigers,Loyola Marymount Lions,63,86,0,2,279,2351,40.0,50.0
2024-02-25,401589725,San Francisco Dons,Pepperdine Waves,92,68,0,2,2539,2492,59.7,45.8
2024-02-25,401589726,Gonzaga Bulldogs,Santa Clara Broncos,94,81,0,2,2250,2541,56.7,45.6
2024-02-25,401594304,Fairfield Stags,Siena Saints,88,64,0,2,2217,2561,49.1,39.3
2024-02-25,401594320,Mount St. Mary's Mountaineers,Iona Gaels,72,65,0,2,116,314,48.1,36.5
2024-02-25,401594340,Saint Peter's Peacocks,Marist Red Foxes,69,60,0,2,2612,2368,42.6,33.3
2024-02-25,401594377,Rider Broncs,Quinnipiac Bobcats,88,78,0,2,2520,2514,53.6,39.3
2024-02-25,401594500,Bucknell Bison,Army Black Knights,54,41,0,2,2083,349,40.0,28.6
2024-02-25,401594522,Boston University Terriers,Loyola Maryland Greyhounds,82,79,0,2,104,2352,45.6,49.1
2024-02-25,401596920,La Salle Explorers,Rhode Island Rams,84,61,0,2,2325,227,50.8,40.3
2024-02-25,401596921,VCU Rams,Saint Joseph's Hawks,73,69,0,2,2670,2603,43.6,39.3
2024-02-25,401597205,LSU Tigers,Mississippi State Bulldogs,67,87,0,2,99,344,41.4,46.2
2024-02-25,401597206,Tennessee Volunteers,Texas A&M Aggies,86,51,0,2,2633,245,52.4,27.3
2024-02-25,401597313,UNLV Rebels,Colorado State Rams,66,60,0,2,2439,36,37.8,38.9
2024-02-25,401597395,Colgate Raiders,American University Eagles,64,66,0,2,2142,44,51.1,47.4
2024-02-25,401597947,Fresno State Bulldogs,San Diego State Aztecs,41,73,0,2,278,21,24.6,41.8
2024-02-25,401598598,Navy Midshipmen,Holy Cross Crusaders,76,66,0,2,2426,107,40.0,39.7
2024-02-25,401599544,Seton Hall Pirates,Butler Bulldogs,76,64,0,2,2550,2086,49.2,38.9
2024-02-25,401599545,UConn Huskies,Villanova Wildcats,78,54,0,2,41,222,42.9,33.3
2024-02-25,401599546,Marquette Golden Eagles,Xavier Musketeers,88,64,0,2,269,2752,47.8,35.7
2024-02-25,401599547,St. John's Red Storm,Creighton Bluejays,80,66,0,2,2599,156,47.2,39.7
2024-02-25,401600406,Rutgers Scarlet Knights,Maryland Terrapins,46,63,0,2,164,120,37.0,41.2
2024-02-25,401600407,Nebraska Cornhuskers,Minnesota Golden Gophers,73,55,0,2,158,135,39.3,31.0
2024-02-25,401600408,Michigan State Spartans,Ohio State Buckeyes,57,60,0,2,127,194,40.0,38.6
2024-02-25,401600409,Michigan Wolverines,Purdue Boilermakers,76,84,0,2,130,2509,48.3,47.1
2024-02-25,401600744,Hofstra Pride,Elon Phoenix,87,64,0,2,2275,2210,48.5,35.3
2024-02-25,401601911,Bradley Braves,Illinois State Redbirds,48,45,0,2,71,2287,29.6,28.3
2024-02-25,401601913,Indiana State Sycamores,UIC Flames,88,73,0,2,282,82,48.3,42.6
2024-02-25,401601916,Evansville Purple Aces,Southern Illinois Salukis,53,65,0,2,339,79,37.5,41.2
2024-02-25,401602152,Tulsa Golden Hurricane,Charlotte 49ers,69,67,0,2,202,2429,50.9,51.0
2024-02-25,401602153,Memphis Tigers,Florida Atlantic Owls,78,74,0,2,235,2226,43.7,43.8
2024-02-25,401602154,South Florida Bulls,SMU Mustangs,79,68,0,2,58,2567,51.2,33.8
2024-02-25,401602155,Tulane Green Wave,UAB Blazers,67,78,0,2,2655,5,42.1,53.6
2024-02-25,401602156,Wichita State Shockers,Temple Owls,66,72,0,2,2724,218,38.5,31.9
2024-02-25,401602977,Wyoming Cowboys,Boise State Broncos,72,92,0,2,2751,68,50.0,54.0
2024-02-25,401603006,Mississippi Valley State Delta Devils,Texas Southern Tigers,52,73,0,2,2400,2640,37.8,49.1
2024-02-25,401604206,Clemson Tigers,Florida State Seminoles,74,63,0,2,228,52,44.0,36.9
2024-02-25,401607434,Arizona State Sun Devils,Washington State Cougars,73,61,0,2,9,265,49.2,39.3
2024-02-25,401607435,UCLA Bruins,USC Trojans,56,62,0,2,26,30,33.3,44.0
2024-02-25,401607456,Colorado Buffaloes,Utah Utes,89,65,0,2,38,254,54.2,44.3
2024-02-25,401607467,California Golden Bears,Oregon Ducks,69,64,0,2,25,2483,41.3,35.1
2024-02-26,401600748,Delaware Blue Hens,Drexel Dragons,60,70,0,2,48,2182,44.4,50.0
2024-02-27,401574641,Bethune-Cookman Wildcats,Alabama State Hornets,90,84,0,2,2065,2011,43.8,36.6
2024-02-27,401578978,Houston Christian Huskies,Texas A&M-Corpus Christi Islanders,79,91,0,2,2277,357,46.6,55.2
2024-02-27,401579026,Lamar Cardinals,McNeese Cowboys,56,58,0,2,2320,2377,39.3,36.2
2024-02-27,401579064,Nicholls Colonels,Incarnate Word Cardinals,92,82,0,2,2447,2916,52.5,45.0
2024-02-27,401589749,Howard Bison,Coppin State Eagles,78,69,0,2,47,2154,50.0,45.5
2024-02-27,401594414,Morgan State Bears,Norfolk State Spartans,82,85,0,2,2415,2450,49.1,51.6
2024-02-27,401598034,Mississippi Valley State Delta Devils,Prairie View A&M Panthers,57,51,0,2,2400,2504,33.9,36.4
2024-02-27,401598912,Florida A&M Rattlers,Alabama A&M Bulldogs,76,58,0,2,50,2010,50.9,44.7
2024-02-27,401599548,Villanova Wildcats,Georgetown Hoyas,75,47,0,2,222,46,53.2,27.5
2024-02-27,401600749,Campbell Fighting Camels,UNC Wilmington Seahawks,105,100,0,2,2097,350,54.3,49.3
2024-02-27,401603007,Arkansas-Pine Bluff Golden Lions,Texas Southern Tigers,70,77,0,2,2029,2640,41.4,44.4
2024-02-27,401603496,Kansas State Wildcats,West Virginia Mountaineers,94,90,0,2,2306,277,45.8,39.0
2024-02-27,401603497,TCU Horned Frogs,Baylor Bears,54,62,0,2,2628,239,33.3,37.7
2024-02-27,401604211,North Carolina Tar Heels,Miami Hurricanes,75,71,0,2,153,2390,44.3,39.3
2024-02-27,401604432,North Carolina Central Eagles,Delaware State Hornets,93,81,0,2,2428,2169,54.4,49.2
2024-02-27,401604803,South Carolina State Bulldogs,Maryland Eastern Shore Hawks,64,56,0,2,2569,2379,42.9,35.8
2024-02-28,401581609,App State Mountaineers,Old Dominion Monarchs,89,64,0,2,2026,295,50.8,37.7
2024-02-28,401581696,Texas State Bobcats,UL Monroe Warhawks,73,55,0,2,326,2433,53.1,30.4
2024-02-28,401587337,Eastern Illinois Panthers,SIU Edwardsville Cougars,84,79,0,2,2197,2565,44.8,38.7
2024-02-28,401587756,Youngstown State Penguins,Detroit Mercy Titans,69,55,0,2,2754,2174,42.6,34.4
2024-02-28,401588698,Eastern Michigan Eagles,Western Michigan Broncos,70,67,0,2,2199,2711,42.9,41.4
2024-02-28,401588699,Bowling Green Falcons,Miami (OH) RedHawks,58,66,0,2,189,193,32.4,45.8
2024-02-28,401588700,Toledo Rockets,Northern Illinois Huskies,72,75,0,2,2649,2459,49.2,50.9
2024-02-28,401588701,Ohio Bobcats,Akron Zips,74,67,0,2,195,2006,45.5,46.4
2024-02-28,401588702,Kent State Golden Flashes,Buffalo Bulls,76,64,0,2,2309,2084,45.5,46.0
2024-02-28,401588703,Central Michigan Chippewas,Ball State Cardinals,71,79,0,2,2117,2050,41.7,49.1
2024-02-28,401594457,Air Force Falcons,Boise State Broncos,48,79,0,2,2005,68,43.6,48.0
2024-02-28,401596922,St. Bonaventure Bonnies,Loyola Chicago Ramblers,79,64,0,2,179,2350,45.1,38.2
2024-02-28,401596923,George Washington Revolutionaries,Massachusetts Minutemen,57,69,0,2,45,113,40.4,51.7
2024-02-28,401596924,Fordham Rams,George Mason Patriots,61,60,0,2,2230,2244,32.2,43.1
2024-02-28,401596925,Dayton Flyers,Davidson Wildcats,80,66,0,2,2168,2166,53.7,37.9
2024-02-28,401596926,VCU Rams,Rhode Island Rams,88,67,0,2,2670,227,48.4,41.5
2024-02-28,401597207,Arkansas Razorbacks,Vanderbilt Commodores,82,85,0,2,8,238,40.4,50.9
2024-02-28,401597208,LSU Tigers,Georgia Bulldogs,67,66,0,2,99,61,46.8,37.3
2024-02-28,401597209,Mississippi State Bulldogs,Kentucky Wildcats,89,91,0,2,344,96,51.6,55.0
2024-02-28,401597210,Florida Gators,Missouri Tigers,83,74,0,2,57,142,49.2,48.2
2024-02-28,401597314,Wyoming Cowboys,UNLV Rebels,69,75,0,2,2751,2439,36.8,40.7
2024-02-28,401597396,Army Black Knights,American University Eagles,51,73,0,2,349,44,34.6,56.3
2024-02-28,401597948,San Diego State Aztecs,San José State Spartans,72,64,0,2,21,23,43.1,44.3
2024-02-28,401597976,Lehigh Mountain Hawks,Boston University Terriers,62,64,0,2,2329,104,39.7,42.0
2024-02-28,401600410,Indiana Hoosiers,Wisconsin Badgers,74,70,0,2,84,275,61.7,43.5
2024-02-28,401600411,Iowa Hawkeyes,Penn State Nittany Lions,90,81,0,2,2294,213,47.2,45.1
2024-02-28,401600803,Fresno State Bulldogs,Utah State Aggies,73,77,0,2,278,328,42.4,52.0
2024-02-28,401601917,Northern Iowa Panthers,Valparaiso Beacons,68,54,0,2,2460,2674,45.2,38.9
2024-02-28,401602987,Colorado State Rams,Nevada Wolf Pack,74,77,0,2,36,2440,48.1,40.7
2024-02-28,401603498,Houston Cougars,Cincinnati Bearcats,67,59,0,2,248,2132,38.9,39.6
2024-02-28,401603499,Kansas Jayhawks,BYU Cougars,68,76,0,2,2305,252,39.0,39.3
2024-02-28,401603500,Texas Tech Red Raiders,Texas Longhorns,69,81,0,2,2641,251,35.6,46.4
2024-02-28,401604212,Florida State Seminoles,NC State Wolfpack,90,83,0,2,52,152,59.7,47.6
2024-02-28,401604213,Clemson Tigers,Pittsburgh Panthers,69,62,0,2,228,221,47.9,32.8
2024-02-28,401604214,Notre Dame Fighting Irish,Wake Forest Demon Deacons,70,65,0,2,87,154,37.9,42.4
2024-02-28,401604215,Syracuse Orange,Virginia Tech Hokies,84,71,0,2,183,259,56.7,49.2
2024-02-29,401573639,Western Kentucky Hilltoppers,Louisiana Tech Bulldogs,84,90,0,2,98,2348,43.5,48.2
2024-02-29,401574205,Austin Peay Governors,Eastern Kentucky Colonels,83,79,0,2,2046,2198,48.3,45.9
2024-02-29,401574532,North Florida Ospreys,Florida Gulf Coast Eagles,60,79,0,2,2454,526,36.4,49.2
2024-02-29,401581241,Binghamton Bearcats,Maine Black Bears,76,74,0,2,2066,311,45.2,44.3
2024-02-29,401581242,UMass Lowell River Hawks,Bryant Bulldogs,89,67,0,2,2349,2803,44.4,36.8
2024-02-29,401581627,Coastal Carolina Chanticleers,Arkansas State Red Wolves,60,71,0,2,324,2032,35.3,39.4
2024-02-29,401581654,Georgia Southern Eagles,Marshall Thundering Herd,87,73,0,2,290,276,56.9,40.0
2024-02-29,401581665,Georgia State Panthers,James Madison Dukes,78,84,0,2,2247,256,37.5,45.9
2024-02-29,401581686,Louisiana Ragin' Cajuns,Troy Trojans,73,87,0,2,309,2653,46.0,38.5
2024-02-29,401581712,South Alabama Jaguars,Southern Miss Golden Eagles,73,70,0,2,6,2572,47.5,44.6
2024-02-29,401587755,Wright State Raiders,Purdue Fort Wayne Mastodons,77,79,0,2,2750,2870,44.9,41.1
2024-02-29,401587757,Cleveland State Vikings,Green Bay Phoenix,61,69,0,2,325,2739,38.6,42.0
2024-02-29,401587758,IU Indianapolis Jaguars,Milwaukee Panthers,70,75,0,2,85,270,42.6,43.9
2024-02-29,401587759,Robert Morris Colonials,Northern Kentucky Norse,60,70,0,2,2523,94,41.2,41.1
2024-02-29,401587969,Wofford Terriers,Samford Bulldogs,91,69,0,2,2747,2535,54.2,38.2
2024-02-29,401587970,UNC Greensboro Spartans,VMI Keydets,100,58,0,2,2430,2678,57.8,41.5
2024-02-29,401587971,The Citadel Bulldogs,East Tennessee State Buccaneers,63,81,0,2,2643,2193,45.7,50.8
2024-02-29,401587972,Western Carolina Catamounts,Furman Paladins,85,77,0,2,2717,231,54.5,41.0
2024-02-29,401587973,Chattanooga Mocs,Mercer Bears,84,75,0,2,236,2382,50.0,39.7
2024-02-29,401593942,Lipscomb Bisons,Bellarmine Knights,90,74,0,2,288,91,54.5,50.8
2024-02-29,401594501,Loyola Maryland Greyhounds,Bucknell Bison,46,68,0,2,2352,2083,34.0,54.0
2024-02-29,401596927,Saint Louis Billikens,Richmond Spiders,64,80,0,2,139,257,37.7,51.7
2024-02-29,401596928,Duquesne Dukes,La Salle Explorers,75,63,0,2,2184,2325,50.0,41.0
2024-02-29,401597211,Tennessee Volunteers,Auburn Tigers,92,84,0,2,2633,2,50.9,45.8
2024-02-29,401597212,Ole Miss Rebels,Alabama Crimson Tide,88,103,0,2,145,333,51.9,50.0
2024-02-29,401597213,Texas A&M Aggies,South Carolina Gamecocks,68,70,0,2,245,2579,38.6,45.9
2024-02-29,401598599,Navy Midshipmen,Lafayette Leopards,62,58,0,2,2426,322,33.3,39.6
2024-02-29,401598642,Holy Cross Crusaders,Colgate Raiders,58,77,0,2,107,2142,39.3,53.4
2024-02-29,401599549,Butler Bulldogs,St. John's Red Storm,59,82,0,2,2086,2599,39.2,44.3
2024-02-29,401599550,Creighton Bluejays,Seton Hall Pirates,85,64,0,2,156,2550,54.4,41.7
2024-02-29,401599551,Marquette Golden Eagles,Providence Friars,91,69,0,2,269,2507,56.9,41.1
2024-02-29,401599552,Xavier Musketeers,DePaul Blue Demons,91,58,0,2,2752,305,52.2,41.2
2024-02-29,401599994,Jacksonville Dolphins,Stetson Hatters,73,86,0,2,294,56,45.9,55.8
2024-02-29,401600412,Illinois Fighting Illini,Minnesota Golden Gophers,105,97,0,2,356,135,61.3,60.0
2024-02-29,401600413,Maryland Terrapins,Northwestern Wildcats,61,68,0,2,120,77,38.9,46.3
2024-02-29,401600415,Ohio State Buckeyes,Nebraska Cornhuskers,78,69,0,2,194,158,42.6,38.8
2024-02-29,401601277,Charleston Southern Buccaneers,Radford Highlanders,58,57,0,2,2127,2515,35.9,41.8
2024-02-29,401601279,High Point Panthers,Winthrop Eagles,100,96,0,2,2272,2737,50.0,47.6
2024-02-29,401601280,South Carolina Upstate Spartans,Presbyterian Blue Hose,74,72,0,2,2908,2506,49.2,45.6
2024-02-29,401601918,Bradley Braves,Southern Illinois Salukis,86,67,0,2,71,79,49.2,45.3
2024-02-29,401601919,Evansville Purple Aces,Indiana State Sycamores,67,85,0,2,339,282,38.3,50.8
2024-02-29,401601920,Illinois State Redbirds,Missouri State Bears,75,74,0,2,2287,2623,45.9,52.5
2024-02-29,401601921,Murray State Racers,Belmont Bruins,61,83,0,2,93,2057,42.9,53.3
2024-02-29,401601922,UIC Flames,Drake Bulldogs,105,107,0,2,82,2181,40.3,44.4
2024-02-29,401602157,Rice Owls,Temple Owls,43,65,0,2,242,218,25.9,48.0
2024-02-29,401602158,Tulane Green Wave,North Texas Mean Green,76,80,0,2,2655,249,46.9,45.6
2024-02-29,401602159,UAB Blazers,Wichita State Shockers,66,74,0,2,5,2724,40.4,50.0
2024-02-29,401602160,UTSA Roadrunners,Tulsa Golden Hurricane,89,73,0,2,2636,202,44.4,44.4
2024-02-29,401603501,Iowa State Cyclones,Oklahoma Sooners,58,45,0,2,66,201,33.3,32.6
2024-02-29,401603502,Oklahoma State Cowboys,UCF Knights,71,77,0,2,197,2116,40.4,42.3
2024-02-29,401604216,Boston College Eagles,Virginia Cavaliers,68,72,0,2,103,258,41.4,44.4
2024-02-29,401604217,Duke Blue Devils,Louisville Cardinals,84,59,0,2,150,97,56.1,41.1
2024-02-29,401607437,Arizona State Sun Devils,Arizona Wildcats,67,85,0,2,9,12,35.0,54.2
2024-02-29,401607457,Colorado Buffaloes,California Golden Bears,88,78,0,2,38,25,50.0,42.0
2024-02-29,401607468,Oregon Ducks,Oregon State Beavers,78,71,0,2,2483,204,49.0,48.3
2024-03-01,401573353,Eastern Washington Eagles,Montana Grizzlies,89,79,0,2,331,149,53.6,46.6
2024-03-01,401573354,Idaho Vandals,Montana State Bobcats,48,62,0,2,70,147,34.0,46.9
2024-03-01,401573355,Idaho State Bengals,Northern Arizona Lumberjacks,88,92,0,2,304,2464,46.8,45.3
2024-03-01,401573356,Weber State Wildcats,Northern Colorado Bears,85,81,0,2,2692,2458,42.6,55.0
2024-03-01,401573357,Jacksonville State Gamecocks,UTEP Miners,65,72,0,2,55,2638,48.7,52.9
2024-03-01,401573358,Liberty Flames,New Mexico State Aggies,83,58,0,2,2335,166,53.4,40.6
2024-03-01,401573561,UC Santa Barbara Gauchos,Cal Poly Mustangs,83,75,0,2,2540,13,55.1,45.8
2024-03-01,401573562,UC Davis Aggies,Hawai'i Rainbow Warriors,75,63,0,2,302,62,53.1,51.1
2024-03-01,401573563,Cal State Bakersfield Roadrunners,UC San Diego Tritons,70,57,0,2,2934,28,45.3,32.7
2024-03-01,401573564,Long Beach State Beach,Cal State Fullerton Titans,71,76,0,2,299,2239,38.7,46.3
2024-03-01,401573565,Cal State Northridge Matadors,UC Irvine Anteaters,64,89,0,2,2463,300,35.0,48.4
2024-03-01,401574131,Seattle U Redhawks,UT Arlington Mavericks,62,82,0,2,2547,250,35.1,46.6
2024-03-01,401574132,California Baptist Lancers,Stephen F. Austin Lumberjacks,60,62,0,2,2856,2617,35.2,37.7
2024-03-01,401574133,Grand Canyon Lopes,UT Rio Grande Valley Vaqueros,72,43,0,2,2253,292,50.0,33.3
2024-03-01,401574134,Southern Utah Thunderbirds,Abilene Christian Wildcats,68,77,0,2,253,2000,45.8,52.5
2024-03-01,401574135,Utah Tech Trailblazers,Tarleton State Texans,74,85,0,2,3101,2627,48.1,46.8
2024-03-01,401580096,St. Thomas Tommies,Omaha Mavericks,88,61,0,2,2900,2437,50.8,39.0
2024-03-01,401580097,South Dakota Coyotes,North Dakota State Bison,88,68,0,2,233,2449,54.2,46.4
2024-03-01,401580098,North Dakota Fighting Hawks,South Dakota State Jackrabbits,62,72,0,2,155,2571,41.7,50.9
2024-03-01,401580099,Denver Pioneers,Kansas City Roos,69,84,0,2,2172,140,40.4,48.3
2024-03-01,401581240,UAlbany Great Danes,New Hampshire Wildcats,91,67,0,2,399,160,54.5,35.5
2024-03-01,401581243,NJIT Highlanders,UMBC Retrievers,60,79,0,2,2885,2378,28.6,46.7
2024-03-01,401581610,App State Mountaineers,Arkansas State Red Wolves,80,57,0,2,2026,2032,49.2,35.3
2024-03-01,401587338,Western Illinois Leathernecks,Eastern Illinois Panthers,70,66,0,2,2710,2197,41.7,40.0
2024-03-01,401587339,Southern Indiana Screaming Eagles,Lindenwood Lions,63,67,0,2,88,2815,40.8,42.0
2024-03-01,401587340,Little Rock Trojans,Tennessee State Tigers,85,60,0,2,2031,2634,52.6,39.2
2024-03-01,401587341,Morehead State Eagles,Southeast Missouri State Redhawks,72,50,0,2,2413,2546,53.3,35.8
2024-03-01,401587342,UT Martin Skyhawks,Tennessee Tech Golden Eagles,80,69,0,2,2630,2635,38.4,44.1
2024-03-01,401588707,Ohio Bobcats,Bowling Green Falcons,66,59,0,2,195,189,42.3,41.3
2024-03-01,401589461,Stonehill Skyhawks,Sacred Heart Pioneers,51,79,0,2,284,2529,26.2,53.3
2024-03-01,401589480,Le Moyne Dolphins,Wagner Seahawks,70,56,0,2,2330,2681,44.1,30.2
2024-03-01,401589502,Central Connecticut Blue Devils,Long Island University Sharks,78,64,0,2,2115,112358,49.1,39.4
2024-03-01,401589511,Fairleigh Dickinson Knights,Merrimack Warriors,55,74,0,2,161,2771,32.8,48.3
2024-03-01,401589727,Loyola Marymount Lions,San Diego Toreros,96,62,0,2,2351,301,58.5,31.0
2024-03-01,401589728,San Francisco Dons,Gonzaga Bulldogs,68,86,0,2,2539,2250,40.3,62.5
2024-03-01,401589729,Pepperdine Waves,Saint Mary's Gaels,57,83,0,2,2492,2608,36.7,59.6
2024-03-01,401589730,Portland Pilots,Santa Clara Broncos,80,75,0,2,2501,2541,50.9,37.8
2024-03-01,401600414,Rutgers Scarlet Knights,Michigan Wolverines,82,52,0,2,164,130,52.4,31.6
2024-03-01,401600750,Charleston Cougars,Campbell Fighting Camels,96,73,0,2,232,2097,49.3,49.1
2024-03-01,401600751,UNC Wilmington Seahawks,Hofstra Pride,58,69,0,2,350,2275,41.8,56.3
2024-03-01,401600752,Hampton Pirates,Monmouth Hawks,64,56,0,2,2261,2405,39.1,27.1
2024-03-01,401600753,Delaware Blue Hens,Northeastern Huskies,73,67,0,2,48,111,44.2,39.7
2024-03-01,401600754,Drexel Dragons,Stony Brook Seawolves,90,86,0,2,2182,2619,49.2,49.2
2024-03-01,401600755,North Carolina A&T Aggies,Towson Tigers,58,84,0,2,2448,119,33.3,52.3
2024-03-01,401600756,Elon Phoenix,William & Mary Tribe,76,71,0,2,2210,2729,47.3,49.1
2024-03-01,401601278,Gardner-Webb Runnin' Bulldogs,Longwood Lancers,72,69,0,2,2241,2344,45.1,46.2
2024-03-01,401602161,East Carolina Pirates,Memphis Tigers,58,82,0,2,151,235,30.3,57.1
2024-03-01,401607451,Washington State Cougars,USC Trojans,75,72,0,2,265,30,50.0,51.9
2024-03-01,401607455,Washington Huskies,UCLA Bruins,94,77,0,2,264,26,55.6,44.6
2024-03-01,401607466,Utah Utes,Stanford Cardinal,90,68,0,2,254,24,49.2,49.1
2024-03-02,401573461,Eastern Washington Eagles,Montana State Bobcats,108,104,0,2,331,147,57.6,48.6
2024-03-02,401573462,Idaho Vandals,Montana Grizzlies,57,80,0,2,70,149,37.5,52.9
2024-03-02,401573464,Weber State Wildcats,Northern Arizona Lumberjacks,85,58,0,2,2692,2464,50.8,31.5
2024-03-02,401573465,Sacramento State Hornets,Portland State Vikings,73,61,0,2,16,2502,50.0,32.3
2024-03-02,401573641,Jacksonville State Gamecocks,New Mexico State Aggies,64,66,0,2,55,166,38.9,42.2
2024-03-02,401573642,Florida International Panthers,Western Kentucky Hilltoppers,85,83,0,2,2229,98,50.0,45.8
2024-03-02,401574138,Utah Valley Wolverines,UT Arlington Mavericks,65,78,0,2,3084,250,41.7,41.8
2024-03-02,401574206,Austin Peay Governors,Bellarmine Knights,90,87,0,2,2046,91,47.5,42.5
2024-03-02,401574436,Central Arkansas Bears,North Alabama Lions,78,82,0,2,2110,2453,48.1,38.3
2024-03-02,401574509,Lipscomb Bisons,Eastern Kentucky Colonels,81,67,0,2,288,2198,46.8,39.7
2024-03-02,401574522,Queens University Royals,Kennesaw State Owls,91,82,0,2,2511,338,44.4,44.4
2024-03-02,401574533,North Florida Ospreys,Stetson Hatters,78,59,0,2,2454,56,50.0,35.1
2024-03-02,401574642,Southern Jaguars,Bethune-Cookman Wildcats,61,67,0,2,2582,2065,44.9,39.0
2024-03-02,401577678,Brown Bears,Harvard Crimson,71,68,0,2,225,108,37.7,41.0
2024-03-02,401577679,Brown Bears,Dartmouth Big Green,89,67,0,2,225,159,56.7,50.0
2024-03-02,401578979,Houston Christian Huskies,East Texas A&M Lions,85,98,0,2,2277,2837,47.0,51.6
2024-03-02,401579027,McNeese Cowboys,Nicholls Colonels,83,62,0,2,2377,2447,51.9,35.1
2024-03-02,401579053,Incarnate Word Cardinals,LSU New Orleans Privateers,80,87,0,2,2916,2443,48.4,46.0
2024-03-02,401579075,Northwestern State Demons,Lamar Cardinals,77,82,0,2,2466,2320,47.7,43.8
2024-03-02,401579083,Texas A&M-Corpus Christi Islanders,SE Louisiana Lions,80,68,0,2,357,2545,55.6,48.2
2024-03-02,401580102,North Dakota State Bison,South Dakota State Jackrabbits,61,78,0,2,2449,2571,48.0,54.8
2024-03-02,401580103,North Dakota Fighting Hawks,South Dakota Coyotes,95,66,0,2,155,233,52.9,50.9
2024-03-02,401581244,UAlbany Great Danes,Maine Black Bears,71,74,0,2,399,311,41.7,45.0
2024-03-02,401581245,Binghamton Bearcats,New Hampshire Wildcats,87,74,0,2,2066,160,54.9,35.8
2024-03-02,401581246,Bryant Bulldogs,NJIT Highlanders,101,82,0,2,2803,2885,55.6,44.4
2024-03-02,401581247,Vermont Catamounts,UMass Lowell River Hawks,74,62,0,2,261,2349,46.4,37.7
2024-03-02,401581642,Coastal Carolina Chanticleers,James Madison Dukes,76,86,0,2,324,256,52.9,52.6
2024-03-02,401581655,Georgia Southern Eagles,Old Dominion Monarchs,92,75,0,2,290,295,47.6,41.9
2024-03-02,401581666,Georgia State Panthers,Marshall Thundering Herd,82,79,0,2,2247,276,55.7,43.1
2024-03-02,401581687,Louisiana Ragin' Cajuns,Southern Miss Golden Eagles,77,61,0,2,309,2572,42.3,40.0
2024-03-02,401581697,South Alabama Jaguars,UL Monroe Warhawks,80,69,0,2,6,2433,55.6,39.1
2024-03-02,401581718,Texas State Bobcats,Troy Trojans,82,79,0,2,326,2653,46.0,46.3
2024-03-02,401583832,Texas Southern Tigers,Jackson State Tigers,80,70,0,2,2640,2296,48.4,42.3
2024-03-02,401587181,Princeton Tigers,Columbia Lions,84,70,0,2,163,171,48.3,48.2
2024-03-02,401587198,Yale Bulldogs,Dartmouth Big Green,80,56,0,2,43,159,55.0,40.8
2024-03-02,401587343,Morehead State Eagles,Lindenwood Lions,67,49,0,2,2413,2815,45.3,38.0
2024-03-02,401587344,Little Rock Trojans,Tennessee Tech Golden Eagles,81,43,0,2,2031,2635,56.0,30.0
2024-03-02,401587346,Western Illinois Leathernecks,SIU Edwardsville Cougars,76,65,0,2,2710,2565,50.0,34.2
2024-03-02,401587347,UT Martin Skyhawks,Tennessee State Tigers,96,87,0,2,2630,2634,42.9,50.0
2024-03-02,401587760,Oakland Golden Grizzlies,Detroit Mercy Titans,75,70,0,2,2473,2174,49.0,48.9
2024-03-02,401587761,Milwaukee Panthers,Green Bay Phoenix,90,69,0,2,270,2739,49.2,46.2
2024-03-02,401587974,Samford Bulldogs,The Citadel Bulldogs,92,80,0,2,2535,2643,51.9,49.1
2024-03-02,401587975,Chattanooga Mocs,Western Carolina Catamounts,63,82,0,2,236,2717,33.3,48.3
2024-03-02,401587976,Furman Paladins,Mercer Bears,75,82,0,2,231,2382,41.2,55.2
2024-03-02,401587977,VMI Keydets,Wofford Terriers,62,74,0,2,2678,2747,32.3,42.9
2024-03-02,401587978,East Tennessee State Buccaneers,UNC Greensboro Spartans,66,65,0,2,2193,2430,45.1,42.6
2024-03-02,401588704,Eastern Michigan Eagles,Miami (OH) RedHawks,37,52,0,2,2199,193,32.0,36.8
2024-03-02,401588705,Kent State Golden Flashes,Central Michigan Chippewas,79,73,0,2,2309,2117,38.5,46.9
2024-03-02,401588706,Buffalo Bulls,Toledo Rockets,79,85,0,2,2084,2649,49.2,43.1
2024-03-02,401588708,Ball State Cardinals,Western Michigan Broncos,76,78,0,2,2050,2711,36.1,45.2
2024-03-02,401588709,Akron Zips,Northern Illinois Huskies,80,73,0,2,2006,2459,42.9,46.3
2024-03-02,401589370,Pennsylvania Quakers,Cornell Big Red,81,87,0,2,219,172,45.9,46.9
2024-03-02,401589401,Saint Francis Red Wolves,Le Moyne Dolphins,58,74,0,2,2598,2330,38.9,53.3
2024-03-02,401589462,Central Connecticut Blue Devils,Stonehill Skyhawks,79,67,0,2,2115,284,50.9,50.0
2024-03-02,401589481,Wagner Seahawks,Fairleigh Dickinson Knights,54,57,0,2,2681,161,37.3,38.2
2024-03-02,401589492,Sacred Heart Pioneers,Merrimack Warriors,89,85,0,2,2529,2771,54.1,48.3
2024-03-02,401589750,Coppin State Eagles,North Carolina Central Eagles,58,83,0,2,2154,2428,36.5,51.8
2024-03-02,401593889,Jacksonville Dolphins,Florida Gulf Coast Eagles,57,59,0,2,294,526,40.0,48.9
2024-03-02,401594271,Canisius Golden Griffins,Mount St. Mary's Mountaineers,61,56,0,2,2099,116,44.1,40.4
2024-03-02,401594305,Marist Red Foxes,Fairfield Stags,58,55,0,2,2368,2217,40.4,28.3
2024-03-02,401594321,Iona Gaels,Quinnipiac Bobcats,64,82,0,2,314,2514,36.5,50.0
2024-03-02,401594370,Niagara Purple Eagles,Rider Broncs,61,71,0,2,315,2520,42.1,42.9
2024-03-02,401594399,Siena Saints,Manhattan Jaspers,68,70,0,2,2561,2363,42.9,45.8
2024-03-02,401594415,Delaware State Hornets,Norfolk State Spartans,85,71,0,2,2169,2450,53.6,44.1
2024-03-02,401594458,Utah State Aggies,Air Force Falcons,72,60,0,2,328,2005,53.2,47.2
2024-03-02,401594523,Loyola Maryland Greyhounds,Army Black Knights,69,68,0,2,2352,349,45.5,57.1
2024-03-02,401596929,Loyola Chicago Ramblers,Dayton Flyers,77,72,0,2,2350,2168,44.1,52.2
2024-03-02,401596930,Saint Joseph's Hawks,Fordham Rams,82,69,0,2,2603,2230,46.2,41.0
2024-03-02,401596931,Davidson Wildcats,Massachusetts Minutemen,67,69,0,2,2166,113,48.2,35.8
2024-03-02,401596932,George Mason Patriots,Duquesne Dukes,51,59,0,2,2244,2184,37.5,48.7
2024-03-02,401596933,Richmond Spiders,VCU Rams,79,76,0,2,257,2670,53.1,46.4
2024-03-02,401596934,Rhode Island Rams,Saint Louis Billikens,91,94,0,2,227,139,51.8,54.1
2024-03-02,401596935,La Salle Explorers,George Washington Revolutionaries,72,66,0,2,2325,45,43.1,47.1
2024-03-02,401597214,Kentucky Wildcats,Arkansas Razorbacks,111,102,0,2,96,8,56.7,53.1
2024-03-02,401597216,Auburn Tigers,Mississippi State Bulldogs,78,63,0,2,2,344,50.0,39.3
2024-03-02,401597217,Georgia Bulldogs,Texas A&M Aggies,56,70,0,2,61,245,32.3,35.8
2024-03-02,401597219,South Carolina Gamecocks,Florida Gators,82,76,0,2,2579,57,47.2,48.2
2024-03-02,401597220,Vanderbilt Commodores,LSU Tigers,61,75,0,2,238,99,36.4,43.9
2024-03-02,401597397,American University Eagles,Navy Midshipmen,65,71,0,2,44,2426,43.1,55.6
2024-03-02,401597977,Boston University Terriers,Holy Cross Crusaders,94,84,0,2,104,107,50.9,50.8
2024-03-02,401598035,Prairie View A&M Panthers,Alcorn State Braves,65,73,0,2,2504,2016,42.6,49.1
2024-03-02,401598643,Lehigh Mountain Hawks,Colgate Raiders,60,63,0,2,2329,2142,40.7,49.0
2024-03-02,401598913,Grambling Tigers,Florida A&M Rattlers,75,68,0,2,2755,50,54.5,44.8
2024-03-02,401599553,Creighton Bluejays,Marquette Golden Eagles,89,75,0,2,156,269,54.1,46.9
2024-03-02,401599554,DePaul Blue Demons,Butler Bulldogs,63,82,0,2,305,2086,44.4,50.0
2024-03-02,401599556,Providence Friars,Villanova Wildcats,60,71,0,2,2507,222,40.4,51.0
2024-03-02,401600110,Alabama A&M Bulldogs,Alabama State Hornets,58,53,0,2,2010,2011,37.3,26.7
2024-03-02,401600416,Wisconsin Badgers,Illinois Fighting Illini,83,91,0,2,275,356,50.0,51.8
2024-03-02,401600417,Northwestern Wildcats,Iowa Hawkeyes,80,87,0,2,77,2294,53.8,55.0
2024-03-02,401600419,Minnesota Golden Gophers,Penn State Nittany Lions,75,70,0,2,135,213,46.0,44.6
2024-03-02,401600757,Stony Brook Seawolves,Delaware Blue Hens,79,56,0,2,2619,48,50.0,43.1
2024-03-02,401600758,William & Mary Tribe,Hampton Pirates,85,73,0,2,2729,2261,45.3,43.3
2024-03-02,401600759,Charleston Cougars,Hofstra Pride,87,76,0,2,232,2275,49.3,50.0
2024-03-02,401600760,Elon Phoenix,Monmouth Hawks,70,85,0,2,2210,2405,41.1,50.0
2024-03-02,401600761,Campbell Fighting Camels,North Carolina A&T Aggies,64,62,0,2,2097,2448,40.7,38.7
2024-03-02,401600762,Drexel Dragons,Northeastern Huskies,73,59,0,2,2182,111,52.9,46.4
2024-03-02,401600763,UNC Wilmington Seahawks,Towson Tigers,75,64,0,2,350,119,44.2,44.2
2024-03-02,401600814,Nevada Wolf Pack,Fresno State Bulldogs,74,66,0,2,2440,278,53.1,42.6
2024-03-02,401601281,Presbyterian Blue Hose,Charleston Southern Buccaneers,72,65,0,2,2506,2127,44.8,42.4
2024-03-02,401601282,Winthrop Eagles,Gardner-Webb Runnin' Bulldogs,64,65,0,2,2737,2241,40.4,40.0
2024-03-02,401601283,Longwood Lancers,High Point Panthers,74,72,0,2,2344,2272,44.1,41.2
2024-03-02,401601284,Radford Highlanders,UNC Asheville Bulldogs,62,71,0,2,2515,2427,40.7,41.3
2024-03-02,401602162,Charlotte 49ers,South Florida Bulls,61,76,0,2,2429,58,40.4,48.2
2024-03-02,401602163,Florida Atlantic Owls,Tulane Green Wave,79,73,0,2,2226,2655,46.4,43.1
2024-03-02,401602164,SMU Mustangs,UTSA Roadrunners,73,77,0,2,2567,2636,38.4,43.8
2024-03-02,401602165,Temple Owls,Tulsa Golden Hurricane,67,72,0,2,218,202,41.1,48.1
2024-03-02,401602995,Colorado State Rams,Wyoming Cowboys,70,62,0,2,36,2751,42.6,38.2
2024-03-02,401603503,Baylor Bears,Kansas Jayhawks,82,74,0,2,239,2305,55.6,55.2
2024-03-02,401603507,Texas Longhorns,Oklahoma State Cowboys,81,65,0,2,251,197,47.1,41.2
2024-03-02,401603508,UCF Knights,Iowa State Cyclones,52,60,0,2,2116,66,42.6,45.7
2024-03-02,401603509,West Virginia Mountaineers,Texas Tech Red Raiders,70,81,0,2,277,2641,51.0,47.7
2024-03-02,401604218,Duke Blue Devils,Virginia Cavaliers,73,48,0,2,150,258,49.2,30.9
2024-03-02,401604219,North Carolina Tar Heels,NC State Wolfpack,79,70,0,2,153,152,47.2,41.7
2024-03-02,401604220,Boston College Eagles,Pittsburgh Panthers,65,90,0,2,103,221,43.5,54.1
2024-03-02,401604221,Georgia Tech Yellow Jackets,Florida State Seminoles,85,76,0,2,59,52,42.3,40.0
2024-03-02,401604224,Virginia Tech Hokies,Wake Forest Demon Deacons,87,76,0,2,259,154,59.6,50.0
2024-03-02,401604804,Maryland Eastern Shore Hawks,Howard Bison,66,70,0,2,2379,47,49.0,42.1
2024-03-02,401604929,Arkansas-Pine Bluff Golden Lions,Mississippi Valley State Delta Devils,78,69,0,2,2029,2400,46.2,41.9
2024-03-02,401606724,Morgan State Bears,South Carolina State Bulldogs,61,72,0,2,2415,2569,42.3,39.7
2024-03-02,401607438,Arizona Wildcats,Oregon Ducks,103,83,0,2,12,2483,60.9,52.2
2024-03-02,401607454,Washington Huskies,USC Trojans,75,82,0,2,264,30,41.7,54.4
2024-03-02,401610359,Cleveland State Vikings,IU Indianapolis Jaguars,75,66,0,2,325,85,47.2,50.0
2024-03-03,401573463,Idaho State Bengals,Northern Colorado Bears,79,81,0,2,304,2458,48.3,60.0
2024-03-03,401573566,UC Irvine Anteaters,Long Beach State Beach,82,61,0,2,300,299,48.4,30.8
2024-03-03,401573567,UC Riverside Highlanders,Hawai'i Rainbow Warriors,73,76,0,2,27,62,41.2,43.9
2024-03-03,401573568,Cal State Fullerton Titans,UC Santa Barbara Gauchos,79,70,0,2,2239,2540,50.0,46.3
2024-03-03,401573569,Cal Poly Mustangs,Cal State Bakersfield Roadrunners,56,68,0,2,13,2934,38.3,48.1
2024-03-03,401573570,Cal State Northridge Matadors,UC San Diego Tritons,69,79,0,2,2463,28,45.3,41.4
2024-03-03,401573640,Liberty Flames,UTEP Miners,51,67,0,2,2335,2638,39.1,52.8
2024-03-03,401573643,Sam Houston Bearkats,Middle Tennessee Blue Raiders,81,64,0,2,2534,2393,48.1,38.3
2024-03-03,401574136,California Baptist Lancers,UT Rio Grande Valley Vaqueros,88,52,0,2,2856,292,54.4,34.5
2024-03-03,401574137,Grand Canyon Lopes,Stephen F. Austin Lumberjacks,80,58,0,2,2253,2617,48.1,35.4
2024-03-03,401574139,Southern Utah Thunderbirds,Tarleton State Texans,83,88,0,2,253,2627,49.1,51.6
2024-03-03,401574140,Utah Tech Trailblazers,Abilene Christian Wildcats,79,86,0,2,3101,2000,48.3,47.7
2024-03-03,401580100,St. Thomas Tommies,Denver Pioneers,83,58,0,2,2900,2172,61.1,40.7
2024-03-03,401580101,Oral Roberts Golden Eagles,Kansas City Roos,54,71,0,2,198,140,36.0,47.3
2024-03-03,401581757,Yale Bulldogs,Harvard Crimson,80,60,0,2,43,108,51.6,38.2
2024-03-03,401587182,Princeton Tigers,Cornell Big Red,79,77,0,2,163,172,44.1,47.5
2024-03-03,401587345,Southern Indiana Screaming Eagles,Southeast Missouri State Redhawks,66,70,0,2,88,2546,31.0,36.4
2024-03-03,401587763,Wright State Raiders,Northern Kentucky Norse,94,88,0,2,2750,94,54.2,51.5
2024-03-03,401587764,Purdue Fort Wayne Mastodons,Robert Morris Colonials,83,65,0,2,2870,2523,50.8,39.4
2024-03-03,401589371,Pennsylvania Quakers,Columbia Lions,84,72,0,2,219,171,55.6,44.1
2024-03-03,401589731,Saint Mary's Gaels,Gonzaga Bulldogs,57,70,0,2,2608,2250,37.3,51.7
2024-03-03,401589732,Portland Pilots,Loyola Marymount Lions,70,60,0,2,2501,2351,48.1,39.3
2024-03-03,401589733,San Diego Toreros,Pacific Tigers,81,69,0,2,301,279,40.9,44.0
2024-03-03,401589734,Santa Clara Broncos,San Francisco Dons,69,62,0,2,2541,2539,42.9,34.8
2024-03-03,401594272,Canisius Golden Griffins,Rider Broncs,61,65,0,2,2099,2520,42.1,48.9
2024-03-03,401594322,Marist Red Foxes,Iona Gaels,64,71,0,2,2368,314,48.0,48.2
2024-03-03,401594360,Niagara Purple Eagles,Mount St. Mary's Mountaineers,72,91,0,2,315,116,44.1,62.5
2024-03-03,401594378,Quinnipiac Bobcats,Siena Saints,71,57,0,2,2514,2561,46.7,40.4
2024-03-03,401594392,Saint Peter's Peacocks,Manhattan Jaspers,89,57,0,2,2612,2363,52.2,36.2
2024-03-03,401594502,Bucknell Bison,Lafayette Leopards,60,50,0,2,2083,322,38.6,35.1
2024-03-03,401597215,Alabama Crimson Tide,Tennessee Volunteers,74,81,0,2,333,2633,38.3,36.4
2024-03-03,401597218,Missouri Tigers,Ole Miss Rebels,78,84,0,2,142,145,54.0,50.0
2024-03-03,401597315,UNLV Rebels,San José State Spartans,68,50,0,2,2439,23,40.7,32.1
2024-03-03,401599555,Georgetown Hoyas,Xavier Musketeers,93,98,0,2,46,2752,51.6,54.5
2024-03-03,401599557,UConn Huskies,Seton Hall Pirates,91,61,0,2,41,2550,55.9,37.7
2024-03-03,401600418,Purdue Boilermakers,Michigan State Spartans,80,74,0,2,2509,127,51.0,39.1
2024-03-03,401600420,Maryland Terrapins,Indiana Hoosiers,78,83,0,2,120,84,48.4,56.4
2024-03-03,401600421,Ohio State Buckeyes,Michigan Wolverines,84,61,0,2,194,130,56.3,36.4
2024-03-03,401600422,Nebraska Cornhuskers,Rutgers Scarlet Knights,67,56,0,2,158,164,40.7,32.8
2024-03-03,401601923,Belmont Bruins,Evansville Purple Aces,83,66,0,2,2057,339,50.0,36.8
2024-03-03,401601924,Drake Bulldogs,Bradley Braves,74,66,0,2,2181,71,40.7,50.9
2024-03-03,401601925,Indiana State Sycamores,Murray State Racers,89,77,0,2,282,93,60.9,45.2
2024-03-03,401601926,Missouri State Bears,UIC Flames,69,59,0,2,2623,82,39.4,35.7
2024-03-03,401601927,Southern Illinois Salukis,Northern Iowa Panthers,70,82,0,2,79,2460,39.0,49.0
2024-03-03,401601928,Valparaiso Beacons,Illinois State Redbirds,75,72,0,2,2674,2287,52.5,53.6
2024-03-03,401602166,Wichita State Shockers,Rice Owls,87,66,0,2,2724,242,52.6,44.6
2024-03-03,401602167,Memphis Tigers,UAB Blazers,106,87,0,2,235,5,47.9,54.2
2024-03-03,401602168,North Texas Mean Green,East Carolina Pirates,84,69,0,2,249,151,50.9,53.2
2024-03-03,401602979,Boise State Broncos,New Mexico Lobos,89,79,0,2,68,167,43.5,43.8
2024-03-03,401603504,BYU Cougars,TCU Horned Frogs,87,75,0,2,252,2628,52.5,40.8
2024-03-03,401603505,Cincinnati Bearcats,Kansas State Wildcats,74,72,0,2,2132,2306,47.0,42.0
2024-03-03,401603506,Oklahoma Sooners,Houston Cougars,85,87,0,2,201,248,52.7,56.7
2024-03-03,401604222,Louisville Cardinals,Syracuse Orange,76,82,0,2,97,183,43.8,57.8
2024-03-03,401604223,Notre Dame Fighting Irish,Clemson Tigers,69,62,0,2,87,228,42.1,39.0
2024-03-03,401607439,Utah Utes,California Golden Bears,88,59,0,2,254,25,50.8,34.4
2024-03-03,401607449,Washington State Cougars,UCLA Bruins,77,65,0,2,265,26,41.8,47.2
2024-03-04,401607459,Colorado Buffaloes,Stanford Cardinal,81,71,0,2,38,24,53.2,43.9
2024-03-05,401573466,Sacramento State Hornets,Eastern Washington Eagles,88,91,0,2,16,331,52.6,60.3
2024-03-05,401573467,Portland State Vikings,Idaho Vandals,72,57,0,2,2502,70,43.3,46.3
2024-03-05,401573468,Montana Grizzlies,Idaho State Bengals,79,65,0,2,149,304,60.4,42.1
2024-03-05,401573469,Montana State Bobcats,Weber State Wildcats,76,64,0,2,147,2692,52.7,45.0
2024-03-05,401573470,Northern Arizona Lumberjacks,Northern Colorado Bears,74,82,0,2,2464,2458,48.3,62.5
2024-03-05,401574643,Grambling Tigers,Bethune-Cookman Wildcats,69,60,0,2,2755,2065,41.5,36.7
2024-03-05,401578980,McNeese Cowboys,Houston Christian Huskies,87,69,0,2,2377,2277,46.2,47.4
2024-03-05,401579054,Texas A&M-Corpus Christi Islanders,LSU New Orleans Privateers,73,60,0,2,357,2443,45.5,32.2
2024-03-05,401579065,Northwestern State Demons,Nicholls Colonels,62,68,0,2,2466,2447,33.9,45.7
2024-03-05,401579084,Incarnate Word Cardinals,SE Louisiana Lions,56,73,0,2,2916,2545,32.8,41.2
2024-03-05,401579090,East Texas A&M Lions,Lamar Cardinals,53,70,0,2,2837,2320,35.8,52.0
2024-03-05,401581250,Maine Black Bears,UMass Lowell River Hawks,71,65,0,2,311,2349,42.0,32.3
2024-03-05,401583833,Prairie View A&M Panthers,Jackson State Tigers,74,79,0,2,2504,2296,46.9,46.9
2024-03-05,401589751,Coppin State Eagles,South Carolina State Bulldogs,58,61,0,2,2154,2569,41.3,40.4
2024-03-05,401594416,Norfolk State Spartans,Maryland Eastern Shore Hawks,69,50,0,2,2450,2379,44.6,38.6
2024-03-05,401598914,Southern Jaguars,Florida A&M Rattlers,58,44,0,2,2582,50,41.1,34.0
2024-03-05,401602354,Texas Southern Tigers,Alcorn State Braves,79,82,0,2,2640,2016,48.4,44.4
2024-03-05,401603510,Baylor Bears,Texas Longhorns,93,85,0,2,239,251,53.2,50.0
2024-03-05,401604225,NC State Wolfpack,Duke Blue Devils,64,79,0,2,152,150,48.2,47.1
2024-03-05,401604433,Howard Bison,Delaware State Hornets,85,66,0,2,47,2169,52.7,37.0
2024-03-05,401606725,Morgan State Bears,North Carolina Central Eagles,88,79,0,2,2415,2428,50.8,44.1
2024-03-05,401625589,UL Monroe Warhawks,Coastal Carolina Chanticleers,71,75,1,2,2433,324,35.8,52.1
2024-03-05,401625650,Florida Gulf Coast Eagles,Queens University Royals,63,69,0,2,526,2511,45.3,34.5
2024-03-05,401625651,Kennesaw State Owls,Jacksonville Dolphins,86,92,0,2,338,294,47.8,50.0
2024-03-05,401625701,Army Black Knights,Holy Cross Crusaders,68,84,0,2,349,107,41.3,52.9
2024-03-06,401573645,Middle Tennessee Blue Raiders,Liberty Flames,69,61,0,2,2393,2335,39.7,49.0
2024-03-06,401581248,Bryant Bulldogs,UAlbany Great Danes,83,79,0,2,2803,399,51.7,39.2
2024-03-06,401581249,UMBC Retrievers,Binghamton Bearcats,71,72,0,2,2378,2066,45.0,45.0
2024-03-06,401581251,New Hampshire Wildcats,Vermont Catamounts,64,68,0,2,160,261,37.1,44.7
2024-03-06,401581758,Dartmouth Big Green,Harvard Crimson,76,69,0,2,159,108,50.0,43.1
2024-03-06,401588710,Western Michigan Broncos,Bowling Green Falcons,65,73,0,2,2711,189,43.1,46.7
2024-03-06,401588711,Miami (OH) RedHawks,Toledo Rockets,63,97,0,2,193,2649,31.8,60.4
2024-03-06,401588712,Akron Zips,Eastern Michigan Eagles,60,61,0,2,2006,2199,47.8,43.3
2024-03-06,401588713,Ball State Cardinals,Kent State Golden Flashes,76,69,0,2,2050,2309,43.1,40.9
2024-03-06,401588714,Buffalo Bulls,Ohio Bobcats,66,78,0,2,2084,195,44.0,47.4
2024-03-06,401588715,Northern Illinois Huskies,Central Michigan Chippewas,63,69,0,2,2459,2117,39.7,40.7
2024-03-06,401594459,Wyoming Cowboys,Air Force Falcons,74,63,0,2,2751,2005,45.3,41.2
2024-03-06,401596936,VCU Rams,Duquesne Dukes,59,69,0,2,2670,2184,42.9,42.1
2024-03-06,401596937,Saint Louis Billikens,Dayton Flyers,83,100,0,2,139,2168,50.8,55.4
2024-03-06,401597221,Missouri Tigers,Auburn Tigers,74,101,0,2,142,2,33.9,52.3
2024-03-06,401597222,Florida Gators,Alabama Crimson Tide,105,87,0,2,57,333,46.8,44.3
2024-03-06,401597223,Georgia Bulldogs,Ole Miss Rebels,69,66,0,2,61,145,43.9,39.1
2024-03-06,401597316,UNLV Rebels,San Diego State Aztecs,62,58,0,2,2439,21,40.0,28.1
2024-03-06,401599558,DePaul Blue Demons,St. John's Red Storm,77,104,0,2,305,2599,50.9,60.3
2024-03-06,401599559,Georgetown Hoyas,Providence Friars,58,71,0,2,46,2507,35.1,49.1
2024-03-06,401599562,Seton Hall Pirates,Villanova Wildcats,66,56,0,2,2550,222,39.2,35.2
2024-03-06,401600423,Illinois Fighting Illini,Purdue Boilermakers,71,77,0,2,356,2509,45.5,48.3
2024-03-06,401602169,South Florida Bulls,Tulane Green Wave,85,72,0,2,58,2655,47.6,44.6
2024-03-06,401602978,Boise State Broncos,Nevada Wolf Pack,66,76,0,2,68,2440,41.7,46.9
2024-03-06,401603511,Oklahoma Sooners,Cincinnati Bearcats,74,71,0,2,201,2132,36.4,39.4
2024-03-06,401603512,Kansas Jayhawks,Kansas State Wildcats,90,68,0,2,2305,2306,45.2,44.6
2024-03-06,401603513,Oklahoma State Cowboys,Texas Tech Red Raiders,58,75,0,2,197,2641,37.0,50.0
2024-03-06,401604226,North Carolina Tar Heels,Notre Dame Fighting Irish,84,51,0,2,153,87,45.1,30.5
2024-03-06,401604227,Pittsburgh Panthers,Florida State Seminoles,88,73,0,2,221,52,55.9,42.3
2024-03-06,401604228,Clemson Tigers,Syracuse Orange,90,75,0,2,228,183,56.1,47.5
2024-03-06,401604229,Louisville Cardinals,Virginia Tech Hokies,64,80,0,2,97,259,45.5,48.2
2024-03-06,401604230,Wake Forest Demon Deacons,Georgia Tech Yellow Jackets,69,70,0,2,154,59,42.1,53.7
2024-03-06,401625590,Texas State Bobcats,Old Dominion Monarchs,92,83,1,2,326,295,44.3,44.6
2024-03-06,401625652,Lipscomb Bisons,North Alabama Lions,75,77,0,2,288,2453,43.8,46.7
2024-03-06,401625653,Austin Peay Governors,North Florida Ospreys,101,98,0,2,2046,2454,54.9,55.6
2024-03-06,401625654,Stetson Hatters,Queens University Royals,83,71,0,2,56,2511,51.7,38.0
2024-03-06,401625655,Eastern Kentucky Colonels,Jacksonville Dolphins,65,67,0,2,2198,294,44.1,37.9
2024-03-06,401625691,Purdue Fort Wayne Mastodons,Robert Morris Colonials,78,63,0,2,2870,2523,49.2,41.1
2024-03-06,401625692,Cleveland State Vikings,IU Indianapolis Jaguars,85,66,0,2,325,85,60.0,51.0
2024-03-06,401625693,Milwaukee Panthers,Detroit Mercy Titans,83,79,0,2,270,2174,53.3,50.9
2024-03-06,401625702,Navy Midshipmen,Loyola Maryland Greyhounds,64,48,0,2,2426,2352,44.0,27.0
2024-03-07,401573573,Hawai'i Rainbow Warriors,Cal State Northridge Matadors,72,70,0,2,62,2463,40.7,45.6
2024-03-07,401578981,Lamar Cardinals,Houston Christian Huskies,78,68,0,2,2320,2277,49.2,40.3
2024-03-07,401579028,LSU New Orleans Privateers,McNeese Cowboys,57,81,0,2,2443,2377,34.0,50.8
2024-03-07,401579076,East Texas A&M Lions,Northwestern State Demons,83,80,0,2,2837,2466,32.1,38.4
2024-03-07,401596938,Richmond Spiders,Saint Joseph's Hawks,73,66,0,2,257,2603,46.4,41.0
2024-03-07,401596939,George Washington Revolutionaries,St. Bonaventure Bonnies,86,75,0,2,45,179,58.7,48.2
2024-03-07,401596940,Rhode Island Rams,George Mason Patriots,51,69,0,2,227,2244,29.4,43.9
2024-03-07,401596941,Massachusetts Minutemen,Fordham Rams,66,64,0,2,113,2230,42.3,35.4
2024-03-07,401596942,Davidson Wildcats,Loyola Chicago Ramblers,59,69,0,2,2166,2350,38.2,45.3
2024-03-07,401597224,Kentucky Wildcats,Vanderbilt Commodores,93,77,0,2,96,238,50.7,44.9
2024-03-07,401597225,South Carolina Gamecocks,Tennessee Volunteers,59,66,0,2,2579,2633,38.3,35.7
2024-03-07,401597226,Arkansas Razorbacks,LSU Tigers,94,83,0,2,8,99,60.8,44.8
2024-03-07,401597227,Texas A&M Aggies,Mississippi State Bulldogs,75,69,0,2,245,344,47.3,49.1
2024-03-07,401599560,Butler Bulldogs,Xavier Musketeers,72,66,0,2,2086,2752,40.9,37.3
2024-03-07,401599561,Marquette Golden Eagles,UConn Huskies,67,74,0,2,269,41,43.3,43.5
2024-03-07,401600424,Minnesota Golden Gophers,Indiana Hoosiers,58,70,0,2,135,84,38.6,54.5
2024-03-07,401600425,Michigan State Spartans,Northwestern Wildcats,53,49,0,2,127,77,31.7,35.3
2024-03-07,401600804,San José State Spartans,Utah State Aggies,70,90,0,2,23,328,49.1,53.4
2024-03-07,401600815,New Mexico Lobos,Fresno State Bulldogs,79,58,0,2,167,278,38.0,32.7
2024-03-07,401600981,Texas A&M-Corpus Christi Islanders,Incarnate Word Cardinals,71,52,0,2,357,2916,38.5,29.1
2024-03-07,401602170,Charlotte 49ers,Rice Owls,69,64,0,2,2429,242,36.1,50.0
2024-03-07,401602171,North Texas Mean Green,Florida Atlantic Owls,76,80,0,2,249,2226,45.6,53.2
2024-03-07,401602172,SMU Mustangs,East Carolina Pirates,80,77,0,2,2567,151,32.9,44.1
2024-03-07,401603514,Iowa State Cyclones,BYU Cougars,68,63,0,2,66,252,36.8,39.3
2024-03-07,401603515,UCF Knights,Houston Cougars,59,67,0,2,2116,248,45.5,43.1
2024-03-07,401603516,West Virginia Mountaineers,TCU Horned Frogs,81,93,0,2,277,2628,56.9,55.6
2024-03-07,401604231,Miami Hurricanes,Boston College Eagles,57,67,0,2,2390,103,33.8,40.7
2024-03-07,401625514,South Carolina Upstate Spartans,Radford Highlanders,60,67,1,2,2908,2515,42.6,32.8
2024-03-07,401625573,Tennessee State Tigers,Southern Indiana Screaming Eagles,78,64,1,2,2634,88,50.0,46.2
2024-03-07,401625574,SIU Edwardsville Cougars,Eastern Illinois Panthers,68,57,1,2,2565,2197,44.6,37.7
2024-03-07,401625591,South Alabama Jaguars,Georgia Southern Eagles,71,76,1,2,6,290,32.8,47.5
2024-03-07,401625592,Louisiana Ragin' Cajuns,Coastal Carolina Chanticleers,80,66,1,2,309,324,48.4,40.0
2024-03-07,401625593,Southern Miss Golden Eagles,Texas State Bobcats,59,75,1,2,2572,326,40.7,46.4
2024-03-07,401625628,Le Moyne Dolphins,Fairleigh Dickinson Knights,82,61,0,2,2330,161,44.3,32.8
2024-03-07,401625629,Sacred Heart Pioneers,Wagner Seahawks,57,60,0,2,2529,2681,42.0,43.9
2024-03-07,401625630,Merrimack Warriors,Long Island University Sharks,72,66,0,2,2771,112358,40.7,40.6
2024-03-07,401625631,Central Connecticut Blue Devils,Saint Francis Red Wolves,71,62,0,2,2115,2598,50.0,48.0
2024-03-07,401625642,Pepperdine Waves,Pacific Tigers,102,43,1,2,2492,279,60.0,25.0
2024-03-07,401625659,Murray State Racers,Missouri State Bears,35,60,1,2,93,2623,21.1,44.7
2024-03-07,401625660,Belmont Bruins,Valparaiso Beacons,86,61,1,2,2057,2674,52.4,27.5
2024-03-08,401573571,UC Irvine Anteaters,Cal Poly Mustangs,82,68,0,2,300,13,50.0,43.4
2024-03-08,401573572,UC Riverside Highlanders,Cal State Fullerton Titans,84,74,0,2,27,2239,42.4,45.6
2024-03-08,401573574,UC San Diego Tritons,UC Davis Aggies,63,70,0,2,28,302,48.1,46.9
2024-03-08,401573575,Long Beach State Beach,UC Santa Barbara Gauchos,74,76,0,2,299,2540,41.8,54.2
2024-03-08,401573644,Louisiana Tech Bulldogs,Sam Houston Bearkats,66,72,0,2,2348,2534,42.1,40.3
2024-03-08,401573646,UTEP Miners,Florida International Panthers,83,76,0,2,2638,2229,54.5,43.9
2024-03-08,401574141,Abilene Christian Wildcats,Seattle U Redhawks,64,59,0,2,2000,2547,42.4,47.9
2024-03-08,401574142,UT Arlington Mavericks,California Baptist Lancers,71,57,0,2,250,2856,47.6,32.7
2024-03-08,401574143,Tarleton State Texans,Utah Valley Wolverines,60,63,0,2,2627,3084,36.4,39.4
2024-03-08,401574144,Stephen F. Austin Lumberjacks,Southern Utah Thunderbirds,87,60,0,2,2617,253,54.8,34.5
2024-03-08,401574145,UT Rio Grande Valley Vaqueros,Utah Tech Trailblazers,74,79,0,2,292,3101,45.8,51.8
2024-03-08,401579066,SE Louisiana Lions,Nicholls Colonels,54,80,0,2,2545,2447,35.3,46.2
2024-03-08,401583834,Jackson State Tigers,Arkansas-Pine Bluff Golden Lions,89,84,0,2,2296,2029,48.6,48.4
2024-03-08,401588716,Western Michigan Broncos,Akron Zips,90,84,0,2,2711,2006,50.9,50.8
2024-03-08,401594273,Fairfield Stags,Canisius Golden Griffins,74,62,0,2,2217,2099,47.5,41.3
2024-03-08,401594323,Manhattan Jaspers,Iona Gaels,77,60,0,2,2363,314,55.2,49.0
2024-03-08,401594341,Quinnipiac Bobcats,Marist Red Foxes,73,64,0,2,2514,2368,46.6,35.1
2024-03-08,401594371,Siena Saints,Niagara Purple Eagles,59,66,0,2,2561,315,38.5,47.8
2024-03-08,401594388,Rider Broncs,Saint Peter's Peacocks,61,56,0,2,2520,2612,35.4,30.2
2024-03-08,401594417,Norfolk State Spartans,Howard Bison,77,58,0,2,2450,47,52.6,32.7
2024-03-08,401600111,Alabama A&M Bulldogs,Grambling Tigers,73,74,0,2,2010,2755,44.8,48.9
2024-03-08,401600129,Alabama State Hornets,Southern Jaguars,57,65,0,2,2011,2582,31.7,45.8
2024-03-08,401600426,Wisconsin Badgers,Rutgers Scarlet Knights,78,66,0,2,275,164,45.0,44.6
2024-03-08,401602173,Temple Owls,UAB Blazers,72,100,0,2,218,5,48.0,60.7
2024-03-08,401602355,Alcorn State Braves,Mississippi Valley State Delta Devils,74,67,0,2,2016,2400,53.7,52.1
2024-03-08,401604434,Maryland Eastern Shore Hawks,Delaware State Hornets,67,59,0,2,2379,2169,44.8,38.8
2024-03-08,401606726,Morgan State Bears,Coppin State Eagles,78,60,0,2,2415,2154,51.6,30.0
2024-03-08,401606751,North Carolina Central Eagles,South Carolina State Bulldogs,79,68,0,2,2428,2569,56.3,37.9
2024-03-08,401607441,Washington State Cougars,Washington Huskies,68,74,0,2,265,264,39.4,50.9
2024-03-08,401607442,UCLA Bruins,Arizona Wildcats,65,88,0,2,26,12,39.0,51.9
2024-03-08,401607443,Oregon State Beavers,Utah Utes,92,85,0,2,204,254,51.0,51.5
2024-03-08,401607460,Oregon Ducks,Colorado Buffaloes,75,79,0,2,2483,38,53.3,55.2
2024-03-08,401607471,USC Trojans,Arizona State Sun Devils,81,73,0,2,30,9,45.8,50.0
2024-03-08,401607472,Stanford Cardinal,California Golden Bears,80,58,0,2,24,25,47.4,35.0
2024-03-08,401625515,High Point Panthers,Radford Highlanders,77,63,0,2,2272,2515,43.7,40.0
2024-03-08,401625516,Winthrop Eagles,Longwood Lancers,56,69,1,2,2737,2344,42.9,39.7
2024-03-08,401625517,UNC Asheville Bulldogs,Charleston Southern Buccaneers,60,55,1,2,2427,2127,36.7,34.5
2024-03-08,401625575,Western Illinois Leathernecks,Tennessee State Tigers,61,59,1,2,2710,2634,37.5,33.8
2024-03-08,401625576,Morehead State Eagles,SIU Edwardsville Cougars,78,63,1,2,2413,2565,50.0,36.2
2024-03-08,401625580,Mercer Bears,The Citadel Bulldogs,84,76,1,2,2382,2643,56.6,46.0
2024-03-08,401625594,Georgia State Panthers,Marshall Thundering Herd,74,86,1,2,2247,276,42.6,44.9
2024-03-08,401625656,Austin Peay Governors,North Alabama Lions,77,71,0,2,2046,2453,51.0,46.3
2024-03-08,401625657,Stetson Hatters,Jacksonville Dolphins,88,87,0,2,56,294,58.0,50.9
2024-03-08,401625661,Illinois State Redbirds,Evansville Purple Aces,53,59,1,2,2287,339,37.5,32.2
2024-03-08,401625663,Southern Illinois Salukis,UIC Flames,82,84,1,2,79,82,37.7,49.3
2024-03-08,401625664,Indiana State Sycamores,Missouri State Bears,75,59,1,2,282,2623,44.4,34.4
2024-03-08,401625665,Northern Iowa Panthers,Belmont Bruins,67,62,1,2,2460,2057,33.3,37.7
2024-03-08,401625694,Green Bay Phoenix,Milwaukee Panthers,84,95,0,2,2739,270,42.6,52.5
2024-03-08,401625695,Wright State Raiders,Northern Kentucky Norse,97,99,0,2,2750,94,51.4,53.7
2024-03-08,401625696,Youngstown State Penguins,Cleveland State Vikings,70,82,0,2,2754,325,44.3,48.3
2024-03-08,401625697,Oakland Golden Grizzlies,Purdue Fort Wayne Mastodons,75,65,0,2,2473,2870,50.9,38.3
2024-03-08,401625703,American University Eagles,Bucknell Bison,57,80,0,2,44,2083,34.0,46.6
2024-03-08,401625704,Boston University Terriers,Navy Midshipmen,70,61,0,2,104,2426,41.0,36.1
2024-03-08,401625705,Lafayette Leopards,Lehigh Mountain Hawks,61,76,0,2,322,2329,38.7,53.8
2024-03-08,401625706,Colgate Raiders,Holy Cross Crusaders,81,64,0,2,2142,107,56.9,48.1
2024-03-08,401630139,North Carolina A&T Aggies,William & Mary Tribe,62,79,1,2,2448,2729,39.4,40.9
2024-03-08,401630140,Elon Phoenix,Hampton Pirates,55,56,1,2,2210,2261,33.9,37.3
2024-03-09,401573580,Long Beach State Beach,UC Davis Aggies,78,88,0,2,299,302,45.3,55.1
2024-03-09,401573647,Sam Houston Bearkats,Jacksonville State Gamecocks,81,73,0,2,2534,55,54.0,40.4
2024-03-09,401573648,New Mexico State Aggies,Florida International Panthers,77,70,0,2,166,2229,44.9,44.4
2024-03-09,401573649,Liberty Flames,Western Kentucky Hilltoppers,82,79,0,2,2335,98,51.1,51.7
2024-03-09,401573650,Louisiana Tech Bulldogs,Middle Tennessee Blue Raiders,84,70,0,2,2348,2393,48.5,37.7
2024-03-09,401574146,Tarleton State Texans,Seattle U Redhawks,69,66,0,2,2627,2547,50.0,38.8
2024-03-09,401574148,Abilene Christian Wildcats,Utah Valley Wolverines,67,74,0,2,2000,3084,48.0,48.3
2024-03-09,401574190,Stephen F. Austin Lumberjacks,Utah Tech Trailblazers,84,71,0,2,2617,3101,43.8,40.0
2024-03-09,401574644,Florida A&M Rattlers,Bethune-Cookman Wildcats,66,67,0,2,50,2065,40.3,41.4
2024-03-09,401577680,Yale Bulldogs,Brown Bears,81,84,0,2,43,225,52.5,46.8
2024-03-09,401583835,Jackson State Tigers,Mississippi Valley State Delta Devils,68,67,0,2,2296,2400,42.6,46.7
2024-03-09,401587183,Pennsylvania Quakers,Princeton Tigers,83,105,0,2,219,163,56.4,58.1
2024-03-09,401588717,Central Michigan Chippewas,Eastern Michigan Eagles,65,62,0,2,2117,2199,30.7,34.8
2024-03-09,401588718,Buffalo Bulls,Northern Illinois Huskies,68,78,0,2,2084,2459,39.7,45.8
2024-03-09,401588719,Bowling Green Falcons,Ball State Cardinals,80,70,0,2,189,2050,46.7,44.4
2024-03-09,401588720,Toledo Rockets,Kent State Golden Flashes,86,71,0,2,2649,2309,51.8,43.1
2024-03-09,401588721,Miami (OH) RedHawks,Ohio Bobcats,59,72,0,2,193,195,36.8,38.5
2024-03-09,401591564,Columbia Lions,Cornell Big Red,76,98,0,2,171,172,45.9,55.1
2024-03-09,401594274,Manhattan Jaspers,Canisius Golden Griffins,70,73,0,2,2363,2099,44.8,41.2
2024-03-09,401594306,Mount St. Mary's Mountaineers,Fairfield Stags,92,96,0,2,116,2217,60.3,47.7
2024-03-09,401594324,Iona Gaels,Siena Saints,68,54,0,2,314,2561,42.4,38.8
2024-03-09,401594342,Marist Red Foxes,Niagara Purple Eagles,63,62,0,2,2368,315,47.8,42.9
2024-03-09,401594379,Saint Peter's Peacocks,Quinnipiac Bobcats,74,89,0,2,2612,2514,43.3,55.9
2024-03-09,401594460,Air Force Falcons,Colorado State Rams,73,82,0,2,2005,36,47.1,65.9
2024-03-09,401596943,Dayton Flyers,VCU Rams,91,86,0,2,2168,2670,53.6,45.1
2024-03-09,401596944,St. Bonaventure Bonnies,Saint Louis Billikens,65,73,0,2,179,139,40.0,46.6
2024-03-09,401596945,Saint Joseph's Hawks,Davidson Wildcats,89,71,0,2,2603,2166,47.5,40.3
2024-03-09,401596946,George Mason Patriots,Richmond Spiders,64,46,0,2,2244,257,52.0,41.3
2024-03-09,401596947,Fordham Rams,Rhode Island Rams,50,58,0,2,2230,227,27.0,39.1
2024-03-09,401596948,Loyola Chicago Ramblers,La Salle Explorers,64,54,0,2,2350,2325,37.9,39.0
2024-03-09,401596949,Duquesne Dukes,George Washington Revolutionaries,67,65,0,2,2184,45,45.6,45.5
2024-03-09,401597228,Alabama Crimson Tide,Arkansas Razorbacks,92,88,0,2,333,8,44.0,44.8
2024-03-09,401597229,Auburn Tigers,Georgia Bulldogs,92,78,0,2,2,61,51.6,42.2
2024-03-09,401597231,Ole Miss Rebels,Texas A&M Aggies,60,86,0,2,145,245,39.3,50.0
2024-03-09,401597232,Mississippi State Bulldogs,South Carolina Gamecocks,89,93,0,2,344,2579,50.0,48.5
2024-03-09,401597233,Tennessee Volunteers,Kentucky Wildcats,81,85,0,2,2633,96,37.8,45.8
2024-03-09,401597234,Vanderbilt Commodores,Florida Gators,79,78,0,2,238,57,35.5,51.7
2024-03-09,401597949,San Diego State Aztecs,Boise State Broncos,77,79,0,2,21,68,44.8,43.8
2024-03-09,401598036,Texas Southern Tigers,Prairie View A&M Panthers,93,78,0,2,2640,2504,45.5,45.2
2024-03-09,401599563,St. John's Red Storm,Georgetown Hoyas,86,78,0,2,2599,46,60.4,45.8
2024-03-09,401599565,Villanova Wildcats,Creighton Bluejays,67,69,0,2,222,156,46.6,45.0
2024-03-09,401599566,Xavier Musketeers,Marquette Golden Eagles,80,86,0,2,2752,269,48.1,56.9
2024-03-09,401600112,Alabama A&M Bulldogs,Southern Jaguars,66,56,0,2,2010,2582,46.7,37.2
2024-03-09,401600130,Alabama State Hornets,Grambling Tigers,87,84,0,2,2011,2755,40.0,44.3
2024-03-09,401602174,Tulane Green Wave,Wichita State Shockers,85,75,0,2,2655,2724,50.9,40.3
2024-03-09,401602175,East Carolina Pirates,Charlotte 49ers,72,82,0,2,151,2429,53.3,55.1
2024-03-09,401602176,Florida Atlantic Owls,Memphis Tigers,92,84,0,2,2226,235,48.6,47.0
2024-03-09,401602178,Tulsa Golden Hurricane,South Florida Bulls,76,70,0,2,202,58,42.9,36.8
2024-03-09,401603518,Cincinnati Bearcats,West Virginia Mountaineers,92,56,0,2,2132,277,59.0,38.9
2024-03-09,401603519,Houston Cougars,Kansas Jayhawks,76,46,0,2,248,2305,43.8,33.3
2024-03-09,401603520,Kansas State Wildcats,Iowa State Cyclones,65,58,0,2,2306,66,40.7,43.1
2024-03-09,401603521,TCU Horned Frogs,UCF Knights,77,79,0,2,2628,2116,42.1,49.1
2024-03-09,401603522,Texas Longhorns,Oklahoma Sooners,94,80,0,2,251,201,63.5,46.7
2024-03-09,401603523,Texas Tech Red Raiders,Baylor Bears,78,68,0,2,2641,239,49.1,44.1
2024-03-09,401604232,Duke Blue Devils,North Carolina Tar Heels,79,84,0,2,150,153,43.3,50.0
2024-03-09,401604233,Florida State Seminoles,Miami Hurricanes,83,75,0,2,52,2390,40.0,47.7
2024-03-09,401604234,Louisville Cardinals,Boston College Eagles,61,67,0,2,97,103,33.3,43.1
2024-03-09,401604237,Virginia Tech Hokies,Notre Dame Fighting Irish,82,76,0,2,259,87,44.4,51.9
2024-03-09,401604238,Wake Forest Demon Deacons,Clemson Tigers,81,76,0,2,154,228,58.0,46.4
2024-03-09,401607462,Oregon State Beavers,Colorado Buffaloes,57,73,0,2,204,38,37.5,47.5
2024-03-09,401611837,Alcorn State Braves,Arkansas-Pine Bluff Golden Lions,104,95,0,2,2016,2029,52.4,43.9
2024-03-09,401625492,Oral Roberts Golden Eagles,South Dakota Coyotes,77,62,1,2,198,233,45.8,40.7
2024-03-09,401625518,Gardner-Webb Runnin' Bulldogs,Presbyterian Blue Hose,61,60,1,2,2241,2506,43.1,39.3
2024-03-09,401625519,High Point Panthers,Longwood Lancers,79,80,1,2,2272,2344,39.3,44.1
2024-03-09,401625520,UNC Asheville Bulldogs,Gardner-Webb Runnin' Bulldogs,83,72,1,2,2427,2241,48.4,40.0
2024-03-09,401625577,Little Rock Trojans,Western Illinois Leathernecks,82,57,1,2,2031,2710,53.1,29.9
2024-03-09,401625578,UT Martin Skyhawks,Morehead State Eagles,78,84,1,2,2630,2413,41.5,42.9
2024-03-09,401625581,East Tennessee State Buccaneers,VMI Keydets,98,66,1,2,2193,2678,51.6,48.2
2024-03-09,401625582,Samford Bulldogs,Mercer Bears,70,57,1,2,2535,2382,45.0,36.8
2024-03-09,401625584,UNC Greensboro Spartans,East Tennessee State Buccaneers,62,73,1,2,2430,2193,40.0,43.3
2024-03-09,401625585,Chattanooga Mocs,Wofford Terriers,75,57,1,2,236,2747,45.3,36.1
2024-03-09,401625595,App State Mountaineers,Georgia Southern Eagles,85,80,1,2,2026,290,51.7,36.6
2024-03-09,401625596,Arkansas State Red Wolves,Louisiana Ragin' Cajuns,89,62,1,2,2032,309,50.0,40.7
2024-03-09,401625597,Troy Trojans,Texas State Bobcats,68,74,1,2,2653,326,46.9,55.6
2024-03-09,401625602,UMass Lowell River Hawks,UMBC Retrievers,94,89,0,2,2349,2378,46.4,42.9
2024-03-09,401625603,New Hampshire Wildcats,Binghamton Bearcats,77,64,0,2,160,2066,44.4,50.0
2024-03-09,401625604,Bryant Bulldogs,Maine Black Bears,84,58,0,2,2803,311,58.2,32.2
2024-03-09,401625605,Vermont Catamounts,UAlbany Great Danes,75,72,0,2,261,399,43.6,46.6
2024-03-09,401625632,Central Connecticut Blue Devils,Wagner Seahawks,56,66,0,2,2115,2681,36.2,38.9
2024-03-09,401625633,Merrimack Warriors,Le Moyne Dolphins,61,51,0,2,2771,2330,42.9,34.7
2024-03-09,401625643,San Diego Toreros,Pepperdine Waves,57,52,1,2,301,2492,30.9,35.4
2024-03-09,401625644,Portland Pilots,Loyola Marymount Lions,78,70,1,2,2501,2351,48.1,47.5
2024-03-09,401625666,Drake Bulldogs,Evansville Purple Aces,79,58,1,2,2181,339,41.9,41.8
2024-03-09,401625667,Bradley Braves,UIC Flames,74,47,1,2,71,82,52.8,24.1
2024-03-09,401625668,Indiana State Sycamores,Northern Iowa Panthers,94,72,1,2,282,2460,57.4,41.0
2024-03-09,401625669,Drake Bulldogs,Bradley Braves,72,67,1,2,2181,71,37.0,44.2
2024-03-09,401630141,Monmouth Hawks,Campbell Fighting Camels,90,67,1,2,2405,2097,55.2,44.2
2024-03-09,401630142,Towson Tigers,William & Mary Tribe,67,56,1,2,119,2729,40.0,36.2
2024-03-09,401630143,Stony Brook Seawolves,Northeastern Huskies,75,65,1,2,2619,111,42.6,35.4
2024-03-10,401573576,UC Santa Barbara Gauchos,UC Riverside Highlanders,64,81,0,2,2540,27,48.9,46.9
2024-03-10,401573577,Cal State Fullerton Titans,UC Irvine Anteaters,71,81,0,2,2239,300,49.1,50.0
2024-03-10,401573578,Hawai'i Rainbow Warriors,Cal State Bakersfield Roadrunners,74,57,0,2,62,2934,49.0,40.4
2024-03-10,401573579,UC San Diego Tritons,Cal Poly Mustangs,92,87,0,2,28,13,49.2,52.5
2024-03-10,401574147,California Baptist Lancers,Grand Canyon Lopes,47,68,0,2,2856,2253,27.1,44.6
2024-03-10,401574189,UT Rio Grande Valley Vaqueros,Southern Utah Thunderbirds,59,68,0,2,292,253,43.8,45.2
2024-03-10,401597230,LSU Tigers,Missouri Tigers,84,80,0,2,99,142,45.6,47.5
2024-03-10,401597317,Nevada Wolf Pack,UNLV Rebels,75,65,0,2,2440,2439,52.2,39.0
2024-03-10,401599564,Providence Friars,UConn Huskies,60,74,0,2,2507,41,35.1,42.6
2024-03-10,401599567,Seton Hall Pirates,DePaul Blue Demons,86,62,0,2,2550,305,50.0,43.8
2024-03-10,401600427,Northwestern Wildcats,Minnesota Golden Gophers,90,66,0,2,77,135,58.6,49.1
2024-03-10,401600428,Iowa Hawkeyes,Illinois Fighting Illini,61,73,0,2,2294,356,35.4,44.4
2024-03-10,401600429,Indiana Hoosiers,Michigan State Spartans,65,64,0,2,84,127,47.4,38.5
2024-03-10,401600430,Penn State Nittany Lions,Maryland Terrapins,85,69,0,2,213,120,48.4,37.9
2024-03-10,401600431,Michigan Wolverines,Nebraska Cornhuskers,70,85,0,2,130,158,39.7,57.9
2024-03-10,401600432,Rutgers Scarlet Knights,Ohio State Buckeyes,51,73,0,2,164,194,27.3,50.0
2024-03-10,401600433,Purdue Boilermakers,Wisconsin Badgers,78,70,0,2,2509,275,49.1,43.5
2024-03-10,401600805,Utah State Aggies,New Mexico Lobos,87,85,0,2,328,167,53.6,52.3
2024-03-10,401600816,Fresno State Bulldogs,Wyoming Cowboys,47,86,0,2,278,2751,28.6,57.4
2024-03-10,401602177,Rice Owls,North Texas Mean Green,55,71,0,2,242,249,37.3,49.1
2024-03-10,401602179,UAB Blazers,SMU Mustangs,74,70,0,2,5,2567,38.9,40.9
2024-03-10,401602180,UTSA Roadrunners,Temple Owls,82,84,0,2,2636,218,45.0,47.7
2024-03-10,401603517,BYU Cougars,Oklahoma State Cowboys,85,71,0,2,252,197,50.8,44.8
2024-03-10,401604235,Pittsburgh Panthers,NC State Wolfpack,81,73,0,2,221,152,50.0,46.4
2024-03-10,401604236,Virginia Cavaliers,Georgia Tech Yellow Jackets,72,57,0,2,258,59,51.8,40.4
2024-03-10,401607444,UCLA Bruins,Arizona State Sun Devils,59,47,0,2,26,9,38.3,37.5
2024-03-10,401607446,Oregon Ducks,Utah Utes,66,65,0,2,2483,254,41.7,41.1
2024-03-10,401607475,USC Trojans,Arizona Wildcats,78,65,0,2,30,12,49.1,38.7
2024-03-10,401625493,South Dakota State Jackrabbits,Oral Roberts Golden Eagles,79,63,1,2,2571,198,55.1,37.3
2024-03-10,401625494,Kansas City Roos,Denver Pioneers,60,61,1,2,140,2172,32.3,39.3
2024-03-10,401625495,St. Thomas Tommies,North Dakota State Bison,68,58,1,2,2900,2449,51.0,50.0
2024-03-10,401625521,UNC Asheville Bulldogs,Longwood Lancers,59,85,1,2,2427,2344,38.2,59.6
2024-03-10,401625579,Little Rock Trojans,Morehead State Eagles,55,69,1,2,2031,2413,41.1,50.0
2024-03-10,401625583,Western Carolina Catamounts,Furman Paladins,76,79,1,2,2717,231,50.0,46.0
2024-03-10,401625586,Samford Bulldogs,Furman Paladins,84,77,1,2,2535,231,54.9,34.4
2024-03-10,401625587,Chattanooga Mocs,East Tennessee State Buccaneers,84,85,1,2,236,2193,45.3,32.9
2024-03-10,401625598,James Madison Dukes,Marshall Thundering Herd,81,64,1,2,256,276,44.6,39.7
2024-03-10,401625599,App State Mountaineers,Arkansas State Red Wolves,65,67,1,2,2026,2032,49.1,44.1
2024-03-10,401625609,Idaho Vandals,Sacramento State Hornets,64,72,1,2,70,16,42.9,44.0
2024-03-10,401625610,Northern Arizona Lumberjacks,Idaho State Bengals,60,68,1,2,2464,304,47.2,42.9
2024-03-10,401625611,Eastern Washington Eagles,Sacramento State Hornets,69,74,1,2,331,16,40.0,40.0
2024-03-10,401625636,SE Louisiana Lions,LSU New Orleans Privateers,66,78,1,2,2545,2443,38.6,42.1
2024-03-10,401625645,Santa Clara Broncos,San Diego Toreros,104,79,1,2,2541,301,48.4,42.9
2024-03-10,401625646,San Francisco Dons,Portland Pilots,72,51,1,2,2539,2501,52.8,32.7
2024-03-10,401625658,Stetson Hatters,Austin Peay Governors,94,91,0,2,56,2046,52.0,46.3
2024-03-10,401625670,Indiana State Sycamores,Drake Bulldogs,80,84,1,2,282,2181,52.5,51.7
2024-03-10,401625707,Boston University Terriers,Lehigh Mountain Hawks,79,84,0,2,104,2329,45.6,40.0
2024-03-10,401625708,Colgate Raiders,Bucknell Bison,68,65,0,2,2142,2083,41.8,38.2
2024-03-10,401630144,Delaware Blue Hens,Hampton Pirates,80,50,1,2,48,2261,48.3,23.4
2024-03-10,401630145,Charleston Cougars,Monmouth Hawks,83,59,1,2,232,2405,50.8,36.8
2024-03-10,401630146,UNC Wilmington Seahawks,Towson Tigers,56,66,1,2,350,119,37.7,47.6
2024-03-10,401630147,Drexel Dragons,Stony Brook Seawolves,88,91,1,2,2182,2619,41.3,50.0
2024-03-11,401625496,North Dakota Fighting Hawks,Omaha Mavericks,72,73,1,2,155,2437,49.1,50.0
2024-03-11,401625497,South Dakota State Jackrabbits,St. Thomas Tommies,59,49,1,2,2571,2900,43.8,32.7
2024-03-11,401625588,Samford Bulldogs,East Tennessee State Buccaneers,76,69,1,2,2535,2193,43.4,40.7
2024-03-11,401625600,James Madison Dukes,Texas State Bobcats,73,68,1,2,256,326,39.7,48.1
2024-03-11,401625601,James Madison Dukes,Arkansas State Red Wolves,91,71,1,2,256,2032,62.5,35.6
2024-03-11,401625612,Northern Colorado Bears,Idaho State Bengals,76,83,1,2,2458,304,46.0,46.8
2024-03-11,401625613,Weber State Wildcats,Montana State Bobcats,82,91,1,2,2692,147,49.2,55.4
2024-03-11,401625635,Northwestern State Demons,East Texas A&M Lions,64,69,1,2,2466,2837,39.4,46.9
2024-03-11,401625638,Lamar Cardinals,LSU New Orleans Privateers,71,57,1,2,2320,2443,42.9,39.6
2024-03-11,401625698,Oakland Golden Grizzlies,Cleveland State Vikings,74,71,1,2,2473,325,38.7,41.3
2024-03-11,401630148,Hofstra Pride,Delaware Blue Hens,73,58,1,2,2275,48,48.1,41.1
2024-03-11,401630149,Charleston Cougars,Towson Tigers,61,56,1,2,232,119,38.5,40.4
2024-03-12,401625400,Notre Dame Fighting Irish,Georgia Tech Yellow Jackets,84,80,1,2,87,59,53.8,47.4
2024-03-12,401625401,NC State Wolfpack,Louisville Cardinals,94,85,1,2,152,97,52.9,55.2
2024-03-12,401625402,Boston College Eagles,Miami Hurricanes,81,65,1,2,103,2390,49.2,38.0
2024-03-12,401625414,UCF Knights,Oklahoma State Cowboys,77,62,1,2,2116,197,40.3,37.1
2024-03-12,401625415,Cincinnati Bearcats,West Virginia Mountaineers,90,85,1,2,2132,277,44.6,55.4
2024-03-12,401625498,Omaha Mavericks,Denver Pioneers,63,66,1,2,2437,2172,38.5,38.1
2024-03-12,401625542,Fordham Rams,Davidson Wildcats,71,63,1,2,2230,2166,35.3,44.9
2024-03-12,401625543,La Salle Explorers,George Washington Revolutionaries,61,60,1,2,2325,45,35.8,34.7
2024-03-12,401625544,Rhode Island Rams,Saint Louis Billikens,71,74,1,2,227,139,46.3,47.5
2024-03-12,401625606,Vermont Catamounts,New Hampshire Wildcats,66,59,0,2,261,160,41.4,35.6
2024-03-12,401625607,UMass Lowell River Hawks,Bryant Bulldogs,77,70,0,2,2349,2803,41.8,46.9
2024-03-12,401625614,Montana Grizzlies,Portland State Vikings,87,81,1,2,149,2502,50.9,40.9
2024-03-12,401625618,Mount St. Mary's Mountaineers,Canisius Golden Griffins,61,77,1,2,116,2099,43.6,54.8
2024-03-12,401625634,Merrimack Warriors,Wagner Seahawks,47,54,0,2,2771,2681,29.8,44.9
2024-03-12,401625637,Nicholls Colonels,East Texas A&M Lions,72,51,1,2,2447,2837,56.0,31.6
2024-03-12,401625639,McNeese Cowboys,Lamar Cardinals,76,57,0,2,2377,2320,51.8,36.2
2024-03-12,401625647,Saint Mary's Gaels,Santa Clara Broncos,79,65,1,2,2608,2541,53.6,47.2
2024-03-12,401625648,Gonzaga Bulldogs,San Francisco Dons,89,77,1,2,2250,2539,50.8,46.0
2024-03-12,401625699,Northern Kentucky Norse,Milwaukee Panthers,75,82,1,2,94,270,39.1,45.9
2024-03-12,401625700,Oakland Golden Grizzlies,Milwaukee Panthers,83,76,1,2,2473,270,43.5,43.9
2024-03-12,401630150,Hofstra Pride,Stony Brook Seawolves,59,63,1,2,2275,2619,35.1,38.0
2024-03-12,401630151,Charleston Cougars,Stony Brook Seawolves,82,79,1,2,232,2619,43.3,43.3
2024-03-13,401625403,Virginia Tech Hokies,Florida State Seminoles,76,86,1,2,259,52,49.1,53.7
2024-03-13,401625404,Wake Forest Demon Deacons,Notre Dame Fighting Irish,72,59,1,2,154,87,45.8,28.6
2024-03-13,401625405,Syracuse Orange,NC State Wolfpack,65,83,1,2,183,152,46.6,42.4
2024-03-13,401625416,BYU Cougars,UCF Knights,87,73,1,2,252,2116,47.2,38.8
2024-03-13,401625417,TCU Horned Frogs,Oklahoma Sooners,77,70,1,2,2628,201,47.2,47.9
2024-03-13,401625418,Texas Longhorns,Kansas State Wildcats,74,78,1,2,251,2306,42.4,47.2
2024-03-13,401625447,Arkansas Razorbacks,Vanderbilt Commodores,90,85,1,2,8,238,44.6,52.4
2024-03-13,401625460,Wichita State Shockers,Rice Owls,88,81,1,2,2724,242,50.0,52.7
2024-03-13,401625461,Temple Owls,UTSA Roadrunners,64,61,1,2,218,2636,36.1,31.7
2024-03-13,401625473,Washington Huskies,USC Trojans,74,80,1,2,264,30,45.6,50.0
2024-03-13,401625474,UCLA Bruins,Oregon State Beavers,67,57,1,2,26,204,52.2,47.2
2024-03-13,401625484,Jacksonville State Gamecocks,Florida International Panthers,67,76,1,2,55,2229,49.1,53.6
2024-03-13,401625485,Sam Houston Bearkats,Florida International Panthers,78,59,1,2,2534,2229,46.2,34.0
2024-03-13,401625499,South Dakota State Jackrabbits,Denver Pioneers,76,68,1,2,2571,2172,46.4,38.2
2024-03-13,401625522,Wyoming Cowboys,Fresno State Bulldogs,73,77,1,2,2751,278,41.1,53.2
2024-03-13,401625523,Colorado State Rams,San José State Spartans,72,62,1,2,36,23,52.8,43.9
2024-03-13,401625524,New Mexico Lobos,Air Force Falcons,82,56,1,2,167,2005,47.1,40.0
2024-03-13,401625545,George Mason Patriots,Saint Joseph's Hawks,57,64,1,2,2244,2603,41.1,45.1
2024-03-13,401625546,VCU Rams,Fordham Rams,69,62,1,2,2670,2230,40.5,40.8
2024-03-13,401625547,St. Bonaventure Bonnies,La Salle Explorers,75,73,1,2,179,2325,43.1,49.1
2024-03-13,401625548,Duquesne Dukes,Saint Louis Billikens,83,73,1,2,2184,139,50.8,46.7
2024-03-13,401625556,Butler Bulldogs,Xavier Musketeers,72,76,1,2,2086,2752,45.2,46.3
2024-03-13,401625557,Providence Friars,Georgetown Hoyas,74,56,1,2,2507,46,42.9,40.7
2024-03-13,401625566,Norfolk State Spartans,Coppin State Eagles,75,51,1,2,2450,2154,47.1,38.3
2024-03-13,401625615,Montana State Bobcats,Sacramento State Hornets,74,71,1,2,147,16,49.1,40.9
2024-03-13,401625616,Montana Grizzlies,Idaho State Bengals,72,58,1,2,149,304,55.3,40.0
2024-03-13,401625619,Iona Gaels,Manhattan Jaspers,60,57,1,2,314,2363,38.2,43.5
2024-03-13,401625620,Niagara Purple Eagles,Siena Saints,67,65,1,2,315,2561,52.0,46.3
2024-03-13,401625621,Quinnipiac Bobcats,Canisius Golden Griffins,76,52,1,2,2514,2099,49.2,35.5
2024-03-13,401625640,Texas A&M-Corpus Christi Islanders,Nicholls Colonels,73,81,1,2,357,2447,41.4,48.1
2024-03-13,401625641,McNeese Cowboys,Nicholls Colonels,92,76,0,2,2377,2447,61.4,49.0
2024-03-13,401625649,Saint Mary's Gaels,Gonzaga Bulldogs,69,60,1,2,2608,2250,47.1,44.4
2024-03-13,401625672,Alcorn State Braves,Alabama A&M Bulldogs,63,75,1,2,2016,2010,37.0,41.1
2024-03-13,401625678,Maryland Terrapins,Rutgers Scarlet Knights,65,51,1,2,120,164,43.1,31.1
2024-03-13,401625709,Colgate Raiders,Lehigh Mountain Hawks,74,55,0,2,2142,2329,55.6,36.5
2024-03-14,401625406,Clemson Tigers,Boston College Eagles,55,76,1,2,228,103,35.2,43.1
2024-03-14,401625407,North Carolina Tar Heels,Florida State Seminoles,92,67,1,2,153,52,52.3,41.0
2024-03-14,401625408,Pittsburgh Panthers,Wake Forest Demon Deacons,81,69,1,2,221,154,48.1,46.0
2024-03-14,401625409,Duke Blue Devils,NC State Wolfpack,69,74,1,2,150,152,43.1,45.9
2024-03-14,401625439,Kansas Jayhawks,Cincinnati Bearcats,52,72,1,2,2305,2132,33.9,38.4
2024-03-14,401625440,Texas Tech Red Raiders,BYU Cougars,81,67,1,2,2641,252,49.1,37.3
2024-03-14,401625441,Houston Cougars,TCU Horned Frogs,60,45,1,2,248,2628,39.6,23.3
2024-03-14,401625442,Iowa State Cyclones,Kansas State Wildcats,76,57,1,2,66,2306,46.3,38.3
2024-03-14,401625448,Georgia Bulldogs,Missouri Tigers,64,59,1,2,61,142,40.0,38.3
2024-03-14,401625449,LSU Tigers,Mississippi State Bulldogs,60,70,1,2,99,344,38.0,41.8
2024-03-14,401625450,South Carolina Gamecocks,Arkansas Razorbacks,80,66,1,2,2579,8,52.5,51.9
2024-03-14,401625451,Texas A&M Aggies,Ole Miss Rebels,80,71,1,2,245,145,36.9,41.7
2024-03-14,401625462,East Carolina Pirates,Tulsa Golden Hurricane,84,79,1,2,151,202,50.0,43.4
2024-03-14,401625463,Memphis Tigers,Wichita State Shockers,65,71,1,2,235,2724,36.2,46.7
2024-03-14,401625464,North Texas Mean Green,Tulane Green Wave,81,71,1,2,249,2655,42.2,44.8
2024-03-14,401625475,California Golden Bears,Stanford Cardinal,76,87,1,2,25,24,39.4,42.6
2024-03-14,401625476,Utah Utes,Arizona State Sun Devils,90,57,1,2,254,9,59.3,31.4
2024-03-14,401625477,Arizona Wildcats,USC Trojans,70,49,1,2,12,30,45.6,35.7
2024-03-14,401625478,Oregon Ducks,UCLA Bruins,68,66,1,2,2483,26,42.9,44.0
2024-03-14,401625486,Louisiana Tech Bulldogs,Middle Tennessee Blue Raiders,67,70,1,2,2348,2393,39.7,39.6
2024-03-14,401625487,Liberty Flames,UTEP Miners,57,66,1,2,2335,2638,44.0,47.9
2024-03-14,401625500,Toledo Rockets,Kent State Golden Flashes,59,67,1,2,2649,2309,39.3,44.8
2024-03-14,401625501,Central Michigan Chippewas,Bowling Green Falcons,56,66,1,2,2117,189,37.3,36.7
2024-03-14,401625502,Akron Zips,Miami (OH) RedHawks,75,63,1,2,2006,193,47.0,42.4
2024-03-14,401625503,Ohio Bobcats,Western Michigan Broncos,82,55,1,2,195,2711,41.3,32.8
2024-03-14,401625507,Stephen F. Austin Lumberjacks,Abilene Christian Wildcats,60,57,1,2,2617,2000,40.0,41.9
2024-03-14,401625508,Utah Valley Wolverines,California Baptist Lancers,63,74,1,2,3084,2856,39.3,43.9
2024-03-14,401625525,Utah State Aggies,Fresno State Bulldogs,87,75,1,2,328,278,43.5,42.2
2024-03-14,401625526,UNLV Rebels,San Diego State Aztecs,71,74,0,2,2439,21,40.4,36.6
2024-03-14,401625532,UC Santa Barbara Gauchos,Cal State Northridge Matadors,84,87,1,2,2540,2463,38.7,46.8
2024-03-14,401625533,UC Riverside Highlanders,Cal State Bakersfield Roadrunners,83,78,1,2,27,2934,48.0,55.2
2024-03-14,401625549,Richmond Spiders,Saint Joseph's Hawks,61,66,1,2,257,2603,42.9,41.8
2024-03-14,401625550,Massachusetts Minutemen,VCU Rams,59,73,1,2,113,2670,35.2,50.0
2024-03-14,401625551,Loyola Chicago Ramblers,St. Bonaventure Bonnies,74,75,1,2,2350,179,33.3,36.7
2024-03-14,401625558,Villanova Wildcats,DePaul Blue Demons,58,57,1,2,222,305,42.3,36.7
2024-03-14,401625559,UConn Huskies,Xavier Musketeers,87,60,1,2,41,2752,58.3,34.4
2024-03-14,401625560,Seton Hall Pirates,St. John's Red Storm,72,91,0,2,2550,2599,43.1,51.6
2024-03-14,401625561,Creighton Bluejays,Providence Friars,73,78,1,2,156,2507,37.9,41.4
2024-03-14,401625567,North Carolina Central Eagles,Maryland Eastern Shore Hawks,87,81,1,2,2428,2379,44.6,50.9
2024-03-14,401625568,Howard Bison,Morgan State Bears,78,65,1,2,47,2415,44.8,46.2
2024-03-14,401625617,Montana Grizzlies,Montana State Bobcats,70,85,1,2,149,147,45.3,50.0
2024-03-14,401625622,Fairfield Stags,Iona Gaels,68,63,1,2,2217,314,43.1,43.9
2024-03-14,401625623,Marist Red Foxes,Niagara Purple Eagles,65,59,1,2,2368,315,52.3,45.8
2024-03-14,401625671,Grambling Tigers,Alabama State Hornets,56,50,1,2,2755,2011,36.7,30.4
2024-03-14,401625674,Texas Southern Tigers,Jackson State Tigers,73,62,1,2,2640,2296,46.2,32.3
2024-03-14,401625679,Penn State Nittany Lions,Michigan Wolverines,66,57,1,2,213,130,38.3,34.5
2024-03-14,401625680,Michigan State Spartans,Minnesota Golden Gophers,77,67,1,2,127,135,55.6,50.0
2024-03-14,401625681,Wisconsin Badgers,Maryland Terrapins,87,56,1,2,275,120,51.7,39.3
2024-03-14,401625682,Iowa Hawkeyes,Ohio State Buckeyes,78,90,1,2,2294,194,41.9,51.7
2024-03-15,401625410,Virginia Cavaliers,Boston College Eagles,66,60,1,2,258,103,40.3,36.4
2024-03-15,401625411,North Carolina Tar Heels,Pittsburgh Panthers,72,65,1,2,153,221,43.3,38.5
2024-03-15,401625443,Baylor Bears,Cincinnati Bearcats,68,56,1,2,239,2132,40.0,40.7
2024-03-15,401625444,Houston Cougars,Texas Tech Red Raiders,82,59,1,2,248,2641,49.2,33.3
2024-03-15,401625452,Florida Gators,Georgia Bulldogs,85,80,1,2,57,61,43.8,42.4
2024-03-15,401625453,Tennessee Volunteers,Mississippi State Bulldogs,56,73,1,2,2633,344,30.6,55.3
2024-03-15,401625454,Auburn Tigers,South Carolina Gamecocks,86,55,1,2,2,2579,49.3,28.1
2024-03-15,401625455,Kentucky Wildcats,Texas A&M Aggies,87,97,1,2,96,245,50.0,46.4
2024-03-15,401625465,SMU Mustangs,Temple Owls,60,75,1,2,2567,218,39.3,51.9
2024-03-15,401625466,South Florida Bulls,East Carolina Pirates,81,59,1,2,58,151,51.7,36.2
2024-03-15,401625467,UAB Blazers,Wichita State Shockers,72,60,1,2,5,2724,41.3,39.0
2024-03-15,401625468,Florida Atlantic Owls,North Texas Mean Green,77,71,1,2,2226,249,48.1,40.7
2024-03-15,401625479,Washington State Cougars,Stanford Cardinal,79,62,1,2,265,24,50.8,46.3
2024-03-15,401625480,Colorado Buffaloes,Utah Utes,72,58,1,2,38,254,44.4,32.8
2024-03-15,401625488,Western Kentucky Hilltoppers,New Mexico State Aggies,89,69,1,2,98,166,48.3,45.2
2024-03-15,401625489,Sam Houston Bearkats,UTEP Miners,63,65,1,2,2534,2638,41.2,43.8
2024-03-15,401625490,Western Kentucky Hilltoppers,Middle Tennessee Blue Raiders,85,54,1,2,98,2393,48.4,31.0
2024-03-15,401625504,Bowling Green Falcons,Kent State Golden Flashes,60,73,1,2,189,2309,37.7,51.0
2024-03-15,401625505,Akron Zips,Ohio Bobcats,65,62,1,2,2006,195,39.3,36.1
2024-03-15,401625509,UT Arlington Mavericks,Stephen F. Austin Lumberjacks,109,78,1,2,250,2617,58.7,45.6
2024-03-15,401625510,Seattle U Redhawks,California Baptist Lancers,81,57,1,2,2547,2856,54.4,41.8
2024-03-15,401625527,Nevada Wolf Pack,Colorado State Rams,78,85,1,2,2440,36,47.9,50.0
2024-03-15,401625528,Boise State Broncos,New Mexico Lobos,66,76,1,2,68,167,29.4,43.8
2024-03-15,401625534,Long Beach State Beach,UC Riverside Highlanders,86,67,1,2,299,27,54.5,32.8
2024-03-15,401625535,Hawai'i Rainbow Warriors,Cal State Northridge Matadors,75,68,1,2,62,2463,42.9,45.2
2024-03-15,401625552,Dayton Flyers,Duquesne Dukes,57,65,1,2,2168,2184,32.0,42.1
2024-03-15,401625562,Marquette Golden Eagles,Villanova Wildcats,71,65,1,2,269,222,39.7,34.5
2024-03-15,401625563,UConn Huskies,St. John's Red Storm,95,90,0,2,41,2599,57.4,45.1
2024-03-15,401625569,South Carolina State Bulldogs,Delaware State Hornets,58,71,1,2,2569,2169,29.8,37.3
2024-03-15,401625570,Norfolk State Spartans,Howard Bison,74,80,1,2,2450,47,49.1,53.5
2024-03-15,401625624,Rider Broncs,Saint Peter's Peacocks,48,50,1,2,2520,2612,29.3,28.8
2024-03-15,401625626,Quinnipiac Bobcats,Saint Peter's Peacocks,60,62,1,2,2514,2612,37.7,38.9
2024-03-15,401625673,Southern Jaguars,Bethune-Cookman Wildcats,58,73,1,2,2582,2065,34.7,51.1
2024-03-15,401625675,Grambling Tigers,Bethune-Cookman Wildcats,65,53,1,2,2755,2065,41.7,29.3
2024-03-15,401625683,Indiana Hoosiers,Penn State Nittany Lions,61,59,1,2,84,213,39.3,27.6
2024-03-15,401625684,Purdue Boilermakers,Michigan State Spartans,67,62,1,2,2509,127,41.5,39.3
2024-03-15,401625685,Northwestern Wildcats,Wisconsin Badgers,61,70,1,2,77,275,37.7,46.2
2024-03-15,401625686,Illinois Fighting Illini,Ohio State Buckeyes,77,74,1,2,356,194,41.9,45.5
2024-03-16,401625412,Virginia Cavaliers,NC State Wolfpack,65,73,1,2,258,152,37.9,48.3
2024-03-16,401625445,Iowa State Cyclones,Baylor Bears,76,62,1,2,66,239,45.0,39.0
2024-03-16,401625446,Houston Cougars,Iowa State Cyclones,41,69,1,2,248,66,26.8,50.0
2024-03-16,401625456,Alabama Crimson Tide,Florida Gators,88,102,1,2,333,57,46.5,50.8
2024-03-16,401625457,Auburn Tigers,Mississippi State Bulldogs,73,66,1,2,2,344,50.0,41.1
2024-03-16,401625458,Florida Gators,Texas A&M Aggies,95,90,1,2,57,245,49.1,42.4
2024-03-16,401625469,Charlotte 49ers,Temple Owls,54,58,1,2,2429,218,32.7,35.7
2024-03-16,401625470,South Florida Bulls,UAB Blazers,83,93,1,2,58,5,40.6,53.3
2024-03-16,401625471,Florida Atlantic Owls,Temple Owls,73,74,1,2,2226,218,54.2,43.1
2024-03-16,401625481,Arizona Wildcats,Oregon Ducks,59,67,1,2,12,2483,38.3,42.4
2024-03-16,401625482,Washington State Cougars,Colorado Buffaloes,52,58,1,2,265,38,42.3,43.1
2024-03-16,401625506,Akron Zips,Kent State Golden Flashes,62,61,1,2,2006,2309,39.6,37.9
2024-03-16,401625511,Tarleton State Texans,UT Arlington Mavericks,84,87,1,2,2627,250,50.0,56.1
2024-03-16,401625512,Grand Canyon Lopes,Seattle U Redhawks,80,72,1,2,2253,2547,45.5,42.1
2024-03-16,401625529,Utah State Aggies,San Diego State Aztecs,70,86,1,2,328,21,40.0,46.8
2024-03-16,401625530,New Mexico Lobos,Colorado State Rams,74,61,1,2,167,36,45.2,34.3
2024-03-16,401625531,San Diego State Aztecs,New Mexico Lobos,61,68,1,2,21,167,35.7,37.5
2024-03-16,401625536,UC Davis Aggies,Hawai'i Rainbow Warriors,68,65,1,2,302,62,44.1,45.2
2024-03-16,401625537,UC Irvine Anteaters,Long Beach State Beach,79,83,1,2,300,299,49.2,45.0
2024-03-16,401625539,Princeton Tigers,Brown Bears,81,90,1,2,163,225,41.1,55.9
2024-03-16,401625540,Yale Bulldogs,Cornell Big Red,69,57,1,2,43,172,47.3,32.8
2024-03-16,401625553,VCU Rams,Saint Joseph's Hawks,66,60,1,2,2670,2603,50.9,43.6
2024-03-16,401625554,Duquesne Dukes,St. Bonaventure Bonnies,70,60,1,2,2184,179,50.9,40.4
2024-03-16,401625564,Marquette Golden Eagles,Providence Friars,79,68,1,2,269,2507,45.6,36.4
2024-03-16,401625565,UConn Huskies,Marquette Golden Eagles,73,57,1,2,41,269,45.6,38.9
2024-03-16,401625571,North Carolina Central Eagles,Delaware State Hornets,58,71,1,2,2428,2169,34.4,44.6
2024-03-16,401625572,Howard Bison,Delaware State Hornets,70,67,1,2,47,2169,38.3,38.1
2024-03-16,401625608,Vermont Catamounts,UMass Lowell River Hawks,66,61,0,2,261,2349,35.6,39.1
2024-03-16,401625625,Fairfield Stags,Marist Red Foxes,65,61,1,2,2217,2368,39.0,42.0
2024-03-16,401625627,Fairfield Stags,Saint Peter's Peacocks,63,68,1,2,2217,2612,35.4,52.3
2024-03-16,401625676,Texas Southern Tigers,Alabama A&M Bulldogs,72,65,1,2,2640,2010,43.1,36.4
2024-03-16,401625687,Nebraska Cornhuskers,Indiana Hoosiers,93,66,1,2,158,84,50.0,35.3
2024-03-16,401625688,Purdue Boilermakers,Wisconsin Badgers,75,76,1,2,2509,275,45.1,43.2
2024-03-16,401625689,Illinois Fighting Illini,Nebraska Cornhuskers,98,87,1,2,356,158,46.4,46.4
2024-03-17,401625413,North Carolina Tar Heels,NC State Wolfpack,76,84,1,2,153,152,37.3,54.9
2024-03-17,401625459,Auburn Tigers,Florida Gators,86,67,1,2,2,57,50.8,36.4
2024-03-17,401625472,UAB Blazers,Temple Owls,85,69,1,2,5,218,49.2,41.0
2024-03-17,401625483,Colorado Buffaloes,Oregon Ducks,68,75,1,2,38,2483,41.7,45.9
2024-03-17,401625491,Western Kentucky Hilltoppers,UTEP Miners,78,71,1,2,98,2638,46.6,38.3
2024-03-17,401625513,Grand Canyon Lopes,UT Arlington Mavericks,89,74,1,2,2253,250,39.7,49.0
2024-03-17,401625538,UC Davis Aggies,Long Beach State Beach,70,74,1,2,302,299,39.1,38.6
2024-03-17,401625541,Yale Bulldogs,Brown Bears,62,61,1,2,43,225,39.1,41.8
2024-03-17,401625555,VCU Rams,Duquesne Dukes,51,57,1,2,2670,2184,36.2,29.8
2024-03-17,401625677,Grambling Tigers,Texas Southern Tigers,75,66,1,2,2755,2640,48.9,42.6
2024-03-17,401625690,Illinois Fighting Illini,Wisconsin Badgers,93,87,1,2,356,275,52.6,46.9
2024-03-19,401638579,Howard Bison,Wagner Seahawks,68,71,1,3,47,2681,38.6,52.7
2024-03-19,401641097,Ohio State Buckeyes,Cornell Big Red,88,83,0,3,194,172,42.7,49.3
2024-03-19,401641099,Georgia Bulldogs,Xavier Musketeers,78,76,0,3,61,2752,43.8,46.7
2024-03-19,401641100,Providence Friars,Boston College Eagles,57,62,0,3,2507,103,40.4,41.4
2024-03-19,401641101,LSU Tigers,North Texas Mean Green,77,84,0,3,99,249,45.0,49.2
2024-03-19,401648804,Tarleton State Texans,Texas Southern Tigers,82,71,0,3,2627,2640,46.9,42.2
2024-03-20,401638580,Virginia Cavaliers,Colorado State Rams,42,67,1,3,258,36,25.0,55.3
2024-03-20,401638581,Montana State Bobcats,Grambling Tigers,81,88,1,3,147,2755,51.7,50.0
2024-03-20,401641094,Utah Utes,UC Irvine Anteaters,84,75,0,3,254,300,55.2,41.1
2024-03-20,401641095,Iowa Hawkeyes,Kansas State Wildcats,91,82,0,3,2294,2306,48.3,47.8
2024-03-20,401641096,Butler Bulldogs,Minnesota Golden Gophers,72,73,0,3,2086,135,47.5,46.9
2024-03-20,401641098,Virginia Tech Hokies,Richmond Spiders,74,58,0,3,259,257,48.1,37.7
2024-03-20,401641102,UCF Knights,South Florida Bulls,77,83,0,3,2116,58,43.8,50.0
2024-03-20,401641105,Bradley Braves,Loyola Chicago Ramblers,74,62,0,3,71,2350,49.0,37.1
2024-03-20,401641106,Indiana State Sycamores,SMU Mustangs,101,92,0,3,282,2567,55.4,47.7
2024-03-20,401641109,Seton Hall Pirates,Saint Joseph's Hawks,75,72,0,3,2550,2603,41.5,43.5
2024-03-20,401648805,Texas A&M-Corpus Christi Islanders,Abilene Christian Wildcats,63,73,1,3,357,2000,31.8,50.9
2024-03-20,401648806,Tarleton State Texans,Abilene Christian Wildcats,86,59,0,3,2627,2000,52.3,40.0
2024-03-20,401648807,Bowling Green Falcons,Purdue Fort Wayne Mastodons,75,77,0,3,189,2870,48.3,46.9
2024-03-21,401638582,Boise State Broncos,Colorado Buffaloes,53,60,1,3,68,38,34.3,43.8
2024-03-21,401638583,Arizona Wildcats,Long Beach State Beach,85,65,1,3,12,299,41.7,33.3
2024-03-21,401638584,Dayton Flyers,Nevada Wolf Pack,63,60,1,3,2168,2440,45.7,43.1
2024-03-21,401638585,Mississippi State Bulldogs,Michigan State Spartans,51,69,1,3,344,127,37.0,50.0
2024-03-21,401638586,North Carolina Tar Heels,Wagner Seahawks,90,62,1,3,153,2681,55.0,39.7
2024-03-21,401638588,Texas Longhorns,Colorado State Rams,56,44,1,3,251,36,40.0,29.3
2024-03-21,401638589,Creighton Bluejays,Akron Zips,77,60,1,3,156,2006,56.5,37.9
2024-03-21,401638590,South Carolina Gamecocks,Oregon Ducks,73,87,1,3,2579,2483,44.6,59.6
2024-03-21,401638592,Gonzaga Bulldogs,McNeese Cowboys,86,65,1,3,2250,2377,51.7,33.3
2024-03-21,401638593,Kentucky Wildcats,Oakland Golden Grizzlies,76,80,1,3,96,2473,42.6,41.3
2024-03-21,401638595,Iowa State Cyclones,South Dakota State Jackrabbits,82,65,1,3,66,2571,57.9,43.4
2024-03-21,401638597,Illinois Fighting Illini,Morehead State Eagles,85,69,1,3,356,2413,54.2,40.0
2024-03-21,401638598,BYU Cougars,Duquesne Dukes,67,71,1,3,252,2184,38.6,46.4
2024-03-21,401641103,Villanova Wildcats,VCU Rams,61,70,0,3,222,2670,41.2,42.6
2024-03-21,401641104,Cincinnati Bearcats,San Francisco Dons,73,72,0,3,2132,2539,39.4,42.4
2024-03-21,401641107,Wake Forest Demon Deacons,App State Mountaineers,87,76,0,3,154,2026,48.3,46.3
2024-03-21,401641108,Princeton Tigers,UNLV Rebels,77,84,0,3,163,2439,45.6,60.8
2024-03-21,401648808,Austin Peay Governors,Alabama A&M Bulldogs,71,81,0,3,2046,2010,35.8,53.4
2024-03-22,401638587,Tennessee Volunteers,Saint Peter's Peacocks,83,49,1,3,2633,2612,50.9,29.1
2024-03-22,401638591,Kansas Jayhawks,Samford Bulldogs,93,89,1,3,2305,2535,60.3,41.1
2024-03-22,401638594,Texas Tech Red Raiders,NC State Wolfpack,67,80,1,3,2641,152,38.7,50.9
2024-03-22,401638596,Washington State Cougars,Drake Bulldogs,66,61,1,3,265,2181,38.2,42.4
2024-03-22,401638599,UConn Huskies,Stetson Hatters,91,52,1,3,41,56,52.9,30.9
2024-03-22,401638601,Purdue Boilermakers,Grambling Tigers,78,50,1,3,2509,2755,47.5,36.4
2024-03-22,401638602,Baylor Bears,Colgate Raiders,92,67,1,3,239,2142,57.9,45.6
2024-03-22,401638603,Clemson Tigers,New Mexico Lobos,77,56,1,3,228,167,44.4,29.7
2024-03-22,401638607,Marquette Golden Eagles,Western Kentucky Hilltoppers,87,69,1,3,269,98,47.8,40.6
2024-03-22,401638608,Florida Gators,Colorado Buffaloes,100,102,1,3,57,38,51.5,63.0
2024-03-22,401638609,Duke Blue Devils,Vermont Catamounts,64,47,1,3,150,261,42.2,38.5
2024-03-22,401638611,Nebraska Cornhuskers,Texas A&M Aggies,83,98,1,3,158,245,45.8,49.3
2024-03-22,401638612,Auburn Tigers,Yale Bulldogs,76,78,1,3,2,43,50.9,46.2
2024-03-22,401638613,San Diego State Aztecs,UAB Blazers,69,65,1,3,21,5,43.6,37.7
2024-03-22,401638614,Florida Atlantic Owls,Northwestern Wildcats,65,77,1,3,2226,77,38.6,42.0
2024-03-23,401638600,Houston Cougars,Longwood Lancers,86,46,1,3,248,2344,58.5,34.1
2024-03-23,401638604,Alabama Crimson Tide,Charleston Cougars,109,96,1,3,333,232,60.0,41.0
2024-03-23,401638605,Saint Mary's Gaels,Grand Canyon Lopes,66,75,1,3,2608,2253,38.8,42.9
2024-03-23,401638606,Utah State Aggies,TCU Horned Frogs,88,72,1,3,328,2628,55.0,35.8
2024-03-23,401638610,Wisconsin Badgers,James Madison Dukes,61,72,1,3,275,256,37.3,41.1
2024-03-23,401638616,Iowa State Cyclones,Washington State Cougars,67,56,1,3,66,265,40.4,43.1
2024-03-23,401638617,Kansas Jayhawks,Gonzaga Bulldogs,68,89,1,3,2305,2250,38.6,60.3
2024-03-23,401638620,NC State Wolfpack,Oakland Golden Grizzlies,79,73,1,3,152,2473,45.3,36.8
2024-03-23,401638621,Arizona Wildcats,Dayton Flyers,78,68,1,3,12,2168,52.8,40.7
2024-03-23,401638622,North Carolina Tar Heels,Michigan State Spartans,85,69,1,3,153,127,46.7,44.1
2024-03-23,401641081,Bethune-Cookman Wildcats,Arkansas State Red Wolves,85,86,1,3,2065,2032,48.6,52.6
2024-03-23,401641083,Chicago State Cougars,UC San Diego Tritons,77,75,1,3,2130,28,45.6,50.0
2024-03-23,401641085,Delaware State Hornets,Seattle U Redhawks,66,79,1,3,2169,2547,47.3,43.5
2024-03-23,401641111,Cincinnati Bearcats,Bradley Braves,74,57,0,3,2132,71,47.5,37.7
2024-03-23,401641112,Ohio State Buckeyes,Virginia Tech Hokies,81,73,0,3,194,259,39.3,40.6
2024-03-23,401641113,Seton Hall Pirates,North Texas Mean Green,72,58,0,3,2550,249,48.3,34.9
2024-03-23,401648809,Norfolk State Spartans,Alabama A&M Bulldogs,81,66,0,3,2450,2010,47.0,40.7
2024-03-24,401638615,Illinois Fighting Illini,Duquesne Dukes,89,63,1,3,356,2184,59.3,41.0
2024-03-24,401638618,Creighton Bluejays,Oregon Ducks,86,73,1,3,156,2483,38.7,40.3
2024-03-24,401638619,Tennessee Volunteers,Texas Longhorns,62,58,1,3,2633,251,33.8,36.4
2024-03-24,401638623,Alabama Crimson Tide,Grand Canyon Lopes,72,61,1,3,333,2253,36.9,32.1
2024-03-24,401638624,Baylor Bears,Clemson Tigers,64,72,1,3,239,228,38.9,48.9
2024-03-24,401638625,Marquette Golden Eagles,Colorado Buffaloes,81,77,1,3,269,38,61.8,47.0
2024-03-24,401638627,Duke Blue Devils,James Madison Dukes,93,55,1,3,150,256,52.4,38.0
2024-03-24,401638628,Purdue Boilermakers,Utah State Aggies,106,67,1,3,2509,328,55.9,35.9
2024-03-24,401638630,UConn Huskies,Northwestern Wildcats,75,58,1,3,41,77,53.7,37.3
2024-03-24,401641080,Cleveland State Vikings,Northern Colorado Bears,51,49,1,3,325,2458,33.9,32.8
2024-03-24,401641082,Presbyterian Blue Hose,Montana Grizzlies,79,82,1,3,2506,149,44.3,51.6
2024-03-24,401641084,Little Rock Trojans,Fairfield Stags,75,82,1,3,2031,2217,50.0,43.9
2024-03-24,401641086,Evansville Purple Aces,Quinnipiac Bobcats,64,63,1,3,339,2514,46.6,37.5
2024-03-24,401641110,Indiana State Sycamores,Minnesota Golden Gophers,76,64,0,3,282,135,48.2,44.6
2024-03-24,401641116,South Florida Bulls,VCU Rams,65,70,0,3,58,2670,41.0,43.6
2024-03-24,401641117,Wake Forest Demon Deacons,Georgia Bulldogs,66,72,0,3,154,61,39.1,43.1
2024-03-25,401638626,Houston Cougars,Texas A&M Aggies,100,95,1,3,248,245,51.5,38.7
2024-03-25,401638629,San Diego State Aztecs,Yale Bulldogs,85,57,1,3,21,43,52.7,37.0
2024-03-25,401641087,Cleveland State Vikings,High Point Panthers,74,93,1,3,325,2272,43.1,53.8
2024-03-25,401641088,Montana Grizzlies,Arkansas State Red Wolves,61,74,1,3,149,2032,46.0,39.1
2024-03-25,401641089,Chicago State Cougars,Fairfield Stags,74,77,1,3,2130,2217,46.8,57.7
2024-03-25,401641090,Evansville Purple Aces,Seattle U Redhawks,57,71,1,3,339,2547,42.3,45.1
2024-03-25,401641114,UNLV Rebels,Boston College Eagles,79,70,0,3,2439,103,49.2,43.5
2024-03-25,401641115,Utah Utes,Iowa Hawkeyes,91,82,0,3,254,2294,46.2,48.5
2024-03-25,401649396,Tarleton State Texans,Purdue Fort Wayne Mastodons,72,73,0,3,2627,2870,39.3,47.6
2024-03-26,401641091,Arkansas State Red Wolves,High Point Panthers,80,81,1,3,2032,2272,42.9,48.4
2024-03-26,401641119,Ohio State Buckeyes,Georgia Bulldogs,77,79,0,3,194,61,45.6,47.8
2024-03-27,401641092,Fairfield Stags,Seattle U Redhawks,58,75,1,3,2217,2547,37.7,50.9
2024-03-27,401641093,Seattle U Redhawks,High Point Panthers,77,67,1,3,2547,2272,41.4,37.7
2024-03-27,401641118,Indiana State Sycamores,Cincinnati Bearcats,85,81,0,3,282,2132,44.8,50.0
2024-03-27,401641121,Seton Hall Pirates,UNLV Rebels,91,68,0,3,2550,2439,56.5,44.4
2024-03-27,401651586,Norfolk State Spartans,Purdue Fort Wayne Mastodons,75,67,0,3,2450,2870,54.9,34.9
2024-03-28,401638631,Arizona Wildcats,Clemson Tigers,72,77,1,3,12,228,37.3,49.2
2024-03-28,401638633,UConn Huskies,San Diego State Aztecs,82,52,1,3,41,21,46.2,36.2
2024-03-28,401641120,Utah Utes,VCU Rams,74,54,0,3,254,2670,44.4,32.8
2024-03-29,401638632,North Carolina Tar Heels,Alabama Crimson Tide,87,89,1,3,153,333,38.5,47.8
2024-03-29,401638634,Iowa State Cyclones,Illinois Fighting Illini,69,72,1,3,66,356,39.7,42.1
2024-03-29,401638635,Purdue Boilermakers,Gonzaga Bulldogs,80,68,1,3,2509,2250,57.1,49.2
2024-03-29,401638637,Marquette Golden Eagles,NC State Wolfpack,58,67,1,3,269,152,33.3,46.4
2024-03-30,401638636,Tennessee Volunteers,Creighton Bluejays,82,75,1,3,2633,156,41.8,44.8
2024-03-30,401638638,Houston Cougars,Duke Blue Devils,51,54,1,3,248,150,40.8,40.8
2024-03-30,401638639,UConn Huskies,Illinois Fighting Illini,77,52,1,3,41,356,51.7,25.4
2024-03-31,401638640,Alabama Crimson Tide,Clemson Tigers,89,82,1,3,333,228,46.8,47.8
2024-03-31,401638641,Duke Blue Devils,NC State Wolfpack,64,76,1,3,150,152,32.2,46.7
2024-03-31,401638642,Purdue Boilermakers,Tennessee Volunteers,72,66,1,3,2509,2633,45.3,38.7
2024-04-02,401641123,Indiana State Sycamores,Utah Utes,100,90,1,3,282,254,56.9,52.3
2024-04-03,401641122,Seton Hall Pirates,Georgia Bulldogs,84,67,1,3,2550,61,47.1,38.5
2024-04-04,401641124,Seton Hall Pirates,Indiana State Sycamores,79,77,1,3,2550,282,45.2,46.7
2024-04-06,401638643,Purdue Boilermakers,NC State Wolfpack,63,50,1,3,2509,152,40.0,36.8
2024-04-07,401638644,UConn Huskies,Alabama Crimson Tide,86,72,1,3,41,333,50.0,44.8
2024-04-09,401638645,UConn Huskies,Purdue Boilermakers,75,60,1,3,41,2509,48.4,44.4
