date,id,home,away,hs,as,neutral,type,hid,aid,hfg,afg
2025-11-03,401813272,Georgetown Hoyas,Morgan State Bears,87,70,0,2,46,2415,43.1,39.7
2025-11-03,401817194,St. Bonaventure Bonnies,Bradley Braves,69,63,1,2,179,71,40.0,42.9
2025-11-03,401820577,St. John's Red Storm,Quinnipiac Bobcats,108,74,0,2,2599,2514,56.5,40.3
2025-11-03,401822757,Maryland Terrapins,Coppin State Eagles,83,61,1,2,120,2154,45.5,42.9
2025-11-03,401823374,Ohio State Buckeyes,IU Indianapolis Jaguars,118,102,0,2,194,85,63.0,50.0
2025-11-03,401823425,Buffalo Bulls,Southern Miss Golden Eagles,85,79,0,2,2084,2572,45.3,54.0
2025-11-03,401823449,Winthrop Eagles,Queens University Royals,81,74,1,2,2737,2511,38.7,42.9
2025-11-03,401823513,VMI Keydets,Johnson & Wales-Charlotte JOHNSON & WALES-CHARLOTTE,122,58,0,2,2678,3169,53.7,40.3
2025-11-03,401824867,High Point Panthers,Furman Paladins,97,71,1,2,2272,231,58.0,43.9
2025-11-03,401824943,Stonehill Skyhawks,Thomas College Terriers,100,48,0,2,284,2645,56.3,23.7
2025-11-03,401825586,Drake Bulldogs,Northern Arizona Lumberjacks,77,71,1,2,2181,2464,45.0,37.0
2025-11-03,401826859,Murray State Racers,Omaha Mavericks,85,77,1,2,93,2437,39.0,46.9
2025-11-03,401827039,Prairie View A&M Panthers,College of Biblical Studies Ambassadors,95,48,0,2,2504,128256,50.8,34.0
2025-11-03,401827274,Stony Brook Seawolves,Farmingdale State Rams,66,59,0,2,2619,3149,34.3,35.7
2025-11-03,401827511,Drexel Dragons,Widener Pride,93,59,0,2,2182,2725,48.7,36.2
2025-11-03,401827734,Eastern Michigan Eagles,Georgia State Panthers,71,49,0,2,2199,2247,42.5,29.3
2025-11-03,401828511,Lamar Cardinals,Texas A&M-San Antonio Jaguars,93,53,0,2,2320,130174,52.4,32.1
2025-11-03,401829447,Stephen F. Austin Lumberjacks,Millsaps Majors,103,76,0,2,2617,2398,48.1,45.9
2025-11-03,401830655,East Texas A&M Lions,Arlington Baptist Patriots,119,60,0,2,2837,3166,63.0,32.7
2025-11-04,401808890,TCU Horned Frogs,LSU New Orleans Privateers,74,78,0,2,2628,2443,38.8,49.1
2025-11-04,401808948,Ole Miss Rebels,SE Louisiana Lions,88,58,0,2,145,2545,51.9,34.0
2025-11-04,401809073,Bucknell Bison,Delaware Blue Hens,78,70,0,2,2083,48,45.2,39.1
2025-11-04,401809413,Miami Hurricanes,Jacksonville Dolphins,86,69,0,2,2390,294,55.1,46.6
2025-11-04,401811101,South Dakota Coyotes,Utah Tech Trailblazers,79,81,0,2,233,3101,37.9,45.2
2025-11-04,401811965,Belmont Bruins,Air Force Falcons,79,63,0,2,2057,2005,47.3,51.1
2025-11-04,401812260,Alabama Crimson Tide,North Dakota Fighting Hawks,91,62,0,2,333,155,53.4,38.7
2025-11-04,401812282,Iowa State Cyclones,Fairleigh Dickinson Knights,88,50,0,2,66,161,52.2,32.7
2025-11-04,401812350,Notre Dame Fighting Irish,Long Island University Sharks,89,67,0,2,87,112358,49.1,38.2
2025-11-04,401812379,Oklahoma Sooners,Saint Francis Red Wolves,102,66,0,2,201,2598,55.7,40.9
2025-11-04,401812625,Virginia Cavaliers,Rider Broncs,87,53,0,2,258,2520,46.9,32.7
2025-11-04,401812642,Central Connecticut Blue Devils,Vermont State Johnson Badgers,117,55,0,2,2115,126751,60.0,33.3
2025-11-04,401812659,Providence Friars,Holy Cross Crusaders,89,79,0,2,2507,107,50.0,41.5
2025-11-04,401812785,UConn Huskies,New Haven Chargers,79,55,0,2,41,2441,48.2,44.2
2025-11-04,401812916,Clemson Tigers,New Hampshire Wildcats,88,38,0,2,228,160,51.0,25.0
2025-11-04,401813319,Xavier Musketeers,Marist Red Foxes,66,62,0,2,2752,2368,34.0,47.7
2025-11-04,401813345,Dayton Flyers,Canisius Golden Griffins,88,48,0,2,2168,2099,52.9,36.0
2025-11-04,401813373,Duquesne Dukes,Niagara Purple Eagles,83,63,0,2,2184,315,56.4,41.7
2025-11-04,401813756,UCLA Bruins,Eastern Washington Eagles,80,74,0,2,26,331,47.1,53.7
2025-11-04,401817141,George Washington Revolutionaries,Maine Black Bears,67,47,0,2,45,311,45.8,31.4
2025-11-04,401817153,Loyola Chicago Ramblers,Cleveland State Vikings,91,88,0,2,2350,325,43.9,43.8
2025-11-04,401817163,Rhode Island Rams,Stetson Hatters,93,62,0,2,227,56,52.4,38.2
2025-11-04,401817182,Saint Louis Billikens,Southeast Missouri State Redhawks,92,67,0,2,139,2546,49.3,35.5
2025-11-04,401817211,Florida Atlantic Owls,Boston College Eagles,83,78,0,2,2226,103,43.3,41.8
2025-11-04,401817218,California Golden Bears,Cal State Bakersfield Roadrunners,87,60,0,2,25,2934,54.2,35.8
2025-11-04,401817239,Louisville Cardinals,South Carolina State Bulldogs,104,45,0,2,97,2569,53.2,22.8
2025-11-04,401817252,NC State Wolfpack,North Carolina Central Eagles,114,66,0,2,152,2428,57.8,43.8
2025-11-04,401817262,North Carolina Tar Heels,Central Arkansas Bears,94,54,0,2,153,2110,50.8,31.3
2025-11-04,401817441,Pittsburgh Panthers,Youngstown State Penguins,74,59,0,2,221,2754,43.4,39.3
2025-11-04,401817452,SMU Mustangs,Tarleton State Texans,96,76,0,2,2567,2627,56.0,39.2
2025-11-04,401817476,Syracuse Orange,Binghamton Bearcats,85,47,0,2,183,2066,53.0,33.3
2025-11-04,401817517,Virginia Tech Hokies,Charleston Southern Buccaneers,98,67,0,2,259,2127,46.1,32.4
2025-11-04,401817527,Wake Forest Demon Deacons,American University Eagles,88,74,0,2,154,44,47.7,43.1
2025-11-04,401819823,Baylor Bears,UT Rio Grande Valley Vaqueros,96,81,0,2,239,292,49.2,49.2
2025-11-04,401819834,BYU Cougars,Villanova Wildcats,71,66,1,2,252,222,39.4,35.8
2025-11-04,401819842,Cincinnati Bearcats,Western Carolina Catamounts,94,63,0,2,2132,2717,54.2,35.9
2025-11-04,401819860,Colorado Buffaloes,Montana State Bobcats,84,78,0,2,38,147,51.9,51.8
2025-11-04,401819882,Kansas Jayhawks,Green Bay Phoenix,94,51,0,2,2305,2739,56.9,28.6
2025-11-04,401819905,Utah Utes,San José State Spartans,84,75,0,2,254,23,50.0,46.2
2025-11-04,401820149,Presbyterian Blue Hose,Navy Midshipmen,55,76,0,2,2506,2426,38.8,49.1
2025-11-04,401820182,Loyola Maryland Greyhounds,Towson Tigers,56,67,1,2,2352,119,34.0,43.9
2025-11-04,401820209,Northwestern Wildcats,Mercyhurst Lakers,70,47,0,2,77,2385,36.5,30.0
2025-11-04,401820296,Georgia Tech Yellow Jackets,Maryland Eastern Shore Hawks,56,52,0,2,59,2379,35.0,35.7
2025-11-04,401820484,Texas A&M-Corpus Christi Islanders,Trinity (TX) Tigers,83,56,0,2,357,386,45.2,33.3
2025-11-04,401820595,Akron Zips,James Madison Dukes,85,71,0,2,2006,256,42.9,39.3
2025-11-04,401820613,Siena Saints,Bryant Bulldogs,82,66,0,2,2561,2803,46.3,42.9
2025-11-04,401820796,Charlotte 49ers,Indiana State Sycamores,92,76,0,2,2429,282,47.7,47.4
2025-11-04,401822308,Milwaukee Panthers,Hampton Pirates,90,86,0,2,270,2261,41.4,41.3
2025-11-04,401822317,Ball State Cardinals,Louisiana Ragin' Cajuns,75,64,0,2,2050,309,52.2,42.4
2025-11-04,401822339,DePaul Blue Demons,Chicago State Cougars,92,62,0,2,305,2130,50.0,37.5
2025-11-04,401822666,Saint Joseph's Hawks,Lafayette Leopards,85,76,0,2,2603,322,45.5,45.3
2025-11-04,401822728,Cal State Fullerton Titans,Caltech CALTECH,136,82,0,2,2239,110450,57.5,39.1
2025-11-04,401822734,VCU Rams,Wagner Seahawks,103,74,0,2,2670,2681,50.0,39.7
2025-11-04,401823008,Kent State Golden Flashes,Troy Trojans,97,103,0,2,2309,2653,38.0,52.4
2025-11-04,401823020,Marquette Golden Eagles,UAlbany Great Danes,80,53,0,2,269,399,41.4,28.4
2025-11-04,401823187,Penn State Nittany Lions,Fairfield Stags,76,68,0,2,213,2217,49.1,38.6
2025-11-04,401823213,Georgia Bulldogs,Bellarmine Knights,104,59,0,2,61,91,54.3,40.4
2025-11-04,401823224,Florida Gulf Coast Eagles,New College Mighty Banyans,96,60,0,2,526,128550,40.7,39.6
2025-11-04,401823255,Cal State Northridge Matadors,Nobel Knights,99,58,0,2,2463,130201,42.3,30.4
2025-11-04,401823330,Sam Houston Bearkats,LeTourneau Yellow Jackets,95,59,0,2,2534,2326,44.7,23.8
2025-11-04,401823358,Western Kentucky Hilltoppers,Tennessee Tech Golden Eagles,82,70,0,2,98,2635,41.9,44.3
2025-11-04,401823367,UIC Flames,Detroit Mercy Titans,91,71,0,2,82,2174,44.6,31.2
2025-11-04,401823381,Northern Kentucky Norse,Cincinnati Clermont Cougars,126,69,0,2,94,108799,61.8,32.9
2025-11-04,401823391,Grand Canyon Lopes,Purdue Fort Wayne Mastodons,90,71,0,2,2253,2870,56.1,42.2
2025-11-04,401823407,Wright State Raiders,Franklin Grizzlies,86,37,0,2,2750,2233,49.3,31.1
2025-11-04,401823415,Bowling Green Falcons,Texas State Bobcats,83,48,0,2,189,326,53.4,38.9
2025-11-04,401823454,Central Michigan Chippewas,App State Mountaineers,82,66,0,2,2117,2026,51.7,35.6
2025-11-04,401823460,Northern Illinois Huskies,UL Monroe Warhawks,102,82,0,2,2459,2433,55.4,51.8
2025-11-04,401823468,Toledo Rockets,South Alabama Jaguars,74,76,0,2,2649,6,47.3,55.2
2025-11-04,401823474,Auburn Tigers,Bethune-Cookman Wildcats,95,90,0,2,2,2065,45.6,50.0
2025-11-04,401823483,Tennessee Volunteers,Mercer Bears,76,61,0,2,2633,2382,49.2,29.9
2025-11-04,401823508,Washington State Cougars,Idaho Vandals,81,83,0,2,265,70,43.9,50.0
2025-11-04,401823521,Abilene Christian Wildcats,McMurry War Hawks,92,55,0,2,2000,241,49.3,28.6
2025-11-04,401823530,California Baptist Lancers,South Carolina Upstate Spartans,87,75,0,2,2856,2908,53.1,46.3
2025-11-04,401823588,UNC Wilmington Seahawks,Mount Olive Trojans,106,77,0,2,350,2418,52.1,38.0
2025-11-04,401823756,Wyoming Cowboys,Northern State Wolves,99,75,0,2,2751,425,55.1,40.3
2025-11-04,401823807,Colorado State Rams,Incarnate Word Cardinals,98,64,0,2,36,2916,60.4,39.0
2025-11-04,401823813,Boise State Broncos,Hawaiʻi Pacific Sea Warriors,78,79,0,2,68,2269,41.8,49.2
2025-11-04,401823864,UT Arlington Mavericks,UNT Dallas Trailblazers,91,40,0,2,250,126794,50.0,17.5
2025-11-04,401824031,Gonzaga Bulldogs,Texas Southern Tigers,98,43,0,2,2250,2640,53.6,25.4
2025-11-04,401824037,Loyola Marymount Lions,Lincoln (CA) Oaklanders,137,54,0,2,2351,124946,70.3,29.5
2025-11-04,401824054,Oregon State Beavers,North Dakota State Bison,67,65,0,2,204,2449,44.4,39.4
2025-11-04,401824068,Pepperdine Waves,Life Pacific Warriors,88,80,0,2,2492,109670,53.2,46.6
2025-11-04,401824087,Portland Pilots,Willamette Bearcats,120,83,0,2,2501,2930,57.6,36.0
2025-11-04,401824125,Seattle U Redhawks,Denver Pioneers,84,73,0,2,2547,2172,45.8,37.5
2025-11-04,401824356,Northeastern Huskies,Boston University Terriers,75,76,0,2,111,104,43.3,45.0
2025-11-04,401824809,Houston Cougars,Lehigh Mountain Hawks,75,57,0,2,248,2329,42.6,37.3
2025-11-04,401824823,UCF Knights,Hofstra Pride,82,78,0,2,2116,2275,46.4,41.9
2025-11-04,401824946,Vanderbilt Commodores,Lipscomb Bisons,105,61,0,2,238,288,55.9,30.4
2025-11-04,401825381,Nebraska Cornhuskers,West Georgia Wolves,86,53,0,2,158,2698,46.9,29.2
2025-11-04,401826041,UC Riverside Highlanders,La Sierra Golden Eagles,90,49,0,2,27,3167,44.7,37.5
2025-11-04,401826052,UMBC Retrievers,Penn State York Nittany Lions,74,53,0,2,2378,112706,42.9,35.0
2025-11-04,401826068,Radford Highlanders,Western Illinois Leathernecks,80,75,0,2,2515,2710,52.9,47.5
2025-11-04,401826083,Michigan Wolverines,Oakland Golden Grizzlies,121,78,0,2,130,2473,64.3,42.2
2025-11-04,401826085,UC Davis Aggies,Menlo Oaks,96,69,0,2,302,2381,48.5,42.6
2025-11-04,401826697,George Mason Patriots,Wofford Terriers,70,46,0,2,2244,2747,47.3,30.0
2025-11-04,401826724,San Francisco Dons,UC Santa Cruz Banana Slugs,98,53,0,2,2539,2662,53.6,33.9
2025-11-04,401826760,UMass Lowell River Hawks,Rivier Raiders,107,55,0,2,2349,111913,60.0,29.4
2025-11-04,401826766,Vermont Catamounts,Western New England Golden Bears,75,68,0,2,261,7933,52.2,38.9
2025-11-04,401826784,Arkansas Razorbacks,Southern Jaguars,109,77,0,2,8,2582,50.7,39.1
2025-11-04,401826792,Army Black Knights,SUNY Maritime Privateers,73,49,0,2,349,2951,39.2,26.5
2025-11-04,401826812,South Florida Bulls,Florida A&M Rattlers,102,67,0,2,58,50,46.8,37.3
2025-11-04,401826842,Tulane Green Wave,Samford Bulldogs,85,72,0,2,2655,2535,58.5,41.0
2025-11-04,401826850,UAB Blazers,Mississippi Valley State Delta Devils,106,55,0,2,5,2400,50.0,29.1
2025-11-04,401826855,Le Moyne Dolphins,SUNY Cobleskill Fighting Tigers,94,50,0,2,2330,3156,53.4,35.1
2025-11-04,401826885,Arizona Wildcats,Florida Gators,93,87,1,2,12,57,49.2,42.9
2025-11-04,401826891,Seton Hall Pirates,Saint Peter's Peacocks,77,50,0,2,2550,2612,46.7,27.5
2025-11-04,401826906,UC San Diego Tritons,La Verne Leopards,105,73,0,2,28,2318,51.6,46.8
2025-11-04,401826911,Wisconsin Badgers,Campbell Fighting Camels,96,64,0,2,275,2097,50.7,44.2
2025-11-04,401826917,Northern Colorado Bears,Colorado College Tigers,91,57,0,2,2458,2144,51.6,41.0
2025-11-04,401826930,Weber State Wildcats,West Coast Baptist Eagles,130,38,0,2,2692,110418,53.1,20.0
2025-11-04,401826967,Minnesota Golden Gophers,Gardner-Webb Runnin' Bulldogs,87,60,0,2,135,2241,54.5,33.3
2025-11-04,401826991,Longwood Lancers,Mary Baldwin Fighting Squirrels,92,55,0,2,2344,124942,53.4,36.8
2025-11-04,401827087,Grambling Tigers,Huston Tillotson Rams,91,47,0,2,2755,2281,46.3,30.9
2025-11-04,401827127,Washington Huskies,Arkansas-Pine Bluff Golden Lions,94,50,0,2,264,2029,49.2,25.4
2025-11-04,401827170,Illinois Fighting Illini,Jackson State Tigers,113,55,0,2,356,2296,54.8,30.6
2025-11-04,401827171,Alabama A&M Bulldogs,Blue Mountain Christian Toppers,80,60,0,2,2010,494,46.8,29.5
2025-11-04,401827219,Michigan State Spartans,Colgate Raiders,80,69,0,2,127,2142,41.7,47.4
2025-11-04,401827261,Massachusetts Minutemen,Marshall Thundering Herd,72,78,0,2,113,276,41.8,48.2
2025-11-04,401827439,USC Trojans,Cal Poly Mustangs,94,64,0,2,30,13,46.0,33.3
2025-11-04,401827448,Charleston Cougars,Tusculum Pioneers,79,58,0,2,232,2839,40.3,32.4
2025-11-04,401827503,William & Mary Tribe,Georgian Court Lions,110,63,0,2,2729,111179,63.6,30.1
2025-11-04,401827910,Utah State Aggies,Westminster (UT) Griffins,110,54,0,2,328,224,60.9,33.3
2025-11-04,401828274,North Texas Mean Green,New Mexico Highlands Cowboys,88,54,0,2,249,2424,54.7,34.7
2025-11-04,401828281,Tulsa Golden Hurricane,Oklahoma Christian OKLAHOMA CHRISTIAN,100,57,0,2,202,589,50.8,33.8
2025-11-04,401828287,Montana Grizzlies,Northwest Indian RedHawks,106,41,0,2,149,3218,54.4,30.2
2025-11-04,401828306,Jacksonville State Gamecocks,Oakwood Ambassadors,117,63,0,2,55,3083,49.4,33.3
2025-11-04,401828330,Houston Christian Huskies,Southern Arkansas Muleriders,74,70,0,2,2277,2568,44.1,37.3
2025-11-04,401828335,Kennesaw State Owls,Paine Lions,105,29,0,2,338,2488,53.6,16.2
2025-11-04,401828469,Liberty Flames,Kentucky Christian Knights,98,57,0,2,2335,3077,61.3,35.0
2025-11-04,401828472,UTEP Miners,UT Permian Basin Falcons,98,56,0,2,2638,3081,54.1,36.2
2025-11-04,401828553,Purdue Boilermakers,Evansville Purple Aces,82,51,0,2,2509,339,47.5,30.0
2025-11-04,401828575,Morehead State Eagles,Midway Eagles,89,84,0,2,2413,111166,60.7,56.3
2025-11-04,401828642,Davidson Wildcats,DeSales Bulldogs,97,63,0,2,2166,111949,50.8,41.2
2025-11-04,401828718,Norfolk State Spartans,Washington Adventist Shock,98,76,0,2,2450,50024,51.6,38.2
2025-11-04,401828916,Southern Illinois Salukis,McKendree Bearcats,83,42,0,2,79,2816,49.2,27.8
2025-11-04,401828922,Fresno State Bulldogs,Fresno Pacific Sunbirds,88,51,0,2,278,2235,58.9,26.7
2025-11-04,401829042,Florida International Panthers,Florida National Conquistadors,101,49,0,2,2229,107730,52.0,33.3
2025-11-04,401829048,Ohio Bobcats,Arkansas State Red Wolves,85,89,0,2,195,2032,49.2,48.2
2025-11-04,401829052,Western Michigan Broncos,Coastal Carolina Chanticleers,76,71,0,2,2711,324,44.0,41.0
2025-11-04,401829384,Tennessee State Tigers,Fisk Bulldogs,101,50,0,2,2634,2225,51.3,27.3
2025-11-04,401829423,Howard Bison,Missouri Tigers,67,88,0,2,47,142,35.5,55.7
2025-11-04,401829426,Texas A&M Aggies,Northwestern State Demons,98,68,0,2,245,2466,49.3,39.7
2025-11-04,401829429,Chattanooga Mocs,Union Commonwealth (KY) Bulldogs,92,39,0,2,236,2841,43.6,26.7
2025-11-04,401829437,The Citadel Bulldogs,Erskine Flying Fleet,105,61,0,2,2643,2215,45.6,43.4
2025-11-04,401829442,McNeese Cowboys,Champion Christian Tigers,127,65,0,2,2377,3134,52.9,36.4
2025-11-04,401829451,Kansas City Roos,Evangel Crusaders,80,74,0,2,140,2865,45.8,47.6
2025-11-04,401829471,Merrimack Warriors,South Dakota State Jackrabbits,66,75,1,2,2771,2571,32.1,42.1
2025-11-04,401829477,Saint Mary's Gaels,St. Thomas Tommies,84,58,0,2,2608,2900,50.9,47.2
2025-11-04,401829496,Miami (OH) RedHawks,Old Dominion Monarchs,87,72,0,2,193,295,50.0,47.2
2025-11-04,401830113,UC Irvine Anteaters,Bethesda Flames,125,49,0,2,300,3246,61.0,23.9
2025-11-04,401830627,Austin Peay Governors,Bryan Lions,128,47,0,2,2046,2081,56.6,30.9
2025-11-05,401812626,Rutgers Scarlet Knights,Rider Broncs,81,53,0,2,164,2520,39.1,27.7
2025-11-05,401813286,Oklahoma State Cowboys,Oral Roberts Golden Eagles,95,71,0,2,197,198,44.4,34.8
2025-11-05,401813397,West Virginia Mountaineers,Mount St. Mary's Mountaineers,70,54,0,2,277,116,43.8,39.1
2025-11-05,401817228,Duke Blue Devils,Texas Longhorns,75,60,1,2,150,251,42.3,32.2
2025-11-05,401817464,Stanford Cardinal,Portland State Vikings,89,79,0,2,24,2502,47.4,45.8
2025-11-05,401819813,Arizona State Sun Devils,Southern Utah Thunderbirds,81,64,0,2,9,253,49.2,37.1
2025-11-05,401819888,Kansas State Wildcats,UNC Greensboro Spartans,93,64,0,2,2306,2430,50.7,37.7
2025-11-05,401819898,Texas Tech Red Raiders,Lindenwood Lions,98,60,0,2,2641,2815,40.2,31.1
2025-11-05,401820395,UNLV Rebels,UT Martin Skyhawks,81,86,0,2,2439,2630,46.0,43.6
2025-11-05,401820604,Binghamton Bearcats,RIT Tigers,66,56,0,2,2066,178,43.1,39.3
2025-11-05,401820806,East Carolina Pirates,Georgia Southern Eagles,92,89,0,2,151,290,47.0,47.0
2025-11-05,401822165,Fordham Rams,NJIT Highlanders,61,72,0,2,2230,2885,34.3,47.5
2025-11-05,401822176,La Salle Explorers,Coppin State Eagles,87,59,0,2,2325,2154,49.1,35.1
2025-11-05,401822329,Valparaiso Beacons,Eastern Illinois Panthers,66,63,0,2,2674,2197,34.5,39.1
2025-11-05,401822993,Middle Tennessee Blue Raiders,Milligan Buffaloes,100,51,0,2,2393,2397,50.7,27.3
2025-11-05,401823304,San Diego State Aztecs,Long Beach State Beach,77,45,0,2,21,299,43.3,32.2
2025-11-05,401823321,Missouri State Bears,Missouri Southern State Lions,88,70,0,2,2623,2403,41.8,39.7
2025-11-05,401823398,Iowa Hawkeyes,Robert Morris Colonials,101,69,0,2,2294,2523,61.7,47.9
2025-11-05,401823553,Idaho State Bengals,Park University Gilbert Buccaneers,81,71,0,2,304,123350,44.4,50.9
2025-11-05,401823724,Sacred Heart Pioneers,Merchant Marine Mariners,103,46,0,2,2529,2383,55.3,32.0
2025-11-05,401823857,Manhattan Jaspers,St. Joseph's Brooklyn Bears,125,59,0,2,2363,2990,58.7,34.4
2025-11-05,401824110,San Diego Toreros,Occidental Tigers,88,59,0,2,301,2475,51.4,37.9
2025-11-05,401824118,Santa Clara Broncos,Cal Poly Humboldt Lumberjacks,83,53,0,2,2541,6183,47.3,32.3
2025-11-05,401824860,Monmouth Hawks,Caldwell Cougars,96,68,0,2,2405,2857,49.3,38.1
2025-11-05,401824884,East Tennessee State Buccaneers,Converse Valkyries,102,50,0,2,2193,124947,52.5,31.3
2025-11-05,401824895,Oregon Ducks,Hawai'i Rainbow Warriors,60,59,0,2,2483,62,36.2,32.3
2025-11-05,401825185,Little Rock Trojans,Arkansas Baptist Buffaloes,92,63,0,2,2031,2027,53.6,40.7
2025-11-05,401826705,Florida State Seminoles,Alcorn State Braves,108,76,0,2,52,2016,55.7,51.0
2025-11-05,401826731,App State Mountaineers,Carolina University Bruins,92,46,0,2,2026,108942,51.5,29.8
2025-11-05,401826746,Kentucky Wildcats,Nicholls Colonels,77,51,0,2,96,2447,46.8,30.2
2025-11-05,401826803,Rice Owls,College of Biblical Studies Ambassadors,109,38,0,2,242,128256,56.7,26.9
2025-11-05,401826879,Wichita State Shockers,UNC Asheville Bulldogs,75,58,0,2,2724,2427,45.6,41.1
2025-11-05,401826895,Nevada Wolf Pack,Louisiana Tech Bulldogs,77,50,0,2,2440,2348,44.6,36.0
2025-11-05,401826926,Sacramento State Hornets,Dominican (CA) Penguins,103,79,0,2,16,2957,50.8,35.5
2025-11-05,401826937,Presbyterian Blue Hose,Bluefield Ramblin' Rams,105,76,0,2,2506,495,54.8,38.3
2025-11-05,401826946,Utah Valley Wolverines,West Coast Baptist Eagles,116,35,0,2,3084,110418,56.0,17.7
2025-11-05,401827525,South Carolina Gamecocks,North Carolina A&T Aggies,91,72,0,2,2579,2448,49.2,43.3
2025-11-05,401829341,SIU Edwardsville Cougars,East West Phantoms,119,50,0,2,2565,3107,58.9,36.4
2025-11-05,401830409,UC Santa Barbara Gauchos,San Francisco State Gators,98,67,0,2,2540,22,47.1,41.9
2025-11-05,401830629,New Mexico State Aggies,Adams State Grizzlies,83,72,0,2,166,2001,40.6,34.4
2025-11-06,401811102,Creighton Bluejays,South Dakota Coyotes,92,76,0,2,156,233,50.0,41.9
2025-11-06,401812351,IU Indianapolis Jaguars,Long Island University Sharks,90,94,0,2,85,112358,43.6,59.1
2025-11-06,401813273,Morgan State Bears,Central Penn Knights,101,77,0,2,2415,3164,55.6,50.9
2025-11-06,401817172,Richmond Spiders,Southern Virginia Knights,84,56,0,2,257,2896,42.9,31.3
2025-11-06,401820183,Loyola Maryland Greyhounds,Penn State Abington Nittany Lions,96,60,0,2,2352,3183,46.5,37.1
2025-11-06,401820822,Butler Bulldogs,Southern Indiana Screaming Eagles,88,58,0,2,2086,88,46.2,29.2
2025-11-06,401823021,Marquette Golden Eagles,Southern Jaguars,100,82,0,2,269,2582,50.0,43.8
2025-11-06,401823036,Georgia Bulldogs,Maryland Eastern Shore Hawks,94,29,0,2,61,2379,40.8,20.0
2025-11-06,401823351,Mississippi State Bulldogs,North Alabama Lions,86,62,0,2,344,2453,43.7,36.9
2025-11-06,401823450,Queens University Royals,Lynchburg Hornets,87,76,0,2,2511,2355,50.0,37.7
2025-11-06,401823484,Mercer Bears,LaGrange Panthers,101,62,0,2,2382,548,43.0,35.1
2025-11-06,401823499,Loyola Marymount Lions,Eastern Washington Eagles,70,62,0,2,2351,331,42.9,40.4
2025-11-06,401823550,Cal State Bakersfield Roadrunners,Whittier Poets,83,61,0,2,2934,2850,41.6,32.8
2025-11-06,401824022,Utah Tech Trailblazers,Bethesda Flames,110,65,0,2,3101,3246,50.6,32.8
2025-11-06,401824061,Pacific Tigers,Life Pacific Warriors,83,56,0,2,279,109670,52.5,36.5
2025-11-06,401825576,Montana State Bobcats,Northwest Indian RedHawks,114,44,0,2,147,3218,64.7,41.2
2025-11-06,401826086,UC Davis Aggies,North Dakota State Bison,80,68,0,2,302,2449,56.6,36.6
2025-11-06,401826757,New Hampshire Wildcats,Curry Colonels,113,31,0,2,160,40,48.9,17.2
2025-11-06,401826767,Vermont Catamounts,Plattsburgh Cardinals,113,62,0,2,261,177,56.0,34.5
2025-11-06,401826837,Temple Owls,Delaware State Hornets,83,65,0,2,218,2169,54.4,44.4
2025-11-06,401826995,LSU Tigers,Tarleton State Texans,96,60,0,2,99,2627,71.7,32.3
2025-11-06,401827040,Prairie View A&M Panthers,Dallas Crusaders,94,53,0,2,2504,2163,54.8,40.0
2025-11-06,401827058,Fresno State Bulldogs,South Carolina Upstate Spartans,66,67,0,2,278,2908,35.5,50.0
2025-11-06,401827172,Indiana Hoosiers,Alabama A&M Bulldogs,98,51,0,2,84,2010,62.1,34.0
2025-11-06,401827212,Texas State Bobcats,Texas A&M-San Antonio Jaguars,114,55,0,2,326,130174,63.3,30.4
2025-11-06,401827517,Elon Phoenix,Belmont Abbey Crusaders,99,51,0,2,2210,2058,48.6,40.4
2025-11-06,401828288,Montana Grizzlies,Ottawa (AZ) Spirit,73,39,0,2,149,111254,44.0,23.0
2025-11-06,401828719,Norfolk State Spartans,Regent Royals,119,55,0,2,2450,111926,58.0,36.8
2025-11-06,401829411,Lafayette Leopards,Dickinson Red Devils,79,44,0,2,322,2175,40.3,27.6
2025-11-06,401829495,James Madison Dukes,Washington and Lee Generals,70,56,0,2,256,2688,42.4,39.3
2025-11-06,401830318,New Mexico Lobos,East Texas A&M Lions,76,54,0,2,167,2837,42.9,33.9
2025-11-06,401830341,Mississippi Valley State Delta Devils,Mississippi U for Women Owls,97,61,0,2,2400,126826,50.0,36.8
2025-11-06,401830411,Cal Poly Mustangs,Pacific Lutheran Lutes,101,79,0,2,13,2486,46.4,36.5
2025-11-06,401831374,UTSA Roadrunners,College of Biblical Studies Ambassadors,97,30,0,2,2636,128256,50.6,14.3
2025-11-07,401809414,Miami Hurricanes,Bethune-Cookman Wildcats,101,61,0,2,2390,2065,59.1,31.8
2025-11-07,401812250,TCU Horned Frogs,Saint Francis Red Wolves,104,63,0,2,2628,2598,52.3,39.7
2025-11-07,401812333,Xavier Musketeers,Le Moyne Dolphins,74,69,0,2,2752,2330,42.4,52.9
2025-11-07,401812599,Harvard Crimson,MIT Engineers,79,50,0,2,108,109,48.2,27.8
2025-11-07,401812643,Quinnipiac Bobcats,Central Connecticut Blue Devils,71,49,0,2,2514,2115,40.8,27.7
2025-11-07,401813253,Ohio Bobcats,Illinois State Redbirds,72,68,0,2,195,2287,50.9,43.5
2025-11-07,401813346,Canisius Golden Griffins,Allegheny Gators,84,43,0,2,2099,2018,48.5,32.0
2025-11-07,401817154,Loyola Chicago Ramblers,Mercyhurst Lakers,65,73,0,2,2350,2385,37.7,46.3
2025-11-07,401817164,Rhode Island Rams,Tulsa Golden Hurricane,65,82,1,2,227,202,45.8,51.9
2025-11-07,401817183,Saint Louis Billikens,Chicago State Cougars,108,86,0,2,139,2130,53.2,39.4
2025-11-07,401817212,Boston College Eagles,The Citadel Bulldogs,76,47,0,2,103,2643,43.5,30.2
2025-11-07,401817219,California Golden Bears,Wright State Raiders,77,67,0,2,25,2750,41.8,37.5
2025-11-07,401817240,Louisville Cardinals,Jackson State Tigers,106,70,0,2,97,2296,52.2,39.7
2025-11-07,401817453,SMU Mustangs,Texas A&M-Corpus Christi Islanders,69,58,0,2,2567,357,35.6,28.8
2025-11-07,401818367,New Haven Chargers,Columbia Lions,53,71,0,2,2441,171,31.6,55.1
2025-11-07,401819871,Iowa State Cyclones,Grambling Tigers,102,62,0,2,66,2755,54.5,42.9
2025-11-07,401819915,West Virginia Mountaineers,Campbell Fighting Camels,73,65,0,2,277,2097,40.4,35.2
2025-11-07,401820541,Northern Iowa Panthers,Cal State Northridge Matadors,86,57,0,2,2460,2463,50.8,32.7
2025-11-07,401820837,Charleston Southern Buccaneers,Toccoa Falls Eagles,106,71,0,2,2127,2648,50.7,34.7
2025-11-07,401822370,Lindenwood Lions,Health Sciences & Pharmacy Eutectics,116,51,0,2,2815,112686,61.8,35.6
2025-11-07,401822724,Maryland Terrapins,Georgetown Hoyas,60,70,0,2,120,46,25.0,39.6
2025-11-07,401823340,Jacksonville Dolphins,Trinity (FL) Tigers,132,45,0,2,294,3155,58.5,25.9
2025-11-07,401823392,Ohio State Buckeyes,Purdue Fort Wayne Mastodons,94,68,0,2,194,2870,66.7,44.1
2025-11-07,401823399,Drake Bulldogs,Robert Morris Colonials,79,81,0,2,2181,2523,36.9,47.1
2025-11-07,401823416,Bowling Green Falcons,Bethany (WV) Bison,120,65,0,2,189,2062,53.4,35.9
2025-11-07,401823426,Buffalo Bulls,Green Bay Phoenix,83,76,0,2,2084,2739,53.2,51.1
2025-11-07,401823441,Florida Gators,North Florida Ospreys,104,64,0,2,57,2454,49.4,31.1
2025-11-07,401823475,Auburn Tigers,Merrimack Warriors,95,57,0,2,2,2771,50.0,28.6
2025-11-07,401823522,Abilene Christian Wildcats,Omaha Mavericks,73,71,0,2,2000,2437,43.9,46.7
2025-11-07,401824088,Portland Pilots,Arkansas-Pine Bluff Golden Lions,83,74,0,2,2501,2029,44.1,36.8
2025-11-07,401824357,Northwestern Wildcats,Boston University Terriers,76,52,0,2,77,104,51.7,32.8
2025-11-07,401826042,North Dakota Fighting Hawks,UC Riverside Highlanders,70,74,0,2,155,27,44.1,55.8
2025-11-07,401826738,Washington Huskies,Denver Pioneers,84,70,0,2,264,2172,50.8,44.3
2025-11-07,401827003,Texas A&M Aggies,Texas Southern Tigers,104,70,0,2,245,2640,54.1,51.0
2025-11-07,401827256,Southern Miss Golden Eagles,Tougaloo Bulldogs,93,57,0,2,2572,2650,44.8,31.6
2025-11-07,401827273,Colgate Raiders,Northeastern Huskies,65,68,0,2,2142,111,40.7,39.0
2025-11-07,401827449,Liberty Flames,Charleston Cougars,90,75,0,2,2335,232,54.2,49.1
2025-11-07,401827484,Cleveland State Vikings,Capital Crusaders,71,70,0,2,325,424,44.6,40.3
2025-11-07,401827521,Hampton Pirates,Mid Atlantic Christian Mustangs,103,43,0,2,2261,108806,60.6,23.6
2025-11-07,401828275,North Texas Mean Green,Northwestern State Demons,80,53,0,2,249,2466,56.0,35.0
2025-11-07,401828301,Delaware Blue Hens,Wilmington (DE) Wildcats,62,71,0,2,48,2732,37.3,37.9
2025-11-07,401828495,Incarnate Word Cardinals,Jarvis Christian Bulldogs,104,60,0,2,2916,2299,52.0,33.9
2025-11-07,401828543,Eastern Kentucky Colonels,Midway Eagles,122,60,0,2,2198,111166,48.8,38.0
2025-11-07,401828911,Evansville Purple Aces,Calumet St. Joseph Crimson Wave,92,50,0,2,339,502,49.3,30.2
2025-11-07,401828913,Indiana State Sycamores,Illinois Tech Scarlet Hawks,104,73,0,2,282,73,55.2,48.3
2025-11-07,401829053,Western Michigan Broncos,Northwood Timberwolves,81,85,0,2,2711,2886,47.4,44.1
2025-11-07,401829342,UTSA Roadrunners,SIU Edwardsville Cougars,60,77,0,2,2636,2565,28.2,48.3
2025-11-07,401829414,Lehigh Mountain Hawks,Valley Forge Patriots,91,52,0,2,2329,110414,50.7,27.5
2025-11-07,401829472,South Dakota State Jackrabbits,Dakota State Trojans,68,62,0,2,2571,512,49.0,42.6
2025-11-07,401829497,Old Dominion Monarchs,Randolph Wildcats,93,53,0,2,295,3153,51.5,26.6
2025-11-07,401829685,South Alabama Jaguars,Alcorn State Braves,76,70,0,2,6,2016,52.8,43.6
2025-11-07,401830236,Howard Bison,District of Columbia Firebirds,103,71,0,2,47,2177,59.6,41.7
2025-11-08,401808949,Louisiana Ragin' Cajuns,SE Louisiana Lions,58,52,0,2,309,2545,52.3,33.3
2025-11-08,401809074,Mount St. Mary's Mountaineers,Bucknell Bison,62,73,0,2,116,2083,39.2,43.1
2025-11-08,401812261,St. John's Red Storm,Alabama Crimson Tide,96,103,0,2,2599,333,49.2,48.1
2025-11-08,401812283,Saint Peter's Peacocks,Fairleigh Dickinson Knights,93,83,0,2,2612,161,50.0,50.9
2025-11-08,401812573,Pennsylvania Quakers,Rowan Profs,119,72,0,2,219,2827,54.9,35.3
2025-11-08,401812786,UConn Huskies,UMass Lowell River Hawks,110,47,0,2,41,2349,60.9,21.3
2025-11-08,401812917,Clemson Tigers,Gardner-Webb Runnin' Bulldogs,97,59,0,2,228,2241,48.1,38.3
2025-11-08,401813347,St. Bonaventure Bonnies,Canisius Golden Griffins,89,70,0,2,179,2099,48.5,49.0
2025-11-08,401813374,Binghamton Bearcats,Niagara Purple Eagles,59,67,0,2,2066,315,37.5,40.7
2025-11-08,401813435,Dayton Flyers,UMBC Retrievers,77,71,0,2,2168,2378,51.0,44.8
2025-11-08,401813445,Duquesne Dukes,Sacred Heart Pioneers,92,80,0,2,2184,2529,43.9,37.5
2025-11-08,401813757,UCLA Bruins,Pepperdine Waves,74,63,0,2,26,2492,48.1,34.4
2025-11-08,401817132,Notre Dame Fighting Irish,Detroit Mercy Titans,102,70,0,2,87,2174,52.2,41.8
2025-11-08,401817142,George Washington Revolutionaries,South Florida Bulls,99,95,1,2,45,58,54.5,43.1
2025-11-08,401817173,Richmond Spiders,East Carolina Pirates,87,72,0,2,257,151,52.0,42.6
2025-11-08,401817229,Duke Blue Devils,Western Carolina Catamounts,95,54,0,2,150,2717,46.9,30.6
2025-11-08,401817253,NC State Wolfpack,UAB Blazers,94,70,0,2,152,5,54.1,40.8
2025-11-08,401817263,North Carolina Tar Heels,Kansas Jayhawks,87,74,0,2,153,2305,51.5,44.8
2025-11-08,401817442,Pittsburgh Panthers,Longwood Lancers,78,60,0,2,221,2344,42.0,31.9
2025-11-08,401817465,Stanford Cardinal,Montana Grizzlies,91,68,0,2,24,149,45.6,45.1
2025-11-08,401817477,Syracuse Orange,Delaware State Hornets,83,43,0,2,183,2169,58.2,21.5
2025-11-08,401817487,Virginia Cavaliers,North Carolina Central Eagles,81,62,0,2,258,2428,45.9,31.7
2025-11-08,401817518,Virginia Tech Hokies,Providence Friars,107,101,1,2,259,2507,50.6,44.7
2025-11-08,401817528,Wake Forest Demon Deacons,Morehead State Eagles,81,65,0,2,154,2413,40.0,34.9
2025-11-08,401818298,Navy Midshipmen,Yale Bulldogs,68,97,0,2,2426,43,44.0,50.0
2025-11-08,401818547,Brown Bears,Siena Saints,46,62,0,2,225,2561,29.3,40.4
2025-11-08,401819843,Cincinnati Bearcats,Georgia State Panthers,74,64,0,2,2132,2247,40.3,36.8
2025-11-08,401819861,Colorado Buffaloes,Eastern Washington Eagles,102,97,0,2,38,331,50.8,59.7
2025-11-08,401819899,Texas Tech Red Raiders,Sam Houston Bearkats,98,77,0,2,2641,2534,50.0,43.1
2025-11-08,401820210,Mercyhurst Lakers,Penn State New Kensington Lions,94,43,0,2,2385,126910,60.3,29.4
2025-11-08,401820550,Air Force Falcons,Austin Peay Governors,54,74,0,2,2005,2046,36.5,48.1
2025-11-08,401820596,Akron Zips,Princeton Tigers,104,69,0,2,2006,163,50.7,35.4
2025-11-08,401820614,Georgia Tech Yellow Jackets,Bryant Bulldogs,74,45,0,2,59,2803,46.0,25.0
2025-11-08,401820622,Stony Brook Seawolves,Maine Black Bears,71,60,0,2,2619,311,41.9,41.2
2025-11-08,401820797,Charlotte 49ers,Tennessee Tech Golden Eagles,70,65,0,2,2429,2635,48.9,51.1
2025-11-08,401820823,Butler Bulldogs,IU Indianapolis Jaguars,112,80,0,2,2086,85,51.3,40.0
2025-11-08,401822166,Fordham Rams,Mount St Mary Knights,106,37,0,2,2230,289,55.7,23.4
2025-11-08,401822177,La Salle Explorers,Monmouth Hawks,73,60,0,2,2325,2405,37.1,42.3
2025-11-08,401822309,Wofford Terriers,Milwaukee Panthers,86,76,0,2,2747,270,44.4,42.9
2025-11-08,401822318,Ball State Cardinals,Mansfield Mountaineers,84,54,0,2,2050,2365,50.8,37.7
2025-11-08,401822330,Kentucky Wildcats,Valparaiso Beacons,107,59,0,2,96,2674,54.4,28.4
2025-11-08,401822366,Eastern Illinois Panthers,Nicholls Colonels,65,57,0,2,2197,2447,36.5,29.5
2025-11-08,401822667,Saint Joseph's Hawks,Drexel Dragons,76,65,0,2,2603,2182,37.9,34.8
2025-11-08,401822729,Wyoming Cowboys,Cal State Fullerton Titans,92,82,0,2,2751,2239,44.6,43.6
2025-11-08,401822735,Utah State Aggies,VCU Rams,80,77,1,2,328,2670,48.3,41.7
2025-11-08,401823002,Grand Canyon Lopes,Youngstown State Penguins,81,90,0,2,2253,2754,48.5,48.2
2025-11-08,401823009,Kent State Golden Flashes,Cornell Big Red,110,102,0,2,2309,172,53.8,52.4
2025-11-08,401823037,Maryland Eastern Shore Hawks,Cheyney (PA) Wolves,104,59,0,2,2379,2129,78.8,39.6
2025-11-08,401823188,NJIT Highlanders,Fairfield Stags,53,74,0,2,2885,2217,31.7,37.9
2025-11-08,401823225,Illinois Fighting Illini,Florida Gulf Coast Eagles,113,70,0,2,356,526,55.4,32.9
2025-11-08,401823305,Fresno State Bulldogs,Long Beach State Beach,82,62,0,2,278,299,50.0,37.7
2025-11-08,401823352,North Alabama Lions,Lane College Dragons,90,84,0,2,2453,6371,48.4,50.9
2025-11-08,401823382,Tennessee Volunteers,Northern Kentucky Norse,95,56,0,2,2633,94,52.3,36.2
2025-11-08,401823461,Wisconsin Badgers,Northern Illinois Huskies,97,72,0,2,275,2459,49.2,46.8
2025-11-08,401823469,Toledo Rockets,Marshall Thundering Herd,73,85,0,2,2649,276,40.6,49.2
2025-11-08,401823509,Idaho Vandals,Whitman Blues,94,49,0,2,70,2720,55.0,24.6
2025-11-08,401823514,Southern Indiana Screaming Eagles,VMI Keydets,74,78,0,2,88,2678,36.5,38.0
2025-11-08,401823531,UC Irvine Anteaters,California Baptist Lancers,61,69,0,2,300,2856,33.9,39.4
2025-11-08,401823554,San Diego Toreros,Idaho State Bengals,68,71,0,2,301,304,42.4,43.9
2025-11-08,401823647,Iowa Hawkeyes,Western Illinois Leathernecks,77,58,0,2,2294,2710,52.0,40.4
2025-11-08,401823814,Boise State Broncos,Utah Valley Wolverines,101,77,0,2,68,3084,54.2,49.1
2025-11-08,401823865,New Mexico Lobos,UT Arlington Mavericks,74,56,0,2,167,250,40.4,35.3
2025-11-08,401824023,Arizona Wildcats,Utah Tech Trailblazers,93,67,0,2,12,3101,57.1,38.2
2025-11-08,401824055,Oregon State Beavers,UIC Flames,76,73,0,2,204,82,47.1,41.8
2025-11-08,401824119,Santa Clara Broncos,McNeese Cowboys,79,67,0,2,2541,2377,39.4,45.1
2025-11-08,401824134,Davidson Wildcats,Washington State Cougars,85,69,0,2,2166,265,57.1,40.0
2025-11-08,401824302,Iona Gaels,Hofstra Pride,81,73,0,2,314,2275,45.0,44.4
2025-11-08,401824810,Houston Cougars,Towson Tigers,65,48,0,2,248,119,41.9,38.8
2025-11-08,401824824,UCF Knights,Vanderbilt Commodores,93,105,0,2,2116,238,53.4,55.9
2025-11-08,401824854,Central Arkansas Bears,Champion Christian Tigers,110,63,0,2,2110,3134,52.5,33.8
2025-11-08,401824868,Furman Paladins,Troy Trojans,61,64,0,2,231,2653,39.3,41.1
2025-11-08,401824885,Presbyterian Blue Hose,East Tennessee State Buccaneers,68,64,0,2,2506,2193,43.8,38.2
2025-11-08,401824945,DePaul Blue Demons,Stonehill Skyhawks,72,64,0,2,305,284,37.1,40.4
2025-11-08,401825204,Stetson Hatters,Fort Lauderdale Eagles,106,77,0,2,56,123362,52.2,40.8
2025-11-08,401825382,West Georgia Wolves,Huntingdon Hawks,120,83,0,2,2698,2938,65.8,39.0
2025-11-08,401825587,Northern Arizona Lumberjacks,Justice Lions,87,55,0,2,2464,130183,52.2,33.9
2025-11-08,401826069,Radford Highlanders,West Virginia Wesleyan Bobcats,99,61,0,2,2515,455,56.3,37.1
2025-11-08,401826698,George Mason Patriots,Winthrop Eagles,96,90,0,2,2244,2737,45.8,38.8
2025-11-08,401826706,Florida State Seminoles,Alabama State Hornets,101,64,0,2,52,2011,47.3,35.4
2025-11-08,401826725,Memphis Tigers,San Francisco Dons,76,70,0,2,235,2539,39.4,40.0
2025-11-08,401826771,Charleston Cougars,Florida Atlantic Owls,77,94,1,2,232,2226,40.0,48.5
2025-11-08,401826804,Oregon Ducks,Rice Owls,67,63,0,2,2483,242,32.7,35.5
2025-11-08,401826843,Tulane Green Wave,Texas State Bobcats,79,71,0,2,2655,326,42.6,43.3
2025-11-08,401826860,Murray State Racers,Mississippi Valley State Delta Devils,108,60,0,2,93,2400,48.1,31.7
2025-11-08,401826869,Purdue Boilermakers,Oakland Golden Grizzlies,87,77,0,2,2509,2473,47.1,44.1
2025-11-08,401826892,Seton Hall Pirates,Wagner Seahawks,68,61,0,2,2550,2681,41.0,44.9
2025-11-08,401826918,Northern Colorado Bears,Colorado Christian Cougars,101,65,0,2,2458,2862,53.8,47.1
2025-11-08,401826922,Portland State Vikings,Northwest Indian RedHawks,122,74,0,2,2502,3218,61.7,44.2
2025-11-08,401826927,Sacramento State Hornets,Jessup Warriors,86,76,0,2,16,3078,45.0,41.7
2025-11-08,401826977,High Point Panthers,Averett Cougars,127,52,0,2,2272,2047,70.3,30.0
2025-11-08,401827059,South Carolina Upstate Spartans,Southern Virginia Knights,105,46,0,2,2908,2896,48.1,31.0
2025-11-08,401827233,Minnesota Golden Gophers,Alcorn State Braves,95,50,0,2,135,2016,48.3,33.9
2025-11-08,401827237,Nebraska Cornhuskers,Florida International Panthers,96,66,0,2,158,2229,55.2,39.4
2025-11-08,401827277,New Haven Chargers,Penn State Nittany Lions,43,87,0,2,2441,213,37.8,52.5
2025-11-08,401827504,Norfolk State Spartans,William & Mary Tribe,78,81,0,2,2450,2729,43.1,45.3
2025-11-08,401827518,UNC Greensboro Spartans,Elon Phoenix,90,92,0,2,2430,2210,47.6,40.0
2025-11-08,401827757,Massachusetts Minutemen,UAlbany Great Danes,83,62,0,2,113,399,46.7,37.7
2025-11-08,401828336,Florida A&M Rattlers,Kennesaw State Owls,72,92,0,2,50,338,32.8,56.1
2025-11-08,401828473,UTEP Miners,Western New Mexico Mustangs,107,70,0,2,2638,2703,58.3,36.4
2025-11-08,401828492,Ole Miss Rebels,UL Monroe Warhawks,86,65,0,2,145,2433,47.0,37.3
2025-11-08,401828917,Southern Illinois Salukis,Kansas City Roos,101,78,0,2,79,140,65.6,40.6
2025-11-08,401829277,Samford Bulldogs,South Carolina State Bulldogs,82,72,0,2,2535,2569,45.3,43.9
2025-11-08,401829324,UC Santa Barbara Gauchos,San José State Spartans,85,74,0,2,2540,23,57.7,52.0
2025-11-08,401829345,Missouri Tigers,Southeast Missouri State Redhawks,89,84,0,2,142,2546,59.3,46.0
2025-11-08,401829412,Texas Longhorns,Lafayette Leopards,97,60,0,2,251,322,52.4,40.0
2025-11-08,401829430,Saint Mary's Gaels,Chattanooga Mocs,87,66,0,2,2608,236,57.8,42.3
2025-11-08,401829448,Stephen F. Austin Lumberjacks,Arkansas State Red Wolves,90,65,0,2,2617,2032,48.6,31.5
2025-11-08,401829486,Coastal Carolina Chanticleers,Virginia Lynchburg Dragons,121,44,0,2,324,3229,53.5,18.5
2025-11-08,401829488,Georgia Southern Eagles,UNC Asheville Bulldogs,93,90,0,2,290,2427,44.6,55.0
2025-11-08,401831071,Miami (OH) RedHawks,Trinity Christian Trolls,129,49,0,2,193,2652,68.3,25.7
2025-11-08,401831377,South Alabama Jaguars,Spring Hill Badgers,99,50,0,2,6,2590,50.0,30.6
2025-11-09,401811103,South Dakota Coyotes,Ozark Christian Ambassadors,121,65,0,2,233,127162,58.7,48.9
2025-11-09,401811966,Belmont Bruins,Tennessee State Tigers,87,79,0,2,2057,2634,52.6,35.1
2025-11-09,401812574,American University Eagles,Pennsylvania Quakers,84,78,0,2,44,219,47.6,42.3
2025-11-09,401812600,Harvard Crimson,New Hampshire Wildcats,86,75,0,2,108,160,55.4,48.3
2025-11-09,401812660,BYU Cougars,Holy Cross Crusaders,98,53,0,2,252,107,61.9,35.0
2025-11-09,401813254,Illinois State Redbirds,Cornell Big Red,76,65,0,2,2287,172,47.3,35.0
2025-11-09,401813287,Oklahoma State Cowboys,Texas A&M Aggies,87,63,0,2,197,245,48.5,32.3
2025-11-09,401813320,Dartmouth Big Green,Marist Red Foxes,56,75,0,2,159,2368,34.7,47.0
2025-11-09,401818548,Brown Bears,Vermont Catamounts,84,89,0,2,225,261,44.8,41.7
2025-11-09,401819814,Arizona State Sun Devils,Utah Tech Trailblazers,81,66,0,2,9,3101,45.5,40.0
2025-11-09,401819889,Kansas State Wildcats,Bellarmine Knights,98,71,0,2,2306,91,62.3,45.9
2025-11-09,401819906,Utah Utes,Weber State Wildcats,92,89,0,2,254,2692,40.3,45.2
2025-11-09,401819916,West Virginia Mountaineers,Lehigh Mountain Hawks,69,47,0,2,277,2329,46.9,34.8
2025-11-09,401820396,UNLV Rebels,Chattanooga Mocs,101,69,0,2,2439,236,55.9,45.3
2025-11-09,401820485,Tarleton State Texans,Texas A&M-Corpus Christi Islanders,85,77,0,2,2627,357,51.1,43.1
2025-11-09,401820542,Northern Iowa Panthers,South Dakota State Jackrabbits,65,58,0,2,2460,2571,49.0,43.1
2025-11-09,401822758,James Madison Dukes,Coppin State Eagles,84,70,0,2,256,2154,45.8,38.3
2025-11-09,401822994,Middle Tennessee Blue Raiders,Webster Gorloks,109,56,0,2,2393,2693,49.4,40.4
2025-11-09,401823022,Marquette Golden Eagles,Indiana Hoosiers,77,100,1,2,269,84,37.3,50.0
2025-11-09,401823256,North Dakota Fighting Hawks,Cal State Northridge Matadors,85,93,0,2,155,2463,47.7,55.0
2025-11-09,401823322,Missouri State Bears,Northwestern (OK) Rangers,106,57,0,2,2623,2823,60.3,35.6
2025-11-09,401823393,Purdue Fort Wayne Mastodons,Dominican (IL) Dominican,137,56,0,2,2870,2936,67.5,32.8
2025-11-09,401823417,Bowling Green Falcons,Le Moyne Dolphins,83,60,0,2,189,2330,43.9,40.4
2025-11-09,401823451,Villanova Wildcats,Queens University Royals,94,74,0,2,222,2511,50.7,57.4
2025-11-09,401823455,Bradley Braves,Central Michigan Chippewas,85,54,0,2,71,2117,51.8,36.4
2025-11-09,401823485,Mercer Bears,Lipscomb Bisons,92,77,0,2,2382,288,56.9,44.8
2025-11-09,401823515,Missouri Tigers,VMI Keydets,106,68,0,2,142,2678,56.9,33.3
2025-11-09,401823539,Southern Utah Thunderbirds,UT Rio Grande Valley Vaqueros,72,95,0,2,253,292,40.0,50.0
2025-11-09,401823555,San Diego State Aztecs,Idaho State Bengals,73,57,0,2,21,304,59.2,44.4
2025-11-09,401823808,Colorado State Rams,Omaha Mavericks,97,74,0,2,36,2437,54.7,42.4
2025-11-09,401823858,USC Trojans,Manhattan Jaspers,114,83,0,2,30,2363,50.6,39.3
2025-11-09,401824032,Gonzaga Bulldogs,Oklahoma Sooners,83,68,0,2,2250,201,45.6,39.7
2025-11-09,401824038,Loyola Marymount Lions,Arkansas-Pine Bluff Golden Lions,94,72,0,2,2351,2029,48.4,43.1
2025-11-09,401824062,Nevada Wolf Pack,Pacific Tigers,78,77,0,2,2440,279,43.1,44.1
2025-11-09,401824089,Portland Pilots,UC Davis Aggies,67,63,0,2,2501,302,40.7,36.1
2025-11-09,401824126,Seattle U Redhawks,Cal Poly Mustangs,71,73,0,2,2547,13,46.0,39.7
2025-11-09,401825577,Montana State Bobcats,Denver Pioneers,73,75,0,2,147,2172,49.2,58.2
2025-11-09,401826732,App State Mountaineers,North Carolina Central Eagles,76,54,0,2,2026,2428,44.4,30.0
2025-11-09,401826772,Liberty Flames,Florida Atlantic Owls,88,68,0,2,2335,2226,55.2,40.0
2025-11-09,401826785,Michigan State Spartans,Arkansas Razorbacks,69,66,0,2,127,8,41.0,39.3
2025-11-09,401826793,St. Thomas Tommies,Army Black Knights,83,76,0,2,2900,349,50.0,43.5
2025-11-09,401826880,Wichita State Shockers,Prairie View A&M Panthers,105,62,0,2,2724,2504,52.5,32.2
2025-11-09,401826896,Louisiana Tech Bulldogs,Lyon Scots,93,35,0,2,2348,2358,56.9,25.0
2025-11-09,401826907,UC San Diego Tritons,Houston Christian Huskies,78,60,0,2,28,2277,50.0,43.6
2025-11-09,401827088,Howard Bison,Grambling Tigers,70,73,0,2,47,2755,52.1,51.0
2025-11-09,401827257,South Carolina Gamecocks,Southern Miss Golden Eagles,83,79,0,2,2579,2572,39.1,43.3
2025-11-09,401828276,Loyola Chicago Ramblers,North Texas Mean Green,62,64,1,2,2350,249,32.7,35.8
2025-11-09,401828296,Campbell Fighting Camels,Western Michigan Broncos,91,82,0,2,2097,2711,46.3,43.8
2025-11-09,401828526,Oral Roberts Golden Eagles,John Brown Golden Eagles,84,50,0,2,198,2301,41.2,27.6
2025-11-09,401828576,Georgia Bulldogs,Morehead State Eagles,120,81,0,2,61,2413,56.0,40.5
2025-11-09,401828912,Evansville Purple Aces,Oakland City Mighty Oaks,76,47,0,2,339,2474,49.1,26.7
2025-11-10,401812787,UConn Huskies,Columbia Lions,89,62,0,2,41,171,56.6,37.5
2025-11-10,401813375,Niagara Purple Eagles,Delaware State Hornets,68,57,0,2,315,2169,53.2,38.9
2025-11-10,401819824,Baylor Bears,Washington Huskies,78,69,0,2,239,264,46.4,41.2
2025-11-10,401820623,Rutgers Scarlet Knights,Maine Black Bears,72,60,0,2,164,311,46.0,47.8
2025-11-10,401823003,Youngstown State Penguins,Penn State Shenango Nittany Lions,115,53,0,2,2754,130195,,
2025-11-10,401824869,Furman Paladins,Columbia International Rams,89,59,0,2,231,3242,44.3,38.5
2025-11-10,401824896,Hawai'i Rainbow Warriors,East Texas A&M Lions,100,74,0,2,62,2837,54.9,41.5
2025-11-10,401826761,UMass Lowell River Hawks,New Haven Chargers,67,73,0,2,2349,2441,35.1,50.0
2025-11-10,401827011,Southern Jaguars,Ecclesia Royals,115,51,0,2,2582,3120,57.9,40.8
2025-11-10,401828307,Jacksonville State Gamecocks,Reinhardt Eagles,114,39,0,2,55,2890,54.7,26.0
2025-11-10,401828476,Green Bay Phoenix,Ripon Red Hawks,83,63,0,2,2739,2891,52.7,34.4
2025-11-10,401829390,UT Martin Skyhawks,Kentucky Christian Knights,97,42,0,2,2630,3077,52.2,28.3
2025-11-10,401830743,Hofstra Pride,Molloy Lions,95,61,0,2,2275,2404,50.7,38.6
2025-11-11,401808892,LSU Tigers,LSU New Orleans Privateers,93,58,0,2,99,2443,43.7,29.9
2025-11-11,401808950,Georgia Tech Yellow Jackets,SE Louisiana Lions,70,60,0,2,59,2545,45.1,33.3
2025-11-11,401809415,Miami Hurricanes,Stetson Hatters,102,61,0,2,2390,56,56.1,33.3
2025-11-11,401812251,TCU Horned Frogs,Lamar Cardinals,78,65,0,2,2628,2320,50.9,41.7
2025-11-11,401812353,Air Force Falcons,Long Island University Sharks,72,76,0,2,2005,112358,43.1,46.4
2025-11-11,401812661,Utah Utes,Holy Cross Crusaders,87,69,0,2,254,107,53.3,43.9
2025-11-11,401813274,Morgan State Bears,UMBC Retrievers,79,81,0,2,2415,2378,42.9,57.1
2025-11-11,401813758,UCLA Bruins,West Georgia Wolves,83,62,0,2,26,2698,49.1,43.1
2025-11-11,401817184,Saint Louis Billikens,Lindenwood Lions,109,66,0,2,139,2815,66.7,43.6
2025-11-11,401817220,California Golden Bears,Cal State Fullerton Titans,93,65,0,2,25,2239,41.2,39.1
2025-11-11,401817443,Pittsburgh Panthers,Eastern Michigan Eagles,78,66,0,2,221,2199,50.0,37.3
2025-11-11,401817529,Michigan Wolverines,Wake Forest Demon Deacons,85,84,1,2,130,154,45.2,34.5
2025-11-11,401819872,Iowa State Cyclones,Mississippi State Bulldogs,96,80,1,2,66,344,51.4,50.0
2025-11-11,401820150,Penn State Nittany Lions,Navy Midshipmen,80,71,0,2,213,2426,49.2,48.1
2025-11-11,401820838,The Citadel Bulldogs,Charleston Southern Buccaneers,86,96,0,2,2643,2127,50.9,50.0
2025-11-11,401822310,Milwaukee Panthers,Little Rock Trojans,92,72,0,2,270,2031,53.6,48.2
2025-11-11,401823010,Kent State Golden Flashes,UNC Wilmington Seahawks,86,77,0,2,2309,350,50.9,37.7
2025-11-11,401823189,Seton Hall Pirates,Fairfield Stags,82,59,0,2,2550,2217,40.9,32.0
2025-11-11,401823359,Eastern Kentucky Colonels,Western Kentucky Hilltoppers,79,87,0,2,2198,98,47.5,45.7
2025-11-11,401823375,IU Indianapolis Jaguars,IU Columbus Crimson Pride,121,77,0,2,85,130262,51.1,48.2
2025-11-11,401823400,Robert Morris Colonials,Geneva Golden Tornadoes,93,47,0,2,2523,2242,51.4,35.6
2025-11-11,401823462,Grand Canyon Lopes,Northern Illinois Huskies,88,59,0,2,2253,2459,49.2,34.7
2025-11-11,401823523,Abilene Christian Wildcats,Southwestern Adventist Knights,104,63,0,2,2000,2903,63.2,44.0
2025-11-11,401823559,Xavier Musketeers,Santa Clara Broncos,68,87,0,2,2752,2541,33.9,54.7
2025-11-11,401823866,UT Arlington Mavericks,Arlington Baptist Patriots,117,61,0,2,250,3166,57.1,38.3
2025-11-11,401824135,Washington State Cougars,St. Thomas Tommies,81,71,0,2,265,2900,51.9,45.3
2025-11-11,401824303,Kansas City Roos,Iona Gaels,91,105,0,2,140,314,48.6,56.9
2025-11-11,401824947,UNC Asheville Bulldogs,Lipscomb Bisons,69,64,0,2,2427,288,50.0,36.5
2025-11-11,401826733,Ohio State Buckeyes,App State Mountaineers,75,53,0,2,194,2026,40.7,35.7
2025-11-11,401826829,Tennessee Tech Golden Eagles,Virginia Lynchburg Dragons,118,58,0,2,2635,3229,58.2,26.8
2025-11-11,401826913,Northwestern Wildcats,Cleveland State Vikings,110,63,0,2,77,325,60.3,40.0
2025-11-11,401826938,Georgia State Panthers,Presbyterian Blue Hose,61,63,0,2,2247,2506,38.9,45.7
2025-11-11,401826968,Gardner-Webb Runnin' Bulldogs,North Greenville Trailblazers,81,92,0,2,2241,2822,43.8,56.1
2025-11-11,401827109,Bethune-Cookman Wildcats,Coastal Georgia Mariner,101,60,0,2,2065,3189,62.9,31.3
2025-11-11,401827495,Stony Brook Seawolves,St. Joseph's Long Island Golden Eagles,107,43,0,2,2619,3196,54.9,25.0
2025-11-11,401827526,North Carolina A&T Aggies,South Carolina State Bulldogs,85,62,0,2,2448,2569,45.2,38.2
2025-11-11,401828267,UAlbany Great Danes,SUNY Delhi Broncos,115,52,0,2,399,126848,65.7,29.4
2025-11-11,401828496,Incarnate Word Cardinals,Southwestern Christian U Eagles,109,70,0,2,2916,3238,54.5,38.5
2025-11-11,401828905,Drake Bulldogs,Simpson (IA) Storm,89,51,0,2,2181,2564,46.7,29.2
2025-11-11,401828914,SIU Edwardsville Cougars,Indiana State Sycamores,55,64,0,2,2565,282,34.4,36.7
2025-11-11,401829443,McNeese Cowboys,College of Biblical Studies Ambassadors,132,50,0,2,2377,128256,74.3,27.1
2025-11-11,401830114,UC Irvine Anteaters,Lincoln (CA) Oaklanders,130,63,0,2,300,124946,67.0,32.8
2025-11-11,401830124,UL Monroe Warhawks,Rust Bearcats,88,55,0,2,2433,2892,52.4,34.3
2025-11-12,401809075,Princeton Tigers,Bucknell Bison,73,63,0,2,163,2083,41.5,41.2
2025-11-12,401811097,Illinois Fighting Illini,Texas Tech Red Raiders,81,77,0,2,356,2641,49.2,53.1
2025-11-12,401812380,Saint Francis Red Wolves,Mount St. Mary's Mountaineers,66,74,0,2,2598,116,35.4,51.9
2025-11-12,401812575,Providence Friars,Pennsylvania Quakers,106,81,0,2,2507,219,53.7,35.7
2025-11-12,401812601,Harvard Crimson,Northeastern Huskies,60,77,0,2,108,111,37.0,45.0
2025-11-12,401812644,Boston College Eagles,Central Connecticut Blue Devils,59,60,0,2,103,2115,32.8,38.3
2025-11-12,401812918,Clemson Tigers,Morehead State Eagles,83,56,0,2,228,2413,46.8,33.9
2025-11-12,401813436,Cincinnati Bearcats,Dayton Flyers,74,62,0,2,2132,2168,46.7,32.3
2025-11-12,401813446,Duquesne Dukes,Queens University Royals,87,81,0,2,2184,2511,50.0,37.1
2025-11-12,401817165,Rhode Island Rams,Stonehill Skyhawks,80,57,0,2,227,284,48.3,32.7
2025-11-12,401817174,Richmond Spiders,William & Mary Tribe,90,86,0,2,257,2729,35.9,39.7
2025-11-12,401817230,Army Black Knights,Duke Blue Devils,59,114,0,2,349,150,30.9,56.9
2025-11-12,401817241,Louisville Cardinals,Kentucky Wildcats,96,88,0,2,97,96,44.9,47.1
2025-11-12,401817264,North Carolina Tar Heels,Radford Highlanders,89,74,0,2,153,2515,38.5,34.3
2025-11-12,401817433,Notre Dame Fighting Irish,Eastern Illinois Panthers,78,58,0,2,87,2197,48.3,38.9
2025-11-12,401817454,SMU Mustangs,Murray State Racers,102,91,0,2,2567,93,47.3,51.6
2025-11-12,401817488,Virginia Cavaliers,Hampton Pirates,91,53,0,2,258,2261,55.0,31.7
2025-11-12,401818299,Quinnipiac Bobcats,Yale Bulldogs,60,97,0,2,2514,43,39.3,59.4
2025-11-12,401819835,BYU Cougars,Delaware Blue Hens,85,68,0,2,252,48,45.5,43.1
2025-11-12,401819883,Kansas Jayhawks,Texas A&M-Corpus Christi Islanders,77,46,0,2,2305,357,54.0,32.2
2025-11-12,401820184,Loyola Maryland Greyhounds,NJIT Highlanders,64,66,0,2,2352,2885,39.7,35.7
2025-11-12,401820397,UNLV Rebels,Montana Grizzlies,93,102,0,2,2439,149,50.7,55.4
2025-11-12,401820605,Georgetown Hoyas,Binghamton Bearcats,83,70,0,2,46,2066,46.3,40.8
2025-11-12,401820798,Charlotte 49ers,Davidson Wildcats,55,62,0,2,2429,2166,35.2,46.8
2025-11-12,401820824,Butler Bulldogs,Chicago State Cougars,98,66,0,2,2086,2130,52.6,48.2
2025-11-12,401820831,Gonzaga Bulldogs,Creighton Bluejays,90,63,0,2,2250,156,52.9,36.7
2025-11-12,401822167,Fordham Rams,Wagner Seahawks,63,61,0,2,2230,2681,41.5,39.0
2025-11-12,401822178,Temple Owls,La Salle Explorers,90,63,0,2,218,2325,50.0,37.0
2025-11-12,401822319,Wisconsin Badgers,Ball State Cardinals,86,55,0,2,275,2050,50.0,34.0
2025-11-12,401823038,Nebraska Cornhuskers,Maryland Eastern Shore Hawks,69,50,0,2,158,2379,39.3,31.0
2025-11-12,401823226,Florida Gulf Coast Eagles,Georgia Southern Eagles,94,95,0,2,526,290,47.0,58.6
2025-11-12,401823257,North Dakota State Bison,Cal State Northridge Matadors,90,68,0,2,2449,2463,39.5,39.4
2025-11-12,401823323,Missouri State Bears,Arkansas State Red Wolves,85,86,0,2,2623,2032,46.4,44.6
2025-11-12,401823341,High Point Panthers,Jacksonville Dolphins,85,64,0,2,2272,294,43.5,36.7
2025-11-12,401823368,Detroit Mercy Titans,Cleary University Cougars,92,54,0,2,2174,128438,46.9,29.5
2025-11-12,401823408,Wright State Raiders,Toledo Rockets,71,81,0,2,2750,2649,55.3,56.4
2025-11-12,401823427,DePaul Blue Demons,Buffalo Bulls,53,66,0,2,305,2084,33.3,38.5
2025-11-12,401823433,North Alabama Lions,Northwestern State Demons,87,83,0,2,2453,2466,48.3,48.2
2025-11-12,401823476,Auburn Tigers,Wofford Terriers,93,62,0,2,2,2747,50.7,38.7
2025-11-12,401823516,VMI Keydets,Virginia Lynchburg Dragons,106,54,0,2,2678,3229,43.4,26.6
2025-11-12,401823540,Southern Utah Thunderbirds,Bethesda Flames,118,60,0,2,253,3246,56.8,28.0
2025-11-12,401823551,Cal State Bakersfield Roadrunners,Western Illinois Leathernecks,74,58,0,2,2934,2710,44.1,35.7
2025-11-12,401823563,Villanova Wildcats,Sacred Heart Pioneers,94,60,0,2,222,2529,54.8,41.1
2025-11-12,401823757,Wyoming Cowboys,Austin Peay Governors,79,65,0,2,2751,2046,42.9,35.6
2025-11-12,401823815,Boise State Broncos,UT Rio Grande Valley Vaqueros,85,65,0,2,68,292,49.1,47.2
2025-11-12,401824039,UTEP Miners,Loyola Marymount Lions,58,71,0,2,2638,2351,35.1,53.8
2025-11-12,401824069,Pepperdine Waves,Lincoln (CA) Oaklanders,113,76,0,2,2492,124946,60.5,43.1
2025-11-12,401824825,UCF Knights,Florida A&M Rattlers,97,60,0,2,2116,50,54.5,38.2
2025-11-12,401824935,Arkansas Razorbacks,Central Arkansas Bears,93,56,0,2,8,2110,49.2,28.4
2025-11-12,401825588,Arizona Wildcats,Northern Arizona Lumberjacks,84,49,0,2,12,2464,46.7,32.3
2025-11-12,401826043,New Mexico Lobos,UC Riverside Highlanders,82,68,0,2,167,27,52.4,41.2
2025-11-12,401826699,George Mason Patriots,Catawba Indians,86,62,0,2,2244,2107,61.0,44.8
2025-11-12,401826707,Florida Gators,Florida State Seminoles,78,76,0,2,57,52,39.1,33.8
2025-11-12,401826777,Oklahoma Sooners,Arkansas-Pine Bluff Golden Lions,95,69,0,2,201,2029,49.3,39.7
2025-11-12,401826797,Ole Miss Rebels,Memphis Tigers,83,77,0,2,145,235,51.9,46.7
2025-11-12,401826805,Rice Owls,Stephen F. Austin Lumberjacks,69,81,0,2,242,2617,35.1,49.1
2025-11-12,401826844,Louisiana Ragin' Cajuns,Tulane Green Wave,62,66,0,2,309,2655,36.2,45.7
2025-11-12,401826851,UAB Blazers,Alabama State Hornets,74,77,0,2,5,2011,41.4,43.1
2025-11-12,401826928,Sacramento State Hornets,UC Santa Barbara Gauchos,87,92,0,2,16,2540,52.5,47.6
2025-11-12,401826996,Tarleton State Texans,Merrimack Warriors,76,62,0,2,2627,2771,49.1,32.8
2025-11-12,401827066,Coastal Carolina Chanticleers,Winthrop Eagles,72,66,0,2,324,2737,45.3,39.0
2025-11-12,401827209,Troy Trojans,Pensacola Christian PENSACOLA CHRISTIAN,121,56,0,2,2653,3173,55.7,35.8
2025-11-12,401827216,Maryland Terrapins,Alcorn State Braves,84,64,0,2,120,2016,50.0,44.4
2025-11-12,401827497,Towson Tigers,Wilson WILSON,101,62,0,2,119,111914,52.0,33.3
2025-11-12,401827512,Colgate Raiders,Drexel Dragons,90,83,0,2,2142,2182,63.0,44.8
2025-11-12,401828720,Old Dominion Monarchs,Norfolk State Spartans,60,57,0,2,295,2450,41.2,37.5
2025-11-12,401828920,UIC Flames,St. Francis (IL) Fighting Saints,98,55,0,2,82,2595,65.1,42.9
2025-11-12,401829049,Saint Mary's Gaels,Ohio Bobcats,90,60,0,2,2608,195,50.0,37.5
2025-11-12,401829385,Tennessee State Tigers,Oakwood Ambassadors,114,76,0,2,2634,3083,56.9,42.0
2025-11-12,401829455,North Dakota Fighting Hawks,Mayville State Comets,128,58,0,2,155,561,60.0,39.3
2025-11-12,401830630,New Mexico State Aggies,New Mexico Highlands Cowboys,74,58,0,2,166,2424,51.0,42.2
2025-11-13,401811104,South Dakota Coyotes,Southern Indiana Screaming Eagles,89,74,0,2,233,88,43.9,33.9
2025-11-13,401812284,Texas Longhorns,Fairleigh Dickinson Knights,93,58,0,2,251,161,52.3,31.3
2025-11-13,401813288,Oklahoma State Cowboys,Prairie View A&M Panthers,94,67,0,2,197,2504,45.2,39.1
2025-11-13,401813321,Marist Red Foxes,Vassar Brewers,93,61,0,2,2368,185,54.5,39.1
2025-11-13,401813348,Canisius Golden Griffins,Mercyhurst Lakers,58,55,0,2,2099,2385,48.8,41.5
2025-11-13,401817143,George Washington Revolutionaries,American University Eagles,107,67,0,2,45,44,55.9,45.2
2025-11-13,401817195,St. Bonaventure Bonnies,Siena Saints,75,66,0,2,179,2561,52.5,39.6
2025-11-13,401817254,NC State Wolfpack,UNC Greensboro Spartans,110,64,0,2,152,2430,55.9,31.9
2025-11-13,401817444,West Virginia Mountaineers,Pittsburgh Panthers,71,49,0,2,277,221,42.9,37.7
2025-11-13,401817466,Stanford Cardinal,Montana State Bobcats,77,68,0,2,24,147,45.2,46.6
2025-11-13,401817519,Virginia Tech Hokies,Saint Joseph's Hawks,94,59,0,2,259,2603,52.1,37.3
2025-11-13,401818549,Boston University Terriers,Brown Bears,90,77,0,2,104,225,58.8,47.2
2025-11-13,401820597,Akron Zips,Penn State Shenango Nittany Lions,109,51,0,2,2006,130195,50.0,27.1
2025-11-13,401820615,Bryant Bulldogs,Dartmouth Big Green,82,75,0,2,2803,159,44.3,41.5
2025-11-13,401822311,Indiana Hoosiers,Milwaukee Panthers,101,70,0,2,84,270,56.7,46.8
2025-11-13,401822331,Valparaiso Beacons,Nicholls Colonels,68,63,0,2,2674,2447,41.5,43.1
2025-11-13,401822736,VCU Rams,Saint Peter's Peacocks,78,61,0,2,2670,2612,44.9,31.1
2025-11-13,401822759,South Florida Bulls,Coppin State Eagles,100,50,0,2,58,2154,52.2,30.8
2025-11-13,401822995,Evansville Purple Aces,Middle Tennessee Blue Raiders,72,77,0,2,339,2393,48.1,49.2
2025-11-13,401823023,Marquette Golden Eagles,Little Rock Trojans,89,49,0,2,269,2031,52.3,34.6
2025-11-13,401823214,Bellarmine Knights,Hanover Panthers,94,55,0,2,91,2262,57.4,32.8
2025-11-13,401823306,Pacific Tigers,Long Beach State Beach,69,66,0,2,279,299,42.3,41.1
2025-11-13,401823394,Western Michigan Broncos,Purdue Fort Wayne Mastodons,83,71,0,2,2711,2870,43.8,34.7
2025-11-13,401823442,Tennessee Volunteers,North Florida Ospreys,99,66,0,2,2633,2454,52.1,38.5
2025-11-13,401823500,Seattle U Redhawks,Eastern Washington Eagles,94,67,0,2,2547,331,64.9,43.1
2025-11-13,401823510,San Diego Toreros,Idaho Vandals,78,74,0,2,301,70,51.8,40.7
2025-11-13,401823809,Colorado State Rams,Cal Poly Mustangs,93,79,0,2,36,13,48.3,42.9
2025-11-13,401824056,Oregon State Beavers,North Texas Mean Green,66,64,0,2,204,249,37.0,42.6
2025-11-13,401824811,Houston Cougars,Oakland Golden Grizzlies,78,45,0,2,248,2473,45.1,31.4
2025-11-13,401824848,Hawai'i Rainbow Warriors,Mississippi Valley State Delta Devils,88,56,0,2,62,2400,50.0,33.9
2025-11-13,401824886,East Tennessee State Buccaneers,Northern Kentucky Norse,75,63,0,2,2193,94,59.1,36.5
2025-11-13,401826726,San Francisco Dons,Portland State Vikings,80,70,0,2,2539,2502,44.1,39.4
2025-11-13,401826758,New Hampshire Wildcats,Emmanuel (MA) Lions,97,69,0,2,160,2211,51.7,48.1
2025-11-13,401826908,Fresno State Bulldogs,UC San Diego Tritons,73,78,0,2,278,28,42.4,50.0
2025-11-13,401826931,Utah State Aggies,Weber State Wildcats,83,73,0,2,328,2692,45.3,38.6
2025-11-13,401826939,South Carolina Gamecocks,Presbyterian Blue Hose,81,61,0,2,2579,2506,42.1,42.4
2025-11-13,401826947,Utah Valley Wolverines,Westminster (UT) Griffins,91,60,0,2,3084,224,59.3,30.9
2025-11-13,401826992,Longwood Lancers,James Madison Dukes,82,72,0,2,2344,256,37.5,46.6
2025-11-13,401827004,Texas Southern Tigers,Samford Bulldogs,90,93,0,2,2640,2535,50.8,45.6
2025-11-13,401827060,South Carolina Upstate Spartans,Bob Jones Bruins,114,53,0,2,2908,3243,61.8,33.9
2025-11-13,401827213,Texas State Bobcats,UTSA Roadrunners,80,69,0,2,326,2636,41.8,39.0
2025-11-13,401827220,Michigan State Spartans,San José State Spartans,79,60,0,2,127,23,48.3,35.7
2025-11-13,401827234,Missouri Tigers,Minnesota Golden Gophers,83,60,0,2,142,135,59.2,42.6
2025-11-13,401827262,Marshall Thundering Herd,Elon Phoenix,96,89,0,2,276,2210,54.1,44.3
2025-11-13,401827265,Oregon Ducks,South Dakota State Jackrabbits,83,69,0,2,2483,2571,45.2,44.1
2025-11-13,401828282,Oral Roberts Golden Eagles,Tulsa Golden Hurricane,87,88,0,2,198,202,50.0,45.5
2025-11-13,401828337,Kennesaw State Owls,Point Skyhawks,111,60,0,2,338,2932,51.9,29.3
2025-11-13,401828544,Vanderbilt Commodores,Eastern Kentucky Colonels,92,62,0,2,238,2198,52.2,33.3
2025-11-13,401828734,North Carolina Central Eagles,Bluefield State Big Blue,77,61,0,2,2428,2073,45.0,46.8
2025-11-13,401828753,Bradley Braves,UT Martin Skyhawks,67,78,0,2,71,2630,33.3,56.0
2025-11-13,401828918,Nevada Wolf Pack,Southern Illinois Salukis,86,81,0,2,2440,79,34.6,43.9
2025-11-13,401829346,Southeast Missouri State Redhawks,Webster Gorloks,87,41,0,2,2546,2693,51.6,27.1
2025-11-13,401829413,Lafayette Leopards,Cornell Big Red,78,97,0,2,322,172,44.4,52.2
2025-11-13,401829461,North Dakota State Bison,St. Scholastica Saints,111,38,0,2,2449,375,63.2,25.0
2025-11-13,401830348,Utah Tech Trailblazers,Manhattan Jaspers,75,79,1,2,3101,2363,42.6,50.0
2025-11-13,401830421,UNC Asheville Bulldogs,Bryan Lions,92,54,0,2,2427,2081,47.7,45.7
2025-11-13,401831227,South Alabama Jaguars,Central Michigan Chippewas,66,64,1,2,6,2117,41.8,34.4
2025-11-14,401812262,Alabama Crimson Tide,Purdue Boilermakers,80,87,0,2,333,2509,42.4,47.0
2025-11-14,401817155,Wichita State Shockers,Loyola Chicago Ramblers,95,74,0,2,2724,2350,48.5,42.1
2025-11-14,401817221,Kansas State Wildcats,California Golden Bears,99,96,0,2,2306,25,64.4,56.5
2025-11-14,401818368,Columbia Lions,UMass Lowell River Hawks,86,72,0,2,171,2349,47.6,47.5
2025-11-14,401820151,Navy Midshipmen,Washington Maryland Shoremen,97,64,0,2,2426,2689,59.6,40.7
2025-11-14,401820807,East Carolina Pirates,Elizabeth City State Vikings,71,70,0,2,151,2207,42.9,38.5
2025-11-14,401820839,Alabama A&M Bulldogs,Charleston Southern Buccaneers,68,64,0,2,2010,2127,38.8,41.8
2025-11-14,401820840,Charleston Southern Buccaneers,Lindenwood Lions,77,83,1,2,2127,2815,43.1,43.8
2025-11-14,401822760,Coppin State Eagles,Central Michigan Chippewas,59,82,1,2,2154,2117,33.9,47.8
2025-11-14,401823376,Eastern Michigan Eagles,IU Indianapolis Jaguars,83,90,0,2,2199,85,41.1,54.7
2025-11-14,401823401,Robert Morris Colonials,Pittsburgh-Greensburg GREENSBURG,81,57,0,2,2523,126821,48.6,35.2
2025-11-14,401823463,Northern Illinois Huskies,Benedictine (IL) Eagles,117,62,0,2,2459,5345,58.7,35.9
2025-11-14,401824861,Seton Hall Pirates,Monmouth Hawks,70,58,0,2,2550,2405,33.9,37.2
2025-11-14,401826750,Western Carolina Catamounts,Voorhees Tigers,95,44,0,2,2717,2679,52.2,29.3
2025-11-14,401826830,Tennessee Tech Golden Eagles,Berea Mountaineers,86,64,0,2,2635,2061,44.4,37.7
2025-11-14,401826856,Massachusetts Minutemen,Le Moyne Dolphins,94,80,0,2,113,2330,51.5,42.6
2025-11-14,401826862,Princeton Tigers,John Jay Bloodhounds,100,59,0,2,163,212,50.0,33.3
2025-11-14,401827089,Grambling Tigers,Southern Miss Golden Eagles,75,70,0,2,2755,2572,54.0,38.1
2025-11-14,401827433,Rutgers Scarlet Knights,Lehigh Mountain Hawks,84,72,0,2,164,2329,50.8,42.6
2025-11-14,401827527,North Carolina A&T Aggies,Washington Adventist Shock,89,83,0,2,2448,50024,50.0,44.4
2025-11-14,401828297,Campbell Fighting Camels,Mid Atlantic Christian Mustangs,108,55,0,2,2097,108806,53.8,38.8
2025-11-14,401828331,Houston Christian Huskies,UL Monroe Warhawks,72,61,0,2,2277,2433,43.8,42.1
2025-11-14,401828477,St. Thomas Tommies,Green Bay Phoenix,80,61,0,2,2900,2739,50.0,42.9
2025-11-14,401829043,LSU Tigers,Florida International Panthers,98,81,0,2,99,2229,53.3,42.3
2025-11-14,401829445,Northwestern State Demons,Ecclesia Royals,95,75,0,2,2466,3120,50.7,49.2
2025-11-14,401829489,Georgia Southern Eagles,Johnson C. Smith Golden Bulls,98,79,0,2,290,2304,51.5,42.5
2025-11-14,401829493,Georgia State Panthers,Fort Valley State Wildcats,90,56,0,2,2247,2232,42.0,27.1
2025-11-14,401829686,Howard Bison,Alcorn State Braves,72,64,0,2,47,2016,57.1,41.4
2025-11-15,401808893,Tulane Green Wave,LSU New Orleans Privateers,63,85,0,2,2655,2443,34.6,54.2
2025-11-15,401808951,Mississippi State Bulldogs,SE Louisiana Lions,75,68,0,2,344,2545,45.5,36.4
2025-11-15,401809076,Bucknell Bison,Hofstra Pride,77,83,0,2,2083,2275,42.4,45.6
2025-11-15,401812252,TCU Horned Frogs,Michigan Wolverines,63,67,0,2,2628,130,37.1,43.4
2025-11-15,401812285,NJIT Highlanders,Fairleigh Dickinson Knights,93,81,0,2,2885,161,60.9,35.6
2025-11-15,401812602,Army Black Knights,Harvard Crimson,52,75,0,2,349,108,37.7,52.1
2025-11-15,401812919,Georgetown Hoyas,Clemson Tigers,79,74,0,2,46,228,45.3,41.0
2025-11-15,401813255,USC Trojans,Illinois State Redbirds,87,67,1,2,30,2287,50.9,34.3
2025-11-15,401813275,Mercyhurst Lakers,Morgan State Bears,86,72,0,2,2385,2415,52.6,37.3
2025-11-15,401813759,UCLA Bruins,Arizona Wildcats,65,69,1,2,26,12,43.1,47.3
2025-11-15,401817144,George Washington Revolutionaries,Old Dominion Monarchs,96,73,0,2,45,295,49.2,38.7
2025-11-15,401817166,Rhode Island Rams,UAlbany Great Danes,80,61,0,2,227,399,42.4,37.7
2025-11-15,401817196,St. Bonaventure Bonnies,Youngstown State Penguins,84,80,0,2,179,2754,58.2,49.2
2025-11-15,401817213,Temple Owls,Boston College Eagles,71,76,0,2,218,103,34.3,43.9
2025-11-15,401817231,Duke Blue Devils,Indiana State Sycamores,100,62,0,2,150,282,53.5,36.1
2025-11-15,401817242,Louisville Cardinals,Ohio Bobcats,106,81,0,2,97,195,50.0,44.1
2025-11-15,401817265,North Carolina Tar Heels,North Carolina Central Eagles,97,53,0,2,153,2428,54.5,24.2
2025-11-15,401817455,SMU Mustangs,Butler Bulldogs,87,85,0,2,2567,2086,56.3,46.0
2025-11-15,401817478,Syracuse Orange,Drexel Dragons,80,50,1,2,183,2182,49.2,32.2
2025-11-15,401817489,Virginia Cavaliers,Marshall Thundering Herd,104,78,0,2,258,276,52.4,43.3
2025-11-15,401818300,Yale Bulldogs,Stony Brook Seawolves,86,79,0,2,43,2619,50.0,54.0
2025-11-15,401818550,Brown Bears,Hampton Pirates,63,72,0,2,225,2261,50.0,40.7
2025-11-15,401819815,Arizona State Sun Devils,Gonzaga Bulldogs,65,77,0,2,9,2250,36.2,43.1
2025-11-15,401819825,Baylor Bears,Tarleton State Texans,94,81,0,2,239,2627,57.9,51.6
2025-11-15,401819862,Colorado Buffaloes,Providence Friars,97,88,0,2,38,2507,51.5,44.6
2025-11-15,401819884,Kansas Jayhawks,Princeton Tigers,76,57,0,2,2305,163,47.2,31.0
2025-11-15,401819900,Texas Tech Red Raiders,Milwaukee Panthers,80,63,0,2,2641,270,42.9,43.6
2025-11-15,401820185,Stonehill Skyhawks,Loyola Maryland Greyhounds,63,74,1,2,284,2352,46.6,50.8
2025-11-15,401820543,Northern Iowa Panthers,Furman Paladins,70,54,0,2,2460,231,46.3,39.3
2025-11-15,401820551,Air Force Falcons,Miami (OH) RedHawks,61,76,0,2,2005,193,41.2,46.9
2025-11-15,401820606,Longwood Lancers,Binghamton Bearcats,90,82,0,2,2344,2066,46.0,50.0
2025-11-15,401820832,Creighton Bluejays,Maryland Eastern Shore Hawks,84,45,0,2,156,2379,49.3,38.0
2025-11-15,401822168,Iona Gaels,Fordham Rams,76,71,0,2,314,2230,49.2,40.0
2025-11-15,401822179,La Salle Explorers,Penn State Nittany Lions,69,83,1,2,2325,213,50.0,57.9
2025-11-15,401822340,Chicago State Cougars,UIC Flames,63,67,0,2,2130,82,41.1,44.0
2025-11-15,401822350,Fairfield Stags,Stonehill Skyhawks,73,71,0,2,2217,284,34.3,39.7
2025-11-15,401822356,Kentucky Wildcats,Eastern Illinois Panthers,99,53,0,2,96,2197,60.9,32.7
2025-11-15,401822730,Cal State Fullerton Titans,Pacific Tigers,73,85,0,2,2239,279,33.8,56.1
2025-11-15,401822761,Coppin State Eagles,South Alabama Jaguars,62,72,1,2,2154,6,37.5,41.3
2025-11-15,401823011,Cleveland State Vikings,Kent State Golden Flashes,95,102,1,2,325,2309,46.7,52.5
2025-11-15,401823024,Marquette Golden Eagles,Maryland Terrapins,82,89,0,2,269,120,36.8,52.7
2025-11-15,401823215,Bellarmine Knights,Wofford Terriers,86,94,0,2,91,2747,50.8,54.9
2025-11-15,401823227,Florida Gulf Coast Eagles,Chattanooga Mocs,91,73,0,2,526,236,51.5,41.5
2025-11-15,401823324,UT Arlington Mavericks,Missouri State Bears,67,49,0,2,250,2623,43.5,32.0
2025-11-15,401823342,VMI Keydets,Jacksonville Dolphins,67,69,0,2,2678,294,45.5,49.1
2025-11-15,401823369,Toledo Rockets,Detroit Mercy Titans,90,83,0,2,2649,2174,52.5,45.1
2025-11-15,401823395,Purdue Fort Wayne Mastodons,Boyce Bulldogs,118,68,0,2,2870,109700,57.7,42.2
2025-11-15,401823409,Radford Highlanders,Wright State Raiders,59,92,1,2,2515,2750,35.7,50.8
2025-11-15,401823418,Davidson Wildcats,Bowling Green Falcons,91,87,0,2,2166,189,54.2,44.8
2025-11-15,401823428,Buffalo Bulls,RIT Tigers,80,64,0,2,2084,178,48.1,46.2
2025-11-15,401823443,North Florida Ospreys,New College Mighty Banyans,122,67,0,2,2454,128550,53.8,40.6
2025-11-15,401823452,Queens University Royals,Sacred Heart Pioneers,81,64,0,2,2511,2529,49.2,35.4
2025-11-15,401823486,Winthrop Eagles,Mercer Bears,105,69,0,2,2737,2382,51.5,42.9
2025-11-15,401823511,UC San Diego Tritons,Idaho Vandals,75,67,0,2,28,70,48.0,35.0
2025-11-15,401823524,Stephen F. Austin Lumberjacks,Abilene Christian Wildcats,76,66,0,2,2617,2000,45.3,42.1
2025-11-15,401823532,California Baptist Lancers,Western Illinois Leathernecks,69,59,0,2,2856,2710,34.3,42.0
2025-11-15,401823552,Ole Miss Rebels,Cal State Bakersfield Roadrunners,82,60,0,2,145,2934,43.9,42.9
2025-11-15,401823560,Iowa Hawkeyes,Xavier Musketeers,81,62,0,2,2294,2752,56.9,39.0
2025-11-15,401823816,Boise State Broncos,Montana State Bobcats,62,58,0,2,68,147,33.3,37.3
2025-11-15,401824040,Loyola Marymount Lions,Troy Trojans,74,63,0,2,2351,2653,52.5,40.8
2025-11-15,401824136,Washington State Cougars,Washington Huskies,69,81,0,2,265,264,41.9,48.2
2025-11-15,401824358,Boston University Terriers,Merrimack Warriors,79,91,0,2,104,2771,51.9,53.7
2025-11-15,401824826,Texas A&M Aggies,UCF Knights,74,86,0,2,245,2116,36.8,50.0
2025-11-15,401824887,North Alabama Lions,East Tennessee State Buccaneers,74,78,0,2,2453,2193,43.6,47.6
2025-11-15,401824897,Hawai'i Rainbow Warriors,Manhattan Jaspers,86,56,0,2,62,2363,43.9,37.5
2025-11-15,401824948,Lipscomb Bisons,Bryan Lions,98,53,0,2,288,2081,48.6,30.6
2025-11-15,401825383,West Georgia Wolves,The Citadel Bulldogs,100,92,0,2,2698,2643,58.5,48.6
2025-11-15,401825571,DePaul Blue Demons,Northwestern Wildcats,79,81,0,2,305,77,42.4,58.0
2025-11-15,401826044,UC Riverside Highlanders,North Dakota Fighting Hawks,74,76,0,2,27,155,49.1,46.2
2025-11-15,401826087,UC Davis Aggies,Sacramento State Hornets,77,73,0,2,302,16,44.6,44.1
2025-11-15,401826700,George Mason Patriots,New Hampshire Wildcats,61,44,0,2,2244,160,35.2,31.4
2025-11-15,401826713,Georgia Bulldogs,Georgia Tech Yellow Jackets,92,87,0,2,61,59,40.3,41.1
2025-11-15,401826739,Denver Pioneers,UTSA Roadrunners,79,84,0,2,2172,2636,45.0,51.8
2025-11-15,401826747,Murray State Racers,Nicholls Colonels,99,79,0,2,93,2447,58.5,41.7
2025-11-15,401826768,Northeastern Huskies,Vermont Catamounts,74,85,0,2,111,261,46.4,55.4
2025-11-15,401826786,Arkansas Razorbacks,Samford Bulldogs,79,75,0,2,8,2535,45.2,41.2
2025-11-15,401826806,Rice Owls,East Texas A&M Lions,71,64,0,2,242,2837,47.1,49.1
2025-11-15,401826852,UAB Blazers,High Point Panthers,91,74,0,2,5,2272,50.8,40.0
2025-11-15,401826870,Oakland Golden Grizzlies,Defiance Yellow Jackets,113,47,0,2,2473,190,62.9,33.9
2025-11-15,401826915,St. John's Red Storm,William & Mary Tribe,93,60,0,2,2599,2729,48.0,37.7
2025-11-15,401827005,Texas State Bobcats,Texas Southern Tigers,77,67,0,2,326,2640,53.3,42.6
2025-11-15,401827129,Vanderbilt Commodores,Arkansas-Pine Bluff Golden Lions,104,75,0,2,238,2029,47.9,40.4
2025-11-15,401827153,Alabama State Hornets,Virginia Lynchburg Dragons,124,68,0,2,2011,3229,57.0,36.1
2025-11-15,401827180,Illinois Fighting Illini,Colgate Raiders,84,65,0,2,356,2142,37.7,41.9
2025-11-15,401827450,Charleston Cougars,South Carolina State Bulldogs,88,61,0,2,232,2569,52.5,35.0
2025-11-15,401827498,Towson Tigers,Norfolk State Spartans,51,41,0,2,119,2450,28.8,27.7
2025-11-15,401827911,Utah State Aggies,UTEP Miners,75,51,0,2,328,2638,47.9,37.3
2025-11-15,401828277,Saint Mary's Gaels,North Texas Mean Green,80,49,0,2,2608,249,44.3,23.8
2025-11-15,401828289,Montana Grizzlies,Cal Poly Mustangs,90,82,0,2,149,13,45.3,43.5
2025-11-15,401828308,Jacksonville State Gamecocks,Coastal Carolina Chanticleers,74,67,0,2,55,324,43.9,36.5
2025-11-15,401828671,American University Eagles,Central Penn Knights,115,50,0,2,44,3164,54.7,25.5
2025-11-15,401828681,New Haven Chargers,Delaware State Hornets,65,52,0,2,2441,2169,46.8,35.1
2025-11-15,401828906,Drake Bulldogs,SIU Edwardsville Cougars,59,61,0,2,2181,2565,38.3,40.0
2025-11-15,401829347,Southeast Missouri State Redhawks,St. Thomas Tommies,72,84,0,2,2546,2900,44.8,58.7
2025-11-15,401829425,Texas Longhorns,Kansas City Roos,71,55,0,2,251,140,39.1,36.9
2025-11-15,401829444,McNeese Cowboys,Louisiana Ragin' Cajuns,88,62,0,2,2377,309,53.3,33.3
2025-11-15,401830115,UNC Greensboro Spartans,Austin Peay Governors,63,69,0,2,2430,2046,38.9,40.0
2025-11-15,401830342,Mississippi Valley State Delta Devils,Utah Tech Trailblazers,75,81,1,2,2400,3101,45.5,42.9
2025-11-16,401809305,Auburn Tigers,Houston Cougars,72,73,1,2,2,248,37.9,43.1
2025-11-16,401811105,South Dakota Coyotes,Western Michigan Broncos,83,78,0,2,233,2711,42.4,53.3
2025-11-16,401811967,Oral Roberts Golden Eagles,Belmont Bruins,60,83,0,2,198,2057,30.5,55.0
2025-11-16,401812354,Long Island University Sharks,James Madison Dukes,88,79,0,2,112358,256,59.0,48.5
2025-11-16,401812603,Marist Red Foxes,Harvard Crimson,54,56,0,2,2368,108,38.0,35.6
2025-11-16,401812627,Rider Broncs,Eastern Eagles,86,54,0,2,2520,2196,55.2,24.2
2025-11-16,401812645,Massachusetts Minutemen,Central Connecticut Blue Devils,84,77,0,2,113,2115,46.3,46.3
2025-11-16,401812662,Hampton Pirates,Holy Cross Crusaders,61,67,1,2,2261,107,37.0,51.1
2025-11-16,401812788,UConn Huskies,BYU Cougars,86,84,1,2,41,252,56.6,49.2
2025-11-16,401813289,Oklahoma State Cowboys,Texas A&M-Corpus Christi Islanders,85,69,0,2,197,357,50.0,36.1
2025-11-16,401813398,Cincinnati Bearcats,Mount St. Mary's Mountaineers,72,55,0,2,2132,116,37.5,37.5
2025-11-16,401813437,Dayton Flyers,Bethune-Cookman Wildcats,91,82,0,2,2168,2065,54.0,48.5
2025-11-16,401813447,Villanova Wildcats,Duquesne Dukes,87,77,0,2,222,2184,43.5,47.3
2025-11-16,401817156,Loyola Chicago Ramblers,Colorado State Rams,67,80,0,2,2350,36,46.7,46.3
2025-11-16,401817185,Saint Louis Billikens,Grand Canyon Lopes,78,64,0,2,139,2253,45.8,28.4
2025-11-16,401817434,Ohio State Buckeyes,Notre Dame Fighting Irish,64,63,0,2,194,87,38.0,47.1
2025-11-16,401817520,Virginia Tech Hokies,Charlotte 49ers,84,76,0,2,259,2429,36.7,42.9
2025-11-16,401817530,Wake Forest Demon Deacons,UMass Lowell River Hawks,109,75,0,2,154,2349,55.9,45.9
2025-11-16,401819907,Utah Utes,Sam Houston Bearkats,85,79,0,2,254,2534,43.3,42.9
2025-11-16,401820186,Fairfield Stags,Loyola Maryland Greyhounds,85,82,0,2,2217,2352,49.3,57.1
2025-11-16,401820224,New Mexico State Aggies,New Mexico Lobos,76,68,0,2,166,167,41.1,41.8
2025-11-16,401820398,Memphis Tigers,UNLV Rebels,78,92,0,2,235,2439,42.4,50.0
2025-11-16,401820578,Maine Black Bears,Quinnipiac Bobcats,64,70,0,2,311,2514,39.3,36.5
2025-11-16,401820616,Valparaiso Beacons,Bryant Bulldogs,68,50,0,2,2674,2803,39.3,27.7
2025-11-16,401822169,Fordham Rams,Manhattanville Valiants,96,62,0,2,2230,2879,52.1,34.4
2025-11-16,401822320,Ball State Cardinals,Little Rock Trojans,62,68,0,2,2050,2031,44.7,54.9
2025-11-16,401822371,Alabama A&M Bulldogs,Lindenwood Lions,74,65,0,2,2010,2815,45.1,44.4
2025-11-16,401823012,Kent State Golden Flashes,Wright State Raiders,76,72,1,2,2309,2750,40.3,44.3
2025-11-16,401823360,Western Kentucky Hilltoppers,Tennessee State Tigers,95,82,0,2,98,2634,54.7,41.4
2025-11-16,401823384,Northern Kentucky Norse,Cumberlands Patriots,101,73,0,2,94,511,58.6,39.2
2025-11-16,401823541,Omaha Mavericks,Southern Utah Thunderbirds,90,85,0,2,2437,253,50.0,48.5
2025-11-16,401823556,Seattle U Redhawks,Idaho State Bengals,83,74,0,2,2547,304,62.0,46.6
2025-11-16,401823589,UNC Wilmington Seahawks,South Carolina Upstate Spartans,73,60,0,2,350,2908,42.9,38.2
2025-11-16,401823758,Wyoming Cowboys,Portland Pilots,93,56,0,2,2751,2501,45.8,37.5
2025-11-16,401824070,Pepperdine Waves,Northern Colorado Bears,81,88,0,2,2492,2458,38.4,48.4
2025-11-16,401824120,Santa Clara Broncos,Nevada Wolf Pack,98,83,0,2,2541,2440,62.3,44.8
2025-11-16,401824898,Hawai'i Rainbow Warriors,Utah Tech Trailblazers,68,62,0,2,62,3101,47.9,41.1
2025-11-16,401824936,Central Arkansas Bears,Samford Bulldogs,77,84,0,2,2110,2535,43.3,41.2
2025-11-16,401825205,Western Carolina Catamounts,Stetson Hatters,76,65,0,2,2717,56,49.1,35.4
2025-11-16,401826053,UMBC Retrievers,Wagner Seahawks,71,70,0,2,2378,2681,40.0,43.8
2025-11-16,401826070,Cleveland State Vikings,Radford Highlanders,87,82,1,2,325,2515,44.4,37.8
2025-11-16,401826727,San Francisco Dons,Bradley Braves,75,64,0,2,2539,71,50.0,31.7
2025-11-16,401826778,Nebraska Cornhuskers,Oklahoma Sooners,105,99,1,2,158,201,57.6,52.4
2025-11-16,401826813,Kennesaw State Owls,South Florida Bulls,89,108,0,2,338,58,39.4,50.0
2025-11-16,401826897,Louisiana Tech Bulldogs,Jackson State Tigers,68,51,0,2,2348,2296,35.9,26.8
2025-11-16,401826932,UC Irvine Anteaters,Weber State Wildcats,79,70,0,2,300,2692,44.6,35.2
2025-11-16,401826940,Sacramento State Hornets,Presbyterian Blue Hose,64,62,0,2,16,2506,45.8,39.0
2025-11-16,401826948,Fresno State Bulldogs,Utah Valley Wolverines,75,74,0,2,278,3084,56.5,52.0
2025-11-16,401826969,Elon Phoenix,Gardner-Webb Runnin' Bulldogs,95,84,0,2,2210,2241,54.2,46.6
2025-11-16,401827012,Southern Jaguars,Champion Christian Tigers,129,64,0,2,2582,3134,65.8,31.9
2025-11-16,401827189,Indiana Hoosiers,Incarnate Word Cardinals,69,61,0,2,84,2916,43.4,38.3
2025-11-16,401827235,Minnesota Golden Gophers,Green Bay Phoenix,72,65,0,2,135,2739,41.8,40.7
2025-11-16,401828577,Morehead State Eagles,Kentucky Christian Knights,121,51,0,2,2413,3077,65.8,35.4
2025-11-16,401829352,Southern Indiana Screaming Eagles,Loras Duhawks,91,74,0,2,88,263,53.2,40.7
2025-11-16,401829483,Arkansas State Red Wolves,Christian Brothers Buccaneers,95,67,0,2,2032,2131,57.4,43.3
2025-11-16,401830343,Manhattan Jaspers,Mississippi Valley State Delta Devils,80,73,1,2,2363,2400,45.8,52.7
2025-11-16,401830742,Dartmouth Big Green,App State Mountaineers,77,85,0,2,159,2026,42.9,52.5
2025-11-17,401809416,Florida Gators,Miami Hurricanes,82,68,1,2,57,2390,44.3,33.8
2025-11-17,401813256,Long Beach State Beach,Illinois State Redbirds,80,82,0,2,299,2287,47.6,46.9
2025-11-17,401820598,Purdue Boilermakers,Akron Zips,97,79,0,2,2509,2006,52.2,40.3
2025-11-17,401823258,Cal State Northridge Matadors,Troy Trojans,94,85,0,2,2463,2653,56.7,45.9
2025-11-17,401829420,Georgia Bulldogs,Florida A&M Rattlers,87,57,0,2,61,50,43.1,33.9
2025-11-18,401809077,Pittsburgh Panthers,Bucknell Bison,84,50,0,2,221,2083,50.8,27.7
2025-11-18,401812576,Pennsylvania Quakers,Saint Joseph's Hawks,83,74,0,2,219,2603,45.2,38.0
2025-11-18,401812920,Clemson Tigers,North Alabama Lions,81,61,0,2,228,2453,44.3,36.7
2025-11-18,401813349,High Point Panthers,Canisius Golden Griffins,93,50,0,2,2272,2099,58.1,30.6
2025-11-18,401813376,Le Moyne Dolphins,Niagara Purple Eagles,74,68,0,2,2330,315,43.1,40.0
2025-11-18,401817255,NC State Wolfpack,VCU Rams,85,79,0,2,152,2670,46.3,40.9
2025-11-18,401819816,Arizona State Sun Devils,Georgia State Panthers,75,62,0,2,9,2247,46.8,36.4
2025-11-18,401819863,Colorado Buffaloes,Alabama State Hornets,94,66,0,2,38,2011,53.6,35.8
2025-11-18,401819873,Iowa State Cyclones,Stonehill Skyhawks,96,57,0,2,66,284,59.3,41.8
2025-11-18,401819890,Kansas State Wildcats,Tulsa Golden Hurricane,84,83,0,2,2306,202,44.1,40.9
2025-11-18,401819917,West Virginia Mountaineers,Lafayette Leopards,81,59,0,2,277,322,50.0,40.8
2025-11-18,401822762,Coppin State Eagles,Central Penn Knights,103,62,0,2,2154,3164,49.4,33.8
2025-11-18,401822833,Siena Saints,Colgate Raiders,69,72,0,2,2561,2142,43.1,53.8
2025-11-18,401823429,Buffalo Bulls,Vermont Catamounts,94,90,0,2,2084,261,50.9,54.5
2025-11-18,401823501,Eastern Washington Eagles,Eastern Oregon Mountaineers,91,73,0,2,331,2202,52.2,44.9
2025-11-18,401823542,Gonzaga Bulldogs,Southern Utah Thunderbirds,122,50,0,2,2250,253,68.1,29.5
2025-11-18,401823733,Portland State Vikings,Cal State Bakersfield Roadrunners,93,80,0,2,2502,2934,60.0,45.5
2025-11-18,401824041,UC Santa Barbara Gauchos,Loyola Marymount Lions,74,78,0,2,2540,2351,38.0,43.3
2025-11-18,401824057,Oregon Ducks,Oregon State Beavers,87,75,0,2,2483,204,47.2,42.6
2025-11-18,401824827,UCF Knights,Oakland Golden Grizzlies,87,83,0,2,2116,2473,47.7,42.6
2025-11-18,401825384,Tennessee Tech Golden Eagles,West Georgia Wolves,59,61,0,2,2635,2698,40.8,32.8
2025-11-18,401826773,Florida Atlantic Owls,Coastal Georgia Mariner,92,63,0,2,2226,3189,45.5,37.0
2025-11-18,401826807,Tennessee Volunteers,Rice Owls,91,66,0,2,2633,242,52.3,33.3
2025-11-18,401826853,UAB Blazers,Rhodes Lynx,112,56,0,2,5,2519,49.4,30.4
2025-11-18,401826912,Wisconsin Badgers,SIU Edwardsville Cougars,94,69,0,2,275,2565,44.6,44.8
2025-11-18,401826997,Tarleton State Texans,Angelo State Rams,77,54,0,2,2627,2025,41.5,29.1
2025-11-18,401827041,Missouri Tigers,Prairie View A&M Panthers,91,73,0,2,142,2504,51.6,37.9
2025-11-18,401827221,Kentucky Wildcats,Michigan State Spartans,66,83,1,2,96,127,35.1,50.0
2025-11-18,401827434,Rutgers Scarlet Knights,American University Eagles,80,71,0,2,164,44,47.2,35.3
2025-11-18,401827451,Charleston Cougars,Drake Bulldogs,62,71,0,2,232,2181,34.4,42.6
2025-11-18,401828268,UAlbany Great Danes,Paul Smith's Bobcats,106,57,0,2,399,131638,63.5,37.3
2025-11-18,401828470,Liberty Flames,Carolina University Bruins,98,46,0,2,2335,108942,59.6,34.6
2025-11-18,401828512,UL Monroe Warhawks,Lamar Cardinals,66,79,0,2,2433,2320,41.1,44.3
2025-11-18,401828919,North Dakota State Bison,Southern Illinois Salukis,92,85,0,2,2449,79,44.8,54.5
2025-11-18,401829325,San José State Spartans,Bethesda Flames,110,56,0,2,23,3246,65.2,29.5
2025-11-18,401829473,South Dakota State Jackrabbits,Peru State PERU STATE,94,46,0,2,2571,596,50.0,34.0
2025-11-18,401830121,UT Rio Grande Valley Vaqueros,Southwestern Adventist Knights,110,53,0,2,292,2903,53.6,35.2
2025-11-18,401830633,Western Illinois Leathernecks,Coe Kohawks,74,63,0,2,2710,2141,49.1,43.1
2025-11-18,401831375,UTSA Roadrunners,Southwestern Christian U Eagles,103,70,0,2,2636,3238,53.2,42.4
2025-11-19,401808894,Pepperdine Waves,LSU New Orleans Privateers,90,79,0,2,2492,2443,45.3,40.3
2025-11-19,401812286,Fairleigh Dickinson Knights,Saint Elizabeth Eagles,100,58,0,2,161,66786,50.7,34.0
2025-11-19,401812381,Lehigh Mountain Hawks,Saint Francis Red Wolves,79,62,0,2,2329,2598,47.4,40.7
2025-11-19,401812604,Penn State Nittany Lions,Harvard Crimson,84,80,0,2,213,108,54.4,52.6
2025-11-19,401812628,Texas Longhorns,Rider Broncs,99,65,0,2,251,2520,55.0,33.9
2025-11-19,401812663,Brown Bears,Holy Cross Crusaders,68,49,0,2,225,107,48.1,34.6
2025-11-19,401813276,Morgan State Bears,North Carolina A&T Aggies,73,79,0,2,2415,2448,45.2,52.0
2025-11-19,401813760,UCLA Bruins,Sacramento State Hornets,79,48,0,2,26,16,48.3,24.1
2025-11-19,401817167,Yale Bulldogs,Rhode Island Rams,77,86,0,2,43,227,47.3,50.8
2025-11-19,401817214,Boston College Eagles,Hampton Pirates,63,52,0,2,103,2261,39.3,35.0
2025-11-19,401817222,California Golden Bears,Presbyterian Blue Hose,67,57,0,2,25,2506,51.0,37.5
2025-11-19,401817232,Duke Blue Devils,Kansas Jayhawks,78,66,1,2,150,2305,46.6,43.3
2025-11-19,401817266,North Carolina Tar Heels,Navy Midshipmen,73,61,0,2,153,2426,42.9,30.4
2025-11-19,401817456,SMU Mustangs,Arkansas-Pine Bluff Golden Lions,106,60,0,2,2567,2029,56.9,34.3
2025-11-19,401817467,Stanford Cardinal,Louisiana Ragin' Cajuns,93,66,0,2,24,309,48.2,49.1
2025-11-19,401817479,Syracuse Orange,Monmouth Hawks,78,73,0,2,183,2405,50.0,38.6
2025-11-19,401818369,Columbia Lions,Boston University Terriers,54,49,0,2,171,104,39.2,31.0
2025-11-19,401819908,Utah Utes,Purdue Fort Wayne Mastodons,85,77,0,2,254,2870,51.8,47.7
2025-11-19,401820544,Northern Iowa Panthers,Northern Illinois Huskies,70,57,0,2,2460,2459,54.5,40.4
2025-11-19,401820552,Air Force Falcons,Alabama State Hornets,66,64,0,2,2005,2011,50.0,40.0
2025-11-19,401820607,Binghamton Bearcats,Misericordia Cougars,69,58,0,2,2066,111902,49.0,37.5
2025-11-19,401820808,UNC Wilmington Seahawks,East Carolina Pirates,85,60,0,2,350,151,50.0,33.3
2025-11-19,401820841,Charleston Southern Buccaneers,IU Indianapolis Jaguars,103,91,0,2,2127,85,52.3,42.5
2025-11-19,401822341,Minnesota Golden Gophers,Chicago State Cougars,66,54,0,2,135,2130,36.5,40.0
2025-11-19,401822996,Michigan Wolverines,Middle Tennessee Blue Raiders,86,61,0,2,130,2393,46.3,30.4
2025-11-19,401823013,Kent State Golden Flashes,Eastern Kentucky Colonels,93,78,0,2,2309,2198,50.8,40.0
2025-11-19,401823039,Longwood Lancers,Maryland Eastern Shore Hawks,82,83,0,2,2344,2379,40.0,49.3
2025-11-19,401823343,George Mason Patriots,Jacksonville Dolphins,79,57,0,2,2244,294,58.1,38.5
2025-11-19,401823361,Western Kentucky Hilltoppers,Bethel (TN) Wildcats,97,67,0,2,98,2064,42.9,33.3
2025-11-19,401823370,Detroit Mercy Titans,Eastern Michigan Eagles,62,72,0,2,2174,2199,34.4,47.2
2025-11-19,401823525,Texas State Bobcats,Abilene Christian Wildcats,63,49,0,2,326,2000,45.7,30.9
2025-11-19,401823533,California Baptist Lancers,UC Riverside Highlanders,80,57,0,2,2856,27,41.3,36.1
2025-11-19,401823557,Santa Clara Broncos,Idaho State Bengals,64,55,0,2,2541,304,34.8,39.1
2025-11-19,401823561,Xavier Musketeers,Old Dominion Monarchs,99,69,0,2,2752,295,45.8,41.9
2025-11-19,401823648,Iowa Hawkeyes,Southeast Missouri State Redhawks,99,70,0,2,2294,2546,61.2,52.0
2025-11-19,401823763,San Diego State Aztecs,Troy Trojans,107,108,0,2,21,2653,47.1,44.4
2025-11-19,401823817,Boise State Broncos,Wichita State Shockers,62,59,0,2,68,2724,37.0,37.5
2025-11-19,401823867,Evansville Purple Aces,UT Arlington Mavericks,76,84,0,2,339,250,46.2,62.2
2025-11-19,401824111,San Diego Toreros,Grambling Tigers,78,68,0,2,301,2755,35.8,40.0
2025-11-19,401824304,Iona Gaels,Princeton Tigers,89,69,0,2,314,163,50.0,37.3
2025-11-19,401824870,Furman Paladins,Ohio Christian Trailblazers,79,44,0,2,231,3121,52.5,29.6
2025-11-19,401825186,Murray State Racers,Little Rock Trojans,89,68,0,2,93,2031,50.9,44.3
2025-11-19,401825572,DePaul Blue Demons,Gardner-Webb Runnin' Bulldogs,93,62,0,2,305,2241,55.4,34.8
2025-11-19,401825589,Northern Arizona Lumberjacks,Embry Riddle (AZ) Eagles,108,79,0,2,2464,111226,62.9,47.7
2025-11-19,401826071,South Carolina Gamecocks,Radford Highlanders,87,58,0,2,2579,2515,57.6,30.9
2025-11-19,401826088,Nevada Wolf Pack,UC Davis Aggies,71,75,0,2,2440,302,39.6,48.9
2025-11-19,401826708,Florida State Seminoles,UT Martin Skyhawks,87,73,0,2,52,2630,43.1,44.2
2025-11-19,401826714,Georgia Tech Yellow Jackets,Georgia Southern Eagles,68,66,0,2,59,290,39.3,34.3
2025-11-19,401826728,San Francisco Dons,Northwestern State Demons,84,64,0,2,2539,2466,53.2,39.2
2025-11-19,401826759,Providence Friars,New Hampshire Wildcats,98,66,0,2,2507,160,56.1,39.1
2025-11-19,401826787,Arkansas Razorbacks,Winthrop Eagles,84,83,0,2,8,2737,50.0,47.8
2025-11-19,401826794,Cornell Big Red,Army Black Knights,86,73,0,2,172,349,50.0,36.9
2025-11-19,401826893,Seton Hall Pirates,New Haven Chargers,68,45,0,2,2550,2441,48.1,34.7
2025-11-19,401827013,Washington Huskies,Southern Jaguars,99,93,0,2,264,2582,40.8,43.8
2025-11-19,401827258,Southern Miss Golden Eagles,William Carey Crusaders,82,59,0,2,2572,2730,53.6,26.3
2025-11-19,401827499,James Madison Dukes,Towson Tigers,81,75,0,2,256,119,56.5,42.6
2025-11-19,401827513,Drexel Dragons,NJIT Highlanders,75,43,0,2,2182,2885,42.9,23.1
2025-11-19,401828290,Texas A&M Aggies,Montana Grizzlies,86,81,0,2,245,149,53.7,55.8
2025-11-19,401828302,Delaware Blue Hens,Saint Peter's Peacocks,81,70,0,2,48,2612,53.8,41.3
2025-11-19,401828493,Ole Miss Rebels,Austin Peay Governors,72,65,0,2,145,2046,41.0,35.7
2025-11-19,401828527,Oral Roberts Golden Eagles,Haskell Jayhawks,84,64,0,2,198,535,45.3,36.2
2025-11-19,401828735,North Carolina Central Eagles,Toccoa Falls Eagles,123,67,0,2,2428,2648,55.1,31.0
2025-11-19,401828923,Fresno State Bulldogs,Stephen F. Austin Lumberjacks,80,78,0,2,278,2617,59.3,45.2
2025-11-19,401829044,Florida International Panthers,Fort Lauderdale Eagles,104,80,0,2,2229,123362,49.3,35.1
2025-11-19,401829421,LSU Tigers,Alcorn State Braves,107,81,0,2,99,2016,55.6,49.3
2025-11-19,401830834,Delaware State Hornets,Cheyney (PA) Wolves,88,70,0,2,2169,2129,50.8,44.4
2025-11-19,401831277,Dartmouth Big Green,Maine Augusta Moose,113,68,0,2,159,126890,50.0,39.4
2025-11-20,401808952,SE Louisiana Lions,William Carey Crusaders,71,45,0,2,2545,2730,48.3,32.8
2025-11-20,401811098,Illinois Fighting Illini,Alabama Crimson Tide,86,90,1,2,356,333,42.5,45.5
2025-11-20,401811968,Belmont Bruins,Lipscomb Bisons,75,68,0,2,2057,288,43.4,31.9
2025-11-20,401812253,TCU Horned Frogs,Kansas City Roos,81,45,0,2,2628,140,39.7,23.2
2025-11-20,401812789,UConn Huskies,Arizona Wildcats,67,71,0,2,41,12,44.6,46.3
2025-11-20,401813290,Oklahoma State Cowboys,South Florida Bulls,103,95,0,2,197,58,59.4,46.9
2025-11-20,401813399,Maryland Terrapins,Mount St. Mary's Mountaineers,95,90,0,2,120,116,40.4,47.7
2025-11-20,401813438,Marquette Golden Eagles,Dayton Flyers,71,77,0,2,269,2168,38.5,53.1
2025-11-20,401813448,Duquesne Dukes,Loyola Maryland Greyhounds,92,78,0,2,2184,2352,55.2,48.3
2025-11-20,401817145,George Washington Revolutionaries,UMBC Retrievers,89,52,0,2,45,2378,54.0,33.3
2025-11-20,401817175,Richmond Spiders,VMI Keydets,87,54,0,2,257,2678,55.9,36.7
2025-11-20,401817197,St. Bonaventure Bonnies,Robert Morris Colonials,75,61,0,2,179,2523,44.3,36.1
2025-11-20,401817435,Notre Dame Fighting Irish,Bellarmine Knights,86,79,0,2,87,91,57.1,54.3
2025-11-20,401817521,Virginia Tech Hokies,Bryant Bulldogs,78,61,0,2,259,2803,51.7,42.3
2025-11-20,401818551,Stony Brook Seawolves,Brown Bears,80,70,0,2,2619,225,48.3,46.7
2025-11-20,401820482,Incarnate Word Cardinals,Southern Indiana Screaming Eagles,87,81,1,2,2916,88,54.2,49.2
2025-11-20,401820483,UIC Flames,High Point Panthers,80,90,1,2,82,2272,49.2,45.5
2025-11-20,401820579,Quinnipiac Bobcats,City College NY Beavers,112,52,0,2,2514,170,54.2,33.9
2025-11-20,401820624,Merrimack Warriors,Maine Black Bears,72,65,0,2,2771,311,46.9,46.5
2025-11-20,401820833,Creighton Bluejays,North Dakota Fighting Hawks,75,60,0,2,156,155,41.3,38.3
2025-11-20,401822180,La Salle Explorers,Villanova Wildcats,55,70,0,2,2325,222,43.1,51.9
2025-11-20,401822332,Cleveland State Vikings,Valparaiso Beacons,75,90,0,2,325,2674,45.5,54.0
2025-11-20,401822367,Eastern Illinois Panthers,Tiffin Dragons,62,50,0,2,2197,2838,49.0,36.0
2025-11-20,401822399,Indiana Hoosiers,Lindenwood Lions,73,53,0,2,84,2815,37.7,25.0
2025-11-20,401823004,Toledo Rockets,Youngstown State Penguins,92,75,0,2,2649,2754,53.3,49.1
2025-11-20,401823228,Samford Bulldogs,Florida Gulf Coast Eagles,62,77,0,2,2535,526,33.9,50.8
2025-11-20,401823307,Long Beach State Beach,Nobel Knights,87,54,0,2,299,130201,45.6,38.0
2025-11-20,401823331,Sam Houston Bearkats,Wyoming Cowboys,78,70,0,2,2534,2751,42.3,45.2
2025-11-20,401823419,Bowling Green Falcons,William & Mary Tribe,74,82,0,2,189,2729,43.1,46.4
2025-11-20,401823444,Wofford Terriers,North Florida Ospreys,86,78,0,2,2747,2454,50.8,46.0
2025-11-20,401823477,Auburn Tigers,Jackson State Tigers,112,66,0,2,2,2296,64.6,41.1
2025-11-20,401823543,Washington State Cougars,Southern Utah Thunderbirds,98,74,0,2,265,253,57.4,48.2
2025-11-20,401823636,Purdue Boilermakers,Memphis Tigers,80,71,1,2,2509,235,46.2,42.4
2025-11-20,401825206,Stetson Hatters,Howard Bison,64,60,0,2,56,47,40.0,32.8
2025-11-20,401825578,Montana State Bobcats,Nobel Knights,92,55,1,2,147,130201,59.6,40.0
2025-11-20,401826751,Western Carolina Catamounts,UNC Asheville Bulldogs,80,73,0,2,2717,2427,41.9,50.0
2025-11-20,401826762,Bradley Braves,UMass Lowell River Hawks,87,77,0,2,71,2349,51.8,48.1
2025-11-20,401826831,South Carolina Upstate Spartans,Tennessee Tech Golden Eagles,84,88,0,2,2908,2635,47.7,49.1
2025-11-20,401826838,Temple Owls,Hofstra Pride,81,76,0,2,218,2275,50.0,45.2
2025-11-20,401826898,Indiana State Sycamores,Louisiana Tech Bulldogs,60,51,0,2,282,2348,33.3,28.8
2025-11-20,401826923,Portland State Vikings,Evergreen State Geoducks,90,61,0,2,2502,2866,46.5,32.8
2025-11-20,401826933,Weber State Wildcats,Campbell Fighting Camels,91,85,0,2,2692,2097,54.8,45.0
2025-11-20,401826949,Utah Valley Wolverines,UC Irvine Anteaters,79,72,0,2,3084,300,51.7,39.7
2025-11-20,401827110,Ohio Bobcats,Bethune-Cookman Wildcats,73,76,0,2,195,2065,43.3,52.6
2025-11-20,401827130,Marshall Thundering Herd,Arkansas-Pine Bluff Golden Lions,98,70,0,2,276,2029,53.1,39.0
2025-11-20,401828309,Jacksonville State Gamecocks,South Alabama Jaguars,65,71,0,2,55,6,39.1,49.1
2025-11-20,401828474,UTEP Miners,St. Thomas (TX) Celts,84,83,0,2,2638,3170,44.6,44.8
2025-11-20,401829278,South Carolina State Bulldogs,Chattanooga Mocs,66,78,0,2,2569,236,29.5,44.9
2025-11-20,401829438,The Citadel Bulldogs,North Greenville Trailblazers,70,57,0,2,2643,2822,47.9,40.4
2025-11-20,401829462,North Dakota State Bison,Jamestown Jimmies,82,67,0,2,2449,2939,58.0,44.8
2025-11-20,401829466,Omaha Mavericks,Concordia (NE) Clippers,96,80,0,2,2437,507,53.8,47.5
2025-11-20,401829484,Saint Mary's Gaels,Arkansas State Red Wolves,85,72,0,2,2608,2032,49.1,37.7
2025-11-20,401830656,East Texas A&M Lions,Dallas Christian Crusaders,115,44,0,2,2837,2937,52.4,26.2
2025-11-21,401809078,St. John's Red Storm,Bucknell Bison,97,49,0,2,2599,2083,50.8,29.4
2025-11-21,401809308,Clemson Tigers,West Virginia Mountaineers,70,67,1,2,228,277,46.2,40.4
2025-11-21,401809310,Tulane Green Wave,Utah State Aggies,75,96,1,2,2655,328,43.4,62.1
2025-11-21,401809311,Boston College Eagles,Davidson Wildcats,49,59,1,2,103,2166,38.8,43.8
2025-11-21,401809417,Miami Hurricanes,Elon Phoenix,99,72,0,2,2390,2210,54.4,51.0
2025-11-21,401811106,Missouri Tigers,South Dakota Coyotes,102,68,0,2,142,233,64.3,39.7
2025-11-21,401812355,Fordham Rams,Long Island University Sharks,69,53,0,2,2230,112358,45.0,32.7
2025-11-21,401812629,Houston Cougars,Rider Broncs,91,45,0,2,248,2520,56.1,30.8
2025-11-21,401812646,Rutgers Scarlet Knights,Central Connecticut Blue Devils,54,67,0,2,164,2115,36.2,39.3
2025-11-21,401813257,Illinois State Redbirds,Rockford Regents,93,48,0,2,2287,2524,59.4,27.9
2025-11-21,401817243,Cincinnati Bearcats,Louisville Cardinals,64,74,1,2,2132,97,37.1,37.5
2025-11-21,401817445,UCF Knights,Pittsburgh Panthers,77,67,1,2,2116,221,52.5,38.9
2025-11-21,401817490,Virginia Cavaliers,Northwestern Wildcats,83,78,1,2,258,77,37.5,46.6
2025-11-21,401817531,Texas Tech Red Raiders,Wake Forest Demon Deacons,84,83,1,2,2641,154,41.2,47.0
2025-11-21,401818301,Yale Bulldogs,Green Bay Phoenix,73,67,1,2,43,2739,51.0,40.0
2025-11-21,401818370,Lehigh Mountain Hawks,Columbia Lions,67,82,0,2,2329,171,42.1,51.7
2025-11-21,401819817,Hawai'i Rainbow Warriors,Arizona State Sun Devils,76,83,0,2,62,9,46.3,41.9
2025-11-21,401819836,BYU Cougars,Wisconsin Badgers,98,70,0,2,252,275,47.7,37.7
2025-11-21,401819891,Kansas State Wildcats,Mississippi State Bulldogs,98,77,1,2,2306,344,50.7,43.3
2025-11-21,401819909,Utah Utes,Cal Poly Mustangs,85,92,0,2,254,13,46.0,50.0
2025-11-21,401820211,Miami (OH) RedHawks,Mercyhurst Lakers,76,71,0,2,193,2385,44.9,48.2
2025-11-21,401820399,UNLV Rebels,Saint Joseph's Hawks,99,85,0,2,2439,2603,44.9,40.0
2025-11-21,401820553,Air Force Falcons,SIU Edwardsville Cougars,77,63,0,2,2005,2565,42.6,38.9
2025-11-21,401820599,Akron Zips,Iona Gaels,96,75,1,2,2006,314,53.8,43.5
2025-11-21,401820799,App State Mountaineers,Charlotte 49ers,65,63,0,2,2026,2429,46.7,41.4
2025-11-21,401820825,South Carolina Gamecocks,Butler Bulldogs,72,79,1,2,2579,2086,40.3,48.2
2025-11-21,401822342,Iowa Hawkeyes,Chicago State Cougars,93,54,0,2,2294,2130,56.9,40.0
2025-11-21,401822351,Stonehill Skyhawks,Lafayette Leopards,74,70,0,2,284,322,48.3,35.5
2025-11-21,401823371,Michigan State Spartans,Detroit Mercy Titans,84,56,0,2,127,2174,45.9,36.7
2025-11-21,401823377,Alabama State Hornets,IU Indianapolis Jaguars,101,80,1,2,2011,85,58.1,43.3
2025-11-21,401823385,Central Michigan Chippewas,Northern Kentucky Norse,66,90,0,2,2117,94,47.2,53.1
2025-11-21,401823410,Wright State Raiders,Ohio Wesleyan Battling Bishops,100,47,0,2,2750,2980,64.4,34.0
2025-11-21,401823493,Queens University Royals,UNC Greensboro Spartans,101,94,0,2,2511,2430,53.2,56.1
2025-11-21,401823558,Idaho State Bengals,Justice Lions,89,51,0,2,304,130183,52.3,33.3
2025-11-21,401823868,UT Arlington Mavericks,Campbell Fighting Camels,67,71,1,2,250,2097,41.0,46.2
2025-11-21,401824063,Florida Atlantic Owls,Pacific Tigers,82,59,0,2,2226,279,55.8,42.0
2025-11-21,401824937,North Texas Mean Green,Central Arkansas Bears,74,56,0,2,249,2110,40.7,33.3
2025-11-21,401826709,Florida State Seminoles,Georgia Southern Eagles,98,72,0,2,52,290,43.7,33.3
2025-11-21,401826779,Oklahoma Sooners,Oral Roberts Golden Eagles,95,71,0,2,201,198,50.7,43.1
2025-11-21,401826808,Rice Owls,Tarleton State Texans,74,90,0,2,242,2627,41.3,58.6
2025-11-21,401826863,Princeton Tigers,Northeastern Huskies,70,57,0,2,163,111,40.0,37.3
2025-11-21,401826871,Eastern Michigan Eagles,Oakland Golden Grizzlies,97,91,0,2,2199,2473,62.7,50.7
2025-11-21,401827006,Vanderbilt Commodores,Texas Southern Tigers,109,74,0,2,238,2640,53.4,45.3
2025-11-21,401827210,USC Trojans,Troy Trojans,107,106,0,2,30,2653,42.7,40.2
2025-11-21,401827238,New Mexico Lobos,Nebraska Cornhuskers,72,84,1,2,167,158,38.8,47.4
2025-11-21,401827255,Ohio State Buckeyes,Western Michigan Broncos,91,58,0,2,194,2711,49.2,33.9
2025-11-21,401827452,Charleston Cougars,Massachusetts Minutemen,69,65,1,2,232,113,42.9,46.4
2025-11-21,401827505,William & Mary Tribe,Regent Royals,104,57,0,2,2729,111926,52.9,35.0
2025-11-21,401828332,Houston Christian Huskies,College of Biblical Studies Ambassadors,85,67,0,2,2277,128256,46.9,46.6
2025-11-21,401829386,Tennessee Volunteers,Tennessee State Tigers,89,60,0,2,2633,2634,43.9,32.1
2025-11-21,401829402,Cornell Big Red,Colgate Raiders,95,94,0,2,172,2142,44.1,47.6
2025-11-21,401830835,Delaware State Hornets,Kean Cougars,66,64,0,2,2169,2871,40.9,42.1
2025-11-22,401808895,Fresno State Bulldogs,LSU New Orleans Privateers,85,76,0,2,278,2443,47.4,43.1
2025-11-22,401809309,Xavier Musketeers,Georgia Bulldogs,77,78,1,2,2752,61,38.6,45.3
2025-11-22,401811969,Belmont Bruins,Fisk Bulldogs,96,49,0,2,2057,2225,45.1,27.3
2025-11-22,401812356,Illinois Fighting Illini,Long Island University Sharks,98,58,0,2,356,112358,63.1,38.3
2025-11-22,401812577,Drexel Dragons,Pennsylvania Quakers,68,84,0,2,2182,219,42.2,50.0
2025-11-22,401812605,Boston University Terriers,Harvard Crimson,75,74,1,2,104,108,62.5,54.7
2025-11-22,401812664,Sacred Heart Pioneers,Holy Cross Crusaders,79,66,0,2,2529,107,43.5,45.1
2025-11-22,401813277,Old Dominion Monarchs,Morgan State Bears,88,56,0,2,295,2415,48.3,35.6
2025-11-22,401813291,Oklahoma State Cowboys,Nicholls Colonels,95,81,0,2,197,2447,52.5,43.5
2025-11-22,401813322,Marist Red Foxes,Army Black Knights,76,65,0,2,2368,349,44.1,37.9
2025-11-22,401813350,Canisius Golden Griffins,Maryland Eastern Shore Hawks,60,57,0,2,2099,2379,42.9,37.7
2025-11-22,401813377,Duke Blue Devils,Niagara Purple Eagles,100,42,0,2,150,315,58.2,27.1
2025-11-22,401813378,Howard Bison,Niagara Purple Eagles,80,70,1,2,47,315,44.0,46.0
2025-11-22,401813439,Dayton Flyers,North Carolina Central Eagles,74,55,0,2,2168,2428,42.9,37.3
2025-11-22,401813449,Duquesne Dukes,Northeastern Huskies,86,93,1,2,2184,111,54.2,55.2
2025-11-22,401813761,UCLA Bruins,Presbyterian Blue Hose,86,46,0,2,26,2506,62.7,33.3
2025-11-22,401817157,Loyola Chicago Ramblers,Northern Illinois Huskies,59,76,0,2,2350,2459,44.2,42.2
2025-11-22,401817186,Saint Louis Billikens,Purdue Fort Wayne Mastodons,91,60,0,2,139,2870,50.8,34.4
2025-11-22,401817223,California Golden Bears,Sacramento State Hornets,91,67,0,2,25,16,50.8,26.9
2025-11-22,401817457,SMU Mustangs,Arkansas State Red Wolves,100,69,0,2,2567,2032,54.7,41.3
2025-11-22,401817468,Stanford Cardinal,Seattle U Redhawks,69,77,0,2,24,2547,36.5,48.1
2025-11-22,401818792,Eastern Kentucky Colonels,Mercer Bears,83,95,0,2,2198,2382,41.1,55.7
2025-11-22,401819864,Colorado Buffaloes,UC Davis Aggies,95,79,0,2,38,302,59.6,51.7
2025-11-22,401820152,Navy Midshipmen,NJIT Highlanders,86,70,0,2,2426,2885,50.9,36.7
2025-11-22,401820187,Kentucky Wildcats,Loyola Maryland Greyhounds,88,46,0,2,96,2352,48.7,29.0
2025-11-22,401820225,New Mexico State Aggies,Samford Bulldogs,81,72,0,2,166,2535,54.4,40.0
2025-11-22,401820486,Texas A&M-Corpus Christi Islanders,Howard Payne Yellow Jackets,122,75,0,2,357,2758,69.1,39.7
2025-11-22,401820608,Binghamton Bearcats,Maryland Eastern Shore Hawks,52,63,1,2,2066,2379,32.7,45.5
2025-11-22,401820809,East Carolina Pirates,Charleston Southern Buccaneers,65,77,0,2,151,2127,41.7,43.3
2025-11-22,401822181,La Salle Explorers,Lancaster Bible Chargers,75,46,0,2,2325,123306,50.0,25.8
2025-11-22,401822725,Georgetown Hoyas,Wagner Seahawks,92,75,0,2,46,2681,46.8,42.6
2025-11-22,401822731,Portland Pilots,Cal State Fullerton Titans,103,85,0,2,2501,2239,63.5,47.8
2025-11-22,401822732,Cal State Fullerton Titans,St. Thomas Tommies,88,80,1,2,2239,2900,46.7,40.6
2025-11-22,401822834,Siena Saints,UAlbany Great Danes,73,63,0,2,2561,399,51.0,53.3
2025-11-22,401823014,Kent State Golden Flashes,Cleveland State Vikings,91,71,0,2,2309,325,46.3,42.9
2025-11-22,401823025,Marquette Golden Eagles,Central Michigan Chippewas,85,71,0,2,269,2117,52.8,40.6
2025-11-22,401823190,Le Moyne Dolphins,Fairfield Stags,83,97,0,2,2330,2217,47.3,52.2
2025-11-22,401823308,Long Beach State Beach,Montana State Bobcats,72,78,0,2,299,147,45.0,48.3
2025-11-22,401823325,Missouri State Bears,UT Rio Grande Valley Vaqueros,74,67,0,2,2623,292,41.8,45.1
2025-11-22,401823332,Sam Houston Bearkats,Schreiner Mountaineers,105,54,0,2,2534,2544,56.3,27.2
2025-11-22,401823435,Chattanooga Mocs,North Alabama Lions,71,57,0,2,236,2453,44.6,42.0
2025-11-22,401823534,California Baptist Lancers,Grambling Tigers,72,59,0,2,2856,2755,58.7,37.8
2025-11-22,401823590,Radford Highlanders,UNC Wilmington Seahawks,73,81,0,2,2515,350,41.1,51.7
2025-11-22,401823637,Purdue Boilermakers,Texas Tech Red Raiders,86,56,1,2,2509,2641,58.6,33.3
2025-11-22,401823638,Memphis Tigers,Wake Forest Demon Deacons,68,69,1,2,235,154,41.1,37.7
2025-11-22,401823734,Cal State Bakersfield Roadrunners,Mississippi Valley State Delta Devils,86,70,0,2,2934,2400,41.7,43.1
2025-11-22,401823788,Grand Canyon Lopes,Northwestern State Demons,85,72,0,2,2253,2466,49.0,48.1
2025-11-22,401823810,Colorado State Rams,Denver Pioneers,81,83,0,2,36,2172,48.7,50.9
2025-11-22,401823859,Texas A&M Aggies,Manhattan Jaspers,109,68,0,2,245,2363,58.2,43.6
2025-11-22,401824025,Utah Tech Trailblazers,Nobel Knights,96,48,0,2,3101,130201,59.3,28.6
2025-11-22,401824058,Oregon State Beavers,Evansville Purple Aces,69,73,1,2,204,339,37.3,40.0
2025-11-22,401824071,Pepperdine Waves,Stephen F. Austin Lumberjacks,60,63,0,2,2492,2617,40.0,38.2
2025-11-22,401824112,San Diego Toreros,UC Riverside Highlanders,71,85,0,2,301,27,41.0,54.5
2025-11-22,401824121,Santa Clara Broncos,Louisiana Ragin' Cajuns,80,43,0,2,2541,309,41.7,25.0
2025-11-22,401824888,East Tennessee State Buccaneers,Morehead State Eagles,77,62,0,2,2193,2413,43.9,43.5
2025-11-22,401824949,Lipscomb Bisons,Western Carolina Catamounts,83,62,0,2,288,2717,45.7,43.6
2025-11-22,401825187,Texas State Bobcats,Little Rock Trojans,65,56,0,2,326,2031,52.0,37.0
2025-11-22,401825385,West Georgia Wolves,South Carolina Upstate Spartans,72,64,0,2,2698,2908,46.0,34.8
2025-11-22,401826729,Minnesota Golden Gophers,San Francisco Dons,65,77,1,2,135,2539,47.8,49.1
2025-11-22,401826763,Saint Peter's Peacocks,UMass Lowell River Hawks,68,66,0,2,2612,2349,36.4,52.2
2025-11-22,401826788,Arkansas Razorbacks,Jackson State Tigers,115,61,0,2,8,2296,63.9,34.4
2025-11-22,401826854,UAB Blazers,South Alabama Jaguars,80,72,0,2,5,6,45.9,47.2
2025-11-22,401826889,Penn State Nittany Lions,Providence Friars,65,77,1,2,213,2507,33.3,40.6
2025-11-22,401826919,St. Thomas Tommies,Northern Colorado Bears,73,72,1,2,2900,2458,43.8,45.3
2025-11-22,401827014,San José State Spartans,Southern Jaguars,80,66,0,2,23,2582,47.2,39.3
2025-11-22,401827489,Florida Gators,Merrimack Warriors,80,45,0,2,57,2771,43.5,28.6
2025-11-22,401827522,Norfolk State Spartans,Hampton Pirates,62,60,0,2,2450,2261,44.2,42.3
2025-11-22,401828283,Tulsa Golden Hurricane,Austin Peay Governors,84,75,0,2,202,2046,48.3,47.5
2025-11-22,401828682,New Haven Chargers,Vermont State Lyndon Hornets,122,51,0,2,2441,551,57.6,35.4
2025-11-22,401828907,Drake Bulldogs,Buena Vista Beavers,98,52,0,2,2181,63,60.9,34.0
2025-11-22,401829291,Nevada Wolf Pack,UC Santa Barbara Gauchos,77,64,0,2,2440,2540,47.9,40.4
2025-11-22,401829391,Prairie View A&M Panthers,UT Martin Skyhawks,68,69,1,2,2504,2630,35.7,46.8
2025-11-22,401829422,LSU Tigers,Omaha Mavericks,99,73,0,2,99,2437,52.4,39.4
2025-11-22,401829440,Wofford Terriers,Erskine Flying Fleet,81,57,0,2,2747,2215,54.5,44.4
2025-11-22,401829474,South Dakota State Jackrabbits,Georgia State Panthers,105,58,0,2,2571,2247,61.7,33.3
2025-11-22,401829487,Western Illinois Leathernecks,Coastal Carolina Chanticleers,64,84,0,2,2710,324,37.1,41.2
2025-11-22,401830881,UIC Flames,Southern Indiana Screaming Eagles,84,73,1,2,82,88,48.1,43.9
2025-11-22,401831194,New Mexico Lobos,Mississippi State Bulldogs,80,78,1,2,167,344,41.3,45.6
2025-11-22,401831195,Nebraska Cornhuskers,Kansas State Wildcats,86,85,1,2,158,2306,54.1,43.5
2025-11-22,401831206,Massachusetts Minutemen,Green Bay Phoenix,75,79,1,2,113,2739,41.8,49.0
2025-11-22,401831207,Oregon State Beavers,Iona Gaels,84,91,1,2,204,314,43.1,38.5
2025-11-23,401808728,George Washington Revolutionaries,McNeese Cowboys,86,92,1,2,45,2377,46.3,47.8
2025-11-23,401809418,Miami Hurricanes,Delaware State Hornets,97,41,0,2,2390,2169,61.3,25.9
2025-11-23,401812790,UConn Huskies,Bryant Bulldogs,72,49,0,2,41,2803,39.1,27.5
2025-11-23,401813258,Illinois State Redbirds,Coastal Carolina Chanticleers,94,42,0,2,2287,324,48.5,27.3
2025-11-23,401813351,Canisius Golden Griffins,Binghamton Bearcats,75,66,0,2,2099,2066,49.0,43.2
2025-11-23,401813400,Western Michigan Broncos,Mount St. Mary's Mountaineers,83,60,0,2,2711,116,48.4,40.4
2025-11-23,401817176,Richmond Spiders,Gardner-Webb Runnin' Bulldogs,102,67,0,2,257,2241,52.1,39.0
2025-11-23,401817233,Duke Blue Devils,Howard Bison,93,56,0,2,150,47,61.0,30.4
2025-11-23,401817446,Pittsburgh Panthers,Quinnipiac Bobcats,75,83,0,2,221,2514,44.3,57.1
2025-11-23,401817491,Virginia Cavaliers,Butler Bulldogs,73,80,1,2,258,2086,40.8,48.2
2025-11-23,401818371,Columbia Lions,Longwood Lancers,95,70,0,2,171,2344,51.5,47.3
2025-11-23,401818552,Maine Black Bears,Brown Bears,53,58,0,2,311,225,42.9,38.9
2025-11-23,401820545,UC Irvine Anteaters,Northern Iowa Panthers,69,70,0,2,300,2460,42.4,36.1
2025-11-23,401820554,Air Force Falcons,IU Indianapolis Jaguars,98,85,0,2,2005,85,58.7,44.3
2025-11-23,401820800,Charlotte 49ers,Shaw Bears,83,79,0,2,2429,2551,52.6,50.8
2025-11-23,401822312,Wichita State Shockers,Milwaukee Panthers,75,58,0,2,2724,270,41.7,35.6
2025-11-23,401822321,Indiana State Sycamores,Ball State Cardinals,70,52,0,2,282,2050,46.6,33.8
2025-11-23,401822737,VCU Rams,Coppin State Eagles,101,58,0,2,2670,2154,55.7,37.1
2025-11-23,401823173,Northern Colorado Bears,Cal State Fullerton Titans,97,93,1,2,2458,2239,45.0,45.1
2025-11-23,401823372,DePaul Blue Demons,Detroit Mercy Titans,95,75,0,2,305,2174,50.8,45.8
2025-11-23,401823402,Monmouth Hawks,Robert Morris Colonials,71,70,0,2,2405,2523,38.2,43.1
2025-11-23,401823445,Southern Miss Golden Eagles,North Florida Ospreys,92,83,1,2,2572,2454,57.8,58.8
2025-11-23,401823494,Furman Paladins,Queens University Royals,90,79,0,2,231,2511,53.3,47.5
2025-11-23,401823502,Central Arkansas Bears,Eastern Washington Eagles,92,65,0,2,2110,331,54.8,37.3
2025-11-23,401823512,Idaho Vandals,Eastern Oregon Mountaineers,97,68,0,2,70,2202,54.5,37.5
2025-11-23,401823517,Stetson Hatters,VMI Keydets,99,80,0,2,56,2678,59.0,46.2
2025-11-23,401823544,Southern Utah Thunderbirds,Nobel Knights,103,68,0,2,253,130201,54.1,41.4
2025-11-23,401823759,Wyoming Cowboys,Norfolk State Spartans,75,67,0,2,2751,2450,38.2,39.2
2025-11-23,401823869,Weber State Wildcats,UT Arlington Mavericks,73,74,0,2,2692,250,48.1,50.9
2025-11-23,401824090,Portland Pilots,Northern Colorado Bears,80,86,0,2,2501,2458,45.1,46.3
2025-11-23,401824091,Portland Pilots,St. Thomas Tommies,66,76,0,2,2501,2900,47.5,41.0
2025-11-23,401824889,East Tennessee State Buccaneers,UL Monroe Warhawks,97,55,0,2,2193,2433,59.1,33.3
2025-11-23,401825386,Georgia Tech Yellow Jackets,West Georgia Wolves,82,66,0,2,59,2698,54.1,39.1
2025-11-23,401826780,Oklahoma Sooners,Alcorn State Braves,72,53,0,2,201,2016,33.3,37.7
2025-11-23,401826914,Northwestern Wildcats,South Carolina Gamecocks,79,77,1,2,77,2579,56.6,45.9
2025-11-23,401827131,Miami (OH) RedHawks,Arkansas-Pine Bluff Golden Lions,111,84,0,2,193,2029,56.3,40.6
2025-11-23,401827154,SIU Edwardsville Cougars,Alabama State Hornets,83,68,1,2,2565,2011,45.9,32.8
2025-11-23,401827514,Drexel Dragons,Old Dominion Monarchs,75,71,0,2,2182,295,44.6,43.5
2025-11-23,401828291,Montana Grizzlies,Lamar Cardinals,63,68,0,2,149,2320,34.6,39.7
2025-11-23,401828303,Delaware Blue Hens,Southern Illinois Salukis,59,79,1,2,48,79,41.8,46.7
2025-11-23,401829279,South Dakota Coyotes,South Carolina State Bulldogs,82,81,0,2,233,2569,47.5,46.9
2025-11-23,401829457,North Dakota Fighting Hawks,Coastal Carolina Chanticleers,58,75,1,2,155,324,26.7,48.3
2025-11-23,401829505,Saint Mary's Gaels,UC Merced Bobcats,96,42,0,2,2608,3185,50.0,27.8
2025-11-23,401830116,UNC Greensboro Spartans,Youngstown State Penguins,68,62,1,2,2430,2754,43.6,36.5
2025-11-23,401830125,UL Monroe Warhawks,Morehead State Eagles,80,83,1,2,2433,2413,41.4,46.7
2025-11-23,401830880,High Point Panthers,Incarnate Word Cardinals,91,80,1,2,2272,2916,53.6,42.6
2025-11-23,401831204,Charleston Cougars,Yale Bulldogs,63,74,1,2,232,43,38.2,46.6
2025-11-23,401831212,North Florida Ospreys,Prairie View A&M Panthers,82,85,1,2,2454,2504,55.1,40.0
2025-11-23,401831213,Southern Miss Golden Eagles,UT Martin Skyhawks,70,60,1,2,2572,2630,51.9,45.7
2025-11-23,401831228,Boston College Eagles,Tulane Green Wave,90,93,1,2,103,2655,41.3,51.7
2025-11-23,401831230,Georgia Bulldogs,Clemson Tigers,94,97,1,2,61,228,48.5,46.4
2025-11-23,401831231,Xavier Musketeers,West Virginia Mountaineers,78,68,1,2,2752,277,45.5,43.1
2025-11-24,401809312,Towson Tigers,Rhode Island Rams,62,55,1,2,119,227,44.0,42.0
2025-11-24,401809393,Vermont Catamounts,Liberty Flames,73,79,1,2,261,2335,48.2,55.6
2025-11-24,401809394,UC San Diego Tritons,Temple Owls,91,76,1,2,28,218,62.5,42.4
2025-11-24,401812287,Fairleigh Dickinson Knights,East Texas A&M Lions,65,70,0,2,161,2837,48.0,43.3
2025-11-24,401812665,Holy Cross Crusaders,Siena Saints,69,73,0,2,107,2561,53.8,58.2
2025-11-24,401817146,Middle Tennessee Blue Raiders,George Washington Revolutionaries,79,92,1,2,2393,45,50.9,57.4
2025-11-24,401817256,NC State Wolfpack,Seton Hall Pirates,74,85,1,2,152,2550,42.4,51.8
2025-11-24,401817436,Kansas Jayhawks,Notre Dame Fighting Irish,71,61,1,2,2305,87,46.7,34.4
2025-11-24,401817481,Houston Cougars,Syracuse Orange,78,74,1,2,248,183,36.4,42.9
2025-11-24,401819826,Baylor Bears,Creighton Bluejays,81,74,1,2,239,156,43.1,46.6
2025-11-24,401819874,St. John's Red Storm,Iowa State Cyclones,82,83,1,2,2599,66,43.3,43.5
2025-11-24,401820212,Marshall Thundering Herd,Mercyhurst Lakers,69,60,0,2,276,2385,41.5,40.0
2025-11-24,401822997,Middle Tennessee Blue Raiders,Murray State Racers,90,87,1,2,2393,93,50.0,48.4
2025-11-24,401823344,Bethune-Cookman Wildcats,Jacksonville Dolphins,64,69,1,2,2065,294,44.4,47.2
2025-11-24,401823420,Bowling Green Falcons,Bucknell Bison,71,66,1,2,189,2083,44.7,46.7
2025-11-24,401823430,Buffalo Bulls,VMI Keydets,78,70,1,2,2084,2678,45.7,37.5
2025-11-24,401823818,Boise State Broncos,USC Trojans,67,70,1,2,68,30,41.3,44.4
2025-11-24,401824064,Pacific Tigers,Stony Brook Seawolves,86,58,1,2,279,2619,67.4,33.3
2025-11-24,401826045,UC Riverside Highlanders,Grambling Tigers,83,74,0,2,27,2755,55.3,43.4
2025-11-24,401826054,UMBC Retrievers,Notre Dame (MD) Gators,102,52,0,2,2378,128342,54.9,31.1
2025-11-24,401826701,Ohio Bobcats,George Mason Patriots,69,92,1,2,195,2244,41.4,46.4
2025-11-24,401826734,App State Mountaineers,Elon Phoenix,53,88,0,2,2026,2210,34.7,51.6
2025-11-24,401826872,Lamar Cardinals,Oakland Golden Grizzlies,68,83,1,2,2320,2473,39.7,51.8
2025-11-24,401827067,Jackson State Tigers,Winthrop Eagles,62,80,0,2,2296,2737,42.9,48.4
2025-11-24,401827435,Tennessee Volunteers,Rutgers Scarlet Knights,85,60,1,2,2633,164,50.8,36.5
2025-11-24,401827506,UTEP Miners,William & Mary Tribe,63,74,1,2,2638,2729,36.9,49.1
2025-11-24,401827731,Southern Illinois Salukis,UAB Blazers,73,81,1,2,79,5,43.3,44.8
2025-11-24,401828338,Kennesaw State Owls,Rice Owls,89,84,1,2,338,242,40.0,41.9
2025-11-24,401829456,Western Illinois Leathernecks,North Dakota Fighting Hawks,69,78,0,2,2710,155,45.3,49.1
2025-11-24,401829490,Youngstown State Penguins,Georgia Southern Eagles,67,61,1,2,2754,290,45.1,36.8
2025-11-24,401829680,Troy Trojans,Toledo Rockets,68,75,1,2,2653,2649,40.0,45.9
2025-11-24,401829681,Belmont Bruins,Saint Francis Red Wolves,94,57,1,2,2057,2598,58.6,33.9
2025-11-24,401831205,Evansville Purple Aces,Akron Zips,59,97,1,2,339,2006,43.5,56.1
2025-11-24,401831209,Evansville Purple Aces,Charleston Cougars,59,78,1,2,339,232,38.2,47.3
2025-11-24,401831210,Iona Gaels,Green Bay Phoenix,75,80,1,2,314,2739,40.3,39.1
2025-11-24,401831211,Oregon State Beavers,Massachusetts Minutemen,65,73,1,2,204,113,44.9,44.6
2025-11-24,401831229,Davidson Wildcats,Utah State Aggies,60,94,1,2,2166,328,39.6,59.3
2025-11-25,401808729,McNeese Cowboys,Murray State Racers,73,60,1,2,2377,93,41.4,31.6
2025-11-25,401808730,McNeese Cowboys,Middle Tennessee Blue Raiders,72,62,1,2,2377,2393,37.9,42.3
2025-11-25,401808896,Mississippi State Bulldogs,LSU New Orleans Privateers,81,78,0,2,344,2443,43.1,37.7
2025-11-25,401809395,Bradley Braves,Princeton Tigers,88,64,1,2,71,163,54.5,48.9
2025-11-25,401812263,Alabama Crimson Tide,Gonzaga Bulldogs,85,95,1,2,333,2250,46.3,48.6
2025-11-25,401812357,Missouri State Bears,Long Island University Sharks,61,75,0,2,2623,112358,40.0,60.4
2025-11-25,401812647,Central Connecticut Blue Devils,Sacred Heart Pioneers,108,106,0,2,2115,2529,61.3,50.7
2025-11-25,401813278,Morgan State Bears,Drexel Dragons,66,71,0,2,2415,2182,43.6,42.3
2025-11-25,401813401,Ohio State Buckeyes,Mount St. Mary's Mountaineers,113,60,0,2,194,116,64.1,37.3
2025-11-25,401817158,Loyola Chicago Ramblers,Northern Iowa Panthers,51,72,1,2,2350,2460,29.8,45.5
2025-11-25,401817198,North Carolina Tar Heels,St. Bonaventure Bonnies,85,70,1,2,153,179,50.9,41.4
2025-11-25,401817244,Louisville Cardinals,Eastern Michigan Eagles,87,46,0,2,97,2199,48.4,28.1
2025-11-25,401817437,Notre Dame Fighting Irish,Rutgers Scarlet Knights,68,63,1,2,87,164,49.1,39.2
2025-11-25,401817458,SMU Mustangs,Radford Highlanders,89,72,0,2,2567,2515,45.8,33.3
2025-11-25,401817482,Kansas Jayhawks,Syracuse Orange,71,60,1,2,2305,183,44.4,31.7
2025-11-25,401819818,Texas Longhorns,Arizona State Sun Devils,86,87,1,2,251,9,54.5,48.1
2025-11-25,401819827,Baylor Bears,St. John's Red Storm,81,96,1,2,239,2599,37.2,57.4
2025-11-25,401819844,Cincinnati Bearcats,NJIT Highlanders,94,67,0,2,2132,2885,49.3,35.5
2025-11-25,401819875,Iowa State Cyclones,Creighton Bluejays,78,60,1,2,66,156,49.2,37.9
2025-11-25,401820188,Loyola Maryland Greyhounds,Washington Maryland Shoremen,101,51,0,2,2352,2689,57.6,25.8
2025-11-25,401820400,Maryland Terrapins,UNLV Rebels,74,67,1,2,120,2439,42.4,36.7
2025-11-25,401820810,East Carolina Pirates,Michigan State Spartans,56,89,1,2,151,127,33.3,50.7
2025-11-25,401822393,Lindenwood Lions,Kansas City Roos,80,67,0,2,2815,140,45.8,42.3
2025-11-25,401823216,The Citadel Bulldogs,Bellarmine Knights,58,70,0,2,2643,91,37.3,50.0
2025-11-25,401823229,Florida Gulf Coast Eagles,Oral Roberts Golden Eagles,93,88,0,2,526,198,56.4,53.7
2025-11-25,401823386,Northern Kentucky Norse,Eastern Kentucky Colonels,82,71,0,2,94,2198,45.8,41.7
2025-11-25,401823436,North Alabama Lions,UT Southern Firehawks,92,60,0,2,2453,2370,55.4,38.2
2025-11-25,401823478,Oregon Ducks,Auburn Tigers,73,84,1,2,2483,2,37.7,46.2
2025-11-25,401823535,California Baptist Lancers,San Diego Toreros,76,61,1,2,2856,301,45.1,46.3
2025-11-25,401823764,Michigan Wolverines,San Diego State Aztecs,94,54,1,2,130,21,50.0,27.4
2025-11-25,401824042,Loyola Marymount Lions,Florida Atlantic Owls,65,76,1,2,2351,2226,40.0,45.0
2025-11-25,401824137,Chaminade Silverswords,Washington State Cougars,85,90,0,2,2124,265,50.8,52.6
2025-11-25,401824812,Houston Cougars,Tennessee Volunteers,73,76,1,2,248,2633,45.9,47.1
2025-11-25,401824899,Hawai'i Rainbow Warriors,Hawaiʻi Pacific Sea Warriors,88,76,0,2,62,2269,47.3,39.1
2025-11-25,401825590,Northern Arizona Lumberjacks,Cal Poly Mustangs,93,87,0,2,2464,13,52.4,46.3
2025-11-25,401826089,UC Davis Aggies,Louisiana Ragin' Cajuns,77,56,0,2,302,309,54.5,33.3
2025-11-25,401826740,Arizona Wildcats,Denver Pioneers,103,73,0,2,12,2172,57.7,40.0
2025-11-25,401826815,Army Black Knights,East Texas A&M Lions,67,84,1,2,349,2837,39.3,50.0
2025-11-25,401826950,South Dakota State Jackrabbits,Utah Valley Wolverines,52,75,1,2,2571,3084,33.3,46.8
2025-11-25,401827181,Illinois Fighting Illini,UT Rio Grande Valley Vaqueros,87,73,0,2,356,292,50.0,39.7
2025-11-25,401827214,Texas State Bobcats,Texas Lutheran Bulldogs,93,41,0,2,326,2639,53.5,30.8
2025-11-25,401827507,Abilene Christian Wildcats,William & Mary Tribe,58,92,1,2,2000,2729,38.3,64.7
2025-11-25,401827732,UAB Blazers,UTEP Miners,75,59,1,2,5,2638,40.7,40.8
2025-11-25,401828284,San José State Spartans,Tulsa Golden Hurricane,51,81,1,2,23,202,33.3,53.6
2025-11-25,401828304,Delaware Blue Hens,UNC Greensboro Spartans,73,60,1,2,48,2430,51.9,30.2
2025-11-25,401828310,Arkansas State Red Wolves,Jacksonville State Gamecocks,74,63,0,2,2032,55,40.4,36.4
2025-11-25,401828339,Oral Roberts Golden Eagles,Kennesaw State Owls,91,83,1,2,198,338,56.3,45.8
2025-11-25,401828672,American University Eagles,Marywood Pacers,113,53,0,2,44,2374,60.6,33.8
2025-11-25,401829045,Florida International Panthers,James Madison Dukes,72,80,0,2,2229,256,34.8,35.3
2025-11-25,401829387,UNC Asheville Bulldogs,Tennessee State Tigers,73,75,0,2,2427,2634,58.1,43.9
2025-11-25,401829433,Georgia State Panthers,Samford Bulldogs,63,78,1,2,2247,2535,25.8,48.0
2025-11-25,401830347,Abilene Christian Wildcats,UTSA Roadrunners,61,50,1,2,2000,2636,34.5,36.4
2025-11-25,401830410,UC Santa Barbara Gauchos,Nobel Knights,84,49,0,2,2540,130201,57.9,41.5
2025-11-25,401830888,Liberty Flames,Towson Tigers,69,72,1,2,2335,119,45.8,50.0
2025-11-25,401830889,Vermont Catamounts,Rhode Island Rams,65,80,1,2,261,227,41.7,48.0
2025-11-25,401830890,Bradley Braves,UC San Diego Tritons,77,87,1,2,71,28,41.9,46.4
2025-11-25,401831196,USC Trojans,Seton Hall Pirates,83,81,1,2,30,2550,50.0,56.1
2025-11-25,401831198,Boise State Broncos,NC State Wolfpack,70,81,1,2,68,152,33.9,50.0
2025-11-25,401831208,Akron Zips,Yale Bulldogs,94,97,1,2,2006,43,62.3,64.2
2025-11-25,401831234,Ohio Bobcats,Loyola Marymount Lions,58,70,1,2,195,2351,31.5,41.3
2025-11-25,401831236,Bethune-Cookman Wildcats,Stony Brook Seawolves,54,61,1,2,2065,2619,30.0,36.8
2025-11-25,401831237,Jacksonville Dolphins,Pacific Tigers,53,68,1,2,294,279,37.3,40.4
2025-11-26,401808897,Texas Tech Red Raiders,LSU New Orleans Privateers,82,50,0,2,2641,2443,43.8,37.0
2025-11-26,401812264,Alabama Crimson Tide,UNLV Rebels,115,76,1,2,333,2439,55.4,42.3
2025-11-26,401812288,Fairleigh Dickinson Knights,Army Black Knights,73,81,0,2,161,349,38.1,43.4
2025-11-26,401812606,Boston College Eagles,Harvard Crimson,73,60,0,2,103,108,44.1,41.7
2025-11-26,401812630,Rider Broncs,Coppin State Eagles,65,68,0,2,2520,2154,30.0,42.2
2025-11-26,401812666,Holy Cross Crusaders,Worcester State Lancers,77,53,0,2,107,402,41.9,33.9
2025-11-26,401813323,Marist Red Foxes,Lehigh Mountain Hawks,78,55,0,2,2368,2329,46.7,35.6
2025-11-26,401813450,Duquesne Dukes,Central State Marauders,101,80,0,2,2184,2119,64.4,46.3
2025-11-26,401813762,California Golden Bears,UCLA Bruins,80,72,1,2,25,26,44.8,40.6
2025-11-26,401817147,George Washington Revolutionaries,Murray State Racers,95,96,1,2,45,93,50.8,52.9
2025-11-26,401817522,Colorado State Rams,Virginia Tech Hokies,64,66,1,2,36,259,45.8,45.1
2025-11-26,401817532,Wake Forest Demon Deacons,Campbell Fighting Camels,99,51,0,2,154,2097,54.8,27.1
2025-11-26,401818553,New Hampshire Wildcats,Brown Bears,47,59,0,2,160,225,30.0,43.1
2025-11-26,401819892,Indiana Hoosiers,Kansas State Wildcats,86,69,0,2,84,2306,47.4,42.1
2025-11-26,401819910,Grand Canyon Lopes,Utah Utes,68,58,1,2,2253,254,39.7,41.2
2025-11-26,401820153,Gardner-Webb Runnin' Bulldogs,Navy Midshipmen,51,84,1,2,2241,2426,37.3,50.9
2025-11-26,401820226,UC Irvine Anteaters,New Mexico State Aggies,45,57,1,2,300,166,26.7,37.5
2025-11-26,401820227,New Mexico State Aggies,Georgia State Panthers,77,58,1,2,166,2247,38.2,31.3
2025-11-26,401820555,Air Force Falcons,Northern Colorado Bears,53,71,0,2,2005,2458,41.2,53.8
2025-11-26,401820580,UCF Knights,Quinnipiac Bobcats,102,91,0,2,2116,2514,52.9,44.6
2025-11-26,401820617,Bryant Bulldogs,Mercy Mavericks,87,61,0,2,2803,2384,50.0,32.3
2025-11-26,401820842,Charleston Southern Buccaneers,Piedmont Lions,93,81,0,2,2127,2496,44.9,40.8
2025-11-26,401822313,Milwaukee Panthers,Dominican (IL) Dominican,125,70,0,2,270,2936,60.5,42.6
2025-11-26,401822333,Valparaiso Beacons,Southern Indiana Screaming Eagles,56,64,0,2,2674,88,29.1,35.7
2025-11-26,401822343,Purdue Fort Wayne Mastodons,Chicago State Cougars,90,77,0,2,2870,2130,60.4,48.3
2025-11-26,401822352,Stonehill Skyhawks,UMass Lowell River Hawks,64,75,0,2,284,2349,32.9,43.8
2025-11-26,401822358,Central Arkansas Bears,Eastern Illinois Panthers,81,60,0,2,2110,2197,55.6,43.1
2025-11-26,401822668,Saint Joseph's Hawks,Rutgers-Camden RUTGERS-CAMDEN,100,61,0,2,2603,370,57.6,32.0
2025-11-26,401822738,VCU Rams,South Florida Bulls,78,66,1,2,2670,58,38.7,38.8
2025-11-26,401823040,Maryland Eastern Shore Hawks,Hampton Pirates,68,74,0,2,2379,2261,43.4,50.0
2025-11-26,401823217,Bellarmine Knights,Houston Christian Huskies,74,69,0,2,91,2277,59.5,49.0
2025-11-26,401823230,Florida Gulf Coast Eagles,Rice Owls,78,63,0,2,526,242,39.7,37.7
2025-11-26,401823353,Idaho State Bengals,Sam Houston Bearkats,81,84,1,2,304,2534,45.7,45.0
2025-11-26,401823362,Western Kentucky Hilltoppers,Vanderbilt Commodores,78,83,1,2,98,238,37.1,45.3
2025-11-26,401823387,Northern Kentucky Norse,Wofford Terriers,93,83,0,2,94,2747,51.7,40.7
2025-11-26,401823403,Robert Morris Colonials,UIC Flames,88,74,0,2,2523,82,48.4,39.3
2025-11-26,401823411,Stetson Hatters,Wright State Raiders,62,79,0,2,56,2750,43.9,52.5
2025-11-26,401823421,VMI Keydets,Bowling Green Falcons,48,81,1,2,2678,189,20.0,46.9
2025-11-26,401823431,Bucknell Bison,Buffalo Bulls,71,73,1,2,2083,2084,47.4,44.4
2025-11-26,401823456,Central Michigan Chippewas,Adrian Bulldogs,112,67,0,2,2117,2003,63.8,33.3
2025-11-26,401823464,Austin Peay Governors,Northern Illinois Huskies,77,59,0,2,2046,2459,52.9,41.7
2025-11-26,401823479,Michigan Wolverines,Auburn Tigers,102,72,1,2,130,2,51.5,35.5
2025-11-26,401823487,Mercer Bears,App State Mountaineers,75,67,0,2,2382,2026,40.7,45.9
2025-11-26,401823503,North Texas Mean Green,Eastern Washington Eagles,79,71,0,2,249,331,43.3,39.7
2025-11-26,401823564,Villanova Wildcats,Old Dominion Monarchs,89,75,0,2,222,295,53.6,45.3
2025-11-26,401823649,Iowa Hawkeyes,Ole Miss Rebels,74,69,1,2,2294,145,42.9,46.9
2025-11-26,401823735,Florida State Seminoles,Cal State Bakersfield Roadrunners,89,59,0,2,52,2934,44.6,38.9
2025-11-26,401823765,Oregon Ducks,San Diego State Aztecs,80,97,1,2,2483,21,40.3,67.2
2025-11-26,401823860,Manhattan Jaspers,Wagner Seahawks,101,103,0,2,2363,2681,44.9,57.8
2025-11-26,401824026,Utah Tech Trailblazers,Portland State Vikings,63,68,0,2,3101,2502,43.9,39.7
2025-11-26,401824033,Gonzaga Bulldogs,Maryland Terrapins,100,61,1,2,2250,120,57.8,36.4
2025-11-26,401824359,Penn State Nittany Lions,Boston University Terriers,96,87,0,2,213,104,57.7,57.4
2025-11-26,401824950,Marshall Thundering Herd,Lipscomb Bisons,67,90,0,2,276,288,35.5,52.6
2025-11-26,401826873,Montana Grizzlies,Oakland Golden Grizzlies,87,95,0,2,149,2473,50.8,50.0
2025-11-26,401826929,Sacramento State Hornets,San Francisco State Gators,94,46,0,2,16,22,47.9,23.8
2025-11-26,401826941,Presbyterian Blue Hose,Columbia International Rams,93,50,0,2,2506,3242,63.6,36.7
2025-11-26,401826951,Utah Valley Wolverines,Samford Bulldogs,89,45,1,2,3084,2535,56.5,25.4
2025-11-26,401827061,South Carolina Upstate Spartans,North Carolina Central Eagles,82,67,0,2,2908,2428,50.9,31.7
2025-11-26,401827068,Nebraska Cornhuskers,Winthrop Eagles,80,73,0,2,158,2737,42.0,37.7
2025-11-26,401827485,Cleveland State Vikings,Waynesburg Yellow Jackets,109,56,0,2,325,2845,55.0,29.3
2025-11-26,401828311,Jacksonville State Gamecocks,North Dakota State Bison,43,56,1,2,55,2449,26.0,38.0
2025-11-26,401828497,Incarnate Word Cardinals,Texas Lutheran Bulldogs,117,55,0,2,2916,2639,61.2,32.8
2025-11-26,401828683,New Haven Chargers,Salve Regina Seahawks,78,47,0,2,2441,2776,45.6,32.7
2025-11-26,401828721,Norfolk State Spartans,Virginia Lynchburg Dragons,136,79,0,2,2450,3229,69.0,41.7
2025-11-26,401829046,Florida International Panthers,Omaha Mavericks,74,61,0,2,2229,2437,40.6,36.4
2025-11-26,401829280,Missouri Tigers,South Carolina State Bulldogs,98,66,0,2,142,2569,52.3,37.5
2025-11-26,401829348,Cal Poly Mustangs,Southeast Missouri State Redhawks,68,84,1,2,13,2546,29.6,45.6
2025-11-26,401829392,UT Martin Skyhawks,Brescia Bearcats,75,50,0,2,2630,2855,41.2,26.7
2025-11-26,401829427,Texas A&M Aggies,Mississippi Valley State Delta Devils,120,84,0,2,245,2400,50.0,50.8
2025-11-26,401829467,James Madison Dukes,Omaha Mavericks,88,77,1,2,256,2437,55.2,49.2
2025-11-26,401829491,Georgia Southern Eagles,UTSA Roadrunners,64,77,1,2,290,2636,30.4,38.3
2025-11-26,401829616,Rice Owls,Oral Roberts Golden Eagles,81,62,1,2,242,198,50.9,38.3
2025-11-26,401830009,Cornell Big Red,Misericordia Cougars,114,70,0,2,172,111902,52.6,40.3
2025-11-26,401830117,UNC Greensboro Spartans,Miami (OH) RedHawks,71,82,1,2,2430,193,42.6,47.5
2025-11-26,401830237,Howard Bison,St. Mary's (MD) Seahawks,115,61,0,2,47,117,62.3,34.0
2025-11-26,401830746,Loyola Chicago Ramblers,San José State Spartans,51,63,1,2,2350,23,47.5,42.6
2025-11-26,401830747,Tulsa Golden Hurricane,Northern Iowa Panthers,63,60,1,2,202,2460,40.8,40.4
2025-11-26,401830882,Toledo Rockets,Belmont Bruins,72,87,1,2,2649,2057,44.1,58.3
2025-11-26,401830883,Troy Trojans,Saint Francis Red Wolves,74,64,1,2,2653,2598,46.3,40.0
2025-11-26,401830891,Princeton Tigers,Temple Owls,75,79,1,2,163,218,49.1,56.4
2025-11-26,401830892,UC San Diego Tritons,Towson Tigers,87,73,1,2,28,119,60.4,38.5
2025-11-26,401830893,Bradley Braves,Liberty Flames,74,64,1,2,71,2335,50.9,45.8
2025-11-26,401830915,Princeton Tigers,Vermont Catamounts,74,79,1,2,163,261,49.2,51.7
2025-11-26,401831197,Arizona State Sun Devils,Washington State Cougars,100,94,1,2,9,265,58.9,52.7
2025-11-26,401831199,Chaminade Silverswords,Texas Longhorns,78,119,0,2,2124,251,37.3,65.8
2025-11-26,401831200,Arizona State Sun Devils,USC Trojans,75,88,1,2,9,30,42.3,59.6
2025-11-26,401831201,Washington State Cougars,Seton Hall Pirates,61,75,1,2,265,2550,41.5,56.6
2025-11-26,401831216,Iowa State Cyclones,Syracuse Orange,95,64,1,2,66,183,59.0,39.3
2025-11-26,401831217,Houston Cougars,Notre Dame Fighting Irish,66,56,1,2,248,87,33.9,34.0
2025-11-26,401831235,Florida Atlantic Owls,George Mason Patriots,65,74,1,2,2226,2244,43.9,49.0
2025-11-26,401831378,Delaware State Hornets,Virginia State Trojans,58,62,1,2,2169,330,36.6,45.8
2025-11-27,401809047,Florida Gators,TCU Horned Frogs,80,84,1,2,57,2628,45.5,47.5
2025-11-27,401809397,Furman Paladins,Richmond Spiders,73,72,1,2,231,257,51.9,40.7
2025-11-27,401809398,Illinois State Redbirds,Charlotte 49ers,79,69,1,2,2287,2429,48.1,44.2
2025-11-27,401809419,Miami Hurricanes,BYU Cougars,62,72,1,2,2390,252,37.9,45.5
2025-11-27,401817199,East Carolina Pirates,St. Bonaventure Bonnies,58,67,1,2,151,179,29.1,40.7
2025-11-27,401817245,Louisville Cardinals,NJIT Highlanders,104,47,0,2,97,2885,49.3,31.0
2025-11-27,401817267,North Carolina Tar Heels,Michigan State Spartans,58,74,1,2,153,127,38.2,51.7
2025-11-27,401818372,Fairfield Stags,Columbia Lions,77,106,0,2,2217,171,40.8,62.5
2025-11-27,401819845,Cincinnati Bearcats,Eastern Michigan Eagles,56,64,0,2,2132,2199,33.9,43.2
2025-11-27,401819865,Colorado Buffaloes,San Francisco Dons,79,69,1,2,38,2539,47.8,44.1
2025-11-27,401823231,Florida Gulf Coast Eagles,Kennesaw State Owls,100,102,0,2,526,338,44.9,50.8
2025-11-27,401823259,Cal State Northridge Matadors,Idaho Vandals,64,78,1,2,2463,70,36.1,36.7
2025-11-27,401823309,Portland Pilots,Long Beach State Beach,93,73,0,2,2501,299,70.0,43.3
2025-11-27,401823591,UNC Wilmington Seahawks,SE Louisiana Lions,70,57,0,2,350,2545,44.7,39.7
2025-11-27,401823760,Wyoming Cowboys,Denver Pioneers,101,59,0,2,2751,2172,56.1,34.4
2025-11-27,401824072,Fresno State Bulldogs,Pepperdine Waves,76,53,1,2,278,2492,48.4,31.3
2025-11-27,401825591,Northern Arizona Lumberjacks,Southeast Missouri State Redhawks,79,72,0,2,2464,2546,52.8,44.1
2025-11-27,401826798,Memphis Tigers,Southern Illinois Salukis,74,58,0,2,235,79,43.1,31.0
2025-11-27,401826832,Kentucky Wildcats,Tennessee Tech Golden Eagles,104,54,0,2,96,2635,59.1,33.3
2025-11-27,401826881,Wichita State Shockers,Saint Mary's Gaels,65,70,1,2,2724,2608,41.1,39.0
2025-11-27,401826890,Wisconsin Badgers,Providence Friars,104,83,1,2,275,2507,48.1,44.8
2025-11-27,401826899,Louisiana Tech Bulldogs,Indiana State Sycamores,75,73,0,2,2348,282,50.8,51.8
2025-11-27,401827007,Texas Southern Tigers,College of Biblical Studies Ambassadors,102,44,0,2,2640,128256,59.4,24.5
2025-11-27,401827155,New Mexico Lobos,Alabama State Hornets,93,87,0,2,167,2011,50.0,51.8
2025-11-27,401827268,Washington Huskies,Nevada Wolf Pack,83,66,1,2,264,2440,43.6,37.3
2025-11-27,401828333,The Citadel Bulldogs,Houston Christian Huskies,65,72,0,2,2643,2277,40.7,53.8
2025-11-27,401829475,UC Irvine Anteaters,South Dakota State Jackrabbits,64,52,1,2,300,2571,38.8,31.7
2025-11-27,401830744,Grand Canyon Lopes,Iowa Hawkeyes,46,59,1,2,2253,2294,40.5,40.4
2025-11-27,401830745,Ole Miss Rebels,Utah Utes,74,75,1,2,145,254,50.0,47.2
2025-11-27,401830752,Vanderbilt Commodores,VCU Rams,89,74,1,2,238,2670,52.9,35.7
2025-11-27,401830753,Virginia Tech Hokies,Saint Mary's Gaels,66,77,1,2,259,2608,30.9,51.9
2025-11-27,401830875,Western Kentucky Hilltoppers,South Florida Bulls,91,97,1,2,98,58,44.9,39.5
2025-11-27,401830894,Temple Owls,Rhode Island Rams,75,90,1,2,218,227,44.9,55.2
2025-11-27,401831202,Texas Longhorns,NC State Wolfpack,102,97,1,2,251,152,55.8,53.1
2025-11-27,401831203,Chaminade Silverswords,Boise State Broncos,76,102,1,2,2124,68,40.9,60.9
2025-11-27,401831214,Michigan Wolverines,Gonzaga Bulldogs,101,61,1,2,130,2250,60.0,33.8
2025-11-27,401831215,Tennessee Volunteers,Kansas Jayhawks,76,81,1,2,2633,2305,41.3,42.1
2025-11-27,401831218,Auburn Tigers,St. John's Red Storm,85,74,1,2,2,2599,54.7,38.3
2025-11-27,401831219,San Diego State Aztecs,Baylor Bears,81,91,1,2,21,239,47.5,52.6
2025-11-27,401831220,Alabama Crimson Tide,Maryland Terrapins,105,72,1,2,333,120,57.6,36.8
2025-11-27,401831221,Creighton Bluejays,Oregon Ducks,76,66,1,2,156,2483,44.1,42.0
2025-11-27,401831222,Rutgers Scarlet Knights,UNLV Rebels,80,65,1,2,164,2439,42.1,39.7
2025-11-28,401809396,Dayton Flyers,Georgetown Hoyas,84,79,1,2,2168,46,40.7,44.4
2025-11-28,401811096,UConn Huskies,Illinois Fighting Illini,74,61,1,2,41,356,41.3,31.7
2025-11-28,401812276,Northwestern Wildcats,Oklahoma State Cowboys,81,86,0,2,77,197,50.0,42.9
2025-11-28,401812578,Pennsylvania Quakers,Merrimack Warriors,77,65,0,2,219,2771,53.4,37.3
2025-11-28,401817187,Saint Louis Billikens,Santa Clara Broncos,71,70,1,2,139,2541,44.1,37.1
2025-11-28,401817234,Arkansas Razorbacks,Duke Blue Devils,71,80,1,2,8,150,40.6,49.2
2025-11-28,401817469,Minnesota Golden Gophers,Stanford Cardinal,68,72,1,2,135,24,51.1,37.3
2025-11-28,401817492,Virginia Cavaliers,Queens University Royals,94,69,0,2,258,2511,53.3,38.1
2025-11-28,401817533,Wake Forest Demon Deacons,Northeastern Huskies,86,73,0,2,154,111,55.2,51.0
2025-11-28,401820154,UNC Wilmington Seahawks,Navy Midshipmen,87,57,0,2,350,2426,55.2,32.8
2025-11-28,401820487,Xavier Musketeers,Texas A&M-Corpus Christi Islanders,88,67,0,2,2752,357,45.6,38.8
2025-11-28,401820826,Butler Bulldogs,Wright State Raiders,94,69,0,2,2086,2750,57.1,42.3
2025-11-28,401820843,South Carolina Gamecocks,Charleston Southern Buccaneers,74,62,0,2,2579,2127,41.7,35.7
2025-11-28,401822182,La Salle Explorers,Hofstra Pride,58,63,1,2,2325,2275,39.7,40.7
2025-11-28,401822322,Ball State Cardinals,Monmouth Hawks,73,80,1,2,2050,2405,45.3,49.2
2025-11-28,401822344,Youngstown State Penguins,Chicago State Cougars,87,64,0,2,2754,2130,50.8,37.7
2025-11-28,401822359,Purdue Boilermakers,Eastern Illinois Panthers,109,62,0,2,2509,2197,63.1,46.3
2025-11-28,401822835,Siena Saints,Longwood Lancers,70,63,1,2,2561,2344,51.0,41.5
2025-11-28,401823026,Marquette Golden Eagles,Oklahoma Sooners,74,75,1,2,269,201,40.3,47.5
2025-11-28,401823260,Idaho State Bengals,Cal State Northridge Matadors,82,50,1,2,304,2463,48.3,20.3
2025-11-28,401823396,Purdue Fort Wayne Mastodons,Holy Cross (IN) Saints,92,59,0,2,2870,103524,55.2,35.7
2025-11-28,401823404,Robert Morris Colonials,Southern Utah Thunderbirds,61,54,0,2,2523,253,40.3,38.5
2025-11-28,401823526,Abilene Christian Wildcats,Jarvis Christian Bulldogs,87,55,0,2,2000,2299,51.6,37.0
2025-11-28,401823592,Gardner-Webb Runnin' Bulldogs,SE Louisiana Lions,68,76,1,2,2241,2545,46.7,41.1
2025-11-28,401824127,Seattle U Redhawks,Texas State Bobcats,66,52,1,2,2547,326,51.0,39.3
2025-11-28,401826710,Florida State Seminoles,Texas A&M Aggies,59,95,1,2,52,245,28.8,44.1
2025-11-28,401826748,Tulane Green Wave,Nicholls Colonels,82,72,0,2,2655,2447,51.9,49.1
2025-11-28,401826857,Lafayette Leopards,Le Moyne Dolphins,63,76,0,2,322,2330,35.1,49.2
2025-11-28,401826998,Tarleton State Texans,Midwestern State Mustangs,67,57,0,2,2627,2395,39.0,40.0
2025-11-28,401827486,Missouri Tigers,Cleveland State Vikings,86,59,0,2,142,325,47.8,36.8
2025-11-28,401827733,Davidson Wildcats,North Carolina A&T Aggies,90,74,0,2,2166,2448,56.4,51.1
2025-11-28,401827755,Eastern Michigan Eagles,NJIT Highlanders,73,55,0,2,2199,2885,50.0,36.5
2025-11-28,401828915,Alcorn State Braves,Indiana State Sycamores,81,74,1,2,2016,282,50.8,37.5
2025-11-28,401829343,SIU Edwardsville Cougars,Missouri Baptist Spartans,92,55,0,2,2565,2880,53.8,37.9
2025-11-28,401829395,American University Eagles,Maine Black Bears,74,61,0,2,44,311,45.3,50.0
2025-11-28,401829415,Lehigh Mountain Hawks,UC Santa Barbara Gauchos,70,72,1,2,2329,2540,41.3,37.5
2025-11-28,401829431,Chattanooga Mocs,Tennessee Wesleyan Bulldogs,109,59,0,2,236,2632,56.0,31.1
2025-11-28,401829463,Arkansas State Red Wolves,North Dakota State Bison,85,80,0,2,2032,2449,39.7,39.1
2025-11-28,401830741,Fordham Rams,Franklin Pierce Ravens,74,72,1,2,2230,144,44.6,45.2
2025-11-28,401830748,Nevada Wolf Pack,San Francisco Dons,81,65,1,2,2440,2539,47.6,38.8
2025-11-28,401830749,Colorado Buffaloes,Washington Huskies,81,68,1,2,38,264,46.3,33.3
2025-11-28,401830754,Colorado State Rams,Wichita State Shockers,76,70,1,2,36,2724,55.8,43.8
2025-11-28,401830876,South Florida Bulls,Colorado State Rams,68,83,1,2,58,36,36.2,61.2
2025-11-28,401830878,VCU Rams,Virginia Tech Hokies,86,68,1,2,2670,259,52.6,44.4
2025-11-28,401830879,Vanderbilt Commodores,Saint Mary's Gaels,96,71,1,2,238,2608,52.2,44.2
2025-11-28,401830916,Illinois State Redbirds,Furman Paladins,72,65,1,2,2287,231,45.6,45.5
2025-11-28,401830917,Charlotte 49ers,Richmond Spiders,66,71,1,2,2429,257,43.1,45.8
2025-11-28,401831223,Florida Gators,Providence Friars,90,78,1,2,57,2507,42.4,43.3
2025-11-28,401831224,TCU Horned Frogs,Wisconsin Badgers,74,63,1,2,2628,275,46.7,34.5
2025-11-29,401811108,South Dakota Coyotes,Air Force Falcons,80,63,1,2,233,2005,48.3,40.9
2025-11-29,401812383,Saint Francis Red Wolves,Franciscan Barons,85,60,0,2,2598,111170,52.6,30.6
2025-11-29,401812579,Pennsylvania Quakers,La Salle Explorers,73,71,0,2,219,2325,50.0,42.3
2025-11-29,401812607,Harvard Crimson,Bryant Bulldogs,56,53,0,2,108,2803,41.4,32.8
2025-11-29,401813352,Canisius Golden Griffins,Buffalo Bulls,53,71,0,2,2099,2084,37.0,41.5
2025-11-29,401813379,Niagara Purple Eagles,Detroit Mercy Titans,66,70,0,2,315,2174,44.6,40.0
2025-11-29,401813402,Mount St. Mary's Mountaineers,Howard Bison,79,75,0,2,116,47,51.8,38.2
2025-11-29,401817447,Pittsburgh Panthers,Ohio State Buckeyes,67,66,0,2,221,194,37.7,42.6
2025-11-29,401817459,Mississippi State Bulldogs,SMU Mustangs,81,87,0,2,344,2567,38.6,44.4
2025-11-29,401818533,Columbia Lions,Sarah Lawrence Gryphons,92,44,0,2,171,108862,54.9,25.4
2025-11-29,401820155,Navy Midshipmen,SE Louisiana Lions,65,69,1,2,2426,2545,42.9,53.3
2025-11-29,401820626,Longwood Lancers,Maine Black Bears,65,61,1,2,2344,311,53.3,43.4
2025-11-29,401822323,Lafayette Leopards,Ball State Cardinals,55,37,0,2,322,2050,33.3,22.0
2025-11-29,401822334,Valparaiso Beacons,Western Michigan Broncos,84,55,0,2,2674,2711,45.5,38.2
2025-11-29,401822836,American University Eagles,Siena Saints,55,59,0,2,44,2561,36.0,40.9
2025-11-29,401823174,Cal State Fullerton Titans,Pepperdine Waves,83,69,0,2,2239,2492,47.9,40.0
2025-11-29,401823354,Idaho Vandals,Sam Houston Bearkats,68,94,1,2,70,2534,44.6,55.4
2025-11-29,401823378,IU Indianapolis Jaguars,Morehead State Eagles,85,80,0,2,85,2413,45.7,41.0
2025-11-29,401823388,Northern Kentucky Norse,Boston University Terriers,74,65,0,2,94,104,38.3,56.1
2025-11-29,401823446,North Florida Ospreys,Trinity College of Jacksonville Eagles,111,67,0,2,2454,3174,51.4,38.1
2025-11-29,401823488,Elon Phoenix,Mercer Bears,84,91,0,2,2210,2382,41.8,46.7
2025-11-29,401823518,UCF Knights,VMI Keydets,82,57,0,2,2116,2678,40.0,27.9
2025-11-29,401823545,Stetson Hatters,Southern Utah Thunderbirds,68,70,1,2,56,253,46.6,47.3
2025-11-29,401823593,UNC Wilmington Seahawks,Gardner-Webb Runnin' Bulldogs,88,62,0,2,350,2241,51.6,36.2
2025-11-29,401823725,Penn State Nittany Lions,Sacred Heart Pioneers,90,59,0,2,213,2529,54.2,37.0
2025-11-29,401823861,Army Black Knights,Manhattan Jaspers,81,78,0,2,349,2363,45.5,41.5
2025-11-29,401823870,UT Arlington Mavericks,Stephen F. Austin Lumberjacks,66,61,0,2,250,2617,44.7,42.6
2025-11-29,401824027,Utah Tech Trailblazers,UC Riverside Highlanders,77,69,0,2,3101,27,52.8,50.0
2025-11-29,401824043,Loyola Marymount Lions,Stony Brook Seawolves,68,71,0,2,2351,2619,37.9,43.4
2025-11-29,401824853,Maryland Eastern Shore Hawks,Gwynedd Mercy Griffins,84,60,0,2,2379,461,54.7,36.9
2025-11-29,401824862,Le Moyne Dolphins,Monmouth Hawks,83,79,1,2,2330,2405,53.1,43.8
2025-11-29,401824890,East Tennessee State Buccaneers,Central Arkansas Bears,80,57,0,2,2193,2110,51.7,31.7
2025-11-29,401824900,Hawai'i Rainbow Warriors,North Dakota Fighting Hawks,92,55,0,2,62,155,57.9,32.1
2025-11-29,401824951,Southeast Missouri State Redhawks,Lipscomb Bisons,77,88,0,2,2546,288,41.0,50.0
2025-11-29,401825573,DePaul Blue Demons,Georgia Tech Yellow Jackets,75,61,1,2,305,59,48.2,38.1
2025-11-29,401825579,Utah State Aggies,Montana State Bobcats,84,81,0,2,328,147,46.8,39.1
2025-11-29,401826055,UMBC Retrievers,Delaware State Hornets,71,57,0,2,2378,2169,47.5,38.1
2025-11-29,401826072,Radford Highlanders,Notre Dame (MD) Gators,102,75,0,2,2515,128342,46.1,42.9
2025-11-29,401826702,George Mason Patriots,James Madison Dukes,82,66,0,2,2244,256,54.5,37.1
2025-11-29,401826752,High Point Panthers,Western Carolina Catamounts,93,73,0,2,2272,2717,56.9,48.2
2025-11-29,401826833,Georgia Bulldogs,Tennessee Tech Golden Eagles,123,81,0,2,61,2635,54.7,43.1
2025-11-29,401826886,Arizona Wildcats,Norfolk State Spartans,98,61,0,2,12,2450,56.1,42.2
2025-11-29,401826900,Louisiana Tech Bulldogs,Alcorn State Braves,83,58,0,2,2348,2016,53.0,38.6
2025-11-29,401826905,Hofstra Pride,Merrimack Warriors,78,58,1,2,2275,2771,46.4,30.5
2025-11-29,401826934,Weber State Wildcats,Kansas City Roos,82,61,0,2,2692,140,52.7,42.9
2025-11-29,401827015,Northwestern State Demons,Southern Jaguars,73,75,0,2,2466,2582,44.1,47.5
2025-11-29,401827062,Nebraska Cornhuskers,South Carolina Upstate Spartans,72,63,0,2,158,2908,41.7,36.4
2025-11-29,401827069,Winthrop Eagles,South Carolina State Bulldogs,101,79,0,2,2737,2569,55.9,49.2
2025-11-29,401827111,Indiana Hoosiers,Bethune-Cookman Wildcats,100,56,0,2,84,2065,54.5,31.0
2025-11-29,401827173,Clemson Tigers,Alabama A&M Bulldogs,92,56,0,2,228,2010,54.5,37.0
2025-11-29,401828269,UAlbany Great Danes,Colgate Raiders,67,69,1,2,399,2142,49.2,46.7
2025-11-29,401828334,Georgia Southern Eagles,Houston Christian Huskies,80,62,0,2,290,2277,48.4,41.1
2025-11-29,401828478,Green Bay Phoenix,Haskell Jayhawks,95,55,0,2,2739,535,56.1,33.3
2025-11-29,401828545,Eastern Kentucky Colonels,Wofford Terriers,77,83,0,2,2198,2747,37.5,40.3
2025-11-29,401828662,Louisiana Ragin' Cajuns,Jackson State Tigers,45,51,0,2,309,2296,31.4,38.2
2025-11-29,401828736,North Carolina Central Eagles,Carolina University Bruins,109,61,0,2,2428,108942,63.5,36.5
2025-11-29,401828908,Drake Bulldogs,LSU Tigers,62,71,1,2,2181,99,36.1,46.4
2025-11-29,401829353,Southern Indiana Screaming Eagles,Kentucky State Thorobreds,93,56,0,2,88,2310,45.5,31.4
2025-11-29,401829389,Tennessee State Tigers,Tennessee Wesleyan Bulldogs,98,77,1,2,2634,2632,55.2,43.7
2025-11-29,401829403,Colgate Raiders,SUNY Oneonta Red Dragons,85,50,1,2,2142,355,61.1,30.8
2025-11-29,401830750,Saint Louis Billikens,Stanford Cardinal,77,78,1,2,139,24,37.7,37.5
2025-11-29,401830751,Santa Clara Broncos,Minnesota Golden Gophers,86,75,1,2,2541,135,54.4,43.6
2025-11-29,401830877,Western Kentucky Hilltoppers,Wichita State Shockers,75,70,1,2,98,2724,42.4,36.8
2025-11-29,401830884,Drake Bulldogs,Georgia Tech Yellow Jackets,84,74,1,2,2181,59,50.9,47.5
2025-11-29,401830886,Dayton Flyers,BYU Cougars,79,83,1,2,2168,252,46.8,51.8
2025-11-29,401830887,Georgetown Hoyas,Miami Hurricanes,65,78,1,2,46,2390,35.6,58.8
2025-11-29,401831225,Texas State Bobcats,Lehigh Mountain Hawks,74,78,1,2,326,2329,43.5,50.0
2025-11-29,401831226,UC Santa Barbara Gauchos,Seattle U Redhawks,74,71,1,2,2540,2547,46.8,56.3
2025-11-29,401831275,UMass Lowell River Hawks,Emerson Lions,90,67,0,2,2349,108842,57.1,39.1
2025-11-29,401831276,Saint Peter's Peacocks,Dartmouth Big Green,61,87,0,2,2612,159,32.8,49.1
2025-11-30,401809079,Bucknell Bison,Cornell Big Red,72,101,0,2,2083,172,38.3,67.3
2025-11-30,401811970,Charleston Cougars,Belmont Bruins,73,96,0,2,232,2057,30.8,57.1
2025-11-30,401812580,Pennsylvania Quakers,Hofstra Pride,60,77,0,2,219,2275,32.3,52.9
2025-11-30,401812648,Central Connecticut Blue Devils,Johnson & Wales Griffins,122,57,0,2,2115,353,70.4,35.3
2025-11-30,401817200,Florida Atlantic Owls,St. Bonaventure Bonnies,65,70,0,2,2226,179,40.7,53.2
2025-11-30,401818302,Vermont Catamounts,Yale Bulldogs,74,77,0,2,261,43,49.0,49.1
2025-11-30,401819901,Texas Tech Red Raiders,Wyoming Cowboys,76,72,0,2,2641,2751,49.1,46.6
2025-11-30,401819918,West Virginia Mountaineers,Mercyhurst Lakers,70,38,0,2,277,2385,47.3,33.3
2025-11-30,401820189,Loyola Maryland Greyhounds,Coppin State Eagles,95,84,0,2,2352,2154,56.4,56.0
2025-11-30,401820581,Quinnipiac Bobcats,Stonehill Skyhawks,76,62,0,2,2514,284,47.5,39.1
2025-11-30,401820600,Akron Zips,Milwaukee Panthers,105,81,0,2,2006,270,65.0,37.7
2025-11-30,401820627,Maine Black Bears,Siena Saints,60,64,1,2,311,2561,48.9,46.0
2025-11-30,401822183,La Salle Explorers,Merrimack Warriors,60,66,1,2,2325,2771,40.4,42.1
2025-11-30,401822324,Ball State Cardinals,Le Moyne Dolphins,96,85,1,2,2050,2330,47.0,51.9
2025-11-30,401822669,Princeton Tigers,Saint Joseph's Hawks,58,60,1,2,163,2603,42.3,44.2
2025-11-30,401823015,Kent State Golden Flashes,Penn State Shenango Nittany Lions,123,59,0,2,2309,130195,58.0,30.0
2025-11-30,401823191,Fairfield Stags,New Hampshire Wildcats,72,68,0,2,2217,160,45.8,39.3
2025-11-30,401823310,Long Beach State Beach,San Diego Toreros,76,72,0,2,299,301,49.2,52.6
2025-11-30,401823326,Missouri State Bears,Northeastern State RiverHawks,92,71,0,2,2623,196,52.3,46.8
2025-11-30,401823405,Robert Morris Colonials,Stetson Hatters,80,62,0,2,2523,56,55.4,40.4
2025-11-30,401823536,Oregon State Beavers,California Baptist Lancers,69,75,0,2,204,2856,42.3,46.7
2025-11-30,401823736,Fresno State Bulldogs,Cal State Bakersfield Roadrunners,71,76,1,2,278,2934,36.9,45.6
2025-11-30,401824065,Pacific Tigers,Sacramento State Hornets,68,54,0,2,279,16,40.6,30.6
2025-11-30,401824863,Lafayette Leopards,Monmouth Hawks,74,88,0,2,322,2405,42.9,59.2
2025-11-30,401825188,Southern Illinois Salukis,Little Rock Trojans,74,65,0,2,79,2031,59.6,51.9
2025-11-30,401826735,UNC Asheville Bulldogs,App State Mountaineers,67,55,1,2,2427,2026,42.0,39.6
2025-11-30,401826920,Northern Colorado Bears,Regis University REGIS UNIVERSITY,104,63,0,2,2458,2518,56.3,41.5
2025-11-30,401826942,The Citadel Bulldogs,Presbyterian Blue Hose,41,69,1,2,2643,2506,30.4,54.0
2025-11-30,401826993,American University Eagles,Longwood Lancers,92,66,0,2,44,2344,50.0,30.2
2025-11-30,401827042,North Texas Mean Green,Prairie View A&M Panthers,72,69,0,2,249,2504,48.0,44.4
2025-11-30,401827174,Coastal Carolina Chanticleers,Alabama A&M Bulldogs,67,60,0,2,324,2010,34.0,34.5
2025-11-30,401827508,William & Mary Tribe,Old Dominion Monarchs,88,75,0,2,2729,295,50.0,41.5
2025-11-30,401828270,Fordham Rams,UAlbany Great Danes,88,68,1,2,2230,399,60.4,37.1
2025-11-30,401828271,UAlbany Great Danes,SUNY Oneonta Red Dragons,90,62,1,2,399,355,48.6,37.5
2025-11-30,401828513,Lamar Cardinals,Our Lady of the Lake Saints,90,46,0,2,2320,3158,52.8,30.8
2025-11-30,401828684,New Haven Chargers,Mitchell Mariners,92,69,0,2,2441,108838,55.7,43.5
2025-11-30,401829326,San José State Spartans,UC Irvine Anteaters,63,72,0,2,23,300,31.4,49.2
2025-11-30,401829388,Chattanooga Mocs,Tennessee State Tigers,64,70,0,2,236,2634,36.2,42.4
2025-11-30,401829404,Colgate Raiders,Fordham Rams,72,62,1,2,2142,2230,45.0,43.3
2025-11-30,401829468,Omaha Mavericks,Mid America Christian Evangels,84,62,0,2,2437,3126,58.0,39.3
2025-11-30,401829478,St. Thomas Tommies,Lawrence Vikings,87,52,0,2,2900,268,48.5,32.8
2025-11-30,401830412,Cal Poly Mustangs,Redlands Bulldogs,87,81,0,2,13,29,53.3,37.0
2025-11-30,401830885,LSU Tigers,DePaul Blue Demons,96,63,1,2,99,305,68.6,42.3
2025-11-30,401831376,UTSA Roadrunners,South Alabama Jaguars,58,82,0,2,2636,6,26.6,44.6
2025-11-30,401831380,Western Illinois Leathernecks,St. Ambrose Fighting Bees,89,73,0,2,2710,2591,48.0,51.8
2025-12-01,401823470,Toledo Rockets,Central State Marauders,102,58,0,2,2649,2119,51.3,39.7
2025-12-01,401823565,Villanova Wildcats,Temple Owls,74,56,0,2,222,218,43.5,43.5
2025-12-01,401827016,Southern Jaguars,Louisiana Christian Wildcats,101,48,0,2,2582,2347,58.5,30.5
2025-12-01,401837346,Chicago State Cougars,Saint Xavier Cougars,85,62,0,2,2130,2615,43.7,40.0
2025-12-02,401808731,Incarnate Word Cardinals,McNeese Cowboys,71,67,0,2,2916,2377,46.0,50.0
2025-12-02,401812384,Xavier Musketeers,Saint Francis Red Wolves,96,74,0,2,2752,2598,49.4,44.3
2025-12-02,401817148,Army Black Knights,George Washington Revolutionaries,70,84,0,2,349,45,43.9,44.4
2025-12-02,401817470,Stanford Cardinal,Portland Pilots,94,72,0,2,24,2501,51.6,51.1
2025-12-02,401819846,Cincinnati Bearcats,Tarleton State Texans,76,58,0,2,2132,2627,46.4,41.2
2025-12-02,401819866,Colorado Buffaloes,California Baptist Lancers,78,70,0,2,38,2856,45.3,40.3
2025-12-02,401819893,Kansas State Wildcats,Bowling Green Falcons,66,82,0,2,2306,189,39.3,45.2
2025-12-02,401820546,Northern Iowa Panthers,Coe Kohawks,99,34,0,2,2460,2141,60.7,22.8
2025-12-02,401820618,Bryant Bulldogs,Stonehill Skyhawks,77,65,0,2,2803,284,50.9,44.8
2025-12-02,401820844,UT Martin Skyhawks,Charleston Southern Buccaneers,73,56,0,2,2630,2127,32.3,34.5
2025-12-02,401822998,Middle Tennessee Blue Raiders,UAB Blazers,76,61,0,2,2393,5,47.5,34.9
2025-12-02,401823437,Jacksonville State Gamecocks,North Alabama Lions,66,73,0,2,55,2453,40.0,42.6
2025-12-02,401823546,Southern Utah Thunderbirds,West Coast Baptist Eagles,124,59,0,2,253,110418,54.0,32.8
2025-12-02,401824308,Delaware Blue Hens,Iona Gaels,66,89,0,2,48,314,45.2,58.5
2025-12-02,401825387,Troy Trojans,West Georgia Wolves,89,93,0,2,2653,2698,44.3,42.5
2025-12-02,401826753,Western Carolina Catamounts,Virginia Lynchburg Dragons,124,62,0,2,2717,3229,55.1,33.3
2025-12-02,401827278,Penn State Nittany Lions,Campbell Fighting Camels,87,76,0,2,213,2097,51.7,45.3
2025-12-02,401827523,Hampton Pirates,Apprentice School Builders,94,58,0,2,2261,3111,48.2,32.8
2025-12-02,401830319,New Mexico Lobos,New Mexico Highlands Cowboys,97,47,0,2,167,2424,43.3,30.2
2025-12-03,401806364,Duke Blue Devils,Florida Gators,67,66,0,2,150,57,44.6,37.3
2025-12-03,401806365,Kentucky Wildcats,North Carolina Tar Heels,64,67,0,2,96,153,43.4,40.6
2025-12-03,401806366,Syracuse Orange,Tennessee Volunteers,62,60,0,2,183,2633,43.1,41.4
2025-12-03,401806367,Pittsburgh Panthers,Texas A&M Aggies,73,81,0,2,221,245,47.5,44.1
2025-12-03,401806368,Notre Dame Fighting Irish,Missouri Tigers,76,71,0,2,87,142,46.3,44.4
2025-12-03,401806369,Florida State Seminoles,Georgia Bulldogs,73,107,0,2,52,61,39.4,57.1
2025-12-03,401806370,Wake Forest Demon Deacons,Oklahoma Sooners,68,86,0,2,154,201,33.9,48.1
2025-12-03,401806371,Ole Miss Rebels,Miami Hurricanes,66,75,0,2,145,2390,34.8,49.1
2025-12-03,401806372,South Carolina Gamecocks,Virginia Tech Hokies,83,86,0,2,2579,259,45.0,50.0
2025-12-03,401812289,Providence Friars,Fairleigh Dickinson Knights,94,64,0,2,2507,161,58.3,36.1
2025-12-03,401812359,Long Island University Sharks,Winthrop Eagles,92,94,0,2,112358,2737,51.6,46.4
2025-12-03,401812667,Holy Cross Crusaders,Northeastern Huskies,76,59,0,2,107,111,53.6,39.3
2025-12-03,401812791,Kansas Jayhawks,UConn Huskies,56,61,0,2,2305,41,35.3,42.1
2025-12-03,401813292,Oklahoma State Cowboys,Sam Houston Bearkats,93,83,0,2,197,2534,51.5,42.3
2025-12-03,401813440,Dayton Flyers,East Tennessee State Buccaneers,88,71,0,2,2168,2193,54.0,46.4
2025-12-03,401813451,Duquesne Dukes,William & Mary Tribe,79,83,0,2,2184,2729,45.8,50.9
2025-12-03,401817159,Loyola Chicago Ramblers,Central Michigan Chippewas,83,72,0,2,2350,2117,50.0,51.9
2025-12-03,401817168,Rhode Island Rams,Brown Bears,66,56,0,2,227,225,42.6,31.3
2025-12-03,401817188,Loyola Marymount Lions,Saint Louis Billikens,70,91,0,2,2351,139,40.6,50.7
2025-12-03,401817224,California Golden Bears,Utah Utes,79,72,0,2,25,254,45.5,42.4
2025-12-03,401817503,Youngstown State Penguins,Wright State Raiders,69,68,0,2,2754,2750,44.6,52.1
2025-12-03,401818303,Yale Bulldogs,SUNY Maritime Privateers,117,53,0,2,43,2951,63.4,30.0
2025-12-03,401819828,Baylor Bears,Sacramento State Hornets,110,88,0,2,239,16,60.3,38.2
2025-12-03,401820609,Binghamton Bearcats,Lehigh Mountain Hawks,80,71,0,2,2066,2329,58.7,40.3
2025-12-03,401820801,Charlotte 49ers,North Carolina A&T Aggies,74,57,0,2,2429,2448,52.0,36.2
2025-12-03,401820811,East Carolina Pirates,Maryland Eastern Shore Hawks,68,56,0,2,151,2379,46.8,47.1
2025-12-03,401820827,Butler Bulldogs,Eastern Michigan Eagles,84,68,0,2,2086,2199,51.8,41.4
2025-12-03,401820834,Creighton Bluejays,Nicholls Colonels,96,76,0,2,156,2447,61.0,45.9
2025-12-03,401822335,Marquette Golden Eagles,Valparaiso Beacons,75,72,0,2,269,2674,35.0,45.2
2025-12-03,401822394,Northern Illinois Huskies,Lindenwood Lions,64,99,0,2,2459,2815,36.2,50.7
2025-12-03,401823345,Jacksonville Dolphins,Florida A&M Rattlers,85,82,0,2,294,50,42.9,58.9
2025-12-03,401823447,North Florida Ospreys,SIU Edwardsville Cougars,63,72,0,2,2454,2565,40.4,40.6
2025-12-03,401823489,Mercer Bears,Georgia State Panthers,78,67,0,2,2382,2247,41.4,41.7
2025-12-03,401823527,Pepperdine Waves,Abilene Christian Wildcats,63,71,0,2,2492,2000,42.2,44.2
2025-12-03,401823789,Grand Canyon Lopes,Stetson Hatters,67,45,0,2,2253,56,43.4,34.0
2025-12-03,401823871,Arkansas State Red Wolves,UT Arlington Mavericks,83,63,0,2,2032,250,48.3,37.1
2025-12-03,401824138,Bradley Braves,Washington State Cougars,64,60,0,2,71,265,35.5,42.9
2025-12-03,401824360,Boston University Terriers,Vermont State Johnson Badgers,104,57,0,2,104,126751,63.3,35.7
2025-12-03,401824952,Lipscomb Bisons,Tennessee Tech Golden Eagles,83,80,0,2,288,2635,44.6,46.0
2025-12-03,401825392,Michigan State Spartans,Iowa Hawkeyes,71,52,0,2,127,2294,50.0,37.8
2025-12-03,401825393,Rutgers Scarlet Knights,Purdue Boilermakers,65,81,0,2,164,2509,44.6,46.6
2025-12-03,401825394,Oregon Ducks,USC Trojans,77,82,0,2,2483,30,47.2,50.9
2025-12-03,401826703,George Mason Patriots,Cornell Big Red,99,81,0,2,2244,172,55.7,49.1
2025-12-03,401826736,App State Mountaineers,Virginia Lynchburg Dragons,133,45,0,2,2026,3229,58.4,23.9
2025-12-03,401826845,Tulane Green Wave,Grambling Tigers,65,63,0,2,2655,2755,38.9,43.8
2025-12-03,401826861,Murray State Racers,Morehead State Eagles,84,52,0,2,93,2413,42.9,37.3
2025-12-03,401826882,Wichita State Shockers,Mount Marty Lancers,95,69,0,2,2724,573,61.4,43.3
2025-12-03,401826909,Nevada Wolf Pack,UC San Diego Tritons,76,70,0,2,2440,28,46.7,40.6
2025-12-03,401827132,UIC Flames,Arkansas-Pine Bluff Golden Lions,62,63,0,2,82,2029,34.9,41.7
2025-12-03,401827217,Maryland Terrapins,Wagner Seahawks,89,63,0,2,120,2681,40.6,36.8
2025-12-03,401828278,North Texas Mean Green,Houston Christian Huskies,77,75,0,2,249,2277,61.7,48.0
2025-12-03,401828285,Tulsa Golden Hurricane,Manhattan Christian Thunder,111,60,0,2,202,131632,51.8,33.8
2025-12-03,401828340,Kennesaw State Owls,Jackson State Tigers,88,73,0,2,338,2296,39.7,34.5
2025-12-03,401828909,Drake Bulldogs,Western Illinois Leathernecks,108,57,0,2,2181,2710,69.6,37.0
2025-12-03,401829349,Southeast Missouri State Redhawks,Saint Mary of the Woods Pomeroys,88,57,0,2,2546,126824,51.5,40.0
2025-12-03,401830118,UNC Asheville Bulldogs,UNC Greensboro Spartans,82,77,1,2,2427,2430,51.8,53.1
2025-12-03,401830631,South Alabama Jaguars,New Mexico State Aggies,77,75,1,2,6,166,44.4,42.4
2025-12-03,401830740,Indiana State Sycamores,Eureka Red Devils,99,57,0,2,282,101,57.6,36.1
2025-12-03,401831072,Miami (OH) RedHawks,IU East IU EAST,109,65,0,2,193,3138,55.3,32.9
2025-12-04,401806373,Auburn Tigers,NC State Wolfpack,83,73,0,2,2,152,59.1,40.6
2025-12-04,401806374,Arkansas Razorbacks,Louisville Cardinals,89,80,0,2,8,97,41.8,41.4
2025-12-04,401806375,Vanderbilt Commodores,SMU Mustangs,88,69,0,2,238,2567,57.1,41.7
2025-12-04,401806376,Alabama Crimson Tide,Clemson Tigers,90,84,0,2,333,228,46.7,40.8
2025-12-04,401806377,Georgia Tech Yellow Jackets,Mississippi State Bulldogs,73,85,0,2,59,344,33.8,50.8
2025-12-04,401806378,Boston College Eagles,LSU Tigers,69,78,0,2,103,99,37.1,40.3
2025-12-04,401806379,Texas Longhorns,Virginia Cavaliers,69,88,0,2,251,258,40.7,53.8
2025-12-04,401808898,Memphis Tigers,LSU New Orleans Privateers,86,70,0,2,235,2443,49.3,39.3
2025-12-04,401808966,Stephen F. Austin Lumberjacks,UT Rio Grande Valley Vaqueros,73,60,0,2,2617,292,38.7,35.5
2025-12-04,401809080,Akron Zips,Bucknell Bison,97,77,0,2,2006,2083,56.5,40.8
2025-12-04,401811109,South Dakota Coyotes,Portland State Vikings,71,77,0,2,233,2502,37.9,47.5
2025-12-04,401811971,Belmont Bruins,Richmond Spiders,76,84,0,2,2057,257,46.8,49.1
2025-12-04,401812290,Fairleigh Dickinson Knights,Manor Blue Jays,86,38,0,2,161,130196,58.1,29.2
2025-12-04,401812382,Saint Francis Red Wolves,Penn State Shenango Nittany Lions,100,41,0,2,2598,130195,47.6,22.9
2025-12-04,401812608,Massachusetts Minutemen,Harvard Crimson,78,71,0,2,113,108,50.9,43.1
2025-12-04,401812649,Seton Hall Pirates,Central Connecticut Blue Devils,77,61,0,2,2550,2115,45.8,43.1
2025-12-04,401813259,Illinois State Redbirds,Eastern Kentucky Colonels,89,78,0,2,2287,2198,54.4,44.1
2025-12-04,401813403,Mount St. Mary's Mountaineers,Sacred Heart Pioneers,80,87,0,2,116,2529,50.0,43.9
2025-12-04,401817201,St. Bonaventure Bonnies,Bloomsburg Huskies,83,43,0,2,179,2071,52.4,28.0
2025-12-04,401817501,Detroit Mercy Titans,IU Indianapolis Jaguars,92,78,0,2,2174,85,48.4,42.3
2025-12-04,401817502,Oakland Golden Grizzlies,Purdue Fort Wayne Mastodons,101,92,0,2,2473,2870,53.0,47.1
2025-12-04,401817504,Northern Kentucky Norse,Cleveland State Vikings,95,80,0,2,94,325,55.7,45.8
2025-12-04,401818304,Yale Bulldogs,Brandeis Judges,79,61,0,2,43,5426,50.8,39.3
2025-12-04,401818534,Columbia Lions,Hofstra Pride,72,70,0,2,171,2275,43.1,43.6
2025-12-04,401819837,BYU Cougars,California Baptist Lancers,91,60,0,2,252,2856,54.5,32.8
2025-12-04,401819876,Iowa State Cyclones,Alcorn State Braves,132,68,0,2,66,2016,70.8,48.2
2025-12-04,401819919,West Virginia Mountaineers,Coppin State Eagles,91,49,0,2,277,2154,46.9,31.5
2025-12-04,401820156,Delaware State Hornets,Navy Midshipmen,59,66,0,2,2169,2426,33.3,43.5
2025-12-04,401820190,Hampton Pirates,Loyola Maryland Greyhounds,93,71,0,2,2261,2352,58.0,40.4
2025-12-04,401820556,Air Force Falcons,Pacific Tigers,65,80,0,2,2005,279,46.5,52.7
2025-12-04,401820628,Ohio Bobcats,Maine Black Bears,79,57,0,2,195,311,46.5,41.8
2025-12-04,401822325,Evansville Purple Aces,Ball State Cardinals,64,52,0,2,339,2050,42.3,32.1
2025-12-04,401822726,Georgetown Hoyas,UMBC Retrievers,90,81,0,2,46,2378,56.3,48.4
2025-12-04,401823016,Kent State Golden Flashes,Austin Peay Governors,96,84,0,2,2309,2046,58.8,45.5
2025-12-04,401823219,Bellarmine Knights,Midway Eagles,99,60,0,2,91,111166,60.3,41.4
2025-12-04,401823232,Florida International Panthers,Florida Gulf Coast Eagles,89,83,0,2,2229,526,45.5,42.6
2025-12-04,401823438,San Francisco Dons,North Alabama Lions,63,65,0,2,2539,2453,37.3,38.1
2025-12-04,401823495,Queens University Royals,Gardner-Webb Runnin' Bulldogs,107,74,0,2,2511,2241,61.2,35.2
2025-12-04,401823504,Denver Pioneers,Eastern Washington Eagles,93,89,0,2,2172,331,48.2,60.0
2025-12-04,401823568,Idaho Vandals,North Dakota Fighting Hawks,90,58,0,2,70,155,51.9,40.0
2025-12-04,401823594,UNC Wilmington Seahawks,Marshall Thundering Herd,70,69,0,2,350,276,32.7,44.8
2025-12-04,401823766,San Diego State Aztecs,Utah Valley Wolverines,77,66,0,2,21,3084,44.6,41.8
2025-12-04,401824028,Santa Clara Broncos,Utah Tech Trailblazers,90,80,0,2,2541,3101,47.4,49.2
2025-12-04,401824059,Oregon State Beavers,Vermont Catamounts,80,58,0,2,204,261,50.9,35.0
2025-12-04,401824128,Seattle U Redhawks,Puget Sound Loggers,97,43,0,2,2547,2508,49.3,27.5
2025-12-04,401824855,Kansas City Roos,Idaho State Bengals,59,68,0,2,140,304,44.0,45.6
2025-12-04,401824864,Monmouth Hawks,Princeton Tigers,63,58,0,2,2405,163,40.7,43.1
2025-12-04,401824871,Elon Phoenix,Furman Paladins,88,97,0,2,2210,231,42.6,50.8
2025-12-04,401824938,Central Arkansas Bears,Little Rock Trojans,85,47,0,2,2110,2031,47.6,34.5
2025-12-04,401825395,Minnesota Golden Gophers,Indiana Hoosiers,73,64,0,2,135,84,48.9,40.0
2025-12-04,401825396,Washington Huskies,UCLA Bruins,80,82,0,2,264,26,51.7,52.8
2025-12-04,401825397,Wisconsin Badgers,Northwestern Wildcats,85,73,0,2,275,77,43.8,42.4
2025-12-04,401825580,Montana State Bobcats,St. Thomas Tommies,82,74,0,2,147,2900,42.9,51.9
2025-12-04,401825592,Northern Arizona Lumberjacks,South Dakota State Jackrabbits,62,75,0,2,2464,2571,40.7,42.1
2025-12-04,401826073,Radford Highlanders,Southern Miss Golden Eagles,75,82,0,2,2515,2572,35.5,41.7
2025-12-04,401826809,Rice Owls,Texas State Bobcats,77,72,0,2,242,326,43.6,42.9
2025-12-04,401826901,Georgia Southern Eagles,Louisiana Tech Bulldogs,77,69,0,2,290,2348,48.2,50.0
2025-12-04,401826921,Omaha Mavericks,Northern Colorado Bears,70,75,0,2,2437,2458,43.6,43.3
2025-12-04,401826943,Wofford Terriers,Presbyterian Blue Hose,63,56,0,2,2747,2506,29.4,37.5
2025-12-04,401826955,Weber State Wildcats,Oral Roberts Golden Eagles,92,66,0,2,2692,198,55.4,37.5
2025-12-04,401826978,High Point Panthers,Southern Illinois Salukis,84,86,0,2,2272,79,43.1,49.3
2025-12-04,401826994,Longwood Lancers,Pfeiffer Falcons,101,55,0,2,2344,2945,65.6,34.8
2025-12-04,401826999,Tarleton State Texans,Howard Payne Yellow Jackets,119,54,0,2,2627,2758,55.3,33.3
2025-12-04,401827063,South Carolina Upstate Spartans,Coastal Carolina Chanticleers,85,78,0,2,2908,324,42.9,36.8
2025-12-04,401827195,Alabama A&M Bulldogs,Tennessee State Tigers,80,53,0,2,2010,2634,51.0,29.2
2025-12-04,401827267,Dartmouth Big Green,New Hampshire Wildcats,69,68,0,2,159,160,41.0,41.9
2025-12-04,401827500,Towson Tigers,Cornell Big Red,93,80,0,2,119,172,56.1,53.6
2025-12-04,401827515,American University Eagles,Drexel Dragons,75,73,0,2,44,2182,41.4,50.0
2025-12-04,401828292,Montana Grizzlies,North Dakota State Bison,72,81,0,2,149,2449,48.3,45.2
2025-12-04,401828514,Lamar Cardinals,Louisiana Ragin' Cajuns,65,55,0,2,2320,309,45.3,41.7
2025-12-04,401828737,James Madison Dukes,North Carolina Central Eagles,67,62,0,2,256,2428,34.6,41.5
2025-12-04,401829054,Western Michigan Broncos,Southern Indiana Screaming Eagles,88,74,0,2,2711,88,54.7,41.8
2025-12-04,401830126,UL Monroe Warhawks,Mississippi Valley State Delta Devils,66,52,0,2,2433,2400,43.5,33.3
2025-12-05,401809105,UC Irvine Anteaters,UC Riverside Highlanders,73,60,0,2,300,27,44.2,30.5
2025-12-05,401809123,Hawai'i Rainbow Warriors,UC Davis Aggies,75,69,0,2,62,302,54.3,42.4
2025-12-05,401809153,Cal State Fullerton Titans,Cal Poly Mustangs,91,94,0,2,2239,13,47.0,49.1
2025-12-05,401817505,Green Bay Phoenix,Robert Morris Colonials,78,80,0,2,2739,2523,52.2,48.4
2025-12-05,401820845,Charleston Southern Buccaneers,Warren Wilson Owls,124,63,0,2,2127,2684,53.1,32.5
2025-12-05,401823261,Cal State Northridge Matadors,Cal State Bakersfield Roadrunners,87,66,0,2,2463,2934,53.1,35.0
2025-12-05,401823311,UC Santa Barbara Gauchos,Long Beach State Beach,84,77,0,2,2540,299,43.1,37.9
2025-12-05,401823852,Merrimack Warriors,Rider Broncs,68,66,0,2,2771,2520,46.3,48.1
2025-12-05,401826835,South Florida Bulls,Utah State Aggies,74,61,0,2,58,328,44.7,35.5
2025-12-05,401828643,Davidson Wildcats,The Citadel Bulldogs,79,63,0,2,2166,2643,45.0,50.0
2025-12-06,401808732,McNeese Cowboys,Northwestern State Demons,92,54,0,2,2377,2466,56.3,35.3
2025-12-06,401808899,LSU New Orleans Privateers,Houston Christian Huskies,76,85,0,2,2443,2277,46.6,48.3
2025-12-06,401808918,Nicholls Colonels,Incarnate Word Cardinals,74,67,0,2,2447,2916,44.2,37.9
2025-12-06,401809081,Bucknell Bison,UMBC Retrievers,66,73,0,2,2083,2378,39.3,51.9
2025-12-06,401809420,Miami Hurricanes,Southern Miss Golden Eagles,88,64,0,2,2390,2572,47.1,43.6
2025-12-06,401812254,TCU Horned Frogs,Notre Dame Fighting Irish,85,87,0,2,2628,87,48.3,55.0
2025-12-06,401812360,Lehigh Mountain Hawks,Long Island University Sharks,82,87,0,2,2329,112358,50.0,50.0
2025-12-06,401812609,Furman Paladins,Harvard Crimson,79,69,0,2,231,108,57.1,45.2
2025-12-06,401812668,Fordham Rams,Holy Cross Crusaders,69,70,0,2,2230,107,48.0,42.0
2025-12-06,401812792,UConn Huskies,East Texas A&M Lions,83,59,0,2,41,2837,52.3,38.9
2025-12-06,401813279,Morgan State Bears,Longwood Lancers,80,84,0,2,2415,2344,45.8,51.1
2025-12-06,401813299,Manhattan Jaspers,Fairfield Stags,70,66,0,2,2363,2217,42.9,35.6
2025-12-06,401813324,Marist Red Foxes,Mount St. Mary's Mountaineers,64,56,0,2,2368,116,43.4,34.5
2025-12-06,401813353,Saint Peter's Peacocks,Canisius Golden Griffins,69,57,0,2,2612,2099,38.2,31.5
2025-12-06,401813380,Siena Saints,Niagara Purple Eagles,83,54,0,2,2561,315,52.5,36.7
2025-12-06,401813441,Virginia Cavaliers,Dayton Flyers,86,73,1,2,258,2168,60.0,39.1
2025-12-06,401813452,Duquesne Dukes,Stony Brook Seawolves,84,75,0,2,2184,2619,46.6,39.7
2025-12-06,401817149,George Washington Revolutionaries,William & Mary Tribe,99,86,0,2,45,2729,52.9,48.4
2025-12-06,401817160,Loyola Chicago Ramblers,Princeton Tigers,73,68,0,2,2350,163,50.0,35.5
2025-12-06,401817169,Providence Friars,Rhode Island Rams,90,71,0,2,2507,227,57.4,44.6
2025-12-06,401817177,Richmond Spiders,Old Dominion Monarchs,86,77,0,2,257,295,48.5,37.5
2025-12-06,401817202,Buffalo Bulls,St. Bonaventure Bonnies,69,77,0,2,2084,179,54.0,46.7
2025-12-06,401817215,Boston College Eagles,New Haven Chargers,67,63,0,2,103,2441,41.7,38.8
2025-12-06,401817225,California Golden Bears,Pacific Tigers,67,61,0,2,25,279,46.0,37.1
2025-12-06,401817235,Michigan State Spartans,Duke Blue Devils,60,66,0,2,127,150,31.8,38.2
2025-12-06,401817246,Louisville Cardinals,Indiana Hoosiers,87,78,1,2,97,84,46.3,41.3
2025-12-06,401817257,NC State Wolfpack,UNC Asheville Bulldogs,75,63,0,2,152,2427,48.3,37.0
2025-12-06,401817506,Purdue Fort Wayne Mastodons,Northern Kentucky Norse,79,77,0,2,2870,94,49.1,39.1
2025-12-06,401817507,Cleveland State Vikings,Detroit Mercy Titans,59,71,0,2,325,2174,31.0,44.8
2025-12-06,401817508,IU Indianapolis Jaguars,Youngstown State Penguins,55,78,0,2,85,2754,32.8,53.6
2025-12-06,401817523,Virginia Tech Hokies,George Mason Patriots,73,62,0,2,259,2244,47.4,40.0
2025-12-06,401817534,West Virginia Mountaineers,Wake Forest Demon Deacons,66,75,1,2,277,154,40.4,50.9
2025-12-06,401818535,Columbia Lions,UAlbany Great Danes,93,65,0,2,171,399,54.8,36.7
2025-12-06,401818554,Brown Bears,Bryant Bulldogs,75,56,0,2,225,2803,42.2,37.5
2025-12-06,401818555,Brown Bears,Elms Blazers,115,34,0,2,225,111948,60.5,28.6
2025-12-06,401819829,Memphis Tigers,Baylor Bears,78,71,0,2,235,239,41.2,34.4
2025-12-06,401819847,Xavier Musketeers,Cincinnati Bearcats,79,74,0,2,2752,2132,46.9,37.7
2025-12-06,401819867,Colorado State Rams,Colorado Buffaloes,91,86,0,2,36,38,53.6,62.1
2025-12-06,401819877,Purdue Boilermakers,Iowa State Cyclones,58,81,0,2,2509,66,40.7,54.1
2025-12-06,401819894,Kansas State Wildcats,Seton Hall Pirates,67,78,0,2,2306,2550,37.1,38.9
2025-12-06,401820213,Lafayette Leopards,Mercyhurst Lakers,79,71,0,2,322,2385,50.0,44.1
2025-12-06,401820582,Iona Gaels,Quinnipiac Bobcats,68,89,0,2,314,2514,36.9,47.9
2025-12-06,401820601,Tulane Green Wave,Akron Zips,71,88,0,2,2655,2006,38.7,50.0
2025-12-06,401820610,Binghamton Bearcats,Le Moyne Dolphins,63,78,0,2,2066,2330,35.7,54.7
2025-12-06,401820629,Miami (OH) RedHawks,Maine Black Bears,93,61,0,2,193,311,50.7,44.2
2025-12-06,401820812,East Carolina Pirates,UNC Greensboro Spartans,78,82,0,2,151,2430,47.7,47.5
2025-12-06,401820828,Butler Bulldogs,Boise State Broncos,68,77,0,2,2086,68,45.0,41.3
2025-12-06,401822336,Valparaiso Beacons,Calumet St. Joseph Crimson Wave,98,58,0,2,2674,502,58.6,38.6
2025-12-06,401822739,VCU Rams,Samford Bulldogs,83,57,0,2,2670,2535,44.6,35.0
2025-12-06,401822763,Liberty Flames,Coppin State Eagles,92,50,0,2,2335,2154,58.1,28.6
2025-12-06,401823017,Kent State Golden Flashes,Roberts Wesleyan Redhawks,111,68,0,2,2309,128531,64.5,31.9
2025-12-06,401823027,Wisconsin Badgers,Marquette Golden Eagles,96,76,0,2,275,269,47.5,42.0
2025-12-06,401823041,American University Eagles,Maryland Eastern Shore Hawks,78,60,0,2,44,2379,46.8,61.9
2025-12-06,401823220,Murray State Racers,Bellarmine Knights,81,68,0,2,93,91,52.6,51.0
2025-12-06,401823327,Tulsa Golden Hurricane,Missouri State Bears,98,74,0,2,202,2623,47.6,49.0
2025-12-06,401823346,Florida International Panthers,Jacksonville Dolphins,88,65,0,2,2229,294,56.3,34.4
2025-12-06,401823355,Texas Southern Tigers,Sam Houston Bearkats,70,82,0,2,2640,2534,33.3,42.9
2025-12-06,401823363,Western Kentucky Hilltoppers,Evansville Purple Aces,80,79,0,2,98,339,43.5,44.1
2025-12-06,401823422,Bowling Green Falcons,Utah Valley Wolverines,71,82,0,2,189,3084,43.5,57.1
2025-12-06,401823471,Oakland Golden Grizzlies,Toledo Rockets,98,97,0,2,2473,2649,55.7,53.2
2025-12-06,401823505,Eastern Washington Eagles,Kansas City Roos,90,66,0,2,331,140,47.0,46.3
2025-12-06,401823519,VMI Keydets,Christendom Crusaders,89,36,0,2,2678,111180,45.8,20.6
2025-12-06,401823528,Abilene Christian Wildcats,New Mexico State Aggies,77,69,0,2,2000,166,50.0,37.5
2025-12-06,401823547,Oregon State Beavers,Southern Utah Thunderbirds,81,70,0,2,204,253,51.8,45.8
2025-12-06,401823569,South Dakota State Jackrabbits,Idaho Vandals,81,84,0,2,2571,70,47.3,49.1
2025-12-06,401823595,Louisiana Ragin' Cajuns,UNC Wilmington Seahawks,63,70,0,2,309,350,38.6,46.0
2025-12-06,401823761,Wyoming Cowboys,Dartmouth Big Green,93,80,0,2,2751,159,52.9,51.1
2025-12-06,401824034,Kentucky Wildcats,Gonzaga Bulldogs,59,94,1,2,96,2250,26.7,57.1
2025-12-06,401824073,Pepperdine Waves,Vermont Catamounts,56,65,0,2,2492,261,33.3,44.4
2025-12-06,401824092,Portland Pilots,Lewis & Clark River Otters,104,87,0,2,2501,2333,52.6,50.0
2025-12-06,401824113,San José State Spartans,San Diego Toreros,86,69,0,2,23,301,54.5,32.4
2025-12-06,401824856,Idaho State Bengals,Denver Pioneers,93,79,0,2,304,2172,50.0,49.1
2025-12-06,401824865,Georgia Tech Yellow Jackets,Monmouth Hawks,79,67,0,2,59,2405,48.1,34.2
2025-12-06,401824891,East Tennessee State Buccaneers,South Alabama Jaguars,91,65,0,2,2193,6,47.9,42.6
2025-12-06,401825207,South Carolina Gamecocks,Stetson Hatters,82,51,0,2,2579,56,54.5,32.1
2025-12-06,401825388,West Georgia Wolves,Tennessee Tech Golden Eagles,59,87,0,2,2698,2635,35.7,57.9
2025-12-06,401825398,Iowa Hawkeyes,Maryland Terrapins,83,64,0,2,2294,120,54.0,36.2
2025-12-06,401825399,Northwestern Wildcats,Ohio State Buckeyes,82,86,0,2,77,194,47.5,57.4
2025-12-06,401825400,Michigan Wolverines,Rutgers Scarlet Knights,101,60,0,2,130,164,60.0,35.8
2025-12-06,401825401,UCLA Bruins,Oregon Ducks,74,63,0,2,26,2483,43.6,33.3
2025-12-06,401825402,USC Trojans,Washington Huskies,76,84,0,2,30,264,36.7,45.3
2025-12-06,401826754,South Carolina Upstate Spartans,Western Carolina Catamounts,78,67,0,2,2908,2717,45.1,34.5
2025-12-06,401826764,Massachusetts Minutemen,UMass Lowell River Hawks,80,60,0,2,113,2349,45.7,44.0
2025-12-06,401826791,Arkansas Razorbacks,Fresno State Bulldogs,82,58,0,2,8,278,45.5,34.9
2025-12-06,401826875,Drake Bulldogs,UAB Blazers,69,74,0,2,2181,5,38.7,43.9
2025-12-06,401826924,Portland State Vikings,Omaha Mavericks,55,60,0,2,2502,2437,40.0,40.0
2025-12-06,401826944,Presbyterian Blue Hose,Morehead State Eagles,80,72,0,2,2506,2413,50.9,44.8
2025-12-06,401826970,Gardner-Webb Runnin' Bulldogs,Georgia Southern Eagles,84,88,0,2,2241,290,50.0,49.2
2025-12-06,401826979,High Point Panthers,NJIT Highlanders,89,72,0,2,2272,2885,45.6,41.8
2025-12-06,401827043,Prairie View A&M Panthers,Champion Christian Tigers,124,62,0,2,2504,3134,62.8,30.7
2025-12-06,401827070,Winthrop Eagles,Coastal Carolina Chanticleers,84,88,0,2,2737,324,38.5,48.3
2025-12-06,401827112,Bethune-Cookman Wildcats,South Carolina State Bulldogs,80,59,0,2,2065,2569,49.2,32.3
2025-12-06,401827211,Troy Trojans,LaGrange Panthers,101,47,0,2,2653,548,48.7,28.1
2025-12-06,401827263,Ohio Bobcats,Marshall Thundering Herd,88,81,0,2,195,276,48.3,47.6
2025-12-06,401827519,Wofford Terriers,Elon Phoenix,52,73,0,2,2747,2210,32.1,50.0
2025-12-06,401827528,North Carolina Central Eagles,North Carolina A&T Aggies,54,69,0,2,2428,2448,26.8,42.6
2025-12-06,401827756,Eastern Michigan Eagles,Cleary University Cougars,86,48,0,2,2199,128438,48.5,34.5
2025-12-06,401828305,Delaware State Hornets,Delaware Blue Hens,75,72,0,2,2169,48,46.6,44.6
2025-12-06,401828341,Kennesaw State Owls,Georgia State Panthers,92,69,0,2,338,2247,52.5,27.1
2025-12-06,401828546,Eastern Kentucky Colonels,IU East IU EAST,122,67,0,2,2198,3138,49.4,44.3
2025-12-06,401828722,James Madison Dukes,Norfolk State Spartans,68,67,0,2,256,2450,44.4,53.8
2025-12-06,401829275,SIU Edwardsville Cougars,Western Michigan Broncos,73,83,0,2,2565,2711,43.8,57.4
2025-12-06,401829350,Chattanooga Mocs,Southeast Missouri State Redhawks,70,74,0,2,236,2546,50.0,48.4
2025-12-06,401829405,Colgate Raiders,St. John Fisher Cardinals,94,50,0,2,2142,374,62.9,32.8
2025-12-06,401830238,Howard Bison,Bowie State Bulldogs,85,69,0,2,47,2075,50.0,36.4
2025-12-06,401830634,Western Illinois Leathernecks,Hannibal LaGrange Trojans,78,47,0,2,2710,533,47.5,29.6
2025-12-06,401831238,La Salle Explorers,Drexel Dragons,69,64,0,2,2325,2182,47.3,34.3
2025-12-06,401831239,Temple Owls,Saint Joseph's Hawks,69,70,1,2,218,2603,37.3,37.9
2025-12-06,401831242,Florida A&M Rattlers,Florida Memorial FLORIDA MEMORIAL,60,58,1,2,50,2227,42.6,30.4
2025-12-06,401831529,Wagner Seahawks,Bryant & Stratton-Albany Bobcats,92,36,0,2,2681,131603,53.0,18.6
2025-12-07,401806343,Eastern Illinois Panthers,Lindenwood Lions,74,82,0,2,2197,2815,42.0,49.2
2025-12-07,401808934,SE Louisiana Lions,Northwestern State Demons,68,76,0,2,2545,2466,44.0,51.0
2025-12-07,401809085,Long Beach State Beach,UC San Diego Tritons,74,80,0,2,299,28,46.0,52.0
2025-12-07,401809106,UC Irvine Anteaters,Cal State Northridge Matadors,85,71,0,2,300,2463,49.2,39.4
2025-12-07,401809139,Hawai'i Rainbow Warriors,Cal State Fullerton Titans,69,59,0,2,62,2239,38.1,34.4
2025-12-07,401809154,Cal Poly Mustangs,UC Riverside Highlanders,84,88,0,2,13,27,47.4,54.0
2025-12-07,401811099,Tennessee Volunteers,Illinois Fighting Illini,62,75,1,2,2633,356,36.9,48.3
2025-12-07,401811110,Northern Colorado Bears,South Dakota Coyotes,89,87,0,2,2458,233,58.9,50.8
2025-12-07,401811972,Middle Tennessee Blue Raiders,Belmont Bruins,62,83,0,2,2393,2057,31.3,52.3
2025-12-07,401812255,North Texas Mean Green,TCU Horned Frogs,55,65,0,2,249,2628,42.6,44.4
2025-12-07,401812265,Alabama Crimson Tide,UTSA Roadrunners,97,55,0,2,333,2636,39.0,32.8
2025-12-07,401812385,Radford Highlanders,Saint Francis Red Wolves,89,56,0,2,2515,2598,53.2,34.4
2025-12-07,401812650,Northeastern Huskies,Central Connecticut Blue Devils,73,56,0,2,111,2115,46.4,33.3
2025-12-07,401813260,Illinois State Redbirds,Chicago State Cougars,95,53,0,2,2287,2130,51.4,29.3
2025-12-07,401813293,Grand Canyon Lopes,Oklahoma State Cowboys,78,84,1,2,2253,197,45.6,57.7
2025-12-07,401813309,Marist Red Foxes,Manhattan Jaspers,80,68,0,2,2368,2363,43.1,37.9
2025-12-07,401813354,Siena Saints,Canisius Golden Griffins,74,52,0,2,2561,2099,44.1,31.5
2025-12-07,401813381,Saint Peter's Peacocks,Niagara Purple Eagles,71,43,0,2,2612,315,47.3,31.1
2025-12-07,401817189,Saint Louis Billikens,Central Michigan Chippewas,107,65,0,2,139,2117,58.0,39.6
2025-12-07,401817268,North Carolina Tar Heels,Georgetown Hoyas,81,61,0,2,153,46,48.3,33.3
2025-12-07,401817448,Pittsburgh Panthers,Hofstra Pride,73,80,0,2,221,2275,45.8,52.7
2025-12-07,401817460,SMU Mustangs,Texas A&M Aggies,93,80,1,2,2567,245,47.0,35.2
2025-12-07,401817471,Stanford Cardinal,UNLV Rebels,74,75,0,2,24,2439,38.1,48.3
2025-12-07,401817509,Milwaukee Panthers,Robert Morris Colonials,74,72,0,2,270,2523,38.3,41.0
2025-12-07,401817510,Wright State Raiders,Green Bay Phoenix,86,58,0,2,2750,2739,51.7,43.8
2025-12-07,401818305,Yale Bulldogs,UIC Flames,80,66,0,2,43,82,42.9,33.8
2025-12-07,401819819,Arizona State Sun Devils,Oklahoma Sooners,86,70,1,2,9,201,47.2,34.9
2025-12-07,401819885,Kansas Jayhawks,Missouri Tigers,80,60,1,2,2305,142,45.6,34.4
2025-12-07,401819902,Texas Tech Red Raiders,LSU Tigers,82,58,1,2,2641,99,46.7,33.3
2025-12-07,401819911,Utah Utes,California Baptist Lancers,91,85,0,2,254,2856,49.1,45.8
2025-12-07,401820157,Navy Midshipmen,Air Force Falcons,61,56,0,2,2426,2005,39.6,39.6
2025-12-07,401820214,Mercyhurst Lakers,Bethany (WV) Bison,80,51,0,2,2385,2062,52.9,36.5
2025-12-07,401820488,Lamar Cardinals,Texas A&M-Corpus Christi Islanders,49,57,0,2,2320,357,37.3,42.2
2025-12-07,401820547,Northern Iowa Panthers,Wichita State Shockers,69,74,0,2,2460,2724,44.3,43.3
2025-12-07,401820583,Quinnipiac Bobcats,Rider Broncs,72,58,0,2,2514,2520,42.9,38.7
2025-12-07,401820802,Charlotte 49ers,Utah State Aggies,53,79,0,2,2429,328,35.3,50.0
2025-12-07,401820835,Nebraska Cornhuskers,Creighton Bluejays,71,50,0,2,158,156,43.6,30.8
2025-12-07,401823192,Merrimack Warriors,Fairfield Stags,74,63,0,2,2771,2217,46.8,39.0
2025-12-07,401823233,Florida Gulf Coast Eagles,Florida Atlantic Owls,76,81,0,2,526,2226,50.9,42.9
2025-12-07,401823423,Bowling Green Falcons,Aquinas Saints,131,50,0,2,189,486,68.6,32.1
2025-12-07,401823465,Bradley Braves,Northern Illinois Huskies,84,55,0,2,71,2459,50.8,29.2
2025-12-07,401823480,Arizona Wildcats,Auburn Tigers,97,68,0,2,12,2,61.2,33.3
2025-12-07,401823490,Mercer Bears,Oglethorpe Stormy Petrels,100,50,0,2,2382,2476,48.8,30.2
2025-12-07,401823726,Sacred Heart Pioneers,Iona Gaels,69,81,0,2,2529,314,41.1,45.9
2025-12-07,401823737,UC Santa Barbara Gauchos,Cal State Bakersfield Roadrunners,109,84,0,2,2540,2934,55.7,50.0
2025-12-07,401824122,New Mexico Lobos,Santa Clara Broncos,98,71,0,2,167,2541,59.6,37.7
2025-12-07,401824139,Washington State Cougars,Nevada Wolf Pack,64,78,0,2,265,2440,39.2,41.7
2025-12-07,401824361,New Hampshire Wildcats,Boston University Terriers,88,82,0,2,160,104,50.8,43.5
2025-12-07,401824813,Houston Cougars,Florida State Seminoles,82,67,1,2,248,52,49.2,38.6
2025-12-07,401824828,UCF Knights,Towson Tigers,86,61,0,2,2116,119,55.4,45.5
2025-12-07,401824892,East Tennessee State Buccaneers,Tusculum Pioneers,78,62,0,2,2193,2839,47.6,35.2
2025-12-07,401824939,East Texas A&M Lions,Central Arkansas Bears,75,68,0,2,2837,2110,41.8,48.3
2025-12-07,401824953,Lipscomb Bisons,Alabama A&M Bulldogs,92,58,0,2,288,2010,59.7,33.9
2025-12-07,401825189,Little Rock Trojans,Arkansas State Red Wolves,78,90,0,2,2031,2032,50.9,49.3
2025-12-07,401825574,DePaul Blue Demons,Arkansas-Pine Bluff Golden Lions,76,72,0,2,305,2029,40.0,48.3
2025-12-07,401825581,Oral Roberts Golden Eagles,Montana State Bobcats,72,68,0,2,198,147,40.0,43.9
2025-12-07,401825593,North Dakota State Bison,Northern Arizona Lumberjacks,69,68,0,2,2449,2464,40.6,45.9
2025-12-07,401826730,Mississippi State Bulldogs,San Francisco Dons,62,65,1,2,344,2539,38.8,42.6
2025-12-07,401826816,Army Black Knights,Gallaudet Bison,111,53,0,2,349,417,53.2,35.9
2025-12-07,401826902,Louisiana Tech Bulldogs,Ecclesia Royals,89,37,0,2,2348,3120,65.4,24.1
2025-12-07,401826916,St. John's Red Storm,Ole Miss Rebels,63,58,0,2,2599,145,34.0,36.4
2025-12-07,401826956,St. Thomas Tommies,Weber State Wildcats,88,65,0,2,2900,2692,56.9,41.8
2025-12-07,401827000,Tarleton State Texans,Cameron Aggies,93,63,0,2,2627,2096,55.7,33.3
2025-12-07,401827156,UT Martin Skyhawks,Alabama State Hornets,74,64,0,2,2630,2011,42.9,45.1
2025-12-07,401828293,North Dakota Fighting Hawks,Montana Grizzlies,75,79,0,2,155,149,42.4,52.0
2025-12-07,401828298,Campbell Fighting Camels,Virginia Lynchburg Dragons,149,62,0,2,2097,3229,64.3,32.4
2025-12-07,401828312,Jacksonville State Gamecocks,Auburn Montgomery Senators,66,39,0,2,55,2040,49.0,21.2
2025-12-07,401828644,Davidson Wildcats,Saint Mary's Gaels,61,70,0,2,2166,2608,39.7,45.9
2025-12-07,401829354,Indiana State Sycamores,Southern Indiana Screaming Eagles,77,55,0,2,282,88,49.2,34.5
2025-12-07,401829449,Stephen F. Austin Lumberjacks,UL Monroe Warhawks,96,76,0,2,2617,2433,55.1,39.4
2025-12-07,401830122,UT Rio Grande Valley Vaqueros,Austin Peay Governors,63,50,0,2,292,2046,43.6,31.6
2025-12-07,401831240,Villanova Wildcats,Pennsylvania Quakers,90,63,0,2,222,219,55.0,40.7
2025-12-08,401812581,Pennsylvania Quakers,Lafayette Leopards,74,72,0,2,219,322,42.4,45.8
2025-12-08,401823448,Gonzaga Bulldogs,North Florida Ospreys,109,58,0,2,2250,2454,61.4,33.3
2025-12-08,401824129,Seattle U Redhawks,UTEP Miners,75,68,0,2,2547,2638,47.1,47.4
2025-12-08,401828342,Kennesaw State Owls,Southern Wesleyan Warriors,121,66,0,2,338,2576,56.8,42.1
2025-12-08,401829434,Samford Bulldogs,Cornell Big Red,93,90,0,2,2535,172,55.2,42.1
2025-12-09,401808900,LSU New Orleans Privateers,Incarnate Word Cardinals,84,83,0,2,2443,2916,58.3,47.5
2025-12-09,401812669,Holy Cross Crusaders,Regis College Pride,69,47,0,2,107,2517,41.5,40.4
2025-12-09,401812923,BYU Cougars,Clemson Tigers,67,64,1,2,252,228,40.3,36.2
2025-12-09,401819895,Kansas State Wildcats,Mississippi Valley State Delta Devils,108,49,0,2,2306,2400,57.6,25.8
2025-12-09,401820191,VMI Keydets,Loyola Maryland Greyhounds,86,70,0,2,2678,2352,52.5,43.9
2025-12-09,401820846,Charleston Southern Buccaneers,South Carolina State Bulldogs,84,44,0,2,2127,2569,42.1,29.6
2025-12-09,401823432,UMBC Retrievers,Buffalo Bulls,79,83,0,2,2378,2084,52.5,54.5
2025-12-09,401823566,Michigan Wolverines,Villanova Wildcats,89,61,0,2,130,222,47.8,33.9
2025-12-09,401824872,Furman Paladins,Bob Jones Bruins,105,57,0,2,231,3243,59.4,33.9
2025-12-09,401827017,Texas Longhorns,Southern Jaguars,95,69,0,2,251,2582,56.9,40.7
2025-12-09,401827071,Winthrop Eagles,Toccoa Falls Eagles,111,62,0,2,2737,2648,54.7,31.7
2025-12-09,401827090,Southern Miss Golden Eagles,Grambling Tigers,68,60,0,2,2572,2755,48.2,37.3
2025-12-09,401830127,UL Monroe Warhawks,Arkansas Baptist Buffaloes,79,69,0,2,2433,2027,37.9,37.5
2025-12-10,401809082,Rider Broncs,Bucknell Bison,38,51,0,2,2520,2083,34.0,37.7
2025-12-10,401811111,Wyoming Cowboys,South Dakota Coyotes,106,79,0,2,2751,233,62.5,43.4
2025-12-10,401812793,UConn Huskies,Florida Gators,77,73,1,2,41,57,50.0,42.4
2025-12-10,401813280,DePaul Blue Demons,Morgan State Bears,92,49,0,2,305,2415,56.5,20.0
2025-12-10,401817170,Rhode Island Rams,McNeese Cowboys,64,66,0,2,227,2377,46.2,40.0
2025-12-10,401817513,Virginia Cavaliers,Maryland Eastern Shore Hawks,84,60,0,2,258,2379,48.4,46.3
2025-12-10,401818306,Yale Bulldogs,UAlbany Great Danes,93,82,1,2,43,399,48.4,51.6
2025-12-10,401818536,Stony Brook Seawolves,Columbia Lions,77,73,0,2,2619,171,41.8,36.2
2025-12-10,401818556,Providence Friars,Brown Bears,86,79,0,2,2507,225,46.2,43.1
2025-12-10,401819820,Arizona State Sun Devils,Northern Arizona Lumberjacks,73,48,0,2,9,2464,50.0,33.3
2025-12-10,401819830,Baylor Bears,Norfolk State Spartans,97,67,0,2,239,2450,52.9,38.3
2025-12-10,401819920,West Virginia Mountaineers,Little Rock Trojans,90,58,0,2,277,2031,55.9,36.2
2025-12-10,401820295,California Golden Bears,Dominican (CA) Penguins,93,71,0,2,25,2957,40.8,47.2
2025-12-10,401822326,Ball State Cardinals,South Dakota State Jackrabbits,64,68,0,2,2050,2571,36.1,45.6
2025-12-10,401822395,Lindenwood Lions,Culver Stockton Wildcats,110,44,0,2,2815,510,70.0,26.1
2025-12-10,401822670,Saint Joseph's Hawks,Coppin State Eagles,87,65,0,2,2603,2154,49.1,43.9
2025-12-10,401823312,San José State Spartans,Long Beach State Beach,89,83,0,2,23,299,55.6,47.8
2025-12-10,401823389,Northern Kentucky Norse,Brescia Bearcats,92,53,0,2,94,2855,47.5,29.4
2025-12-10,401823811,Colorado State Rams,Dartmouth Big Green,76,55,0,2,36,159,61.1,40.4
2025-12-10,401824114,San Diego Toreros,USC Trojans,81,94,0,2,301,30,39.4,61.7
2025-12-10,401825403,Indiana Hoosiers,Penn State Nittany Lions,113,72,0,2,84,213,68.9,46.4
2025-12-10,401825404,Ohio State Buckeyes,Illinois Fighting Illini,80,88,0,2,194,356,45.9,44.4
2025-12-10,401826741,Denver Pioneers,Colorado Christian Cougars,95,59,0,2,2172,2862,61.0,42.3
2025-12-10,401826765,UMass Lowell River Hawks,Fisher Eagles,122,73,0,2,2349,524,55.8,39.7
2025-12-10,401826839,Temple Owls,Georgian Court Lions,103,57,0,2,218,111179,59.0,34.5
2025-12-10,401826864,Princeton Tigers,Merrimack Warriors,56,59,0,2,163,2771,29.8,39.1
2025-12-10,401827529,Howard Bison,North Carolina A&T Aggies,73,69,1,2,47,2448,44.4,42.9
2025-12-10,401828738,Kentucky Wildcats,North Carolina Central Eagles,103,67,0,2,96,2428,60.9,42.1
2025-12-10,401829432,Chattanooga Mocs,Oakwood Ambassadors,103,46,0,2,236,3083,49.3,28.3
2025-12-10,401829439,The Citadel Bulldogs,Southern Wesleyan Warriors,98,73,0,2,2643,2576,45.1,40.0
2025-12-10,401829469,Omaha Mavericks,Doane Tigers,79,70,0,2,2437,2178,51.7,44.6
2025-12-10,401830422,UNC Asheville Bulldogs,Miami (OH) RedHawks,87,90,0,2,2427,193,48.4,50.0
2025-12-11,401812291,Fordham Rams,Fairleigh Dickinson Knights,75,54,0,2,2230,161,48.3,36.4
2025-12-11,401813453,Boise State Broncos,Duquesne Dukes,86,64,0,2,68,2184,46.7,41.4
2025-12-11,401817150,George Washington Revolutionaries,Delaware Blue Hens,58,70,0,2,45,48,29.0,51.0
2025-12-11,401817203,St. Bonaventure Bonnies,Colgate Raiders,85,77,0,2,179,2142,47.7,46.3
2025-12-11,401817216,Boston College Eagles,Massachusetts Minutemen,74,76,1,2,103,113,37.9,45.2
2025-12-11,401817258,NC State Wolfpack,Liberty Flames,85,45,0,2,152,2335,51.7,35.3
2025-12-11,401817438,Notre Dame Fighting Irish,Idaho Vandals,80,65,0,2,87,70,52.5,39.7
2025-12-11,401817511,IU Indianapolis Jaguars,Green Bay Phoenix,75,85,0,2,85,2739,39.3,48.1
2025-12-11,401820619,Iona Gaels,Bryant Bulldogs,69,63,0,2,314,2803,41.0,39.3
2025-12-11,401820630,Boston University Terriers,Maine Black Bears,59,69,0,2,104,311,35.7,54.3
2025-12-11,401822740,VCU Rams,New Mexico Lobos,78,81,0,2,2670,167,38.7,50.0
2025-12-11,401823175,Cal State Fullerton Titans,Bethesda Flames,116,66,0,2,2239,3246,62.1,35.6
2025-12-11,401823262,Cal State Northridge Matadors,Fresno State Bulldogs,89,87,0,2,2463,278,55.0,50.0
2025-12-11,401823364,Marshall Thundering Herd,Western Kentucky Hilltoppers,77,61,0,2,276,98,43.3,30.8
2025-12-11,401823397,Purdue Fort Wayne Mastodons,Eastern Michigan Eagles,80,65,0,2,2870,2199,50.0,50.0
2025-12-11,401823767,San Diego State Aztecs,Lamar Cardinals,89,71,0,2,21,2320,48.3,36.2
2025-12-11,401824814,Houston Cougars,Jackson State Tigers,80,38,0,2,248,2296,47.7,29.5
2025-12-11,401824857,Utah Valley Wolverines,Idaho State Bengals,73,69,0,2,3084,304,48.2,43.6
2025-12-11,401824901,Hawai'i Rainbow Warriors,Hawaiʻi Hilo Vulcans,98,46,0,2,62,2267,50.7,32.8
2025-12-11,401825405,Nebraska Cornhuskers,Wisconsin Badgers,90,60,0,2,158,275,54.1,34.4
2025-12-11,401825406,Purdue Boilermakers,Minnesota Golden Gophers,85,57,0,2,2509,135,53.4,35.7
2025-12-11,401826749,Nicholls Colonels,College of Biblical Studies Ambassadors,117,49,0,2,2447,128256,49.4,35.1
2025-12-11,401826774,Florida Atlantic Owls,Saint Leo Monarchs,112,55,0,2,2226,2605,53.4,29.8
2025-12-11,401826836,South Florida Bulls,Charleston Cougars,81,75,0,2,58,232,40.6,37.1
2025-12-11,401826846,Tulane Green Wave,Tougaloo Bulldogs,84,72,0,2,2655,2650,45.2,47.5
2025-12-11,401826957,Kansas City Roos,Weber State Wildcats,60,64,0,2,140,2692,35.6,41.0
2025-12-11,401827018,Texas State Bobcats,Southern Jaguars,86,83,0,2,326,2582,51.9,47.6
2025-12-11,401827133,Tulsa Golden Hurricane,Arkansas-Pine Bluff Golden Lions,117,84,0,2,202,2029,57.1,50.9
2025-12-11,401828294,Montana Grizzlies,Salish Kootenai Bison,102,46,0,2,149,131858,70.5,26.6
2025-12-11,401828547,Eastern Illinois Panthers,Eastern Kentucky Colonels,59,68,0,2,2197,2198,39.6,42.1
2025-12-11,401828685,NJIT Highlanders,New Haven Chargers,70,64,0,2,2885,2441,44.7,38.5
2025-12-11,401829393,Southern Illinois Salukis,UT Martin Skyhawks,83,54,0,2,79,2630,57.1,33.9
2025-12-11,401829458,North Dakota Fighting Hawks,Crown Polars,89,43,0,2,155,509,45.9,35.4
2025-12-11,401830739,Hofstra Pride,SUNY Old Westbury Panthers,92,23,0,2,2275,16231,56.3,15.7
2025-12-12,401817480,Syracuse Orange,Saint Joseph's Hawks,71,63,0,2,183,2603,47.2,35.7
2025-12-12,401817524,Virginia Tech Hokies,Western Carolina Catamounts,96,74,0,2,259,2717,53.1,42.1
2025-12-12,401819878,Iowa State Cyclones,Iowa Hawkeyes,66,62,0,2,66,2294,42.3,51.0
2025-12-12,401820813,East Carolina Pirates,App State Mountaineers,54,67,0,2,151,2026,35.5,47.4
2025-12-12,401823347,Jacksonville Dolphins,Trinity College of Jacksonville Eagles,122,49,0,2,294,3174,63.8,25.0
2025-12-12,401823738,Cal State Bakersfield Roadrunners,North Dakota State Bison,69,80,0,2,2934,2449,37.5,39.3
2025-12-12,401823872,UT Rio Grande Valley Vaqueros,UT Arlington Mavericks,50,58,0,2,292,250,38.3,42.3
2025-12-12,401826056,UMBC Retrievers,Army Black Knights,60,63,0,2,2378,349,39.7,35.1
2025-12-12,401826742,Denver Pioneers,Alaska Anchorage Seawolves,97,61,0,2,2172,1,55.2,41.1
2025-12-12,401827157,Missouri Tigers,Alabama State Hornets,85,77,0,2,142,2011,64.7,47.5
2025-12-12,401829479,St. Thomas Tommies,Saint John's (MN) Johnnies,80,56,0,2,2900,2600,50.9,32.3
2025-12-12,401829492,Georgia Southern Eagles,Coastal Georgia Mariner,100,58,0,2,290,3189,52.2,34.6
2025-12-12,401831530,Wagner Seahawks,Bloomfield Deacons,95,93,0,2,2681,2854,50.7,46.1
2025-12-13,401808702,McNeese Cowboys,East Texas A&M Lions,102,66,0,2,2377,2837,55.6,41.0
2025-12-13,401808901,Houston Cougars,LSU New Orleans Privateers,99,57,0,2,248,2443,54.2,37.8
2025-12-13,401808953,Houston Christian Huskies,SE Louisiana Lions,71,74,0,2,2277,2545,44.8,42.9
2025-12-13,401809421,Miami Hurricanes,UL Monroe Warhawks,104,79,0,2,2390,2433,60.0,44.4
2025-12-13,401811112,South Dakota Coyotes,Prairie View A&M Panthers,97,85,0,2,233,2504,47.5,51.5
2025-12-13,401812361,Long Island University Sharks,La Salle Explorers,70,60,0,2,112358,2325,47.9,41.0
2025-12-13,401812631,Delaware Blue Hens,Cal State Northridge Matadors,66,88,0,2,48,2463,39.6,50.8
2025-12-13,401812651,Binghamton Bearcats,Central Connecticut Blue Devils,67,84,0,2,2066,2115,45.8,60.0
2025-12-13,401812794,UConn Huskies,Texas Longhorns,71,63,0,2,41,251,54.7,37.7
2025-12-13,401812924,Clemson Tigers,Mercer Bears,70,63,0,2,228,2382,46.3,48.1
2025-12-13,401813261,Utah State Aggies,Illinois State Redbirds,83,78,1,2,328,2287,52.5,58.8
2025-12-13,401813281,Morgan State Bears,Niagara Purple Eagles,81,73,0,2,2415,315,61.4,49.1
2025-12-13,401813294,Oklahoma State Cowboys,Oklahoma Sooners,76,85,1,2,197,201,38.0,44.4
2025-12-13,401813325,Bryant Bulldogs,Marist Red Foxes,74,82,0,2,2803,2368,50.0,50.9
2025-12-13,401813355,Maine Black Bears,Canisius Golden Griffins,43,70,0,2,311,2099,31.4,44.6
2025-12-13,401813404,Loyola Maryland Greyhounds,Mount St. Mary's Mountaineers,73,81,0,2,2352,116,36.9,51.9
2025-12-13,401817151,Florida Gators,George Washington Revolutionaries,80,70,1,2,57,45,50.0,41.5
2025-12-13,401817178,Richmond Spiders,Southern Illinois Salukis,93,84,0,2,257,79,50.8,43.5
2025-12-13,401817204,Ohio Bobcats,St. Bonaventure Bonnies,88,83,1,2,195,179,54.7,44.3
2025-12-13,401817226,California Golden Bears,Northwestern State Demons,79,70,0,2,25,2466,45.5,45.1
2025-12-13,401817247,Louisville Cardinals,Memphis Tigers,99,73,0,2,97,235,55.6,41.2
2025-12-13,401817259,NC State Wolfpack,Kansas Jayhawks,76,77,0,2,152,2305,37.8,42.9
2025-12-13,401817269,North Carolina Tar Heels,South Carolina Upstate Spartans,80,62,0,2,153,2908,50.9,37.9
2025-12-13,401817439,Notre Dame Fighting Irish,Evansville Purple Aces,82,58,0,2,87,339,47.5,39.6
2025-12-13,401817449,Villanova Wildcats,Pittsburgh Panthers,79,61,0,2,222,221,52.0,42.1
2025-12-13,401817483,Syracuse Orange,Hofstra Pride,69,70,0,2,183,2275,45.6,49.1
2025-12-13,401819848,Georgia Bulldogs,Cincinnati Bearcats,84,65,1,2,61,2132,50.0,35.4
2025-12-13,401819868,Colorado Buffaloes,UTSA Roadrunners,88,64,0,2,38,2636,49.3,39.1
2025-12-13,401819896,Creighton Bluejays,Kansas State Wildcats,76,83,0,2,156,2306,39.7,42.6
2025-12-13,401820215,Davidson Wildcats,Mercyhurst Lakers,80,47,0,2,2166,2385,60.8,40.0
2025-12-13,401820489,Texas A&M-Corpus Christi Islanders,Dallas Christian Crusaders,108,55,0,2,357,2937,60.3,26.9
2025-12-13,401820548,Northern Iowa Panthers,Oakland Golden Grizzlies,75,63,0,2,2460,2473,44.8,39.7
2025-12-13,401820584,Quinnipiac Bobcats,UMass Lowell River Hawks,75,71,0,2,2514,2349,41.3,47.4
2025-12-13,401820602,Akron Zips,Murray State Racers,100,115,1,2,2006,93,48.7,58.0
2025-12-13,401822170,Fordham Rams,Manhattan Jaspers,82,53,0,2,2230,2363,54.5,34.5
2025-12-13,401822337,Valparaiso Beacons,UNC Wilmington Seahawks,70,73,0,2,2674,350,35.4,40.0
2025-12-13,401822353,Stonehill Skyhawks,Vermont State Johnson Badgers,101,60,0,2,284,126751,53.1,39.7
2025-12-13,401822727,Georgetown Hoyas,Saint Peter's Peacocks,76,68,0,2,46,2612,48.0,36.8
2025-12-13,401822867,Butler Bulldogs,Providence Friars,113,110,0,2,2086,2507,46.9,47.7
2025-12-13,401823028,Purdue Boilermakers,Marquette Golden Eagles,79,59,0,2,2509,269,53.6,32.8
2025-12-13,401823042,North Carolina A&T Aggies,Maryland Eastern Shore Hawks,82,79,0,2,2448,2379,44.0,44.8
2025-12-13,401823176,Denver Pioneers,Cal State Fullerton Titans,86,105,0,2,2172,2239,45.6,56.3
2025-12-13,401823221,Bellarmine Knights,Northern Kentucky Norse,76,80,0,2,91,94,50.0,50.8
2025-12-13,401823328,Xavier Musketeers,Missouri State Bears,75,57,0,2,2752,2623,43.1,39.6
2025-12-13,401823406,Robert Morris Colonials,Toledo Rockets,75,70,0,2,2523,2649,44.8,33.3
2025-12-13,401823412,Marshall Thundering Herd,Wright State Raiders,76,74,0,2,276,2750,49.1,39.7
2025-12-13,401823457,Stony Brook Seawolves,Central Michigan Chippewas,78,55,0,2,2619,2117,57.1,35.1
2025-12-13,401823466,Elon Phoenix,Northern Illinois Huskies,85,79,0,2,2210,2459,51.8,41.4
2025-12-13,401823481,Auburn Tigers,Chattanooga Mocs,92,78,1,2,2,236,49.1,45.8
2025-12-13,401823496,Queens University Royals,South Carolina State Bulldogs,102,78,0,2,2511,2569,50.0,42.6
2025-12-13,401823506,Eastern Washington Eagles,California Baptist Lancers,83,88,0,2,331,2856,49.2,53.6
2025-12-13,401823548,Washington Huskies,Southern Utah Thunderbirds,105,69,0,2,264,253,52.8,45.3
2025-12-13,401823727,NJIT Highlanders,Sacred Heart Pioneers,49,65,0,2,2885,2529,28.8,42.9
2025-12-13,401824060,Oregon State Beavers,Montana State Bobcats,67,57,0,2,204,147,42.2,36.8
2025-12-13,401824115,San Diego Toreros,Northern Arizona Lumberjacks,78,69,0,2,301,2464,50.0,48.1
2025-12-13,401824309,St. John's Red Storm,Iona Gaels,91,64,0,2,2599,314,51.7,38.0
2025-12-13,401824362,Dartmouth Big Green,Boston University Terriers,77,64,0,2,159,104,43.4,37.1
2025-12-13,401824893,Austin Peay Governors,East Tennessee State Buccaneers,76,75,0,2,2046,2193,40.3,45.9
2025-12-13,401824940,Vanderbilt Commodores,Central Arkansas Bears,83,72,0,2,238,2110,42.2,36.1
2025-12-13,401825407,Illinois Fighting Illini,Nebraska Cornhuskers,80,83,0,2,356,158,48.3,51.6
2025-12-13,401825409,Penn State Nittany Lions,Michigan State Spartans,72,76,0,2,213,127,42.4,46.2
2025-12-13,401825575,Wichita State Shockers,DePaul Blue Demons,58,61,0,2,2724,305,37.7,51.1
2025-12-13,401826090,Oregon Ducks,UC Davis Aggies,104,62,0,2,2483,302,60.7,35.1
2025-12-13,401826704,George Mason Patriots,Old Dominion Monarchs,73,61,0,2,2244,295,41.1,41.5
2025-12-13,401826711,Florida State Seminoles,Massachusetts Minutemen,95,103,1,2,52,113,44.4,53.5
2025-12-13,401826789,Arkansas Razorbacks,Texas Tech Red Raiders,93,86,1,2,8,2641,52.4,50.7
2025-12-13,401826795,Florida Atlantic Owls,UAlbany Great Danes,105,79,0,2,2226,399,55.9,46.0
2025-12-13,401826810,Rice Owls,Arkansas State Red Wolves,77,76,0,2,242,2032,40.6,49.2
2025-12-13,401826834,Tennessee Tech Golden Eagles,Bethel (TN) Wildcats,101,69,0,2,2635,2064,55.0,40.3
2025-12-13,401826903,Louisiana Tech Bulldogs,Louisiana Ragin' Cajuns,65,44,0,2,2348,309,44.9,30.0
2025-12-13,401826925,Portland State Vikings,George Fox Bruins,94,50,0,2,2502,415,52.8,30.8
2025-12-13,401826935,Northwestern Wildcats,Jackson State Tigers,93,53,0,2,77,2296,50.0,28.6
2025-12-13,401826952,Utah Valley Wolverines,UC Santa Barbara Gauchos,68,53,1,2,3084,2540,40.4,35.8
2025-12-13,401826971,Gardner-Webb Runnin' Bulldogs,Brevard Tornados,77,63,0,2,2241,2913,53.3,46.3
2025-12-13,401827055,Longwood Lancers,Delaware State Hornets,76,81,0,2,2344,2169,49.1,56.0
2025-12-13,401827072,Winthrop Eagles,Bob Jones Bruins,101,55,0,2,2737,3243,52.3,35.0
2025-12-13,401827196,Alabama A&M Bulldogs,Arkansas Baptist Buffaloes,67,59,0,2,2010,2027,39.6,33.3
2025-12-13,401827259,Ole Miss Rebels,Southern Miss Golden Eagles,71,67,1,2,145,2572,49.0,46.3
2025-12-13,401827524,Howard Bison,Hampton Pirates,61,57,1,2,47,2261,40.4,26.0
2025-12-13,401828286,New Mexico State Aggies,Tulsa Golden Hurricane,70,83,1,2,166,202,39.3,47.7
2025-12-13,401828313,Georgia State Panthers,Jacksonville State Gamecocks,77,73,0,2,2247,55,40.4,42.4
2025-12-13,401828548,Eastern Kentucky Colonels,Miami (OH) RedHawks,69,79,0,2,2198,193,33.9,54.1
2025-12-13,401828910,Drake Bulldogs,North Dakota State Bison,94,99,0,2,2181,2449,51.9,53.2
2025-12-13,401829459,North Dakota Fighting Hawks,Western Illinois Leathernecks,66,69,0,2,155,2710,38.2,32.9
2025-12-13,401829476,South Dakota State Jackrabbits,Dakota Wesleyan Tigers,94,62,0,2,2571,513,55.6,35.4
2025-12-13,401829480,UNC Asheville Bulldogs,St. Thomas Tommies,59,80,0,2,2427,2900,43.4,50.9
2025-12-13,401830119,UNC Greensboro Spartans,William Peace Pacers,90,62,0,2,2430,108807,53.7,34.9
2025-12-13,401830198,Belmont Bruins,UIC Flames,87,84,0,2,2057,82,58.0,44.6
2025-12-14,401812266,Alabama Crimson Tide,Arizona Wildcats,75,96,1,2,333,12,44.6,42.9
2025-12-14,401812386,Temple Owls,Saint Francis Red Wolves,95,67,0,2,218,2598,59.6,42.6
2025-12-14,401813442,Dayton Flyers,North Florida Ospreys,84,61,0,2,2168,2454,52.3,33.9
2025-12-14,401813454,Nevada Wolf Pack,Duquesne Dukes,78,75,0,2,2440,2184,44.6,39.0
2025-12-14,401813763,Gonzaga Bulldogs,UCLA Bruins,82,72,1,2,2250,26,50.0,49.0
2025-12-14,401817161,Loyola Chicago Ramblers,Chicago State Cougars,75,84,0,2,2350,2130,35.8,40.6
2025-12-14,401817190,Saint Louis Billikens,San Francisco Dons,85,75,0,2,139,2539,48.4,40.3
2025-12-14,401817461,LSU Tigers,SMU Mustangs,89,77,1,2,99,2567,62.1,49.2
2025-12-14,401817472,San José State Spartans,Stanford Cardinal,82,86,0,2,23,24,45.3,60.9
2025-12-14,401817512,Purdue Fort Wayne Mastodons,Detroit Mercy Titans,81,77,0,2,2870,2174,48.3,41.2
2025-12-14,401817525,Virginia Tech Hokies,Maryland Eastern Shore Hawks,82,53,0,2,259,2379,54.4,36.8
2025-12-14,401817535,Wake Forest Demon Deacons,Queens University Royals,111,73,0,2,154,2511,62.1,43.9
2025-12-14,401819821,Santa Clara Broncos,Arizona State Sun Devils,79,82,1,2,2541,9,42.2,54.7
2025-12-14,401819838,BYU Cougars,UC Riverside Highlanders,100,53,0,2,252,27,59.1,35.5
2025-12-14,401819879,Iowa State Cyclones,Eastern Illinois Panthers,78,53,0,2,66,2197,46.6,35.8
2025-12-14,401819912,Utah Utes,Mississippi State Bulldogs,74,82,1,2,254,344,45.3,50.8
2025-12-14,401819921,Ohio State Buckeyes,West Virginia Mountaineers,89,88,1,2,194,277,44.4,39.7
2025-12-14,401820401,UNLV Rebels,Tennessee State Tigers,60,63,0,2,2439,2634,37.3,46.7
2025-12-14,401820803,Charleston Cougars,Charlotte 49ers,74,67,0,2,232,2429,50.0,41.4
2025-12-14,401820814,East Carolina Pirates,Buffalo Bulls,73,70,0,2,151,2084,36.5,39.0
2025-12-14,401822314,Milwaukee Panthers,Indiana State Sycamores,68,70,0,2,270,282,35.8,55.8
2025-12-14,401822327,Campbell Fighting Camels,Ball State Cardinals,69,64,0,2,2097,2050,38.7,40.7
2025-12-14,401822764,Radford Highlanders,Coppin State Eagles,107,77,0,2,2515,2154,61.3,44.6
2025-12-14,401823005,Youngstown State Penguins,Thiel Tomcats,103,52,0,2,2754,2644,59.4,36.7
2025-12-14,401823018,Portland Pilots,Kent State Golden Flashes,88,78,0,2,2501,2309,52.4,41.4
2025-12-14,401823234,New Mexico Lobos,Florida Gulf Coast Eagles,75,59,0,2,167,526,36.7,35.1
2025-12-14,401823313,Fairfield Stags,Monmouth Hawks,73,65,0,2,2217,2405,47.8,45.9
2025-12-14,401823570,Idaho Vandals,Evergreen State Geoducks,109,55,0,2,70,2866,54.2,36.4
2025-12-14,401823650,Iowa Hawkeyes,Western Michigan Broncos,91,51,0,2,2294,2711,55.9,29.8
2025-12-14,401823739,Cal State Bakersfield Roadrunners,Pepperdine Waves,62,70,0,2,2934,2492,29.8,45.5
2025-12-14,401823790,Grand Canyon Lopes,Coastal Carolina Chanticleers,82,61,0,2,2253,324,36.8,37.3
2025-12-14,401823812,Colorado State Rams,Northern New Mexico Eagles,104,54,0,2,36,3141,61.3,34.5
2025-12-14,401823819,Boise State Broncos,Saint Mary's Gaels,68,67,1,2,68,2608,48.1,36.8
2025-12-14,401824029,Utah Tech Trailblazers,Justice Lions,89,48,0,2,3101,130183,54.2,30.2
2025-12-14,401824066,Pacific Tigers,Simpson (CA) Red Hawks,104,50,0,2,279,612,60.6,36.0
2025-12-14,401824130,Seattle U Redhawks,Warner Pacific Knights,115,60,0,2,2547,2952,60.0,35.5
2025-12-14,401824902,Hawai'i Rainbow Warriors,UTEP Miners,66,61,0,2,62,2638,40.4,40.0
2025-12-14,401825389,West Georgia Wolves,Georgia Southern Eagles,85,91,0,2,2698,290,46.0,47.7
2025-12-14,401825408,Maryland Terrapins,Michigan Wolverines,83,101,0,2,120,130,49.2,60.3
2025-12-14,401826737,App State Mountaineers,High Point Panthers,86,78,1,2,2026,2272,47.4,34.7
2025-12-14,401826769,Vermont Catamounts,Merrimack Warriors,66,59,0,2,261,2771,42.0,39.2
2025-12-14,401826847,UC San Diego Tritons,Tulane Green Wave,93,67,1,2,28,2655,46.7,39.3
2025-12-14,401826876,UAB Blazers,Troy Trojans,85,86,0,2,5,2653,55.7,49.2
2025-12-14,401826894,Seton Hall Pirates,Rutgers Scarlet Knights,81,59,0,2,2550,164,54.8,35.8
2025-12-14,401827008,Minnesota Golden Gophers,Texas Southern Tigers,89,53,0,2,135,2640,49.1,35.8
2025-12-14,401827113,Missouri Tigers,Bethune-Cookman Wildcats,82,60,0,2,142,2065,57.6,42.2
2025-12-14,401827208,Kentucky Wildcats,Indiana Hoosiers,72,60,0,2,96,84,37.9,34.1
2025-12-14,401827487,Cleveland State Vikings,Oakland City Mighty Oaks,96,52,0,2,325,2474,54.4,29.6
2025-12-14,401828279,South Alabama Jaguars,North Texas Mean Green,57,58,0,2,6,249,40.8,33.9
2025-12-14,401828528,Oral Roberts Golden Eagles,Ecclesia Royals,97,52,0,2,198,3120,55.8,27.1
2025-12-14,401829344,SIU Edwardsville Cougars,Eureka Red Devils,97,54,0,2,2565,101,51.3,34.7
2025-12-14,401829351,Southeast Missouri State Redhawks,Saint Xavier Cougars,88,65,0,2,2546,2615,50.8,39.0
2025-12-14,401829394,UT Martin Skyhawks,Champion Christian Tigers,96,52,0,2,2630,3134,44.9,28.4
2025-12-14,401829424,South Carolina Gamecocks,The Citadel Bulldogs,71,55,0,2,2579,2643,42.4,36.8
2025-12-14,401829452,Kansas City Roos,Spurgeon Knights,102,75,0,2,140,125330,55.7,37.2
2025-12-14,401832162,Bradley Braves,North Central College Cardinals,86,53,0,2,71,3071,45.9,37.0
2025-12-15,401823348,Texas A&M Aggies,Jacksonville Dolphins,112,75,0,2,245,294,59.2,44.8
2025-12-15,401824140,USC Trojans,Washington State Cougars,68,61,0,2,30,265,40.0,39.6
2025-12-15,401829435,Samford Bulldogs,Bryan Lions,106,51,0,2,2535,2081,54.7,32.4
2025-12-16,401808703,SE Louisiana Lions,East Texas A&M Lions,69,70,0,2,2545,2837,41.4,45.1
2025-12-16,401812256,TCU Horned Frogs,Incarnate Word Cardinals,69,65,0,2,2628,2916,47.1,43.9
2025-12-16,401812670,Holy Cross Crusaders,Dartmouth Big Green,64,89,0,2,107,159,36.4,55.4
2025-12-16,401813382,VCU Rams,Niagara Purple Eagles,84,58,0,2,2670,315,50.0,35.4
2025-12-16,401817236,Duke Blue Devils,Lipscomb Bisons,97,73,0,2,150,288,52.2,39.3
2025-12-16,401820475,Houston Christian Huskies,McNeese Cowboys,68,78,0,2,2277,2377,40.0,59.3
2025-12-16,401823365,Western Kentucky Hilltoppers,Campbellsville Tigers,102,59,0,2,98,2098,50.0,36.7
2025-12-16,401823379,IU Indianapolis Jaguars,Miami (OH) Middletown ThunderHawks,126,73,0,2,85,126972,53.8,40.0
2025-12-16,401823439,Alabama A&M Bulldogs,North Alabama Lions,68,60,0,2,2010,2453,37.5,42.0
2025-12-16,401823472,Michigan State Spartans,Toledo Rockets,92,69,0,2,127,2649,50.7,35.9
2025-12-16,401823728,UMass Lowell River Hawks,Sacred Heart Pioneers,87,82,0,2,2349,2529,45.2,49.2
2025-12-16,401823762,South Dakota State Jackrabbits,Wyoming Cowboys,72,87,1,2,2571,2751,40.0,53.6
2025-12-16,401825208,Stetson Hatters,Rhodes Lynx,95,76,0,2,56,2519,52.8,41.4
2025-12-16,401826972,Gardner-Webb Runnin' Bulldogs,Wofford Terriers,57,83,0,2,2241,2747,40.0,47.0
2025-12-16,401827064,South Carolina State Bulldogs,South Carolina Upstate Spartans,72,78,0,2,2569,2908,50.9,50.9
2025-12-16,401827134,Arkansas-Pine Bluff Golden Lions,Ecclesia Royals,114,64,0,2,2029,3120,53.1,41.4
2025-12-16,401827516,Drexel Dragons,Howard Bison,66,74,0,2,2182,47,43.1,47.9
2025-12-16,401828471,Liberty Flames,Midway Eagles,95,57,0,2,2335,111166,62.1,41.8
2025-12-16,401829464,North Dakota State Bison,Crookston (MN) Golden Eagles,101,67,0,2,2449,2772,52.9,49.1
2025-12-16,401830423,UNC Asheville Bulldogs,Kentucky Christian Knights,83,73,0,2,2427,3077,56.1,36.9
2025-12-16,401842404,Florida A&M Rattlers,Albany State Golden Rams,93,77,0,2,50,2013,57.6,49.0
2025-12-17,401806344,Morehead State Eagles,Little Rock Trojans,78,64,0,2,2413,2031,45.8,39.6
2025-12-17,401808976,Lamar Cardinals,UT Rio Grande Valley Vaqueros,72,83,0,2,2320,292,40.7,51.7
2025-12-17,401809422,Miami Hurricanes,Florida International Panthers,98,81,0,2,2390,2229,53.8,47.6
2025-12-17,401812362,Mississippi State Bulldogs,Long Island University Sharks,87,83,0,2,344,112358,46.7,47.1
2025-12-17,401812387,Florida Gators,Saint Francis Red Wolves,102,61,0,2,57,2598,61.0,39.7
2025-12-17,401812925,Clemson Tigers,South Carolina Gamecocks,68,61,0,2,228,2579,46.8,37.3
2025-12-17,401813326,Georgia Tech Yellow Jackets,Marist Red Foxes,87,76,0,2,59,2368,57.9,45.2
2025-12-17,401813356,Rhode Island Rams,Canisius Golden Griffins,62,45,0,2,227,2099,34.4,31.9
2025-12-17,401813443,Dayton Flyers,Florida State Seminoles,97,69,0,2,2168,52,49.0,36.2
2025-12-17,401817248,Tennessee Volunteers,Louisville Cardinals,83,62,0,2,2633,97,54.7,37.9
2025-12-17,401817270,North Carolina Tar Heels,East Tennessee State Buccaneers,77,58,0,2,153,2193,54.0,38.5
2025-12-17,401819839,BYU Cougars,Pacific Tigers,93,57,0,2,252,279,46.8,39.1
2025-12-17,401819886,Kansas Jayhawks,Towson Tigers,73,49,0,2,2305,119,46.7,27.5
2025-12-17,401819903,Texas Tech Red Raiders,Northern Colorado Bears,101,90,0,2,2641,2458,60.3,56.1
2025-12-17,401822338,Northwestern Wildcats,Valparaiso Beacons,86,70,0,2,77,2674,54.1,44.4
2025-12-17,401822346,Bowling Green Falcons,Chicago State Cougars,76,55,0,2,189,2130,50.9,29.3
2025-12-17,401822354,New Hampshire Wildcats,Stonehill Skyhawks,59,58,0,2,160,284,33.9,40.0
2025-12-17,401822868,UConn Huskies,Butler Bulldogs,79,60,0,2,41,2086,50.8,29.5
2025-12-17,401822869,St. John's Red Storm,DePaul Blue Demons,79,66,0,2,2599,305,44.8,39.1
2025-12-17,401822871,Xavier Musketeers,Creighton Bluejays,57,98,0,2,2752,156,36.4,60.3
2025-12-17,401823329,Missouri State Bears,Oral Roberts Golden Eagles,63,62,0,2,2623,198,42.0,36.2
2025-12-17,401823413,Wright State Raiders,Miami (OH) RedHawks,76,83,0,2,2750,193,42.9,54.9
2025-12-17,401823467,Northern Illinois Huskies,East West Phantoms,112,64,0,2,2459,3107,45.8,43.3
2025-12-17,401823497,Arkansas Razorbacks,Queens University Royals,108,80,0,2,8,2511,56.3,44.1
2025-12-17,401823529,Arizona Wildcats,Abilene Christian Wildcats,96,62,0,2,12,2000,66.7,35.7
2025-12-17,401823537,California Baptist Lancers,Southern Jaguars,75,67,0,2,2856,2582,36.7,37.9
2025-12-17,401823853,Delaware Blue Hens,Rider Broncs,65,57,0,2,48,2520,46.8,36.1
2025-12-17,401824044,Loyola Marymount Lions,UC San Diego Tritons,57,67,0,2,2351,28,39.3,45.8
2025-12-17,401824941,Central Arkansas Bears,Kansas Christian Falcons,102,47,0,2,2110,123410,47.6,31.7
2025-12-17,401825582,Cal Poly Mustangs,Montana State Bobcats,80,83,0,2,13,147,39.7,42.4
2025-12-17,401826046,UC Riverside Highlanders,Stanton Elks,95,70,0,2,27,128501,52.5,49.2
2025-12-17,401826743,Denver Pioneers,Colorado Colorado Springs Mountain Lions,129,93,0,2,2172,2145,68.6,46.7
2025-12-17,401826781,Oklahoma Sooners,Kansas City Roos,89,67,0,2,201,140,50.0,40.4
2025-12-17,401826811,Rice Owls,Southwestern Christian U Eagles,94,47,0,2,242,3238,53.8,27.3
2025-12-17,401826858,Texas Longhorns,Le Moyne Dolphins,95,53,0,2,251,2330,50.0,28.3
2025-12-17,401826980,High Point Panthers,Mary Baldwin Fighting Squirrels,129,47,0,2,2272,124942,63.8,34.0
2025-12-17,401827001,Mississippi Valley State Delta Devils,Tarleton State Texans,64,88,0,2,2400,2627,54.2,50.8
2025-12-17,401827135,Arkansas-Pine Bluff Golden Lions,Champion Christian Tigers,138,73,0,2,2029,3134,62.1,36.5
2025-12-17,401827530,UNC Greensboro Spartans,North Carolina A&T Aggies,65,71,0,2,2430,2448,36.5,37.5
2025-12-17,401829050,Ohio Bobcats,Ohio Wesleyan Battling Bishops,89,56,0,2,195,2980,58.1,30.6
2025-12-17,401829470,Omaha Mavericks,York (NE) Panthers,105,58,0,2,2437,109998,51.3,29.0
2025-12-17,401830199,Evansville Purple Aces,Belmont Bruins,78,83,0,2,339,2057,37.7,48.3
2025-12-17,401830246,UIC Flames,Northern Iowa Panthers,54,60,0,2,82,2460,36.7,43.8
2025-12-18,401806345,Eastern Illinois Panthers,SIU Edwardsville Cougars,76,72,0,2,2197,2565,49.1,41.4
2025-12-18,401808575,Texas State Bobcats,Arkansas State Red Wolves,70,89,0,2,326,2032,41.9,56.4
2025-12-18,401808577,Old Dominion Monarchs,James Madison Dukes,77,68,0,2,295,256,39.6,46.3
2025-12-18,401808578,UL Monroe Warhawks,South Alabama Jaguars,92,96,0,2,2433,6,43.8,52.9
2025-12-18,401808579,App State Mountaineers,Coastal Carolina Chanticleers,67,49,0,2,2026,324,46.0,30.0
2025-12-18,401808919,Nicholls Colonels,Houston Christian Huskies,79,64,0,2,2447,2277,47.7,51.1
2025-12-18,401808967,Stephen F. Austin Lumberjacks,Texas A&M-Corpus Christi Islanders,69,60,0,2,2617,357,45.7,39.6
2025-12-18,401811113,South Dakota Coyotes,Dakota State Trojans,80,71,0,2,233,512,49.1,49.2
2025-12-18,401812267,Alabama Crimson Tide,South Florida Bulls,104,93,0,2,333,58,44.9,38.9
2025-12-18,401813764,UCLA Bruins,Arizona State Sun Devils,90,77,0,2,26,9,46.8,40.0
2025-12-18,401817162,San Francisco Dons,Loyola Chicago Ramblers,85,71,0,2,2539,2350,52.9,43.1
2025-12-18,401817179,Elon Phoenix,Richmond Spiders,73,70,0,2,2210,257,46.4,45.3
2025-12-18,401817191,Saint Louis Billikens,Bethune-Cookman Wildcats,112,53,0,2,139,2065,62.5,27.4
2025-12-18,401817260,NC State Wolfpack,Texas Southern Tigers,108,72,0,2,152,2640,50.7,40.0
2025-12-18,401817450,Pittsburgh Panthers,Binghamton Bearcats,103,63,0,2,221,2066,62.1,43.9
2025-12-18,401817473,Stanford Cardinal,UT Arlington Mavericks,76,60,0,2,24,250,47.9,41.9
2025-12-18,401817484,Syracuse Orange,Mercyhurst Lakers,76,62,0,2,183,2385,49.2,40.3
2025-12-18,401817536,Wake Forest Demon Deacons,Longwood Lancers,71,68,0,2,154,2344,40.7,35.5
2025-12-18,401817593,Northern Kentucky Norse,Oakland Golden Grizzlies,77,82,0,2,94,2473,44.3,45.9
2025-12-18,401817594,Robert Morris Colonials,Youngstown State Penguins,80,77,0,2,2523,2754,42.4,58.1
2025-12-18,401819849,Cincinnati Bearcats,Alabama State Hornets,88,51,0,2,2132,2011,49.3,29.0
2025-12-18,401819869,Colorado Buffaloes,Portland State Vikings,84,73,0,2,38,2502,48.3,47.4
2025-12-18,401820557,San Diego State Aztecs,Air Force Falcons,81,58,0,2,21,2005,50.8,41.3
2025-12-18,401820585,Monmouth Hawks,Quinnipiac Bobcats,75,85,0,2,2405,2514,42.6,51.6
2025-12-18,401820815,East Carolina Pirates,Presbyterian Blue Hose,74,53,0,2,151,2506,54.5,39.6
2025-12-18,401820847,Charleston Southern Buccaneers,North Florida Ospreys,113,90,0,2,2127,2454,56.9,45.5
2025-12-18,401822837,Vermont Catamounts,Siena Saints,83,69,0,2,261,2561,52.6,38.8
2025-12-18,401822870,Marquette Golden Eagles,Georgetown Hoyas,69,78,0,2,269,46,42.2,46.6
2025-12-18,401822999,Middle Tennessee Blue Raiders,Kennesaw State Owls,68,67,0,2,2393,338,33.9,36.5
2025-12-18,401823043,Wagner Seahawks,Maryland Eastern Shore Hawks,78,64,0,2,2681,2379,47.3,48.1
2025-12-18,401823222,Bellarmine Knights,Chattanooga Mocs,79,64,0,2,91,236,47.2,32.8
2025-12-18,401823349,Florida A&M Rattlers,Jacksonville Dolphins,72,65,0,2,50,294,49.0,41.5
2025-12-18,401823356,Oregon State Beavers,Sam Houston Bearkats,75,85,0,2,204,2534,44.1,44.6
2025-12-18,401823458,Central Michigan Chippewas,Olivet Comets,85,65,0,2,2117,354,47.7,39.1
2025-12-18,401823491,UCF Knights,Mercer Bears,81,63,0,2,2116,2382,44.1,37.7
2025-12-18,401823507,Eastern Washington Eagles,Washington State Cougars,63,78,1,2,331,265,38.3,51.6
2025-12-18,401824035,Gonzaga Bulldogs,Campbell Fighting Camels,98,70,0,2,2250,2097,57.6,39.7
2025-12-18,401824093,Oregon Ducks,Portland Pilots,94,69,0,2,2483,2501,48.4,41.3
2025-12-18,401824123,Santa Clara Broncos,North Texas Mean Green,63,60,1,2,2541,249,42.9,40.0
2025-12-18,401824131,UC Davis Aggies,Seattle U Redhawks,78,79,0,2,302,2547,47.4,43.9
2025-12-18,401825390,West Georgia Wolves,Brewton Parker Wildcats,70,49,0,2,2698,2077,36.4,30.2
2025-12-18,401826799,Memphis Tigers,Vanderbilt Commodores,70,77,0,2,235,238,35.9,32.3
2025-12-18,401826848,Tulane Green Wave,Louisiana Tech Bulldogs,61,53,0,2,2655,2348,37.0,31.6
2025-12-18,401826877,UAB Blazers,Cleveland State Vikings,101,77,0,2,5,325,56.1,43.1
2025-12-18,401826883,Wichita State Shockers,Wofford Terriers,84,73,0,2,2724,2747,49.1,40.7
2025-12-18,401826953,Utah Valley Wolverines,Weber State Wildcats,90,74,0,2,3084,2692,58.6,45.2
2025-12-18,401826973,Gardner-Webb Runnin' Bulldogs,Toccoa Falls Eagles,105,65,0,2,2241,2648,62.1,37.5
2025-12-18,401827065,South Carolina Upstate Spartans,Southern Wesleyan Warriors,98,63,0,2,2908,2576,56.9,30.9
2025-12-18,401827197,Ole Miss Rebels,Alabama A&M Bulldogs,80,66,1,2,145,2010,54.0,43.1
2025-12-18,401827440,USC Trojans,UTSA Roadrunners,97,70,0,2,30,2636,55.0,34.9
2025-12-18,401827453,Charleston Cougars,The Citadel Bulldogs,82,78,0,2,232,2643,50.0,42.6
2025-12-18,401827496,Stony Brook Seawolves,UAlbany Great Danes,55,71,0,2,2619,399,32.8,50.9
2025-12-18,401828295,Montana Grizzlies,Montana Tech Orediggers,75,82,0,2,149,148,45.6,50.0
2025-12-18,401828300,Jackson State Tigers,Hampton Pirates,77,84,1,2,2296,2261,48.3,46.2
2025-12-18,401828314,Jacksonville State Gamecocks,Eastern Kentucky Colonels,59,62,0,2,55,2198,35.3,37.5
2025-12-18,401828479,Green Bay Phoenix,UC Santa Barbara Gauchos,67,64,0,2,2739,2540,51.2,56.5
2025-12-18,401828739,North Carolina Central Eagles,Mid Atlantic Christian Mustangs,96,62,0,2,2428,108806,53.7,35.6
2025-12-18,401830424,UNC Asheville Bulldogs,Morris Hornets,89,56,0,2,2427,571,46.2,34.4
2025-12-19,401806346,Lindenwood Lions,Western Illinois Leathernecks,92,76,0,2,2815,2710,50.8,48.3
2025-12-19,401806347,Southern Indiana Screaming Eagles,Little Rock Trojans,62,77,0,2,88,2031,40.0,50.9
2025-12-19,401806348,Tennessee Tech Golden Eagles,Southeast Missouri State Redhawks,85,74,0,2,2635,2546,44.0,35.0
2025-12-19,401806349,Tennessee State Tigers,UT Martin Skyhawks,78,71,0,2,2634,2630,50.0,41.8
2025-12-19,401808576,Georgia Southern Eagles,Georgia State Panthers,90,67,0,2,290,2247,36.5,40.4
2025-12-19,401808580,Southern Miss Golden Eagles,Louisiana Ragin' Cajuns,62,54,0,2,2572,309,31.3,35.1
2025-12-19,401812257,TCU Horned Frogs,Oral Roberts Golden Eagles,72,53,0,2,2628,198,48.2,38.5
2025-12-19,401812292,Fairleigh Dickinson Knights,Lehman Bridges,76,42,0,2,161,130190,38.7,29.8
2025-12-19,401812652,Central Connecticut Blue Devils,Fairfield Stags,70,84,0,2,2115,2217,39.7,50.8
2025-12-19,401813295,Oklahoma State Cowboys,Kansas City Roos,91,79,0,2,197,140,58.1,37.3
2025-12-19,401820158,Navy Midshipmen,Coppin State Eagles,88,55,0,2,2426,2154,50.9,35.7
2025-12-19,401820804,Charlotte 49ers,Lafayette Leopards,81,67,0,2,2429,322,51.9,41.9
2025-12-19,401822315,Milwaukee Panthers,South Dakota State Jackrabbits,88,87,0,2,270,2571,46.4,50.0
2025-12-19,401822671,Saint Joseph's Hawks,Delaware State Hornets,67,51,0,2,2603,2169,39.3,32.3
2025-12-19,401822741,VCU Rams,American University Eagles,105,83,0,2,2670,44,56.7,40.3
2025-12-19,401822872,Providence Friars,Seton Hall Pirates,67,72,0,2,2507,2550,39.6,45.5
2025-12-19,401823263,Cal State Northridge Matadors,La Sierra Golden Eagles,88,53,0,2,2463,3167,39.1,28.1
2025-12-19,401823333,Long Beach State Beach,Pepperdine Waves,81,78,0,2,299,2492,53.6,58.5
2025-12-19,401823549,Northern Arizona Lumberjacks,Southern Utah Thunderbirds,65,57,0,2,2464,253,42.1,41.5
2025-12-19,401823729,Sacred Heart Pioneers,Dartmouth Big Green,85,63,0,2,2529,159,41.8,33.3
2025-12-19,401823740,Cal State Bakersfield Roadrunners,Nobel Knights,97,66,0,2,2934,130201,61.5,47.1
2025-12-19,401823862,Manhattan Jaspers,Furman Paladins,68,75,0,2,2363,231,39.1,50.0
2025-12-19,401824858,Idaho State Bengals,Montana Western Bulldogs,80,64,0,2,304,2701,50.0,37.9
2025-12-19,401826074,William & Mary Tribe,Radford Highlanders,96,83,0,2,2729,2515,48.5,39.1
2025-12-19,401826775,Georgia Bulldogs,Western Carolina Catamounts,112,82,0,2,61,2717,59.3,50.8
2025-12-19,401826840,Davidson Wildcats,Temple Owls,63,68,0,2,2166,218,38.7,39.1
2025-12-19,401827073,North Dakota Fighting Hawks,Winthrop Eagles,90,88,0,2,155,2737,43.5,52.2
2025-12-19,401827091,Hampton Pirates,Grambling Tigers,72,81,1,2,2261,2755,45.3,57.4
2025-12-19,401827092,Grambling Tigers,Norfolk State Spartans,80,68,1,2,2755,2450,48.2,40.9
2025-12-19,401827501,Towson Tigers,Notre Dame (MD) Gators,107,60,0,2,119,128342,56.3,33.3
2025-12-19,401829281,South Carolina State Bulldogs,Brewton Parker Wildcats,68,54,0,2,2569,2077,51.0,37.5
2025-12-19,401829416,Lehigh Mountain Hawks,Penn State Hazleton Nittany Lions,83,74,0,2,2329,131642,44.3,40.8
2025-12-19,401829436,Samford Bulldogs,Reinhardt Eagles,85,49,0,2,2535,2890,47.9,26.6
2025-12-19,401830220,Indiana State Sycamores,Bradley Braves,99,108,0,2,282,71,40.0,44.9
2025-12-19,401830247,Murray State Racers,Drake Bulldogs,81,72,0,2,93,2181,40.4,44.8
2025-12-19,401830248,Southern Illinois Salukis,Illinois State Redbirds,68,75,0,2,79,2287,49.1,49.2
2025-12-20,401806350,Southern Indiana Screaming Eagles,Morehead State Eagles,60,64,0,2,88,2413,27.6,41.1
2025-12-20,401806351,Tennessee State Tigers,Southeast Missouri State Redhawks,82,91,0,2,2634,2546,42.4,57.7
2025-12-20,401806352,Tennessee Tech Golden Eagles,UT Martin Skyhawks,62,86,0,2,2635,2630,42.3,53.4
2025-12-20,401808581,App State Mountaineers,Georgia State Panthers,63,70,0,2,2026,2247,38.9,46.2
2025-12-20,401808582,Georgia Southern Eagles,James Madison Dukes,96,92,0,2,290,256,44.1,46.8
2025-12-20,401808583,Old Dominion Monarchs,Coastal Carolina Chanticleers,74,76,0,2,295,324,46.4,40.0
2025-12-20,401808584,Southern Miss Golden Eagles,Arkansas State Red Wolves,86,93,0,2,2572,2032,48.2,46.0
2025-12-20,401808585,UL Monroe Warhawks,Louisiana Ragin' Cajuns,62,76,0,2,2433,309,35.7,51.9
2025-12-20,401808586,Texas State Bobcats,South Alabama Jaguars,67,65,0,2,326,6,35.0,46.2
2025-12-20,401808587,Troy Trojans,Marshall Thundering Herd,70,63,0,2,2653,276,35.0,35.4
2025-12-20,401808954,LSU Tigers,SE Louisiana Lions,78,65,0,2,99,2545,54.3,42.9
2025-12-20,401809083,Iowa Hawkeyes,Bucknell Bison,94,39,0,2,2294,2083,60.3,36.6
2025-12-20,401809306,Kentucky Wildcats,St. John's Red Storm,78,66,1,2,96,2599,45.9,33.3
2025-12-20,401809307,Ohio State Buckeyes,North Carolina Tar Heels,70,71,1,2,194,153,39.7,44.4
2025-12-20,401811114,Kansas State Wildcats,South Dakota Coyotes,106,76,0,2,2306,233,62.1,41.8
2025-12-20,401811973,UC Irvine Anteaters,Belmont Bruins,58,84,0,2,300,2057,31.7,51.8
2025-12-20,401812363,Florida International Panthers,Long Island University Sharks,86,79,0,2,2229,112358,52.5,45.5
2025-12-20,401812388,Saint Francis Red Wolves,Robert Morris Colonials,70,79,0,2,2598,2523,44.3,53.2
2025-12-20,401812610,Harvard Crimson,Holy Cross Crusaders,81,53,0,2,108,107,59.6,33.3
2025-12-20,401813282,California Golden Bears,Morgan State Bears,97,50,0,2,25,2415,59.3,35.8
2025-12-20,401813383,Niagara Purple Eagles,Houghton Highlanders,81,58,0,2,315,538,54.8,46.2
2025-12-20,401813405,Drexel Dragons,Mount St. Mary's Mountaineers,75,67,0,2,2182,116,53.3,42.9
2025-12-20,401813444,Dayton Flyers,Liberty Flames,61,64,0,2,2168,2335,37.7,48.1
2025-12-20,401813765,UCLA Bruins,Cal Poly Mustangs,108,87,0,2,26,13,57.4,51.0
2025-12-20,401813767,Akron Zips,Eastern Michigan Eagles,93,72,0,2,2006,2199,54.9,39.1
2025-12-20,401813768,Ohio Bobcats,Bowling Green Falcons,58,68,0,2,195,189,37.0,41.5
2025-12-20,401813769,Western Michigan Broncos,Buffalo Bulls,71,88,0,2,2711,2084,39.4,49.2
2025-12-20,401813770,Northern Illinois Huskies,Central Michigan Chippewas,74,73,0,2,2459,2117,47.8,50.0
2025-12-20,401813771,Massachusetts Minutemen,Kent State Golden Flashes,59,69,0,2,113,2309,32.7,42.1
2025-12-20,401813772,Ball State Cardinals,Miami (OH) RedHawks,77,86,0,2,2050,193,49.1,50.0
2025-12-20,401817180,Richmond Spiders,The Citadel Bulldogs,80,56,0,2,257,2643,51.8,40.0
2025-12-20,401817205,St. Bonaventure Bonnies,Le Moyne Dolphins,92,81,0,2,179,2330,48.1,44.8
2025-12-20,401817249,Louisville Cardinals,Montana Grizzlies,94,54,0,2,97,149,52.3,32.1
2025-12-20,401817485,Syracuse Orange,Northeastern Huskies,91,83,0,2,183,111,50.9,47.7
2025-12-20,401817514,Virginia Cavaliers,Maryland Terrapins,80,72,0,2,258,120,45.5,40.7
2025-12-20,401817526,Virginia Tech Hokies,Elon Phoenix,82,81,0,2,259,2210,48.3,47.0
2025-12-20,401819831,Baylor Bears,Alcorn State Braves,113,56,0,2,239,2016,64.6,29.7
2025-12-20,401819840,BYU Cougars,Abilene Christian Wildcats,85,67,0,2,252,2000,59.5,40.7
2025-12-20,401820216,Mercyhurst Lakers,Binghamton Bearcats,82,61,0,2,2385,2066,50.0,40.5
2025-12-20,401820294,Arkansas Razorbacks,Houston Cougars,85,94,1,2,8,248,49.1,51.6
2025-12-20,401820829,Butler Bulldogs,Northwestern Wildcats,61,58,1,2,2086,77,37.9,35.9
2025-12-20,401822184,High Point Panthers,La Salle Explorers,84,72,0,2,2272,2325,48.1,43.8
2025-12-20,401822347,Indiana Hoosiers,Chicago State Cougars,78,58,0,2,84,2130,41.9,36.4
2025-12-20,401822396,Lindenwood Lions,Harris Stowe State Hornets,109,52,0,2,2815,534,54.3,28.4
2025-12-20,401823006,Youngstown State Penguins,South Carolina Upstate Spartans,74,65,0,2,2754,2908,42.6,39.6
2025-12-20,401823366,Western Kentucky Hilltoppers,Tulsa Golden Hurricane,81,82,0,2,98,202,41.0,45.3
2025-12-20,401823373,Detroit Mercy Titans,Siena Heights Saints,91,60,0,2,2174,2562,53.4,37.0
2025-12-20,401823440,Loyola Marymount Lions,North Alabama Lions,91,57,0,2,2351,2453,50.8,29.7
2025-12-20,401823473,Toledo Rockets,Lourdes Gray Wolves,100,67,0,2,2649,109671,58.3,38.6
2025-12-20,401823482,Purdue Boilermakers,Auburn Tigers,88,60,1,2,2509,2,55.9,36.2
2025-12-20,401823492,Washington State Cougars,Mercer Bears,84,78,0,2,265,2382,53.6,42.7
2025-12-20,401823567,Villanova Wildcats,Wisconsin Badgers,76,66,1,2,222,275,40.0,44.6
2025-12-20,401823791,Wyoming Cowboys,Grand Canyon Lopes,70,82,0,2,2751,2253,37.3,56.8
2025-12-20,401824116,UC San Diego Tritons,San Diego Toreros,80,82,0,2,28,301,50.8,44.8
2025-12-20,401824124,Santa Clara Broncos,Loyola Chicago Ramblers,78,80,1,2,2541,2350,39.7,49.1
2025-12-20,401824132,Seattle U Redhawks,Washington Huskies,70,66,0,2,2547,264,39.0,36.9
2025-12-20,401824310,Vermont Catamounts,Iona Gaels,78,83,0,2,261,314,44.8,54.5
2025-12-20,401824829,UCF Knights,Florida Gulf Coast Eagles,102,80,0,2,2116,526,52.1,50.8
2025-12-20,401824894,East Tennessee State Buccaneers,Jacksonville State Gamecocks,75,81,0,2,2193,55,53.7,53.1
2025-12-20,401824954,Lipscomb Bisons,Blue Mountain Christian Toppers,123,60,0,2,288,494,60.0,35.3
2025-12-20,401826712,Florida State Seminoles,Mississippi Valley State Delta Devils,96,49,0,2,52,2400,46.4,36.2
2025-12-20,401826744,Northern Colorado Bears,Denver Pioneers,79,86,0,2,2458,2172,48.6,52.6
2025-12-20,401826755,Georgia Tech Yellow Jackets,Lafayette Leopards,95,81,0,2,59,322,50.0,44.3
2025-12-20,401826796,Saint Mary's Gaels,Florida Atlantic Owls,88,75,0,2,2608,2226,45.2,42.6
2025-12-20,401826800,Mississippi State Bulldogs,Memphis Tigers,71,66,0,2,344,235,44.4,37.1
2025-12-20,401826874,Michigan State Spartans,Oakland Golden Grizzlies,79,70,1,2,127,2473,45.9,42.9
2025-12-20,401826954,Utah Valley Wolverines,Bethesda Flames,109,48,0,2,3084,3246,54.9,25.0
2025-12-20,401827002,Tarleton State Texans,Florida A&M Rattlers,78,54,0,2,2627,50,47.5,32.7
2025-12-20,401827044,Prairie View A&M Panthers,Paul Quinn Tigers,100,64,0,2,2504,2491,50.8,42.6
2025-12-20,401827056,North Carolina Central Eagles,Longwood Lancers,72,74,0,2,2428,2344,45.1,44.8
2025-12-20,401827502,UNC Wilmington Seahawks,Howard Bison,66,67,0,2,350,47,39.3,42.4
2025-12-20,401827531,North Carolina A&T Aggies,Mid Atlantic Christian Mustangs,95,55,0,2,2448,108806,57.4,31.3
2025-12-20,401827913,Utah State Aggies,Colorado State Rams,100,58,0,2,328,36,63.8,36.7
2025-12-20,401828733,Jackson State Tigers,Norfolk State Spartans,72,82,1,2,2296,2450,41.0,44.8
2025-12-20,401829446,Northwestern State Demons,Southern New Orleans Knights,108,55,0,2,2466,2573,54.4,31.7
2025-12-20,401830123,UT Rio Grande Valley Vaqueros,College of Biblical Studies Ambassadors,109,51,0,2,292,128256,57.1,27.6
2025-12-21,401804830,New Mexico State Aggies,Sam Houston Bearkats,87,78,0,2,166,2534,51.5,36.8
2025-12-21,401809423,Miami Hurricanes,North Florida Ospreys,105,67,0,2,2390,2454,56.7,37.5
2025-12-21,401812258,TCU Horned Frogs,Florida A&M Rattlers,80,56,0,2,2628,50,41.7,43.1
2025-12-21,401812268,Alabama Crimson Tide,Kennesaw State Owls,92,81,1,2,333,338,43.8,43.5
2025-12-21,401812582,Rutgers Scarlet Knights,Pennsylvania Quakers,70,69,0,2,164,219,41.1,42.6
2025-12-21,401812926,Clemson Tigers,Cincinnati Bearcats,68,65,1,2,228,2132,48.0,37.9
2025-12-21,401813283,San Francisco Dons,Morgan State Bears,94,64,0,2,2539,2415,55.8,41.2
2025-12-21,401813296,Oklahoma State Cowboys,Cal State Fullerton Titans,94,89,0,2,197,2239,50.8,50.8
2025-12-21,401813327,Marist Red Foxes,Stony Brook Seawolves,70,51,0,2,2368,2619,42.6,31.5
2025-12-21,401813421,Mount St. Mary's Mountaineers,Penn State Brandywine Lions,73,42,0,2,116,111199,47.6,28.0
2025-12-21,401817192,Saint Louis Billikens,New Hampshire Wildcats,93,79,0,2,139,160,44.6,45.9
2025-12-21,401817227,California Golden Bears,Columbia Lions,74,56,0,2,25,171,42.1,41.8
2025-12-21,401817237,Duke Blue Devils,Texas Tech Red Raiders,81,82,1,2,150,2641,51.9,55.2
2025-12-21,401817261,NC State Wolfpack,Ole Miss Rebels,76,62,1,2,152,145,50.9,39.6
2025-12-21,401817440,Notre Dame Fighting Irish,Purdue Fort Wayne Mastodons,69,72,0,2,87,2870,40.0,40.7
2025-12-21,401817451,Penn State Nittany Lions,Pittsburgh Panthers,46,80,1,2,213,221,32.7,50.0
2025-12-21,401817462,SMU Mustangs,Central Arkansas Bears,99,82,0,2,2567,2110,58.8,47.5
2025-12-21,401817474,Colorado Buffaloes,Stanford Cardinal,68,77,1,2,38,24,47.3,40.4
2025-12-21,401817537,Wake Forest Demon Deacons,Vanderbilt Commodores,67,98,0,2,154,238,35.2,59.3
2025-12-21,401817595,Cleveland State Vikings,Milwaukee Panthers,71,81,0,2,325,270,41.8,43.7
2025-12-21,401819822,Arizona State Sun Devils,Oregon State Beavers,75,78,0,2,9,204,44.6,43.9
2025-12-21,401819832,Baylor Bears,Southern Jaguars,111,67,0,2,239,2582,55.2,40.3
2025-12-21,401819880,Iowa State Cyclones,Long Beach State Beach,91,60,0,2,66,299,55.4,39.7
2025-12-21,401819913,Utah Utes,Eastern Washington Eagles,101,77,0,2,254,331,68.4,40.0
2025-12-21,401820159,Navy Midshipmen,Rosemont Ravens,70,23,0,2,2426,465,45.1,12.5
2025-12-21,401820192,George Mason Patriots,Loyola Maryland Greyhounds,86,79,0,2,2244,2352,48.2,42.6
2025-12-21,401820490,Texas A&M-Corpus Christi Islanders,Southwestern Adventist Knights,93,36,0,2,357,2903,48.1,21.2
2025-12-21,401820494,Incarnate Word Cardinals,Northern Arizona Lumberjacks,90,66,0,2,2916,2464,48.3,51.1
2025-12-21,401820586,Hofstra Pride,Quinnipiac Bobcats,74,66,0,2,2275,2514,37.5,37.7
2025-12-21,401820631,Drexel Dragons,Maine Black Bears,74,56,0,2,2182,311,57.1,47.9
2025-12-21,401820805,Charlotte 49ers,UIC Flames,88,76,0,2,2429,82,43.9,40.0
2025-12-21,401820848,Furman Paladins,Charleston Southern Buccaneers,84,76,0,2,231,2127,44.3,43.1
2025-12-21,401822185,Michigan Wolverines,La Salle Explorers,102,50,0,2,130,2325,54.8,27.9
2025-12-21,401822873,Creighton Bluejays,Marquette Golden Eagles,84,63,0,2,156,269,46.8,34.4
2025-12-21,401822874,Georgetown Hoyas,Xavier Musketeers,77,80,0,2,46,2752,40.4,46.3
2025-12-21,401822875,DePaul Blue Demons,UConn Huskies,54,72,0,2,305,41,36.4,47.4
2025-12-21,401823000,Middle Tennessee Blue Raiders,Cumberland Phoenix,74,58,0,2,2393,2161,45.1,42.1
2025-12-21,401823390,Northern Kentucky Norse,Charleston Cougars,74,85,0,2,94,232,39.1,54.7
2025-12-21,401823520,Radford Highlanders,VMI Keydets,97,90,0,2,2515,2678,55.1,48.2
2025-12-21,401823538,California Baptist Lancers,Sacramento State Hornets,74,67,0,2,2856,16,40.4,36.6
2025-12-21,401823768,Arizona Wildcats,San Diego State Aztecs,68,45,1,2,12,21,37.9,26.3
2025-12-21,401823820,Nevada Wolf Pack,Boise State Broncos,81,66,0,2,2440,68,55.6,44.4
2025-12-21,401823863,Manhattan Jaspers,Presbyterian Blue Hose,87,81,0,2,2363,2506,51.6,46.4
2025-12-21,401824030,Weber State Wildcats,Utah Tech Trailblazers,80,82,0,2,2692,3101,51.1,51.8
2025-12-21,401824036,Oregon Ducks,Gonzaga Bulldogs,82,91,1,2,2483,2250,48.3,46.8
2025-12-21,401824074,Pepperdine Waves,Rice Owls,84,62,0,2,2492,242,49.2,33.3
2025-12-21,401824363,Boston University Terriers,UMass Lowell River Hawks,88,76,0,2,104,2349,66.0,54.7
2025-12-21,401824859,Idaho State Bengals,UC Davis Aggies,83,93,0,2,304,302,47.9,59.6
2025-12-21,401824866,Monmouth Hawks,Lehigh Mountain Hawks,76,62,0,2,2405,2329,51.7,46.3
2025-12-21,401826047,St. Thomas Tommies,UC Riverside Highlanders,92,78,0,2,2900,27,60.7,49.1
2025-12-21,401826057,South Florida Bulls,UMBC Retrievers,94,69,0,2,58,2378,51.5,44.1
2025-12-21,401826849,Tulane Green Wave,Portland State Vikings,63,61,0,2,2655,2502,36.0,41.1
2025-12-21,401826878,UAB Blazers,UNC Asheville Bulldogs,72,47,0,2,5,2427,44.4,35.2
2025-12-21,401826884,Wichita State Shockers,Eastern Kentucky Colonels,88,57,0,2,2724,2198,50.7,36.1
2025-12-21,401826974,Tennessee Volunteers,Gardner-Webb Runnin' Bulldogs,94,52,0,2,2633,2241,53.5,34.5
2025-12-21,401827074,Winthrop Eagles,Clinton Golden Bears,107,41,0,2,2737,126954,57.6,23.1
2025-12-21,401827198,Alabama A&M Bulldogs,Chattanooga Mocs,66,73,0,2,2010,236,40.0,48.1
2025-12-21,401827236,Minnesota Golden Gophers,Campbell Fighting Camels,78,50,0,2,135,2097,57.7,34.8
2025-12-21,401828272,UAlbany Great Danes,Cornell Big Red,75,83,0,2,399,172,50.0,47.5
2025-12-21,401828515,Lamar Cardinals,Omaha Mavericks,82,85,0,2,2320,2437,46.4,51.9
2025-12-21,401828924,UNLV Rebels,Fresno State Bulldogs,84,72,0,2,2439,278,57.1,42.2
2025-12-21,401829327,New Mexico Lobos,San José State Spartans,88,65,0,2,167,23,57.4,38.3
2025-12-21,401829406,Florida Gators,Colgate Raiders,90,60,0,2,57,2142,51.6,41.8
2025-12-21,401829428,Texas A&M Aggies,East Texas A&M Lions,118,77,0,2,245,2837,64.9,34.8
2025-12-21,401829450,Stephen F. Austin Lumberjacks,Dallas Crusaders,103,55,0,2,2617,2163,50.0,33.8
2025-12-21,401830120,UNC Greensboro Spartans,Virginia Lynchburg Dragons,131,53,0,2,2430,3229,62.5,27.3
2025-12-21,401830219,Bradley Braves,Southern Illinois Salukis,73,69,0,2,71,79,41.4,44.3
2025-12-21,401830249,Evansville Purple Aces,Drake Bulldogs,65,66,0,2,339,2181,39.6,45.6
2025-12-21,401830250,Illinois State Redbirds,Indiana State Sycamores,85,65,0,2,2287,282,52.3,43.5
2025-12-21,401830251,Valparaiso Beacons,Murray State Racers,79,85,0,2,2674,93,47.7,49.1
2025-12-21,401830836,Delaware State Hornets,Holy Family Tigers,73,61,0,2,2169,420,58.3,40.0
2025-12-21,401842364,USC Trojans,UC Santa Cruz Banana Slugs,102,63,0,2,30,2662,56.3,40.7
2025-12-22,401806413,Western Illinois Leathernecks,SIU Edwardsville Cougars,61,66,0,2,2710,2565,42.0,39.2
2025-12-22,401817152,George Washington Revolutionaries,St. Mary's (MD) Seahawks,97,40,0,2,45,117,52.1,25.4
2025-12-22,401817515,Virginia Cavaliers,American University Eagles,95,51,0,2,258,44,62.3,31.7
2025-12-22,401820830,Butler Bulldogs,NJIT Highlanders,101,52,0,2,2086,2885,55.7,37.5
2025-12-22,401822171,Fordham Rams,New Haven Chargers,65,47,0,2,2230,2441,50.9,37.0
2025-12-22,401822362,Eastern Illinois Panthers,East West Phantoms,110,56,0,2,2197,3107,58.3,29.0
2025-12-22,401822765,Georgetown Hoyas,Coppin State Eagles,97,67,0,2,46,2154,55.0,41.0
2025-12-22,401822838,Indiana Hoosiers,Siena Saints,81,60,0,2,84,2561,46.0,33.3
2025-12-22,401823424,Bowling Green Falcons,Siena Heights Saints,125,66,0,2,189,2562,58.8,46.9
2025-12-22,401823453,Buffalo Bulls,Penn State Behrend Lions,92,63,0,2,2084,2944,62.5,42.9
2025-12-22,401823571,Cal Poly Mustangs,Idaho Vandals,80,83,0,2,13,70,34.4,36.4
2025-12-22,401823730,Towson Tigers,Sacred Heart Pioneers,72,47,0,2,119,2529,45.2,34.5
2025-12-22,401823769,San Diego State Aztecs,Whittier Poets,121,59,0,2,21,2850,59.5,32.2
2025-12-22,401824067,Pacific Tigers,Nicholls Colonels,95,82,0,2,279,2447,68.9,55.6
2025-12-22,401824094,UC Santa Barbara Gauchos,Portland Pilots,79,61,0,2,2540,2501,53.6,45.5
2025-12-22,401824133,UTSA Roadrunners,Seattle U Redhawks,68,71,0,2,2636,2547,44.1,38.7
2025-12-22,401825391,Georgia Bulldogs,West Georgia Wolves,103,74,0,2,61,2698,46.2,35.7
2025-12-22,401825583,Montana State Bobcats,Northwest University Eagles,93,54,0,2,147,2465,46.4,31.7
2025-12-22,401826745,Tulsa Golden Hurricane,Denver Pioneers,90,85,0,2,202,2172,44.6,44.6
2025-12-22,401826904,Louisiana Tech Bulldogs,Dallas Christian Crusaders,90,37,0,2,2348,2937,53.8,23.6
2025-12-22,401826958,Weber State Wildcats,Lincoln (CA) Oaklanders,103,64,0,2,2692,124946,60.3,40.7
2025-12-22,401827009,Texas Southern Tigers,Abilene Christian Wildcats,68,75,0,2,2640,2000,52.0,48.0
2025-12-22,401827239,Nebraska Cornhuskers,North Dakota Fighting Hawks,78,55,0,2,158,155,45.2,33.3
2025-12-22,401827520,Elon Phoenix,Greensboro Pride,97,63,0,2,2210,2256,49.3,39.4
2025-12-22,401827758,Massachusetts Minutemen,UMass Boston Beacons,91,40,0,2,113,2660,48.7,26.3
2025-12-22,401828280,North Texas Mean Green,Science and Arts (OK) Drovers,109,56,0,2,249,608,64.2,39.6
2025-12-22,401828475,UTEP Miners,Norfolk State Spartans,71,72,0,2,2638,2450,47.3,45.1
2025-12-22,401829047,Florida International Panthers,Trinity College of Jacksonville Eagles,121,70,0,2,2229,3174,53.9,30.8
2025-12-22,401829051,Ohio Bobcats,Miami (OH) Hamilton Harriers,102,59,0,2,195,124809,62.1,40.4
2025-12-22,401829276,Western Michigan Broncos,Defiance Yellow Jackets,94,57,0,2,2711,190,54.4,35.8
2025-12-22,401829282,South Carolina Gamecocks,South Carolina State Bulldogs,95,70,0,2,2579,2569,59.2,41.9
2025-12-22,401829465,North Dakota State Bison,UC Irvine Anteaters,73,74,1,2,2449,300,46.6,50.0
2025-12-22,401831073,Miami (OH) RedHawks,Milligan Buffaloes,135,81,0,2,193,2397,76.1,43.1
2025-12-22,401831279,Saint Peter's Peacocks,Centenary (NJ) Cyclones,116,50,0,2,2612,2114,59.5,34.0
2025-12-22,401831531,Wagner Seahawks,Manor Blue Jays,74,57,0,2,2681,130196,44.1,39.0
2025-12-23,401811100,Illinois Fighting Illini,Missouri Tigers,91,48,1,2,356,142,51.7,28.6
2025-12-23,401812313,Boston College Eagles,Fairleigh Dickinson Knights,72,61,0,2,103,161,43.6,34.9
2025-12-23,401812611,St. John's Red Storm,Harvard Crimson,85,59,0,2,2599,108,50.0,43.4
2025-12-23,401812632,VCU Rams,Rider Broncs,100,79,0,2,2670,2520,58.1,45.3
2025-12-23,401813284,Loyola Marymount Lions,Morgan State Bears,83,56,0,2,2351,2415,53.7,29.2
2025-12-23,401813357,Duquesne Dukes,Canisius Golden Griffins,103,59,0,2,2184,2099,59.7,44.9
2025-12-23,401813766,UCLA Bruins,UC Riverside Highlanders,97,65,0,2,26,27,50.0,42.6
2025-12-23,401817171,Rhode Island Rams,Northeastern Huskies,85,77,0,2,227,111,55.0,49.0
2025-12-23,401817271,North Carolina Tar Heels,East Carolina Pirates,99,51,0,2,153,151,54.0,26.0
2025-12-23,401817486,Syracuse Orange,Stonehill Skyhawks,77,48,0,2,183,284,48.2,26.4
2025-12-23,401819841,BYU Cougars,Eastern Washington Eagles,109,81,0,2,252,331,53.5,46.3
2025-12-23,401819887,Kansas Jayhawks,Davidson Wildcats,90,61,0,2,2305,2166,57.8,35.8
2025-12-23,401819922,West Virginia Mountaineers,Mississippi Valley State Delta Devils,86,51,0,2,277,2400,53.6,34.0
2025-12-23,401820549,Saint Mary's Gaels,Northern Iowa Panthers,63,58,0,2,2608,2460,32.1,43.6
2025-12-23,401820611,Army Black Knights,Binghamton Bearcats,95,85,0,2,349,2066,50.8,50.8
2025-12-23,401820620,High Point Panthers,Bryant Bulldogs,93,47,0,2,2272,2803,60.8,40.9
2025-12-23,401820836,Creighton Bluejays,Utah Tech Trailblazers,92,69,0,2,156,3101,54.0,50.0
2025-12-23,401822397,Missouri State Bears,Lindenwood Lions,70,65,0,2,2623,2815,41.9,37.3
2025-12-23,401822672,Saint Joseph's Hawks,Coastal Carolina Chanticleers,62,68,0,2,2603,324,35.4,44.1
2025-12-23,401823044,Texas Longhorns,Maryland Eastern Shore Hawks,94,71,0,2,251,2379,52.8,46.3
2025-12-23,401823223,Kentucky Wildcats,Bellarmine Knights,99,85,0,2,96,91,58.9,52.0
2025-12-23,401823264,Cal State Northridge Matadors,Sacramento State Hornets,100,88,0,2,2463,16,52.3,41.2
2025-12-23,401823314,Fairfield Stags,City College NY Beavers,121,58,0,2,2217,170,47.7,36.5
2025-12-23,401823350,Florida State Seminoles,Jacksonville Dolphins,87,63,0,2,52,294,45.9,40.0
2025-12-23,401823380,Grand Canyon Lopes,IU Indianapolis Jaguars,91,78,0,2,2253,85,50.9,45.3
2025-12-23,401823414,Wright State Raiders,Eastern Michigan Eagles,70,64,0,2,2750,2199,46.0,41.4
2025-12-23,401823459,Wisconsin Badgers,Central Michigan Chippewas,88,61,0,2,275,2117,53.7,40.7
2025-12-23,401823572,Cal State Bakersfield Roadrunners,Idaho Vandals,64,63,0,2,2934,70,48.2,37.9
2025-12-23,401823873,Oral Roberts Golden Eagles,UT Arlington Mavericks,57,69,0,2,198,250,30.9,47.1
2025-12-23,401824117,Washington Huskies,San Diego Toreros,86,56,0,2,264,301,46.8,36.8
2025-12-23,401824830,UCF Knights,Florida Atlantic Owls,85,80,0,2,2116,2226,49.2,44.3
2025-12-23,401825190,Little Rock Trojans,Williams Baptist Eagles,98,84,0,2,2031,2981,51.5,43.5
2025-12-23,401825209,Oklahoma Sooners,Stetson Hatters,107,54,0,2,201,56,67.8,34.5
2025-12-23,401826801,Memphis Tigers,Alabama State Hornets,88,67,0,2,235,2011,50.8,35.9
2025-12-23,401826841,Temple Owls,Princeton Tigers,65,61,0,2,218,163,46.3,41.5
2025-12-23,401826887,Arizona Wildcats,Bethune-Cookman Wildcats,107,71,0,2,12,2065,57.1,48.1
2025-12-23,401827045,LSU Tigers,Prairie View A&M Panthers,104,90,0,2,99,2504,47.4,48.1
2025-12-23,401827093,Ohio State Buckeyes,Grambling Tigers,89,63,0,2,194,2755,62.0,38.5
2025-12-23,401828299,Campbell Fighting Camels,Green Bay Phoenix,102,79,0,2,2097,2739,60.3,57.7
2025-12-23,401831232,UTEP Miners,North Dakota State Bison,76,66,0,2,2638,2449,47.3,50.0
2025-12-23,401831233,Norfolk State Spartans,UC Irvine Anteaters,70,89,1,2,2450,300,45.1,53.3
2025-12-24,401822876,Seton Hall Pirates,Villanova Wildcats,56,64,0,2,2550,222,33.3,48.9
2025-12-24,401827264,Marshall Thundering Herd,WVU Tech Golden Bears,102,52,0,2,276,2706,53.5,30.4
2025-12-27,401813455,Duquesne Dukes,Cleary University Cougars,99,49,0,2,2184,128438,52.8,28.8
2025-12-27,401823596,UNC Wilmington Seahawks,Columbia (SC) Fighting Koalas,100,56,0,2,350,130401,51.4,33.3
2025-12-28,401804831,Florida International Panthers,Liberty Flames,94,97,0,2,2229,2335,49.3,50.7
2025-12-28,401811115,South Dakota Coyotes,Mount Marty Lancers,85,61,0,2,233,573,51.7,37.5
2025-12-28,401812583,George Mason Patriots,Pennsylvania Quakers,83,79,0,2,2244,219,56.7,47.6
2025-12-28,401812612,Colgate Raiders,Harvard Crimson,69,78,0,2,2142,108,47.5,50.8
2025-12-28,401817181,Richmond Spiders,Charleston Southern Buccaneers,72,77,0,2,257,2127,33.9,40.0
2025-12-28,401817193,Saint Louis Billikens,Principia PRINCIPIA,114,33,0,2,139,131584,58.4,16.7
2025-12-28,401817217,Boston College Eagles,Le Moyne Dolphins,72,64,0,2,103,2330,40.0,36.5
2025-12-28,401817463,SMU Mustangs,Cal State Fullerton Titans,110,63,0,2,2567,2239,53.2,32.3
2025-12-28,401817475,Stanford Cardinal,Cal State Northridge Matadors,88,80,0,2,24,2463,48.1,47.1
2025-12-28,401818537,North Florida Ospreys,Columbia Lions,82,90,0,2,2454,171,46.2,58.2
2025-12-28,401819870,Colorado Buffaloes,Northern Colorado Bears,81,86,0,2,38,2458,39.5,52.5
2025-12-28,401819897,Kansas State Wildcats,UL Monroe Warhawks,94,85,0,2,2306,2433,47.1,49.1
2025-12-28,401819904,Texas Tech Red Raiders,Winthrop Eagles,87,57,0,2,2641,2737,50.0,31.7
2025-12-28,401820621,Bryant Bulldogs,Worcester State Lancers,95,59,0,2,2803,402,53.0,35.3
2025-12-28,401822733,Saint Joseph's Hawks,Arcadia ARCADIA,87,65,0,2,2603,407,46.0,34.8
2025-12-28,401823235,Florida Gulf Coast Eagles,Fort Lauderdale Eagles,84,43,0,2,526,123362,45.1,30.9
2025-12-28,401823357,Sam Houston Bearkats,College of Biblical Studies Ambassadors,117,57,0,2,2534,128256,55.7,28.2
2025-12-28,401826075,Radford Highlanders,Shenandoah Hornets,87,44,0,2,2515,2828,60.0,31.4
2025-12-28,401826091,UC Davis Aggies,Pacific Union PACIFIC UNION,108,52,0,2,302,594,48.7,27.7
2025-12-28,401826756,Georgia Tech Yellow Jackets,Florida A&M Rattlers,89,65,0,2,59,50,61.1,35.2
2025-12-28,401826945,Presbyterian Blue Hose,Truett McConnell Bears,91,64,0,2,2506,3245,50.7,41.8
2025-12-28,401826981,High Point Panthers,Pfeiffer Falcons,123,64,0,2,2272,2945,63.5,37.5
2025-12-28,401827057,Longwood Lancers,Averett Cougars,92,49,0,2,2344,2047,66.1,25.4
2025-12-28,401827218,Maryland Terrapins,Old Dominion Monarchs,73,58,0,2,120,295,40.0,36.8
2025-12-28,401828723,Louisiana Ragin' Cajuns,Norfolk State Spartans,63,54,0,2,309,2450,41.2,31.5
2025-12-28,401829164,San Diego Toreros,Pacific Tigers,66,54,0,2,301,279,36.0,41.2
2025-12-28,401829167,Oregon State Beavers,Santa Clara Broncos,64,102,0,2,204,2541,36.7,63.6
2025-12-28,401829168,Portland Pilots,Washington State Cougars,62,67,0,2,2501,265,30.8,37.7
2025-12-28,401829441,Wofford Terriers,Union Commonwealth (KY) Bulldogs,88,54,0,2,2747,2841,50.8,40.0
2025-12-28,401829454,Kansas City Roos,McPherson McPHERSON,91,78,0,2,140,562,42.2,45.3
2025-12-28,401829460,North Dakota Fighting Hawks,Dakota State Trojans,88,56,0,2,155,512,47.8,42.5
2025-12-28,401829481,St. Thomas Tommies,North Central Rams,105,59,0,2,2900,121894,53.6,31.9
2025-12-28,401829494,Georgia State Panthers,Columbia (SC) Fighting Koalas,110,72,0,2,2247,130401,50.7,46.3
2025-12-28,401830628,Austin Peay Governors,Fisk Bulldogs,110,59,0,2,2046,2225,49.3,36.8
2025-12-28,401830632,New Mexico State Aggies,Southwest Mustangs,104,33,0,2,166,3154,51.3,20.0
2025-12-28,401831190,Morehead State Eagles,Alice Lloyd Eagles,115,65,0,2,2413,484,59.5,40.6
2025-12-28,401832544,Mercer Bears,Baptist (Fl) Eagles,122,49,0,2,2382,132013,48.9,20.5
2025-12-29,401804854,Delaware Blue Hens,Missouri State Bears,43,61,0,2,48,2623,30.2,40.0
2025-12-29,401811987,William & Mary Tribe,Towson Tigers,84,70,0,2,2729,119,53.6,42.2
2025-12-29,401813328,Quinnipiac Bobcats,Marist Red Foxes,64,58,0,2,2514,2368,36.1,39.3
2025-12-29,401817599,Youngstown State Penguins,Detroit Mercy Titans,68,73,0,2,2754,2174,32.8,42.9
2025-12-29,401819833,Baylor Bears,Arlington Baptist Patriots,124,61,0,2,239,3166,73.5,31.4
2025-12-29,401820612,Binghamton Bearcats,Elmira Soaring Eagles,100,60,0,2,2066,347,69.1,33.3
2025-12-29,401822766,Coppin State Eagles,UMBC Retrievers,59,93,0,2,2154,2378,36.8,52.4
2025-12-29,401823651,Iowa Hawkeyes,UMass Lowell River Hawks,90,62,0,2,2294,2349,58.2,48.0
2025-12-29,401823731,Sacred Heart Pioneers,Merrimack Warriors,72,80,0,2,2529,2771,43.9,48.1
2025-12-29,401826814,South Florida Bulls,Georgia College Bobcats,111,50,0,2,58,2246,50.7,29.0
2025-12-29,401826910,UC San Diego Tritons,Stanton Elks,85,62,0,2,28,128501,43.8,43.1
2025-12-29,401827020,Illinois Fighting Illini,Southern Jaguars,90,55,0,2,356,2582,51.7,34.8
2025-12-29,401827266,Oregon Ducks,Omaha Mavericks,80,57,0,2,2483,2437,45.6,36.8
2025-12-29,401827279,Penn State Nittany Lions,North Carolina Central Eagles,90,67,0,2,213,2428,55.9,55.8
2025-12-29,401828921,UIC Flames,Illinois Tech Scarlet Hawks,102,64,0,2,82,73,56.5,44.1
2025-12-29,401829163,Pepperdine Waves,Gonzaga Bulldogs,56,96,0,2,2492,2250,33.9,53.7
2025-12-29,401829165,Loyola Marymount Lions,Saint Mary's Gaels,73,78,0,2,2351,2608,50.0,51.8
2025-12-29,401829166,Seattle U Redhawks,San Francisco Dons,59,67,0,2,2547,2539,27.4,35.7
2025-12-29,401829419,Florida Gators,Dartmouth Big Green,94,72,0,2,57,159,48.5,40.3
2025-12-29,401830112,NJIT Highlanders,SUNY Canton Roos,95,60,0,2,2885,111947,39.0,39.7
2025-12-30,401804832,Jacksonville State Gamecocks,Western Kentucky Hilltoppers,78,67,0,2,55,98,55.3,30.6
2025-12-30,401804853,Louisiana Tech Bulldogs,UTEP Miners,75,63,0,2,2348,2638,42.3,36.8
2025-12-30,401805154,UT Arlington Mavericks,Tarleton State Texans,63,69,0,2,250,2627,42.2,50.0
2025-12-30,401805155,Utah Tech Trailblazers,Southern Utah Thunderbirds,80,66,0,2,3101,253,44.9,41.4
2025-12-30,401805156,Utah Valley Wolverines,California Baptist Lancers,73,66,0,2,3084,2856,53.6,51.1
2025-12-30,401808704,East Texas A&M Lions,Stephen F. Austin Lumberjacks,48,75,0,2,2837,2617,35.3,41.3
2025-12-30,401808902,UT Rio Grande Valley Vaqueros,LSU New Orleans Privateers,69,85,0,2,292,2443,40.7,46.8
2025-12-30,401808920,Texas A&M-Corpus Christi Islanders,Nicholls Colonels,71,76,0,2,357,2447,52.0,50.0
2025-12-30,401808935,Northwestern State Demons,Lamar Cardinals,61,76,0,2,2466,2320,40.4,57.4
2025-12-30,401809224,The Citadel Bulldogs,East Tennessee State Buccaneers,49,74,0,2,2643,2193,32.7,50.0
2025-12-30,401811983,Elon Phoenix,Northeastern Huskies,103,91,0,2,2210,111,62.1,56.9
2025-12-30,401811984,Hampton Pirates,Stony Brook Seawolves,62,59,0,2,2261,2619,46.2,45.7
2025-12-30,401811985,Hofstra Pride,Campbell Fighting Camels,86,72,0,2,2275,2097,54.4,40.3
2025-12-30,401811986,Charleston Cougars,Drexel Dragons,72,63,0,2,232,2182,52.7,39.6
2025-12-30,401811988,North Carolina A&T Aggies,UNC Wilmington Seahawks,78,87,0,2,2448,350,44.3,43.9
2025-12-30,401812259,TCU Horned Frogs,Jackson State Tigers,115,64,0,2,2628,2296,65.2,39.0
2025-12-30,401812269,Alabama Crimson Tide,Yale Bulldogs,102,78,0,2,333,43,44.2,39.7
2025-12-30,401812314,Minnesota Golden Gophers,Fairleigh Dickinson Knights,60,43,0,2,135,161,38.6,26.9
2025-12-30,401812364,Georgia Bulldogs,Long Island University Sharks,89,74,0,2,61,112358,46.0,43.8
2025-12-30,401813285,Morgan State Bears,Penn State Brandywine Lions,92,55,0,2,2415,111199,53.6,36.4
2025-12-30,401813297,Oklahoma State Cowboys,Bethune-Cookman Wildcats,103,77,0,2,197,2065,47.1,46.4
2025-12-30,401813310,Rider Broncs,Manhattan Jaspers,71,74,0,2,2520,2363,41.2,39.7
2025-12-30,401813407,Mount St. Mary's Mountaineers,Iona Gaels,66,59,0,2,116,314,46.6,32.3
2025-12-30,401814495,Central Michigan Chippewas,Ohio Bobcats,64,80,0,2,2117,195,41.4,45.0
2025-12-30,401814497,Toledo Rockets,Western Michigan Broncos,84,79,0,2,2649,2711,43.1,43.5
2025-12-30,401817596,Cleveland State Vikings,IU Indianapolis Jaguars,99,86,0,2,325,85,54.4,46.4
2025-12-30,401817597,Milwaukee Panthers,Purdue Fort Wayne Mastodons,77,55,0,2,270,2870,44.4,36.2
2025-12-30,401817598,Robert Morris Colonials,Northern Kentucky Norse,77,79,0,2,2523,94,46.0,53.8
2025-12-30,401817600,Wright State Raiders,Oakland Golden Grizzlies,88,73,0,2,2750,2473,56.4,38.3
2025-12-30,401819850,Cincinnati Bearcats,Lipscomb Bisons,89,62,0,2,2132,288,48.0,38.6
2025-12-30,401819881,Iowa State Cyclones,Houston Christian Huskies,89,61,0,2,66,2277,50.0,43.8
2025-12-30,401819914,Washington Huskies,Utah Utes,74,65,0,2,264,254,50.9,39.1
2025-12-30,401820402,UNLV Rebels,La Sierra Golden Eagles,89,47,0,2,2439,3167,46.7,28.0
2025-12-30,401820495,Incarnate Word Cardinals,SE Louisiana Lions,79,70,0,2,2916,2545,41.3,38.5
2025-12-30,401820558,Air Force Falcons,Wyoming Cowboys,56,68,0,2,2005,2751,50.0,35.4
2025-12-30,401820603,Akron Zips,Concord Mountain Lions,115,64,0,2,2006,2148,63.9,33.3
2025-12-30,401820632,Maine Black Bears,Maine Fort Kent Bengals,104,66,0,2,311,554,60.3,38.7
2025-12-30,401822328,Ball State Cardinals,Earlham Quakers,93,30,0,2,2050,2189,63.8,19.1
2025-12-30,401823001,Houston Cougars,Middle Tennessee Blue Raiders,69,60,0,2,248,2393,40.7,46.9
2025-12-30,401823019,Purdue Boilermakers,Kent State Golden Flashes,101,60,0,2,2509,2309,56.3,34.4
2025-12-30,401823315,Fairfield Stags,Saint Peter's Peacocks,66,70,0,2,2217,2612,40.4,40.0
2025-12-30,401823498,Auburn Tigers,Queens University Royals,106,65,0,2,2,2511,55.6,37.5
2025-12-30,401825594,Northern Arizona Lumberjacks,Benedictine Mesa Redhawks,112,60,0,2,2464,110031,58.7,37.5
2025-12-30,401826084,Michigan Wolverines,McNeese Cowboys,112,71,0,2,130,2377,58.7,29.5
2025-12-30,401826770,Princeton Tigers,Vermont Catamounts,75,69,0,2,163,261,42.6,39.3
2025-12-30,401826782,Oklahoma Sooners,Mississippi Valley State Delta Devils,93,69,0,2,201,2400,57.9,47.1
2025-12-30,401826790,Arkansas Razorbacks,James Madison Dukes,103,74,0,2,8,256,54.8,41.4
2025-12-30,401826888,Arizona Wildcats,South Dakota State Jackrabbits,99,71,0,2,12,2571,53.2,40.6
2025-12-30,401826936,Northwestern Wildcats,Howard Bison,80,60,0,2,77,47,46.4,40.0
2025-12-30,401827046,Texas A&M Aggies,Prairie View A&M Panthers,111,82,0,2,245,2504,54.3,40.0
2025-12-30,401827094,Grambling Tigers,Centenary (LA) Gentlemen,90,58,0,2,2755,2113,49.3,35.7
2025-12-30,401827158,Mississippi State Bulldogs,Alabama State Hornets,94,56,0,2,344,2011,53.6,28.0
2025-12-30,401827199,Alabama A&M Bulldogs,Fisk Bulldogs,90,58,0,2,2010,2225,52.5,30.3
2025-12-30,401827222,Michigan State Spartans,Cornell Big Red,114,97,0,2,127,172,55.4,45.7
2025-12-30,401827260,LSU Tigers,Southern Miss Golden Eagles,90,62,0,2,99,2572,51.6,30.6
2025-12-30,401827436,Rutgers Scarlet Knights,Delaware State Hornets,65,50,0,2,164,2169,29.8,33.3
2025-12-30,401828273,South Carolina Gamecocks,UAlbany Great Danes,96,67,0,2,2579,399,60.0,43.5
2025-12-30,401828494,Ole Miss Rebels,Alcorn State Braves,79,43,0,2,145,2016,47.0,24.6
2025-12-30,401828686,Vanderbilt Commodores,New Haven Chargers,96,53,0,2,238,2441,57.8,39.7
2025-12-30,401830200,Indiana State Sycamores,Belmont Bruins,81,80,0,2,282,2057,45.9,42.9
2025-12-30,401830218,Bradley Braves,Evansville Purple Aces,76,68,0,2,71,339,40.6,40.3
2025-12-30,401830252,Drake Bulldogs,Illinois State Redbirds,56,73,0,2,2181,2287,33.9,63.4
2025-12-30,401830253,Murray State Racers,Southern Illinois Salukis,84,81,0,2,93,79,50.9,48.5
2025-12-30,401830254,Northern Iowa Panthers,Valparaiso Beacons,58,48,0,2,2460,2674,46.5,29.3
2025-12-30,401831555,South Alabama Jaguars,Mobile Rams,85,52,0,2,6,2920,49.1,27.9
2025-12-31,401806414,Tennessee Tech Golden Eagles,Tennessee State Tigers,76,88,0,2,2635,2634,52.6,48.6
2025-12-31,401808588,Old Dominion Monarchs,App State Mountaineers,73,81,0,2,295,2026,42.4,53.7
2025-12-31,401808589,Marshall Thundering Herd,Georgia State Panthers,84,80,0,2,276,2247,49.2,43.5
2025-12-31,401808590,Louisiana Ragin' Cajuns,South Alabama Jaguars,58,63,0,2,309,6,35.1,44.4
2025-12-31,401808591,Troy Trojans,Texas State Bobcats,100,80,0,2,2653,326,61.4,49.2
2025-12-31,401808705,East Texas A&M Lions,Lamar Cardinals,62,69,0,2,2837,2320,37.3,40.6
2025-12-31,401808903,Texas A&M-Corpus Christi Islanders,LSU New Orleans Privateers,83,69,0,2,357,2443,40.3,45.1
2025-12-31,401808921,UT Rio Grande Valley Vaqueros,Nicholls Colonels,69,71,0,2,292,2447,44.6,45.1
2025-12-31,401808936,Northwestern State Demons,Stephen F. Austin Lumberjacks,64,74,0,2,2466,2617,41.5,46.6
2025-12-31,401809223,Furman Paladins,Mercer Bears,74,72,0,2,231,2382,44.1,41.4
2025-12-31,401809225,Western Carolina Catamounts,Wofford Terriers,74,79,0,2,2717,2747,37.5,46.4
2025-12-31,401811989,North Carolina A&T Aggies,Northeastern Huskies,74,85,0,2,2448,111,46.0,53.6
2025-12-31,401811990,William & Mary Tribe,Stony Brook Seawolves,76,57,0,2,2729,2619,49.0,31.7
2025-12-31,401811992,Hampton Pirates,Towson Tigers,63,62,0,2,2261,119,45.8,38.2
2025-12-31,401811993,Monmouth Hawks,Campbell Fighting Camels,65,68,0,2,2405,2097,41.5,38.5
2025-12-31,401811994,Elon Phoenix,Charleston Cougars,81,85,0,2,2210,232,44.1,44.1
2025-12-31,401812584,Pennsylvania Quakers,NJIT Highlanders,80,61,0,2,219,2885,46.7,37.1
2025-12-31,401814493,Northern Illinois Huskies,Buffalo Bulls,67,81,0,2,2459,2084,41.1,49.1
2025-12-31,401814494,Bowling Green Falcons,Miami (OH) RedHawks,83,93,0,2,189,193,49.2,54.5
2025-12-31,401814496,Eastern Michigan Eagles,Massachusetts Minutemen,80,74,0,2,2199,113,45.5,40.0
2025-12-31,401818329,North Dakota State Bison,South Dakota Coyotes,84,61,0,2,2449,233,55.0,40.0
2025-12-31,401818330,Denver Pioneers,Kansas City Roos,87,74,0,2,2172,140,46.8,44.3
2025-12-31,401818538,Columbia Lions,Penn State Abington Nittany Lions,106,51,0,2,171,3183,56.6,27.3
2025-12-31,401818558,Brown Bears,Johnson & Wales Griffins,105,47,0,2,225,353,52.1,33.3
2025-12-31,401820160,Navy Midshipmen,Boston University Terriers,82,77,0,2,2426,104,47.2,49.2
2025-12-31,401820193,American University Eagles,Loyola Maryland Greyhounds,84,69,0,2,44,2352,59.3,42.9
2025-12-31,401820634,California Golden Bears,Louisville Cardinals,70,90,0,2,25,97,33.9,46.4
2025-12-31,401820635,Stanford Cardinal,Notre Dame Fighting Irish,40,47,0,2,24,87,23.2,32.1
2025-12-31,401820636,Duke Blue Devils,Georgia Tech Yellow Jackets,85,79,0,2,150,59,40.6,53.7
2025-12-31,401820637,Miami Hurricanes,Pittsburgh Panthers,76,69,0,2,2390,221,44.8,45.0
2025-12-31,401820638,NC State Wolfpack,Wake Forest Demon Deacons,70,57,0,2,152,154,42.4,33.9
2025-12-31,401820639,North Carolina Tar Heels,Florida State Seminoles,79,66,0,2,153,52,42.6,34.8
2025-12-31,401820640,Syracuse Orange,Clemson Tigers,61,64,0,2,183,228,40.0,48.2
2025-12-31,401820641,Virginia Tech Hokies,Virginia Cavaliers,95,85,0,2,259,258,35.4,36.0
2025-12-31,401822316,Wisconsin Badgers,Milwaukee Panthers,80,60,0,2,275,270,49.1,33.3
2025-12-31,401822877,Marquette Golden Eagles,Seton Hall Pirates,73,79,0,2,269,2550,36.5,39.1
2025-12-31,401822878,Creighton Bluejays,Butler Bulldogs,89,85,0,2,156,2086,49.2,41.3
2025-12-31,401822880,Xavier Musketeers,UConn Huskies,67,90,0,2,2752,41,42.9,53.2
2025-12-31,401822881,Villanova Wildcats,DePaul Blue Demons,71,66,0,2,222,305,34.5,45.0
2025-12-31,401823334,Long Beach State Beach,Lincoln (CA) Oaklanders,113,66,0,2,299,124946,63.2,38.7
2025-12-31,401823770,San José State Spartans,San Diego State Aztecs,68,81,0,2,23,21,34.5,52.8
2025-12-31,401823821,Boise State Broncos,New Mexico Lobos,62,53,0,2,68,167,35.7,30.8
2025-12-31,401823874,Gardner-Webb Runnin' Bulldogs,Charleston Southern Buccaneers,79,89,0,2,2241,2127,35.6,50.9
2025-12-31,401823895,UNC Asheville Bulldogs,High Point Panthers,69,87,0,2,2427,2272,44.6,61.7
2025-12-31,401823896,South Carolina Upstate Spartans,Radford Highlanders,69,76,0,2,2908,2515,39.4,44.8
2025-12-31,401823897,Longwood Lancers,Winthrop Eagles,82,70,0,2,2344,2737,51.7,32.3
2025-12-31,401824384,Holy Cross Crusaders,Bucknell Bison,65,58,0,2,107,2083,47.8,40.7
2025-12-31,401826776,Nebraska Cornhuskers,New Hampshire Wildcats,86,55,0,2,158,160,45.8,32.1
2025-12-31,401826817,Lehigh Mountain Hawks,Army Black Knights,78,85,0,2,2329,349,46.8,45.6
2025-12-31,401827010,Texas Southern Tigers,Huston Tillotson Rams,80,56,0,2,2640,2281,46.3,31.7
2025-12-31,401827914,Fresno State Bulldogs,Utah State Aggies,63,72,0,2,278,328,34.5,47.3
2025-12-31,401828150,UAB Blazers,Wichita State Shockers,70,75,0,2,5,2724,43.9,44.3
2025-12-31,401828151,Charlotte 49ers,Temple Owls,73,76,0,2,2429,218,44.0,50.9
2025-12-31,401828152,East Carolina Pirates,Tulane Green Wave,70,79,0,2,151,2655,40.6,47.2
2025-12-31,401828153,Florida Atlantic Owls,UTSA Roadrunners,110,70,0,2,2226,2636,58.5,31.1
2025-12-31,401828154,Memphis Tigers,North Texas Mean Green,57,48,0,2,235,249,47.1,36.4
2025-12-31,401828155,Tulsa Golden Hurricane,Rice Owls,97,48,0,2,202,242,61.7,28.1
2025-12-31,401828343,Davidson Wildcats,Duquesne Dukes,83,89,0,2,2166,2184,39.5,40.6
2025-12-31,401828344,Dayton Flyers,Fordham Rams,63,56,0,2,2168,2230,42.6,35.0
2025-12-31,401828345,La Salle Explorers,George Mason Patriots,75,80,0,2,2325,2244,38.7,48.2
2025-12-31,401828346,Richmond Spiders,George Washington Revolutionaries,85,99,0,2,257,45,49.1,58.6
2025-12-31,401828347,Rhode Island Rams,Loyola Chicago Ramblers,57,61,0,2,227,2350,34.5,45.8
2025-12-31,401828348,VCU Rams,St. Bonaventure Bonnies,89,82,0,2,2670,179,54.7,50.8
2025-12-31,401828349,Saint Louis Billikens,Saint Joseph's Hawks,102,79,0,2,139,2603,63.3,41.9
2025-12-31,401829169,San Diego Toreros,Gonzaga Bulldogs,93,99,0,2,301,2250,52.4,56.5
2025-12-31,401829170,Loyola Marymount Lions,Pacific Tigers,80,71,0,2,2351,279,49.1,36.7
2025-12-31,401829171,Pepperdine Waves,Saint Mary's Gaels,45,72,0,2,2492,2608,34.5,52.8
2025-12-31,401829172,Oregon State Beavers,San Francisco Dons,70,62,0,2,204,2539,50.0,39.6
2025-12-31,401829173,Portland Pilots,Santa Clara Broncos,85,92,0,2,2501,2541,58.6,54.0
2025-12-31,401829174,Seattle U Redhawks,Washington State Cougars,69,55,0,2,2547,265,42.6,29.7
2025-12-31,401829283,Tennessee Volunteers,South Carolina State Bulldogs,105,54,0,2,2633,2569,60.9,34.5
2025-12-31,401829292,Colorado State Rams,Nevada Wolf Pack,62,75,0,2,36,2440,37.3,42.3
2025-12-31,401829407,Lafayette Leopards,Colgate Raiders,77,85,0,2,322,2142,48.1,47.4
2025-12-31,401829485,Arkansas State Red Wolves,Arkansas Tech Wonder Boys,107,63,0,2,2032,2033,56.5,46.2
2026-01-01,401805159,UT Arlington Mavericks,California Baptist Lancers,63,51,0,2,250,2856,34.5,40.4
2026-01-01,401806416,Lindenwood Lions,Morehead State Eagles,77,64,0,2,2815,2413,52.7,41.7
2026-01-01,401806417,Little Rock Trojans,Tennessee Tech Golden Eagles,77,58,0,2,2031,2635,52.8,27.7
2026-01-01,401806418,SIU Edwardsville Cougars,Southern Indiana Screaming Eagles,59,55,0,2,2565,88,35.8,34.6
2026-01-01,401806419,UT Martin Skyhawks,Western Illinois Leathernecks,67,60,0,2,2630,2710,38.6,32.3
2026-01-01,401807663,Central Arkansas Bears,Florida Gulf Coast Eagles,85,83,0,2,2110,526,51.7,53.7
2026-01-01,401807664,Lipscomb Bisons,Jacksonville Dolphins,76,57,0,2,288,294,50.9,41.2
2026-01-01,401807666,North Alabama Lions,Stetson Hatters,67,70,0,2,2453,56,41.0,50.0
2026-01-01,401808501,Montana Grizzlies,Northern Arizona Lumberjacks,78,64,0,2,149,2464,53.8,42.6
2026-01-01,401808537,Weber State Wildcats,Portland State Vikings,90,95,0,2,2692,2502,40.3,42.7
2026-01-01,401808592,Coastal Carolina Chanticleers,Georgia Southern Eagles,81,82,0,2,324,290,36.6,40.6
2026-01-01,401808593,UL Monroe Warhawks,Southern Miss Golden Eagles,73,87,0,2,2433,2572,41.9,54.1
2026-01-01,401809107,Cal State Bakersfield Roadrunners,UC Irvine Anteaters,77,81,0,2,2934,300,40.3,53.8
2026-01-01,401809124,UC Davis Aggies,Cal State Northridge Matadors,89,80,0,2,302,2463,50.8,45.2
2026-01-01,401809226,UNC Greensboro Spartans,Chattanooga Mocs,77,72,0,2,2430,236,46.3,47.5
2026-01-01,401809227,VMI Keydets,Samford Bulldogs,58,78,0,2,2678,2535,33.9,46.4
2026-01-01,401811991,UNC Wilmington Seahawks,Drexel Dragons,65,53,0,2,350,2182,40.4,32.7
2026-01-01,401817601,Purdue Fort Wayne Mastodons,Green Bay Phoenix,54,72,0,2,2870,2739,37.0,47.7
2026-01-01,401817602,Wright State Raiders,Milwaukee Panthers,76,70,0,2,2750,270,43.1,44.6
2026-01-01,401817603,Northern Kentucky Norse,IU Indianapolis Jaguars,81,72,0,2,94,85,49.1,43.8
2026-01-01,401817604,Youngstown State Penguins,Oakland Golden Grizzlies,83,85,0,2,2754,2473,42.6,55.3
2026-01-01,401818331,North Dakota Fighting Hawks,Oral Roberts Golden Eagles,72,61,0,2,155,198,39.6,39.3
2026-01-01,401818332,South Dakota State Jackrabbits,Omaha Mavericks,84,69,0,2,2571,2437,47.7,35.9
2026-01-01,401822879,Georgetown Hoyas,St. John's Red Storm,83,95,0,2,46,2599,45.9,50.0
2026-01-01,401830255,Illinois State Redbirds,Evansville Purple Aces,73,47,0,2,2287,339,46.6,31.4
2026-01-01,401830258,Southern Illinois Salukis,Valparaiso Beacons,75,70,0,2,79,2674,40.0,31.8
2026-01-01,401831278,Dartmouth Big Green,Elms Blazers,107,43,0,2,159,111948,59.2,24.3
2026-01-02,401804855,Florida International Panthers,New Mexico State Aggies,89,74,0,2,2229,166,52.5,49.1
2026-01-02,401804857,Western Kentucky Hilltoppers,Sam Houston Bearkats,102,91,0,2,98,2534,45.9,46.6
2026-01-02,401805157,Abilene Christian Wildcats,Utah Tech Trailblazers,64,79,0,2,2000,3101,48.0,56.0
2026-01-02,401805158,Tarleton State Texans,Utah Valley Wolverines,85,91,0,2,2627,3084,41.9,54.7
2026-01-02,401806415,Southeast Missouri State Redhawks,Eastern Illinois Panthers,68,59,0,2,2546,2197,45.0,35.2
2026-01-02,401807661,West Georgia Wolves,Bellarmine Knights,87,85,0,2,2698,91,40.3,58.0
2026-01-02,401807662,Queens University Royals,Eastern Kentucky Colonels,91,89,0,2,2511,2198,50.8,49.2
2026-01-02,401807665,Austin Peay Governors,North Florida Ospreys,102,83,0,2,2046,2454,48.7,43.1
2026-01-02,401808487,Idaho State Bengals,Sacramento State Hornets,97,84,0,2,304,16,49.2,41.3
2026-01-02,401808513,Montana State Bobcats,Northern Colorado Bears,89,75,0,2,147,2458,52.4,42.2
2026-01-02,401809086,Cal Poly Mustangs,UC San Diego Tritons,67,65,0,2,13,28,34.8,35.4
2026-01-02,401809140,UC Riverside Highlanders,Hawai'i Rainbow Warriors,45,88,0,2,27,62,32.0,54.8
2026-01-02,401813358,Canisius Golden Griffins,Fairfield Stags,85,81,0,2,2099,2217,43.9,42.4
2026-01-02,401813384,Niagara Purple Eagles,Sacred Heart Pioneers,64,61,0,2,315,2529,48.9,37.7
2026-01-02,401813408,Merrimack Warriors,Mount St. Mary's Mountaineers,75,65,0,2,2771,116,41.3,38.6
2026-01-02,401823177,Cal State Fullerton Titans,UC Santa Barbara Gauchos,95,84,0,2,2239,2540,55.6,52.6
2026-01-02,401830010,Cornell Big Red,Alfred State Pioneers,133,65,0,2,172,108820,65.4,32.5
2026-01-02,401830201,Belmont Bruins,Bradley Braves,88,78,0,2,2057,71,54.9,44.3
2026-01-02,401830256,UIC Flames,Murray State Racers,77,81,0,2,82,93,40.6,40.3
2026-01-02,401830257,Northern Iowa Panthers,Indiana State Sycamores,75,66,0,2,2460,282,54.4,52.7
2026-01-03,401804856,Missouri State Bears,UTEP Miners,79,55,0,2,2623,2638,53.1,39.6
2026-01-03,401804858,Middle Tennessee Blue Raiders,Louisiana Tech Bulldogs,88,51,0,2,2393,2348,55.2,38.6
2026-01-03,401804859,Delaware Blue Hens,Jacksonville State Gamecocks,64,67,0,2,48,55,43.6,47.7
2026-01-03,401804860,Liberty Flames,Kennesaw State Owls,81,73,0,2,2335,338,50.9,33.8
2026-01-03,401805160,Abilene Christian Wildcats,Utah Valley Wolverines,85,68,0,2,2000,3084,54.0,51.1
2026-01-03,401805161,Tarleton State Texans,California Baptist Lancers,81,76,0,2,2627,2856,45.1,51.9
2026-01-03,401806420,UT Martin Skyhawks,Eastern Illinois Panthers,65,61,0,2,2630,2197,37.5,35.1
2026-01-03,401806421,Lindenwood Lions,Southern Indiana Screaming Eagles,83,80,0,2,2815,88,49.3,49.2
2026-01-03,401806422,Little Rock Trojans,Tennessee State Tigers,79,84,0,2,2031,2634,44.1,45.6
2026-01-03,401806423,SIU Edwardsville Cougars,Morehead State Eagles,72,73,0,2,2565,2413,44.1,53.2
2026-01-03,401806424,Southeast Missouri State Redhawks,Western Illinois Leathernecks,73,50,0,2,2546,2710,53.8,32.6
2026-01-03,401807667,Queens University Royals,Bellarmine Knights,98,76,0,2,2511,91,49.3,52.1
2026-01-03,401807668,West Georgia Wolves,Eastern Kentucky Colonels,88,76,0,2,2698,2198,54.0,44.1
2026-01-03,401807669,North Alabama Lions,Florida Gulf Coast Eagles,55,72,0,2,2453,526,30.8,46.7
2026-01-03,401807670,Austin Peay Governors,Jacksonville Dolphins,71,68,0,2,2046,294,40.0,47.1
2026-01-03,401807671,Lipscomb Bisons,North Florida Ospreys,82,74,0,2,288,2454,38.0,38.6
2026-01-03,401807672,Central Arkansas Bears,Stetson Hatters,93,73,0,2,2110,56,50.8,47.1
2026-01-03,401808145,Arkansas Razorbacks,Tennessee Volunteers,86,75,0,2,8,2633,42.4,49.2
2026-01-03,401808146,Georgia Bulldogs,Auburn Tigers,104,100,0,2,61,2,52.3,45.3
2026-01-03,401808148,South Carolina Gamecocks,Vanderbilt Commodores,71,83,0,2,2579,238,43.1,50.9
2026-01-03,401808149,Texas A&M Aggies,LSU Tigers,75,72,0,2,245,99,41.9,46.3
2026-01-03,401808150,Texas Longhorns,Mississippi State Bulldogs,98,101,0,2,251,344,47.7,44.7
2026-01-03,401808151,Oklahoma Sooners,Ole Miss Rebels,86,70,0,2,201,145,50.8,37.7
2026-01-03,401808152,Alabama Crimson Tide,Kentucky Wildcats,89,74,0,2,333,96,46.3,42.4
2026-01-03,401808453,Idaho Vandals,Eastern Washington Eagles,84,81,0,2,70,331,49.1,40.0
2026-01-03,401808488,Idaho State Bengals,Portland State Vikings,87,93,0,2,304,2502,45.0,53.3
2026-01-03,401808502,Montana Grizzlies,Northern Colorado Bears,88,79,0,2,149,2458,44.2,36.6
2026-01-03,401808594,Marshall Thundering Herd,App State Mountaineers,88,81,0,2,276,2026,52.7,47.5
2026-01-03,401808595,Old Dominion Monarchs,Georgia Southern Eagles,86,93,0,2,295,290,38.7,47.0
2026-01-03,401808596,Coastal Carolina Chanticleers,Georgia State Panthers,71,89,0,2,324,2247,39.3,49.2
2026-01-03,401808597,Arkansas State Red Wolves,James Madison Dukes,74,78,0,2,2032,256,35.7,52.9
2026-01-03,401808598,Louisiana Ragin' Cajuns,Southern Miss Golden Eagles,67,74,0,2,309,2572,43.6,51.1
2026-01-03,401808599,Troy Trojans,South Alabama Jaguars,59,49,0,2,2653,6,34.4,32.0
2026-01-03,401808600,UL Monroe Warhawks,Texas State Bobcats,79,84,0,2,2433,326,50.0,51.4
2026-01-03,401808706,Nicholls Colonels,East Texas A&M Lions,80,58,0,2,2447,2837,40.0,43.6
2026-01-03,401808873,McNeese Cowboys,Lamar Cardinals,82,70,0,2,2377,2320,47.9,33.3
2026-01-03,401808904,Northwestern State Demons,LSU New Orleans Privateers,74,68,0,2,2466,2443,41.1,42.6
2026-01-03,401808956,SE Louisiana Lions,Stephen F. Austin Lumberjacks,63,73,0,2,2545,2617,40.4,40.3
2026-01-03,401808977,UT Rio Grande Valley Vaqueros,Texas A&M-Corpus Christi Islanders,59,63,0,2,292,357,39.2,43.1
2026-01-03,401809125,UC Davis Aggies,Cal State Bakersfield Roadrunners,79,81,0,2,302,2934,41.2,41.9
2026-01-03,401809228,East Tennessee State Buccaneers,Mercer Bears,77,71,0,2,2193,2382,42.1,43.1
2026-01-03,401809229,Furman Paladins,Western Carolina Catamounts,77,80,0,2,231,2717,44.6,44.1
2026-01-03,401809230,The Citadel Bulldogs,Wofford Terriers,86,95,0,2,2643,2747,53.6,50.8
2026-01-03,401809231,UNC Greensboro Spartans,Samford Bulldogs,89,82,0,2,2430,2535,47.5,48.3
2026-01-03,401809232,VMI Keydets,Chattanooga Mocs,79,71,0,2,2678,236,43.6,40.7
2026-01-03,401811995,Campbell Fighting Camels,Northeastern Huskies,97,82,0,2,2097,111,58.6,52.5
2026-01-03,401811996,Drexel Dragons,Hofstra Pride,67,70,0,2,2182,2275,40.0,49.0
2026-01-03,401811997,Towson Tigers,Monmouth Hawks,48,62,0,2,119,2405,27.3,44.7
2026-01-03,401812000,Stony Brook Seawolves,North Carolina A&T Aggies,81,80,0,2,2619,2448,50.0,41.2
2026-01-03,401812106,UMass Lowell River Hawks,UAlbany Great Danes,83,71,0,2,2349,399,49.3,46.8
2026-01-03,401812107,Maine Black Bears,Bryant Bulldogs,51,56,0,2,311,2803,31.6,33.3
2026-01-03,401812108,Binghamton Bearcats,NJIT Highlanders,65,73,0,2,2066,2885,48.7,46.3
2026-01-03,401812109,New Hampshire Wildcats,Vermont Catamounts,61,80,0,2,160,261,42.3,53.3
2026-01-03,401812315,Mercyhurst Lakers,Fairleigh Dickinson Knights,67,74,0,2,2385,161,44.2,56.3
2026-01-03,401812334,Saint Francis Red Wolves,Le Moyne Dolphins,58,84,0,2,2598,2330,32.2,55.2
2026-01-03,401812365,Long Island University Sharks,Central Connecticut Blue Devils,84,78,0,2,112358,2115,48.4,54.7
2026-01-03,401812401,Stonehill Skyhawks,New Haven Chargers,55,70,0,2,284,2441,35.1,46.6
2026-01-03,401812411,Chicago State Cougars,Wagner Seahawks,72,79,0,2,2130,2681,35.6,47.2
2026-01-03,401813300,Manhattan Jaspers,Quinnipiac Bobcats,80,79,0,2,2363,2514,46.8,46.2
2026-01-03,401813329,Saint Peter's Peacocks,Marist Red Foxes,69,59,0,2,2612,2368,36.8,32.1
2026-01-03,401813422,Iona Gaels,Siena Saints,75,72,0,2,314,2561,50.0,40.9
2026-01-03,401814498,Miami (OH) RedHawks,Akron Zips,76,73,0,2,193,2006,37.7,43.8
2026-01-03,401814499,Buffalo Bulls,Ball State Cardinals,85,72,0,2,2084,2050,56.9,40.0
2026-01-03,401814500,Massachusetts Minutemen,Bowling Green Falcons,100,101,0,2,113,189,56.1,51.6
2026-01-03,401814501,Kent State Golden Flashes,Northern Illinois Huskies,77,73,0,2,2309,2459,39.6,43.1
2026-01-03,401814502,Eastern Michigan Eagles,Ohio Bobcats,67,68,0,2,2199,195,40.4,43.1
2026-01-03,401814503,Central Michigan Chippewas,Toledo Rockets,75,78,0,2,2117,2649,48.3,40.0
2026-01-03,401817605,Detroit Mercy Titans,Robert Morris Colonials,77,85,0,2,2174,2523,48.1,45.5
2026-01-03,401818373,North Dakota Fighting Hawks,South Dakota State Jackrabbits,90,87,0,2,155,2571,46.3,48.3
2026-01-03,401818374,North Dakota State Bison,Oral Roberts Golden Eagles,79,77,0,2,2449,198,38.8,39.7
2026-01-03,401820161,Holy Cross Crusaders,Navy Midshipmen,58,65,0,2,107,2426,36.4,48.0
2026-01-03,401820194,Loyola Maryland Greyhounds,Lafayette Leopards,64,79,0,2,2352,322,39.3,53.4
2026-01-03,401820476,Incarnate Word Cardinals,Houston Christian Huskies,73,56,0,2,2916,2277,45.2,38.3
2026-01-03,401820559,UNLV Rebels,Air Force Falcons,67,39,0,2,2439,2005,43.3,27.8
2026-01-03,401820642,California Golden Bears,Notre Dame Fighting Irish,72,71,0,2,25,87,40.6,40.0
2026-01-03,401820643,Stanford Cardinal,Louisville Cardinals,80,76,0,2,24,97,46.3,43.3
2026-01-03,401820644,Florida State Seminoles,Duke Blue Devils,87,91,0,2,52,150,53.4,52.8
2026-01-03,401820645,Georgia Tech Yellow Jackets,Boston College Eagles,65,53,0,2,59,103,39.6,27.3
2026-01-03,401820646,NC State Wolfpack,Virginia Cavaliers,61,76,0,2,152,258,36.0,50.0
2026-01-03,401820647,Pittsburgh Panthers,Clemson Tigers,68,73,0,2,221,228,44.2,53.3
2026-01-03,401820648,SMU Mustangs,North Carolina Tar Heels,97,83,0,2,2567,153,60.0,48.3
2026-01-03,401820649,Wake Forest Demon Deacons,Virginia Tech Hokies,81,78,0,2,154,259,44.8,47.2
2026-01-03,401822767,Delaware State Hornets,Coppin State Eagles,51,53,0,2,2169,2154,36.8,40.8
2026-01-03,401822882,St. John's Red Storm,Providence Friars,71,77,0,2,2599,2507,28.2,39.1
2026-01-03,401822883,Butler Bulldogs,Villanova Wildcats,67,85,0,2,2086,222,38.1,55.2
2026-01-03,401822884,DePaul Blue Demons,Xavier Musketeers,86,77,0,2,305,2752,50.0,40.6
2026-01-03,401823045,Maryland Eastern Shore Hawks,Morgan State Bears,66,49,0,2,2379,2415,40.7,33.3
2026-01-03,401823265,Cal State Northridge Matadors,UC Santa Barbara Gauchos,74,65,0,2,2463,2540,49.0,34.4
2026-01-03,401823898,Winthrop Eagles,Gardner-Webb Runnin' Bulldogs,88,77,0,2,2737,2241,45.2,47.4
2026-01-03,401823899,High Point Panthers,Longwood Lancers,80,67,0,2,2272,2344,52.8,47.3
2026-01-03,401823900,Charleston Southern Buccaneers,UNC Asheville Bulldogs,86,83,0,2,2127,2427,56.1,39.1
2026-01-03,401823901,Presbyterian Blue Hose,South Carolina Upstate Spartans,86,77,0,2,2506,2908,55.3,51.9
2026-01-03,401824364,Boston University Terriers,American University Eagles,62,64,0,2,104,44,37.7,46.9
2026-01-03,401825410,Maryland Terrapins,Oregon Ducks,54,64,0,2,120,2483,27.7,48.9
2026-01-03,401825411,Michigan Wolverines,USC Trojans,96,66,0,2,130,30,47.7,34.5
2026-01-03,401825412,Nebraska Cornhuskers,Michigan State Spartans,58,56,0,2,158,127,31.6,34.0
2026-01-03,401825413,Rutgers Scarlet Knights,Ohio State Buckeyes,73,80,0,2,164,194,42.2,51.9
2026-01-03,401825414,Iowa Hawkeyes,UCLA Bruins,74,61,0,2,2294,26,46.8,44.6
2026-01-03,401825415,Northwestern Wildcats,Minnesota Golden Gophers,78,84,0,2,77,135,49.1,54.9
2026-01-03,401826818,Army Black Knights,Colgate Raiders,69,76,0,2,349,2142,41.8,44.8
2026-01-03,401827021,Southern Jaguars,Texas Southern Tigers,84,73,0,2,2582,2640,50.9,41.5
2026-01-03,401827047,Grambling Tigers,Prairie View A&M Panthers,76,72,0,2,2755,2504,46.9,38.6
2026-01-03,401827114,Bethune-Cookman Wildcats,Florida A&M Rattlers,87,83,0,2,2065,50,53.8,48.3
2026-01-03,401827136,Arkansas-Pine Bluff Golden Lions,Alabama A&M Bulldogs,95,83,0,2,2029,2010,57.1,48.3
2026-01-03,401827159,Mississippi Valley State Delta Devils,Alabama State Hornets,69,89,0,2,2400,2011,44.0,52.9
2026-01-03,401827592,Iowa State Cyclones,West Virginia Mountaineers,80,59,0,2,66,277,52.7,42.9
2026-01-03,401827593,Arizona State Sun Devils,Colorado Buffaloes,89,95,0,2,9,38,45.6,49.2
2026-01-03,401827594,UCF Knights,Kansas Jayhawks,81,75,0,2,2116,2305,43.8,43.1
2026-01-03,401827595,Cincinnati Bearcats,Houston Cougars,60,67,0,2,2132,248,42.9,41.3
2026-01-03,401827596,Kansas State Wildcats,BYU Cougars,73,83,0,2,2306,252,41.8,44.4
2026-01-03,401827597,TCU Horned Frogs,Baylor Bears,69,63,0,2,2628,239,38.3,37.3
2026-01-03,401827598,Texas Tech Red Raiders,Oklahoma State Cowboys,102,80,0,2,2641,197,48.1,43.3
2026-01-03,401827599,Utah Utes,Arizona Wildcats,78,97,0,2,254,12,44.3,53.6
2026-01-03,401827935,Utah State Aggies,San José State Spartans,96,78,0,2,328,23,63.0,44.6
2026-01-03,401828156,Charlotte 49ers,Wichita State Shockers,104,100,0,2,2429,2724,48.5,48.0
2026-01-03,401828157,Rice Owls,Memphis Tigers,70,76,0,2,242,235,36.5,46.9
2026-01-03,401828158,Temple Owls,UTSA Roadrunners,76,57,0,2,218,2636,40.0,32.7
2026-01-03,401828350,Saint Joseph's Hawks,Davidson Wildcats,56,62,0,2,2603,2166,38.0,42.9
2026-01-03,401828351,Loyola Chicago Ramblers,Dayton Flyers,68,70,0,2,2350,2168,42.4,37.5
2026-01-03,401828352,Duquesne Dukes,VCU Rams,80,93,0,2,2184,2670,52.8,53.7
2026-01-03,401828353,George Mason Patriots,Rhode Island Rams,61,50,0,2,2244,227,43.2,35.2
2026-01-03,401828354,George Washington Revolutionaries,La Salle Explorers,77,55,0,2,45,2325,48.4,38.2
2026-01-03,401828663,Jackson State Tigers,Alcorn State Braves,89,86,0,2,2296,2016,52.7,46.8
2026-01-03,401828724,North Carolina Central Eagles,Norfolk State Spartans,69,67,0,2,2428,2450,38.7,40.3
2026-01-03,401829175,Washington State Cougars,Loyola Marymount Lions,78,76,0,2,265,2351,50.9,44.3
2026-01-03,401829176,Pacific Tigers,Oregon State Beavers,84,53,0,2,279,204,54.0,35.8
2026-01-03,401829177,Santa Clara Broncos,Pepperdine Waves,82,63,0,2,2541,2492,49.3,38.9
2026-01-03,401829178,Saint Mary's Gaels,Portland Pilots,78,57,0,2,2608,2501,49.1,34.4
2026-01-03,401829179,San Francisco Dons,San Diego Toreros,74,64,0,2,2539,301,41.5,43.1
2026-01-03,401829180,Gonzaga Bulldogs,Seattle U Redhawks,80,72,0,2,2250,2547,49.2,36.1
2026-01-03,401829284,South Carolina State Bulldogs,Howard Bison,58,57,0,2,2569,47,44.4,30.8
2026-01-03,401829396,Bucknell Bison,Lehigh Mountain Hawks,72,65,0,2,2083,2329,36.9,46.8
2026-01-04,401804861,Missouri State Bears,New Mexico State Aggies,89,82,0,2,2623,166,46.3,45.9
2026-01-04,401804862,Florida International Panthers,UTEP Miners,76,64,0,2,2229,2638,50.9,35.5
2026-01-04,401804863,Middle Tennessee Blue Raiders,Sam Houston Bearkats,68,67,0,2,2393,2534,38.7,48.2
2026-01-04,401804864,Western Kentucky Hilltoppers,Louisiana Tech Bulldogs,66,61,0,2,98,2348,32.1,38.1
2026-01-04,401804865,Liberty Flames,Jacksonville State Gamecocks,78,69,0,2,2335,55,44.4,40.4
2026-01-04,401804866,Delaware Blue Hens,Kennesaw State Owls,67,52,0,2,48,338,50.0,28.3
2026-01-04,401805162,Southern Utah Thunderbirds,UT Arlington Mavericks,77,86,0,2,253,250,46.6,51.9
2026-01-04,401808147,Missouri Tigers,Florida Gators,76,74,0,2,142,57,45.5,41.3
2026-01-04,401808514,Montana State Bobcats,Northern Arizona Lumberjacks,77,68,0,2,147,2464,46.4,47.5
2026-01-04,401808541,Weber State Wildcats,Sacramento State Hornets,95,82,0,2,2692,16,50.8,44.6
2026-01-04,401809087,UC San Diego Tritons,Hawai'i Rainbow Warriors,83,73,0,2,28,62,48.4,47.2
2026-01-04,401809108,Cal State Fullerton Titans,UC Irvine Anteaters,64,86,0,2,2239,300,32.8,56.1
2026-01-04,401809155,Long Beach State Beach,Cal Poly Mustangs,74,66,0,2,299,13,50.0,33.9
2026-01-04,401811999,UNC Wilmington Seahawks,Hampton Pirates,49,45,0,2,350,2261,38.8,31.6
2026-01-04,401812316,Saint Francis Red Wolves,Fairleigh Dickinson Knights,85,82,0,2,2598,161,46.3,46.3
2026-01-04,401812335,Mercyhurst Lakers,Le Moyne Dolphins,74,60,0,2,2385,2330,43.9,39.3
2026-01-04,401812366,Chicago State Cougars,Long Island University Sharks,55,74,0,2,2130,112358,33.9,52.8
2026-01-04,401812402,Wagner Seahawks,Stonehill Skyhawks,60,69,0,2,2681,284,40.4,46.3
2026-01-04,401812653,Central Connecticut Blue Devils,New Haven Chargers,72,61,0,2,2115,2441,50.0,42.4
2026-01-04,401813311,Merrimack Warriors,Manhattan Jaspers,73,66,0,2,2771,2363,48.1,42.4
2026-01-04,401813330,Marist Red Foxes,Iona Gaels,83,38,0,2,2368,314,45.6,31.8
2026-01-04,401813359,Canisius Golden Griffins,Sacred Heart Pioneers,82,78,0,2,2099,2529,50.0,46.9
2026-01-04,401813385,Niagara Purple Eagles,Fairfield Stags,75,83,0,2,315,2217,54.4,50.9
2026-01-04,401813409,Quinnipiac Bobcats,Mount St. Mary's Mountaineers,80,69,0,2,2514,116,45.6,36.8
2026-01-04,401813423,Rider Broncs,Siena Saints,65,74,0,2,2520,2561,43.1,46.4
2026-01-04,401817606,IU Indianapolis Jaguars,Wright State Raiders,77,81,0,2,85,2750,48.4,56.5
2026-01-04,401817607,Purdue Fort Wayne Mastodons,Cleveland State Vikings,74,71,0,2,2870,325,39.7,38.3
2026-01-04,401817608,Northern Kentucky Norse,Youngstown State Penguins,94,79,0,2,94,2754,51.7,40.0
2026-01-04,401817609,Oakland Golden Grizzlies,Robert Morris Colonials,96,73,0,2,2473,2523,53.6,45.9
2026-01-04,401818375,Omaha Mavericks,Kansas City Roos,66,73,0,2,2437,140,48.1,42.9
2026-01-04,401818376,St. Thomas Tommies,Denver Pioneers,92,88,0,2,2900,2172,46.3,49.1
2026-01-04,401822885,UConn Huskies,Marquette Golden Eagles,73,57,0,2,41,269,42.9,32.3
2026-01-04,401822886,Seton Hall Pirates,Creighton Bluejays,56,54,0,2,2550,156,35.8,34.5
2026-01-04,401823771,San Diego State Aztecs,Boise State Broncos,110,107,0,2,21,68,53.4,41.8
2026-01-04,401823792,Grand Canyon Lopes,Colorado State Rams,60,70,0,2,2253,36,39.3,43.1
2026-01-04,401825416,Penn State Nittany Lions,Illinois Fighting Illini,65,73,0,2,213,356,34.8,39.3
2026-01-04,401825417,Wisconsin Badgers,Purdue Boilermakers,73,89,0,2,275,2509,42.1,46.5
2026-01-04,401828159,South Florida Bulls,UAB Blazers,106,109,0,2,58,5,43.2,43.9
2026-01-04,401828160,Tulane Green Wave,Florida Atlantic Owls,69,66,0,2,2655,2226,40.0,44.8
2026-01-04,401828161,North Texas Mean Green,Tulsa Golden Hurricane,72,67,0,2,249,202,46.3,44.7
2026-01-04,401828355,Fordham Rams,Richmond Spiders,75,83,0,2,2230,257,47.4,49.1
2026-01-04,401828925,Fresno State Bulldogs,Nevada Wolf Pack,65,66,0,2,278,2440,44.4,42.9
2026-01-04,401830202,Belmont Bruins,Southern Illinois Salukis,67,68,0,2,2057,79,54.0,43.3
2026-01-04,401830235,Murray State Racers,Bradley Braves,86,66,0,2,93,71,50.8,32.9
2026-01-04,401830259,Drake Bulldogs,Indiana State Sycamores,74,72,0,2,2181,282,52.5,45.1
2026-01-04,401830260,Evansville Purple Aces,Northern Iowa Panthers,48,62,0,2,339,2460,42.2,45.8
2026-01-04,401830261,Valparaiso Beacons,UIC Flames,66,59,0,2,2674,82,36.6,47.9
2026-01-04,401830320,New Mexico Lobos,Wyoming Cowboys,78,58,0,2,167,2751,46.9,39.6
2026-01-05,401818539,Cornell Big Red,Columbia Lions,99,104,0,2,172,171,44.0,55.0
2026-01-05,401825418,Indiana Hoosiers,Washington Huskies,90,80,0,2,84,264,51.7,45.6
2026-01-05,401825420,Ohio State Buckeyes,Nebraska Cornhuskers,69,72,0,2,194,158,45.6,43.9
2026-01-05,401827137,Arkansas-Pine Bluff Golden Lions,Alabama State Hornets,90,79,0,2,2029,2011,45.1,44.3
2026-01-05,401829181,Gonzaga Bulldogs,Loyola Marymount Lions,82,47,0,2,2250,2351,53.7,30.2
2026-01-05,401829182,Washington State Cougars,Oregon State Beavers,81,67,0,2,265,204,48.3,44.0
2026-01-05,401829183,Pacific Tigers,Pepperdine Waves,74,69,0,2,279,2492,52.9,42.1
2026-01-05,401829184,San Francisco Dons,Portland Pilots,73,68,0,2,2539,2501,37.9,47.1
2026-01-05,401829185,Santa Clara Broncos,San Diego Toreros,98,70,0,2,2541,301,50.0,43.3
2026-01-05,401829186,Saint Mary's Gaels,Seattle U Redhawks,93,76,0,2,2608,2547,54.0,46.9
2026-01-06,401808707,LSU New Orleans Privateers,East Texas A&M Lions,83,73,0,2,2443,2837,41.5,35.9
2026-01-06,401808874,McNeese Cowboys,Stephen F. Austin Lumberjacks,66,64,0,2,2377,2617,39.7,43.1
2026-01-06,401808922,Nicholls Colonels,Northwestern State Demons,74,72,0,2,2447,2466,50.0,46.4
2026-01-06,401808957,SE Louisiana Lions,Lamar Cardinals,60,52,0,2,2545,2320,42.2,28.3
2026-01-06,401808978,UT Rio Grande Valley Vaqueros,Incarnate Word Cardinals,80,67,0,2,292,2916,47.5,34.8
2026-01-06,401811998,Charleston Cougars,William & Mary Tribe,88,79,0,2,232,2729,46.6,32.5
2026-01-06,401812585,Princeton Tigers,Pennsylvania Quakers,78,76,0,2,163,219,53.8,45.6
2026-01-06,401812613,Harvard Crimson,Dartmouth Big Green,68,76,0,2,108,159,40.3,54.3
2026-01-06,401814507,Ohio Bobcats,Massachusetts Minutemen,86,83,0,2,195,113,51.7,47.7
2026-01-06,401817610,Green Bay Phoenix,Milwaukee Panthers,79,76,0,2,2739,270,62.2,50.0
2026-01-06,401818307,Brown Bears,Yale Bulldogs,53,70,0,2,225,43,30.8,48.1
2026-01-06,401820477,Houston Christian Huskies,Texas A&M-Corpus Christi Islanders,65,81,0,2,2277,357,41.8,49.2
2026-01-06,401825419,Michigan State Spartans,USC Trojans,80,51,0,2,127,30,50.0,32.7
2026-01-06,401825421,Rutgers Scarlet Knights,Oregon Ducks,88,85,0,2,164,2483,43.3,45.5
2026-01-06,401827022,Southern Jaguars,Prairie View A&M Panthers,85,89,0,2,2582,2504,41.7,55.9
2026-01-06,401827095,Grambling Tigers,Texas Southern Tigers,84,67,0,2,2755,2640,49.1,40.7
2026-01-06,401827201,Mississippi Valley State Delta Devils,Alabama A&M Bulldogs,51,71,0,2,2400,2010,33.3,40.0
2026-01-07,401806425,SIU Edwardsville Cougars,Lindenwood Lions,66,62,0,2,2565,2815,42.3,36.4
2026-01-07,401808153,Florida Gators,Georgia Bulldogs,92,77,0,2,57,61,46.7,41.4
2026-01-07,401808156,Auburn Tigers,Texas A&M Aggies,88,90,0,2,2,245,44.6,52.5
2026-01-07,401808158,LSU Tigers,South Carolina Gamecocks,68,78,0,2,99,2579,38.7,47.2
2026-01-07,401808160,Tennessee Volunteers,Texas Longhorns,85,71,0,2,2633,251,52.7,38.6
2026-01-07,401809313,Chattanooga Mocs,Furman Paladins,67,78,0,2,236,231,37.5,45.6
2026-01-07,401809317,Wofford Terriers,UNC Greensboro Spartans,97,85,0,2,2747,2430,50.0,49.2
2026-01-07,401814504,Kent State Golden Flashes,Bowling Green Falcons,96,93,0,2,2309,189,54.0,50.9
2026-01-07,401814505,Akron Zips,Central Michigan Chippewas,82,69,0,2,2006,2117,56.9,44.7
2026-01-07,401814506,Ball State Cardinals,Eastern Michigan Eagles,52,74,0,2,2050,2199,33.3,58.0
2026-01-07,401814508,Northern Illinois Huskies,Toledo Rockets,61,75,0,2,2459,2649,39.3,50.0
2026-01-07,401814509,Miami (OH) RedHawks,Western Michigan Broncos,87,76,0,2,193,2711,50.0,42.4
2026-01-07,401820195,Army Black Knights,Loyola Maryland Greyhounds,76,84,0,2,349,2352,38.9,42.6
2026-01-07,401820560,Air Force Falcons,Utah State Aggies,62,99,0,2,2005,328,41.2,58.5
2026-01-07,401820650,Louisville Cardinals,Duke Blue Devils,73,84,0,2,97,150,40.0,50.9
2026-01-07,401820651,Boston College Eagles,NC State Wolfpack,71,79,0,2,103,152,51.1,48.4
2026-01-07,401820653,Georgia Tech Yellow Jackets,Syracuse Orange,72,82,0,2,59,183,39.1,42.6
2026-01-07,401822887,DePaul Blue Demons,Georgetown Hoyas,56,50,0,2,305,46,35.3,22.6
2026-01-07,401822888,Butler Bulldogs,St. John's Red Storm,70,84,0,2,2086,2599,50.0,50.0
2026-01-07,401823772,Nevada Wolf Pack,San Diego State Aztecs,68,73,0,2,2440,21,35.6,51.9
2026-01-07,401823902,Winthrop Eagles,Charleston Southern Buccaneers,81,77,0,2,2737,2127,39.7,40.6
2026-01-07,401823904,UNC Asheville Bulldogs,Longwood Lancers,72,61,0,2,2427,2344,45.5,38.2
2026-01-07,401824385,Lehigh Mountain Hawks,Holy Cross Crusaders,66,58,0,2,2329,107,49.1,43.6
2026-01-07,401825422,Minnesota Golden Gophers,Iowa Hawkeyes,70,67,0,2,135,2294,46.8,39.7
2026-01-07,401825423,Penn State Nittany Lions,Michigan Wolverines,72,74,0,2,213,130,34.8,45.6
2026-01-07,401825424,Wisconsin Badgers,UCLA Bruins,80,72,0,2,275,26,45.5,45.9
2026-01-07,401825425,Maryland Terrapins,Indiana Hoosiers,66,84,0,2,120,84,41.0,45.0
2026-01-07,401827600,Houston Cougars,Texas Tech Red Raiders,69,65,0,2,248,2641,39.3,41.1
2026-01-07,401827601,Kansas Jayhawks,TCU Horned Frogs,104,100,0,2,2305,2628,52.4,46.7
2026-01-07,401827602,Oklahoma State Cowboys,UCF Knights,87,76,0,2,197,2116,47.2,37.5
2026-01-07,401827603,West Virginia Mountaineers,Cincinnati Bearcats,62,60,0,2,277,2132,45.8,35.5
2026-01-07,401828356,Dayton Flyers,George Washington Revolutionaries,79,72,0,2,2168,45,41.8,48.1
2026-01-07,401828926,San José State Spartans,Fresno State Bulldogs,55,70,0,2,23,278,38.2,51.9
2026-01-07,401830321,Colorado State Rams,New Mexico Lobos,70,80,0,2,36,167,45.8,52.8
2026-01-07,401830822,Wyoming Cowboys,UNLV Rebels,98,66,0,2,2751,2439,55.0,37.5
2026-01-08,401804867,Jacksonville State Gamecocks,Florida International Panthers,71,64,0,2,55,2229,49.0,44.9
2026-01-08,401804868,Kennesaw State Owls,Missouri State Bears,90,80,0,2,338,2623,51.9,41.5
2026-01-08,401808154,Mississippi State Bulldogs,Oklahoma Sooners,72,53,0,2,344,201,42.4,30.9
2026-01-08,401808155,Vanderbilt Commodores,Alabama Crimson Tide,96,90,0,2,238,333,45.8,37.1
2026-01-08,401808157,Kentucky Wildcats,Missouri Tigers,68,73,0,2,96,142,43.1,51.9
2026-01-08,401808159,Ole Miss Rebels,Arkansas Razorbacks,87,94,0,2,145,8,50.8,51.7
2026-01-08,401808601,James Madison Dukes,Marshall Thundering Herd,64,66,0,2,256,276,41.7,38.3
2026-01-08,401808602,Arkansas State Red Wolves,Troy Trojans,86,74,0,2,2032,2653,44.8,41.5
2026-01-08,401809314,East Tennessee State Buccaneers,VMI Keydets,81,67,0,2,2193,2678,55.8,37.3
2026-01-08,401809315,Mercer Bears,The Citadel Bulldogs,101,63,0,2,2382,2643,58.6,44.0
2026-01-08,401809316,Samford Bulldogs,Western Carolina Catamounts,82,77,0,2,2535,2717,44.8,41.0
2026-01-08,401812002,Towson Tigers,Hofstra Pride,67,78,0,2,119,2275,33.9,42.3
2026-01-08,401812111,UMBC Retrievers,Maine Black Bears,69,62,0,2,2378,311,42.9,44.1
2026-01-08,401812112,Bryant Bulldogs,UMass Lowell River Hawks,63,77,0,2,2803,2349,40.7,52.6
2026-01-08,401812317,Fairleigh Dickinson Knights,Chicago State Cougars,70,63,0,2,161,2130,38.3,40.8
2026-01-08,401817611,Youngstown State Penguins,Purdue Fort Wayne Mastodons,69,71,0,2,2754,2870,41.7,41.5
2026-01-08,401818377,St. Thomas Tommies,South Dakota Coyotes,99,86,0,2,2900,233,62.7,49.2
2026-01-08,401820162,Navy Midshipmen,Bucknell Bison,76,55,0,2,2426,2083,47.3,34.0
2026-01-08,401820652,Clemson Tigers,SMU Mustangs,74,70,0,2,228,2567,42.9,37.3
2026-01-08,401820654,Virginia Cavaliers,California Golden Bears,84,60,0,2,258,25,50.0,35.2
2026-01-08,401820655,Virginia Tech Hokies,Stanford Cardinal,68,69,0,2,259,24,39.6,44.8
2026-01-08,401820656,Wake Forest Demon Deacons,Miami Hurricanes,77,81,0,2,154,2390,51.9,50.0
2026-01-08,401822889,Providence Friars,UConn Huskies,98,103,0,2,2507,41,50.0,49.3
2026-01-08,401822890,Marquette Golden Eagles,Xavier Musketeers,66,65,0,2,269,2752,40.0,37.3
2026-01-08,401822891,Villanova Wildcats,Creighton Bluejays,72,76,0,2,222,156,43.9,50.0
2026-01-08,401823793,Boise State Broncos,Grand Canyon Lopes,58,75,0,2,68,2253,34.7,50.0
2026-01-08,401823903,High Point Panthers,Gardner-Webb Runnin' Bulldogs,104,49,0,2,2272,2241,50.7,32.3
2026-01-08,401823905,Radford Highlanders,Presbyterian Blue Hose,80,61,0,2,2515,2506,50.0,42.1
2026-01-08,401824365,Lafayette Leopards,Boston University Terriers,67,83,0,2,322,104,45.9,53.4
2026-01-08,401825426,Purdue Boilermakers,Washington Huskies,81,73,0,2,2509,264,56.7,44.4
2026-01-08,401825428,Michigan State Spartans,Northwestern Wildcats,76,66,0,2,127,77,49.0,37.9
2026-01-08,401827604,Arizona Wildcats,Kansas State Wildcats,101,76,0,2,12,2306,49.3,33.8
2026-01-08,401827605,Baylor Bears,Iowa State Cyclones,60,70,0,2,239,66,30.6,40.6
2026-01-08,401827606,BYU Cougars,Arizona State Sun Devils,104,76,0,2,252,9,57.4,37.8
2026-01-08,401827607,Colorado Buffaloes,Utah Utes,85,73,0,2,38,254,46.8,39.4
2026-01-08,401828162,UAB Blazers,Florida Atlantic Owls,71,76,0,2,5,2226,36.7,39.3
2026-01-08,401828163,UTSA Roadrunners,Charlotte 49ers,58,74,0,2,2636,2429,35.6,44.3
2026-01-08,401828164,Temple Owls,East Carolina Pirates,75,67,0,2,218,151,40.0,50.0
2026-01-08,401828165,Wichita State Shockers,Rice Owls,64,66,0,2,2724,242,29.8,44.8
2026-01-08,401828166,North Texas Mean Green,South Florida Bulls,70,74,0,2,249,58,45.8,44.7
2026-01-08,401828357,Loyola Chicago Ramblers,Davidson Wildcats,64,79,0,2,2350,2166,39.0,46.6
2026-01-08,401828358,Saint Joseph's Hawks,Duquesne Dukes,97,90,0,2,2603,2184,48.5,45.9
2026-01-08,401828359,Fordham Rams,George Mason Patriots,58,67,0,2,2230,2244,34.3,47.9
2026-01-08,401828360,Rhode Island Rams,La Salle Explorers,72,79,0,2,227,2325,41.4,61.0
2026-01-08,401828361,St. Bonaventure Bonnies,Richmond Spiders,80,89,0,2,179,257,45.1,52.7
2026-01-08,401828362,VCU Rams,Saint Louis Billikens,62,71,0,2,2670,139,28.6,42.9
2026-01-08,401828673,Colgate Raiders,American University Eagles,64,62,0,2,2142,44,45.1,48.1
2026-01-08,401830203,Northern Iowa Panthers,Belmont Bruins,65,78,0,2,2460,2057,39.0,60.0
2026-01-08,401830234,Bradley Braves,Drake Bulldogs,93,66,0,2,71,2181,50.8,35.8
2026-01-08,401830262,Evansville Purple Aces,Murray State Racers,69,79,0,2,339,93,50.9,45.8
2026-01-08,401830263,UIC Flames,Southern Illinois Salukis,70,57,0,2,82,79,41.7,47.2
2026-01-08,401830264,Valparaiso Beacons,Illinois State Redbirds,77,71,0,2,2674,2287,51.2,41.9
2026-01-09,401804869,New Mexico State Aggies,Western Kentucky Hilltoppers,80,64,0,2,166,98,39.3,30.9
2026-01-09,401804870,UTEP Miners,Middle Tennessee Blue Raiders,83,80,0,2,2638,2393,43.1,47.5
2026-01-09,401804871,Louisiana Tech Bulldogs,Liberty Flames,56,72,0,2,2348,2335,35.0,46.3
2026-01-09,401804872,Sam Houston Bearkats,Delaware Blue Hens,72,60,0,2,2534,48,37.5,39.6
2026-01-09,401805163,Tarleton State Texans,Abilene Christian Wildcats,80,84,0,2,2627,2000,46.4,55.8
2026-01-09,401805164,California Baptist Lancers,Utah Tech Trailblazers,84,72,0,2,2856,3101,48.3,48.1
2026-01-09,401805165,Utah Valley Wolverines,Southern Utah Thunderbirds,89,72,0,2,3084,253,54.5,41.7
2026-01-09,401806426,Eastern Illinois Panthers,Tennessee Tech Golden Eagles,71,61,0,2,2197,2635,43.9,39.1
2026-01-09,401806427,SIU Edwardsville Cougars,Little Rock Trojans,70,73,0,2,2565,2031,46.3,41.7
2026-01-09,401806428,Morehead State Eagles,UT Martin Skyhawks,68,76,0,2,2413,2630,42.1,47.2
2026-01-09,401806429,Southern Indiana Screaming Eagles,Southeast Missouri State Redhawks,76,84,0,2,88,2546,41.8,57.4
2026-01-09,401806430,Western Illinois Leathernecks,Tennessee State Tigers,68,90,0,2,2710,2634,38.2,55.7
2026-01-09,401807673,Florida Gulf Coast Eagles,Austin Peay Governors,71,82,0,2,526,2046,46.4,43.9
2026-01-09,401807674,Bellarmine Knights,Central Arkansas Bears,84,78,0,2,91,2110,51.7,35.1
2026-01-09,401807675,Stetson Hatters,Lipscomb Bisons,91,83,0,2,56,288,52.7,52.6
2026-01-09,401807676,Eastern Kentucky Colonels,North Alabama Lions,88,80,0,2,2198,2453,46.0,52.8
2026-01-09,401807677,Jacksonville Dolphins,Queens University Royals,51,77,0,2,294,2511,36.5,49.1
2026-01-09,401807678,North Florida Ospreys,West Georgia Wolves,73,85,0,2,2454,2698,44.4,48.4
2026-01-09,401808454,Eastern Washington Eagles,Montana State Bobcats,64,68,0,2,331,147,36.1,45.8
2026-01-09,401808471,Idaho Vandals,Montana Grizzlies,73,79,0,2,70,149,39.1,50.0
2026-01-09,401808489,Northern Colorado Bears,Idaho State Bengals,85,72,0,2,2458,304,51.8,45.6
2026-01-09,401808523,Northern Arizona Lumberjacks,Weber State Wildcats,65,78,0,2,2464,2692,43.6,46.3
2026-01-09,401808603,Coastal Carolina Chanticleers,Old Dominion Monarchs,66,70,0,2,324,295,36.2,45.3
2026-01-09,401808604,Georgia State Panthers,App State Mountaineers,50,52,0,2,2247,2026,32.8,32.8
2026-01-09,401808605,Louisiana Ragin' Cajuns,UL Monroe Warhawks,85,79,0,2,309,2433,48.5,53.8
2026-01-09,401808606,Southern Miss Golden Eagles,Texas State Bobcats,80,70,0,2,2572,326,48.3,39.7
2026-01-09,401809088,UC San Diego Tritons,Cal State Fullerton Titans,71,88,0,2,28,2239,40.0,50.0
2026-01-09,401809109,UC Irvine Anteaters,Long Beach State Beach,74,64,0,2,300,299,42.9,41.7
2026-01-09,401809126,UC Santa Barbara Gauchos,UC Davis Aggies,86,93,0,2,2540,302,54.7,51.7
2026-01-09,401809156,Cal State Northridge Matadors,Cal Poly Mustangs,95,90,0,2,2463,13,52.2,41.4
2026-01-09,401812001,Drexel Dragons,Stony Brook Seawolves,56,37,0,2,2182,2619,38.8,20.3
2026-01-09,401812003,Monmouth Hawks,William & Mary Tribe,81,70,0,2,2405,2729,46.9,45.2
2026-01-09,401812004,Campbell Fighting Camels,Hampton Pirates,86,72,0,2,2097,2261,40.0,46.2
2026-01-09,401812005,North Carolina A&T Aggies,Elon Phoenix,64,69,0,2,2448,2210,39.1,40.0
2026-01-09,401812006,Northeastern Huskies,UNC Wilmington Seahawks,78,87,0,2,111,350,47.5,43.9
2026-01-09,401812110,Vermont Catamounts,Binghamton Bearcats,60,59,0,2,261,2066,43.8,40.0
2026-01-09,401812113,NJIT Highlanders,New Hampshire Wildcats,80,76,0,2,2885,160,41.5,44.2
2026-01-09,401812336,Le Moyne Dolphins,New Haven Chargers,73,47,0,2,2330,2441,52.0,34.0
2026-01-09,401812367,Long Island University Sharks,Mercyhurst Lakers,60,58,0,2,112358,2385,40.7,45.5
2026-01-09,401812389,Wagner Seahawks,Saint Francis Red Wolves,69,71,0,2,2681,2598,44.1,45.3
2026-01-09,401812403,Central Connecticut Blue Devils,Stonehill Skyhawks,76,69,0,2,2115,284,53.2,45.0
2026-01-09,401814515,Toledo Rockets,Miami (OH) RedHawks,73,87,0,2,2649,193,38.7,54.0
2026-01-09,401818378,Omaha Mavericks,North Dakota Fighting Hawks,90,79,0,2,2437,155,60.0,40.0
2026-01-09,401818379,Kansas City Roos,North Dakota State Bison,73,97,0,2,140,2449,49.1,53.0
2026-01-09,401818380,South Dakota State Jackrabbits,Denver Pioneers,87,79,0,2,2571,2172,50.0,43.5
2026-01-09,401823007,Youngstown State Penguins,Bryant & Stratton (OH) Bobcats,99,61,0,2,2754,131761,52.4,38.0
2026-01-09,401823741,Cal State Bakersfield Roadrunners,UC Riverside Highlanders,67,66,0,2,2934,27,37.1,41.1
2026-01-09,401825427,Illinois Fighting Illini,Rutgers Scarlet Knights,81,55,0,2,356,164,44.1,36.5
2026-01-09,401825429,Oregon Ducks,Ohio State Buckeyes,62,72,0,2,2483,194,32.8,45.3
2026-01-09,401829187,Portland Pilots,Pacific Tigers,90,89,0,2,2501,279,47.0,43.9
2026-01-09,401829188,San Diego Toreros,Pepperdine Waves,83,63,0,2,301,2492,54.2,42.2
2026-01-09,401829189,Loyola Marymount Lions,San Francisco Dons,84,82,0,2,2351,2539,45.9,36.6
2026-01-09,401829190,Gonzaga Bulldogs,Santa Clara Broncos,89,77,0,2,2250,2541,57.6,43.1
2026-01-09,401829191,Oregon State Beavers,Seattle U Redhawks,68,55,0,2,204,2547,33.9,30.0
2026-01-10,401804873,Kennesaw State Owls,Jacksonville State Gamecocks,88,82,0,2,338,55,47.4,48.3
2026-01-10,401804874,UTEP Miners,Western Kentucky Hilltoppers,56,68,0,2,2638,98,32.1,39.1
2026-01-10,401804876,Missouri State Bears,Florida International Panthers,79,71,0,2,2623,2229,47.2,44.4
2026-01-10,401804877,Sam Houston Bearkats,Liberty Flames,74,82,0,2,2534,2335,43.5,56.9
2026-01-10,401804878,Louisiana Tech Bulldogs,Delaware Blue Hens,70,68,0,2,2348,48,41.1,46.2
2026-01-10,401805166,UT Arlington Mavericks,Abilene Christian Wildcats,82,72,0,2,250,2000,51.0,51.1
2026-01-10,401805167,Utah Valley Wolverines,Utah Tech Trailblazers,92,76,0,2,3084,3101,50.0,47.3
2026-01-10,401806431,Eastern Illinois Panthers,Tennessee State Tigers,74,70,0,2,2197,2634,45.9,40.7
2026-01-10,401806432,Lindenwood Lions,Little Rock Trojans,74,82,0,2,2815,2031,49.1,53.2
2026-01-10,401806433,Morehead State Eagles,Southeast Missouri State Redhawks,71,69,0,2,2413,2546,57.4,42.1
2026-01-10,401806435,Western Illinois Leathernecks,Tennessee Tech Golden Eagles,54,59,0,2,2710,2635,42.2,42.1
2026-01-10,401807679,Stetson Hatters,Austin Peay Governors,69,81,0,2,56,2046,40.6,48.3
2026-01-10,401807680,Eastern Kentucky Colonels,Central Arkansas Bears,79,75,0,2,2198,2110,43.8,42.9
2026-01-10,401807681,Florida Gulf Coast Eagles,Lipscomb Bisons,77,84,0,2,526,288,50.8,47.3
2026-01-10,401807682,Bellarmine Knights,North Alabama Lions,73,82,0,2,91,2453,51.9,54.0
2026-01-10,401807683,North Florida Ospreys,Queens University Royals,82,89,0,2,2454,2511,46.3,46.2
2026-01-10,401807684,Jacksonville Dolphins,West Georgia Wolves,75,43,0,2,294,2698,54.0,35.9
2026-01-10,401808161,Auburn Tigers,Arkansas Razorbacks,95,73,0,2,2,8,56.7,43.1
2026-01-10,401808162,Florida Gators,Tennessee Volunteers,91,67,0,2,57,2633,48.4,42.9
2026-01-10,401808164,Ole Miss Rebels,Missouri Tigers,76,69,0,2,145,142,42.6,49.0
2026-01-10,401808165,South Carolina Gamecocks,Georgia Bulldogs,70,75,0,2,2579,61,41.4,41.9
2026-01-10,401808166,Texas A&M Aggies,Oklahoma Sooners,83,76,0,2,245,201,41.9,41.9
2026-01-10,401808167,Vanderbilt Commodores,LSU Tigers,84,73,0,2,238,99,42.9,45.8
2026-01-10,401808455,Eastern Washington Eagles,Montana Grizzlies,66,65,0,2,331,149,44.6,46.2
2026-01-10,401808472,Idaho Vandals,Montana State Bobcats,92,89,0,2,70,147,50.0,58.2
2026-01-10,401808538,Portland State Vikings,Sacramento State Hornets,96,69,0,2,2502,16,54.7,35.5
2026-01-10,401808607,Coastal Carolina Chanticleers,App State Mountaineers,67,62,0,2,324,2026,50.0,36.2
2026-01-10,401808608,Georgia State Panthers,Marshall Thundering Herd,81,73,0,2,2247,276,38.9,41.0
2026-01-10,401808609,James Madison Dukes,Old Dominion Monarchs,70,69,0,2,256,295,49.0,37.1
2026-01-10,401808610,South Alabama Jaguars,Georgia Southern Eagles,87,71,0,2,6,290,59.3,34.4
2026-01-10,401808611,Arkansas State Red Wolves,Texas State Bobcats,83,82,0,2,2032,326,40.6,52.5
2026-01-10,401808612,Southern Miss Golden Eagles,UL Monroe Warhawks,70,60,0,2,2572,2433,42.1,34.5
2026-01-10,401808613,Louisiana Ragin' Cajuns,Troy Trojans,70,90,0,2,309,2653,46.3,54.0
2026-01-10,401808708,East Texas A&M Lions,UT Rio Grande Valley Vaqueros,77,69,0,2,2837,292,50.0,44.6
2026-01-10,401808875,McNeese Cowboys,SE Louisiana Lions,73,61,0,2,2377,2545,48.3,43.2
2026-01-10,401808905,LSU New Orleans Privateers,Nicholls Colonels,77,90,0,2,2443,2447,46.2,50.0
2026-01-10,401808937,Northwestern State Demons,Texas A&M-Corpus Christi Islanders,79,78,0,2,2466,357,56.3,50.9
2026-01-10,401808968,Stephen F. Austin Lumberjacks,Houston Christian Huskies,85,67,0,2,2617,2277,47.1,49.0
2026-01-10,401809127,Cal Poly Mustangs,UC Davis Aggies,84,78,0,2,13,302,42.1,39.7
2026-01-10,401809318,Chattanooga Mocs,Samford Bulldogs,88,79,0,2,236,2535,47.5,46.3
2026-01-10,401809319,East Tennessee State Buccaneers,UNC Greensboro Spartans,86,60,0,2,2193,2430,59.7,34.0
2026-01-10,401809320,Furman Paladins,VMI Keydets,69,48,0,2,231,2678,42.9,26.8
2026-01-10,401809321,Mercer Bears,Wofford Terriers,109,97,0,2,2382,2747,63.6,47.1
2026-01-10,401809322,The Citadel Bulldogs,Western Carolina Catamounts,79,77,0,2,2643,2717,41.4,42.6
2026-01-10,401812007,Hofstra Pride,Monmouth Hawks,67,64,0,2,2275,2405,27.1,33.3
2026-01-10,401812008,Northeastern Huskies,Towson Tigers,78,87,0,2,111,119,44.1,60.7
2026-01-10,401812009,Drexel Dragons,William & Mary Tribe,64,58,0,2,2182,2729,51.1,36.7
2026-01-10,401812010,Charleston Cougars,Hampton Pirates,74,70,0,2,232,2261,51.1,39.7
2026-01-10,401812012,Stony Brook Seawolves,UNC Wilmington Seahawks,71,75,0,2,2619,350,46.7,47.5
2026-01-10,401812114,UAlbany Great Danes,Bryant Bulldogs,71,46,0,2,399,2803,50.9,27.3
2026-01-10,401812115,NJIT Highlanders,Maine Black Bears,70,74,0,2,2885,311,39.3,53.3
2026-01-10,401812116,Binghamton Bearcats,UMass Lowell River Hawks,68,73,0,2,2066,2349,46.3,46.9
2026-01-10,401812117,UMBC Retrievers,New Hampshire Wildcats,75,74,0,2,2378,160,50.0,52.5
2026-01-10,401812318,New Haven Chargers,Fairleigh Dickinson Knights,65,55,0,2,2441,161,54.8,30.4
2026-01-10,401812337,Le Moyne Dolphins,Central Connecticut Blue Devils,59,69,0,2,2330,2115,32.3,37.3
2026-01-10,401812368,Long Island University Sharks,Saint Francis Red Wolves,67,63,0,2,112358,2598,41.0,43.4
2026-01-10,401812404,Stonehill Skyhawks,Chicago State Cougars,85,82,0,2,284,2130,47.5,45.3
2026-01-10,401812412,Wagner Seahawks,Mercyhurst Lakers,69,70,0,2,2681,2385,43.1,49.0
2026-01-10,401812586,Pennsylvania Quakers,Brown Bears,81,73,0,2,219,225,46.4,48.3
2026-01-10,401812614,Columbia Lions,Harvard Crimson,54,79,0,2,171,108,37.5,52.7
2026-01-10,401813301,Manhattan Jaspers,Canisius Golden Griffins,64,70,0,2,2363,2099,39.3,40.3
2026-01-10,401813331,Sacred Heart Pioneers,Marist Red Foxes,72,76,0,2,2529,2368,42.3,54.5
2026-01-10,401813386,Iona Gaels,Niagara Purple Eagles,71,53,0,2,314,315,44.8,33.3
2026-01-10,401813410,Mount St. Mary's Mountaineers,Saint Peter's Peacocks,70,65,0,2,116,2612,38.0,28.6
2026-01-10,401813424,Siena Saints,Merrimack Warriors,59,63,0,2,2561,2771,41.4,43.1
2026-01-10,401814510,Bowling Green Falcons,Akron Zips,67,77,0,2,189,2006,42.6,41.9
2026-01-10,401814511,Massachusetts Minutemen,Ball State Cardinals,79,71,0,2,113,2050,48.1,44.6
2026-01-10,401814512,Ohio Bobcats,Buffalo Bulls,91,80,0,2,195,2084,59.6,43.3
2026-01-10,401814513,Western Michigan Broncos,Eastern Michigan Eagles,79,62,0,2,2711,2199,51.0,44.6
2026-01-10,401814514,Central Michigan Chippewas,Kent State Golden Flashes,87,85,0,2,2117,2309,45.7,41.1
2026-01-10,401817612,Green Bay Phoenix,IU Indianapolis Jaguars,75,59,0,2,2739,85,46.2,31.9
2026-01-10,401817613,Milwaukee Panthers,Northern Kentucky Norse,67,85,0,2,270,94,44.6,44.6
2026-01-10,401817614,Detroit Mercy Titans,Wright State Raiders,82,84,0,2,2174,2750,46.7,51.9
2026-01-10,401817615,Oakland Golden Grizzlies,Cleveland State Vikings,97,74,0,2,2473,325,42.7,41.3
2026-01-10,401818308,Princeton Tigers,Yale Bulldogs,76,60,0,2,163,43,45.8,35.4
2026-01-10,401818382,Omaha Mavericks,North Dakota State Bison,76,78,0,2,2437,2449,50.9,55.6
2026-01-10,401818383,South Dakota Coyotes,Denver Pioneers,82,72,0,2,233,2172,50.9,43.1
2026-01-10,401820163,Navy Midshipmen,Lafayette Leopards,76,50,0,2,2426,322,52.9,30.2
2026-01-10,401820196,Bucknell Bison,Loyola Maryland Greyhounds,70,67,0,2,2083,2352,44.1,38.3
2026-01-10,401820561,Air Force Falcons,New Mexico Lobos,49,91,0,2,2005,167,42.2,47.8
2026-01-10,401820657,Duke Blue Devils,SMU Mustangs,82,75,0,2,150,2567,49.0,56.6
2026-01-10,401820658,Florida State Seminoles,NC State Wolfpack,69,113,0,2,52,152,39.3,55.1
2026-01-10,401820659,Louisville Cardinals,Boston College Eagles,75,62,0,2,97,103,49.0,36.5
2026-01-10,401820660,Miami Hurricanes,Georgia Tech Yellow Jackets,91,81,0,2,2390,59,51.7,45.6
2026-01-10,401820661,North Carolina Tar Heels,Wake Forest Demon Deacons,87,84,0,2,153,154,52.7,48.4
2026-01-10,401820662,Notre Dame Fighting Irish,Clemson Tigers,61,76,0,2,87,228,42.6,46.6
2026-01-10,401820663,Pittsburgh Panthers,Syracuse Orange,72,83,0,2,221,183,43.8,55.8
2026-01-10,401820664,Virginia Cavaliers,Stanford Cardinal,70,55,0,2,258,24,43.9,32.1
2026-01-10,401820665,Virginia Tech Hokies,California Golden Bears,78,75,0,2,259,25,43.4,44.6
2026-01-10,401822768,Coppin State Eagles,North Carolina Central Eagles,77,88,0,2,2154,2428,51.9,50.0
2026-01-10,401822892,Creighton Bluejays,St. John's Red Storm,73,90,0,2,156,2599,46.0,50.8
2026-01-10,401822893,UConn Huskies,DePaul Blue Demons,72,60,0,2,41,305,50.0,46.8
2026-01-10,401822894,Georgetown Hoyas,Seton Hall Pirates,67,76,0,2,46,2550,33.9,42.1
2026-01-10,401822895,Marquette Golden Eagles,Villanova Wildcats,73,76,0,2,269,222,43.9,55.4
2026-01-10,401822896,Xavier Musketeers,Providence Friars,97,84,0,2,2752,2507,49.3,44.9
2026-01-10,401823046,Maryland Eastern Shore Hawks,Howard Bison,69,57,0,2,2379,47,44.0,37.9
2026-01-10,401823316,Fairfield Stags,Rider Broncs,68,62,0,2,2217,2520,35.5,43.6
2026-01-10,401823906,Charleston Southern Buccaneers,High Point Panthers,82,84,0,2,2127,2272,44.3,39.1
2026-01-10,401823907,Longwood Lancers,Presbyterian Blue Hose,77,70,0,2,2344,2506,48.3,52.0
2026-01-10,401823908,Radford Highlanders,UNC Asheville Bulldogs,72,91,0,2,2515,2427,39.0,53.4
2026-01-10,401823909,South Carolina Upstate Spartans,Winthrop Eagles,50,71,0,2,2908,2737,34.5,38.7
2026-01-10,401824366,Boston University Terriers,Army Black Knights,100,91,0,2,104,349,66.7,47.0
2026-01-10,401824386,American University Eagles,Holy Cross Crusaders,73,84,0,2,44,107,41.4,54.9
2026-01-10,401825430,Minnesota Golden Gophers,USC Trojans,69,70,0,2,135,30,38.7,43.9
2026-01-10,401825431,Indiana Hoosiers,Nebraska Cornhuskers,77,83,0,2,84,158,46.4,48.3
2026-01-10,401825432,Michigan Wolverines,Wisconsin Badgers,88,91,0,2,130,275,46.8,50.0
2026-01-10,401825433,Purdue Boilermakers,Penn State Nittany Lions,93,85,0,2,2509,213,57.6,57.1
2026-01-10,401827048,Prairie View A&M Panthers,Mississippi Valley State Delta Devils,70,69,0,2,2504,2400,41.2,44.6
2026-01-10,401827096,Bethune-Cookman Wildcats,Grambling Tigers,74,65,0,2,2065,2755,44.3,39.3
2026-01-10,401827138,Texas Southern Tigers,Arkansas-Pine Bluff Golden Lions,66,74,0,2,2640,2029,40.7,49.1
2026-01-10,401827161,Alabama State Hornets,Jackson State Tigers,64,75,0,2,2011,2296,32.9,36.2
2026-01-10,401827202,Alabama A&M Bulldogs,Alcorn State Braves,62,64,0,2,2010,2016,42.9,41.4
2026-01-10,401827608,Arizona State Sun Devils,Kansas State Wildcats,87,84,0,2,9,2306,46.9,40.0
2026-01-10,401827609,Baylor Bears,Houston Cougars,55,77,0,2,239,248,36.6,39.2
2026-01-10,401827611,Iowa State Cyclones,Oklahoma State Cowboys,83,71,0,2,66,197,46.6,43.8
2026-01-10,401827612,TCU Horned Frogs,Arizona Wildcats,73,86,0,2,2628,12,42.4,50.7
2026-01-10,401827614,West Virginia Mountaineers,Kansas Jayhawks,86,75,0,2,277,2305,48.2,42.6
2026-01-10,401828167,Tulsa Golden Hurricane,South Florida Bulls,78,93,0,2,202,58,41.7,47.8
2026-01-10,401828168,UTSA Roadrunners,Tulane Green Wave,52,85,0,2,2636,2655,34.0,45.5
2026-01-10,401828363,Davidson Wildcats,Rhode Island Rams,45,70,0,2,2166,227,34.9,58.3
2026-01-10,401828364,St. Bonaventure Bonnies,Fordham Rams,77,81,0,2,179,2230,47.5,48.3
2026-01-10,401828365,George Mason Patriots,VCU Rams,86,80,0,2,2244,2670,56.4,47.4
2026-01-10,401828366,George Washington Revolutionaries,Loyola Chicago Ramblers,101,66,0,2,45,2350,47.2,40.0
2026-01-10,401828367,La Salle Explorers,Saint Louis Billikens,72,84,0,2,2325,139,40.0,56.9
2026-01-10,401828688,Morgan State Bears,South Carolina State Bulldogs,72,67,0,2,2415,2569,45.5,50.9
2026-01-10,401828725,Delaware State Hornets,Norfolk State Spartans,64,66,0,2,2169,2450,46.3,51.1
2026-01-10,401829196,Saint Mary's Gaels,Washington State Cougars,88,82,0,2,2608,265,48.2,54.5
2026-01-10,401829408,Colgate Raiders,Lehigh Mountain Hawks,77,78,0,2,2142,2329,46.6,40.7
2026-01-10,401830011,Cornell Big Red,Dartmouth Big Green,91,102,0,2,172,159,47.7,55.9
2026-01-10,401830204,Drake Bulldogs,Belmont Bruins,76,78,0,2,2181,2057,43.9,38.1
2026-01-10,401830233,Bradley Braves,Northern Iowa Panthers,75,69,0,2,71,2460,43.1,42.4
2026-01-10,401830265,Illinois State Redbirds,UIC Flames,59,63,0,2,2287,82,27.4,41.0
2026-01-10,401830266,Indiana State Sycamores,Evansville Purple Aces,69,72,0,2,282,339,39.4,50.0
2026-01-10,401830267,Murray State Racers,Valparaiso Beacons,92,79,0,2,93,2674,47.7,46.6
2026-01-10,401830827,Colorado State Rams,UNLV Rebels,70,62,0,2,36,2439,43.5,40.8
2026-01-11,401804875,New Mexico State Aggies,Middle Tennessee Blue Raiders,55,59,0,2,166,2393,34.6,40.0
2026-01-11,401805168,California Baptist Lancers,Southern Utah Thunderbirds,58,55,0,2,2856,253,30.9,35.1
2026-01-11,401806434,Southern Indiana Screaming Eagles,UT Martin Skyhawks,56,73,0,2,88,2630,29.4,45.5
2026-01-11,401808163,Kentucky Wildcats,Mississippi State Bulldogs,92,68,0,2,96,344,55.2,48.2
2026-01-11,401808168,Alabama Crimson Tide,Texas Longhorns,88,92,0,2,333,251,43.9,45.5
2026-01-11,401808490,Northern Arizona Lumberjacks,Idaho State Bengals,79,81,0,2,2464,304,51.9,55.8
2026-01-11,401808531,Northern Colorado Bears,Weber State Wildcats,71,76,0,2,2458,2692,45.8,47.2
2026-01-11,401809089,UC Riverside Highlanders,UC San Diego Tritons,66,69,0,2,27,28,36.8,50.0
2026-01-11,401809110,Hawai'i Rainbow Warriors,UC Irvine Anteaters,67,66,0,2,62,300,40.6,38.8
2026-01-11,401812011,Elon Phoenix,Campbell Fighting Camels,83,82,0,2,2210,2097,56.5,47.5
2026-01-11,401813302,Manhattan Jaspers,Niagara Purple Eagles,79,70,0,2,2363,315,48.2,49.1
2026-01-11,401813332,Rider Broncs,Marist Red Foxes,49,71,0,2,2520,2368,38.3,46.0
2026-01-11,401813360,Iona Gaels,Canisius Golden Griffins,74,48,0,2,314,2099,53.7,29.5
2026-01-11,401813411,Mount St. Mary's Mountaineers,Siena Saints,50,67,0,2,116,2561,29.4,41.8
2026-01-11,401817616,Milwaukee Panthers,IU Indianapolis Jaguars,95,83,0,2,270,85,60.3,48.4
2026-01-11,401817617,Robert Morris Colonials,Purdue Fort Wayne Mastodons,74,79,0,2,2523,2870,44.4,54.9
2026-01-11,401817618,Green Bay Phoenix,Northern Kentucky Norse,80,78,0,2,2739,94,57.7,44.8
2026-01-11,401817619,Oakland Golden Grizzlies,Wright State Raiders,84,94,0,2,2473,2750,46.6,59.3
2026-01-11,401817620,Detroit Mercy Titans,Cleveland State Vikings,94,84,0,2,2174,325,44.6,46.6
2026-01-11,401818381,Kansas City Roos,North Dakota Fighting Hawks,79,81,0,2,140,155,54.0,46.8
2026-01-11,401818384,Oral Roberts Golden Eagles,St. Thomas Tommies,71,82,0,2,198,2900,46.3,48.2
2026-01-11,401820496,Lamar Cardinals,Incarnate Word Cardinals,63,51,0,2,2320,2916,41.8,38.5
2026-01-11,401820587,Sacred Heart Pioneers,Quinnipiac Bobcats,60,70,0,2,2529,2514,38.2,44.3
2026-01-11,401823178,Cal State Fullerton Titans,Cal State Northridge Matadors,86,79,0,2,2239,2463,46.7,46.4
2026-01-11,401823335,Long Beach State Beach,Cal State Bakersfield Roadrunners,81,75,0,2,299,2934,49.1,43.3
2026-01-11,401823773,San Diego State Aztecs,Fresno State Bulldogs,71,52,0,2,21,278,40.0,30.5
2026-01-11,401823794,Grand Canyon Lopes,San José State Spartans,76,58,0,2,2253,23,45.6,36.5
2026-01-11,401823822,Boise State Broncos,Utah State Aggies,68,93,0,2,68,328,36.8,56.9
2026-01-11,401823846,Saint Peter's Peacocks,Merrimack Warriors,76,63,0,2,2612,2771,52.1,42.3
2026-01-11,401825434,UCLA Bruins,Maryland Terrapins,67,55,0,2,26,120,43.1,30.3
2026-01-11,401825435,Iowa Hawkeyes,Illinois Fighting Illini,69,75,0,2,2294,356,40.9,49.1
2026-01-11,401825436,Rutgers Scarlet Knights,Northwestern Wildcats,77,75,0,2,164,77,40.6,41.3
2026-01-11,401825437,Washington Huskies,Ohio State Buckeyes,81,74,0,2,264,194,50.0,42.9
2026-01-11,401827023,Florida A&M Rattlers,Southern Jaguars,67,59,0,2,50,2582,42.3,36.5
2026-01-11,401827610,Colorado Buffaloes,Texas Tech Red Raiders,71,73,0,2,38,2641,39.7,41.4
2026-01-11,401827613,Utah Utes,BYU Cougars,84,89,0,2,254,252,46.2,50.0
2026-01-11,401827615,UCF Knights,Cincinnati Bearcats,73,72,0,2,2116,2132,57.7,47.8
2026-01-11,401828169,East Carolina Pirates,UAB Blazers,85,87,0,2,151,5,44.3,45.5
2026-01-11,401828170,Rice Owls,Charlotte 49ers,73,74,0,2,242,2429,35.6,52.2
2026-01-11,401828171,Florida Atlantic Owls,Memphis Tigers,89,78,0,2,2226,235,50.7,45.2
2026-01-11,401828172,Wichita State Shockers,North Texas Mean Green,78,67,0,2,2724,249,51.0,37.5
2026-01-11,401828368,Richmond Spiders,Saint Joseph's Hawks,65,67,0,2,257,2603,34.4,42.2
2026-01-11,401829192,Santa Clara Broncos,Loyola Marymount Lions,103,72,0,2,2541,2351,47.4,44.1
2026-01-11,401829193,Portland Pilots,Oregon State Beavers,82,76,0,2,2501,204,42.6,46.8
2026-01-11,401829194,Pacific Tigers,San Diego Toreros,77,70,0,2,279,301,34.8,40.7
2026-01-11,401829195,Pepperdine Waves,San Francisco Dons,60,80,0,2,2492,2539,30.5,47.0
2026-01-11,401829293,Nevada Wolf Pack,Wyoming Cowboys,92,83,0,2,2440,2751,60.8,52.0
2026-01-12,401828689,Morgan State Bears,North Carolina Central Eagles,78,89,0,2,2415,2428,43.6,63.8
2026-01-13,401808709,East Texas A&M Lions,Texas A&M-Corpus Christi Islanders,50,61,0,2,2837,357,32.7,42.9
2026-01-13,401808876,McNeese Cowboys,Nicholls Colonels,94,68,0,2,2377,2447,51.6,40.7
2026-01-13,401808906,SE Louisiana Lions,LSU New Orleans Privateers,76,79,0,2,2545,2443,36.1,44.7
2026-01-13,401808938,Northwestern State Demons,UT Rio Grande Valley Vaqueros,64,63,0,2,2466,292,40.8,45.3
2026-01-13,401808969,Stephen F. Austin Lumberjacks,Incarnate Word Cardinals,56,46,0,2,2617,2916,34.4,32.7
2026-01-13,401814518,Buffalo Bulls,Kent State Golden Flashes,81,87,0,2,2084,2309,44.8,49.2
2026-01-13,401814519,Eastern Michigan Eagles,Northern Illinois Huskies,77,59,0,2,2199,2459,49.2,35.6
2026-01-13,401820164,American University Eagles,Navy Midshipmen,65,51,0,2,44,2426,37.9,32.6
2026-01-13,401820478,Lamar Cardinals,Houston Christian Huskies,64,56,0,2,2320,2277,45.5,34.0
2026-01-13,401822769,Coppin State Eagles,South Carolina State Bulldogs,72,74,0,2,2154,2569,36.0,51.2
2026-01-13,401822897,St. John's Red Storm,Marquette Golden Eagles,92,68,0,2,2599,269,50.8,46.9
2026-01-13,401822899,Providence Friars,Villanova Wildcats,82,88,0,2,2507,222,55.4,50.0
2026-01-13,401823047,Norfolk State Spartans,Maryland Eastern Shore Hawks,70,74,0,2,2450,2379,45.8,40.8
2026-01-13,401827024,Bethune-Cookman Wildcats,Southern Jaguars,73,77,0,2,2065,2582,46.3,37.9
2026-01-13,401827049,Prairie View A&M Panthers,Arkansas-Pine Bluff Golden Lions,73,61,0,2,2504,2029,42.9,33.3
2026-01-13,401827097,Florida A&M Rattlers,Grambling Tigers,91,84,0,2,50,2755,54.7,50.9
2026-01-13,401827162,Alabama State Hornets,Alcorn State Braves,81,66,0,2,2011,2016,52.0,37.7
2026-01-13,401827203,Alabama A&M Bulldogs,Jackson State Tigers,100,91,0,2,2010,2296,51.8,44.4
2026-01-13,401829500,Texas Southern Tigers,Mississippi Valley State Delta Devils,84,51,0,2,2640,2400,50.0,38.9
2026-01-13,401830239,Howard Bison,Delaware State Hornets,84,58,0,2,47,2169,54.7,36.7
2026-01-14,401806436,Eastern Illinois Panthers,Western Illinois Leathernecks,57,55,0,2,2197,2710,37.3,31.7
2026-01-14,401808170,Mississippi State Bulldogs,Alabama Crimson Tide,82,97,0,2,344,333,36.8,43.9
2026-01-14,401808172,Oklahoma Sooners,Florida Gators,79,96,0,2,201,57,43.3,53.5
2026-01-14,401808175,Tennessee Volunteers,Texas A&M Aggies,87,82,0,2,2633,245,37.3,36.4
2026-01-14,401809324,Western Carolina Catamounts,East Tennessee State Buccaneers,72,68,0,2,2717,2193,48.2,38.6
2026-01-14,401809325,Wofford Terriers,Chattanooga Mocs,67,76,0,2,2747,236,35.0,49.1
2026-01-14,401814516,Akron Zips,Ball State Cardinals,87,77,0,2,2006,2050,47.6,48.2
2026-01-14,401814517,Miami (OH) RedHawks,Central Michigan Chippewas,100,61,0,2,193,2117,60.4,40.7
2026-01-14,401814520,Toledo Rockets,Ohio Bobcats,101,85,0,2,2649,195,61.9,50.0
2026-01-14,401814521,Western Michigan Broncos,Massachusetts Minutemen,82,85,0,2,2711,113,47.5,47.5
2026-01-14,401820562,San José State Spartans,Air Force Falcons,70,62,0,2,23,2005,46.9,44.7
2026-01-14,401820667,Clemson Tigers,Boston College Eagles,74,50,0,2,228,103,46.3,42.6
2026-01-14,401820669,Louisville Cardinals,Virginia Cavaliers,70,79,0,2,97,258,35.8,39.6
2026-01-14,401820670,Notre Dame Fighting Irish,Miami Hurricanes,69,81,0,2,87,2390,47.2,50.0
2026-01-14,401820673,Syracuse Orange,Florida State Seminoles,94,86,0,2,183,52,59.7,45.2
2026-01-14,401822898,Creighton Bluejays,Georgetown Hoyas,86,83,0,2,156,46,52.5,56.9
2026-01-14,401822900,Seton Hall Pirates,UConn Huskies,64,69,0,2,2550,41,41.4,51.0
2026-01-14,401822901,Xavier Musketeers,Butler Bulldogs,89,75,0,2,2752,2086,47.3,43.3
2026-01-14,401823795,New Mexico Lobos,Grand Canyon Lopes,87,64,0,2,167,2253,52.7,33.8
2026-01-14,401823823,UNLV Rebels,Boise State Broncos,89,85,0,2,2439,68,47.0,49.2
2026-01-14,401823910,Winthrop Eagles,High Point Panthers,92,75,0,2,2737,2272,53.6,39.3
2026-01-14,401824367,Boston University Terriers,Lehigh Mountain Hawks,91,93,0,2,104,2329,53.3,49.2
2026-01-14,401824387,Holy Cross Crusaders,Army Black Knights,82,75,0,2,107,349,48.2,43.3
2026-01-14,401825438,Michigan State Spartans,Indiana Hoosiers,81,60,0,2,127,84,50.9,42.9
2026-01-14,401825439,Minnesota Golden Gophers,Wisconsin Badgers,75,78,0,2,135,275,51.9,45.5
2026-01-14,401825440,Nebraska Cornhuskers,Oregon Ducks,90,55,0,2,158,2483,53.3,41.7
2026-01-14,401825441,USC Trojans,Maryland Terrapins,88,71,0,2,30,120,51.5,43.8
2026-01-14,401825444,Purdue Boilermakers,Iowa Hawkeyes,79,72,0,2,2509,2294,52.9,52.9
2026-01-14,401827616,Houston Cougars,West Virginia Mountaineers,77,48,0,2,248,277,43.1,37.0
2026-01-14,401827617,Kansas Jayhawks,Iowa State Cyclones,84,63,0,2,2305,66,50.8,36.9
2026-01-14,401827618,Oklahoma State Cowboys,Baylor Bears,79,94,0,2,197,239,46.3,59.3
2026-01-14,401828369,Duquesne Dukes,Dayton Flyers,65,71,0,2,2184,2168,41.2,43.5
2026-01-14,401828370,Loyola Chicago Ramblers,George Mason Patriots,74,82,0,2,2350,2244,53.7,47.4
2026-01-14,401828374,Rhode Island Rams,VCU Rams,75,84,0,2,227,2670,49.1,49.1
2026-01-14,401828927,Fresno State Bulldogs,Colorado State Rams,79,69,0,2,278,36,45.3,46.4
2026-01-14,401829201,San Francisco Dons,Saint Mary's Gaels,68,82,0,2,2539,2608,44.1,49.1
2026-01-14,401830205,Belmont Bruins,Valparaiso Beacons,78,74,0,2,2057,2674,56.1,43.5
2026-01-14,401830232,Evansville Purple Aces,Bradley Braves,90,94,0,2,339,71,50.9,50.0
2026-01-14,401830268,Northern Iowa Panthers,UIC Flames,61,69,0,2,2460,82,39.3,52.8
2026-01-15,401804879,Jacksonville State Gamecocks,Sam Houston Bearkats,62,77,0,2,55,2534,40.0,57.4
2026-01-15,401804880,Kennesaw State Owls,Florida International Panthers,89,86,0,2,338,2229,43.1,40.8
2026-01-15,401804881,Louisiana Tech Bulldogs,Middle Tennessee Blue Raiders,59,58,0,2,2348,2393,36.2,38.9
2026-01-15,401804882,Western Kentucky Hilltoppers,Missouri State Bears,87,72,0,2,98,2623,50.9,42.1
2026-01-15,401804883,Liberty Flames,New Mexico State Aggies,73,71,0,2,2335,166,54.2,47.5
2026-01-15,401808169,LSU Tigers,Kentucky Wildcats,74,75,0,2,99,96,48.9,44.6
2026-01-15,401808171,Missouri Tigers,Auburn Tigers,84,74,0,2,142,2,56.3,40.7
2026-01-15,401808173,Arkansas Razorbacks,South Carolina Gamecocks,108,74,0,2,8,2579,58.9,44.4
2026-01-15,401808174,Georgia Bulldogs,Ole Miss Rebels,95,97,0,2,61,145,37.5,51.4
2026-01-15,401808176,Texas Longhorns,Vanderbilt Commodores,80,64,0,2,251,238,52.9,36.7
2026-01-15,401808614,Marshall Thundering Herd,Coastal Carolina Chanticleers,83,85,0,2,276,324,47.1,56.6
2026-01-15,401808615,Troy Trojans,Southern Miss Golden Eagles,91,65,0,2,2653,2572,52.3,43.9
2026-01-15,401808616,Texas State Bobcats,Louisiana Ragin' Cajuns,59,54,0,2,326,309,50.0,35.4
2026-01-15,401808617,App State Mountaineers,James Madison Dukes,80,65,0,2,2026,256,52.5,35.0
2026-01-15,401809323,Samford Bulldogs,Furman Paladins,73,77,0,2,2535,231,43.9,43.3
2026-01-15,401809327,VMI Keydets,Mercer Bears,67,77,0,2,2678,2382,39.7,44.4
2026-01-15,401812118,UAlbany Great Danes,Binghamton Bearcats,69,53,0,2,399,2066,45.6,34.0
2026-01-15,401812120,Bryant Bulldogs,UMBC Retrievers,79,74,0,2,2803,2378,51.7,43.4
2026-01-15,401812121,UMass Lowell River Hawks,NJIT Highlanders,64,73,0,2,2349,2885,36.2,39.3
2026-01-15,401813312,Fairfield Stags,Manhattan Jaspers,98,62,0,2,2217,2363,57.1,35.7
2026-01-15,401813361,Canisius Golden Griffins,Niagara Purple Eagles,54,59,0,2,2099,315,32.7,41.7
2026-01-15,401813425,Siena Saints,Sacred Heart Pioneers,80,86,0,2,2561,2529,45.1,41.4
2026-01-15,401817625,IU Indianapolis Jaguars,Robert Morris Colonials,96,93,0,2,85,2523,48.4,50.8
2026-01-15,401818385,North Dakota State Bison,South Dakota State Jackrabbits,76,65,0,2,2449,2571,46.4,43.6
2026-01-15,401818386,Denver Pioneers,Oral Roberts Golden Eagles,98,87,0,2,2172,198,54.2,50.7
2026-01-15,401820197,Loyola Maryland Greyhounds,Colgate Raiders,80,86,0,2,2352,2142,40.9,50.0
2026-01-15,401820588,Quinnipiac Bobcats,Saint Peter's Peacocks,70,74,0,2,2514,2612,40.7,46.0
2026-01-15,401820666,California Golden Bears,Duke Blue Devils,56,71,0,2,25,150,36.5,45.2
2026-01-15,401820668,Georgia Tech Yellow Jackets,Pittsburgh Panthers,66,89,0,2,59,221,40.0,53.1
2026-01-15,401820671,SMU Mustangs,Virginia Tech Hokies,77,76,0,2,2567,259,48.3,45.9
2026-01-15,401820672,Stanford Cardinal,North Carolina Tar Heels,95,90,0,2,24,153,57.1,58.2
2026-01-15,401823854,Rider Broncs,Iona Gaels,72,68,0,2,2520,314,46.2,41.0
2026-01-15,401823911,Gardner-Webb Runnin' Bulldogs,Radford Highlanders,80,89,0,2,2241,2515,50.0,43.3
2026-01-15,401823912,Presbyterian Blue Hose,UNC Asheville Bulldogs,71,70,0,2,2506,2427,54.2,40.0
2026-01-15,401823913,Charleston Southern Buccaneers,South Carolina Upstate Spartans,81,86,0,2,2127,2908,48.4,43.4
2026-01-15,401825442,Northwestern Wildcats,Illinois Fighting Illini,68,79,0,2,77,356,39.3,47.6
2026-01-15,401825443,Penn State Nittany Lions,UCLA Bruins,60,71,0,2,213,26,43.5,42.6
2026-01-15,401825445,Washington Huskies,Michigan Wolverines,72,82,0,2,264,130,37.5,46.4
2026-01-15,401827619,Arizona Wildcats,Arizona State Sun Devils,89,82,0,2,12,9,54.2,47.8
2026-01-15,401827620,BYU Cougars,TCU Horned Frogs,76,70,0,2,252,2628,35.3,41.0
2026-01-15,401827621,Cincinnati Bearcats,Colorado Buffaloes,77,68,0,2,2132,38,44.6,44.6
2026-01-15,401827622,Kansas State Wildcats,UCF Knights,73,82,0,2,2306,2116,44.6,52.5
2026-01-15,401827623,Texas Tech Red Raiders,Utah Utes,88,74,0,2,2641,254,51.4,43.1
2026-01-15,401828173,Tulane Green Wave,UAB Blazers,69,82,0,2,2655,5,40.0,46.2
2026-01-15,401828174,Charlotte 49ers,Tulsa Golden Hurricane,74,86,0,2,2429,202,47.3,50.9
2026-01-15,401828175,South Florida Bulls,East Carolina Pirates,82,71,0,2,58,151,38.5,41.0
2026-01-15,401828176,Memphis Tigers,Temple Owls,55,53,0,2,235,218,33.9,34.0
2026-01-15,401828177,UTSA Roadrunners,Rice Owls,73,89,0,2,2636,242,43.5,55.6
2026-01-15,401828371,George Washington Revolutionaries,Davidson Wildcats,79,84,0,2,45,2166,40.3,51.9
2026-01-15,401828372,Saint Louis Billikens,Fordham Rams,78,56,0,2,139,2230,50.9,31.3
2026-01-15,401828373,Richmond Spiders,La Salle Explorers,74,53,0,2,257,2325,49.1,33.9
2026-01-15,401828375,Saint Joseph's Hawks,St. Bonaventure Bonnies,68,64,0,2,2603,179,41.8,37.3
2026-01-15,401829198,Oregon State Beavers,Loyola Marymount Lions,76,70,0,2,204,2351,35.1,36.4
2026-01-15,401829199,Santa Clara Broncos,Pacific Tigers,85,69,0,2,2541,279,48.3,50.0
2026-01-15,401829200,Pepperdine Waves,Portland Pilots,67,63,0,2,2492,2501,45.3,37.9
2026-01-15,401829294,Utah State Aggies,Nevada Wolf Pack,71,62,0,2,328,2440,44.9,34.4
2026-01-15,401829397,Bucknell Bison,Lafayette Leopards,76,69,0,2,2083,322,51.0,42.9
2026-01-15,401830269,Southern Illinois Salukis,Drake Bulldogs,73,76,0,2,79,2181,36.0,40.3
2026-01-15,401830270,Indiana State Sycamores,Illinois State Redbirds,94,89,0,2,282,2287,56.1,55.4
2026-01-15,401830823,Wyoming Cowboys,San Diego State Aztecs,57,74,0,2,2751,21,30.9,50.0
2026-01-16,401804884,Delaware Blue Hens,UTEP Miners,69,70,0,2,48,2638,40.7,46.7
2026-01-16,401805169,Abilene Christian Wildcats,California Baptist Lancers,58,74,0,2,2000,2856,37.3,44.6
2026-01-16,401805170,Southern Utah Thunderbirds,Tarleton State Texans,106,105,0,2,253,2627,49.2,51.4
2026-01-16,401805171,Utah Tech Trailblazers,UT Arlington Mavericks,52,56,0,2,3101,250,31.8,32.1
2026-01-16,401806437,Little Rock Trojans,Eastern Illinois Panthers,74,63,0,2,2031,2197,44.8,45.3
2026-01-16,401806438,Southeast Missouri State Redhawks,Lindenwood Lions,76,88,0,2,2546,2815,37.1,49.2
2026-01-16,401806439,Tennessee State Tigers,Morehead State Eagles,105,100,0,2,2634,2413,59.4,45.6
2026-01-16,401806440,UT Martin Skyhawks,SIU Edwardsville Cougars,65,59,0,2,2630,2565,37.7,38.7
2026-01-16,401806441,Tennessee Tech Golden Eagles,Southern Indiana Screaming Eagles,54,71,0,2,2635,88,35.0,38.0
2026-01-16,401807685,Lipscomb Bisons,Bellarmine Knights,81,71,0,2,288,91,49.1,37.1
2026-01-16,401807686,Austin Peay Governors,Eastern Kentucky Colonels,74,72,0,2,2046,2198,44.3,57.1
2026-01-16,401807687,Central Arkansas Bears,Jacksonville Dolphins,62,60,0,2,2110,294,43.8,31.7
2026-01-16,401807688,North Alabama Lions,North Florida Ospreys,91,105,0,2,2453,2454,56.3,53.0
2026-01-16,401807689,Florida Gulf Coast Eagles,Queens University Royals,74,85,0,2,526,2511,36.4,45.0
2026-01-16,401807690,Stetson Hatters,West Georgia Wolves,95,86,0,2,56,2698,60.8,44.4
2026-01-16,401808456,Weber State Wildcats,Eastern Washington Eagles,91,80,0,2,2692,331,47.5,48.2
2026-01-16,401808473,Idaho State Bengals,Idaho Vandals,76,68,0,2,304,70,47.1,41.5
2026-01-16,401808524,Sacramento State Hornets,Northern Arizona Lumberjacks,83,69,0,2,16,2464,45.8,44.8
2026-01-16,401808532,Portland State Vikings,Northern Colorado Bears,76,73,0,2,2502,2458,49.1,45.3
2026-01-16,401808618,Georgia Southern Eagles,Old Dominion Monarchs,87,84,0,2,290,295,50.0,47.7
2026-01-16,401808619,South Alabama Jaguars,Arkansas State Red Wolves,91,87,0,2,6,2032,46.4,43.1
2026-01-16,401809090,UC San Diego Tritons,Cal State Northridge Matadors,79,84,0,2,28,2463,41.8,46.9
2026-01-16,401809128,UC Davis Aggies,Cal State Fullerton Titans,74,69,0,2,302,2239,46.2,37.5
2026-01-16,401809141,Cal Poly Mustangs,Hawai'i Rainbow Warriors,66,86,0,2,13,62,39.3,51.5
2026-01-16,401809326,UNC Greensboro Spartans,The Citadel Bulldogs,69,66,0,2,2430,2643,43.1,38.3
2026-01-16,401812013,Stony Brook Seawolves,Hofstra Pride,76,71,0,2,2619,2275,47.4,39.3
2026-01-16,401812014,Monmouth Hawks,Drexel Dragons,51,73,0,2,2405,2182,32.1,48.1
2026-01-16,401812015,William & Mary Tribe,North Carolina A&T Aggies,97,89,0,2,2729,2448,57.9,59.3
2026-01-16,401812016,Northeastern Huskies,Elon Phoenix,85,78,0,2,111,2210,46.5,49.1
2026-01-16,401812017,Towson Tigers,Charleston Cougars,61,52,0,2,119,232,33.9,30.6
2026-01-16,401812119,Vermont Catamounts,Maine Black Bears,67,62,0,2,261,311,49.0,35.8
2026-01-16,401814526,Kent State Golden Flashes,Toledo Rockets,87,84,0,2,2309,2649,47.4,47.5
2026-01-16,401817621,Cleveland State Vikings,Green Bay Phoenix,73,88,0,2,325,2739,48.9,58.0
2026-01-16,401817622,Northern Kentucky Norse,Detroit Mercy Titans,96,71,0,2,94,2174,54.2,38.5
2026-01-16,401817623,Milwaukee Panthers,Oakland Golden Grizzlies,60,73,0,2,270,2473,34.3,42.4
2026-01-16,401817624,Wright State Raiders,Youngstown State Penguins,93,83,0,2,2750,2754,53.3,46.8
2026-01-16,401818387,North Dakota Fighting Hawks,St. Thomas Tommies,80,91,0,2,155,2900,45.5,65.1
2026-01-16,401818388,South Dakota Coyotes,Kansas City Roos,99,83,0,2,233,140,50.7,46.5
2026-01-16,401822903,Providence Friars,Creighton Bluejays,93,88,0,2,2507,156,44.9,40.9
2026-01-16,401823336,Long Beach State Beach,UC Riverside Highlanders,88,73,0,2,299,27,56.9,39.7
2026-01-16,401823742,Cal State Bakersfield Roadrunners,UC Santa Barbara Gauchos,69,75,0,2,2934,2540,47.3,44.7
2026-01-16,401828178,Florida Atlantic Owls,Wichita State Shockers,85,67,0,2,2226,2724,55.9,39.7
2026-01-16,401829197,Washington State Cougars,Gonzaga Bulldogs,65,86,0,2,265,2250,40.4,50.0
2026-01-16,401829202,Seattle U Redhawks,San Diego Toreros,75,64,0,2,2547,301,48.1,38.3
2026-01-17,401804885,Delaware Blue Hens,New Mexico State Aggies,68,97,0,2,48,166,44.2,57.1
2026-01-17,401804886,Liberty Flames,UTEP Miners,80,69,0,2,2335,2638,59.3,54.9
2026-01-17,401804887,Florida International Panthers,Sam Houston Bearkats,63,76,0,2,2229,2534,29.4,44.1
2026-01-17,401804888,Jacksonville State Gamecocks,Louisiana Tech Bulldogs,64,60,0,2,55,2348,40.8,39.3
2026-01-17,401804889,Western Kentucky Hilltoppers,Kennesaw State Owls,65,81,0,2,98,338,29.4,40.7
2026-01-17,401804890,Middle Tennessee Blue Raiders,Missouri State Bears,90,87,0,2,2393,2623,52.7,43.5
2026-01-17,401805174,Utah Valley Wolverines,UT Arlington Mavericks,86,74,0,2,3084,250,53.3,42.9
2026-01-17,401806442,UT Martin Skyhawks,Lindenwood Lions,69,55,0,2,2630,2815,44.3,34.0
2026-01-17,401806443,Little Rock Trojans,Western Illinois Leathernecks,86,79,0,2,2031,2710,47.6,43.9
2026-01-17,401806444,Tennessee Tech Golden Eagles,Morehead State Eagles,70,76,0,2,2635,2413,45.6,41.5
2026-01-17,401806445,Southeast Missouri State Redhawks,SIU Edwardsville Cougars,55,68,0,2,2546,2565,39.1,47.1
2026-01-17,401806446,Tennessee State Tigers,Southern Indiana Screaming Eagles,73,67,0,2,2634,88,46.0,38.5
2026-01-17,401807693,North Alabama Lions,Jacksonville Dolphins,68,90,0,2,2453,294,43.8,55.9
2026-01-17,401807694,Central Arkansas Bears,North Florida Ospreys,98,69,0,2,2110,2454,50.0,41.8
2026-01-17,401807695,Stetson Hatters,Queens University Royals,81,87,0,2,56,2511,48.1,48.5
2026-01-17,401807696,Florida Gulf Coast Eagles,West Georgia Wolves,90,72,0,2,526,2698,57.1,40.6
2026-01-17,401808177,Auburn Tigers,South Carolina Gamecocks,71,67,0,2,2,2579,41.1,39.7
2026-01-17,401808178,Georgia Bulldogs,Arkansas Razorbacks,90,76,0,2,61,8,46.4,40.3
2026-01-17,401808179,LSU Tigers,Missouri Tigers,78,70,0,2,99,142,42.4,43.5
2026-01-17,401808181,Tennessee Volunteers,Kentucky Wildcats,78,80,0,2,2633,96,47.2,47.5
2026-01-17,401808182,Vanderbilt Commodores,Florida Gators,94,98,0,2,238,57,50.8,52.5
2026-01-17,401808183,Texas Longhorns,Texas A&M Aggies,70,74,0,2,251,245,41.5,50.9
2026-01-17,401808184,Oklahoma Sooners,Alabama Crimson Tide,81,83,0,2,201,333,38.9,43.9
2026-01-17,401808457,Idaho State Bengals,Eastern Washington Eagles,66,84,0,2,304,331,37.5,48.0
2026-01-17,401808525,Portland State Vikings,Northern Arizona Lumberjacks,63,52,0,2,2502,2464,40.7,39.1
2026-01-17,401808620,App State Mountaineers,Old Dominion Monarchs,73,75,0,2,2026,295,46.4,51.0
2026-01-17,401808621,Marshall Thundering Herd,James Madison Dukes,77,72,0,2,276,256,40.7,39.3
2026-01-17,401808622,Georgia Southern Eagles,Coastal Carolina Chanticleers,75,79,0,2,290,324,35.7,38.2
2026-01-17,401808623,UL Monroe Warhawks,Georgia State Panthers,57,77,0,2,2433,2247,33.9,45.0
2026-01-17,401808624,South Alabama Jaguars,Louisiana Ragin' Cajuns,56,59,0,2,6,309,43.4,38.2
2026-01-17,401808625,Texas State Bobcats,Southern Miss Golden Eagles,74,67,0,2,326,2572,47.6,42.3
2026-01-17,401808626,Troy Trojans,Arkansas State Red Wolves,99,74,0,2,2653,2032,55.7,42.6
2026-01-17,401808710,Houston Christian Huskies,East Texas A&M Lions,81,70,0,2,2277,2837,48.1,44.1
2026-01-17,401808877,UT Rio Grande Valley Vaqueros,McNeese Cowboys,79,76,0,2,292,2377,54.2,39.7
2026-01-17,401808907,LSU New Orleans Privateers,Stephen F. Austin Lumberjacks,79,84,0,2,2443,2617,50.8,45.2
2026-01-17,401808923,Nicholls Colonels,Lamar Cardinals,80,90,0,2,2447,2320,48.1,64.2
2026-01-17,401808939,Incarnate Word Cardinals,Northwestern State Demons,76,74,0,2,2916,2466,46.9,53.2
2026-01-17,401808958,Texas A&M-Corpus Christi Islanders,SE Louisiana Lions,68,56,0,2,357,2545,46.9,42.3
2026-01-17,401809091,Cal State Bakersfield Roadrunners,UC San Diego Tritons,62,83,0,2,2934,28,32.1,46.0
2026-01-17,401809111,UC Davis Aggies,UC Irvine Anteaters,75,72,0,2,302,300,38.6,46.6
2026-01-17,401809328,Furman Paladins,Wofford Terriers,70,74,0,2,231,2747,43.9,50.0
2026-01-17,401809329,Samford Bulldogs,East Tennessee State Buccaneers,75,76,0,2,2535,2193,45.5,55.1
2026-01-17,401809330,UNC Greensboro Spartans,Mercer Bears,92,102,0,2,2430,2382,50.8,60.8
2026-01-17,401809332,Western Carolina Catamounts,Chattanooga Mocs,82,90,0,2,2717,236,45.5,52.8
2026-01-17,401812020,Hofstra Pride,Elon Phoenix,85,89,0,2,2275,2210,47.5,51.8
2026-01-17,401812021,Stony Brook Seawolves,Charleston Cougars,112,106,0,2,2619,232,52.1,47.1
2026-01-17,401812338,Chicago State Cougars,Le Moyne Dolphins,57,72,0,2,2130,2330,42.6,48.0
2026-01-17,401812390,Saint Francis Red Wolves,Central Connecticut Blue Devils,90,98,0,2,2598,2115,46.3,60.0
2026-01-17,401812405,Mercyhurst Lakers,Stonehill Skyhawks,57,62,0,2,2385,284,35.3,42.3
2026-01-17,401812413,New Haven Chargers,Wagner Seahawks,80,74,0,2,2441,2681,53.1,52.7
2026-01-17,401812587,Dartmouth Big Green,Pennsylvania Quakers,74,84,0,2,159,219,37.7,43.8
2026-01-17,401812615,Harvard Crimson,Princeton Tigers,87,80,0,2,108,163,44.6,41.5
2026-01-17,401813303,Manhattan Jaspers,Siena Saints,59,74,0,2,2363,2561,37.3,52.6
2026-01-17,401813333,Marist Red Foxes,Fairfield Stags,82,67,0,2,2368,2217,52.8,38.6
2026-01-17,401813362,Canisius Golden Griffins,Mount St. Mary's Mountaineers,68,78,0,2,2099,116,40.0,55.8
2026-01-17,401814522,Miami (OH) RedHawks,Buffalo Bulls,105,102,0,2,193,2084,57.6,53.8
2026-01-17,401814523,Bowling Green Falcons,Eastern Michigan Eagles,85,79,0,2,189,2199,52.6,50.8
2026-01-17,401814524,Ball State Cardinals,Ohio Bobcats,76,71,0,2,2050,195,43.1,48.1
2026-01-17,401814525,Northern Illinois Huskies,Massachusetts Minutemen,70,68,0,2,2459,113,36.2,38.5
2026-01-17,401814527,Akron Zips,Western Michigan Broncos,104,89,0,2,2006,2711,56.7,55.7
2026-01-17,401817626,IU Indianapolis Jaguars,Detroit Mercy Titans,77,80,0,2,85,2174,46.4,39.3
2026-01-17,401817627,Cleveland State Vikings,Youngstown State Penguins,80,78,0,2,325,2754,51.3,38.4
2026-01-17,401818309,Yale Bulldogs,Cornell Big Red,102,68,0,2,43,172,60.9,33.8
2026-01-17,401818389,North Dakota Fighting Hawks,South Dakota Coyotes,96,80,0,2,155,233,54.8,47.2
2026-01-17,401818391,North Dakota State Bison,St. Thomas Tommies,68,65,0,2,2449,2900,38.5,42.3
2026-01-17,401818392,South Dakota State Jackrabbits,Kansas City Roos,90,62,0,2,2571,140,61.7,39.7
2026-01-17,401818540,Brown Bears,Columbia Lions,86,80,0,2,225,171,50.9,44.8
2026-01-17,401820165,Lehigh Mountain Hawks,Navy Midshipmen,79,82,0,2,2329,2426,43.5,43.5
2026-01-17,401820198,Loyola Maryland Greyhounds,Boston University Terriers,74,57,0,2,2352,104,44.3,32.7
2026-01-17,401820563,Air Force Falcons,Nevada Wolf Pack,66,81,0,2,2005,2440,41.1,52.9
2026-01-17,401820589,Merrimack Warriors,Quinnipiac Bobcats,83,71,0,2,2771,2514,50.0,43.6
2026-01-17,401820674,Boston College Eagles,Syracuse Orange,81,73,0,2,103,183,41.3,44.1
2026-01-17,401820675,California Golden Bears,North Carolina Tar Heels,84,78,0,2,25,153,50.0,46.4
2026-01-17,401820676,Clemson Tigers,Miami Hurricanes,69,59,0,2,228,2390,52.9,38.9
2026-01-17,401820677,Florida State Seminoles,Wake Forest Demon Deacons,68,69,0,2,52,154,37.9,41.3
2026-01-17,401820678,NC State Wolfpack,Georgia Tech Yellow Jackets,74,78,0,2,152,59,37.1,51.9
2026-01-17,401820680,SMU Mustangs,Virginia Cavaliers,68,72,0,2,2567,258,42.6,41.7
2026-01-17,401820681,Stanford Cardinal,Duke Blue Devils,50,80,0,2,24,150,35.2,56.0
2026-01-17,401820682,Virginia Tech Hokies,Notre Dame Fighting Irish,89,76,0,2,259,87,50.9,44.3
2026-01-17,401822770,Maryland Eastern Shore Hawks,Coppin State Eagles,70,67,0,2,2379,2154,46.9,41.7
2026-01-17,401822902,DePaul Blue Demons,Marquette Golden Eagles,80,75,0,2,305,269,47.7,48.3
2026-01-17,401822904,Georgetown Hoyas,UConn Huskies,62,64,0,2,46,41,43.9,36.2
2026-01-17,401822906,Seton Hall Pirates,Butler Bulldogs,66,77,0,2,2550,2086,35.9,45.5
2026-01-17,401823796,Grand Canyon Lopes,Utah State Aggies,84,74,0,2,2253,328,50.9,36.2
2026-01-17,401823847,Saint Peter's Peacocks,Rider Broncs,69,58,0,2,2612,2520,47.5,39.7
2026-01-17,401823914,Radford Highlanders,Longwood Lancers,85,83,0,2,2515,2344,52.8,51.7
2026-01-17,401823915,Gardner-Webb Runnin' Bulldogs,Presbyterian Blue Hose,55,92,0,2,2241,2506,36.7,58.3
2026-01-17,401823917,UNC Asheville Bulldogs,Winthrop Eagles,67,69,0,2,2427,2737,35.5,34.6
2026-01-17,401824388,Lafayette Leopards,Holy Cross Crusaders,74,55,0,2,322,107,41.3,35.3
2026-01-17,401825446,Illinois Fighting Illini,Minnesota Golden Gophers,77,67,0,2,356,135,40.7,40.0
2026-01-17,401825447,Indiana Hoosiers,Iowa Hawkeyes,57,74,0,2,84,2294,38.5,50.0
2026-01-17,401825448,Northwestern Wildcats,Nebraska Cornhuskers,58,77,0,2,77,158,42.6,50.9
2026-01-17,401825449,Ohio State Buckeyes,UCLA Bruins,86,74,0,2,194,26,52.8,40.3
2026-01-17,401825450,Oregon Ducks,Michigan Wolverines,71,81,0,2,2483,130,42.2,49.0
2026-01-17,401825451,USC Trojans,Purdue Boilermakers,64,69,0,2,30,2509,45.9,41.8
2026-01-17,401825452,Washington Huskies,Michigan State Spartans,63,80,0,2,264,127,47.2,47.7
2026-01-17,401825453,Wisconsin Badgers,Rutgers Scarlet Knights,96,87,0,2,275,164,48.3,47.6
2026-01-17,401827025,Grambling Tigers,Southern Jaguars,53,71,0,2,2755,2582,31.8,44.6
2026-01-17,401827050,Jackson State Tigers,Prairie View A&M Panthers,82,78,0,2,2296,2504,45.3,37.9
2026-01-17,401827115,Mississippi Valley State Delta Devils,Bethune-Cookman Wildcats,63,79,0,2,2400,2065,36.8,58.3
2026-01-17,401827140,Arkansas-Pine Bluff Golden Lions,Florida A&M Rattlers,67,71,0,2,2029,50,45.8,49.0
2026-01-17,401827624,Kansas Jayhawks,Baylor Bears,80,62,0,2,2305,239,50.8,36.1
2026-01-17,401827625,UCF Knights,Arizona Wildcats,77,84,0,2,2116,12,40.0,52.7
2026-01-17,401827626,Cincinnati Bearcats,Iowa State Cyclones,79,70,0,2,2132,66,43.5,43.1
2026-01-17,401827629,Utah Utes,TCU Horned Frogs,82,79,0,2,254,2628,50.8,50.0
2026-01-17,401827630,West Virginia Mountaineers,Colorado Buffaloes,72,61,0,2,277,38,52.0,39.3
2026-01-17,401828376,Dayton Flyers,Loyola Chicago Ramblers,78,51,0,2,2168,2350,44.2,33.3
2026-01-17,401828377,Fordham Rams,Duquesne Dukes,63,74,0,2,2230,2184,35.7,45.1
2026-01-17,401828378,La Salle Explorers,St. Bonaventure Bonnies,78,74,0,2,2325,179,58.1,50.8
2026-01-17,401828379,Saint Louis Billikens,Richmond Spiders,88,63,0,2,139,257,49.2,33.9
2026-01-17,401828690,Delaware State Hornets,Morgan State Bears,79,80,0,2,2169,2415,45.3,41.7
2026-01-17,401828726,South Carolina State Bulldogs,Norfolk State Spartans,82,89,0,2,2569,2450,44.3,55.8
2026-01-17,401829204,Oregon State Beavers,Pacific Tigers,64,81,0,2,204,279,42.2,54.4
2026-01-17,401829328,San José State Spartans,UNLV Rebels,62,76,0,2,23,2439,41.3,54.0
2026-01-17,401829401,Colgate Raiders,Bucknell Bison,95,76,0,2,2142,2083,56.7,43.6
2026-01-17,401829501,Alcorn State Braves,Texas Southern Tigers,71,72,0,2,2016,2640,42.3,48.0
2026-01-17,401830231,Illinois State Redbirds,Bradley Braves,88,62,0,2,2287,71,53.1,35.1
2026-01-17,401830240,North Carolina Central Eagles,Howard Bison,69,83,0,2,2428,47,43.1,50.0
2026-01-17,401830271,UIC Flames,Drake Bulldogs,74,67,0,2,82,2181,39.2,40.7
2026-01-17,401830272,Murray State Racers,Indiana State Sycamores,85,81,0,2,93,282,46.8,48.5
2026-01-17,401830273,Valparaiso Beacons,Northern Iowa Panthers,54,44,0,2,2674,2460,33.3,33.3
2026-01-17,401830828,Boise State Broncos,Colorado State Rams,79,73,0,2,68,36,46.9,48.9
2026-01-17,401831990,San Diego Toreros,Bethesda Flames,113,67,0,2,301,3246,58.5,37.3
2026-01-18,401805172,Southern Utah Thunderbirds,Abilene Christian Wildcats,74,52,0,2,253,2000,48.3,23.8
2026-01-18,401805173,Utah Tech Trailblazers,Tarleton State Texans,75,71,0,2,3101,2627,52.1,40.0
2026-01-18,401807691,Lipscomb Bisons,Austin Peay Governors,82,78,0,2,288,2046,49.2,45.3
2026-01-18,401807692,Eastern Kentucky Colonels,Bellarmine Knights,89,69,0,2,2198,91,52.8,40.0
2026-01-18,401808180,Mississippi State Bulldogs,Ole Miss Rebels,67,68,0,2,344,145,36.9,40.8
2026-01-18,401808474,Weber State Wildcats,Idaho Vandals,67,75,0,2,2692,70,30.4,45.5
2026-01-18,401808503,Montana State Bobcats,Montana Grizzlies,76,67,0,2,147,149,41.7,43.4
2026-01-18,401808533,Sacramento State Hornets,Northern Colorado Bears,93,89,0,2,16,2458,42.0,51.5
2026-01-18,401809142,UC Santa Barbara Gauchos,Hawai'i Rainbow Warriors,77,62,0,2,2540,62,54.7,41.5
2026-01-18,401809331,VMI Keydets,The Citadel Bulldogs,68,82,0,2,2678,2643,42.9,46.0
2026-01-18,401812022,UNC Wilmington Seahawks,Campbell Fighting Camels,78,75,0,2,350,2097,46.6,49.1
2026-01-18,401812319,Fairleigh Dickinson Knights,Long Island University Sharks,59,66,0,2,161,112358,36.4,51.8
2026-01-18,401817628,Northern Kentucky Norse,Robert Morris Colonials,89,92,0,2,94,2523,42.4,46.2
2026-01-18,401817629,Purdue Fort Wayne Mastodons,Milwaukee Panthers,100,82,0,2,2870,270,56.3,48.3
2026-01-18,401817630,Green Bay Phoenix,Oakland Golden Grizzlies,63,88,0,2,2739,2473,42.6,54.1
2026-01-18,401818390,Oral Roberts Golden Eagles,Omaha Mavericks,62,73,0,2,198,2437,38.8,48.2
2026-01-18,401820679,Pittsburgh Panthers,Louisville Cardinals,59,100,0,2,221,97,38.2,63.2
2026-01-18,401822905,Villanova Wildcats,St. John's Red Storm,79,86,0,2,222,2599,46.3,51.7
2026-01-18,401823179,UC Riverside Highlanders,Cal State Fullerton Titans,81,72,0,2,27,2239,50.9,38.3
2026-01-18,401823266,Cal State Northridge Matadors,Long Beach State Beach,80,87,0,2,2463,299,40.9,46.6
2026-01-18,401823775,San Diego State Aztecs,New Mexico Lobos,83,79,0,2,21,167,49.1,42.6
2026-01-18,401823916,High Point Panthers,South Carolina Upstate Spartans,89,69,0,2,2272,2908,50.0,38.1
2026-01-18,401825454,Maryland Terrapins,Penn State Nittany Lions,96,73,0,2,120,213,54.1,50.0
2026-01-18,401826819,Army Black Knights,American University Eagles,67,78,0,2,349,44,44.1,51.0
2026-01-18,401827627,Oklahoma State Cowboys,Kansas State Wildcats,84,83,0,2,197,2306,41.2,50.0
2026-01-18,401827628,Texas Tech Red Raiders,BYU Cougars,84,71,0,2,2641,252,45.8,42.2
2026-01-18,401827631,Houston Cougars,Arizona State Sun Devils,103,73,0,2,248,9,56.3,40.7
2026-01-18,401828179,UAB Blazers,Tulsa Golden Hurricane,77,99,0,2,5,202,43.8,60.9
2026-01-18,401828180,East Carolina Pirates,Charlotte 49ers,70,73,0,2,151,2429,42.6,54.2
2026-01-18,401828181,Temple Owls,Florida Atlantic Owls,73,79,0,2,218,2226,36.8,44.8
2026-01-18,401828182,Memphis Tigers,UTSA Roadrunners,95,69,0,2,235,2636,56.3,41.5
2026-01-18,401828183,Tulane Green Wave,North Texas Mean Green,63,71,0,2,2655,249,31.3,36.8
2026-01-18,401828184,South Florida Bulls,Wichita State Shockers,85,86,0,2,58,2724,38.9,41.7
2026-01-18,401828928,Fresno State Bulldogs,Wyoming Cowboys,63,60,0,2,278,2751,41.2,40.7
2026-01-18,401829203,Seattle U Redhawks,Gonzaga Bulldogs,50,71,0,2,2547,2250,35.8,46.7
2026-01-18,401829205,Loyola Marymount Lions,Portland Pilots,58,71,0,2,2351,2501,31.6,42.9
2026-01-18,401829206,Santa Clara Broncos,Saint Mary's Gaels,62,54,0,2,2541,2608,40.7,31.0
2026-01-18,401830206,Southern Illinois Salukis,Belmont Bruins,68,73,0,2,79,2057,36.2,41.9
2026-01-18,401843145,Eastern Illinois Panthers,Blackburn Beavers,105,49,0,2,2197,2070,67.7,35.3
2026-01-19,401808711,Incarnate Word Cardinals,East Texas A&M Lions,58,80,0,2,2916,2837,32.8,55.6
2026-01-19,401808878,Texas A&M-Corpus Christi Islanders,McNeese Cowboys,53,69,0,2,357,2377,41.5,49.0
2026-01-19,401812018,Monmouth Hawks,Northeastern Huskies,81,68,0,2,2405,111,46.4,43.5
2026-01-19,401812019,Towson Tigers,Drexel Dragons,59,58,0,2,119,2182,32.8,52.0
2026-01-19,401812122,NJIT Highlanders,Bryant Bulldogs,79,55,0,2,2885,2803,46.2,31.3
2026-01-19,401812123,Binghamton Bearcats,UMBC Retrievers,60,78,0,2,2066,2378,43.6,54.4
2026-01-19,401812124,Maine Black Bears,New Hampshire Wildcats,48,65,0,2,311,160,34.1,44.1
2026-01-19,401812125,UAlbany Great Danes,Vermont Catamounts,75,68,0,2,399,261,44.4,43.6
2026-01-19,401812320,Fairleigh Dickinson Knights,Wagner Seahawks,68,61,0,2,161,2681,47.7,43.8
2026-01-19,401812339,Le Moyne Dolphins,Long Island University Sharks,83,77,0,2,2330,112358,60.5,43.8
2026-01-19,401812391,Saint Francis Red Wolves,Stonehill Skyhawks,63,61,0,2,2598,284,35.1,43.2
2026-01-19,401812588,Harvard Crimson,Pennsylvania Quakers,64,63,0,2,108,219,48.1,40.7
2026-01-19,401812654,Mercyhurst Lakers,Central Connecticut Blue Devils,79,61,0,2,2385,2115,55.0,36.7
2026-01-19,401813313,Quinnipiac Bobcats,Manhattan Jaspers,98,92,0,2,2514,2363,50.0,43.7
2026-01-19,401813334,Marist Red Foxes,Merrimack Warriors,55,68,0,2,2368,2771,32.7,47.7
2026-01-19,401813387,Niagara Purple Eagles,Mount St. Mary's Mountaineers,58,68,0,2,315,116,33.9,44.2
2026-01-19,401813426,Siena Saints,Fairfield Stags,85,77,0,2,2561,2217,67.4,50.0
2026-01-19,401818310,Yale Bulldogs,Columbia Lions,91,74,0,2,43,171,50.8,51.0
2026-01-19,401818559,Brown Bears,Cornell Big Red,67,89,0,2,225,172,44.6,53.4
2026-01-19,401822907,Marquette Golden Eagles,Providence Friars,105,104,0,2,269,2507,53.4,50.0
2026-01-19,401823732,Rider Broncs,Sacred Heart Pioneers,85,105,0,2,2520,2529,46.5,61.0
2026-01-19,401823848,Saint Peter's Peacocks,Iona Gaels,77,63,0,2,2612,314,45.8,35.7
2026-01-19,401826865,Dartmouth Big Green,Princeton Tigers,71,69,0,2,159,163,43.1,42.1
2026-01-19,401827051,Alcorn State Braves,Prairie View A&M Panthers,76,75,0,2,2016,2504,41.4,48.1
2026-01-19,401827141,Arkansas-Pine Bluff Golden Lions,Bethune-Cookman Wildcats,82,87,0,2,2029,2065,50.0,47.4
2026-01-19,401827163,Alabama State Hornets,Alabama A&M Bulldogs,69,73,1,2,2011,2010,45.5,43.1
2026-01-19,401828380,George Mason Patriots,George Washington Revolutionaries,69,64,0,2,2244,45,49.0,42.1
2026-01-19,401828381,VCU Rams,Saint Joseph's Hawks,79,72,0,2,2670,2603,42.9,47.3
2026-01-19,401829207,San Francisco Dons,Washington State Cougars,85,80,0,2,2539,265,53.7,57.6
2026-01-19,401830241,Howard Bison,Morehouse Maroon Tigers,78,69,0,2,47,60,42.4,42.1
2026-01-20,401808504,Northern Arizona Lumberjacks,Montana Grizzlies,72,98,0,2,2464,149,49.1,67.9
2026-01-20,401808515,Northern Colorado Bears,Montana State Bobcats,68,73,0,2,2458,147,42.9,42.6
2026-01-20,401808908,LSU New Orleans Privateers,Lamar Cardinals,89,76,0,2,2443,2320,53.7,39.4
2026-01-20,401808924,Nicholls Colonels,Stephen F. Austin Lumberjacks,62,79,0,2,2447,2617,32.8,47.4
2026-01-20,401808940,Houston Christian Huskies,Northwestern State Demons,82,80,0,2,2277,2466,60.0,56.3
2026-01-20,401808959,UT Rio Grande Valley Vaqueros,SE Louisiana Lions,68,65,0,2,292,2545,42.3,40.4
2026-01-20,401812023,Hampton Pirates,North Carolina A&T Aggies,82,61,0,2,2261,2448,45.5,40.4
2026-01-20,401814528,Buffalo Bulls,Akron Zips,63,82,0,2,2084,2006,35.4,46.6
2026-01-20,401814533,Massachusetts Minutemen,Toledo Rockets,84,82,0,2,113,2649,49.2,54.9
2026-01-20,401820199,Lehigh Mountain Hawks,Loyola Maryland Greyhounds,88,81,0,2,2329,2352,57.4,46.8
2026-01-20,401822348,Chicago State Cougars,New Haven Chargers,56,62,0,2,2130,2441,43.4,41.7
2026-01-20,401825457,Ohio State Buckeyes,Minnesota Golden Gophers,82,74,0,2,194,135,47.7,39.7
2026-01-20,401828664,Jackson State Tigers,Texas Southern Tigers,94,89,0,2,2296,2640,53.4,49.2
2026-01-20,401828727,Norfolk State Spartans,Elizabeth City State Vikings,86,61,0,2,2450,2207,54.4,35.7
2026-01-20,401830344,Mississippi Valley State Delta Devils,Florida A&M Rattlers,48,62,0,2,2400,50,31.5,44.0
2026-01-20,401856166,Morgan State Bears,Virginia Lynchburg Dragons,128,53,0,2,2415,3229,66.3,30.9
2026-01-21,401806447,Southeast Missouri State Redhawks,UT Martin Skyhawks,66,50,0,2,2546,2630,39.7,32.7
2026-01-21,401808186,Ole Miss Rebels,Auburn Tigers,66,78,0,2,145,2,36.1,43.1
2026-01-21,401808188,Arkansas Razorbacks,Vanderbilt Commodores,93,68,0,2,8,238,57.8,37.9
2026-01-21,401808189,Florida Gators,LSU Tigers,79,61,0,2,57,99,41.2,42.9
2026-01-21,401808190,Missouri Tigers,Georgia Bulldogs,72,74,0,2,142,61,40.3,36.9
2026-01-21,401808191,South Carolina Gamecocks,Oklahoma Sooners,85,76,0,2,2579,201,49.1,42.9
2026-01-21,401809336,VMI Keydets,UNC Greensboro Spartans,78,85,0,2,2678,2430,42.6,47.4
2026-01-21,401809337,Wofford Terriers,Samford Bulldogs,88,78,0,2,2747,2535,64.0,49.2
2026-01-21,401814529,Central Michigan Chippewas,Ball State Cardinals,67,68,0,2,2117,2050,48.1,41.9
2026-01-21,401814530,Western Michigan Broncos,Bowling Green Falcons,54,72,0,2,2711,189,33.9,42.9
2026-01-21,401814531,Kent State Golden Flashes,Miami (OH) RedHawks,101,107,0,2,2309,193,48.5,54.3
2026-01-21,401814532,Ohio Bobcats,Northern Illinois Huskies,80,77,0,2,195,2459,50.0,45.3
2026-01-21,401820564,Colorado State Rams,Air Force Falcons,81,52,0,2,36,2005,51.9,35.8
2026-01-21,401820683,Wake Forest Demon Deacons,SMU Mustangs,79,91,0,2,154,2567,43.8,50.0
2026-01-21,401820685,Clemson Tigers,NC State Wolfpack,76,80,0,2,228,152,44.8,43.9
2026-01-21,401820686,Miami Hurricanes,Florida State Seminoles,63,65,0,2,2390,52,42.1,45.3
2026-01-21,401822908,Butler Bulldogs,DePaul Blue Demons,87,80,0,2,2086,305,56.9,41.3
2026-01-21,401822909,St. John's Red Storm,Seton Hall Pirates,65,60,0,2,2599,2550,35.6,37.9
2026-01-21,401823825,Wyoming Cowboys,Boise State Broncos,65,81,0,2,2751,68,45.1,49.2
2026-01-21,401823920,Winthrop Eagles,Radford Highlanders,76,75,0,2,2737,2515,47.3,53.3
2026-01-21,401823921,South Carolina Upstate Spartans,UNC Asheville Bulldogs,69,83,0,2,2908,2427,44.3,51.8
2026-01-21,401824368,Boston University Terriers,Lafayette Leopards,77,73,0,2,104,322,50.9,40.6
2026-01-21,401825455,Iowa Hawkeyes,Rutgers Scarlet Knights,68,62,0,2,2294,164,47.1,43.2
2026-01-21,401825456,Michigan Wolverines,Indiana Hoosiers,86,72,0,2,130,84,50.9,40.4
2026-01-21,401825458,Oregon Ducks,Michigan State Spartans,52,68,0,2,2483,127,39.2,57.1
2026-01-21,401825459,UCLA Bruins,Purdue Boilermakers,69,67,0,2,26,2509,56.9,45.0
2026-01-21,401827632,Baylor Bears,Texas Tech Red Raiders,73,92,0,2,239,2641,49.1,60.0
2026-01-21,401827633,Colorado Buffaloes,Kansas Jayhawks,69,75,0,2,38,2305,35.7,46.2
2026-01-21,401827634,Iowa State Cyclones,UCF Knights,87,57,0,2,66,2116,50.8,36.8
2026-01-21,401827635,Kansas State Wildcats,Utah Utes,81,78,0,2,2306,254,50.0,49.2
2026-01-21,401827636,TCU Horned Frogs,Oklahoma State Cowboys,68,65,0,2,2628,197,45.9,43.5
2026-01-21,401827948,Utah State Aggies,UNLV Rebels,76,86,0,2,328,2439,44.8,50.0
2026-01-21,401828382,Duquesne Dukes,Saint Louis Billikens,77,81,0,2,2184,139,34.8,49.1
2026-01-21,401828383,St. Bonaventure Bonnies,Loyola Chicago Ramblers,84,70,0,2,179,2350,42.9,43.6
2026-01-21,401828385,La Salle Explorers,Dayton Flyers,67,64,0,2,2325,2168,44.7,44.4
2026-01-21,401829285,South Carolina State Bulldogs,Mid Atlantic Christian Mustangs,56,50,0,2,2569,108806,34.0,33.9
2026-01-21,401829315,Nevada Wolf Pack,San José State Spartans,87,54,0,2,2440,23,50.9,32.8
2026-01-21,401830274,UIC Flames,Evansville Purple Aces,76,49,0,2,82,339,50.0,30.2
2026-01-22,401804891,Sam Houston Bearkats,Kennesaw State Owls,93,87,0,2,2534,338,55.6,41.7
2026-01-22,401804892,Western Kentucky Hilltoppers,Liberty Flames,69,76,0,2,98,2335,42.1,46.7
2026-01-22,401805175,UT Arlington Mavericks,Tarleton State Texans,71,64,0,2,250,2627,48.8,41.5
2026-01-22,401805176,California Baptist Lancers,Utah Tech Trailblazers,73,64,0,2,2856,3101,47.5,37.1
2026-01-22,401805177,Southern Utah Thunderbirds,Utah Valley Wolverines,84,70,0,2,253,3084,50.9,37.1
2026-01-22,401807697,Queens University Royals,North Alabama Lions,87,62,0,2,2511,2453,53.6,38.9
2026-01-22,401807699,West Georgia Wolves,Central Arkansas Bears,65,86,0,2,2698,2110,48.9,57.9
2026-01-22,401807701,Austin Peay Governors,Florida Gulf Coast Eagles,83,62,0,2,2046,526,46.9,44.1
2026-01-22,401807702,Lipscomb Bisons,Stetson Hatters,79,74,0,2,288,56,39.4,41.5
2026-01-22,401808185,Kentucky Wildcats,Texas Longhorns,85,80,0,2,96,251,43.1,46.9
2026-01-22,401808187,Texas A&M Aggies,Mississippi State Bulldogs,88,68,0,2,245,344,41.2,43.3
2026-01-22,401808627,Old Dominion Monarchs,Troy Trojans,77,83,0,2,295,2653,43.8,36.9
2026-01-22,401808628,App State Mountaineers,Louisiana Ragin' Cajuns,72,58,0,2,2026,309,52.1,37.9
2026-01-22,401808633,Marshall Thundering Herd,UL Monroe Warhawks,115,60,0,2,276,2433,53.9,28.8
2026-01-22,401809333,Chattanooga Mocs,East Tennessee State Buccaneers,66,67,0,2,236,2193,43.4,42.4
2026-01-22,401809334,Mercer Bears,Western Carolina Catamounts,88,76,0,2,2382,2717,45.6,41.5
2026-01-22,401809335,The Citadel Bulldogs,Furman Paladins,77,75,0,2,2643,231,42.1,43.1
2026-01-22,401812126,Maine Black Bears,UAlbany Great Danes,52,49,0,2,311,399,39.1,37.7
2026-01-22,401812127,New Hampshire Wildcats,Binghamton Bearcats,88,82,0,2,160,2066,36.7,44.8
2026-01-22,401812128,UMBC Retrievers,NJIT Highlanders,87,74,0,2,2378,2885,51.8,43.8
2026-01-22,401812129,UMass Lowell River Hawks,Vermont Catamounts,68,77,0,2,2349,261,39.0,48.4
2026-01-22,401817631,Oakland Golden Grizzlies,IU Indianapolis Jaguars,85,103,0,2,2473,85,46.7,60.0
2026-01-22,401817632,Detroit Mercy Titans,Purdue Fort Wayne Mastodons,76,83,0,2,2174,2870,44.4,42.9
2026-01-22,401817633,Wright State Raiders,Cleveland State Vikings,79,85,0,2,2750,325,47.0,50.9
2026-01-22,401817634,Youngstown State Penguins,Green Bay Phoenix,88,81,0,2,2754,2739,50.0,53.7
2026-01-22,401818393,Omaha Mavericks,South Dakota Coyotes,64,68,0,2,2437,233,44.6,45.8
2026-01-22,401820166,Navy Midshipmen,Holy Cross Crusaders,85,68,0,2,2426,107,55.8,48.1
2026-01-22,401820684,Boston College Eagles,Pittsburgh Panthers,65,62,0,2,103,221,45.5,38.1
2026-01-22,401820687,North Carolina Tar Heels,Notre Dame Fighting Irish,91,69,0,2,153,87,50.8,36.0
2026-01-22,401820688,Syracuse Orange,Virginia Tech Hokies,74,76,0,2,183,259,42.6,45.1
2026-01-22,401822910,Creighton Bluejays,Xavier Musketeers,94,93,0,2,156,2752,54.2,56.9
2026-01-22,401822911,Villanova Wildcats,Georgetown Hoyas,66,51,0,2,222,46,40.7,34.0
2026-01-22,401823776,Grand Canyon Lopes,San Diego State Aztecs,70,69,0,2,2253,21,38.0,40.3
2026-01-22,401823918,Presbyterian Blue Hose,Charleston Southern Buccaneers,87,83,0,2,2506,2127,54.7,47.8
2026-01-22,401823919,Longwood Lancers,Gardner-Webb Runnin' Bulldogs,91,56,0,2,2344,2241,55.4,38.6
2026-01-22,401825460,Illinois Fighting Illini,Maryland Terrapins,89,70,0,2,356,120,43.5,40.0
2026-01-22,401825461,Nebraska Cornhuskers,Washington Huskies,76,66,0,2,158,264,50.9,44.3
2026-01-22,401825462,USC Trojans,Northwestern Wildcats,68,74,0,2,30,77,38.5,45.2
2026-01-22,401826820,Bucknell Bison,Army Black Knights,84,87,0,2,2083,349,48.3,47.5
2026-01-22,401827637,Arizona Wildcats,Cincinnati Bearcats,77,51,0,2,12,2132,42.9,30.4
2026-01-22,401827638,Arizona State Sun Devils,West Virginia Mountaineers,63,75,0,2,9,277,47.1,50.9
2026-01-22,401828185,Wichita State Shockers,East Carolina Pirates,77,60,0,2,2724,151,42.2,34.9
2026-01-22,401828186,Florida Atlantic Owls,Tulane Green Wave,79,74,0,2,2226,2655,51.9,44.2
2026-01-22,401828187,Tulsa Golden Hurricane,Memphis Tigers,83,66,0,2,202,235,40.0,40.0
2026-01-22,401828188,Rice Owls,Temple Owls,65,69,0,2,242,218,45.6,43.1
2026-01-22,401828189,North Texas Mean Green,UTSA Roadrunners,81,62,0,2,249,2636,45.2,36.0
2026-01-22,401828384,Davidson Wildcats,Fordham Rams,68,63,0,2,2166,2230,43.1,54.0
2026-01-22,401828386,Richmond Spiders,Rhode Island Rams,68,69,0,2,257,227,46.2,41.1
2026-01-22,401828674,American University Eagles,Colgate Raiders,70,66,0,2,44,2142,47.2,44.2
2026-01-22,401828929,New Mexico Lobos,Fresno State Bulldogs,83,74,0,2,167,278,42.7,38.9
2026-01-22,401829208,Seattle U Redhawks,Loyola Marymount Lions,69,59,0,2,2547,2351,41.0,44.7
2026-01-22,401829209,Saint Mary's Gaels,Oregon State Beavers,81,51,0,2,2608,204,48.3,28.6
2026-01-22,401829210,Gonzaga Bulldogs,Pepperdine Waves,84,60,0,2,2250,2492,47.0,37.9
2026-01-22,401829211,San Diego Toreros,Washington State Cougars,96,92,0,2,301,265,52.1,48.4
2026-01-22,401830230,Bradley Braves,Indiana State Sycamores,75,68,0,2,71,282,34.9,51.9
2026-01-22,401830275,Drake Bulldogs,Murray State Racers,101,90,0,2,2181,93,50.0,45.6
2026-01-22,401830276,Illinois State Redbirds,Northern Iowa Panthers,59,54,0,2,2287,2460,37.5,35.1
2026-01-22,401830277,Valparaiso Beacons,Southern Illinois Salukis,69,63,0,2,2674,79,48.8,41.2
2026-01-23,401804893,UTEP Miners,Florida International Panthers,83,77,0,2,2638,2229,51.7,50.0
2026-01-23,401804894,New Mexico State Aggies,Missouri State Bears,75,84,0,2,166,2623,43.5,50.9
2026-01-23,401804895,Louisiana Tech Bulldogs,Kennesaw State Owls,82,76,0,2,2348,338,52.7,43.4
2026-01-23,401806448,Southern Indiana Screaming Eagles,Eastern Illinois Panthers,51,59,0,2,88,2197,24.6,36.4
2026-01-23,401806449,Lindenwood Lions,Tennessee Tech Golden Eagles,89,68,0,2,2815,2635,56.7,35.0
2026-01-23,401806450,Southeast Missouri State Redhawks,Little Rock Trojans,70,65,0,2,2546,2031,45.3,36.7
2026-01-23,401806451,Morehead State Eagles,Western Illinois Leathernecks,71,66,0,2,2413,2710,43.9,41.0
2026-01-23,401806452,SIU Edwardsville Cougars,Tennessee State Tigers,74,66,0,2,2565,2634,52.1,32.8
2026-01-23,401807698,Jacksonville Dolphins,Bellarmine Knights,70,77,0,2,294,91,46.0,53.8
2026-01-23,401807700,North Florida Ospreys,Eastern Kentucky Colonels,87,85,0,2,2454,2198,50.8,49.3
2026-01-23,401807706,Lipscomb Bisons,Florida Gulf Coast Eagles,86,71,0,2,288,526,47.3,42.9
2026-01-23,401807708,Austin Peay Governors,Stetson Hatters,73,65,0,2,2046,56,47.5,39.3
2026-01-23,401808458,Eastern Washington Eagles,Portland State Vikings,61,65,0,2,331,2502,38.5,46.4
2026-01-23,401808475,Idaho Vandals,Sacramento State Hornets,86,76,0,2,70,16,49.2,39.4
2026-01-23,401808491,Montana State Bobcats,Idaho State Bengals,74,62,0,2,147,304,43.8,40.7
2026-01-23,401808505,Montana Grizzlies,Weber State Wildcats,81,65,0,2,149,2692,62.0,47.1
2026-01-23,401808629,Coastal Carolina Chanticleers,Texas State Bobcats,72,70,0,2,324,326,41.5,37.9
2026-01-23,401808630,Georgia Southern Eagles,Arkansas State Red Wolves,68,85,0,2,290,2032,34.8,49.1
2026-01-23,401808631,Georgia State Panthers,Southern Miss Golden Eagles,69,62,0,2,2247,2572,35.7,37.9
2026-01-23,401808632,James Madison Dukes,South Alabama Jaguars,83,90,0,2,256,6,43.6,44.4
2026-01-23,401808634,App State Mountaineers,UL Monroe Warhawks,59,43,0,2,2026,2433,32.9,22.0
2026-01-23,401809092,UC Davis Aggies,UC San Diego Tritons,74,80,0,2,302,28,35.8,49.1
2026-01-23,401809112,UC Riverside Highlanders,UC Irvine Anteaters,66,80,0,2,27,300,34.4,45.8
2026-01-23,401809143,Hawai'i Rainbow Warriors,Cal State Bakersfield Roadrunners,98,71,0,2,62,2934,49.2,35.1
2026-01-23,401809157,UC Santa Barbara Gauchos,Cal Poly Mustangs,107,67,0,2,2540,13,66.7,46.9
2026-01-23,401809340,UNC Greensboro Spartans,Furman Paladins,66,89,0,2,2430,231,43.4,55.2
2026-01-23,401812024,Northeastern Huskies,Stony Brook Seawolves,80,95,0,2,111,2619,47.7,57.1
2026-01-23,401812025,North Carolina A&T Aggies,Hofstra Pride,79,78,0,2,2448,2275,41.1,41.0
2026-01-23,401812026,Hampton Pirates,Monmouth Hawks,65,63,0,2,2261,2405,39.2,45.5
2026-01-23,401812027,Elon Phoenix,Towson Tigers,59,72,0,2,2210,119,39.2,37.9
2026-01-23,401812028,Charleston Cougars,Campbell Fighting Camels,87,83,0,2,232,2097,55.6,47.0
2026-01-23,401812029,William & Mary Tribe,UNC Wilmington Seahawks,77,70,0,2,2729,350,45.6,32.8
2026-01-23,401813335,Siena Saints,Marist Red Foxes,69,50,0,2,2561,2368,46.3,37.7
2026-01-23,401813363,Sacred Heart Pioneers,Canisius Golden Griffins,69,66,0,2,2529,2099,43.1,39.7
2026-01-23,401813388,Fairfield Stags,Niagara Purple Eagles,62,61,0,2,2217,315,41.0,42.9
2026-01-23,401813412,Mount St. Mary's Mountaineers,Quinnipiac Bobcats,62,77,0,2,116,2514,42.6,45.9
2026-01-23,401817635,Robert Morris Colonials,Milwaukee Panthers,88,76,0,2,2523,270,58.5,44.1
2026-01-23,401818394,Oral Roberts Golden Eagles,North Dakota Fighting Hawks,62,79,0,2,198,155,41.7,44.3
2026-01-23,401818395,Denver Pioneers,North Dakota State Bison,77,82,0,2,2172,2449,48.4,50.8
2026-01-23,401818396,St. Thomas Tommies,South Dakota State Jackrabbits,74,69,0,2,2900,2571,46.2,46.7
2026-01-23,401820217,New Haven Chargers,Mercyhurst Lakers,57,61,0,2,2441,2385,48.8,49.0
2026-01-23,401823180,Cal State Fullerton Titans,Long Beach State Beach,71,61,0,2,2239,299,53.1,37.0
2026-01-23,401824311,Iona Gaels,Merrimack Warriors,61,60,0,2,314,2771,37.0,44.4
2026-01-23,401825463,Penn State Nittany Lions,Wisconsin Badgers,71,98,0,2,213,275,35.9,50.7
2026-01-23,401825465,Rutgers Scarlet Knights,Indiana Hoosiers,59,82,0,2,164,84,36.2,50.0
2026-01-23,401828190,UAB Blazers,South Florida Bulls,69,82,0,2,5,58,29.3,43.1
2026-01-23,401828191,North Texas Mean Green,East Carolina Pirates,59,63,0,2,249,151,34.9,42.6
2026-01-23,401828387,St. Bonaventure Bonnies,Saint Louis Billikens,62,97,0,2,179,139,34.4,57.8
2026-01-24,401804896,Sam Houston Bearkats,Western Kentucky Hilltoppers,73,58,0,2,2534,98,49.2,37.3
2026-01-24,401804897,Jacksonville State Gamecocks,Middle Tennessee Blue Raiders,75,58,0,2,55,2393,49.0,38.2
2026-01-24,401804898,New Mexico State Aggies,Florida International Panthers,78,81,0,2,166,2229,34.7,45.2
2026-01-24,401804899,UTEP Miners,Missouri State Bears,57,62,0,2,2638,2623,38.0,44.4
2026-01-24,401804900,Liberty Flames,Delaware Blue Hens,67,51,0,2,2335,48,47.1,46.3
2026-01-24,401806453,Morehead State Eagles,Eastern Illinois Panthers,73,68,0,2,2413,2197,52.2,36.2
2026-01-24,401806454,Lindenwood Lions,Tennessee State Tigers,86,96,0,2,2815,2634,50.0,60.3
2026-01-24,401806456,SIU Edwardsville Cougars,Tennessee Tech Golden Eagles,62,58,0,2,2565,2635,41.8,37.9
2026-01-24,401806457,Southern Indiana Screaming Eagles,Western Illinois Leathernecks,96,64,0,2,88,2710,52.2,36.7
2026-01-24,401807703,North Florida Ospreys,Bellarmine Knights,117,114,0,2,2454,91,61.9,59.7
2026-01-24,401807705,Jacksonville Dolphins,Eastern Kentucky Colonels,81,76,0,2,294,2198,51.9,48.1
2026-01-24,401807707,West Georgia Wolves,Queens University Royals,74,66,0,2,2698,2511,45.6,40.0
2026-01-24,401808192,Arkansas Razorbacks,LSU Tigers,85,81,0,2,8,99,56.7,45.9
2026-01-24,401808193,Florida Gators,Auburn Tigers,67,76,0,2,57,2,37.3,48.1
2026-01-24,401808194,Kentucky Wildcats,Ole Miss Rebels,72,63,0,2,96,145,36.0,32.3
2026-01-24,401808195,Mississippi State Bulldogs,Vanderbilt Commodores,56,88,0,2,344,238,34.5,53.8
2026-01-24,401808196,Missouri Tigers,Oklahoma Sooners,88,87,0,2,142,201,44.6,48.1
2026-01-24,401808197,Texas A&M Aggies,South Carolina Gamecocks,92,69,0,2,245,2579,47.8,39.3
2026-01-24,401808198,Texas Longhorns,Georgia Bulldogs,87,67,0,2,251,61,58.3,43.1
2026-01-24,401808459,Eastern Washington Eagles,Sacramento State Hornets,75,67,0,2,331,16,45.6,43.2
2026-01-24,401808476,Idaho Vandals,Portland State Vikings,66,69,0,2,70,2502,41.2,48.1
2026-01-24,401808492,Montana Grizzlies,Idaho State Bengals,69,60,0,2,149,304,47.4,36.2
2026-01-24,401808635,Coastal Carolina Chanticleers,Southern Miss Golden Eagles,85,67,0,2,324,2572,56.9,44.4
2026-01-24,401808636,Georgia Southern Eagles,Troy Trojans,78,83,0,2,290,2653,48.2,49.1
2026-01-24,401808637,Georgia State Panthers,Arkansas State Red Wolves,82,81,0,2,2247,2032,47.2,49.1
2026-01-24,401808638,James Madison Dukes,Texas State Bobcats,82,57,0,2,256,326,52.6,33.3
2026-01-24,401808879,McNeese Cowboys,LSU New Orleans Privateers,82,63,0,2,2377,2443,41.3,45.5
2026-01-24,401808925,SE Louisiana Lions,Nicholls Colonels,67,61,0,2,2545,2447,37.7,32.1
2026-01-24,401808970,Lamar Cardinals,Stephen F. Austin Lumberjacks,81,88,0,2,2320,2617,47.5,52.6
2026-01-24,401808979,Houston Christian Huskies,UT Rio Grande Valley Vaqueros,51,68,0,2,2277,292,42.6,52.8
2026-01-24,401809129,UC Davis Aggies,UC Riverside Highlanders,74,66,0,2,302,27,50.0,42.1
2026-01-24,401809338,East Tennessee State Buccaneers,The Citadel Bulldogs,84,55,0,2,2193,2643,56.4,35.8
2026-01-24,401809339,Samford Bulldogs,Chattanooga Mocs,75,64,0,2,2535,236,40.4,41.7
2026-01-24,401809341,Western Carolina Catamounts,VMI Keydets,88,58,0,2,2717,2678,51.4,39.6
2026-01-24,401809342,Wofford Terriers,Mercer Bears,80,77,0,2,2747,2382,46.9,42.4
2026-01-24,401812030,Drexel Dragons,Northeastern Huskies,83,78,0,2,2182,111,50.0,46.8
2026-01-24,401812031,William & Mary Tribe,Hofstra Pride,89,82,0,2,2729,2275,42.3,40.6
2026-01-24,401812032,Campbell Fighting Camels,Monmouth Hawks,73,88,0,2,2097,2405,39.3,58.2
2026-01-24,401812033,North Carolina A&T Aggies,Towson Tigers,80,73,0,2,2448,119,53.2,42.9
2026-01-24,401812034,Charleston Cougars,Elon Phoenix,80,70,0,2,232,2210,52.7,41.3
2026-01-24,401812035,Hampton Pirates,UNC Wilmington Seahawks,67,75,0,2,2261,350,46.6,53.1
2026-01-24,401812130,New Hampshire Wildcats,UAlbany Great Danes,80,72,0,2,160,399,45.5,52.1
2026-01-24,401812131,Maine Black Bears,Binghamton Bearcats,79,63,0,2,311,2066,55.8,52.3
2026-01-24,401812132,UMBC Retrievers,UMass Lowell River Hawks,79,56,0,2,2378,2349,49.1,37.1
2026-01-24,401812133,Bryant Bulldogs,Vermont Catamounts,52,62,0,2,2803,261,31.9,36.5
2026-01-24,401812321,Central Connecticut Blue Devils,Fairleigh Dickinson Knights,66,76,0,2,2115,161,48.1,51.9
2026-01-24,401812340,Le Moyne Dolphins,Wagner Seahawks,69,67,0,2,2330,2681,36.5,49.1
2026-01-24,401812369,Stonehill Skyhawks,Long Island University Sharks,63,66,0,2,284,112358,46.4,40.4
2026-01-24,401812392,Saint Francis Red Wolves,Chicago State Cougars,81,60,0,2,2598,2130,54.9,35.8
2026-01-24,401812589,Pennsylvania Quakers,Yale Bulldogs,60,77,0,2,219,43,38.2,45.9
2026-01-24,401812616,Harvard Crimson,Cornell Big Red,79,86,0,2,108,172,47.3,52.9
2026-01-24,401813336,Marist Red Foxes,Quinnipiac Bobcats,71,64,0,2,2368,2514,52.9,37.1
2026-01-24,401813389,Sacred Heart Pioneers,Niagara Purple Eagles,71,70,0,2,2529,315,46.3,58.5
2026-01-24,401813413,Mount St. Mary's Mountaineers,Rider Broncs,71,61,0,2,116,2520,52.2,31.7
2026-01-24,401814534,Ohio Bobcats,Akron Zips,65,86,0,2,195,2006,32.8,49.2
2026-01-24,401814535,Toledo Rockets,Bowling Green Falcons,73,72,0,2,2649,189,40.3,52.7
2026-01-24,401814536,Western Michigan Broncos,Central Michigan Chippewas,77,65,0,2,2711,2117,44.4,36.2
2026-01-24,401814537,Eastern Michigan Eagles,Kent State Golden Flashes,75,76,0,2,2199,2309,35.1,39.7
2026-01-24,401814538,Buffalo Bulls,Massachusetts Minutemen,67,68,0,2,2084,113,50.0,44.8
2026-01-24,401814539,Ball State Cardinals,Northern Illinois Huskies,58,53,0,2,2050,2459,44.7,34.6
2026-01-24,401817636,Robert Morris Colonials,Green Bay Phoenix,67,71,0,2,2523,2739,42.1,50.9
2026-01-24,401817637,Youngstown State Penguins,Milwaukee Panthers,64,65,0,2,2754,270,39.6,41.4
2026-01-24,401817638,Wright State Raiders,Northern Kentucky Norse,88,80,0,2,2750,94,50.0,55.2
2026-01-24,401817639,Detroit Mercy Titans,Oakland Golden Grizzlies,87,95,0,2,2174,2473,50.0,54.1
2026-01-24,401818397,Denver Pioneers,North Dakota Fighting Hawks,86,93,0,2,2172,155,50.0,50.0
2026-01-24,401818398,Oral Roberts Golden Eagles,North Dakota State Bison,58,86,0,2,198,2449,43.1,54.1
2026-01-24,401818400,South Dakota Coyotes,St. Thomas Tommies,78,90,0,2,233,2900,44.1,53.6
2026-01-24,401818541,Dartmouth Big Green,Columbia Lions,69,79,0,2,159,171,37.3,39.3
2026-01-24,401818560,Princeton Tigers,Brown Bears,63,53,0,2,163,225,30.4,32.8
2026-01-24,401820167,Navy Midshipmen,Army Black Knights,84,56,0,2,2426,349,58.0,37.7
2026-01-24,401820200,Loyola Maryland Greyhounds,Bucknell Bison,67,62,0,2,2352,2083,41.7,40.7
2026-01-24,401820491,Incarnate Word Cardinals,Texas A&M-Corpus Christi Islanders,71,79,0,2,2916,357,44.8,52.1
2026-01-24,401820565,Boise State Broncos,Air Force Falcons,96,54,0,2,68,2005,56.9,41.7
2026-01-24,401820689,Duke Blue Devils,Wake Forest Demon Deacons,90,69,0,2,150,154,50.0,40.7
2026-01-24,401820690,Georgia Tech Yellow Jackets,Clemson Tigers,63,77,0,2,59,228,36.8,45.9
2026-01-24,401820691,Louisville Cardinals,Virginia Tech Hokies,85,71,0,2,97,259,47.0,40.3
2026-01-24,401820692,Notre Dame Fighting Irish,Boston College Eagles,68,64,0,2,87,103,40.7,39.7
2026-01-24,401820693,Pittsburgh Panthers,NC State Wolfpack,72,81,0,2,221,152,36.8,47.3
2026-01-24,401820694,SMU Mustangs,Florida State Seminoles,83,80,0,2,2567,52,44.4,42.3
2026-01-24,401820696,Syracuse Orange,Miami Hurricanes,76,85,0,2,183,2390,49.2,61.1
2026-01-24,401820697,Virginia Cavaliers,North Carolina Tar Heels,80,85,0,2,258,153,45.3,49.2
2026-01-24,401822771,Norfolk State Spartans,Coppin State Eagles,103,76,0,2,2450,2154,57.1,46.4
2026-01-24,401822912,Butler Bulldogs,Marquette Golden Eagles,87,76,0,2,2086,269,50.9,49.2
2026-01-24,401822913,UConn Huskies,Villanova Wildcats,75,67,0,2,41,222,41.0,33.9
2026-01-24,401822914,Xavier Musketeers,St. John's Red Storm,83,88,0,2,2752,2599,47.5,48.5
2026-01-24,401822915,DePaul Blue Demons,Seton Hall Pirates,67,60,0,2,305,2550,40.5,37.7
2026-01-24,401822916,Providence Friars,Georgetown Hoyas,78,81,0,2,2507,46,45.6,51.6
2026-01-24,401823777,UNLV Rebels,San Diego State Aztecs,71,82,0,2,2439,21,51.0,56.5
2026-01-24,401823849,Merrimack Warriors,Saint Peter's Peacocks,67,59,0,2,2771,2612,40.4,29.7
2026-01-24,401823922,Longwood Lancers,Charleston Southern Buccaneers,81,79,0,2,2344,2127,44.6,41.3
2026-01-24,401823923,Radford Highlanders,High Point Panthers,83,93,0,2,2515,2272,50.8,50.9
2026-01-24,401823924,Gardner-Webb Runnin' Bulldogs,South Carolina Upstate Spartans,67,65,0,2,2241,2908,43.3,37.5
2026-01-24,401823925,Presbyterian Blue Hose,Winthrop Eagles,72,82,0,2,2506,2737,41.1,41.3
2026-01-24,401824369,Colgate Raiders,Boston University Terriers,80,79,0,2,2142,104,50.0,50.9
2026-01-24,401824389,Holy Cross Crusaders,American University Eagles,67,76,0,2,107,44,44.2,50.8
2026-01-24,401825464,Michigan Wolverines,Ohio State Buckeyes,74,62,0,2,130,194,51.9,40.7
2026-01-24,401825466,Michigan State Spartans,Maryland Terrapins,91,48,0,2,127,120,60.7,33.3
2026-01-24,401825467,Minnesota Golden Gophers,Nebraska Cornhuskers,57,76,0,2,135,158,39.6,47.5
2026-01-24,401825468,Purdue Boilermakers,Illinois Fighting Illini,82,88,0,2,2509,356,56.9,48.2
2026-01-24,401825469,UCLA Bruins,Northwestern Wildcats,71,64,0,2,26,77,49.1,37.7
2026-01-24,401827026,Southern Jaguars,Arkansas-Pine Bluff Golden Lions,74,75,0,2,2582,2029,41.4,45.1
2026-01-24,401827052,Prairie View A&M Panthers,Alabama State Hornets,80,95,0,2,2504,2011,42.6,51.5
2026-01-24,401827117,Bethune-Cookman Wildcats,Jackson State Tigers,85,48,0,2,2065,2296,44.8,25.4
2026-01-24,401827204,Texas Southern Tigers,Alabama A&M Bulldogs,89,74,0,2,2640,2010,51.7,50.0
2026-01-24,401827639,Arizona Wildcats,West Virginia Mountaineers,88,53,0,2,12,277,52.5,34.4
2026-01-24,401827641,Baylor Bears,TCU Horned Frogs,90,97,0,2,239,2628,50.0,51.9
2026-01-24,401827642,BYU Cougars,Utah Utes,91,78,0,2,252,254,53.3,45.8
2026-01-24,401827643,Colorado Buffaloes,UCF Knights,86,95,0,2,38,2116,51.8,61.1
2026-01-24,401827645,Oklahoma State Cowboys,Iowa State Cyclones,71,84,0,2,197,66,39.3,51.0
2026-01-24,401827646,Texas Tech Red Raiders,Houston Cougars,90,86,0,2,2641,248,43.5,48.3
2026-01-24,401828192,Wichita State Shockers,Memphis Tigers,74,59,0,2,2724,235,44.8,40.7
2026-01-24,401828193,UTSA Roadrunners,Temple Owls,64,70,0,2,2636,218,43.8,44.4
2026-01-24,401828194,Charlotte 49ers,Tulane Green Wave,73,70,0,2,2429,2655,51.0,45.1
2026-01-24,401828196,Rice Owls,Tulsa Golden Hurricane,81,87,0,2,242,202,50.0,48.2
2026-01-24,401828388,Davidson Wildcats,VCU Rams,69,75,0,2,2166,2670,46.6,54.9
2026-01-24,401828389,Saint Joseph's Hawks,Dayton Flyers,81,74,0,2,2603,2168,41.7,43.8
2026-01-24,401828390,Loyola Chicago Ramblers,Duquesne Dukes,59,71,0,2,2350,2184,37.7,43.4
2026-01-24,401828391,Rhode Island Rams,George Mason Patriots,74,65,0,2,227,2244,46.0,44.7
2026-01-24,401828392,George Washington Revolutionaries,Richmond Spiders,85,69,0,2,45,257,48.3,39.3
2026-01-24,401828691,Howard Bison,Morgan State Bears,77,78,0,2,47,2415,30.9,34.3
2026-01-24,401829212,Washington State Cougars,Pepperdine Waves,95,79,0,2,265,2492,53.1,53.6
2026-01-24,401829329,Wyoming Cowboys,San José State Spartans,66,62,0,2,2751,23,40.8,36.4
2026-01-24,401829687,Florida A&M Rattlers,Alcorn State Braves,66,58,0,2,50,2016,51.0,43.1
2026-01-24,401830207,Belmont Bruins,Illinois State Redbirds,80,69,0,2,2057,2287,58.0,37.9
2026-01-24,401830278,Indiana State Sycamores,Drake Bulldogs,62,76,0,2,282,2181,41.1,41.9
2026-01-24,401830279,Northern Iowa Panthers,Murray State Racers,81,76,0,2,2460,93,57.4,41.9
2026-01-24,401830829,Colorado State Rams,Utah State Aggies,61,65,0,2,36,328,51.2,50.0
2026-01-25,401805179,Utah Tech Trailblazers,Southern Utah Thunderbirds,102,91,0,2,3101,253,54.2,53.4
2026-01-25,401805180,California Baptist Lancers,Utah Valley Wolverines,78,71,0,2,2856,3084,48.1,37.7
2026-01-25,401808199,Alabama Crimson Tide,Tennessee Volunteers,73,79,0,2,333,2633,43.1,46.7
2026-01-25,401808516,Montana State Bobcats,Weber State Wildcats,91,88,0,2,147,2692,51.7,51.7
2026-01-25,401808526,Northern Arizona Lumberjacks,Northern Colorado Bears,81,77,0,2,2464,2458,59.2,50.0
2026-01-25,401809093,UC San Diego Tritons,UC Irvine Anteaters,59,61,0,2,28,300,33.8,40.3
2026-01-25,401809144,Hawai'i Rainbow Warriors,Cal State Northridge Matadors,89,68,0,2,62,2463,46.7,38.0
2026-01-25,401809158,Cal Poly Mustangs,Cal State Fullerton Titans,78,93,0,2,13,2239,43.5,46.9
2026-01-25,401813314,Iona Gaels,Manhattan Jaspers,66,57,0,2,314,2363,41.1,33.3
2026-01-25,401813364,Fairfield Stags,Canisius Golden Griffins,61,55,0,2,2217,2099,41.8,36.9
2026-01-25,401818399,Kansas City Roos,Omaha Mavericks,60,77,0,2,140,2437,36.7,45.0
2026-01-25,401820218,Mercyhurst Lakers,Chicago State Cougars,61,59,0,2,2385,2130,46.0,37.5
2026-01-25,401820695,Stanford Cardinal,California Golden Bears,66,78,0,2,24,25,27.3,41.4
2026-01-25,401823337,Long Beach State Beach,UC Santa Barbara Gauchos,71,74,0,2,299,2540,49.0,48.2
2026-01-25,401823797,Fresno State Bulldogs,Grand Canyon Lopes,57,68,0,2,278,2253,30.2,37.9
2026-01-25,401825470,Washington Huskies,Oregon Ducks,72,57,0,2,264,2483,41.5,35.7
2026-01-25,401825471,Wisconsin Badgers,USC Trojans,71,73,0,2,275,30,34.3,41.0
2026-01-25,401827640,Arizona State Sun Devils,Cincinnati Bearcats,82,68,0,2,9,2132,47.4,45.0
2026-01-25,401827644,Kansas State Wildcats,Kansas Jayhawks,62,86,0,2,2306,2305,34.4,53.4
2026-01-25,401828195,South Florida Bulls,Florida Atlantic Owls,89,75,0,2,58,2226,44.1,40.9
2026-01-25,401829213,Portland Pilots,Saint Mary's Gaels,69,75,0,2,2501,2608,43.6,45.5
2026-01-25,401829214,Gonzaga Bulldogs,San Francisco Dons,68,66,0,2,2250,2539,44.3,40.0
2026-01-25,401829215,San Diego Toreros,Santa Clara Broncos,73,85,0,2,301,2541,39.4,63.5
2026-01-25,401829216,Pacific Tigers,Seattle U Redhawks,56,54,0,2,279,2547,44.2,38.8
2026-01-25,401829316,New Mexico Lobos,Nevada Wolf Pack,80,73,0,2,167,2440,38.7,41.7
2026-01-25,401829417,Lehigh Mountain Hawks,Lafayette Leopards,64,59,0,2,2329,322,42.3,36.2
2026-01-25,401830229,Bradley Braves,UIC Flames,70,85,0,2,71,82,46.2,50.0
2026-01-26,401812322,Fairleigh Dickinson Knights,Le Moyne Dolphins,74,87,0,2,161,2330,33.8,60.5
2026-01-26,401829286,South Carolina State Bulldogs,Delaware State Hornets,70,64,0,2,2569,2169,47.8,35.1
2026-01-27,401808909,Nicholls Colonels,LSU New Orleans Privateers,62,80,0,2,2447,2443,36.1,47.4
2026-01-27,401808941,Stephen F. Austin Lumberjacks,Northwestern State Demons,69,67,0,2,2617,2466,42.6,38.2
2026-01-27,401808980,Texas A&M-Corpus Christi Islanders,UT Rio Grande Valley Vaqueros,55,64,0,2,357,292,27.7,40.8
2026-01-27,401812406,Stonehill Skyhawks,Central Connecticut Blue Devils,61,59,0,2,284,2115,40.4,47.3
2026-01-27,401820698,Duke Blue Devils,Louisville Cardinals,83,52,0,2,150,97,50.8,29.6
2026-01-27,401820704,Pittsburgh Panthers,Wake Forest Demon Deacons,80,76,0,2,221,154,38.2,45.8
2026-01-27,401820816,BYU Cougars,Arizona Wildcats,83,86,0,2,252,12,40.3,52.8
2026-01-27,401825472,Ohio State Buckeyes,Penn State Nittany Lions,84,78,0,2,194,213,55.6,50.0
2026-01-27,401825475,Rutgers Scarlet Knights,Michigan State Spartans,79,88,0,2,164,127,40.3,49.1
2026-01-27,401827118,Bethune-Cookman Wildcats,Alcorn State Braves,82,73,0,2,2065,2016,54.5,43.3
2026-01-27,401827164,Texas Southern Tigers,Alabama State Hornets,96,64,0,2,2640,2011,51.7,32.8
2026-01-27,401828665,Florida A&M Rattlers,Jackson State Tigers,65,66,0,2,50,2296,40.7,42.3
2026-01-27,401828692,Norfolk State Spartans,Morgan State Bears,78,79,0,2,2450,2415,41.4,46.3
2026-01-27,401858319,Prairie View A&M Panthers,Alabama A&M Bulldogs,60,80,0,2,2504,2010,36.4,53.4
2026-01-28,401808204,Alabama Crimson Tide,Missouri Tigers,90,64,0,2,333,142,41.9,39.4
2026-01-28,401808205,Vanderbilt Commodores,Kentucky Wildcats,80,55,0,2,238,96,40.3,32.2
2026-01-28,401808206,Oklahoma Sooners,Arkansas Razorbacks,79,83,0,2,201,8,46.0,55.6
2026-01-28,401808880,SE Louisiana Lions,McNeese Cowboys,66,76,0,2,2545,2377,38.5,51.0
2026-01-28,401814540,Bowling Green Falcons,Buffalo Bulls,78,89,0,2,189,2084,50.0,55.8
2026-01-28,401814541,Central Michigan Chippewas,Eastern Michigan Eagles,100,65,0,2,2117,2199,56.3,45.1
2026-01-28,401814542,Kent State Golden Flashes,Ohio Bobcats,72,57,0,2,2309,195,37.7,29.7
2026-01-28,401814543,Miami (OH) RedHawks,Massachusetts Minutemen,86,84,0,2,193,113,47.1,50.8
2026-01-28,401814544,Akron Zips,Toledo Rockets,91,81,0,2,2006,2649,51.5,53.6
2026-01-28,401814545,Northern Illinois Huskies,Western Michigan Broncos,85,65,0,2,2459,2711,50.0,34.6
2026-01-28,401820479,Houston Christian Huskies,Incarnate Word Cardinals,81,75,0,2,2277,2916,44.4,44.8
2026-01-28,401820699,Virginia Tech Hokies,Georgia Tech Yellow Jackets,71,65,0,2,259,59,33.8,43.9
2026-01-28,401820702,NC State Wolfpack,Syracuse Orange,88,68,0,2,152,183,50.8,38.8
2026-01-28,401820703,Notre Dame Fighting Irish,Virginia Cavaliers,97,100,0,2,87,258,47.5,47.7
2026-01-28,401822917,Marquette Golden Eagles,Creighton Bluejays,86,62,0,2,269,156,57.6,40.6
2026-01-28,401822918,UConn Huskies,Providence Friars,87,81,0,2,41,2507,44.6,48.1
2026-01-28,401823798,Nevada Wolf Pack,Grand Canyon Lopes,66,60,0,2,2440,2253,32.8,39.7
2026-01-28,401823826,San José State Spartans,Boise State Broncos,58,89,0,2,23,68,37.7,58.9
2026-01-28,401825473,Indiana Hoosiers,Purdue Boilermakers,72,67,0,2,84,2509,46.0,48.1
2026-01-28,401825474,Michigan Wolverines,Nebraska Cornhuskers,75,72,0,2,130,158,47.2,46.0
2026-01-28,401826827,Army Black Knights,Lehigh Mountain Hawks,67,64,0,2,349,2329,41.3,41.1
2026-01-28,401827027,Southern Jaguars,Mississippi Valley State Delta Devils,80,69,0,2,2582,2400,50.9,44.4
2026-01-28,401827647,UCF Knights,Arizona State Sun Devils,79,76,0,2,2116,9,44.6,47.3
2026-01-28,401827648,West Virginia Mountaineers,Kansas State Wildcats,59,54,0,2,277,2306,41.8,37.5
2026-01-28,401827649,Cincinnati Bearcats,Baylor Bears,67,57,0,2,2132,239,38.7,35.4
2026-01-28,401828393,Dayton Flyers,Rhode Island Rams,76,81,0,2,2168,227,51.2,43.4
2026-01-28,401828394,Saint Louis Billikens,George Washington Revolutionaries,79,76,0,2,139,45,44.4,41.5
2026-01-28,401828395,Loyola Chicago Ramblers,Saint Joseph's Hawks,64,85,0,2,2350,2603,34.8,56.3
2026-01-28,401828396,VCU Rams,Richmond Spiders,77,69,0,2,2670,257,43.4,47.4
2026-01-28,401830281,UIC Flames,Indiana State Sycamores,76,74,0,2,82,282,45.8,52.6
2026-01-28,401830322,UNLV Rebels,New Mexico Lobos,61,89,0,2,2439,167,37.3,50.8
2026-01-28,401858320,Lamar Cardinals,East Texas A&M Lions,82,61,0,2,2320,2837,48.4,35.9
2026-01-29,401804902,UTEP Miners,Louisiana Tech Bulldogs,59,69,0,2,2638,2348,31.5,45.3
2026-01-29,401804903,Missouri State Bears,Sam Houston Bearkats,71,80,0,2,2623,2534,48.2,54.4
2026-01-29,401804904,Kennesaw State Owls,Western Kentucky Hilltoppers,72,69,0,2,338,98,43.4,29.0
2026-01-29,401804905,New Mexico State Aggies,Delaware Blue Hens,64,73,0,2,166,48,41.4,53.2
2026-01-29,401804906,Florida International Panthers,Jacksonville State Gamecocks,74,78,0,2,2229,55,44.1,48.1
2026-01-29,401807709,Eastern Kentucky Colonels,Austin Peay Governors,82,90,0,2,2198,2046,34.7,53.3
2026-01-29,401807710,Queens University Royals,Central Arkansas Bears,90,100,0,2,2511,2110,50.0,54.5
2026-01-29,401807711,Bellarmine Knights,West Georgia Wolves,77,74,0,2,91,2698,53.6,51.7
2026-01-29,401808200,Auburn Tigers,Texas Longhorns,88,82,0,2,2,251,51.1,52.0
2026-01-29,401808201,Georgia Bulldogs,Tennessee Volunteers,85,86,0,2,61,2633,50.8,43.7
2026-01-29,401808202,LSU Tigers,Mississippi State Bulldogs,66,80,0,2,99,344,43.1,50.9
2026-01-29,401808203,South Carolina Gamecocks,Florida Gators,48,95,0,2,2579,57,25.9,62.3
2026-01-29,401808641,Arkansas State Red Wolves,Old Dominion Monarchs,71,75,0,2,2032,295,41.7,45.2
2026-01-29,401808642,Texas State Bobcats,Marshall Thundering Herd,72,68,0,2,326,276,44.8,45.2
2026-01-29,401809343,Chattanooga Mocs,Wofford Terriers,55,81,0,2,236,2747,33.9,42.9
2026-01-29,401809345,Furman Paladins,Samford Bulldogs,78,73,0,2,231,2535,58.3,40.9
2026-01-29,401812134,Binghamton Bearcats,Bryant Bulldogs,63,60,0,2,2066,2803,42.6,37.0
2026-01-29,401812136,New Hampshire Wildcats,UMass Lowell River Hawks,66,61,0,2,160,2349,39.3,41.0
2026-01-29,401812137,UAlbany Great Danes,NJIT Highlanders,68,77,0,2,399,2885,40.0,46.7
2026-01-29,401817641,Robert Morris Colonials,IU Indianapolis Jaguars,74,58,0,2,2523,85,49.1,41.1
2026-01-29,401817642,Purdue Fort Wayne Mastodons,Oakland Golden Grizzlies,65,74,0,2,2870,2473,34.8,44.1
2026-01-29,401818401,Omaha Mavericks,South Dakota State Jackrabbits,80,71,0,2,2437,2571,47.5,39.3
2026-01-29,401818402,Kansas City Roos,Denver Pioneers,61,69,0,2,140,2172,38.1,36.8
2026-01-29,401820168,Boston University Terriers,Navy Midshipmen,50,58,0,2,104,2426,38.0,49.0
2026-01-29,401820201,Loyola Maryland Greyhounds,American University Eagles,77,68,0,2,2352,44,40.4,40.4
2026-01-29,401820700,Florida State Seminoles,California Golden Bears,63,61,0,2,52,25,36.5,34.5
2026-01-29,401820701,Miami Hurricanes,Stanford Cardinal,79,70,0,2,2390,24,47.4,43.5
2026-01-29,401822919,St. John's Red Storm,Butler Bulldogs,92,70,0,2,2599,2086,56.3,43.6
2026-01-29,401822920,Georgetown Hoyas,DePaul Blue Demons,70,61,0,2,46,305,51.1,41.4
2026-01-29,401822921,Seton Hall Pirates,Xavier Musketeers,86,68,0,2,2550,2752,42.9,45.6
2026-01-29,401823926,UNC Asheville Bulldogs,Gardner-Webb Runnin' Bulldogs,69,50,0,2,2427,2241,43.4,38.5
2026-01-29,401824390,Colgate Raiders,Holy Cross Crusaders,79,74,0,2,2142,107,48.4,54.4
2026-01-29,401825476,Iowa Hawkeyes,USC Trojans,73,72,0,2,2294,30,41.8,52.8
2026-01-29,401825477,Oregon Ducks,UCLA Bruins,57,73,0,2,2483,26,35.6,39.7
2026-01-29,401825478,Wisconsin Badgers,Minnesota Golden Gophers,67,63,0,2,275,135,39.6,46.0
2026-01-29,401827650,TCU Horned Frogs,Houston Cougars,70,79,0,2,2628,248,47.2,44.4
2026-01-29,401828197,UTSA Roadrunners,UAB Blazers,73,83,0,2,2636,5,39.4,49.1
2026-01-29,401828198,Temple Owls,Charlotte 49ers,76,80,0,2,218,2429,43.8,48.1
2026-01-29,401828199,East Carolina Pirates,Rice Owls,77,83,0,2,151,242,41.7,49.1
2026-01-29,401828200,Tulsa Golden Hurricane,North Texas Mean Green,82,66,0,2,202,249,50.9,38.1
2026-01-29,401828201,Tulane Green Wave,South Florida Bulls,83,97,0,2,2655,58,43.5,47.7
2026-01-29,401828397,George Mason Patriots,Davidson Wildcats,60,52,0,2,2244,2166,44.7,36.4
2026-01-29,401828398,Duquesne Dukes,St. Bonaventure Bonnies,79,87,0,2,2184,179,43.8,55.8
2026-01-29,401828399,Fordham Rams,La Salle Explorers,64,58,0,2,2230,2325,41.4,33.9
2026-01-29,401829217,Loyola Marymount Lions,Oregon State Beavers,69,72,0,2,2351,204,45.8,49.1
2026-01-29,401829218,Pacific Tigers,Portland Pilots,74,51,0,2,279,2501,50.9,31.0
2026-01-29,401829219,Pepperdine Waves,San Diego Toreros,88,92,0,2,2492,301,41.4,42.3
2026-01-29,401829220,Santa Clara Broncos,San Francisco Dons,88,73,0,2,2541,2539,50.8,46.4
2026-01-29,401829221,Washington State Cougars,Seattle U Redhawks,70,58,0,2,265,2547,55.6,34.4
2026-01-29,401829398,Lafayette Leopards,Bucknell Bison,81,79,0,2,322,2083,48.1,46.2
2026-01-29,401830208,Valparaiso Beacons,Belmont Bruins,77,78,0,2,2674,2057,42.6,54.0
2026-01-29,401830282,Drake Bulldogs,Evansville Purple Aces,82,78,0,2,2181,339,43.1,54.5
2026-01-29,401830283,Murray State Racers,Illinois State Redbirds,65,70,0,2,93,2287,38.3,50.0
2026-01-29,401830284,Southern Illinois Salukis,Northern Iowa Panthers,65,50,0,2,79,2460,47.2,40.4
2026-01-29,401830824,Utah State Aggies,Wyoming Cowboys,94,62,0,2,328,2751,55.0,35.0
2026-01-29,401830830,San Diego State Aztecs,Colorado State Rams,73,50,0,2,21,36,54.0,33.3
2026-01-30,401804901,Middle Tennessee Blue Raiders,Liberty Flames,65,81,0,2,2393,2335,42.6,61.5
2026-01-30,401805181,Abilene Christian Wildcats,Utah Tech Trailblazers,70,76,0,2,2000,3101,43.3,49.0
2026-01-30,401805182,Tarleton State Texans,Utah Valley Wolverines,55,83,0,2,2627,3084,28.3,55.6
2026-01-30,401805183,UT Arlington Mavericks,Southern Utah Thunderbirds,80,61,0,2,250,253,43.3,35.7
2026-01-30,401806461,Tennessee State Tigers,Little Rock Trojans,70,63,0,2,2634,2031,48.1,35.8
2026-01-30,401806462,Morehead State Eagles,SIU Edwardsville Cougars,67,65,0,2,2413,2565,43.4,41.4
2026-01-30,401806463,Western Illinois Leathernecks,Southeast Missouri State Redhawks,74,78,0,2,2710,2546,40.0,54.3
2026-01-30,401807712,Jacksonville Dolphins,Lipscomb Bisons,70,65,0,2,294,288,49.1,47.3
2026-01-30,401807713,Florida Gulf Coast Eagles,North Alabama Lions,72,64,0,2,526,2453,41.7,42.3
2026-01-30,401807714,North Florida Ospreys,Stetson Hatters,77,84,0,2,2454,56,45.0,45.5
2026-01-30,401808460,Northern Arizona Lumberjacks,Eastern Washington Eagles,92,86,0,2,2464,331,51.9,46.6
2026-01-30,401808477,Northern Colorado Bears,Idaho Vandals,91,83,0,2,2458,70,52.6,37.5
2026-01-30,401808506,Portland State Vikings,Montana Grizzlies,60,64,0,2,2502,149,38.3,46.7
2026-01-30,401808517,Sacramento State Hornets,Montana State Bobcats,83,80,0,2,16,147,56.1,40.6
2026-01-30,401808643,Southern Miss Golden Eagles,App State Mountaineers,63,70,0,2,2572,2026,36.2,39.2
2026-01-30,401808644,South Alabama Jaguars,Coastal Carolina Chanticleers,53,48,0,2,6,324,38.9,28.8
2026-01-30,401808645,Louisiana Ragin' Cajuns,Georgia State Panthers,82,72,0,2,309,2247,50.0,30.9
2026-01-30,401808647,Troy Trojans,James Madison Dukes,64,73,0,2,2653,256,36.1,48.1
2026-01-30,401809094,UC San Diego Tritons,UC Santa Barbara Gauchos,48,62,0,2,28,2540,36.0,37.3
2026-01-30,401809113,UC Irvine Anteaters,Hawai'i Rainbow Warriors,87,76,0,2,300,62,47.1,33.3
2026-01-30,401809130,Cal State Northridge Matadors,UC Davis Aggies,94,78,0,2,2463,302,52.9,41.3
2026-01-30,401809159,Cal State Bakersfield Roadrunners,Cal Poly Mustangs,79,104,0,2,2934,13,47.0,55.4
2026-01-30,401809344,East Tennessee State Buccaneers,Western Carolina Catamounts,88,90,0,2,2193,2717,49.1,51.8
2026-01-30,401809346,Mercer Bears,UNC Greensboro Spartans,95,77,0,2,2382,2430,47.1,38.6
2026-01-30,401809347,The Citadel Bulldogs,VMI Keydets,80,56,0,2,2643,2678,45.9,37.0
2026-01-30,401812036,Hofstra Pride,Charleston Cougars,64,66,0,2,2275,232,33.3,37.9
2026-01-30,401812037,Towson Tigers,UNC Wilmington Seahawks,73,82,0,2,119,350,50.0,44.8
2026-01-30,401812038,Monmouth Hawks,North Carolina A&T Aggies,83,81,0,2,2405,2448,43.1,48.3
2026-01-30,401812039,Drexel Dragons,Hampton Pirates,58,51,0,2,2182,2261,41.7,32.2
2026-01-30,401812040,Elon Phoenix,William & Mary Tribe,79,76,0,2,2210,2729,49.2,46.6
2026-01-30,401812041,Campbell Fighting Camels,Stony Brook Seawolves,69,81,0,2,2097,2619,42.9,49.2
2026-01-30,401812135,Vermont Catamounts,UMBC Retrievers,64,55,0,2,261,2378,40.8,32.7
2026-01-30,401812323,Stonehill Skyhawks,Fairleigh Dickinson Knights,58,57,0,2,284,161,40.7,38.5
2026-01-30,401812341,Long Island University Sharks,Le Moyne Dolphins,83,61,0,2,112358,2330,48.2,35.7
2026-01-30,401812414,Wagner Seahawks,Central Connecticut Blue Devils,55,62,0,2,2681,2115,31.5,44.9
2026-01-30,401813390,Niagara Purple Eagles,Siena Saints,79,82,0,2,315,2561,53.7,60.9
2026-01-30,401814549,Akron Zips,Kent State Golden Flashes,69,52,0,2,2006,2309,41.7,28.4
2026-01-30,401817643,Youngstown State Penguins,IU Indianapolis Jaguars,85,76,0,2,2754,85,51.0,45.3
2026-01-30,401818403,St. Thomas Tommies,North Dakota Fighting Hawks,80,81,0,2,2900,155,49.1,50.0
2026-01-30,401818404,South Dakota Coyotes,Oral Roberts Golden Eagles,77,69,0,2,233,198,42.1,42.2
2026-01-30,401820219,Mercyhurst Lakers,New Haven Chargers,70,51,0,2,2385,2441,41.7,38.3
2026-01-30,401822363,Eastern Illinois Panthers,UT Martin Skyhawks,68,76,0,2,2197,2630,39.0,53.1
2026-01-30,401822398,Southern Indiana Screaming Eagles,Lindenwood Lions,60,73,0,2,88,2815,30.9,39.7
2026-01-30,401823338,UC Riverside Highlanders,Long Beach State Beach,71,61,0,2,27,299,40.7,41.8
2026-01-30,401823927,South Carolina Upstate Spartans,Longwood Lancers,65,60,0,2,2908,2344,44.6,42.6
2026-01-30,401823928,High Point Panthers,Presbyterian Blue Hose,84,81,0,2,2272,2506,41.8,53.8
2026-01-30,401823929,Charleston Southern Buccaneers,Radford Highlanders,75,84,0,2,2127,2515,37.7,45.6
2026-01-30,401825479,Illinois Fighting Illini,Washington Huskies,75,66,0,2,356,264,42.9,44.8
2026-01-30,401825480,Northwestern Wildcats,Penn State Nittany Lions,94,73,0,2,77,213,60.3,49.0
2026-01-30,401826866,Cornell Big Red,Princeton Tigers,87,64,0,2,172,163,63.6,40.0
2026-01-30,401827651,Iowa State Cyclones,Colorado Buffaloes,97,67,0,2,66,38,61.4,42.6
2026-01-30,401828202,Memphis Tigers,Florida Atlantic Owls,92,65,0,2,235,2226,50.7,30.8
2026-01-30,401858731,UL Monroe Warhawks,Georgia Southern Eagles,76,79,1,2,2433,290,44.4,44.4
2026-01-31,401804907,Kennesaw State Owls,New Mexico State Aggies,76,53,0,2,338,166,42.3,25.0
2026-01-31,401804909,Missouri State Bears,Jacksonville State Gamecocks,74,67,0,2,2623,55,46.6,40.7
2026-01-31,401804910,Middle Tennessee Blue Raiders,Western Kentucky Hilltoppers,60,65,0,2,2393,98,40.0,37.5
2026-01-31,401805184,Abilene Christian Wildcats,Southern Utah Thunderbirds,76,79,0,2,2000,253,51.7,67.4
2026-01-31,401805185,Tarleton State Texans,Utah Tech Trailblazers,59,65,0,2,2627,3101,34.4,50.0
2026-01-31,401805186,UT Arlington Mavericks,California Baptist Lancers,77,87,0,2,250,2856,36.6,45.9
2026-01-31,401806464,Eastern Illinois Panthers,Southeast Missouri State Redhawks,59,77,0,2,2197,2546,39.2,50.0
2026-01-31,401806465,Morehead State Eagles,Lindenwood Lions,78,79,0,2,2413,2815,43.9,46.2
2026-01-31,401806466,Tennessee Tech Golden Eagles,Little Rock Trojans,87,77,0,2,2635,2031,51.8,52.6
2026-01-31,401806468,Western Illinois Leathernecks,UT Martin Skyhawks,44,84,0,2,2710,2630,26.5,51.7
2026-01-31,401807715,West Georgia Wolves,Austin Peay Governors,78,81,0,2,2698,2046,43.8,40.4
2026-01-31,401807716,Central Arkansas Bears,Eastern Kentucky Colonels,90,81,0,2,2110,2198,49.3,42.1
2026-01-31,401807717,Jacksonville Dolphins,Florida Gulf Coast Eagles,49,68,0,2,294,526,37.0,44.2
2026-01-31,401807718,North Florida Ospreys,Lipscomb Bisons,94,100,0,2,2454,288,47.7,60.6
2026-01-31,401807719,Stetson Hatters,North Alabama Lions,66,68,0,2,56,2453,40.4,48.1
2026-01-31,401807720,Bellarmine Knights,Queens University Royals,78,75,0,2,91,2511,50.9,45.2
2026-01-31,401808207,Arkansas Razorbacks,Kentucky Wildcats,77,85,0,2,8,96,49.2,53.6
2026-01-31,401808209,Georgia Bulldogs,Texas A&M Aggies,77,92,0,2,61,245,39.7,44.8
2026-01-31,401808210,Vanderbilt Commodores,Ole Miss Rebels,71,68,0,2,238,145,43.6,42.3
2026-01-31,401808211,Missouri Tigers,Mississippi State Bulldogs,84,79,0,2,142,344,43.1,43.1
2026-01-31,401808212,South Carolina Gamecocks,LSU Tigers,87,92,0,2,2579,99,40.6,51.7
2026-01-31,401808214,Oklahoma Sooners,Texas Longhorns,69,79,0,2,201,251,41.0,60.0
2026-01-31,401808461,Northern Colorado Bears,Eastern Washington Eagles,74,71,0,2,2458,331,40.0,46.6
2026-01-31,401808493,Weber State Wildcats,Idaho State Bengals,81,79,0,2,2692,304,47.5,53.7
2026-01-31,401808518,Portland State Vikings,Montana State Bobcats,63,54,0,2,2502,147,45.3,33.9
2026-01-31,401808648,Troy Trojans,App State Mountaineers,44,66,0,2,2653,2026,32.7,43.4
2026-01-31,401808650,Louisiana Ragin' Cajuns,Georgia Southern Eagles,69,60,0,2,309,290,50.0,38.5
2026-01-31,401808652,Southern Miss Golden Eagles,James Madison Dukes,73,65,0,2,2572,256,45.7,43.4
2026-01-31,401808653,Arkansas State Red Wolves,Marshall Thundering Herd,61,70,0,2,2032,276,32.8,45.5
2026-01-31,401808654,Texas State Bobcats,Old Dominion Monarchs,81,64,0,2,326,295,45.8,32.8
2026-01-31,401808714,East Texas A&M Lions,Nicholls Colonels,68,72,0,2,2837,2447,37.3,48.1
2026-01-31,401808910,LSU New Orleans Privateers,Northwestern State Demons,75,64,0,2,2443,2466,44.4,42.6
2026-01-31,401808960,Stephen F. Austin Lumberjacks,SE Louisiana Lions,85,58,0,2,2617,2545,55.4,42.6
2026-01-31,401808981,Incarnate Word Cardinals,UT Rio Grande Valley Vaqueros,93,106,0,2,2916,292,55.9,62.3
2026-01-31,401809131,Cal State Bakersfield Roadrunners,UC Davis Aggies,72,80,0,2,2934,302,48.1,44.4
2026-01-31,401809145,Long Beach State Beach,Hawai'i Rainbow Warriors,82,89,0,2,299,62,44.1,58.0
2026-01-31,401809349,Mercer Bears,VMI Keydets,95,81,0,2,2382,2678,50.0,41.9
2026-01-31,401809350,The Citadel Bulldogs,UNC Greensboro Spartans,71,66,0,2,2643,2430,38.7,42.1
2026-01-31,401812042,Elon Phoenix,Stony Brook Seawolves,68,72,0,2,2210,2619,40.0,36.1
2026-01-31,401812043,Monmouth Hawks,Hofstra Pride,57,73,0,2,2405,2275,38.3,51.9
2026-01-31,401812044,Towson Tigers,Hampton Pirates,82,50,0,2,119,2261,55.6,29.3
2026-01-31,401812045,Drexel Dragons,North Carolina A&T Aggies,61,60,0,2,2182,2448,42.6,39.6
2026-01-31,401812046,William & Mary Tribe,Campbell Fighting Camels,96,104,0,2,2729,2097,58.0,53.8
2026-01-31,401812047,Northeastern Huskies,Charleston Cougars,84,89,0,2,111,232,49.3,53.2
2026-01-31,401812138,UMass Lowell River Hawks,Maine Black Bears,91,77,0,2,2349,311,58.1,50.9
2026-01-31,401812140,Bryant Bulldogs,New Hampshire Wildcats,92,84,0,2,2803,160,46.4,48.3
2026-01-31,401812141,Vermont Catamounts,NJIT Highlanders,77,79,0,2,261,2885,41.3,46.7
2026-01-31,401812324,Wagner Seahawks,Fairleigh Dickinson Knights,75,72,0,2,2681,161,40.7,48.3
2026-01-31,401812342,Le Moyne Dolphins,Stonehill Skyhawks,54,65,0,2,2330,284,33.3,34.4
2026-01-31,401812371,Central Connecticut Blue Devils,Long Island University Sharks,59,80,0,2,2115,112358,32.2,50.0
2026-01-31,401812590,Columbia Lions,Pennsylvania Quakers,72,67,0,2,171,219,53.6,41.3
2026-01-31,401812591,Cornell Big Red,Pennsylvania Quakers,81,91,0,2,172,219,45.2,55.6
2026-01-31,401812617,Brown Bears,Harvard Crimson,59,69,0,2,225,108,43.4,51.4
2026-01-31,401813304,Manhattan Jaspers,Rider Broncs,95,90,0,2,2363,2520,51.7,53.3
2026-01-31,401813337,Canisius Golden Griffins,Marist Red Foxes,86,88,0,2,2099,2368,47.6,55.6
2026-01-31,401813414,Saint Peter's Peacocks,Mount St. Mary's Mountaineers,66,58,0,2,2612,116,35.6,40.8
2026-01-31,401814546,Toledo Rockets,Ball State Cardinals,73,55,0,2,2649,2050,48.2,31.4
2026-01-31,401814548,Massachusetts Minutemen,Eastern Michigan Eagles,70,67,0,2,113,2199,44.0,46.9
2026-01-31,401814550,Miami (OH) RedHawks,Northern Illinois Huskies,85,61,0,2,193,2459,48.4,41.8
2026-01-31,401814551,Buffalo Bulls,Ohio Bobcats,83,95,0,2,2084,195,55.8,53.0
2026-01-31,401817644,Detroit Mercy Titans,Northern Kentucky Norse,90,77,0,2,2174,94,55.6,39.7
2026-01-31,401817645,Milwaukee Panthers,Wright State Raiders,69,76,0,2,270,2750,42.0,45.9
2026-01-31,401817646,Green Bay Phoenix,Cleveland State Vikings,82,89,0,2,2739,325,44.1,51.0
2026-01-31,401817647,Purdue Fort Wayne Mastodons,Robert Morris Colonials,83,71,0,2,2870,2523,48.2,47.5
2026-01-31,401818311,Yale Bulldogs,Dartmouth Big Green,83,68,0,2,43,159,55.2,45.0
2026-01-31,401818405,South Dakota Coyotes,North Dakota State Bison,84,89,0,2,233,2449,47.4,54.7
2026-01-31,401818406,Denver Pioneers,Omaha Mavericks,82,84,0,2,2172,2437,44.8,46.2
2026-01-31,401818407,South Dakota State Jackrabbits,Oral Roberts Golden Eagles,95,72,0,2,2571,198,56.7,33.3
2026-01-31,401818542,Columbia Lions,Princeton Tigers,68,80,0,2,171,163,39.7,57.1
2026-01-31,401818561,Brown Bears,Dartmouth Big Green,70,77,0,2,225,159,35.2,44.2
2026-01-31,401820169,Navy Midshipmen,Loyola Maryland Greyhounds,87,71,0,2,2426,2352,65.5,40.3
2026-01-31,401820220,Chicago State Cougars,Mercyhurst Lakers,78,74,0,2,2130,2385,44.6,48.3
2026-01-31,401820480,Texas A&M-Corpus Christi Islanders,Houston Christian Huskies,73,71,0,2,357,2277,54.0,44.9
2026-01-31,401820566,Air Force Falcons,Fresno State Bulldogs,62,79,0,2,2005,278,39.0,46.7
2026-01-31,401820590,Quinnipiac Bobcats,Sacred Heart Pioneers,91,98,0,2,2514,2529,46.4,48.3
2026-01-31,401820705,Boston College Eagles,Virginia Cavaliers,66,73,0,2,103,258,47.1,43.8
2026-01-31,401820706,Syracuse Orange,Notre Dame Fighting Irish,86,72,0,2,183,87,57.1,49.1
2026-01-31,401820707,Clemson Tigers,Pittsburgh Panthers,63,52,0,2,228,221,46.3,37.7
2026-01-31,401820708,Florida State Seminoles,Stanford Cardinal,88,80,0,2,52,24,54.7,46.3
2026-01-31,401820709,Georgia Tech Yellow Jackets,North Carolina Tar Heels,75,91,0,2,59,153,45.0,45.6
2026-01-31,401820710,Louisville Cardinals,SMU Mustangs,88,74,0,2,97,2567,49.2,48.4
2026-01-31,401820711,Miami Hurricanes,California Golden Bears,85,86,0,2,2390,25,56.9,49.1
2026-01-31,401820712,Virginia Tech Hokies,Duke Blue Devils,58,72,0,2,259,150,41.8,52.5
2026-01-31,401820713,Wake Forest Demon Deacons,NC State Wolfpack,78,96,0,2,154,152,47.2,54.1
2026-01-31,401822773,Coppin State Eagles,Morgan State Bears,80,89,0,2,2154,2415,45.0,48.2
2026-01-31,401822922,Villanova Wildcats,Providence Friars,87,73,0,2,222,2507,50.8,48.3
2026-01-31,401822924,Butler Bulldogs,Georgetown Hoyas,64,77,0,2,2086,46,33.3,54.9
2026-01-31,401822925,Seton Hall Pirates,Marquette Golden Eagles,69,64,0,2,2550,269,50.9,47.1
2026-01-31,401822926,Xavier Musketeers,DePaul Blue Demons,68,66,0,2,2752,305,46.0,49.2
2026-01-31,401823050,Delaware State Hornets,Maryland Eastern Shore Hawks,65,57,0,2,2169,2379,48.9,47.8
2026-01-31,401823317,Iona Gaels,Fairfield Stags,70,71,0,2,314,2217,41.8,41.5
2026-01-31,401823779,Utah State Aggies,San Diego State Aztecs,71,66,0,2,328,21,40.6,40.4
2026-01-31,401823799,Grand Canyon Lopes,Boise State Broncos,86,69,0,2,2253,68,59.2,39.6
2026-01-31,401823931,Longwood Lancers,High Point Panthers,59,71,0,2,2344,2272,41.5,48.0
2026-01-31,401823932,Presbyterian Blue Hose,Radford Highlanders,84,93,0,2,2506,2515,50.8,43.1
2026-01-31,401823933,Winthrop Eagles,UNC Asheville Bulldogs,84,71,0,2,2737,2427,45.1,42.6
2026-01-31,401824370,Bucknell Bison,Boston University Terriers,103,97,0,2,2083,104,51.6,45.6
2026-01-31,401824391,Army Black Knights,Holy Cross Crusaders,69,68,0,2,349,107,38.7,36.7
2026-01-31,401825481,Michigan State Spartans,Michigan Wolverines,71,83,0,2,127,130,36.7,44.1
2026-01-31,401825483,UCLA Bruins,Indiana Hoosiers,97,98,0,2,26,84,39.5,42.4
2026-01-31,401825485,Wisconsin Badgers,Ohio State Buckeyes,92,82,0,2,275,194,51.6,40.6
2026-01-31,401827028,Alcorn State Braves,Southern Jaguars,78,73,0,2,2016,2582,57.1,45.5
2026-01-31,401827054,Prairie View A&M Panthers,Texas Southern Tigers,85,78,0,2,2504,2640,43.1,45.8
2026-01-31,401827100,Jackson State Tigers,Grambling Tigers,66,69,0,2,2296,2755,38.0,39.3
2026-01-31,401827119,Alabama State Hornets,Bethune-Cookman Wildcats,54,69,0,2,2011,2065,37.5,50.0
2026-01-31,401827144,Mississippi Valley State Delta Devils,Arkansas-Pine Bluff Golden Lions,70,78,0,2,2400,2029,47.9,45.3
2026-01-31,401827205,Alabama A&M Bulldogs,Florida A&M Rattlers,72,65,0,2,2010,50,40.4,39.2
2026-01-31,401827652,Arizona State Sun Devils,Arizona Wildcats,74,87,0,2,9,12,41.5,50.8
2026-01-31,401827653,UCF Knights,Texas Tech Red Raiders,88,80,0,2,2116,2641,49.2,56.4
2026-01-31,401827654,Houston Cougars,Cincinnati Bearcats,76,54,0,2,248,2132,44.8,38.3
2026-01-31,401827655,Kansas Jayhawks,BYU Cougars,90,82,0,2,2305,252,57.1,45.5
2026-01-31,401827656,Utah Utes,Oklahoma State Cowboys,69,81,0,2,254,197,40.7,48.5
2026-01-31,401827657,West Virginia Mountaineers,Baylor Bears,53,63,0,2,277,239,36.0,45.5
2026-01-31,401828204,Charlotte 49ers,Rice Owls,80,70,0,2,2429,242,51.1,37.1
2026-01-31,401828400,Saint Louis Billikens,Dayton Flyers,102,71,0,2,139,2168,62.5,45.5
2026-01-31,401828401,VCU Rams,Loyola Chicago Ramblers,89,75,0,2,2670,2350,45.8,46.7
2026-01-31,401828402,Richmond Spiders,Davidson Wildcats,54,79,0,2,257,2166,36.0,53.3
2026-01-31,401828403,George Washington Revolutionaries,Fordham Rams,65,79,0,2,45,2230,39.3,48.4
2026-01-31,401828404,St. Bonaventure Bonnies,George Mason Patriots,73,77,0,2,179,2244,55.1,55.4
2026-01-31,401828405,La Salle Explorers,Saint Joseph's Hawks,58,67,0,2,2325,2603,38.8,42.3
2026-01-31,401828675,American University Eagles,Lafayette Leopards,65,67,0,2,44,322,41.4,42.9
2026-01-31,401828728,Howard Bison,Norfolk State Spartans,88,60,0,2,47,2450,54.0,34.5
2026-01-31,401829222,San Diego Toreros,Oregon State Beavers,76,78,0,2,301,204,43.3,40.3
2026-01-31,401829224,Washington State Cougars,Portland Pilots,104,74,0,2,265,2501,55.4,42.6
2026-01-31,401829317,Nevada Wolf Pack,UNLV Rebels,89,76,0,2,2440,2439,58.0,45.9
2026-01-31,401829409,Lehigh Mountain Hawks,Colgate Raiders,77,76,0,2,2329,2142,50.9,49.1
2026-01-31,401830228,Drake Bulldogs,Bradley Braves,73,87,0,2,2181,71,39.7,47.6
2026-01-31,401830285,Northern Iowa Panthers,Evansville Purple Aces,71,55,0,2,2460,339,54.7,40.4
2026-01-31,401830287,Indiana State Sycamores,Valparaiso Beacons,72,76,0,2,282,2674,45.8,43.8
2026-02-01,401804908,Sam Houston Bearkats,Louisiana Tech Bulldogs,83,67,0,2,2534,2348,49.1,42.4
2026-02-01,401804911,UTEP Miners,Delaware Blue Hens,70,55,0,2,2638,48,38.6,26.5
2026-02-01,401806467,Southern Indiana Screaming Eagles,SIU Edwardsville Cougars,46,58,0,2,88,2565,28.3,45.7
2026-02-01,401808208,Florida Gators,Alabama Crimson Tide,100,77,0,2,57,333,51.3,43.5
2026-02-01,401808213,Tennessee Volunteers,Auburn Tigers,77,69,0,2,2633,2,44.4,38.1
2026-02-01,401808478,Northern Arizona Lumberjacks,Idaho Vandals,62,79,0,2,2464,70,43.4,54.4
2026-02-01,401808507,Sacramento State Hornets,Montana Grizzlies,86,79,0,2,16,149,49.2,48.3
2026-02-01,401808649,UL Monroe Warhawks,Coastal Carolina Chanticleers,79,83,0,2,2433,324,44.6,51.6
2026-02-01,401808651,South Alabama Jaguars,Georgia State Panthers,69,67,0,2,6,2247,51.9,35.0
2026-02-01,401808881,Lamar Cardinals,McNeese Cowboys,63,64,0,2,2320,2377,37.7,37.0
2026-02-01,401809095,Cal State Northridge Matadors,UC San Diego Tritons,81,64,0,2,2463,28,45.2,34.3
2026-02-01,401809160,UC Riverside Highlanders,Cal Poly Mustangs,87,94,0,2,27,13,47.0,53.1
2026-02-01,401809348,Furman Paladins,Chattanooga Mocs,75,70,0,2,231,236,50.0,41.0
2026-02-01,401809351,Western Carolina Catamounts,Samford Bulldogs,74,88,0,2,2717,2535,38.5,50.0
2026-02-01,401812139,UAlbany Great Danes,UMBC Retrievers,65,68,0,2,399,2378,43.3,44.4
2026-02-01,401812395,Saint Francis Red Wolves,New Haven Chargers,69,81,0,2,2598,2441,44.6,52.1
2026-02-01,401812618,Yale Bulldogs,Harvard Crimson,65,67,0,2,43,108,42.9,46.8
2026-02-01,401813315,Mount St. Mary's Mountaineers,Manhattan Jaspers,72,65,0,2,116,2363,41.0,38.3
2026-02-01,401813338,Niagara Purple Eagles,Marist Red Foxes,46,58,0,2,315,2368,29.1,42.9
2026-02-01,401813365,Canisius Golden Griffins,Siena Saints,63,78,0,2,2099,2561,38.6,54.9
2026-02-01,401814547,Central Michigan Chippewas,Bowling Green Falcons,62,59,0,2,2117,189,43.3,35.8
2026-02-01,401817648,Oakland Golden Grizzlies,Northern Kentucky Norse,76,65,0,2,2473,94,42.2,32.9
2026-02-01,401817649,Green Bay Phoenix,Wright State Raiders,75,83,0,2,2739,2750,46.0,47.2
2026-02-01,401817650,Milwaukee Panthers,Cleveland State Vikings,88,90,0,2,270,325,48.3,50.0
2026-02-01,401820591,Fairfield Stags,Quinnipiac Bobcats,65,72,0,2,2217,2514,34.7,52.5
2026-02-01,401822923,Creighton Bluejays,UConn Huskies,58,85,0,2,156,41,40.9,54.1
2026-02-01,401823181,UC Santa Barbara Gauchos,Cal State Fullerton Titans,83,69,0,2,2540,2239,48.3,43.6
2026-02-01,401823753,Merrimack Warriors,Sacred Heart Pioneers,75,58,0,2,2771,2529,39.7,42.2
2026-02-01,401823850,Rider Broncs,Saint Peter's Peacocks,81,78,0,2,2520,2612,50.0,45.3
2026-02-01,401825482,Northwestern Wildcats,Washington Huskies,62,76,0,2,77,264,38.6,46.2
2026-02-01,401825484,USC Trojans,Rutgers Scarlet Knights,78,75,0,2,30,164,51.0,39.2
2026-02-01,401825486,Maryland Terrapins,Purdue Boilermakers,63,93,0,2,120,2509,38.8,52.7
2026-02-01,401825487,Nebraska Cornhuskers,Illinois Fighting Illini,69,78,0,2,158,356,42.4,44.4
2026-02-01,401825489,Penn State Nittany Lions,Minnesota Golden Gophers,77,75,0,2,213,135,50.0,52.9
2026-02-01,401827658,Colorado Buffaloes,TCU Horned Frogs,87,61,0,2,38,2628,55.6,33.3
2026-02-01,401827659,Kansas State Wildcats,Iowa State Cyclones,61,95,0,2,2306,66,40.3,55.0
2026-02-01,401828203,North Texas Mean Green,UAB Blazers,68,72,0,2,249,5,41.4,50.9
2026-02-01,401828205,Temple Owls,South Florida Bulls,79,78,0,2,218,58,44.4,45.8
2026-02-01,401828206,Florida Atlantic Owls,East Carolina Pirates,75,76,0,2,2226,151,50.9,42.6
2026-02-01,401828207,Memphis Tigers,Tulane Green Wave,76,78,0,2,235,2655,35.7,50.0
2026-02-01,401828208,Tulsa Golden Hurricane,Wichita State Shockers,93,83,0,2,202,2724,60.0,43.8
2026-02-01,401828406,Duquesne Dukes,Rhode Island Rams,76,61,0,2,2184,227,44.0,38.9
2026-02-01,401829223,San Francisco Dons,Pacific Tigers,87,82,0,2,2539,279,49.2,50.8
2026-02-01,401829225,Gonzaga Bulldogs,Saint Mary's Gaels,73,65,0,2,2250,2608,46.6,34.0
2026-02-01,401829226,Loyola Marymount Lions,Santa Clara Broncos,73,104,0,2,2351,2541,43.8,51.4
2026-02-01,401829330,San José State Spartans,New Mexico Lobos,80,90,0,2,23,167,46.8,53.7
2026-02-01,401829482,St. Thomas Tommies,Kansas City Roos,99,64,0,2,2900,140,56.1,34.2
2026-02-01,401830209,Belmont Bruins,Murray State Racers,103,86,0,2,2057,93,56.1,47.5
2026-02-01,401830286,Southern Illinois Salukis,UIC Flames,66,68,0,2,79,82,44.0,40.0
2026-02-01,401830825,Wyoming Cowboys,Colorado State Rams,68,57,0,2,2751,36,44.2,39.7
2026-02-02,401809352,Wofford Terriers,East Tennessee State Buccaneers,72,86,0,2,2747,2193,48.1,48.2
2026-02-02,401823049,North Carolina Central Eagles,Maryland Eastern Shore Hawks,65,63,0,2,2428,2379,48.0,49.0
2026-02-02,401825488,Oregon Ducks,Iowa Hawkeyes,66,84,0,2,2483,2294,41.1,58.9
2026-02-02,401858634,Coppin State Eagles,Howard Bison,53,72,0,2,2154,47,35.7,45.3
2026-02-03,401806458,Tennessee State Tigers,Tennessee Tech Golden Eagles,85,90,0,2,2634,2635,46.5,52.8
2026-02-03,401808494,Portland State Vikings,Idaho State Bengals,88,65,0,2,2502,304,55.9,42.6
2026-02-03,401808542,Sacramento State Hornets,Weber State Wildcats,104,90,0,2,16,2692,61.5,47.1
2026-02-03,401808715,East Texas A&M Lions,LSU New Orleans Privateers,85,94,0,2,2837,2443,44.6,50.9
2026-02-03,401808882,Stephen F. Austin Lumberjacks,McNeese Cowboys,67,60,0,2,2617,2377,36.8,34.4
2026-02-03,401808926,Northwestern State Demons,Nicholls Colonels,58,61,0,2,2466,2447,37.3,38.2
2026-02-03,401808961,Lamar Cardinals,SE Louisiana Lions,73,54,0,2,2320,2545,46.2,41.2
2026-02-03,401808982,UT Rio Grande Valley Vaqueros,Houston Christian Huskies,74,57,0,2,292,2277,43.6,33.3
2026-02-03,401813366,Niagara Purple Eagles,Canisius Golden Griffins,65,56,0,2,315,2099,55.6,42.3
2026-02-03,401814552,Eastern Michigan Eagles,Akron Zips,64,66,0,2,2199,2006,40.4,37.7
2026-02-03,401814556,Buffalo Bulls,Miami (OH) RedHawks,71,73,0,2,2084,193,42.1,55.2
2026-02-03,401820492,Texas A&M-Corpus Christi Islanders,Incarnate Word Cardinals,69,71,0,2,357,2916,45.1,50.0
2026-02-03,401820714,North Carolina Tar Heels,Syracuse Orange,87,77,0,2,153,183,48.2,44.6
2026-02-03,401820817,Texas Tech Red Raiders,Kansas Jayhawks,61,64,0,2,2641,2305,31.9,45.3
2026-02-03,401824371,Holy Cross Crusaders,Boston University Terriers,64,72,0,2,107,104,41.7,54.3
2026-02-03,401827029,Jackson State Tigers,Southern Jaguars,91,96,0,2,2296,2582,41.5,46.5
2026-02-03,401827101,Alcorn State Braves,Grambling Tigers,50,74,0,2,2016,2755,32.7,50.9
2026-02-03,401827120,Alabama A&M Bulldogs,Bethune-Cookman Wildcats,62,80,0,2,2010,2065,32.8,52.7
2026-02-03,401827165,Alabama State Hornets,Florida A&M Rattlers,79,66,0,2,2011,50,47.5,41.8
2026-02-04,401806455,UT Martin Skyhawks,Little Rock Trojans,55,52,0,2,2630,2031,38.5,44.2
2026-02-04,401806469,Lindenwood Lions,SIU Edwardsville Cougars,72,78,0,2,2815,2565,40.0,50.0
2026-02-04,401808217,Texas Longhorns,South Carolina Gamecocks,84,75,0,2,251,2579,42.9,50.0
2026-02-04,401808218,Tennessee Volunteers,Ole Miss Rebels,84,66,0,2,2633,145,44.8,42.3
2026-02-04,401808655,App State Mountaineers,South Alabama Jaguars,65,57,0,2,2026,6,39.6,37.0
2026-02-04,401809354,UNC Greensboro Spartans,Western Carolina Catamounts,81,78,0,2,2430,2717,43.6,45.0
2026-02-04,401809355,VMI Keydets,Wofford Terriers,67,81,0,2,2678,2747,39.7,45.6
2026-02-04,401814553,Bowling Green Falcons,Ball State Cardinals,77,52,0,2,189,2050,56.3,39.2
2026-02-04,401814554,Massachusetts Minutemen,Central Michigan Chippewas,95,89,0,2,113,2117,57.1,59.2
2026-02-04,401814555,Toledo Rockets,Kent State Golden Flashes,72,75,0,2,2649,2309,43.5,37.9
2026-02-04,401814557,Ohio Bobcats,Western Michigan Broncos,91,71,0,2,195,2711,51.7,45.0
2026-02-04,401820567,Grand Canyon Lopes,Air Force Falcons,81,57,0,2,2253,2005,52.5,39.2
2026-02-04,401820715,Duke Blue Devils,Boston College Eagles,67,49,0,2,150,103,48.0,38.5
2026-02-04,401820716,Virginia Cavaliers,Pittsburgh Panthers,67,47,0,2,258,221,44.1,37.0
2026-02-04,401820719,SMU Mustangs,NC State Wolfpack,83,84,0,2,2567,152,47.8,45.9
2026-02-04,401822927,UConn Huskies,Xavier Musketeers,92,60,0,2,41,2752,56.7,36.7
2026-02-04,401822928,DePaul Blue Demons,St. John's Red Storm,56,68,0,2,305,2599,34.6,35.0
2026-02-04,401822929,Villanova Wildcats,Seton Hall Pirates,72,60,0,2,222,2550,45.1,42.9
2026-02-04,401823780,San Diego State Aztecs,Wyoming Cowboys,72,63,0,2,21,2751,45.1,32.1
2026-02-04,401823827,Boise State Broncos,Nevada Wolf Pack,91,87,0,2,68,2440,51.9,49.2
2026-02-04,401823936,UNC Asheville Bulldogs,South Carolina Upstate Spartans,76,67,0,2,2427,2908,52.8,41.0
2026-02-04,401825490,UCLA Bruins,Rutgers Scarlet Knights,98,66,0,2,26,164,55.6,43.6
2026-02-04,401825491,USC Trojans,Indiana Hoosiers,81,75,0,2,30,84,46.3,41.3
2026-02-04,401828407,Davidson Wildcats,Saint Louis Billikens,82,91,0,2,2166,139,44.4,50.8
2026-02-04,401828408,Dayton Flyers,St. Bonaventure Bonnies,72,70,0,2,2168,179,41.3,48.1
2026-02-04,401828409,Fordham Rams,VCU Rams,59,63,0,2,2230,2670,35.5,45.5
2026-02-04,401828410,Loyola Chicago Ramblers,La Salle Explorers,71,61,0,2,2350,2325,44.2,40.4
2026-02-04,401828930,Fresno State Bulldogs,UNLV Rebels,98,96,0,2,278,2439,59.2,55.4
2026-02-04,401830210,Belmont Bruins,Drake Bulldogs,103,90,0,2,2057,2181,59.1,53.3
2026-02-04,401830227,Bradley Braves,Valparaiso Beacons,72,65,0,2,71,2674,48.2,47.4
2026-02-04,401830288,Murray State Racers,UIC Flames,81,74,0,2,93,82,46.7,40.3
2026-02-04,401830289,Evansville Purple Aces,Indiana State Sycamores,63,84,0,2,339,282,42.6,55.0
2026-02-04,401830290,Illinois State Redbirds,Southern Illinois Salukis,50,54,0,2,2287,79,31.7,40.4
2026-02-05,401804912,Louisiana Tech Bulldogs,New Mexico State Aggies,63,72,0,2,2348,166,34.4,49.1
2026-02-05,401804913,Sam Houston Bearkats,UTEP Miners,70,66,0,2,2534,2638,34.4,40.0
2026-02-05,401804915,Middle Tennessee Blue Raiders,Florida International Panthers,84,88,0,2,2393,2229,37.5,45.3
2026-02-05,401804916,Delaware Blue Hens,Liberty Flames,69,75,0,2,48,2335,51.0,51.1
2026-02-05,401807723,Austin Peay Governors,Lipscomb Bisons,87,76,0,2,2046,288,59.6,49.2
2026-02-05,401807724,Central Arkansas Bears,North Alabama Lions,81,60,0,2,2110,2453,48.4,40.7
2026-02-05,401808215,Alabama Crimson Tide,Texas A&M Aggies,100,97,0,2,333,245,44.9,49.2
2026-02-05,401808216,Kentucky Wildcats,Oklahoma Sooners,94,78,0,2,96,201,50.0,43.9
2026-02-05,401808656,Coastal Carolina Chanticleers,Arkansas State Red Wolves,66,70,0,2,324,2032,38.6,37.7
2026-02-05,401808657,Georgia Southern Eagles,Texas State Bobcats,71,77,0,2,290,326,45.3,45.0
2026-02-05,401808658,Georgia State Panthers,Troy Trojans,63,74,0,2,2247,2653,39.3,43.9
2026-02-05,401808659,James Madison Dukes,Louisiana Ragin' Cajuns,61,64,0,2,256,309,47.9,39.0
2026-02-05,401808660,Marshall Thundering Herd,Southern Miss Golden Eagles,81,77,0,2,276,2572,53.7,41.1
2026-02-05,401808661,Old Dominion Monarchs,UL Monroe Warhawks,79,85,0,2,295,2433,41.9,44.3
2026-02-05,401809353,East Tennessee State Buccaneers,Furman Paladins,75,71,0,2,2193,231,43.3,52.7
2026-02-05,401812142,Bryant Bulldogs,UAlbany Great Danes,63,65,0,2,2803,399,50.0,48.2
2026-02-05,401812143,UMBC Retrievers,Binghamton Bearcats,79,62,0,2,2378,2066,43.8,40.4
2026-02-05,401812145,Maine Black Bears,Vermont Catamounts,76,70,0,2,311,261,57.8,44.2
2026-02-05,401817651,Northern Kentucky Norse,Green Bay Phoenix,84,87,0,2,94,2739,44.6,50.0
2026-02-05,401817652,Robert Morris Colonials,Wright State Raiders,72,66,0,2,2523,2750,48.3,35.4
2026-02-05,401817653,Milwaukee Panthers,Detroit Mercy Titans,63,76,0,2,270,2174,43.6,53.7
2026-02-05,401817654,Cleveland State Vikings,Oakland Golden Grizzlies,91,78,0,2,325,2473,44.1,48.3
2026-02-05,401817655,Purdue Fort Wayne Mastodons,Youngstown State Penguins,61,90,0,2,2870,2754,46.2,66.0
2026-02-05,401818408,Kansas City Roos,South Dakota Coyotes,75,82,0,2,140,233,50.0,40.0
2026-02-05,401818409,South Dakota State Jackrabbits,St. Thomas Tommies,62,77,0,2,2571,2900,44.2,48.2
2026-02-05,401820170,Lafayette Leopards,Navy Midshipmen,50,65,0,2,322,2426,36.5,45.8
2026-02-05,401820202,Loyola Maryland Greyhounds,Lehigh Mountain Hawks,89,84,0,2,2352,2329,43.2,45.6
2026-02-05,401820717,California Golden Bears,Georgia Tech Yellow Jackets,90,85,0,2,25,59,46.3,47.9
2026-02-05,401820718,Louisville Cardinals,Notre Dame Fighting Irish,76,65,0,2,97,87,43.1,38.7
2026-02-05,401820720,Stanford Cardinal,Clemson Tigers,64,66,0,2,24,228,40.0,45.7
2026-02-05,401822930,Georgetown Hoyas,Creighton Bluejays,76,68,0,2,46,156,34.9,42.9
2026-02-05,401822931,Providence Friars,Butler Bulldogs,97,87,0,2,2507,2086,47.0,44.6
2026-02-05,401823048,South Carolina State Bulldogs,Maryland Eastern Shore Hawks,63,54,0,2,2569,2379,43.2,41.7
2026-02-05,401823934,High Point Panthers,Charleston Southern Buccaneers,80,55,0,2,2272,2127,46.2,42.6
2026-02-05,401823935,Gardner-Webb Runnin' Bulldogs,Longwood Lancers,66,86,0,2,2241,2344,47.1,58.6
2026-02-05,401823937,Radford Highlanders,Winthrop Eagles,78,80,0,2,2515,2737,42.4,48.3
2026-02-05,401825492,Illinois Fighting Illini,Northwestern Wildcats,84,44,0,2,356,77,48.3,29.2
2026-02-05,401825493,Minnesota Golden Gophers,Michigan State Spartans,76,73,0,2,135,127,47.8,44.8
2026-02-05,401825494,Washington Huskies,Iowa Hawkeyes,74,84,0,2,264,2294,56.9,59.6
2026-02-05,401825496,Michigan Wolverines,Penn State Nittany Lions,110,69,0,2,130,213,60.6,37.1
2026-02-05,401826821,Colgate Raiders,Army Black Knights,69,55,0,2,2142,349,46.3,32.7
2026-02-05,401827099,Grambling Tigers,Arkansas-Pine Bluff Golden Lions,64,67,0,2,2755,2029,39.1,43.4
2026-02-05,401827660,Baylor Bears,Colorado Buffaloes,86,67,0,2,239,38,52.8,40.0
2026-02-05,401827661,Houston Cougars,UCF Knights,79,55,0,2,248,2116,54.7,30.8
2026-02-05,401827662,Oklahoma State Cowboys,BYU Cougars,99,92,0,2,197,252,54.7,50.0
2026-02-05,401827663,Utah Utes,Arizona State Sun Devils,63,71,0,2,254,9,39.0,38.6
2026-02-05,401828209,Wichita State Shockers,Charlotte 49ers,74,64,0,2,2724,2429,49.1,42.1
2026-02-05,401828210,Florida Atlantic Owls,Tulsa Golden Hurricane,76,78,0,2,2226,202,43.5,45.2
2026-02-05,401828211,Rice Owls,North Texas Mean Green,86,83,0,2,242,249,39.7,41.9
2026-02-05,401828212,South Florida Bulls,UTSA Roadrunners,109,88,0,2,58,2636,55.4,56.1
2026-02-05,401828411,George Mason Patriots,Duquesne Dukes,65,71,0,2,2244,2184,49.0,44.4
2026-02-05,401828412,Saint Joseph's Hawks,George Washington Revolutionaries,76,73,0,2,2603,45,49.1,35.8
2026-02-05,401828676,American University Eagles,Bucknell Bison,59,60,0,2,44,2083,34.5,43.2
2026-02-05,401829227,Portland Pilots,Gonzaga Bulldogs,87,80,0,2,2501,2250,59.3,40.0
2026-02-05,401829228,San Francisco Dons,Loyola Marymount Lions,75,84,0,2,2539,2351,32.0,48.3
2026-02-05,401829229,Seattle U Redhawks,Pepperdine Waves,83,81,0,2,2547,2492,49.1,43.1
2026-02-05,401829230,Saint Mary's Gaels,San Diego Toreros,87,60,0,2,2608,301,52.6,40.4
2026-02-05,401829231,Pacific Tigers,Santa Clara Broncos,56,71,0,2,279,2541,42.9,44.1
2026-02-05,401829232,Oregon State Beavers,Washington State Cougars,74,64,0,2,204,265,39.1,32.1
2026-02-05,401829337,New Mexico Lobos,Utah State Aggies,66,86,0,2,167,328,41.2,50.0
2026-02-05,401858697,Northwestern State Demons,East Texas A&M Lions,68,74,0,2,2466,2837,51.9,51.9
2026-02-06,401804914,Western Kentucky Hilltoppers,Jacksonville State Gamecocks,66,71,0,2,98,55,30.6,37.8
2026-02-06,401805187,Utah Valley Wolverines,Abilene Christian Wildcats,68,55,0,2,3084,2000,51.0,38.0
2026-02-06,401805188,California Baptist Lancers,Tarleton State Texans,56,55,0,2,2856,2627,30.5,45.5
2026-02-06,401805189,Utah Tech Trailblazers,UT Arlington Mavericks,87,84,0,2,3101,250,48.5,44.3
2026-02-06,401806470,Tennessee State Tigers,Eastern Illinois Panthers,77,68,0,2,2634,2197,46.4,51.0
2026-02-06,401806471,Little Rock Trojans,Lindenwood Lions,74,79,0,2,2031,2815,43.8,44.4
2026-02-06,401806472,Southeast Missouri State Redhawks,Morehead State Eagles,82,70,0,2,2546,2413,50.9,50.0
2026-02-06,401806473,UT Martin Skyhawks,Southern Indiana Screaming Eagles,76,54,0,2,2630,88,45.2,28.1
2026-02-06,401806474,Tennessee Tech Golden Eagles,Western Illinois Leathernecks,97,72,0,2,2635,2710,59.6,46.3
2026-02-06,401807721,Eastern Kentucky Colonels,Florida Gulf Coast Eagles,76,74,0,2,2198,526,40.4,45.8
2026-02-06,401807722,Queens University Royals,Jacksonville Dolphins,93,84,0,2,2511,294,54.1,51.0
2026-02-06,401807725,West Georgia Wolves,North Florida Ospreys,73,81,0,2,2698,2454,33.3,49.2
2026-02-06,401807726,Bellarmine Knights,Stetson Hatters,92,71,0,2,91,56,61.0,47.1
2026-02-06,401808462,Montana Grizzlies,Eastern Washington Eagles,74,82,0,2,149,331,50.0,51.8
2026-02-06,401808479,Montana State Bobcats,Idaho Vandals,73,66,0,2,147,70,43.1,42.2
2026-02-06,401808495,Idaho State Bengals,Northern Arizona Lumberjacks,73,79,0,2,304,2464,54.0,59.2
2026-02-06,401808534,Weber State Wildcats,Northern Colorado Bears,74,88,0,2,2692,2458,41.3,59.3
2026-02-06,401809096,UC San Diego Tritons,Long Beach State Beach,77,74,0,2,28,299,43.6,46.3
2026-02-06,401809114,UC Irvine Anteaters,Cal State Bakersfield Roadrunners,78,62,0,2,300,2934,41.4,35.5
2026-02-06,401809132,UC Davis Aggies,UC Santa Barbara Gauchos,85,75,0,2,302,2540,52.0,49.1
2026-02-06,401809161,Cal Poly Mustangs,Cal State Northridge Matadors,96,97,0,2,13,2463,52.4,52.8
2026-02-06,401809356,Chattanooga Mocs,Mercer Bears,79,75,0,2,236,2382,54.3,31.0
2026-02-06,401809357,Samford Bulldogs,The Citadel Bulldogs,78,64,0,2,2535,2643,51.0,42.6
2026-02-06,401812048,Hampton Pirates,Elon Phoenix,87,79,0,2,2261,2210,37.7,42.9
2026-02-06,401812049,Charleston Cougars,North Carolina A&T Aggies,78,62,0,2,232,2448,52.5,37.0
2026-02-06,401812050,UNC Wilmington Seahawks,William & Mary Tribe,78,85,0,2,350,2729,52.7,47.5
2026-02-06,401812051,Campbell Fighting Camels,Drexel Dragons,81,60,0,2,2097,2182,50.0,49.1
2026-02-06,401812052,Stony Brook Seawolves,Monmouth Hawks,75,76,0,2,2619,2405,43.1,39.1
2026-02-06,401812053,Hofstra Pride,Northeastern Huskies,80,63,0,2,2275,111,47.6,45.1
2026-02-06,401812144,NJIT Highlanders,UMass Lowell River Hawks,81,56,0,2,2885,2349,48.5,30.5
2026-02-06,401812325,Fairleigh Dickinson Knights,Stonehill Skyhawks,74,58,0,2,161,284,45.6,36.7
2026-02-06,401812343,Wagner Seahawks,Le Moyne Dolphins,79,78,0,2,2681,2330,53.8,58.0
2026-02-06,401812372,Long Island University Sharks,New Haven Chargers,60,55,0,2,112358,2441,39.3,44.0
2026-02-06,401812396,Mercyhurst Lakers,Saint Francis Red Wolves,98,89,0,2,2385,2598,48.5,49.2
2026-02-06,401812655,Central Connecticut Blue Devils,Chicago State Cougars,78,67,0,2,2115,2130,55.3,40.7
2026-02-06,401813305,Manhattan Jaspers,Saint Peter's Peacocks,75,80,0,2,2363,2612,43.6,43.3
2026-02-06,401813339,Marist Red Foxes,Rider Broncs,81,52,0,2,2368,2520,58.5,36.5
2026-02-06,401813367,Quinnipiac Bobcats,Canisius Golden Griffins,75,60,0,2,2514,2099,40.7,32.1
2026-02-06,401813415,Mount St. Mary's Mountaineers,Merrimack Warriors,70,87,0,2,116,2771,42.9,50.0
2026-02-06,401813427,Siena Saints,Iona Gaels,79,72,0,2,2561,314,52.5,45.9
2026-02-06,401818410,North Dakota Fighting Hawks,Omaha Mavericks,76,73,0,2,155,2437,38.3,41.7
2026-02-06,401818411,North Dakota State Bison,Denver Pioneers,71,78,0,2,2449,2172,40.3,50.9
2026-02-06,401823182,Cal State Fullerton Titans,UC Riverside Highlanders,78,72,0,2,2239,27,41.8,40.9
2026-02-06,401823318,Sacred Heart Pioneers,Fairfield Stags,87,92,0,2,2529,2217,46.0,57.4
2026-02-06,401825495,Maryland Terrapins,Ohio State Buckeyes,62,82,0,2,120,194,46.0,57.1
2026-02-06,401827664,Cincinnati Bearcats,West Virginia Mountaineers,54,59,0,2,2132,277,36.4,43.8
2026-02-06,401828213,UAB Blazers,Memphis Tigers,80,90,0,2,5,235,37.9,52.4
2026-02-06,401828413,Davidson Wildcats,Loyola Chicago Ramblers,84,64,0,2,2166,2350,56.1,48.9
2026-02-07,401804918,Louisiana Tech Bulldogs,Sam Houston Bearkats,87,78,0,2,2348,2534,46.2,43.9
2026-02-07,401804920,Delaware Blue Hens,Middle Tennessee Blue Raiders,89,88,0,2,48,2393,54.9,49.2
2026-02-07,401804921,Western Kentucky Hilltoppers,Florida International Panthers,80,70,0,2,98,2229,36.8,42.9
2026-02-07,401804922,Liberty Flames,Missouri State Bears,79,76,0,2,2335,2623,55.1,48.2
2026-02-07,401805192,Utah Valley Wolverines,UT Arlington Mavericks,81,60,0,2,3084,250,52.1,51.3
2026-02-07,401806475,Tennessee Tech Golden Eagles,Eastern Illinois Panthers,54,60,0,2,2635,2197,37.0,38.9
2026-02-07,401806476,Little Rock Trojans,SIU Edwardsville Cougars,61,71,0,2,2031,2565,32.4,45.5
2026-02-07,401806477,UT Martin Skyhawks,Morehead State Eagles,55,61,0,2,2630,2413,25.8,36.5
2026-02-07,401806478,Southeast Missouri State Redhawks,Southern Indiana Screaming Eagles,90,65,0,2,2546,88,53.6,37.3
2026-02-07,401806479,Tennessee State Tigers,Western Illinois Leathernecks,83,56,0,2,2634,2710,51.5,33.3
2026-02-07,401807727,Lipscomb Bisons,Central Arkansas Bears,78,86,0,2,288,2110,45.5,46.3
2026-02-07,401807728,Bellarmine Knights,Florida Gulf Coast Eagles,81,65,0,2,91,526,52.9,40.0
2026-02-07,401807729,West Georgia Wolves,Jacksonville Dolphins,87,73,0,2,2698,294,49.2,45.6
2026-02-07,401807730,Austin Peay Governors,North Alabama Lions,91,62,0,2,2046,2453,63.2,41.3
2026-02-07,401807731,Queens University Royals,North Florida Ospreys,91,72,0,2,2511,2454,50.0,40.4
2026-02-07,401807732,Eastern Kentucky Colonels,Stetson Hatters,100,88,0,2,2198,56,54.0,48.3
2026-02-07,401808219,Auburn Tigers,Alabama Crimson Tide,92,96,0,2,2,333,46.5,54.2
2026-02-07,401808221,LSU Tigers,Georgia Bulldogs,71,83,0,2,99,61,41.8,50.8
2026-02-07,401808222,Mississippi State Bulldogs,Arkansas Razorbacks,68,88,0,2,344,8,45.9,52.2
2026-02-07,401808223,South Carolina Gamecocks,Missouri Tigers,59,78,0,2,2579,142,30.9,46.3
2026-02-07,401808225,Vanderbilt Commodores,Oklahoma Sooners,91,92,0,2,238,201,47.4,53.4
2026-02-07,401808226,Texas Longhorns,Ole Miss Rebels,79,68,0,2,251,145,52.9,41.4
2026-02-07,401808480,Montana Grizzlies,Idaho Vandals,73,68,0,2,149,70,48.1,37.9
2026-02-07,401808496,Idaho State Bengals,Northern Colorado Bears,61,69,0,2,304,2458,37.3,51.9
2026-02-07,401808716,East Texas A&M Lions,Northwestern State Demons,52,48,0,2,2837,2466,26.2,26.7
2026-02-07,401808883,McNeese Cowboys,Incarnate Word Cardinals,81,64,0,2,2377,2916,55.1,43.2
2026-02-07,401808911,LSU New Orleans Privateers,UT Rio Grande Valley Vaqueros,76,95,0,2,2443,292,43.9,46.8
2026-02-07,401808927,Nicholls Colonels,Texas A&M-Corpus Christi Islanders,76,83,0,2,2447,357,50.0,59.2
2026-02-07,401808962,SE Louisiana Lions,Houston Christian Huskies,55,47,0,2,2545,2277,47.9,32.7
2026-02-07,401808971,Stephen F. Austin Lumberjacks,Lamar Cardinals,84,74,0,2,2617,2320,53.7,46.8
2026-02-07,401809133,UC Davis Aggies,Cal Poly Mustangs,67,58,0,2,302,13,36.1,31.6
2026-02-07,401809358,Chattanooga Mocs,The Citadel Bulldogs,71,78,0,2,236,2643,44.4,50.0
2026-02-07,401809360,Samford Bulldogs,Mercer Bears,69,49,0,2,2535,2382,48.0,27.1
2026-02-07,401809361,VMI Keydets,East Tennessee State Buccaneers,70,87,0,2,2678,2193,42.1,56.1
2026-02-07,401809362,Wofford Terriers,Western Carolina Catamounts,77,66,0,2,2747,2717,54.5,40.0
2026-02-07,401812054,Stony Brook Seawolves,Northeastern Huskies,69,55,0,2,2619,111,48.0,33.3
2026-02-07,401812055,Elon Phoenix,Drexel Dragons,77,82,0,2,2210,2182,40.7,47.4
2026-02-07,401812056,Hofstra Pride,Towson Tigers,71,49,0,2,2275,119,43.9,29.6
2026-02-07,401812057,Hampton Pirates,William & Mary Tribe,77,74,0,2,2261,2729,41.8,49.0
2026-02-07,401812058,North Carolina A&T Aggies,Campbell Fighting Camels,71,79,0,2,2448,2097,45.9,47.3
2026-02-07,401812146,NJIT Highlanders,Binghamton Bearcats,73,64,0,2,2885,2066,45.3,36.4
2026-02-07,401812147,Bryant Bulldogs,Maine Black Bears,73,67,0,2,2803,311,46.0,45.7
2026-02-07,401812149,Vermont Catamounts,New Hampshire Wildcats,80,57,0,2,261,160,45.2,38.0
2026-02-07,401812326,Fairleigh Dickinson Knights,Mercyhurst Lakers,55,52,0,2,161,2385,42.6,42.0
2026-02-07,401812344,Le Moyne Dolphins,Saint Francis Red Wolves,86,84,0,2,2330,2598,63.0,42.2
2026-02-07,401812373,Long Island University Sharks,Stonehill Skyhawks,61,54,0,2,112358,284,44.6,34.5
2026-02-07,401812415,Central Connecticut Blue Devils,Wagner Seahawks,84,67,0,2,2115,2681,57.4,37.5
2026-02-07,401812592,Pennsylvania Quakers,Princeton Tigers,61,60,0,2,219,163,41.1,40.7
2026-02-07,401812619,Dartmouth Big Green,Harvard Crimson,58,71,0,2,159,108,33.9,47.1
2026-02-07,401813306,Manhattan Jaspers,Sacred Heart Pioneers,80,68,0,2,2363,2529,44.3,39.3
2026-02-07,401813391,Quinnipiac Bobcats,Niagara Purple Eagles,56,55,0,2,2514,315,30.0,40.8
2026-02-07,401813428,Saint Peter's Peacocks,Siena Saints,70,65,0,2,2612,2561,45.8,42.6
2026-02-07,401817656,Northern Kentucky Norse,Milwaukee Panthers,67,62,0,2,94,270,40.8,45.3
2026-02-07,401817658,Green Bay Phoenix,Detroit Mercy Titans,76,63,0,2,2739,2174,41.0,35.7
2026-02-07,401817659,IU Indianapolis Jaguars,Cleveland State Vikings,82,74,0,2,85,325,49.2,41.7
2026-02-07,401817660,Youngstown State Penguins,Robert Morris Colonials,66,72,0,2,2754,2523,47.4,46.7
2026-02-07,401818312,Yale Bulldogs,Brown Bears,81,69,0,2,43,225,56.5,44.8
2026-02-07,401818412,South Dakota State Jackrabbits,South Dakota Coyotes,67,68,0,2,2571,233,44.8,41.7
2026-02-07,401818413,North Dakota State Bison,Omaha Mavericks,92,84,0,2,2449,2437,50.0,52.6
2026-02-07,401818415,North Dakota Fighting Hawks,Denver Pioneers,79,98,0,2,155,2172,43.3,58.3
2026-02-07,401818543,Columbia Lions,Cornell Big Red,67,88,0,2,171,172,46.3,53.6
2026-02-07,401820171,Navy Midshipmen,American University Eagles,82,73,0,2,2426,44,56.0,45.8
2026-02-07,401820203,Boston University Terriers,Loyola Maryland Greyhounds,78,69,0,2,104,2352,49.1,44.3
2026-02-07,401820721,Boston College Eagles,Miami Hurricanes,68,74,0,2,103,2390,40.0,51.9
2026-02-07,401820723,NC State Wolfpack,Virginia Tech Hokies,82,73,0,2,152,259,51.9,42.9
2026-02-07,401820724,North Carolina Tar Heels,Duke Blue Devils,71,68,0,2,153,150,47.3,45.2
2026-02-07,401820725,Notre Dame Fighting Irish,Florida State Seminoles,79,82,0,2,87,52,42.2,38.5
2026-02-07,401820726,Pittsburgh Panthers,SMU Mustangs,67,86,0,2,221,2567,36.1,57.1
2026-02-07,401820728,Virginia Cavaliers,Syracuse Orange,72,59,0,2,258,183,41.3,49.0
2026-02-07,401820729,Wake Forest Demon Deacons,Louisville Cardinals,80,88,0,2,154,97,42.9,52.9
2026-02-07,401822349,New Haven Chargers,Chicago State Cougars,57,63,0,2,2441,2130,41.3,44.2
2026-02-07,401822774,Coppin State Eagles,Delaware State Hornets,65,47,0,2,2154,2169,47.1,29.2
2026-02-07,401822932,St. John's Red Storm,UConn Huskies,81,72,0,2,2599,41,50.0,54.7
2026-02-07,401822933,Creighton Bluejays,Seton Hall Pirates,69,68,0,2,156,2550,43.4,50.0
2026-02-07,401822934,Georgetown Hoyas,Villanova Wildcats,73,80,0,2,46,222,40.0,49.1
2026-02-07,401822935,Marquette Golden Eagles,Butler Bulldogs,70,55,0,2,269,2086,46.3,32.8
2026-02-07,401822936,Providence Friars,DePaul Blue Demons,90,72,0,2,2507,305,58.9,42.9
2026-02-07,401823051,Morgan State Bears,Maryland Eastern Shore Hawks,79,71,0,2,2415,2379,45.8,39.7
2026-02-07,401823267,Cal State Northridge Matadors,UC Riverside Highlanders,88,74,0,2,2463,27,58.3,37.7
2026-02-07,401823800,UNLV Rebels,Grand Canyon Lopes,80,78,0,2,2439,2253,42.9,38.6
2026-02-07,401823938,South Carolina Upstate Spartans,Charleston Southern Buccaneers,100,94,0,2,2908,2127,46.1,48.6
2026-02-07,401823939,Presbyterian Blue Hose,Gardner-Webb Runnin' Bulldogs,68,62,0,2,2506,2241,48.1,47.3
2026-02-07,401823940,Winthrop Eagles,Longwood Lancers,79,74,0,2,2737,2344,38.0,39.0
2026-02-07,401824392,Holy Cross Crusaders,Lehigh Mountain Hawks,76,67,0,2,107,2329,48.1,50.0
2026-02-07,401825497,Indiana Hoosiers,Wisconsin Badgers,78,77,0,2,84,275,47.6,38.0
2026-02-07,401825498,Purdue Boilermakers,Oregon Ducks,68,64,0,2,2509,2483,46.8,44.4
2026-02-07,401825499,Rutgers Scarlet Knights,Nebraska Cornhuskers,68,80,0,2,164,158,48.2,46.9
2026-02-07,401826822,Army Black Knights,Lafayette Leopards,60,63,0,2,349,322,35.9,37.5
2026-02-07,401827030,Southern Jaguars,Alabama A&M Bulldogs,81,68,0,2,2582,2010,48.3,41.2
2026-02-07,401827075,Bethune-Cookman Wildcats,Prairie View A&M Panthers,82,76,0,2,2065,2504,43.8,38.6
2026-02-07,401827102,Grambling Tigers,Alabama State Hornets,57,47,0,2,2755,2011,35.4,27.3
2026-02-07,401827146,Mississippi Valley State Delta Devils,Jackson State Tigers,81,97,0,2,2400,2296,45.3,41.8
2026-02-07,401827665,Arizona Wildcats,Oklahoma State Cowboys,84,47,0,2,12,197,51.6,24.6
2026-02-07,401827668,Iowa State Cyclones,Baylor Bears,72,69,0,2,66,239,50.0,45.6
2026-02-07,401827669,Kansas Jayhawks,Utah Utes,71,59,0,2,2305,254,50.0,40.0
2026-02-07,401827670,TCU Horned Frogs,Kansas State Wildcats,84,82,0,2,2628,2306,45.8,52.4
2026-02-07,401828214,East Carolina Pirates,Temple Owls,73,81,0,2,151,218,47.2,43.3
2026-02-07,401828215,UTSA Roadrunners,North Texas Mean Green,58,81,0,2,2636,249,41.5,43.9
2026-02-07,401828414,VCU Rams,Dayton Flyers,99,73,0,2,2670,2168,46.9,36.9
2026-02-07,401828415,Fordham Rams,St. Bonaventure Bonnies,67,70,0,2,2230,179,43.6,58.0
2026-02-07,401828416,George Mason Patriots,Saint Joseph's Hawks,60,52,0,2,2244,2603,41.1,30.8
2026-02-07,401828417,Duquesne Dukes,George Washington Revolutionaries,88,86,0,2,2184,45,48.3,44.4
2026-02-07,401828418,Saint Louis Billikens,La Salle Explorers,82,58,0,2,139,2325,50.9,32.8
2026-02-07,401828419,Rhode Island Rams,Richmond Spiders,82,77,0,2,227,257,44.7,45.6
2026-02-07,401828729,Norfolk State Spartans,North Carolina Central Eagles,75,68,0,2,2450,2428,48.0,47.3
2026-02-07,401829233,Oregon State Beavers,Gonzaga Bulldogs,61,81,0,2,204,2250,44.2,57.1
2026-02-07,401829237,Washington State Cougars,Santa Clara Broncos,92,96,0,2,265,2541,54.1,56.1
2026-02-07,401829288,Howard Bison,South Carolina State Bulldogs,85,57,0,2,47,2569,51.0,32.8
2026-02-07,401829399,Bucknell Bison,Colgate Raiders,59,78,0,2,2083,2142,32.7,44.4
2026-02-07,401829502,Florida A&M Rattlers,Texas Southern Tigers,57,62,0,2,50,2640,33.3,44.4
2026-02-07,401829688,Arkansas-Pine Bluff Golden Lions,Alcorn State Braves,84,77,0,2,2029,2016,57.1,50.0
2026-02-07,401830211,UIC Flames,Belmont Bruins,62,68,0,2,82,2057,42.6,47.9
2026-02-07,401830226,Northern Iowa Panthers,Bradley Braves,61,49,0,2,2460,71,44.2,33.3
2026-02-07,401830291,Illinois State Redbirds,Drake Bulldogs,86,76,0,2,2287,2181,50.0,42.2
2026-02-07,401830292,Southern Illinois Salukis,Murray State Racers,81,91,0,2,79,93,44.6,58.8
2026-02-07,401830293,Valparaiso Beacons,Evansville Purple Aces,70,63,0,2,2674,339,41.3,38.3
2026-02-07,401845836,App State Mountaineers,Eastern Michigan Eagles,65,60,0,2,2026,2199,39.0,39.7
2026-02-07,401845837,Arkansas State Red Wolves,Bowling Green Falcons,91,54,0,2,2032,189,51.6,30.5
2026-02-07,401845838,Coastal Carolina Chanticleers,Massachusetts Minutemen,94,91,0,2,324,113,42.7,42.2
2026-02-07,401845839,Georgia State Panthers,Northern Illinois Huskies,74,75,0,2,2247,2459,40.4,44.4
2026-02-07,401845840,James Madison Dukes,Toledo Rockets,73,71,0,2,256,2649,43.9,49.1
2026-02-07,401845841,Louisiana Ragin' Cajuns,Central Michigan Chippewas,85,80,0,2,309,2117,51.7,57.1
2026-02-07,401845842,UL Monroe Warhawks,Ball State Cardinals,68,73,0,2,2433,2050,37.5,43.5
2026-02-07,401845843,Marshall Thundering Herd,Miami (OH) RedHawks,74,90,0,2,276,193,40.0,55.9
2026-02-07,401845845,South Alabama Jaguars,Buffalo Bulls,81,69,0,2,6,2084,52.8,38.1
2026-02-07,401845846,Southern Miss Golden Eagles,Kent State Golden Flashes,66,65,0,2,2572,2309,36.8,41.7
2026-02-07,401845847,Texas State Bobcats,Western Michigan Broncos,77,61,0,2,326,2711,53.6,40.0
2026-02-07,401845848,Troy Trojans,Akron Zips,79,69,0,2,2653,2006,43.1,44.1
2026-02-08,401804917,UTEP Miners,New Mexico State Aggies,91,88,0,2,2638,166,39.1,44.4
2026-02-08,401804919,Jacksonville State Gamecocks,Kennesaw State Owls,77,58,0,2,55,338,46.3,31.7
2026-02-08,401805190,California Baptist Lancers,Abilene Christian Wildcats,65,63,0,2,2856,2000,34.0,35.6
2026-02-08,401805191,Southern Utah Thunderbirds,Tarleton State Texans,59,62,0,2,253,2627,36.1,44.6
2026-02-08,401808220,Kentucky Wildcats,Tennessee Volunteers,74,71,0,2,96,2633,50.0,37.1
2026-02-08,401808224,Texas A&M Aggies,Florida Gators,67,86,0,2,245,57,30.6,45.6
2026-02-08,401808463,Montana State Bobcats,Eastern Washington Eagles,71,72,0,2,147,331,41.4,48.3
2026-02-08,401808527,Weber State Wildcats,Northern Arizona Lumberjacks,72,53,0,2,2692,2464,48.0,36.7
2026-02-08,401808539,Sacramento State Hornets,Portland State Vikings,73,74,0,2,16,2502,35.2,38.5
2026-02-08,401809097,Hawai'i Rainbow Warriors,UC San Diego Tritons,72,67,0,2,62,28,43.3,42.4
2026-02-08,401809115,UC Santa Barbara Gauchos,UC Irvine Anteaters,84,79,0,2,2540,300,50.9,50.0
2026-02-08,401809359,Furman Paladins,UNC Greensboro Spartans,64,67,0,2,231,2430,43.4,41.5
2026-02-08,401812148,UAlbany Great Danes,UMass Lowell River Hawks,79,89,0,2,399,2349,50.0,55.6
2026-02-08,401813340,Fairfield Stags,Marist Red Foxes,63,60,0,2,2217,2368,41.1,38.2
2026-02-08,401813416,Iona Gaels,Mount St. Mary's Mountaineers,76,83,0,2,314,116,42.4,50.0
2026-02-08,401817657,Wright State Raiders,Purdue Fort Wayne Mastodons,73,68,0,2,2750,2870,49.1,47.2
2026-02-08,401818414,St. Thomas Tommies,Oral Roberts Golden Eagles,92,75,0,2,2900,198,55.4,38.9
2026-02-08,401820568,Air Force Falcons,San Diego State Aztecs,54,88,0,2,2005,21,39.6,60.0
2026-02-08,401820722,California Golden Bears,Clemson Tigers,55,77,0,2,25,228,39.6,55.1
2026-02-08,401820727,Stanford Cardinal,Georgia Tech Yellow Jackets,95,72,0,2,24,59,54.1,43.1
2026-02-08,401823183,Cal State Fullerton Titans,Cal State Bakersfield Roadrunners,82,66,0,2,2239,2934,42.2,39.3
2026-02-08,401823828,New Mexico Lobos,Boise State Broncos,90,91,0,2,167,68,51.6,46.3
2026-02-08,401823855,Rider Broncs,Merrimack Warriors,47,73,0,2,2520,2771,30.8,56.5
2026-02-08,401823941,High Point Panthers,Radford Highlanders,86,77,0,2,2272,2515,41.0,41.7
2026-02-08,401825500,UCLA Bruins,Washington Huskies,77,73,0,2,26,264,41.1,50.0
2026-02-08,401825501,Iowa Hawkeyes,Northwestern Wildcats,76,70,0,2,2294,77,45.3,46.7
2026-02-08,401825502,Minnesota Golden Gophers,Maryland Terrapins,62,67,0,2,135,120,42.6,50.0
2026-02-08,401825503,Ohio State Buckeyes,Michigan Wolverines,61,82,0,2,194,130,36.4,46.5
2026-02-08,401825504,Penn State Nittany Lions,USC Trojans,75,77,0,2,213,30,51.7,48.3
2026-02-08,401827666,BYU Cougars,Houston Cougars,66,77,0,2,252,248,39.6,47.5
2026-02-08,401827667,Colorado Buffaloes,Arizona State Sun Devils,78,70,0,2,38,9,50.8,40.4
2026-02-08,401827671,Cincinnati Bearcats,UCF Knights,92,72,0,2,2132,2116,58.9,40.9
2026-02-08,401827672,West Virginia Mountaineers,Texas Tech Red Raiders,63,70,0,2,277,2641,43.6,47.9
2026-02-08,401828216,UAB Blazers,Rice Owls,71,65,0,2,5,242,41.3,38.2
2026-02-08,401828217,Memphis Tigers,Charlotte 49ers,77,54,0,2,235,2429,46.0,36.8
2026-02-08,401828218,South Florida Bulls,Tulsa Golden Hurricane,80,74,0,2,58,202,41.7,39.3
2026-02-08,401828219,Tulane Green Wave,Wichita State Shockers,61,75,0,2,2655,2724,35.8,46.0
2026-02-08,401828931,Nevada Wolf Pack,Fresno State Bulldogs,69,59,0,2,2440,278,38.6,35.8
2026-02-08,401829234,Pepperdine Waves,Pacific Tigers,59,92,0,2,2492,279,35.7,53.2
2026-02-08,401829235,Loyola Marymount Lions,San Diego Toreros,83,63,0,2,2351,301,55.4,43.1
2026-02-08,401829236,Saint Mary's Gaels,San Francisco Dons,79,54,0,2,2608,2539,47.8,28.1
2026-02-08,401829238,Portland Pilots,Seattle U Redhawks,54,53,0,2,2501,2547,36.8,34.6
2026-02-08,401829331,Colorado State Rams,San José State Spartans,65,57,0,2,36,23,37.9,35.0
2026-02-08,401829338,Wyoming Cowboys,Utah State Aggies,83,85,0,2,2751,328,45.3,64.4
2026-02-08,401830778,Michigan State Spartans,Illinois Fighting Illini,85,82,0,2,127,356,43.3,36.6
2026-02-08,401845844,Old Dominion Monarchs,Ohio Bobcats,78,72,0,2,295,195,45.2,46.6
2026-02-09,401812394,Chicago State Cougars,Saint Francis Red Wolves,80,75,0,2,2130,2598,43.6,45.3
2026-02-09,401820172,Bucknell Bison,Navy Midshipmen,60,76,0,2,2083,2426,36.5,48.3
2026-02-09,401822937,St. John's Red Storm,Xavier Musketeers,87,82,0,2,2599,2752,42.4,44.7
2026-02-09,401828666,Arkansas-Pine Bluff Golden Lions,Jackson State Tigers,84,63,0,2,2029,2296,50.9,36.5
2026-02-10,401807704,North Alabama Lions,Central Arkansas Bears,65,72,0,2,2453,2110,47.8,44.2
2026-02-10,401808717,Stephen F. Austin Lumberjacks,East Texas A&M Lions,74,70,0,2,2617,2837,44.3,54.2
2026-02-10,401808884,McNeese Cowboys,Houston Christian Huskies,73,69,0,2,2377,2277,53.7,43.4
2026-02-10,401808912,LSU New Orleans Privateers,Texas A&M-Corpus Christi Islanders,84,78,0,2,2443,357,43.5,37.5
2026-02-10,401808928,Nicholls Colonels,UT Rio Grande Valley Vaqueros,72,92,0,2,2447,292,44.1,63.5
2026-02-10,401808942,Lamar Cardinals,Northwestern State Demons,68,70,0,2,2320,2466,41.1,44.6
2026-02-10,401808963,SE Louisiana Lions,Incarnate Word Cardinals,74,62,0,2,2545,2916,49.1,35.7
2026-02-10,401812059,Charleston Cougars,UNC Wilmington Seahawks,64,76,0,2,232,350,40.0,40.6
2026-02-10,401817686,IU Indianapolis Jaguars,Milwaukee Panthers,88,92,0,2,85,270,44.4,48.3
2026-02-10,401818333,Howard Bison,Yale Bulldogs,81,87,0,2,47,43,47.5,45.8
2026-02-10,401820730,Louisville Cardinals,NC State Wolfpack,118,77,0,2,97,152,60.0,41.2
2026-02-10,401820818,Kansas Jayhawks,Arizona Wildcats,82,78,0,2,2305,12,40.6,44.4
2026-02-10,401825505,Indiana Hoosiers,Oregon Ducks,92,74,0,2,84,2483,60.0,44.6
2026-02-10,401827031,Southern Jaguars,Alabama State Hornets,69,68,0,2,2582,2011,38.6,41.5
2026-02-10,401827076,Florida A&M Rattlers,Prairie View A&M Panthers,100,96,0,2,50,2504,57.4,52.5
2026-02-10,401827103,Grambling Tigers,Alabama A&M Bulldogs,58,66,0,2,2755,2010,30.0,42.0
2026-02-10,401827121,Bethune-Cookman Wildcats,Texas Southern Tigers,79,69,0,2,2065,2640,38.7,35.0
2026-02-10,401829689,Mississippi Valley State Delta Devils,Alcorn State Braves,66,74,0,2,2400,2016,48.1,53.2
2026-02-10,401830212,Bradley Braves,Belmont Bruins,95,84,0,2,71,2057,43.3,44.4
2026-02-10,401830294,Evansville Purple Aces,Illinois State Redbirds,88,80,0,2,339,2287,56.9,49.2
2026-02-10,401830295,Murray State Racers,Northern Iowa Panthers,60,89,0,2,93,2460,39.3,60.6
2026-02-10,401830296,Indiana State Sycamores,Southern Illinois Salukis,65,80,0,2,282,79,41.4,46.5
2026-02-10,401830297,Drake Bulldogs,Valparaiso Beacons,76,81,0,2,2181,2674,43.5,50.0
2026-02-10,401858744,North Carolina Central Eagles,Delaware State Hornets,72,63,0,2,2428,2169,52.8,48.0
2026-02-10,401858786,Davidson Wildcats,Mid Atlantic Christian Mustangs,114,53,0,2,2166,108806,61.2,29.0
2026-02-11,401806480,Western Illinois Leathernecks,Eastern Illinois Panthers,79,70,0,2,2710,2197,45.6,44.4
2026-02-11,401808229,Auburn Tigers,Vanderbilt Commodores,76,84,0,2,2,238,40.0,46.3
2026-02-11,401808231,LSU Tigers,Arkansas Razorbacks,62,91,0,2,99,8,30.9,56.5
2026-02-11,401809367,Western Carolina Catamounts,The Citadel Bulldogs,87,49,0,2,2717,2643,55.7,28.8
2026-02-11,401820569,Air Force Falcons,Colorado State Rams,74,91,0,2,2005,36,55.3,54.5
2026-02-11,401820731,Miami Hurricanes,North Carolina Tar Heels,75,66,0,2,2390,153,46.8,39.7
2026-02-11,401820734,Florida State Seminoles,Virginia Cavaliers,58,61,0,2,52,258,29.0,37.7
2026-02-11,401820736,Pittsburgh Panthers,Duke Blue Devils,54,70,0,2,221,150,38.9,54.9
2026-02-11,401820737,SMU Mustangs,Notre Dame Fighting Irish,89,81,0,2,2567,87,52.5,53.4
2026-02-11,401822938,Villanova Wildcats,Marquette Golden Eagles,77,74,0,2,222,269,39.0,49.0
2026-02-11,401824372,Army Black Knights,Boston University Terriers,68,85,0,2,349,104,37.9,65.9
2026-02-11,401824393,Holy Cross Crusaders,Colgate Raiders,70,74,0,2,107,2142,35.6,45.8
2026-02-11,401825506,Illinois Fighting Illini,Wisconsin Badgers,90,92,0,2,356,275,53.3,43.4
2026-02-11,401825507,Nebraska Cornhuskers,Purdue Boilermakers,77,80,0,2,158,2509,44.1,36.8
2026-02-11,401825508,Maryland Terrapins,Iowa Hawkeyes,77,70,0,2,120,2294,53.2,42.4
2026-02-11,401825510,Ohio State Buckeyes,USC Trojans,89,82,0,2,194,30,50.0,41.9
2026-02-11,401827673,Arizona State Sun Devils,Oklahoma State Cowboys,85,76,0,2,9,197,40.0,42.9
2026-02-11,401827674,Baylor Bears,BYU Cougars,94,99,0,2,239,252,51.6,55.9
2026-02-11,401827675,TCU Horned Frogs,Iowa State Cyclones,62,55,0,2,2628,66,40.4,41.4
2026-02-11,401827676,Utah Utes,Houston Cougars,52,66,0,2,254,248,44.4,43.3
2026-02-11,401828420,Saint Joseph's Hawks,Fordham Rams,64,68,0,2,2603,2230,40.4,41.1
2026-02-11,401828421,Richmond Spiders,George Mason Patriots,82,70,0,2,257,2244,47.4,41.1
2026-02-11,401828422,George Washington Revolutionaries,Rhode Island Rams,75,70,0,2,45,227,48.2,45.0
2026-02-11,401828423,La Salle Explorers,VCU Rams,68,77,0,2,2325,2670,39.3,48.3
2026-02-11,401828932,Utah State Aggies,Fresno State Bulldogs,91,78,0,2,328,278,50.8,40.0
2026-02-11,401829244,Gonzaga Bulldogs,Washington State Cougars,83,53,0,2,2250,265,54.8,39.1
2026-02-11,401829332,UNLV Rebels,San José State Spartans,82,75,0,2,2439,23,49.2,38.1
2026-02-12,401804923,Jacksonville State Gamecocks,UTEP Miners,64,69,0,2,55,2638,49.0,46.8
2026-02-12,401804924,New Mexico State Aggies,Liberty Flames,75,77,0,2,166,2335,47.6,43.9
2026-02-12,401804926,Kennesaw State Owls,Middle Tennessee Blue Raiders,87,90,0,2,338,2393,50.0,54.7
2026-02-12,401807733,Queens University Royals,Austin Peay Governors,87,95,0,2,2511,2046,51.8,56.1
2026-02-12,401807734,Lipscomb Bisons,Eastern Kentucky Colonels,75,61,0,2,288,2198,42.4,38.7
2026-02-12,401807735,Central Arkansas Bears,Bellarmine Knights,84,76,0,2,2110,91,47.5,54.0
2026-02-12,401807736,Stetson Hatters,Jacksonville Dolphins,67,62,0,2,56,294,45.7,36.7
2026-02-12,401807737,Florida Gulf Coast Eagles,North Florida Ospreys,90,81,0,2,526,2454,54.8,41.3
2026-02-12,401807738,North Alabama Lions,West Georgia Wolves,73,82,0,2,2453,2698,49.1,50.0
2026-02-12,401808227,Ole Miss Rebels,Alabama Crimson Tide,74,93,0,2,145,333,42.0,39.4
2026-02-12,401808228,Texas A&M Aggies,Missouri Tigers,85,86,0,2,245,142,50.0,53.8
2026-02-12,401808230,Georgia Bulldogs,Florida Gators,66,86,0,2,61,57,34.7,50.8
2026-02-12,401808232,Mississippi State Bulldogs,Tennessee Volunteers,64,73,0,2,344,2633,41.0,43.5
2026-02-12,401808662,Georgia Southern Eagles,App State Mountaineers,65,81,0,2,290,2026,38.1,48.2
2026-02-12,401808663,Old Dominion Monarchs,Marshall Thundering Herd,79,81,0,2,295,276,50.8,53.6
2026-02-12,401808664,Arkansas State Red Wolves,UL Monroe Warhawks,103,70,0,2,2032,2433,54.7,36.7
2026-02-12,401808665,Texas State Bobcats,Troy Trojans,74,62,0,2,326,2653,59.6,36.2
2026-02-12,401809363,East Tennessee State Buccaneers,Chattanooga Mocs,73,61,0,2,2193,236,38.9,40.0
2026-02-12,401809364,Mercer Bears,Furman Paladins,69,64,0,2,2382,231,35.9,37.7
2026-02-12,401809365,Samford Bulldogs,Wofford Terriers,97,80,0,2,2535,2747,63.0,45.2
2026-02-12,401809366,UNC Greensboro Spartans,VMI Keydets,92,71,0,2,2430,2678,51.6,43.3
2026-02-12,401812150,UMass Lowell River Hawks,Bryant Bulldogs,88,69,0,2,2349,2803,54.1,43.9
2026-02-12,401812151,Maine Black Bears,UMBC Retrievers,62,78,0,2,311,2378,37.3,45.2
2026-02-12,401812152,New Hampshire Wildcats,NJIT Highlanders,70,76,0,2,160,2885,42.1,51.8
2026-02-12,401812153,Binghamton Bearcats,Vermont Catamounts,65,73,0,2,2066,261,46.2,54.7
2026-02-12,401814558,Northern Illinois Huskies,Bowling Green Falcons,52,68,0,2,2459,189,31.6,50.0
2026-02-12,401814559,Ball State Cardinals,Buffalo Bulls,53,63,0,2,2050,2084,35.2,43.8
2026-02-12,401814560,Kent State Golden Flashes,Eastern Michigan Eagles,95,91,0,2,2309,2199,49.1,59.4
2026-02-12,401814561,Western Michigan Broncos,Toledo Rockets,79,90,0,2,2711,2649,43.1,59.3
2026-02-12,401817662,IU Indianapolis Jaguars,Northern Kentucky Norse,81,84,0,2,85,94,47.1,51.9
2026-02-12,401818416,South Dakota Coyotes,North Dakota Fighting Hawks,71,72,0,2,233,155,45.0,44.4
2026-02-12,401820204,Lafayette Leopards,Loyola Maryland Greyhounds,54,68,0,2,322,2352,33.3,44.1
2026-02-12,401820732,Boston College Eagles,Stanford Cardinal,64,70,0,2,103,24,45.8,45.6
2026-02-12,401820733,Clemson Tigers,Virginia Tech Hokies,66,76,0,2,228,259,45.5,52.0
2026-02-12,401820735,Georgia Tech Yellow Jackets,Wake Forest Demon Deacons,67,83,0,2,59,154,39.4,52.8
2026-02-12,401820738,Syracuse Orange,California Golden Bears,107,100,0,2,183,25,53.5,45.5
2026-02-12,401822939,DePaul Blue Demons,Creighton Bluejays,72,71,0,2,305,156,52.8,46.9
2026-02-12,401822940,Butler Bulldogs,UConn Huskies,70,80,0,2,2086,41,46.3,50.8
2026-02-12,401822941,Seton Hall Pirates,Providence Friars,87,80,0,2,2550,2507,50.8,49.0
2026-02-12,401823801,Grand Canyon Lopes,New Mexico Lobos,64,70,0,2,2253,167,38.3,47.1
2026-02-12,401825509,Northwestern Wildcats,Michigan Wolverines,75,87,0,2,77,130,40.0,43.5
2026-02-12,401825511,Washington Huskies,Penn State Nittany Lions,60,63,0,2,264,213,37.7,48.1
2026-02-12,401827677,Kansas State Wildcats,Cincinnati Bearcats,62,91,0,2,2306,2132,40.3,50.0
2026-02-12,401827678,Texas Tech Red Raiders,Colorado Buffaloes,78,44,0,2,2641,38,45.2,29.1
2026-02-12,401828220,Tulsa Golden Hurricane,UAB Blazers,63,68,0,2,202,5,43.1,37.9
2026-02-12,401828221,East Carolina Pirates,UTSA Roadrunners,88,72,0,2,151,2636,46.3,37.0
2026-02-12,401828222,Rice Owls,Florida Atlantic Owls,81,73,0,2,242,2226,47.6,41.9
2026-02-12,401828223,Wichita State Shockers,South Florida Bulls,58,66,0,2,2724,58,31.7,42.3
2026-02-12,401828224,Tulane Green Wave,Temple Owls,77,66,0,2,2655,218,51.2,33.3
2026-02-12,401828677,Lehigh Mountain Hawks,American University Eagles,90,82,0,2,2329,44,60.0,42.4
2026-02-12,401829239,Pacific Tigers,Loyola Marymount Lions,65,59,0,2,279,2351,46.6,43.1
2026-02-12,401829241,Saint Mary's Gaels,Pepperdine Waves,88,60,0,2,2608,2492,50.0,34.3
2026-02-12,401829242,San Diego Toreros,Portland Pilots,71,58,0,2,301,2501,45.8,44.7
2026-02-12,401829243,Santa Clara Broncos,Seattle U Redhawks,84,72,0,2,2541,2547,43.3,44.8
2026-02-13,401804925,Missouri State Bears,Louisiana Tech Bulldogs,78,79,0,2,2623,2348,34.7,43.7
2026-02-13,401804927,Florida International Panthers,Delaware Blue Hens,66,68,0,2,2229,48,38.8,46.3
2026-02-13,401805193,Abilene Christian Wildcats,UT Arlington Mavericks,67,63,0,2,2000,250,37.7,60.5
2026-02-13,401805194,Utah Tech Trailblazers,Utah Valley Wolverines,81,77,0,2,3101,3084,54.4,52.5
2026-02-13,401805195,Southern Utah Thunderbirds,California Baptist Lancers,66,83,0,2,253,2856,42.1,48.6
2026-02-13,401806481,Lindenwood Lions,UT Martin Skyhawks,75,74,0,2,2815,2630,55.6,50.9
2026-02-13,401806482,Western Illinois Leathernecks,Little Rock Trojans,58,77,0,2,2710,2031,37.9,44.9
2026-02-13,401806483,Morehead State Eagles,Tennessee Tech Golden Eagles,73,66,0,2,2413,2635,49.1,39.7
2026-02-13,401806484,SIU Edwardsville Cougars,Southeast Missouri State Redhawks,74,56,0,2,2565,2546,48.3,33.9
2026-02-13,401806485,Southern Indiana Screaming Eagles,Tennessee State Tigers,71,73,0,2,88,2634,48.1,39.3
2026-02-13,401808464,Eastern Washington Eagles,Idaho State Bengals,88,75,0,2,331,304,55.8,44.2
2026-02-13,401808481,Idaho Vandals,Weber State Wildcats,72,83,0,2,70,2692,42.4,48.3
2026-02-13,401808528,Northern Arizona Lumberjacks,Portland State Vikings,68,77,0,2,2464,2502,42.9,61.9
2026-02-13,401808535,Northern Colorado Bears,Sacramento State Hornets,95,79,0,2,2458,16,56.1,35.9
2026-02-13,401808666,James Madison Dukes,Georgia State Panthers,81,79,0,2,256,2247,47.5,44.3
2026-02-13,401808667,Louisiana Ragin' Cajuns,Coastal Carolina Chanticleers,65,69,0,2,309,324,35.7,43.8
2026-02-13,401808668,Southern Miss Golden Eagles,South Alabama Jaguars,78,84,0,2,2572,6,48.0,54.0
2026-02-13,401809098,UC San Diego Tritons,UC Davis Aggies,68,51,0,2,28,302,54.0,35.5
2026-02-13,401809116,Cal Poly Mustangs,UC Irvine Anteaters,79,73,0,2,13,300,39.4,37.1
2026-02-13,401809146,Cal State Bakersfield Roadrunners,Hawai'i Rainbow Warriors,74,89,0,2,2934,62,47.5,50.0
2026-02-13,401812060,UNC Wilmington Seahawks,Elon Phoenix,65,54,0,2,350,2210,46.2,34.5
2026-02-13,401812061,Northeastern Huskies,William & Mary Tribe,67,94,0,2,111,2729,41.9,54.7
2026-02-13,401812062,Drexel Dragons,Monmouth Hawks,73,93,0,2,2182,2405,48.1,48.4
2026-02-13,401812063,Charleston Cougars,Hofstra Pride,62,66,0,2,232,2275,32.1,32.8
2026-02-13,401812064,Towson Tigers,Stony Brook Seawolves,69,57,0,2,119,2619,41.3,33.9
2026-02-13,401812327,Fairleigh Dickinson Knights,Saint Francis Red Wolves,66,59,0,2,161,2598,52.3,31.7
2026-02-13,401812345,Le Moyne Dolphins,Mercyhurst Lakers,58,57,0,2,2330,2385,43.4,32.8
2026-02-13,401812374,Wagner Seahawks,Long Island University Sharks,57,67,0,2,2681,112358,38.9,47.2
2026-02-13,401812407,Chicago State Cougars,Stonehill Skyhawks,68,55,0,2,2130,284,53.1,45.2
2026-02-13,401812656,New Haven Chargers,Central Connecticut Blue Devils,76,81,0,2,2441,2115,45.5,57.1
2026-02-13,401813316,Niagara Purple Eagles,Manhattan Jaspers,69,76,0,2,315,2363,51.0,48.2
2026-02-13,401817661,Green Bay Phoenix,Purdue Fort Wayne Mastodons,76,59,0,2,2739,2870,58.1,43.5
2026-02-13,401817663,Wright State Raiders,Detroit Mercy Titans,74,77,0,2,2750,2174,40.6,52.5
2026-02-13,401817664,Oakland Golden Grizzlies,Youngstown State Penguins,82,86,0,2,2473,2754,53.4,45.9
2026-02-13,401817665,Cleveland State Vikings,Robert Morris Colonials,68,85,0,2,325,2523,42.0,50.8
2026-02-13,401818417,Denver Pioneers,South Dakota State Jackrabbits,79,61,0,2,2172,2571,48.3,38.5
2026-02-13,401818418,Omaha Mavericks,St. Thomas Tommies,98,94,0,2,2437,2900,53.3,57.8
2026-02-13,401818419,Oral Roberts Golden Eagles,Kansas City Roos,69,60,0,2,198,140,40.0,32.8
2026-02-13,401823184,Long Beach State Beach,Cal State Fullerton Titans,82,86,0,2,299,2239,55.8,46.9
2026-02-13,401823942,South Carolina Upstate Spartans,High Point Panthers,70,95,0,2,2908,2272,47.7,44.9
2026-02-13,401823943,Charleston Southern Buccaneers,Presbyterian Blue Hose,84,67,0,2,2127,2506,55.2,43.6
2026-02-13,401823944,Longwood Lancers,UNC Asheville Bulldogs,74,79,0,2,2344,2427,44.1,45.9
2026-02-13,401823945,Gardner-Webb Runnin' Bulldogs,Winthrop Eagles,85,103,0,2,2241,2737,50.8,49.2
2026-02-13,401826048,UC Riverside Highlanders,UC Santa Barbara Gauchos,68,76,0,2,27,2540,56.5,47.3
2026-02-13,401827490,Merrimack Warriors,Marist Red Foxes,81,56,0,2,2771,2368,54.9,36.2
2026-02-13,401828225,North Texas Mean Green,Memphis Tigers,76,69,0,2,249,235,44.7,43.1
2026-02-13,401829240,San Francisco Dons,Oregon State Beavers,63,90,0,2,2539,204,38.3,56.3
2026-02-13,401830213,Belmont Bruins,Northern Iowa Panthers,91,86,0,2,2057,2460,57.4,49.1
2026-02-13,401830298,Drake Bulldogs,UIC Flames,70,80,0,2,2181,82,42.6,43.5
2026-02-13,401830299,Indiana State Sycamores,Murray State Racers,72,74,0,2,282,93,45.1,48.1
2026-02-13,401830300,Southern Illinois Salukis,Evansville Purple Aces,86,60,0,2,79,339,52.3,40.7
2026-02-13,401830301,Illinois State Redbirds,Valparaiso Beacons,86,64,0,2,2287,2674,51.7,36.4
2026-02-14,401804928,Jacksonville State Gamecocks,New Mexico State Aggies,70,79,0,2,55,166,36.9,43.1
2026-02-14,401804929,Kennesaw State Owls,Sam Houston Bearkats,79,83,0,2,338,2534,47.5,54.9
2026-02-14,401804930,Florida International Panthers,Louisiana Tech Bulldogs,77,64,0,2,2229,2348,47.5,46.3
2026-02-14,401804932,UTEP Miners,Liberty Flames,64,73,0,2,2638,2335,48.0,50.0
2026-02-14,401804933,Missouri State Bears,Delaware Blue Hens,67,76,0,2,2623,48,37.3,53.1
2026-02-14,401805196,Abilene Christian Wildcats,Tarleton State Texans,73,59,0,2,2000,2627,42.6,46.8
2026-02-14,401805197,UT Arlington Mavericks,Southern Utah Thunderbirds,73,78,0,2,250,253,40.7,53.8
2026-02-14,401806486,Eastern Illinois Panthers,Little Rock Trojans,78,72,0,2,2197,2031,39.1,45.0
2026-02-14,401806487,Lindenwood Lions,Southeast Missouri State Redhawks,61,73,0,2,2815,2546,38.6,41.2
2026-02-14,401806488,Morehead State Eagles,Tennessee State Tigers,94,86,0,2,2413,2634,60.4,37.7
2026-02-14,401806489,SIU Edwardsville Cougars,UT Martin Skyhawks,76,81,0,2,2565,2630,42.6,53.1
2026-02-14,401806490,Southern Indiana Screaming Eagles,Tennessee Tech Golden Eagles,74,82,0,2,88,2635,41.1,54.4
2026-02-14,401807739,Austin Peay Governors,Bellarmine Knights,90,70,0,2,2046,91,58.3,45.5
2026-02-14,401807741,Queens University Royals,Lipscomb Bisons,87,81,0,2,2511,288,58.5,44.9
2026-02-14,401807742,Jacksonville Dolphins,North Florida Ospreys,63,56,0,2,294,2454,43.1,45.1
2026-02-14,401807743,Florida Gulf Coast Eagles,Stetson Hatters,78,76,0,2,526,56,48.4,50.0
2026-02-14,401807744,Central Arkansas Bears,West Georgia Wolves,79,62,0,2,2110,2698,43.1,43.9
2026-02-14,401808234,Florida Gators,Kentucky Wildcats,92,83,0,2,57,96,44.8,43.1
2026-02-14,401808235,Ole Miss Rebels,Mississippi State Bulldogs,78,90,0,2,145,344,41.5,57.9
2026-02-14,401808237,Tennessee Volunteers,LSU Tigers,73,63,0,2,2633,99,46.3,38.2
2026-02-14,401808238,Vanderbilt Commodores,Texas A&M Aggies,82,69,0,2,238,245,43.9,38.9
2026-02-14,401808239,Oklahoma Sooners,Georgia Bulldogs,94,78,0,2,201,61,58.9,51.7
2026-02-14,401808465,Eastern Washington Eagles,Weber State Wildcats,84,66,0,2,331,2692,60.0,38.9
2026-02-14,401808482,Idaho Vandals,Idaho State Bengals,99,69,0,2,70,304,59.7,35.4
2026-02-14,401808536,Northern Colorado Bears,Portland State Vikings,77,65,0,2,2458,2502,42.1,38.2
2026-02-14,401808669,James Madison Dukes,App State Mountaineers,69,58,0,2,256,2026,42.4,35.2
2026-02-14,401808670,Old Dominion Monarchs,Georgia State Panthers,78,55,0,2,295,2247,54.5,25.8
2026-02-14,401808672,Arkansas State Red Wolves,South Alabama Jaguars,88,92,0,2,2032,6,40.0,38.9
2026-02-14,401808674,Texas State Bobcats,UL Monroe Warhawks,95,84,0,2,326,2433,64.1,55.4
2026-02-14,401808718,East Texas A&M Lions,McNeese Cowboys,54,97,0,2,2837,2377,34.6,54.5
2026-02-14,401808913,Houston Christian Huskies,LSU New Orleans Privateers,61,60,0,2,2277,2443,43.4,44.6
2026-02-14,401808929,Incarnate Word Cardinals,Nicholls Colonels,83,91,0,2,2916,2447,45.6,60.7
2026-02-14,401808943,Northwestern State Demons,SE Louisiana Lions,69,66,0,2,2466,2545,46.0,49.0
2026-02-14,401808972,UT Rio Grande Valley Vaqueros,Stephen F. Austin Lumberjacks,57,66,0,2,292,2617,40.0,37.1
2026-02-14,401809134,UC Davis Aggies,Long Beach State Beach,71,54,0,2,302,299,47.4,36.2
2026-02-14,401809368,Chattanooga Mocs,Western Carolina Catamounts,76,81,0,2,236,2717,49.2,37.9
2026-02-14,401809369,East Tennessee State Buccaneers,Samford Bulldogs,72,82,0,2,2193,2535,41.0,41.5
2026-02-14,401809370,The Citadel Bulldogs,Mercer Bears,54,70,0,2,2643,2382,34.0,52.1
2026-02-14,401809371,UNC Greensboro Spartans,Wofford Terriers,99,89,0,2,2430,2747,54.5,49.2
2026-02-14,401809372,VMI Keydets,Furman Paladins,72,90,0,2,2678,231,33.3,52.5
2026-02-14,401812065,North Carolina A&T Aggies,Hampton Pirates,71,70,1,2,2448,2261,45.1,46.0
2026-02-14,401812066,UNC Wilmington Seahawks,Hofstra Pride,70,66,0,2,350,2275,45.8,37.7
2026-02-14,401812068,William & Mary Tribe,Elon Phoenix,78,81,0,2,2729,2210,46.6,43.5
2026-02-14,401812154,Binghamton Bearcats,UAlbany Great Danes,74,77,0,2,2066,399,44.9,45.1
2026-02-14,401812155,Vermont Catamounts,Bryant Bulldogs,90,63,0,2,261,2803,57.7,38.9
2026-02-14,401812156,New Hampshire Wildcats,UMBC Retrievers,63,85,0,2,160,2378,38.2,51.7
2026-02-14,401812157,Maine Black Bears,NJIT Highlanders,58,67,0,2,311,2885,37.3,55.3
2026-02-14,401812328,Fairleigh Dickinson Knights,Central Connecticut Blue Devils,57,63,0,2,161,2115,31.5,40.4
2026-02-14,401812346,Le Moyne Dolphins,Chicago State Cougars,81,63,0,2,2330,2130,52.9,37.9
2026-02-14,401812375,New Haven Chargers,Long Island University Sharks,55,52,0,2,2441,112358,32.7,41.5
2026-02-14,401812397,Saint Francis Red Wolves,Mercyhurst Lakers,79,94,0,2,2598,2385,52.0,60.3
2026-02-14,401812408,Stonehill Skyhawks,Wagner Seahawks,57,68,0,2,284,2681,31.7,37.5
2026-02-14,401812593,Pennsylvania Quakers,Columbia Lions,76,67,0,2,219,171,43.5,48.1
2026-02-14,401812594,Pennsylvania Quakers,Cornell Big Red,82,76,0,2,219,172,42.6,47.6
2026-02-14,401812620,Harvard Crimson,Brown Bears,56,53,0,2,108,225,38.8,41.2
2026-02-14,401812621,Harvard Crimson,Yale Bulldogs,75,76,0,2,108,43,50.8,41.4
2026-02-14,401813368,Canisius Golden Griffins,Iona Gaels,63,69,0,2,2099,314,42.1,42.6
2026-02-14,401813417,Rider Broncs,Mount St. Mary's Mountaineers,55,65,0,2,2520,116,35.0,51.0
2026-02-14,401813429,Siena Saints,Quinnipiac Bobcats,62,74,0,2,2561,2514,36.7,41.3
2026-02-14,401814562,Ball State Cardinals,Kent State Golden Flashes,68,75,0,2,2050,2309,33.9,43.9
2026-02-14,401814563,Akron Zips,Massachusetts Minutemen,99,92,0,2,2006,113,46.3,57.4
2026-02-14,401814564,Central Michigan Chippewas,Northern Illinois Huskies,88,46,0,2,2117,2459,62.7,27.3
2026-02-14,401814565,Miami (OH) RedHawks,Ohio Bobcats,90,74,0,2,193,195,51.7,46.7
2026-02-14,401814566,Bowling Green Falcons,Toledo Rockets,80,70,0,2,189,2649,47.5,39.1
2026-02-14,401814567,Eastern Michigan Eagles,Western Michigan Broncos,62,76,0,2,2199,2711,40.7,39.3
2026-02-14,401817250,Baylor Bears,Louisville Cardinals,71,82,1,2,239,97,36.7,56.0
2026-02-14,401818334,Dartmouth Big Green,Yale Bulldogs,70,83,0,2,159,43,45.5,55.4
2026-02-14,401818420,North Dakota Fighting Hawks,North Dakota State Bison,66,83,0,2,155,2449,43.1,55.6
2026-02-14,401818544,Princeton Tigers,Columbia Lions,65,75,0,2,163,171,51.0,57.1
2026-02-14,401818562,Dartmouth Big Green,Brown Bears,76,79,0,2,159,225,50.0,55.4
2026-02-14,401820173,Colgate Raiders,Navy Midshipmen,80,84,0,2,2142,2426,48.1,49.1
2026-02-14,401820493,Texas A&M-Corpus Christi Islanders,Lamar Cardinals,76,63,0,2,357,2320,44.2,39.6
2026-02-14,401820570,Fresno State Bulldogs,Air Force Falcons,93,63,0,2,278,2005,55.2,38.9
2026-02-14,401820739,Boston College Eagles,California Golden Bears,75,86,0,2,103,25,48.3,55.6
2026-02-14,401820740,Duke Blue Devils,Clemson Tigers,67,54,0,2,150,228,42.6,35.1
2026-02-14,401820741,NC State Wolfpack,Miami Hurricanes,76,77,0,2,152,2390,49.1,47.8
2026-02-14,401820742,North Carolina Tar Heels,Pittsburgh Panthers,79,65,0,2,153,221,46.7,47.3
2026-02-14,401820743,Notre Dame Fighting Irish,Georgia Tech Yellow Jackets,89,74,0,2,87,59,49.2,47.2
2026-02-14,401820744,Syracuse Orange,SMU Mustangs,79,78,0,2,183,2567,45.0,43.3
2026-02-14,401820745,Virginia Tech Hokies,Florida State Seminoles,69,92,0,2,259,52,43.6,61.8
2026-02-14,401820746,Wake Forest Demon Deacons,Stanford Cardinal,68,63,0,2,154,24,41.9,42.3
2026-02-14,401822775,North Carolina Central Eagles,Coppin State Eagles,56,58,0,2,2428,2154,34.4,39.7
2026-02-14,401822943,Providence Friars,St. John's Red Storm,69,79,0,2,2507,2599,33.3,38.2
2026-02-14,401822944,Creighton Bluejays,Villanova Wildcats,69,80,0,2,156,222,41.5,46.2
2026-02-14,401822945,Xavier Musketeers,Marquette Golden Eagles,96,88,0,2,2752,269,46.3,51.4
2026-02-14,401823052,Howard Bison,Maryland Eastern Shore Hawks,79,53,0,2,47,2379,45.0,42.9
2026-02-14,401823754,Sacred Heart Pioneers,Saint Peter's Peacocks,78,71,0,2,2529,2612,47.8,40.9
2026-02-14,401823802,San José State Spartans,Grand Canyon Lopes,79,94,0,2,23,2253,49.0,62.1
2026-02-14,401823829,Boise State Broncos,UNLV Rebels,83,86,0,2,68,2439,49.1,47.8
2026-02-14,401823946,Radford Highlanders,Charleston Southern Buccaneers,90,80,0,2,2515,2127,52.4,45.6
2026-02-14,401823947,Gardner-Webb Runnin' Bulldogs,High Point Panthers,87,112,0,2,2241,2272,57.4,54.5
2026-02-14,401823948,UNC Asheville Bulldogs,Presbyterian Blue Hose,57,58,0,2,2427,2506,40.7,43.4
2026-02-14,401823949,Longwood Lancers,South Carolina Upstate Spartans,82,75,0,2,2344,2908,41.2,41.8
2026-02-14,401824373,Boston University Terriers,Bucknell Bison,82,69,0,2,104,2083,42.1,45.8
2026-02-14,401825512,Wisconsin Badgers,Michigan State Spartans,92,71,0,2,275,127,48.4,36.4
2026-02-14,401825513,Iowa Hawkeyes,Purdue Boilermakers,57,78,0,2,2294,2509,37.7,47.2
2026-02-14,401825514,Michigan Wolverines,UCLA Bruins,86,56,0,2,130,26,62.0,37.9
2026-02-14,401825515,Nebraska Cornhuskers,Northwestern Wildcats,68,49,0,2,158,77,45.3,40.0
2026-02-14,401825516,Oregon Ducks,Penn State Nittany Lions,83,72,0,2,2483,213,50.0,41.8
2026-02-14,401826823,American University Eagles,Army Black Knights,75,63,0,2,44,349,53.1,38.9
2026-02-14,401826867,Princeton Tigers,Cornell Big Red,65,89,0,2,163,172,37.3,55.0
2026-02-14,401827032,Prairie View A&M Panthers,Southern Jaguars,82,87,0,2,2504,2582,43.9,49.2
2026-02-14,401827104,Texas Southern Tigers,Grambling Tigers,82,79,0,2,2640,2755,56.3,50.0
2026-02-14,401827122,Alcorn State Braves,Bethune-Cookman Wildcats,57,55,0,2,2016,2065,46.8,47.7
2026-02-14,401827166,Alabama State Hornets,Arkansas-Pine Bluff Golden Lions,79,61,0,2,2011,2029,41.8,39.1
2026-02-14,401827206,Alabama A&M Bulldogs,Mississippi Valley State Delta Devils,72,65,0,2,2010,2400,47.9,43.1
2026-02-14,401827679,Arizona Wildcats,Texas Tech Red Raiders,75,78,0,2,12,2641,39.3,40.9
2026-02-14,401827680,BYU Cougars,Colorado Buffaloes,90,86,0,2,252,38,46.8,44.0
2026-02-14,401827681,Houston Cougars,Kansas State Wildcats,78,64,0,2,248,2306,40.7,35.1
2026-02-14,401827682,Iowa State Cyclones,Kansas Jayhawks,74,56,0,2,66,2305,43.5,37.3
2026-02-14,401827683,Oklahoma State Cowboys,TCU Horned Frogs,92,95,0,2,197,2628,50.8,44.9
2026-02-14,401827684,UCF Knights,West Virginia Mountaineers,67,74,0,2,2116,277,42.1,43.3
2026-02-14,401828226,Rice Owls,East Carolina Pirates,75,85,0,2,242,151,38.2,53.7
2026-02-14,401828424,George Washington Revolutionaries,George Mason Patriots,72,53,0,2,45,2244,50.0,39.2
2026-02-14,401828425,Loyola Chicago Ramblers,Saint Louis Billikens,59,86,0,2,2350,139,33.9,50.8
2026-02-14,401828426,St. Bonaventure Bonnies,Duquesne Dukes,73,78,0,2,179,2184,49.1,44.4
2026-02-14,401828427,Rhode Island Rams,Fordham Rams,66,70,0,2,227,2230,40.4,44.4
2026-02-14,401828428,Richmond Spiders,VCU Rams,67,78,0,2,257,2670,34.5,42.4
2026-02-14,401828667,Jackson State Tigers,Florida A&M Rattlers,80,60,0,2,2296,50,48.4,32.0
2026-02-14,401828730,Norfolk State Spartans,Delaware State Hornets,75,58,0,2,2450,2169,54.0,36.6
2026-02-14,401829246,Pepperdine Waves,Loyola Marymount Lions,90,89,0,2,2492,2351,53.4,51.6
2026-02-14,401829418,Lafayette Leopards,Lehigh Mountain Hawks,69,78,0,2,322,2329,50.0,54.4
2026-02-14,401830826,Colorado State Rams,Wyoming Cowboys,79,68,0,2,36,2751,61.5,40.9
2026-02-15,401804931,Western Kentucky Hilltoppers,Middle Tennessee Blue Raiders,82,80,0,2,98,2393,48.9,48.5
2026-02-15,401805198,Utah Tech Trailblazers,California Baptist Lancers,70,65,0,2,3101,2856,43.1,28.6
2026-02-15,401807740,North Alabama Lions,Eastern Kentucky Colonels,84,78,0,2,2453,2198,46.0,40.0
2026-02-15,401808233,Arkansas Razorbacks,Auburn Tigers,88,75,0,2,8,2,57.4,40.9
2026-02-15,401808236,Missouri Tigers,Texas Longhorns,68,85,0,2,142,251,42.2,47.5
2026-02-15,401808240,Alabama Crimson Tide,South Carolina Gamecocks,89,75,0,2,333,2579,48.3,40.6
2026-02-15,401808508,Montana Grizzlies,Montana State Bobcats,71,82,0,2,149,147,44.4,50.9
2026-02-15,401808529,Northern Arizona Lumberjacks,Sacramento State Hornets,79,74,0,2,2464,16,49.0,44.6
2026-02-15,401808671,Georgia Southern Eagles,Marshall Thundering Herd,101,87,0,2,290,276,51.7,42.4
2026-02-15,401808673,Southern Miss Golden Eagles,Troy Trojans,69,65,0,2,2572,2653,40.3,44.6
2026-02-15,401809099,UC San Diego Tritons,UC Riverside Highlanders,72,66,0,2,28,27,42.6,37.3
2026-02-15,401809117,UC Irvine Anteaters,Cal State Fullerton Titans,86,65,0,2,300,2239,57.4,37.3
2026-02-15,401809147,Cal State Northridge Matadors,Hawai'i Rainbow Warriors,84,60,0,2,2463,62,52.6,35.7
2026-02-15,401809162,Cal Poly Mustangs,UC Santa Barbara Gauchos,89,79,0,2,13,2540,52.7,44.1
2026-02-15,401812069,Campbell Fighting Camels,Charleston Cougars,57,62,0,2,2097,232,34.8,45.5
2026-02-15,401813317,Canisius Golden Griffins,Manhattan Jaspers,65,69,0,2,2099,2363,40.4,44.4
2026-02-15,401813342,Marist Red Foxes,Siena Saints,63,67,0,2,2368,2561,34.4,55.1
2026-02-15,401813392,Niagara Purple Eagles,Iona Gaels,70,68,0,2,315,314,51.1,45.1
2026-02-15,401817516,Ohio State Buckeyes,Virginia Cavaliers,66,70,1,2,194,258,45.0,42.0
2026-02-15,401817666,Milwaukee Panthers,Green Bay Phoenix,75,72,0,2,270,2739,42.2,52.1
2026-02-15,401817667,Purdue Fort Wayne Mastodons,IU Indianapolis Jaguars,83,78,0,2,2870,85,54.2,41.8
2026-02-15,401817668,Detroit Mercy Titans,Youngstown State Penguins,76,70,0,2,2174,2754,43.5,45.8
2026-02-15,401817669,Cleveland State Vikings,Wright State Raiders,90,102,0,2,325,2750,51.5,61.8
2026-02-15,401817670,Robert Morris Colonials,Oakland Golden Grizzlies,93,69,0,2,2523,2473,57.6,39.3
2026-02-15,401818421,Oral Roberts Golden Eagles,South Dakota State Jackrabbits,69,87,0,2,198,2571,39.7,51.7
2026-02-15,401818422,Kansas City Roos,St. Thomas Tommies,64,104,0,2,140,2900,44.6,58.0
2026-02-15,401818423,Omaha Mavericks,Denver Pioneers,83,76,0,2,2437,2172,54.4,46.3
2026-02-15,401820205,Loyola Maryland Greyhounds,Holy Cross Crusaders,83,73,0,2,2352,107,46.7,45.8
2026-02-15,401820592,Quinnipiac Bobcats,Merrimack Warriors,49,56,0,2,2514,2771,27.9,34.7
2026-02-15,401822942,UConn Huskies,Georgetown Hoyas,79,75,0,2,41,46,47.2,43.6
2026-02-15,401822946,Butler Bulldogs,Seton Hall Pirates,56,63,0,2,2086,2550,30.2,49.0
2026-02-15,401823319,Saint Peter's Peacocks,Fairfield Stags,83,74,0,2,2612,2217,48.9,46.3
2026-02-15,401823755,Sacred Heart Pioneers,Rider Broncs,86,75,0,2,2529,2520,44.3,44.1
2026-02-15,401823781,San Diego State Aztecs,Nevada Wolf Pack,71,57,0,2,21,2440,43.4,32.7
2026-02-15,401825517,Washington Huskies,Minnesota Golden Gophers,69,57,0,2,264,135,63.0,42.9
2026-02-15,401825518,Illinois Fighting Illini,Indiana Hoosiers,71,51,0,2,356,84,43.9,40.8
2026-02-15,401825519,Rutgers Scarlet Knights,Maryland Terrapins,68,57,0,2,164,120,41.5,33.3
2026-02-15,401826802,Utah State Aggies,Memphis Tigers,99,75,0,2,328,235,52.5,36.7
2026-02-15,401827685,Cincinnati Bearcats,Utah Utes,69,65,0,2,2132,254,44.4,36.1
2026-02-15,401828227,Wichita State Shockers,Tulsa Golden Hurricane,81,77,0,2,2724,202,50.0,42.6
2026-02-15,401828228,UAB Blazers,Tulane Green Wave,54,55,0,2,5,2655,31.7,36.2
2026-02-15,401828229,Charlotte 49ers,UTSA Roadrunners,79,88,0,2,2429,2636,50.9,48.4
2026-02-15,401828230,Florida Atlantic Owls,South Florida Bulls,81,83,0,2,2226,58,46.4,42.5
2026-02-15,401828231,Temple Owls,North Texas Mean Green,62,65,0,2,218,249,44.0,38.7
2026-02-15,401828429,Dayton Flyers,Davidson Wildcats,70,59,0,2,2168,2166,45.8,44.0
2026-02-15,401829245,Santa Clara Broncos,Gonzaga Bulldogs,86,94,0,2,2541,2250,46.2,56.3
2026-02-15,401829248,Pacific Tigers,Saint Mary's Gaels,61,72,0,2,279,2608,41.5,39.4
2026-02-15,401829249,San Diego Toreros,San Francisco Dons,79,92,0,2,301,2539,48.3,58.3
2026-02-15,401830214,Murray State Racers,Belmont Bruins,70,87,0,2,93,2057,38.3,51.7
2026-02-15,401830225,Southern Illinois Salukis,Bradley Braves,60,70,0,2,79,71,36.7,43.1
2026-02-15,401830302,UIC Flames,Illinois State Redbirds,83,56,0,2,82,2287,55.1,35.6
2026-02-15,401830303,Northern Iowa Panthers,Drake Bulldogs,86,62,0,2,2460,2181,54.4,40.7
2026-02-15,401830304,Valparaiso Beacons,Indiana State Sycamores,76,75,0,2,2674,282,51.8,54.4
2026-02-16,401808640,Old Dominion Monarchs,Louisiana Ragin' Cajuns,83,72,0,2,295,309,56.9,40.0
2026-02-16,401808719,East Texas A&M Lions,SE Louisiana Lions,70,53,0,2,2837,2545,51.0,29.3
2026-02-16,401812067,Monmouth Hawks,Towson Tigers,72,71,0,2,2405,119,35.7,50.9
2026-02-16,401822776,South Carolina State Bulldogs,Coppin State Eagles,57,59,0,2,2569,2154,37.9,51.2
2026-02-16,401824374,Boston University Terriers,Colgate Raiders,85,58,0,2,104,2142,53.4,34.5
2026-02-16,401829247,Seattle U Redhawks,Oregon State Beavers,60,50,0,2,2547,204,37.7,37.3
2026-02-17,401808639,Marshall Thundering Herd,South Alabama Jaguars,84,80,0,2,276,6,47.6,53.2
2026-02-17,401808885,Northwestern State Demons,McNeese Cowboys,64,75,0,2,2466,2377,42.6,41.8
2026-02-17,401808914,Incarnate Word Cardinals,LSU New Orleans Privateers,64,78,0,2,2916,2443,36.4,43.6
2026-02-17,401808930,Houston Christian Huskies,Nicholls Colonels,72,68,0,2,2277,2447,44.6,41.8
2026-02-17,401808973,Texas A&M-Corpus Christi Islanders,Stephen F. Austin Lumberjacks,68,78,0,2,357,2617,41.9,44.8
2026-02-17,401808983,UT Rio Grande Valley Vaqueros,Lamar Cardinals,70,65,0,2,292,2320,36.1,44.8
2026-02-17,401812070,Stony Brook Seawolves,Drexel Dragons,72,69,0,2,2619,2182,40.0,44.8
2026-02-17,401814570,Eastern Michigan Eagles,Central Michigan Chippewas,66,54,0,2,2199,2117,49.0,36.8
2026-02-17,401814573,Buffalo Bulls,Northern Illinois Huskies,70,72,0,2,2084,2459,46.3,48.0
2026-02-17,401820747,Duke Blue Devils,Syracuse Orange,101,64,0,2,150,183,62.3,41.3
2026-02-17,401820748,Florida State Seminoles,Boston College Eagles,80,72,0,2,52,103,43.1,46.0
2026-02-17,401820819,Iowa State Cyclones,Houston Cougars,70,67,0,2,66,248,49.0,42.1
2026-02-17,401822947,Xavier Musketeers,Villanova Wildcats,89,92,0,2,2752,222,50.7,44.0
2026-02-17,401823053,Maryland Eastern Shore Hawks,Norfolk State Spartans,66,70,0,2,2379,2450,47.2,52.2
2026-02-17,401823930,Charleston Southern Buccaneers,Gardner-Webb Runnin' Bulldogs,75,66,0,2,2127,2241,41.8,38.8
2026-02-17,401825524,Purdue Boilermakers,Michigan Wolverines,80,91,0,2,2509,130,39.1,52.6
2026-02-17,401827033,Texas Southern Tigers,Southern Jaguars,74,73,0,2,2640,2582,46.7,41.0
2026-02-17,401827077,Prairie View A&M Panthers,Grambling Tigers,68,63,0,2,2504,2755,40.0,37.7
2026-02-17,401827123,Jackson State Tigers,Bethune-Cookman Wildcats,91,86,0,2,2296,2065,48.2,46.8
2026-02-17,401827147,Alabama A&M Bulldogs,Arkansas-Pine Bluff Golden Lions,82,70,0,2,2010,2029,51.1,39.1
2026-02-17,401827167,Alabama State Hornets,Mississippi Valley State Delta Devils,92,55,0,2,2011,2400,44.1,32.7
2026-02-17,401828694,North Carolina Central Eagles,Morgan State Bears,80,76,0,2,2428,2415,47.3,35.2
2026-02-17,401829690,Alcorn State Braves,Florida A&M Rattlers,78,86,0,2,2016,50,47.4,47.5
2026-02-17,401830242,Delaware State Hornets,Howard Bison,59,91,0,2,2169,47,38.9,58.5
2026-02-17,401858742,Tarleton State Texans,Abilene Christian Wildcats,65,62,0,2,2627,2000,43.9,37.1
2026-02-17,401859836,Long Island University Sharks,Wagner Seahawks,83,65,0,2,112358,2681,58.2,41.8
2026-02-18,401806491,UT Martin Skyhawks,Southeast Missouri State Redhawks,53,56,0,2,2630,2546,28.1,29.8
2026-02-18,401808241,Florida Gators,South Carolina Gamecocks,76,62,0,2,57,2579,46.8,37.9
2026-02-18,401808243,Texas Longhorns,LSU Tigers,88,85,0,2,251,99,55.8,51.6
2026-02-18,401808245,Kentucky Wildcats,Georgia Bulldogs,78,86,0,2,96,61,45.8,43.3
2026-02-18,401809373,Furman Paladins,East Tennessee State Buccaneers,69,78,0,2,231,2193,35.0,44.8
2026-02-18,401809375,Wofford Terriers,VMI Keydets,82,76,0,2,2747,2678,49.0,42.4
2026-02-18,401814568,Western Michigan Broncos,Akron Zips,73,90,0,2,2711,2006,44.1,50.0
2026-02-18,401814569,Ohio Bobcats,Ball State Cardinals,69,57,0,2,195,2050,42.3,40.7
2026-02-18,401814571,Bowling Green Falcons,Kent State Golden Flashes,71,78,0,2,189,2309,39.6,37.7
2026-02-18,401814572,Massachusetts Minutemen,Miami (OH) RedHawks,77,86,0,2,113,193,50.9,50.0
2026-02-18,401817672,Youngstown State Penguins,Cleveland State Vikings,106,82,0,2,2754,325,63.5,44.6
2026-02-18,401820571,New Mexico Lobos,Air Force Falcons,98,61,0,2,167,2005,54.8,37.5
2026-02-18,401820749,SMU Mustangs,Louisville Cardinals,95,85,0,2,2567,97,58.5,44.8
2026-02-18,401820751,Miami Hurricanes,Virginia Tech Hokies,67,66,0,2,2390,259,44.3,50.0
2026-02-18,401820752,NC State Wolfpack,North Carolina Tar Heels,82,58,0,2,152,153,48.4,31.7
2026-02-18,401822950,Georgetown Hoyas,Butler Bulldogs,89,93,0,2,46,2086,56.7,55.9
2026-02-18,401823782,San Diego State Aztecs,Grand Canyon Lopes,63,73,0,2,21,2253,35.5,42.9
2026-02-18,401824394,Holy Cross Crusaders,Lafayette Leopards,83,86,0,2,107,322,56.6,56.1
2026-02-18,401825520,Iowa Hawkeyes,Nebraska Cornhuskers,57,52,0,2,2294,158,33.3,40.9
2026-02-18,401825521,Michigan State Spartans,UCLA Bruins,82,59,0,2,127,26,52.7,36.8
2026-02-18,401825522,Ohio State Buckeyes,Wisconsin Badgers,86,69,0,2,194,275,54.4,45.8
2026-02-18,401825523,Oregon Ducks,Minnesota Golden Gophers,44,61,0,2,2483,135,37.7,40.0
2026-02-18,401825526,Penn State Nittany Lions,Rutgers Scarlet Knights,72,85,0,2,213,164,55.3,56.6
2026-02-18,401827686,Arizona State Sun Devils,Texas Tech Red Raiders,72,67,0,2,9,2641,44.1,44.4
2026-02-18,401827687,UCF Knights,TCU Horned Frogs,82,71,0,2,2116,2628,49.1,41.7
2026-02-18,401827688,Kansas State Wildcats,Baylor Bears,90,74,0,2,2306,239,56.7,40.0
2026-02-18,401828430,VCU Rams,George Washington Revolutionaries,89,75,0,2,2670,45,51.9,42.6
2026-02-18,401828431,Rhode Island Rams,Saint Louis Billikens,81,76,0,2,227,139,41.1,44.4
2026-02-18,401828933,Wyoming Cowboys,Fresno State Bulldogs,92,82,0,2,2751,278,54.0,51.8
2026-02-18,401829318,San José State Spartans,Nevada Wolf Pack,87,71,0,2,23,2440,51.7,40.0
2026-02-19,401804934,Louisiana Tech Bulldogs,Jacksonville State Gamecocks,77,71,0,2,2348,55,54.7,40.4
2026-02-19,401804935,Missouri State Bears,Kennesaw State Owls,87,91,0,2,2623,338,47.3,48.2
2026-02-19,401804936,Delaware Blue Hens,Western Kentucky Hilltoppers,87,88,0,2,48,98,52.0,47.4
2026-02-19,401804937,Sam Houston Bearkats,Middle Tennessee Blue Raiders,78,70,0,2,2534,2393,42.6,43.1
2026-02-19,401804938,Liberty Flames,Florida International Panthers,90,89,0,2,2335,2229,50.8,45.1
2026-02-19,401807745,North Alabama Lions,Queens University Royals,78,85,0,2,2453,2511,50.8,53.1
2026-02-19,401807748,Florida Gulf Coast Eagles,Jacksonville Dolphins,86,84,0,2,526,294,55.4,61.5
2026-02-19,401807749,Bellarmine Knights,Lipscomb Bisons,72,75,0,2,91,288,47.5,47.2
2026-02-19,401807750,Eastern Kentucky Colonels,West Georgia Wolves,81,80,0,2,2198,2698,41.7,47.0
2026-02-19,401808242,Mississippi State Bulldogs,Auburn Tigers,91,85,0,2,344,2,50.0,38.7
2026-02-19,401808244,Alabama Crimson Tide,Arkansas Razorbacks,117,115,0,2,333,8,56.3,49.4
2026-02-19,401808246,Missouri Tigers,Vanderbilt Commodores,81,80,0,2,142,238,44.2,43.1
2026-02-19,401808247,Tennessee Volunteers,Oklahoma Sooners,89,66,0,2,2633,201,52.4,45.7
2026-02-19,401808248,Texas A&M Aggies,Ole Miss Rebels,80,77,0,2,245,145,48.4,52.7
2026-02-19,401808675,Coastal Carolina Chanticleers,James Madison Dukes,65,67,0,2,324,256,38.6,42.6
2026-02-19,401808676,UL Monroe Warhawks,Troy Trojans,76,77,0,2,2433,2653,40.9,44.8
2026-02-19,401808677,App State Mountaineers,Marshall Thundering Herd,93,94,0,2,2026,276,50.9,57.6
2026-02-19,401809374,Western Carolina Catamounts,UNC Greensboro Spartans,91,77,0,2,2717,2430,52.5,51.9
2026-02-19,401812159,Bryant Bulldogs,Binghamton Bearcats,67,79,0,2,2803,2066,39.3,59.1
2026-02-19,401812160,UMass Lowell River Hawks,New Hampshire Wildcats,78,56,0,2,2349,160,50.8,31.4
2026-02-19,401812161,UMBC Retrievers,Vermont Catamounts,75,62,0,2,2378,261,38.6,34.9
2026-02-19,401817671,Northern Kentucky Norse,Purdue Fort Wayne Mastodons,87,71,0,2,94,2870,51.6,41.5
2026-02-19,401818424,South Dakota State Jackrabbits,North Dakota State Bison,66,74,0,2,2571,2449,44.6,48.1
2026-02-19,401818425,Omaha Mavericks,Oral Roberts Golden Eagles,80,71,0,2,2437,198,51.7,50.9
2026-02-19,401820174,Navy Midshipmen,Lehigh Mountain Hawks,72,49,0,2,2426,2329,44.3,33.3
2026-02-19,401820206,Loyola Maryland Greyhounds,Army Black Knights,77,87,0,2,2352,349,45.6,48.4
2026-02-19,401820750,Georgia Tech Yellow Jackets,Virginia Cavaliers,68,94,0,2,59,258,37.5,45.6
2026-02-19,401820753,Wake Forest Demon Deacons,Clemson Tigers,85,77,0,2,154,228,54.9,46.4
2026-02-19,401822948,UConn Huskies,Creighton Bluejays,84,91,0,2,41,156,43.7,49.1
2026-02-19,401822949,Marquette Golden Eagles,St. John's Red Storm,70,76,0,2,269,2599,42.6,44.8
2026-02-19,401822951,Seton Hall Pirates,DePaul Blue Demons,57,69,0,2,2550,305,46.7,41.5
2026-02-19,401823830,Utah State Aggies,Boise State Broncos,75,56,0,2,328,68,54.7,36.8
2026-02-19,401823953,Winthrop Eagles,South Carolina Upstate Spartans,68,64,0,2,2737,2908,42.6,34.5
2026-02-19,401825525,Northwestern Wildcats,Maryland Terrapins,78,74,0,2,77,120,48.1,44.4
2026-02-19,401825527,USC Trojans,Illinois Fighting Illini,65,101,0,2,30,356,37.1,51.6
2026-02-19,401827689,Arizona Wildcats,BYU Cougars,75,68,0,2,12,252,45.3,43.1
2026-02-19,401827690,Oklahoma State Cowboys,Kansas Jayhawks,69,81,0,2,197,2305,34.8,45.9
2026-02-19,401827691,West Virginia Mountaineers,Utah Utes,56,61,0,2,277,254,42.3,40.4
2026-02-19,401828232,Temple Owls,UAB Blazers,71,76,0,2,218,5,44.6,50.0
2026-02-19,401828233,Tulsa Golden Hurricane,Charlotte 49ers,79,74,0,2,202,2429,42.1,50.9
2026-02-19,401828234,East Carolina Pirates,Wichita State Shockers,89,92,0,2,151,2724,45.5,47.4
2026-02-19,401828235,UTSA Roadrunners,Florida Atlantic Owls,52,60,0,2,2636,2226,30.8,36.7
2026-02-19,401828432,Davidson Wildcats,Richmond Spiders,65,63,0,2,2166,257,40.0,39.7
2026-02-19,401828433,George Mason Patriots,Dayton Flyers,67,82,0,2,2244,2168,43.8,55.8
2026-02-19,401828434,Duquesne Dukes,La Salle Explorers,62,61,0,2,2184,2325,47.8,40.0
2026-02-19,401828435,Fordham Rams,Loyola Chicago Ramblers,62,59,0,2,2230,2350,39.2,40.4
2026-02-19,401828436,St. Bonaventure Bonnies,Saint Joseph's Hawks,65,71,0,2,179,2603,36.2,38.8
2026-02-19,401828678,Bucknell Bison,American University Eagles,57,75,0,2,2083,44,44.0,40.4
2026-02-19,401829250,San Francisco Dons,Gonzaga Bulldogs,59,80,0,2,2539,2250,35.7,54.8
2026-02-19,401829251,Washington State Cougars,Pacific Tigers,87,70,0,2,265,279,56.7,42.9
2026-02-19,401829252,Portland Pilots,Pepperdine Waves,87,95,0,2,2501,2492,61.8,50.0
2026-02-19,401829253,Seattle U Redhawks,Saint Mary's Gaels,70,72,0,2,2547,2608,44.6,45.3
2026-02-19,401830224,Valparaiso Beacons,Bradley Braves,79,72,0,2,2674,71,51.0,46.2
2026-02-19,401830305,Evansville Purple Aces,UIC Flames,46,84,0,2,339,82,32.7,53.3
2026-02-19,401830306,Illinois State Redbirds,Murray State Racers,78,61,0,2,2287,93,55.2,42.1
2026-02-19,401830307,Indiana State Sycamores,Northern Iowa Panthers,60,81,0,2,282,2460,41.8,56.9
2026-02-19,401830308,Drake Bulldogs,Southern Illinois Salukis,61,66,0,2,2181,79,40.0,34.8
2026-02-19,401830831,UNLV Rebels,Colorado State Rams,86,91,0,2,2439,36,51.7,59.3
2026-02-19,401858787,South Carolina State Bulldogs,North Carolina Central Eagles,85,72,0,2,2569,2428,53.6,48.1
2026-02-20,401805199,Tarleton State Texans,Southern Utah Thunderbirds,78,74,0,2,2627,253,54.1,38.9
2026-02-20,401805200,UT Arlington Mavericks,Utah Tech Trailblazers,63,50,0,2,250,3101,44.1,34.0
2026-02-20,401805201,Utah Valley Wolverines,California Baptist Lancers,65,46,0,2,3084,2856,43.1,29.3
2026-02-20,401806492,Eastern Illinois Panthers,Morehead State Eagles,70,73,0,2,2197,2413,43.5,53.1
2026-02-20,401806493,Tennessee State Tigers,Lindenwood Lions,89,80,0,2,2634,2815,43.7,48.3
2026-02-20,401806494,Little Rock Trojans,UT Martin Skyhawks,67,65,0,2,2031,2630,49.0,34.8
2026-02-20,401806495,Tennessee Tech Golden Eagles,SIU Edwardsville Cougars,62,52,0,2,2635,2565,34.4,34.8
2026-02-20,401806496,Western Illinois Leathernecks,Southern Indiana Screaming Eagles,70,77,0,2,2710,88,50.0,45.8
2026-02-20,401807746,North Florida Ospreys,Austin Peay Governors,76,77,0,2,2454,2046,41.1,39.4
2026-02-20,401807747,Stetson Hatters,Central Arkansas Bears,76,88,0,2,56,2110,52.9,49.2
2026-02-20,401808466,Sacramento State Hornets,Eastern Washington Eagles,94,102,0,2,16,331,54.1,56.3
2026-02-20,401808483,Portland State Vikings,Idaho Vandals,77,67,0,2,2502,70,45.8,38.3
2026-02-20,401808497,Idaho State Bengals,Montana Grizzlies,73,69,0,2,304,149,44.8,45.8
2026-02-20,401808519,Weber State Wildcats,Montana State Bobcats,82,79,0,2,2692,147,45.1,50.0
2026-02-20,401808678,Georgia State Panthers,Georgia Southern Eagles,66,64,0,2,2247,290,32.8,33.8
2026-02-20,401808679,Louisiana Ragin' Cajuns,Arkansas State Red Wolves,62,79,0,2,309,2032,32.4,58.3
2026-02-20,401808680,South Alabama Jaguars,Texas State Bobcats,82,90,0,2,6,326,54.5,48.3
2026-02-20,401809118,Long Beach State Beach,UC Irvine Anteaters,58,69,0,2,299,300,31.8,52.2
2026-02-20,401809135,Cal State Fullerton Titans,UC Davis Aggies,93,92,0,2,2239,302,62.3,50.0
2026-02-20,401809148,Hawai'i Rainbow Warriors,Cal Poly Mustangs,75,86,0,2,62,13,38.3,45.2
2026-02-20,401809376,Mercer Bears,Chattanooga Mocs,90,94,0,2,2382,236,55.4,61.4
2026-02-20,401809377,The Citadel Bulldogs,Samford Bulldogs,75,78,0,2,2643,2535,42.0,50.9
2026-02-20,401812071,North Carolina A&T Aggies,Charleston Cougars,61,74,0,2,2448,232,40.7,44.3
2026-02-20,401812072,Hofstra Pride,Hampton Pirates,79,43,0,2,2275,2261,56.9,26.7
2026-02-20,401812073,Campbell Fighting Camels,William & Mary Tribe,84,83,0,2,2097,2729,39.7,51.0
2026-02-20,401812074,Northeastern Huskies,Drexel Dragons,61,70,0,2,111,2182,39.3,57.1
2026-02-20,401812075,UNC Wilmington Seahawks,Monmouth Hawks,79,69,0,2,350,2405,39.3,40.7
2026-02-20,401812158,NJIT Highlanders,UAlbany Great Danes,63,81,0,2,2885,399,40.7,50.0
2026-02-20,401812329,Chicago State Cougars,Fairleigh Dickinson Knights,59,60,0,2,2130,161,45.5,42.9
2026-02-20,401812347,Central Connecticut Blue Devils,Le Moyne Dolphins,78,77,0,2,2115,2330,48.5,48.2
2026-02-20,401812376,Saint Francis Red Wolves,Long Island University Sharks,89,91,0,2,2598,112358,53.4,56.9
2026-02-20,401812409,New Haven Chargers,Stonehill Skyhawks,64,51,0,2,2441,284,42.6,35.1
2026-02-20,401812416,Mercyhurst Lakers,Wagner Seahawks,80,83,0,2,2385,2681,44.4,44.8
2026-02-20,401814574,Ball State Cardinals,Akron Zips,65,78,0,2,2050,2006,39.7,45.3
2026-02-20,401817673,Wright State Raiders,IU Indianapolis Jaguars,85,73,0,2,2750,85,52.7,49.2
2026-02-20,401818426,Denver Pioneers,South Dakota Coyotes,90,70,0,2,2172,233,46.8,50.0
2026-02-20,401818427,North Dakota Fighting Hawks,Kansas City Roos,85,70,0,2,155,140,40.0,39.1
2026-02-20,401823268,UC Santa Barbara Gauchos,Cal State Northridge Matadors,83,85,0,2,2540,2463,33.8,38.7
2026-02-20,401823743,UC Riverside Highlanders,Cal State Bakersfield Roadrunners,93,65,0,2,27,2934,47.0,32.3
2026-02-20,401823950,Radford Highlanders,Gardner-Webb Runnin' Bulldogs,82,70,0,2,2515,2241,45.5,52.7
2026-02-20,401823951,Presbyterian Blue Hose,Longwood Lancers,72,65,0,2,2506,2344,56.5,55.1
2026-02-20,401823952,High Point Panthers,UNC Asheville Bulldogs,74,48,0,2,2272,2427,42.9,31.6
2026-02-20,401827078,Mississippi Valley State Delta Devils,Prairie View A&M Panthers,62,72,0,2,2400,2504,36.8,45.5
2026-02-20,401827124,Bethune-Cookman Wildcats,Alabama State Hornets,82,71,0,2,2065,2011,50.0,38.8
2026-02-20,401827148,Arkansas-Pine Bluff Golden Lions,Texas Southern Tigers,64,83,0,2,2029,2640,35.7,52.4
2026-02-20,401827207,Florida A&M Rattlers,Alabama A&M Bulldogs,61,63,0,2,50,2010,39.7,50.0
2026-02-20,401828236,North Texas Mean Green,Tulane Green Wave,71,77,0,2,249,2655,42.6,46.4
2026-02-20,401828237,South Florida Bulls,Memphis Tigers,87,66,0,2,58,235,36.4,32.8
2026-02-21,401804940,Kennesaw State Owls,Louisiana Tech Bulldogs,58,55,0,2,338,2348,35.1,31.6
2026-02-21,401804941,Sam Houston Bearkats,Jacksonville State Gamecocks,82,78,0,2,2534,55,49.1,46.7
2026-02-21,401804942,Liberty Flames,Western Kentucky Hilltoppers,73,94,0,2,2335,98,55.6,52.5
2026-02-21,401804943,Florida International Panthers,Missouri State Bears,70,67,0,2,2229,2623,47.2,39.3
2026-02-21,401804944,Middle Tennessee Blue Raiders,Delaware Blue Hens,78,66,0,2,2393,48,43.5,47.7
2026-02-21,401805202,Abilene Christian Wildcats,Southern Utah Thunderbirds,87,83,0,2,2000,253,55.6,58.0
2026-02-21,401805203,Tarleton State Texans,Utah Tech Trailblazers,72,80,0,2,2627,3101,42.6,47.3
2026-02-21,401805204,UT Arlington Mavericks,Utah Valley Wolverines,54,66,0,2,250,3084,34.0,40.0
2026-02-21,401806497,Eastern Illinois Panthers,Southern Indiana Screaming Eagles,68,70,0,2,2197,88,39.1,41.2
2026-02-21,401806498,Tennessee Tech Golden Eagles,Lindenwood Lions,72,57,0,2,2635,2815,46.3,36.8
2026-02-21,401806499,Little Rock Trojans,Southeast Missouri State Redhawks,65,70,0,2,2031,2546,37.9,44.6
2026-02-21,401806500,Western Illinois Leathernecks,Morehead State Eagles,59,81,0,2,2710,2413,45.8,51.7
2026-02-21,401806501,Tennessee State Tigers,SIU Edwardsville Cougars,80,53,0,2,2634,2565,57.4,42.0
2026-02-21,401807752,Florida Gulf Coast Eagles,Central Arkansas Bears,75,71,0,2,526,2110,42.9,37.7
2026-02-21,401807754,Lipscomb Bisons,North Alabama Lions,73,51,0,2,288,2453,58.0,34.9
2026-02-21,401807755,Stetson Hatters,North Florida Ospreys,76,71,0,2,56,2454,45.9,45.6
2026-02-21,401807756,Queens University Royals,West Georgia Wolves,91,84,0,2,2511,2698,51.7,48.5
2026-02-21,401808249,Arkansas Razorbacks,Missouri Tigers,94,86,0,2,8,142,52.5,55.4
2026-02-21,401808251,Georgia Bulldogs,Texas Longhorns,91,80,0,2,61,251,59.6,57.1
2026-02-21,401808252,LSU Tigers,Alabama Crimson Tide,83,90,0,2,99,333,42.0,43.1
2026-02-21,401808253,Ole Miss Rebels,Florida Gators,75,94,0,2,145,57,41.0,57.1
2026-02-21,401808254,South Carolina Gamecocks,Mississippi State Bulldogs,97,89,0,2,2579,344,55.4,44.9
2026-02-21,401808255,Vanderbilt Commodores,Tennessee Volunteers,65,69,0,2,238,2633,41.5,43.1
2026-02-21,401808467,Portland State Vikings,Eastern Washington Eagles,55,67,0,2,2502,331,31.1,43.4
2026-02-21,401808498,Idaho State Bengals,Montana State Bobcats,91,76,0,2,304,147,57.6,42.1
2026-02-21,401808681,App State Mountaineers,Georgia Southern Eagles,89,74,0,2,2026,290,51.0,40.0
2026-02-21,401808682,Coastal Carolina Chanticleers,Marshall Thundering Herd,79,75,0,2,324,276,39.3,38.0
2026-02-21,401808683,Georgia State Panthers,James Madison Dukes,65,80,0,2,2247,256,40.7,56.4
2026-02-21,401808684,Southern Miss Golden Eagles,Old Dominion Monarchs,86,81,0,2,2572,295,54.5,43.1
2026-02-21,401808685,South Alabama Jaguars,Troy Trojans,65,54,0,2,6,2653,43.6,24.5
2026-02-21,401808686,Louisiana Ragin' Cajuns,Texas State Bobcats,67,54,0,2,309,326,48.9,36.5
2026-02-21,401808687,UL Monroe Warhawks,Arkansas State Red Wolves,94,102,0,2,2433,2032,51.6,49.2
2026-02-21,401808720,East Texas A&M Lions,Incarnate Word Cardinals,73,82,0,2,2837,2916,49.2,51.9
2026-02-21,401808931,Stephen F. Austin Lumberjacks,Nicholls Colonels,81,78,0,2,2617,2447,47.5,53.8
2026-02-21,401808944,Northwestern State Demons,Houston Christian Huskies,71,53,0,2,2466,2277,48.1,37.7
2026-02-21,401808964,SE Louisiana Lions,UT Rio Grande Valley Vaqueros,75,96,0,2,2545,292,45.3,62.0
2026-02-21,401809136,UC Riverside Highlanders,UC Davis Aggies,73,78,0,2,27,302,38.2,41.5
2026-02-21,401809378,Mercer Bears,Samford Bulldogs,89,86,0,2,2382,2535,64.0,46.9
2026-02-21,401809379,The Citadel Bulldogs,Chattanooga Mocs,72,93,0,2,2643,236,32.9,61.1
2026-02-21,401809380,UNC Greensboro Spartans,East Tennessee State Buccaneers,75,87,0,2,2430,2193,51.9,60.0
2026-02-21,401809381,VMI Keydets,Western Carolina Catamounts,62,81,0,2,2678,2717,39.3,45.2
2026-02-21,401812076,Campbell Fighting Camels,UNC Wilmington Seahawks,68,73,0,2,2097,350,39.0,36.1
2026-02-21,401812078,Stony Brook Seawolves,Hampton Pirates,79,72,0,2,2619,2261,54.3,42.4
2026-02-21,401812079,Northeastern Huskies,Hofstra Pride,68,82,0,2,111,2275,41.5,51.9
2026-02-21,401812080,Charleston Cougars,Monmouth Hawks,74,63,0,2,232,2405,45.8,42.9
2026-02-21,401812162,UMBC Retrievers,UAlbany Great Danes,66,62,0,2,2378,399,42.1,52.0
2026-02-21,401812163,UMass Lowell River Hawks,Binghamton Bearcats,92,79,0,2,2349,2066,59.3,63.0
2026-02-21,401812164,New Hampshire Wildcats,Maine Black Bears,58,61,0,2,160,311,37.0,44.4
2026-02-21,401812348,Stonehill Skyhawks,Le Moyne Dolphins,77,68,0,2,284,2330,43.5,40.7
2026-02-21,401812377,Mercyhurst Lakers,Long Island University Sharks,91,83,0,2,2385,112358,54.0,57.4
2026-02-21,401812398,Saint Francis Red Wolves,Wagner Seahawks,56,65,0,2,2598,2681,36.2,39.2
2026-02-21,401812595,Yale Bulldogs,Pennsylvania Quakers,74,70,0,2,43,219,44.3,42.4
2026-02-21,401812622,Cornell Big Red,Harvard Crimson,54,73,0,2,172,108,36.4,43.1
2026-02-21,401812657,Chicago State Cougars,Central Connecticut Blue Devils,70,51,0,2,2130,2115,41.9,30.9
2026-02-21,401813307,Manhattan Jaspers,Marist Red Foxes,70,84,0,2,2363,2368,45.3,55.2
2026-02-21,401813369,Rider Broncs,Canisius Golden Griffins,66,72,0,2,2520,2099,39.1,44.2
2026-02-21,401813393,Mount St. Mary's Mountaineers,Niagara Purple Eagles,76,63,0,2,116,315,53.4,35.3
2026-02-21,401813430,Merrimack Warriors,Siena Saints,79,72,0,2,2771,2561,39.6,47.1
2026-02-21,401814575,Miami (OH) RedHawks,Bowling Green Falcons,91,77,0,2,193,189,51.7,43.8
2026-02-21,401814576,Massachusetts Minutemen,Buffalo Bulls,82,86,0,2,113,2084,51.7,48.1
2026-02-21,401814577,Toledo Rockets,Eastern Michigan Eagles,94,75,0,2,2649,2199,67.3,45.8
2026-02-21,401814578,Northern Illinois Huskies,Ohio Bobcats,66,74,0,2,2459,195,50.0,48.1
2026-02-21,401814579,Central Michigan Chippewas,Western Michigan Broncos,83,70,0,2,2117,2711,49.0,40.0
2026-02-21,401817238,Duke Blue Devils,Michigan Wolverines,68,63,1,2,150,130,45.5,40.0
2026-02-21,401817674,Oakland Golden Grizzlies,Green Bay Phoenix,68,73,0,2,2473,2739,37.1,45.5
2026-02-21,401817675,Detroit Mercy Titans,Milwaukee Panthers,91,86,0,2,2174,270,53.6,50.8
2026-02-21,401818428,South Dakota State Jackrabbits,North Dakota Fighting Hawks,91,83,0,2,2571,155,47.5,51.7
2026-02-21,401818430,Denver Pioneers,St. Thomas Tommies,82,80,0,2,2172,2900,47.4,55.2
2026-02-21,401818431,North Dakota State Bison,Kansas City Roos,95,59,0,2,2449,140,49.3,37.1
2026-02-21,401818545,Columbia Lions,Dartmouth Big Green,63,64,0,2,171,159,37.9,35.7
2026-02-21,401818563,Brown Bears,Princeton Tigers,80,71,0,2,225,163,61.2,40.0
2026-02-21,401820175,Army Black Knights,Navy Midshipmen,63,81,0,2,349,2426,37.7,47.7
2026-02-21,401820207,Colgate Raiders,Loyola Maryland Greyhounds,101,98,0,2,2142,2352,47.7,41.2
2026-02-21,401820572,Air Force Falcons,UNLV Rebels,66,91,0,2,2005,2439,39.7,60.0
2026-02-21,401820754,California Golden Bears,Stanford Cardinal,72,66,0,2,25,24,34.9,33.3
2026-02-21,401820755,Clemson Tigers,Florida State Seminoles,65,70,0,2,228,52,37.5,50.0
2026-02-21,401820756,Louisville Cardinals,Georgia Tech Yellow Jackets,87,70,0,2,97,59,51.9,45.9
2026-02-21,401820757,Pittsburgh Panthers,Notre Dame Fighting Irish,73,68,0,2,221,87,44.9,40.0
2026-02-21,401820758,SMU Mustangs,Boston College Eagles,94,70,0,2,2567,103,55.7,33.3
2026-02-21,401820759,Syracuse Orange,North Carolina Tar Heels,64,77,0,2,183,153,42.4,51.9
2026-02-21,401820760,Virginia Cavaliers,Miami Hurricanes,86,83,0,2,258,2390,58.0,47.5
2026-02-21,401820761,Virginia Tech Hokies,Wake Forest Demon Deacons,82,63,0,2,259,154,50.8,37.7
2026-02-21,401822777,Coppin State Eagles,Maryland Eastern Shore Hawks,71,65,0,2,2154,2379,41.3,39.1
2026-02-21,401822952,St. John's Red Storm,Creighton Bluejays,81,52,0,2,2599,156,46.0,32.1
2026-02-21,401822953,Villanova Wildcats,UConn Huskies,63,73,0,2,222,41,40.7,54.9
2026-02-21,401822954,Butler Bulldogs,Xavier Musketeers,80,75,0,2,2086,2752,47.3,44.4
2026-02-21,401822956,Seton Hall Pirates,Georgetown Hoyas,51,47,0,2,2550,46,30.9,27.3
2026-02-21,401823320,Fairfield Stags,Sacred Heart Pioneers,78,68,0,2,2217,2529,46.8,43.1
2026-02-21,401823783,Colorado State Rams,San Diego State Aztecs,83,74,0,2,36,21,46.9,38.3
2026-02-21,401823831,Boise State Broncos,San José State Spartans,84,69,0,2,68,23,54.5,43.3
2026-02-21,401823851,Iona Gaels,Saint Peter's Peacocks,72,64,0,2,314,2612,40.3,36.4
2026-02-21,401823954,Charleston Southern Buccaneers,Longwood Lancers,96,107,0,2,2127,2344,54.8,38.8
2026-02-21,401823955,South Carolina Upstate Spartans,Presbyterian Blue Hose,76,74,0,2,2908,2506,51.7,49.2
2026-02-21,401823956,UNC Asheville Bulldogs,Radford Highlanders,74,73,0,2,2427,2515,47.7,37.3
2026-02-21,401823957,High Point Panthers,Winthrop Eagles,89,87,0,2,2272,2737,49.1,43.8
2026-02-21,401825528,Purdue Boilermakers,Indiana Hoosiers,93,64,0,2,2509,84,64.7,52.2
2026-02-21,401825529,Maryland Terrapins,Washington Huskies,64,60,0,2,120,264,40.4,46.2
2026-02-21,401825530,Minnesota Golden Gophers,Rutgers Scarlet Knights,80,61,0,2,135,164,60.0,44.4
2026-02-21,401825531,Nebraska Cornhuskers,Penn State Nittany Lions,87,64,0,2,158,213,51.6,42.1
2026-02-21,401825533,USC Trojans,Oregon Ducks,70,71,0,2,30,2483,38.3,45.1
2026-02-21,401827034,Southern Jaguars,Grambling Tigers,87,73,0,2,2582,2755,58.8,43.9
2026-02-21,401827125,Bethune-Cookman Wildcats,Alabama A&M Bulldogs,85,76,0,2,2065,2010,59.3,43.5
2026-02-21,401827149,Arkansas-Pine Bluff Golden Lions,Prairie View A&M Panthers,84,82,0,2,2029,2504,58.5,50.0
2026-02-21,401827168,Florida A&M Rattlers,Alabama State Hornets,76,63,0,2,50,2011,49.1,40.0
2026-02-21,401827692,Baylor Bears,Arizona State Sun Devils,73,68,0,2,239,9,56.9,44.6
2026-02-21,401827694,Colorado Buffaloes,Oklahoma State Cowboys,83,69,0,2,38,197,47.5,37.7
2026-02-21,401827695,Houston Cougars,Arizona Wildcats,66,73,0,2,248,12,35.7,44.6
2026-02-21,401827696,Kansas Jayhawks,Cincinnati Bearcats,68,84,0,2,2305,2132,44.3,48.4
2026-02-21,401827697,TCU Horned Frogs,West Virginia Mountaineers,60,54,0,2,2628,277,34.0,40.8
2026-02-21,401827698,Texas Tech Red Raiders,Kansas State Wildcats,100,72,0,2,2641,2306,54.8,43.8
2026-02-21,401828238,Charlotte 49ers,East Carolina Pirates,68,56,0,2,2429,151,40.3,34.5
2026-02-21,401828239,Wichita State Shockers,Temple Owls,69,57,0,2,2724,218,42.0,36.4
2026-02-21,401828437,Saint Louis Billikens,VCU Rams,88,75,0,2,139,2670,51.5,32.8
2026-02-21,401828438,Fordham Rams,Davidson Wildcats,63,59,0,2,2230,2166,50.0,44.0
2026-02-21,401828439,Dayton Flyers,Duquesne Dukes,78,66,0,2,2168,2184,44.2,37.7
2026-02-21,401828440,La Salle Explorers,Rhode Island Rams,59,46,0,2,2325,227,30.8,29.1
2026-02-21,401828441,Saint Joseph's Hawks,Loyola Chicago Ramblers,75,61,0,2,2603,2350,44.8,36.8
2026-02-21,401828442,Richmond Spiders,St. Bonaventure Bonnies,99,94,0,2,257,179,56.1,53.0
2026-02-21,401828668,Alcorn State Braves,Jackson State Tigers,83,65,0,2,2016,2296,41.4,38.9
2026-02-21,401828715,Morgan State Bears,Delaware State Hornets,82,68,0,2,2415,2169,45.8,39.1
2026-02-21,401828731,Norfolk State Spartans,South Carolina State Bulldogs,90,71,0,2,2450,2569,59.3,42.9
2026-02-21,401829254,San Diego Toreros,Loyola Marymount Lions,65,77,0,2,301,2351,43.6,57.8
2026-02-21,401830243,Howard Bison,North Carolina Central Eagles,100,67,0,2,47,2428,60.7,45.0
2026-02-21,401830309,Murray State Racers,Evansville Purple Aces,88,75,0,2,93,339,41.7,48.3
2026-02-21,401830310,Northern Iowa Panthers,Southern Illinois Salukis,57,59,0,2,2460,79,44.2,51.0
2026-02-21,401830311,UIC Flames,Valparaiso Beacons,67,71,0,2,82,2674,46.4,39.3
2026-02-22,401804939,New Mexico State Aggies,UTEP Miners,67,63,0,2,166,2638,40.9,40.0
2026-02-22,401807751,Jacksonville Dolphins,Austin Peay Governors,61,65,0,2,294,2046,38.9,42.1
2026-02-22,401807753,Bellarmine Knights,Eastern Kentucky Colonels,92,95,0,2,91,2198,68.8,53.8
2026-02-22,401808250,Auburn Tigers,Kentucky Wildcats,75,74,0,2,2,96,40.3,41.5
2026-02-22,401808256,Oklahoma Sooners,Texas A&M Aggies,71,75,0,2,201,245,32.8,43.5
2026-02-22,401808484,Sacramento State Hornets,Idaho Vandals,80,86,0,2,16,70,41.8,41.9
2026-02-22,401808509,Weber State Wildcats,Montana Grizzlies,92,72,0,2,2692,149,58.9,44.6
2026-02-22,401808530,Northern Colorado Bears,Northern Arizona Lumberjacks,78,77,0,2,2458,2464,53.7,45.5
2026-02-22,401808886,McNeese Cowboys,Texas A&M-Corpus Christi Islanders,70,54,0,2,2377,357,43.9,44.4
2026-02-22,401808915,Lamar Cardinals,LSU New Orleans Privateers,71,77,0,2,2320,2443,36.4,45.5
2026-02-22,401809100,UC Irvine Anteaters,UC San Diego Tritons,69,71,0,2,300,28,41.8,44.1
2026-02-22,401809149,Hawai'i Rainbow Warriors,UC Santa Barbara Gauchos,78,75,0,2,62,2540,43.1,43.1
2026-02-22,401809382,Wofford Terriers,Furman Paladins,67,76,0,2,2747,231,43.9,51.9
2026-02-22,401812077,Elon Phoenix,North Carolina A&T Aggies,82,102,0,2,2210,2448,42.4,66.7
2026-02-22,401812081,Drexel Dragons,Towson Tigers,68,62,0,2,2182,119,42.3,36.2
2026-02-22,401812165,NJIT Highlanders,Vermont Catamounts,64,70,0,2,2885,261,39.6,51.9
2026-02-22,401812330,Fairleigh Dickinson Knights,New Haven Chargers,77,84,0,2,161,2441,51.8,63.8
2026-02-22,401813343,Marist Red Foxes,Sacred Heart Pioneers,65,63,0,2,2368,2529,35.8,36.7
2026-02-22,401813370,Mount St. Mary's Mountaineers,Canisius Golden Griffins,68,47,0,2,116,2099,45.5,35.6
2026-02-22,401813394,Rider Broncs,Niagara Purple Eagles,67,62,0,2,2520,315,43.6,52.1
2026-02-22,401813431,Siena Saints,Saint Peter's Peacocks,72,63,0,2,2561,2612,48.8,40.0
2026-02-22,401817676,Detroit Mercy Titans,Green Bay Phoenix,74,70,0,2,2174,2739,42.9,44.2
2026-02-22,401817677,Oakland Golden Grizzlies,Milwaukee Panthers,81,70,0,2,2473,270,51.8,42.2
2026-02-22,401817678,Cleveland State Vikings,Purdue Fort Wayne Mastodons,86,92,0,2,325,2870,47.5,54.2
2026-02-22,401817679,Wright State Raiders,Robert Morris Colonials,68,81,0,2,2750,2523,43.6,52.7
2026-02-22,401817680,Youngstown State Penguins,Northern Kentucky Norse,64,58,0,2,2754,94,42.0,29.4
2026-02-22,401818429,Oral Roberts Golden Eagles,South Dakota Coyotes,67,62,0,2,198,233,39.0,41.5
2026-02-22,401820593,Quinnipiac Bobcats,Fairfield Stags,79,85,0,2,2514,2217,46.0,53.4
2026-02-22,401822955,DePaul Blue Demons,Providence Friars,68,71,0,2,305,2507,38.5,51.0
2026-02-22,401823185,Cal State Bakersfield Roadrunners,Cal State Fullerton Titans,80,88,0,2,2934,2239,42.2,50.0
2026-02-22,401823269,Long Beach State Beach,Cal State Northridge Matadors,76,78,0,2,299,2463,43.1,47.8
2026-02-22,401823803,Grand Canyon Lopes,Wyoming Cowboys,65,70,0,2,2253,2751,40.7,40.0
2026-02-22,401824312,Merrimack Warriors,Iona Gaels,88,86,0,2,2771,314,41.3,44.1
2026-02-22,401824375,Lehigh Mountain Hawks,Boston University Terriers,70,67,0,2,2329,104,50.0,50.0
2026-02-22,401824435,Bucknell Bison,Holy Cross Crusaders,63,72,0,2,2083,107,37.1,47.1
2026-02-22,401825532,UCLA Bruins,Illinois Fighting Illini,95,94,0,2,26,356,50.7,40.6
2026-02-22,401825534,Michigan State Spartans,Ohio State Buckeyes,66,60,0,2,127,194,40.0,44.2
2026-02-22,401825535,Wisconsin Badgers,Iowa Hawkeyes,84,71,0,2,275,2294,53.8,47.5
2026-02-22,401827693,BYU Cougars,Iowa State Cyclones,79,69,0,2,252,66,50.0,42.6
2026-02-22,401827699,Utah Utes,UCF Knights,71,73,0,2,254,2116,49.1,52.6
2026-02-22,401828240,Memphis Tigers,UAB Blazers,67,78,0,2,235,5,45.8,45.8
2026-02-22,401828241,North Texas Mean Green,Florida Atlantic Owls,73,72,0,2,249,2226,41.8,47.4
2026-02-22,401828242,Tulane Green Wave,Rice Owls,81,75,0,2,2655,242,47.9,42.9
2026-02-22,401828243,Tulsa Golden Hurricane,UTSA Roadrunners,100,74,0,2,202,2636,54.0,44.3
2026-02-22,401828679,Lafayette Leopards,American University Eagles,61,75,0,2,322,44,50.0,49.1
2026-02-22,401828934,Fresno State Bulldogs,New Mexico Lobos,78,80,0,2,278,167,52.4,51.7
2026-02-22,401829255,Gonzaga Bulldogs,Pacific Tigers,71,62,0,2,2250,279,42.9,46.9
2026-02-22,401829256,Oregon State Beavers,Pepperdine Waves,83,73,0,2,204,2492,44.9,42.9
2026-02-22,401829257,Seattle U Redhawks,Portland Pilots,71,59,0,2,2547,2501,37.9,37.5
2026-02-22,401829258,Washington State Cougars,Saint Mary's Gaels,67,83,0,2,265,2608,43.9,54.2
2026-02-22,401829259,San Francisco Dons,Santa Clara Broncos,73,94,0,2,2539,2541,46.3,48.6
2026-02-22,401829319,Nevada Wolf Pack,Utah State Aggies,80,77,0,2,2440,328,51.0,40.3
2026-02-22,401829503,Mississippi Valley State Delta Devils,Texas Southern Tigers,72,71,0,2,2400,2640,47.4,47.1
2026-02-22,401830215,Belmont Bruins,Indiana State Sycamores,87,70,0,2,2057,282,50.8,43.5
2026-02-22,401830223,Bradley Braves,Illinois State Redbirds,74,60,0,2,71,2287,50.8,41.5
2026-02-24,401808721,East Texas A&M Lions,Houston Christian Huskies,68,69,0,2,2837,2277,45.1,44.3
2026-02-24,401808887,McNeese Cowboys,UT Rio Grande Valley Vaqueros,75,68,0,2,2377,292,43.1,50.0
2026-02-24,401808916,Stephen F. Austin Lumberjacks,LSU New Orleans Privateers,73,77,0,2,2617,2443,36.2,48.1
2026-02-24,401808932,Lamar Cardinals,Nicholls Colonels,52,53,0,2,2320,2447,35.7,36.1
2026-02-24,401808945,Northwestern State Demons,Incarnate Word Cardinals,54,49,0,2,2466,2916,36.7,33.3
2026-02-24,401808965,SE Louisiana Lions,Texas A&M-Corpus Christi Islanders,68,73,0,2,2545,357,47.9,54.0
2026-02-24,401814583,Eastern Michigan Eagles,Miami (OH) RedHawks,64,74,0,2,2199,193,34.4,40.6
2026-02-24,401820762,North Carolina Tar Heels,Louisville Cardinals,77,74,0,2,153,97,53.6,38.8
2026-02-24,401820820,Kansas Jayhawks,Houston Cougars,69,56,0,2,2305,248,44.0,31.8
2026-02-24,401825538,Rutgers Scarlet Knights,Washington Huskies,72,79,0,2,164,264,39.7,50.0
2026-02-24,401827098,Grambling Tigers,Mississippi Valley State Delta Devils,83,62,0,2,2755,2400,53.8,38.7
2026-02-24,401828444,La Salle Explorers,George Washington Revolutionaries,77,104,0,2,2325,45,41.4,67.2
2026-02-24,401858739,New Haven Chargers,Saint Francis Red Wolves,67,73,0,2,2441,2598,45.3,56.5
2026-02-25,401806502,Morehead State Eagles,Southern Indiana Screaming Eagles,64,63,0,2,2413,88,38.9,41.4
2026-02-25,401808257,Missouri Tigers,Tennessee Volunteers,73,69,0,2,142,2633,47.3,42.9
2026-02-25,401808260,South Carolina Gamecocks,Kentucky Wildcats,63,72,0,2,2579,96,36.8,39.4
2026-02-25,401808262,Oklahoma Sooners,Auburn Tigers,91,79,0,2,201,2,52.6,47.2
2026-02-25,401808688,Georgia State Panthers,Coastal Carolina Chanticleers,71,76,0,2,2247,324,41.7,39.7
2026-02-25,401808689,Marshall Thundering Herd,Old Dominion Monarchs,97,88,0,2,276,295,59.7,47.1
2026-02-25,401808690,Arkansas State Red Wolves,Southern Miss Golden Eagles,89,84,0,2,2032,2572,40.0,50.7
2026-02-25,401808691,Troy Trojans,Louisiana Ragin' Cajuns,78,59,0,2,2653,309,50.0,42.6
2026-02-25,401809384,Furman Paladins,The Citadel Bulldogs,72,51,0,2,231,2643,42.9,38.9
2026-02-25,401814580,Akron Zips,Buffalo Bulls,99,85,0,2,2006,2084,55.2,37.3
2026-02-25,401814581,Kent State Golden Flashes,Central Michigan Chippewas,83,81,0,2,2309,2117,48.1,50.9
2026-02-25,401814582,Ball State Cardinals,Massachusetts Minutemen,74,73,0,2,2050,113,35.7,37.7
2026-02-25,401814584,Toledo Rockets,Northern Illinois Huskies,79,69,0,2,2649,2459,47.6,47.4
2026-02-25,401814585,Bowling Green Falcons,Western Michigan Broncos,79,88,0,2,189,2711,42.4,48.2
2026-02-25,401817684,IU Indianapolis Jaguars,Oakland Golden Grizzlies,74,86,0,2,85,2473,47.5,54.8
2026-02-25,401820573,Air Force Falcons,San José State Spartans,80,86,0,2,2005,23,50.9,49.1
2026-02-25,401820763,Virginia Cavaliers,NC State Wolfpack,90,61,0,2,258,152,53.4,29.4
2026-02-25,401820764,Boston College Eagles,Wake Forest Demon Deacons,68,67,0,2,103,154,43.1,35.5
2026-02-25,401820766,Florida State Seminoles,Miami Hurricanes,73,83,0,2,52,2390,45.8,52.5
2026-02-25,401820767,Notre Dame Fighting Irish,Duke Blue Devils,56,100,0,2,87,150,36.5,45.8
2026-02-25,401822957,Georgetown Hoyas,Marquette Golden Eagles,60,76,0,2,46,269,37.7,50.8
2026-02-25,401823832,Boise State Broncos,Wyoming Cowboys,72,62,0,2,68,2751,47.2,42.1
2026-02-25,401825536,Indiana Hoosiers,Northwestern Wildcats,68,72,0,2,84,77,46.0,48.1
2026-02-25,401825537,Michigan Wolverines,Minnesota Golden Gophers,77,67,0,2,130,135,50.0,45.5
2026-02-25,401825539,UCLA Bruins,USC Trojans,81,62,0,2,26,30,49.2,35.0
2026-02-25,401826824,Army Black Knights,Bucknell Bison,73,75,0,2,349,2083,40.6,48.1
2026-02-25,401827700,Baylor Bears,Arizona Wildcats,80,87,0,2,239,12,49.2,49.2
2026-02-25,401827701,BYU Cougars,UCF Knights,84,97,0,2,252,2116,40.8,56.3
2026-02-25,401827702,Oklahoma State Cowboys,West Virginia Mountaineers,91,84,0,2,197,277,49.2,48.5
2026-02-25,401827703,TCU Horned Frogs,Arizona State Sun Devils,90,78,0,2,2628,9,42.2,45.9
2026-02-25,401827704,Texas Tech Red Raiders,Cincinnati Bearcats,80,68,0,2,2641,2132,51.9,40.3
2026-02-25,401827705,Utah Utes,Iowa State Cyclones,59,75,0,2,254,66,45.7,47.5
2026-02-25,401828443,Dayton Flyers,Saint Louis Billikens,77,62,0,2,2168,139,47.1,40.0
2026-02-25,401828935,Colorado State Rams,Fresno State Bulldogs,74,70,0,2,36,278,44.8,46.6
2026-02-25,401829320,Nevada Wolf Pack,New Mexico Lobos,67,60,0,2,2440,167,39.7,38.2
2026-02-25,401830222,UIC Flames,Bradley Braves,93,86,0,2,82,71,51.7,41.4
2026-02-25,401861277,South Carolina State Bulldogs,Morgan State Bears,83,90,0,2,2569,2415,49.2,52.1
2026-02-26,401807757,Eastern Kentucky Colonels,Queens University Royals,79,96,0,2,2198,2511,43.9,50.9
2026-02-26,401807758,North Alabama Lions,Bellarmine Knights,73,68,0,2,2453,91,46.9,46.9
2026-02-26,401807759,Austin Peay Governors,Central Arkansas Bears,88,93,0,2,2046,2110,55.8,58.2
2026-02-26,401807761,West Georgia Wolves,Lipscomb Bisons,84,78,0,2,2698,288,57.4,46.9
2026-02-26,401808258,Ole Miss Rebels,LSU Tigers,99,106,0,2,145,99,46.2,50.0
2026-02-26,401808259,Arkansas Razorbacks,Texas A&M Aggies,99,84,0,2,8,245,50.8,52.6
2026-02-26,401808261,Vanderbilt Commodores,Georgia Bulldogs,88,80,0,2,238,61,49.2,46.2
2026-02-26,401808263,Alabama Crimson Tide,Mississippi State Bulldogs,100,75,0,2,333,344,47.9,38.0
2026-02-26,401808264,Texas Longhorns,Florida Gators,71,84,0,2,251,57,43.1,59.3
2026-02-26,401808692,James Madison Dukes,Georgia Southern Eagles,82,66,0,2,256,290,54.2,37.7
2026-02-26,401808693,South Alabama Jaguars,UL Monroe Warhawks,89,54,0,2,6,2433,57.7,29.3
2026-02-26,401809383,East Tennessee State Buccaneers,Wofford Terriers,69,72,0,2,2193,2747,52.9,40.3
2026-02-26,401809385,Western Carolina Catamounts,Mercer Bears,78,74,0,2,2717,2382,45.3,50.9
2026-02-26,401812087,Hampton Pirates,Charleston Cougars,71,85,0,2,2261,232,40.4,52.6
2026-02-26,401812166,UMBC Retrievers,Bryant Bulldogs,70,58,0,2,2378,2803,47.1,35.3
2026-02-26,401812167,UAlbany Great Danes,Maine Black Bears,59,70,0,2,399,311,47.9,55.1
2026-02-26,401812169,Binghamton Bearcats,New Hampshire Wildcats,65,63,0,2,2066,160,53.1,33.9
2026-02-26,401817681,Cleveland State Vikings,Northern Kentucky Norse,70,81,0,2,325,94,40.0,51.0
2026-02-26,401817682,Purdue Fort Wayne Mastodons,Wright State Raiders,70,74,0,2,2870,2750,39.7,43.5
2026-02-26,401817683,Robert Morris Colonials,Detroit Mercy Titans,73,62,0,2,2523,2174,37.7,44.6
2026-02-26,401817685,Milwaukee Panthers,Youngstown State Penguins,78,65,0,2,270,2754,50.9,43.9
2026-02-26,401818434,South Dakota Coyotes,Omaha Mavericks,89,72,0,2,233,2437,48.3,42.9
2026-02-26,401820176,Loyola Maryland Greyhounds,Navy Midshipmen,51,78,0,2,2352,2426,31.6,54.7
2026-02-26,401820765,California Golden Bears,SMU Mustangs,73,69,0,2,25,2567,40.0,45.5
2026-02-26,401820768,Stanford Cardinal,Pittsburgh Panthers,75,67,0,2,24,221,50.0,49.0
2026-02-26,401822958,Providence Friars,Xavier Musketeers,94,84,0,2,2507,2752,54.1,50.0
2026-02-26,401822959,UConn Huskies,St. John's Red Storm,72,40,0,2,41,2599,47.5,19.6
2026-02-26,401822960,Creighton Bluejays,DePaul Blue Demons,71,72,0,2,156,305,44.6,50.0
2026-02-26,401822961,Villanova Wildcats,Butler Bulldogs,82,73,0,2,222,2086,49.2,45.3
2026-02-26,401823784,San Diego State Aztecs,Utah State Aggies,89,72,0,2,21,328,54.5,40.4
2026-02-26,401823804,Grand Canyon Lopes,UNLV Rebels,80,67,0,2,2253,2439,53.2,40.4
2026-02-26,401824376,Boston University Terriers,Holy Cross Crusaders,78,63,0,2,104,107,55.8,40.4
2026-02-26,401825540,Iowa Hawkeyes,Ohio State Buckeyes,74,57,0,2,2294,194,57.4,41.9
2026-02-26,401825541,Nebraska Cornhuskers,Maryland Terrapins,74,61,0,2,158,120,43.4,37.5
2026-02-26,401825542,Oregon Ducks,Wisconsin Badgers,85,71,0,2,2483,275,51.9,33.3
2026-02-26,401827107,Grambling Tigers,Bethune-Cookman Wildcats,71,76,0,2,2755,2065,40.6,50.0
2026-02-26,401827706,Colorado Buffaloes,Kansas State Wildcats,79,70,0,2,38,2306,43.1,38.8
2026-02-26,401828244,Charlotte 49ers,North Texas Mean Green,80,79,0,2,2429,249,60.5,49.2
2026-02-26,401828245,UTSA Roadrunners,East Carolina Pirates,81,82,0,2,2636,151,57.4,50.0
2026-02-26,401828247,Rice Owls,South Florida Bulls,56,75,0,2,242,58,36.2,37.9
2026-02-26,401828248,Tulane Green Wave,Tulsa Golden Hurricane,56,90,0,2,2655,202,37.7,49.2
2026-02-26,401828445,Duquesne Dukes,Davidson Wildcats,56,67,0,2,2184,2166,35.6,40.4
2026-02-26,401828446,Saint Joseph's Hawks,George Mason Patriots,81,63,0,2,2603,2244,51.6,39.7
2026-02-26,401828447,St. Bonaventure Bonnies,Rhode Island Rams,94,76,0,2,179,227,55.9,45.6
2026-02-26,401828680,American University Eagles,Lehigh Mountain Hawks,73,78,0,2,44,2329,41.0,52.0
2026-02-26,401829260,Gonzaga Bulldogs,Portland Pilots,89,48,0,2,2250,2501,52.4,34.7
2026-02-26,401829261,Oregon State Beavers,San Diego Toreros,92,82,0,2,204,301,50.8,44.1
2026-02-26,401829262,Saint Mary's Gaels,Santa Clara Broncos,86,67,0,2,2608,2541,49.2,40.7
2026-02-26,401829263,Pepperdine Waves,Seattle U Redhawks,80,87,0,2,2492,2547,47.0,51.6
2026-02-26,401829264,Loyola Marymount Lions,Washington State Cougars,67,66,0,2,2351,265,36.9,46.4
2026-02-26,401829410,Colgate Raiders,Lafayette Leopards,69,70,0,2,2142,322,46.4,42.9
2026-02-26,401830216,Belmont Bruins,Evansville Purple Aces,98,64,0,2,2057,339,57.4,45.6
2026-02-26,401830312,Northern Iowa Panthers,Illinois State Redbirds,69,71,0,2,2460,2287,50.0,49.1
2026-02-26,401830313,Southern Illinois Salukis,Indiana State Sycamores,66,55,0,2,79,282,39.1,37.5
2026-02-26,401830314,Valparaiso Beacons,Drake Bulldogs,74,71,0,2,2674,2181,44.4,48.2
2026-02-27,401804945,Western Kentucky Hilltoppers,New Mexico State Aggies,93,70,0,2,98,166,50.8,32.8
2026-02-27,401804946,Middle Tennessee Blue Raiders,UTEP Miners,77,67,0,2,2393,2638,44.8,48.9
2026-02-27,401804947,Sam Houston Bearkats,Florida International Panthers,100,67,0,2,2534,2229,60.3,38.9
2026-02-27,401804948,Louisiana Tech Bulldogs,Missouri State Bears,72,70,0,2,2348,2623,48.0,40.7
2026-02-27,401804949,Kennesaw State Owls,Liberty Flames,74,65,0,2,338,2335,50.9,45.2
2026-02-27,401804950,Jacksonville State Gamecocks,Delaware Blue Hens,80,70,0,2,55,48,46.4,40.0
2026-02-27,401805205,Utah Tech Trailblazers,Abilene Christian Wildcats,85,81,0,2,3101,2000,61.1,48.4
2026-02-27,401805206,Utah Valley Wolverines,Tarleton State Texans,79,72,0,2,3084,2627,50.0,40.9
2026-02-27,401805207,California Baptist Lancers,UT Arlington Mavericks,68,56,0,2,2856,250,45.6,35.0
2026-02-27,401806503,Lindenwood Lions,Eastern Illinois Panthers,67,71,0,2,2815,2197,37.9,40.8
2026-02-27,401806504,Little Rock Trojans,Morehead State Eagles,70,76,0,2,2031,2413,43.3,50.0
2026-02-27,401806505,Southeast Missouri State Redhawks,Tennessee State Tigers,71,79,0,2,2546,2634,37.9,39.2
2026-02-27,401806506,SIU Edwardsville Cougars,Western Illinois Leathernecks,67,47,0,2,2565,2710,49.1,28.8
2026-02-27,401806507,UT Martin Skyhawks,Tennessee Tech Golden Eagles,64,49,0,2,2630,2635,40.7,25.0
2026-02-27,401807760,North Florida Ospreys,Florida Gulf Coast Eagles,76,70,0,2,2454,526,39.7,37.3
2026-02-27,401807762,Jacksonville Dolphins,Stetson Hatters,89,85,0,2,294,56,44.3,56.6
2026-02-27,401808468,Eastern Washington Eagles,Northern Colorado Bears,82,72,0,2,331,2458,56.6,50.9
2026-02-27,401808485,Idaho Vandals,Northern Arizona Lumberjacks,78,58,0,2,70,2464,52.6,38.5
2026-02-27,401808510,Montana Grizzlies,Sacramento State Hornets,81,73,0,2,149,16,50.9,40.3
2026-02-27,401808520,Montana State Bobcats,Portland State Vikings,84,69,0,2,147,2502,51.8,44.8
2026-02-27,401809101,UC San Diego Tritons,Cal State Bakersfield Roadrunners,84,72,0,2,28,2934,50.0,44.9
2026-02-27,401809119,Cal State Northridge Matadors,UC Irvine Anteaters,67,68,0,2,2463,300,41.0,46.6
2026-02-27,401809137,UC Davis Aggies,Hawai'i Rainbow Warriors,73,77,0,2,302,62,43.1,50.9
2026-02-27,401809163,Cal Poly Mustangs,Long Beach State Beach,102,92,0,2,13,299,46.6,46.6
2026-02-27,401809386,Chattanooga Mocs,UNC Greensboro Spartans,80,85,0,2,236,2430,42.2,43.8
2026-02-27,401809387,Samford Bulldogs,VMI Keydets,80,61,0,2,2535,2678,50.0,37.3
2026-02-27,401812082,William & Mary Tribe,Northeastern Huskies,84,77,0,2,2729,111,45.5,50.0
2026-02-27,401812083,Monmouth Hawks,Stony Brook Seawolves,82,69,0,2,2405,2619,52.5,45.2
2026-02-27,401812084,UNC Wilmington Seahawks,North Carolina A&T Aggies,88,65,0,2,350,2448,47.8,44.4
2026-02-27,401812085,Towson Tigers,Elon Phoenix,58,56,0,2,119,2210,36.2,37.0
2026-02-27,401812086,Drexel Dragons,Campbell Fighting Camels,65,60,0,2,2182,2097,41.7,37.7
2026-02-27,401812168,Vermont Catamounts,UMass Lowell River Hawks,66,64,0,2,261,2349,38.3,41.0
2026-02-27,401812331,Le Moyne Dolphins,Fairleigh Dickinson Knights,76,59,0,2,2330,161,56.9,32.1
2026-02-27,401812378,Long Island University Sharks,Chicago State Cougars,73,56,0,2,112358,2130,48.9,36.1
2026-02-27,401812399,Stonehill Skyhawks,Saint Francis Red Wolves,103,77,0,2,284,2598,57.6,45.5
2026-02-27,401812417,Wagner Seahawks,New Haven Chargers,65,62,0,2,2681,2441,40.0,35.2
2026-02-27,401812658,Central Connecticut Blue Devils,Mercyhurst Lakers,80,78,0,2,2115,2385,54.9,50.0
2026-02-27,401813395,Niagara Purple Eagles,Quinnipiac Bobcats,78,76,0,2,315,2514,48.4,41.9
2026-02-27,401814590,Western Michigan Broncos,Miami (OH) RedHawks,67,69,0,2,2711,193,42.1,48.1
2026-02-27,401818335,Cornell Big Red,Yale Bulldogs,72,69,0,2,172,43,48.1,46.7
2026-02-27,401818432,St. Thomas Tommies,North Dakota State Bison,84,62,0,2,2900,2449,56.1,36.1
2026-02-27,401818433,Kansas City Roos,South Dakota State Jackrabbits,59,73,0,2,140,2571,35.1,46.6
2026-02-27,401818435,Oral Roberts Golden Eagles,Denver Pioneers,102,80,0,2,198,2172,52.7,44.4
2026-02-27,401823958,Presbyterian Blue Hose,High Point Panthers,73,79,0,2,2506,2272,40.4,42.9
2026-02-27,401823959,Gardner-Webb Runnin' Bulldogs,UNC Asheville Bulldogs,71,77,0,2,2241,2427,47.2,49.1
2026-02-27,401823960,Radford Highlanders,South Carolina Upstate Spartans,71,59,0,2,2515,2908,43.1,37.3
2026-02-27,401823961,Charleston Southern Buccaneers,Winthrop Eagles,86,84,0,2,2127,2737,43.5,36.6
2026-02-27,401825543,Purdue Boilermakers,Michigan State Spartans,74,76,0,2,2509,127,49.1,52.7
2026-02-27,401826049,UC Santa Barbara Gauchos,UC Riverside Highlanders,70,59,0,2,2540,27,44.2,38.5
2026-02-27,401827035,Southern Jaguars,Florida A&M Rattlers,71,82,0,2,2582,50,37.3,49.2
2026-02-27,401827080,Prairie View A&M Panthers,Jackson State Tigers,85,76,0,2,2504,2296,36.1,39.7
2026-02-27,401828246,Florida Atlantic Owls,Temple Owls,77,73,0,2,2226,218,51.8,51.0
2026-02-27,401828249,Memphis Tigers,Wichita State Shockers,82,88,0,2,235,2724,51.6,43.3
2026-02-27,401829691,Texas Southern Tigers,Alcorn State Braves,92,87,0,2,2640,2016,49.3,44.8
2026-02-28,401804951,Middle Tennessee Blue Raiders,New Mexico State Aggies,86,85,0,2,2393,166,50.9,44.6
2026-02-28,401804952,Western Kentucky Hilltoppers,UTEP Miners,97,65,0,2,98,2638,59.3,35.8
2026-02-28,401804953,Louisiana Tech Bulldogs,Florida International Panthers,76,84,0,2,2348,2229,47.2,47.2
2026-02-28,401804954,Sam Houston Bearkats,Missouri State Bears,86,81,0,2,2534,2623,50.0,48.4
2026-02-28,401804955,Jacksonville State Gamecocks,Liberty Flames,78,81,0,2,55,2335,50.9,56.0
2026-02-28,401804956,Kennesaw State Owls,Delaware Blue Hens,90,82,0,2,338,48,56.9,46.0
2026-02-28,401805208,Utah Valley Wolverines,Abilene Christian Wildcats,74,67,0,2,3084,2000,56.5,38.3
2026-02-28,401806508,SIU Edwardsville Cougars,Eastern Illinois Panthers,77,50,0,2,2565,2197,54.4,38.3
2026-02-28,401806509,Western Illinois Leathernecks,Lindenwood Lions,69,91,0,2,2710,2815,41.1,51.4
2026-02-28,401806510,Little Rock Trojans,Southern Indiana Screaming Eagles,89,70,0,2,2031,88,56.9,32.9
2026-02-28,401806511,Southeast Missouri State Redhawks,Tennessee Tech Golden Eagles,89,73,0,2,2546,2635,53.4,44.0
2026-02-28,401806512,UT Martin Skyhawks,Tennessee State Tigers,42,67,0,2,2630,2634,32.6,45.0
2026-02-28,401807763,Bellarmine Knights,Austin Peay Governors,111,97,0,2,91,2046,59.7,48.5
2026-02-28,401807764,Stetson Hatters,Florida Gulf Coast Eagles,78,63,0,2,56,526,55.8,40.4
2026-02-28,401807765,North Florida Ospreys,Jacksonville Dolphins,61,85,0,2,2454,294,35.7,52.3
2026-02-28,401807766,Eastern Kentucky Colonels,Lipscomb Bisons,77,80,0,2,2198,288,41.7,42.9
2026-02-28,401807767,West Georgia Wolves,North Alabama Lions,75,63,0,2,2698,2453,50.0,35.2
2026-02-28,401807768,Central Arkansas Bears,Queens University Royals,84,79,0,2,2110,2511,45.9,45.6
2026-02-28,401808267,Georgia Bulldogs,South Carolina Gamecocks,87,68,0,2,61,2579,56.1,37.3
2026-02-28,401808268,Kentucky Wildcats,Vanderbilt Commodores,91,77,0,2,96,238,58.8,51.7
2026-02-28,401808269,LSU Tigers,Oklahoma Sooners,67,83,0,2,99,201,34.9,47.5
2026-02-28,401808270,Mississippi State Bulldogs,Missouri Tigers,64,88,0,2,344,142,49.1,50.8
2026-02-28,401808271,Tennessee Volunteers,Alabama Crimson Tide,69,71,0,2,2633,333,38.5,44.6
2026-02-28,401808272,Texas A&M Aggies,Texas Longhorns,70,76,0,2,245,251,38.3,43.5
2026-02-28,401808469,Eastern Washington Eagles,Northern Arizona Lumberjacks,88,57,0,2,331,2464,64.3,44.9
2026-02-28,401808486,Idaho Vandals,Northern Colorado Bears,67,76,0,2,70,2458,34.3,46.3
2026-02-28,401808499,Idaho State Bengals,Weber State Wildcats,73,83,0,2,304,2692,39.1,51.7
2026-02-28,401808511,Montana Grizzlies,Portland State Vikings,74,68,0,2,149,2502,49.1,39.1
2026-02-28,401808521,Montana State Bobcats,Sacramento State Hornets,82,61,0,2,147,16,52.5,35.0
2026-02-28,401808694,Georgia State Panthers,Old Dominion Monarchs,73,81,0,2,2247,295,38.1,50.9
2026-02-28,401808695,James Madison Dukes,Coastal Carolina Chanticleers,68,69,0,2,256,324,39.7,42.4
2026-02-28,401808696,Marshall Thundering Herd,Georgia Southern Eagles,82,99,0,2,276,290,53.7,53.2
2026-02-28,401808697,Texas State Bobcats,App State Mountaineers,60,57,0,2,326,2026,47.1,35.1
2026-02-28,401808698,Arkansas State Red Wolves,Louisiana Ragin' Cajuns,81,58,0,2,2032,309,46.8,31.3
2026-02-28,401808699,South Alabama Jaguars,Southern Miss Golden Eagles,55,68,0,2,6,2572,32.7,44.9
2026-02-28,401808700,Troy Trojans,UL Monroe Warhawks,80,65,0,2,2653,2433,50.0,40.0
2026-02-28,401808722,UT Rio Grande Valley Vaqueros,East Texas A&M Lions,63,55,0,2,292,2837,43.1,32.7
2026-02-28,401808888,LSU New Orleans Privateers,McNeese Cowboys,63,66,0,2,2443,2377,37.7,42.1
2026-02-28,401808933,Nicholls Colonels,SE Louisiana Lions,68,60,0,2,2447,2545,42.4,42.6
2026-02-28,401808946,Texas A&M-Corpus Christi Islanders,Northwestern State Demons,71,59,0,2,357,2466,44.6,39.1
2026-02-28,401808974,Houston Christian Huskies,Stephen F. Austin Lumberjacks,56,77,0,2,2277,2617,41.1,49.2
2026-02-28,401809388,Chattanooga Mocs,VMI Keydets,86,79,0,2,236,2678,50.0,41.9
2026-02-28,401809389,Mercer Bears,East Tennessee State Buccaneers,82,76,0,2,2382,2193,51.1,45.2
2026-02-28,401809390,Samford Bulldogs,UNC Greensboro Spartans,87,78,0,2,2535,2430,50.0,41.3
2026-02-28,401809391,Western Carolina Catamounts,Furman Paladins,86,67,0,2,2717,231,50.8,54.7
2026-02-28,401809392,Wofford Terriers,The Citadel Bulldogs,90,93,0,2,2747,2643,51.5,52.5
2026-02-28,401812089,Towson Tigers,Campbell Fighting Camels,71,67,0,2,119,2097,45.5,39.1
2026-02-28,401812090,Monmouth Hawks,Elon Phoenix,73,57,0,2,2405,2210,44.6,40.8
2026-02-28,401812091,North Carolina A&T Aggies,William & Mary Tribe,88,91,0,2,2448,2729,63.6,50.0
2026-02-28,401812093,Hampton Pirates,Northeastern Huskies,76,65,0,2,2261,111,50.9,38.7
2026-02-28,401812170,Binghamton Bearcats,Maine Black Bears,74,67,0,2,2066,311,53.8,46.0
2026-02-28,401812171,UMass Lowell River Hawks,UMBC Retrievers,60,84,0,2,2349,2378,35.8,60.3
2026-02-28,401812172,UAlbany Great Danes,New Hampshire Wildcats,84,61,0,2,399,160,55.7,35.1
2026-02-28,401812173,Bryant Bulldogs,NJIT Highlanders,69,52,0,2,2803,2885,44.4,32.7
2026-02-28,401812332,Long Island University Sharks,Fairleigh Dickinson Knights,74,60,0,2,112358,161,54.0,44.2
2026-02-28,401812349,New Haven Chargers,Le Moyne Dolphins,66,59,0,2,2441,2330,40.4,37.0
2026-02-28,401812400,Central Connecticut Blue Devils,Saint Francis Red Wolves,69,64,0,2,2115,2598,50.0,43.6
2026-02-28,401812410,Stonehill Skyhawks,Mercyhurst Lakers,72,75,0,2,284,2385,37.5,35.2
2026-02-28,401812418,Wagner Seahawks,Chicago State Cougars,80,61,0,2,2681,2130,49.1,39.3
2026-02-28,401812596,Pennsylvania Quakers,Dartmouth Big Green,80,71,0,2,219,159,43.1,45.3
2026-02-28,401812597,Pennsylvania Quakers,Harvard Crimson,64,61,0,2,219,108,41.9,41.4
2026-02-28,401812623,Princeton Tigers,Harvard Crimson,56,58,0,2,163,108,52.3,37.9
2026-02-28,401813318,Saint Peter's Peacocks,Manhattan Jaspers,75,65,0,2,2612,2363,48.3,35.7
2026-02-28,401813371,Canisius Golden Griffins,Merrimack Warriors,67,62,0,2,2099,2771,44.9,39.6
2026-02-28,401813418,Sacred Heart Pioneers,Mount St. Mary's Mountaineers,77,69,0,2,2529,116,40.3,39.1
2026-02-28,401813432,Fairfield Stags,Siena Saints,72,58,0,2,2217,2561,51.7,35.5
2026-02-28,401814586,Kent State Golden Flashes,Akron Zips,70,92,0,2,2309,2006,43.3,55.2
2026-02-28,401814587,Northern Illinois Huskies,Ball State Cardinals,43,79,0,2,2459,2050,25.6,50.0
2026-02-28,401814588,Buffalo Bulls,Central Michigan Chippewas,70,75,0,2,2084,2117,47.5,47.3
2026-02-28,401814589,Bowling Green Falcons,Massachusetts Minutemen,81,62,0,2,189,113,48.2,42.9
2026-02-28,401814591,Ohio Bobcats,Toledo Rockets,67,79,0,2,195,2649,39.7,46.3
2026-02-28,401817688,Oakland Golden Grizzlies,Detroit Mercy Titans,89,95,0,2,2473,2174,54.4,54.1
2026-02-28,401817689,Robert Morris Colonials,Cleveland State Vikings,83,64,0,2,2523,325,55.4,41.0
2026-02-28,401817690,Green Bay Phoenix,Youngstown State Penguins,85,63,0,2,2739,2754,59.6,40.0
2026-02-28,401818336,Columbia Lions,Yale Bulldogs,54,60,0,2,171,43,36.2,55.0
2026-02-28,401818436,North Dakota State Bison,North Dakota Fighting Hawks,96,63,0,2,2449,155,57.1,31.1
2026-02-28,401818437,South Dakota Coyotes,South Dakota State Jackrabbits,75,70,0,2,233,2571,45.1,42.2
2026-02-28,401818546,Columbia Lions,Brown Bears,80,62,0,2,171,225,50.8,41.5
2026-02-28,401818564,Cornell Big Red,Brown Bears,86,80,0,2,172,225,45.5,47.7
2026-02-28,401820177,Navy Midshipmen,Colgate Raiders,85,69,0,2,2426,2142,50.0,41.4
2026-02-28,401820208,Holy Cross Crusaders,Loyola Maryland Greyhounds,62,76,0,2,107,2352,38.9,43.9
2026-02-28,401820497,Incarnate Word Cardinals,Lamar Cardinals,72,60,0,2,2916,2320,51.2,46.4
2026-02-28,401820769,California Golden Bears,Pittsburgh Panthers,56,72,0,2,25,221,42.6,46.4
2026-02-28,401820770,Clemson Tigers,Louisville Cardinals,80,75,0,2,228,97,49.0,45.3
2026-02-28,401820771,Duke Blue Devils,Virginia Cavaliers,77,51,0,2,150,258,49.1,29.1
2026-02-28,401820772,Georgia Tech Yellow Jackets,Florida State Seminoles,71,80,0,2,59,52,35.5,45.0
2026-02-28,401820773,Miami Hurricanes,Boston College Eagles,76,54,0,2,2390,103,50.0,40.0
2026-02-28,401820775,Notre Dame Fighting Irish,NC State Wolfpack,96,90,0,2,87,152,52.5,46.3
2026-02-28,401820776,Stanford Cardinal,SMU Mustangs,95,75,0,2,24,2567,51.0,47.4
2026-02-28,401820777,Wake Forest Demon Deacons,Syracuse Orange,88,83,0,2,154,183,57.9,51.9
2026-02-28,401822778,Coppin State Eagles,Norfolk State Spartans,69,75,0,2,2154,2450,37.3,45.1
2026-02-28,401822963,UConn Huskies,Seton Hall Pirates,71,67,0,2,41,2550,45.7,47.2
2026-02-28,401822964,Creighton Bluejays,Providence Friars,76,79,0,2,156,2507,42.6,50.8
2026-02-28,401822965,Xavier Musketeers,Georgetown Hoyas,91,84,0,2,2752,46,50.9,52.7
2026-02-28,401823054,Maryland Eastern Shore Hawks,South Carolina State Bulldogs,69,57,0,2,2379,2569,45.5,32.6
2026-02-28,401823785,New Mexico Lobos,San Diego State Aztecs,81,76,0,2,167,21,39.3,45.0
2026-02-28,401823856,Iona Gaels,Rider Broncs,80,58,0,2,314,2520,48.1,30.8
2026-02-28,401823962,UNC Asheville Bulldogs,Charleston Southern Buccaneers,75,92,0,2,2427,2127,46.4,62.0
2026-02-28,401823963,South Carolina Upstate Spartans,Gardner-Webb Runnin' Bulldogs,71,61,0,2,2908,2241,46.0,41.7
2026-02-28,401823964,Winthrop Eagles,Presbyterian Blue Hose,74,70,0,2,2737,2506,36.8,46.3
2026-02-28,401823965,Longwood Lancers,Radford Highlanders,90,74,0,2,2344,2515,45.5,45.8
2026-02-28,401824377,American University Eagles,Boston University Terriers,65,68,0,2,44,104,35.6,53.3
2026-02-28,401825544,Illinois Fighting Illini,Michigan Wolverines,70,84,0,2,356,130,41.3,52.5
2026-02-28,401825545,Minnesota Golden Gophers,UCLA Bruins,78,73,0,2,135,26,58.0,50.9
2026-02-28,401825546,Northwestern Wildcats,Oregon Ducks,63,62,0,2,77,2483,44.6,39.0
2026-02-28,401825547,Penn State Nittany Lions,Iowa Hawkeyes,71,69,0,2,213,2294,64.1,45.6
2026-02-28,401825548,USC Trojans,Nebraska Cornhuskers,67,82,0,2,30,158,45.1,44.1
2026-02-28,401825549,Washington Huskies,Wisconsin Badgers,73,90,0,2,264,275,46.0,45.9
2026-02-28,401826825,Lafayette Leopards,Army Black Knights,83,77,0,2,322,349,49.1,47.5
2026-02-28,401826868,Princeton Tigers,Dartmouth Big Green,82,61,0,2,163,159,52.0,32.1
2026-02-28,401827036,Southern Jaguars,Bethune-Cookman Wildcats,79,82,0,2,2582,2065,45.5,51.9
2026-02-28,401827081,Prairie View A&M Panthers,Alcorn State Braves,72,51,0,2,2504,2016,46.0,30.9
2026-02-28,401827108,Grambling Tigers,Florida A&M Rattlers,59,66,0,2,2755,50,33.3,46.6
2026-02-28,401827150,Arkansas-Pine Bluff Golden Lions,Mississippi Valley State Delta Devils,69,70,0,2,2029,2400,40.0,46.6
2026-02-28,401827169,Alabama A&M Bulldogs,Alabama State Hornets,88,89,0,2,2010,2011,57.4,55.2
2026-02-28,401827707,Arizona Wildcats,Kansas Jayhawks,84,61,0,2,12,2305,45.5,33.8
2026-02-28,401827708,Arizona State Sun Devils,Utah Utes,73,60,0,2,9,254,49.1,39.0
2026-02-28,401827710,Cincinnati Bearcats,Oklahoma State Cowboys,91,68,0,2,2132,197,47.1,40.7
2026-02-28,401827711,Houston Cougars,Colorado Buffaloes,102,62,0,2,248,38,59.6,46.0
2026-02-28,401827712,Iowa State Cyclones,Texas Tech Red Raiders,73,82,0,2,66,2641,39.0,58.5
2026-02-28,401827713,Kansas State Wildcats,TCU Horned Frogs,68,77,0,2,2306,2628,50.0,42.9
2026-02-28,401827714,West Virginia Mountaineers,BYU Cougars,79,71,0,2,277,252,43.5,47.1
2026-02-28,401828448,George Washington Revolutionaries,Dayton Flyers,66,68,0,2,45,2168,45.8,48.8
2026-02-28,401828450,VCU Rams,Fordham Rams,82,63,0,2,2670,2230,48.3,32.8
2026-02-28,401828451,George Mason Patriots,St. Bonaventure Bonnies,71,58,0,2,2244,179,48.1,37.5
2026-02-28,401828452,Loyola Chicago Ramblers,Richmond Spiders,69,66,0,2,2350,257,50.0,29.8
2026-02-28,401828453,Rhode Island Rams,Saint Joseph's Hawks,55,61,0,2,227,2603,27.4,38.3
2026-02-28,401828669,Texas Southern Tigers,Jackson State Tigers,82,57,0,2,2640,2296,52.6,27.3
2026-02-28,401828716,Morgan State Bears,Howard Bison,59,84,0,2,2415,47,26.9,45.5
2026-02-28,401829267,Portland Pilots,San Diego Toreros,87,74,0,2,2501,301,52.5,53.6
2026-02-28,401829268,Pacific Tigers,San Francisco Dons,61,72,0,2,279,2539,40.0,51.1
2026-02-28,401829333,San José State Spartans,Colorado State Rams,73,85,0,2,23,36,45.3,62.2
2026-02-28,401829400,Lehigh Mountain Hawks,Bucknell Bison,89,79,0,2,2329,2083,58.8,50.8
2026-02-28,401830245,Delaware State Hornets,North Carolina Central Eagles,60,74,0,2,2169,2428,43.1,49.1
2026-02-28,401830315,Evansville Purple Aces,Valparaiso Beacons,80,79,0,2,339,2674,47.2,43.4
2026-02-28,401830777,Wyoming Cowboys,Air Force Falcons,66,62,0,2,2751,2005,35.4,48.9
2026-02-28,401857754,IU Indianapolis Jaguars,Purdue Fort Wayne Mastodons,81,87,0,2,85,2870,49.2,47.5
2026-03-01,401805209,California Baptist Lancers,Tarleton State Texans,82,67,0,2,2856,2627,42.4,40.4
2026-03-01,401805210,Southern Utah Thunderbirds,Utah Tech Trailblazers,81,67,0,2,253,3101,47.5,44.4
2026-03-01,401808265,Auburn Tigers,Ole Miss Rebels,79,85,0,2,2,145,51.0,53.4
2026-03-01,401808266,Florida Gators,Arkansas Razorbacks,111,77,0,2,57,8,56.5,40.0
2026-03-01,401809102,UC San Diego Tritons,Cal Poly Mustangs,80,64,0,2,28,13,46.3,37.9
2026-03-01,401809120,UC Irvine Anteaters,UC Santa Barbara Gauchos,64,60,0,2,300,2540,39.7,42.9
2026-03-01,401809150,Cal State Fullerton Titans,Hawai'i Rainbow Warriors,85,87,0,2,2239,62,46.7,47.5
2026-03-01,401812092,Hofstra Pride,Stony Brook Seawolves,67,58,0,2,2275,2619,37.5,29.2
2026-03-01,401813308,Manhattan Jaspers,Iona Gaels,65,69,0,2,2363,314,32.8,41.8
2026-03-01,401813344,Marist Red Foxes,Saint Peter's Peacocks,56,63,0,2,2368,2612,34.9,49.0
2026-03-01,401813372,Canisius Golden Griffins,Quinnipiac Bobcats,63,67,0,2,2099,2514,38.3,35.6
2026-03-01,401813396,Niagara Purple Eagles,Merrimack Warriors,66,73,0,2,315,2771,47.7,47.2
2026-03-01,401813419,Fairfield Stags,Mount St. Mary's Mountaineers,47,69,0,2,2217,116,24.1,51.9
2026-03-01,401813433,Siena Saints,Rider Broncs,76,61,0,2,2561,2520,45.3,40.0
2026-03-01,401817687,Northern Kentucky Norse,Wright State Raiders,91,92,0,2,94,2750,53.2,55.6
2026-03-01,401818438,St. Thomas Tommies,Omaha Mavericks,68,53,0,2,2900,2437,44.1,32.2
2026-03-01,401818439,Kansas City Roos,Oral Roberts Golden Eagles,70,94,0,2,140,198,41.1,59.0
2026-03-01,401820774,North Carolina Tar Heels,Virginia Tech Hokies,89,82,0,2,153,259,55.8,50.0
2026-03-01,401822962,St. John's Red Storm,Villanova Wildcats,89,57,0,2,2599,222,52.5,37.0
2026-03-01,401822966,Marquette Golden Eagles,DePaul Blue Demons,51,62,0,2,269,305,38.3,38.5
2026-03-01,401823270,UC Riverside Highlanders,Cal State Northridge Matadors,95,84,0,2,27,2463,44.0,43.8
2026-03-01,401823339,Cal State Bakersfield Roadrunners,Long Beach State Beach,87,88,0,2,2934,299,52.9,61.1
2026-03-01,401823805,Utah State Aggies,Grand Canyon Lopes,74,69,0,2,328,2253,48.1,45.3
2026-03-01,401823833,Fresno State Bulldogs,Boise State Broncos,53,69,0,2,278,68,40.7,40.0
2026-03-01,401825550,Indiana Hoosiers,Michigan State Spartans,64,77,0,2,84,127,39.3,49.0
2026-03-01,401825551,Maryland Terrapins,Rutgers Scarlet Knights,65,69,0,2,120,164,40.0,39.7
2026-03-01,401825552,Ohio State Buckeyes,Purdue Boilermakers,82,74,0,2,194,2509,51.1,44.4
2026-03-01,401827709,UCF Knights,Baylor Bears,86,87,0,2,2116,239,51.7,46.9
2026-03-01,401828250,UAB Blazers,North Texas Mean Green,58,62,0,2,5,249,39.2,41.7
2026-03-01,401828251,Florida Atlantic Owls,Charlotte 49ers,77,76,0,2,2226,2429,43.1,41.9
2026-03-01,401828252,East Carolina Pirates,Memphis Tigers,84,68,0,2,151,235,53.6,37.3
2026-03-01,401828253,Temple Owls,Rice Owls,74,80,0,2,218,242,50.0,51.8
2026-03-01,401828254,South Florida Bulls,Tulane Green Wave,90,62,0,2,58,2655,44.8,36.7
2026-03-01,401828449,Saint Louis Billikens,Duquesne Dukes,91,76,0,2,139,2184,54.0,46.4
2026-03-01,401828454,Davidson Wildcats,La Salle Explorers,71,64,0,2,2166,2325,47.2,34.0
2026-03-01,401829265,Saint Mary's Gaels,Gonzaga Bulldogs,70,59,0,2,2608,2250,34.8,39.3
2026-03-01,401829266,Santa Clara Broncos,Oregon State Beavers,93,72,0,2,2541,204,44.8,43.5
2026-03-01,401829269,Loyola Marymount Lions,Seattle U Redhawks,66,71,0,2,2351,2547,48.9,45.1
2026-03-01,401829270,Pepperdine Waves,Washington State Cougars,88,79,0,2,2492,265,45.6,39.4
2026-03-01,401829321,UNLV Rebels,Nevada Wolf Pack,85,83,0,2,2439,2440,50.0,43.1
2026-03-01,401830217,Illinois State Redbirds,Belmont Bruins,81,74,0,2,2287,2057,47.2,50.0
2026-03-01,401830221,Bradley Braves,Murray State Racers,87,78,0,2,71,93,53.8,40.7
2026-03-01,401830316,Indiana State Sycamores,UIC Flames,79,63,0,2,282,82,54.9,38.2
2026-03-01,401830317,Drake Bulldogs,Northern Iowa Panthers,53,75,0,2,2181,2460,31.0,47.5
2026-03-01,401858741,Evansville Purple Aces,Southern Illinois Salukis,67,81,0,2,339,79,42.6,46.9
2026-03-02,401812088,UNC Wilmington Seahawks,Charleston Cougars,76,79,0,2,350,232,41.9,42.9
2026-03-02,401828255,UTSA Roadrunners,Wichita State Shockers,67,84,0,2,2636,2724,33.3,40.5
2026-03-02,401828717,Morgan State Bears,Norfolk State Spartans,90,84,0,2,2415,2450,49.1,39.2
2026-03-03,401808277,Georgia Bulldogs,Alabama Crimson Tide,98,88,0,2,61,333,53.0,39.1
2026-03-03,401808278,South Carolina Gamecocks,Tennessee Volunteers,59,78,0,2,2579,2633,36.7,54.1
2026-03-03,401808470,Eastern Washington Eagles,Idaho Vandals,81,85,0,2,331,70,54.0,47.6
2026-03-03,401808500,Sacramento State Hornets,Idaho State Bengals,83,65,0,2,16,304,53.7,37.9
2026-03-03,401808512,Northern Colorado Bears,Montana Grizzlies,85,57,0,2,2458,149,49.3,38.3
2026-03-03,401808522,Northern Arizona Lumberjacks,Montana State Bobcats,65,76,0,2,2464,147,44.8,50.9
2026-03-03,401808540,Portland State Vikings,Weber State Wildcats,84,60,0,2,2502,2692,55.7,38.7
2026-03-03,401808723,Texas A&M-Corpus Christi Islanders,East Texas A&M Lions,84,71,0,2,357,2837,51.7,52.0
2026-03-03,401808889,Nicholls Colonels,McNeese Cowboys,65,75,0,2,2447,2377,32.7,42.6
2026-03-03,401808917,LSU New Orleans Privateers,SE Louisiana Lions,78,82,0,2,2443,2545,47.5,43.8
2026-03-03,401808947,UT Rio Grande Valley Vaqueros,Northwestern State Demons,74,62,0,2,292,2466,49.2,47.9
2026-03-03,401808975,Incarnate Word Cardinals,Stephen F. Austin Lumberjacks,68,76,0,2,2916,2617,49.2,48.2
2026-03-03,401812096,Stony Brook Seawolves,Towson Tigers,57,69,0,2,2619,119,37.3,42.1
2026-03-03,401812175,New Hampshire Wildcats,Bryant Bulldogs,88,83,0,2,160,2803,48.6,47.7
2026-03-03,401812176,NJIT Highlanders,UMBC Retrievers,52,91,0,2,2885,2378,32.1,50.8
2026-03-03,401812177,Maine Black Bears,UMass Lowell River Hawks,56,67,0,2,311,2349,41.7,42.2
2026-03-03,401814594,Buffalo Bulls,Eastern Michigan Eagles,72,67,0,2,2084,2199,45.1,46.4
2026-03-03,401820481,Houston Christian Huskies,Lamar Cardinals,75,53,0,2,2277,2320,53.1,32.8
2026-03-03,401820778,NC State Wolfpack,Duke Blue Devils,64,93,0,2,152,150,35.4,54.2
2026-03-03,401820821,Arizona Wildcats,Iowa State Cyclones,73,57,0,2,12,66,45.8,29.2
2026-03-03,401822779,Howard Bison,Coppin State Eagles,90,70,0,2,47,2154,54.4,51.8
2026-03-03,401823055,Maryland Eastern Shore Hawks,North Carolina Central Eagles,73,77,0,2,2379,2428,50.0,46.0
2026-03-03,401829289,Delaware State Hornets,South Carolina State Bulldogs,59,61,0,2,2169,2569,36.0,38.1
2026-03-03,401851421,Cleveland State Vikings,IU Indianapolis Jaguars,101,93,0,2,325,85,62.7,47.9
2026-03-03,401851633,Louisiana Ragin' Cajuns,Georgia State Panthers,84,75,1,2,309,2247,42.6,49.1
2026-03-04,401808274,Florida Gators,Mississippi State Bulldogs,108,74,0,2,57,344,54.9,45.0
2026-03-04,401808275,Texas A&M Aggies,Kentucky Wildcats,96,85,0,2,245,96,48.3,47.6
2026-03-04,401808276,Auburn Tigers,LSU Tigers,88,74,0,2,2,99,54.4,54.5
2026-03-04,401808279,Ole Miss Rebels,Vanderbilt Commodores,86,89,0,2,145,238,45.6,38.7
2026-03-04,401808280,Oklahoma Sooners,Missouri Tigers,80,64,0,2,201,142,62.2,47.1
2026-03-04,401812094,Northeastern Huskies,Monmouth Hawks,83,89,0,2,111,2405,56.9,55.4
2026-03-04,401812095,Hofstra Pride,Drexel Dragons,62,51,0,2,2275,2182,43.6,32.7
2026-03-04,401812097,William & Mary Tribe,Hampton Pirates,94,85,0,2,2729,2261,58.3,40.6
2026-03-04,401812098,Campbell Fighting Camels,North Carolina A&T Aggies,90,72,0,2,2097,2448,55.2,46.7
2026-03-04,401812099,Elon Phoenix,UNC Wilmington Seahawks,57,76,0,2,2210,350,31.6,50.8
2026-03-04,401812174,Vermont Catamounts,UAlbany Great Danes,69,56,0,2,261,399,42.0,42.3
2026-03-04,401814592,Central Michigan Chippewas,Akron Zips,64,77,0,2,2117,2006,43.1,47.6
2026-03-04,401814593,Western Michigan Broncos,Ball State Cardinals,71,74,0,2,2711,2050,41.1,46.8
2026-03-04,401814595,Northern Illinois Huskies,Kent State Golden Flashes,76,102,0,2,2459,2309,40.0,47.5
2026-03-04,401814596,Massachusetts Minutemen,Ohio Bobcats,94,82,0,2,113,195,52.6,40.3
2026-03-04,401814597,Miami (OH) RedHawks,Toledo Rockets,74,72,0,2,193,2649,50.0,47.8
2026-03-04,401820575,Air Force Falcons,Grand Canyon Lopes,60,86,0,2,2005,2253,42.2,56.4
2026-03-04,401820779,North Carolina Tar Heels,Clemson Tigers,67,63,0,2,153,228,37.9,43.3
2026-03-04,401820781,Louisville Cardinals,Syracuse Orange,77,62,0,2,97,183,42.9,40.4
2026-03-04,401820785,Virginia Cavaliers,Wake Forest Demon Deacons,75,70,0,2,258,154,43.1,38.7
2026-03-04,401820786,Virginia Tech Hokies,Boston College Eagles,72,63,0,2,259,103,43.4,42.2
2026-03-04,401822967,St. John's Red Storm,Georgetown Hoyas,72,69,0,2,2599,46,39.4,48.2
2026-03-04,401822968,Xavier Musketeers,Seton Hall Pirates,68,77,0,2,2752,2550,42.4,46.8
2026-03-04,401822969,Butler Bulldogs,Creighton Bluejays,59,76,0,2,2086,156,41.4,42.4
2026-03-04,401823786,Boise State Broncos,San Diego State Aztecs,86,77,0,2,68,21,52.2,49.1
2026-03-04,401825553,Illinois Fighting Illini,Oregon Ducks,80,54,0,2,356,2483,40.8,32.8
2026-03-04,401825554,UCLA Bruins,Nebraska Cornhuskers,72,52,0,2,26,158,46.7,38.8
2026-03-04,401825555,Indiana Hoosiers,Minnesota Golden Gophers,77,47,0,2,84,135,57.4,31.5
2026-03-04,401827037,Alabama State Hornets,Southern Jaguars,64,71,0,2,2011,2582,38.7,37.1
2026-03-04,401827105,Alabama A&M Bulldogs,Grambling Tigers,77,63,0,2,2010,2755,48.0,41.1
2026-03-04,401827151,Jackson State Tigers,Arkansas-Pine Bluff Golden Lions,81,78,0,2,2296,2029,39.3,47.2
2026-03-04,401827715,Arizona State Sun Devils,Kansas Jayhawks,70,60,0,2,9,2305,32.2,29.2
2026-03-04,401827716,UCF Knights,Oklahoma State Cowboys,104,111,0,2,2116,197,45.7,48.6
2026-03-04,401827717,Cincinnati Bearcats,BYU Cougars,90,68,0,2,2132,252,50.0,41.4
2026-03-04,401827718,Kansas State Wildcats,West Virginia Mountaineers,65,63,0,2,2306,277,40.8,39.3
2026-03-04,401827719,Texas Tech Red Raiders,TCU Horned Frogs,65,73,0,2,2641,2628,45.3,46.7
2026-03-04,401827720,Utah Utes,Colorado Buffaloes,78,92,0,2,254,38,51.9,60.8
2026-03-04,401828455,Richmond Spiders,Dayton Flyers,60,65,0,2,257,2168,38.3,48.8
2026-03-04,401828456,VCU Rams,George Mason Patriots,70,65,0,2,2670,2244,43.6,45.3
2026-03-04,401828459,La Salle Explorers,Fordham Rams,87,84,0,2,2325,2230,48.4,44.6
2026-03-04,401828936,Fresno State Bulldogs,San José State Spartans,82,68,0,2,278,23,41.3,40.9
2026-03-04,401829322,Wyoming Cowboys,Nevada Wolf Pack,83,73,0,2,2751,2440,63.0,46.3
2026-03-04,401829339,UNLV Rebels,Utah State Aggies,92,65,0,2,2439,328,57.6,37.7
2026-03-04,401829692,Alcorn State Braves,Mississippi Valley State Delta Devils,67,64,0,2,2016,2400,44.9,45.8
2026-03-04,401851238,Bellarmine Knights,Jacksonville Dolphins,82,79,1,2,91,294,51.9,44.6
2026-03-04,401851239,Florida Gulf Coast Eagles,North Alabama Lions,69,58,1,2,526,2453,47.6,45.3
2026-03-04,401851241,Eastern Kentucky Colonels,Stetson Hatters,76,92,1,2,2198,56,49.1,52.5
2026-03-04,401851430,Green Bay Phoenix,Purdue Fort Wayne Mastodons,64,56,0,2,2739,2870,46.8,40.4
2026-03-04,401851541,Bucknell Bison,Army Black Knights,65,55,0,2,2083,349,47.2,31.3
2026-03-04,401851542,Lafayette Leopards,Holy Cross Crusaders,77,82,0,2,322,107,49.1,46.7
2026-03-04,401851635,Old Dominion Monarchs,UL Monroe Warhawks,87,80,1,2,295,2433,50.0,38.9
2026-03-04,401851636,James Madison Dukes,Louisiana Ragin' Cajuns,87,72,1,2,256,309,59.3,41.9
2026-03-05,401808273,Arkansas Razorbacks,Texas Longhorns,105,85,0,2,8,251,58.3,49.3
2026-03-05,401820780,Georgia Tech Yellow Jackets,California Golden Bears,65,76,0,2,59,25,39.2,43.8
2026-03-05,401820782,Notre Dame Fighting Irish,Stanford Cardinal,78,86,0,2,87,24,43.1,57.1
2026-03-05,401820783,Pittsburgh Panthers,Florida State Seminoles,74,75,0,2,221,52,41.3,48.3
2026-03-05,401820784,SMU Mustangs,Miami Hurricanes,69,77,0,2,2567,2390,41.3,47.4
2026-03-05,401822970,DePaul Blue Demons,Villanova Wildcats,57,76,0,2,305,222,43.1,45.6
2026-03-05,401822971,Providence Friars,Marquette Golden Eagles,56,78,0,2,2507,269,30.9,44.8
2026-03-05,401825556,Northwestern Wildcats,Purdue Boilermakers,66,70,0,2,77,2509,51.1,53.1
2026-03-05,401825557,Penn State Nittany Lions,Ohio State Buckeyes,62,94,0,2,213,194,38.6,66.7
2026-03-05,401825558,Washington Huskies,USC Trojans,91,72,0,2,264,30,48.1,37.5
2026-03-05,401825559,Wisconsin Badgers,Maryland Terrapins,78,45,0,2,275,120,48.2,30.4
2026-03-05,401827721,Houston Cougars,Baylor Bears,77,64,0,2,248,239,45.9,41.8
2026-03-05,401828256,Charlotte 49ers,UAB Blazers,74,80,0,2,2429,5,49.1,43.1
2026-03-05,401828258,North Texas Mean Green,Rice Owls,62,58,0,2,249,242,42.6,36.2
2026-03-05,401828457,Davidson Wildcats,Saint Joseph's Hawks,67,70,0,2,2166,2603,42.4,47.2
2026-03-05,401828458,Rhode Island Rams,Duquesne Dukes,64,52,0,2,227,2184,47.1,34.0
2026-03-05,401828460,George Washington Revolutionaries,St. Bonaventure Bonnies,91,82,0,2,45,179,46.2,42.6
2026-03-05,401828461,Saint Louis Billikens,Loyola Chicago Ramblers,79,65,0,2,139,2350,60.4,47.1
2026-03-05,401829290,North Carolina Central Eagles,South Carolina State Bulldogs,64,80,0,2,2428,2569,32.8,44.8
2026-03-05,401830832,New Mexico Lobos,Colorado State Rams,74,82,0,2,167,36,45.9,58.5
2026-03-05,401851243,West Georgia Wolves,North Florida Ospreys,93,85,1,2,2698,2454,53.2,41.8
2026-03-05,401851346,South Carolina Upstate Spartans,Gardner-Webb Runnin' Bulldogs,64,65,1,2,2908,2241,44.2,41.5
2026-03-05,401851423,Wright State Raiders,Cleveland State Vikings,90,61,0,2,2750,325,55.0,34.5
2026-03-05,401851424,Robert Morris Colonials,Youngstown State Penguins,68,53,0,2,2523,2754,48.1,32.1
2026-03-05,401851426,Detroit Mercy Titans,Milwaukee Panthers,84,63,0,2,2174,270,53.6,37.1
2026-03-05,401851428,Oakland Golden Grizzlies,Northern Kentucky Norse,84,85,0,2,2473,94,41.9,47.5
2026-03-05,401851454,Iona Gaels,Sacred Heart Pioneers,80,91,1,2,314,2529,45.5,50.0
2026-03-05,401851485,Southern Illinois Salukis,Drake Bulldogs,63,67,1,2,79,2181,39.4,42.9
2026-03-05,401851513,Long Island University Sharks,Chicago State Cougars,79,75,0,2,112358,2130,53.1,49.1
2026-03-05,401851514,Central Connecticut Blue Devils,Wagner Seahawks,60,70,0,2,2115,2681,37.9,44.8
2026-03-05,401851515,Mercyhurst Lakers,Fairleigh Dickinson Knights,70,61,0,2,2385,161,51.0,38.9
2026-03-05,401851516,Le Moyne Dolphins,Stonehill Skyhawks,71,81,0,2,2330,284,37.5,42.2
2026-03-05,401851523,SIU Edwardsville Cougars,Eastern Illinois Panthers,71,77,1,2,2565,2197,37.1,50.8
2026-03-05,401851524,Lindenwood Lions,Little Rock Trojans,72,62,1,2,2815,2031,32.8,35.8
2026-03-05,401851619,Oral Roberts Golden Eagles,Kansas City Roos,84,62,1,2,198,140,50.0,33.9
2026-03-05,401851637,Georgia Southern Eagles,Old Dominion Monarchs,88,84,1,2,290,295,51.9,44.6
2026-03-05,401851698,Southern Miss Golden Eagles,James Madison Dukes,86,80,1,2,2572,256,45.0,51.7
2026-03-06,401804957,Delaware Blue Hens,Sam Houston Bearkats,83,80,0,2,48,2534,51.7,41.4
2026-03-06,401804958,Liberty Flames,Louisiana Tech Bulldogs,71,76,0,2,2335,2348,41.8,52.5
2026-03-06,401804959,New Mexico State Aggies,Jacksonville State Gamecocks,77,75,0,2,166,55,38.7,36.1
2026-03-06,401804960,UTEP Miners,Kennesaw State Owls,78,71,0,2,2638,338,42.1,33.8
2026-03-06,401804961,Missouri State Bears,Western Kentucky Hilltoppers,87,74,0,2,2623,98,51.9,43.1
2026-03-06,401804962,Florida International Panthers,Middle Tennessee Blue Raiders,67,73,0,2,2229,2393,41.5,39.7
2026-03-06,401805211,California Baptist Lancers,Abilene Christian Wildcats,87,48,0,2,2856,2000,58.5,33.3
2026-03-06,401805212,Tarleton State Texans,UT Arlington Mavericks,60,65,0,2,2627,250,40.4,40.9
2026-03-06,401805213,Southern Utah Thunderbirds,Utah Valley Wolverines,88,92,0,2,253,3084,62.7,53.3
2026-03-06,401809103,Cal State Fullerton Titans,UC San Diego Tritons,75,71,0,2,2239,28,43.3,50.0
2026-03-06,401809121,UC Irvine Anteaters,Cal Poly Mustangs,107,85,0,2,300,13,56.3,38.7
2026-03-06,401809138,Long Beach State Beach,UC Davis Aggies,70,76,0,2,299,302,41.2,39.0
2026-03-06,401809151,Hawai'i Rainbow Warriors,UC Riverside Highlanders,93,74,0,2,62,27,60.8,38.1
2026-03-06,401814598,Eastern Michigan Eagles,Bowling Green Falcons,69,77,0,2,2199,189,44.1,39.4
2026-03-06,401814602,Akron Zips,Northern Illinois Huskies,94,55,0,2,2006,2459,59.6,37.9
2026-03-06,401822780,Morgan State Bears,Coppin State Eagles,70,66,0,2,2415,2154,40.0,37.3
2026-03-06,401823056,Maryland Eastern Shore Hawks,Delaware State Hornets,56,57,0,2,2379,2169,43.4,40.4
2026-03-06,401823271,Cal State Bakersfield Roadrunners,Cal State Northridge Matadors,84,86,0,2,2934,2463,44.9,45.8
2026-03-06,401825560,Iowa Hawkeyes,Michigan Wolverines,68,71,0,2,2294,130,39.1,53.3
2026-03-06,401825561,Michigan State Spartans,Rutgers Scarlet Knights,91,87,0,2,127,164,58.5,47.7
2026-03-06,401827038,Alabama A&M Bulldogs,Southern Jaguars,85,88,0,2,2010,2582,46.0,51.9
2026-03-06,401827082,Texas Southern Tigers,Prairie View A&M Panthers,59,70,0,2,2640,2504,30.4,42.1
2026-03-06,401827106,Alabama State Hornets,Grambling Tigers,63,65,0,2,2011,2755,37.3,34.9
2026-03-06,401827126,Florida A&M Rattlers,Bethune-Cookman Wildcats,81,77,0,2,50,2065,41.3,50.0
2026-03-06,401827152,Alcorn State Braves,Arkansas-Pine Bluff Golden Lions,48,83,0,2,2016,2029,32.1,52.3
2026-03-06,401828257,East Carolina Pirates,Tulsa Golden Hurricane,66,93,0,2,151,202,36.4,56.7
2026-03-06,401828259,Temple Owls,Tulane Green Wave,89,60,0,2,218,2655,53.4,37.5
2026-03-06,401828260,Memphis Tigers,South Florida Bulls,89,96,0,2,235,58,47.1,48.5
2026-03-06,401828670,Jackson State Tigers,Mississippi Valley State Delta Devils,85,77,0,2,2296,2400,38.8,51.2
2026-03-06,401828732,Norfolk State Spartans,Howard Bison,76,84,0,2,2450,47,47.6,52.0
2026-03-06,401851245,Central Arkansas Bears,Bellarmine Knights,86,73,1,2,2110,91,58.5,51.9
2026-03-06,401851246,Lipscomb Bisons,Florida Gulf Coast Eagles,53,77,1,2,288,526,38.0,50.8
2026-03-06,401851247,Austin Peay Governors,Stetson Hatters,69,60,1,2,2046,56,43.6,43.4
2026-03-06,401851347,High Point Panthers,Gardner-Webb Runnin' Bulldogs,81,59,1,2,2272,2241,43.3,33.9
2026-03-06,401851348,Winthrop Eagles,Charleston Southern Buccaneers,86,81,1,2,2737,2127,37.5,41.8
2026-03-06,401851349,UNC Asheville Bulldogs,Longwood Lancers,85,82,1,2,2427,2344,46.2,40.3
2026-03-06,401851456,Fairfield Stags,Manhattan Jaspers,71,60,1,2,2217,2363,38.5,41.8
2026-03-06,401851457,Merrimack Warriors,Sacred Heart Pioneers,70,48,1,2,2771,2529,43.5,35.4
2026-03-06,401851486,Valparaiso Beacons,Indiana State Sycamores,63,62,1,2,2674,282,36.8,46.4
2026-03-06,401851487,Northern Iowa Panthers,Evansville Purple Aces,68,59,1,2,2460,339,38.3,37.3
2026-03-06,401851488,Belmont Bruins,Drake Bulldogs,79,100,1,2,2057,2181,41.5,59.6
2026-03-06,401851489,Murray State Racers,UIC Flames,79,92,1,2,93,82,36.5,54.0
2026-03-06,401851526,UT Martin Skyhawks,Eastern Illinois Panthers,66,63,1,2,2630,2197,38.6,43.4
2026-03-06,401851528,Southeast Missouri State Redhawks,Lindenwood Lions,68,66,1,2,2546,2815,42.4,35.0
2026-03-06,401851543,Navy Midshipmen,Bucknell Bison,74,69,0,2,2426,2083,51.1,42.6
2026-03-06,401851544,Boston University Terriers,American University Eagles,75,73,0,2,104,44,60.4,52.5
2026-03-06,401851545,Colgate Raiders,Loyola Maryland Greyhounds,90,77,0,2,2142,2352,62.7,46.7
2026-03-06,401851546,Lehigh Mountain Hawks,Holy Cross Crusaders,69,66,0,2,2329,107,49.1,40.4
2026-03-06,401851579,Chattanooga Mocs,The Citadel Bulldogs,85,88,1,2,236,2643,55.9,54.2
2026-03-06,401851620,North Dakota State Bison,Oral Roberts Golden Eagles,76,65,1,2,2449,198,40.3,38.5
2026-03-06,401851622,St. Thomas Tommies,South Dakota State Jackrabbits,80,67,1,2,2900,2571,51.1,38.1
2026-03-06,401851699,Arkansas State Red Wolves,Georgia Southern Eagles,77,80,1,2,2032,290,41.2,45.3
2026-03-06,401851700,Texas State Bobcats,Southern Miss Golden Eagles,77,81,1,2,326,2572,49.2,53.2
2026-03-06,401851745,Portland Pilots,Pepperdine Waves,77,68,1,2,2501,2492,49.2,35.7
2026-03-06,401851746,Loyola Marymount Lions,San Diego Toreros,62,66,1,2,2351,301,43.1,38.2
2026-03-06,401856422,North Carolina A&T Aggies,Northeastern Huskies,72,88,1,2,2448,111,41.1,50.0
2026-03-07,401804963,Liberty Flames,Sam Houston Bearkats,79,72,0,2,2335,2534,50.9,45.2
2026-03-07,401804964,Delaware Blue Hens,Louisiana Tech Bulldogs,38,81,0,2,48,2348,22.9,54.2
2026-03-07,401804965,UTEP Miners,Jacksonville State Gamecocks,61,64,0,2,2638,55,41.7,41.2
2026-03-07,401804966,New Mexico State Aggies,Kennesaw State Owls,79,76,0,2,166,338,43.3,42.1
2026-03-07,401804967,Florida International Panthers,Western Kentucky Hilltoppers,92,67,0,2,2229,98,52.9,36.8
2026-03-07,401804968,Missouri State Bears,Middle Tennessee Blue Raiders,63,75,0,2,2623,2393,41.8,46.4
2026-03-07,401808281,Kentucky Wildcats,Florida Gators,77,84,0,2,96,57,39.4,45.9
2026-03-07,401808282,LSU Tigers,Texas A&M Aggies,91,94,0,2,99,245,44.3,36.9
2026-03-07,401808283,Ole Miss Rebels,South Carolina Gamecocks,61,64,0,2,145,2579,41.8,40.7
2026-03-07,401808284,Mississippi State Bulldogs,Georgia Bulldogs,96,102,0,2,344,61,58.5,50.0
2026-03-07,401808285,Missouri Tigers,Arkansas Razorbacks,84,88,0,2,142,8,47.6,49.3
2026-03-07,401808286,Tennessee Volunteers,Vanderbilt Commodores,82,86,0,2,2633,238,44.3,52.9
2026-03-07,401812624,Harvard Crimson,Columbia Lions,81,71,0,2,108,171,53.8,43.5
2026-03-07,401814599,Toledo Rockets,Buffalo Bulls,99,78,0,2,2649,2084,60.3,53.4
2026-03-07,401814600,Ball State Cardinals,Central Michigan Chippewas,85,69,0,2,2050,2117,58.2,51.8
2026-03-07,401814601,Ohio Bobcats,Miami (OH) RedHawks,108,110,0,2,195,193,48.7,50.7
2026-03-07,401814603,Kent State Golden Flashes,Western Michigan Broncos,86,78,0,2,2309,2711,46.8,40.0
2026-03-07,401818337,Yale Bulldogs,Princeton Tigers,78,53,0,2,43,163,45.8,37.3
2026-03-07,401818565,Brown Bears,Pennsylvania Quakers,61,82,0,2,225,219,45.3,45.3
2026-03-07,401820787,Clemson Tigers,Georgia Tech Yellow Jackets,79,76,0,2,228,59,44.6,50.0
2026-03-07,401820788,Duke Blue Devils,North Carolina Tar Heels,76,61,0,2,150,153,42.0,45.3
2026-03-07,401820789,Florida State Seminoles,SMU Mustangs,91,78,0,2,52,2567,51.7,42.4
2026-03-07,401820790,Miami Hurricanes,Louisville Cardinals,89,92,0,2,2390,97,56.4,60.4
2026-03-07,401820791,NC State Wolfpack,Stanford Cardinal,84,85,0,2,152,24,48.1,48.5
2026-03-07,401820792,Syracuse Orange,Pittsburgh Panthers,69,71,0,2,183,221,39.0,44.1
2026-03-07,401820793,Boston College Eagles,Notre Dame Fighting Irish,77,69,0,2,103,87,36.4,35.5
2026-03-07,401820794,Virginia Cavaliers,Virginia Tech Hokies,76,72,0,2,258,259,44.8,41.9
2026-03-07,401820795,Wake Forest Demon Deacons,California Golden Bears,80,73,0,2,154,25,41.1,35.6
2026-03-07,401822972,Seton Hall Pirates,St. John's Red Storm,65,72,0,2,2550,2599,41.1,50.0
2026-03-07,401822973,Marquette Golden Eagles,UConn Huskies,68,62,0,2,269,41,47.9,35.6
2026-03-07,401822974,Villanova Wildcats,Xavier Musketeers,91,78,0,2,222,2752,56.5,40.9
2026-03-07,401822975,DePaul Blue Demons,Butler Bulldogs,71,81,0,2,305,2086,37.7,41.0
2026-03-07,401823787,San Diego State Aztecs,UNLV Rebels,89,86,0,2,21,2439,55.0,48.4
2026-03-07,401823834,Colorado State Rams,Boise State Broncos,67,78,0,2,36,68,50.0,51.0
2026-03-07,401825563,Ohio State Buckeyes,Indiana Hoosiers,91,78,0,2,194,84,59.2,54.9
2026-03-07,401825565,Purdue Boilermakers,Wisconsin Badgers,93,97,0,2,2509,275,50.7,55.8
2026-03-07,401827722,West Virginia Mountaineers,UCF Knights,77,62,0,2,277,2116,45.3,38.1
2026-03-07,401827723,Baylor Bears,Utah Utes,101,75,0,2,239,254,61.5,60.4
2026-03-07,401827726,Iowa State Cyclones,Arizona State Sun Devils,86,65,0,2,66,9,43.9,46.5
2026-03-07,401827727,Kansas Jayhawks,Kansas State Wildcats,104,85,0,2,2305,2306,59.2,44.8
2026-03-07,401827728,Oklahoma State Cowboys,Houston Cougars,75,82,0,2,197,248,40.7,50.8
2026-03-07,401827729,TCU Horned Frogs,Cincinnati Bearcats,73,63,0,2,2628,2132,44.1,44.2
2026-03-07,401828261,Wichita State Shockers,Florida Atlantic Owls,88,70,0,2,2724,2226,50.7,43.6
2026-03-07,401828462,Dayton Flyers,VCU Rams,62,68,0,2,2168,2670,45.5,49.0
2026-03-07,401828463,St. Bonaventure Bonnies,Davidson Wildcats,63,68,0,2,179,2166,37.0,41.8
2026-03-07,401828464,Duquesne Dukes,Richmond Spiders,79,77,0,2,2184,257,43.8,63.8
2026-03-07,401828465,Fordham Rams,Rhode Island Rams,61,49,0,2,2230,227,41.3,34.0
2026-03-07,401828466,George Mason Patriots,Saint Louis Billikens,86,57,0,2,2244,139,57.6,39.7
2026-03-07,401828467,Loyola Chicago Ramblers,George Washington Revolutionaries,68,62,0,2,2350,45,44.0,33.3
2026-03-07,401828468,Saint Joseph's Hawks,La Salle Explorers,88,76,0,2,2603,2325,51.9,38.8
2026-03-07,401829334,San José State Spartans,Wyoming Cowboys,78,88,0,2,23,2751,53.6,57.1
2026-03-07,401829340,Utah State Aggies,New Mexico Lobos,94,90,0,2,328,167,50.0,47.5
2026-03-07,401830012,Dartmouth Big Green,Cornell Big Red,90,111,0,2,159,172,44.1,63.1
2026-03-07,401851198,UMBC Retrievers,New Hampshire Wildcats,84,69,0,2,2378,160,50.9,47.3
2026-03-07,401851199,Vermont Catamounts,Bryant Bulldogs,77,57,0,2,261,2803,57.1,44.7
2026-03-07,401851200,UMass Lowell River Hawks,UAlbany Great Danes,81,76,0,2,2349,399,46.8,45.1
2026-03-07,401851201,NJIT Highlanders,Maine Black Bears,60,58,0,2,2885,311,46.0,42.6
2026-03-07,401851248,Queens University Royals,West Georgia Wolves,71,63,1,2,2511,2698,42.9,34.7
2026-03-07,401851249,Central Arkansas Bears,Florida Gulf Coast Eagles,73,63,1,2,2110,526,43.3,38.7
2026-03-07,401851350,Radford Highlanders,Presbyterian Blue Hose,85,91,1,2,2515,2506,38.9,51.5
2026-03-07,401851351,High Point Panthers,UNC Asheville Bulldogs,75,71,1,2,2272,2427,45.6,42.9
2026-03-07,401851352,Winthrop Eagles,Presbyterian Blue Hose,73,71,1,2,2737,2506,45.1,47.3
2026-03-07,401851460,Saint Peter's Peacocks,Fairfield Stags,55,74,1,2,2612,2217,36.4,43.5
2026-03-07,401851462,Quinnipiac Bobcats,Marist Red Foxes,75,77,1,2,2514,2368,36.5,40.3
2026-03-07,401851490,Bradley Braves,Valparaiso Beacons,90,84,1,2,71,2674,42.3,41.8
2026-03-07,401851491,Illinois State Redbirds,Northern Iowa Panthers,52,74,1,2,2287,2460,32.6,53.7
2026-03-07,401851492,UIC Flames,Drake Bulldogs,72,51,1,2,82,2181,48.2,32.1
2026-03-07,401851493,Bradley Braves,Northern Iowa Panthers,69,73,1,2,71,2460,43.4,65.9
2026-03-07,401851517,Mercyhurst Lakers,Stonehill Skyhawks,56,51,0,2,2385,284,35.1,36.0
2026-03-07,401851519,Long Island University Sharks,Wagner Seahawks,64,56,0,2,112358,2681,41.5,32.1
2026-03-07,401851530,Tennessee State Tigers,UT Martin Skyhawks,68,55,1,2,2634,2630,47.3,37.5
2026-03-07,401851532,Morehead State Eagles,Southeast Missouri State Redhawks,66,61,1,2,2413,2546,38.2,33.3
2026-03-07,401851580,UNC Greensboro Spartans,VMI Keydets,84,70,1,2,2430,2678,50.0,41.7
2026-03-07,401851581,East Tennessee State Buccaneers,The Citadel Bulldogs,83,76,1,2,2193,2643,56.4,50.0
2026-03-07,401851583,Wofford Terriers,UNC Greensboro Spartans,72,75,1,2,2747,2430,43.1,42.3
2026-03-07,401851586,Samford Bulldogs,Furman Paladins,81,86,1,2,2535,231,49.1,46.8
2026-03-07,401851621,South Dakota Coyotes,Omaha Mavericks,62,76,1,2,233,2437,31.3,45.8
2026-03-07,401851624,North Dakota Fighting Hawks,Denver Pioneers,83,67,1,2,155,2172,49.2,43.5
2026-03-07,401851701,South Alabama Jaguars,Georgia Southern Eagles,85,94,1,2,6,290,47.5,55.8
2026-03-07,401851702,App State Mountaineers,Southern Miss Golden Eagles,73,86,1,2,2026,2572,41.8,48.4
2026-03-07,401851749,Washington State Cougars,Portland Pilots,68,74,1,2,265,2501,37.9,47.3
2026-03-07,401851750,Seattle U Redhawks,San Diego Toreros,58,56,1,2,2547,301,41.2,39.6
2026-03-07,401856423,Stony Brook Seawolves,Campbell Fighting Camels,89,96,1,2,2619,2097,48.4,62.8
2026-03-07,401856424,Drexel Dragons,Northeastern Huskies,84,77,1,2,2182,111,51.0,44.4
2026-03-07,401856425,Towson Tigers,Hampton Pirates,74,68,1,2,119,2261,46.3,37.3
2026-03-08,401805214,Abilene Christian Wildcats,UT Arlington Mavericks,57,64,0,2,2000,250,39.6,37.5
2026-03-08,401805215,Utah Tech Trailblazers,Utah Valley Wolverines,101,104,0,2,3101,3084,45.6,50.0
2026-03-08,401805216,Southern Utah Thunderbirds,California Baptist Lancers,75,82,0,2,253,2856,44.6,53.3
2026-03-08,401808287,Texas Longhorns,Oklahoma Sooners,85,88,0,2,251,201,41.0,44.3
2026-03-08,401808288,Alabama Crimson Tide,Auburn Tigers,96,84,0,2,333,2,52.2,50.8
2026-03-08,401809104,UC Santa Barbara Gauchos,UC San Diego Tritons,63,64,0,2,2540,28,45.8,46.3
2026-03-08,401809122,UC Irvine Anteaters,UC Davis Aggies,79,69,0,2,300,302,50.9,38.5
2026-03-08,401809152,Hawai'i Rainbow Warriors,Long Beach State Beach,75,84,0,2,62,299,42.2,54.9
2026-03-08,401809164,Cal Poly Mustangs,Cal State Bakersfield Roadrunners,108,76,0,2,13,2934,48.1,41.8
2026-03-08,401820576,Nevada Wolf Pack,Air Force Falcons,74,59,0,2,2440,2005,48.2,49.0
2026-03-08,401822976,Georgetown Hoyas,Providence Friars,80,79,0,2,46,2507,52.5,48.2
2026-03-08,401823186,Cal State Northridge Matadors,Cal State Fullerton Titans,77,90,0,2,2463,2239,37.7,44.8
2026-03-08,401823806,Grand Canyon Lopes,Fresno State Bulldogs,85,60,0,2,2253,278,49.2,36.7
2026-03-08,401825562,Minnesota Golden Gophers,Northwestern Wildcats,67,66,0,2,135,77,54.5,43.4
2026-03-08,401825564,Oregon Ducks,Washington Huskies,85,79,0,2,2483,264,52.6,46.6
2026-03-08,401825566,USC Trojans,UCLA Bruins,68,89,0,2,30,26,42.9,57.6
2026-03-08,401825567,Maryland Terrapins,Illinois Fighting Illini,72,78,0,2,120,356,46.4,47.3
2026-03-08,401825568,Michigan Wolverines,Michigan State Spartans,90,80,0,2,130,127,49.1,44.6
2026-03-08,401825569,Nebraska Cornhuskers,Iowa Hawkeyes,84,75,0,2,158,2294,50.0,48.2
2026-03-08,401825570,Rutgers Scarlet Knights,Penn State Nittany Lions,74,62,0,2,164,213,44.3,41.1
2026-03-08,401827724,BYU Cougars,Texas Tech Red Raiders,82,76,0,2,252,2641,44.3,46.6
2026-03-08,401827725,Colorado Buffaloes,Arizona Wildcats,79,89,0,2,38,12,40.6,55.9
2026-03-08,401828262,UAB Blazers,East Carolina Pirates,90,83,0,2,5,151,54.7,41.1
2026-03-08,401828263,South Florida Bulls,Charlotte 49ers,83,60,0,2,58,2429,42.3,39.7
2026-03-08,401828264,Tulane Green Wave,Memphis Tigers,95,96,0,2,2655,235,49.3,51.6
2026-03-08,401828265,Rice Owls,UTSA Roadrunners,80,71,0,2,242,2636,38.5,35.7
2026-03-08,401828266,Tulsa Golden Hurricane,Temple Owls,78,76,0,2,202,218,41.5,45.8
2026-03-08,401851250,Austin Peay Governors,Queens University Royals,83,90,1,2,2046,2511,48.4,50.7
2026-03-08,401851251,Central Arkansas Bears,Queens University Royals,93,98,1,2,2110,2511,42.7,46.2
2026-03-08,401851325,Idaho State Bengals,Northern Arizona Lumberjacks,73,65,1,2,304,2464,42.6,44.4
2026-03-08,401851326,Idaho Vandals,Sacramento State Hornets,68,45,1,2,70,16,35.4,25.5
2026-03-08,401851329,Portland State Vikings,Idaho State Bengals,85,78,1,2,2502,304,44.4,45.6
2026-03-08,401851353,High Point Panthers,Winthrop Eagles,91,76,1,2,2272,2737,45.8,35.7
2026-03-08,401851431,Green Bay Phoenix,Northern Kentucky Norse,76,96,1,2,2739,94,50.9,49.3
2026-03-08,401851464,Siena Saints,Mount St. Mary's Mountaineers,63,58,1,2,2561,116,35.7,32.8
2026-03-08,401851465,Merrimack Warriors,Marist Red Foxes,58,57,1,2,2771,2368,37.0,42.6
2026-03-08,401851494,UIC Flames,Northern Iowa Panthers,69,84,1,2,82,2460,43.5,63.3
2026-03-08,401851534,Tennessee State Tigers,Morehead State Eagles,93,67,1,2,2634,2413,49.3,36.2
2026-03-08,401851547,Lehigh Mountain Hawks,Colgate Raiders,76,69,0,2,2329,2142,54.0,41.9
2026-03-08,401851548,Navy Midshipmen,Boston University Terriers,72,73,0,2,2426,104,42.9,55.3
2026-03-08,401851582,Mercer Bears,Western Carolina Catamounts,73,77,1,2,2382,2717,42.2,39.1
2026-03-08,401851589,East Tennessee State Buccaneers,Western Carolina Catamounts,69,67,1,2,2193,2717,47.1,37.7
2026-03-08,401851591,Furman Paladins,UNC Greensboro Spartans,81,75,1,2,231,2430,52.1,53.1
2026-03-08,401851602,LSU New Orleans Privateers,Houston Christian Huskies,73,60,1,2,2443,2277,45.5,40.4
2026-03-08,401851626,North Dakota State Bison,Omaha Mavericks,74,50,1,2,2449,2437,44.1,30.0
2026-03-08,401851627,St. Thomas Tommies,North Dakota Fighting Hawks,66,67,1,2,2900,155,41.7,50.0
2026-03-08,401851703,Coastal Carolina Chanticleers,Georgia Southern Eagles,72,96,1,2,324,290,37.7,53.8
2026-03-08,401851704,Troy Trojans,Southern Miss Golden Eagles,78,70,1,2,2653,2572,44.0,40.6
2026-03-08,401851753,San Francisco Dons,Portland Pilots,82,65,1,2,2539,2501,42.9,45.8
2026-03-08,401851754,Pacific Tigers,Seattle U Redhawks,61,58,1,2,279,2547,37.9,34.0
2026-03-08,401856426,William & Mary Tribe,Elon Phoenix,72,62,1,2,2729,2210,41.5,36.5
2026-03-08,401856427,UNC Wilmington Seahawks,Campbell Fighting Camels,70,85,1,2,350,2097,38.8,45.6
2026-03-08,401856428,Monmouth Hawks,Drexel Dragons,65,57,1,2,2405,2182,46.0,34.5
2026-03-08,401856429,Charleston Cougars,Towson Tigers,56,81,1,2,232,119,39.3,50.0
2026-03-09,401851331,Montana State Bobcats,Idaho Vandals,74,78,1,2,147,70,44.6,56.4
2026-03-09,401851332,Montana Grizzlies,Northern Colorado Bears,95,89,1,2,149,2458,53.4,45.1
2026-03-09,401851432,Wright State Raiders,Northern Kentucky Norse,103,90,1,2,2750,94,55.9,45.3
2026-03-09,401851466,Siena Saints,Fairfield Stags,76,61,1,2,2561,2217,46.2,36.2
2026-03-09,401851593,East Tennessee State Buccaneers,Furman Paladins,61,76,1,2,2193,231,48.0,50.9
2026-03-09,401851604,Nicholls Colonels,Northwestern State Demons,61,47,1,2,2447,2466,45.5,28.6
2026-03-09,401851607,Texas A&M-Corpus Christi Islanders,LSU New Orleans Privateers,74,61,1,2,357,2443,52.8,34.0
2026-03-09,401851629,North Dakota State Bison,North Dakota Fighting Hawks,70,62,1,2,2449,155,44.6,36.4
2026-03-09,401851705,Marshall Thundering Herd,Georgia Southern Eagles,78,82,1,2,276,290,45.0,40.0
2026-03-09,401851706,Troy Trojans,Georgia Southern Eagles,77,61,1,2,2653,290,58.8,39.6
2026-03-09,401851714,Alabama State Hornets,Alcorn State Braves,65,77,1,2,2011,2016,35.9,45.5
2026-03-09,401851756,Oregon State Beavers,San Francisco Dons,78,77,1,2,204,2539,47.3,41.0
2026-03-09,401851757,Santa Clara Broncos,Pacific Tigers,76,68,1,2,2541,279,43.5,40.0
2026-03-09,401856430,Hofstra Pride,William & Mary Tribe,92,61,1,2,2275,2729,45.2,34.8
2026-03-09,401856431,Monmouth Hawks,Campbell Fighting Camels,74,64,1,2,2405,2097,41.7,48.9
2026-03-10,401851170,Stanford Cardinal,Pittsburgh Panthers,63,64,1,2,24,221,48.1,42.4
2026-03-10,401851171,SMU Mustangs,Syracuse Orange,86,69,1,2,2567,183,46.6,43.8
2026-03-10,401851172,Virginia Tech Hokies,Wake Forest Demon Deacons,89,95,1,2,259,154,41.4,50.8
2026-03-10,401851202,UMBC Retrievers,UMass Lowell River Hawks,91,69,0,2,2378,2349,54.1,36.2
2026-03-10,401851204,Vermont Catamounts,NJIT Highlanders,63,54,0,2,261,2885,41.8,36.2
2026-03-10,401851282,Arizona State Sun Devils,Baylor Bears,83,79,1,2,9,239,57.4,41.8
2026-03-10,401851283,Cincinnati Bearcats,Utah Utes,73,66,1,2,2132,254,45.0,37.1
2026-03-10,401851285,BYU Cougars,Kansas State Wildcats,105,91,1,2,252,2306,54.8,50.8
2026-03-10,401851333,Eastern Washington Eagles,Weber State Wildcats,84,79,1,2,331,2692,51.9,48.2
2026-03-10,401851362,Oregon Ducks,Maryland Terrapins,60,70,1,2,2483,120,36.5,40.4
2026-03-10,401851363,Northwestern Wildcats,Penn State Nittany Lions,76,66,1,2,77,213,50.9,51.1
2026-03-10,401851405,Florida International Panthers,Missouri State Bears,72,75,1,2,2229,2623,47.3,53.1
2026-03-10,401851433,Robert Morris Colonials,Detroit Mercy Titans,64,70,1,2,2523,2174,46.3,42.1
2026-03-10,401851434,Wright State Raiders,Detroit Mercy Titans,66,63,1,2,2750,2174,39.7,35.0
2026-03-10,401851521,Long Island University Sharks,Mercyhurst Lakers,79,70,0,2,112358,2385,55.8,47.5
2026-03-10,401851608,UT Rio Grande Valley Vaqueros,Nicholls Colonels,86,68,1,2,292,2447,58.5,43.6
2026-03-10,401851611,Stephen F. Austin Lumberjacks,Texas A&M-Corpus Christi Islanders,60,58,1,2,2617,357,43.9,48.9
2026-03-10,401851715,Grambling Tigers,Mississippi Valley State Delta Devils,77,52,1,2,2755,2400,43.6,34.6
2026-03-10,401851716,Prairie View A&M Panthers,Alcorn State Braves,65,56,1,2,2504,2016,35.6,34.0
2026-03-10,401851759,Gonzaga Bulldogs,Oregon State Beavers,65,56,1,2,2250,204,47.2,33.9
2026-03-10,401851760,Saint Mary's Gaels,Santa Clara Broncos,71,76,1,2,2608,2541,44.4,48.4
2026-03-10,401856432,Hofstra Pride,Towson Tigers,68,65,1,2,2275,119,38.1,37.1
2026-03-10,401856433,Hofstra Pride,Monmouth Hawks,75,69,1,2,2275,2405,39.7,43.6
2026-03-11,401851173,NC State Wolfpack,Pittsburgh Panthers,98,88,1,2,152,221,60.8,57.1
2026-03-11,401851174,Louisville Cardinals,SMU Mustangs,62,58,1,2,97,2567,39.6,42.9
2026-03-11,401851175,Florida State Seminoles,California Golden Bears,95,89,1,2,52,25,57.4,50.8
2026-03-11,401851221,Memphis Tigers,Tulane Green Wave,69,81,1,2,235,2655,36.1,35.5
2026-03-11,401851258,La Salle Explorers,St. Bonaventure Bonnies,80,99,1,2,2325,179,43.1,56.7
2026-03-11,401851260,Richmond Spiders,Loyola Chicago Ramblers,67,75,1,2,257,2350,39.0,53.5
2026-03-11,401851287,Colorado Buffaloes,Oklahoma State Cowboys,83,92,1,2,38,197,47.1,45.3
2026-03-11,401851289,Iowa State Cyclones,Arizona State Sun Devils,91,42,1,2,66,9,50.8,31.9
2026-03-11,401851291,UCF Knights,Cincinnati Bearcats,66,65,1,2,2116,2132,33.8,33.9
2026-03-11,401851293,West Virginia Mountaineers,BYU Cougars,48,68,1,2,277,252,38.1,45.9
2026-03-11,401851308,Butler Bulldogs,Providence Friars,81,91,1,2,2086,2507,46.2,52.3
2026-03-11,401851309,Marquette Golden Eagles,Xavier Musketeers,87,89,1,2,269,2752,42.5,51.6
2026-03-11,401851334,Portland State Vikings,Montana Grizzlies,72,75,1,2,2502,149,31.4,51.1
2026-03-11,401851335,Eastern Washington Eagles,Idaho Vandals,68,81,1,2,331,70,37.1,50.9
2026-03-11,401851365,Iowa Hawkeyes,Maryland Terrapins,75,64,1,2,2294,120,50.9,43.1
2026-03-11,401851367,Washington Huskies,USC Trojans,83,79,1,2,264,30,41.4,44.9
2026-03-11,401851369,Indiana Hoosiers,Northwestern Wildcats,61,74,1,2,84,77,44.4,48.1
2026-03-11,401851406,Jacksonville State Gamecocks,New Mexico State Aggies,63,68,1,2,55,166,45.8,37.5
2026-03-11,401851407,Liberty Flames,Missouri State Bears,69,77,1,2,2335,2623,42.9,56.0
2026-03-11,401851467,Merrimack Warriors,Siena Saints,54,64,1,2,2771,2561,29.3,38.2
2026-03-11,401851472,Morgan State Bears,Delaware State Hornets,70,75,1,2,2415,2169,32.8,42.6
2026-03-11,401851495,UNLV Rebels,Wyoming Cowboys,73,70,1,2,2439,2751,44.2,37.1
2026-03-11,401851496,Nevada Wolf Pack,Air Force Falcons,80,45,1,2,2440,2005,45.6,28.1
2026-03-11,401851549,Lehigh Mountain Hawks,Boston University Terriers,74,60,0,2,2329,104,43.6,37.7
2026-03-11,401851557,Kentucky Wildcats,LSU Tigers,87,82,1,2,96,99,50.0,50.0
2026-03-11,401851558,Auburn Tigers,Mississippi State Bulldogs,79,61,1,2,2,344,41.5,39.1
2026-03-11,401851559,Texas Longhorns,Ole Miss Rebels,66,76,1,2,251,145,35.2,46.9
2026-03-11,401851612,McNeese Cowboys,UT Rio Grande Valley Vaqueros,84,80,1,2,2377,292,37.5,44.1
2026-03-11,401851614,Stephen F. Austin Lumberjacks,McNeese Cowboys,59,76,1,2,2617,2377,37.3,51.9
2026-03-11,401851717,Jackson State Tigers,Grambling Tigers,68,65,1,2,2296,2755,37.3,38.9
2026-03-11,401851718,Bethune-Cookman Wildcats,Prairie View A&M Panthers,67,71,1,2,2065,2504,44.8,49.1
2026-03-11,401851762,Gonzaga Bulldogs,Santa Clara Broncos,79,68,1,2,2250,2541,52.8,38.2
2026-03-12,401851176,Clemson Tigers,Wake Forest Demon Deacons,71,62,1,2,228,154,40.6,44.0
2026-03-12,401851177,Virginia Cavaliers,NC State Wolfpack,81,74,1,2,258,152,47.5,36.8
2026-03-12,401851178,Miami Hurricanes,Louisville Cardinals,78,73,1,2,2390,97,46.6,48.2
2026-03-12,401851179,Duke Blue Devils,Florida State Seminoles,80,79,1,2,150,52,43.8,51.9
2026-03-12,401851222,Florida Atlantic Owls,Temple Owls,63,59,1,2,2226,218,50.0,38.3
2026-03-12,401851223,Charlotte 49ers,Tulane Green Wave,74,60,1,2,2429,2655,39.3,30.9
2026-03-12,401851263,Fordham Rams,George Washington Revolutionaries,62,66,1,2,2230,45,46.0,46.0
2026-03-12,401851264,George Mason Patriots,St. Bonaventure Bonnies,57,63,1,2,2244,179,42.1,41.2
2026-03-12,401851266,Duquesne Dukes,Rhode Island Rams,67,61,1,2,2184,227,37.1,40.7
2026-03-12,401851268,Davidson Wildcats,Loyola Chicago Ramblers,64,59,1,2,2166,2350,40.0,39.0
2026-03-12,401851294,TCU Horned Frogs,Oklahoma State Cowboys,95,88,1,2,2628,197,50.7,49.3
2026-03-12,401851296,Texas Tech Red Raiders,Iowa State Cyclones,53,75,1,2,2641,66,33.9,53.6
2026-03-12,401851299,Arizona Wildcats,UCF Knights,81,59,1,2,12,2116,48.3,36.5
2026-03-12,401851300,Houston Cougars,BYU Cougars,73,66,1,2,248,252,44.8,41.2
2026-03-12,401851310,DePaul Blue Demons,Georgetown Hoyas,56,63,1,2,305,46,34.5,39.3
2026-03-12,401851311,St. John's Red Storm,Providence Friars,85,72,0,2,2599,2507,42.9,44.6
2026-03-12,401851312,Seton Hall Pirates,Creighton Bluejays,72,61,1,2,2550,156,40.7,33.3
2026-03-12,401851313,UConn Huskies,Xavier Musketeers,93,68,1,2,41,2752,57.4,37.3
2026-03-12,401851336,Montana Grizzlies,Idaho Vandals,66,77,1,2,149,70,40.7,40.7
2026-03-12,401851370,Minnesota Golden Gophers,Rutgers Scarlet Knights,67,72,1,2,135,164,52.1,46.3
2026-03-12,401851375,Ohio State Buckeyes,Iowa Hawkeyes,72,69,1,2,194,2294,55.3,50.0
2026-03-12,401851376,Wisconsin Badgers,Washington Huskies,85,82,1,2,275,264,44.9,44.1
2026-03-12,401851377,Purdue Boilermakers,Northwestern Wildcats,81,68,1,2,2509,77,49.2,52.8
2026-03-12,401851391,UC San Diego Tritons,Cal Poly Mustangs,72,69,1,2,28,13,45.5,38.5
2026-03-12,401851392,UC Davis Aggies,UC Santa Barbara Gauchos,79,73,1,2,302,2540,48.3,40.3
2026-03-12,401851408,Sam Houston Bearkats,New Mexico State Aggies,69,61,1,2,2534,166,33.3,37.3
2026-03-12,401851410,Louisiana Tech Bulldogs,Middle Tennessee Blue Raiders,80,69,1,2,2348,2393,48.3,40.4
2026-03-12,401851473,Norfolk State Spartans,South Carolina State Bulldogs,82,88,1,2,2450,2569,44.1,50.0
2026-03-12,401851497,Colorado State Rams,Fresno State Bulldogs,67,63,1,2,36,278,39.0,46.2
2026-03-12,401851498,Boise State Broncos,San José State Spartans,74,84,1,2,68,23,37.9,49.2
2026-03-12,401851499,Utah State Aggies,UNLV Rebels,80,60,1,2,328,2439,50.9,40.7
2026-03-12,401851500,Grand Canyon Lopes,Nevada Wolf Pack,80,84,1,2,2253,2440,47.9,48.9
2026-03-12,401851560,Oklahoma Sooners,South Carolina Gamecocks,86,74,1,2,201,2579,60.0,41.0
2026-03-12,401851561,Missouri Tigers,Kentucky Wildcats,72,78,1,2,142,96,47.3,49.1
2026-03-12,401851562,Tennessee Volunteers,Auburn Tigers,72,62,1,2,2633,2,43.1,35.0
2026-03-12,401851563,Georgia Bulldogs,Ole Miss Rebels,72,76,1,2,61,145,36.4,45.0
2026-03-12,401851719,Texas Southern Tigers,Alabama A&M Bulldogs,74,85,1,2,2640,2010,38.7,44.6
2026-03-12,401851721,Florida A&M Rattlers,Jackson State Tigers,70,60,1,2,50,2296,39.3,33.9
2026-03-12,401851733,Abilene Christian Wildcats,Tarleton State Texans,84,78,1,2,2000,2627,50.0,41.4
2026-03-12,401858186,Miami (OH) RedHawks,Massachusetts Minutemen,83,87,1,2,193,113,48.3,52.2
2026-03-12,401858187,Toledo Rockets,Bowling Green Falcons,77,76,1,2,2649,189,50.8,52.6
2026-03-12,401858188,Akron Zips,Buffalo Bulls,73,70,1,2,2006,2084,45.8,46.3
2026-03-12,401858189,Kent State Golden Flashes,Ohio Bobcats,86,75,1,2,2309,195,47.5,43.4
2026-03-13,401851180,North Carolina Tar Heels,Clemson Tigers,79,80,1,2,153,228,47.5,49.1
2026-03-13,401851181,Virginia Cavaliers,Miami Hurricanes,84,62,1,2,258,2390,52.5,38.6
2026-03-13,401851224,North Texas Mean Green,Florida Atlantic Owls,74,70,1,2,249,2226,39.3,44.9
2026-03-13,401851225,UAB Blazers,Charlotte 49ers,78,83,1,2,5,2429,50.8,51.7
2026-03-13,401851226,Tulsa Golden Hurricane,North Texas Mean Green,90,84,1,2,202,249,34.8,35.0
2026-03-13,401851270,Saint Louis Billikens,George Washington Revolutionaries,88,81,1,2,139,45,45.8,40.0
2026-03-13,401851272,Dayton Flyers,St. Bonaventure Bonnies,68,63,1,2,2168,179,34.6,45.7
2026-03-13,401851273,VCU Rams,Duquesne Dukes,71,66,1,2,2670,2184,46.9,43.6
2026-03-13,401851274,Saint Joseph's Hawks,Davidson Wildcats,70,58,1,2,2603,2166,43.8,41.1
2026-03-13,401851302,Kansas Jayhawks,TCU Horned Frogs,78,73,1,2,2305,2628,37.9,39.1
2026-03-13,401851304,Arizona Wildcats,Iowa State Cyclones,82,80,1,2,12,66,55.2,47.0
2026-03-13,401851314,Villanova Wildcats,Georgetown Hoyas,64,78,1,2,222,46,37.7,50.8
2026-03-13,401851315,St. John's Red Storm,Seton Hall Pirates,78,68,0,2,2599,2550,52.1,41.5
2026-03-13,401851378,UCLA Bruins,Rutgers Scarlet Knights,72,59,1,2,26,164,38.3,37.9
2026-03-13,401851380,Michigan Wolverines,Ohio State Buckeyes,71,67,1,2,130,194,45.3,37.9
2026-03-13,401851381,Illinois Fighting Illini,Wisconsin Badgers,88,91,1,2,356,275,50.0,42.4
2026-03-13,401851382,Nebraska Cornhuskers,Purdue Boilermakers,58,74,1,2,158,2509,39.3,44.8
2026-03-13,401851393,Cal State Northridge Matadors,UC San Diego Tritons,80,70,1,2,2463,28,49.2,37.7
2026-03-13,401851394,Cal State Fullerton Titans,UC Davis Aggies,82,70,1,2,2239,302,35.7,35.9
2026-03-13,401851411,Western Kentucky Hilltoppers,Kennesaw State Owls,87,96,1,2,98,338,43.6,50.8
2026-03-13,401851413,Louisiana Tech Bulldogs,Missouri State Bears,69,66,1,2,2348,2623,48.1,43.6
2026-03-13,401851414,Sam Houston Bearkats,Kennesaw State Owls,73,79,1,2,2534,338,43.5,48.1
2026-03-13,401851474,North Carolina Central Eagles,Maryland Eastern Shore Hawks,83,76,1,2,2428,2379,50.9,41.4
2026-03-13,401851475,Howard Bison,South Carolina State Bulldogs,78,61,1,2,47,2569,44.2,39.0
2026-03-13,401851501,San Diego State Aztecs,Colorado State Rams,71,62,1,2,21,36,48.0,33.3
2026-03-13,401851502,New Mexico Lobos,San José State Spartans,93,77,1,2,167,23,58.5,45.3
2026-03-13,401851564,Texas A&M Aggies,Oklahoma Sooners,63,83,1,2,245,201,38.3,45.6
2026-03-13,401851565,Florida Gators,Kentucky Wildcats,71,63,1,2,57,96,37.9,35.6
2026-03-13,401851566,Vanderbilt Commodores,Tennessee Volunteers,75,68,1,2,238,2633,40.4,37.5
2026-03-13,401851567,Alabama Crimson Tide,Ole Miss Rebels,79,80,1,2,333,145,40.6,46.3
2026-03-13,401851720,Southern Jaguars,Arkansas-Pine Bluff Golden Lions,84,81,1,2,2582,2029,56.9,48.2
2026-03-13,401851722,Alabama A&M Bulldogs,Prairie View A&M Panthers,55,74,1,2,2010,2504,33.3,52.0
2026-03-13,401851734,UT Arlington Mavericks,Southern Utah Thunderbirds,69,63,1,2,250,253,34.3,39.1
2026-03-13,401851735,Utah Tech Trailblazers,Abilene Christian Wildcats,80,74,1,2,3101,2000,55.3,46.6
2026-03-13,401858190,Toledo Rockets,Massachusetts Minutemen,77,67,1,2,2649,113,57.4,41.3
2026-03-13,401858191,Akron Zips,Kent State Golden Flashes,75,68,1,2,2006,2309,43.9,29.4
2026-03-14,401851182,Duke Blue Devils,Clemson Tigers,73,61,1,2,150,228,46.0,32.7
2026-03-14,401851206,UMBC Retrievers,Vermont Catamounts,74,59,0,2,2378,261,41.2,42.4
2026-03-14,401851227,South Florida Bulls,Charlotte 49ers,86,64,1,2,58,2429,46.4,33.9
2026-03-14,401851228,Wichita State Shockers,Tulsa Golden Hurricane,81,68,1,2,2724,202,47.5,36.5
2026-03-14,401851275,Saint Louis Billikens,Dayton Flyers,69,70,1,2,139,2168,43.1,34.5
2026-03-14,401851276,VCU Rams,Saint Joseph's Hawks,77,64,1,2,2670,2603,45.3,38.8
2026-03-14,401851305,Houston Cougars,Kansas Jayhawks,69,47,1,2,248,2305,41.5,24.6
2026-03-14,401851306,Arizona Wildcats,Houston Cougars,79,74,1,2,12,248,46.3,43.8
2026-03-14,401851316,UConn Huskies,Georgetown Hoyas,67,51,1,2,41,46,47.5,38.0
2026-03-14,401851317,St. John's Red Storm,UConn Huskies,72,52,0,2,2599,41,48.2,33.9
2026-03-14,401851383,Michigan State Spartans,UCLA Bruins,84,88,1,2,127,26,45.2,55.6
2026-03-14,401851384,Michigan Wolverines,Wisconsin Badgers,68,65,1,2,130,275,43.1,37.7
2026-03-14,401851386,UCLA Bruins,Purdue Boilermakers,66,73,1,2,26,2509,43.9,46.3
2026-03-14,401851395,UC Irvine Anteaters,Cal State Northridge Matadors,93,78,1,2,300,2463,51.6,47.1
2026-03-14,401851397,Hawai'i Rainbow Warriors,Cal State Fullerton Titans,78,63,1,2,62,2239,41.0,35.9
2026-03-14,401851435,Yale Bulldogs,Cornell Big Red,88,76,1,2,43,172,54.7,43.5
2026-03-14,401851436,Harvard Crimson,Pennsylvania Quakers,60,62,1,2,108,219,40.3,38.5
2026-03-14,401851476,North Carolina Central Eagles,Delaware State Hornets,59,53,1,2,2428,2169,42.9,46.9
2026-03-14,401851477,Howard Bison,North Carolina Central Eagles,70,63,1,2,47,2428,36.5,38.0
2026-03-14,401851503,Utah State Aggies,Nevada Wolf Pack,79,66,1,2,328,2440,45.3,40.7
2026-03-14,401851504,San Diego State Aztecs,New Mexico Lobos,64,62,1,2,21,167,41.1,32.8
2026-03-14,401851505,Utah State Aggies,San Diego State Aztecs,73,62,1,2,328,21,46.2,40.8
2026-03-14,401851568,Arkansas Razorbacks,Oklahoma Sooners,82,79,1,2,8,201,43.8,44.6
2026-03-14,401851569,Florida Gators,Vanderbilt Commodores,74,91,1,2,57,238,45.6,54.5
2026-03-14,401851570,Arkansas Razorbacks,Ole Miss Rebels,93,90,1,2,8,145,46.4,50.0
2026-03-14,401851723,Florida A&M Rattlers,Southern Jaguars,70,73,1,2,50,2582,46.0,45.6
2026-03-14,401851726,Southern Jaguars,Prairie View A&M Panthers,66,72,1,2,2582,2504,37.1,45.0
2026-03-14,401851736,Utah Valley Wolverines,UT Arlington Mavericks,67,65,1,2,3084,250,47.8,46.9
2026-03-14,401851738,California Baptist Lancers,Utah Tech Trailblazers,86,72,1,2,2856,3101,50.0,48.2
2026-03-15,401851183,Duke Blue Devils,Virginia Cavaliers,74,70,1,2,150,258,38.5,44.4
2026-03-15,401851229,South Florida Bulls,Wichita State Shockers,70,55,1,2,58,2724,37.7,33.9
2026-03-15,401851277,VCU Rams,Dayton Flyers,70,62,1,2,2670,2168,40.4,43.4
2026-03-15,401851388,Michigan Wolverines,Purdue Boilermakers,72,80,1,2,130,2509,46.9,52.6
2026-03-15,401851398,UC Irvine Anteaters,Hawai'i Rainbow Warriors,64,71,1,2,300,62,36.1,40.9
2026-03-15,401851415,Louisiana Tech Bulldogs,Kennesaw State Owls,60,71,1,2,2348,338,30.6,43.1
2026-03-15,401851437,Yale Bulldogs,Pennsylvania Quakers,84,88,1,2,43,219,43.7,45.3
2026-03-15,401851571,Arkansas Razorbacks,Vanderbilt Commodores,86,75,1,2,8,238,51.7,37.9
2026-03-15,401851739,Utah Valley Wolverines,California Baptist Lancers,61,63,1,2,3084,2856,44.0,37.9
2026-03-15,401858192,Akron Zips,Toledo Rockets,79,76,1,2,2006,2649,46.5,50.0
2026-03-17,401856435,Howard Bison,UMBC Retrievers,86,83,1,3,47,2378,47.5,51.8
2026-03-17,401858195,George Mason Patriots,Liberty Flames,71,77,0,3,2244,2335,39.0,49.1
2026-03-17,401858338,Wichita State Shockers,Wyoming Cowboys,74,70,0,3,2724,2751,43.1,38.5
2026-03-17,401858340,Yale Bulldogs,UNC Wilmington Seahawks,67,68,0,3,43,350,37.3,36.2
2026-03-18,401856434,NC State Wolfpack,Texas Longhorns,66,68,1,3,152,251,39.0,36.8
2026-03-18,401856437,Lehigh Mountain Hawks,Prairie View A&M Panthers,55,67,1,3,2329,2504,36.2,47.4
2026-03-18,401858193,Auburn Tigers,South Alabama Jaguars,78,67,0,3,2,6,39.3,45.0
2026-03-18,401858194,Seattle U Redhawks,St. Thomas Tommies,67,52,0,3,2547,2900,37.0,37.5
2026-03-18,401858196,Tulsa Golden Hurricane,Stephen F. Austin Lumberjacks,89,84,0,3,202,2617,35.8,45.7
2026-03-18,401858197,UC Irvine Anteaters,UNLV Rebels,72,75,0,3,300,2439,40.3,53.7
2026-03-18,401858339,Oklahoma State Cowboys,Davidson Wildcats,84,80,0,3,197,2166,50.0,42.9
2026-03-18,401858344,Wake Forest Demon Deacons,Navy Midshipmen,82,72,0,3,154,2426,48.2,43.1
2026-03-19,401856436,SMU Mustangs,Miami (OH) RedHawks,79,89,1,3,2567,193,47.7,45.3
2026-03-19,401856478,Duke Blue Devils,Siena Saints,71,65,1,3,150,2561,40.7,38.5
2026-03-19,401856479,Ohio State Buckeyes,TCU Horned Frogs,64,66,1,3,194,2628,42.1,40.0
2026-03-19,401856480,Wisconsin Badgers,High Point Panthers,82,83,1,3,275,2272,47.7,41.9
2026-03-19,401856481,Arkansas Razorbacks,Hawai'i Rainbow Warriors,97,78,1,3,8,62,54.2,44.9
2026-03-19,401856482,Louisville Cardinals,South Florida Bulls,83,79,1,3,97,58,53.8,39.0
2026-03-19,401856483,Michigan State Spartans,North Dakota State Bison,92,67,1,3,127,2449,58.9,43.9
2026-03-19,401856484,BYU Cougars,Texas Longhorns,71,79,1,3,252,251,42.9,47.0
2026-03-19,401856486,Michigan Wolverines,Howard Bison,101,80,1,3,130,47,67.3,42.9
2026-03-19,401856488,Vanderbilt Commodores,McNeese Cowboys,78,68,1,3,238,2377,51.0,36.2
2026-03-19,401856489,Nebraska Cornhuskers,Troy Trojans,76,47,1,3,158,2653,43.1,28.3
2026-03-19,401856490,North Carolina Tar Heels,VCU Rams,78,82,1,3,153,2670,41.4,45.5
2026-03-19,401856492,Saint Mary's Gaels,Texas A&M Aggies,50,63,1,3,2608,245,38.3,44.2
2026-03-19,401858341,Nevada Wolf Pack,Murray State Racers,89,75,0,3,2440,93,50.7,47.5
2026-03-19,401858342,New Mexico Lobos,Sam Houston Bearkats,107,83,0,3,167,2534,52.7,48.5
2026-03-19,401858343,Utah Valley Wolverines,George Washington Revolutionaries,78,79,0,3,3084,45,44.8,49.1
2026-03-19,401858345,Illinois State Redbirds,Kent State Golden Flashes,79,58,0,3,2287,2309,42.2,32.8
2026-03-19,401858346,Bradley Braves,Dayton Flyers,66,80,0,3,71,2168,45.1,52.1
2026-03-19,401858347,California Golden Bears,UIC Flames,91,73,0,3,25,82,56.1,50.9
2026-03-19,401858348,Colorado State Rams,Saint Joseph's Hawks,64,69,0,3,36,2603,36.2,39.7
2026-03-20,401856485,Gonzaga Bulldogs,Kennesaw State Owls,73,64,1,3,2250,338,39.7,36.2
2026-03-20,401856487,Georgia Bulldogs,Saint Louis Billikens,77,102,1,3,61,139,34.7,58.3
2026-03-20,401856491,Illinois Fighting Illini,Pennsylvania Quakers,105,70,1,3,356,219,50.0,44.8
2026-03-20,401856493,Houston Cougars,Idaho Vandals,78,47,1,3,248,70,50.0,28.6
2026-03-20,401856494,St. John's Red Storm,Northern Iowa Panthers,79,53,1,3,2599,2460,47.4,38.6
2026-03-20,401856496,UCLA Bruins,UCF Knights,75,71,1,3,26,2116,39.7,37.5
2026-03-20,401856519,Purdue Boilermakers,Queens University Royals,104,71,1,3,2509,2511,63.1,46.2
2026-03-20,401856520,Texas Tech Red Raiders,Akron Zips,91,71,1,3,2641,2006,64.2,43.1
2026-03-20,401856521,Alabama Crimson Tide,Hofstra Pride,90,70,1,3,333,2275,47.8,40.6
2026-03-20,401856522,Clemson Tigers,Iowa Hawkeyes,61,67,1,3,228,2294,40.7,38.3
2026-03-20,401856524,Iowa State Cyclones,Tennessee State Tigers,108,74,1,3,66,2634,52.8,43.1
2026-03-20,401856525,Kentucky Wildcats,Santa Clara Broncos,89,84,1,3,96,2541,50.8,41.1
2026-03-20,401856526,Virginia Cavaliers,Wright State Raiders,82,73,1,3,258,2750,51.9,41.0
2026-03-20,401856527,Tennessee Volunteers,Miami (OH) RedHawks,78,56,1,3,2633,193,52.5,35.2
2026-03-20,401856528,Villanova Wildcats,Utah State Aggies,76,86,1,3,222,328,44.4,54.9
2026-03-20,401856529,Arizona Wildcats,Long Island University Sharks,92,58,1,3,12,112358,53.3,32.4
2026-03-21,401856495,Kansas Jayhawks,California Baptist Lancers,68,60,1,3,2305,2856,40.0,35.9
2026-03-21,401856497,UConn Huskies,Furman Paladins,82,71,1,3,41,231,49.2,44.7
2026-03-21,401856518,Miami Hurricanes,Missouri Tigers,80,66,1,3,2390,142,43.3,35.1
2026-03-21,401856523,Florida Gators,Prairie View A&M Panthers,114,55,1,3,57,2504,64.3,27.0
2026-03-21,401856530,Duke Blue Devils,TCU Horned Frogs,81,58,1,3,150,2628,55.1,33.3
2026-03-21,401856531,Michigan State Spartans,Louisville Cardinals,77,69,1,3,127,97,47.3,41.3
2026-03-21,401856532,Michigan Wolverines,Saint Louis Billikens,95,72,1,3,130,139,55.7,44.3
2026-03-21,401856535,Houston Cougars,Texas A&M Aggies,88,57,1,3,248,245,44.1,34.6
2026-03-21,401856537,Gonzaga Bulldogs,Texas Longhorns,68,74,1,3,2250,251,45.0,51.7
2026-03-21,401858350,UNC Wilmington Seahawks,Dayton Flyers,61,80,0,3,350,2168,42.1,51.8
2026-03-22,401856533,Illinois Fighting Illini,VCU Rams,76,55,1,3,356,2670,48.3,34.8
2026-03-22,401856534,Nebraska Cornhuskers,Vanderbilt Commodores,74,72,1,3,158,238,55.8,41.4
2026-03-22,401856536,Arkansas Razorbacks,High Point Panthers,94,88,1,3,8,2272,51.5,45.3
2026-03-22,401856558,Kansas Jayhawks,St. John's Red Storm,65,67,1,3,2305,2599,44.4,36.2
2026-03-22,401856561,Iowa State Cyclones,Kentucky Wildcats,82,63,1,3,66,96,45.9,46.7
2026-03-22,401856562,Virginia Cavaliers,Tennessee Volunteers,72,79,1,3,258,2633,39.1,47.3
2026-03-22,401856563,Florida Gators,Iowa Hawkeyes,72,73,1,3,57,2294,50.0,51.0
2026-03-22,401856564,Purdue Boilermakers,Miami Hurricanes,79,69,1,3,2509,2390,53.2,44.4
2026-03-22,401858349,Nevada Wolf Pack,Liberty Flames,73,63,0,3,2440,2335,46.3,40.4
2026-03-22,401858351,Auburn Tigers,Seattle U Redhawks,91,85,0,3,2,2547,50.0,51.7
2026-03-22,401858352,Wake Forest Demon Deacons,Illinois State Redbirds,75,78,0,3,154,2287,50.0,41.0
2026-03-22,401858355,Tulsa Golden Hurricane,UNLV Rebels,77,66,0,3,202,2439,46.6,45.8
2026-03-23,401856559,UConn Huskies,UCLA Bruins,73,57,1,3,41,26,46.9,38.8
2026-03-23,401856560,Alabama Crimson Tide,Texas Tech Red Raiders,90,65,1,3,333,2641,44.1,34.4
2026-03-23,401856565,Arizona Wildcats,Utah State Aggies,78,66,1,3,12,328,39.3,39.1
2026-03-23,401858353,New Mexico Lobos,George Washington Revolutionaries,86,61,0,3,167,45,47.7,33.9
2026-03-23,401858354,California Golden Bears,Saint Joseph's Hawks,75,76,0,3,25,2603,41.8,44.1
2026-03-23,401858356,Oklahoma State Cowboys,Wichita State Shockers,70,96,0,3,197,2724,41.5,49.3
2026-03-24,401858357,Tulsa Golden Hurricane,Wichita State Shockers,83,79,0,3,202,2724,38.5,37.5
2026-03-25,401858358,New Mexico Lobos,Saint Joseph's Hawks,84,69,0,3,167,2603,47.5,40.0
2026-03-25,401858359,Dayton Flyers,Illinois State Redbirds,55,61,0,3,2168,2287,30.2,55.0
2026-03-26,401856567,Nebraska Cornhuskers,Iowa Hawkeyes,71,77,1,3,158,2294,41.4,51.9
2026-03-26,401856568,Purdue Boilermakers,Texas Longhorns,79,77,1,3,2509,251,48.4,51.8
2026-03-26,401858360,Auburn Tigers,Nevada Wolf Pack,75,69,0,3,2,2440,49.2,46.3
2026-03-27,401856566,Houston Cougars,Illinois Fighting Illini,55,65,1,3,248,356,34.4,43.1
2026-03-27,401856569,Arizona Wildcats,Arkansas Razorbacks,109,88,1,3,12,8,63.8,47.7
2026-03-27,401856570,Duke Blue Devils,St. John's Red Storm,80,75,1,3,150,2599,53.6,45.3
2026-03-27,401856572,Michigan Wolverines,Alabama Crimson Tide,90,77,1,3,130,333,50.0,36.2
2026-03-28,401856571,UConn Huskies,Michigan State Spartans,67,63,1,3,41,127,46.2,39.7
2026-03-28,401856573,Iowa State Cyclones,Tennessee Volunteers,62,76,1,3,66,2633,38.9,50.8
2026-03-28,401856574,Illinois Fighting Illini,Iowa Hawkeyes,71,59,1,3,356,2294,47.2,38.3
2026-03-29,401856575,Arizona Wildcats,Purdue Boilermakers,79,64,1,3,12,2509,46.6,38.1
2026-03-29,401856576,Michigan Wolverines,Tennessee Volunteers,95,62,1,3,130,2633,51.8,31.6
2026-03-29,401856577,Duke Blue Devils,UConn Huskies,72,73,1,3,150,41,52.1,43.8
2026-04-02,401858361,New Mexico Lobos,Tulsa Golden Hurricane,69,74,1,3,167,202,35.3,41.4
2026-04-02,401858379,Colorado Buffaloes,Oklahoma Sooners,86,90,1,3,38,201,38.3,36.6
2026-04-02,401858380,Minnesota Golden Gophers,Baylor Bears,48,67,1,3,135,239,38.8,46.6
2026-04-03,401858362,Auburn Tigers,Illinois State Redbirds,88,66,1,3,2,2287,60.7,46.3
2026-04-03,401858381,West Virginia Mountaineers,Stanford Cardinal,82,77,1,3,277,24,44.6,40.6
2026-04-03,401858382,Creighton Bluejays,Rutgers Scarlet Knights,82,69,1,3,156,164,45.8,36.9
2026-04-04,401856598,UConn Huskies,Illinois Fighting Illini,71,62,1,3,41,356,35.5,33.9
2026-04-04,401858383,Baylor Bears,Oklahoma Sooners,69,82,1,3,239,201,38.7,50.0
2026-04-04,401858384,Creighton Bluejays,West Virginia Mountaineers,70,87,1,3,156,277,43.4,53.0
2026-04-05,401856599,Arizona Wildcats,Michigan Wolverines,73,91,1,3,12,130,36.6,47.8
2026-04-05,401858385,West Virginia Mountaineers,Oklahoma Sooners,89,82,1,3,277,201,46.7,53.3
2026-04-06,401858363,Auburn Tigers,Tulsa Golden Hurricane,92,86,1,3,2,202,44.8,43.5
2026-04-07,401856600,Michigan Wolverines,UConn Huskies,69,63,1,3,130,41,38.2,30.9
