date,id,home,away,hs,as,neutral,type,hid,aid,hfg,afg
2022-11-07,401483265,Baylor Bears,Mississippi Valley State Delta Devils,117,53,0,2,239,2400,51.4,32.7
2022-11-07,401483365,Michigan Wolverines,Purdue Fort Wayne Mastodons,75,56,0,2,130,2870,46.9,29.6
2022-11-07,401484362,Villanova Wildcats,La Salle Explorers,81,68,0,2,222,2325,55.8,40.0
2022-11-07,401485025,Stanford Cardinal,Pacific Tigers,88,78,0,2,24,279,60.4,41.8
2022-11-07,401485101,Butler Bulldogs,LSU New Orleans Privateers,89,53,0,2,2086,2443,56.3,41.2
2022-11-07,401485102,St. John's Red Storm,Merrimack Warriors,97,72,0,2,2599,2771,56.9,38.5
2022-11-07,401486936,Charlotte 49ers,Coppin State Eagles,82,59,0,2,2429,2154,50.0,40.7
2022-11-07,401487408,Morehouse Maroon Tigers,Harvard Crimson,63,68,0,2,60,108,30.3,41.4
2022-11-07,401489513,James Madison Dukes,Valley Forge Patriots,123,38,0,2,256,110414,61.3,24.6
2022-11-07,401489550,App State Mountaineers,Warren Wilson Owls,142,74,0,2,2026,2684,55.7,32.9
2022-11-07,401489662,UNC Greensboro Spartans,Johnson & Wales-Charlotte JOHNSON & WALES-CHARLOTTE,93,60,0,2,2430,3169,43.8,31.8
2022-11-07,401489690,UMass Lowell River Hawks,Fisher Eagles,108,43,0,2,2349,524,51.8,27.3
2022-11-07,401489751,Middle Tennessee Blue Raiders,Brescia Bearcats,79,52,0,2,2393,2855,51.6,33.9
2022-11-07,401493633,Milwaukee Panthers,Milwaukee Engineering Raiders,102,46,0,2,270,110437,61.3,36.4
2022-11-07,401493663,Oakland Golden Grizzlies,Defiance Yellow Jackets,92,27,0,2,2473,190,57.9,18.2
2022-11-07,401494401,Kentucky Wildcats,Howard Bison,95,63,0,2,96,47,54.8,34.3
2022-11-07,401494597,Prairie View A&M Panthers,Kansas Christian Falcons,94,79,0,2,2504,123410,49.3,52.7
2022-11-08,401482889,Boston College Eagles,Cornell Big Red,79,77,0,2,103,172,47.2,46.0
2022-11-08,401482897,Clemson Tigers,The Citadel Bulldogs,80,69,0,2,228,2643,46.2,42.9
2022-11-08,401482906,Duke Blue Devils,Jacksonville Dolphins,71,44,0,2,150,294,45.8,34.0
2022-11-08,401482914,Florida State Seminoles,Stetson Hatters,74,83,0,2,52,56,45.8,47.5
2022-11-08,401482929,Miami Hurricanes,Lafayette Leopards,67,54,0,2,2390,322,36.2,36.5
2022-11-08,401482938,NC State Wolfpack,Austin Peay Governors,99,50,0,2,152,2046,61.5,30.8
2022-11-08,401482947,North Carolina Tar Heels,UNC Wilmington Seahawks,69,56,0,2,153,350,45.8,29.3
2022-11-08,401482965,Pittsburgh Panthers,UT Martin Skyhawks,80,58,0,2,221,2630,36.6,32.3
2022-11-08,401482974,Syracuse Orange,Lehigh Mountain Hawks,90,72,0,2,183,2329,54.5,42.9
2022-11-08,401482983,Virginia Cavaliers,North Carolina Central Eagles,73,61,0,2,258,2428,42.6,41.5
2022-11-08,401482991,Virginia Tech Hokies,Delaware State Hornets,95,57,0,2,259,2169,55.0,38.7
2022-11-08,401482999,Wake Forest Demon Deacons,Fairfield Stags,71,59,0,2,154,2217,39.1,38.2
2022-11-08,401483030,Florida Gators,Stony Brook Seawolves,81,45,0,2,57,2619,47.5,30.8
2022-11-08,401483039,Auburn Tigers,George Mason Patriots,70,52,0,2,2,2244,33.8,37.5
2022-11-08,401483050,Georgia Bulldogs,Western Carolina Catamounts,68,55,0,2,61,2717,49.1,35.1
2022-11-08,401483194,Missouri Tigers,Southern Indiana Screaming Eagles,97,91,0,2,142,88,47.9,48.3
2022-11-08,401483206,Ole Miss Rebels,Alcorn State Braves,73,58,0,2,145,2016,37.3,36.8
2022-11-08,401483235,Tennessee Volunteers,Tennessee Tech Golden Eagles,75,43,0,2,2633,2635,40.0,32.5
2022-11-08,401483236,Texas A&M Aggies,UL Monroe Warhawks,87,54,0,2,245,2433,50.8,27.1
2022-11-08,401483247,Vanderbilt Commodores,Memphis Tigers,67,76,0,2,238,235,41.1,50.9
2022-11-08,401483266,Iowa State Cyclones,IU Indianapolis Jaguars,88,39,0,2,66,85,51.6,33.3
2022-11-08,401483275,Kansas Jayhawks,Omaha Mavericks,89,64,0,2,2305,2437,52.2,38.6
2022-11-08,401483281,Kansas State Wildcats,UT Rio Grande Valley Vaqueros,93,59,0,2,2306,292,45.5,39.2
2022-11-08,401483290,Oklahoma Sooners,Sam Houston Bearkats,51,52,0,2,201,2534,37.2,32.8
2022-11-08,401483298,TCU Horned Frogs,Arkansas-Pine Bluff Golden Lions,73,72,0,2,2628,2029,38.9,41.3
2022-11-08,401483308,Texas Longhorns,UTEP Miners,72,57,0,2,251,2638,54.8,40.4
2022-11-08,401483319,Texas Tech Red Raiders,Northwestern State Demons,73,49,0,2,2641,2466,52.2,28.4
2022-11-08,401483328,West Virginia Mountaineers,Mount St. Mary's Mountaineers,76,58,0,2,277,116,49.1,32.7
2022-11-08,401483337,Illinois Fighting Illini,Eastern Illinois Panthers,87,57,0,2,356,2197,46.9,35.0
2022-11-08,401483344,Indiana Hoosiers,Morehead State Eagles,88,53,0,2,84,2413,61.0,37.0
2022-11-08,401483352,Iowa Hawkeyes,Bethune-Cookman Wildcats,89,58,0,2,2294,2065,50.7,34.8
2022-11-08,401483357,Maryland Terrapins,Niagara Purple Eagles,71,49,0,2,120,315,49.0,40.0
2022-11-08,401483371,Minnesota Golden Gophers,Western Michigan Broncos,61,60,0,2,135,2711,43.1,34.8
2022-11-08,401483378,Nebraska Cornhuskers,Maine Black Bears,79,66,0,2,158,311,46.2,47.3
2022-11-08,401483383,Northwestern Wildcats,Chicago State Cougars,85,54,0,2,77,2130,42.9,25.4
2022-11-08,401483391,Ohio State Buckeyes,Robert Morris Colonials,91,53,0,2,194,2523,55.7,31.7
2022-11-08,401483398,Penn State Nittany Lions,Winthrop Eagles,93,68,0,2,213,2737,55.0,44.9
2022-11-08,401483405,Purdue Boilermakers,Milwaukee Panthers,84,53,0,2,2509,270,37.5,38.3
2022-11-08,401483411,Rutgers Scarlet Knights,Columbia Lions,75,35,0,2,164,171,43.1,23.4
2022-11-08,401483420,Wisconsin Badgers,South Dakota Coyotes,85,59,0,2,275,233,50.9,40.4
2022-11-08,401483431,Arizona State Sun Devils,Tarleton State Texans,62,59,0,2,9,2627,33.9,34.5
2022-11-08,401483443,California Golden Bears,UC Davis Aggies,65,75,0,2,25,302,38.1,48.2
2022-11-08,401483452,Colorado Buffaloes,UC Riverside Highlanders,82,66,0,2,38,27,46.9,40.3
2022-11-08,401483461,UCLA Bruins,Sacramento State Hornets,76,50,0,2,26,16,53.1,34.5
2022-11-08,401483470,USC Trojans,Florida Gulf Coast Eagles,61,74,0,2,30,526,40.4,37.5
2022-11-08,401483479,Utah Utes,Long Island University Sharks,89,48,0,2,254,112358,41.7,32.2
2022-11-08,401484855,Michigan State Spartans,Northern Arizona Lumberjacks,73,55,0,2,127,2464,44.6,31.7
2022-11-08,401484860,Furman Paladins,North Greenville Trailblazers,91,55,0,2,231,2822,53.7,33.8
2022-11-08,401485026,Richmond Spiders,VMI Keydets,69,48,0,2,257,2678,45.1,25.0
2022-11-08,401485098,UConn Huskies,Stonehill Skyhawks,85,54,0,2,41,284,46.0,35.6
2022-11-08,401485099,Creighton Bluejays,St. Thomas Tommies,72,60,0,2,156,2900,39.4,41.4
2022-11-08,401485100,Marquette Golden Eagles,Radford Highlanders,79,69,0,2,269,2515,45.8,41.3
2022-11-08,401485103,Xavier Musketeers,Morgan State Bears,96,73,0,2,2752,2415,51.6,37.1
2022-11-08,401485104,DePaul Blue Demons,Loyola Maryland Greyhounds,72,66,0,2,305,2352,43.1,40.0
2022-11-08,401485106,Providence Friars,Rider Broncs,66,65,0,2,2507,2520,36.0,41.4
2022-11-08,401485292,Liberty Flames,Regent Royals,104,38,0,2,2335,111926,53.7,19.6
2022-11-08,401485293,Queens University Royals,Marshall Thundering Herd,83,82,0,2,2511,276,47.1,43.6
2022-11-08,401485294,Wichita State Shockers,Central Arkansas Bears,79,55,0,2,2724,2110,43.8,30.1
2022-11-08,401485389,East Tennessee State Buccaneers,Emory & Henry Wasps,88,66,0,2,2193,2213,45.5,48.0
2022-11-08,401485470,Norfolk State Spartans,Virginia Lynchburg Dragons,109,59,0,2,2450,3229,51.8,30.8
2022-11-08,401487103,Pepperdine Waves,Rice Owls,106,67,0,2,2492,242,62.9,38.1
2022-11-08,401487131,UAB Blazers,Alabama State Hornets,111,70,0,2,5,2011,53.1,31.6
2022-11-08,401487275,Bowling Green Falcons,Air Force Falcons,62,58,0,2,189,2005,39.3,40.0
2022-11-08,401487288,Colorado State Rams,Gardner-Webb Runnin' Bulldogs,65,63,0,2,36,2241,50.0,42.6
2022-11-08,401487296,UTSA Roadrunners,Trinity (TX) Tigers,74,47,0,2,2636,386,40.8,30.5
2022-11-08,401487318,Nevada Wolf Pack,Utah Tech Trailblazers,84,71,0,2,2440,3101,50.0,37.9
2022-11-08,401487327,Vermont Catamounts,Brown Bears,80,65,0,2,261,225,53.8,44.2
2022-11-08,401487352,New Mexico Lobos,Southern Utah Thunderbirds,89,81,0,2,167,253,48.3,47.0
2022-11-08,401487363,Fordham Rams,Dartmouth Big Green,88,74,0,2,2230,159,57.4,42.4
2022-11-08,401487388,UNLV Rebels,Southern Jaguars,66,56,0,2,2439,2582,31.3,35.8
2022-11-08,401487398,Utah State Aggies,Utah Valley Wolverines,75,58,0,2,328,3084,45.3,32.8
2022-11-08,401487449,Iona Gaels,Pennsylvania Quakers,78,50,0,2,314,219,40.8,32.7
2022-11-08,401487469,Yale Bulldogs,Sarah Lawrence Gryphons,96,41,0,2,43,108862,57.4,26.2
2022-11-08,401487486,Massachusetts Minutemen,Central Connecticut Blue Devils,94,67,0,2,113,2115,53.5,40.9
2022-11-08,401487516,Loyola Chicago Ramblers,Fairleigh Dickinson Knights,88,82,0,2,2350,161,46.3,40.0
2022-11-08,401487612,Dayton Flyers,Lindenwood Lions,73,46,0,2,2168,2815,47.1,32.7
2022-11-08,401487643,George Washington Revolutionaries,Virginia State Trojans,85,58,0,2,45,330,49.2,30.5
2022-11-08,401487662,Rhode Island Rams,Quinnipiac Bobcats,62,67,0,2,227,2514,36.7,41.9
2022-11-08,401487681,Saint Louis Billikens,Murray State Racers,91,68,0,2,139,93,47.3,37.1
2022-11-08,401487690,St. Bonaventure Bonnies,Saint Francis Red Wolves,71,58,0,2,179,2598,45.8,38.5
2022-11-08,401487702,VCU Rams,Manhattan Jaspers,73,56,0,2,2670,2363,42.6,51.2
2022-11-08,401487712,UC San Diego Tritons,Seattle U Redhawks,71,85,0,2,28,2547,47.2,46.2
2022-11-08,401487718,William & Mary Tribe,Navy Midshipmen,59,74,0,2,2729,2426,40.4,48.4
2022-11-08,401488142,UC Santa Barbara Gauchos,San Francisco State Gators,75,59,0,2,2540,22,50.9,35.0
2022-11-08,401488190,UC Irvine Anteaters,Chapman Panthers,96,50,0,2,300,411,54.2,29.6
2022-11-08,401488209,California Baptist Lancers,Long Beach State Beach,64,79,0,2,2856,299,32.3,50.8
2022-11-08,401488380,Alabama Crimson Tide,Longwood Lancers,75,54,0,2,333,2344,39.1,26.8
2022-11-08,401488558,Georgia Tech Yellow Jackets,Clayton State Lakers,93,63,0,2,59,2861,47.9,37.1
2022-11-08,401488666,UCF Knights,UNC Asheville Bulldogs,95,98,0,2,2116,2427,45.7,51.5
2022-11-08,401488712,Tulane Green Wave,UMBC Retrievers,89,67,0,2,2655,2378,52.2,36.1
2022-11-08,401488718,South Florida Bulls,Southeast Missouri State Redhawks,61,64,0,2,58,2546,46.2,35.7
2022-11-08,401488725,SMU Mustangs,East Texas A&M Lions,77,60,0,2,2567,2837,50.0,34.8
2022-11-08,401488780,Santa Clara Broncos,Eastern Washington Eagles,84,72,0,2,2541,331,37.3,42.2
2022-11-08,401488786,South Carolina Upstate Spartans,Brevard Tornados,90,42,0,2,2908,2913,54.4,28.8
2022-11-08,401488791,Cleveland State Vikings,Notre Dame College (OH) Blue Falcons,68,72,0,2,325,587,45.9,43.6
2022-11-08,401488809,Northern Kentucky Norse,Kent State Golden Flashes,57,79,0,2,94,2309,30.0,54.5
2022-11-08,401488823,Temple Owls,Wagner Seahawks,73,76,0,2,218,2681,38.9,42.2
2022-11-08,401488826,Denver Pioneers,Idaho Vandals,68,63,0,2,2172,70,50.0,41.0
2022-11-08,401488998,Belmont Bruins,Ohio Bobcats,70,69,0,2,2057,195,49.1,43.3
2022-11-08,401489004,Bradley Braves,Parkside Rangers,93,59,0,2,71,2742,56.1,41.1
2022-11-08,401489012,Saint Mary's Gaels,Oral Roberts Golden Eagles,78,70,0,2,2608,198,40.3,39.7
2022-11-08,401489019,Portland Pilots,Lewis & Clark River Otters,89,62,0,2,2501,2333,48.4,26.9
2022-11-08,401489045,Loyola Marymount Lions,Life Pacific Warriors,99,49,0,2,2351,109670,50.0,29.8
2022-11-08,401489050,BYU Cougars,Idaho State Bengals,60,56,0,2,252,304,37.3,38.0
2022-11-08,401489086,Oklahoma State Cowboys,UT Arlington Mavericks,77,66,0,2,197,250,43.3,35.6
2022-11-08,401489108,Grand Canyon Lopes,Montana State Bobcats,60,54,0,2,2253,147,43.4,38.5
2022-11-08,401489498,Southern Miss Golden Eagles,William Carey Crusaders,75,42,0,2,2572,2730,47.0,31.0
2022-11-08,401489506,Old Dominion Monarchs,Maryland Eastern Shore Hawks,84,65,0,2,295,2379,50.0,39.6
2022-11-08,401489520,Georgia State Panthers,Coastal Georgia Mariner,76,59,0,2,2247,3189,37.5,40.0
2022-11-08,401489542,Arkansas State Red Wolves,Harding Bisons,86,55,0,2,2032,2264,56.3,37.5
2022-11-08,401489571,Arkansas Razorbacks,North Dakota State Bison,76,58,0,2,8,2449,49.1,33.9
2022-11-08,401489576,Incarnate Word Cardinals,North Dakota Fighting Hawks,57,65,0,2,2916,155,36.1,42.0
2022-11-08,401489582,Kansas City Roos,Lincoln (MO) Blue Tigers,56,59,0,2,140,2876,38.9,35.0
2022-11-08,401489596,Florida International Panthers,Houston Christian Huskies,77,66,0,2,2229,2277,50.0,39.1
2022-11-08,401489607,Lamar Cardinals,St. Thomas (TX) Celts,63,61,0,2,2320,126749,38.9,33.8
2022-11-08,401489611,McNeese Cowboys,Champion Christian Tigers,110,54,0,2,2377,3134,56.6,35.6
2022-11-08,401489620,Towson Tigers,UAlbany Great Danes,67,62,0,2,119,399,43.4,35.8
2022-11-08,401489621,Immaculata Mighty Macs,UAlbany Great Danes,47,74,0,2,107554,399,43.6,51.9
2022-11-08,401489631,SE Louisiana Lions,Loyola New Orleans Wolfpack,90,72,0,2,2545,100,59.0,43.1
2022-11-08,401489637,Mississippi State Bulldogs,Texas A&M-Corpus Christi Islanders,63,44,0,2,344,357,42.4,32.1
2022-11-08,401489651,Houston Cougars,Northern Colorado Bears,83,36,0,2,248,2458,44.4,25.6
2022-11-08,401489671,Cincinnati Bearcats,Chaminade Silverswords,98,55,0,2,2132,2124,57.8,38.9
2022-11-08,401489700,Wofford Terriers,Bob Jones Bruins,120,48,0,2,2747,3243,65.3,26.2
2022-11-08,401489714,Florida Atlantic Owls,Lynn Fighting Knights,81,46,0,2,2226,2357,50.8,28.8
2022-11-08,401490544,Army Black Knights,Keystone Giants,110,65,0,2,349,108860,56.3,38.1
2022-11-08,401491259,Holy Cross Crusaders,Siena Saints,68,75,0,2,107,2561,47.5,51.9
2022-11-08,401491278,Buffalo Bulls,Colgate Raiders,88,87,0,2,2084,2142,53.8,53.6
2022-11-08,401491655,Bryant Bulldogs,Thomas College Terriers,147,39,0,2,2803,2645,64.0,24.6
2022-11-08,401491665,Saint Peter's Peacocks,NJIT Highlanders,73,59,0,2,2612,2885,44.1,35.2
2022-11-08,401491703,Campbell Fighting Camels,Saint Augustine's Falcons,79,62,0,2,2097,395,42.9,46.2
2022-11-08,401491709,Charleston Southern Buccaneers,Toccoa Falls Eagles,83,52,0,2,2127,2648,38.0,30.6
2022-11-08,401491722,High Point Panthers,Pfeiffer Falcons,111,71,0,2,2272,2945,53.3,38.4
2022-11-08,401491791,Davidson Wildcats,Guilford Quakers,87,64,0,2,2166,2258,45.1,35.2
2022-11-08,401491799,San Diego State Aztecs,Cal State Fullerton Titans,80,57,0,2,21,2239,53.8,39.2
2022-11-08,401491811,Charleston Cougars,Chattanooga Mocs,85,78,0,2,232,236,45.2,49.2
2022-11-08,401491815,Delaware Blue Hens,Wilmington (DE) Wildcats,78,54,0,2,48,2732,47.5,33.9
2022-11-08,401491825,Elon Phoenix,Erskine Flying Fleet,80,56,0,2,2210,2215,43.1,36.1
2022-11-08,401491833,Princeton Tigers,Hofstra Pride,77,83,0,2,163,2275,49.2,54.5
2022-11-08,401491837,North Carolina A&T Aggies,Edward Waters Tigers,100,61,0,2,2448,2206,50.7,39.3
2022-11-08,401491839,Boston University Terriers,Northeastern Huskies,72,63,0,2,104,111,38.7,36.7
2022-11-08,401491889,Miami (OH) RedHawks,Evansville Purple Aces,74,78,0,2,193,339,43.3,46.7
2022-11-08,401492095,Washington State Cougars,Texas State Bobcats,83,61,0,2,265,326,52.7,46.0
2022-11-08,401492099,Washington Huskies,Weber State Wildcats,69,52,0,2,264,2692,47.1,35.6
2022-11-08,401492254,Bucknell Bison,Lebanon Valley Flying Dutchmen,113,52,0,2,2083,388,60.0,28.8
2022-11-08,401492306,Grambling Tigers,UNT Dallas Trailblazers,82,57,0,2,2755,126794,46.9,33.9
2022-11-08,401492374,Southern Illinois Salukis,Little Rock Trojans,94,63,0,2,79,2031,58.2,40.6
2022-11-08,401492424,Indiana State Sycamores,Green Bay Phoenix,80,53,0,2,282,2739,54.4,38.5
2022-11-08,401492427,Canisius Golden Griffins,Youngstown State Penguins,81,92,0,2,2099,2754,40.6,56.7
2022-11-08,401492454,Oregon Ducks,Florida A&M Rattlers,80,45,0,2,2483,50,46.0,37.5
2022-11-08,401492624,Oregon State Beavers,Tulsa Golden Hurricane,73,70,0,2,204,202,50.0,36.4
2022-11-08,401492630,Louisiana Ragin' Cajuns,Centenary (LA) Gentlemen,106,55,0,2,309,2113,53.1,28.8
2022-11-08,401493699,Akron Zips,South Dakota State Jackrabbits,81,80,0,2,2006,2571,43.5,52.5
2022-11-08,401493705,Ball State Cardinals,Earlham Quakers,109,39,0,2,2050,2189,61.2,24.6
2022-11-08,401493733,Eastern Michigan Eagles,Wayne State (MI) Warriors,75,66,0,2,2199,131,44.8,45.1
2022-11-08,401493741,Northern Illinois Huskies,Illinois Springfield Prairie Stars,77,83,0,2,2459,542,40.6,52.7
2022-11-08,401493749,Toledo Rockets,Valparaiso Beacons,85,70,0,2,2649,2674,45.7,49.2
2022-11-08,401493753,Illinois State Redbirds,Western Illinois Leathernecks,68,71,0,2,2287,2710,37.5,43.1
2022-11-08,401493776,Northern Iowa Panthers,Wartburg Knights,105,49,0,2,2460,2685,59.7,31.6
2022-11-08,401493777,UIC Flames,Trinity Christian Trolls,82,48,0,2,82,2652,44.9,28.1
2022-11-08,401493805,SIU Edwardsville Cougars,Harris Stowe State Hornets,85,57,0,2,2565,534,52.5,38.6
2022-11-08,401493820,Tennessee State Tigers,Fisk Bulldogs,85,75,0,2,2634,2225,50.0,48.3
2022-11-08,401493931,San Francisco Dons,Texas Southern Tigers,90,77,0,2,2539,2640,60.8,38.8
2022-11-08,401493939,Samford Bulldogs,Anderson (SC) Trojans,109,85,0,2,2535,380,48.7,39.7
2022-11-08,401493949,Troy Trojans,Montevallo Falcons,87,67,0,2,2653,2409,45.3,49.1
2022-11-08,401493953,Abilene Christian Wildcats,Jackson State Tigers,65,56,0,2,2000,2296,40.4,40.0
2022-11-08,401494382,Cal State Northridge Matadors,La Sierra Golden Eagles,90,55,0,2,2463,3167,51.4,26.9
2022-11-08,401494415,Wyoming Cowboys,Colorado Christian Cougars,102,69,0,2,2751,2862,50.7,38.7
2022-11-08,401494593,Louisiana Tech Bulldogs,Mississippi College Choctaws,78,61,0,2,2348,2401,46.8,42.6
2022-11-08,401494750,New Mexico State Aggies,New Mexico Highlands Cowboys,101,52,0,2,166,2424,52.7,29.4
2022-11-08,401494933,Arizona Wildcats,Nicholls Colonels,117,75,0,2,12,2447,71.7,40.3
2022-11-08,401496947,New Hampshire Wildcats,Brandeis Judges,79,47,0,2,160,5426,49.2,34.0
2022-11-08,401497494,Cal Poly Mustangs,Bethesda Flames,94,59,0,2,13,3246,51.4,26.9
2022-11-08,401497505,Gonzaga Bulldogs,North Florida Ospreys,104,63,0,2,2250,2454,64.2,35.6
2022-11-08,401497514,Presbyterian Blue Hose,Carolina University Bruins,76,42,0,2,2506,108942,42.4,34.0
2022-11-08,401497670,Coastal Carolina Chanticleers,St. Mary's (MD) Seahawks,97,43,0,2,324,117,66.1,24.0
2022-11-08,401497711,Cal State Bakersfield Roadrunners,San Diego Christian Hawks,68,35,0,2,2934,3096,41.3,26.5
2022-11-08,401498237,Stephen F. Austin Lumberjacks,LeTourneau Yellow Jackets,93,40,0,2,2617,2326,52.9,23.1
2022-11-08,401498729,San Diego Toreros,Sonoma State Cossacks,81,59,0,2,301,2574,48.3,47.1
2022-11-08,401499091,Binghamton Bearcats,Cazenovia College Wildcats,87,56,0,2,2066,126955,49.1,29.5
2022-11-08,401499435,Eastern Kentucky Colonels,Miami (OH) Middletown ThunderHawks,137,52,0,2,2198,126972,58.8,25.4
2022-11-08,401500363,St. Francis Brooklyn Terriers,Mount St Mary Knights,94,56,0,2,2597,289,50.7,34.0
2022-11-08,401500556,Kennesaw State Owls,LaGrange Panthers,99,56,0,2,338,548,59.0,33.9
2022-11-08,401500557,North Alabama Lions,Oakwood Ambassadors,108,51,0,2,2453,3083,63.4,31.7
2022-11-08,401500558,Jacksonville State Gamecocks,Shorter Hawks,111,48,0,2,55,2560,56.8,32.1
2022-11-08,401501670,North Texas Mean Green,Southern Nazarene Crimson Storm,53,47,0,2,249,200,34.0,36.8
2022-11-08,401501770,Fresno State Bulldogs,Fresno Pacific Sunbirds,69,56,0,2,278,2235,44.2,46.7
2022-11-09,401483216,South Carolina Gamecocks,South Carolina State Bulldogs,80,77,0,2,2579,2569,44.1,43.8
2022-11-09,401485105,Georgetown Hoyas,Coppin State Eagles,99,89,0,2,46,2154,47.9,38.9
2022-11-09,401487618,Duquesne Dukes,Montana Grizzlies,91,63,0,2,2184,149,64.4,38.5
2022-11-09,401489525,San José State Spartans,Georgia Southern Eagles,63,48,0,2,23,290,46.2,26.8
2022-11-09,401489644,East Carolina Pirates,Mercer Bears,77,75,0,2,151,2382,46.6,50.0
2022-11-09,401492447,Hartford Hawks,Sacred Heart Pioneers,70,77,0,2,42,2529,42.6,43.5
2022-11-09,401503540,Detroit Mercy Titans,Rochester Christian Warriors,93,65,0,2,2174,2947,48.3,43.6
2022-11-10,401482992,Virginia Tech Hokies,Lehigh Mountain Hawks,78,52,0,2,259,2329,53.4,36.5
2022-11-10,401483392,Ohio State Buckeyes,Charleston Southern Buccaneers,82,56,0,2,194,2127,51.7,33.8
2022-11-10,401484869,Seton Hall Pirates,Monmouth Hawks,79,52,0,2,2550,2405,45.3,29.8
2022-11-10,401485295,Louisville Cardinals,Bellarmine Knights,66,67,0,2,97,91,42.3,48.8
2022-11-10,401485296,San Diego Toreros,Florida Gulf Coast Eagles,79,73,0,2,301,526,50.9,43.6
2022-11-10,401485297,South Dakota Coyotes,Lipscomb Bisons,85,77,0,2,233,288,49.1,45.2
2022-11-10,401485461,LSU Tigers,Kansas City Roos,74,63,0,2,99,140,42.1,32.8
2022-11-10,401485471,Norfolk State Spartans,Cairn University Highlanders,87,59,0,2,2450,3216,49.2,30.2
2022-11-10,401487104,Rice Owls,St. Thomas (TX) Celts,85,48,0,2,242,126749,48.3,33.9
2022-11-10,401487517,Fairleigh Dickinson Knights,Mercy Mavericks,106,66,0,2,161,2384,55.3,42.6
2022-11-10,401488199,UC Davis Aggies,Cal Maritime Keelhaulers,90,67,0,2,302,500,49.3,39.0
2022-11-10,401488539,Youngstown State Penguins,UT Martin Skyhawks,90,72,0,2,2754,2630,45.1,46.7
2022-11-10,401488810,Kent State Golden Flashes,Baldwin Wallace Yellow Jackets,76,55,0,2,2309,188,46.6,33.3
2022-11-10,401489020,Portland Pilots,Florida A&M Rattlers,91,54,0,2,2501,50,55.8,30.9
2022-11-10,401489060,Utah Valley Wolverines,Western Colorado Mountaineers,91,64,0,2,3084,112694,56.5,42.9
2022-11-10,401489100,Seattle U Redhawks,Puget Sound Loggers,106,55,0,2,2547,2508,50.7,35.0
2022-11-10,401489109,Grand Canyon Lopes,San Diego Christian Hawks,101,50,0,2,2253,3096,56.7,26.4
2022-11-10,401489514,James Madison Dukes,Hampton Pirates,106,58,0,2,256,2261,60.6,32.3
2022-11-10,401489551,App State Mountaineers,North Carolina Central Eagles,79,74,0,2,2026,2428,40.6,39.7
2022-11-10,401489627,Northwestern State Demons,Ouachita Baptist Tigers,79,68,0,2,2466,2888,44.4,44.4
2022-11-10,401490523,Marist Red Foxes,American University Eagles,73,69,0,2,2368,44,51.9,44.3
2022-11-10,401491748,Winthrop Eagles,Piedmont Lions,78,56,0,2,2737,2496,46.6,36.7
2022-11-10,401491792,Wright State Raiders,Davidson Wildcats,97,102,0,2,2750,2166,44.3,52.2
2022-11-10,401491886,Drake Bulldogs,IU Indianapolis Jaguars,80,48,0,2,2181,85,54.0,28.1
2022-11-10,401491895,Morehead State Eagles,Campbellsville (HB) Pioneers,99,58,0,2,2413,111921,53.3,44.2
2022-11-10,401493466,Boise State Broncos,South Dakota State Jackrabbits,66,68,0,2,68,2571,46.3,47.8
2022-11-10,401493672,Robert Morris Colonials,Pittsburgh-Greensburg GREENSBURG,84,49,0,2,2523,126821,50.8,32.1
2022-11-10,401493771,Missouri State Bears,Missouri S&T Miners,82,47,0,2,2623,2402,55.2,30.6
2022-11-10,401494479,Arkansas-Pine Bluff Golden Lions,Champion Christian Tigers,87,55,0,2,2029,3134,42.7,33.9
2022-11-10,401494598,Prairie View A&M Panthers,North American Stallions,95,68,0,2,2504,126750,50.7,51.0
2022-11-10,401494606,South Alabama Jaguars,Mobile Rams,97,59,0,2,6,2920,58.0,33.3
2022-11-10,401497564,Howard Bison,District of Columbia Firebirds,87,74,0,2,47,2177,45.2,42.9
2022-11-10,401498236,Western Illinois Leathernecks,Rockford Regents,113,56,0,2,2710,2524,62.7,28.6
2022-11-10,401499090,Queens University Royals,Clinton Golden Bears,99,65,0,2,2511,126954,50.0,39.0
2022-11-11,401482890,Boston College Eagles,Detroit Mercy Titans,70,66,0,2,103,2174,40.0,40.0
2022-11-11,401482907,Duke Blue Devils,South Carolina Upstate Spartans,84,38,0,2,150,2908,44.1,27.8
2022-11-11,401482955,Notre Dame Fighting Irish,Radford Highlanders,79,76,0,2,87,2515,52.1,46.2
2022-11-11,401483276,Kansas Jayhawks,North Dakota State Bison,82,59,0,2,2305,2449,48.6,36.2
2022-11-11,401483309,Texas Longhorns,Houston Christian Huskies,82,31,0,2,251,2277,51.5,21.7
2022-11-11,401483320,Texas Tech Red Raiders,Texas Southern Tigers,78,54,0,2,2641,2640,45.9,35.0
2022-11-11,401483345,Indiana Hoosiers,Bethune-Cookman Wildcats,101,49,0,2,84,2065,58.3,39.2
2022-11-11,401483358,Maryland Terrapins,Western Carolina Catamounts,71,51,0,2,120,2717,44.3,27.0
2022-11-11,401483379,Nebraska Cornhuskers,Omaha Mavericks,75,61,0,2,158,2437,50.0,41.4
2022-11-11,401483399,Penn State Nittany Lions,Loyola Maryland Greyhounds,90,65,0,2,213,2352,57.9,46.4
2022-11-11,401483412,Rutgers Scarlet Knights,Sacred Heart Pioneers,88,50,0,2,164,2529,51.7,39.6
2022-11-11,401483432,Arizona State Sun Devils,Northern Arizona Lumberjacks,84,68,0,2,9,2464,54.2,42.1
2022-11-11,401483471,USC Trojans,Alabama State Hornets,96,58,0,2,30,2011,55.4,33.3
2022-11-11,401484527,Gonzaga Bulldogs,Michigan State Spartans,64,63,1,2,2250,127,41.8,40.4
2022-11-11,401485107,Creighton Bluejays,North Dakota Fighting Hawks,96,61,0,2,156,155,51.4,46.3
2022-11-11,401485108,Marquette Golden Eagles,Central Michigan Chippewas,97,73,0,2,269,2117,53.0,44.8
2022-11-11,401485109,UConn Huskies,Boston University Terriers,86,57,0,2,41,104,56.4,34.0
2022-11-11,401485299,Central Arkansas Bears,Hendrix Warriors,107,56,0,2,2110,418,58.4,30.6
2022-11-11,401486286,Harvard Crimson,Louisiana Ragin' Cajuns,61,75,1,2,108,309,46.9,45.3
2022-11-11,401487132,Toledo Rockets,UAB Blazers,93,85,1,2,2649,5,53.1,44.3
2022-11-11,401487276,Air Force Falcons,Delaware Blue Hens,75,71,0,2,2005,48,47.2,33.3
2022-11-11,401487328,Brown Bears,Colgate Raiders,68,77,0,2,225,2142,42.4,57.9
2022-11-11,401487644,George Washington Revolutionaries,Howard Bison,85,75,0,2,45,47,55.1,43.8
2022-11-11,401487676,Saint Joseph's Hawks,Houston Cougars,55,81,1,2,2603,248,29.6,50.8
2022-11-11,401487698,Massachusetts Minutemen,Towson Tigers,55,67,0,2,113,119,34.5,53.2
2022-11-11,401488143,UC Santa Barbara Gauchos,Fresno State Bulldogs,61,54,1,2,2540,278,36.1,45.2
2022-11-11,401488792,Cincinnati Bearcats,Cleveland State Vikings,69,58,0,2,2132,325,39.3,39.3
2022-11-11,401488827,Idaho Vandals,Walla Walla Wolves,122,48,0,2,70,3152,63.9,32.8
2022-11-11,401489013,Saint Mary's Gaels,Vermont Catamounts,79,53,0,2,2608,261,49.2,41.7
2022-11-11,401489046,Loyola Marymount Lions,UC Riverside Highlanders,79,81,0,2,2351,27,49.2,50.9
2022-11-11,401489093,Southern Utah Thunderbirds,La Verne Leopards,117,55,0,2,253,2318,53.8,35.2
2022-11-11,401489490,UL Monroe Warhawks,Dallas Christian Crusaders,111,59,0,2,2433,2937,54.3,44.2
2022-11-11,401489526,Santa Clara Broncos,Georgia Southern Eagles,78,62,0,2,2541,290,43.6,39.7
2022-11-11,401489588,Denver Pioneers,Colorado College Tigers,90,68,0,2,2172,2144,52.8,36.9
2022-11-11,401489645,Mercer Bears,Milligan Buffaloes,118,64,0,2,2382,2397,59.7,40.0
2022-11-11,401489691,Columbia Lions,UMass Lowell River Hawks,62,89,0,2,171,2349,33.9,57.4
2022-11-11,401489706,UMBC Retrievers,Penn State York Nittany Lions,92,65,0,2,2378,112706,54.3,34.4
2022-11-11,401490463,Delaware State Hornets,Immaculata Mighty Macs,104,67,0,2,2169,107554,55.4,48.8
2022-11-11,401491260,Holy Cross Crusaders,Dean Bulldogs,85,71,0,2,107,110411,53.3,36.1
2022-11-11,401491672,New Hampshire Wildcats,Fairfield Stags,83,71,0,2,160,2217,52.8,45.1
2022-11-11,401491677,Idaho State Bengals,Westcliff Warriors,97,56,0,2,304,111910,50.7,31.0
2022-11-11,401491716,Stephen F. Austin Lumberjacks,Gardner-Webb Runnin' Bulldogs,86,71,0,2,2617,2241,49.2,48.9
2022-11-11,401491734,The Citadel Bulldogs,Presbyterian Blue Hose,70,58,0,2,2643,2506,50.9,36.1
2022-11-11,401491805,Eastern Kentucky Colonels,Western Kentucky Hilltoppers,60,66,0,2,2198,98,33.9,42.9
2022-11-11,401491841,Stony Brook Seawolves,Miami (OH) Hamilton Harriers,86,65,0,2,2619,124809,53.3,41.8
2022-11-11,401491863,William & Mary Tribe,Mid Atlantic Christian Mustangs,116,40,0,2,2729,108806,61.9,25.0
2022-11-11,401492295,Chattanooga Mocs,Oakland City Mighty Oaks,93,49,0,2,236,2474,63.1,32.8
2022-11-11,401492301,Tennessee Tech Golden Eagles,Tennessee Wesleyan Bulldogs,82,48,0,2,2635,2632,41.0,28.1
2022-11-11,401492375,Oklahoma State Cowboys,Southern Illinois Salukis,60,61,0,2,197,79,42.1,38.3
2022-11-11,401492440,Stonehill Skyhawks,Quinnipiac Bobcats,95,102,0,2,284,2514,51.6,50.8
2022-11-11,401492635,Florida International Panthers,Florida National Conquistadors,95,74,0,2,2229,107730,52.9,40.9
2022-11-11,401493496,Weber State Wildcats,Western Colorado Mountaineers,83,67,0,2,2692,112694,50.8,40.3
2022-11-11,401493754,Eastern Illinois Panthers,Illinois State Redbirds,49,54,0,2,2197,2287,33.3,36.2
2022-11-11,401493781,Merrimack Warriors,Clark (MA) Cougars,64,48,0,2,2771,106,44.4,29.3
2022-11-11,401493795,Lindenwood Lions,Hannibal LaGrange Trojans,85,58,0,2,2815,533,44.9,44.0
2022-11-11,401493798,Little Rock Trojans,Arkansas Baptist Buffaloes,71,60,0,2,2031,2027,36.5,33.9
2022-11-11,401493932,San Francisco Dons,Cal Poly Mustangs,60,48,0,2,2539,13,34.0,37.0
2022-11-11,401493940,Samford Bulldogs,Spring Hill Badgers,80,61,0,2,2535,2590,38.5,41.8
2022-11-11,401493950,Troy Trojans,Mississippi U for Women Owls,96,42,0,2,2653,126826,49.3,28.8
2022-11-11,401494406,Alabama A&M Bulldogs,North Alabama Lions,76,84,0,2,2010,2453,46.0,50.0
2022-11-11,401494416,Wyoming Cowboys,Nicholls Colonels,79,68,0,2,2751,2447,41.8,42.4
2022-11-11,401494633,Cornell Big Red,SUNY Delhi Broncos,114,57,0,2,172,126848,57.4,30.6
2022-11-11,401496887,Morgan State Bears,Penn State Greater Allegheny Nittany Lions,130,49,0,2,2415,124950,69.3,32.8
2022-11-11,401497498,Texas State Bobcats,Mid America Christian Evangels,71,53,0,2,326,3126,41.5,37.7
2022-11-11,401497502,Tarleton State Texans,Kansas Christian Falcons,95,49,0,2,2627,123410,56.3,40.8
2022-11-11,401497710,VMI Keydets,Penn State New Kensington Lions,100,58,0,2,2678,126910,48.7,37.9
2022-11-11,401499511,Sam Houston Bearkats,Southwestern Adventist Knights,120,33,0,2,2534,2903,66.3,22.9
2022-11-11,401499590,Hartford Hawks,Vermont State Lyndon Hornets,85,43,0,2,42,551,52.2,28.6
2022-11-11,401500559,Western Michigan Broncos,Goshen Maple Leafs,99,62,0,2,2711,3067,57.7,42.6
2022-11-11,401500561,Jacksonville Dolphins,Johnson University Florida Suns,85,34,0,2,294,3097,56.5,22.6
2022-11-12,401482898,South Carolina Gamecocks,Clemson Tigers,60,58,0,2,2579,228,34.4,37.7
2022-11-12,401482915,UCF Knights,Florida State Seminoles,68,54,0,2,2116,52,39.7,39.3
2022-11-12,401482930,Miami Hurricanes,UNC Greensboro Spartans,79,65,0,2,2390,2430,53.4,41.4
2022-11-12,401482939,NC State Wolfpack,Campbell Fighting Camels,73,67,0,2,152,2097,49.0,47.2
2022-11-12,401482948,North Carolina Tar Heels,Charleston Cougars,102,86,0,2,153,232,60.3,49.3
2022-11-12,401482966,Pittsburgh Panthers,West Virginia Mountaineers,56,81,0,2,221,277,42.2,52.6
2022-11-12,401482984,Virginia Cavaliers,Monmouth Hawks,89,42,0,2,258,2405,55.6,39.0
2022-11-12,401483000,Wake Forest Demon Deacons,Georgia Bulldogs,81,71,0,2,154,61,50.9,41.9
2022-11-12,401483031,Florida Gators,Kennesaw State Owls,88,78,0,2,57,338,54.5,42.9
2022-11-12,401483040,Auburn Tigers,South Florida Bulls,67,59,0,2,2,58,40.4,35.5
2022-11-12,401483195,Missouri Tigers,Pennsylvania Quakers,92,85,0,2,142,219,45.9,49.2
2022-11-12,401483207,Ole Miss Rebels,Florida Atlantic Owls,80,67,0,2,145,2226,50.8,41.9
2022-11-12,401483237,Texas A&M Aggies,Abilene Christian Wildcats,77,58,0,2,245,2000,52.3,38.5
2022-11-12,401483248,Vanderbilt Commodores,Southern Miss Golden Eagles,48,60,0,2,238,2572,32.8,34.9
2022-11-12,401483262,Baylor Bears,Norfolk State Spartans,87,70,0,2,239,2450,49.1,50.0
2022-11-12,401483282,California Golden Bears,Kansas State Wildcats,54,63,0,2,25,2306,40.4,36.8
2022-11-12,401483291,Oklahoma Sooners,Arkansas-Pine Bluff Golden Lions,66,58,0,2,201,2029,47.8,41.1
2022-11-12,401483299,TCU Horned Frogs,Lamar Cardinals,77,66,0,2,2628,2320,43.5,39.1
2022-11-12,401483338,Illinois Fighting Illini,Kansas City Roos,86,48,0,2,356,140,46.9,31.3
2022-11-12,401483353,Iowa Hawkeyes,North Carolina A&T Aggies,112,71,0,2,2294,2448,51.9,41.8
2022-11-12,401483366,Michigan Wolverines,Eastern Michigan Eagles,88,83,1,2,130,2199,48.3,45.3
2022-11-12,401483372,Minnesota Golden Gophers,St. Francis Brooklyn Terriers,72,54,0,2,135,2597,55.1,40.4
2022-11-12,401483384,Northwestern Wildcats,Northern Illinois Huskies,63,46,0,2,77,2459,41.4,33.3
2022-11-12,401483406,Purdue Boilermakers,Austin Peay Governors,63,44,0,2,2509,2046,50.0,28.3
2022-11-12,401483413,Rutgers Scarlet Knights,UMass Lowell River Hawks,73,65,0,2,164,2349,33.9,42.2
2022-11-12,401483421,Wisconsin Badgers,Stanford Cardinal,60,50,1,2,275,24,37.3,36.2
2022-11-12,401483453,Grambling Tigers,Colorado Buffaloes,83,74,0,2,2755,38,50.0,40.3
2022-11-12,401483462,UCLA Bruins,Long Beach State Beach,93,69,0,2,26,299,46.7,36.4
2022-11-12,401483480,Utah Utes,Cal State Bakersfield Roadrunners,72,44,0,2,254,2934,48.1,29.8
2022-11-12,401484363,Temple Owls,Villanova Wildcats,68,64,0,2,218,222,38.3,48.0
2022-11-12,401484861,Furman Paladins,Belmont Bruins,89,74,0,2,231,2057,58.3,45.3
2022-11-12,401485130,Xavier Musketeers,Montana Grizzlies,86,64,0,2,2752,149,64.0,44.2
2022-11-12,401485131,DePaul Blue Demons,Western Illinois Leathernecks,86,74,0,2,305,2710,58.9,37.7
2022-11-12,401485132,Georgetown Hoyas,Green Bay Phoenix,92,58,0,2,46,2739,61.3,38.9
2022-11-12,401485133,Seton Hall Pirates,Saint Peter's Peacocks,80,44,0,2,2550,2612,52.3,27.6
2022-11-12,401485134,St. John's Red Storm,Lafayette Leopards,83,68,0,2,2599,322,51.9,42.4
2022-11-12,401485298,Alabama Crimson Tide,Liberty Flames,95,59,0,2,333,2335,51.9,32.7
2022-11-12,401485300,Lipscomb Bisons,Campbellsville (HB) Pioneers,107,54,0,2,288,111921,58.5,34.9
2022-11-12,401485462,LSU Tigers,Arkansas State Red Wolves,61,52,0,2,99,2032,39.2,38.6
2022-11-12,401485510,East Tennessee State Buccaneers,Elon Phoenix,77,64,1,2,2193,2210,49.2,43.9
2022-11-12,401487289,Colorado State Rams,SE Louisiana Lions,80,69,0,2,36,2545,53.1,42.4
2022-11-12,401487297,Texas A&M-Corpus Christi Islanders,UTSA Roadrunners,75,55,0,2,357,2636,48.2,33.3
2022-11-12,401487319,Nevada Wolf Pack,Grand Canyon Lopes,59,46,0,2,2440,2253,35.3,29.1
2022-11-12,401487353,New Mexico Lobos,South Alabama Jaguars,80,74,0,2,167,6,43.9,50.8
2022-11-12,401487364,Dartmouth Big Green,Bryant Bulldogs,70,89,0,2,159,2803,47.2,52.5
2022-11-12,401487389,UNLV Rebels,Incarnate Word Cardinals,88,63,0,2,2439,2916,55.4,41.9
2022-11-12,401487399,Utah State Aggies,Bradley Braves,84,62,0,2,328,71,44.6,34.5
2022-11-12,401487470,Eastern Washington Eagles,Yale Bulldogs,60,74,1,2,331,43,40.4,45.3
2022-11-12,401487589,Hawai'i Rainbow Warriors,Mississippi Valley State Delta Devils,72,54,0,2,62,2400,39.4,42.9
2022-11-12,401487613,Dayton Flyers,SMU Mustangs,74,62,0,2,2168,2567,41.1,33.8
2022-11-12,401487626,Arkansas Razorbacks,Fordham Rams,74,48,0,2,8,2230,46.2,37.8
2022-11-12,401487636,George Mason Patriots,Longwood Lancers,83,69,0,2,2244,2344,54.7,47.5
2022-11-12,401487652,La Salle Explorers,Wagner Seahawks,77,69,0,2,2325,2681,45.7,36.9
2022-11-12,401487659,UIC Flames,Loyola Chicago Ramblers,63,70,0,2,82,2350,40.0,55.1
2022-11-12,401487663,Rhode Island Rams,Texas State Bobcats,66,70,0,2,227,326,40.9,51.9
2022-11-12,401487669,Richmond Spiders,Northern Iowa Panthers,68,55,0,2,257,2460,45.3,32.8
2022-11-12,401487711,Navy Midshipmen,Princeton Tigers,74,73,0,2,2426,163,53.1,53.6
2022-11-12,401488191,Oregon Ducks,UC Irvine Anteaters,56,69,0,2,2483,300,32.7,38.5
2022-11-12,401488540,UT Martin Skyhawks,Champion Christian Tigers,124,65,0,2,2630,3134,58.4,35.8
2022-11-12,401488701,Louisville Cardinals,Wright State Raiders,72,73,0,2,97,2750,50.8,47.7
2022-11-12,401488713,Tulane Green Wave,McNeese Cowboys,75,58,0,2,2655,2377,47.2,37.5
2022-11-12,401488793,Ohio Bobcats,Cleveland State Vikings,81,70,0,2,195,325,52.0,45.5
2022-11-12,401488801,Coppin State Eagles,Mount St. Mary's Mountaineers,83,78,0,2,2154,116,50.8,40.3
2022-11-12,401489021,Portland Pilots,Portland State Vikings,98,91,0,2,2501,2502,48.2,43.2
2022-11-12,401489029,Cal State Fullerton Titans,Pepperdine Waves,74,71,0,2,2239,2492,38.2,47.3
2022-11-12,401489051,San Diego State Aztecs,BYU Cougars,82,75,0,2,21,252,40.0,45.9
2022-11-12,401489061,Utah Valley Wolverines,Northern Arizona Lumberjacks,73,69,0,2,3084,2464,48.1,37.3
2022-11-12,401489480,California Baptist Lancers,NJIT Highlanders,59,43,0,2,2856,2885,47.6,39.0
2022-11-12,401489507,Drexel Dragons,Old Dominion Monarchs,71,59,0,2,2182,295,46.8,35.4
2022-11-12,401489515,Buffalo Bulls,James Madison Dukes,62,97,0,2,2084,256,32.1,51.8
2022-11-12,401489534,Coastal Carolina Chanticleers,Methodist Monarchs,110,47,0,2,324,291,55.4,32.8
2022-11-12,401489554,St. Thomas Tommies,Chicago State Cougars,83,61,0,2,2900,2130,63.3,37.7
2022-11-12,401489616,LSU New Orleans Privateers,St. Francis (IL) Fighting Saints,65,63,0,2,2443,2595,35.5,51.0
2022-11-12,401489655,East Carolina Pirates,Presbyterian Blue Hose,77,57,0,2,151,2506,41.8,33.9
2022-11-12,401489701,High Point Panthers,Wofford Terriers,91,80,0,2,2272,2747,53.4,39.7
2022-11-12,401489752,Winthrop Eagles,Middle Tennessee Blue Raiders,76,68,0,2,2737,2393,45.7,37.5
2022-11-12,401490545,Army Black Knights,Stonehill Skyhawks,77,82,0,2,349,284,43.1,52.5
2022-11-12,401491661,Maine Black Bears,Maine Fort Kent Bengals,90,45,0,2,311,554,56.1,29.1
2022-11-12,401491743,UNC Asheville Bulldogs,Brevard Tornados,94,46,0,2,2427,2913,61.4,27.5
2022-11-12,401491834,Hofstra Pride,Iona Gaels,83,78,0,2,2275,314,49.1,47.8
2022-11-12,401491860,UNC Wilmington Seahawks,Allen Yellow Jackets,104,55,0,2,350,2019,59.7,40.4
2022-11-12,401491870,Oral Roberts Golden Eagles,John Brown Golden Eagles,95,62,0,2,198,2301,47.3,33.8
2022-11-12,401492100,Washington Huskies,North Florida Ospreys,75,67,0,2,264,2454,40.3,34.3
2022-11-12,401492177,Wichita State Shockers,Alcorn State Braves,57,66,0,2,2724,2016,40.7,45.5
2022-11-12,401492255,Bucknell Bison,Niagara Purple Eagles,68,50,0,2,2083,315,50.0,38.8
2022-11-12,401492309,Maryland Eastern Shore Hawks,Bryn Athyn Lions,90,43,0,2,2379,109684,54.0,25.0
2022-11-12,401492445,Rider Broncs,The College of New Jersey Lions,87,50,0,2,2520,2442,50.7,37.3
2022-11-12,401492625,Oregon State Beavers,Florida A&M Rattlers,60,43,0,2,204,50,40.7,31.3
2022-11-12,401492645,Tulsa Golden Hurricane,Jackson State Tigers,85,79,0,2,202,2296,49.1,40.3
2022-11-12,401493492,Northern Colorado Bears,East Texas A&M Lions,80,77,0,2,2458,2837,51.1,47.5
2022-11-12,401493664,Oakland Golden Grizzlies,Bowling Green Falcons,82,87,0,2,2473,189,50.0,44.6
2022-11-12,401493667,Purdue Fort Wayne Mastodons,SIU Edwardsville Cougars,81,76,0,2,2870,2565,42.9,50.0
2022-11-12,401493700,Akron Zips,Mississippi State Bulldogs,54,73,1,2,2006,344,32.7,52.7
2022-11-12,401493706,Indiana State Sycamores,Ball State Cardinals,83,71,0,2,282,2050,50.8,41.7
2022-11-12,401493814,Southeast Missouri State Redhawks,Lyon Scots,83,46,0,2,2546,2358,46.5,29.2
2022-11-12,401493821,Tennessee State Tigers,South Carolina State Bulldogs,80,61,0,2,2634,2569,48.3,35.9
2022-11-12,401493835,Arizona Wildcats,Southern Jaguars,95,78,0,2,12,2582,54.5,36.2
2022-11-12,401493941,Samford Bulldogs,Belhaven Blazers,90,38,0,2,2535,2056,54.5,31.9
2022-11-12,401494364,Northern Kentucky Norse,Cincinnati Clermont Cougars,89,49,0,2,94,108799,51.5,35.4
2022-11-12,401494387,San José State Spartans,Bethesda Flames,90,68,0,2,23,3246,45.8,32.4
2022-11-12,401496631,South Dakota Coyotes,Dakota State Trojans,82,64,0,2,233,512,46.0,41.5
2022-11-12,401497509,Kentucky Wildcats,Duquesne Dukes,77,52,0,2,96,2184,45.9,30.3
2022-11-12,401502000,Miami (OH) RedHawks,Goshen Maple Leafs,87,44,0,2,193,3067,45.7,32.7
2022-11-13,401482922,Georgia State Panthers,Georgia Tech Yellow Jackets,57,59,0,2,2247,59,36.8,39.6
2022-11-13,401482956,Notre Dame Fighting Irish,Youngstown State Penguins,88,81,0,2,87,2754,60.0,50.8
2022-11-13,401482993,Virginia Tech Hokies,William & Mary Tribe,94,77,0,2,259,2729,55.9,50.0
2022-11-13,401483196,Missouri Tigers,Lindenwood Lions,82,53,0,2,142,2815,54.0,26.8
2022-11-13,401483231,Tennessee Volunteers,Colorado Buffaloes,66,78,1,2,2633,38,25.4,43.5
2022-11-13,401483267,Iowa State Cyclones,North Carolina A&T Aggies,80,43,0,2,66,2448,47.1,25.6
2022-11-13,401483433,Texas Southern Tigers,Arizona State Sun Devils,67,66,0,2,2640,9,39.7,34.3
2022-11-13,401485027,Davidson Wildcats,VMI Keydets,75,71,0,2,2166,2678,45.8,49.1
2022-11-13,401485135,Providence Friars,Northeastern Huskies,89,65,0,2,2507,111,58.6,39.0
2022-11-13,401485301,Morehead State Eagles,Bellarmine Knights,62,55,0,2,2413,91,29.4,33.3
2022-11-13,401485302,Florida Gulf Coast Eagles,Ave Maria Gyrenes,105,61,0,2,526,3178,50.6,35.0
2022-11-13,401486287,Elon Phoenix,Harvard Crimson,77,92,1,2,2210,108,44.6,50.9
2022-11-13,401486288,East Tennessee State Buccaneers,Louisiana Ragin' Cajuns,77,81,1,2,2193,309,43.5,49.2
2022-11-13,401487153,UTEP Miners,New Mexico State Aggies,67,64,0,2,2638,166,44.6,44.6
2022-11-13,401487329,Loyola Maryland Greyhounds,Brown Bears,75,70,0,2,2352,225,42.0,59.1
2022-11-13,401487365,Dartmouth Big Green,MCLA Mohawks,107,52,0,2,159,343,58.2,33.9
2022-11-13,401487450,Pennsylvania Quakers,Towson Tigers,74,80,0,2,219,119,45.9,44.4
2022-11-13,401487488,Central Connecticut Blue Devils,Quinnipiac Bobcats,70,72,0,2,2115,2514,36.5,45.6
2022-11-13,401487518,Fairleigh Dickinson Knights,Manhattan Jaspers,77,74,0,2,161,2363,46.3,47.5
2022-11-13,401487637,George Mason Patriots,American University Eagles,73,56,0,2,2244,44,50.0,36.1
2022-11-13,401487682,Saint Louis Billikens,Evansville Purple Aces,83,65,0,2,139,339,50.8,33.3
2022-11-13,401487691,Canisius Golden Griffins,St. Bonaventure Bonnies,84,80,0,2,2099,179,46.4,45.3
2022-11-13,401487703,VCU Rams,Morgan State Bears,69,54,0,2,2670,2415,50.0,33.3
2022-11-13,401487713,UC San Diego Tritons,Sacramento State Hornets,55,65,0,2,28,16,38.2,40.4
2022-11-13,401488200,Loyola Marymount Lions,UC Davis Aggies,85,75,0,2,2351,302,45.7,47.5
2022-11-13,401488828,Omaha Mavericks,Idaho Vandals,79,72,0,2,2437,70,48.2,46.8
2022-11-13,401489030,Pepperdine Waves,Alabama State Hornets,91,62,0,2,2492,2011,52.4,33.3
2022-11-13,401489035,North Dakota State Bison,Pacific Tigers,86,91,0,2,2449,279,46.6,52.4
2022-11-13,401489067,Utah Tech Trailblazers,Cal State Northridge Matadors,69,63,0,2,3101,2463,45.7,34.3
2022-11-13,401489077,UT Rio Grande Valley Vaqueros,Southwestern Adventist Knights,115,33,0,2,292,2903,52.6,18.0
2022-11-13,401489087,UT Arlington Mavericks,Southwestern U Pirates,103,61,0,2,250,2588,47.0,40.0
2022-11-13,401489094,Southern Utah Thunderbirds,Saint Katherine SAINT KATHERINE,91,48,0,2,253,3249,50.8,32.1
2022-11-13,401489101,Seattle U Redhawks,Portland State Vikings,83,71,0,2,2547,2502,43.4,32.8
2022-11-13,401489527,Georgia Southern Eagles,Trinity College of Jacksonville Eagles,53,32,0,2,290,3174,38.8,20.4
2022-11-13,401489555,St. Thomas Tommies,St. Francis Brooklyn Terriers,84,48,0,2,2900,2597,55.9,30.5
2022-11-13,401489622,Siena Saints,UAlbany Great Danes,75,62,0,2,2561,399,42.6,38.9
2022-11-13,401489628,Northwestern State Demons,Illinois State Redbirds,67,69,0,2,2466,2287,42.4,54.1
2022-11-13,401489632,Wyoming Cowboys,SE Louisiana Lions,72,76,0,2,2751,2545,31.3,48.3
2022-11-13,401489672,Cincinnati Bearcats,Eastern Kentucky Colonels,87,69,0,2,2132,2198,43.5,40.6
2022-11-13,401489683,Western Carolina Catamounts,Brescia Bearcats,112,45,0,2,2717,2855,50.7,21.1
2022-11-13,401491279,Colgate Raiders,Wells College Express,93,60,0,2,2142,124846,48.7,43.6
2022-11-13,401491650,Marist Red Foxes,Binghamton Bearcats,75,78,0,2,2368,2066,41.4,48.2
2022-11-13,401491666,San Diego Toreros,NJIT Highlanders,74,64,0,2,301,2885,40.0,39.6
2022-11-13,401491727,Longwood Lancers,Pfeiffer Falcons,100,68,0,2,2344,2945,56.9,36.8
2022-11-13,401491806,Western Kentucky Hilltoppers,Kentucky State Thorobreds,127,61,0,2,98,2310,63.4,26.6
2022-11-13,401491829,Hampton Pirates,Regent Royals,89,60,0,2,2261,111926,38.6,31.7
2022-11-13,401492096,Boise State Broncos,Washington State Cougars,71,61,1,2,68,265,44.8,34.9
2022-11-13,401492364,Sacred Heart Pioneers,Columbia Lions,88,85,0,2,2529,171,47.8,46.4
2022-11-13,401492376,Southern Indiana Screaming Eagles,Southern Illinois Salukis,71,53,0,2,88,79,52.1,32.8
2022-11-13,401492618,Oakland Golden Grizzlies,Oklahoma State Cowboys,62,91,0,2,2473,197,36.7,54.7
2022-11-13,401493634,Milwaukee Panthers,Cardinal Stritch Wolves,112,38,0,2,270,2100,53.2,21.9
2022-11-13,401493751,Valparaiso Beacons,Western Michigan Broncos,81,65,0,2,2674,2711,50.0,35.5
2022-11-13,401493774,Murray State Racers,Lindsey Wilson Blue Raiders,90,53,0,2,93,2877,57.6,41.5
2022-11-13,401493785,Saint Francis Red Wolves,Hartford Hawks,77,53,0,2,2598,42,51.8,32.3
2022-11-13,401493791,Central Michigan Chippewas,Eastern Illinois Panthers,76,60,0,2,2117,2197,49.2,31.0
2022-11-13,401493933,San Francisco Dons,UC Merced Bobcats,88,71,0,2,2539,3185,46.4,45.2
2022-11-13,401494404,Mississippi State Bulldogs,Arkansas-Pine Bluff Golden Lions,80,47,0,2,344,2029,46.8,29.5
2022-11-13,401496932,Lehigh Mountain Hawks,Misericordia Cougars,97,58,0,2,2329,111902,45.6,33.9
2022-11-13,401497565,Howard Bison,Gallaudet Bison,108,56,0,2,47,417,62.3,40.5
2022-11-14,401482891,Boston College Eagles,Maine Black Bears,64,69,0,2,103,311,41.4,44.8
2022-11-14,401484364,Villanova Wildcats,Delaware State Hornets,60,50,0,2,222,2169,37.0,44.4
2022-11-14,401485303,Bellarmine Knights,Campbellsville (HB) Pioneers,86,46,0,2,91,111921,57.1,36.2
2022-11-14,401487471,Yale Bulldogs,Mississippi Valley State Delta Devils,80,51,1,2,43,2400,50.8,34.0
2022-11-14,401487569,Long Island University Sharks,Mount Saint Vincent MOUNT SAINT VINCENT,111,50,0,2,112358,329,58.6,29.7
2022-11-14,401487610,Hawai'i Rainbow Warriors,Eastern Washington Eagles,71,51,0,2,62,331,44.6,38.8
2022-11-14,401488210,Long Beach State Beach,Montana State Bobcats,57,70,0,2,299,147,40.4,40.0
2022-11-14,401489014,Saint Mary's Gaels,North Texas Mean Green,63,33,0,2,2608,249,49.0,23.5
2022-11-14,401489678,Cal State Fullerton Titans,Vermont Catamounts,94,85,0,2,2239,261,46.7,42.0
2022-11-14,401489707,UMBC Retrievers,Princeton Tigers,64,94,0,2,2378,163,35.4,57.8
2022-11-15,401479694,Penn State Nittany Lions,Butler Bulldogs,68,62,0,2,213,2086,45.8,34.3
2022-11-15,401479695,Minnesota Golden Gophers,DePaul Blue Demons,53,69,0,2,135,305,33.3,43.8
2022-11-15,401479697,Georgetown Hoyas,Northwestern Wildcats,63,75,0,2,46,77,42.1,40.3
2022-11-15,401482916,Florida State Seminoles,Troy Trojans,72,79,0,2,52,2653,45.5,41.5
2022-11-15,401483032,Florida Gators,Florida Atlantic Owls,74,76,0,2,57,2226,38.2,42.0
2022-11-15,401483051,Georgia Bulldogs,Miami (OH) RedHawks,77,70,0,2,61,193,39.7,43.9
2022-11-15,401483263,Baylor Bears,Northern Colorado Bears,95,62,0,2,239,2458,52.9,37.5
2022-11-15,401483300,TCU Horned Frogs,Northwestern State Demons,63,64,0,2,2628,2466,35.6,44.1
2022-11-15,401483321,Texas Tech Red Raiders,Louisiana Tech Bulldogs,64,55,0,2,2641,2348,50.0,37.7
2022-11-15,401483339,Illinois Fighting Illini,Monmouth Hawks,103,65,0,2,356,2405,59.7,42.9
2022-11-15,401483463,UCLA Bruins,Norfolk State Spartans,86,56,0,2,26,2450,57.1,47.3
2022-11-15,401483481,Utah Utes,Idaho State Bengals,70,58,0,2,254,304,45.3,34.9
2022-11-15,401485136,Creighton Bluejays,Holy Cross Crusaders,94,65,0,2,156,107,57.8,40.3
2022-11-15,401485138,Providence Friars,Stonehill Skyhawks,100,76,0,2,2507,284,53.7,53.4
2022-11-15,401485304,Central Arkansas Bears,Little Rock Trojans,82,71,0,2,2110,2031,46.4,39.7
2022-11-15,401485305,Liberty Flames,North Carolina Central Eagles,79,63,0,2,2335,2428,52.5,42.3
2022-11-15,401485306,Lipscomb Bisons,Belmont Bruins,77,75,0,2,288,2057,53.4,46.8
2022-11-15,401486937,Charlotte 49ers,Maryland Eastern Shore Hawks,80,47,0,2,2429,2379,56.9,26.9
2022-11-15,401487277,Air Force Falcons,East Texas A&M Lions,69,73,0,2,2005,2837,45.3,41.0
2022-11-15,401487290,Colorado State Rams,Weber State Wildcats,77,52,0,2,36,2692,53.7,33.9
2022-11-15,401487298,UTSA Roadrunners,St. Mary's (TX) Rattlers,66,59,0,2,2636,2610,45.5,36.8
2022-11-15,401487400,Utah State Aggies,Santa Clara Broncos,96,74,0,2,328,2541,51.4,40.0
2022-11-15,401487472,Hawai'i Rainbow Warriors,Yale Bulldogs,59,62,0,2,62,43,32.8,37.5
2022-11-15,401487611,Mississippi Valley State Delta Devils,Eastern Washington Eagles,52,60,1,2,2400,331,36.4,36.2
2022-11-15,401487645,Hofstra Pride,George Washington Revolutionaries,85,80,0,2,2275,45,50.8,54.7
2022-11-15,401487670,Charleston Cougars,Richmond Spiders,92,90,0,2,232,257,44.4,44.4
2022-11-15,401487677,Saint Joseph's Hawks,Lafayette Leopards,63,59,0,2,2603,322,42.0,42.9
2022-11-15,401487719,Coppin State Eagles,Navy Midshipmen,75,68,0,2,2154,2426,39.0,45.5
2022-11-15,401488642,Houston Cougars,Oral Roberts Golden Eagles,83,45,0,2,248,198,51.7,22.6
2022-11-15,401488663,Louisville Cardinals,App State Mountaineers,60,61,0,2,97,2026,39.1,38.1
2022-11-15,401488667,UCF Knights,Western Illinois Leathernecks,70,37,0,2,2116,2710,47.5,27.8
2022-11-15,401488719,South Florida Bulls,Stetson Hatters,67,68,0,2,58,56,45.0,45.1
2022-11-15,401488811,Kent State Golden Flashes,Portland Pilots,77,65,0,2,2309,2501,47.6,40.8
2022-11-15,401489068,Washington Huskies,Utah Tech Trailblazers,78,67,0,2,264,3101,55.1,40.6
2022-11-15,401489078,UT Rio Grande Valley Vaqueros,St. Francis (IL) Fighting Saints,77,51,0,2,292,2595,50.9,33.9
2022-11-15,401489095,Southern Utah Thunderbirds,Bethesda Flames,126,67,0,2,253,3246,59.8,38.6
2022-11-15,401489491,UL Monroe Warhawks,Central Baptist Mustangs,105,56,0,2,2433,3079,62.3,30.8
2022-11-15,401489499,Southern Miss Golden Eagles,Loyola New Orleans Wolfpack,86,62,0,2,2572,100,48.5,49.1
2022-11-15,401489508,Old Dominion Monarchs,Virginia Wesleyan Blue Marlins,72,58,0,2,295,2672,42.1,33.8
2022-11-15,401489543,Arkansas State Red Wolves,Lyon Scots,82,58,0,2,2032,2358,50.0,41.5
2022-11-15,401489583,Kansas City Roos,Calvary Warriors,113,54,0,2,140,111176,54.4,32.3
2022-11-15,401489589,Denver Pioneers,Sacramento State Hornets,69,73,0,2,2172,16,50.0,51.9
2022-11-15,401489597,Houston Christian Huskies,Champion Christian Tigers,119,97,0,2,2277,3134,65.8,44.3
2022-11-15,401489608,Lamar Cardinals,Huston Tillotson Rams,98,69,0,2,2320,2281,54.4,35.6
2022-11-15,401489623,UAlbany Great Danes,Union Garnet Chargers,87,75,0,2,399,2785,50.0,47.5
2022-11-15,401489638,Texas A&M-Corpus Christi Islanders,Trinity (TX) Tigers,91,73,0,2,357,386,44.1,36.0
2022-11-15,401489702,Drake Bulldogs,Wofford Terriers,80,72,0,2,2181,2747,50.8,47.3
2022-11-15,401490510,Saint Francis Red Wolves,Cornell Big Red,77,80,0,2,2598,172,45.3,53.4
2022-11-15,401491738,Radford Highlanders,Bridgewater Eagles,97,46,0,2,2515,2079,55.2,38.3
2022-11-15,401491876,Marshall Thundering Herd,Tennessee Tech Golden Eagles,91,65,0,2,276,2635,49.4,44.1
2022-11-15,401492203,Bethune-Cookman Wildcats,Florida National Conquistadors,71,57,0,2,2065,107730,52.8,35.3
2022-11-15,401492243,Boston University Terriers,Johnson & Wales Griffins,96,51,0,2,104,353,55.9,32.8
2022-11-15,401492627,Wagner Seahawks,Neumann Knights,82,52,0,2,2681,422,41.9,28.6
2022-11-15,401493502,Chicago State Cougars,IU Indianapolis Jaguars,68,58,0,2,2130,85,48.1,37.9
2022-11-15,401493668,Purdue Fort Wayne Mastodons,Manchester Spartans,111,31,0,2,2870,2362,55.7,17.3
2022-11-15,401493683,Youngstown State Penguins,Grace Christian Tigers,96,68,0,2,2754,126822,55.4,38.5
2022-11-15,401493742,Northern Illinois Huskies,Purdue Northwest Pride,99,73,0,2,2459,368,60.6,43.5
2022-11-15,401493778,UIC Flames,Jacksonville State Gamecocks,67,60,0,2,82,55,34.5,37.5
2022-11-15,401493822,Tennessee State Tigers,Alabama A&M Bulldogs,87,76,0,2,2634,2010,47.6,43.8
2022-11-15,401496875,Duquesne Dukes,South Carolina State Bulldogs,96,71,0,2,2184,2569,47.3,38.8
2022-11-15,401499512,Sam Houston Bearkats,LeTourneau Yellow Jackets,84,48,0,2,2534,2326,42.7,23.1
2022-11-15,401500562,Kennesaw State Owls,Brewton Parker Wildcats,95,36,0,2,338,2077,48.6,21.7
2022-11-15,401500563,North Alabama Lions,Blue Mountain Christian Toppers,100,60,0,2,2453,494,58.7,42.6
2022-11-15,401500564,Austin Peay Governors,Milligan Buffaloes,98,74,0,2,2046,2397,53.5,43.1
2022-11-16,401479696,Purdue Boilermakers,Marquette Golden Eagles,75,70,0,2,2509,269,48.2,37.5
2022-11-16,401482899,Clemson Tigers,South Carolina Upstate Spartans,81,70,0,2,228,2908,56.4,52.2
2022-11-16,401482908,Kansas Jayhawks,Duke Blue Devils,69,64,1,2,2305,150,46.3,35.8
2022-11-16,401482931,Miami Hurricanes,Florida A&M Rattlers,87,61,0,2,2390,50,53.0,49.1
2022-11-16,401482940,NC State Wolfpack,Florida International Panthers,107,74,0,2,152,2229,51.3,53.4
2022-11-16,401482949,North Carolina Tar Heels,Gardner-Webb Runnin' Bulldogs,72,66,0,2,153,2241,38.3,41.3
2022-11-16,401482967,Pittsburgh Panthers,Michigan Wolverines,60,91,1,2,221,130,42.0,58.3
2022-11-16,401482975,Syracuse Orange,Colgate Raiders,68,80,0,2,183,2142,38.1,46.7
2022-11-16,401483001,Wake Forest Demon Deacons,Utah Valley Wolverines,68,65,0,2,154,3084,32.3,33.3
2022-11-16,401483041,Auburn Tigers,Winthrop Eagles,89,65,0,2,2,2737,46.6,36.1
2022-11-16,401483165,Michigan State Spartans,Kentucky Wildcats,86,77,1,2,127,96,40.6,38.6
2022-11-16,401483197,Missouri Tigers,SIU Edwardsville Cougars,105,80,0,2,142,2565,59.7,39.7
2022-11-16,401483208,Ole Miss Rebels,Chattanooga Mocs,70,58,0,2,145,236,49.2,36.2
2022-11-16,401483249,Temple Owls,Vanderbilt Commodores,87,89,0,2,218,238,47.5,54.3
2022-11-16,401483292,Oklahoma Sooners,UNC Wilmington Seahawks,74,53,0,2,201,350,53.1,35.1
2022-11-16,401483329,West Virginia Mountaineers,Morehead State Eagles,75,57,0,2,277,2413,46.8,40.0
2022-11-16,401483359,Maryland Terrapins,Binghamton Bearcats,76,52,0,2,120,2066,48.4,34.4
2022-11-16,401483422,Wisconsin Badgers,Green Bay Phoenix,56,45,0,2,275,2739,30.2,34.1
2022-11-16,401483444,UC San Diego Tritons,California Golden Bears,64,62,0,2,28,25,41.1,43.5
2022-11-16,401483472,USC Trojans,Vermont Catamounts,59,57,0,2,30,261,35.8,36.8
2022-11-16,401484368,Saint Louis Billikens,Memphis Tigers,90,84,0,2,139,235,46.7,40.0
2022-11-16,401485021,Stanford Cardinal,San Diego State Aztecs,62,74,0,2,24,21,40.4,51.0
2022-11-16,401485137,UConn Huskies,Buffalo Bulls,84,64,0,2,41,2084,44.4,43.1
2022-11-16,401485139,St. John's Red Storm,Central Connecticut Blue Devils,91,74,0,2,2599,2115,55.1,50.9
2022-11-16,401485140,Xavier Musketeers,Fairfield Stags,78,65,0,2,2752,2217,52.6,36.1
2022-11-16,401485307,La Salle Explorers,Queens University Royals,72,60,0,2,2325,2511,41.2,40.8
2022-11-16,401487105,Middle Tennessee Blue Raiders,Rice Owls,81,46,0,2,2393,242,51.8,39.5
2022-11-16,401487154,UTEP Miners,Sul Ross State Lobos,99,59,0,2,2638,2834,59.1,45.8
2022-11-16,401487320,Nevada Wolf Pack,Jessup Warriors,98,54,0,2,2440,3078,52.5,33.3
2022-11-16,401487354,SMU Mustangs,New Mexico Lobos,63,84,0,2,2567,167,35.9,52.5
2022-11-16,401487366,Quinnipiac Bobcats,Dartmouth Big Green,81,72,0,2,2514,159,47.0,43.3
2022-11-16,401487390,UNLV Rebels,Dayton Flyers,60,52,0,2,2439,2168,39.2,36.4
2022-11-16,401487451,Drexel Dragons,Pennsylvania Quakers,59,64,0,2,2182,219,37.9,41.8
2022-11-16,401487627,Fordham Rams,New Hampshire Wildcats,79,61,0,2,2230,160,44.4,31.9
2022-11-16,401487664,Rhode Island Rams,Stony Brook Seawolves,74,64,0,2,227,2619,43.9,37.0
2022-11-16,401487692,South Dakota State Jackrabbits,St. Bonaventure Bonnies,66,62,1,2,2571,179,43.2,38.1
2022-11-16,401488192,UC Irvine Anteaters,Loyola Marymount Lions,79,64,0,2,300,2351,45.9,41.8
2022-11-16,401488381,South Alabama Jaguars,Alabama Crimson Tide,55,65,0,2,6,333,29.6,32.4
2022-11-16,401488541,UT Martin Skyhawks,Harris Stowe State Hornets,96,53,0,2,2630,534,48.6,33.3
2022-11-16,401488644,Texas Southern Tigers,Oral Roberts Golden Eagles,64,82,0,2,2640,198,35.1,45.8
2022-11-16,401488802,Mount St. Mary's Mountaineers,McDaniel Green Terror,60,38,0,2,116,14632,40.3,26.4
2022-11-16,401488812,Kent State Golden Flashes,Arkansas-Pine Bluff Golden Lions,94,68,0,2,2309,2029,46.3,40.0
2022-11-16,401489005,Bradley Braves,Eastern Michigan Eagles,89,61,0,2,71,2199,53.4,43.1
2022-11-16,401489036,North Dakota Fighting Hawks,Pacific Tigers,63,93,0,2,155,279,36.5,62.3
2022-11-16,401489088,UT Arlington Mavericks,Hardin Simmons Cowboys,100,59,0,2,250,2810,49.4,36.9
2022-11-16,401489481,California Baptist Lancers,Cal State Northridge Matadors,62,55,0,2,2856,2463,35.5,41.8
2022-11-16,401489516,Howard Bison,James Madison Dukes,69,95,0,2,47,256,49.2,59.4
2022-11-16,401489521,Georgia State Panthers,Mercer Bears,85,83,0,2,2247,2382,43.9,50.8
2022-11-16,401489600,Incarnate Word Cardinals,Texas Lutheran Bulldogs,84,47,0,2,2916,2639,51.5,30.8
2022-11-16,401489692,UMass Lowell River Hawks,Sacred Heart Pioneers,90,81,0,2,2349,2529,50.7,40.8
2022-11-16,401491688,Oregon Ducks,Montana State Bobcats,81,51,0,2,2483,147,53.3,32.2
2022-11-16,401491692,Northern Arizona Lumberjacks,Benedictine Mesa Redhawks,105,49,0,2,2464,110031,51.3,29.8
2022-11-16,401491723,High Point Panthers,Lees McRae Bobcats,100,83,0,2,2272,2327,46.6,40.0
2022-11-16,401491807,Western Kentucky Hilltoppers,Indianapolis Greyhounds,68,50,0,2,98,2292,39.4,29.7
2022-11-16,401491902,San José State Spartans,Alabama State Hornets,70,57,0,2,23,2011,49.0,34.4
2022-11-16,401492178,Stephen F. Austin Lumberjacks,Alcorn State Braves,60,69,0,2,2617,2016,38.9,44.4
2022-11-16,401492256,Saint Peter's Peacocks,Bucknell Bison,82,71,0,2,2612,2083,51.6,54.5
2022-11-16,401493678,Wright State Raiders,Bowling Green Falcons,80,71,0,2,2750,189,53.3,39.1
2022-11-16,401493701,Akron Zips,Morgan State Bears,65,59,0,2,2006,2415,36.1,37.5
2022-11-16,401493954,Abilene Christian Wildcats,McMurry War Hawks,104,46,0,2,2000,241,60.3,30.6
2022-11-16,401494599,Prairie View A&M Panthers,Washington State Cougars,70,59,0,2,2504,265,45.9,31.8
2022-11-16,401496647,Pepperdine Waves,Vanguard Lions,94,80,0,2,2492,2585,57.6,40.5
2022-11-16,401496895,The Citadel Bulldogs,Morris Hornets,109,66,0,2,2643,571,47.0,28.0
2022-11-16,401497115,Oregon State Beavers,Bushnell Beacons,83,66,0,2,204,3142,52.3,32.8
2022-11-17,401479698,Seton Hall Pirates,Iowa Hawkeyes,67,83,0,2,2550,2294,35.8,43.1
2022-11-17,401479699,St. John's Red Storm,Nebraska Cornhuskers,70,50,0,2,2599,158,39.2,29.7
2022-11-17,401482957,Notre Dame Fighting Irish,Southern Indiana Screaming Eagles,82,70,0,2,87,88,47.2,41.3
2022-11-17,401482994,Virginia Tech Hokies,Old Dominion Monarchs,75,71,1,2,259,295,44.6,40.8
2022-11-17,401483217,South Carolina Gamecocks,Colorado State Rams,53,85,1,2,2579,36,31.1,58.3
2022-11-17,401483232,Tennessee Volunteers,Florida Gulf Coast Eagles,81,50,0,2,2633,526,49.0,30.4
2022-11-17,401483238,Texas A&M Aggies,Murray State Racers,79,88,1,2,245,93,38.0,50.0
2022-11-17,401483283,Kansas State Wildcats,Kansas City Roos,69,53,0,2,2306,140,41.4,40.8
2022-11-17,401483310,Texas Longhorns,Gonzaga Bulldogs,93,74,0,2,251,2250,51.5,49.0
2022-11-17,401483393,Ohio State Buckeyes,Eastern Illinois Panthers,65,43,0,2,194,2197,40.4,25.0
2022-11-17,401483400,Penn State Nittany Lions,Furman Paladins,73,68,1,2,213,231,45.8,42.2
2022-11-17,401483434,Arizona State Sun Devils,VCU Rams,63,59,1,2,9,2670,36.2,35.3
2022-11-17,401483454,Massachusetts Minutemen,Colorado Buffaloes,66,63,1,2,113,38,47.2,34.2
2022-11-17,401485142,Butler Bulldogs,Saint Francis Red Wolves,95,67,0,2,2086,2598,70.4,45.8
2022-11-17,401486707,UAB Blazers,Presbyterian Blue Hose,92,61,0,2,5,2506,55.7,34.4
2022-11-17,401487409,Northeastern Huskies,Harvard Crimson,69,70,0,2,111,108,41.2,50.0
2022-11-17,401488643,Houston Cougars,Texas Southern Tigers,83,48,0,2,248,2640,51.7,36.7
2022-11-17,401488714,Tulane Green Wave,Charleston Southern Buccaneers,99,79,0,2,2655,2127,54.2,41.1
2022-11-17,401488794,Canisius Golden Griffins,Cleveland State Vikings,57,58,0,2,2099,325,36.2,49.1
2022-11-17,401488829,Idaho Vandals,Cal State Bakersfield Roadrunners,43,52,0,2,70,2934,32.6,37.3
2022-11-17,401489015,Saint Mary's Gaels,Southern Jaguars,72,54,0,2,2608,2582,43.4,38.5
2022-11-17,401489052,BYU Cougars,Missouri State Bears,66,64,0,2,252,2623,41.1,39.3
2022-11-17,401489565,Omaha Mavericks,Ball State Cardinals,61,71,0,2,2437,2050,35.0,41.5
2022-11-17,401489656,East Carolina Pirates,Hampton Pirates,82,73,0,2,151,2261,40.0,42.6
2022-11-17,401489673,Northern Kentucky Norse,Cincinnati Bearcats,64,51,0,2,94,2132,51.1,33.9
2022-11-17,401490464,Columbia Lions,Delaware State Hornets,70,65,0,2,171,2169,40.0,51.8
2022-11-17,401490524,American University Eagles,William & Mary Tribe,71,64,0,2,44,2729,49.0,42.0
2022-11-17,401490546,Siena Saints,Army Black Knights,94,96,0,2,2561,349,54.0,61.7
2022-11-17,401491695,Portland State Vikings,Evergreen State Geoducks,113,40,0,2,2502,2866,54.7,16.1
2022-11-17,401491739,Radford Highlanders,Averett Cougars,79,34,0,2,2515,2047,50.9,24.2
2022-11-17,401491866,Detroit Mercy Titans,Ohio Bobcats,88,74,0,2,2174,195,51.7,45.3
2022-11-17,401491890,Evansville Purple Aces,Southeast Missouri State Redhawks,61,67,0,2,339,2546,32.3,41.8
2022-11-17,401492204,Bethune-Cookman Wildcats,Trinity College of Jacksonville Eagles,83,46,0,2,2065,3174,54.8,30.4
2022-11-17,401492435,Lehigh Mountain Hawks,Marist Red Foxes,64,54,0,2,2329,2368,37.7,28.1
2022-11-17,401493618,Chicago State Cougars,Valparaiso Beacons,87,74,0,2,2130,2674,54.3,48.3
2022-11-17,401493665,Toledo Rockets,Oakland Golden Grizzlies,112,90,0,2,2649,2473,61.6,41.6
2022-11-17,401493673,Robert Morris Colonials,West Virginia Wesleyan Bobcats,111,56,0,2,2523,455,62.5,37.5
2022-11-17,401493934,Fresno State Bulldogs,San Francisco Dons,60,67,0,2,278,2539,33.9,38.1
2022-11-17,401496630,Arkansas Razorbacks,South Dakota State Jackrabbits,71,56,0,2,8,2571,45.9,32.1
2022-11-17,401496937,North Carolina Central Eagles,Mid Atlantic Christian Mustangs,109,50,0,2,2428,108806,63.6,34.6
2022-11-18,401479700,Xavier Musketeers,Indiana Hoosiers,79,81,0,2,2752,84,43.8,51.7
2022-11-18,401479941,Stetson Hatters,Rider Broncs,78,68,1,2,56,2520,42.2,37.3
2022-11-18,401479942,Niagara Purple Eagles,Central Arkansas Bears,73,64,1,2,315,2110,54.7,35.9
2022-11-18,401482923,Georgia Tech Yellow Jackets,Northern Illinois Huskies,68,50,0,2,59,2459,39.1,26.9
2022-11-18,401483002,Wake Forest Demon Deacons,La Salle Explorers,75,63,1,2,154,2325,44.6,39.6
2022-11-18,401483190,Mississippi State Bulldogs,South Dakota Coyotes,79,42,0,2,344,233,47.2,29.6
2022-11-18,401483301,TCU Horned Frogs,UL Monroe Warhawks,95,60,0,2,2628,2433,53.1,30.3
2022-11-18,401483373,Minnesota Golden Gophers,Central Michigan Chippewas,68,60,0,2,135,2117,47.9,30.6
2022-11-18,401483414,Rutgers Scarlet Knights,Temple Owls,66,72,1,2,164,218,38.3,41.1
2022-11-18,401483482,Utah Utes,Sam Houston Bearkats,55,65,0,2,254,2534,43.5,38.7
2022-11-18,401485010,Monmouth Hawks,Norfolk State Spartans,59,64,0,2,2405,2450,33.8,40.0
2022-11-18,401485028,Longwood Lancers,VMI Keydets,90,58,0,2,2344,2678,51.6,35.2
2022-11-18,401485141,Creighton Bluejays,UC Riverside Highlanders,80,51,0,2,156,27,52.5,35.5
2022-11-18,401485143,Marquette Golden Eagles,Long Island University Sharks,95,58,0,2,269,112358,50.0,31.7
2022-11-18,401485144,Georgetown Hoyas,Loyola Marymount Lions,66,84,1,2,46,2351,37.9,47.8
2022-11-18,401485309,Green Bay Phoenix,Queens University Royals,65,81,1,2,2739,2511,47.8,50.0
2022-11-18,401485463,LSU Tigers,LSU New Orleans Privateers,91,62,0,2,99,2443,51.7,46.0
2022-11-18,401485511,East Tennessee State Buccaneers,Little Rock Trojans,84,76,0,2,2193,2031,51.8,46.8
2022-11-18,401486295,VCU Rams,Pittsburgh Panthers,71,67,1,2,2670,221,40.8,42.1
2022-11-18,401486296,Arizona State Sun Devils,Michigan Wolverines,87,62,1,2,9,130,60.4,33.9
2022-11-18,401486297,Charleston Cougars,Davidson Wildcats,89,66,0,2,232,2166,45.8,43.1
2022-11-18,401486298,Virginia Tech Hokies,Penn State Nittany Lions,61,59,1,2,259,213,44.8,41.1
2022-11-18,401486299,Old Dominion Monarchs,Furman Paladins,82,77,1,2,295,231,64.6,45.8
2022-11-18,401486300,Charleston Cougars,Colorado State Rams,74,64,0,2,232,36,37.3,45.9
2022-11-18,401486322,Charlotte 49ers,Boise State Broncos,54,42,1,2,2429,68,43.4,31.5
2022-11-18,401486323,Tulsa Golden Hurricane,Loyola Chicago Ramblers,85,66,1,2,202,2350,48.1,45.3
2022-11-18,401486325,Texas A&M Aggies,Colorado Buffaloes,75,103,1,2,245,38,40.0,57.6
2022-11-18,401486326,Murray State Racers,Massachusetts Minutemen,69,71,1,2,93,113,45.6,32.4
2022-11-18,401486440,Drake Bulldogs,Buffalo Bulls,80,72,1,2,2181,2084,49.2,43.1
2022-11-18,401486441,Wyoming Cowboys,Howard Bison,78,71,1,2,2751,47,61.7,45.8
2022-11-18,401486442,Belmont Bruins,Tarleton State Texans,81,89,1,2,2057,2627,50.9,52.0
2022-11-18,401486708,Saint Joseph's Hawks,UAlbany Great Danes,99,79,0,2,2603,399,56.4,41.7
2022-11-18,401486709,South Florida Bulls,Austin Peay Governors,60,62,0,2,58,2046,41.4,38.5
2022-11-18,401487278,Air Force Falcons,Portland Pilots,51,64,0,2,2005,2501,33.3,37.0
2022-11-18,401487299,UTSA Roadrunners,Texas State Bobcats,61,56,0,2,2636,326,42.9,34.4
2022-11-18,401487330,Brown Bears,Stony Brook Seawolves,64,53,0,2,225,2619,32.3,40.4
2022-11-18,401487401,San Diego Toreros,Utah State Aggies,89,91,0,2,301,328,41.3,51.7
2022-11-18,401487619,Duquesne Dukes,Colgate Raiders,85,80,1,2,2184,2142,50.8,43.5
2022-11-18,401488634,Kennesaw State Owls,SE Louisiana Lions,72,68,1,2,338,2545,44.6,45.1
2022-11-18,401488645,Georgia State Panthers,Eastern Kentucky Colonels,61,62,0,2,2247,2198,49.0,40.3
2022-11-18,401488676,McNeese Cowboys,Western Carolina Catamounts,69,88,0,2,2377,2717,43.1,54.0
2022-11-18,401488682,Lindenwood Lions,Lamar Cardinals,71,73,1,2,2815,2320,41.0,43.8
2022-11-18,401488694,UMBC Retrievers,Lafayette Leopards,71,63,0,2,2378,322,43.1,49.0
2022-11-18,401489069,Arizona Wildcats,Utah Tech Trailblazers,104,77,0,2,12,3101,63.6,36.1
2022-11-18,401489079,Texas A&M-Corpus Christi Islanders,UT Rio Grande Valley Vaqueros,97,75,0,2,357,292,48.6,65.0
2022-11-18,401489482,Washington Huskies,California Baptist Lancers,64,73,0,2,264,2856,39.7,51.1
2022-11-18,401489556,Montana Grizzlies,St. Thomas Tommies,78,59,1,2,149,2900,42.1,34.0
2022-11-18,401489572,Indiana State Sycamores,North Dakota State Bison,101,75,0,2,282,2449,49.3,41.5
2022-11-18,401489577,Elon Phoenix,North Dakota Fighting Hawks,73,77,0,2,2210,155,45.8,44.8
2022-11-18,401489629,Illinois State Redbirds,Northwestern State Demons,67,70,0,2,2287,2466,45.3,45.3
2022-11-18,401489663,UNC Greensboro Spartans,Towson Tigers,53,56,0,2,2430,119,28.6,42.3
2022-11-18,401489715,Florida Atlantic Owls,Bryant Bulldogs,85,74,0,2,2226,2803,41.9,37.1
2022-11-18,401490428,Tennessee Tech Golden Eagles,Coppin State Eagles,85,90,0,2,2635,2154,40.8,49.2
2022-11-18,401491223,Loyola Maryland Greyhounds,Washington Maryland Shoremen,81,53,0,2,2352,2689,47.0,35.8
2022-11-18,401491821,Drexel Dragons,Arcadia ARCADIA,85,45,0,2,2182,407,44.7,38.8
2022-11-18,401491877,Miami (OH) RedHawks,Marshall Thundering Herd,69,95,0,2,193,276,30.8,56.1
2022-11-18,401492244,Boston University Terriers,Hartford Hawks,102,66,0,2,104,42,54.8,48.0
2022-11-18,401492377,Southern Illinois Salukis,Tennessee State Tigers,57,44,0,2,79,2634,36.2,28.3
2022-11-18,401492442,Quinnipiac Bobcats,Albertus Magnus ALBERTUS MAGNUS,86,68,0,2,2514,440,48.4,44.4
2022-11-18,401492631,Louisiana Ragin' Cajuns,Louisiana Tech Bulldogs,94,88,0,2,309,2348,54.2,52.4
2022-11-18,401492646,Richmond Spiders,Wichita State Shockers,53,56,0,2,257,2724,37.7,41.7
2022-11-18,401493679,Wright State Raiders,Defiance Yellow Jackets,99,56,0,2,2750,190,74.1,34.5
2022-11-18,401493782,Troy Trojans,Merrimack Warriors,73,54,1,2,2653,2771,45.3,33.3
2022-11-18,401493942,Alabama A&M Bulldogs,Samford Bulldogs,64,84,0,2,2010,2535,34.9,41.7
2022-11-18,401494389,San José State Spartans,Hofstra Pride,76,85,0,2,23,2275,46.3,51.0
2022-11-18,401494590,Sacramento State Hornets,UC Merced Bobcats,58,43,0,2,16,3185,39.0,29.3
2022-11-18,401496876,Kentucky Wildcats,South Carolina State Bulldogs,106,63,0,2,96,2569,57.4,35.3
2022-11-19,401479701,Michigan State Spartans,Villanova Wildcats,73,71,0,2,127,222,51.9,45.3
2022-11-19,401479943,Central Arkansas Bears,Rider Broncs,90,85,1,2,2110,2520,52.8,48.3
2022-11-19,401479944,Stetson Hatters,Niagara Purple Eagles,62,66,1,2,56,315,42.9,41.5
2022-11-19,401482892,George Mason Patriots,Boston College Eagles,56,71,1,2,2244,103,38.5,48.3
2022-11-19,401482900,Clemson Tigers,Bellarmine Knights,76,66,0,2,228,91,46.8,42.9
2022-11-19,401482909,Duke Blue Devils,Delaware Blue Hens,92,58,0,2,150,48,50.0,38.2
2022-11-19,401482917,Florida State Seminoles,Florida Gators,67,76,0,2,52,57,41.0,40.0
2022-11-19,401482932,Providence Friars,Miami Hurricanes,64,74,1,2,2507,2390,42.0,42.9
2022-11-19,401482941,NC State Wolfpack,Elon Phoenix,74,63,0,2,152,2210,42.0,39.0
2022-11-19,401482958,Notre Dame Fighting Irish,Lipscomb Bisons,66,65,0,2,87,288,44.6,54.7
2022-11-19,401482976,Syracuse Orange,Northeastern Huskies,76,48,0,2,183,111,53.3,32.8
2022-11-19,401482986,Baylor Bears,Virginia Cavaliers,79,86,1,2,239,258,48.3,55.6
2022-11-19,401483042,Auburn Tigers,Texas Southern Tigers,72,56,0,2,2,2640,44.6,36.1
2022-11-19,401483052,Georgia Bulldogs,Bucknell Bison,65,61,0,2,61,2083,33.3,44.4
2022-11-19,401483209,Ole Miss Rebels,UT Martin Skyhawks,72,68,0,2,145,2630,38.9,44.8
2022-11-19,401483250,Vanderbilt Commodores,Morehead State Eagles,76,43,0,2,238,2413,49.2,27.0
2022-11-19,401483277,Kansas Jayhawks,Southern Utah Thunderbirds,82,76,0,2,2305,253,50.8,37.8
2022-11-19,401483293,Oklahoma Sooners,South Alabama Jaguars,64,60,0,2,201,6,43.6,42.9
2022-11-19,401483330,West Virginia Mountaineers,Pennsylvania Quakers,92,58,0,2,277,219,55.6,35.0
2022-11-19,401483340,UCLA Bruins,Illinois Fighting Illini,70,79,1,2,26,356,37.5,52.9
2022-11-19,401483360,Maryland Terrapins,Saint Louis Billikens,95,67,1,2,120,139,50.8,36.2
2022-11-19,401483385,Northwestern Wildcats,Purdue Fort Wayne Mastodons,60,52,0,2,77,2870,41.1,32.7
2022-11-19,401483445,California Golden Bears,Southern Jaguars,66,74,0,2,25,2582,43.2,49.0
2022-11-19,401483473,USC Trojans,Mount St. Mary's Mountaineers,83,74,0,2,30,116,46.4,36.8
2022-11-19,401485022,Stanford Cardinal,Cal Poly Mustangs,80,43,0,2,24,13,49.2,27.9
2022-11-19,401485145,UConn Huskies,UNC Wilmington Seahawks,86,50,0,2,41,350,53.8,30.9
2022-11-19,401485146,DePaul Blue Demons,Santa Clara Broncos,61,69,1,2,305,2541,34.4,42.6
2022-11-19,401485308,Liberty Flames,Southern Miss Golden Eagles,72,76,0,2,2335,2572,48.9,46.4
2022-11-19,401485472,Alabama A&M Bulldogs,Norfolk State Spartans,83,89,1,2,2010,2450,41.2,50.9
2022-11-19,401486292,St. Bonaventure Bonnies,Bowling Green Falcons,81,68,0,2,179,189,46.3,40.0
2022-11-19,401486301,Davidson Wildcats,South Carolina Gamecocks,69,60,1,2,2166,2579,44.8,39.3
2022-11-19,401486327,Tulsa Golden Hurricane,Charlotte 49ers,65,68,1,2,202,2429,43.6,50.8
2022-11-19,401486337,Loyola Chicago Ramblers,Boise State Broncos,48,70,1,2,2350,68,32.1,46.2
2022-11-19,401486358,Oklahoma State Cowboys,UCF Knights,56,60,1,2,197,2116,29.3,30.5
2022-11-19,401486397,Iona Gaels,Vermont Catamounts,71,50,1,2,314,261,49.2,42.0
2022-11-19,401486420,Morgan State Bears,Utah Valley Wolverines,73,72,1,2,2415,3084,45.9,34.5
2022-11-19,401486443,George Mason Patriots,Belmont Bruins,62,66,1,2,2244,2057,41.4,44.6
2022-11-19,401486444,Howard Bison,Buffalo Bulls,63,59,1,2,47,2084,37.0,37.0
2022-11-19,401487106,Rice Owls,Georgia Southern Eagles,88,71,0,2,242,290,61.1,46.7
2022-11-19,401487107,Rice Owls,Western Michigan Broncos,96,88,0,2,242,2711,53.2,56.7
2022-11-19,401487321,UT Arlington Mavericks,Nevada Wolf Pack,43,62,0,2,250,2440,17.9,44.2
2022-11-19,401487391,UNLV Rebels,High Point Panthers,78,68,0,2,2439,2272,41.3,37.1
2022-11-19,401487489,Lafayette Leopards,Central Connecticut Blue Devils,55,50,1,2,322,2115,42.2,33.3
2022-11-19,401487519,SIU Edwardsville Cougars,Fairleigh Dickinson Knights,79,78,1,2,2565,161,46.6,43.5
2022-11-19,401487520,Longwood Lancers,Fairleigh Dickinson Knights,99,83,0,2,2344,161,69.8,49.2
2022-11-19,401487614,Dayton Flyers,Robert Morris Colonials,60,51,0,2,2168,2523,42.1,34.5
2022-11-19,401487629,Fordham Rams,UIC Flames,79,65,0,2,2230,82,51.9,45.5
2022-11-19,401487646,George Washington Revolutionaries,Maryland Eastern Shore Hawks,69,64,0,2,45,2379,45.1,36.5
2022-11-19,401487714,Navy Midshipmen,UC San Diego Tritons,78,69,0,2,2426,28,37.3,41.4
2022-11-19,401487715,UC San Diego Tritons,Youngstown State Penguins,54,73,1,2,28,2754,35.9,54.0
2022-11-19,401488144,Northern Arizona Lumberjacks,UC Santa Barbara Gauchos,63,54,0,2,2464,2540,41.4,31.9
2022-11-19,401488201,UC Davis Aggies,Arkansas State Red Wolves,75,60,0,2,302,2032,49.1,35.0
2022-11-19,401488221,Houston Christian Huskies,Western Michigan Broncos,84,90,0,2,2277,2711,52.5,57.4
2022-11-19,401488382,Alabama Crimson Tide,Jacksonville State Gamecocks,104,62,0,2,333,55,51.5,35.2
2022-11-19,401488629,App State Mountaineers,Campbell Fighting Camels,58,63,0,2,2026,2097,35.6,46.0
2022-11-19,401488632,SE Louisiana Lions,Campbell Fighting Camels,70,69,1,2,2545,2097,37.1,42.6
2022-11-19,401488646,Georgia State Panthers,East Texas A&M Lions,57,53,0,2,2247,2837,41.7,40.4
2022-11-19,401488648,UNC Asheville Bulldogs,Eastern Kentucky Colonels,75,77,1,2,2427,2198,43.1,47.5
2022-11-19,401488670,East Texas A&M Lions,UNC Asheville Bulldogs,64,72,1,2,2837,2427,37.3,42.4
2022-11-19,401488677,McNeese Cowboys,Lindenwood Lions,60,78,0,2,2377,2815,34.5,50.9
2022-11-19,401488679,Lamar Cardinals,Western Carolina Catamounts,91,98,1,2,2320,2717,61.9,54.1
2022-11-19,401488690,Wofford Terriers,Gardner-Webb Runnin' Bulldogs,60,58,0,2,2747,2241,28.1,47.1
2022-11-19,401488692,Gardner-Webb Runnin' Bulldogs,North Carolina A&T Aggies,66,64,1,2,2241,2448,50.0,51.0
2022-11-19,401488698,William & Mary Tribe,Army Black Knights,76,67,0,2,2729,349,39.3,42.3
2022-11-19,401488726,SMU Mustangs,Evansville Purple Aces,55,47,0,2,2567,339,32.1,28.8
2022-11-19,401488787,South Carolina Upstate Spartans,Coastal Carolina Chanticleers,79,78,0,2,2908,324,50.0,49.1
2022-11-19,401488795,Cleveland State Vikings,Arkansas-Pine Bluff Golden Lions,67,58,0,2,325,2029,39.6,32.1
2022-11-19,401488813,Kent State Golden Flashes,Chicago State Cougars,88,59,0,2,2309,2130,40.0,35.3
2022-11-19,401488990,Idaho Vandals,Utah Tech Trailblazers,71,81,0,2,70,3101,53.8,50.0
2022-11-19,401489006,Bradley Braves,Southeast Missouri State Redhawks,73,60,0,2,71,2546,50.0,35.7
2022-11-19,401489037,Pacific Tigers,Cal State Fullerton Titans,91,94,0,2,279,2239,40.3,43.8
2022-11-19,401489110,Grand Canyon Lopes,Grambling Tigers,81,48,0,2,2253,2755,42.4,32.1
2022-11-19,401489563,St. Thomas Tommies,Troy Trojans,78,76,1,2,2900,2653,53.1,46.6
2022-11-19,401489590,Idaho State Bengals,Denver Pioneers,69,70,0,2,304,2172,45.8,46.2
2022-11-19,401489646,Mercer Bears,Winthrop Eagles,77,68,0,2,2382,2737,51.8,42.6
2022-11-19,401489693,UMass Lowell River Hawks,Emerson Lions,105,53,0,2,2349,108842,63.5,35.4
2022-11-19,401489716,Florida Atlantic Owls,Detroit Mercy Titans,76,55,0,2,2226,2174,48.4,32.7
2022-11-19,401489753,Missouri State Bears,Middle Tennessee Blue Raiders,75,51,0,2,2623,2393,50.0,34.0
2022-11-19,401490420,North Texas Mean Green,Fresno State Bulldogs,61,52,0,2,249,278,34.8,43.2
2022-11-19,401490511,Cornell Big Red,Ithaca Bombers,83,61,0,2,172,175,48.3,33.3
2022-11-19,401490525,NJIT Highlanders,American University Eagles,53,58,0,2,2885,44,39.1,43.1
2022-11-19,401491651,Binghamton Bearcats,Sacred Heart Pioneers,60,75,0,2,2066,2529,39.0,39.1
2022-11-19,401491662,Maine Black Bears,Columbia Lions,93,70,0,2,311,171,62.5,42.6
2022-11-19,401491682,Montana Grizzlies,Merrimack Warriors,62,51,0,2,149,2771,40.4,35.6
2022-11-19,401491689,Montana State Bobcats,Warner Pacific Knights,106,64,0,2,147,2952,54.4,31.7
2022-11-19,401491803,Hawai'i Rainbow Warriors,Hawaiʻi Pacific Sea Warriors,79,55,1,2,62,2269,56.1,36.7
2022-11-19,401492296,Chattanooga Mocs,Covenant Fighting Scots,108,55,0,2,236,2157,57.6,35.1
2022-11-19,401492373,Manhattan Jaspers,Mount Saint Vincent MOUNT SAINT VINCENT,86,39,0,2,2363,329,51.6,25.9
2022-11-19,401492432,Wagner Seahawks,Fairfield Stags,68,52,0,2,2681,2217,51.1,30.6
2022-11-19,401493493,Northern Colorado Bears,San José State Spartans,69,80,0,2,2458,23,38.9,49.2
2022-11-19,401493503,IU Indianapolis Jaguars,Franklin Grizzlies,59,45,0,2,85,2233,43.1,32.2
2022-11-19,401493666,Oakland Golden Grizzlies,Eastern Michigan Eagles,92,90,0,2,2473,2199,50.8,46.3
2022-11-19,401493707,Ball State Cardinals,IU South Bend Titans,86,72,0,2,2050,2288,57.7,45.9
2022-11-19,401493721,Mississippi Valley State Delta Devils,North Alabama Lions,76,68,0,2,2400,2453,39.7,40.7
2022-11-19,401493816,Southern Indiana Screaming Eagles,Loras Duhawks,87,55,0,2,88,263,62.3,30.8
2022-11-19,401496879,North Florida Ospreys,South Carolina State Bulldogs,72,66,0,2,2454,2569,38.2,35.6
2022-11-19,401498233,St. Francis Brooklyn Terriers,Saint Peter's Peacocks,61,58,0,2,2597,2612,42.6,31.1
2022-11-19,401499591,Hartford Hawks,Houghton Highlanders,98,32,0,2,42,538,56.3,22.0
2022-11-20,401482950,North Carolina Tar Heels,James Madison Dukes,80,64,0,2,153,256,44.3,34.8
2022-11-20,401482968,Pittsburgh Panthers,Alabama State Hornets,73,54,0,2,221,2011,41.9,33.8
2022-11-20,401483268,Iowa State Cyclones,Milwaukee Panthers,68,53,0,2,66,270,38.8,39.5
2022-11-20,401483346,Indiana Hoosiers,Miami (OH) RedHawks,86,56,1,2,84,193,49.2,32.4
2022-11-20,401483380,Nebraska Cornhuskers,Arkansas-Pine Bluff Golden Lions,82,58,0,2,158,2029,53.7,40.7
2022-11-20,401485029,VMI Keydets,SIU Edwardsville Cougars,67,93,1,2,2678,2565,43.9,52.4
2022-11-20,401485050,Fairleigh Dickinson Knights,VMI Keydets,93,89,1,2,161,2678,47.0,46.5
2022-11-20,401485147,Butler Bulldogs,The Citadel Bulldogs,89,42,0,2,2086,2643,55.0,30.8
2022-11-20,401485148,Seton Hall Pirates,Wagner Seahawks,82,44,0,2,2550,2681,51.9,30.5
2022-11-20,401485149,UConn Huskies,Delaware State Hornets,95,60,0,2,41,2169,57.4,38.5
2022-11-20,401485512,Tennessee Tech Golden Eagles,East Tennessee State Buccaneers,69,62,0,2,2635,2193,45.6,35.2
2022-11-20,401486302,South Carolina Gamecocks,Furman Paladins,60,79,1,2,2579,231,44.9,50.8
2022-11-20,401486303,Davidson Wildcats,Old Dominion Monarchs,66,61,1,2,2166,295,46.8,39.1
2022-11-20,401486304,Charleston Cougars,Virginia Tech Hokies,77,75,0,2,232,259,50.8,50.0
2022-11-20,401486305,Colorado State Rams,Penn State Nittany Lions,56,68,1,2,36,213,32.8,41.8
2022-11-20,401486338,Tulsa Golden Hurricane,Murray State Racers,60,77,1,2,202,93,38.2,46.0
2022-11-20,401486339,Charlotte 49ers,Massachusetts Minutemen,54,60,1,2,2429,113,36.7,45.1
2022-11-20,401486340,Loyola Chicago Ramblers,Texas A&M Aggies,51,67,1,2,2350,245,41.7,44.9
2022-11-20,401486359,Oklahoma State Cowboys,DePaul Blue Demons,82,78,1,2,197,305,50.0,38.6
2022-11-20,401486433,Morgan State Bears,Queens University Royals,64,74,1,2,2415,2511,43.1,50.0
2022-11-20,401486434,Loyola Marymount Lions,Wake Forest Demon Deacons,77,75,1,2,2351,154,43.3,46.7
2022-11-20,401486436,Georgetown Hoyas,La Salle Explorers,69,62,1,2,46,2325,42.4,38.5
2022-11-20,401486445,Wyoming Cowboys,Drake Bulldogs,56,61,1,2,2751,2181,41.3,42.3
2022-11-20,401486451,Maryland Terrapins,Miami Hurricanes,88,70,1,2,120,2390,60.0,45.2
2022-11-20,401486452,Saint Louis Billikens,Providence Friars,76,73,1,2,139,2507,47.5,35.9
2022-11-20,401487430,Harvard Crimson,Siena Saints,69,59,0,2,108,2561,58.8,41.8
2022-11-20,401487510,UMBC Retrievers,Central Connecticut Blue Devils,78,76,0,2,2378,2115,49.1,51.8
2022-11-20,401487704,Memphis Tigers,VCU Rams,62,47,0,2,235,2670,42.1,29.1
2022-11-20,401487720,Navy Midshipmen,Youngstown State Penguins,80,67,0,2,2426,2754,59.2,37.9
2022-11-20,401488193,Pepperdine Waves,UC Irvine Anteaters,64,55,0,2,2492,300,38.8,28.4
2022-11-20,401488211,Long Beach State Beach,Saint Katherine SAINT KATHERINE,84,55,0,2,299,3249,55.7,32.1
2022-11-20,401488219,Houston Christian Huskies,Georgia Southern Eagles,77,84,0,2,2277,290,53.8,62.5
2022-11-20,401488220,Georgia Southern Eagles,Western Michigan Broncos,63,57,1,2,290,2711,40.3,37.3
2022-11-20,401488542,UT Martin Skyhawks,Prairie View A&M Panthers,80,79,0,2,2630,2504,49.1,44.4
2022-11-20,401488630,App State Mountaineers,Kennesaw State Owls,67,71,0,2,2026,338,47.1,43.9
2022-11-20,401488631,App State Mountaineers,SE Louisiana Lions,83,74,0,2,2026,2545,47.5,34.7
2022-11-20,401488633,Campbell Fighting Camels,Kennesaw State Owls,85,61,1,2,2097,338,57.4,47.5
2022-11-20,401488647,Georgia State Panthers,UNC Asheville Bulldogs,74,68,0,2,2247,2427,44.3,37.5
2022-11-20,401488649,Eastern Kentucky Colonels,East Texas A&M Lions,61,75,1,2,2198,2837,43.4,47.0
2022-11-20,401488675,Longwood Lancers,SIU Edwardsville Cougars,56,61,0,2,2344,2565,33.3,34.1
2022-11-20,401488678,McNeese Cowboys,Lamar Cardinals,66,57,0,2,2377,2320,41.5,39.3
2022-11-20,401488680,Western Carolina Catamounts,Lindenwood Lions,90,88,1,2,2717,2815,40.8,51.5
2022-11-20,401488691,Wofford Terriers,North Carolina A&T Aggies,78,64,0,2,2747,2448,51.9,39.3
2022-11-20,401488700,Army Black Knights,Radford Highlanders,75,90,1,2,349,2515,54.0,55.4
2022-11-20,401489016,Saint Mary's Gaels,Hofstra Pride,76,48,0,2,2608,2275,44.6,35.2
2022-11-20,401489022,Portland Pilots,Seattle U Redhawks,68,80,0,2,2501,2547,41.1,53.2
2022-11-20,401489053,BYU Cougars,Nicholls Colonels,87,73,0,2,252,2447,48.4,37.1
2022-11-20,401489564,Merrimack Warriors,St. Thomas Tommies,61,72,1,2,2771,2900,39.2,52.0
2022-11-20,401489578,North Dakota Fighting Hawks,Montana State Bobcats,71,81,0,2,155,147,44.1,50.8
2022-11-20,401489601,Valparaiso Beacons,Incarnate Word Cardinals,68,64,0,2,2674,2916,40.4,42.4
2022-11-20,401490429,Marshall Thundering Herd,Coppin State Eagles,86,67,0,2,276,2154,43.0,41.1
2022-11-20,401491261,Holy Cross Crusaders,Stonehill Skyhawks,79,81,1,2,107,284,45.2,50.9
2022-11-20,401491657,Florida International Panthers,Bryant Bulldogs,85,91,0,2,2229,2803,46.0,45.7
2022-11-20,401491673,New Hampshire Wildcats,Boston University Terriers,57,64,0,2,160,104,32.2,37.3
2022-11-20,401491683,Montana Grizzlies,Troy Trojans,62,73,0,2,149,2653,35.8,40.7
2022-11-20,401491696,Oregon State Beavers,Portland State Vikings,66,79,0,2,204,2502,43.5,46.4
2022-11-20,401491871,Oral Roberts Golden Eagles,Oklahoma Baptist Bison,98,86,0,2,198,319,49.3,47.3
2022-11-20,401492365,Columbia Lions,SUNY Maritime Privateers,96,44,0,2,171,2951,56.1,32.7
2022-11-20,401492370,Marist Red Foxes,Princeton Tigers,55,62,0,2,2368,163,37.0,40.8
2022-11-20,401492428,Canisius Golden Griffins,SUNY Fredonia Blue Devils,98,52,0,2,2099,2902,50.0,36.4
2022-11-20,401493500,UC Riverside Highlanders,Occidental Tigers,106,30,0,2,27,2475,56.3,21.0
2022-11-20,401493936,Samford Bulldogs,Texas Southern Tigers,78,63,0,2,2535,2640,49.2,43.4
2022-11-20,401494050,South Dakota State Jackrabbits,Stephen F. Austin Lumberjacks,82,93,0,2,2571,2617,54.2,56.4
2022-11-20,401497570,Virginia Cavaliers,Illinois Fighting Illini,70,61,1,2,258,356,41.7,40.7
2022-11-20,401497571,Baylor Bears,UCLA Bruins,80,75,1,2,239,26,44.6,47.5
2022-11-20,401498264,North Dakota State Bison,Crown Polars,76,55,0,2,2449,509,42.9,34.4
2022-11-20,401500692,Jacksonville Dolphins,Voorhees Tigers,91,61,0,2,294,2679,54.8,42.6
2022-11-20,401504319,Yale Bulldogs,John Jay Bloodhounds,112,55,0,2,43,212,62.9,32.8
2022-11-20,401505450,North Carolina Central Eagles,Montreat Cavaliers,86,70,0,2,2428,2410,56.1,47.5
2022-11-21,401482918,Florida State Seminoles,Mercer Bears,81,72,0,2,52,2382,46.7,39.4
2022-11-21,401482924,Georgia Tech Yellow Jackets,Utah Utes,64,68,1,2,59,254,34.8,46.2
2022-11-21,401483198,Missouri Tigers,Mississippi Valley State Delta Devils,83,62,0,2,142,2400,50.0,37.3
2022-11-21,401483322,Creighton Bluejays,Texas Tech Red Raiders,76,65,1,2,156,2641,55.1,43.5
2022-11-21,401483367,Michigan Wolverines,Ohio Bobcats,70,66,0,2,130,195,38.1,35.1
2022-11-21,401485464,LSU Tigers,Illinois State Redbirds,77,61,1,2,99,2287,49.1,42.3
2022-11-21,401486341,Boise State Broncos,Colorado Buffaloes,68,55,1,2,68,38,38.7,35.8
2022-11-21,401486360,UCF Knights,Santa Clara Broncos,57,50,1,2,2116,2541,39.6,30.5
2022-11-21,401486432,Utah Valley Wolverines,Green Bay Phoenix,79,56,1,2,3084,2739,50.0,40.4
2022-11-21,401486446,Boston College Eagles,Tarleton State Texans,54,70,1,2,103,2627,43.9,51.1
2022-11-21,401486447,George Mason Patriots,Buffalo Bulls,74,82,1,2,2244,2084,48.0,51.8
2022-11-21,401486448,Belmont Bruins,Howard Bison,96,73,1,2,2057,47,51.7,37.7
2022-11-21,401486449,Boston College Eagles,Wyoming Cowboys,59,48,1,2,103,2751,44.7,39.6
2022-11-21,401486453,Little Rock Trojans,Jackson State Tigers,94,91,0,2,2031,2296,56.7,50.7
2022-11-21,401486456,Western Kentucky Hilltoppers,Akron Zips,53,72,1,2,98,2006,37.0,56.3
2022-11-21,401486457,Tulane Green Wave,Nevada Wolf Pack,66,75,1,2,2655,2440,37.5,38.6
2022-11-21,401486677,Toledo Rockets,Kansas City Roos,71,83,1,2,2649,140,39.4,54.0
2022-11-21,401486678,East Carolina Pirates,Indiana State Sycamores,75,79,1,2,151,282,42.3,43.3
2022-11-21,401486679,Drexel Dragons,UT Arlington Mavericks,59,38,1,2,2182,250,41.5,25.4
2022-11-21,401486689,Arkansas Razorbacks,Louisville Cardinals,80,54,1,2,8,97,56.9,36.4
2022-11-21,401486699,High Point Panthers,Central Michigan Chippewas,68,67,1,2,2272,2117,40.3,39.0
2022-11-21,401486700,Tennessee State Tigers,Cal State Northridge Matadors,74,73,1,2,2634,2463,47.4,44.9
2022-11-21,401486710,South Florida Bulls,UAB Blazers,65,80,1,2,58,5,41.4,45.5
2022-11-21,401486711,UAlbany Great Danes,Austin Peay Governors,59,74,1,2,399,2046,41.7,49.0
2022-11-21,401486712,Presbyterian Blue Hose,Bucknell Bison,65,66,1,2,2506,2083,39.0,53.2
2022-11-21,401486785,San Francisco Dons,Northern Iowa Panthers,75,69,1,2,2539,2460,38.5,50.9
2022-11-21,401486786,Wichita State Shockers,Grand Canyon Lopes,55,43,1,2,2724,2253,38.3,27.1
2022-11-21,401488803,Cal Poly Mustangs,Mount St. Mary's Mountaineers,68,73,0,2,13,116,43.1,46.0
2022-11-21,401489080,UT Rio Grande Valley Vaqueros,Western Illinois Leathernecks,78,77,0,2,292,2710,48.1,49.1
2022-11-21,401489652,Oregon Ducks,Houston Cougars,56,66,0,2,2483,248,38.8,42.9
2022-11-21,401491658,Detroit Mercy Titans,Bryant Bulldogs,88,98,1,2,2174,2803,52.6,51.6
2022-11-21,401492450,Stonehill Skyhawks,UIC Flames,71,77,1,2,284,82,44.9,48.2
2022-11-21,401493792,Eastern Illinois Panthers,Saint Mary of the Woods Pomeroys,102,40,0,2,2197,126824,51.5,23.7
2022-11-21,401497506,Gonzaga Bulldogs,Kentucky Wildcats,88,72,0,2,2250,96,56.4,39.1
2022-11-22,401482901,Clemson Tigers,Loyola Maryland Greyhounds,72,41,0,2,228,2352,48.2,28.8
2022-11-22,401482910,Duke Blue Devils,Bellarmine Knights,74,57,0,2,150,91,45.5,42.6
2022-11-22,401482959,Notre Dame Fighting Irish,Bowling Green Falcons,82,66,0,2,87,189,55.4,43.3
2022-11-22,401482977,Richmond Spiders,Syracuse Orange,71,74,1,2,257,183,40.9,47.6
2022-11-22,401483043,Auburn Tigers,Bradley Braves,85,64,1,2,2,71,56.4,42.9
2022-11-22,401483053,Saint Joseph's Hawks,Georgia Bulldogs,53,66,1,2,2603,61,36.8,33.9
2022-11-22,401483191,Mississippi State Bulldogs,Marquette Golden Eagles,58,55,1,2,344,269,36.4,41.2
2022-11-22,401483284,Kansas State Wildcats,Rhode Island Rams,77,57,1,2,2306,227,52.8,32.7
2022-11-22,401483311,Northern Arizona Lumberjacks,Texas Longhorns,48,73,1,2,2464,251,31.5,50.0
2022-11-22,401483354,Iowa Hawkeyes,Omaha Mavericks,100,64,0,2,2294,2437,55.4,44.4
2022-11-22,401483374,Minnesota Golden Gophers,California Baptist Lancers,62,61,1,2,135,2856,41.8,40.7
2022-11-22,401483394,San Diego State Aztecs,Ohio State Buckeyes,88,77,1,2,21,194,50.8,42.4
2022-11-22,401483428,Arizona Wildcats,Cincinnati Bearcats,101,93,1,2,12,2132,62.3,47.1
2022-11-22,401483446,California Golden Bears,Texas State Bobcats,55,59,0,2,25,326,41.3,33.9
2022-11-22,401485011,Colgate Raiders,Monmouth Hawks,85,66,0,2,2142,2405,44.1,47.3
2022-11-22,401485150,Temple Owls,St. John's Red Storm,72,78,1,2,218,2599,44.6,46.4
2022-11-22,401485310,Northern Kentucky Norse,Florida Gulf Coast Eagles,61,82,1,2,94,526,42.6,41.4
2022-11-22,401485311,Lipscomb Bisons,Covenant Fighting Scots,86,61,0,2,288,2157,53.2,33.9
2022-11-22,401486306,Northern Illinois Huskies,Sam Houston Bearkats,54,88,1,2,2459,2534,39.6,52.4
2022-11-22,401486307,Long Island University Sharks,South Dakota Coyotes,58,68,1,2,112358,233,36.7,35.5
2022-11-22,401486400,Eastern Michigan Eagles,Purdue Fort Wayne Mastodons,67,74,1,2,2199,2870,52.8,40.3
2022-11-22,401486401,Winthrop Eagles,Southern Miss Golden Eagles,52,77,1,2,2737,2572,34.2,48.4
2022-11-22,401486450,Tarleton State Texans,Drake Bulldogs,64,71,1,2,2627,2181,37.3,48.7
2022-11-22,401486458,Western Kentucky Hilltoppers,Illinois State Redbirds,78,66,1,2,98,2287,51.0,38.2
2022-11-22,401486459,Akron Zips,LSU Tigers,58,73,1,2,2006,99,25.9,48.1
2022-11-22,401486460,Rhode Island Rams,Tulane Green Wave,75,78,1,2,227,2655,44.3,49.1
2022-11-22,401486680,Kansas City Roos,Indiana State Sycamores,63,61,1,2,140,282,36.0,37.3
2022-11-22,401486682,Toledo Rockets,East Carolina Pirates,75,86,1,2,2649,151,44.3,47.5
2022-11-22,401486683,UT Arlington Mavericks,Northern Kentucky Norse,60,56,1,2,250,94,45.7,35.1
2022-11-22,401486692,Cincinnati Bearcats,Ohio State Buckeyes,53,81,1,2,2132,194,38.5,46.9
2022-11-22,401486693,Louisville Cardinals,Texas Tech Red Raiders,38,70,1,2,97,2641,22.4,43.1
2022-11-22,401486701,UNLV Rebels,Southern Illinois Salukis,56,49,1,2,2439,79,45.1,45.0
2022-11-22,401486713,UAB Blazers,Georgia Bulldogs,87,73,1,2,5,61,49.3,42.4
2022-11-22,401486714,Saint Joseph's Hawks,South Florida Bulls,62,75,1,2,2603,58,31.4,43.1
2022-11-22,401486715,Bucknell Bison,Austin Peay Governors,79,65,1,2,2083,2046,57.4,33.8
2022-11-22,401486787,Wichita State Shockers,San Francisco Dons,63,67,1,2,2724,2539,35.4,39.3
2022-11-22,401486788,Grand Canyon Lopes,Northern Iowa Panthers,69,67,1,2,2253,2460,43.3,46.6
2022-11-22,401487108,Rice Owls,Houston Christian Huskies,76,67,0,2,242,2277,42.4,42.9
2022-11-22,401487279,Air Force Falcons,South Carolina Upstate Spartans,83,56,0,2,2005,2908,51.9,42.6
2022-11-22,401487628,Fordham Rams,Holy Cross Crusaders,67,53,0,2,2230,107,43.2,32.8
2022-11-22,401488145,UC Santa Barbara Gauchos,Hampton Pirates,79,66,0,2,2540,2261,50.0,42.1
2022-11-22,401488194,UC Irvine Anteaters,Life Pacific Warriors,116,54,0,2,300,109670,66.7,35.6
2022-11-22,401488543,Arkansas State Red Wolves,UT Martin Skyhawks,70,64,0,2,2032,2630,46.4,38.6
2022-11-22,401488697,Texas A&M-Corpus Christi Islanders,Cal State Bakersfield Roadrunners,63,73,1,2,357,2934,32.3,52.6
2022-11-22,401488781,Eastern Washington Eagles,Washington State Cougars,56,82,1,2,331,265,31.1,48.4
2022-11-22,401489492,Louisiana Tech Bulldogs,UL Monroe Warhawks,79,58,0,2,2348,2433,47.4,36.4
2022-11-22,401490512,Cornell Big Red,Canisius Golden Griffins,79,70,0,2,172,2099,49.2,42.6
2022-11-22,401491262,UIC Flames,Holy Cross Crusaders,89,66,1,2,82,107,47.5,37.7
2022-11-22,401491667,Sacred Heart Pioneers,NJIT Highlanders,75,85,0,2,2529,2885,41.0,51.9
2022-11-22,401491700,Weber State Wildcats,UC Riverside Highlanders,65,72,1,2,2692,27,45.5,49.1
2022-11-22,401491710,Charleston Southern Buccaneers,Bethune-Cookman Wildcats,78,63,0,2,2127,2065,41.3,42.9
2022-11-22,401491796,Wright State Raiders,Abilene Christian Wildcats,77,61,1,2,2750,2000,60.0,43.1
2022-11-22,401491830,Hampton Pirates,North Alabama Lions,74,75,1,2,2261,2453,36.2,42.2
2022-11-22,401491838,North Carolina A&T Aggies,St. Andrews Knights,109,57,0,2,2448,2592,53.8,38.6
2022-11-22,401491861,UNC Wilmington Seahawks,Mount Olive Trojans,94,47,0,2,350,2418,56.2,26.9
2022-11-22,401491878,Marshall Thundering Herd,Chicago State Cougars,82,70,0,2,276,2130,45.1,45.2
2022-11-22,401493786,Saint Francis Red Wolves,Lehigh Mountain Hawks,76,82,0,2,2598,2329,43.1,51.7
2022-11-22,401497510,Duquesne Dukes,North Florida Ospreys,83,82,0,2,2184,2454,46.6,58.0
2022-11-22,401498750,San Diego Toreros,San Diego Christian Hawks,98,69,0,2,301,3096,52.3,41.3
2022-11-22,401499592,Hartford Hawks,FDU Florham Devils,82,45,0,2,42,2221,49.2,29.1
2022-11-22,401501930,Florida A&M Rattlers,Albany State Golden Rams,70,65,0,2,50,2013,35.2,33.3
2022-11-23,401482933,Miami Hurricanes,St. Francis Brooklyn Terriers,79,56,0,2,2390,2597,51.9,35.7
2022-11-23,401482942,Kansas Jayhawks,NC State Wolfpack,80,74,1,2,2305,152,41.4,38.7
2022-11-23,401482969,Pittsburgh Panthers,Fairleigh Dickinson Knights,83,61,0,2,221,161,53.4,36.5
2022-11-23,401483264,Baylor Bears,McNeese Cowboys,89,60,0,2,239,2377,56.7,38.5
2022-11-23,401483347,Indiana Hoosiers,Little Rock Trojans,87,68,0,2,84,2031,57.6,33.3
2022-11-23,401483386,Northwestern Wildcats,Liberty Flames,66,52,1,2,77,2335,43.1,34.0
2022-11-23,401483415,Rutgers Scarlet Knights,Rider Broncs,76,46,0,2,164,2520,44.8,25.0
2022-11-23,401483423,Dayton Flyers,Wisconsin Badgers,42,43,1,2,2168,275,30.2,23.7
2022-11-23,401483435,Arizona State Sun Devils,Grambling Tigers,80,49,0,2,9,2755,49.0,26.6
2022-11-23,401483474,USC Trojans,BYU Cougars,82,76,1,2,30,252,53.4,42.4
2022-11-23,401485151,Georgetown Hoyas,American University Eagles,70,74,0,2,46,44,38.1,51.8
2022-11-23,401485312,Chattanooga Mocs,Lipscomb Bisons,66,72,0,2,236,288,37.1,44.8
2022-11-23,401485313,Queens University Royals,Lynchburg Hornets,107,72,0,2,2511,2355,55.9,41.2
2022-11-23,401485473,Norfolk State Spartans,St. Mary's (MD) Seahawks,91,41,0,2,2450,117,52.3,27.7
2022-11-23,401486293,St. Bonaventure Bonnies,Southern Indiana Screaming Eagles,80,66,0,2,179,88,52.9,38.1
2022-11-23,401486308,Long Island University Sharks,Northern Illinois Huskies,61,86,1,2,112358,2459,34.0,54.1
2022-11-23,401486309,Sam Houston Bearkats,South Dakota Coyotes,80,49,1,2,2534,233,56.1,34.7
2022-11-23,401486310,Georgia Tech Yellow Jackets,Marquette Golden Eagles,60,84,1,2,59,269,33.8,47.5
2022-11-23,401486398,Liberty Flames,Bradley Braves,55,44,1,2,2335,71,38.2,32.1
2022-11-23,401486402,Winthrop Eagles,Eastern Michigan Eagles,101,87,1,2,2737,2199,65.4,42.5
2022-11-23,401486403,Southern Miss Golden Eagles,Purdue Fort Wayne Mastodons,70,58,1,2,2572,2870,51.9,43.8
2022-11-23,401486461,Kansas State Wildcats,Nevada Wolf Pack,96,87,1,2,2306,2440,55.0,51.9
2022-11-23,401486462,Tulane Green Wave,Western Kentucky Hilltoppers,65,71,1,2,2655,98,42.6,50.0
2022-11-23,401486463,Rhode Island Rams,Illinois State Redbirds,57,44,1,2,227,2287,33.3,27.1
2022-11-23,401486465,Nevada Wolf Pack,Akron Zips,62,58,1,2,2440,2006,36.8,43.1
2022-11-23,401486675,Richmond Spiders,Temple Owls,61,49,1,2,257,218,43.4,36.7
2022-11-23,401486676,St. John's Red Storm,Syracuse Orange,76,69,1,2,2599,183,40.3,38.8
2022-11-23,401486681,Drexel Dragons,Florida Gulf Coast Eagles,59,67,1,2,2182,526,35.0,45.9
2022-11-23,401486685,East Carolina Pirates,UT Arlington Mavericks,79,65,1,2,151,250,45.6,40.7
2022-11-23,401486686,Indiana State Sycamores,Drexel Dragons,85,81,1,2,282,2182,55.2,52.6
2022-11-23,401486687,Toledo Rockets,Northern Kentucky Norse,82,69,1,2,2649,94,49.2,45.6
2022-11-23,401486688,UT Rio Grande Valley Vaqueros,Northern Arizona Lumberjacks,91,79,0,2,292,2464,50.0,45.2
2022-11-23,401486690,Arkansas Razorbacks,Creighton Bluejays,87,90,1,2,8,156,47.1,58.5
2022-11-23,401486691,Arizona Wildcats,San Diego State Aztecs,87,70,1,2,12,21,58.6,38.1
2022-11-23,401486694,Arizona Wildcats,Creighton Bluejays,81,79,1,2,12,156,52.9,45.8
2022-11-23,401486696,Ohio State Buckeyes,Texas Tech Red Raiders,80,73,1,2,194,2641,51.9,50.9
2022-11-23,401486704,High Point Panthers,Tennessee State Tigers,77,72,1,2,2272,2634,42.9,40.3
2022-11-23,401486705,Central Michigan Chippewas,Cal State Northridge Matadors,82,66,1,2,2117,2463,54.7,35.0
2022-11-23,401486716,Presbyterian Blue Hose,UAlbany Great Danes,65,68,1,2,2506,399,43.6,42.6
2022-11-23,401486938,Detroit Mercy Titans,Charlotte 49ers,70,49,0,2,2174,2429,52.0,34.0
2022-11-23,401487155,UTEP Miners,Alcorn State Braves,73,61,0,2,2638,2016,45.5,30.4
2022-11-23,401487280,Air Force Falcons,Mississippi Valley State Delta Devils,64,51,0,2,2005,2400,52.2,39.6
2022-11-23,401487300,UTSA Roadrunners,Prairie View A&M Panthers,82,75,0,2,2636,2504,52.2,40.6
2022-11-23,401487402,Utah State Aggies,Oral Roberts Golden Eagles,95,85,0,2,328,198,51.8,46.2
2022-11-23,401487452,Lafayette Leopards,Pennsylvania Quakers,68,74,0,2,322,219,37.5,43.5
2022-11-23,401487474,Yale Bulldogs,Vermont Catamounts,73,44,0,2,43,261,51.7,35.3
2022-11-23,401487511,Central Connecticut Blue Devils,Maine Black Bears,58,66,0,2,2115,311,46.8,47.3
2022-11-23,401487630,Fordham Rams,Stonehill Skyhawks,71,60,0,2,2230,284,46.0,36.8
2022-11-23,401487647,George Washington Revolutionaries,UC San Diego Tritons,70,75,0,2,45,28,45.6,51.9
2022-11-23,401488202,UC Davis Aggies,Sacramento State Hornets,82,71,1,2,302,16,48.4,48.0
2022-11-23,401488635,LSU New Orleans Privateers,The Citadel Bulldogs,65,72,0,2,2443,2643,33.3,40.4
2022-11-23,401488638,IU Indianapolis Jaguars,Denver Pioneers,64,86,1,2,85,2172,44.1,63.6
2022-11-23,401488695,Alcorn State Braves,Texas A&M-Corpus Christi Islanders,67,98,1,2,2016,357,44.6,57.9
2022-11-23,401488699,William & Mary Tribe,Radford Highlanders,62,51,0,2,2729,2515,39.6,40.8
2022-11-23,401488727,SMU Mustangs,Louisiana Ragin' Cajuns,72,76,0,2,2567,309,42.0,41.9
2022-11-23,401488796,Cleveland State Vikings,Chicago State Cougars,77,63,0,2,325,2130,51.7,47.2
2022-11-23,401488804,Pacific Tigers,Mount St. Mary's Mountaineers,65,69,0,2,279,116,40.3,44.3
2022-11-23,401488814,Charleston Cougars,Kent State Golden Flashes,74,72,0,2,232,2309,43.4,44.1
2022-11-23,401489047,Loyola Marymount Lions,Morgan State Bears,81,80,0,2,2351,2415,45.6,48.3
2022-11-23,401489557,Milwaukee Panthers,St. Thomas Tommies,72,76,0,2,270,2900,47.5,50.9
2022-11-23,401489579,North Dakota Fighting Hawks,Wisconsin Stout Blue Devils,92,61,0,2,155,2744,49.3,40.3
2022-11-23,401489602,Incarnate Word Cardinals,Our Lady of the Lake Saints,85,76,0,2,2916,3158,51.9,43.3
2022-11-23,401489664,UNC Greensboro Spartans,UMBC Retrievers,76,72,0,2,2430,2378,52.2,40.4
2022-11-23,401489703,Wofford Terriers,North Greenville Trailblazers,70,59,0,2,2747,2822,48.0,38.6
2022-11-23,401490450,Towson Tigers,Coppin State Eagles,83,67,0,2,119,2154,52.5,41.4
2022-11-23,401491652,Binghamton Bearcats,Columbia Lions,81,79,0,2,2066,171,45.8,54.0
2022-11-23,401491684,Montana Grizzlies,Montana State-Northern Lights,63,51,0,2,149,569,40.7,33.9
2022-11-23,401491701,Abilene Christian Wildcats,Weber State Wildcats,67,77,1,2,2000,2692,49.1,47.1
2022-11-23,401491702,Weber State Wildcats,Wright State Raiders,65,87,1,2,2692,2750,33.3,64.9
2022-11-23,401491704,Campbell Fighting Camels,Jacksonville Dolphins,43,64,0,2,2097,294,32.1,54.8
2022-11-23,401491797,UC Riverside Highlanders,Wright State Raiders,70,65,1,2,27,2750,46.7,41.4
2022-11-23,401491798,UC Riverside Highlanders,Abilene Christian Wildcats,76,65,1,2,27,2000,46.2,36.7
2022-11-23,401491800,Cal State Fullerton Titans,Westcliff Warriors,78,57,0,2,2239,111910,46.7,35.8
2022-11-23,401491826,Jacksonville State Gamecocks,Elon Phoenix,78,53,0,2,55,2210,50.0,32.1
2022-11-23,401491896,Morehead State Eagles,Kentucky State Thorobreds,114,49,0,2,2413,2310,52.0,30.2
2022-11-23,401492302,Tennessee Tech Golden Eagles,Truett McConnell Bears,84,48,0,2,2635,3245,46.0,26.6
2022-11-23,401492350,Maryland Eastern Shore Hawks,Marist Red Foxes,70,59,0,2,2379,2368,41.0,38.0
2022-11-23,401492436,Niagara Purple Eagles,D'Youville Saints,91,53,0,2,315,126796,52.2,31.7
2022-11-23,401493494,Northern Colorado Bears,Colorado Christian Cougars,69,70,0,2,2458,2862,33.9,45.5
2022-11-23,401493815,Southeast Missouri State Redhawks,William Woods Owls,87,49,0,2,2546,2931,48.4,35.1
2022-11-23,401494480,Arkansas-Pine Bluff Golden Lions,Crowley's Ridge Pioneers,70,56,0,2,2029,3168,46.6,38.9
2022-11-23,401497590,Samford Bulldogs,Valparaiso Beacons,79,49,0,2,2535,2674,45.1,29.1
2022-11-23,401497591,Kentucky Wildcats,North Florida Ospreys,96,56,0,2,96,2454,47.9,34.5
2022-11-23,401499110,Saint Peter's Peacocks,Old Westbury Panthers,98,51,0,2,2612,3087,47.2,28.1
2022-11-23,401499130,Nicholls Colonels,Jarvis Christian Bulldogs,97,52,0,2,2447,2299,52.1,37.3
2022-11-23,401499436,Eastern Kentucky Colonels,Brescia Bearcats,122,84,0,2,2198,2855,48.4,39.5
2022-11-23,401501191,Troy Trojans,Southern New Orleans Knights,118,61,0,2,2653,2573,63.0,39.7
2022-11-23,401501671,North Texas Mean Green,Paul Quinn Tigers,76,46,0,2,249,2491,47.6,33.3
2022-11-24,401482911,Oregon State Beavers,Duke Blue Devils,51,54,1,2,204,150,39.5,26.7
2022-11-24,401482951,Portland Pilots,North Carolina Tar Heels,81,89,1,2,2501,153,48.3,53.4
2022-11-24,401483003,Wake Forest Demon Deacons,South Carolina State Bulldogs,105,74,0,2,154,2569,67.9,39.2
2022-11-24,401483033,Xavier Musketeers,Florida Gators,90,83,1,2,2752,57,55.9,44.3
2022-11-24,401483199,Missouri Tigers,Coastal Carolina Chanticleers,89,51,0,2,142,324,46.7,24.6
2022-11-24,401483210,Stanford Cardinal,Ole Miss Rebels,68,72,1,2,24,145,40.4,50.0
2022-11-24,401483233,Tennessee Volunteers,Butler Bulldogs,71,45,1,2,2633,2086,48.1,31.9
2022-11-24,401483251,Vanderbilt Commodores,Saint Mary's Gaels,65,75,1,2,238,2608,39.7,56.9
2022-11-24,401483269,Villanova Wildcats,Iowa State Cyclones,79,81,1,2,222,66,40.4,45.5
2022-11-24,401483294,Nebraska Cornhuskers,Oklahoma Sooners,56,69,1,2,158,201,42.0,50.9
2022-11-24,401483368,Michigan Wolverines,Jackson State Tigers,78,68,0,2,130,2296,42.4,37.0
2022-11-24,401483464,UCLA Bruins,Pepperdine Waves,100,53,0,2,26,2492,55.2,35.0
2022-11-24,401485152,Providence Friars,Merrimack Warriors,71,57,0,2,2507,2771,48.3,38.5
2022-11-24,401485314,UC Santa Barbara Gauchos,North Alabama Lions,89,71,0,2,2540,2453,61.1,48.3
2022-11-24,401485514,East Tennessee State Buccaneers,App State Mountaineers,70,74,0,2,2193,2026,45.3,44.8
2022-11-24,401486311,Mississippi State Bulldogs,Utah Utes,52,49,1,2,344,254,25.4,32.7
2022-11-24,401486399,Northwestern Wildcats,Auburn Tigers,42,43,1,2,77,2,25.0,26.0
2022-11-24,401486464,Kansas State Wildcats,LSU Tigers,61,59,1,2,2306,99,41.7,43.4
2022-11-24,401486684,Kansas City Roos,Florida Gulf Coast Eagles,59,73,1,2,140,526,33.9,42.2
2022-11-24,401486695,San Diego State Aztecs,Arkansas Razorbacks,74,78,1,2,21,8,43.5,40.0
2022-11-24,401486697,Cincinnati Bearcats,Louisville Cardinals,81,62,1,2,2132,97,53.2,43.1
2022-11-24,401486702,Southern Illinois Salukis,California Baptist Lancers,64,61,1,2,79,2856,44.2,37.5
2022-11-24,401486703,UNLV Rebels,Minnesota Golden Gophers,71,62,1,2,2439,135,36.9,36.8
2022-11-24,401486717,BYU Cougars,Butler Bulldogs,70,75,1,2,252,2086,41.8,52.8
2022-11-24,401486718,NC State Wolfpack,Dayton Flyers,76,64,1,2,152,2168,49.1,49.1
2022-11-24,401486719,USC Trojans,Tennessee Volunteers,66,73,1,2,30,2633,45.0,37.5
2022-11-24,401486720,Kansas Jayhawks,Wisconsin Badgers,69,68,1,2,2305,275,38.7,38.7
2022-11-24,401486725,Washington Huskies,Fresno State Bulldogs,62,57,1,2,264,278,37.9,37.7
2022-11-24,401486728,Siena Saints,Florida State Seminoles,80,63,1,2,2561,52,51.9,36.4
2022-11-24,401487156,UTEP Miners,Cal State Bakersfield Roadrunners,68,67,0,2,2638,2934,49.1,39.1
2022-11-24,401487331,Brown Bears,UMass Lowell River Hawks,62,73,0,2,225,2349,43.6,55.1
2022-11-24,401487581,Northeastern Huskies,Manhattan Jaspers,69,67,1,2,111,2363,41.2,41.2
2022-11-24,401487582,Army Black Knights,Princeton Tigers,66,74,1,2,349,163,39.7,42.6
2022-11-24,401487620,Duquesne Dukes,Alabama State Hornets,75,57,0,2,2184,2011,46.4,31.1
2022-11-24,401487683,Saint Louis Billikens,Paul Quinn Tigers,96,53,0,2,139,2491,57.6,29.9
2022-11-24,401488636,LSU New Orleans Privateers,IU Indianapolis Jaguars,87,84,0,2,2443,85,53.4,62.5
2022-11-24,401488639,Denver Pioneers,The Citadel Bulldogs,74,71,1,2,2172,2643,44.4,45.5
2022-11-24,401488668,UCF Knights,Evansville Purple Aces,76,56,0,2,2116,339,50.0,33.9
2022-11-24,401488708,Florida International Panthers,Stony Brook Seawolves,83,50,0,2,2229,2619,48.4,30.0
2022-11-24,401488991,Cal Poly Mustangs,Idaho Vandals,82,71,0,2,13,70,58.8,54.0
2022-11-24,401489102,Seattle U Redhawks,Pacific Lutheran Lutes,89,53,0,2,2547,2486,51.7,39.6
2022-11-24,401491678,Lindenwood Lions,Idaho State Bengals,77,76,0,2,2815,304,50.8,36.1
2022-11-24,401493787,Saint Francis Red Wolves,Franciscan Barons,120,53,0,2,2598,111170,59.2,27.7
2022-11-24,401493958,Santa Clara Broncos,Menlo Oaks,64,51,0,2,2541,2381,38.8,32.4
2022-11-24,401494407,Alabama A&M Bulldogs,Louisiana Tech Bulldogs,75,80,0,2,2010,2348,45.1,50.0
2022-11-25,401482960,St. Bonaventure Bonnies,Notre Dame Fighting Irish,63,51,1,2,179,87,40.7,34.5
2022-11-25,401482987,Virginia Cavaliers,Maryland Eastern Shore Hawks,72,45,0,2,258,2379,52.9,34.5
2022-11-25,401483218,South Carolina Gamecocks,South Carolina Upstate Spartans,68,53,0,2,2579,2908,47.5,46.2
2022-11-25,401483239,DePaul Blue Demons,Texas A&M Aggies,66,82,0,2,305,245,33.9,45.5
2022-11-25,401483331,West Virginia Mountaineers,Purdue Boilermakers,68,80,1,2,277,2509,41.3,51.1
2022-11-25,401483348,Indiana Hoosiers,Jackson State Tigers,90,51,0,2,84,2296,57.6,35.8
2022-11-25,401483361,Maryland Terrapins,Coppin State Eagles,95,79,0,2,120,2154,48.5,54.9
2022-11-25,401484355,Oregon Ducks,UConn Huskies,59,83,1,2,2483,41,42.6,47.6
2022-11-25,401484356,Michigan State Spartans,Alabama Crimson Tide,70,81,1,2,127,333,38.7,44.4
2022-11-25,401484367,Gonzaga Bulldogs,Portland State Vikings,102,78,1,2,2250,2502,60.3,42.6
2022-11-25,401484862,Furman Paladins,Tusculum Pioneers,102,74,0,2,231,2839,60.0,45.5
2022-11-25,401485012,Monmouth Hawks,Cornell Big Red,63,81,0,2,2405,172,37.5,51.7
2022-11-25,401485154,Seton Hall Pirates,Memphis Tigers,70,69,1,2,2550,235,41.2,45.1
2022-11-25,401485315,Loyola Marymount Lions,Bellarmine Knights,80,59,0,2,2351,91,42.6,43.1
2022-11-25,401486368,Vermont Catamounts,Ball State Cardinals,78,73,1,2,261,2050,52.8,51.9
2022-11-25,401486369,Missouri State Bears,UNC Wilmington Seahawks,54,68,1,2,2623,350,37.8,43.4
2022-11-25,401486370,North Texas Mean Green,San José State Spartans,69,54,1,2,249,23,45.7,58.6
2022-11-25,401486404,Loyola Maryland Greyhounds,Southern Jaguars,58,76,1,2,2352,2582,47.5,50.0
2022-11-25,401486405,Omaha Mavericks,UL Monroe Warhawks,63,56,1,2,2437,2433,48.8,35.5
2022-11-25,401486723,Dayton Flyers,BYU Cougars,75,79,1,2,2168,252,43.1,45.2
2022-11-25,401486724,Wisconsin Badgers,USC Trojans,64,59,1,2,275,30,44.6,41.1
2022-11-25,401486726,Vanderbilt Commodores,Fresno State Bulldogs,67,59,1,2,238,278,40.7,34.8
2022-11-25,401486727,Saint Mary's Gaels,Washington Huskies,64,68,1,2,2608,264,37.5,44.2
2022-11-25,401486729,Stanford Cardinal,Florida State Seminoles,70,60,1,2,24,52,42.2,43.8
2022-11-25,401486730,Ole Miss Rebels,Siena Saints,74,62,1,2,145,2561,50.0,42.9
2022-11-25,401486731,Memphis Tigers,Nebraska Cornhuskers,73,61,1,2,235,158,49.2,43.1
2022-11-25,401486737,Villanova Wildcats,Portland Pilots,71,83,1,2,222,2501,33.3,56.3
2022-11-25,401486738,Iowa State Cyclones,North Carolina Tar Heels,70,65,1,2,66,153,43.9,44.0
2022-11-25,401486745,Florida Gators,Oregon State Beavers,81,68,1,2,57,204,56.6,46.4
2022-11-25,401486746,Xavier Musketeers,Duke Blue Devils,64,71,1,2,2752,150,38.5,50.0
2022-11-25,401487157,UTEP Miners,Texas A&M-Corpus Christi Islanders,72,67,0,2,2638,357,47.1,37.5
2022-11-25,401487367,Incarnate Word Cardinals,Dartmouth Big Green,69,64,1,2,2916,159,39.0,37.7
2022-11-25,401487431,Harvard Crimson,Loyola Chicago Ramblers,61,55,0,2,108,2350,46.0,43.1
2022-11-25,401487453,Pennsylvania Quakers,Hartford Hawks,75,55,0,2,219,42,46.6,31.3
2022-11-25,401488216,Colgate Raiders,Delaware Blue Hens,68,72,1,2,2142,48,45.0,47.5
2022-11-25,401488637,LSU New Orleans Privateers,Denver Pioneers,76,77,0,2,2443,2172,50.0,53.1
2022-11-25,401488683,Ohio Bobcats,Eastern Illinois Panthers,78,67,0,2,195,2197,42.2,45.1
2022-11-25,401488696,Alcorn State Braves,Cal State Bakersfield Roadrunners,62,54,1,2,2016,2934,38.5,37.5
2022-11-25,401488707,Eastern Washington Eagles,Stony Brook Seawolves,81,52,1,2,331,2619,55.4,45.0
2022-11-25,401488720,South Florida Bulls,St. Francis Brooklyn Terriers,75,60,0,2,58,2597,46.0,39.1
2022-11-25,401489070,North Dakota Fighting Hawks,Utah Tech Trailblazers,67,52,0,2,155,3101,50.0,35.1
2022-11-25,401491793,Davidson Wildcats,San Francisco Dons,89,80,0,2,2166,2539,60.9,46.7
2022-11-25,401491867,Washington State Cougars,Detroit Mercy Titans,96,54,0,2,265,2174,60.7,38.3
2022-11-25,401491891,South Alabama Jaguars,Evansville Purple Aces,78,67,1,2,6,339,45.0,47.2
2022-11-25,401493504,The Citadel Bulldogs,IU Indianapolis Jaguars,74,53,1,2,2643,85,44.3,34.0
2022-11-25,401493944,Samford Bulldogs,Louisiana Tech Bulldogs,76,79,0,2,2535,2348,45.1,46.2
2022-11-25,401497078,Montana State Bobcats,UNC Greensboro Spartans,66,77,1,2,147,2430,43.1,46.9
2022-11-25,401497575,Towson Tigers,Fairfield Stags,69,74,1,2,119,2217,44.4,50.0
2022-11-25,401497578,Valparaiso Beacons,South Dakota State Jackrabbits,50,61,1,2,2674,2571,36.7,41.2
2022-11-25,401498726,Quinnipiac Bobcats,Stephen F. Austin Lumberjacks,58,44,1,2,2514,2617,44.4,32.1
2022-11-25,401500675,Longwood Lancers,Mary Baldwin Fighting Squirrels,112,60,0,2,2344,124942,71.0,41.5
2022-11-25,401502043,James Madison Dukes,Coastal Georgia Mariner,100,54,1,2,256,3189,53.2,35.1
2022-11-26,401482902,Clemson Tigers,Iowa Hawkeyes,71,74,1,2,228,2294,40.6,38.3
2022-11-26,401482925,Georgia Tech Yellow Jackets,North Alabama Lions,80,61,0,2,59,2453,59.6,41.9
2022-11-26,401482970,Pittsburgh Panthers,William & Mary Tribe,80,64,0,2,221,2729,43.5,41.7
2022-11-26,401482978,Syracuse Orange,Bryant Bulldogs,72,73,0,2,183,2803,40.0,40.0
2022-11-26,401482995,Virginia Tech Hokies,Charleston Southern Buccaneers,69,64,0,2,259,2127,42.6,43.3
2022-11-26,401483004,Wake Forest Demon Deacons,Hampton Pirates,97,70,0,2,154,2261,54.3,38.5
2022-11-26,401483200,Missouri Tigers,Houston Christian Huskies,105,69,0,2,142,2277,64.2,44.6
2022-11-26,401483302,TCU Horned Frogs,California Golden Bears,59,48,1,2,2628,25,39.3,41.0
2022-11-26,401483312,Texas Longhorns,UT Rio Grande Valley Vaqueros,91,54,0,2,251,292,45.8,35.2
2022-11-26,401483341,Illinois Fighting Illini,Lindenwood Lions,92,59,0,2,356,2815,58.1,41.4
2022-11-26,401483401,Penn State Nittany Lions,Lafayette Leopards,70,57,0,2,213,322,48.2,31.0
2022-11-26,401483416,Rutgers Scarlet Knights,Central Connecticut Blue Devils,83,49,0,2,164,2115,53.7,31.6
2022-11-26,401485051,VMI Keydets,Regent Royals,108,58,0,2,2678,111926,66.1,38.1
2022-11-26,401485157,Georgetown Hoyas,UMBC Retrievers,79,70,0,2,46,2378,41.2,33.8
2022-11-26,401485158,St. John's Red Storm,Niagara Purple Eagles,78,70,0,2,2599,315,39.4,40.0
2022-11-26,401485159,Providence Friars,Columbia Lions,78,64,0,2,2507,171,44.1,38.7
2022-11-26,401485316,Central Arkansas Bears,Northwestern State Demons,66,74,0,2,2110,2466,34.7,35.1
2022-11-26,401485317,George Mason Patriots,Queens University Royals,72,65,0,2,2244,2511,50.0,39.3
2022-11-26,401485318,Liberty Flames,Delaware State Hornets,80,53,0,2,2335,2169,52.5,35.3
2022-11-26,401486294,Bowling Green Falcons,Southern Indiana Screaming Eagles,57,69,0,2,189,88,35.0,41.3
2022-11-26,401486378,Oakland Golden Grizzlies,Long Beach State Beach,70,78,1,2,2473,299,39.4,50.7
2022-11-26,401486379,Ball State Cardinals,Missouri State Bears,67,64,1,2,2050,2623,45.1,42.6
2022-11-26,401486380,San José State Spartans,Oakland Golden Grizzlies,80,67,1,2,23,2473,55.4,40.4
2022-11-26,401486381,Vermont Catamounts,UNC Wilmington Seahawks,66,68,1,2,261,350,47.8,37.5
2022-11-26,401486406,UL Monroe Warhawks,Loyola Maryland Greyhounds,64,65,1,2,2433,2352,50.0,44.6
2022-11-26,401486407,Omaha Mavericks,Southern Jaguars,88,78,1,2,2437,2582,53.1,45.2
2022-11-26,401486408,California Golden Bears,Clemson Tigers,59,67,1,2,25,228,39.6,53.5
2022-11-26,401486454,Miami (OH) RedHawks,Little Rock Trojans,80,67,0,2,193,2031,50.0,46.3
2022-11-26,401486721,NC State Wolfpack,Butler Bulldogs,76,61,1,2,152,2086,44.6,41.9
2022-11-26,401486722,Kansas Jayhawks,Tennessee Volunteers,50,64,1,2,2305,2633,32.1,41.5
2022-11-26,401486732,Seton Hall Pirates,Oklahoma Sooners,64,77,1,2,2550,201,44.2,51.8
2022-11-26,401486739,Michigan State Spartans,Oregon Ducks,74,70,1,2,127,2483,44.3,42.9
2022-11-26,401486740,Alabama Crimson Tide,UConn Huskies,67,82,1,2,333,41,42.0,43.3
2022-11-26,401486747,Portland State Vikings,West Virginia Mountaineers,71,89,1,2,2502,277,38.3,60.8
2022-11-26,401486748,Gonzaga Bulldogs,Purdue Boilermakers,66,84,1,2,2250,2509,40.3,47.5
2022-11-26,401486939,Charlotte 49ers,Presbyterian Blue Hose,69,42,0,2,2429,2506,48.2,36.6
2022-11-26,401487133,UAB Blazers,Rhodes Lynx,110,53,0,2,5,2519,63.2,36.4
2022-11-26,401487261,New Mexico Lobos,Jacksonville State Gamecocks,79,61,0,2,167,55,44.4,37.9
2022-11-26,401487262,North Dakota State Bison,Northern Colorado Bears,70,80,1,2,2449,2458,45.8,48.2
2022-11-26,401487291,Colorado State Rams,Mississippi Valley State Delta Devils,88,45,0,2,36,2400,50.0,32.7
2022-11-26,401487301,UTSA Roadrunners,Grambling Tigers,55,75,0,2,2636,2755,29.6,42.6
2022-11-26,401487454,Pennsylvania Quakers,Colgate Raiders,81,69,0,2,219,2142,60.4,50.0
2022-11-26,401487583,Princeton Tigers,Northeastern Huskies,56,54,1,2,163,111,33.3,39.3
2022-11-26,401487584,Manhattan Jaspers,Army Black Knights,72,71,1,2,2363,349,42.6,46.7
2022-11-26,401487585,Hawai'i Rainbow Warriors,Sacramento State Hornets,74,61,1,2,62,16,60.0,47.1
2022-11-26,401487586,Southern Utah Thunderbirds,Texas State Bobcats,65,78,1,2,253,326,37.3,53.7
2022-11-26,401487648,George Washington Revolutionaries,New Hampshire Wildcats,75,54,0,2,45,160,50.0,31.3
2022-11-26,401487653,La Salle Explorers,Binghamton Bearcats,65,62,0,2,2325,2066,38.3,44.7
2022-11-26,401487705,VCU Rams,Kennesaw State Owls,64,61,0,2,2670,338,40.9,41.8
2022-11-26,401487721,Navy Midshipmen,Mount St. Mary's Mountaineers,75,59,0,2,2426,116,51.6,48.0
2022-11-26,401488203,Milwaukee Panthers,UC Davis Aggies,87,85,0,2,270,302,50.0,50.8
2022-11-26,401488217,Delaware Blue Hens,Hartford Hawks,78,50,1,2,48,42,44.6,36.2
2022-11-26,401488640,Idaho State Bengals,Bethune-Cookman Wildcats,66,68,1,2,304,2065,44.6,43.5
2022-11-26,401488685,Eastern Illinois Panthers,Alabama State Hornets,58,67,1,2,2197,2011,35.1,39.0
2022-11-26,401488797,Western Michigan Broncos,Cleveland State Vikings,49,71,0,2,2711,325,37.3,48.3
2022-11-26,401488815,Houston Cougars,Kent State Golden Flashes,49,44,0,2,248,2309,32.0,23.8
2022-11-26,401488992,Pacific Tigers,Idaho Vandals,81,84,0,2,279,70,47.4,55.2
2022-11-26,401489007,Bradley Braves,Merrimack Warriors,83,41,0,2,71,2771,56.6,21.4
2022-11-26,401489062,Boise State Broncos,Utah Valley Wolverines,87,69,0,2,68,3084,50.8,42.9
2022-11-26,401489076,Cal State Fullerton Titans,Utah Tech Trailblazers,60,66,1,2,2239,3101,47.2,52.3
2022-11-26,401489528,Georgia Southern Eagles,Oglethorpe Stormy Petrels,101,73,0,2,290,2476,59.2,48.3
2022-11-26,401489535,Coastal Carolina Chanticleers,South Dakota Coyotes,66,59,0,2,324,233,42.9,39.7
2022-11-26,401489544,Arkansas State Red Wolves,Prairie View A&M Panthers,59,67,0,2,2032,2504,40.8,41.0
2022-11-26,401489624,UAlbany Great Danes,Florida Atlantic Owls,56,73,0,2,399,2226,34.5,49.2
2022-11-26,401489633,SE Louisiana Lions,William Carey Crusaders,96,62,0,2,2545,2730,50.0,38.9
2022-11-26,401489684,UNC Asheville Bulldogs,Western Carolina Catamounts,73,61,0,2,2427,2717,47.2,40.0
2022-11-26,401489754,Hofstra Pride,Middle Tennessee Blue Raiders,54,64,1,2,2275,2393,38.5,40.6
2022-11-26,401489755,Middle Tennessee Blue Raiders,Stephen F. Austin Lumberjacks,75,63,1,2,2393,2617,52.3,37.7
2022-11-26,401491717,North Carolina A&T Aggies,Greensboro Pride,78,51,0,2,2448,2256,40.9,31.7
2022-11-26,401491808,Western Kentucky Hilltoppers,South Carolina State Bulldogs,90,64,0,2,98,2569,50.0,41.8
2022-11-26,401491835,Hofstra Pride,UNC Greensboro Spartans,65,53,1,2,2275,2430,44.7,35.7
2022-11-26,401491887,Drake Bulldogs,Louisiana Ragin' Cajuns,76,64,0,2,2181,309,41.7,43.3
2022-11-26,401491892,Evansville Purple Aces,Robert Morris Colonials,54,53,1,2,339,2523,36.2,38.8
2022-11-26,401492245,Southeast Missouri State Redhawks,Boston University Terriers,63,52,1,2,2546,104,,
2022-11-26,401492257,Bucknell Bison,Marist Red Foxes,54,60,0,2,2083,2368,33.9,32.8
2022-11-26,401492619,Oklahoma State Cowboys,Tulsa Golden Hurricane,82,56,0,2,197,202,48.5,36.4
2022-11-26,401492647,Wichita State Shockers,Tarleton State Texans,83,71,0,2,2724,2627,54.0,36.8
2022-11-26,401493674,Mercer Bears,Robert Morris Colonials,72,66,1,2,2382,2523,42.1,42.6
2022-11-26,401493684,Western Illinois Leathernecks,Youngstown State Penguins,64,88,0,2,2710,2754,42.6,51.5
2022-11-26,401493743,Northern Iowa Panthers,Northern Illinois Huskies,83,76,0,2,2460,2459,44.8,43.9
2022-11-26,401494408,Alabama A&M Bulldogs,UT Southern Firehawks,90,79,0,2,2010,2370,52.5,47.6
2022-11-26,401494594,UT Southern Firehawks,Louisiana Tech Bulldogs,47,91,1,2,2370,2348,25.0,43.5
2022-11-26,401494607,Towson Tigers,South Alabama Jaguars,62,60,1,2,119,6,44.4,39.7
2022-11-26,401494751,San Diego Toreros,New Mexico State Aggies,77,90,1,2,301,166,43.1,54.5
2022-11-26,401496940,North Carolina Central Eagles,Gardner-Webb Runnin' Bulldogs,58,53,0,2,2428,2241,36.2,35.2
2022-11-26,401497566,Austin Peay Governors,Howard Bison,55,56,0,2,2046,47,30.3,46.5
2022-11-26,401497572,UC Irvine Anteaters,Nicholls Colonels,83,56,1,2,300,2447,47.6,30.5
2022-11-26,401497580,South Dakota State Jackrabbits,James Madison Dukes,60,79,1,2,2571,256,42.3,50.0
2022-11-27,401482893,Boston College Eagles,Rhode Island Rams,53,49,0,2,103,227,30.4,30.5
2022-11-27,401482934,UCF Knights,Miami Hurricanes,64,66,0,2,2116,2390,45.3,48.1
2022-11-27,401483044,Auburn Tigers,Saint Louis Billikens,65,60,0,2,2,139,40.7,38.5
2022-11-27,401483054,Georgia Bulldogs,East Tennessee State Buccaneers,62,47,0,2,61,2193,42.1,39.2
2022-11-27,401483436,Arizona State Sun Devils,Alcorn State Braves,76,54,0,2,9,2016,46.2,27.1
2022-11-27,401483455,Colorado Buffaloes,Yale Bulldogs,65,62,0,2,38,43,42.4,45.0
2022-11-27,401483483,Utah Utes,St. Thomas Tommies,95,66,0,2,254,2900,60.0,41.1
2022-11-27,401485160,Marquette Golden Eagles,Chicago State Cougars,82,68,0,2,269,2130,50.9,43.4
2022-11-27,401485319,Central Arkansas Bears,Idaho State Bengals,81,77,0,2,2110,304,47.9,47.6
2022-11-27,401485465,LSU Tigers,Wofford Terriers,78,75,0,2,99,2747,52.8,48.3
2022-11-27,401486392,North Texas Mean Green,Long Beach State Beach,68,47,1,2,249,299,44.2,37.2
2022-11-27,401486393,Missouri State Bears,Oakland Golden Grizzlies,76,64,1,2,2623,2473,49.2,46.0
2022-11-27,401486394,Ball State Cardinals,San José State Spartans,65,67,1,2,2050,23,37.7,46.3
2022-11-27,401486395,Vermont Catamounts,Long Beach State Beach,58,78,1,2,261,299,35.8,55.9
2022-11-27,401486409,TCU Horned Frogs,Iowa Hawkeyes,79,66,1,2,2628,2294,54.8,42.6
2022-11-27,401486733,Memphis Tigers,Stanford Cardinal,56,48,1,2,235,24,38.9,29.3
2022-11-27,401486734,Oklahoma Sooners,Ole Miss Rebels,59,55,1,2,201,145,53.5,45.1
2022-11-27,401486736,Seton Hall Pirates,Siena Saints,55,60,1,2,2550,2561,32.7,42.9
2022-11-27,401486741,Oregon Ducks,Villanova Wildcats,74,67,1,2,2483,222,44.1,40.4
2022-11-27,401486742,Michigan State Spartans,Portland Pilots,78,77,1,2,127,2501,52.5,42.6
2022-11-27,401486744,Alabama Crimson Tide,North Carolina Tar Heels,103,101,1,2,333,153,41.1,41.8
2022-11-27,401486751,Purdue Boilermakers,Duke Blue Devils,75,56,1,2,2509,150,44.8,36.2
2022-11-27,401487263,New Mexico Lobos,North Dakota State Bison,76,55,0,2,167,2449,46.4,30.5
2022-11-27,401487264,Northern Colorado Bears,Jacksonville State Gamecocks,86,82,1,2,2458,55,47.4,47.0
2022-11-27,401487265,Jacksonville State Gamecocks,North Dakota State Bison,81,71,1,2,55,2449,46.6,40.7
2022-11-27,401487281,Air Force Falcons,Montana Grizzlies,59,56,0,2,2005,149,48.8,47.1
2022-11-27,401487332,Brown Bears,Maine Black Bears,70,63,0,2,225,311,43.1,48.2
2022-11-27,401487392,UNLV Rebels,Life Pacific Warriors,126,54,0,2,2439,109670,61.9,28.8
2022-11-27,401487432,Fordham Rams,Harvard Crimson,68,60,0,2,2230,108,35.0,39.0
2022-11-27,401487455,Pennsylvania Quakers,Delaware Blue Hens,86,73,0,2,219,48,56.9,42.2
2022-11-27,401487521,Saint Peter's Peacocks,Fairleigh Dickinson Knights,77,63,0,2,2612,161,56.0,39.7
2022-11-27,401487576,Santa Clara Broncos,Iona Gaels,86,76,1,2,2541,314,52.0,48.4
2022-11-27,401487587,Hawai'i Rainbow Warriors,Texas State Bobcats,72,65,1,2,62,326,51.1,44.8
2022-11-27,401487588,Sacramento State Hornets,Southern Utah Thunderbirds,87,91,1,2,16,253,45.3,48.5
2022-11-27,401487716,Eastern Michigan Eagles,UC San Diego Tritons,63,66,0,2,2199,28,37.5,43.9
2022-11-27,401488205,UC Davis Aggies,Southeast Missouri State Redhawks,73,71,1,2,302,2546,47.4,40.7
2022-11-27,401488218,Colgate Raiders,Hartford Hawks,92,58,1,2,2142,42,61.7,37.3
2022-11-27,401488628,Grambling Tigers,Incarnate Word Cardinals,61,63,1,2,2755,2916,50.0,39.2
2022-11-27,401488641,Bethune-Cookman Wildcats,Northwestern State Demons,66,69,1,2,2065,2466,40.4,40.0
2022-11-27,401488684,Ohio Bobcats,Alabama State Hornets,72,58,0,2,195,2011,45.9,36.9
2022-11-27,401488706,Florida International Panthers,Eastern Washington Eagles,90,79,0,2,2229,331,55.2,45.3
2022-11-27,401488728,SMU Mustangs,Lamar Cardinals,75,50,0,2,2567,2320,45.9,34.0
2022-11-27,401488824,Temple Owls,Drexel Dragons,73,61,0,2,218,2182,56.3,44.4
2022-11-27,401488999,Georgia State Panthers,Belmont Bruins,66,68,0,2,2247,2057,42.6,47.1
2022-11-27,401489483,California Baptist Lancers,Central Michigan Chippewas,77,61,0,2,2856,2117,47.5,40.6
2022-11-27,401489500,Southern Miss Golden Eagles,Mobile Rams,103,52,0,2,2572,2920,59.4,35.8
2022-11-27,401489509,Old Dominion Monarchs,East Carolina Pirates,71,50,0,2,295,151,47.4,31.4
2022-11-27,401489545,Arkansas State Red Wolves,Bethel (TN) Wildcats,90,65,0,2,2032,2064,58.6,43.6
2022-11-27,401489580,North Dakota Fighting Hawks,Cal State Fullerton Titans,73,57,0,2,155,2239,50.0,45.8
2022-11-27,401489584,Kansas City Roos,SIU Edwardsville Cougars,54,64,0,2,140,2565,32.2,31.3
2022-11-27,401489694,UMass Lowell River Hawks,Stonehill Skyhawks,73,59,0,2,2349,284,42.6,36.2
2022-11-27,401489756,Middle Tennessee Blue Raiders,Montana State Bobcats,72,71,1,2,2393,147,49.0,56.5
2022-11-27,401490526,Saint Francis Red Wolves,American University Eagles,55,66,0,2,2598,44,38.6,46.2
2022-11-27,401491263,Holy Cross Crusaders,Colby Sawyer Chargers,95,61,0,2,107,35,52.8,37.7
2022-11-27,401491668,NJIT Highlanders,Wagner Seahawks,57,62,0,2,2885,2681,42.9,38.1
2022-11-27,401491693,Northern Arizona Lumberjacks,Abilene Christian Wildcats,82,92,0,2,2464,2000,48.3,56.7
2022-11-27,401491705,Campbell Fighting Camels,Stetson Hatters,87,85,0,2,2097,56,60.0,53.8
2022-11-27,401491740,Elon Phoenix,Radford Highlanders,53,69,0,2,2210,2515,31.7,44.1
2022-11-27,401491836,Hofstra Pride,Quinnipiac Bobcats,72,70,1,2,2275,2514,42.2,39.7
2022-11-27,401491872,Oral Roberts Golden Eagles,Rogers State Hillcats,81,70,0,2,198,3122,50.0,37.3
2022-11-27,401491879,Marshall Thundering Herd,Morehead State Eagles,83,59,0,2,276,2413,54.0,33.3
2022-11-27,401492148,Milwaukee Panthers,Boston University Terriers,67,46,0,2,270,104,41.5,25.9
2022-11-27,401492297,Chattanooga Mocs,Murray State Racers,69,66,0,2,236,93,35.0,38.8
2022-11-27,401492303,Northern Kentucky Norse,Tennessee Tech Golden Eagles,85,77,0,2,94,2635,46.5,46.7
2022-11-27,401492425,Green Bay Phoenix,UIC Flames,64,78,0,2,2739,82,39.1,52.9
2022-11-27,401492429,Buffalo Bulls,Canisius Golden Griffins,86,66,0,2,2084,2099,48.5,33.3
2022-11-27,401492620,Oklahoma State Cowboys,Prairie View A&M Panthers,78,53,0,2,197,2504,55.6,36.8
2022-11-27,401493669,Purdue Fort Wayne Mastodons,Bluffton Beavers,106,41,0,2,2870,2074,62.0,27.4
2022-11-27,401493675,Robert Morris Colonials,South Alabama Jaguars,70,84,1,2,2523,6,44.8,58.9
2022-11-27,401493756,Indiana State Sycamores,Trinity Christian Trolls,105,68,0,2,282,2652,50.6,45.2
2022-11-27,401493943,Samford Bulldogs,UT Southern Firehawks,82,84,0,2,2535,2370,42.6,45.2
2022-11-27,401497079,UNC Greensboro Spartans,Stephen F. Austin Lumberjacks,58,75,1,2,2430,2617,38.3,45.2
2022-11-27,401497512,Montana State Bobcats,Quinnipiac Bobcats,53,70,1,2,147,2514,35.1,40.3
2022-11-27,401497573,Nicholls Colonels,San Diego Toreros,72,70,1,2,2447,301,56.5,38.7
2022-11-27,401497574,UC Irvine Anteaters,New Mexico State Aggies,85,68,1,2,300,166,49.2,37.3
2022-11-27,401497576,Mercer Bears,Fairfield Stags,60,58,1,2,2382,2217,46.0,39.0
2022-11-27,401497577,Mercer Bears,Towson Tigers,60,70,1,2,2382,119,38.8,40.0
2022-11-27,401497579,James Madison Dukes,Valparaiso Beacons,79,81,1,2,256,2674,40.7,50.0
2022-11-27,401506451,Grand Canyon Lopes,Benedictine Mesa Redhawks,110,53,0,2,2253,110031,59.7,29.9
2022-11-28,401483465,UCLA Bruins,Bellarmine Knights,81,60,0,2,26,91,60.8,42.6
2022-11-28,401485013,Lehigh Mountain Hawks,Monmouth Hawks,80,76,0,2,2329,2405,48.0,49.2
2022-11-28,401486396,UNC Wilmington Seahawks,North Texas Mean Green,55,51,1,2,350,249,39.1,38.5
2022-11-28,401486735,Nebraska Cornhuskers,Florida State Seminoles,75,58,1,2,158,52,50.0,39.0
2022-11-28,401486743,UConn Huskies,Iowa State Cyclones,71,53,1,2,41,66,41.5,40.7
2022-11-28,401486749,Portland State Vikings,Oregon State Beavers,83,71,1,2,2502,204,46.9,42.9
2022-11-28,401486750,West Virginia Mountaineers,Florida Gators,84,55,1,2,277,57,43.3,34.5
2022-11-28,401486752,Gonzaga Bulldogs,Xavier Musketeers,88,84,1,2,2250,2752,50.0,51.5
2022-11-28,401487266,New Mexico Lobos,Northern Colorado Bears,98,74,0,2,167,2458,53.7,49.1
2022-11-28,401487368,Dartmouth Big Green,Grambling Tigers,49,73,1,2,159,2755,34.7,48.3
2022-11-28,401488204,Boston University Terriers,UC Davis Aggies,70,81,1,2,104,302,36.4,40.4
2022-11-28,401491770,UTSA Roadrunners,Dartmouth Big Green,77,78,0,2,2636,159,42.4,43.5
2022-11-28,401491893,Fairfield Stags,Evansville Purple Aces,63,56,1,2,2217,339,43.9,39.7
2022-11-29,401479670,Virginia Tech Hokies,Minnesota Golden Gophers,67,57,0,2,259,135,49.1,36.7
2022-11-29,401479671,Northwestern Wildcats,Pittsburgh Panthers,58,87,0,2,77,221,34.4,48.1
2022-11-29,401483278,Kansas Jayhawks,Texas Southern Tigers,87,55,0,2,2305,2640,54.5,43.4
2022-11-29,401484863,App State Mountaineers,Furman Paladins,61,65,0,2,2026,231,43.1,38.1
2022-11-29,401485162,St. John's Red Storm,Long Island University Sharks,95,68,0,2,2599,112358,60.6,45.6
2022-11-29,401487303,UTSA Roadrunners,Incarnate Word Cardinals,68,62,0,2,2636,2916,43.9,37.5
2022-11-29,401487322,Nevada Wolf Pack,Sam Houston Bearkats,78,60,0,2,2440,2534,42.9,34.0
2022-11-29,401488544,UT Martin Skyhawks,McNeese Cowboys,86,83,0,2,2630,2377,46.6,50.8
2022-11-29,401488715,Tulane Green Wave,UL Monroe Warhawks,75,60,0,2,2655,2433,48.2,38.6
2022-11-29,401489038,Pacific Tigers,Cal Poly Mustangs,58,62,0,2,279,13,41.7,41.2
2022-11-29,401489089,UT Arlington Mavericks,Howard Payne Yellow Jackets,99,41,0,2,250,2758,51.3,26.2
2022-11-29,401489103,Washington Huskies,Seattle U Redhawks,77,66,0,2,264,2547,50.0,32.9
2022-11-29,401489566,Mississippi State Bulldogs,Omaha Mavericks,74,54,0,2,344,2437,43.1,40.7
2022-11-29,401491842,Stony Brook Seawolves,St. Joseph's Long Island Golden Eagles,89,48,0,2,2619,3196,50.0,33.9
2022-11-29,401492366,Marist Red Foxes,Columbia Lions,52,39,0,2,2368,171,35.0,25.0
2022-11-29,401492448,Sacred Heart Pioneers,Western New England Golden Bears,100,59,0,2,2529,7933,51.5,42.3
2022-11-29,401493635,Milwaukee Panthers,Southeast Missouri State Redhawks,84,68,0,2,270,2546,51.0,35.5
2022-11-29,401493836,Southern Jaguars,Champion Christian Tigers,112,52,0,2,2582,3134,57.3,31.0
2022-11-29,401493946,East Texas A&M Lions,Arlington Baptist Patriots,101,46,0,2,2837,3166,52.6,27.1
2022-11-29,401493952,Arkansas Razorbacks,Troy Trojans,74,61,0,2,8,2653,52.9,42.9
2022-11-29,401494409,Alabama A&M Bulldogs,Fisk Bulldogs,71,55,0,2,2010,2225,51.0,31.1
2022-11-29,401496632,South Dakota Coyotes,Mount Marty Lancers,97,58,0,2,233,573,56.7,40.7
2022-11-29,401496888,Morgan State Bears,Virginia Lynchburg Dragons,123,59,0,2,2415,3229,62.2,34.4
2022-11-29,401498751,San Diego Toreros,Longwood Lancers,71,68,0,2,301,2344,47.4,43.3
2022-11-29,401499093,Bryant Bulldogs,Framingham State Rams,98,44,0,2,2803,126956,53.8,25.0
2022-11-30,401479672,Illinois Fighting Illini,Syracuse Orange,73,44,0,2,356,183,35.8,27.8
2022-11-30,401479673,Louisville Cardinals,Maryland Terrapins,54,79,0,2,97,120,33.9,50.0
2022-11-30,401479674,Clemson Tigers,Penn State Nittany Lions,101,94,0,2,228,213,50.8,40.8
2022-11-30,401479675,Michigan Wolverines,Virginia Cavaliers,68,70,0,2,130,258,53.1,50.9
2022-11-30,401479676,Wisconsin Badgers,Wake Forest Demon Deacons,75,78,0,2,275,154,42.9,53.7
2022-11-30,401479677,Iowa Hawkeyes,Georgia Tech Yellow Jackets,81,65,0,2,2294,59,45.0,39.1
2022-11-30,401479684,Marquette Golden Eagles,Baylor Bears,96,70,0,2,269,239,58.3,48.2
2022-11-30,401479687,Butler Bulldogs,Kansas State Wildcats,76,64,0,2,2086,2306,54.9,46.0
2022-11-30,401482943,NC State Wolfpack,William & Mary Tribe,85,64,0,2,152,2729,49.2,38.6
2022-11-30,401483166,Kentucky Wildcats,Bellarmine Knights,60,41,0,2,96,91,41.5,30.4
2022-11-30,401483201,Wichita State Shockers,Missouri Tigers,84,88,0,2,2724,142,54.1,42.3
2022-11-30,401485052,Presbyterian Blue Hose,VMI Keydets,72,57,0,2,2506,2678,43.1,33.3
2022-11-30,401485320,Bowling Green Falcons,Queens University Royals,66,72,0,2,189,2511,38.0,48.1
2022-11-30,401485322,Lipscomb Bisons,Navy Midshipmen,82,77,0,2,288,2426,45.9,49.1
2022-11-30,401485474,Houston Cougars,Norfolk State Spartans,100,52,0,2,248,2450,57.6,35.1
2022-11-30,401486455,Miami (OH) RedHawks,Jackson State Tigers,95,78,0,2,193,2296,60.0,47.5
2022-11-30,401486940,Davidson Wildcats,Charlotte 49ers,66,68,0,2,2166,2429,44.2,46.6
2022-11-30,401487333,Central Connecticut Blue Devils,Brown Bears,51,59,0,2,2115,225,35.1,39.6
2022-11-30,401487621,Duquesne Dukes,UC Santa Barbara Gauchos,72,61,0,2,2184,2540,49.1,48.9
2022-11-30,401487654,La Salle Explorers,Temple Owls,51,67,1,2,2325,218,31.9,46.2
2022-11-30,401487699,South Florida Bulls,Massachusetts Minutemen,67,73,0,2,58,113,41.0,47.4
2022-11-30,401488195,San Diego State Aztecs,UC Irvine Anteaters,72,69,0,2,21,300,46.6,44.6
2022-11-30,401489058,BYU Cougars,Westminster (UT) Griffins,100,70,1,2,252,224,52.2,50.0
2022-11-30,401489111,Grand Canyon Lopes,Alcorn State Braves,80,72,0,2,2253,2016,55.1,41.7
2022-11-30,401489501,Southern Miss Golden Eagles,Montana Grizzlies,64,54,0,2,2572,149,39.6,38.3
2022-11-30,401489510,Charleston Cougars,Old Dominion Monarchs,75,60,0,2,232,295,48.1,44.2
2022-11-30,401489558,St. Thomas Tommies,North Central Rams,111,63,0,2,2900,121894,60.6,45.3
2022-11-30,401489585,Kansas City Roos,Idaho State Bengals,65,75,0,2,140,304,38.6,43.4
2022-11-30,401489625,American University Eagles,UAlbany Great Danes,88,62,0,2,44,399,71.4,44.0
2022-11-30,401489657,East Carolina Pirates,South Carolina State Bulldogs,68,73,0,2,151,2569,46.6,46.0
2022-11-30,401489695,UMass Lowell River Hawks,Merrimack Warriors,77,51,0,2,2349,2771,50.8,33.3
2022-11-30,401490547,Army Black Knights,Merchant Marine Mariners,88,57,0,2,349,2383,51.6,36.0
2022-11-30,401491224,Binghamton Bearcats,Loyola Maryland Greyhounds,70,84,0,2,2066,2352,49.2,56.1
2022-11-30,401491694,Northern Arizona Lumberjacks,Ottawa (AZ) Spirit,82,51,0,2,2464,111254,41.7,29.8
2022-11-30,401491744,North Carolina Central Eagles,UNC Asheville Bulldogs,79,66,0,2,2428,2427,52.9,52.2
2022-11-30,401491749,Winthrop Eagles,Toccoa Falls Eagles,99,52,0,2,2737,2648,58.0,31.5
2022-11-30,401491873,Oral Roberts Golden Eagles,Ozark Christian Ambassadors,116,68,0,2,198,127162,53.1,40.6
2022-11-30,401491897,Morehead State Eagles,Kentucky Christian Knights,109,62,0,2,2413,3077,60.0,38.7
2022-11-30,401492643,Louisiana Ragin' Cajuns,Loyola New Orleans Wolfpack,104,70,0,2,309,100,60.9,42.6
2022-11-30,401493467,Boise State Broncos,Cal State Northridge Matadors,55,46,0,2,68,2463,36.5,30.6
2022-11-30,401493497,Tarleton State Texans,Weber State Wildcats,75,65,0,2,2627,2692,52.1,40.4
2022-11-30,401493806,SIU Edwardsville Cougars,St. Ambrose Fighting Bees,89,54,0,2,2565,2591,49.2,36.2
2022-11-30,401493959,Wyoming Cowboys,Santa Clara Broncos,85,89,1,2,2751,2541,53.2,53.0
2022-11-30,401496898,Central Michigan Chippewas,Purdue Northwest Pride,74,67,0,2,2117,368,48.0,38.3
2022-11-30,401497712,Cal State Bakersfield Roadrunners,La Sierra Golden Eagles,90,49,0,2,2934,3167,60.3,27.8
2022-11-30,401499131,Nicholls Colonels,Champion Christian Tigers,115,50,0,2,2447,3134,61.3,32.8
2022-11-30,401500676,North Florida Ospreys,Trinity College of Jacksonville Eagles,90,49,0,2,2454,3174,54.4,32.8
2022-11-30,401504318,Stetson Hatters,Johnson University Florida Suns,125,51,0,2,56,3097,59.1,29.7
2022-12-01,401479678,Duke Blue Devils,Ohio State Buckeyes,81,72,0,2,150,194,45.5,47.3
2022-12-01,401479679,Florida State Seminoles,Purdue Boilermakers,69,79,0,2,52,2509,37.9,46.4
2022-12-01,401479680,Miami Hurricanes,Rutgers Scarlet Knights,68,61,0,2,2390,164,49.1,37.3
2022-12-01,401479681,Indiana Hoosiers,North Carolina Tar Heels,77,65,0,2,84,153,50.0,33.9
2022-12-01,401479682,Notre Dame Fighting Irish,Michigan State Spartans,70,52,0,2,87,127,50.0,38.9
2022-12-01,401479683,Nebraska Cornhuskers,Boston College Eagles,88,67,0,2,158,103,61.5,44.4
2022-12-01,401479685,TCU Horned Frogs,Providence Friars,75,62,0,2,2628,2507,50.0,41.5
2022-12-01,401479686,Texas Tech Red Raiders,Georgetown Hoyas,79,65,0,2,2641,46,50.9,44.6
2022-12-01,401479689,UConn Huskies,Oklahoma State Cowboys,74,64,0,2,41,197,37.5,39.3
2022-12-01,401483034,Florida Gators,Florida A&M Rattlers,102,62,0,2,57,50,62.1,34.5
2022-12-01,401483055,Georgia Bulldogs,Hampton Pirates,73,54,0,2,61,2261,44.4,31.3
2022-12-01,401483219,George Washington Revolutionaries,South Carolina Gamecocks,79,55,0,2,45,2579,50.8,32.3
2022-12-01,401483234,Tennessee Volunteers,McNeese Cowboys,76,40,0,2,2633,2377,42.6,28.6
2022-12-01,401483240,Texas A&M Aggies,SMU Mustangs,83,64,0,2,245,2567,49.2,34.5
2022-12-01,401483252,VCU Rams,Vanderbilt Commodores,70,65,0,2,2670,238,43.2,42.9
2022-12-01,401483270,Iowa State Cyclones,North Dakota Fighting Hawks,63,44,0,2,66,155,42.1,35.4
2022-12-01,401483447,California Golden Bears,USC Trojans,51,66,0,2,25,30,27.7,44.2
2022-12-01,401485014,Rider Broncs,Monmouth Hawks,88,62,0,2,2520,2405,57.7,35.1
2022-12-01,401485163,Xavier Musketeers,SE Louisiana Lions,95,63,0,2,2752,2545,53.7,36.2
2022-12-01,401485164,DePaul Blue Demons,Samford Bulldogs,103,98,0,2,305,2535,52.5,45.3
2022-12-01,401485321,Georgia Southern Eagles,Florida Gulf Coast Eagles,53,70,0,2,290,526,42.0,48.1
2022-12-01,401485323,Loyola Chicago Ramblers,Central Arkansas Bears,85,70,0,2,2350,2110,54.5,42.9
2022-12-01,401485515,East Tennessee State Buccaneers,Mars Hill Mountain Lions,84,56,0,2,2193,2369,53.8,37.5
2022-12-01,401487109,Rice Owls,Prairie View A&M Panthers,70,62,0,2,242,2504,41.7,42.3
2022-12-01,401487134,UAB Blazers,Jacksonville Dolphins,80,61,0,2,5,294,41.7,40.0
2022-12-01,401487158,New Mexico State Aggies,UTEP Miners,95,70,0,2,166,2638,57.7,41.7
2022-12-01,401487282,Air Force Falcons,Arkansas-Pine Bluff Golden Lions,81,53,0,2,2005,2029,54.0,33.9
2022-12-01,401487292,Colorado State Rams,Loyola Marymount Lions,87,71,0,2,36,2351,53.2,43.5
2022-12-01,401487356,Saint Mary's Gaels,New Mexico Lobos,65,69,0,2,2608,167,44.7,49.0
2022-12-01,401487369,Dartmouth Big Green,Vermont State Johnson Badgers,99,41,0,2,159,126751,51.4,24.6
2022-12-01,401487433,Holy Cross Crusaders,Harvard Crimson,38,72,0,2,107,108,32.7,39.4
2022-12-01,401487456,Pennsylvania Quakers,Saint Joseph's Hawks,80,85,0,2,219,2603,42.2,44.6
2022-12-01,401487475,Yale Bulldogs,Howard Bison,86,40,0,2,43,47,49.2,34.6
2022-12-01,401487522,Hartford Hawks,Fairleigh Dickinson Knights,74,66,0,2,42,161,50.0,42.9
2022-12-01,401487615,Dayton Flyers,Western Michigan Broncos,67,47,0,2,2168,2711,47.7,32.1
2022-12-01,401487631,Fordham Rams,Maine Black Bears,72,67,0,2,2230,311,46.2,45.5
2022-12-01,401487638,George Mason Patriots,Hofstra Pride,81,77,0,2,2244,2275,42.9,40.9
2022-12-01,401487671,Toledo Rockets,Richmond Spiders,90,67,0,2,2649,257,49.2,36.2
2022-12-01,401487684,Saint Louis Billikens,Tennessee State Tigers,80,63,0,2,139,2634,45.1,35.6
2022-12-01,401487693,St. Bonaventure Bonnies,Middle Tennessee Blue Raiders,71,64,0,2,179,2393,48.9,46.6
2022-12-01,401488730,Memphis Tigers,North Alabama Lions,87,68,0,2,235,2453,55.0,41.9
2022-12-01,401489023,Portland Pilots,Multnomah Lions,100,79,0,2,2501,109661,50.0,43.1
2022-12-01,401489081,UT Rio Grande Valley Vaqueros,Texas A&M-Corpus Christi Islanders,89,82,0,2,292,357,52.8,46.9
2022-12-01,401489096,Southern Utah Thunderbirds,Montana State Bobcats,83,86,0,2,253,147,50.0,50.0
2022-12-01,401489104,Seattle U Redhawks,Cal State Fullerton Titans,69,62,0,2,2547,2239,42.1,41.5
2022-12-01,401489484,California Baptist Lancers,UC Riverside Highlanders,65,60,0,2,2856,27,37.0,36.1
2022-12-01,401489536,Coastal Carolina Chanticleers,UNC Wilmington Seahawks,58,60,0,2,324,350,36.2,38.6
2022-12-01,401489603,Incarnate Word Cardinals,Dallas Christian Crusaders,112,64,0,2,2916,2937,58.8,41.1
2022-12-01,401489665,North Carolina A&T Aggies,UNC Greensboro Spartans,73,56,0,2,2448,2430,39.7,35.3
2022-12-01,401489674,Cincinnati Bearcats,NJIT Highlanders,86,60,0,2,2132,2885,50.0,42.0
2022-12-01,401489685,Western Carolina Catamounts,Gardner-Webb Runnin' Bulldogs,55,71,0,2,2717,2241,34.1,48.2
2022-12-01,401489708,UMBC Retrievers,Coppin State Eagles,109,82,0,2,2378,2154,48.7,46.3
2022-12-01,401489717,Florida Atlantic Owls,South Alabama Jaguars,84,59,0,2,2226,6,60.7,43.9
2022-12-01,401490120,Bradley Braves,Northern Iowa Panthers,68,53,0,2,71,2460,50.0,35.3
2022-12-01,401490121,Indiana State Sycamores,Drake Bulldogs,75,73,0,2,282,2181,40.7,45.2
2022-12-01,401490122,Evansville Purple Aces,Southern Illinois Salukis,53,80,0,2,339,79,40.4,60.7
2022-12-01,401490123,UIC Flames,Missouri State Bears,51,66,0,2,82,2623,30.2,37.0
2022-12-01,401490465,St. Francis Brooklyn Terriers,Delaware State Hornets,81,73,0,2,2597,2169,45.5,42.0
2022-12-01,401491674,New Hampshire Wildcats,Sacred Heart Pioneers,61,66,0,2,160,2529,35.1,41.5
2022-12-01,401491699,Portland State Vikings,Portland Bible PORTLAND BIBLE,114,31,0,2,2502,3217,60.5,25.0
2022-12-01,401491711,Charleston Southern Buccaneers,The Citadel Bulldogs,73,76,0,2,2127,2643,45.0,46.9
2022-12-01,401491724,High Point Panthers,Elon Phoenix,84,70,0,2,2272,2210,47.7,41.3
2022-12-01,401491809,Austin Peay Governors,Western Kentucky Hilltoppers,74,75,0,2,2046,98,50.0,53.7
2022-12-01,401491822,Drexel Dragons,Lafayette Leopards,64,56,0,2,2182,322,49.1,48.0
2022-12-01,401491880,Marshall Thundering Herd,Akron Zips,68,57,0,2,276,2006,41.0,33.8
2022-12-01,401492258,Bucknell Bison,Saint Francis Red Wolves,89,65,0,2,2083,2598,51.5,39.3
2022-12-01,401492298,Tennessee Tech Golden Eagles,Chattanooga Mocs,74,81,0,2,2635,236,42.2,58.5
2022-12-01,401492351,Maryland Eastern Shore Hawks,Lehigh Mountain Hawks,64,60,0,2,2379,2329,38.6,34.4
2022-12-01,401492371,Princeton Tigers,Cairn University Highlanders,92,58,0,2,163,3216,47.1,35.5
2022-12-01,401492451,Stonehill Skyhawks,Eastern Nazarene Lions,92,45,0,2,284,412,55.0,31.0
2022-12-01,401492626,South Carolina Upstate Spartans,Columbia International Rams,93,59,0,2,2908,3242,54.8,38.9
2022-12-01,401492636,Florida International Panthers,Eastern Michigan Eagles,68,80,0,2,2229,2199,49.1,49.2
2022-12-01,401493744,Eastern Illinois Panthers,Northern Illinois Huskies,70,90,0,2,2197,2459,47.5,61.7
2022-12-01,401493747,Ohio Bobcats,Cincinnati Clermont Cougars,113,44,0,2,195,108799,62.5,30.5
2022-12-01,401493796,Lindenwood Lions,East West Phantoms,103,56,0,2,2815,3107,57.5,33.8
2022-12-01,401493799,San Francisco Dons,Little Rock Trojans,90,68,0,2,2539,2031,46.9,42.1
2022-12-01,401493817,Western Illinois Leathernecks,Southern Indiana Screaming Eagles,86,78,0,2,2710,88,51.9,47.1
2022-12-01,401493955,Abilene Christian Wildcats,North American Stallions,93,46,0,2,2000,126750,45.6,31.7
2022-12-01,401501968,Hawai'i Rainbow Warriors,East Texas A&M Lions,51,53,0,2,62,2837,32.7,31.7
2022-12-02,401469974,Purdue Fort Wayne Mastodons,Detroit Mercy Titans,66,75,0,2,2870,2174,38.7,34.3
2022-12-02,401469975,Cleveland State Vikings,Oakland Golden Grizzlies,80,64,0,2,325,2473,42.7,38.2
2022-12-02,401469976,Green Bay Phoenix,Milwaukee Panthers,67,81,0,2,2739,270,40.4,54.5
2022-12-02,401469977,Wright State Raiders,Robert Morris Colonials,59,80,0,2,2750,2523,41.5,52.5
2022-12-02,401469978,Northern Kentucky Norse,Youngstown State Penguins,77,73,0,2,94,2754,36.1,43.3
2022-12-02,401479688,Texas Longhorns,Creighton Bluejays,72,67,0,2,251,156,41.9,40.9
2022-12-02,401479690,Kansas Jayhawks,Seton Hall Pirates,91,65,0,2,2305,2550,56.9,43.8
2022-12-02,401483429,Utah Utes,Arizona Wildcats,81,66,0,2,254,12,43.7,35.2
2022-12-02,401483437,Colorado Buffaloes,Arizona State Sun Devils,59,60,0,2,38,9,37.7,39.3
2022-12-02,401483466,Stanford Cardinal,UCLA Bruins,66,80,0,2,24,26,45.3,59.3
2022-12-02,401486955,Manhattan Jaspers,Fairfield Stags,56,53,0,2,2363,2217,44.4,32.2
2022-12-02,401486956,Saint Peter's Peacocks,Mount St. Mary's Mountaineers,58,73,0,2,2612,116,39.7,40.4
2022-12-02,401487334,Bryant Bulldogs,Brown Bears,60,72,0,2,2803,225,40.7,54.9
2022-12-02,401487403,Utah State Aggies,Utah Tech Trailblazers,86,81,0,2,328,3101,54.5,48.1
2022-12-02,401488206,UC Davis Aggies,Pacific Tigers,72,74,0,2,302,279,42.1,38.2
2022-12-02,401489502,Stephen F. Austin Lumberjacks,Northwestern State Demons,96,102,0,2,2617,2466,56.6,51.6
2022-12-02,401489522,Georgia State Panthers,Middle Georgia Knights,79,53,0,2,2247,109014,47.6,28.3
2022-12-02,401489546,Arkansas State Red Wolves,Mississippi Valley State Delta Devils,58,38,0,2,2032,2400,53.8,29.2
2022-12-02,401489591,Houston Christian Huskies,Denver Pioneers,83,93,0,2,2277,2172,50.8,67.3
2022-12-02,401489609,Lamar Cardinals,Texas State Bobcats,55,65,0,2,2320,326,37.0,48.1
2022-12-02,401489679,Vermont Catamounts,Vermont State Lyndon Hornets,101,63,0,2,261,551,57.1,46.7
2022-12-02,401489704,Wofford Terriers,Presbyterian Blue Hose,76,63,0,2,2747,2506,56.0,54.0
2022-12-02,401490124,Belmont Bruins,Valparaiso Beacons,76,64,0,2,2057,2674,43.3,40.6
2022-12-02,401490125,Murray State Racers,Illinois State Redbirds,70,67,0,2,93,2287,42.6,45.0
2022-12-02,401490310,Oregon Ducks,Washington State Cougars,74,60,0,2,2483,265,51.6,47.2
2022-12-02,401490311,Oregon State Beavers,Washington Huskies,66,65,0,2,204,264,44.9,40.0
2022-12-02,401490513,Delaware Blue Hens,Cornell Big Red,67,74,0,2,48,172,49.1,46.8
2022-12-02,401491741,Radford Highlanders,North Carolina Central Eagles,80,78,0,2,2515,2428,58.3,48.5
2022-12-02,401492205,Bethune-Cookman Wildcats,Chicago State Cougars,86,73,0,2,2065,2130,42.9,40.7
2022-12-03,401469979,Purdue Fort Wayne Mastodons,Oakland Golden Grizzlies,79,73,0,2,2870,2473,39.4,40.3
2022-12-03,401469980,Cleveland State Vikings,Detroit Mercy Titans,92,77,0,2,325,2174,50.8,38.8
2022-12-03,401469982,Northern Kentucky Norse,Robert Morris Colonials,60,56,0,2,94,2523,40.4,48.8
2022-12-03,401479691,Villanova Wildcats,Oklahoma Sooners,70,66,0,2,222,201,56.8,48.0
2022-12-03,401482926,Georgia Tech Yellow Jackets,Northeastern Huskies,81,63,0,2,59,111,44.4,35.5
2022-12-03,401483045,Auburn Tigers,Colgate Raiders,93,66,0,2,2,2142,55.2,43.9
2022-12-03,401483056,Georgia Bulldogs,Florida A&M Rattlers,68,46,0,2,61,50,48.1,36.0
2022-12-03,401483220,Georgetown Hoyas,South Carolina Gamecocks,71,74,0,2,46,2579,43.1,45.2
2022-12-03,401483253,Vanderbilt Commodores,Wofford Terriers,65,62,0,2,238,2747,49.1,42.9
2022-12-03,401483258,Gonzaga Bulldogs,Baylor Bears,63,64,1,2,2250,239,36.1,37.1
2022-12-03,401483395,Ohio State Buckeyes,Saint Francis Red Wolves,96,59,0,2,194,2598,50.0,40.7
2022-12-03,401483424,Marquette Golden Eagles,Wisconsin Badgers,77,80,0,2,269,275,50.9,50.8
2022-12-03,401484369,Rhode Island Rams,Providence Friars,74,88,0,2,227,2507,47.6,54.0
2022-12-03,401484833,Maryland Terrapins,Illinois Fighting Illini,71,66,0,2,120,356,44.4,44.3
2022-12-03,401484834,Rutgers Scarlet Knights,Indiana Hoosiers,63,48,0,2,164,84,36.7,30.4
2022-12-03,401484864,Furman Paladins,South Carolina State Bulldogs,88,76,0,2,231,2569,56.1,47.0
2022-12-03,401485053,VMI Keydets,Navy Midshipmen,80,72,0,2,2678,2426,47.5,47.5
2022-12-03,401485165,Loyola Chicago Ramblers,DePaul Blue Demons,72,78,0,2,2350,305,52.8,45.5
2022-12-03,401485166,Butler Bulldogs,Tennessee Tech Golden Eagles,80,66,0,2,2086,2635,50.9,41.5
2022-12-03,401485167,Xavier Musketeers,West Virginia Mountaineers,84,74,0,2,2752,277,53.8,45.8
2022-12-03,401485324,Liberty Flames,Maryland Eastern Shore Hawks,79,59,0,2,2335,2379,50.0,46.2
2022-12-03,401485325,Queens University Royals,Paine Lions,89,60,0,2,2511,2488,49.3,37.5
2022-12-03,401485466,LSU Tigers,UT Arlington Mavericks,63,59,0,2,99,250,41.2,37.5
2022-12-03,401485516,East Tennessee State Buccaneers,Jacksonville State Gamecocks,61,63,0,2,2193,55,43.1,43.2
2022-12-03,401486941,Charlotte 49ers,App State Mountaineers,71,62,0,2,2429,2026,48.1,39.6
2022-12-03,401486957,Iona Gaels,Niagara Purple Eagles,78,56,0,2,314,315,45.6,35.8
2022-12-03,401486958,Siena Saints,Canisius Golden Griffins,74,70,0,2,2561,2099,44.2,41.5
2022-12-03,401486960,Mount St. Mary's Mountaineers,Rider Broncs,65,68,0,2,116,2520,45.1,37.9
2022-12-03,401487159,UTEP Miners,Northern New Mexico Eagles,87,50,0,2,2638,3141,44.3,37.5
2022-12-03,401487283,Portland State Vikings,Air Force Falcons,68,64,0,2,2502,2005,50.0,40.0
2022-12-03,401487293,Colorado State Rams,Northern Colorado Bears,83,88,0,2,36,2458,51.7,57.1
2022-12-03,401487370,Dartmouth Big Green,Cal State Bakersfield Roadrunners,79,54,0,2,159,2934,50.0,40.4
2022-12-03,401487434,Harvard Crimson,Massachusetts Minutemen,68,71,0,2,108,113,48.9,42.9
2022-12-03,401487457,Pennsylvania Quakers,La Salle Explorers,81,84,0,2,219,2325,44.3,47.1
2022-12-03,401487476,Stony Brook Seawolves,Yale Bulldogs,72,77,0,2,2619,43,44.7,46.0
2022-12-03,401487512,Holy Cross Crusaders,Central Connecticut Blue Devils,63,57,0,2,107,2115,42.1,35.3
2022-12-03,401487523,Saint Joseph's Hawks,Fairleigh Dickinson Knights,80,97,0,2,2603,161,45.5,57.6
2022-12-03,401487570,Long Island University Sharks,Towson Tigers,64,74,0,2,112358,119,43.6,47.4
2022-12-03,401487616,Dayton Flyers,SE Louisiana Lions,80,74,0,2,2168,2545,58.1,47.3
2022-12-03,401487622,Duquesne Dukes,Ball State Cardinals,78,77,0,2,2184,2050,47.5,54.2
2022-12-03,401487632,Tulane Green Wave,Fordham Rams,90,95,0,2,2655,2230,43.5,45.1
2022-12-03,401487639,George Mason Patriots,Toledo Rockets,80,73,0,2,2244,2649,50.9,40.9
2022-12-03,401487685,Saint Louis Billikens,Southern Illinois Salukis,85,72,0,2,139,79,57.9,50.0
2022-12-03,401487694,Buffalo Bulls,St. Bonaventure Bonnies,83,66,0,2,2084,179,49.2,45.0
2022-12-03,401487706,Temple Owls,VCU Rams,83,73,0,2,218,2670,50.0,49.0
2022-12-03,401488146,UC Santa Barbara Gauchos,Pacific Tigers,82,71,0,2,2540,279,58.9,44.3
2022-12-03,401488212,Utah Valley Wolverines,Long Beach State Beach,88,78,0,2,3084,299,48.4,40.3
2022-12-03,401488388,NC State Wolfpack,Pittsburgh Panthers,60,68,0,2,152,221,35.0,46.3
2022-12-03,401488389,Clemson Tigers,Wake Forest Demon Deacons,77,57,0,2,228,154,51.2,33.9
2022-12-03,401488390,Virginia Cavaliers,Florida State Seminoles,62,57,0,2,258,52,35.3,32.8
2022-12-03,401488391,Notre Dame Fighting Irish,Syracuse Orange,61,62,0,2,87,183,38.3,48.3
2022-12-03,401488392,Duke Blue Devils,Boston College Eagles,75,59,0,2,150,103,52.8,37.5
2022-12-03,401488545,UNC Asheville Bulldogs,UT Martin Skyhawks,90,83,0,2,2427,2630,56.4,50.8
2022-12-03,401488721,South Florida Bulls,Charleston Southern Buccaneers,79,59,0,2,58,2127,48.3,36.4
2022-12-03,401488729,SMU Mustangs,Jackson State Tigers,68,69,0,2,2567,2296,45.0,45.0
2022-12-03,401488783,Eastern Washington Eagles,North Dakota State Bison,78,70,0,2,331,2449,51.6,45.8
2022-12-03,401488788,Western Carolina Catamounts,South Carolina Upstate Spartans,64,79,0,2,2717,2908,36.7,55.1
2022-12-03,401488816,Kent State Golden Flashes,South Dakota State Jackrabbits,83,68,0,2,2309,2571,50.0,38.2
2022-12-03,401488993,Idaho Vandals,Northern Illinois Huskies,84,47,0,2,70,2459,55.4,33.3
2022-12-03,401489059,BYU Cougars,South Dakota Coyotes,68,69,1,2,252,233,34.4,41.7
2022-12-03,401489082,Western Illinois Leathernecks,UT Rio Grande Valley Vaqueros,90,72,0,2,2710,292,51.6,50.9
2022-12-03,401489112,Wyoming Cowboys,Grand Canyon Lopes,58,66,0,2,2751,2253,35.0,45.7
2022-12-03,401489493,UL Monroe Warhawks,Champion Christian Tigers,101,46,0,2,2433,3134,53.5,26.8
2022-12-03,401489517,James Madison Dukes,Eastern Kentucky Colonels,97,80,0,2,256,2198,61.0,43.5
2022-12-03,401489537,Winthrop Eagles,Coastal Carolina Chanticleers,81,86,0,2,2737,324,43.3,50.0
2022-12-03,401489567,North Texas Mean Green,Omaha Mavericks,75,45,0,2,249,2437,44.1,31.4
2022-12-03,401489604,Grambling Tigers,Incarnate Word Cardinals,72,39,0,2,2755,2916,52.8,24.1
2022-12-03,401489617,LSU New Orleans Privateers,Louisiana Ragin' Cajuns,77,78,0,2,2443,309,54.5,41.4
2022-12-03,401489647,Mercer Bears,Kennesaw State Owls,63,66,0,2,2382,338,50.0,42.1
2022-12-03,401489658,East Carolina Pirates,Campbell Fighting Camels,79,69,0,2,151,2097,46.4,43.3
2022-12-03,401489666,Elon Phoenix,UNC Greensboro Spartans,61,65,0,2,2210,2430,42.3,43.5
2022-12-03,401489696,Sacred Heart Pioneers,UMass Lowell River Hawks,59,70,0,2,2529,2349,36.2,41.3
2022-12-03,401489709,Lehigh Mountain Hawks,UMBC Retrievers,62,88,0,2,2329,2378,37.7,54.7
2022-12-03,401489757,Middle Tennessee Blue Raiders,Maryville (TN) Fighting Scots,69,46,0,2,2393,2373,45.2,35.3
2022-12-03,401490127,Northern Iowa Panthers,Evansville Purple Aces,72,55,0,2,2460,339,45.2,37.3
2022-12-03,401490128,Drake Bulldogs,UIC Flames,77,64,0,2,2181,82,49.1,37.3
2022-12-03,401490451,Loyola Maryland Greyhounds,Coppin State Eagles,71,74,0,2,2352,2154,48.1,52.6
2022-12-03,401490466,Delaware State Hornets,Longwood Lancers,49,75,0,2,2169,2344,34.0,54.3
2022-12-03,401490548,Army Black Knights,Wagner Seahawks,75,64,0,2,349,2681,44.9,38.7
2022-12-03,401491653,Binghamton Bearcats,Stonehill Skyhawks,66,69,0,2,2066,284,40.3,43.8
2022-12-03,401491669,NJIT Highlanders,Bucknell Bison,63,79,0,2,2885,2083,32.8,52.5
2022-12-03,401491675,Columbia Lions,New Hampshire Wildcats,56,52,0,2,171,160,42.0,28.3
2022-12-03,401491718,Gardner-Webb Runnin' Bulldogs,Chattanooga Mocs,71,82,0,2,2241,236,41.7,48.9
2022-12-03,401491725,High Point Panthers,North Florida Ospreys,93,88,0,2,2272,2454,48.4,42.3
2022-12-03,401491794,Delaware Blue Hens,Davidson Wildcats,69,67,0,2,48,2166,49.2,42.2
2022-12-03,401491812,The Citadel Bulldogs,Charleston Cougars,57,79,0,2,2643,232,35.1,39.1
2022-12-03,401491823,Drexel Dragons,Princeton Tigers,63,83,0,2,2182,163,42.1,53.8
2022-12-03,401491831,Hampton Pirates,Howard Bison,74,65,0,2,2261,47,39.3,41.5
2022-12-03,401491874,Tulsa Golden Hurricane,Oral Roberts Golden Eagles,66,77,0,2,202,198,41.0,42.3
2022-12-03,401491881,Marshall Thundering Herd,Ohio Bobcats,83,69,0,2,276,195,46.1,43.3
2022-12-03,401491898,Morehead State Eagles,North Alabama Lions,75,81,0,2,2413,2453,45.0,53.7
2022-12-03,401492246,Merrimack Warriors,Boston University Terriers,54,68,0,2,2771,104,40.0,50.0
2022-12-03,401493614,San Diego State Aztecs,Occidental Tigers,95,57,0,2,21,2475,52.2,42.1
2022-12-03,401493722,Mississippi State Bulldogs,Mississippi Valley State Delta Devils,82,52,0,2,344,2400,47.7,38.8
2022-12-03,401493730,Bowling Green Falcons,Morgan State Bears,86,76,0,2,189,2415,46.3,45.3
2022-12-03,401493739,Miami (OH) RedHawks,Indiana State Sycamores,61,88,0,2,193,282,33.9,49.2
2022-12-03,401493812,SIU Edwardsville Cougars,Troy Trojans,78,72,0,2,2565,2653,48.1,43.1
2022-12-03,401493823,Austin Peay Governors,Tennessee State Tigers,77,61,0,2,2046,2634,51.0,44.0
2022-12-03,401493837,Louisiana Tech Bulldogs,Southern Jaguars,74,59,0,2,2348,2582,48.3,34.9
2022-12-03,401493960,Santa Clara Broncos,Sacramento State Hornets,72,65,0,2,2541,16,44.3,40.6
2022-12-03,401494410,Arkansas Razorbacks,San José State Spartans,99,58,0,2,8,23,62.7,40.4
2022-12-03,401494481,Arkansas-Pine Bluff Golden Lions,Arkansas Baptist Buffaloes,59,41,0,2,2029,2027,38.8,30.2
2022-12-03,401496899,Central Michigan Chippewas,Alma Scots,89,50,0,2,2117,2800,56.5,26.2
2022-12-03,401496941,North Carolina Central Eagles,St. Andrews Knights,127,40,0,2,2428,2592,62.3,33.3
2022-12-03,401497503,Tarleton State Texans,Wiley Wildcats,98,55,0,2,2627,2728,54.1,36.7
2022-12-03,401499513,Sam Houston Bearkats,Dallas Christian Crusaders,111,58,0,2,2534,2937,53.0,42.9
2022-12-03,401500693,Jacksonville Dolphins,Trinity College of Jacksonville Eagles,74,39,0,2,294,3174,49.2,27.9
2022-12-03,401501738,Abilene Christian Wildcats,Arlington Baptist Patriots,88,42,0,2,2000,3166,53.7,27.3
2022-12-03,401507120,UC San Diego Tritons,Bethesda Flames,81,76,0,2,28,3246,35.2,41.2
2022-12-04,401469981,Milwaukee Panthers,IU Indianapolis Jaguars,74,61,0,2,270,85,46.3,45.8
2022-12-04,401469983,Wright State Raiders,Youngstown State Penguins,77,88,0,2,2750,2754,45.1,53.7
2022-12-04,401479692,Iowa State Cyclones,St. John's Red Storm,71,60,0,2,66,2599,42.9,35.8
2022-12-04,401483035,Florida Gators,Stetson Hatters,89,51,0,2,57,56,52.8,33.3
2022-12-04,401483167,Kentucky Wildcats,Michigan Wolverines,73,69,1,2,96,130,46.6,39.1
2022-12-04,401483202,Missouri Tigers,Southeast Missouri State Redhawks,96,89,0,2,142,2546,55.7,54.0
2022-12-04,401483211,Memphis Tigers,Ole Miss Rebels,68,57,0,2,235,145,39.1,33.3
2022-12-04,401483229,Tennessee Volunteers,Alcorn State Braves,94,40,0,2,2633,2016,52.4,27.1
2022-12-04,401483241,Texas A&M Aggies,Boise State Broncos,71,86,1,2,245,68,41.4,52.3
2022-12-04,401483285,Kansas State Wildcats,Wichita State Shockers,55,50,0,2,2306,2724,35.8,38.8
2022-12-04,401483381,Creighton Bluejays,Nebraska Cornhuskers,53,63,0,2,156,158,30.8,47.5
2022-12-04,401483430,Arizona Wildcats,California Golden Bears,81,68,0,2,12,25,49.2,44.4
2022-12-04,401483456,Washington Huskies,Colorado Buffaloes,73,63,0,2,264,38,50.0,44.1
2022-12-04,401483467,UCLA Bruins,Oregon Ducks,65,56,0,2,26,2483,40.6,49.0
2022-12-04,401483484,Washington State Cougars,Utah Utes,65,67,0,2,265,254,32.4,41.8
2022-12-04,401484836,Purdue Boilermakers,Minnesota Golden Gophers,89,70,0,2,2509,135,50.8,47.5
2022-12-04,401485015,Manhattan Jaspers,Monmouth Hawks,69,76,0,2,2363,2405,41.5,51.0
2022-12-04,401485326,Bellarmine Knights,Alice Lloyd Eagles,110,38,0,2,91,484,54.2,34.9
2022-12-04,401485327,Florida Gulf Coast Eagles,Florida International Panthers,74,65,0,2,526,2229,44.6,41.3
2022-12-04,401485475,Old Dominion Monarchs,Norfolk State Spartans,68,62,0,2,295,2450,44.2,47.2
2022-12-04,401486772,Marist Red Foxes,Maine Black Bears,62,61,1,2,2368,311,49.0,42.1
2022-12-04,401486959,Fairfield Stags,Saint Peter's Peacocks,67,55,0,2,2217,2612,45.2,36.9
2022-12-04,401486961,Iona Gaels,Canisius Golden Griffins,90,60,0,2,314,2099,55.9,33.3
2022-12-04,401486962,Quinnipiac Bobcats,Niagara Purple Eagles,60,64,0,2,2514,315,47.1,40.7
2022-12-04,401487110,Texas State Bobcats,Rice Owls,71,83,0,2,326,242,46.7,53.8
2022-12-04,401487135,UAB Blazers,South Alabama Jaguars,76,68,0,2,5,6,41.0,42.4
2022-12-04,401487323,Loyola Marymount Lions,Nevada Wolf Pack,64,52,0,2,2351,2440,42.9,31.4
2022-12-04,401487335,Hartford Hawks,Brown Bears,51,65,0,2,42,225,38.8,52.0
2022-12-04,401487393,San Diego Toreros,UNLV Rebels,78,95,0,2,301,2439,46.8,52.5
2022-12-04,401487435,Harvard Crimson,Tufts Jumbos,76,59,0,2,108,112,45.2,43.4
2022-12-04,401487649,Radford Highlanders,George Washington Revolutionaries,86,76,0,2,2515,45,55.2,47.5
2022-12-04,401487672,William & Mary Tribe,Richmond Spiders,58,57,0,2,2729,257,45.1,40.4
2022-12-04,401488196,UC Irvine Anteaters,Fresno State Bulldogs,66,80,0,2,300,278,44.3,53.3
2022-12-04,401488383,Alabama Crimson Tide,South Dakota State Jackrabbits,78,65,0,2,333,2571,39.7,42.6
2022-12-04,401488393,Virginia Tech Hokies,North Carolina Tar Heels,80,72,0,2,259,153,50.8,47.1
2022-12-04,401488394,Louisville Cardinals,Miami Hurricanes,53,80,0,2,97,2390,29.8,50.0
2022-12-04,401488669,UCF Knights,Samford Bulldogs,80,77,0,2,2116,2535,43.6,37.3
2022-12-04,401488693,Houston Cougars,Saint Mary's Gaels,53,48,1,2,248,2608,36.8,37.0
2022-12-04,401489024,Portland Pilots,North Dakota Fighting Hawks,90,69,0,2,2501,155,56.7,41.3
2022-12-04,401489033,Pepperdine Waves,Northern Arizona Lumberjacks,88,69,0,2,2492,2464,52.4,39.3
2022-12-04,401489071,Weber State Wildcats,Utah Tech Trailblazers,65,77,0,2,2692,3101,50.0,52.0
2022-12-04,401489097,Idaho State Bengals,Southern Utah Thunderbirds,59,69,0,2,304,253,38.2,39.6
2022-12-04,401489485,Cal Poly Mustangs,California Baptist Lancers,64,53,0,2,13,2856,40.0,39.6
2022-12-04,401489523,Northeastern Huskies,Georgia State Panthers,66,46,0,2,111,2247,43.1,27.9
2022-12-04,401489586,Kansas City Roos,Lindenwood Lions,61,47,0,2,140,2815,39.6,27.6
2022-12-04,401489592,Denver Pioneers,East Texas A&M Lions,84,75,0,2,2172,2837,49.1,45.6
2022-12-04,401489598,Houston Christian Huskies,Southwestern Adventist Knights,94,62,0,2,2277,2903,52.6,41.4
2022-12-04,401489630,Northwestern State Demons,Southern Miss Golden Eagles,84,82,0,2,2466,2572,44.3,54.8
2022-12-04,401489675,Cincinnati Bearcats,Bryant Bulldogs,97,71,0,2,2132,2803,52.1,29.9
2022-12-04,401489680,Merrimack Warriors,Vermont Catamounts,43,66,0,2,2771,261,31.4,37.9
2022-12-04,401489718,Eastern Michigan Eagles,Florida Atlantic Owls,73,101,0,2,2199,2226,41.9,60.0
2022-12-04,401490126,Missouri State Bears,Bradley Braves,40,58,0,2,2623,71,31.4,44.2
2022-12-04,401490129,Illinois State Redbirds,Belmont Bruins,87,77,0,2,2287,2057,54.5,45.8
2022-12-04,401490130,Valparaiso Beacons,Murray State Racers,70,77,0,2,2674,93,42.6,46.7
2022-12-04,401490514,Cornell Big Red,Lafayette Leopards,73,68,0,2,172,322,42.6,40.0
2022-12-04,401492367,Columbia Lions,Sarah Lawrence Gryphons,106,65,0,2,171,108862,47.2,41.0
2022-12-04,401493619,Chicago State Cougars,Southern Indiana Screaming Eagles,78,61,0,2,2130,88,50.0,41.5
2022-12-04,401493702,Akron Zips,Muskingum Fighting Muskies,80,33,0,2,2006,332,50.8,25.0
2022-12-04,401493793,Eastern Illinois Panthers,Blackburn Beavers,93,43,0,2,2197,2070,54.9,25.0
2022-12-04,401494383,Cal State Northridge Matadors,Whittier Poets,101,42,0,2,2463,2850,53.5,23.8
2022-12-04,401502764,St. Thomas Tommies,Crown Polars,91,56,0,2,2900,509,47.0,33.9
2022-12-05,401469984,Green Bay Phoenix,IU Indianapolis Jaguars,68,61,0,2,2739,85,46.8,46.2
2022-12-05,401483438,Arizona State Sun Devils,Stanford Cardinal,68,64,0,2,9,24,43.9,35.9
2022-12-05,401483475,USC Trojans,Oregon State Beavers,63,62,0,2,30,204,46.0,42.3
2022-12-05,401484835,Michigan State Spartans,Northwestern Wildcats,63,70,0,2,127,77,41.8,42.9
2022-12-05,401487404,San Francisco Dons,Utah State Aggies,64,82,0,2,2539,328,43.6,50.0
2022-12-06,401482979,Syracuse Orange,Oakland Golden Grizzlies,95,66,0,2,183,2473,58.3,37.5
2022-12-06,401485168,Butler Bulldogs,Yale Bulldogs,71,61,0,2,2086,43,50.0,41.7
2022-12-06,401485328,Lipscomb Bisons,Trevecca Nazarene Trojans,87,49,0,2,288,2906,49.3,36.5
2022-12-06,401485329,Bellarmine Knights,Wabash Little Giants,86,45,0,2,91,89,55.7,35.8
2022-12-06,401487284,Air Force Falcons,South Dakota Coyotes,79,58,0,2,2005,233,49.0,36.8
2022-12-06,401487571,Long Island University Sharks,UMass Lowell River Hawks,64,84,0,2,112358,2349,41.8,55.2
2022-12-06,401487700,Massachusetts Minutemen,UAlbany Great Danes,87,73,0,2,113,399,53.2,39.7
2022-12-06,401488817,Gonzaga Bulldogs,Kent State Golden Flashes,73,66,0,2,2250,2309,45.5,39.7
2022-12-06,401489025,Portland Pilots,North Dakota State Bison,62,67,0,2,2501,2449,33.8,43.6
2022-12-06,401489552,App State Mountaineers,Carlow Celtics,103,43,0,2,2026,123313,56.0,29.4
2022-12-06,401489610,Lamar Cardinals,Our Lady of the Lake Saints,91,56,0,2,2320,3158,43.4,39.6
2022-12-06,401489648,Mercer Bears,Middle Georgia Knights,100,62,0,2,2382,109014,60.9,42.1
2022-12-06,401493615,San Diego State Aztecs,Troy Trojans,60,55,0,2,21,2653,41.5,32.8
2022-12-06,401497513,Charleston Southern Buccaneers,Kennesaw State Owls,65,76,0,2,2127,338,43.6,47.1
2022-12-06,401501998,Buffalo Bulls,St. John Fisher Cardinals,91,53,0,2,2084,374,48.6,32.8
2022-12-06,401502002,Western Michigan Broncos,Concordia Ann Arbor Cardinals,94,50,0,2,2711,2985,58.2,34.0
2022-12-06,401507491,New Mexico State Aggies,Simon Fraser Red Leafs,77,35,0,2,166,2829,40.0,21.1
2022-12-07,401482894,Boston College Eagles,New Hampshire Wildcats,71,74,0,2,103,160,38.5,41.9
2022-12-07,401482912,Duke Blue Devils,Iowa Hawkeyes,74,62,1,2,150,2294,44.4,39.7
2022-12-07,401482927,Georgia Tech Yellow Jackets,Georgia Bulldogs,79,77,0,2,59,61,47.6,53.4
2022-12-07,401482944,NC State Wolfpack,Coppin State Eagles,94,72,0,2,152,2154,52.2,37.9
2022-12-07,401482988,Virginia Cavaliers,James Madison Dukes,55,50,0,2,258,256,42.2,27.3
2022-12-07,401483261,Baylor Bears,Tarleton State Texans,80,57,0,2,239,2627,46.4,41.3
2022-12-07,401483286,Kansas State Wildcats,Abilene Christian Wildcats,81,64,0,2,2306,2000,58.5,45.5
2022-12-07,401483295,Oklahoma Sooners,Kansas City Roos,75,53,0,2,201,140,57.8,35.8
2022-12-07,401483303,TCU Horned Frogs,Jackson State Tigers,78,51,0,2,2628,2296,40.3,29.8
2022-12-07,401483313,Texas Longhorns,Illinois Fighting Illini,78,85,1,2,251,356,42.0,45.0
2022-12-07,401484837,Wisconsin Badgers,Maryland Terrapins,64,59,0,2,275,120,42.6,38.2
2022-12-07,401484838,Penn State Nittany Lions,Michigan State Spartans,58,67,0,2,213,127,34.5,43.3
2022-12-07,401484865,Furman Paladins,High Point Panthers,82,85,0,2,231,2272,45.7,59.3
2022-12-07,401485169,Marquette Golden Eagles,North Carolina Central Eagles,90,78,0,2,269,2428,63.2,46.0
2022-12-07,401485170,Georgetown Hoyas,Siena Saints,75,68,0,2,46,2561,49.2,34.9
2022-12-07,401485172,St. John's Red Storm,DePaul Blue Demons,86,67,0,2,2599,305,50.8,39.1
2022-12-07,401485330,Central Arkansas Bears,Arkansas State Red Wolves,72,67,0,2,2110,2032,43.6,47.5
2022-12-07,401485331,Liberty Flames,Virginia Lynchburg Dragons,101,49,0,2,2335,3229,60.0,35.2
2022-12-07,401487324,Pepperdine Waves,Nevada Wolf Pack,77,85,0,2,2492,2440,38.5,47.5
2022-12-07,401487358,New Mexico Lobos,Western New Mexico Mustangs,102,63,0,2,167,2703,54.3,31.8
2022-12-07,401487371,Dartmouth Big Green,Vermont Catamounts,52,68,0,2,159,261,38.2,51.9
2022-12-07,401487633,Fordham Rams,Wagner Seahawks,72,59,0,2,2230,2681,46.0,40.4
2022-12-07,401487640,George Mason Patriots,Maryland Eastern Shore Hawks,67,54,0,2,2244,2379,43.4,33.3
2022-12-07,401487655,La Salle Explorers,Bucknell Bison,82,72,0,2,2325,2083,50.0,47.5
2022-12-07,401487660,Loyola Chicago Ramblers,Green Bay Phoenix,70,46,0,2,2350,2739,51.9,27.1
2022-12-07,401487678,Temple Owls,Saint Joseph's Hawks,70,60,0,2,218,2603,44.3,39.6
2022-12-07,401487686,Iona Gaels,Saint Louis Billikens,84,62,0,2,314,139,45.2,30.9
2022-12-07,401488731,Memphis Tigers,Little Rock Trojans,87,71,0,2,235,2031,54.0,35.7
2022-12-07,401488805,Mount St. Mary's Mountaineers,American University Eagles,61,69,0,2,116,44,44.0,53.2
2022-12-07,401488994,Idaho Vandals,North Dakota Fighting Hawks,76,66,0,2,70,155,45.3,44.8
2022-12-07,401489000,Belmont Bruins,Trevecca Nazarene Trojans,83,53,0,2,2057,2906,45.8,40.4
2022-12-07,401489008,SIU Edwardsville Cougars,Bradley Braves,54,56,0,2,2565,71,44.4,39.6
2022-12-07,401489039,Pacific Tigers,Northern Arizona Lumberjacks,69,73,0,2,279,2464,40.0,43.9
2022-12-07,401489090,UT Arlington Mavericks,North Texas Mean Green,57,60,0,2,250,249,41.3,37.5
2022-12-07,401489538,Wofford Terriers,Coastal Carolina Chanticleers,71,61,0,2,2747,324,45.2,39.4
2022-12-07,401489599,Houston Christian Huskies,Maine Fort Kent Bengals,100,33,0,2,2277,554,54.8,19.7
2022-12-07,401489653,Houston Cougars,North Florida Ospreys,76,42,0,2,248,2454,49.3,31.8
2022-12-07,401489659,UNC Wilmington Seahawks,East Carolina Pirates,74,61,0,2,350,151,51.2,40.7
2022-12-07,401489667,Arkansas Razorbacks,UNC Greensboro Spartans,65,58,0,2,8,2430,33.3,31.3
2022-12-07,401489710,Columbia Lions,UMBC Retrievers,66,73,0,2,171,2378,41.0,43.1
2022-12-07,401491679,Idaho State Bengals,Montana Western Bulldogs,61,53,0,2,304,2701,46.7,37.3
2022-12-07,401491685,Montana Grizzlies,South Dakota State Jackrabbits,81,56,0,2,149,2571,56.6,33.3
2022-12-07,401491735,Presbyterian Blue Hose,Charleston Cougars,62,67,0,2,2506,232,41.8,39.2
2022-12-07,401491745,UNC Asheville Bulldogs,Warren Wilson Owls,122,70,0,2,2427,2684,61.1,36.2
2022-12-07,401491750,Winthrop Eagles,South Carolina State Bulldogs,81,67,0,2,2737,2569,59.2,41.2
2022-12-07,401492260,Princeton Tigers,Lafayette Leopards,69,58,0,2,163,322,46.2,36.8
2022-12-07,401492299,Chattanooga Mocs,Milwaukee Panthers,88,76,0,2,236,270,45.5,45.2
2022-12-07,401492621,Oklahoma State Cowboys,Sam Houston Bearkats,65,51,0,2,197,2534,46.9,34.7
2022-12-07,401493468,Boise State Broncos,Eastern Oregon Mountaineers,90,54,0,2,68,2202,57.6,34.5
2022-12-07,401493750,Northern Iowa Panthers,Toledo Rockets,75,83,0,2,2460,2649,48.3,51.7
2022-12-07,401493780,Valparaiso Beacons,Trinity Christian Trolls,96,60,0,2,2674,2652,50.7,37.3
2022-12-07,401493824,Tennessee State Tigers,Boyce Bulldogs,103,49,0,2,2634,109700,56.3,32.7
2022-12-07,401493947,Wyoming Cowboys,East Texas A&M Lions,91,76,0,2,2751,2837,49.1,41.4
2022-12-07,401494412,San José State Spartans,Cal State Bakersfield Roadrunners,58,48,0,2,23,2934,35.4,35.1
2022-12-07,401496889,Morgan State Bears,Penn State Wilkes-Barre Mountain Lions,95,48,0,2,2415,111942,56.5,31.5
2022-12-07,401499593,St. Francis Brooklyn Terriers,Hartford Hawks,68,50,0,2,2597,42,41.1,39.1
2022-12-07,401500690,Austin Peay Governors,Kentucky Christian Knights,102,57,0,2,2046,3077,51.4,39.7
2022-12-07,401507117,Southern Utah Thunderbirds,West Coast Baptist Eagles,120,49,0,2,253,110418,53.3,29.5
2022-12-08,401482903,Clemson Tigers,Towson Tigers,80,75,0,2,228,119,53.8,41.8
2022-12-08,401482935,Miami Hurricanes,Cornell Big Red,107,105,0,2,2390,172,55.4,51.9
2022-12-08,401482961,Notre Dame Fighting Irish,Boston University Terriers,81,75,0,2,87,104,49.1,44.1
2022-12-08,401482971,Vanderbilt Commodores,Pittsburgh Panthers,75,74,0,2,238,221,40.0,48.0
2022-12-08,401482996,Virginia Tech Hokies,Dayton Flyers,77,49,0,2,259,2168,49.2,30.0
2022-12-08,401483036,Florida Gators,UConn Huskies,54,75,0,2,57,41,30.2,51.7
2022-12-08,401483230,Tennessee Volunteers,Eastern Kentucky Colonels,84,49,0,2,2633,2198,40.0,22.1
2022-12-08,401483323,Texas Tech Red Raiders,Nicholls Colonels,78,71,0,2,2641,2447,50.0,41.9
2022-12-08,401483333,West Virginia Mountaineers,Navy Midshipmen,85,64,0,2,277,2426,55.2,46.4
2022-12-08,401483407,Purdue Boilermakers,Hofstra Pride,85,66,0,2,2509,2275,48.4,47.3
2022-12-08,401483439,SMU Mustangs,Arizona State Sun Devils,57,75,0,2,2567,9,32.7,43.5
2022-12-08,401483448,California Golden Bears,Eastern Washington Eagles,48,50,0,2,25,331,38.6,38.5
2022-12-08,401483476,USC Trojans,Cal State Fullerton Titans,64,50,0,2,30,2239,42.9,32.8
2022-12-08,401484365,Villanova Wildcats,Pennsylvania Quakers,70,59,0,2,222,219,42.0,42.9
2022-12-08,401484839,Indiana Hoosiers,Nebraska Cornhuskers,81,65,0,2,84,158,53.3,42.9
2022-12-08,401485054,VMI Keydets,Carlow Celtics,106,67,0,2,2678,123313,46.9,40.3
2022-12-08,401485171,Seton Hall Pirates,Lincoln (PA) Lions,82,55,0,2,2550,2339,50.9,36.8
2022-12-08,401485173,Providence Friars,Manhattan Jaspers,99,59,0,2,2507,2363,56.9,34.4
2022-12-08,401485332,Florida Atlantic Owls,Florida Gulf Coast Eagles,85,53,0,2,2226,526,53.2,40.0
2022-12-08,401487336,Rhode Island Rams,Brown Bears,58,59,0,2,227,225,44.2,36.2
2022-12-08,401487394,UNLV Rebels,Hawai'i Rainbow Warriors,77,62,1,2,2439,62,38.3,35.5
2022-12-08,401487695,St. Bonaventure Bonnies,Cleveland State Vikings,61,42,0,2,179,325,35.4,30.6
2022-12-08,401487707,VCU Rams,Jacksonville Dolphins,62,73,0,2,2670,294,36.5,45.1
2022-12-08,401489017,Saint Mary's Gaels,Missouri State Bears,66,46,0,2,2608,2623,50.9,36.2
2022-12-08,401489048,Grand Canyon Lopes,Loyola Marymount Lions,65,69,0,2,2253,2351,41.0,50.9
2022-12-08,401489054,BYU Cougars,Utah Valley Wolverines,60,75,0,2,252,3084,35.7,52.2
2022-12-08,401489486,California Baptist Lancers,Weber State Wildcats,64,52,0,2,2856,2692,44.1,36.0
2022-12-08,401489511,Old Dominion Monarchs,William & Mary Tribe,72,62,0,2,295,2729,49.0,44.8
2022-12-08,401489529,Georgia Southern Eagles,Piedmont Lions,91,47,0,2,290,2496,51.4,28.4
2022-12-08,401489568,Drake Bulldogs,Omaha Mavericks,78,65,0,2,2181,2437,46.0,45.0
2022-12-08,401489593,Sacramento State Hornets,Denver Pioneers,87,85,0,2,16,2172,50.0,50.8
2022-12-08,401489634,SE Louisiana Lions,Belhaven Blazers,107,71,0,2,2545,2056,55.4,42.9
2022-12-08,401489639,Texas A&M-Corpus Christi Islanders,Texas Lutheran Bulldogs,100,63,0,2,357,2639,55.4,35.0
2022-12-08,401489686,Davidson Wildcats,Western Carolina Catamounts,72,64,0,2,2166,2717,43.6,43.6
2022-12-08,401490131,Southern Illinois Salukis,Indiana State Sycamores,71,74,0,2,79,282,48.3,46.0
2022-12-08,401490467,Delaware Blue Hens,Delaware State Hornets,77,69,0,2,48,2169,40.0,42.2
2022-12-08,401490549,Army Black Knights,NJIT Highlanders,63,62,0,2,349,2885,39.4,34.3
2022-12-08,401491225,Hampton Pirates,Loyola Maryland Greyhounds,66,61,0,2,2261,2352,42.6,40.0
2022-12-08,401491264,Holy Cross Crusaders,Quinnipiac Bobcats,71,75,0,2,107,2514,41.8,47.5
2022-12-08,401491280,Binghamton Bearcats,Colgate Raiders,62,81,0,2,2066,2142,50.0,54.5
2022-12-08,401491706,Evansville Purple Aces,Campbell Fighting Camels,72,66,0,2,339,2097,49.1,44.2
2022-12-08,401491868,Tulsa Golden Hurricane,Detroit Mercy Titans,72,76,0,2,202,2174,45.3,38.5
2022-12-08,401491904,North Alabama Lions,Alabama State Hornets,71,63,0,2,2453,2011,42.9,38.1
2022-12-08,401492098,Washington State Cougars,Northern Kentucky Norse,68,47,0,2,265,94,52.0,42.9
2022-12-08,401492433,Fairfield Stags,Sacred Heart Pioneers,61,59,0,2,2217,2529,39.0,36.1
2022-12-08,401492446,Stonehill Skyhawks,Rider Broncs,67,78,0,2,284,2520,42.6,46.8
2022-12-08,401493670,Southeast Missouri State Redhawks,Purdue Fort Wayne Mastodons,68,89,0,2,2546,2870,38.7,49.1
2022-12-08,401493676,Central Michigan Chippewas,Robert Morris Colonials,66,71,0,2,2117,2523,32.3,46.4
2022-12-08,401493708,Eastern Illinois Panthers,Ball State Cardinals,59,76,0,2,2197,2050,42.9,49.1
2022-12-08,401493734,Illinois State Redbirds,Eastern Michigan Eagles,87,81,0,2,2287,2199,56.3,50.0
2022-12-08,401493783,San Francisco Dons,Merrimack Warriors,69,51,0,2,2539,2771,46.9,37.7
2022-12-08,401493818,Southern Indiana Screaming Eagles,Anderson (IN) Ravens,78,47,0,2,88,2023,50.0,34.0
2022-12-08,401493961,Santa Clara Broncos,New Mexico State Aggies,66,65,0,2,2541,166,43.1,38.1
2022-12-08,401494384,Fresno State Bulldogs,Cal State Northridge Matadors,65,56,0,2,278,2463,44.4,40.4
2022-12-08,401496948,Maine Black Bears,Maine Augusta Moose,103,67,0,2,311,126890,53.3,41.3
2022-12-08,401502062,Western Illinois Leathernecks,Iowa Wesleyan Tigers,84,73,0,2,2710,2295,53.6,38.0
2022-12-09,401483271,Iowa Hawkeyes,Iowa State Cyclones,75,56,0,2,2294,66,50.0,40.7
2022-12-09,401483457,Colorado Buffaloes,Colorado State Rams,93,65,0,2,38,36,56.7,42.3
2022-12-09,401483485,Utah Utes,Jacksonville State Gamecocks,99,58,0,2,254,55,55.9,36.8
2022-12-09,401484840,Minnesota Golden Gophers,Michigan Wolverines,75,90,0,2,135,130,49.1,52.4
2022-12-09,401484841,Ohio State Buckeyes,Rutgers Scarlet Knights,67,66,0,2,194,164,46.4,51.9
2022-12-09,401487623,Duquesne Dukes,Marshall Thundering Herd,71,82,0,2,2184,276,34.2,47.2
2022-12-09,401487701,Massachusetts Minutemen,UMass Lowell River Hawks,80,85,0,2,113,2349,41.3,56.4
2022-12-09,401489560,Montana State Bobcats,St. Thomas Tommies,82,65,0,2,147,2900,50.9,27.6
2022-12-09,401491659,Bryant Bulldogs,Stony Brook Seawolves,79,60,0,2,2803,2619,45.9,38.7
2022-12-09,401493685,Youngstown State Penguins,Westminster (PA) Titans,117,65,0,2,2754,2849,52.9,36.0
2022-12-09,401493789,Saint Francis Red Wolves,Saint Vincent Bearcats,88,58,0,2,2598,2614,50.8,38.2
2022-12-10,401482895,Villanova Wildcats,Boston College Eagles,77,56,1,2,222,103,44.4,39.3
2022-12-10,401482913,Duke Blue Devils,Maryland Eastern Shore Hawks,82,55,0,2,150,2379,51.7,39.3
2022-12-10,401482972,Pittsburgh Panthers,Sacred Heart Pioneers,91,66,0,2,221,2529,45.2,41.0
2022-12-10,401482980,Syracuse Orange,Georgetown Hoyas,83,64,0,2,183,46,50.0,37.3
2022-12-10,401483005,LSU Tigers,Wake Forest Demon Deacons,72,70,1,2,99,154,43.8,50.9
2022-12-10,401483046,Memphis Tigers,Auburn Tigers,82,73,1,2,235,2,50.0,38.1
2022-12-10,401483203,Missouri Tigers,Kansas Jayhawks,67,95,0,2,142,2305,40.4,57.4
2022-12-10,401483212,Ole Miss Rebels,Valparaiso Beacons,98,61,0,2,145,2674,56.2,38.6
2022-12-10,401483254,Vanderbilt Commodores,Grambling Tigers,62,64,0,2,238,2755,40.0,39.0
2022-12-10,401483296,Arkansas Razorbacks,Oklahoma Sooners,88,78,1,2,8,201,59.3,57.1
2022-12-10,401483314,Texas Longhorns,Arkansas-Pine Bluff Golden Lions,88,43,0,2,251,2029,56.9,33.3
2022-12-10,401483334,West Virginia Mountaineers,UAB Blazers,81,70,0,2,277,5,50.0,47.4
2022-12-10,401483449,California Golden Bears,Butler Bulldogs,58,82,0,2,25,2086,34.9,55.2
2022-12-10,401483468,UCLA Bruins,Denver Pioneers,87,64,0,2,26,2172,48.1,50.0
2022-12-10,401484390,La Salle Explorers,Drexel Dragons,58,65,0,2,2325,2182,35.4,34.2
2022-12-10,401484391,Dayton Flyers,UNC Asheville Bulldogs,79,56,0,2,2168,2427,55.2,34.4
2022-12-10,401484842,Illinois Fighting Illini,Penn State Nittany Lions,59,74,0,2,356,213,44.2,50.0
2022-12-10,401484843,Nebraska Cornhuskers,Purdue Boilermakers,62,65,0,2,158,2509,31.9,39.7
2022-12-10,401484856,Michigan State Spartans,Brown Bears,68,50,0,2,127,225,42.2,33.3
2022-12-10,401484866,Furman Paladins,Winthrop Eagles,82,67,0,2,231,2737,54.2,49.0
2022-12-10,401485055,VMI Keydets,Radford Highlanders,77,74,0,2,2678,2515,57.4,50.0
2022-12-10,401485174,Cincinnati Bearcats,Xavier Musketeers,77,80,0,2,2132,2752,45.8,45.2
2022-12-10,401485175,UConn Huskies,Long Island University Sharks,114,61,0,2,41,112358,62.5,42.3
2022-12-10,401485176,St. John's Red Storm,New Hampshire Wildcats,64,51,0,2,2599,160,35.3,33.3
2022-12-10,401485178,Providence Friars,UAlbany Great Danes,93,55,0,2,2507,399,54.8,28.4
2022-12-10,401485179,DePaul Blue Demons,UTEP Miners,91,70,0,2,305,2638,49.2,48.1
2022-12-10,401485333,Alabama A&M Bulldogs,Lipscomb Bisons,63,59,0,2,2010,288,39.7,37.9
2022-12-10,401485334,High Point Panthers,Queens University Royals,79,87,0,2,2272,2511,42.9,44.4
2022-12-10,401485335,Bellarmine Knights,Murray State Racers,69,58,0,2,91,93,45.3,37.5
2022-12-10,401485476,William & Mary Tribe,Norfolk State Spartans,53,67,0,2,2729,2450,37.7,45.5
2022-12-10,401486792,Buffalo Bulls,Tulane Green Wave,63,88,1,2,2084,2655,31.1,47.0
2022-12-10,401486794,Grand Canyon Lopes,North Texas Mean Green,58,60,1,2,2253,249,35.6,38.2
2022-12-10,401486795,San Diego State Aztecs,Saint Mary's Gaels,61,68,1,2,21,2608,41.1,49.0
2022-12-10,401486942,Charlotte 49ers,Detroit Mercy Titans,82,80,0,2,2429,2174,50.0,42.4
2022-12-10,401487285,Air Force Falcons,Arkansas State Red Wolves,80,55,0,2,2005,2032,55.8,39.6
2022-12-10,401487304,New Mexico Lobos,UTSA Roadrunners,94,76,0,2,167,2636,50.0,39.3
2022-12-10,401487372,Central Connecticut Blue Devils,Dartmouth Big Green,59,50,0,2,2115,159,34.4,30.6
2022-12-10,401487395,UNLV Rebels,Washington State Cougars,74,70,1,2,2439,265,50.9,54.2
2022-12-10,401487458,Pennsylvania Quakers,Temple Owls,77,57,0,2,219,218,47.5,42.0
2022-12-10,401487477,Kentucky Wildcats,Yale Bulldogs,69,59,0,2,96,43,50.0,43.1
2022-12-10,401487524,Columbia Lions,Fairleigh Dickinson Knights,73,76,0,2,171,161,40.6,42.9
2022-12-10,401487634,Fordham Rams,Binghamton Bearcats,77,62,0,2,2230,2066,44.2,37.9
2022-12-10,401487650,George Washington Revolutionaries,American University Eagles,64,69,0,2,45,44,38.2,50.0
2022-12-10,401487665,Rhode Island Rams,Army Black Knights,77,67,0,2,227,349,49.2,42.9
2022-12-10,401487673,Richmond Spiders,Drake Bulldogs,82,52,0,2,257,2181,54.5,32.1
2022-12-10,401487679,Saint Joseph's Hawks,Saint Peter's Peacocks,73,57,0,2,2603,2612,47.6,28.1
2022-12-10,401488197,South Dakota Coyotes,UC Irvine Anteaters,71,83,0,2,233,300,40.0,51.7
2022-12-10,401488213,Sacramento State Hornets,Long Beach State Beach,76,74,0,2,16,299,50.0,47.7
2022-12-10,401488384,Houston Cougars,Alabama Crimson Tide,65,71,0,2,248,333,39.1,40.7
2022-12-10,401488395,North Carolina Tar Heels,Georgia Tech Yellow Jackets,75,59,0,2,153,59,47.4,40.7
2022-12-10,401488396,Florida State Seminoles,Louisville Cardinals,75,53,0,2,52,97,45.2,35.1
2022-12-10,401488397,Miami Hurricanes,NC State Wolfpack,80,73,0,2,2390,152,45.5,45.3
2022-12-10,401488784,South Dakota State Jackrabbits,Eastern Washington Eagles,77,76,0,2,2571,331,47.2,44.8
2022-12-10,401488789,South Carolina Upstate Spartans,South Carolina State Bulldogs,89,84,0,2,2908,2569,42.9,45.8
2022-12-10,401488798,Cleveland State Vikings,Kent State Golden Flashes,58,67,0,2,325,2309,37.5,45.6
2022-12-10,401489001,Belmont Bruins,Middle Tennessee Blue Raiders,75,85,0,2,2057,2393,37.7,46.4
2022-12-10,401489040,Pacific Tigers,Fresno State Bulldogs,76,72,0,2,279,278,48.1,51.9
2022-12-10,401489063,Northern Arizona Lumberjacks,Utah Valley Wolverines,75,80,0,2,2464,3084,42.9,44.6
2022-12-10,401489072,Utah Tech Trailblazers,Chapman Panthers,99,58,0,2,3101,411,54.1,39.6
2022-12-10,401489105,North Dakota Fighting Hawks,Seattle U Redhawks,78,80,0,2,155,2547,50.0,40.0
2022-12-10,401489494,Northwestern State Demons,UL Monroe Warhawks,91,73,0,2,2466,2433,44.0,43.5
2022-12-10,401489503,Southern Miss Golden Eagles,Lamar Cardinals,95,59,0,2,2572,2320,50.7,38.7
2022-12-10,401489530,Georgia Southern Eagles,Wofford Terriers,79,57,0,2,290,2747,57.7,44.7
2022-12-10,401489539,Coastal Carolina Chanticleers,Regent Royals,102,39,0,2,324,111926,53.1,25.5
2022-12-10,401489569,Montana State Bobcats,Omaha Mavericks,82,54,0,2,147,2437,49.2,42.0
2022-12-10,401489612,Northern Iowa Panthers,McNeese Cowboys,49,52,0,2,2460,2377,29.1,41.7
2022-12-10,401489681,Colgate Raiders,Vermont Catamounts,72,73,0,2,2142,261,50.0,47.5
2022-12-10,401489687,Western Carolina Catamounts,Brevard Tornados,99,55,0,2,2717,2913,53.8,34.5
2022-12-10,401489697,UMass Lowell River Hawks,St. Francis Brooklyn Terriers,68,59,0,2,2349,2597,47.8,35.0
2022-12-10,401489711,UMBC Retrievers,Morgan State Bears,75,63,0,2,2378,2415,46.0,35.4
2022-12-10,401490468,Delaware State Hornets,Georgian Court Lions,69,75,0,2,2169,111179,33.8,52.3
2022-12-10,401491265,Northeastern Huskies,Holy Cross Crusaders,59,58,0,2,111,107,45.3,42.3
2022-12-10,401491729,Wichita State Shockers,Longwood Lancers,81,63,0,2,2724,2344,48.3,35.9
2022-12-10,401491862,UNC Wilmington Seahawks,Jacksonville Dolphins,81,53,0,2,350,294,53.7,39.2
2022-12-10,401491894,Ball State Cardinals,Evansville Purple Aces,88,69,0,2,2050,339,44.4,39.0
2022-12-10,401492101,Gonzaga Bulldogs,Washington Huskies,77,60,0,2,2250,264,51.8,40.4
2022-12-10,401492206,North Florida Ospreys,Bethune-Cookman Wildcats,88,48,0,2,2454,2065,51.7,28.1
2022-12-10,401492261,Quinnipiac Bobcats,Lafayette Leopards,76,63,0,2,2514,322,52.7,37.5
2022-12-10,401492300,Chattanooga Mocs,Johnson Royals,97,47,0,2,236,3239,43.8,25.0
2022-12-10,401492304,Troy Trojans,Tennessee Tech Golden Eagles,87,64,0,2,2653,2635,57.6,44.4
2022-12-10,401492430,Toledo Rockets,Canisius Golden Griffins,69,68,0,2,2649,2099,38.9,37.7
2022-12-10,401492648,Tulsa Golden Hurricane,Central Michigan Chippewas,70,63,0,2,202,2117,44.6,35.8
2022-12-10,401493752,Western Michigan Broncos,UIC Flames,56,62,0,2,2711,82,39.3,38.2
2022-12-10,401493755,Illinois State Redbirds,SIU Edwardsville Cougars,77,71,0,2,2287,2565,42.1,43.8
2022-12-10,401493784,Merrimack Warriors,New England Nor'easters,82,23,0,2,2771,3085,61.1,19.0
2022-12-10,401493794,Eastern Illinois Panthers,Western Illinois Leathernecks,75,79,0,2,2197,2710,52.7,51.9
2022-12-10,401493838,Southern Jaguars,LSU Alexandria Bull Terriers,98,76,0,2,2582,108817,50.7,43.1
2022-12-10,401493948,Abilene Christian Wildcats,East Texas A&M Lions,83,64,0,2,2000,2837,50.9,46.0
2022-12-10,401493962,Santa Clara Broncos,San José State Spartans,64,75,0,2,2541,23,37.5,44.6
2022-12-10,401500712,Stetson Hatters,Webber International Warriors,83,59,0,2,56,2691,51.7,37.9
2022-12-11,401482904,Clemson Tigers,Loyola Chicago Ramblers,58,76,1,2,228,2350,38.9,56.3
2022-12-11,401482962,Notre Dame Fighting Irish,Marquette Golden Eagles,64,79,0,2,87,269,41.8,47.8
2022-12-11,401482997,Virginia Tech Hokies,Oklahoma State Cowboys,70,65,1,2,259,197,38.6,40.0
2022-12-11,401483221,South Carolina Gamecocks,Presbyterian Blue Hose,68,57,0,2,2579,2506,49.1,52.2
2022-12-11,401483226,Maryland Terrapins,Tennessee Volunteers,53,56,1,2,120,2633,32.7,28.8
2022-12-11,401483242,Texas A&M Aggies,Oregon State Beavers,72,54,0,2,245,204,44.0,36.5
2022-12-11,401483272,Iowa State Cyclones,McNeese Cowboys,77,40,0,2,66,2377,54.5,36.8
2022-12-11,401483287,Kansas State Wildcats,Incarnate Word Cardinals,98,50,0,2,2306,2916,59.1,38.0
2022-12-11,401483304,SMU Mustangs,TCU Horned Frogs,75,83,1,2,2567,2628,42.9,46.8
2022-12-11,401483349,Arizona Wildcats,Indiana Hoosiers,89,75,1,2,12,84,49.2,42.0
2022-12-11,401483387,Northwestern Wildcats,Prairie View A&M Panthers,61,51,0,2,77,2504,29.5,29.0
2022-12-11,401483417,Rutgers Scarlet Knights,Seton Hall Pirates,43,45,0,2,164,2550,32.6,34.1
2022-12-11,401484844,Iowa Hawkeyes,Wisconsin Badgers,75,78,0,2,2294,275,42.2,50.8
2022-12-11,401485016,Princeton Tigers,Monmouth Hawks,91,54,0,2,163,2405,53.4,33.9
2022-12-11,401485177,BYU Cougars,Creighton Bluejays,83,80,1,2,252,156,44.8,38.3
2022-12-11,401485336,Florida Gulf Coast Eagles,Mercer Bears,67,62,0,2,526,2382,40.4,40.4
2022-12-11,401485337,Oral Roberts Golden Eagles,Central Arkansas Bears,111,78,0,2,198,2110,59.4,38.5
2022-12-11,401485338,Tennessee State Tigers,Lipscomb Bisons,90,85,0,2,2634,288,51.6,59.6
2022-12-11,401485517,Morehead State Eagles,East Tennessee State Buccaneers,61,57,0,2,2413,2193,46.8,44.2
2022-12-11,401486771,Iona Gaels,St. Bonaventure Bonnies,72,57,1,2,314,179,50.0,38.7
2022-12-11,401487294,Colorado State Rams,Peru State PERU STATE,115,72,0,2,36,596,69.8,45.3
2022-12-11,401487325,Oregon Ducks,Nevada Wolf Pack,78,65,0,2,2483,2440,45.8,33.3
2022-12-11,401487405,Utah State Aggies,Loyola Marymount Lions,79,67,1,2,328,2351,46.3,36.8
2022-12-11,401487513,Fordham Rams,Central Connecticut Blue Devils,90,77,0,2,2230,2115,56.6,45.2
2022-12-11,401487525,Fairleigh Dickinson Knights,NJIT Highlanders,73,71,0,2,161,2885,41.1,46.3
2022-12-11,401487687,Saint Louis Billikens,Boise State Broncos,52,57,0,2,139,68,31.0,30.5
2022-12-11,401487722,Towson Tigers,Navy Midshipmen,69,71,0,2,119,2426,43.4,46.8
2022-12-11,401488147,Pepperdine Waves,UC Santa Barbara Gauchos,64,67,0,2,2492,2540,36.5,42.4
2022-12-11,401488546,UT Martin Skyhawks,Chicago State Cougars,75,74,0,2,2630,2130,44.3,46.9
2022-12-11,401488710,UCF Knights,Tarleton State Texans,75,49,0,2,2116,2627,52.0,40.0
2022-12-11,401488806,Mount St. Mary's Mountaineers,Loyola Maryland Greyhounds,51,34,0,2,116,2352,37.5,26.1
2022-12-11,401488995,Idaho Vandals,UC Riverside Highlanders,74,76,0,2,70,27,53.5,49.2
2022-12-11,401489026,Portland Pilots,LSU New Orleans Privateers,100,61,0,2,2501,2443,55.0,34.8
2022-12-11,401489083,Houston Christian Huskies,UT Rio Grande Valley Vaqueros,82,95,0,2,2277,292,44.6,55.2
2022-12-11,401489092,Texas State Bobcats,UT Arlington Mavericks,71,65,1,2,326,250,45.3,49.0
2022-12-11,401489099,Cal State Fullerton Titans,Southern Utah Thunderbirds,60,67,1,2,2239,253,37.5,40.8
2022-12-11,401489487,San Diego Toreros,California Baptist Lancers,73,76,0,2,301,2856,46.2,48.4
2022-12-11,401489512,Old Dominion Monarchs,Gardner-Webb Runnin' Bulldogs,44,43,0,2,295,2241,26.3,27.8
2022-12-11,401489518,James Madison Dukes,Gallaudet Bison,106,43,0,2,256,417,49.4,25.5
2022-12-11,401489561,Idaho State Bengals,St. Thomas Tommies,70,76,0,2,304,2900,47.2,50.0
2022-12-11,401489574,North Dakota State Bison,Montana Grizzlies,75,82,0,2,2449,149,40.7,56.6
2022-12-11,401489575,North Dakota State Bison,Waldorf Warriors,99,54,0,2,2449,3080,54.3,33.3
2022-12-11,401489587,Green Bay Phoenix,Kansas City Roos,70,64,0,2,2739,140,52.5,35.9
2022-12-11,401489660,East Carolina Pirates,Coppin State Eagles,84,75,0,2,151,2154,53.6,50.0
2022-12-11,401491663,Merrimack Warriors,Maine Black Bears,47,50,0,2,2771,311,43.2,35.2
2022-12-11,401491697,Cal Poly Mustangs,Portland State Vikings,72,49,0,2,13,2502,49.1,31.8
2022-12-11,401491810,Western Kentucky Hilltoppers,Wright State Raiders,64,60,0,2,98,2750,44.1,40.3
2022-12-11,401491813,Charleston Cougars,North Greenville Trailblazers,96,67,0,2,232,2822,52.4,44.6
2022-12-11,401491816,Delaware Blue Hens,Siena Saints,75,64,0,2,48,2561,53.1,43.4
2022-12-11,401491827,Elon Phoenix,Johnson & Wales-Charlotte JOHNSON & WALES-CHARLOTTE,101,69,0,2,2210,3169,58.7,40.0
2022-12-11,401491832,Hampton Pirates,Bowling Green Falcons,72,86,0,2,2261,189,36.4,42.6
2022-12-11,401491882,Robert Morris Colonials,Marshall Thundering Herd,60,69,0,2,2523,276,36.9,49.1
2022-12-11,401492179,Southern Illinois Salukis,Alcorn State Braves,74,68,0,2,79,2016,52.1,41.7
2022-12-11,401492247,Marist Red Foxes,Boston University Terriers,70,72,0,2,2368,104,38.1,41.4
2022-12-11,401492437,Niagara Purple Eagles,Eastern Michigan Eagles,67,60,0,2,315,2199,50.0,44.4
2022-12-11,401492623,Duquesne Dukes,New Mexico State Aggies,60,73,0,2,2184,166,32.7,44.8
2022-12-11,401492632,Louisiana Ragin' Cajuns,Samford Bulldogs,75,58,0,2,309,2535,50.0,40.0
2022-12-11,401493495,Cal State Northridge Matadors,Northern Colorado Bears,63,70,0,2,2463,2458,38.5,35.2
2022-12-11,401493498,Weber State Wildcats,Saint Martin's Saints,82,58,0,2,2692,2606,50.9,36.4
2022-12-11,401493662,Milwaukee Panthers,North Park Vikings,92,63,0,2,270,75,47.6,37.5
2022-12-11,401493671,Missouri State Bears,Purdue Fort Wayne Mastodons,61,65,0,2,2623,2870,39.7,47.2
2022-12-11,401493686,Youngstown State Penguins,Ohio Bobcats,79,81,0,2,2754,195,39.7,53.2
2022-12-11,401493703,Akron Zips,Jackson State Tigers,85,72,0,2,2006,2296,53.8,50.8
2022-12-11,401493757,Southern Indiana Screaming Eagles,Indiana State Sycamores,88,85,0,2,88,282,40.0,50.8
2022-12-11,401493937,Texas Southern Tigers,North American Stallions,95,47,0,2,2640,126750,53.0,26.9
2022-12-11,401494418,Wyoming Cowboys,Louisiana Tech Bulldogs,92,65,0,2,2751,2348,51.8,42.9
2022-12-11,401498728,Stephen F. Austin Lumberjacks,Paul Quinn Tigers,103,40,0,2,2617,2491,62.3,34.9
2022-12-11,401499132,Nicholls Colonels,Rust Bearcats,85,65,0,2,2447,2892,47.8,43.1
2022-12-11,401499437,Eastern Kentucky Colonels,Boyce Bulldogs,140,79,0,2,2198,109700,58.1,44.3
2022-12-11,401501739,Manhattan Jaspers,Bryant Bulldogs,97,104,0,2,2363,2803,40.3,52.9
2022-12-11,401502001,Miami (OH) RedHawks,Calumet St. Joseph Crimson Wave,85,49,0,2,193,502,48.5,34.6
2022-12-12,401483192,Minnesota Golden Gophers,Mississippi State Bulldogs,51,69,0,2,135,344,28.8,47.2
2022-12-12,401486770,Hofstra Pride,Massachusetts Minutemen,56,71,1,2,2275,113,34.4,45.5
2022-12-12,401489041,Pacific Tigers,Cal State East Bay Pioneers,73,79,0,2,279,2093,41.2,50.0
2022-12-12,401491804,Hawai'i Rainbow Warriors,Saint Francis Red Wolves,90,66,0,2,62,2598,54.0,43.3
2022-12-12,401491843,Stony Brook Seawolves,Sacred Heart Pioneers,71,64,0,2,2619,2529,41.7,36.5
2022-12-12,401493505,IU Indianapolis Jaguars,Spalding Pelicans,75,53,0,2,85,2589,60.4,37.7
2022-12-12,401494492,VCU Rams,Howard Bison,70,60,0,2,2670,47,46.2,38.6
2022-12-13,401482945,NC State Wolfpack,Furman Paladins,92,73,0,2,152,231,47.0,43.5
2022-12-13,401482981,Syracuse Orange,Monmouth Hawks,86,71,0,2,183,2405,50.9,47.4
2022-12-13,401483315,Texas Longhorns,Rice Owls,87,81,0,2,251,242,50.0,43.5
2022-12-13,401483440,Creighton Bluejays,Arizona State Sun Devils,71,73,1,2,156,9,37.1,42.2
2022-12-13,401485056,American University Eagles,VMI Keydets,69,61,0,2,44,2678,48.9,44.4
2022-12-13,401485339,Oral Roberts Golden Eagles,Liberty Flames,84,70,0,2,198,2335,48.4,50.0
2022-12-13,401487478,Fairfield Stags,Yale Bulldogs,64,77,0,2,2217,43,38.6,49.1
2022-12-13,401487651,George Washington Revolutionaries,Coppin State Eagles,83,71,0,2,45,2154,45.9,50.9
2022-12-13,401488148,UC Santa Barbara Gauchos,San Diego Christian Hawks,81,68,0,2,2540,3096,56.9,45.8
2022-12-13,401488547,UT Martin Skyhawks,Bethel (TN) Wildcats,103,75,0,2,2630,2064,50.0,46.9
2022-12-13,401488722,Northern Iowa Panthers,South Florida Bulls,69,72,0,2,2460,58,51.0,50.0
2022-12-13,401489570,Omaha Mavericks,Midland MIDLAND,104,72,0,2,2437,565,58.8,48.3
2022-12-13,401489581,North Dakota Fighting Hawks,North Central Rams,99,48,0,2,155,121894,59.4,31.8
2022-12-13,401491676,New Hampshire Wildcats,Saint Joseph's (ME) ST. JOSEPH'S (ME),104,61,0,2,160,2602,51.4,39.3
2022-12-13,401491730,St. Francis Brooklyn Terriers,Longwood Lancers,57,63,0,2,2597,2344,35.7,38.8
2022-12-13,401492262,Lafayette Leopards,Columbia Lions,45,57,0,2,322,171,32.8,39.2
2022-12-13,401492633,Louisiana Ragin' Cajuns,Louisiana Christian Wildcats,98,63,0,2,309,2347,62.7,36.4
2022-12-13,401493616,San Diego State Aztecs,Kennesaw State Owls,88,54,0,2,21,338,50.8,34.7
2022-12-13,401493745,Gonzaga Bulldogs,Northern Illinois Huskies,88,67,0,2,2250,2459,45.7,42.9
2022-12-13,401493800,Little Rock Trojans,Philander Smith Panthers,83,54,0,2,2031,2494,53.8,34.6
2022-12-13,401494051,South Dakota State Jackrabbits,Mount Marty Lancers,85,56,0,2,2571,573,44.1,35.1
2022-12-13,401494470,Alabama A&M Bulldogs,South Alabama Jaguars,71,78,0,2,2010,6,44.1,51.7
2022-12-13,401500691,Austin Peay Governors,Lindsey Wilson Blue Raiders,86,61,0,2,2046,2877,48.2,38.5
2022-12-13,401507410,San Diego Toreros,UC San Diego Tritons,84,58,0,2,301,28,51.6,40.4
2022-12-13,401509030,New Mexico Lobos,San Francisco Dons,67,64,1,2,167,2539,43.9,38.3
2022-12-14,401482896,Boston College Eagles,Stonehill Skyhawks,63,56,0,2,103,284,42.3,36.2
2022-12-14,401482920,Florida State Seminoles,South Carolina Upstate Spartans,80,63,0,2,52,2908,48.3,33.3
2022-12-14,401482952,North Carolina Tar Heels,The Citadel Bulldogs,100,67,0,2,153,2643,49.2,40.3
2022-12-14,401483324,Texas Tech Red Raiders,Eastern Washington Eagles,77,70,0,2,2641,331,42.2,48.1
2022-12-14,401483486,Utah Utes,UTSA Roadrunners,91,70,0,2,254,2636,52.2,38.3
2022-12-14,401485180,Xavier Musketeers,Southern Jaguars,79,59,0,2,2752,2582,48.3,36.2
2022-12-14,401485467,LSU Tigers,North Carolina Central Eagles,67,57,0,2,99,2428,41.3,43.6
2022-12-14,401487373,Boston University Terriers,Dartmouth Big Green,67,59,0,2,104,159,43.1,42.9
2022-12-14,401487526,Richmond Spiders,Fairleigh Dickinson Knights,77,48,0,2,257,161,52.7,31.1
2022-12-14,401487575,Iona Gaels,Princeton Tigers,70,64,1,2,314,163,42.4,52.1
2022-12-14,401487666,Rhode Island Rams,UMass Lowell River Hawks,77,75,0,2,227,2349,37.5,42.0
2022-12-14,401488207,UC Davis Aggies,Holy Names University Hawks,107,55,0,2,302,2868,52.5,33.3
2022-12-14,401488385,Alabama Crimson Tide,Memphis Tigers,91,88,0,2,333,235,48.1,43.0
2022-12-14,401489042,Pacific Tigers,Stanislaus State Warriors,80,56,0,2,279,2616,47.3,37.7
2022-12-14,401489064,Utah Valley Wolverines,Nelson Lions,100,54,0,2,3084,112679,49.3,35.0
2022-12-14,401489504,Lamar Cardinals,Southern Miss Golden Eagles,65,91,0,2,2320,2572,42.6,46.4
2022-12-14,401489562,St. Thomas Tommies,Green Bay Phoenix,82,61,0,2,2900,2739,44.8,52.0
2022-12-14,401489618,Boise State Broncos,LSU New Orleans Privateers,91,50,0,2,68,2443,54.5,31.7
2022-12-14,401489640,Arizona Wildcats,Texas A&M-Corpus Christi Islanders,99,61,0,2,12,357,56.7,30.7
2022-12-14,401489654,Houston Cougars,North Carolina A&T Aggies,74,46,0,2,248,2448,49.1,28.8
2022-12-14,401489668,UNC Greensboro Spartans,Marshall Thundering Herd,75,67,0,2,2430,276,44.4,37.5
2022-12-14,401489712,Loyola Maryland Greyhounds,UMBC Retrievers,69,72,0,2,2352,2378,43.5,45.8
2022-12-14,401491698,Santa Clara Broncos,Portland State Vikings,78,75,0,2,2541,2502,41.4,41.4
2022-12-14,401491707,Campbell Fighting Camels,William Peace Pacers,97,58,0,2,2097,108807,60.7,43.4
2022-12-14,401491746,South Carolina State Bulldogs,UNC Asheville Bulldogs,84,94,0,2,2569,2427,38.3,62.3
2022-12-14,401492102,Washington Huskies,Cal Poly Mustangs,74,68,0,2,264,13,45.8,42.9
2022-12-14,401492378,Southern Illinois Salukis,Lincoln (MO) Blue Tigers,88,51,0,2,79,2876,63.2,41.3
2022-12-14,401492637,Howard Bison,Florida International Panthers,71,59,0,2,47,2229,44.8,35.4
2022-12-14,401492649,Wichita State Shockers,Mississippi Valley State Delta Devils,71,48,0,2,2724,2400,37.1,35.4
2022-12-14,401493620,Murray State Racers,Chicago State Cougars,66,65,0,2,93,2130,42.1,41.1
2022-12-14,401493779,UIC Flames,Prairie View A&M Panthers,70,61,0,2,82,2504,46.3,35.6
2022-12-14,401497499,Texas State Bobcats,Mary Hardin Baylor Crusaders,65,71,0,2,326,2371,37.7,41.8
2022-12-14,401498234,Hartford Hawks,Saint Peter's Peacocks,57,58,0,2,42,2612,37.5,33.3
2022-12-14,401501931,Florida A&M Rattlers,Edward Waters Tigers,58,47,0,2,50,2206,30.6,26.6
2022-12-15,401483006,Wake Forest Demon Deacons,App State Mountaineers,67,66,0,2,154,2026,41.7,52.7
2022-12-15,401483037,Florida Gators,Ohio Bobcats,82,48,1,2,57,195,51.9,31.4
2022-12-15,401483047,Auburn Tigers,Georgia State Panthers,72,64,0,2,2,2247,51.0,37.9
2022-12-15,401483213,Ole Miss Rebels,UCF Knights,61,72,0,2,145,2116,44.2,42.9
2022-12-15,401483222,UAB Blazers,South Carolina Gamecocks,84,70,0,2,5,2579,44.8,42.6
2022-12-15,401483362,Maryland Terrapins,UCLA Bruins,60,87,0,2,120,26,40.4,55.6
2022-12-15,401483375,Minnesota Golden Gophers,Arkansas-Pine Bluff Golden Lions,72,56,0,2,135,2029,48.9,34.8
2022-12-15,401483477,USC Trojans,Long Beach State Beach,88,78,0,2,30,299,49.2,41.1
2022-12-15,401485181,Seton Hall Pirates,Drexel Dragons,66,49,0,2,2550,2182,43.4,26.9
2022-12-15,401485182,Duquesne Dukes,DePaul Blue Demons,66,55,0,2,2184,305,39.7,30.9
2022-12-15,401485340,East Tennessee State Buccaneers,Queens University Royals,75,78,0,2,2193,2511,50.0,37.5
2022-12-15,401485341,Lipscomb Bisons,Tennessee Tech Golden Eagles,64,63,0,2,288,2635,38.0,41.9
2022-12-15,401485477,Norfolk State Spartans,Bowling Green Falcons,81,75,0,2,2450,189,49.3,46.8
2022-12-15,401487111,Rice Owls,North American Stallions,92,54,0,2,242,126750,52.7,37.1
2022-12-15,401487326,Nevada Wolf Pack,UC San Diego Tritons,64,56,0,2,2440,28,44.9,35.6
2022-12-15,401487572,UAlbany Great Danes,Long Island University Sharks,76,59,0,2,399,112358,47.3,37.1
2022-12-15,401487708,VCU Rams,Radford Highlanders,70,62,0,2,2670,2515,48.9,38.6
2022-12-15,401488664,Louisville Cardinals,Western Kentucky Hilltoppers,94,83,0,2,97,98,54.4,47.1
2022-12-15,401489018,Saint Mary's Gaels,New Mexico State Aggies,81,68,0,2,2608,166,48.3,39.6
2022-12-15,401489495,UL Monroe Warhawks,Sam Houston Bearkats,53,79,0,2,2433,2534,39.5,50.0
2022-12-15,401489531,Georgia Southern Eagles,Morehead State Eagles,71,74,0,2,290,2413,35.3,52.6
2022-12-15,401489540,South Dakota Coyotes,Coastal Carolina Chanticleers,86,87,0,2,233,324,50.0,46.0
2022-12-15,401489547,Arkansas State Red Wolves,Southeast Missouri State Redhawks,68,61,0,2,2032,2546,39.6,38.3
2022-12-15,401489594,Denver Pioneers,Colorado Christian Cougars,85,74,0,2,2172,2862,64.0,46.2
2022-12-15,401489676,Cincinnati Bearcats,Miami (OH) RedHawks,103,76,0,2,2132,193,63.3,48.1
2022-12-15,401489719,Florida Atlantic Owls,St. Thomas (FL) Bobcats,97,74,0,2,2226,606,54.7,45.2
2022-12-15,401491713,Tennessee State Tigers,Charleston Southern Buccaneers,87,91,0,2,2634,2127,46.8,55.8
2022-12-15,401491719,Gardner-Webb Runnin' Bulldogs,Carolina University Bruins,120,44,0,2,2241,108942,63.3,22.8
2022-12-15,401491736,Presbyterian Blue Hose,Elon Phoenix,69,63,0,2,2506,2210,40.8,41.8
2022-12-15,401491814,Charleston Cougars,Stetson Hatters,65,60,0,2,232,56,35.6,47.2
2022-12-15,401492455,Oregon Ducks,UC Riverside Highlanders,71,65,0,2,2483,27,53.3,40.0
2022-12-15,401493680,Akron Zips,Wright State Raiders,66,54,0,2,2006,2750,40.3,36.5
2022-12-15,401494365,Northern Kentucky Norse,Eastern Kentucky Colonels,64,61,0,2,94,2198,43.8,37.9
2022-12-15,401494595,Louisiana Tech Bulldogs,Stephen F. Austin Lumberjacks,79,80,0,2,2348,2617,47.0,51.8
2022-12-15,401497892,Jackson State Tigers,Mississippi State Bulldogs,59,69,1,2,2296,344,46.0,46.9
2022-12-15,401500694,Jacksonville State Gamecocks,Reinhardt Eagles,97,63,0,2,55,2890,56.4,34.2
2022-12-16,401483425,Wisconsin Badgers,Lehigh Mountain Hawks,78,56,0,2,275,2329,51.7,49.0
2022-12-16,401483458,Colorado Buffaloes,North Alabama Lions,84,60,0,2,38,2453,50.8,38.9
2022-12-16,401485183,Georgetown Hoyas,Xavier Musketeers,89,102,0,2,46,2752,51.6,60.3
2022-12-16,401485352,Nicholls Colonels,SE Louisiana Lions,88,73,0,2,2447,2545,50.9,45.5
2022-12-16,401487406,Utah State Aggies,Westminster (UT) Griffins,106,68,0,2,328,224,60.9,46.2
2022-12-16,401488198,Santa Clara Broncos,UC Irvine Anteaters,86,74,0,2,2541,300,50.9,49.1
2022-12-16,401489055,BYU Cougars,Western Oregon Wolves,97,64,0,2,252,2848,50.0,40.7
2022-12-16,401489084,UT Rio Grande Valley Vaqueros,Southwestern Christian U Eagles,106,80,0,2,292,3238,60.6,44.8
2022-12-16,401489106,Oregon State Beavers,Seattle U Redhawks,73,58,0,2,204,2547,46.9,33.9
2022-12-16,401489605,Incarnate Word Cardinals,Bethune-Cookman Wildcats,77,65,0,2,2916,2065,55.1,43.5
2022-12-16,401489641,Texas A&M-Corpus Christi Islanders,Schreiner Mountaineers,104,69,0,2,357,2544,57.8,39.3
2022-12-16,401489758,Middle Tennessee Blue Raiders,Chattanooga Mocs,73,82,0,2,2393,236,46.8,56.5
2022-12-16,401491844,Wagner Seahawks,Stony Brook Seawolves,58,55,0,2,2681,2619,35.1,37.8
2022-12-16,401492634,McNeese Cowboys,Louisiana Ragin' Cajuns,70,78,0,2,2377,309,40.9,57.1
2022-12-16,401493819,Southern Indiana Screaming Eagles,Saint Mary of the Woods Pomeroys,84,42,0,2,88,126824,48.3,27.3
2022-12-16,401510070,Alabama A&M Bulldogs,Rust Bearcats,97,75,0,2,2010,2892,62.3,40.7
2022-12-17,401482921,Florida State Seminoles,St. John's Red Storm,79,93,1,2,52,2599,47.4,52.4
2022-12-17,401482928,Georgia Tech Yellow Jackets,Alabama State Hornets,96,60,0,2,59,2011,54.4,34.8
2022-12-17,401482936,Miami Hurricanes,Saint Francis Red Wolves,91,76,0,2,2390,2598,53.0,42.6
2022-12-17,401482953,North Carolina Tar Heels,Ohio State Buckeyes,89,84,1,2,153,194,44.4,45.9
2022-12-17,401482973,Pittsburgh Panthers,North Florida Ospreys,82,56,0,2,221,2454,52.5,37.7
2022-12-17,401482982,Syracuse Orange,Cornell Big Red,78,63,0,2,183,172,50.0,32.9
2022-12-17,401482989,Virginia Cavaliers,Houston Cougars,61,69,0,2,258,248,41.7,49.0
2022-12-17,401482998,Virginia Tech Hokies,Grambling Tigers,74,48,0,2,259,2755,51.0,36.5
2022-12-17,401483007,Rutgers Scarlet Knights,Wake Forest Demon Deacons,81,57,0,2,164,154,58.5,40.0
2022-12-17,401483168,Kentucky Wildcats,UCLA Bruins,53,63,1,2,96,26,32.8,45.8
2022-12-17,401483204,UCF Knights,Missouri Tigers,66,68,1,2,2116,142,42.3,50.0
2022-12-17,401483214,Ole Miss Rebels,Temple Owls,63,55,0,2,145,218,38.2,29.8
2022-12-17,401483223,South Carolina Gamecocks,East Carolina Pirates,56,64,1,2,2579,151,38.2,50.0
2022-12-17,401483279,Kansas Jayhawks,Indiana Hoosiers,84,62,0,2,2305,84,51.5,37.7
2022-12-17,401483297,Oklahoma Sooners,Central Arkansas Bears,87,66,0,2,201,2110,63.6,44.6
2022-12-17,401483325,Texas Tech Red Raiders,Jackson State Tigers,102,52,1,2,2641,2296,55.4,36.7
2022-12-17,401483342,Illinois Fighting Illini,Alabama A&M Bulldogs,68,47,0,2,356,2010,42.1,30.4
2022-12-17,401483369,Michigan Wolverines,Lipscomb Bisons,83,75,0,2,130,288,50.0,41.8
2022-12-17,401483388,Northwestern Wildcats,DePaul Blue Demons,83,45,0,2,77,305,43.3,30.8
2022-12-17,401483408,Purdue Boilermakers,Davidson Wildcats,69,61,1,2,2509,2166,32.8,39.3
2022-12-17,401483487,BYU Cougars,Utah Utes,75,66,0,2,252,254,41.3,41.4
2022-12-17,401484366,Saint Joseph's Hawks,Villanova Wildcats,64,71,0,2,2603,222,38.7,41.4
2022-12-17,401484867,Furman Paladins,Stephen F. Austin Lumberjacks,72,70,1,2,231,2617,52.2,41.4
2022-12-17,401485017,Monmouth Hawks,Charlotte 49ers,46,80,0,2,2405,2429,34.1,58.5
2022-12-17,401485023,Stanford Cardinal,Green Bay Phoenix,85,40,0,2,24,2739,54.1,26.5
2022-12-17,401485184,Marquette Golden Eagles,Creighton Bluejays,69,58,0,2,269,156,45.0,46.3
2022-12-17,401485185,Seton Hall Pirates,Providence Friars,67,71,0,2,2550,2507,42.1,43.4
2022-12-17,401485342,St. Bonaventure Bonnies,Florida Gulf Coast Eagles,58,71,0,2,179,526,33.9,48.1
2022-12-17,401485343,Bellarmine Knights,Miami (OH) RedHawks,67,71,0,2,91,193,56.1,41.3
2022-12-17,401485344,Bryant Bulldogs,Liberty Flames,62,82,1,2,2803,2335,44.0,47.6
2022-12-17,401485370,Massachusetts Minutemen,North Texas Mean Green,44,62,1,2,113,249,24.0,30.8
2022-12-17,401485478,Norfolk State Spartans,Hampton Pirates,78,66,1,2,2450,2261,41.0,34.9
2022-12-17,401485518,East Tennessee State Buccaneers,UNC Asheville Bulldogs,73,74,0,2,2193,2427,47.4,50.9
2022-12-17,401486790,North Carolina A&T Aggies,Texas Southern Tigers,67,66,1,2,2448,2640,38.7,37.5
2022-12-17,401486793,Ball State Cardinals,Illinois State Redbirds,83,69,1,2,2050,2287,56.4,41.8
2022-12-17,401487112,Rice Owls,Northwestern State Demons,110,73,0,2,242,2466,67.2,34.6
2022-12-17,401487374,South Florida Bulls,Dartmouth Big Green,59,55,0,2,58,159,39.0,35.1
2022-12-17,401487396,UNLV Rebels,San Francisco Dons,73,75,0,2,2439,2539,46.0,43.1
2022-12-17,401487579,George Mason Patriots,Tulane Green Wave,62,56,1,2,2244,2655,46.3,33.9
2022-12-17,401487580,Northern Iowa Panthers,Towson Tigers,83,66,1,2,2460,119,54.2,42.1
2022-12-17,401487624,Duquesne Dukes,Indiana State Sycamores,92,86,0,2,2184,282,51.7,50.0
2022-12-17,401487656,Cincinnati Bearcats,La Salle Explorers,78,60,0,2,2132,2325,41.7,40.3
2022-12-17,401487709,VCU Rams,Northern Illinois Huskies,90,63,0,2,2670,2459,52.7,41.4
2022-12-17,401488208,Eastern Washington Eagles,UC Davis Aggies,79,68,0,2,331,302,49.2,37.3
2022-12-17,401488386,Alabama Crimson Tide,Gonzaga Bulldogs,90,100,1,2,333,2250,51.7,57.1
2022-12-17,401488548,Bowling Green Falcons,UT Martin Skyhawks,67,75,0,2,189,2630,37.9,38.2
2022-12-17,401488665,Louisville Cardinals,Florida A&M Rattlers,61,55,0,2,97,50,42.2,34.4
2022-12-17,401488996,Idaho Vandals,Northwest Indian RedHawks,125,51,0,2,70,3218,51.1,28.3
2022-12-17,401489009,Arkansas Razorbacks,Bradley Braves,76,57,0,2,8,71,49.0,40.0
2022-12-17,401489065,Utah Valley Wolverines,Antelope Valley ANTELOPE VALLEY,80,54,0,2,3084,109597,41.2,38.3
2022-12-17,401489098,Southern Utah Thunderbirds,Northern Arizona Lumberjacks,106,101,0,2,253,2464,50.0,48.1
2022-12-17,401489496,UL Monroe Warhawks,Lamar Cardinals,83,59,0,2,2433,2320,55.2,37.9
2022-12-17,401489532,Georgia Southern Eagles,Campbell Fighting Camels,54,53,0,2,290,2097,40.4,42.9
2022-12-17,401489553,App State Mountaineers,Regent Royals,100,32,0,2,2026,111926,60.6,22.9
2022-12-17,401489635,SE Louisiana Lions,Troy Trojans,71,77,0,2,2545,2653,44.1,44.1
2022-12-17,401489649,Mercer Bears,Morehead State Eagles,79,52,0,2,2382,2413,59.2,30.2
2022-12-17,401489688,Tennessee Tech Golden Eagles,Western Carolina Catamounts,65,75,0,2,2635,2717,44.2,43.6
2022-12-17,401489705,Wofford Terriers,Montreat Cavaliers,107,65,0,2,2747,2410,56.4,40.6
2022-12-17,401489720,Florida Atlantic Owls,Florida International Panthers,79,53,0,2,2226,2229,44.6,42.0
2022-12-17,401490469,Drexel Dragons,Delaware State Hornets,85,52,0,2,2182,2169,49.2,40.4
2022-12-17,401491690,Montana State Bobcats,Northwest Indian RedHawks,144,59,0,2,147,3218,67.1,33.3
2022-12-17,401491714,Jacksonville Dolphins,Charleston Southern Buccaneers,72,63,0,2,294,2127,52.0,43.1
2022-12-17,401491720,Gardner-Webb Runnin' Bulldogs,North Carolina Central Eagles,72,70,0,2,2241,2428,48.1,47.3
2022-12-17,401491731,The Citadel Bulldogs,Longwood Lancers,70,75,0,2,2643,2344,49.1,42.9
2022-12-17,401491742,Eastern Kentucky Colonels,Radford Highlanders,67,65,0,2,2198,2515,37.1,37.7
2022-12-17,401491817,Princeton Tigers,Delaware Blue Hens,69,76,0,2,163,48,45.8,54.7
2022-12-17,401491875,Oral Roberts Golden Eagles,Missouri State Bears,80,77,0,2,198,2623,55.8,53.8
2022-12-17,401491883,Marshall Thundering Herd,Toledo Rockets,100,85,0,2,276,2649,47.9,45.1
2022-12-17,401492352,Maryland Eastern Shore Hawks,Clarks Summit Defenders,95,55,0,2,2379,109636,53.5,39.6
2022-12-17,401492379,Southern Illinois Salukis,Chicago State Cougars,63,52,0,2,79,2130,41.3,27.5
2022-12-17,401492670,Tulsa Golden Hurricane,Mississippi Valley State Delta Devils,66,51,0,2,202,2400,47.4,36.2
2022-12-17,401493499,Cal Poly Mustangs,Weber State Wildcats,45,74,0,2,13,2692,34.7,52.9
2022-12-17,401493506,IU Indianapolis Jaguars,Eastern Illinois Panthers,59,70,0,2,85,2197,38.2,46.9
2022-12-17,401493681,Wright State Raiders,Northwestern Ohio Racers,111,59,0,2,2750,3250,58.7,30.6
2022-12-17,401493687,Youngstown State Penguins,Southern Jaguars,85,81,0,2,2754,2582,51.9,47.6
2022-12-17,401493748,Ohio Bobcats,Stetson Hatters,85,66,0,2,195,56,50.7,36.7
2022-12-17,401493775,Murray State Racers,Austin Peay Governors,68,60,0,2,93,2046,46.6,43.9
2022-12-17,401493797,Lindenwood Lions,Knox Prairie Fire,77,42,0,2,2815,255,39.7,26.4
2022-12-17,401493825,Tennessee State Tigers,Bryan Lions,99,78,0,2,2634,2081,54.1,48.3
2022-12-17,401493945,South Carolina State Bulldogs,Samford Bulldogs,62,61,0,2,2569,2535,35.8,40.4
2022-12-17,401494405,Mississippi State Bulldogs,Nicholls Colonels,68,66,0,2,344,2447,38.8,42.2
2022-12-17,401494482,Arkansas-Pine Bluff Golden Lions,Ecclesia Royals,104,50,0,2,2029,3120,43.9,32.1
2022-12-17,401494632,UC San Diego Tritons,Occidental Tigers,91,55,0,2,28,2475,50.0,37.9
2022-12-17,401497500,Texas State Bobcats,Sam Houston Bearkats,62,69,0,2,326,2534,34.8,45.3
2022-12-17,401497511,Prairie View A&M Panthers,Montana Grizzlies,76,81,1,2,2504,149,47.4,56.9
2022-12-17,401497562,Jacksonville State Gamecocks,Little Rock Trojans,72,62,0,2,55,2031,44.8,40.0
2022-12-17,401499092,Binghamton Bearcats,SUNY Oneonta Red Dragons,86,58,0,2,2066,355,50.8,35.3
2022-12-17,401499594,Hartford Hawks,St. Francis Brooklyn Terriers,51,67,0,2,42,2597,35.6,41.1
2022-12-17,401500697,Kennesaw State Owls,Georgia College Bobcats,79,55,0,2,338,2246,39.1,33.9
2022-12-17,401502063,Western Illinois Leathernecks,Eureka Red Devils,79,50,0,2,2710,101,46.9,30.3
2022-12-17,401505511,Manhattan Jaspers,Central Connecticut Blue Devils,67,78,0,2,2363,2115,45.6,54.7
2022-12-18,401482905,Clemson Tigers,Richmond Spiders,85,57,1,2,228,257,48.5,41.2
2022-12-18,401482946,Vanderbilt Commodores,NC State Wolfpack,66,70,1,2,238,152,41.7,41.4
2022-12-18,401482963,Georgia Bulldogs,Notre Dame Fighting Irish,77,62,1,2,61,87,50.0,42.6
2022-12-18,401483048,USC Trojans,Auburn Tigers,74,71,0,2,30,2,46.2,46.8
2022-12-18,401483227,Arizona Wildcats,Tennessee Volunteers,75,70,0,2,12,2633,42.6,42.9
2022-12-18,401483243,Memphis Tigers,Texas A&M Aggies,83,79,0,2,235,245,55.8,37.9
2022-12-18,401483273,Iowa State Cyclones,Western Michigan Broncos,73,57,0,2,66,2711,63.3,38.5
2022-12-18,401483288,Kansas State Wildcats,Nebraska Cornhuskers,71,56,0,2,2306,158,40.0,32.1
2022-12-18,401483305,TCU Horned Frogs,Mississippi Valley State Delta Devils,88,43,0,2,2628,2400,48.4,38.3
2022-12-18,401483316,Texas Longhorns,Stanford Cardinal,72,62,1,2,251,24,45.2,43.5
2022-12-18,401483335,West Virginia Mountaineers,Buffalo Bulls,96,78,0,2,277,2084,51.6,48.4
2022-12-18,401483355,Iowa Hawkeyes,Southeast Missouri State Redhawks,106,75,0,2,2294,2546,57.6,42.3
2022-12-18,401483402,Penn State Nittany Lions,Canisius Golden Griffins,97,67,0,2,213,2099,58.0,39.3
2022-12-18,401483450,Santa Clara Broncos,California Golden Bears,71,62,0,2,2541,25,47.4,44.9
2022-12-18,401483459,Colorado Buffaloes,Northern Colorado Bears,88,77,0,2,38,2458,56.5,46.9
2022-12-18,401485186,Butler Bulldogs,UConn Huskies,46,68,0,2,2086,41,29.6,39.4
2022-12-18,401485468,LSU Tigers,Winthrop Eagles,89,81,0,2,99,2737,54.7,51.7
2022-12-18,401485479,North Carolina A&T Aggies,Norfolk State Spartans,66,70,1,2,2448,2450,40.7,44.6
2022-12-18,401486791,Hampton Pirates,Texas Southern Tigers,77,82,1,2,2261,2640,44.1,49.2
2022-12-18,401486963,Saint Peter's Peacocks,Quinnipiac Bobcats,63,56,0,2,2612,2514,38.6,31.4
2022-12-18,401487136,UAB Blazers,Southern Jaguars,92,66,0,2,5,2582,43.9,36.9
2022-12-18,401487160,UTEP Miners,Louisiana Tech Bulldogs,60,55,0,2,2638,2348,44.4,29.6
2022-12-18,401487267,New Mexico Lobos,Iona Gaels,82,74,0,2,167,314,56.0,40.8
2022-12-18,401487286,Air Force Falcons,Tarleton State Texans,81,67,0,2,2005,2627,58.0,45.3
2022-12-18,401487305,UTSA Roadrunners,Bethune-Cookman Wildcats,90,69,0,2,2636,2065,46.6,43.3
2022-12-18,401487436,Harvard Crimson,Howard Bison,54,66,0,2,108,47,34.4,48.1
2022-12-18,401487573,James Madison Dukes,Long Island University Sharks,115,79,0,2,256,112358,59.2,48.3
2022-12-18,401487578,Dayton Flyers,Wyoming Cowboys,66,49,1,2,2168,2751,57.8,34.5
2022-12-18,401487661,Loyola Chicago Ramblers,UAlbany Great Danes,68,56,0,2,2350,399,50.0,35.2
2022-12-18,401487667,Georgia State Panthers,Rhode Island Rams,75,66,0,2,2247,227,43.3,40.7
2022-12-18,401487688,Saint Louis Billikens,Drake Bulldogs,83,75,0,2,139,2181,42.9,43.5
2022-12-18,401487723,Navy Midshipmen,Washington Maryland Shoremen,93,54,0,2,2426,2689,61.7,32.7
2022-12-18,401488149,Portland State Vikings,UC Santa Barbara Gauchos,73,85,0,2,2502,2540,42.9,50.9
2022-12-18,401488799,Loyola Marymount Lions,Cleveland State Vikings,70,59,0,2,2351,325,43.5,34.9
2022-12-18,401488807,Mount St. Mary's Mountaineers,Robert Morris Colonials,59,68,0,2,116,2523,39.3,42.9
2022-12-18,401488818,Kent State Golden Flashes,Concord Mountain Lions,106,56,0,2,2309,2148,58.1,30.0
2022-12-18,401489002,Chattanooga Mocs,Belmont Bruins,79,83,0,2,236,2057,45.8,44.4
2022-12-18,401489027,Oregon Ducks,Portland Pilots,78,56,0,2,2483,2501,53.1,37.7
2022-12-18,401489043,Pacific Tigers,San José State Spartans,59,58,0,2,279,23,45.1,45.8
2022-12-18,401489073,Utah Tech Trailblazers,Master's University Mustangs,100,58,0,2,3101,2375,53.3,35.6
2022-12-18,401489107,Seattle U Redhawks,Alcorn State Braves,72,58,0,2,2547,2016,45.3,34.8
2022-12-18,401489505,Southern Miss Golden Eagles,McNeese Cowboys,86,67,0,2,2572,2377,45.5,38.3
2022-12-18,401489669,UNC Greensboro Spartans,Warren Wilson Owls,120,48,0,2,2430,2684,66.2,33.3
2022-12-18,401489713,UMBC Retrievers,William & Mary Tribe,78,62,0,2,2378,2729,53.6,41.1
2022-12-18,401490550,Stony Brook Seawolves,Army Black Knights,66,59,0,2,2619,349,44.9,38.3
2022-12-18,401491670,NJIT Highlanders,Niagara Purple Eagles,62,53,0,2,2885,315,35.8,39.3
2022-12-18,401491680,Washington Huskies,Idaho State Bengals,90,55,0,2,264,304,54.8,34.4
2022-12-18,401491726,UNC Wilmington Seahawks,High Point Panthers,85,82,0,2,350,2272,44.4,42.2
2022-12-18,401491828,Valparaiso Beacons,Elon Phoenix,71,66,0,2,2674,2210,51.0,37.5
2022-12-18,401491840,UIC Flames,Northeastern Huskies,81,73,0,2,82,111,48.3,46.6
2022-12-18,401491869,Eastern Michigan Eagles,Detroit Mercy Titans,79,77,0,2,2199,2174,40.0,38.8
2022-12-18,401492259,Bucknell Bison,Merrimack Warriors,61,55,0,2,2083,2771,45.2,35.2
2022-12-18,401492426,Oregon State Beavers,Green Bay Phoenix,65,56,0,2,204,2739,47.9,41.3
2022-12-18,401492434,Fairfield Stags,Coast Guard Bears,86,45,0,2,2217,2557,47.8,27.3
2022-12-18,401492622,Wichita State Shockers,Oklahoma State Cowboys,49,59,0,2,2724,197,36.5,39.6
2022-12-18,401493469,Boise State Broncos,Oakland Golden Grizzlies,77,57,0,2,68,2473,42.4,35.9
2022-12-18,401493772,Missouri State Bears,Central Michigan Chippewas,79,58,0,2,2623,2117,50.0,36.4
2022-12-18,401493813,SIU Edwardsville Cougars,Illinois Tech Scarlet Hawks,93,78,0,2,2565,73,59.0,41.3
2022-12-18,401493956,Cal State Bakersfield Roadrunners,Abilene Christian Wildcats,59,65,0,2,2934,2000,44.9,40.8
2022-12-18,401494366,Northern Kentucky Norse,Miami (OH) Hamilton Harriers,81,41,0,2,94,124809,52.0,35.7
2022-12-18,401494591,Fresno State Bulldogs,Sacramento State Hornets,53,59,0,2,278,16,46.0,50.0
2022-12-18,401496933,Lehigh Mountain Hawks,Saint Elizabeth Eagles,94,36,0,2,2329,66786,50.7,16.7
2022-12-18,401497673,New Mexico State Aggies,Northern New Mexico Eagles,95,53,0,2,166,3141,47.9,28.1
2022-12-18,401507452,Grand Canyon Lopes,Pepperdine Waves,83,73,0,2,2253,2492,41.3,34.6
2022-12-19,401483257,Baylor Bears,Washington State Cougars,65,59,1,2,239,265,46.0,40.4
2022-12-19,401483441,Arizona State Sun Devils,San Diego Toreros,91,67,0,2,9,301,47.0,40.0
2022-12-19,401487295,Saint Mary's Gaels,Colorado State Rams,60,62,0,2,2608,36,40.4,55.8
2022-12-19,401488671,IU Indianapolis Jaguars,Southern Indiana Screaming Eagles,74,87,1,2,85,88,43.9,46.0
2022-12-19,401489034,Pepperdine Waves,Cal State Los Angeles Golden Eagles,92,69,0,2,2492,2345,61.0,37.5
2022-12-19,401489085,UT Rio Grande Valley Vaqueros,Houston Christian Huskies,100,90,1,2,292,2277,55.0,46.8
2022-12-19,401489488,California Baptist Lancers,Sonoma State Cossacks,88,67,0,2,2856,2574,46.0,48.0
2022-12-19,401491721,Gardner-Webb Runnin' Bulldogs,Bob Jones Bruins,116,55,0,2,2241,3243,60.8,26.8
2022-12-19,401493731,Bowling Green Falcons,Fairmont State Falcons,93,74,0,2,189,2986,53.6,41.7
2022-12-20,401470174,Omaha Mavericks,Denver Pioneers,83,66,0,2,2437,2172,50.0,52.0
2022-12-20,401470175,Kansas City Roos,South Dakota Coyotes,62,45,0,2,140,233,39.6,30.2
2022-12-20,401470176,Oral Roberts Golden Eagles,South Dakota State Jackrabbits,79,40,0,2,198,2571,48.5,26.2
2022-12-20,401470177,Western Illinois Leathernecks,North Dakota State Bison,79,60,0,2,2710,2449,48.3,44.4
2022-12-20,401470178,St. Thomas Tommies,North Dakota Fighting Hawks,75,62,0,2,2900,155,52.8,48.1
2022-12-20,401483193,Drake Bulldogs,Mississippi State Bulldogs,58,52,1,2,2181,344,36.2,38.5
2022-12-20,401483215,Ole Miss Rebels,North Alabama Lions,65,66,0,2,145,2453,39.3,42.4
2022-12-20,401483244,Texas A&M Aggies,Wofford Terriers,62,67,0,2,245,2747,46.0,39.7
2022-12-20,401484868,Furman Paladins,Anderson (SC) Trojans,106,79,0,2,231,380,50.7,49.2
2022-12-20,401485187,UConn Huskies,Georgetown Hoyas,84,73,0,2,41,46,49.2,45.8
2022-12-20,401485345,Liberty Flames,Grambling Tigers,75,56,0,2,2335,2755,41.1,47.1
2022-12-20,401485351,Louisville Cardinals,Lipscomb Bisons,67,75,0,2,97,288,39.3,49.2
2022-12-20,401486964,Marist Red Foxes,Manhattan Jaspers,69,80,0,2,2368,2363,44.4,53.1
2022-12-20,401487113,Rice Owls,Jarvis Christian Bulldogs,109,64,0,2,242,2299,62.3,32.9
2022-12-20,401487407,Utah State Aggies,Weber State Wildcats,72,75,0,2,328,2692,42.0,49.1
2022-12-20,401487680,Saint Joseph's Hawks,Sacred Heart Pioneers,77,59,0,2,2603,2529,42.4,35.6
2022-12-20,401487696,Siena Saints,St. Bonaventure Bonnies,76,70,0,2,2561,179,50.0,51.9
2022-12-20,401488214,Long Beach State Beach,Life Pacific Warriors,97,52,0,2,299,109670,53.3,26.4
2022-12-20,401488398,Wake Forest Demon Deacons,Duke Blue Devils,81,70,0,2,154,150,49.1,44.1
2022-12-20,401488549,UT Martin Skyhawks,Crowley's Ridge Pioneers,120,59,0,2,2630,3168,54.4,32.3
2022-12-20,401488672,Purdue Fort Wayne Mastodons,East Texas A&M Lions,85,68,0,2,2870,2837,47.1,56.0
2022-12-20,401488673,IU Indianapolis Jaguars,East Texas A&M Lions,62,52,1,2,85,2837,51.1,38.5
2022-12-20,401488723,South Florida Bulls,Hofstra Pride,77,70,0,2,58,2275,44.4,48.0
2022-12-20,401488785,Eastern Washington Eagles,Northwest Indian RedHawks,130,54,0,2,331,3218,63.0,27.3
2022-12-20,401488997,Cal State Northridge Matadors,Idaho Vandals,73,76,0,2,2463,70,49.1,48.0
2022-12-20,401489010,Bradley Braves,Stonehill Skyhawks,79,50,0,2,71,284,47.5,32.0
2022-12-20,401489074,Utah Tech Trailblazers,Westmont Warriors,80,53,0,2,3101,2716,45.0,31.4
2022-12-20,401489091,San Francisco Dons,UT Arlington Mavericks,63,68,0,2,2539,250,38.2,45.6
2022-12-20,401489497,UL Monroe Warhawks,Jacksonville Dolphins,55,66,0,2,2433,294,33.9,42.9
2022-12-20,401489541,Coastal Carolina Chanticleers,Charleston Cougars,69,83,0,2,324,232,41.5,42.6
2022-12-20,401489548,Arkansas State Red Wolves,Alabama State Hornets,72,65,0,2,2032,2011,44.4,38.8
2022-12-20,401489619,LSU New Orleans Privateers,Dillard Blue Devils,79,71,0,2,2443,2176,42.0,41.2
2022-12-20,401489626,Northern Illinois Huskies,UAlbany Great Danes,78,83,0,2,2459,399,53.7,46.9
2022-12-20,401489642,Oklahoma State Cowboys,Texas A&M-Corpus Christi Islanders,81,58,0,2,197,357,50.9,32.3
2022-12-20,401489682,Vermont Catamounts,Toledo Rockets,72,84,0,2,261,2649,42.4,54.1
2022-12-20,401489689,Western Carolina Catamounts,Toccoa Falls Eagles,117,50,0,2,2717,2648,50.0,24.3
2022-12-20,401490470,Delaware State Hornets,Wagner Seahawks,51,58,0,2,2169,2681,44.7,33.3
2022-12-20,401490515,Cornell Big Red,Lehigh Mountain Hawks,96,64,0,2,172,2329,51.4,43.6
2022-12-20,401491266,New Hampshire Wildcats,Holy Cross Crusaders,78,60,0,2,160,107,54.0,41.1
2022-12-20,401491664,Akron Zips,Maine Black Bears,87,55,0,2,2006,311,54.4,43.5
2022-12-20,401491732,Longwood Lancers,South Carolina State Bulldogs,104,77,0,2,2344,2569,50.0,46.2
2022-12-20,401491737,Presbyterian Blue Hose,Allen Yellow Jackets,90,70,0,2,2506,2019,52.5,40.3
2022-12-20,401491801,Cal State Fullerton Titans,San Diego Christian Hawks,87,35,0,2,2239,3096,48.5,25.0
2022-12-20,401491818,Rider Broncs,Delaware Blue Hens,59,60,0,2,2520,48,41.7,42.6
2022-12-20,401491884,Marshall Thundering Herd,Glenville State Pioneers,99,73,0,2,276,2249,48.8,40.6
2022-12-20,401493621,Illinois State Redbirds,Chicago State Cougars,66,52,0,2,2287,2130,47.3,37.7
2022-12-20,401493826,Tennessee State Tigers,Brescia Bearcats,98,83,0,2,2634,2855,47.2,39.7
2022-12-20,401494608,South Alabama Jaguars,Spring Hill Badgers,82,53,0,2,6,2590,51.6,35.6
2022-12-20,401498727,Stephen F. Austin Lumberjacks,North American Stallions,83,51,0,2,2617,126750,59.7,33.3
2022-12-20,401499514,Sam Houston Bearkats,Arlington Baptist Patriots,107,26,0,2,2534,3166,60.6,17.6
2022-12-20,401500699,North Florida Ospreys,Davis & Elkins Senators,105,66,0,2,2454,2167,60.9,34.3
2022-12-20,401508450,Nicholls Colonels,Trinity College of Jacksonville Eagles,90,46,0,2,2447,3174,50.0,34.7
2022-12-21,401470182,St. Thomas Tommies,North Dakota State Bison,78,68,0,2,2900,2449,51.9,53.1
2022-12-21,401483038,Oklahoma Sooners,Florida Gators,62,53,1,2,201,57,39.6,32.8
2022-12-21,401483057,Georgia Bulldogs,Chattanooga Mocs,72,65,0,2,61,236,45.1,38.2
2022-12-21,401483228,Tennessee Volunteers,Austin Peay Governors,86,44,0,2,2633,2046,56.3,25.5
2022-12-21,401483259,Baylor Bears,Northwestern State Demons,58,48,0,2,239,2466,38.9,31.7
2022-12-21,401483289,Kansas State Wildcats,Radford Highlanders,73,65,0,2,2306,2515,49.2,40.7
2022-12-21,401483326,Texas Tech Red Raiders,Houston Christian Huskies,111,67,0,2,2641,2277,62.5,36.1
2022-12-21,401483350,Indiana Hoosiers,Elon Phoenix,96,72,0,2,84,2210,58.0,47.2
2022-12-21,401483356,Iowa Hawkeyes,Eastern Illinois Panthers,83,92,0,2,2294,2197,38.9,60.0
2022-12-21,401483382,Nebraska Cornhuskers,Queens University Royals,75,65,0,2,158,2511,52.5,33.8
2022-12-21,401483389,Northwestern Wildcats,UIC Flames,92,54,0,2,77,82,51.4,38.6
2022-12-21,401483469,UCLA Bruins,UC Davis Aggies,81,54,0,2,26,302,49.3,37.5
2022-12-21,401484857,Michigan State Spartans,Oakland Golden Grizzlies,67,54,0,2,127,2473,49.0,31.7
2022-12-21,401485188,Providence Friars,Marquette Golden Eagles,103,98,0,2,2507,269,46.2,52.0
2022-12-21,401485189,Xavier Musketeers,Seton Hall Pirates,73,70,0,2,2752,2550,44.8,45.6
2022-12-21,401485190,Villanova Wildcats,St. John's Red Storm,78,63,0,2,222,2599,47.5,36.0
2022-12-21,401485346,Little Rock Trojans,Central Arkansas Bears,75,66,0,2,2031,2110,38.1,37.7
2022-12-21,401485349,Liberty Flames,Mid Atlantic Christian Mustangs,88,50,0,2,2335,108806,54.1,35.3
2022-12-21,401485480,Nevada Wolf Pack,Norfolk State Spartans,78,66,0,2,2440,2450,49.1,49.1
2022-12-21,401486797,UC Santa Barbara Gauchos,App State Mountaineers,61,50,1,2,2540,2026,38.6,39.2
2022-12-21,401487287,Northern Colorado Bears,Air Force Falcons,65,67,0,2,2458,2005,39.7,43.6
2022-12-21,401487375,Massachusetts Minutemen,Dartmouth Big Green,68,57,0,2,113,159,35.0,31.5
2022-12-21,401487437,UC Irvine Anteaters,Harvard Crimson,57,62,0,2,300,108,37.3,36.7
2022-12-21,401487514,Central Connecticut Blue Devils,Army Black Knights,55,66,0,2,2115,349,32.8,50.0
2022-12-21,401487617,Dayton Flyers,Alcorn State Braves,88,46,0,2,2168,2016,51.7,27.9
2022-12-21,401487625,Duquesne Dukes,Winthrop Eagles,74,57,0,2,2184,2737,41.5,37.5
2022-12-21,401487641,Old Dominion Monarchs,George Mason Patriots,78,77,0,2,295,2244,52.8,54.7
2022-12-21,401487657,La Salle Explorers,Lafayette Leopards,65,90,0,2,2325,322,41.1,61.5
2022-12-21,401487717,San Diego State Aztecs,UC San Diego Tritons,62,46,0,2,21,28,36.1,31.6
2022-12-21,401488387,Alabama Crimson Tide,Jackson State Tigers,84,64,0,2,333,2296,47.6,34.8
2022-12-21,401488399,Syracuse Orange,Pittsburgh Panthers,82,84,0,2,183,221,43.5,46.7
2022-12-21,401488400,Miami Hurricanes,Virginia Cavaliers,66,64,0,2,2390,258,39.6,36.7
2022-12-21,401488402,Boston College Eagles,Virginia Tech Hokies,70,65,0,2,103,259,40.3,40.9
2022-12-21,401488674,Purdue Fort Wayne Mastodons,Southern Indiana Screaming Eagles,83,59,0,2,2870,88,49.1,35.5
2022-12-21,401488790,Kennesaw State Owls,South Carolina Upstate Spartans,65,56,0,2,338,2908,40.0,41.5
2022-12-21,401488808,Howard Bison,Mount St. Mary's Mountaineers,63,62,0,2,47,116,37.1,44.8
2022-12-21,401488825,Temple Owls,Maryland Eastern Shore Hawks,78,86,0,2,218,2379,48.2,47.5
2022-12-21,401489044,Lamar Cardinals,Pacific Tigers,65,74,0,2,2320,279,39.7,49.1
2022-12-21,401489056,BYU Cougars,Lindenwood Lions,90,61,0,2,252,2815,55.6,37.1
2022-12-21,401489066,Oregon Ducks,Utah Valley Wolverines,72,77,0,2,2483,3084,35.3,42.2
2022-12-21,401489114,Grand Canyon Lopes,Idaho State Bengals,68,66,0,2,2253,304,40.6,45.5
2022-12-21,401489519,Coppin State Eagles,James Madison Dukes,107,100,0,2,2154,256,51.7,45.7
2022-12-21,401489524,Georgia State Panthers,Toccoa Falls Eagles,91,52,0,2,2247,2648,51.4,36.4
2022-12-21,401489661,East Carolina Pirates,High Point Panthers,60,49,0,2,151,2272,30.7,26.6
2022-12-21,401489698,UMass Lowell River Hawks,Boston University Terriers,68,60,0,2,2349,104,47.4,33.9
2022-12-21,401491687,Gonzaga Bulldogs,Montana Grizzlies,85,75,0,2,2250,149,51.9,50.0
2022-12-21,401491691,Arizona Wildcats,Montana State Bobcats,85,64,0,2,12,147,43.5,42.9
2022-12-21,401491708,Campbell Fighting Camels,UNC Wilmington Seahawks,66,74,0,2,2097,350,52.0,58.3
2022-12-21,401491795,Davidson Wildcats,Northeastern Huskies,70,73,0,2,2166,111,40.3,47.5
2022-12-21,401491864,William & Mary Tribe,Randolph Wildcats,90,56,0,2,2729,3153,43.5,38.2
2022-12-21,401491888,Drake Bulldogs,St. Ambrose Fighting Bees,124,48,0,2,2181,2591,62.8,28.4
2022-12-21,401491899,Morehead State Eagles,Alice Lloyd Eagles,66,50,0,2,2413,484,39.1,33.3
2022-12-21,401492305,Tennessee Tech Golden Eagles,Kentucky Christian Knights,104,72,0,2,2635,3077,48.8,41.7
2022-12-21,401492452,Valparaiso Beacons,Stonehill Skyhawks,77,67,0,2,2674,284,50.0,40.0
2022-12-21,401493501,UC Riverside Highlanders,San Diego Toreros,84,92,0,2,27,301,45.2,45.8
2022-12-21,401494413,San José State Spartans,Cal Poly Mustangs,65,43,0,2,23,13,47.2,26.9
2022-12-21,401494596,Louisiana Tech Bulldogs,Jarvis Christian Bulldogs,108,52,0,2,2348,2299,52.6,33.3
2022-12-21,401494600,New Mexico Lobos,Prairie View A&M Panthers,94,63,0,2,167,2504,48.5,28.2
2022-12-21,401494609,South Alabama Jaguars,Jacksonville State Gamecocks,71,66,0,2,6,55,47.3,48.1
2022-12-21,401496874,Buffalo Bulls,SUNY Canton Roos,129,62,0,2,2084,111947,70.4,32.9
2022-12-21,401496897,North Carolina Central Eagles,The Citadel Bulldogs,81,74,0,2,2428,2643,50.9,46.7
2022-12-21,401497501,Texas State Bobcats,Science and Arts (OK) Drovers,87,72,0,2,326,608,54.0,42.6
2022-12-21,401497713,Cal State Bakersfield Roadrunners,Fresno State Bulldogs,48,56,0,2,2934,278,29.5,39.6
2022-12-21,401500698,North Alabama Lions,Williams Baptist Eagles,83,45,0,2,2453,2981,48.3,27.9
2022-12-21,401502003,Western Michigan Broncos,Siena Heights Saints,61,41,0,2,2711,2562,39.0,25.5
2022-12-22,401482954,North Carolina Tar Heels,Michigan Wolverines,80,76,1,2,153,130,50.0,41.9
2022-12-22,401483049,Washington Huskies,Auburn Tigers,61,84,0,2,264,2,36.8,55.9
2022-12-22,401483255,Vanderbilt Commodores,Alabama A&M Bulldogs,70,62,0,2,238,2010,38.6,44.8
2022-12-22,401483306,Utah Utes,TCU Horned Frogs,71,75,0,2,254,2628,46.3,43.3
2022-12-22,401483317,Texas Longhorns,Louisiana Ragin' Cajuns,100,72,0,2,251,309,58.1,43.9
2022-12-22,401483336,West Virginia Mountaineers,Stony Brook Seawolves,75,64,0,2,277,2619,41.8,38.5
2022-12-22,401483363,Maryland Terrapins,Saint Peter's Peacocks,75,45,0,2,120,2612,53.2,30.4
2022-12-22,401483376,Minnesota Golden Gophers,Chicago State Cougars,58,55,0,2,135,2130,44.6,37.8
2022-12-22,401483396,Ohio State Buckeyes,Maine Black Bears,95,61,0,2,194,311,61.2,39.1
2022-12-22,401483403,Penn State Nittany Lions,Quinnipiac Bobcats,77,68,0,2,213,2514,41.2,31.0
2022-12-22,401483409,Purdue Boilermakers,LSU New Orleans Privateers,74,53,0,2,2509,2443,55.6,46.3
2022-12-22,401483442,San Francisco Dons,Arizona State Sun Devils,97,60,0,2,2539,9,57.1,27.9
2022-12-22,401483451,California Golden Bears,UT Arlington Mavericks,73,51,0,2,25,250,56.5,32.0
2022-12-22,401483460,Colorado Buffaloes,Southern Utah Thunderbirds,86,78,0,2,38,253,47.0,40.9
2022-12-22,401483478,USC Trojans,Colorado State Rams,73,64,1,2,30,36,53.1,37.7
2022-12-22,401485347,Evansville Purple Aces,Bellarmine Knights,73,61,0,2,339,91,43.6,42.2
2022-12-22,401485348,Florida Gulf Coast Eagles,Canisius Golden Griffins,84,81,0,2,526,2099,51.7,43.8
2022-12-22,401485469,LSU Tigers,East Tennessee State Buccaneers,72,68,0,2,99,2193,47.4,45.2
2022-12-22,401486773,SMU Mustangs,Iona Gaels,85,81,1,2,2567,314,60.0,48.3
2022-12-22,401486774,Utah State Aggies,Seattle U Redhawks,84,56,1,2,328,2547,50.8,29.0
2022-12-22,401486796,Wyoming Cowboys,Saint Mary's Gaels,54,66,1,2,2751,2608,50.0,41.9
2022-12-22,401487161,UTEP Miners,North Carolina A&T Aggies,75,62,0,2,2638,2448,50.0,39.6
2022-12-22,401487337,Brown Bears,New Hampshire Wildcats,67,51,0,2,225,160,39.7,30.8
2022-12-22,401487574,Long Island University Sharks,Purchase Panthers,95,58,0,2,112358,3103,51.4,40.4
2022-12-22,401487635,Fordham Rams,VMI Keydets,80,77,0,2,2230,2678,34.8,45.3
2022-12-22,401487674,Richmond Spiders,Bucknell Bison,81,71,0,2,257,2083,50.0,49.0
2022-12-22,401487689,Saint Louis Billikens,SIU Edwardsville Cougars,67,69,0,2,139,2565,40.0,37.9
2022-12-22,401487697,Northern Iowa Panthers,St. Bonaventure Bonnies,62,52,0,2,2460,179,48.9,36.8
2022-12-22,401487710,VCU Rams,Navy Midshipmen,74,52,0,2,2670,2426,51.8,36.4
2022-12-22,401488215,Long Beach State Beach,Idaho Vandals,82,75,0,2,299,70,48.1,45.6
2022-12-22,401488401,Florida State Seminoles,Notre Dame Fighting Irish,73,72,0,2,52,87,47.4,50.9
2022-12-22,401488403,Georgia Tech Yellow Jackets,Clemson Tigers,66,79,0,2,59,228,43.1,50.0
2022-12-22,401488687,Kent State Golden Flashes,New Mexico State Aggies,73,63,1,2,2309,166,46.6,40.7
2022-12-22,401488711,UCF Knights,Stetson Hatters,73,58,0,2,2116,56,48.3,38.3
2022-12-22,401488717,Tulane Green Wave,Mississippi Valley State Delta Devils,84,63,0,2,2655,2400,49.1,42.4
2022-12-22,401488732,Memphis Tigers,Alabama State Hornets,83,61,0,2,235,2011,55.0,30.6
2022-12-22,401488800,Cleveland State Vikings,Mount St Joseph Lions,78,48,0,2,325,2419,47.6,34.0
2022-12-22,401489003,Belmont Bruins,Samford Bulldogs,79,56,0,2,2057,2535,58.5,36.7
2022-12-22,401489011,Bradley Braves,Akron Zips,74,55,0,2,71,2006,42.2,28.1
2022-12-22,401489028,UC Riverside Highlanders,Portland Pilots,76,65,0,2,27,2501,44.1,47.7
2022-12-22,401489049,Loyola Marymount Lions,Tulsa Golden Hurricane,76,64,0,2,2351,202,45.6,41.1
2022-12-22,401489075,Utah Tech Trailblazers,Lindenwood Lions,95,64,0,2,3101,2815,52.4,35.6
2022-12-22,401489533,Ball State Cardinals,Georgia Southern Eagles,58,54,0,2,2050,290,36.2,33.3
2022-12-22,401489549,Arkansas State Red Wolves,Little Rock Trojans,77,75,0,2,2032,2031,48.3,44.6
2022-12-22,401489595,Oregon State Beavers,Denver Pioneers,57,52,0,2,204,2172,34.7,40.7
2022-12-22,401489606,Florida International Panthers,Incarnate Word Cardinals,79,74,0,2,2229,2916,51.9,49.1
2022-12-22,401489614,Houston Cougars,McNeese Cowboys,83,44,0,2,248,2377,52.5,36.7
2022-12-22,401489636,SE Louisiana Lions,Southern Jaguars,80,62,0,2,2545,2582,49.2,45.1
2022-12-22,401489650,Troy Trojans,Mercer Bears,79,82,0,2,2653,2382,48.3,56.6
2022-12-22,401489670,Eastern Kentucky Colonels,UNC Greensboro Spartans,68,64,0,2,2198,2430,42.4,42.3
2022-12-22,401489677,Cincinnati Bearcats,Detroit Mercy Titans,72,54,0,2,2132,2174,39.7,33.9
2022-12-22,401489721,Florida Atlantic Owls,Northern Kentucky Norse,67,52,0,2,2226,94,45.1,36.2
2022-12-22,401489759,Middle Tennessee Blue Raiders,Murray State Racers,83,67,0,2,2393,93,56.1,51.1
2022-12-22,401490516,Colgate Raiders,Cornell Big Red,80,91,0,2,2142,172,52.5,58.6
2022-12-22,401490527,American University Eagles,Siena Saints,61,64,0,2,44,2561,51.2,45.3
2022-12-22,401491267,Sacred Heart Pioneers,Holy Cross Crusaders,66,62,0,2,2529,107,47.1,48.2
2022-12-22,401491654,Niagara Purple Eagles,Binghamton Bearcats,73,67,0,2,315,2066,52.3,43.1
2022-12-22,401491660,Bryant Bulldogs,Towson Tigers,69,59,0,2,2803,119,42.1,35.5
2022-12-22,401491715,Charleston Southern Buccaneers,Kentucky Christian Knights,126,67,0,2,2127,3077,66.2,33.8
2022-12-22,401491747,Arkansas Razorbacks,UNC Asheville Bulldogs,85,51,0,2,8,2427,53.3,40.0
2022-12-22,401491802,Cal State Fullerton Titans,Sacramento State Hornets,59,49,0,2,2239,16,38.0,36.7
2022-12-22,401491819,Delaware Blue Hens,Ohio Bobcats,76,95,0,2,48,195,42.2,52.4
2022-12-22,401492207,Bethune-Cookman Wildcats,North Florida Ospreys,85,87,0,2,2065,2454,49.2,45.2
2022-12-22,401492380,Southeast Missouri State Redhawks,Southern Illinois Salukis,68,70,0,2,2546,79,40.4,37.0
2022-12-22,401492628,Wagner Seahawks,Gwynedd Mercy Griffins,89,55,0,2,2681,461,54.8,46.8
2022-12-22,401493470,Santa Clara Broncos,Boise State Broncos,73,58,0,2,2541,68,44.1,34.4
2022-12-22,401493677,Robert Morris Colonials,Saint Francis Red Wolves,77,66,0,2,2523,2598,49.1,42.6
2022-12-22,401493688,Central Michigan Chippewas,Youngstown State Penguins,65,76,0,2,2117,2754,52.0,56.6
2022-12-22,401493746,Indiana State Sycamores,Northern Illinois Huskies,57,67,0,2,282,2459,35.0,44.1
2022-12-22,401493957,Abilene Christian Wildcats,Howard Payne Yellow Jackets,113,52,0,2,2000,2758,55.7,29.6
2022-12-22,401494385,Cal State Northridge Matadors,San Diego Toreros,83,78,0,2,2463,301,46.3,41.5
2022-12-22,401494402,Kentucky Wildcats,Florida A&M Rattlers,88,68,0,2,96,50,52.5,52.0
2022-12-22,401497504,Tarleton State Texans,Huston Tillotson Rams,114,56,0,2,2627,2281,57.1,38.5
2022-12-22,401497893,Stephen F. Austin Lumberjacks,Jackson State Tigers,80,69,0,2,2617,2296,52.4,38.2
2022-12-22,401501970,Hofstra Pride,Old Westbury Panthers,96,48,0,2,2275,3087,50.6,27.5
2022-12-23,401483205,Missouri Tigers,Illinois Fighting Illini,93,71,1,2,142,356,59.3,40.3
2022-12-23,401483224,South Carolina Gamecocks,Western Kentucky Hilltoppers,65,58,0,2,2579,98,34.4,36.4
2022-12-23,401483280,Kansas Jayhawks,Harvard Crimson,68,54,0,2,2305,108,46.7,39.6
2022-12-23,401483418,Rutgers Scarlet Knights,Bucknell Bison,85,50,0,2,164,2083,49.3,31.0
2022-12-23,401485018,Monmouth Hawks,Yale Bulldogs,44,76,0,2,2405,43,32.1,46.7
2022-12-23,401485024,Stanford Cardinal,Loyola Chicago Ramblers,75,62,1,2,24,2350,50.0,41.4
2022-12-23,401485191,Creighton Bluejays,Butler Bulldogs,78,56,0,2,156,2086,56.0,42.1
2022-12-23,401485350,Fairleigh Dickinson Knights,Queens University Royals,73,82,0,2,161,2511,45.5,51.8
2022-12-23,401486775,Washington State Cougars,George Washington Revolutionaries,66,64,1,2,265,45,42.1,49.1
2022-12-23,401486776,Hawai'i Rainbow Warriors,Pepperdine Waves,76,70,0,2,62,2492,45.5,43.6
2022-12-23,401486777,Seattle U Redhawks,Iona Gaels,72,83,1,2,2547,314,29.3,47.5
2022-12-23,401486943,UAB Blazers,Charlotte 49ers,76,68,0,2,5,2429,47.2,42.9
2022-12-23,401486965,Rider Broncs,Marist Red Foxes,77,71,0,2,2520,2368,49.2,41.9
2022-12-23,401487306,UTSA Roadrunners,North Texas Mean Green,54,78,0,2,2636,249,32.7,50.0
2022-12-23,401487397,UNLV Rebels,Southern Miss Golden Eagles,74,63,0,2,2439,2572,33.3,43.1
2022-12-23,401487515,Saint Joseph's Hawks,Central Connecticut Blue Devils,83,66,0,2,2603,2115,49.2,45.0
2022-12-23,401487642,George Mason Patriots,Coppin State Eagles,91,53,0,2,2244,2154,49.2,29.8
2022-12-23,401488365,NC State Wolfpack,Louisville Cardinals,76,64,0,2,152,97,41.9,51.1
2022-12-23,401488688,North Carolina A&T Aggies,New Mexico State Aggies,76,85,1,2,2448,166,37.1,50.0
2022-12-23,401488689,UTEP Miners,Kent State Golden Flashes,46,47,0,2,2638,2309,38.3,32.1
2022-12-23,401488724,South Florida Bulls,NJIT Highlanders,92,73,0,2,58,2885,54.5,43.5
2022-12-23,401489057,BYU Cougars,Weber State Wildcats,63,57,0,2,252,2692,38.5,39.6
2022-12-23,401489489,California Baptist Lancers,Portland State Vikings,72,74,0,2,2856,2502,34.5,44.8
2022-12-23,401491226,Loyola Maryland Greyhounds,Goucher Gophers,99,53,0,2,2352,2251,62.1,34.8
2022-12-23,401492372,Princeton Tigers,Kean Cougars,88,70,0,2,163,2871,48.4,36.8
2022-12-23,401492671,Wichita State Shockers,Texas Southern Tigers,65,56,0,2,2724,2640,44.6,32.4
2022-12-23,401493682,Miami (OH) RedHawks,Wright State Raiders,80,88,0,2,193,2750,49.2,54.8
2022-12-23,401493935,San Francisco Dons,Hartford Hawks,85,53,0,2,2539,42,49.1,36.4
2022-12-23,401494934,Arizona Wildcats,Morgan State Bears,93,68,0,2,12,2415,57.6,43.9
2022-12-23,401500365,St. Francis Brooklyn Terriers,Medgar Evers Cougars,89,66,0,2,2597,2380,41.6,43.5
2022-12-23,401511843,Cal Poly Mustangs,San Diego Christian Hawks,72,59,0,2,13,3096,50.9,38.6
2022-12-24,401483351,Indiana Hoosiers,Kennesaw State Owls,69,55,0,2,84,338,50.0,32.7
2022-12-24,401486778,Utah State Aggies,SMU Mustangs,74,77,1,2,328,2567,37.5,48.3
2022-12-24,401486779,Pepperdine Waves,George Washington Revolutionaries,81,70,1,2,2492,45,54.1,43.5
2022-12-24,401486780,Hawai'i Rainbow Warriors,Washington State Cougars,62,51,0,2,62,265,48.9,30.5
2022-12-25,401485192,Creighton Bluejays,DePaul Blue Demons,80,65,0,2,156,305,54.0,34.2
2022-12-25,401486781,George Washington Revolutionaries,Seattle U Redhawks,67,85,1,2,45,2547,41.5,43.7
2022-12-25,401486782,Pepperdine Waves,Iona Gaels,66,76,1,2,2492,314,38.7,49.2
2022-12-25,401486784,Washington State Cougars,Utah State Aggies,73,82,1,2,265,328,44.4,60.4
2022-12-26,401486783,Hawai'i Rainbow Warriors,SMU Mustangs,58,57,0,2,62,2567,40.4,43.6
2022-12-28,401469857,Monmouth Hawks,UNC Wilmington Seahawks,55,68,0,2,2405,350,36.4,45.8
2022-12-28,401482964,Notre Dame Fighting Irish,Jacksonville Dolphins,59,43,0,2,87,294,40.3,34.7
2022-12-28,401482990,Virginia Cavaliers,UAlbany Great Danes,66,46,0,2,258,399,48.1,30.8
2022-12-28,401483245,Texas A&M Aggies,Northwestern State Demons,64,52,0,2,245,2466,42.0,30.0
2022-12-28,401483307,TCU Horned Frogs,Central Arkansas Bears,103,57,0,2,2628,2110,52.1,29.0
2022-12-28,401483318,Texas Longhorns,East Texas A&M Lions,97,72,0,2,251,2837,56.1,53.2
2022-12-28,401483327,Texas Tech Red Raiders,South Carolina State Bulldogs,110,71,0,2,2641,2569,64.4,40.3
2022-12-28,401484531,Ole Miss Rebels,Tennessee Volunteers,59,63,0,2,145,2633,37.3,42.9
2022-12-28,401485193,Marquette Golden Eagles,Seton Hall Pirates,83,69,0,2,269,2550,54.1,46.3
2022-12-28,401485194,UConn Huskies,Villanova Wildcats,74,66,0,2,41,222,39.6,43.1
2022-12-28,401487459,Pennsylvania Quakers,Wilkes Colonels,93,61,0,2,219,398,47.9,36.2
2022-12-28,401489643,Texas A&M-Corpus Christi Islanders,Our Lady of the Lake Saints,88,74,0,2,357,3158,48.5,45.2
2022-12-28,401492353,Columbia Lions,Maryland Eastern Shore Hawks,67,74,0,2,171,2379,37.1,41.2
2022-12-28,401497507,Gonzaga Bulldogs,Eastern Oregon Mountaineers,120,42,0,2,2250,2202,70.8,29.6
2022-12-28,401499094,NJIT Highlanders,Saint Elizabeth Eagles,79,51,0,2,2885,66786,52.3,31.3
2022-12-28,401500695,Jacksonville State Gamecocks,Georgia Southwestern Hurricanes,78,73,0,2,55,12758,45.1,56.4
2022-12-29,401469501,Bellarmine Knights,Liberty Flames,53,70,0,2,91,2335,44.4,53.8
2022-12-29,401469502,Queens University Royals,Austin Peay Governors,81,77,0,2,2511,2046,49.0,45.2
2022-12-29,401469860,Drexel Dragons,Elon Phoenix,62,50,0,2,2182,2210,42.3,38.8
2022-12-29,401470993,Long Island University Sharks,Wagner Seahawks,61,69,0,2,112358,2681,48.9,39.1
2022-12-29,401470994,Sacred Heart Pioneers,Stonehill Skyhawks,67,74,0,2,2529,284,40.9,48.3
2022-12-29,401479660,Samford Bulldogs,Mercer Bears,78,69,0,2,2535,2382,50.0,51.9
2022-12-29,401479661,Western Carolina Catamounts,UNC Greensboro Spartans,47,72,0,2,2717,2430,20.0,49.1
2022-12-29,401480365,Presbyterian Blue Hose,Campbell Fighting Camels,82,72,0,2,2506,2097,48.3,45.6
2022-12-29,401480366,Gardner-Webb Runnin' Bulldogs,Charleston Southern Buccaneers,83,63,0,2,2241,2127,50.8,41.7
2022-12-29,401480367,Longwood Lancers,High Point Panthers,87,73,0,2,2344,2272,40.3,47.4
2022-12-29,401480368,UNC Asheville Bulldogs,Radford Highlanders,62,58,0,2,2427,2515,47.8,38.6
2022-12-29,401480369,South Carolina Upstate Spartans,Winthrop Eagles,70,62,0,2,2908,2737,52.1,30.4
2022-12-29,401481053,New Mexico State Aggies,Southern Utah Thunderbirds,75,79,0,2,166,253,44.4,47.4
2022-12-29,401482790,San Diego State Aztecs,Air Force Falcons,71,55,0,2,21,2005,49.0,42.9
2022-12-29,401482791,Nevada Wolf Pack,Boise State Broncos,74,72,0,2,2440,68,46.0,47.3
2022-12-29,401482792,New Mexico Lobos,Colorado State Rams,88,69,0,2,167,36,50.0,48.2
2022-12-29,401482793,San José State Spartans,UNLV Rebels,75,72,0,2,23,2439,37.7,43.9
2022-12-29,401482794,Fresno State Bulldogs,Wyoming Cowboys,58,53,0,2,278,2751,36.7,43.2
2022-12-29,401483058,Georgia Bulldogs,Rider Broncs,78,72,0,2,61,2520,44.8,43.5
2022-12-29,401483260,Baylor Bears,Nicholls Colonels,85,56,0,2,239,2447,43.1,37.1
2022-12-29,401483390,Northwestern Wildcats,Brown Bears,63,58,0,2,77,225,34.5,42.2
2022-12-29,401483397,Ohio State Buckeyes,Alabama A&M Bulldogs,90,59,0,2,194,2010,52.5,38.7
2022-12-29,401483404,Penn State Nittany Lions,Delaware State Hornets,60,46,0,2,213,2169,36.7,30.4
2022-12-29,401483410,Purdue Boilermakers,Florida A&M Rattlers,82,49,0,2,2509,50,49.2,31.5
2022-12-29,401484392,Fordham Rams,Davidson Wildcats,43,57,0,2,2230,2166,25.4,34.6
2022-12-29,401484393,Dayton Flyers,Duquesne Dukes,69,57,0,2,2168,2184,47.5,44.6
2022-12-29,401484528,Missouri Tigers,Kentucky Wildcats,89,75,0,2,142,96,49.1,46.4
2022-12-29,401484529,Auburn Tigers,Florida Gators,61,58,0,2,2,57,38.2,40.4
2022-12-29,401484530,LSU Tigers,Arkansas Razorbacks,60,57,0,2,99,8,40.3,36.9
2022-12-29,401484532,Mississippi State Bulldogs,Alabama Crimson Tide,67,78,0,2,344,333,36.4,45.6
2022-12-29,401485195,St. John's Red Storm,Xavier Musketeers,79,84,0,2,2599,2752,43.1,45.7
2022-12-29,401485196,Butler Bulldogs,Providence Friars,52,72,0,2,2086,2507,35.1,45.0
2022-12-29,401486944,Charlotte 49ers,Middle Tennessee Blue Raiders,82,67,0,2,2429,2393,59.6,43.1
2022-12-29,401487438,Maine Black Bears,Harvard Crimson,73,74,0,2,311,108,41.8,49.2
2022-12-29,401487658,Howard Bison,La Salle Explorers,76,80,0,2,47,2325,52.9,54.5
2022-12-29,401487675,Richmond Spiders,Coppin State Eagles,83,65,0,2,257,2154,50.0,44.4
2022-12-29,401490132,Belmont Bruins,Bradley Braves,63,60,0,2,2057,71,42.6,42.2
2022-12-29,401490133,UIC Flames,Illinois State Redbirds,55,51,0,2,82,2287,35.4,36.2
2022-12-29,401490134,Northern Iowa Panthers,Missouri State Bears,67,79,0,2,2460,2623,47.3,54.7
2022-12-29,401492672,East Carolina Pirates,Temple Owls,57,59,0,2,151,218,27.1,36.4
2022-12-29,401492673,UCF Knights,Wichita State Shockers,52,45,0,2,2116,2724,35.8,35.0
2022-12-29,401492674,Tulsa Golden Hurricane,Houston Cougars,50,89,0,2,202,248,33.9,59.0
2022-12-29,401493622,Ball State Cardinals,Chicago State Cougars,70,63,0,2,2050,2130,52.2,37.3
2022-12-29,401493732,Bowling Green Falcons,Ohio Dominican Panthers,102,65,0,2,189,2477,58.3,34.3
2022-12-29,401494592,Sacramento State Hornets,Stanislaus State Warriors,72,51,0,2,16,2616,44.4,31.7
2022-12-29,401502004,Toledo Rockets,Lourdes Gray Wolves,103,88,0,2,2649,109671,54.7,50.0
2022-12-29,401510150,Alabama State Hornets,Lane College Dragons,90,78,0,2,2011,6371,50.9,42.3
2022-12-30,401469504,Lipscomb Bisons,Stetson Hatters,80,86,0,2,288,56,44.9,44.9
2022-12-30,401469647,Montana Grizzlies,Eastern Washington Eagles,80,87,0,2,149,331,42.6,48.1
2022-12-30,401469648,Montana State Bobcats,Idaho Vandals,72,58,0,2,147,70,49.1,40.0
2022-12-30,401469649,Idaho State Bengals,Northern Arizona Lumberjacks,79,53,0,2,304,2464,53.8,38.5
2022-12-30,401469650,Weber State Wildcats,Northern Colorado Bears,81,72,0,2,2692,2458,46.6,44.4
2022-12-30,401469741,Cal State Fullerton Titans,UC Santa Barbara Gauchos,58,66,0,2,2239,2540,35.7,45.8
2022-12-30,401469742,Hawai'i Rainbow Warriors,UC Davis Aggies,74,66,0,2,62,302,49.0,39.7
2022-12-30,401469743,Long Beach State Beach,UC San Diego Tritons,83,85,0,2,299,28,42.1,38.9
2022-12-30,401469744,UC Riverside Highlanders,Cal State Bakersfield Roadrunners,71,59,0,2,27,2934,42.3,35.9
2022-12-30,401469745,Cal Poly Mustangs,Cal State Northridge Matadors,67,57,0,2,13,2463,45.8,44.0
2022-12-30,401469858,Delaware Blue Hens,Hofstra Pride,73,87,0,2,48,2275,42.3,59.3
2022-12-30,401469859,Charleston Cougars,Hampton Pirates,89,61,0,2,232,2261,47.7,36.2
2022-12-30,401469861,Northeastern Huskies,North Carolina A&T Aggies,88,76,0,2,111,2448,50.9,50.0
2022-12-30,401469985,Youngstown State Penguins,Cleveland State Vikings,85,71,0,2,2754,325,56.6,53.7
2022-12-30,401469986,Robert Morris Colonials,Purdue Fort Wayne Mastodons,75,70,0,2,2523,2870,45.8,38.6
2022-12-30,401469987,Detroit Mercy Titans,Green Bay Phoenix,76,59,0,2,2174,2739,41.8,42.6
2022-12-30,401469988,Oakland Golden Grizzlies,Milwaukee Panthers,83,61,0,2,2473,270,50.9,37.1
2022-12-30,401469989,Northern Kentucky Norse,Wright State Raiders,78,64,0,2,94,2750,49.1,43.1
2022-12-30,401470084,Eastern Illinois Panthers,Lindenwood Lions,55,54,0,2,2197,2815,33.3,38.2
2022-12-30,401470085,Little Rock Trojans,UT Martin Skyhawks,88,74,0,2,2031,2630,48.3,35.9
2022-12-30,401470086,Tennessee State Tigers,Morehead State Eagles,75,83,0,2,2634,2413,45.0,50.0
2022-12-30,401470087,Southern Indiana Screaming Eagles,Southeast Missouri State Redhawks,86,81,0,2,88,2546,40.3,45.2
2022-12-30,401470088,SIU Edwardsville Cougars,Tennessee Tech Golden Eagles,64,51,0,2,2565,2635,39.7,35.8
2022-12-30,401470183,Omaha Mavericks,Oral Roberts Golden Eagles,89,92,0,2,2437,198,44.1,47.4
2022-12-30,401470184,Denver Pioneers,Kansas City Roos,85,83,0,2,2172,140,39.4,37.0
2022-12-30,401470185,South Dakota Coyotes,St. Thomas Tommies,92,84,0,2,233,2900,54.7,44.8
2022-12-30,401470186,South Dakota State Jackrabbits,Western Illinois Leathernecks,71,64,0,2,2571,2710,49.1,38.2
2022-12-30,401470264,Marshall Thundering Herd,App State Mountaineers,79,53,0,2,276,2026,52.4,34.0
2022-12-30,401470265,Coastal Carolina Chanticleers,Louisiana Ragin' Cajuns,77,76,0,2,324,309,47.2,41.7
2022-12-30,401470266,Georgia State Panthers,James Madison Dukes,47,63,0,2,2247,256,29.1,34.6
2022-12-30,401470267,Georgia Southern Eagles,South Alabama Jaguars,64,50,0,2,290,6,45.9,29.7
2022-12-30,401470268,Old Dominion Monarchs,Arkansas State Red Wolves,57,60,0,2,295,2032,35.1,42.2
2022-12-30,401470269,Texas State Bobcats,UL Monroe Warhawks,53,57,0,2,326,2433,30.4,29.4
2022-12-30,401470270,Southern Miss Golden Eagles,Troy Trojans,64,60,0,2,2572,2653,40.7,34.5
2022-12-30,401470390,Pacific Tigers,BYU Cougars,49,69,0,2,279,252,32.1,42.3
2022-12-30,401470391,Saint Mary's Gaels,San Diego Toreros,85,58,0,2,2608,301,56.1,36.2
2022-12-30,401470392,Portland Pilots,Loyola Marymount Lions,72,92,0,2,2501,2351,41.9,54.2
2022-12-30,401470393,Santa Clara Broncos,San Francisco Dons,79,67,0,2,2541,2539,51.8,38.7
2022-12-30,401470992,Fairleigh Dickinson Knights,Merrimack Warriors,71,63,0,2,161,2771,44.4,40.7
2022-12-30,401470995,Saint Francis Red Wolves,Central Connecticut Blue Devils,80,72,0,2,2598,2115,52.1,47.0
2022-12-30,401479657,The Citadel Bulldogs,Chattanooga Mocs,76,68,0,2,2643,236,46.2,35.4
2022-12-30,401479658,Wofford Terriers,East Tennessee State Buccaneers,71,73,0,2,2747,2193,38.7,45.8
2022-12-30,401479659,Furman Paladins,VMI Keydets,85,62,0,2,231,2678,46.9,37.7
2022-12-30,401481050,Grand Canyon Lopes,California Baptist Lancers,73,59,0,2,2253,2856,39.1,36.7
2022-12-30,401481051,Utah Valley Wolverines,Sam Houston Bearkats,80,64,0,2,3084,2534,50.8,32.8
2022-12-30,401481052,Utah Tech Trailblazers,UT Rio Grande Valley Vaqueros,81,66,0,2,3101,292,42.9,37.3
2022-12-30,401481054,Stephen F. Austin Lumberjacks,Abilene Christian Wildcats,75,68,0,2,2617,2000,47.4,45.9
2022-12-30,401481055,Tarleton State Texans,UT Arlington Mavericks,70,63,0,2,2627,250,48.9,34.6
2022-12-30,401483343,Illinois Fighting Illini,Bethune-Cookman Wildcats,85,52,0,2,356,2065,49.2,29.3
2022-12-30,401483364,Maryland Terrapins,UMBC Retrievers,80,64,0,2,120,2378,48.1,35.9
2022-12-30,401483370,Michigan Wolverines,Central Michigan Chippewas,61,63,0,2,130,2117,35.1,40.6
2022-12-30,401484845,Nebraska Cornhuskers,Iowa Hawkeyes,66,50,0,2,158,2294,40.7,26.0
2022-12-30,401484858,Michigan State Spartans,Buffalo Bulls,89,68,0,2,127,2084,50.8,42.4
2022-12-30,401485197,DePaul Blue Demons,Georgetown Hoyas,83,76,0,2,305,46,45.2,48.3
2022-12-30,401486968,Quinnipiac Bobcats,Siena Saints,76,83,0,2,2514,2561,46.8,49.2
2022-12-30,401486969,Saint Peter's Peacocks,Manhattan Jaspers,67,57,0,2,2612,2363,40.3,39.6
2022-12-30,401487114,Western Kentucky Hilltoppers,Rice Owls,78,81,0,2,98,242,44.4,39.7
2022-12-30,401487137,UAB Blazers,UTEP Miners,79,73,0,2,5,2638,36.4,38.8
2022-12-30,401487307,Louisiana Tech Bulldogs,UTSA Roadrunners,91,69,0,2,2348,2636,53.8,44.7
2022-12-30,401487724,Boston University Terriers,Navy Midshipmen,58,75,0,2,104,2426,35.5,46.0
2022-12-30,401489722,North Texas Mean Green,Florida Atlantic Owls,46,50,0,2,249,2226,34.0,30.8
2022-12-30,401490135,Drake Bulldogs,Valparaiso Beacons,68,63,0,2,2181,2674,42.9,39.0
2022-12-30,401490136,Indiana State Sycamores,Evansville Purple Aces,91,63,0,2,282,339,48.3,38.1
2022-12-30,401490137,Murray State Racers,Southern Illinois Salukis,57,63,0,2,93,79,40.4,45.3
2022-12-30,401490312,California Golden Bears,Utah Utes,43,58,0,2,25,254,34.1,39.6
2022-12-30,401490313,Stanford Cardinal,Colorado Buffaloes,70,73,0,2,24,38,41.2,48.2
2022-12-30,401490517,Cornell Big Red,Binghamton Bearcats,86,70,0,2,172,2066,51.7,53.6
2022-12-30,401490551,Army Black Knights,Lehigh Mountain Hawks,80,78,0,2,349,2329,54.9,47.5
2022-12-30,401491268,Holy Cross Crusaders,Bucknell Bison,60,58,0,2,107,2083,43.3,36.7
2022-12-30,401492638,Florida International Panthers,Florida College FLORIDA COLLEGE,69,64,0,2,2229,3244,48.1,36.2
2022-12-30,401492675,Memphis Tigers,South Florida Bulls,93,86,0,2,235,58,48.5,42.9
2022-12-30,401492676,Cincinnati Bearcats,Tulane Green Wave,88,77,0,2,2132,2655,50.8,40.0
2022-12-30,401493740,Miami (OH) RedHawks,Saint Mary of the Woods Pomeroys,90,51,0,2,193,126824,55.0,33.3
2022-12-30,401493938,Texas Southern Tigers,Huston Tillotson Rams,92,54,0,2,2640,2281,46.3,32.8
2022-12-30,401496880,South Carolina State Bulldogs,St. Andrews Knights,111,58,0,2,2569,2592,59.4,30.9
2022-12-30,401496890,Hartford Hawks,Morgan State Bears,54,61,0,2,42,2415,37.5,39.6
2022-12-30,401500553,Clemson Tigers,NC State Wolfpack,78,64,0,2,228,152,41.7,30.9
2022-12-30,401500554,Notre Dame Fighting Irish,Miami Hurricanes,65,76,0,2,87,2390,44.6,50.9
2022-12-30,401500555,Pittsburgh Panthers,North Carolina Tar Heels,76,74,0,2,221,153,46.0,43.1
2022-12-30,401515010,Grambling Tigers,North American Stallions,101,42,0,2,2755,126750,54.7,26.8
2022-12-31,401469503,Jacksonville State Gamecocks,North Alabama Lions,62,66,0,2,55,2453,37.9,36.2
2022-12-31,401469505,Florida Gulf Coast Eagles,Jacksonville Dolphins,72,65,0,2,526,294,44.4,43.6
2022-12-31,401469506,North Florida Ospreys,Austin Peay Governors,90,85,0,2,2454,2046,45.6,46.3
2022-12-31,401469507,Eastern Kentucky Colonels,Queens University Royals,88,83,0,2,2198,2511,47.1,40.3
2022-12-31,401469508,Kennesaw State Owls,Central Arkansas Bears,82,66,0,2,338,2110,46.0,35.4
2022-12-31,401469651,Montana State Bobcats,Eastern Washington Eagles,67,70,0,2,147,331,42.6,42.9
2022-12-31,401469652,Montana Grizzlies,Idaho Vandals,67,56,0,2,149,70,43.1,34.8
2022-12-31,401469654,Weber State Wildcats,Northern Arizona Lumberjacks,76,60,0,2,2692,2464,58.0,42.6
2022-12-31,401469655,Sacramento State Hornets,Portland State Vikings,74,63,0,2,16,2502,44.6,39.7
2022-12-31,401469746,Cal State Bakersfield Roadrunners,UC Irvine Anteaters,75,79,0,2,2934,300,40.7,55.0
2022-12-31,401469747,Long Beach State Beach,UC Riverside Highlanders,72,73,0,2,299,27,43.5,44.1
2022-12-31,401469862,Northeastern Huskies,Stony Brook Seawolves,61,65,0,2,111,2619,37.7,38.0
2022-12-31,401469863,UNC Wilmington Seahawks,Hampton Pirates,82,65,0,2,350,2261,58.7,42.3
2022-12-31,401469864,Drexel Dragons,William & Mary Tribe,66,56,0,2,2182,2729,45.5,37.7
2022-12-31,401469865,Delaware Blue Hens,Elon Phoenix,57,52,0,2,48,2210,38.9,34.0
2022-12-31,401469866,Hofstra Pride,North Carolina A&T Aggies,79,81,0,2,2275,2448,49.2,55.7
2022-12-31,401469867,Towson Tigers,Charleston Cougars,74,76,0,2,119,232,42.6,43.3
2022-12-31,401469990,Youngstown State Penguins,Purdue Fort Wayne Mastodons,71,76,0,2,2754,2870,38.8,53.6
2022-12-31,401469991,Robert Morris Colonials,Cleveland State Vikings,54,63,0,2,2523,325,42.0,43.4
2022-12-31,401469992,Detroit Mercy Titans,Milwaukee Panthers,81,84,0,2,2174,270,43.3,50.8
2022-12-31,401469993,Oakland Golden Grizzlies,Green Bay Phoenix,81,65,0,2,2473,2739,54.5,37.9
2022-12-31,401469994,IU Indianapolis Jaguars,Northern Kentucky Norse,42,55,0,2,85,94,36.6,37.3
2022-12-31,401470089,Lindenwood Lions,Tennessee Tech Golden Eagles,82,64,0,2,2815,2635,52.7,31.3
2022-12-31,401470090,Tennessee State Tigers,Little Rock Trojans,94,69,0,2,2634,2031,58.9,41.9
2022-12-31,401470091,Eastern Illinois Panthers,Southern Indiana Screaming Eagles,91,80,0,2,2197,88,60.0,44.1
2022-12-31,401470092,UT Martin Skyhawks,Morehead State Eagles,64,57,0,2,2630,2413,40.7,30.8
2022-12-31,401470093,Southeast Missouri State Redhawks,SIU Edwardsville Cougars,82,73,0,2,2546,2565,48.2,40.8
2022-12-31,401470187,North Dakota Fighting Hawks,North Dakota State Bison,49,71,0,2,155,2449,30.2,48.1
2022-12-31,401470188,Denver Pioneers,Oral Roberts Golden Eagles,62,80,0,2,2172,198,39.3,46.2
2022-12-31,401470189,Omaha Mavericks,Kansas City Roos,59,75,0,2,2437,140,44.4,58.7
2022-12-31,401470190,South Dakota State Jackrabbits,St. Thomas Tommies,71,64,0,2,2571,2900,46.8,39.6
2022-12-31,401470191,South Dakota Coyotes,Western Illinois Leathernecks,80,63,0,2,233,2710,51.8,38.9
2022-12-31,401470271,Southern Miss Golden Eagles,App State Mountaineers,76,70,0,2,2572,2026,50.0,46.3
2022-12-31,401470272,Coastal Carolina Chanticleers,Georgia Southern Eagles,64,73,0,2,324,290,45.8,43.3
2022-12-31,401470273,Georgia State Panthers,South Alabama Jaguars,68,58,0,2,2247,6,45.3,38.1
2022-12-31,401470274,Marshall Thundering Herd,James Madison Dukes,66,72,0,2,276,256,41.3,52.9
2022-12-31,401470275,Old Dominion Monarchs,Louisiana Ragin' Cajuns,70,66,0,2,295,309,40.0,39.7
2022-12-31,401470276,Texas State Bobcats,Troy Trojans,52,55,0,2,326,2653,35.7,40.0
2022-12-31,401470277,Arkansas State Red Wolves,UL Monroe Warhawks,72,84,0,2,2032,2433,51.0,54.4
2022-12-31,401470396,Gonzaga Bulldogs,Pepperdine Waves,111,88,0,2,2250,2492,61.0,52.2
2022-12-31,401470397,Pacific Tigers,Loyola Marymount Lions,78,72,0,2,279,2351,50.0,41.9
2022-12-31,401470996,Saint Francis Red Wolves,Stonehill Skyhawks,73,72,0,2,2598,284,45.3,47.1
2022-12-31,401470997,Long Island University Sharks,Sacred Heart Pioneers,64,82,0,2,112358,2529,37.3,50.0
2022-12-31,401470998,Wagner Seahawks,Merrimack Warriors,48,58,0,2,2681,2771,28.8,38.5
2022-12-31,401470999,Central Connecticut Blue Devils,St. Francis Brooklyn Terriers,74,52,0,2,2115,2597,47.5,28.8
2022-12-31,401479662,Wofford Terriers,UNC Greensboro Spartans,64,73,0,2,2747,2430,40.4,39.3
2022-12-31,401479663,Western Carolina Catamounts,Furman Paladins,79,67,0,2,2717,231,51.9,49.0
2022-12-31,401479664,VMI Keydets,East Tennessee State Buccaneers,50,64,0,2,2678,2193,33.3,46.3
2022-12-31,401479665,Mercer Bears,Chattanooga Mocs,51,80,0,2,2382,236,35.5,48.1
2022-12-31,401479666,The Citadel Bulldogs,Samford Bulldogs,63,75,0,2,2643,2535,34.5,44.7
2022-12-31,401480370,Campbell Fighting Camels,Longwood Lancers,42,67,0,2,2097,2344,27.7,40.7
2022-12-31,401480371,Charleston Southern Buccaneers,South Carolina Upstate Spartans,90,85,0,2,2127,2908,44.3,54.4
2022-12-31,401480372,High Point Panthers,Gardner-Webb Runnin' Bulldogs,73,80,0,2,2272,2241,34.8,46.9
2022-12-31,401480373,Radford Highlanders,Presbyterian Blue Hose,69,51,0,2,2515,2506,48.1,39.1
2022-12-31,401480374,Winthrop Eagles,UNC Asheville Bulldogs,62,60,0,2,2737,2427,43.9,45.3
2022-12-31,401481056,Seattle U Redhawks,California Baptist Lancers,71,65,0,2,2547,2856,47.4,39.3
2022-12-31,401481057,Utah Valley Wolverines,Utah Tech Trailblazers,71,60,0,2,3084,3101,46.4,35.8
2022-12-31,401481058,Southern Utah Thunderbirds,UT Rio Grande Valley Vaqueros,94,88,0,2,253,292,47.7,45.3
2022-12-31,401481059,New Mexico State Aggies,Sam Houston Bearkats,62,75,0,2,166,2534,45.7,52.0
2022-12-31,401481060,Abilene Christian Wildcats,Tarleton State Texans,69,63,0,2,2000,2627,42.9,43.8
2022-12-31,401481061,UT Arlington Mavericks,Stephen F. Austin Lumberjacks,62,66,0,2,250,2617,40.4,42.9
2022-12-31,401482795,Utah State Aggies,Fresno State Bulldogs,67,54,0,2,328,278,43.5,37.3
2022-12-31,401482796,Air Force Falcons,Nevada Wolf Pack,69,75,0,2,2005,2440,46.2,45.1
2022-12-31,401482797,Wyoming Cowboys,New Mexico Lobos,75,76,0,2,2751,167,49.1,44.3
2022-12-31,401482798,UNLV Rebels,San Diego State Aztecs,67,76,0,2,2439,21,36.7,45.1
2022-12-31,401482799,Colorado State Rams,San José State Spartans,70,78,0,2,36,23,40.0,45.6
2022-12-31,401483169,Kentucky Wildcats,Louisville Cardinals,86,63,0,2,96,97,60.0,46.8
2022-12-31,401483225,South Carolina Gamecocks,Eastern Michigan Eagles,74,64,0,2,2579,2199,44.4,39.7
2022-12-31,401483246,Texas A&M Aggies,Prairie View A&M Panthers,86,66,0,2,245,2504,54.0,41.7
2022-12-31,401483256,Vanderbilt Commodores,SE Louisiana Lions,93,55,0,2,238,2545,47.9,33.8
2022-12-31,401483419,Rutgers Scarlet Knights,Coppin State Eagles,90,57,0,2,164,2154,45.3,33.9
2022-12-31,401483427,Wisconsin Badgers,Western Michigan Broncos,76,66,0,2,275,2711,51.9,45.6
2022-12-31,401484394,Davidson Wildcats,Dayton Flyers,55,69,0,2,2166,2168,36.8,44.7
2022-12-31,401484395,Loyola Chicago Ramblers,George Washington Revolutionaries,87,97,0,2,2350,45,51.5,64.0
2022-12-31,401484396,VCU Rams,La Salle Explorers,80,67,0,2,2670,2325,48.4,40.6
2022-12-31,401484397,St. Bonaventure Bonnies,Massachusetts Minutemen,83,64,0,2,179,113,49.2,38.8
2022-12-31,401484398,Duquesne Dukes,Rhode Island Rams,72,61,0,2,2184,227,37.9,35.6
2022-12-31,401484399,George Mason Patriots,Richmond Spiders,62,58,0,2,2244,257,48.9,40.0
2022-12-31,401484400,Saint Joseph's Hawks,Saint Louis Billikens,78,83,0,2,2603,139,45.5,52.5
2022-12-31,401485198,Xavier Musketeers,UConn Huskies,83,73,0,2,2752,41,53.8,41.8
2022-12-31,401485199,Seton Hall Pirates,St. John's Red Storm,88,66,0,2,2550,2599,54.1,41.2
2022-12-31,401485200,Villanova Wildcats,Marquette Golden Eagles,66,68,0,2,222,269,42.1,47.4
2022-12-31,401485353,Houston Christian Huskies,LSU New Orleans Privateers,101,96,0,2,2277,2443,56.3,54.7
2022-12-31,401485354,Lamar Cardinals,McNeese Cowboys,62,81,0,2,2320,2377,40.9,50.8
2022-12-31,401485355,Northwestern State Demons,Texas A&M-Corpus Christi Islanders,59,65,0,2,2466,357,34.8,38.9
2022-12-31,401485356,East Texas A&M Lions,Incarnate Word Cardinals,82,74,0,2,2837,2916,48.2,38.7
2022-12-31,401486945,Charlotte 49ers,Louisiana Tech Bulldogs,68,66,0,2,2429,2348,53.3,42.1
2022-12-31,401486966,Fairfield Stags,Marist Red Foxes,73,54,0,2,2217,2368,40.0,38.5
2022-12-31,401486967,Niagara Purple Eagles,Mount St. Mary's Mountaineers,67,55,0,2,315,116,49.0,44.4
2022-12-31,401487115,UTEP Miners,Rice Owls,67,72,0,2,2638,242,40.0,38.1
2022-12-31,401487138,UAB Blazers,UTSA Roadrunners,90,67,0,2,5,2636,49.2,33.3
2022-12-31,401487439,Princeton Tigers,Harvard Crimson,69,66,0,2,163,108,43.3,41.7
2022-12-31,401487479,Columbia Lions,Yale Bulldogs,62,60,0,2,171,43,33.8,38.3
2022-12-31,401488230,Bryant Bulldogs,Binghamton Bearcats,82,78,0,2,2803,2066,46.2,38.9
2022-12-31,401488231,NJIT Highlanders,UMass Lowell River Hawks,64,67,0,2,2885,2349,39.7,49.1
2022-12-31,401488232,UAlbany Great Danes,New Hampshire Wildcats,51,67,0,2,399,160,35.2,44.4
2022-12-31,401488404,Duke Blue Devils,Florida State Seminoles,86,67,0,2,150,52,50.9,42.9
2022-12-31,401488405,Georgia Tech Yellow Jackets,Virginia Cavaliers,56,74,0,2,59,258,44.4,47.4
2022-12-31,401488406,Wake Forest Demon Deacons,Virginia Tech Hokies,77,75,0,2,154,259,36.5,45.8
2022-12-31,401489760,Middle Tennessee Blue Raiders,Western Kentucky Hilltoppers,65,60,0,2,2393,98,36.9,40.7
2022-12-31,401490138,Bradley Braves,UIC Flames,79,45,0,2,71,82,52.6,29.3
2022-12-31,401490139,Illinois State Redbirds,Northern Iowa Panthers,60,66,0,2,2287,2460,37.0,42.3
2022-12-31,401490314,Washington Huskies,USC Trojans,67,80,0,2,264,30,32.4,45.9
2022-12-31,401490315,Washington State Cougars,UCLA Bruins,66,67,0,2,265,26,42.9,36.2
2022-12-31,401490316,Arizona State Sun Devils,Arizona Wildcats,60,69,0,2,9,12,36.2,37.7
2022-12-31,401490317,California Golden Bears,Colorado Buffaloes,80,76,0,2,25,38,58.0,45.5
2022-12-31,401490319,Stanford Cardinal,Utah Utes,66,71,0,2,24,254,42.2,57.5
2022-12-31,401490421,North Texas Mean Green,Florida International Panthers,72,57,0,2,249,2229,50.0,44.9
2022-12-31,401490528,Lafayette Leopards,American University Eagles,47,60,0,2,322,44,32.7,60.0
2022-12-31,401491227,Loyola Maryland Greyhounds,Colgate Raiders,67,101,0,2,2352,2142,44.8,67.2
2022-12-31,401492431,Canisius Golden Griffins,Rider Broncs,64,66,0,2,2099,2520,40.6,43.1
2022-12-31,401492677,Houston Cougars,UCF Knights,71,65,0,2,248,2116,37.5,38.9
2022-12-31,401492678,Wichita State Shockers,East Carolina Pirates,69,79,0,2,2724,151,42.9,44.6
2022-12-31,401493375,Kansas Jayhawks,Oklahoma State Cowboys,69,67,0,2,2305,197,46.4,42.6
2022-12-31,401493376,Iowa State Cyclones,Baylor Bears,77,62,0,2,66,239,50.0,37.7
2022-12-31,401493378,Oklahoma Sooners,Texas Longhorns,69,70,0,2,201,251,48.1,43.1
2022-12-31,401493379,TCU Horned Frogs,Texas Tech Red Raiders,67,61,0,2,2628,2641,40.3,42.3
2022-12-31,401493623,Ohio Bobcats,Chicago State Cougars,76,59,0,2,195,2130,42.4,33.3
2022-12-31,401493704,Akron Zips,Concord Mountain Lions,84,58,0,2,2006,2148,45.8,39.0
2022-12-31,401497517,Fairleigh Dickinson Knights,Centenary (NJ) Cyclones,99,50,0,2,161,2114,46.5,36.5
2022-12-31,401500552,Syracuse Orange,Boston College Eagles,79,65,0,2,183,103,46.8,41.1
2023-01-01,401469653,Idaho State Bengals,Northern Colorado Bears,90,83,0,2,304,2458,42.9,40.6
2023-01-01,401469748,UC Santa Barbara Gauchos,UC San Diego Tritons,82,61,0,2,2540,28,55.0,48.9
2023-01-01,401469749,Hawai'i Rainbow Warriors,Cal Poly Mustangs,57,48,0,2,62,13,37.2,40.8
2023-01-01,401469750,Cal State Fullerton Titans,Cal State Northridge Matadors,64,52,0,2,2239,2463,36.7,36.8
2023-01-01,401470394,BYU Cougars,Portland Pilots,71,58,0,2,252,2501,49.0,37.5
2023-01-01,401470395,San Francisco Dons,San Diego Toreros,68,80,0,2,2539,301,40.0,45.3
2023-01-01,401470398,Santa Clara Broncos,Saint Mary's Gaels,64,67,0,2,2541,2608,36.5,41.0
2023-01-01,401484846,Michigan Wolverines,Maryland Terrapins,81,46,0,2,130,120,50.0,26.5
2023-01-01,401484848,Penn State Nittany Lions,Iowa Hawkeyes,83,79,0,2,213,2294,54.5,44.4
2023-01-01,401485201,DePaul Blue Demons,Providence Friars,59,74,0,2,305,2507,35.1,48.0
2023-01-01,401485202,Georgetown Hoyas,Butler Bulldogs,51,80,0,2,46,2086,28.8,50.0
2023-01-01,401486971,Fairfield Stags,Siena Saints,61,70,0,2,2217,2561,37.7,53.8
2023-01-01,401486972,Iona Gaels,Saint Peter's Peacocks,73,55,0,2,314,2612,44.2,37.0
2023-01-01,401486973,Manhattan Jaspers,Quinnipiac Bobcats,65,84,0,2,2363,2514,43.3,51.7
2023-01-01,401487377,Dartmouth Big Green,Cornell Big Red,63,74,0,2,159,172,47.4,41.7
2023-01-01,401488233,UMBC Retrievers,Vermont Catamounts,61,74,0,2,2378,261,35.5,52.9
2023-01-01,401490140,Southern Illinois Salukis,Belmont Bruins,63,45,0,2,79,2057,46.4,32.7
2023-01-01,401490141,Missouri State Bears,Drake Bulldogs,52,49,0,2,2623,2181,40.0,35.1
2023-01-01,401490142,Evansville Purple Aces,Murray State Racers,61,78,0,2,339,93,39.2,47.5
2023-01-01,401490143,Valparaiso Beacons,Indiana State Sycamores,50,68,0,2,2674,282,29.5,50.0
2023-01-01,401490318,Oregon Ducks,Oregon State Beavers,77,68,0,2,2483,204,47.4,48.0
2023-01-01,401490321,Washington State Cougars,USC Trojans,81,71,0,2,265,30,49.1,43.1
2023-01-01,401492679,SMU Mustangs,Tulsa Golden Hurricane,92,67,0,2,2567,202,57.9,41.8
2023-01-01,401492680,Temple Owls,Cincinnati Bearcats,70,61,0,2,218,2132,42.1,38.3
2023-01-01,401492681,Tulane Green Wave,Memphis Tigers,96,89,0,2,2655,235,48.3,42.6
2023-01-01,401493377,Kansas State Wildcats,West Virginia Mountaineers,82,76,0,2,2306,277,42.0,41.3
2023-01-02,401469531,Kennesaw State Owls,Eastern Kentucky Colonels,79,75,0,2,338,2198,44.8,36.4
2023-01-02,401469995,IU Indianapolis Jaguars,Wright State Raiders,68,82,0,2,85,2750,47.3,50.0
2023-01-02,401484847,Northwestern Wildcats,Ohio State Buckeyes,57,73,0,2,77,194,28.4,46.4
2023-01-02,401486970,Canisius Golden Griffins,Mount St. Mary's Mountaineers,60,64,0,2,2099,116,38.1,44.4
2023-01-02,401486974,Niagara Purple Eagles,Rider Broncs,61,59,0,2,315,2520,40.8,40.8
2023-01-02,401487725,Navy Midshipmen,Holy Cross Crusaders,63,74,0,2,2426,107,32.8,51.9
2023-01-02,401490320,Washington Huskies,UCLA Bruins,49,74,0,2,264,26,34.5,45.3
2023-01-02,401490529,American University Eagles,Loyola Maryland Greyhounds,71,55,0,2,44,2352,53.1,41.3
2023-01-02,401491281,Lehigh Mountain Hawks,Colgate Raiders,60,76,0,2,2329,2142,43.4,50.8
2023-01-02,401491905,Alabama State Hornets,Mississippi Valley State Delta Devils,70,61,0,2,2011,2400,36.8,38.3
2023-01-02,401492180,Alcorn State Braves,Jackson State Tigers,66,67,0,2,2016,2296,40.4,41.4
2023-01-02,401492248,Bucknell Bison,Boston University Terriers,61,69,0,2,2083,104,42.6,43.6
2023-01-03,401469509,Stetson Hatters,North Florida Ospreys,68,62,0,2,56,2454,45.6,40.7
2023-01-03,401469530,North Alabama Lions,Bellarmine Knights,65,69,0,2,2453,91,47.1,50.0
2023-01-03,401469532,Central Arkansas Bears,Florida Gulf Coast Eagles,79,84,0,2,2110,526,42.0,42.6
2023-01-03,401469533,Liberty Flames,Lipscomb Bisons,77,48,0,2,2335,288,49.1,37.0
2023-01-03,401469534,Jacksonville Dolphins,Jacksonville State Gamecocks,62,46,0,2,294,55,50.0,35.6
2023-01-03,401484849,Purdue Boilermakers,Rutgers Scarlet Knights,64,65,0,2,2509,164,39.6,43.1
2023-01-03,401485203,St. John's Red Storm,Marquette Golden Eagles,85,96,0,2,2599,269,51.5,53.2
2023-01-03,401487338,Brown Bears,Pennsylvania Quakers,68,76,0,2,225,219,38.3,51.9
2023-01-03,401490552,Lafayette Leopards,Army Black Knights,65,82,0,2,322,349,41.0,58.5
2023-01-03,401492208,Florida A&M Rattlers,Bethune-Cookman Wildcats,59,67,0,2,50,2065,38.3,38.5
2023-01-03,401492230,Prairie View A&M Panthers,Grambling Tigers,61,60,0,2,2504,2755,40.7,43.5
2023-01-03,401492354,Maryland Eastern Shore Hawks,St. Mary's (MD) Seahawks,87,56,0,2,2379,117,51.4,44.0
2023-01-03,401493380,Oklahoma State Cowboys,West Virginia Mountaineers,67,60,0,2,197,277,48.1,36.5
2023-01-03,401493839,Texas Southern Tigers,Southern Jaguars,76,77,0,2,2640,2582,48.3,38.5
2023-01-03,401494472,Alabama A&M Bulldogs,Arkansas-Pine Bluff Golden Lions,66,59,0,2,2010,2029,42.6,29.5
2023-01-04,401469868,North Carolina A&T Aggies,Charleston Cougars,79,92,0,2,2448,232,43.2,49.4
2023-01-04,401473504,Central Michigan Chippewas,Miami (OH) RedHawks,68,56,0,2,2117,193,35.7,33.9
2023-01-04,401473505,Akron Zips,Northern Illinois Huskies,76,51,0,2,2006,2459,45.6,35.3
2023-01-04,401473506,Buffalo Bulls,Ohio Bobcats,75,72,0,2,2084,195,37.0,37.5
2023-01-04,401473507,Kent State Golden Flashes,Western Michigan Broncos,80,72,0,2,2309,2711,40.4,51.0
2023-01-04,401473508,Toledo Rockets,Ball State Cardinals,83,90,0,2,2649,2050,51.7,52.5
2023-01-04,401473509,Eastern Michigan Eagles,Bowling Green Falcons,65,91,0,2,2199,189,28.1,52.9
2023-01-04,401482801,Fresno State Bulldogs,New Mexico Lobos,71,67,0,2,278,167,50.0,47.4
2023-01-04,401482802,Boise State Broncos,San José State Spartans,67,64,0,2,68,23,42.2,45.0
2023-01-04,401482803,Air Force Falcons,Utah State Aggies,65,77,0,2,2005,328,43.3,51.0
2023-01-04,401484533,Alabama Crimson Tide,Ole Miss Rebels,84,62,0,2,333,145,46.0,34.8
2023-01-04,401484534,Tennessee Volunteers,Mississippi State Bulldogs,87,53,0,2,2633,344,69.2,39.6
2023-01-04,401484535,Vanderbilt Commodores,South Carolina Gamecocks,84,79,0,2,238,2579,45.0,41.7
2023-01-04,401484536,Kentucky Wildcats,LSU Tigers,74,71,0,2,96,99,51.9,49.1
2023-01-04,401484537,Georgia Bulldogs,Auburn Tigers,76,64,0,2,61,2,45.3,34.8
2023-01-04,401484870,Michigan State Spartans,Nebraska Cornhuskers,74,56,0,2,127,158,47.7,41.8
2023-01-04,401484871,Wisconsin Badgers,Minnesota Golden Gophers,63,60,0,2,275,135,43.6,43.6
2023-01-04,401485204,Creighton Bluejays,Seton Hall Pirates,83,61,0,2,156,2550,50.9,36.7
2023-01-04,401485205,Georgetown Hoyas,Villanova Wildcats,57,73,0,2,46,222,35.6,42.6
2023-01-04,401488407,Louisville Cardinals,Syracuse Orange,69,70,0,2,97,183,42.9,40.7
2023-01-04,401488408,Boston College Eagles,Notre Dame Fighting Irish,70,63,0,2,103,87,51.9,40.0
2023-01-04,401488409,Pittsburgh Panthers,Virginia Cavaliers,68,65,0,2,221,258,42.6,47.3
2023-01-04,401493381,Texas Tech Red Raiders,Kansas Jayhawks,72,75,0,2,2641,2305,47.3,49.2
2023-01-04,401493382,Texas Longhorns,Kansas State Wildcats,103,116,0,2,251,2306,51.5,60.0
2023-01-04,401496891,Morgan State Bears,Goucher Gophers,89,52,0,2,2415,2251,52.9,38.9
2023-01-04,401496942,North Carolina Central Eagles,Toccoa Falls Eagles,98,52,0,2,2428,2648,50.0,33.3
2023-01-04,401517310,Saint Mary's Gaels,Academy of Art Urban Knights,84,64,0,2,2608,3136,49.2,40.0
2023-01-05,401469538,Bellarmine Knights,Queens University Royals,74,75,0,2,91,2511,53.4,47.5
2023-01-05,401469869,Elon Phoenix,UNC Wilmington Seahawks,66,81,0,2,2210,350,50.0,46.3
2023-01-05,401470094,Little Rock Trojans,Lindenwood Lions,62,67,0,2,2031,2815,39.1,48.9
2023-01-05,401470278,App State Mountaineers,Coastal Carolina Chanticleers,63,62,0,2,2026,324,40.9,40.7
2023-01-05,401471001,St. Francis Brooklyn Terriers,Fairleigh Dickinson Knights,57,76,0,2,2597,161,41.2,50.0
2023-01-05,401479667,Furman Paladins,The Citadel Bulldogs,97,72,0,2,231,2643,58.2,40.7
2023-01-05,401479668,UNC Greensboro Spartans,Chattanooga Mocs,73,61,0,2,2430,236,48.2,36.8
2023-01-05,401479669,East Tennessee State Buccaneers,Western Carolina Catamounts,60,71,0,2,2193,2717,50.0,41.0
2023-01-05,401479730,Mercer Bears,Wofford Terriers,52,53,0,2,2382,2747,40.4,39.3
2023-01-05,401479731,Samford Bulldogs,VMI Keydets,87,78,0,2,2535,2678,52.7,47.4
2023-01-05,401480375,Campbell Fighting Camels,Gardner-Webb Runnin' Bulldogs,63,58,0,2,2097,2241,42.6,42.9
2023-01-05,401480376,Charleston Southern Buccaneers,Longwood Lancers,74,79,0,2,2127,2344,47.2,45.5
2023-01-05,401480377,High Point Panthers,UNC Asheville Bulldogs,72,76,0,2,2272,2427,44.6,42.6
2023-01-05,401480378,Winthrop Eagles,Presbyterian Blue Hose,82,72,0,2,2737,2506,58.8,48.3
2023-01-05,401480379,Radford Highlanders,South Carolina Upstate Spartans,60,65,0,2,2515,2908,46.0,53.2
2023-01-05,401481062,Stephen F. Austin Lumberjacks,New Mexico State Aggies,69,60,0,2,2617,166,42.4,39.0
2023-01-05,401482800,Nevada Wolf Pack,Colorado State Rams,80,69,0,2,2440,36,57.8,49.0
2023-01-05,401484401,Rhode Island Rams,Fordham Rams,82,79,0,2,227,2230,44.1,46.4
2023-01-05,401484402,St. Bonaventure Bonnies,George Mason Patriots,73,69,0,2,179,2244,52.9,41.8
2023-01-05,401484403,Davidson Wildcats,Loyola Chicago Ramblers,80,57,0,2,2166,2350,56.9,43.1
2023-01-05,401484404,Dayton Flyers,Saint Joseph's Hawks,76,56,0,2,2168,2603,57.1,31.3
2023-01-05,401484405,Massachusetts Minutemen,Saint Louis Billikens,90,81,0,2,113,139,46.2,51.7
2023-01-05,401484406,Duquesne Dukes,VCU Rams,79,70,0,2,2184,2670,45.3,42.1
2023-01-05,401484407,Richmond Spiders,George Washington Revolutionaries,73,63,0,2,257,45,47.9,41.0
2023-01-05,401484538,Arkansas Razorbacks,Missouri Tigers,74,68,0,2,8,142,48.1,44.4
2023-01-05,401484539,Florida Gators,Texas A&M Aggies,63,66,0,2,57,245,45.5,37.7
2023-01-05,401484872,Northwestern Wildcats,Illinois Fighting Illini,73,60,0,2,77,356,32.1,39.7
2023-01-05,401484873,Michigan Wolverines,Penn State Nittany Lions,79,69,0,2,130,213,46.6,44.8
2023-01-05,401484876,Rutgers Scarlet Knights,Maryland Terrapins,64,50,0,2,164,120,45.1,41.3
2023-01-05,401485206,Providence Friars,UConn Huskies,73,61,0,2,2507,41,36.7,36.5
2023-01-05,401485207,Butler Bulldogs,DePaul Blue Demons,78,70,0,2,2086,305,45.3,45.0
2023-01-05,401485360,Texas A&M-Corpus Christi Islanders,Incarnate Word Cardinals,91,61,0,2,357,2916,58.3,39.6
2023-01-05,401485481,Norfolk State Spartans,Penn State Wilkes-Barre Mountain Lions,85,60,0,2,2450,111942,55.6,34.7
2023-01-05,401488236,UMass Lowell River Hawks,Maine Black Bears,72,70,0,2,2349,311,48.0,43.9
2023-01-05,401488410,Virginia Tech Hokies,Clemson Tigers,65,68,0,2,259,228,31.3,41.5
2023-01-05,401488411,NC State Wolfpack,Duke Blue Devils,84,60,0,2,152,150,47.1,39.6
2023-01-05,401488412,Georgia Tech Yellow Jackets,Miami Hurricanes,76,70,0,2,59,2390,41.0,35.3
2023-01-05,401488413,North Carolina Tar Heels,Wake Forest Demon Deacons,88,79,0,2,153,154,51.7,49.1
2023-01-05,401490144,Murray State Racers,Bradley Braves,67,58,0,2,93,71,43.1,34.5
2023-01-05,401490145,UIC Flames,Belmont Bruins,71,77,0,2,82,2057,38.5,45.0
2023-01-05,401490146,Southern Illinois Salukis,Drake Bulldogs,53,49,0,2,79,2181,33.3,33.3
2023-01-05,401490147,Missouri State Bears,Evansville Purple Aces,85,62,0,2,2623,339,49.2,48.9
2023-01-05,401490148,Illinois State Redbirds,Indiana State Sycamores,67,76,0,2,2287,282,42.4,60.0
2023-01-05,401490149,Valparaiso Beacons,Northern Iowa Panthers,67,69,0,2,2674,2460,44.6,45.2
2023-01-05,401491906,Alabama State Hornets,Arkansas-Pine Bluff Golden Lions,80,66,0,2,2011,2029,43.9,37.7
2023-01-05,401492231,Texas Southern Tigers,Grambling Tigers,72,85,0,2,2640,2755,45.3,60.8
2023-01-05,401492682,East Carolina Pirates,UCF Knights,61,64,0,2,151,2116,35.1,43.1
2023-01-05,401492683,South Florida Bulls,Temple Owls,64,68,0,2,58,218,41.0,42.9
2023-01-05,401492684,Tulane Green Wave,Tulsa Golden Hurricane,93,77,0,2,2655,202,55.2,50.0
2023-01-05,401493383,Oklahoma Sooners,Iowa State Cyclones,60,63,0,2,201,66,44.9,43.1
2023-01-05,401493384,Baylor Bears,TCU Horned Frogs,87,88,0,2,239,2628,44.4,48.5
2023-01-05,401493723,Alabama A&M Bulldogs,Mississippi Valley State Delta Devils,75,68,0,2,2010,2400,51.0,42.6
2023-01-05,401493840,Prairie View A&M Panthers,Southern Jaguars,62,66,0,2,2504,2582,35.0,36.8
2023-01-06,401469535,Central Arkansas Bears,Eastern Kentucky Colonels,75,77,0,2,2110,2198,46.3,48.5
2023-01-06,401469536,Stetson Hatters,Jacksonville Dolphins,73,61,0,2,56,294,50.0,46.0
2023-01-06,401469537,Austin Peay Governors,Florida Gulf Coast Eagles,61,59,0,2,2046,526,42.0,43.8
2023-01-06,401469539,Lipscomb Bisons,North Alabama Lions,86,62,0,2,288,2453,62.0,35.8
2023-01-06,401469540,Liberty Flames,Jacksonville State Gamecocks,75,41,0,2,2335,55,50.0,34.1
2023-01-06,401469541,North Florida Ospreys,Kennesaw State Owls,89,86,0,2,2454,338,54.7,50.0
2023-01-06,401469656,Eastern Washington Eagles,Portland State Vikings,92,80,0,2,331,2502,58.8,41.9
2023-01-06,401469657,Idaho Vandals,Sacramento State Hornets,83,85,0,2,70,16,50.7,50.7
2023-01-06,401469658,Northern Arizona Lumberjacks,Montana Grizzlies,75,74,0,2,2464,149,49.0,42.4
2023-01-06,401469659,Northern Colorado Bears,Montana State Bobcats,56,77,0,2,2458,147,38.3,56.9
2023-01-06,401469751,UC Davis Aggies,UC Irvine Anteaters,83,88,0,2,302,300,51.9,56.1
2023-01-06,401469752,UC Riverside Highlanders,Cal State Fullerton Titans,62,77,0,2,27,2239,38.3,61.9
2023-01-06,401469753,UC San Diego Tritons,Hawai'i Rainbow Warriors,49,62,0,2,28,62,39.2,51.0
2023-01-06,401469754,Cal State Northridge Matadors,Long Beach State Beach,74,84,0,2,2463,299,41.9,48.4
2023-01-06,401469755,Cal State Bakersfield Roadrunners,Cal Poly Mustangs,61,51,0,2,2934,13,41.2,30.8
2023-01-06,401469870,William & Mary Tribe,Northeastern Huskies,69,66,0,2,2729,111,44.6,50.0
2023-01-06,401469871,Monmouth Hawks,Stony Brook Seawolves,56,67,0,2,2405,2619,33.9,40.4
2023-01-06,401469872,Hampton Pirates,Hofstra Pride,51,67,0,2,2261,2275,27.6,49.1
2023-01-06,401469873,Towson Tigers,Drexel Dragons,64,58,0,2,119,2182,45.5,40.7
2023-01-06,401469996,Cleveland State Vikings,Milwaukee Panthers,64,68,0,2,325,270,32.9,37.0
2023-01-06,401469997,Purdue Fort Wayne Mastodons,Green Bay Phoenix,79,69,0,2,2870,2739,45.9,51.9
2023-01-06,401469998,Youngstown State Penguins,Robert Morris Colonials,78,56,0,2,2754,2523,49.1,48.1
2023-01-06,401470095,Tennessee Tech Golden Eagles,Eastern Illinois Panthers,70,49,0,2,2635,2197,50.0,36.5
2023-01-06,401470096,Morehead State Eagles,Southern Indiana Screaming Eagles,84,80,0,2,2413,88,53.1,45.0
2023-01-06,401470097,UT Martin Skyhawks,Southeast Missouri State Redhawks,87,82,0,2,2630,2546,50.0,39.5
2023-01-06,401470098,SIU Edwardsville Cougars,Tennessee State Tigers,81,72,0,2,2565,2634,43.1,38.8
2023-01-06,401470192,St. Thomas Tommies,Denver Pioneers,81,71,0,2,2900,2172,46.6,48.1
2023-01-06,401470193,Western Illinois Leathernecks,Omaha Mavericks,74,78,0,2,2710,2437,33.9,56.9
2023-01-06,401470194,North Dakota Fighting Hawks,South Dakota Coyotes,60,62,0,2,155,233,36.8,41.8
2023-01-06,401470195,North Dakota State Bison,South Dakota State Jackrabbits,65,59,0,2,2449,2571,44.1,40.4
2023-01-06,401470279,UL Monroe Warhawks,Georgia State Panthers,66,58,0,2,2433,2247,41.3,33.3
2023-01-06,401470280,Georgia Southern Eagles,Marshall Thundering Herd,81,76,0,2,290,276,57.4,47.7
2023-01-06,401470281,Troy Trojans,Old Dominion Monarchs,78,71,0,2,2653,295,41.3,34.5
2023-01-06,401470282,James Madison Dukes,Texas State Bobcats,62,63,0,2,256,326,48.9,41.7
2023-01-06,401470283,South Alabama Jaguars,Arkansas State Red Wolves,63,45,0,2,6,2032,44.2,27.6
2023-01-06,401470284,Louisiana Ragin' Cajuns,Southern Miss Golden Eagles,75,61,0,2,309,2572,50.0,37.5
2023-01-06,401470399,Loyola Marymount Lions,BYU Cougars,64,59,0,2,2351,252,40.4,41.3
2023-01-06,401470400,San Diego Toreros,Pacific Tigers,82,84,0,2,301,279,44.9,51.7
2023-01-06,401470401,San Francisco Dons,Gonzaga Bulldogs,75,77,0,2,2539,2250,45.8,45.5
2023-01-06,401470402,Pepperdine Waves,Santa Clara Broncos,79,89,0,2,2492,2541,47.6,47.9
2023-01-06,401471000,Central Connecticut Blue Devils,Long Island University Sharks,78,59,0,2,2115,112358,48.4,39.6
2023-01-06,401471002,Merrimack Warriors,Sacred Heart Pioneers,55,59,0,2,2771,2529,35.3,40.7
2023-01-06,401471003,Stonehill Skyhawks,Wagner Seahawks,62,58,0,2,284,2681,42.9,33.9
2023-01-06,401473515,Toledo Rockets,Western Michigan Broncos,102,74,0,2,2649,2711,52.4,38.7
2023-01-06,401481063,California Baptist Lancers,Utah Tech Trailblazers,72,58,0,2,2856,3101,44.6,39.3
2023-01-06,401481064,Tarleton State Texans,Southern Utah Thunderbirds,68,65,0,2,2627,253,43.6,44.2
2023-01-06,401481065,UT Arlington Mavericks,Utah Valley Wolverines,64,72,0,2,250,3084,37.3,47.2
2023-01-06,401481066,Sam Houston Bearkats,Grand Canyon Lopes,68,72,0,2,2534,2253,39.6,45.1
2023-01-06,401481067,UT Rio Grande Valley Vaqueros,Seattle U Redhawks,64,66,0,2,292,2547,34.4,35.1
2023-01-06,401484874,Iowa Hawkeyes,Indiana Hoosiers,91,89,0,2,2294,84,47.7,54.2
2023-01-06,401484875,Ohio State Buckeyes,Purdue Boilermakers,69,71,0,2,194,2509,50.0,43.1
2023-01-06,401485357,McNeese Cowboys,Northwestern State Demons,92,77,0,2,2377,2466,54.2,50.0
2023-01-06,401485358,LSU New Orleans Privateers,Lamar Cardinals,81,55,0,2,2443,2320,47.4,34.4
2023-01-06,401485359,SE Louisiana Lions,Houston Christian Huskies,71,59,0,2,2545,2277,42.1,39.1
2023-01-06,401485361,East Texas A&M Lions,Nicholls Colonels,63,66,0,2,2837,2447,45.1,48.1
2023-01-06,401486946,Florida International Panthers,Charlotte 49ers,62,60,0,2,2229,2429,47.1,38.2
2023-01-06,401487116,Rice Owls,Louisiana Tech Bulldogs,82,88,0,2,242,2348,42.1,51.5
2023-01-06,401487139,Florida Atlantic Owls,UAB Blazers,88,86,0,2,2226,5,49.2,48.5
2023-01-06,401487308,UTSA Roadrunners,Middle Tennessee Blue Raiders,75,72,0,2,2636,2393,45.5,51.9
2023-01-06,401487726,Colgate Raiders,Navy Midshipmen,87,73,0,2,2142,2426,55.2,45.8
2023-01-06,401488234,UMBC Retrievers,UAlbany Great Danes,92,83,0,2,2378,399,54.0,43.5
2023-01-06,401488235,Vermont Catamounts,Bryant Bulldogs,74,64,0,2,261,2803,37.5,44.9
2023-01-06,401488237,Binghamton Bearcats,New Hampshire Wildcats,68,50,0,2,2066,160,46.6,40.4
2023-01-06,401490322,Arizona Wildcats,Washington Huskies,70,67,0,2,12,264,36.4,42.6
2023-01-06,401490323,Arizona State Sun Devils,Washington State Cougars,77,71,0,2,9,265,55.4,42.9
2023-01-06,401490324,Colorado Buffaloes,Oregon Ducks,68,41,0,2,38,2483,45.5,26.9
2023-01-06,401490325,UCLA Bruins,USC Trojans,60,58,0,2,26,30,34.5,47.2
2023-01-06,401490326,Utah Utes,Oregon State Beavers,79,60,0,2,254,204,47.4,40.0
2023-01-06,401490422,Western Kentucky Hilltoppers,North Texas Mean Green,66,70,0,2,98,249,38.8,41.8
2023-01-06,401490530,Holy Cross Crusaders,American University Eagles,68,73,0,2,107,44,40.3,44.1
2023-01-06,401490553,Loyola Maryland Greyhounds,Army Black Knights,55,78,0,2,2352,349,50.0,55.6
2023-01-06,401492249,Boston University Terriers,Lafayette Leopards,73,69,0,2,104,322,43.3,37.7
2023-01-06,401492685,Houston Cougars,SMU Mustangs,87,53,0,2,248,2567,45.6,30.6
2023-01-06,401492686,Wichita State Shockers,Cincinnati Bearcats,61,70,0,2,2724,2132,32.8,40.9
2023-01-06,401496934,Bucknell Bison,Lehigh Mountain Hawks,64,72,0,2,2083,2329,42.9,54.0
2023-01-07,401469544,Jacksonville Dolphins,Lipscomb Bisons,51,44,0,2,294,288,39.2,30.4
2023-01-07,401469546,Austin Peay Governors,Central Arkansas Bears,86,62,0,2,2046,2110,55.2,44.4
2023-01-07,401469660,Eastern Washington Eagles,Sacramento State Hornets,78,75,0,2,331,16,54.5,42.6
2023-01-07,401469661,Idaho Vandals,Portland State Vikings,58,74,0,2,70,2502,39.6,52.0
2023-01-07,401469664,Northern Arizona Lumberjacks,Montana State Bobcats,54,69,0,2,2464,147,26.5,52.3
2023-01-07,401469756,Cal Poly Mustangs,UC Santa Barbara Gauchos,57,62,0,2,13,2540,42.3,51.3
2023-01-07,401469874,Hampton Pirates,Northeastern Huskies,63,79,0,2,2261,111,38.1,57.8
2023-01-07,401469875,William & Mary Tribe,Hofstra Pride,62,75,0,2,2729,2275,33.8,55.0
2023-01-07,401469876,Drexel Dragons,Monmouth Hawks,67,35,0,2,2182,2405,39.3,27.1
2023-01-07,401469877,Charleston Cougars,Delaware Blue Hens,75,64,0,2,232,48,37.7,44.3
2023-01-07,401469878,Stony Brook Seawolves,Towson Tigers,55,67,0,2,2619,119,38.5,48.2
2023-01-07,401469879,North Carolina A&T Aggies,UNC Wilmington Seahawks,61,66,0,2,2448,350,37.3,44.0
2023-01-07,401469999,Wright State Raiders,Detroit Mercy Titans,90,85,0,2,2750,2174,49.3,44.6
2023-01-07,401470000,Northern Kentucky Norse,Oakland Golden Grizzlies,63,64,0,2,94,2473,43.4,39.6
2023-01-07,401470001,Cleveland State Vikings,Green Bay Phoenix,82,77,0,2,325,2739,50.0,52.1
2023-01-07,401470002,Purdue Fort Wayne Mastodons,Milwaukee Panthers,70,74,0,2,2870,270,38.7,48.3
2023-01-07,401470003,Youngstown State Penguins,IU Indianapolis Jaguars,105,74,0,2,2754,85,59.4,48.2
2023-01-07,401470099,Lindenwood Lions,Tennessee State Tigers,57,60,0,2,2815,2634,40.5,32.8
2023-01-07,401470100,Little Rock Trojans,Southeast Missouri State Redhawks,68,74,0,2,2031,2546,43.9,43.9
2023-01-07,401470101,Morehead State Eagles,Eastern Illinois Panthers,69,59,0,2,2413,2197,47.9,35.5
2023-01-07,401470103,UT Martin Skyhawks,Tennessee Tech Golden Eagles,80,84,0,2,2630,2635,45.7,45.5
2023-01-07,401470196,Western Illinois Leathernecks,Denver Pioneers,91,74,0,2,2710,2172,50.0,49.1
2023-01-07,401470199,North Dakota Fighting Hawks,South Dakota State Jackrabbits,59,60,0,2,155,2571,39.2,38.3
2023-01-07,401470200,North Dakota State Bison,South Dakota Coyotes,73,61,0,2,2449,233,45.5,37.1
2023-01-07,401470286,Marshall Thundering Herd,Coastal Carolina Chanticleers,81,66,0,2,276,324,41.8,37.1
2023-01-07,401470288,Georgia Southern Eagles,Old Dominion Monarchs,75,81,0,2,290,295,44.3,43.8
2023-01-07,401470289,South Alabama Jaguars,Texas State Bobcats,58,64,0,2,6,326,45.8,43.1
2023-01-07,401470290,Troy Trojans,Arkansas State Red Wolves,66,54,0,2,2653,2032,40.4,32.8
2023-01-07,401470291,UL Monroe Warhawks,Southern Miss Golden Eagles,60,65,0,2,2433,2572,39.7,36.7
2023-01-07,401471004,Wagner Seahawks,Saint Francis Red Wolves,63,68,0,2,2681,2598,38.7,48.0
2023-01-07,401471005,Merrimack Warriors,St. Francis Brooklyn Terriers,65,53,0,2,2771,2597,44.7,39.6
2023-01-07,401471006,Fairleigh Dickinson Knights,Long Island University Sharks,101,89,0,2,161,112358,50.7,50.0
2023-01-07,401471007,Stonehill Skyhawks,Central Connecticut Blue Devils,51,49,0,2,284,2115,32.7,36.5
2023-01-07,401473510,Ball State Cardinals,Akron Zips,70,63,0,2,2050,2006,39.7,38.8
2023-01-07,401473511,Buffalo Bulls,Northern Illinois Huskies,80,62,0,2,2084,2459,47.6,38.2
2023-01-07,401473512,Miami (OH) RedHawks,Kent State Golden Flashes,66,69,0,2,193,2309,42.6,43.1
2023-01-07,401473513,Eastern Michigan Eagles,Central Michigan Chippewas,62,56,0,2,2199,2117,37.0,37.3
2023-01-07,401473514,Bowling Green Falcons,Ohio Bobcats,88,79,0,2,189,195,49.2,44.3
2023-01-07,401479732,Western Carolina Catamounts,Mercer Bears,73,45,0,2,2717,2382,47.4,30.0
2023-01-07,401479733,UNC Greensboro Spartans,Samford Bulldogs,68,70,0,2,2430,2535,38.9,50.0
2023-01-07,401479734,East Tennessee State Buccaneers,Furman Paladins,56,70,0,2,2193,231,33.3,41.7
2023-01-07,401479735,Chattanooga Mocs,VMI Keydets,85,78,0,2,236,2678,49.1,50.0
2023-01-07,401480380,UNC Asheville Bulldogs,Campbell Fighting Camels,58,55,0,2,2427,2097,39.0,36.4
2023-01-07,401480381,Presbyterian Blue Hose,Charleston Southern Buccaneers,61,67,0,2,2506,2127,32.7,46.2
2023-01-07,401480382,Gardner-Webb Runnin' Bulldogs,Radford Highlanders,59,63,0,2,2241,2515,44.7,47.1
2023-01-07,401480383,South Carolina Upstate Spartans,High Point Panthers,76,57,0,2,2908,2272,50.0,38.5
2023-01-07,401480384,Longwood Lancers,Winthrop Eagles,85,71,0,2,2344,2737,55.9,48.9
2023-01-07,401481070,UT Arlington Mavericks,Seattle U Redhawks,61,76,0,2,250,2547,36.1,53.8
2023-01-07,401481071,Sam Houston Bearkats,Tarleton State Texans,75,68,0,2,2534,2627,46.8,42.9
2023-01-07,401481072,Stephen F. Austin Lumberjacks,Grand Canyon Lopes,73,68,0,2,2617,2253,49.2,43.8
2023-01-07,401482804,Colorado State Rams,Fresno State Bulldogs,79,57,0,2,36,278,54.7,38.8
2023-01-07,401482805,San José State Spartans,Nevada Wolf Pack,40,67,0,2,23,2440,33.3,41.5
2023-01-07,401482806,Wyoming Cowboys,San Diego State Aztecs,75,80,0,2,2751,21,57.8,50.0
2023-01-07,401482808,Boise State Broncos,Utah State Aggies,82,59,0,2,68,328,50.0,39.7
2023-01-07,401484408,VCU Rams,Davidson Wildcats,89,72,0,2,2670,2166,58.2,54.7
2023-01-07,401484409,George Washington Revolutionaries,Massachusetts Minutemen,81,73,0,2,45,113,47.4,43.9
2023-01-07,401484410,Richmond Spiders,Duquesne Dukes,75,73,0,2,257,2184,42.1,43.5
2023-01-07,401484411,George Mason Patriots,Loyola Chicago Ramblers,86,75,0,2,2244,2350,51.6,45.8
2023-01-07,401484412,La Salle Explorers,Rhode Island Rams,77,75,0,2,2325,227,37.3,39.4
2023-01-07,401484413,Saint Louis Billikens,St. Bonaventure Bonnies,78,55,0,2,139,179,49.0,42.6
2023-01-07,401484414,Fordham Rams,Saint Joseph's Hawks,66,54,0,2,2230,2603,37.1,35.7
2023-01-07,401484540,Missouri Tigers,Vanderbilt Commodores,85,82,0,2,142,238,42.1,48.5
2023-01-07,401484541,Mississippi State Bulldogs,Ole Miss Rebels,64,54,0,2,344,145,39.7,35.8
2023-01-07,401484543,Florida Gators,Georgia Bulldogs,82,75,0,2,57,61,49.2,38.2
2023-01-07,401484544,Texas A&M Aggies,LSU Tigers,69,56,0,2,245,99,48.1,34.7
2023-01-07,401484545,Alabama Crimson Tide,Kentucky Wildcats,78,52,0,2,333,96,48.1,28.8
2023-01-07,401484546,South Carolina Gamecocks,Tennessee Volunteers,42,85,0,2,2579,2633,25.0,51.5
2023-01-07,401484877,Illinois Fighting Illini,Wisconsin Badgers,79,69,0,2,356,275,47.2,43.8
2023-01-07,401484878,Michigan State Spartans,Michigan Wolverines,59,53,0,2,127,130,37.5,34.5
2023-01-07,401484879,Minnesota Golden Gophers,Nebraska Cornhuskers,79,81,0,2,135,158,48.4,50.8
2023-01-07,401485208,UConn Huskies,Creighton Bluejays,69,60,0,2,41,156,35.0,32.8
2023-01-07,401485209,Providence Friars,St. John's Red Storm,83,80,0,2,2507,2599,50.9,49.2
2023-01-07,401485210,Marquette Golden Eagles,Georgetown Hoyas,95,73,0,2,269,46,54.9,51.9
2023-01-07,401485211,Villanova Wildcats,Xavier Musketeers,80,88,0,2,222,2752,43.2,54.4
2023-01-07,401485362,Incarnate Word Cardinals,Texas A&M-Corpus Christi Islanders,71,80,0,2,2916,357,50.0,48.3
2023-01-07,401485363,McNeese Cowboys,East Texas A&M Lions,80,82,0,2,2377,2837,45.7,47.4
2023-01-07,401485364,LSU New Orleans Privateers,Houston Christian Huskies,82,59,0,2,2443,2277,51.6,33.3
2023-01-07,401485365,Northwestern State Demons,Nicholls Colonels,68,48,0,2,2466,2447,52.0,35.2
2023-01-07,401485366,SE Louisiana Lions,Lamar Cardinals,89,84,0,2,2545,2320,41.2,51.6
2023-01-07,401485482,Norfolk State Spartans,Maryland Eastern Shore Hawks,57,46,0,2,2450,2379,48.9,29.4
2023-01-07,401486947,Florida Atlantic Owls,Charlotte 49ers,71,67,0,2,2226,2429,46.4,46.4
2023-01-07,401486975,Fairfield Stags,Niagara Purple Eagles,69,77,0,2,2217,315,31.8,45.3
2023-01-07,401486976,Manhattan Jaspers,Canisius Golden Griffins,57,64,0,2,2363,2099,40.9,44.2
2023-01-07,401486977,Marist Red Foxes,Iona Gaels,57,84,0,2,2368,314,36.4,55.4
2023-01-07,401486978,Rider Broncs,Quinnipiac Bobcats,63,72,0,2,2520,2514,44.6,40.0
2023-01-07,401486979,Siena Saints,Saint Peter's Peacocks,70,60,0,2,2561,2612,48.0,44.4
2023-01-07,401487162,Louisiana Tech Bulldogs,UTEP Miners,60,58,0,2,2348,2638,43.1,42.9
2023-01-07,401487309,UTSA Roadrunners,Western Kentucky Hilltoppers,64,74,0,2,2636,98,33.3,41.3
2023-01-07,401487339,Brown Bears,Harvard Crimson,68,70,0,2,225,108,41.5,43.5
2023-01-07,401487340,Brown Bears,Dartmouth Big Green,77,70,0,2,225,159,51.9,43.1
2023-01-07,401487378,Yale Bulldogs,Dartmouth Big Green,77,81,0,2,43,159,43.4,46.6
2023-01-07,401487460,Cornell Big Red,Pennsylvania Quakers,88,69,0,2,172,219,49.2,48.1
2023-01-07,401488414,Pittsburgh Panthers,Clemson Tigers,74,75,0,2,221,228,40.4,47.2
2023-01-07,401488415,Boston College Eagles,Duke Blue Devils,64,65,0,2,103,150,41.3,39.6
2023-01-07,401488416,Florida State Seminoles,Georgia Tech Yellow Jackets,75,64,0,2,52,59,49.2,40.4
2023-01-07,401488417,North Carolina Tar Heels,Notre Dame Fighting Irish,81,64,0,2,153,87,47.7,41.7
2023-01-07,401488419,Virginia Cavaliers,Syracuse Orange,73,66,0,2,258,183,43.4,44.4
2023-01-07,401488420,Louisville Cardinals,Wake Forest Demon Deacons,72,80,0,2,97,154,44.1,52.7
2023-01-07,401489761,Middle Tennessee Blue Raiders,North Texas Mean Green,51,56,0,2,2393,249,42.9,45.2
2023-01-07,401490150,Bradley Braves,Valparaiso Beacons,88,66,0,2,71,2674,58.3,45.7
2023-01-07,401490151,Belmont Bruins,Missouri State Bears,74,61,0,2,2057,2623,46.4,44.9
2023-01-07,401490152,Drake Bulldogs,Murray State Racers,82,64,0,2,2181,93,48.4,44.6
2023-01-07,401490153,Evansville Purple Aces,Illinois State Redbirds,61,69,0,2,339,2287,37.5,48.0
2023-01-07,401490154,Indiana State Sycamores,UIC Flames,80,60,0,2,282,82,52.7,41.2
2023-01-07,401490155,Northern Iowa Panthers,Southern Illinois Salukis,69,57,0,2,2460,79,48.1,41.9
2023-01-07,401490327,California Golden Bears,Stanford Cardinal,92,70,0,2,25,24,59.3,50.0
2023-01-07,401490328,Arizona Wildcats,Washington State Cougars,61,74,0,2,12,265,31.7,39.1
2023-01-07,401490452,Coppin State Eagles,South Carolina State Bulldogs,85,73,0,2,2154,2569,50.0,36.1
2023-01-07,401490471,Howard Bison,Delaware State Hornets,84,64,0,2,47,2169,58.8,45.3
2023-01-07,401490518,Cornell Big Red,Princeton Tigers,68,75,0,2,172,163,42.1,49.0
2023-01-07,401491907,Jackson State Tigers,Alabama State Hornets,61,58,0,2,2296,2011,33.8,35.0
2023-01-07,401492181,Alcorn State Braves,Alabama A&M Bulldogs,89,76,0,2,2016,2010,50.9,45.2
2023-01-07,401492209,Grambling Tigers,Bethune-Cookman Wildcats,76,70,0,2,2755,2065,49.1,42.3
2023-01-07,401492368,Columbia Lions,Princeton Tigers,49,68,0,2,171,163,27.1,41.3
2023-01-07,401492449,Sacred Heart Pioneers,Hartford Hawks,78,71,0,2,2529,42,49.2,40.9
2023-01-07,401492687,Memphis Tigers,East Carolina Pirates,69,59,0,2,235,151,47.5,40.7
2023-01-07,401492688,Temple Owls,Tulane Green Wave,76,87,0,2,218,2655,46.0,49.2
2023-01-07,401493385,Oklahoma State Cowboys,Texas Longhorns,46,56,0,2,197,251,30.4,31.5
2023-01-07,401493386,TCU Horned Frogs,Iowa State Cyclones,67,69,0,2,2628,66,50.0,52.5
2023-01-07,401493387,Baylor Bears,Kansas State Wildcats,95,97,0,2,239,2306,44.6,53.1
2023-01-07,401493388,West Virginia Mountaineers,Kansas Jayhawks,62,76,0,2,277,2305,35.1,42.1
2023-01-07,401493841,Southern Jaguars,Florida A&M Rattlers,84,66,0,2,2582,50,56.9,46.3
2023-01-07,401494483,Arkansas-Pine Bluff Golden Lions,Texas Southern Tigers,70,66,0,2,2029,2640,35.5,39.7
2023-01-07,401496943,Morgan State Bears,North Carolina Central Eagles,78,73,0,2,2415,2428,44.1,47.4
2023-01-08,401469542,Queens University Royals,Kennesaw State Owls,67,76,0,2,2511,338,37.3,53.7
2023-01-08,401469543,Jacksonville State Gamecocks,Bellarmine Knights,62,75,0,2,55,91,47.9,53.1
2023-01-08,401469545,Florida Gulf Coast Eagles,North Florida Ospreys,82,57,0,2,526,2454,50.7,34.4
2023-01-08,401469547,North Alabama Lions,Stetson Hatters,85,95,0,2,2453,56,53.0,50.8
2023-01-08,401469548,Eastern Kentucky Colonels,Liberty Flames,62,59,0,2,2198,2335,42.6,39.0
2023-01-08,401469662,Weber State Wildcats,Idaho State Bengals,57,67,0,2,2692,304,35.6,43.8
2023-01-08,401469663,Northern Colorado Bears,Montana Grizzlies,74,79,0,2,2458,149,41.5,49.1
2023-01-08,401469757,Cal State Fullerton Titans,Hawai'i Rainbow Warriors,79,72,0,2,2239,62,40.7,42.4
2023-01-08,401469758,UC Davis Aggies,Cal State Bakersfield Roadrunners,67,48,0,2,302,2934,43.1,37.0
2023-01-08,401469759,UC Irvine Anteaters,Long Beach State Beach,87,70,0,2,300,299,50.7,39.7
2023-01-08,401469760,UC Riverside Highlanders,Cal State Northridge Matadors,68,45,0,2,27,2463,50.0,23.4
2023-01-08,401470004,Wright State Raiders,Oakland Golden Grizzlies,73,75,0,2,2750,2473,46.3,50.0
2023-01-08,401470005,Northern Kentucky Norse,Detroit Mercy Titans,78,76,0,2,94,2174,43.5,42.4
2023-01-08,401470102,Southern Indiana Screaming Eagles,SIU Edwardsville Cougars,62,69,0,2,88,2565,37.3,39.2
2023-01-08,401470197,Oral Roberts Golden Eagles,Kansas City Roos,74,71,0,2,198,140,47.9,49.1
2023-01-08,401470198,St. Thomas Tommies,Omaha Mavericks,80,68,0,2,2900,2437,43.1,41.7
2023-01-08,401470285,James Madison Dukes,App State Mountaineers,62,71,0,2,256,2026,35.1,43.1
2023-01-08,401470287,Louisiana Ragin' Cajuns,Georgia State Panthers,78,70,0,2,309,2247,46.3,45.1
2023-01-08,401470403,San Diego Toreros,BYU Cougars,48,68,0,2,301,252,31.6,50.0
2023-01-08,401470404,Santa Clara Broncos,Gonzaga Bulldogs,76,81,0,2,2541,2250,47.2,46.9
2023-01-08,401470405,Saint Mary's Gaels,Portland Pilots,85,43,0,2,2608,2501,52.4,26.1
2023-01-08,401470406,Loyola Marymount Lions,San Francisco Dons,70,72,0,2,2351,2539,48.9,50.9
2023-01-08,401470407,Pepperdine Waves,Pacific Tigers,75,80,0,2,2492,279,38.7,45.9
2023-01-08,401479736,Wofford Terriers,The Citadel Bulldogs,77,57,0,2,2747,2643,53.4,39.3
2023-01-08,401481068,New Mexico State Aggies,California Baptist Lancers,61,70,0,2,166,2856,41.7,42.9
2023-01-08,401481069,Abilene Christian Wildcats,Southern Utah Thunderbirds,72,74,0,2,2000,253,39.7,55.8
2023-01-08,401481073,UT Rio Grande Valley Vaqueros,Utah Valley Wolverines,61,75,0,2,292,3084,31.8,46.4
2023-01-08,401482807,New Mexico Lobos,UNLV Rebels,77,84,0,2,167,2439,43.3,51.8
2023-01-08,401484542,Auburn Tigers,Arkansas Razorbacks,72,59,0,2,2,8,43.6,33.9
2023-01-08,401484880,Penn State Nittany Lions,Purdue Boilermakers,63,76,0,2,213,2509,41.9,55.4
2023-01-08,401484881,Indiana Hoosiers,Northwestern Wildcats,83,84,0,2,84,77,51.6,46.0
2023-01-08,401484882,Rutgers Scarlet Knights,Iowa Hawkeyes,65,76,0,2,164,2294,38.1,44.6
2023-01-08,401484883,Maryland Terrapins,Ohio State Buckeyes,80,73,0,2,120,194,46.2,43.6
2023-01-08,401485212,Seton Hall Pirates,Butler Bulldogs,76,51,0,2,2550,2086,52.7,26.8
2023-01-08,401486980,Manhattan Jaspers,Niagara Purple Eagles,64,59,0,2,2363,315,50.0,37.7
2023-01-08,401486981,Marist Red Foxes,Mount St. Mary's Mountaineers,63,56,0,2,2368,116,44.4,43.1
2023-01-08,401486982,Quinnipiac Bobcats,Iona Gaels,81,58,0,2,2514,314,42.6,29.7
2023-01-08,401486983,Saint Peter's Peacocks,Canisius Golden Griffins,60,67,0,2,2612,2099,35.3,39.1
2023-01-08,401486984,Siena Saints,Rider Broncs,68,63,0,2,2561,2520,41.5,42.4
2023-01-08,401487140,Florida International Panthers,UAB Blazers,90,87,0,2,2229,5,47.7,50.0
2023-01-08,401487440,Yale Bulldogs,Harvard Crimson,58,54,0,2,43,108,45.1,32.7
2023-01-08,401487461,Columbia Lions,Pennsylvania Quakers,55,84,0,2,171,219,34.4,52.7
2023-01-08,401487727,Navy Midshipmen,Lehigh Mountain Hawks,73,78,0,2,2426,2329,45.8,48.3
2023-01-08,401488238,Bryant Bulldogs,UMBC Retrievers,73,81,0,2,2803,2378,43.5,47.1
2023-01-08,401488239,UAlbany Great Danes,UMass Lowell River Hawks,89,63,0,2,399,2349,47.3,43.4
2023-01-08,401488240,Maine Black Bears,NJIT Highlanders,83,91,0,2,311,2885,44.8,51.5
2023-01-08,401488241,New Hampshire Wildcats,Vermont Catamounts,67,60,0,2,160,261,39.0,40.7
2023-01-08,401488418,Virginia Tech Hokies,NC State Wolfpack,69,73,0,2,259,152,45.3,41.4
2023-01-08,401490329,Colorado Buffaloes,Oregon State Beavers,62,42,0,2,38,204,41.2,34.0
2023-01-08,401490330,Utah Utes,Oregon Ducks,60,70,0,2,254,2483,35.7,40.4
2023-01-08,401490331,Arizona State Sun Devils,Washington Huskies,73,65,0,2,9,264,40.8,35.8
2023-01-08,401490531,American University Eagles,Boston University Terriers,76,74,0,2,44,104,51.0,42.6
2023-01-08,401491228,Holy Cross Crusaders,Loyola Maryland Greyhounds,63,55,0,2,107,2352,50.0,39.6
2023-01-08,401492689,South Florida Bulls,Wichita State Shockers,66,70,0,2,58,2724,37.3,40.0
2023-01-08,401492690,UCF Knights,SMU Mustangs,85,53,0,2,2116,2567,52.6,44.4
2023-01-08,401492691,Cincinnati Bearcats,Houston Cougars,59,72,0,2,2132,248,35.1,45.6
2023-01-08,401493389,Texas Tech Red Raiders,Oklahoma Sooners,63,68,0,2,2641,201,36.8,41.5
2023-01-08,401493724,Mississippi Valley State Delta Devils,Prairie View A&M Panthers,60,67,0,2,2400,2504,38.0,45.8
2023-01-08,401497890,Lafayette Leopards,Bucknell Bison,74,67,0,2,322,2083,42.9,42.9
2023-01-09,401491908,Alcorn State Braves,Alabama State Hornets,92,76,0,2,2016,2011,47.0,45.5
2023-01-09,401496881,Morgan State Bears,South Carolina State Bulldogs,90,85,0,2,2415,2569,51.7,43.3
2023-01-10,401470006,Robert Morris Colonials,IU Indianapolis Jaguars,77,70,0,2,2523,85,48.9,46.2
2023-01-10,401485213,St. John's Red Storm,Butler Bulldogs,77,61,0,2,2599,2086,52.6,41.2
2023-01-10,401485483,Delaware State Hornets,Norfolk State Spartans,65,78,0,2,2169,2450,39.1,41.5
2023-01-10,401490453,Coppin State Eagles,North Carolina Central Eagles,59,64,0,2,2154,2428,38.2,40.4
2023-01-10,401490554,Army Black Knights,Colgate Raiders,75,77,0,2,349,2142,47.6,55.2
2023-01-10,401492210,Southern Jaguars,Bethune-Cookman Wildcats,102,75,0,2,2582,2065,58.2,43.9
2023-01-10,401492232,Grambling Tigers,Florida A&M Rattlers,62,57,0,2,2755,50,38.5,36.4
2023-01-10,401492355,Maryland Eastern Shore Hawks,Howard Bison,82,73,0,2,2379,47,55.0,44.4
2023-01-10,401493624,Chicago State Cougars,East West Phantoms,90,70,0,2,2130,3107,49.2,39.1
2023-01-10,401493725,Mississippi Valley State Delta Devils,Texas Southern Tigers,71,67,0,2,2400,2640,45.9,47.3
2023-01-10,401494473,Jackson State Tigers,Alabama A&M Bulldogs,72,64,0,2,2296,2010,40.4,40.8
2023-01-10,401494484,Arkansas-Pine Bluff Golden Lions,Prairie View A&M Panthers,63,55,0,2,2029,2504,43.9,37.9
2023-01-10,401518890,New Mexico Lobos,Oral Roberts Golden Eagles,82,75,0,2,167,198,51.6,42.3
2023-01-11,401473516,Ohio Bobcats,Ball State Cardinals,76,71,0,2,195,2050,45.0,45.1
2023-01-11,401473517,Western Michigan Broncos,Eastern Michigan Eagles,85,79,0,2,2711,2199,45.9,46.6
2023-01-11,401473518,Miami (OH) RedHawks,Buffalo Bulls,91,80,0,2,193,2084,51.7,46.6
2023-01-11,401473519,Northern Illinois Huskies,Central Michigan Chippewas,73,54,0,2,2459,2117,49.0,36.7
2023-01-11,401473520,Bowling Green Falcons,Akron Zips,70,74,0,2,189,2006,49.1,40.3
2023-01-11,401473521,Kent State Golden Flashes,Toledo Rockets,75,63,0,2,2309,2649,38.6,42.1
2023-01-11,401482809,Colorado State Rams,Air Force Falcons,74,85,0,2,36,2005,43.9,50.8
2023-01-11,401482811,San José State Spartans,Fresno State Bulldogs,74,64,0,2,23,278,54.4,43.4
2023-01-11,401482812,San Diego State Aztecs,Nevada Wolf Pack,74,65,0,2,21,2440,50.0,39.7
2023-01-11,401482813,Utah State Aggies,Wyoming Cowboys,83,63,0,2,328,2751,50.8,39.1
2023-01-11,401484415,Fordham Rams,Dayton Flyers,58,82,0,2,2230,2168,34.9,64.4
2023-01-11,401484416,Loyola Chicago Ramblers,VCU Rams,64,78,0,2,2350,2670,51.1,57.1
2023-01-11,401484547,LSU Tigers,Florida Gators,56,67,0,2,99,57,32.2,39.6
2023-01-11,401484548,Kentucky Wildcats,South Carolina Gamecocks,68,71,0,2,96,2579,50.9,48.2
2023-01-11,401484549,Ole Miss Rebels,Auburn Tigers,73,82,0,2,145,2,43.6,49.2
2023-01-11,401484550,Tennessee Volunteers,Vanderbilt Commodores,77,68,0,2,2633,238,48.3,37.9
2023-01-11,401484552,Georgia Bulldogs,Mississippi State Bulldogs,58,50,0,2,61,344,29.8,29.5
2023-01-11,401484884,Nebraska Cornhuskers,Illinois Fighting Illini,50,76,0,2,158,356,37.0,45.9
2023-01-11,401484885,Wisconsin Badgers,Michigan State Spartans,65,69,0,2,275,127,45.5,52.3
2023-01-11,401485214,Georgetown Hoyas,Seton Hall Pirates,51,66,0,2,46,2550,31.3,38.1
2023-01-11,401485215,DePaul Blue Demons,Villanova Wildcats,75,65,0,2,305,222,45.5,41.1
2023-01-11,401488245,UMass Lowell River Hawks,Vermont Catamounts,80,65,0,2,2349,261,54.0,40.7
2023-01-11,401488421,Virginia Cavaliers,North Carolina Tar Heels,65,58,0,2,258,153,46.2,39.6
2023-01-11,401488422,Notre Dame Fighting Irish,Georgia Tech Yellow Jackets,73,72,0,2,87,59,42.4,40.9
2023-01-11,401490156,Northern Iowa Panthers,Murray State Racers,75,67,0,2,2460,93,42.6,40.7
2023-01-11,401490157,UIC Flames,Drake Bulldogs,71,76,0,2,82,2181,48.2,49.1
2023-01-11,401490158,Valparaiso Beacons,Belmont Bruins,59,74,0,2,2674,2057,42.3,52.6
2023-01-11,401490532,Army Black Knights,American University Eagles,72,60,0,2,349,44,64.1,44.9
2023-01-11,401492692,Tulsa Golden Hurricane,Temple Owls,72,76,0,2,202,218,41.9,44.1
2023-01-11,401493390,Kansas State Wildcats,Oklahoma State Cowboys,65,57,0,2,2306,197,35.6,33.3
2023-01-11,401493391,Iowa State Cyclones,Texas Tech Red Raiders,84,50,0,2,66,2641,49.3,36.5
2023-01-11,401493392,Kansas Jayhawks,Oklahoma Sooners,79,75,0,2,2305,201,37.3,47.4
2023-01-11,401499595,St. Francis Brooklyn Terriers,Hartford Hawks,78,73,0,2,2597,42,54.0,49.2
2023-01-12,401469555,Bellarmine Knights,Stetson Hatters,51,80,0,2,91,56,42.6,50.9
2023-01-12,401469761,Cal State Bakersfield Roadrunners,UC Santa Barbara Gauchos,48,60,0,2,2934,2540,34.6,50.0
2023-01-12,401469762,UC San Diego Tritons,UC Riverside Highlanders,68,74,0,2,28,27,43.9,40.0
2023-01-12,401469763,UC Irvine Anteaters,Cal State Fullerton Titans,70,65,0,2,300,2239,44.6,43.6
2023-01-12,401469764,Cal State Northridge Matadors,UC Davis Aggies,54,62,0,2,2463,302,42.0,37.3
2023-01-12,401469880,Hofstra Pride,Monmouth Hawks,77,57,0,2,2275,2405,56.0,39.6
2023-01-12,401469881,Delaware Blue Hens,Towson Tigers,72,59,0,2,48,119,51.1,35.1
2023-01-12,401469882,William & Mary Tribe,Hampton Pirates,81,65,0,2,2729,2261,58.7,45.0
2023-01-12,401469883,Elon Phoenix,North Carolina A&T Aggies,71,80,0,2,2210,2448,36.8,48.3
2023-01-12,401469884,UNC Wilmington Seahawks,Charleston Cougars,69,71,0,2,350,232,44.6,39.0
2023-01-12,401470292,App State Mountaineers,Georgia Southern Eagles,65,67,0,2,2026,290,40.9,42.2
2023-01-12,401479737,The Citadel Bulldogs,East Tennessee State Buccaneers,74,96,0,2,2643,2193,46.4,53.1
2023-01-12,401479738,Chattanooga Mocs,Western Carolina Catamounts,95,76,0,2,236,2717,60.8,41.5
2023-01-12,401479739,Mercer Bears,Furman Paladins,66,84,0,2,2382,231,41.9,51.9
2023-01-12,401479740,VMI Keydets,UNC Greensboro Spartans,57,72,0,2,2678,2430,38.9,49.1
2023-01-12,401479741,Samford Bulldogs,Wofford Terriers,83,58,0,2,2535,2747,53.3,42.9
2023-01-12,401480385,South Carolina Upstate Spartans,Campbell Fighting Camels,63,78,0,2,2908,2097,41.3,44.0
2023-01-12,401480386,Charleston Southern Buccaneers,High Point Panthers,106,69,0,2,2127,2272,58.6,45.6
2023-01-12,401480387,Presbyterian Blue Hose,Gardner-Webb Runnin' Bulldogs,78,79,0,2,2506,2241,53.1,50.0
2023-01-12,401480389,Winthrop Eagles,Radford Highlanders,52,66,0,2,2737,2515,37.0,50.0
2023-01-12,401481074,California Baptist Lancers,Utah Valley Wolverines,67,71,0,2,2856,3084,44.1,45.6
2023-01-12,401481075,UT Rio Grande Valley Vaqueros,Abilene Christian Wildcats,103,86,0,2,292,2000,67.4,40.3
2023-01-12,401482810,UNLV Rebels,Boise State Broncos,66,84,0,2,2439,68,43.5,56.4
2023-01-12,401484417,Saint Joseph's Hawks,Duquesne Dukes,80,92,0,2,2603,2184,44.8,56.4
2023-01-12,401484418,Saint Louis Billikens,George Mason Patriots,63,62,0,2,139,2244,42.6,44.9
2023-01-12,401484419,Massachusetts Minutemen,La Salle Explorers,77,78,0,2,113,2325,47.5,52.5
2023-01-12,401484420,Davidson Wildcats,Richmond Spiders,57,61,0,2,2166,257,35.7,44.4
2023-01-12,401484421,Rhode Island Rams,St. Bonaventure Bonnies,68,67,0,2,227,179,37.7,38.2
2023-01-12,401484551,Arkansas Razorbacks,Alabama Crimson Tide,69,84,0,2,8,333,42.6,46.3
2023-01-12,401484553,Texas A&M Aggies,Missouri Tigers,82,64,0,2,245,142,53.3,35.6
2023-01-12,401484886,Northwestern Wildcats,Rutgers Scarlet Knights,62,65,0,2,77,164,41.2,42.6
2023-01-12,401484887,Penn State Nittany Lions,Indiana Hoosiers,85,66,0,2,213,84,54.2,44.1
2023-01-12,401484889,Ohio State Buckeyes,Minnesota Golden Gophers,67,70,0,2,194,135,37.5,50.0
2023-01-12,401485216,Marquette Golden Eagles,UConn Huskies,82,76,0,2,269,41,50.8,48.3
2023-01-12,401485217,Xavier Musketeers,Creighton Bluejays,90,87,0,2,2752,156,50.0,50.0
2023-01-12,401487117,Rice Owls,Middle Tennessee Blue Raiders,68,71,0,2,242,2393,47.5,50.0
2023-01-12,401487141,UAB Blazers,Western Kentucky Hilltoppers,78,80,0,2,5,98,43.3,47.5
2023-01-12,401487163,UTEP Miners,UTSA Roadrunners,69,57,0,2,2638,2636,44.6,46.8
2023-01-12,401487728,Navy Midshipmen,Lafayette Leopards,50,59,0,2,2426,322,38.5,40.0
2023-01-12,401488242,Bryant Bulldogs,UAlbany Great Danes,86,69,0,2,2803,399,53.3,44.3
2023-01-12,401488243,NJIT Highlanders,Binghamton Bearcats,71,72,0,2,2885,2066,44.4,42.2
2023-01-12,401488244,Maine Black Bears,New Hampshire Wildcats,58,71,0,2,311,160,38.2,45.8
2023-01-12,401488423,Miami Hurricanes,Boston College Eagles,88,72,0,2,2390,103,60.4,50.8
2023-01-12,401488424,Wake Forest Demon Deacons,Florida State Seminoles,90,75,0,2,154,52,55.6,53.7
2023-01-12,401488425,Clemson Tigers,Louisville Cardinals,83,70,0,2,228,97,52.8,40.7
2023-01-12,401488426,Duke Blue Devils,Pittsburgh Panthers,77,69,0,2,150,221,36.4,43.1
2023-01-12,401488427,Syracuse Orange,Virginia Tech Hokies,82,72,0,2,183,259,50.8,43.3
2023-01-12,401489723,Florida International Panthers,Florida Atlantic Owls,73,77,0,2,2229,2226,41.7,39.7
2023-01-12,401490159,Bradley Braves,Evansville Purple Aces,91,46,0,2,71,339,54.7,34.8
2023-01-12,401490160,Illinois State Redbirds,Missouri State Bears,76,66,0,2,2287,2623,40.0,33.9
2023-01-12,401490161,Indiana State Sycamores,Southern Illinois Salukis,61,69,0,2,282,79,41.5,40.8
2023-01-12,401490332,Washington State Cougars,California Golden Bears,66,51,0,2,265,25,46.0,35.8
2023-01-12,401490423,North Texas Mean Green,Louisiana Tech Bulldogs,67,65,0,2,249,2348,50.0,42.9
2023-01-12,401491229,Bucknell Bison,Loyola Maryland Greyhounds,57,67,0,2,2083,2352,36.7,45.8
2023-01-12,401491269,Lehigh Mountain Hawks,Holy Cross Crusaders,76,58,0,2,2329,107,49.2,42.6
2023-01-12,401491282,Colgate Raiders,Boston University Terriers,77,71,0,2,2142,104,41.3,44.1
2023-01-12,401492693,UCF Knights,Memphis Tigers,107,104,0,2,2116,235,42.0,50.7
2023-01-12,401492694,Houston Cougars,South Florida Bulls,83,77,0,2,248,58,42.4,48.9
2023-01-12,401492695,SMU Mustangs,Tulane Green Wave,88,97,0,2,2567,2655,45.7,56.5
2023-01-12,401492696,Cincinnati Bearcats,East Carolina Pirates,83,55,0,2,2132,151,47.7,34.5
2023-01-12,401493393,West Virginia Mountaineers,Baylor Bears,78,83,0,2,277,239,38.3,44.2
2023-01-12,401493394,Texas Longhorns,TCU Horned Frogs,79,75,0,2,251,2628,48.5,49.2
2023-01-12,401493625,Tarleton State Texans,Chicago State Cougars,73,63,0,2,2627,2130,50.0,37.0
2023-01-13,401469549,Austin Peay Governors,Lipscomb Bisons,65,87,0,2,2046,288,40.3,65.5
2023-01-13,401469550,Eastern Kentucky Colonels,Florida Gulf Coast Eagles,97,76,0,2,2198,526,48.6,33.3
2023-01-13,401469551,Jacksonville State Gamecocks,North Florida Ospreys,72,63,0,2,55,2454,41.3,36.1
2023-01-13,401469552,Kennesaw State Owls,Jacksonville Dolphins,81,68,0,2,338,294,59.6,47.3
2023-01-13,401469553,Queens University Royals,Central Arkansas Bears,91,92,0,2,2511,2110,46.3,45.2
2023-01-13,401469554,Liberty Flames,North Alabama Lions,72,54,0,2,2335,2453,46.3,37.0
2023-01-13,401469665,Montana State Bobcats,Idaho State Bengals,81,68,0,2,147,304,52.0,51.0
2023-01-13,401469666,Montana Grizzlies,Weber State Wildcats,57,59,0,2,149,2692,40.8,39.2
2023-01-13,401469667,Portland State Vikings,Northern Arizona Lumberjacks,75,74,0,2,2502,2464,42.4,42.6
2023-01-13,401469668,Sacramento State Hornets,Northern Colorado Bears,72,64,0,2,16,2458,52.8,40.6
2023-01-13,401469765,Long Beach State Beach,Cal Poly Mustangs,77,58,0,2,299,13,47.4,34.5
2023-01-13,401469885,Stony Brook Seawolves,Drexel Dragons,67,66,0,2,2619,2182,49.0,50.9
2023-01-13,401470007,IU Indianapolis Jaguars,Purdue Fort Wayne Mastodons,55,70,0,2,85,2870,42.0,39.7
2023-01-13,401470008,Milwaukee Panthers,Northern Kentucky Norse,80,75,0,2,270,94,55.3,38.7
2023-01-13,401470009,Green Bay Phoenix,Wright State Raiders,67,99,0,2,2739,2750,46.2,71.9
2023-01-13,401470010,Oakland Golden Grizzlies,Robert Morris Colonials,69,65,0,2,2473,2523,45.1,39.7
2023-01-13,401470011,Detroit Mercy Titans,Youngstown State Penguins,79,84,0,2,2174,2754,47.8,53.3
2023-01-13,401470104,Southeast Missouri State Redhawks,Lindenwood Lions,94,71,0,2,2546,2815,63.6,45.6
2023-01-13,401470105,Southern Indiana Screaming Eagles,Little Rock Trojans,74,67,0,2,88,2031,41.7,39.3
2023-01-13,401470106,Eastern Illinois Panthers,SIU Edwardsville Cougars,62,80,0,2,2197,2565,46.9,44.8
2023-01-13,401470107,Tennessee Tech Golden Eagles,Morehead State Eagles,79,62,0,2,2635,2413,51.9,47.1
2023-01-13,401470108,Tennessee State Tigers,UT Martin Skyhawks,66,77,0,2,2634,2630,33.9,42.9
2023-01-13,401470201,Denver Pioneers,North Dakota State Bison,70,90,0,2,2172,2449,47.4,52.7
2023-01-13,401470202,Omaha Mavericks,North Dakota Fighting Hawks,69,63,0,2,2437,155,54.0,33.3
2023-01-13,401470203,Oral Roberts Golden Eagles,Western Illinois Leathernecks,87,63,0,2,198,2710,47.1,39.1
2023-01-13,401470204,Kansas City Roos,St. Thomas Tommies,81,60,0,2,140,2900,48.1,30.4
2023-01-13,401470293,Old Dominion Monarchs,Coastal Carolina Chanticleers,66,67,0,2,295,324,39.7,31.7
2023-01-13,401470294,Georgia State Panthers,Troy Trojans,53,65,0,2,2247,2653,35.3,40.3
2023-01-13,401470295,South Alabama Jaguars,James Madison Dukes,63,62,0,2,6,256,43.1,39.0
2023-01-13,401470296,Marshall Thundering Herd,Southern Miss Golden Eagles,89,67,0,2,276,2572,50.0,39.4
2023-01-13,401470297,UL Monroe Warhawks,Louisiana Ragin' Cajuns,73,86,0,2,2433,309,45.2,61.5
2023-01-13,401470298,Arkansas State Red Wolves,Texas State Bobcats,58,61,0,2,2032,326,40.4,45.5
2023-01-13,401470408,BYU Cougars,Gonzaga Bulldogs,74,75,0,2,252,2250,48.3,44.9
2023-01-13,401470409,San Diego Toreros,Pepperdine Waves,92,89,0,2,301,2492,52.9,56.3
2023-01-13,401470410,Portland Pilots,San Francisco Dons,92,87,0,2,2501,2539,44.6,46.7
2023-01-13,401470411,Saint Mary's Gaels,Loyola Marymount Lions,76,62,0,2,2608,2351,48.3,44.2
2023-01-13,401473524,Ohio Bobcats,Kent State Golden Flashes,65,70,0,2,195,2309,42.6,42.9
2023-01-13,401480388,UNC Asheville Bulldogs,Longwood Lancers,54,46,0,2,2427,2344,41.7,33.9
2023-01-13,401481076,Seattle U Redhawks,New Mexico State Aggies,69,66,0,2,2547,166,48.9,40.4
2023-01-13,401481077,Utah Tech Trailblazers,Stephen F. Austin Lumberjacks,72,85,0,2,3101,2617,54.8,56.4
2023-01-13,401481078,Southern Utah Thunderbirds,Sam Houston Bearkats,86,74,0,2,253,2534,55.6,48.3
2023-01-13,401481079,Grand Canyon Lopes,UT Arlington Mavericks,80,48,0,2,2253,250,58.3,32.7
2023-01-13,401484888,Iowa Hawkeyes,Michigan Wolverines,93,84,0,2,2294,130,45.1,49.3
2023-01-13,401485367,Houston Christian Huskies,East Texas A&M Lions,68,59,0,2,2277,2837,48.0,38.0
2023-01-13,401485368,Incarnate Word Cardinals,LSU New Orleans Privateers,79,85,0,2,2916,2443,39.7,54.5
2023-01-13,401485369,Lamar Cardinals,Nicholls Colonels,69,66,0,2,2320,2447,40.4,31.3
2023-01-13,401485390,Northwestern State Demons,McNeese Cowboys,89,75,0,2,2466,2377,50.9,43.6
2023-01-13,401485391,Texas A&M-Corpus Christi Islanders,SE Louisiana Lions,82,85,0,2,357,2545,42.2,53.4
2023-01-13,401487480,Cornell Big Red,Yale Bulldogs,94,82,0,2,172,43,51.0,58.8
2023-01-13,401490333,Oregon Ducks,Arizona State Sun Devils,73,90,0,2,2483,9,42.4,52.4
2023-01-13,401490334,Oregon State Beavers,Arizona Wildcats,74,86,0,2,204,12,38.3,52.5
2023-01-13,401490335,UCLA Bruins,Utah Utes,68,49,0,2,26,254,48.3,36.7
2023-01-13,401490336,USC Trojans,Colorado Buffaloes,68,61,0,2,30,38,42.6,41.4
2023-01-13,401490337,Washington Huskies,Stanford Cardinal,86,69,0,2,264,24,55.9,34.3
2023-01-14,401469556,Jacksonville State Gamecocks,Jacksonville Dolphins,62,68,0,2,55,294,33.9,50.0
2023-01-14,401469557,Queens University Royals,North Alabama Lions,107,78,0,2,2511,2453,60.9,46.2
2023-01-14,401469559,Lipscomb Bisons,Austin Peay Governors,86,72,0,2,288,2046,51.0,40.3
2023-01-14,401469560,Eastern Kentucky Colonels,Stetson Hatters,85,70,0,2,2198,56,47.0,40.0
2023-01-14,401469561,Bellarmine Knights,Florida Gulf Coast Eagles,61,41,0,2,91,526,40.7,30.4
2023-01-14,401469562,Kennesaw State Owls,North Florida Ospreys,86,72,0,2,338,2454,56.3,51.9
2023-01-14,401469669,Eastern Washington Eagles,Idaho Vandals,95,74,0,2,331,70,61.0,38.0
2023-01-14,401469671,Montana State Bobcats,Weber State Wildcats,67,52,0,2,147,2692,44.0,42.2
2023-01-14,401469672,Sacramento State Hornets,Northern Arizona Lumberjacks,59,56,0,2,16,2464,44.9,34.5
2023-01-14,401469766,Cal State Northridge Matadors,UC Irvine Anteaters,57,71,0,2,2463,300,34.8,52.8
2023-01-14,401469768,UC Davis Aggies,Cal State Fullerton Titans,83,79,0,2,302,2239,45.9,42.1
2023-01-14,401469769,Cal State Bakersfield Roadrunners,UC San Diego Tritons,56,52,0,2,2934,28,42.6,43.5
2023-01-14,401469886,North Carolina A&T Aggies,Stony Brook Seawolves,61,59,0,2,2448,2619,37.7,36.2
2023-01-14,401469887,Towson Tigers,Monmouth Hawks,68,48,0,2,119,2405,39.3,37.3
2023-01-14,401469888,Northeastern Huskies,Drexel Dragons,55,76,0,2,111,2182,38.3,50.0
2023-01-14,401469889,Hofstra Pride,Delaware Blue Hens,86,62,0,2,2275,48,49.2,33.3
2023-01-14,401469890,UNC Wilmington Seahawks,William & Mary Tribe,67,69,0,2,350,2729,37.8,42.9
2023-01-14,401469891,Charleston Cougars,Elon Phoenix,78,60,0,2,232,2210,38.6,43.8
2023-01-14,401470012,IU Indianapolis Jaguars,Cleveland State Vikings,54,89,0,2,85,325,40.0,55.7
2023-01-14,401470015,Oakland Golden Grizzlies,Youngstown State Penguins,69,85,0,2,2473,2754,41.7,55.2
2023-01-14,401470016,Detroit Mercy Titans,Robert Morris Colonials,87,75,0,2,2174,2523,52.7,44.6
2023-01-14,401470109,SIU Edwardsville Cougars,Lindenwood Lions,68,58,0,2,2565,2815,46.0,35.6
2023-01-14,401470110,Eastern Illinois Panthers,Little Rock Trojans,70,63,0,2,2197,2031,46.6,38.1
2023-01-14,401470111,Morehead State Eagles,Southeast Missouri State Redhawks,86,91,0,2,2413,2546,49.2,58.5
2023-01-14,401470113,Tennessee Tech Golden Eagles,Tennessee State Tigers,71,63,0,2,2635,2634,36.1,38.3
2023-01-14,401470205,Denver Pioneers,North Dakota Fighting Hawks,78,71,0,2,2172,155,50.8,37.3
2023-01-14,401470206,Omaha Mavericks,North Dakota State Bison,65,78,0,2,2437,2449,49.1,51.7
2023-01-14,401470299,App State Mountaineers,Troy Trojans,58,45,0,2,2026,2653,35.8,26.7
2023-01-14,401470300,Georgia State Panthers,Coastal Carolina Chanticleers,100,66,0,2,2247,324,63.8,35.1
2023-01-14,401470303,UL Monroe Warhawks,Texas State Bobcats,61,58,0,2,2433,326,45.8,40.0
2023-01-14,401470304,Arkansas State Red Wolves,Southern Miss Golden Eagles,57,74,0,2,2032,2572,34.7,47.4
2023-01-14,401470305,South Alabama Jaguars,Louisiana Ragin' Cajuns,76,79,0,2,6,309,55.9,57.4
2023-01-14,401471008,Central Connecticut Blue Devils,Fairleigh Dickinson Knights,80,88,0,2,2115,161,47.5,53.8
2023-01-14,401471009,Stonehill Skyhawks,Merrimack Warriors,47,59,0,2,284,2771,33.3,39.6
2023-01-14,401473450,Saint Francis Red Wolves,Long Island University Sharks,87,68,0,2,2598,112358,47.7,37.9
2023-01-14,401473451,St. Francis Brooklyn Terriers,Sacred Heart Pioneers,82,79,0,2,2597,2529,51.7,46.9
2023-01-14,401473522,Western Michigan Broncos,Bowling Green Falcons,108,92,0,2,2711,189,56.1,58.3
2023-01-14,401473523,Ball State Cardinals,Miami (OH) RedHawks,75,61,0,2,2050,193,44.1,42.6
2023-01-14,401473525,Akron Zips,Eastern Michigan Eagles,104,67,0,2,2006,2199,54.0,35.1
2023-01-14,401473526,Northern Illinois Huskies,Toledo Rockets,67,84,0,2,2459,2649,39.6,44.6
2023-01-14,401473527,Central Michigan Chippewas,Buffalo Bulls,87,78,0,2,2117,2084,44.3,39.2
2023-01-14,401479743,Furman Paladins,UNC Greensboro Spartans,80,88,0,2,231,2430,45.0,45.3
2023-01-14,401479744,East Tennessee State Buccaneers,Mercer Bears,55,68,0,2,2193,2382,38.8,44.1
2023-01-14,401479745,Samford Bulldogs,Chattanooga Mocs,75,74,0,2,2535,236,40.4,45.6
2023-01-14,401479746,The Citadel Bulldogs,Western Carolina Catamounts,65,61,0,2,2643,2717,39.3,39.3
2023-01-14,401480390,Campbell Fighting Camels,Winthrop Eagles,74,78,0,2,2097,2737,51.9,59.5
2023-01-14,401480391,Radford Highlanders,Charleston Southern Buccaneers,75,70,0,2,2515,2127,59.5,42.2
2023-01-14,401480392,Gardner-Webb Runnin' Bulldogs,UNC Asheville Bulldogs,67,72,0,2,2241,2427,35.9,40.0
2023-01-14,401481083,Southern Utah Thunderbirds,Stephen F. Austin Lumberjacks,67,58,0,2,253,2617,49.0,37.5
2023-01-14,401481085,Tarleton State Texans,Abilene Christian Wildcats,72,63,0,2,2627,2000,44.4,42.1
2023-01-14,401482818,Nevada Wolf Pack,Utah State Aggies,85,70,0,2,2440,328,55.4,38.6
2023-01-14,401484422,Dayton Flyers,VCU Rams,62,63,0,2,2168,2670,50.0,45.0
2023-01-14,401484423,Saint Joseph's Hawks,Loyola Chicago Ramblers,86,55,0,2,2603,2350,45.0,39.6
2023-01-14,401484424,St. Bonaventure Bonnies,Richmond Spiders,71,63,0,2,179,257,37.9,38.0
2023-01-14,401484425,George Mason Patriots,Davidson Wildcats,67,65,0,2,2244,2166,46.3,44.4
2023-01-14,401484426,La Salle Explorers,Fordham Rams,64,66,0,2,2325,2230,46.9,39.1
2023-01-14,401484427,Massachusetts Minutemen,Rhode Island Rams,75,65,0,2,113,227,36.5,37.3
2023-01-14,401484428,George Washington Revolutionaries,Saint Louis Billikens,74,81,0,2,45,139,42.2,52.7
2023-01-14,401484554,Alabama Crimson Tide,LSU Tigers,106,66,0,2,333,99,46.1,29.5
2023-01-14,401484555,South Carolina Gamecocks,Texas A&M Aggies,53,94,0,2,2579,245,38.0,54.8
2023-01-14,401484556,Vanderbilt Commodores,Arkansas Razorbacks,97,84,0,2,238,8,51.8,49.2
2023-01-14,401484558,Florida Gators,Missouri Tigers,73,64,0,2,57,142,47.1,41.7
2023-01-14,401484559,Ole Miss Rebels,Georgia Bulldogs,58,62,0,2,145,61,42.4,35.6
2023-01-14,401484560,Tennessee Volunteers,Kentucky Wildcats,56,63,0,2,2633,96,40.4,35.3
2023-01-14,401484890,Purdue Boilermakers,Nebraska Cornhuskers,73,55,0,2,2509,158,44.2,43.4
2023-01-14,401484891,Illinois Fighting Illini,Michigan State Spartans,75,66,0,2,356,127,45.0,43.1
2023-01-14,401484892,Indiana Hoosiers,Wisconsin Badgers,63,45,0,2,84,275,46.8,32.1
2023-01-14,401485218,Butler Bulldogs,Villanova Wildcats,79,71,0,2,2086,222,56.5,52.1
2023-01-14,401485219,DePaul Blue Demons,Seton Hall Pirates,67,71,0,2,305,2550,44.9,46.4
2023-01-14,401485220,Creighton Bluejays,Providence Friars,73,67,0,2,156,2507,48.1,38.5
2023-01-14,401485392,Incarnate Word Cardinals,SE Louisiana Lions,71,75,0,2,2916,2545,48.3,40.7
2023-01-14,401485393,McNeese Cowboys,Houston Christian Huskies,81,90,0,2,2377,2277,47.7,56.0
2023-01-14,401485394,Nicholls Colonels,Northwestern State Demons,77,63,0,2,2447,2466,46.9,41.4
2023-01-14,401485395,Texas A&M-Corpus Christi Islanders,LSU New Orleans Privateers,97,79,0,2,357,2443,52.3,50.0
2023-01-14,401485396,East Texas A&M Lions,Lamar Cardinals,81,66,0,2,2837,2320,48.3,40.0
2023-01-14,401485484,Norfolk State Spartans,Howard Bison,84,86,0,2,2450,47,52.7,40.7
2023-01-14,401486948,Charlotte 49ers,UTSA Roadrunners,72,54,0,2,2429,2636,48.3,36.2
2023-01-14,401486985,Canisius Golden Griffins,Marist Red Foxes,58,76,0,2,2099,2368,34.5,55.1
2023-01-14,401486986,Iona Gaels,Fairfield Stags,75,69,0,2,314,2217,49.1,45.2
2023-01-14,401486987,Mount St. Mary's Mountaineers,Manhattan Jaspers,57,62,0,2,116,2363,36.4,46.2
2023-01-14,401486988,Niagara Purple Eagles,Siena Saints,64,70,0,2,315,2561,45.8,49.0
2023-01-14,401486989,Quinnipiac Bobcats,Saint Peter's Peacocks,58,51,0,2,2514,2612,38.3,39.6
2023-01-14,401487118,Rice Owls,UTEP Miners,83,82,0,2,242,2638,56.9,50.0
2023-01-14,401487142,Louisiana Tech Bulldogs,UAB Blazers,74,81,0,2,2348,5,43.8,37.1
2023-01-14,401487341,Brown Bears,Princeton Tigers,72,70,0,2,225,163,52.8,50.9
2023-01-14,401487379,Dartmouth Big Green,Pennsylvania Quakers,75,71,0,2,159,219,46.6,45.6
2023-01-14,401487441,Harvard Crimson,Columbia Lions,73,51,0,2,108,171,49.2,27.6
2023-01-14,401487729,Loyola Maryland Greyhounds,Navy Midshipmen,69,67,0,2,2352,2426,52.8,49.0
2023-01-14,401488247,New Hampshire Wildcats,Bryant Bulldogs,81,87,0,2,160,2803,47.5,56.5
2023-01-14,401488248,UMBC Retrievers,Maine Black Bears,85,77,0,2,2378,311,55.1,46.6
2023-01-14,401488249,Binghamton Bearcats,UMass Lowell River Hawks,66,65,0,2,2066,2349,44.2,31.7
2023-01-14,401488428,Clemson Tigers,Duke Blue Devils,72,64,0,2,228,150,45.8,38.1
2023-01-14,401488429,NC State Wolfpack,Miami Hurricanes,83,81,0,2,152,2390,44.0,56.9
2023-01-14,401488430,Louisville Cardinals,North Carolina Tar Heels,59,80,0,2,97,153,37.0,47.4
2023-01-14,401488432,Georgia Tech Yellow Jackets,Pittsburgh Panthers,60,71,0,2,59,221,36.4,42.9
2023-01-14,401488433,Florida State Seminoles,Virginia Cavaliers,58,67,0,2,52,258,39.6,45.0
2023-01-14,401489724,Florida Atlantic Owls,North Texas Mean Green,66,62,0,2,2226,249,47.8,51.1
2023-01-14,401490163,Belmont Bruins,Northern Iowa Panthers,76,72,0,2,2057,2460,50.9,48.3
2023-01-14,401490164,Evansville Purple Aces,Valparaiso Beacons,69,76,0,2,339,2674,46.8,49.1
2023-01-14,401490166,Murray State Racers,UIC Flames,81,64,0,2,93,82,57.4,35.2
2023-01-14,401490338,Oregon Ducks,Arizona Wildcats,87,68,0,2,2483,12,53.1,37.5
2023-01-14,401490339,Oregon State Beavers,Arizona State Sun Devils,69,74,0,2,204,9,42.9,49.0
2023-01-14,401490342,Washington Huskies,California Golden Bears,81,78,0,2,264,25,49.1,40.8
2023-01-14,401490454,Coppin State Eagles,Morgan State Bears,66,83,0,2,2154,2415,31.6,42.9
2023-01-14,401490472,Maryland Eastern Shore Hawks,Delaware State Hornets,68,66,0,2,2379,2169,47.1,43.1
2023-01-14,401490533,Lehigh Mountain Hawks,American University Eagles,78,62,0,2,2329,44,49.1,36.4
2023-01-14,401490555,Boston University Terriers,Army Black Knights,74,83,0,2,104,349,52.9,60.4
2023-01-14,401491270,Lafayette Leopards,Holy Cross Crusaders,62,48,0,2,322,107,38.2,32.7
2023-01-14,401491283,Colgate Raiders,Bucknell Bison,71,65,0,2,2142,2083,49.1,42.0
2023-01-14,401492182,Texas Southern Tigers,Alcorn State Braves,74,79,0,2,2640,2016,42.4,35.2
2023-01-14,401492211,Bethune-Cookman Wildcats,Mississippi Valley State Delta Devils,77,71,0,2,2065,2400,51.9,43.7
2023-01-14,401492233,Southern Jaguars,Grambling Tigers,81,73,0,2,2582,2755,38.3,40.7
2023-01-14,401492697,Tulane Green Wave,UCF Knights,77,69,0,2,2655,2116,42.1,36.8
2023-01-14,401492698,SMU Mustangs,Cincinnati Bearcats,52,54,0,2,2567,2132,31.9,33.8
2023-01-14,401492699,Wichita State Shockers,Tulsa Golden Hurricane,73,69,0,2,2724,202,45.3,46.6
2023-01-14,401493395,Oklahoma Sooners,West Virginia Mountaineers,77,76,0,2,201,277,55.6,56.4
2023-01-14,401493396,TCU Horned Frogs,Kansas State Wildcats,82,68,0,2,2628,2306,46.5,43.1
2023-01-14,401493397,Kansas Jayhawks,Iowa State Cyclones,62,60,0,2,2305,66,45.8,38.3
2023-01-14,401493398,Baylor Bears,Oklahoma State Cowboys,74,58,0,2,239,197,46.3,38.3
2023-01-14,401494485,Florida A&M Rattlers,Arkansas-Pine Bluff Golden Lions,54,67,0,2,50,2029,42.2,40.8
2023-01-14,401494601,Prairie View A&M Panthers,Jackson State Tigers,59,50,0,2,2504,2296,35.1,31.7
2023-01-14,401496882,North Carolina Central Eagles,South Carolina State Bulldogs,71,67,0,2,2428,2569,44.7,48.1
2023-01-15,401469558,Liberty Flames,Central Arkansas Bears,82,62,0,2,2335,2110,46.8,42.1
2023-01-15,401469670,Montana Grizzlies,Idaho State Bengals,84,55,0,2,149,304,54.9,33.9
2023-01-15,401469673,Portland State Vikings,Northern Colorado Bears,67,69,0,2,2502,2458,43.8,43.1
2023-01-15,401469767,UC Santa Barbara Gauchos,UC Riverside Highlanders,64,65,0,2,2540,27,46.3,48.9
2023-01-15,401469770,Hawai'i Rainbow Warriors,Long Beach State Beach,79,70,0,2,62,299,39.1,40.3
2023-01-15,401470013,Milwaukee Panthers,Wright State Raiders,74,78,0,2,270,2750,34.2,43.5
2023-01-15,401470014,Green Bay Phoenix,Northern Kentucky Norse,53,74,0,2,2739,94,37.2,44.8
2023-01-15,401470112,Southern Indiana Screaming Eagles,UT Martin Skyhawks,80,66,0,2,88,2630,46.7,35.0
2023-01-15,401470207,Kansas City Roos,Western Illinois Leathernecks,52,60,0,2,140,2710,31.3,40.0
2023-01-15,401470208,Oral Roberts Golden Eagles,St. Thomas Tommies,81,69,0,2,198,2900,56.9,38.1
2023-01-15,401470209,South Dakota Coyotes,South Dakota State Jackrabbits,64,82,0,2,233,2571,37.5,47.5
2023-01-15,401470301,James Madison Dukes,Georgia Southern Eagles,83,71,0,2,256,290,55.3,44.3
2023-01-15,401470302,Marshall Thundering Herd,Old Dominion Monarchs,73,65,0,2,276,295,47.5,52.1
2023-01-15,401470412,BYU Cougars,Pepperdine Waves,91,81,0,2,252,2492,50.9,51.7
2023-01-15,401470413,Loyola Marymount Lions,San Diego Toreros,98,84,0,2,2351,301,55.2,47.7
2023-01-15,401470414,Gonzaga Bulldogs,Portland Pilots,115,75,0,2,2250,2501,56.3,41.5
2023-01-15,401470415,Pacific Tigers,Santa Clara Broncos,81,92,0,2,279,2541,43.5,47.8
2023-01-15,401470416,San Francisco Dons,Saint Mary's Gaels,61,78,0,2,2539,2608,42.3,50.8
2023-01-15,401479742,Wofford Terriers,VMI Keydets,86,67,0,2,2747,2678,54.5,44.6
2023-01-15,401480393,High Point Panthers,Presbyterian Blue Hose,64,56,0,2,2272,2506,48.9,37.7
2023-01-15,401480394,Longwood Lancers,South Carolina Upstate Spartans,72,65,0,2,2344,2908,40.0,43.5
2023-01-15,401481080,California Baptist Lancers,Grand Canyon Lopes,79,74,0,2,2856,2253,45.1,46.6
2023-01-15,401481081,Utah Valley Wolverines,Seattle U Redhawks,80,85,0,2,3084,2547,52.5,41.5
2023-01-15,401481082,Utah Tech Trailblazers,Sam Houston Bearkats,53,78,0,2,3101,2534,39.1,53.6
2023-01-15,401481084,New Mexico State Aggies,UT Arlington Mavericks,55,66,0,2,166,250,31.6,43.4
2023-01-15,401482814,Fresno State Bulldogs,Air Force Falcons,48,51,0,2,278,2005,37.7,31.5
2023-01-15,401482815,Wyoming Cowboys,Boise State Broncos,68,85,0,2,2751,68,43.9,48.5
2023-01-15,401482816,UNLV Rebels,Colorado State Rams,81,82,0,2,2439,36,38.5,50.8
2023-01-15,401482817,San Diego State Aztecs,New Mexico Lobos,67,76,0,2,21,167,42.4,46.6
2023-01-15,401484557,Auburn Tigers,Mississippi State Bulldogs,69,63,0,2,2,344,43.6,37.5
2023-01-15,401484893,Michigan Wolverines,Northwestern Wildcats,85,78,0,2,130,77,51.8,42.2
2023-01-15,401484894,Rutgers Scarlet Knights,Ohio State Buckeyes,68,64,0,2,164,194,33.9,34.3
2023-01-15,401484895,Iowa Hawkeyes,Maryland Terrapins,81,67,0,2,2294,120,60.0,47.5
2023-01-15,401485221,Xavier Musketeers,Marquette Golden Eagles,80,76,0,2,2752,269,44.9,47.7
2023-01-15,401485222,UConn Huskies,St. John's Red Storm,74,85,0,2,41,2599,41.8,51.7
2023-01-15,401486990,Canisius Golden Griffins,Siena Saints,66,62,0,2,2099,2561,42.3,36.4
2023-01-15,401486991,Iona Gaels,Rider Broncs,67,70,0,2,314,2520,39.7,46.6
2023-01-15,401486992,Mount St. Mary's Mountaineers,Quinnipiac Bobcats,51,58,0,2,116,2514,35.6,31.7
2023-01-15,401486993,Niagara Purple Eagles,Marist Red Foxes,64,66,0,2,315,2368,52.0,53.3
2023-01-15,401486994,Saint Peter's Peacocks,Fairfield Stags,52,56,0,2,2612,2217,27.6,51.4
2023-01-15,401488246,NJIT Highlanders,UAlbany Great Danes,74,67,0,2,2885,399,42.9,39.7
2023-01-15,401488431,Syracuse Orange,Notre Dame Fighting Irish,78,73,0,2,183,87,50.9,45.8
2023-01-15,401488434,Boston College Eagles,Wake Forest Demon Deacons,63,85,0,2,103,154,38.2,52.3
2023-01-15,401490162,Drake Bulldogs,Bradley Braves,86,61,0,2,2181,71,56.1,38.3
2023-01-15,401490165,Southern Illinois Salukis,Illinois State Redbirds,69,57,0,2,79,2287,48.1,47.5
2023-01-15,401490167,Missouri State Bears,Indiana State Sycamores,64,62,0,2,2623,282,38.5,49.0
2023-01-15,401490340,UCLA Bruins,Colorado Buffaloes,68,54,0,2,26,38,38.1,30.6
2023-01-15,401490341,USC Trojans,Utah Utes,71,56,0,2,30,254,47.5,34.4
2023-01-15,401490343,Washington State Cougars,Stanford Cardinal,60,59,0,2,265,24,45.8,43.1
2023-01-15,401492514,UT Rio Grande Valley Vaqueros,Chicago State Cougars,85,82,0,2,292,2130,47.5,50.9
2023-01-15,401492639,Western Kentucky Hilltoppers,Florida International Panthers,70,59,0,2,98,2229,46.9,35.5
2023-01-15,401492700,East Carolina Pirates,South Florida Bulls,70,81,0,2,151,58,37.9,50.0
2023-01-15,401492701,Temple Owls,Memphis Tigers,59,61,0,2,218,235,29.3,37.9
2023-01-15,401493399,Texas Longhorns,Texas Tech Red Raiders,72,70,0,2,251,2641,43.4,39.3
2023-01-16,401469772,UC San Diego Tritons,UC Davis Aggies,70,78,0,2,28,302,58.3,50.8
2023-01-16,401469892,Towson Tigers,Hofstra Pride,68,47,0,2,119,2275,45.0,32.8
2023-01-16,401469893,Northeastern Huskies,Delaware Blue Hens,59,58,0,2,111,48,40.0,42.9
2023-01-16,401469894,Charleston Cougars,William & Mary Tribe,82,54,0,2,232,2729,38.2,43.1
2023-01-16,401473452,Sacred Heart Pioneers,Saint Francis Red Wolves,54,51,0,2,2529,2598,33.3,33.3
2023-01-16,401484429,George Mason Patriots,George Washington Revolutionaries,75,78,0,2,2244,45,45.5,47.5
2023-01-16,401484430,La Salle Explorers,Saint Joseph's Hawks,59,71,0,2,2325,2603,29.5,51.0
2023-01-16,401484896,Minnesota Golden Gophers,Illinois Fighting Illini,60,78,0,2,135,356,36.2,50.0
2023-01-16,401484897,Michigan State Spartans,Purdue Boilermakers,63,64,0,2,127,2509,47.2,42.3
2023-01-16,401485223,Villanova Wildcats,Georgetown Hoyas,77,73,0,2,222,46,48.9,53.8
2023-01-16,401486949,Charlotte 49ers,UTEP Miners,58,60,0,2,2429,2638,47.8,49.0
2023-01-16,401487342,Yale Bulldogs,Brown Bears,81,78,0,2,43,225,45.3,49.2
2023-01-16,401487380,Harvard Crimson,Dartmouth Big Green,59,60,0,2,108,159,41.7,42.0
2023-01-16,401490519,Columbia Lions,Cornell Big Red,85,102,0,2,171,172,43.1,50.8
2023-01-16,401491909,Alabama A&M Bulldogs,Alabama State Hornets,61,69,0,2,2010,2011,34.4,46.3
2023-01-16,401493726,Florida A&M Rattlers,Mississippi Valley State Delta Devils,60,59,0,2,50,2400,46.5,37.0
2023-01-16,401499596,UMBC Retrievers,Hartford Hawks,87,62,0,2,2378,42,58.3,46.2
2023-01-17,401469674,Eastern Washington Eagles,Montana Grizzlies,64,57,0,2,331,149,40.8,37.5
2023-01-17,401469675,Idaho Vandals,Montana State Bobcats,74,70,0,2,70,147,45.6,37.7
2023-01-17,401469771,UC Irvine Anteaters,UC Santa Barbara Gauchos,65,73,0,2,300,2540,42.9,55.8
2023-01-17,401469773,Cal State Fullerton Titans,Cal State Bakersfield Roadrunners,76,46,0,2,2239,2934,49.2,36.7
2023-01-17,401469774,UC Riverside Highlanders,Cal Poly Mustangs,83,78,0,2,27,13,46.7,50.9
2023-01-17,401469775,Hawai'i Rainbow Warriors,Cal State Northridge Matadors,58,51,0,2,62,2463,37.3,31.0
2023-01-17,401469895,UNC Wilmington Seahawks,Elon Phoenix,62,54,0,2,350,2210,33.3,33.9
2023-01-17,401469896,Hampton Pirates,North Carolina A&T Aggies,67,79,0,2,2261,2448,31.8,49.2
2023-01-17,401470017,Purdue Fort Wayne Mastodons,Cleveland State Vikings,60,72,0,2,2870,325,34.5,43.5
2023-01-17,401473453,Long Island University Sharks,St. Francis Brooklyn Terriers,66,73,0,2,112358,2597,43.1,48.1
2023-01-17,401473454,Merrimack Warriors,Wagner Seahawks,57,62,0,2,2771,2681,47.7,47.9
2023-01-17,401473455,Stonehill Skyhawks,Fairleigh Dickinson Knights,57,65,0,2,284,161,41.3,40.4
2023-01-17,401484563,South Carolina Gamecocks,Ole Miss Rebels,58,70,0,2,2579,145,36.7,46.0
2023-01-17,401487119,UTSA Roadrunners,Rice Owls,81,88,0,2,2636,242,43.2,47.1
2023-01-17,401487143,Middle Tennessee Blue Raiders,UAB Blazers,74,73,0,2,2393,5,43.3,31.6
2023-01-17,401487462,Pennsylvania Quakers,Princeton Tigers,60,72,0,2,219,163,33.3,40.4
2023-01-17,401488435,Miami Hurricanes,Syracuse Orange,82,78,0,2,2390,183,41.7,43.3
2023-01-17,401489725,Western Kentucky Hilltoppers,Florida Atlantic Owls,62,76,0,2,98,2226,40.7,43.4
2023-01-17,401490424,Florida International Panthers,North Texas Mean Green,57,64,0,2,2229,249,47.5,37.7
2023-01-17,401491250,Loyola Maryland Greyhounds,Lehigh Mountain Hawks,70,74,0,2,2352,2329,41.9,46.0
2023-01-17,401492183,Prairie View A&M Panthers,Alcorn State Braves,68,77,0,2,2504,2016,45.9,42.9
2023-01-17,401492212,Bethune-Cookman Wildcats,Arkansas-Pine Bluff Golden Lions,71,77,0,2,2065,2029,46.6,45.5
2023-01-17,401497495,Texas Southern Tigers,Jackson State Tigers,84,82,0,2,2640,2296,57.4,49.1
2023-01-17,401497567,Howard Bison,Morehouse Maroon Tigers,89,65,0,2,47,60,52.5,42.3
2023-01-18,401473528,Miami (OH) RedHawks,Northern Illinois Huskies,77,81,0,2,193,2459,49.1,52.7
2023-01-18,401473529,Ball State Cardinals,Western Michigan Broncos,71,70,0,2,2050,2711,45.8,38.6
2023-01-18,401473530,Buffalo Bulls,Bowling Green Falcons,100,71,0,2,2084,189,56.2,35.2
2023-01-18,401473531,Central Michigan Chippewas,Akron Zips,51,69,0,2,2117,2006,34.0,41.8
2023-01-18,401473532,Eastern Michigan Eagles,Kent State Golden Flashes,63,77,0,2,2199,2309,41.0,46.7
2023-01-18,401473533,Toledo Rockets,Ohio Bobcats,90,75,0,2,2649,195,55.6,43.3
2023-01-18,401482819,Boise State Broncos,Nevada Wolf Pack,77,62,0,2,68,2440,52.7,44.2
2023-01-18,401482821,New Mexico Lobos,San José State Spartans,77,57,0,2,167,23,52.9,33.9
2023-01-18,401482822,Utah State Aggies,UNLV Rebels,75,71,0,2,328,2439,51.1,49.1
2023-01-18,401482823,Air Force Falcons,Wyoming Cowboys,82,74,0,2,2005,2751,52.8,54.9
2023-01-18,401484431,VCU Rams,Massachusetts Minutemen,83,55,0,2,2670,113,52.5,29.2
2023-01-18,401484432,Dayton Flyers,Davidson Wildcats,68,61,0,2,2168,2166,54.3,40.6
2023-01-18,401484433,Richmond Spiders,Rhode Island Rams,64,57,0,2,257,227,43.6,38.9
2023-01-18,401484561,Vanderbilt Commodores,Alabama Crimson Tide,66,78,0,2,238,333,30.1,43.8
2023-01-18,401484562,Kentucky Wildcats,Georgia Bulldogs,85,71,0,2,96,61,43.9,46.2
2023-01-18,401484564,Mississippi State Bulldogs,Tennessee Volunteers,59,70,0,2,344,2633,33.3,45.1
2023-01-18,401484898,Wisconsin Badgers,Penn State Nittany Lions,63,60,0,2,275,213,42.6,44.9
2023-01-18,401485224,Butler Bulldogs,Creighton Bluejays,52,73,0,2,2086,156,34.5,46.9
2023-01-18,401485225,Seton Hall Pirates,UConn Huskies,67,66,0,2,2550,41,41.1,39.3
2023-01-18,401488271,UMass Lowell River Hawks,UMBC Retrievers,81,75,0,2,2349,2378,50.7,51.7
2023-01-18,401488436,North Carolina Tar Heels,Boston College Eagles,72,64,0,2,153,103,42.6,48.1
2023-01-18,401488437,Wake Forest Demon Deacons,Clemson Tigers,87,77,0,2,154,228,45.9,42.4
2023-01-18,401488438,Notre Dame Fighting Irish,Florida State Seminoles,71,84,0,2,87,52,38.8,50.9
2023-01-18,401488439,Georgia Tech Yellow Jackets,NC State Wolfpack,66,78,0,2,59,152,39.4,50.9
2023-01-18,401490168,Belmont Bruins,Murray State Racers,80,65,0,2,2057,93,49.2,36.6
2023-01-18,401490169,Southern Illinois Salukis,Evansville Purple Aces,77,70,0,2,79,339,46.9,47.4
2023-01-18,401490170,Valparaiso Beacons,UIC Flames,76,66,0,2,2674,82,43.1,40.4
2023-01-18,401490556,Army Black Knights,Bucknell Bison,66,68,0,2,349,2083,43.3,48.1
2023-01-18,401492702,Tulane Green Wave,Houston Cougars,60,80,0,2,2655,248,40.0,55.4
2023-01-18,401493400,Kansas State Wildcats,Kansas Jayhawks,83,82,0,2,2306,2305,41.7,43.3
2023-01-18,401493401,Iowa State Cyclones,Texas Longhorns,78,67,0,2,66,251,44.2,45.8
2023-01-18,401493402,Texas Tech Red Raiders,Baylor Bears,74,81,0,2,2641,239,50.9,48.3
2023-01-18,401496892,Morgan State Bears,Hartford Hawks,92,84,0,2,2415,42,56.3,46.7
2023-01-19,401469567,Central Arkansas Bears,North Alabama Lions,73,78,0,2,2110,2453,33.8,48.3
2023-01-19,401479747,Chattanooga Mocs,Furman Paladins,69,77,0,2,236,231,40.7,43.1
2023-01-19,401479748,East Tennessee State Buccaneers,Samford Bulldogs,59,69,0,2,2193,2535,43.6,44.4
2023-01-19,401479749,Western Carolina Catamounts,Wofford Terriers,76,71,0,2,2717,2747,50.9,45.0
2023-01-19,401480395,Campbell Fighting Camels,Radford Highlanders,55,63,0,2,2097,2515,42.6,43.9
2023-01-19,401480396,Charleston Southern Buccaneers,UNC Asheville Bulldogs,63,73,0,2,2127,2427,39.2,46.4
2023-01-19,401480397,Longwood Lancers,Gardner-Webb Runnin' Bulldogs,64,59,0,2,2344,2241,49.1,43.8
2023-01-19,401480398,High Point Panthers,Winthrop Eagles,71,66,0,2,2272,2737,53.2,35.6
2023-01-19,401480399,South Carolina Upstate Spartans,Presbyterian Blue Hose,61,60,0,2,2908,2506,47.7,33.3
2023-01-19,401481086,Utah Valley Wolverines,Abilene Christian Wildcats,84,54,0,2,3084,2000,53.2,30.0
2023-01-19,401481087,Grand Canyon Lopes,Utah Tech Trailblazers,89,85,0,2,2253,3101,54.9,47.4
2023-01-19,401482820,Colorado State Rams,San Diego State Aztecs,76,82,0,2,36,21,45.6,45.3
2023-01-19,401484434,St. Bonaventure Bonnies,Duquesne Dukes,65,56,0,2,179,2184,44.0,35.0
2023-01-19,401484435,Loyola Chicago Ramblers,Saint Louis Billikens,59,76,0,2,2350,139,39.6,57.7
2023-01-19,401484565,Missouri Tigers,Arkansas Razorbacks,79,76,0,2,142,8,44.9,46.0
2023-01-19,401484566,Texas A&M Aggies,Florida Gators,54,52,0,2,245,57,35.5,26.2
2023-01-19,401484567,LSU Tigers,Auburn Tigers,49,67,0,2,99,2,29.3,44.1
2023-01-19,401484900,Nebraska Cornhuskers,Ohio State Buckeyes,63,60,0,2,158,194,41.1,35.7
2023-01-19,401484903,Michigan State Spartans,Rutgers Scarlet Knights,70,57,0,2,127,164,47.3,34.4
2023-01-19,401485226,DePaul Blue Demons,Xavier Musketeers,73,72,0,2,305,2752,42.6,38.0
2023-01-19,401485227,Marquette Golden Eagles,Providence Friars,83,75,0,2,269,2507,52.7,47.5
2023-01-19,401488130,Navy Midshipmen,Boston University Terriers,63,45,0,2,2426,104,43.4,37.8
2023-01-19,401488440,Louisville Cardinals,Pittsburgh Panthers,54,75,0,2,97,221,33.9,49.1
2023-01-19,401488441,Virginia Cavaliers,Virginia Tech Hokies,78,68,0,2,258,259,50.9,49.1
2023-01-19,401490171,Indiana State Sycamores,Bradley Braves,67,78,0,2,282,71,37.9,46.7
2023-01-19,401490172,Drake Bulldogs,Missouri State Bears,62,65,0,2,2181,2623,38.9,46.8
2023-01-19,401490173,Northern Iowa Panthers,Illinois State Redbirds,65,63,0,2,2460,2287,44.9,47.9
2023-01-19,401490344,California Golden Bears,Oregon Ducks,58,87,0,2,25,2483,40.0,59.6
2023-01-19,401490534,American University Eagles,Lafayette Leopards,59,70,0,2,44,322,56.1,54.5
2023-01-19,401491271,Holy Cross Crusaders,Colgate Raiders,71,77,0,2,107,2142,41.7,51.8
2023-01-19,401492703,Temple Owls,East Carolina Pirates,73,58,0,2,218,151,40.4,33.9
2023-01-19,401492704,South Florida Bulls,Cincinnati Bearcats,69,85,0,2,58,2132,46.2,49.2
2023-01-19,401492705,Tulsa Golden Hurricane,SMU Mustangs,76,79,0,2,202,2567,45.1,42.2
2023-01-19,401493403,West Virginia Mountaineers,TCU Horned Frogs,74,65,0,2,277,2628,46.3,52.4
2023-01-19,401493404,Oklahoma State Cowboys,Oklahoma Sooners,72,56,0,2,197,201,42.9,41.1
2023-01-20,401469563,Austin Peay Governors,Bellarmine Knights,45,56,0,2,2046,91,35.6,39.2
2023-01-20,401469564,Florida Gulf Coast Eagles,Jacksonville State Gamecocks,55,51,0,2,526,55,40.4,35.2
2023-01-20,401469565,Lipscomb Bisons,Eastern Kentucky Colonels,75,62,0,2,288,2198,41.4,36.0
2023-01-20,401469566,Jacksonville Dolphins,Liberty Flames,52,66,0,2,294,2335,44.0,40.4
2023-01-20,401469568,North Florida Ospreys,Queens University Royals,95,90,0,2,2454,2511,50.7,49.2
2023-01-20,401469569,Stetson Hatters,Kennesaw State Owls,81,82,0,2,56,338,45.9,51.7
2023-01-20,401469676,Northern Colorado Bears,Eastern Washington Eagles,75,83,0,2,2458,331,41.5,60.0
2023-01-20,401469677,Northern Arizona Lumberjacks,Idaho Vandals,83,88,0,2,2464,70,46.4,56.6
2023-01-20,401469678,Idaho State Bengals,Sacramento State Hornets,65,61,0,2,304,16,45.1,39.7
2023-01-20,401469679,Weber State Wildcats,Portland State Vikings,84,68,0,2,2692,2502,57.4,39.2
2023-01-20,401469776,UC Davis Aggies,UC Riverside Highlanders,72,74,0,2,302,27,42.6,46.6
2023-01-20,401469777,Long Beach State Beach,Cal State Fullerton Titans,72,67,0,2,299,2239,45.2,36.1
2023-01-20,401469778,UC Irvine Anteaters,Hawai'i Rainbow Warriors,76,68,0,2,300,62,49.2,41.1
2023-01-20,401469779,Cal Poly Mustangs,UC San Diego Tritons,64,71,0,2,13,28,50.0,48.3
2023-01-20,401469780,UC Santa Barbara Gauchos,Cal State Northridge Matadors,72,52,0,2,2540,2463,55.1,33.3
2023-01-20,401469897,North Carolina A&T Aggies,Towson Tigers,67,79,0,2,2448,119,44.9,52.5
2023-01-20,401469898,Drexel Dragons,Hampton Pirates,79,73,0,2,2182,2261,49.0,44.8
2023-01-20,401469899,Delaware Blue Hens,William & Mary Tribe,80,53,0,2,48,2729,56.1,42.2
2023-01-20,401469900,Monmouth Hawks,Charleston Cougars,55,69,0,2,2405,232,40.3,35.8
2023-01-20,401469901,Hofstra Pride,UNC Wilmington Seahawks,70,46,0,2,2275,350,52.7,40.0
2023-01-20,401469973,Stony Brook Seawolves,Northeastern Huskies,66,79,0,2,2619,111,45.3,59.1
2023-01-20,401470018,Northern Kentucky Norse,Cleveland State Vikings,57,56,0,2,94,325,43.5,37.3
2023-01-20,401470019,Wright State Raiders,Purdue Fort Wayne Mastodons,80,88,0,2,2750,2870,46.9,47.6
2023-01-20,401470020,IU Indianapolis Jaguars,Oakland Golden Grizzlies,77,83,0,2,85,2473,44.6,48.3
2023-01-20,401470021,Milwaukee Panthers,Robert Morris Colonials,77,69,0,2,270,2523,45.3,33.3
2023-01-20,401470022,Green Bay Phoenix,Youngstown State Penguins,70,86,0,2,2739,2754,50.0,44.8
2023-01-20,401470114,Lindenwood Lions,Southern Indiana Screaming Eagles,65,81,0,2,2815,88,37.5,53.6
2023-01-20,401470115,Little Rock Trojans,Tennessee Tech Golden Eagles,75,77,0,2,2031,2635,47.0,56.0
2023-01-20,401470116,Tennessee State Tigers,Eastern Illinois Panthers,78,74,0,2,2634,2197,45.8,48.4
2023-01-20,401470117,SIU Edwardsville Cougars,Morehead State Eagles,58,67,0,2,2565,2413,38.5,47.8
2023-01-20,401470118,Southeast Missouri State Redhawks,UT Martin Skyhawks,60,80,0,2,2546,2630,31.7,55.8
2023-01-20,401470210,South Dakota Coyotes,Denver Pioneers,60,75,0,2,233,2172,37.7,57.1
2023-01-20,401470211,South Dakota State Jackrabbits,Omaha Mavericks,84,61,0,2,2571,2437,53.6,41.4
2023-01-20,401470212,North Dakota Fighting Hawks,Kansas City Roos,77,60,0,2,155,140,42.9,35.2
2023-01-20,401470213,North Dakota State Bison,Oral Roberts Golden Eagles,69,92,0,2,2449,198,43.1,57.1
2023-01-20,401470306,Coastal Carolina Chanticleers,App State Mountaineers,93,84,0,2,324,2026,58.1,42.9
2023-01-20,401470307,Old Dominion Monarchs,Georgia State Panthers,70,58,0,2,295,2247,58.7,35.1
2023-01-20,401470308,Georgia Southern Eagles,UL Monroe Warhawks,59,72,0,2,290,2433,37.7,48.4
2023-01-20,401470309,Troy Trojans,James Madison Dukes,87,89,0,2,2653,256,51.8,43.8
2023-01-20,401470310,Texas State Bobcats,Marshall Thundering Herd,73,81,0,2,326,276,48.2,56.0
2023-01-20,401470311,Arkansas State Red Wolves,Louisiana Ragin' Cajuns,71,80,0,2,2032,309,42.1,51.8
2023-01-20,401470312,Southern Miss Golden Eagles,South Alabama Jaguars,76,72,0,2,2572,6,40.0,43.5
2023-01-20,401470417,Santa Clara Broncos,BYU Cougars,83,76,0,2,2541,252,49.2,42.4
2023-01-20,401470418,Portland Pilots,San Diego Toreros,88,83,0,2,2501,301,60.8,46.2
2023-01-20,401470419,Gonzaga Bulldogs,Loyola Marymount Lions,67,68,0,2,2250,2351,44.4,47.4
2023-01-20,401470420,Pepperdine Waves,Saint Mary's Gaels,44,73,0,2,2492,2608,30.2,44.4
2023-01-20,401470421,San Francisco Dons,Pacific Tigers,78,57,0,2,2539,279,53.6,30.5
2023-01-20,401473536,Kent State Golden Flashes,Ball State Cardinals,86,65,0,2,2309,2050,50.8,36.5
2023-01-20,401479750,VMI Keydets,Mercer Bears,61,69,0,2,2678,2382,40.0,37.5
2023-01-20,401479751,UNC Greensboro Spartans,The Citadel Bulldogs,70,60,0,2,2430,2643,45.1,44.4
2023-01-20,401481088,Seattle U Redhawks,Tarleton State Texans,67,47,0,2,2547,2627,39.0,32.1
2023-01-20,401481089,Southern Utah Thunderbirds,New Mexico State Aggies,111,76,0,2,253,166,63.8,43.1
2023-01-20,401481090,UT Arlington Mavericks,UT Rio Grande Valley Vaqueros,85,73,0,2,250,292,48.4,50.0
2023-01-20,401481091,Sam Houston Bearkats,Stephen F. Austin Lumberjacks,76,71,0,2,2534,2617,52.0,49.0
2023-01-20,401484901,Illinois Fighting Illini,Indiana Hoosiers,65,80,0,2,356,84,38.7,61.8
2023-01-20,401484902,Maryland Terrapins,Michigan Wolverines,64,58,0,2,120,130,41.4,41.8
2023-01-20,401484904,Minnesota Golden Gophers,Purdue Boilermakers,39,61,0,2,135,2509,31.5,44.8
2023-01-20,401485397,Houston Christian Huskies,Incarnate Word Cardinals,78,89,0,2,2277,2916,37.9,58.2
2023-01-20,401485398,Lamar Cardinals,Texas A&M-Corpus Christi Islanders,68,66,0,2,2320,357,47.8,41.5
2023-01-20,401485399,LSU New Orleans Privateers,East Texas A&M Lions,58,63,0,2,2443,2837,45.5,43.1
2023-01-20,401485400,Nicholls Colonels,McNeese Cowboys,73,64,0,2,2447,2377,45.3,41.1
2023-01-20,401485401,SE Louisiana Lions,Northwestern State Demons,81,91,0,2,2545,2466,38.8,45.6
2023-01-20,401487090,Middle Tennessee Blue Raiders,Charlotte 49ers,62,58,0,2,2393,2429,42.3,50.0
2023-01-20,401487120,North Texas Mean Green,Rice Owls,60,72,0,2,249,242,37.5,53.2
2023-01-20,401487164,UTEP Miners,Florida International Panthers,81,61,0,2,2638,2229,57.1,44.7
2023-01-20,401487310,UTSA Roadrunners,Florida Atlantic Owls,64,83,0,2,2636,2226,36.2,41.8
2023-01-20,401488270,UAlbany Great Danes,Binghamton Bearcats,54,65,0,2,399,2066,36.8,53.5
2023-01-20,401488272,Bryant Bulldogs,NJIT Highlanders,87,75,0,2,2803,2885,53.4,46.9
2023-01-20,401488273,Vermont Catamounts,Maine Black Bears,66,45,0,2,261,311,47.2,36.7
2023-01-20,401490345,Arizona Wildcats,USC Trojans,81,66,0,2,12,30,48.3,36.9
2023-01-20,401490346,Arizona State Sun Devils,UCLA Bruins,62,74,0,2,9,26,44.9,50.0
2023-01-20,401490347,Colorado Buffaloes,Washington Huskies,72,75,0,2,38,264,43.8,54.0
2023-01-20,401490348,Stanford Cardinal,Oregon State Beavers,67,46,0,2,24,204,44.8,34.1
2023-01-20,401490349,Utah Utes,Washington State Cougars,77,63,0,2,254,265,55.4,34.4
2023-01-20,401492706,Memphis Tigers,Wichita State Shockers,88,78,0,2,235,2724,53.6,44.6
2023-01-20,401493093,Louisiana Tech Bulldogs,Western Kentucky Hilltoppers,85,74,0,2,2348,98,50.7,41.3
2023-01-21,401469570,Austin Peay Governors,Eastern Kentucky Colonels,59,74,0,2,2046,2198,44.2,43.1
2023-01-21,401469572,North Florida Ospreys,Liberty Flames,62,73,0,2,2454,2335,44.9,45.8
2023-01-21,401469574,Lipscomb Bisons,Bellarmine Knights,69,49,0,2,288,91,48.1,34.4
2023-01-21,401469575,Jacksonville Dolphins,Queens University Royals,77,70,0,2,294,2511,50.0,40.7
2023-01-21,401469576,Stetson Hatters,Jacksonville State Gamecocks,87,81,0,2,56,55,51.0,51.9
2023-01-21,401469680,Northern Arizona Lumberjacks,Eastern Washington Eagles,76,79,0,2,2464,331,38.1,42.9
2023-01-21,401469782,UC Riverside Highlanders,Hawai'i Rainbow Warriors,63,67,0,2,27,62,31.9,45.3
2023-01-21,401469784,UC San Diego Tritons,Long Beach State Beach,110,112,0,2,28,299,46.8,47.2
2023-01-21,401469785,UC Davis Aggies,Cal Poly Mustangs,65,63,0,2,302,13,42.6,50.0
2023-01-21,401469902,Drexel Dragons,Delaware Blue Hens,77,74,0,2,2182,48,51.9,43.8
2023-01-21,401469903,Elon Phoenix,Towson Tigers,62,66,0,2,2210,119,38.5,36.8
2023-01-21,401469904,Monmouth Hawks,Hampton Pirates,66,83,0,2,2405,2261,39.1,58.3
2023-01-21,401469905,William & Mary Tribe,North Carolina A&T Aggies,86,90,0,2,2729,2448,45.2,53.0
2023-01-21,401469906,Northeastern Huskies,Charleston Cougars,61,87,0,2,111,232,35.7,47.2
2023-01-21,401469907,Stony Brook Seawolves,UNC Wilmington Seahawks,51,62,0,2,2619,350,38.8,40.4
2023-01-21,401470023,Northern Kentucky Norse,Purdue Fort Wayne Mastodons,74,54,0,2,94,2870,50.9,45.2
2023-01-21,401470025,IU Indianapolis Jaguars,Detroit Mercy Titans,77,89,0,2,85,2174,54.9,52.7
2023-01-21,401470119,Lindenwood Lions,Morehead State Eagles,63,72,0,2,2815,2413,46.0,50.0
2023-01-21,401470120,Little Rock Trojans,Tennessee State Tigers,89,77,0,2,2031,2634,55.8,41.2
2023-01-21,401470121,UT Martin Skyhawks,Eastern Illinois Panthers,91,78,0,2,2630,2197,57.4,40.8
2023-01-21,401470122,SIU Edwardsville Cougars,Southern Indiana Screaming Eagles,72,82,0,2,2565,88,34.7,43.6
2023-01-21,401470123,Southeast Missouri State Redhawks,Tennessee Tech Golden Eagles,84,77,0,2,2546,2635,42.9,42.4
2023-01-21,401470214,South Dakota State Jackrabbits,Denver Pioneers,76,61,0,2,2571,2172,49.1,44.6
2023-01-21,401470215,South Dakota Coyotes,Omaha Mavericks,84,68,0,2,233,2437,58.5,45.6
2023-01-21,401470216,North Dakota State Bison,Kansas City Roos,73,75,0,2,2449,140,55.1,45.5
2023-01-21,401470217,North Dakota Fighting Hawks,Oral Roberts Golden Eagles,72,84,0,2,155,198,38.8,54.5
2023-01-21,401470218,Western Illinois Leathernecks,St. Thomas Tommies,60,56,0,2,2710,2900,45.7,40.0
2023-01-21,401470314,Coastal Carolina Chanticleers,South Alabama Jaguars,85,81,0,2,324,6,48.5,46.3
2023-01-21,401470315,Georgia Southern Eagles,Georgia State Panthers,58,52,0,2,290,2247,39.7,35.1
2023-01-21,401470316,Southern Miss Golden Eagles,James Madison Dukes,83,70,0,2,2572,256,60.4,42.6
2023-01-21,401470317,Arkansas State Red Wolves,Marshall Thundering Herd,78,87,0,2,2032,276,42.6,48.4
2023-01-21,401470318,Texas State Bobcats,Louisiana Ragin' Cajuns,51,60,0,2,326,309,38.6,42.6
2023-01-21,401470319,Troy Trojans,UL Monroe Warhawks,77,53,0,2,2653,2433,53.2,31.5
2023-01-21,401470424,Portland Pilots,Pepperdine Waves,91,76,0,2,2501,2492,56.4,47.6
2023-01-21,401473456,Fairleigh Dickinson Knights,Sacred Heart Pioneers,85,92,0,2,161,2529,43.3,56.9
2023-01-21,401473457,Wagner Seahawks,Central Connecticut Blue Devils,72,50,0,2,2681,2115,47.6,34.8
2023-01-21,401473458,Long Island University Sharks,Stonehill Skyhawks,66,73,0,2,112358,284,51.9,52.8
2023-01-21,401473459,Saint Francis Red Wolves,St. Francis Brooklyn Terriers,87,61,0,2,2598,2597,60.4,37.0
2023-01-21,401473534,Eastern Michigan Eagles,Northern Illinois Huskies,67,88,0,2,2199,2459,43.1,59.3
2023-01-21,401473535,Bowling Green Falcons,Miami (OH) RedHawks,83,73,0,2,189,193,56.3,49.2
2023-01-21,401473537,Buffalo Bulls,Toledo Rockets,77,86,0,2,2084,2649,46.8,50.8
2023-01-21,401473538,Western Michigan Broncos,Akron Zips,55,63,0,2,2711,2006,38.2,36.5
2023-01-21,401473539,Ohio Bobcats,Central Michigan Chippewas,96,68,0,2,195,2117,51.6,44.2
2023-01-21,401479752,VMI Keydets,The Citadel Bulldogs,52,60,0,2,2678,2643,32.1,39.1
2023-01-21,401479753,Chattanooga Mocs,East Tennessee State Buccaneers,62,78,0,2,236,2193,36.2,56.1
2023-01-21,401479754,UNC Greensboro Spartans,Mercer Bears,59,48,0,2,2430,2382,44.0,40.7
2023-01-21,401479756,Samford Bulldogs,Western Carolina Catamounts,74,65,0,2,2535,2717,41.1,39.6
2023-01-21,401480400,Charleston Southern Buccaneers,Campbell Fighting Camels,76,78,0,2,2127,2097,50.8,39.7
2023-01-21,401480401,Winthrop Eagles,Gardner-Webb Runnin' Bulldogs,61,63,0,2,2737,2241,37.2,44.4
2023-01-21,401480402,Radford Highlanders,High Point Panthers,95,80,0,2,2515,2272,47.1,51.9
2023-01-21,401480403,Presbyterian Blue Hose,Longwood Lancers,56,58,0,2,2506,2344,42.6,38.3
2023-01-21,401480404,UNC Asheville Bulldogs,South Carolina Upstate Spartans,64,58,0,2,2427,2908,38.8,35.1
2023-01-21,401481092,Seattle U Redhawks,Southern Utah Thunderbirds,81,60,0,2,2547,253,46.2,34.7
2023-01-21,401481097,Sam Houston Bearkats,UT Rio Grande Valley Vaqueros,83,64,0,2,2534,292,48.3,39.0
2023-01-21,401482824,New Mexico Lobos,Boise State Broncos,81,79,0,2,167,68,47.1,44.7
2023-01-21,401482825,Wyoming Cowboys,Colorado State Rams,58,57,0,2,2751,36,40.4,44.9
2023-01-21,401482827,Utah State Aggies,San José State Spartans,75,74,0,2,328,23,53.8,43.5
2023-01-21,401482828,Fresno State Bulldogs,UNLV Rebels,76,63,0,2,278,2439,54.3,41.2
2023-01-21,401484436,Richmond Spiders,VCU Rams,62,74,0,2,257,2670,37.3,47.3
2023-01-21,401484437,George Washington Revolutionaries,Dayton Flyers,76,69,0,2,45,2168,49.0,35.8
2023-01-21,401484438,Saint Louis Billikens,La Salle Explorers,84,71,0,2,139,2325,48.4,35.7
2023-01-21,401484439,Duquesne Dukes,Fordham Rams,58,65,0,2,2184,2230,30.6,38.3
2023-01-21,401484440,Rhode Island Rams,George Mason Patriots,72,79,0,2,227,2244,42.6,54.5
2023-01-21,401484441,Saint Joseph's Hawks,Massachusetts Minutemen,74,68,0,2,2603,113,43.9,45.8
2023-01-21,401484442,Loyola Chicago Ramblers,St. Bonaventure Bonnies,67,55,0,2,2350,179,51.1,31.1
2023-01-21,401484568,Arkansas Razorbacks,Ole Miss Rebels,69,57,0,2,8,145,45.6,44.2
2023-01-21,401484569,Georgia Bulldogs,Vanderbilt Commodores,82,85,0,2,61,238,44.1,48.2
2023-01-21,401484570,Kentucky Wildcats,Texas A&M Aggies,76,67,0,2,96,245,40.3,49.0
2023-01-21,401484571,LSU Tigers,Tennessee Volunteers,56,77,0,2,99,2633,47.7,44.6
2023-01-21,401484573,Missouri Tigers,Alabama Crimson Tide,64,85,0,2,142,333,32.9,36.8
2023-01-21,401484574,South Carolina Gamecocks,Auburn Tigers,66,81,0,2,2579,2,35.7,50.0
2023-01-21,401484905,Ohio State Buckeyes,Iowa Hawkeyes,93,77,0,2,194,2294,56.3,45.0
2023-01-21,401484906,Penn State Nittany Lions,Nebraska Cornhuskers,76,65,0,2,213,158,49.1,45.1
2023-01-21,401485228,St. John's Red Storm,Villanova Wildcats,49,57,0,2,2599,222,32.1,36.5
2023-01-21,401485229,Seton Hall Pirates,Marquette Golden Eagles,53,74,0,2,2550,269,45.9,53.7
2023-01-21,401485230,Xavier Musketeers,Georgetown Hoyas,95,82,0,2,2752,46,54.9,50.0
2023-01-21,401485231,Providence Friars,DePaul Blue Demons,75,64,0,2,2507,305,45.9,44.3
2023-01-21,401485404,McNeese Cowboys,Nicholls Colonels,68,71,0,2,2377,2447,48.0,52.9
2023-01-21,401485405,LSU New Orleans Privateers,Northwestern State Demons,65,88,0,2,2443,2466,48.0,47.1
2023-01-21,401485406,SE Louisiana Lions,East Texas A&M Lions,79,73,0,2,2545,2837,46.4,49.1
2023-01-21,401485485,Coppin State Eagles,Norfolk State Spartans,65,96,0,2,2154,2450,37.0,59.3
2023-01-21,401486995,Fairfield Stags,Canisius Golden Griffins,67,58,0,2,2217,2099,44.9,41.1
2023-01-21,401486996,Manhattan Jaspers,Iona Gaels,76,84,0,2,2363,314,37.7,40.5
2023-01-21,401486997,Marist Red Foxes,Saint Peter's Peacocks,57,61,0,2,2368,2612,36.6,34.4
2023-01-21,401486998,Rider Broncs,Niagara Purple Eagles,65,62,0,2,2520,315,46.8,45.5
2023-01-21,401486999,Siena Saints,Mount St. Mary's Mountaineers,72,57,0,2,2561,116,41.0,40.4
2023-01-21,401487144,UAB Blazers,North Texas Mean Green,52,63,0,2,5,249,36.2,48.0
2023-01-21,401487311,UTSA Roadrunners,Florida International Panthers,72,77,0,2,2636,2229,37.3,43.1
2023-01-21,401487343,Brown Bears,Columbia Lions,97,85,0,2,225,171,50.0,49.3
2023-01-21,401487381,Princeton Tigers,Dartmouth Big Green,93,90,0,2,163,159,49.2,51.5
2023-01-21,401487442,Harvard Crimson,Cornell Big Red,95,89,0,2,108,172,60.4,51.7
2023-01-21,401487463,Yale Bulldogs,Pennsylvania Quakers,70,63,0,2,43,219,39.3,46.2
2023-01-21,401488131,Army Black Knights,Navy Midshipmen,71,77,0,2,349,2426,50.0,47.4
2023-01-21,401488276,UMBC Retrievers,New Hampshire Wildcats,80,69,0,2,2378,160,54.2,40.0
2023-01-21,401488442,Notre Dame Fighting Irish,Boston College Eagles,72,84,0,2,87,103,43.4,56.9
2023-01-21,401488443,Pittsburgh Panthers,Florida State Seminoles,64,71,0,2,221,52,42.6,51.0
2023-01-21,401488444,Duke Blue Devils,Miami Hurricanes,68,66,0,2,150,2390,40.3,34.9
2023-01-21,401488445,North Carolina Tar Heels,NC State Wolfpack,80,69,0,2,153,152,37.0,41.9
2023-01-21,401488446,Georgia Tech Yellow Jackets,Syracuse Orange,63,80,0,2,59,183,43.1,55.4
2023-01-21,401488447,Wake Forest Demon Deacons,Virginia Cavaliers,67,76,0,2,154,258,39.2,40.0
2023-01-21,401488448,Clemson Tigers,Virginia Tech Hokies,51,50,0,2,228,259,38.3,34.0
2023-01-21,401489762,Louisiana Tech Bulldogs,Middle Tennessee Blue Raiders,51,68,0,2,2348,2393,38.8,52.1
2023-01-21,401490174,Bradley Braves,Belmont Bruins,76,78,0,2,71,2057,48.2,42.4
2023-01-21,401490175,Evansville Purple Aces,Drake Bulldogs,61,97,0,2,339,2181,41.7,56.7
2023-01-21,401490177,Murray State Racers,Indiana State Sycamores,82,73,0,2,93,282,42.6,44.4
2023-01-21,401490178,Missouri State Bears,Southern Illinois Salukis,57,61,0,2,2623,79,40.4,45.1
2023-01-21,401490179,UIC Flames,Northern Iowa Panthers,72,78,0,2,82,2460,48.2,44.6
2023-01-21,401490350,Arizona Wildcats,UCLA Bruins,58,52,0,2,12,26,38.8,31.3
2023-01-21,401490473,North Carolina Central Eagles,Delaware State Hornets,74,55,0,2,2428,2169,42.3,37.3
2023-01-21,401490535,Colgate Raiders,American University Eagles,62,61,0,2,2142,44,48.0,50.0
2023-01-21,401491251,Boston University Terriers,Loyola Maryland Greyhounds,66,53,0,2,104,2352,43.8,44.9
2023-01-21,401491272,Bucknell Bison,Holy Cross Crusaders,73,80,0,2,2083,107,47.5,52.6
2023-01-21,401492184,Alcorn State Braves,Florida A&M Rattlers,57,47,0,2,2016,50,42.6,35.3
2023-01-21,401492213,Jackson State Tigers,Bethune-Cookman Wildcats,70,66,0,2,2296,2065,39.0,36.4
2023-01-21,401492356,South Carolina State Bulldogs,Maryland Eastern Shore Hawks,70,76,0,2,2569,2379,46.6,56.9
2023-01-21,401492707,South Florida Bulls,UCF Knights,85,72,0,2,58,2116,44.3,41.8
2023-01-21,401493405,Kansas Jayhawks,TCU Horned Frogs,60,83,0,2,2305,2628,39.0,54.4
2023-01-21,401493406,Kansas State Wildcats,Texas Tech Red Raiders,68,58,0,2,2306,2641,42.6,32.4
2023-01-21,401493407,Oklahoma State Cowboys,Iowa State Cyclones,61,59,0,2,197,66,43.9,39.7
2023-01-21,401493408,Oklahoma Sooners,Baylor Bears,60,62,0,2,201,239,45.6,36.2
2023-01-21,401493409,West Virginia Mountaineers,Texas Longhorns,61,69,0,2,277,251,38.5,47.3
2023-01-21,401493842,Arkansas-Pine Bluff Golden Lions,Southern Jaguars,62,55,0,2,2029,2582,42.3,34.0
2023-01-21,401494474,Alabama A&M Bulldogs,Texas Southern Tigers,59,70,0,2,2010,2640,39.0,45.3
2023-01-21,401496893,Howard Bison,Morgan State Bears,88,56,0,2,47,2415,56.7,37.3
2023-01-22,401469571,North Alabama Lions,Central Arkansas Bears,82,66,0,2,2453,2110,51.7,36.7
2023-01-22,401469573,Florida Gulf Coast Eagles,Kennesaw State Owls,63,65,0,2,526,338,40.0,49.1
2023-01-22,401469681,Northern Colorado Bears,Idaho Vandals,73,67,0,2,2458,70,48.3,49.1
2023-01-22,401469682,Idaho State Bengals,Portland State Vikings,65,72,0,2,304,2502,52.5,46.9
2023-01-22,401469683,Montana Grizzlies,Montana State Bobcats,64,67,0,2,149,147,44.9,51.1
2023-01-22,401469684,Weber State Wildcats,Sacramento State Hornets,50,48,0,2,2692,16,32.7,29.1
2023-01-22,401469781,Cal State Northridge Matadors,Cal State Fullerton Titans,69,66,0,2,2463,2239,41.5,39.2
2023-01-22,401469783,UC Santa Barbara Gauchos,Cal State Bakersfield Roadrunners,76,58,0,2,2540,2934,53.4,51.1
2023-01-22,401470024,Wright State Raiders,Cleveland State Vikings,77,85,0,2,2750,325,48.1,58.5
2023-01-22,401470026,Milwaukee Panthers,Youngstown State Penguins,88,75,0,2,270,2754,54.0,41.3
2023-01-22,401470027,Green Bay Phoenix,Robert Morris Colonials,38,72,0,2,2739,2523,21.6,50.0
2023-01-22,401470313,Old Dominion Monarchs,App State Mountaineers,58,72,0,2,295,2026,33.9,45.1
2023-01-22,401470422,San Francisco Dons,BYU Cougars,82,74,0,2,2539,252,46.0,50.9
2023-01-22,401470423,Pacific Tigers,Gonzaga Bulldogs,90,99,0,2,279,2250,47.6,58.7
2023-01-22,401470425,Saint Mary's Gaels,Santa Clara Broncos,77,58,0,2,2608,2541,52.6,46.8
2023-01-22,401473460,Wagner Seahawks,Sacred Heart Pioneers,68,58,0,2,2681,2529,55.3,40.8
2023-01-22,401473461,St. Francis Brooklyn Terriers,Merrimack Warriors,55,63,0,2,2597,2771,42.2,46.7
2023-01-22,401473462,Long Island University Sharks,Central Connecticut Blue Devils,42,58,0,2,112358,2115,28.6,43.9
2023-01-22,401473463,Fairleigh Dickinson Knights,Stonehill Skyhawks,59,70,0,2,161,284,32.4,50.0
2023-01-22,401479755,Wofford Terriers,Furman Paladins,82,96,0,2,2747,231,49.2,50.0
2023-01-22,401481093,California Baptist Lancers,Tarleton State Texans,77,48,0,2,2856,2627,53.8,30.6
2023-01-22,401481094,Utah Tech Trailblazers,New Mexico State Aggies,89,76,0,2,3101,166,52.0,44.3
2023-01-22,401481095,Grand Canyon Lopes,Utah Valley Wolverines,74,76,0,2,2253,3084,42.2,45.3
2023-01-22,401481096,Abilene Christian Wildcats,UT Arlington Mavericks,84,68,0,2,2000,250,63.3,45.1
2023-01-22,401482826,Air Force Falcons,San Diego State Aztecs,60,70,0,2,2005,21,46.2,38.6
2023-01-22,401484572,Mississippi State Bulldogs,Florida Gators,59,61,0,2,344,57,39.3,41.8
2023-01-22,401484908,Indiana Hoosiers,Michigan State Spartans,82,69,0,2,84,127,47.3,43.4
2023-01-22,401484909,Purdue Boilermakers,Maryland Terrapins,58,55,0,2,2509,120,38.5,37.3
2023-01-22,401484910,Michigan Wolverines,Minnesota Golden Gophers,60,56,0,2,130,135,36.7,40.4
2023-01-22,401485232,UConn Huskies,Butler Bulldogs,86,56,0,2,41,2086,48.4,32.7
2023-01-22,401485402,Houston Christian Huskies,Texas A&M-Corpus Christi Islanders,90,78,0,2,2277,357,53.8,37.1
2023-01-22,401485403,Lamar Cardinals,Incarnate Word Cardinals,64,70,0,2,2320,2916,44.2,41.3
2023-01-22,401487000,Mount St. Mary's Mountaineers,Marist Red Foxes,59,55,0,2,116,2368,43.5,38.9
2023-01-22,401487001,Quinnipiac Bobcats,Canisius Golden Griffins,87,82,0,2,2514,2099,53.2,45.3
2023-01-22,401487002,Rider Broncs,Manhattan Jaspers,67,65,0,2,2520,2363,48.9,44.2
2023-01-22,401487003,Saint Peter's Peacocks,Niagara Purple Eagles,57,59,0,2,2612,315,48.8,42.9
2023-01-22,401487004,Siena Saints,Fairfield Stags,52,62,0,2,2561,2217,35.7,37.9
2023-01-22,401487091,Western Kentucky Hilltoppers,Charlotte 49ers,71,75,0,2,98,2429,41.4,55.8
2023-01-22,401487165,UTEP Miners,Florida Atlantic Owls,59,67,0,2,2638,2226,30.8,42.6
2023-01-22,401488274,Maine Black Bears,Binghamton Bearcats,78,57,0,2,311,2066,47.6,43.8
2023-01-22,401488275,UMass Lowell River Hawks,Bryant Bulldogs,98,79,0,2,2349,2803,50.0,46.3
2023-01-22,401488277,Vermont Catamounts,NJIT Highlanders,85,69,0,2,261,2885,54.2,45.6
2023-01-22,401490176,Illinois State Redbirds,Valparaiso Beacons,51,71,0,2,2287,2674,33.9,57.4
2023-01-22,401490351,Arizona State Sun Devils,USC Trojans,69,77,0,2,9,30,38.5,49.1
2023-01-22,401490352,Stanford Cardinal,Oregon Ducks,71,64,0,2,24,2483,50.0,37.9
2023-01-22,401490353,Utah Utes,Washington Huskies,86,61,0,2,254,264,51.5,34.8
2023-01-22,401490354,California Golden Bears,Oregon State Beavers,48,68,0,2,25,204,37.5,54.0
2023-01-22,401490355,Colorado Buffaloes,Washington State Cougars,58,55,0,2,38,265,50.0,39.2
2023-01-22,401492150,Alabama State Hornets,Prairie View A&M Panthers,56,55,0,2,2011,2504,26.9,27.5
2023-01-22,401492234,Mississippi Valley State Delta Devils,Grambling Tigers,61,65,0,2,2400,2755,36.4,44.7
2023-01-22,401492708,Tulsa Golden Hurricane,Tulane Green Wave,81,79,0,2,202,2655,45.5,41.5
2023-01-22,401492709,Cincinnati Bearcats,Memphis Tigers,68,75,0,2,2132,235,40.0,48.1
2023-01-22,401492710,Houston Cougars,Temple Owls,55,56,0,2,248,218,33.9,31.1
2023-01-22,401492711,SMU Mustangs,Wichita State Shockers,69,71,0,2,2567,2724,38.3,44.9
2023-01-22,401496946,Lehigh Mountain Hawks,Lafayette Leopards,61,49,0,2,2329,322,42.0,30.5
2023-01-23,401523790,Northwestern Wildcats,Wisconsin Badgers,66,63,0,2,77,275,43.1,38.6
2023-01-24,401470028,Detroit Mercy Titans,Oakland Golden Grizzlies,67,76,0,2,2174,2473,38.8,44.0
2023-01-24,401482831,Nevada Wolf Pack,New Mexico Lobos,97,94,0,2,2440,167,48.0,54.0
2023-01-24,401484912,Rutgers Scarlet Knights,Penn State Nittany Lions,65,45,0,2,164,213,46.0,33.3
2023-01-24,401485486,Morgan State Bears,Norfolk State Spartans,77,71,0,2,2415,2450,44.8,36.8
2023-01-24,401487464,Hartford Hawks,Pennsylvania Quakers,52,76,0,2,42,219,41.5,50.0
2023-01-24,401488449,Virginia Tech Hokies,Duke Blue Devils,78,75,0,2,259,150,57.1,48.3
2023-01-24,401490455,Howard Bison,Coppin State Eagles,90,76,0,2,47,2154,47.7,42.9
2023-01-24,401490474,South Carolina State Bulldogs,Delaware State Hornets,85,88,0,2,2569,2169,46.8,53.7
2023-01-24,401491284,Boston University Terriers,Colgate Raiders,51,64,0,2,104,2142,27.7,50.0
2023-01-24,401492151,Alabama State Hornets,Texas Southern Tigers,65,71,0,2,2011,2640,39.3,41.0
2023-01-24,401492185,Alcorn State Braves,Bethune-Cookman Wildcats,76,68,0,2,2016,2065,43.9,44.4
2023-01-24,401492235,Arkansas-Pine Bluff Golden Lions,Grambling Tigers,70,77,0,2,2029,2755,38.9,54.2
2023-01-24,401492357,North Carolina Central Eagles,Maryland Eastern Shore Hawks,58,59,0,2,2428,2379,44.2,36.1
2023-01-24,401493410,Baylor Bears,Kansas Jayhawks,75,69,0,2,239,2305,37.1,46.2
2023-01-24,401493626,Coastal Carolina Chanticleers,Chicago State Cougars,70,74,0,2,324,2130,41.7,47.2
2023-01-24,401493727,Mississippi Valley State Delta Devils,Southern Jaguars,70,84,0,2,2400,2582,41.5,56.7
2023-01-24,401494475,Alabama A&M Bulldogs,Prairie View A&M Panthers,67,59,0,2,2010,2504,48.1,41.5
2023-01-24,401497894,Jackson State Tigers,Florida A&M Rattlers,59,58,0,2,2296,50,36.4,45.7
2023-01-24,401514971,Western Illinois Leathernecks,North Dakota Fighting Hawks,92,80,0,2,2710,155,66.0,51.6
2023-01-25,401473540,Ohio Bobcats,Western Michigan Broncos,88,76,0,2,195,2711,50.0,46.3
2023-01-25,401473541,Ball State Cardinals,Buffalo Bulls,65,91,0,2,2050,2084,40.0,59.7
2023-01-25,401473542,Akron Zips,Miami (OH) RedHawks,73,68,0,2,2006,193,43.4,52.2
2023-01-25,401473543,Central Michigan Chippewas,Bowling Green Falcons,61,83,0,2,2117,189,36.4,55.3
2023-01-25,401473544,Toledo Rockets,Eastern Michigan Eagles,84,79,0,2,2649,2199,42.6,54.4
2023-01-25,401480409,UNC Asheville Bulldogs,Presbyterian Blue Hose,88,80,0,2,2427,2506,47.5,45.9
2023-01-25,401482829,San José State Spartans,Air Force Falcons,82,52,0,2,23,2005,57.6,38.8
2023-01-25,401482830,Boise State Broncos,Fresno State Bulldogs,63,53,0,2,68,278,48.9,39.3
2023-01-25,401482833,UNLV Rebels,Wyoming Cowboys,86,72,0,2,2439,2751,53.7,40.7
2023-01-25,401484443,La Salle Explorers,Davidson Wildcats,57,64,0,2,2325,2166,33.9,41.8
2023-01-25,401484575,Ole Miss Rebels,Missouri Tigers,77,89,0,2,145,142,44.3,55.4
2023-01-25,401484576,Vanderbilt Commodores,Kentucky Wildcats,53,69,0,2,238,96,32.7,56.4
2023-01-25,401484577,Arkansas Razorbacks,LSU Tigers,60,40,0,2,8,99,45.1,25.9
2023-01-25,401484911,Illinois Fighting Illini,Ohio State Buckeyes,69,60,0,2,356,194,40.7,36.7
2023-01-25,401485233,Georgetown Hoyas,DePaul Blue Demons,81,76,0,2,46,305,44.6,49.2
2023-01-25,401485234,UConn Huskies,Xavier Musketeers,79,82,0,2,41,2752,41.0,53.4
2023-01-25,401488278,New Hampshire Wildcats,UAlbany Great Danes,84,65,0,2,160,399,52.5,40.7
2023-01-25,401488450,Florida State Seminoles,Miami Hurricanes,63,86,0,2,52,2390,41.3,56.4
2023-01-25,401488451,Clemson Tigers,Georgia Tech Yellow Jackets,72,51,0,2,228,59,52.9,34.4
2023-01-25,401488452,Syracuse Orange,North Carolina Tar Heels,68,72,0,2,183,153,50.0,44.8
2023-01-25,401488453,NC State Wolfpack,Notre Dame Fighting Irish,85,82,0,2,152,87,41.2,51.9
2023-01-25,401490180,Southern Illinois Salukis,Murray State Racers,68,64,0,2,79,93,46.8,41.1
2023-01-25,401490181,Drake Bulldogs,Indiana State Sycamores,70,68,0,2,2181,282,43.9,41.8
2023-01-25,401490182,Missouri State Bears,UIC Flames,63,59,0,2,2623,82,37.9,35.4
2023-01-25,401492525,Northern Illinois Huskies,Kent State Golden Flashes,86,76,0,2,2459,2309,51.9,52.8
2023-01-25,401492712,East Carolina Pirates,Tulsa Golden Hurricane,76,66,0,2,151,202,50.0,45.1
2023-01-25,401493411,TCU Horned Frogs,Oklahoma Sooners,79,52,0,2,2628,201,42.6,31.3
2023-01-25,401493412,Iowa State Cyclones,Kansas State Wildcats,80,76,0,2,66,2306,57.1,52.1
2023-01-25,401493413,Texas Longhorns,Oklahoma State Cowboys,89,75,0,2,251,197,50.9,42.6
2023-01-26,401469581,Bellarmine Knights,Eastern Kentucky Colonels,72,71,0,2,91,2198,51.9,40.7
2023-01-26,401470029,Purdue Fort Wayne Mastodons,IU Indianapolis Jaguars,81,75,0,2,2870,85,37.1,47.5
2023-01-26,401470320,App State Mountaineers,Georgia State Panthers,71,59,0,2,2026,2247,46.2,43.9
2023-01-26,401473467,Wagner Seahawks,St. Francis Brooklyn Terriers,56,65,0,2,2681,2597,41.2,44.4
2023-01-26,401479757,Furman Paladins,Samford Bulldogs,91,84,0,2,231,2535,40.0,54.2
2023-01-26,401479758,Mercer Bears,East Tennessee State Buccaneers,71,67,0,2,2382,2193,39.7,37.5
2023-01-26,401479759,UNC Greensboro Spartans,VMI Keydets,62,50,0,2,2430,2678,42.6,32.1
2023-01-26,401479760,Chattanooga Mocs,Wofford Terriers,80,85,0,2,236,2747,44.8,46.8
2023-01-26,401479761,Western Carolina Catamounts,The Citadel Bulldogs,70,81,0,2,2717,2643,44.1,52.7
2023-01-26,401480405,High Point Panthers,Campbell Fighting Camels,64,72,0,2,2272,2097,40.7,46.3
2023-01-26,401480406,Winthrop Eagles,Charleston Southern Buccaneers,76,64,0,2,2737,2127,50.0,49.0
2023-01-26,401480407,Gardner-Webb Runnin' Bulldogs,South Carolina Upstate Spartans,78,66,0,2,2241,2908,60.0,54.5
2023-01-26,401481098,UT Arlington Mavericks,California Baptist Lancers,66,74,0,2,250,2856,45.8,53.5
2023-01-26,401481099,Stephen F. Austin Lumberjacks,UT Rio Grande Valley Vaqueros,83,66,0,2,2617,292,45.0,38.5
2023-01-26,401482832,San Diego State Aztecs,Utah State Aggies,85,75,0,2,21,328,48.3,47.5
2023-01-26,401484444,Rhode Island Rams,Dayton Flyers,75,70,0,2,227,2168,46.0,50.0
2023-01-26,401484445,St. Bonaventure Bonnies,Fordham Rams,68,79,0,2,179,2230,38.3,43.4
2023-01-26,401484446,VCU Rams,George Mason Patriots,72,52,0,2,2670,2244,50.0,40.8
2023-01-26,401484447,Duquesne Dukes,Loyola Chicago Ramblers,72,58,0,2,2184,2350,43.1,45.1
2023-01-26,401484448,Massachusetts Minutemen,Richmond Spiders,85,76,0,2,113,257,43.1,38.6
2023-01-26,401484449,George Washington Revolutionaries,Saint Joseph's Hawks,92,91,0,2,45,2603,42.2,46.8
2023-01-26,401484578,Tennessee Volunteers,Georgia Bulldogs,70,41,0,2,2633,61,41.9,29.1
2023-01-26,401484579,Florida Gators,South Carolina Gamecocks,81,60,0,2,57,2579,47.0,36.7
2023-01-26,401484580,Alabama Crimson Tide,Mississippi State Bulldogs,66,63,0,2,333,344,36.8,46.4
2023-01-26,401484581,Auburn Tigers,Texas A&M Aggies,63,79,0,2,2,245,42.9,47.3
2023-01-26,401484913,Nebraska Cornhuskers,Northwestern Wildcats,63,78,0,2,158,77,47.2,51.8
2023-01-26,401484914,Maryland Terrapins,Wisconsin Badgers,73,55,0,2,120,275,56.0,39.6
2023-01-26,401484915,Minnesota Golden Gophers,Indiana Hoosiers,57,61,0,2,135,84,34.4,41.1
2023-01-26,401485235,Providence Friars,Butler Bulldogs,79,58,0,2,2507,2086,55.6,37.9
2023-01-26,401485236,Creighton Bluejays,St. John's Red Storm,104,76,0,2,156,2599,56.7,46.3
2023-01-26,401488132,Bucknell Bison,Navy Midshipmen,46,63,0,2,2083,2426,25.0,45.0
2023-01-26,401488279,NJIT Highlanders,UMBC Retrievers,69,65,0,2,2885,2378,45.0,44.4
2023-01-26,401488280,Maine Black Bears,UMass Lowell River Hawks,75,70,0,2,311,2349,53.1,40.7
2023-01-26,401488281,Binghamton Bearcats,Vermont Catamounts,55,80,0,2,2066,261,40.7,50.0
2023-01-26,401488454,Boston College Eagles,Louisville Cardinals,75,65,0,2,103,97,49.0,53.1
2023-01-26,401488455,Pittsburgh Panthers,Wake Forest Demon Deacons,81,79,0,2,221,154,48.3,50.9
2023-01-26,401490183,Bradley Braves,Illinois State Redbirds,79,75,0,2,71,2287,47.4,43.1
2023-01-26,401490184,Evansville Purple Aces,Belmont Bruins,64,73,0,2,339,2057,39.7,49.1
2023-01-26,401490185,Northern Iowa Panthers,Valparaiso Beacons,77,66,0,2,2460,2674,50.0,37.9
2023-01-26,401490536,American University Eagles,Army Black Knights,63,61,0,2,44,349,49.0,46.9
2023-01-26,401491252,Lafayette Leopards,Loyola Maryland Greyhounds,62,46,0,2,322,2352,45.8,32.7
2023-01-26,401491273,Holy Cross Crusaders,Lehigh Mountain Hawks,68,74,0,2,107,2329,47.4,49.2
2023-01-26,401492713,UCF Knights,Houston Cougars,71,82,0,2,2116,248,43.4,50.9
2023-01-26,401492714,Temple Owls,South Florida Bulls,79,76,0,2,218,58,45.2,45.5
2023-01-26,401492715,Wichita State Shockers,Tulane Green Wave,90,95,0,2,2724,2655,44.4,50.7
2023-01-26,401493414,Texas Tech Red Raiders,West Virginia Mountaineers,61,76,0,2,2641,277,38.9,37.3
2023-01-26,401493627,Stanford Cardinal,Chicago State Cougars,72,65,0,2,24,2130,43.8,40.0
2023-01-26,401499597,Hartford Hawks,Stonehill Skyhawks,73,56,0,2,42,284,55.4,41.2
2023-01-27,401469577,Liberty Flames,Stetson Hatters,74,45,0,2,2335,56,50.8,38.8
2023-01-27,401469578,North Alabama Lions,Jacksonville Dolphins,80,62,0,2,2453,294,51.9,44.9
2023-01-27,401469579,Queens University Royals,Florida Gulf Coast Eagles,84,82,0,2,2511,526,44.1,49.2
2023-01-27,401469580,Kennesaw State Owls,Austin Peay Governors,84,57,0,2,338,2046,45.6,34.0
2023-01-27,401469582,Central Arkansas Bears,North Florida Ospreys,88,85,0,2,2110,2454,41.0,40.3
2023-01-27,401469583,Jacksonville State Gamecocks,Lipscomb Bisons,72,67,0,2,55,288,50.9,44.2
2023-01-27,401469685,Eastern Washington Eagles,Idaho State Bengals,81,68,0,2,331,304,50.9,41.9
2023-01-27,401469686,Idaho Vandals,Weber State Wildcats,65,73,0,2,70,2692,42.9,56.5
2023-01-27,401469687,Sacramento State Hornets,Montana Grizzlies,67,48,0,2,16,149,51.9,39.6
2023-01-27,401469688,Portland State Vikings,Montana State Bobcats,66,75,0,2,2502,147,43.4,47.3
2023-01-27,401469786,Cal State Fullerton Titans,UC Irvine Anteaters,62,61,0,2,2239,300,35.4,45.8
2023-01-27,401469787,Hawai'i Rainbow Warriors,UC Santa Barbara Gauchos,64,65,0,2,62,2540,35.9,48.1
2023-01-27,401469788,Cal State Bakersfield Roadrunners,UC Davis Aggies,58,79,0,2,2934,302,47.8,63.4
2023-01-27,401469789,Cal State Northridge Matadors,UC San Diego Tritons,57,65,0,2,2463,28,33.3,44.2
2023-01-27,401469790,Cal Poly Mustangs,Long Beach State Beach,52,70,0,2,13,299,35.5,45.5
2023-01-27,401469908,Towson Tigers,Northeastern Huskies,72,63,0,2,119,111,39.3,38.6
2023-01-27,401469909,William & Mary Tribe,Stony Brook Seawolves,77,74,0,2,2729,2619,57.4,50.0
2023-01-27,401469910,Elon Phoenix,Hofstra Pride,65,82,0,2,2210,2275,40.6,55.9
2023-01-27,401469911,UNC Wilmington Seahawks,Monmouth Hawks,52,49,0,2,350,2405,39.1,35.6
2023-01-27,401469912,North Carolina A&T Aggies,Drexel Dragons,68,55,0,2,2448,2182,40.7,30.3
2023-01-27,401469913,Hampton Pirates,Delaware Blue Hens,67,66,0,2,2261,48,44.6,45.1
2023-01-27,401470030,Northern Kentucky Norse,Green Bay Phoenix,68,50,0,2,94,2739,46.3,44.2
2023-01-27,401470031,Wright State Raiders,Milwaukee Panthers,93,86,0,2,2750,270,44.6,43.1
2023-01-27,401470124,UT Martin Skyhawks,Lindenwood Lions,66,59,0,2,2630,2815,41.7,38.5
2023-01-27,401470125,Morehead State Eagles,Little Rock Trojans,76,72,0,2,2413,2031,54.5,47.5
2023-01-27,401470126,Southern Indiana Screaming Eagles,Eastern Illinois Panthers,78,74,0,2,88,2197,39.1,47.6
2023-01-27,401470127,Southeast Missouri State Redhawks,Tennessee State Tigers,92,75,0,2,2546,2634,48.4,49.2
2023-01-27,401470128,Tennessee Tech Golden Eagles,SIU Edwardsville Cougars,80,68,0,2,2635,2565,50.0,36.9
2023-01-27,401470219,Oral Roberts Golden Eagles,Denver Pioneers,102,61,0,2,198,2172,56.7,41.7
2023-01-27,401470220,Kansas City Roos,Omaha Mavericks,64,61,0,2,140,2437,37.3,34.0
2023-01-27,401470221,St. Thomas Tommies,South Dakota State Jackrabbits,60,54,0,2,2900,2571,37.0,40.7
2023-01-27,401470222,Western Illinois Leathernecks,South Dakota Coyotes,75,72,0,2,2710,233,51.8,46.8
2023-01-27,401470321,James Madison Dukes,Coastal Carolina Chanticleers,75,69,0,2,256,324,38.6,45.2
2023-01-27,401470322,Texas State Bobcats,Georgia Southern Eagles,70,67,0,2,326,290,50.9,45.6
2023-01-27,401470323,Marshall Thundering Herd,UL Monroe Warhawks,82,86,0,2,276,2433,41.9,39.4
2023-01-27,401470324,South Alabama Jaguars,Old Dominion Monarchs,64,66,0,2,6,295,40.7,49.0
2023-01-27,401470325,Southern Miss Golden Eagles,Arkansas State Red Wolves,73,57,0,2,2572,2032,45.3,41.5
2023-01-27,401470326,Louisiana Ragin' Cajuns,Troy Trojans,72,57,0,2,309,2653,48.3,40.4
2023-01-27,401470426,Pepperdine Waves,San Diego Toreros,78,87,0,2,2492,301,38.4,53.4
2023-01-27,401470427,Loyola Marymount Lions,Portland Pilots,79,60,0,2,2351,2501,53.6,40.0
2023-01-27,401473464,Fairleigh Dickinson Knights,Saint Francis Red Wolves,87,82,0,2,161,2598,47.8,52.5
2023-01-27,401473465,Central Connecticut Blue Devils,Merrimack Warriors,61,64,0,2,2115,2771,48.1,44.4
2023-01-27,401473466,Sacred Heart Pioneers,Long Island University Sharks,70,74,0,2,2529,112358,45.3,45.8
2023-01-27,401480408,Radford Highlanders,Longwood Lancers,63,59,0,2,2515,2344,45.6,43.1
2023-01-27,401481100,Southern Utah Thunderbirds,Utah Valley Wolverines,79,67,0,2,253,3084,43.3,47.5
2023-01-27,401481101,Abilene Christian Wildcats,Grand Canyon Lopes,73,75,0,2,2000,2253,47.5,51.1
2023-01-27,401481102,Tarleton State Texans,Utah Tech Trailblazers,74,72,0,2,2627,3101,49.2,37.5
2023-01-27,401481103,Sam Houston Bearkats,Seattle U Redhawks,55,40,0,2,2534,2547,47.8,18.0
2023-01-27,401484916,Michigan State Spartans,Iowa Hawkeyes,63,61,0,2,127,2294,38.7,45.6
2023-01-27,401484917,Michigan Wolverines,Purdue Boilermakers,70,75,0,2,130,2509,44.1,54.0
2023-01-27,401485407,Lamar Cardinals,East Texas A&M Lions,57,62,0,2,2320,2837,44.7,47.6
2023-01-27,401485408,Northwestern State Demons,Houston Christian Huskies,82,63,0,2,2466,2277,44.6,36.0
2023-01-27,401485409,SE Louisiana Lions,LSU New Orleans Privateers,92,87,0,2,2545,2443,51.6,55.7
2023-01-27,401485410,Texas A&M-Corpus Christi Islanders,Nicholls Colonels,96,86,0,2,357,2447,54.9,53.6
2023-01-27,401485455,Incarnate Word Cardinals,McNeese Cowboys,70,65,0,2,2916,2377,49.0,40.6
2023-01-27,401487005,Mount St. Mary's Mountaineers,Fairfield Stags,60,63,0,2,116,2217,44.7,40.0
2023-01-27,401487092,Rice Owls,Charlotte 49ers,65,63,0,2,242,2429,46.9,46.6
2023-01-27,401487145,UAB Blazers,Louisiana Tech Bulldogs,65,59,0,2,5,2348,41.5,33.9
2023-01-27,401487312,North Texas Mean Green,UTSA Roadrunners,63,59,0,2,249,2636,50.0,44.4
2023-01-27,401489726,Florida Atlantic Owls,Middle Tennessee Blue Raiders,85,67,0,2,2226,2393,53.4,43.5
2023-01-27,401490356,Oregon Ducks,Colorado Buffaloes,75,69,0,2,2483,38,49.1,36.9
2023-01-27,401490357,Oregon State Beavers,Utah Utes,44,63,0,2,204,254,34.0,41.5
2023-01-27,401490358,USC Trojans,UCLA Bruins,77,64,0,2,30,26,49.0,35.7
2023-01-27,401490359,Washington Huskies,Arizona State Sun Devils,69,66,0,2,264,9,39.3,30.7
2023-01-27,401490360,Washington State Cougars,Arizona Wildcats,58,63,0,2,265,12,32.8,44.8
2023-01-27,401492642,Florida International Panthers,Western Kentucky Hilltoppers,78,69,0,2,2229,98,52.5,42.4
2023-01-27,401492716,Memphis Tigers,SMU Mustangs,99,84,0,2,235,2567,54.0,36.6
2023-01-28,401469584,North Alabama Lions,North Florida Ospreys,91,78,0,2,2453,2454,57.6,46.4
2023-01-28,401469585,Jacksonville State Gamecocks,Austin Peay Governors,70,53,0,2,55,2046,51.2,37.0
2023-01-28,401469587,Central Arkansas Bears,Jacksonville Dolphins,64,74,0,2,2110,294,37.0,50.9
2023-01-28,401469588,Kennesaw State Owls,Lipscomb Bisons,85,72,0,2,338,288,48.2,47.2
2023-01-28,401469590,Queens University Royals,Stetson Hatters,71,65,0,2,2511,56,42.1,39.7
2023-01-28,401469689,Eastern Washington Eagles,Weber State Wildcats,75,71,0,2,331,2692,51.9,49.0
2023-01-28,401469690,Idaho Vandals,Idaho State Bengals,91,95,0,2,70,304,50.9,56.3
2023-01-28,401469693,Northern Arizona Lumberjacks,Northern Colorado Bears,83,73,0,2,2464,2458,50.9,42.2
2023-01-28,401469792,Long Beach State Beach,UC Davis Aggies,75,72,0,2,299,302,43.1,39.7
2023-01-28,401469793,UC Riverside Highlanders,UC San Diego Tritons,72,65,0,2,27,28,50.9,45.3
2023-01-28,401469914,Delaware Blue Hens,Northeastern Huskies,81,78,0,2,48,111,48.1,45.0
2023-01-28,401469915,Hampton Pirates,Stony Brook Seawolves,66,71,0,2,2261,2619,35.2,47.2
2023-01-28,401469916,Charleston Cougars,Hofstra Pride,81,85,0,2,232,2275,41.3,50.0
2023-01-28,401469917,North Carolina A&T Aggies,Monmouth Hawks,64,79,0,2,2448,2405,37.0,52.8
2023-01-28,401469918,Elon Phoenix,Drexel Dragons,72,58,0,2,2210,2182,56.3,40.0
2023-01-28,401469919,Towson Tigers,William & Mary Tribe,92,73,0,2,119,2729,52.1,49.1
2023-01-28,401470032,Cleveland State Vikings,Purdue Fort Wayne Mastodons,79,74,0,2,325,2870,58.2,45.3
2023-01-28,401470033,Robert Morris Colonials,Detroit Mercy Titans,85,77,0,2,2523,2174,52.6,46.8
2023-01-28,401470034,Youngstown State Penguins,Oakland Golden Grizzlies,77,73,0,2,2754,2473,52.8,52.0
2023-01-28,401470035,Northern Kentucky Norse,Milwaukee Panthers,74,75,0,2,94,270,38.6,43.1
2023-01-28,401470129,Tennessee State Tigers,Lindenwood Lions,83,66,0,2,2634,2815,51.8,42.4
2023-01-28,401470130,Tennessee Tech Golden Eagles,Little Rock Trojans,89,91,0,2,2635,2031,53.6,52.3
2023-01-28,401470131,Eastern Illinois Panthers,Southeast Missouri State Redhawks,68,79,0,2,2197,2546,40.7,47.3
2023-01-28,401470132,Morehead State Eagles,SIU Edwardsville Cougars,55,50,0,2,2413,2565,37.7,32.2
2023-01-28,401470133,UT Martin Skyhawks,Southern Indiana Screaming Eagles,86,83,0,2,2630,88,46.2,36.5
2023-01-28,401470223,North Dakota State Bison,North Dakota Fighting Hawks,91,75,0,2,2449,155,55.4,40.0
2023-01-28,401470227,Western Illinois Leathernecks,South Dakota State Jackrabbits,81,73,0,2,2710,2571,50.8,43.3
2023-01-28,401470327,App State Mountaineers,Arkansas State Red Wolves,63,51,0,2,2026,2032,46.8,37.7
2023-01-28,401470328,Coastal Carolina Chanticleers,Old Dominion Monarchs,59,60,0,2,324,295,31.0,33.3
2023-01-28,401470331,James Madison Dukes,UL Monroe Warhawks,58,45,0,2,256,2433,40.7,38.0
2023-01-28,401470332,Southern Miss Golden Eagles,Texas State Bobcats,67,58,0,2,2572,326,41.3,34.5
2023-01-28,401470333,South Alabama Jaguars,Troy Trojans,77,60,0,2,6,2653,52.6,41.7
2023-01-28,401470432,Santa Clara Broncos,Pacific Tigers,89,95,0,2,2541,279,51.6,53.2
2023-01-28,401473468,Stonehill Skyhawks,Sacred Heart Pioneers,82,81,0,2,284,2529,59.6,47.0
2023-01-28,401473470,Central Connecticut Blue Devils,Saint Francis Red Wolves,88,74,0,2,2115,2598,49.2,40.3
2023-01-28,401473471,Merrimack Warriors,Fairleigh Dickinson Knights,71,78,0,2,2771,161,53.7,53.7
2023-01-28,401473546,Northern Illinois Huskies,Ball State Cardinals,69,87,0,2,2459,2050,46.9,46.3
2023-01-28,401473547,Miami (OH) RedHawks,Eastern Michigan Eagles,69,74,0,2,193,2199,43.6,45.6
2023-01-28,401473548,Akron Zips,Ohio Bobcats,83,77,0,2,2006,195,56.0,51.8
2023-01-28,401473549,Kent State Golden Flashes,Buffalo Bulls,74,68,0,2,2309,2084,41.5,33.3
2023-01-28,401473550,Toledo Rockets,Bowling Green Falcons,91,77,0,2,2649,189,53.0,50.8
2023-01-28,401479702,Baylor Bears,Arkansas Razorbacks,67,64,0,2,239,8,33.9,50.9
2023-01-28,401479703,Missouri Tigers,Iowa State Cyclones,78,61,0,2,142,66,49.1,44.8
2023-01-28,401479705,Kansas State Wildcats,Florida Gators,64,50,0,2,2306,57,37.7,31.0
2023-01-28,401479706,Oklahoma Sooners,Alabama Crimson Tide,93,69,0,2,201,333,57.6,37.9
2023-01-28,401479708,Mississippi State Bulldogs,TCU Horned Frogs,81,74,0,2,344,2628,50.0,39.7
2023-01-28,401479709,Tennessee Volunteers,Texas Longhorns,82,71,0,2,2633,251,55.6,44.1
2023-01-28,401479710,LSU Tigers,Texas Tech Red Raiders,68,76,0,2,99,2641,37.3,46.3
2023-01-28,401479711,West Virginia Mountaineers,Auburn Tigers,80,77,0,2,277,2,46.3,49.2
2023-01-28,401479762,The Citadel Bulldogs,Mercer Bears,65,74,0,2,2643,2382,42.9,48.1
2023-01-28,401479763,East Tennessee State Buccaneers,Chattanooga Mocs,64,73,0,2,2193,236,35.0,41.8
2023-01-28,401479764,Wofford Terriers,Samford Bulldogs,85,77,0,2,2747,2535,53.3,41.5
2023-01-28,401479765,VMI Keydets,Western Carolina Catamounts,65,71,0,2,2678,2717,45.8,43.9
2023-01-28,401480410,Campbell Fighting Camels,UNC Asheville Bulldogs,65,78,0,2,2097,2427,44.9,51.9
2023-01-28,401480411,Longwood Lancers,Charleston Southern Buccaneers,63,75,0,2,2344,2127,39.6,44.9
2023-01-28,401480412,Gardner-Webb Runnin' Bulldogs,High Point Panthers,86,58,0,2,2241,2272,53.8,52.4
2023-01-28,401480413,Presbyterian Blue Hose,Winthrop Eagles,58,76,0,2,2506,2737,39.6,57.8
2023-01-28,401480414,South Carolina Upstate Spartans,Radford Highlanders,52,55,0,2,2908,2515,40.8,37.0
2023-01-28,401481104,Utah Valley Wolverines,New Mexico State Aggies,77,72,0,2,3084,166,46.7,41.5
2023-01-28,401481107,Stephen F. Austin Lumberjacks,Seattle U Redhawks,79,65,0,2,2617,2547,53.4,37.1
2023-01-28,401482834,New Mexico Lobos,Air Force Falcons,81,73,0,2,167,2005,52.8,47.3
2023-01-28,401484450,Davidson Wildcats,Saint Louis Billikens,70,74,0,2,2166,139,39.4,52.8
2023-01-28,401484451,Massachusetts Minutemen,Duquesne Dukes,87,79,0,2,113,2184,39.1,41.4
2023-01-28,401484452,Fordham Rams,George Washington Revolutionaries,85,70,0,2,2230,45,46.9,46.4
2023-01-28,401484453,Rhode Island Rams,La Salle Explorers,72,70,0,2,227,2325,44.3,40.4
2023-01-28,401484454,Dayton Flyers,Richmond Spiders,86,60,0,2,2168,257,56.7,43.3
2023-01-28,401484455,VCU Rams,St. Bonaventure Bonnies,58,61,0,2,2670,179,45.1,39.6
2023-01-28,401484582,Georgia Bulldogs,South Carolina Gamecocks,81,78,0,2,61,2579,46.4,41.2
2023-01-28,401484918,Wisconsin Badgers,Illinois Fighting Illini,51,61,0,2,275,356,33.3,43.1
2023-01-28,401484919,Maryland Terrapins,Nebraska Cornhuskers,82,63,0,2,120,158,44.6,53.3
2023-01-28,401484920,Northwestern Wildcats,Minnesota Golden Gophers,81,61,0,2,77,135,51.7,45.5
2023-01-28,401485237,Creighton Bluejays,Xavier Musketeers,84,67,0,2,156,2752,56.7,48.4
2023-01-28,401485238,DePaul Blue Demons,Marquette Golden Eagles,69,89,0,2,305,269,44.6,54.0
2023-01-28,401485239,Butler Bulldogs,Seton Hall Pirates,49,70,0,2,2086,2550,37.3,47.5
2023-01-28,401485411,Incarnate Word Cardinals,Nicholls Colonels,69,67,0,2,2916,2447,41.2,50.9
2023-01-28,401485412,LSU New Orleans Privateers,SE Louisiana Lions,64,80,0,2,2443,2545,47.2,50.0
2023-01-28,401485413,Northwestern State Demons,Lamar Cardinals,80,65,0,2,2466,2320,57.9,44.4
2023-01-28,401485414,Texas A&M-Corpus Christi Islanders,McNeese Cowboys,83,72,0,2,357,2377,49.0,49.2
2023-01-28,401485415,East Texas A&M Lions,Houston Christian Huskies,77,76,0,2,2837,2277,41.7,44.2
2023-01-28,401485487,Norfolk State Spartans,South Carolina State Bulldogs,82,68,0,2,2450,2569,53.4,40.7
2023-01-28,401487006,Marist Red Foxes,Rider Broncs,52,68,0,2,2368,2520,32.8,53.7
2023-01-28,401487007,Niagara Purple Eagles,Manhattan Jaspers,68,62,0,2,315,2363,56.8,44.0
2023-01-28,401487008,Siena Saints,Iona Gaels,70,53,0,2,2561,314,47.3,37.7
2023-01-28,401487009,Mount St. Mary's Mountaineers,Saint Peter's Peacocks,62,73,0,2,116,2612,40.8,52.3
2023-01-28,401487121,Rice Owls,UAB Blazers,52,70,0,2,242,5,33.3,43.1
2023-01-28,401487166,North Texas Mean Green,UTEP Miners,52,42,0,2,249,2638,43.2,37.2
2023-01-28,401487313,UTSA Roadrunners,Louisiana Tech Bulldogs,55,66,0,2,2636,2348,32.3,47.3
2023-01-28,401487344,Cornell Big Red,Brown Bears,80,73,0,2,172,225,47.1,38.0
2023-01-28,401487382,Dartmouth Big Green,Columbia Lions,83,73,0,2,159,171,57.7,45.3
2023-01-28,401487443,Pennsylvania Quakers,Harvard Crimson,83,68,0,2,219,108,45.9,35.5
2023-01-28,401488133,Navy Midshipmen,American University Eagles,69,73,0,2,2426,44,51.0,60.9
2023-01-28,401488282,Binghamton Bearcats,Bryant Bulldogs,84,67,0,2,2066,2803,53.1,39.3
2023-01-28,401488284,Vermont Catamounts,UMBC Retrievers,74,68,0,2,261,2378,47.4,43.5
2023-01-28,401488285,New Hampshire Wildcats,UMass Lowell River Hawks,69,65,0,2,160,2349,40.7,37.9
2023-01-28,401488456,Virginia Cavaliers,Boston College Eagles,76,57,0,2,258,103,50.8,40.8
2023-01-28,401488457,Florida State Seminoles,Clemson Tigers,81,82,0,2,52,228,43.5,47.2
2023-01-28,401488458,Georgia Tech Yellow Jackets,Duke Blue Devils,43,86,0,2,59,150,30.9,55.7
2023-01-28,401488459,Notre Dame Fighting Irish,Louisville Cardinals,76,62,0,2,87,97,45.3,46.3
2023-01-28,401488460,Pittsburgh Panthers,Miami Hurricanes,71,68,0,2,221,2390,40.0,49.1
2023-01-28,401488461,Wake Forest Demon Deacons,NC State Wolfpack,77,79,0,2,154,152,43.3,46.4
2023-01-28,401489727,Florida Atlantic Owls,Western Kentucky Hilltoppers,70,63,0,2,2226,98,37.1,36.5
2023-01-28,401490187,Indiana State Sycamores,Northern Iowa Panthers,79,71,0,2,282,2460,47.1,50.9
2023-01-28,401490188,Murray State Racers,Missouri State Bears,74,71,0,2,93,2623,47.1,45.2
2023-01-28,401490364,Washington Huskies,Arizona Wildcats,72,95,0,2,264,12,43.5,52.3
2023-01-28,401490456,Maryland Eastern Shore Hawks,Coppin State Eagles,94,75,0,2,2379,2154,52.5,44.4
2023-01-28,401490475,Delaware State Hornets,Morgan State Bears,64,62,0,2,2169,2415,44.4,39.6
2023-01-28,401490557,Army Black Knights,Holy Cross Crusaders,66,55,0,2,349,107,41.7,43.1
2023-01-28,401491253,Loyola Maryland Greyhounds,Bucknell Bison,80,66,0,2,2352,2083,52.9,42.4
2023-01-28,401491285,Colgate Raiders,Lafayette Leopards,69,57,0,2,2142,322,44.6,39.3
2023-01-28,401492152,Bethune-Cookman Wildcats,Alabama State Hornets,64,62,0,2,2065,2011,39.3,42.1
2023-01-28,401492186,Southern Jaguars,Alcorn State Braves,80,68,0,2,2582,2016,54.7,39.7
2023-01-28,401492236,Grambling Tigers,Jackson State Tigers,78,66,0,2,2755,2296,48.3,46.3
2023-01-28,401492717,UCF Knights,Temple Owls,70,77,0,2,2116,218,39.7,45.6
2023-01-28,401492718,Houston Cougars,Cincinnati Bearcats,75,69,0,2,248,2132,56.6,44.3
2023-01-28,401493628,Chicago State Cougars,Aurora Spartans,101,66,0,2,2130,2044,54.4,42.2
2023-01-28,401493728,Arkansas-Pine Bluff Golden Lions,Mississippi Valley State Delta Devils,88,72,0,2,2029,2400,47.7,43.8
2023-01-28,401494476,Florida A&M Rattlers,Alabama A&M Bulldogs,56,61,0,2,50,2010,33.3,44.9
2023-01-28,401494602,Texas Southern Tigers,Prairie View A&M Panthers,74,89,0,2,2640,2504,36.8,44.8
2023-01-28,401496944,Howard Bison,North Carolina Central Eagles,71,67,0,2,47,2428,52.0,54.2
2023-01-29,401469586,Eastern Kentucky Colonels,Bellarmine Knights,73,63,0,2,2198,91,50.0,44.6
2023-01-29,401469589,Liberty Flames,Florida Gulf Coast Eagles,74,57,0,2,2335,526,51.6,42.9
2023-01-29,401469691,Portland State Vikings,Montana Grizzlies,67,73,0,2,2502,149,44.3,52.0
2023-01-29,401469692,Sacramento State Hornets,Montana State Bobcats,65,72,0,2,16,147,49.0,44.9
2023-01-29,401469791,Cal Poly Mustangs,Cal State Fullerton Titans,36,65,0,2,13,2239,29.2,48.8
2023-01-29,401469794,Hawai'i Rainbow Warriors,Cal State Bakersfield Roadrunners,72,69,0,2,62,2934,47.7,46.0
2023-01-29,401469795,UC Irvine Anteaters,Cal State Northridge Matadors,81,56,0,2,300,2463,50.0,31.0
2023-01-29,401470036,Wright State Raiders,Green Bay Phoenix,77,46,0,2,2750,2739,55.6,29.6
2023-01-29,401470037,Cleveland State Vikings,IU Indianapolis Jaguars,78,72,0,2,325,85,53.2,47.2
2023-01-29,401470038,Robert Morris Colonials,Oakland Golden Grizzlies,68,63,0,2,2523,2473,44.8,42.6
2023-01-29,401470039,Youngstown State Penguins,Detroit Mercy Titans,73,63,0,2,2754,2174,45.0,39.0
2023-01-29,401470224,Kansas City Roos,Denver Pioneers,70,60,0,2,140,2172,40.0,34.8
2023-01-29,401470225,Oral Roberts Golden Eagles,Omaha Mavericks,73,64,0,2,198,2437,40.3,39.7
2023-01-29,401470226,St. Thomas Tommies,South Dakota Coyotes,67,81,0,2,2900,233,39.3,55.8
2023-01-29,401470329,Marshall Thundering Herd,Georgia State Panthers,103,65,0,2,276,2247,56.3,32.8
2023-01-29,401470330,Louisiana Ragin' Cajuns,Georgia Southern Eagles,94,87,0,2,309,290,41.5,56.3
2023-01-29,401470428,BYU Cougars,Saint Mary's Gaels,56,57,0,2,252,2608,42.3,43.1
2023-01-29,401470429,San Diego Toreros,San Francisco Dons,81,94,0,2,301,2539,45.6,61.8
2023-01-29,401470430,Portland Pilots,Gonzaga Bulldogs,67,82,0,2,2501,2250,47.9,51.8
2023-01-29,401470431,Loyola Marymount Lions,Pepperdine Waves,84,70,0,2,2351,2492,49.1,38.3
2023-01-29,401473469,St. Francis Brooklyn Terriers,Long Island University Sharks,71,59,0,2,2597,112358,34.8,40.8
2023-01-29,401473545,Central Michigan Chippewas,Western Michigan Broncos,70,69,0,2,2117,2711,44.1,41.2
2023-01-29,401479704,Kentucky Wildcats,Kansas Jayhawks,68,77,0,2,96,2305,49.0,49.2
2023-01-29,401479707,Oklahoma State Cowboys,Ole Miss Rebels,82,60,0,2,197,145,52.9,35.9
2023-01-29,401479766,UNC Greensboro Spartans,Furman Paladins,57,69,0,2,2430,231,43.4,48.9
2023-01-29,401481105,Abilene Christian Wildcats,Utah Tech Trailblazers,81,76,0,2,2000,3101,47.4,51.0
2023-01-29,401481106,Tarleton State Texans,Grand Canyon Lopes,81,62,0,2,2627,2253,61.5,42.9
2023-01-29,401481108,UT Rio Grande Valley Vaqueros,California Baptist Lancers,64,58,0,2,292,2856,39.3,37.5
2023-01-29,401482835,Boise State Broncos,Colorado State Rams,80,59,0,2,68,36,59.2,41.1
2023-01-29,401482836,UNLV Rebels,Nevada Wolf Pack,68,62,0,2,2439,2440,42.9,36.4
2023-01-29,401482837,San Diego State Aztecs,San José State Spartans,72,51,0,2,21,23,46.6,34.7
2023-01-29,401482838,Fresno State Bulldogs,Utah State Aggies,53,70,0,2,278,328,34.5,46.0
2023-01-29,401484456,George Mason Patriots,Saint Joseph's Hawks,76,79,0,2,2244,2603,39.4,50.0
2023-01-29,401484583,Texas A&M Aggies,Vanderbilt Commodores,72,66,0,2,245,238,44.9,39.7
2023-01-29,401484921,Indiana Hoosiers,Ohio State Buckeyes,86,70,0,2,84,194,50.0,44.1
2023-01-29,401484922,Iowa Hawkeyes,Rutgers Scarlet Knights,93,82,0,2,2294,164,43.3,50.8
2023-01-29,401484923,Penn State Nittany Lions,Michigan Wolverines,83,61,0,2,213,130,54.4,42.4
2023-01-29,401484924,Purdue Boilermakers,Michigan State Spartans,77,61,0,2,2509,127,50.0,47.9
2023-01-29,401485240,St. John's Red Storm,Georgetown Hoyas,75,73,0,2,2599,46,41.4,43.8
2023-01-29,401485241,Villanova Wildcats,Providence Friars,65,70,0,2,222,2507,42.9,50.0
2023-01-29,401487010,Canisius Golden Griffins,Manhattan Jaspers,74,81,0,2,2099,2363,42.9,50.0
2023-01-29,401487011,Fairfield Stags,Rider Broncs,69,78,0,2,2217,2520,41.1,46.9
2023-01-29,401487012,Iona Gaels,Quinnipiac Bobcats,78,72,0,2,314,2514,38.9,35.0
2023-01-29,401487013,Marist Red Foxes,Siena Saints,55,70,0,2,2368,2561,37.7,41.7
2023-01-29,401487481,Yale Bulldogs,Princeton Tigers,87,65,0,2,43,163,59.3,41.9
2023-01-29,401488283,UAlbany Great Danes,Maine Black Bears,68,72,0,2,399,311,52.0,50.9
2023-01-29,401488462,Virginia Tech Hokies,Syracuse Orange,85,70,0,2,259,183,53.3,46.9
2023-01-29,401489763,Florida International Panthers,Middle Tennessee Blue Raiders,82,74,0,2,2229,2393,49.1,48.1
2023-01-29,401490186,Valparaiso Beacons,Evansville Purple Aces,81,69,0,2,2674,339,50.9,43.3
2023-01-29,401490189,UIC Flames,Bradley Braves,76,83,0,2,82,71,48.1,49.1
2023-01-29,401490190,Belmont Bruins,Drake Bulldogs,61,79,0,2,2057,2181,41.5,55.0
2023-01-29,401490191,Illinois State Redbirds,Southern Illinois Salukis,72,66,0,2,2287,79,46.8,47.3
2023-01-29,401490361,Oregon Ducks,Utah Utes,68,56,0,2,2483,254,46.6,28.1
2023-01-29,401490362,Oregon State Beavers,Colorado Buffaloes,60,52,0,2,204,38,38.3,35.0
2023-01-29,401490363,Stanford Cardinal,California Golden Bears,75,46,0,2,24,25,46.7,30.4
2023-01-29,401490365,Washington State Cougars,Arizona State Sun Devils,75,58,0,2,265,9,36.9,33.9
2023-01-29,401492250,Lehigh Mountain Hawks,Boston University Terriers,66,55,0,2,2329,104,36.5,34.1
2023-01-29,401492719,East Carolina Pirates,Wichita State Shockers,72,85,0,2,151,2724,37.3,50.9
2023-01-29,401492720,SMU Mustangs,South Florida Bulls,82,80,0,2,2567,58,50.9,46.2
2023-01-29,401492721,Tulsa Golden Hurricane,Memphis Tigers,68,80,0,2,202,235,43.3,49.2
2023-01-31,401484586,South Carolina Gamecocks,Mississippi State Bulldogs,51,66,0,2,2579,344,34.0,52.9
2023-01-31,401485488,Norfolk State Spartans,North Carolina Central Eagles,77,71,0,2,2450,2428,46.8,39.7
2023-01-31,401488463,Syracuse Orange,Virginia Cavaliers,62,67,0,2,183,258,50.0,46.0
2023-01-31,401490457,Coppin State Eagles,Delaware State Hornets,66,71,0,2,2154,2169,38.2,38.5
2023-01-31,401491254,Colgate Raiders,Loyola Maryland Greyhounds,76,63,0,2,2142,2352,57.4,42.1
2023-01-31,401492153,Florida A&M Rattlers,Alabama State Hornets,69,58,0,2,50,2011,43.4,35.0
2023-01-31,401492187,Grambling Tigers,Alcorn State Braves,60,63,0,2,2755,2016,51.2,49.0
2023-01-31,401492214,Bethune-Cookman Wildcats,Alabama A&M Bulldogs,88,77,0,2,2065,2010,53.6,42.9
2023-01-31,401492358,Morgan State Bears,Maryland Eastern Shore Hawks,58,72,0,2,2415,2379,36.8,45.8
2023-01-31,401493415,Texas Longhorns,Baylor Bears,76,71,0,2,251,239,47.3,36.8
2023-01-31,401493416,Texas Tech Red Raiders,Iowa State Cyclones,80,77,0,2,2641,66,40.0,47.5
2023-01-31,401493629,The Citadel Bulldogs,Chicago State Cougars,75,76,0,2,2643,2130,51.8,50.0
2023-01-31,401493843,Southern Jaguars,Jackson State Tigers,73,62,0,2,2582,2296,50.0,35.4
2023-01-31,401496883,Howard Bison,South Carolina State Bulldogs,100,74,0,2,47,2569,61.8,42.2
2023-01-31,401514034,Oral Roberts Golden Eagles,South Dakota Coyotes,103,53,0,2,198,233,55.2,32.1
2023-01-31,401517291,Kansas City Roos,South Dakota State Jackrabbits,66,67,0,2,140,2571,43.3,51.1
2023-02-01,401473551,Western Michigan Broncos,Northern Illinois Huskies,59,73,0,2,2711,2459,31.3,43.9
2023-02-01,401473552,Buffalo Bulls,Akron Zips,64,81,0,2,2084,2006,42.1,55.4
2023-02-01,401473553,Bowling Green Falcons,Ball State Cardinals,60,69,0,2,189,2050,41.1,50.0
2023-02-01,401473554,Miami (OH) RedHawks,Toledo Rockets,78,81,0,2,193,2649,53.4,51.6
2023-02-01,401473555,Kent State Golden Flashes,Central Michigan Chippewas,81,69,0,2,2309,2117,46.4,44.6
2023-02-01,401473556,Eastern Michigan Eagles,Ohio Bobcats,90,79,0,2,2199,195,57.7,44.8
2023-02-01,401482839,Air Force Falcons,Boise State Broncos,52,59,0,2,2005,68,39.2,43.1
2023-02-01,401482840,Wyoming Cowboys,Fresno State Bulldogs,85,62,0,2,2751,278,50.9,37.9
2023-02-01,401482842,Nevada Wolf Pack,San Diego State Aztecs,75,66,0,2,2440,21,50.0,43.8
2023-02-01,401482843,Colorado State Rams,UNLV Rebels,71,83,0,2,36,2439,44.0,47.5
2023-02-01,401484457,Fordham Rams,Saint Louis Billikens,75,65,0,2,2230,139,41.7,42.1
2023-02-01,401484458,Davidson Wildcats,VCU Rams,59,61,0,2,2166,2670,43.8,40.3
2023-02-01,401484459,Dayton Flyers,Loyola Chicago Ramblers,85,81,0,2,2168,2350,48.1,49.2
2023-02-01,401484584,Ole Miss Rebels,Kentucky Wildcats,66,75,0,2,145,96,44.3,48.1
2023-02-01,401484585,Alabama Crimson Tide,Vanderbilt Commodores,101,44,0,2,333,238,59.0,25.0
2023-02-01,401484587,Arkansas Razorbacks,Texas A&M Aggies,81,70,0,2,8,245,50.0,34.2
2023-02-01,401484925,Illinois Fighting Illini,Nebraska Cornhuskers,72,56,0,2,356,158,41.7,40.0
2023-02-01,401484926,Maryland Terrapins,Indiana Hoosiers,66,55,0,2,120,84,34.0,37.5
2023-02-01,401484928,Purdue Boilermakers,Penn State Nittany Lions,80,60,0,2,2509,213,50.9,43.4
2023-02-01,401485242,DePaul Blue Demons,UConn Huskies,76,90,0,2,305,41,44.6,50.9
2023-02-01,401485243,Georgetown Hoyas,Creighton Bluejays,53,63,0,2,46,156,35.4,38.3
2023-02-01,401485244,Xavier Musketeers,Providence Friars,85,83,0,2,2752,2507,46.4,43.5
2023-02-01,401487014,Quinnipiac Bobcats,Marist Red Foxes,72,66,0,2,2514,2368,50.9,45.0
2023-02-01,401488286,UMass Lowell River Hawks,UAlbany Great Danes,66,50,0,2,2349,399,41.1,31.5
2023-02-01,401488464,Boston College Eagles,Clemson Tigers,62,54,0,2,103,228,40.0,30.8
2023-02-01,401488465,Duke Blue Devils,Wake Forest Demon Deacons,75,73,0,2,150,154,50.0,37.5
2023-02-01,401488467,Miami Hurricanes,Virginia Tech Hokies,92,83,0,2,2390,259,58.3,56.9
2023-02-01,401493417,Kansas Jayhawks,Kansas State Wildcats,90,78,0,2,2305,2306,40.3,33.9
2023-02-01,401493418,TCU Horned Frogs,West Virginia Mountaineers,76,72,0,2,2628,277,51.7,43.9
2023-02-01,401522876,Iowa Hawkeyes,Northwestern Wildcats,86,70,0,2,2294,77,55.8,46.6
2023-02-02,401470042,IU Indianapolis Jaguars,Milwaukee Panthers,69,72,0,2,85,270,48.1,37.7
2023-02-02,401470334,App State Mountaineers,Marshall Thundering Herd,58,66,0,2,2026,276,39.3,35.5
2023-02-02,401473472,St. Francis Brooklyn Terriers,Central Connecticut Blue Devils,53,48,0,2,2597,2115,39.7,34.5
2023-02-02,401473473,Merrimack Warriors,Long Island University Sharks,76,59,0,2,2771,112358,50.0,42.4
2023-02-02,401479767,East Tennessee State Buccaneers,Wofford Terriers,77,52,0,2,2193,2747,61.5,42.6
2023-02-02,401479768,Furman Paladins,Chattanooga Mocs,79,58,0,2,231,236,41.3,33.3
2023-02-02,401479769,Western Carolina Catamounts,Samford Bulldogs,77,85,0,2,2717,2535,45.6,52.7
2023-02-02,401480415,Campbell Fighting Camels,South Carolina Upstate Spartans,78,66,0,2,2097,2908,59.5,46.2
2023-02-02,401480416,Charleston Southern Buccaneers,Gardner-Webb Runnin' Bulldogs,59,67,0,2,2127,2241,37.7,48.0
2023-02-02,401480418,Winthrop Eagles,Longwood Lancers,76,74,0,2,2737,2344,50.0,46.6
2023-02-02,401480419,Presbyterian Blue Hose,Radford Highlanders,59,67,0,2,2506,2515,46.0,55.6
2023-02-02,401481109,Seattle U Redhawks,Abilene Christian Wildcats,68,83,0,2,2547,2000,41.5,50.7
2023-02-02,401481110,California Baptist Lancers,Southern Utah Thunderbirds,71,72,0,2,2856,253,42.9,50.0
2023-02-02,401481112,UT Rio Grande Valley Vaqueros,Sam Houston Bearkats,65,67,0,2,292,2534,46.9,54.0
2023-02-02,401481114,New Mexico State Aggies,Stephen F. Austin Lumberjacks,73,67,0,2,166,2617,47.5,44.4
2023-02-02,401482841,Utah State Aggies,New Mexico Lobos,84,73,0,2,328,167,46.3,49.2
2023-02-02,401484460,La Salle Explorers,George Washington Revolutionaries,75,64,0,2,2325,45,49.1,37.5
2023-02-02,401484461,George Mason Patriots,Massachusetts Minutemen,70,59,0,2,2244,113,48.1,36.9
2023-02-02,401484462,Saint Joseph's Hawks,Rhode Island Rams,64,50,0,2,2603,227,41.0,33.9
2023-02-02,401484463,Richmond Spiders,St. Bonaventure Bonnies,62,66,0,2,257,179,37.5,46.8
2023-02-02,401484588,Auburn Tigers,Georgia Bulldogs,94,73,0,2,2,61,56.3,43.4
2023-02-02,401484589,Missouri Tigers,LSU Tigers,87,77,0,2,142,99,55.9,40.9
2023-02-02,401484590,Florida Gators,Tennessee Volunteers,67,54,0,2,57,2633,43.8,27.9
2023-02-02,401484927,Rutgers Scarlet Knights,Minnesota Golden Gophers,90,55,0,2,164,135,59.7,36.1
2023-02-02,401485245,Marquette Golden Eagles,Villanova Wildcats,73,64,0,2,269,222,42.3,47.7
2023-02-02,401485246,St. John's Red Storm,Seton Hall Pirates,72,84,0,2,2599,2550,40.7,50.0
2023-02-02,401488134,Lafayette Leopards,Navy Midshipmen,34,53,0,2,322,2426,28.6,43.5
2023-02-02,401488287,UMBC Retrievers,Binghamton Bearcats,69,55,0,2,2378,2066,42.9,40.4
2023-02-02,401488288,Bryant Bulldogs,Maine Black Bears,71,53,0,2,2803,311,47.5,40.0
2023-02-02,401488289,NJIT Highlanders,New Hampshire Wildcats,67,74,0,2,2885,160,38.0,38.5
2023-02-02,401488466,NC State Wolfpack,Florida State Seminoles,94,66,0,2,152,52,47.8,48.1
2023-02-02,401488468,Louisville Cardinals,Georgia Tech Yellow Jackets,68,58,0,2,97,59,45.7,29.5
2023-02-02,401488469,North Carolina Tar Heels,Pittsburgh Panthers,64,65,0,2,153,221,34.8,45.5
2023-02-02,401490192,Evansville Purple Aces,Indiana State Sycamores,65,83,0,2,339,282,41.8,53.8
2023-02-02,401490193,Bradley Braves,Southern Illinois Salukis,62,52,0,2,71,79,40.7,42.2
2023-02-02,401490194,Murray State Racers,Belmont Bruins,83,82,0,2,93,2057,53.1,47.5
2023-02-02,401490195,Drake Bulldogs,Northern Iowa Panthers,88,81,0,2,2181,2460,41.3,44.1
2023-02-02,401490196,Illinois State Redbirds,UIC Flames,68,62,0,2,2287,82,46.2,42.6
2023-02-02,401490197,Missouri State Bears,Valparaiso Beacons,76,67,0,2,2623,2674,47.4,41.5
2023-02-02,401490537,American University Eagles,Bucknell Bison,71,78,0,2,44,2083,50.0,55.6
2023-02-02,401490558,Lehigh Mountain Hawks,Army Black Knights,69,71,0,2,2329,349,41.4,46.3
2023-02-02,401491274,Boston University Terriers,Holy Cross Crusaders,70,82,0,2,104,107,43.3,54.7
2023-02-02,401492722,South Florida Bulls,East Carolina Pirates,71,63,0,2,58,151,48.1,38.2
2023-02-02,401492723,Cincinnati Bearcats,Tulsa Golden Hurricane,81,55,0,2,2132,202,46.3,34.6
2023-02-02,401492724,Tulane Green Wave,SMU Mustangs,74,52,0,2,2655,2567,44.2,34.6
2023-02-02,401493419,Oklahoma Sooners,Oklahoma State Cowboys,61,71,0,2,201,197,34.8,43.3
2023-02-03,401469591,Stetson Hatters,North Alabama Lions,79,57,0,2,56,2453,46.4,36.5
2023-02-03,401469592,Lipscomb Bisons,Queens University Royals,66,60,0,2,288,2511,41.8,35.7
2023-02-03,401469593,Bellarmine Knights,Kennesaw State Owls,84,90,0,2,91,338,51.8,43.1
2023-02-03,401469594,Austin Peay Governors,Liberty Flames,70,82,0,2,2046,2335,41.0,54.0
2023-02-03,401469595,Florida Gulf Coast Eagles,Central Arkansas Bears,87,91,0,2,526,2110,43.8,53.1
2023-02-03,401469596,Jacksonville Dolphins,North Florida Ospreys,63,76,0,2,294,2454,41.0,49.0
2023-02-03,401469597,Eastern Kentucky Colonels,Jacksonville State Gamecocks,69,67,0,2,2198,55,45.8,38.7
2023-02-03,401469694,Sacramento State Hornets,Eastern Washington Eagles,63,82,0,2,16,331,37.5,64.6
2023-02-03,401469695,Portland State Vikings,Idaho Vandals,69,66,0,2,2502,70,41.0,50.0
2023-02-03,401469696,Montana Grizzlies,Northern Colorado Bears,69,67,0,2,149,2458,48.2,44.8
2023-02-03,401469697,Montana State Bobcats,Northern Arizona Lumberjacks,69,68,0,2,147,2464,43.6,42.9
2023-02-03,401469796,UC San Diego Tritons,UC Irvine Anteaters,60,76,0,2,28,300,35.5,44.8
2023-02-03,401469797,Cal State Bakersfield Roadrunners,UC Riverside Highlanders,82,76,0,2,2934,27,57.8,44.8
2023-02-03,401469798,UC Davis Aggies,Hawai'i Rainbow Warriors,75,63,0,2,302,62,63.6,47.1
2023-02-03,401469799,Cal State Fullerton Titans,Long Beach State Beach,67,70,0,2,2239,299,38.7,38.9
2023-02-03,401469800,UC Santa Barbara Gauchos,Cal Poly Mustangs,68,62,0,2,2540,13,57.5,47.8
2023-02-03,401469920,Monmouth Hawks,Delaware Blue Hens,70,62,0,2,2405,48,39.7,35.3
2023-02-03,401469921,Hofstra Pride,Towson Tigers,76,72,0,2,2275,119,50.0,45.3
2023-02-03,401469922,Hampton Pirates,William & Mary Tribe,62,57,0,2,2261,2729,33.9,40.4
2023-02-03,401469923,Stony Brook Seawolves,Elon Phoenix,55,69,0,2,2619,2210,37.0,44.4
2023-02-03,401469924,UNC Wilmington Seahawks,North Carolina A&T Aggies,87,63,0,2,350,2448,50.8,44.6
2023-02-03,401469925,Drexel Dragons,Charleston Cougars,70,69,0,2,2182,232,48.0,41.9
2023-02-03,401470040,Detroit Mercy Titans,Cleveland State Vikings,85,67,0,2,2174,325,50.9,46.3
2023-02-03,401470041,Oakland Golden Grizzlies,Purdue Fort Wayne Mastodons,73,82,0,2,2473,2870,37.3,54.9
2023-02-03,401470043,Robert Morris Colonials,Northern Kentucky Norse,52,65,0,2,2523,94,39.6,46.3
2023-02-03,401470044,Youngstown State Penguins,Wright State Raiders,91,89,0,2,2754,2750,39.5,41.4
2023-02-03,401470134,Lindenwood Lions,Eastern Illinois Panthers,80,67,0,2,2815,2197,52.5,50.0
2023-02-03,401470135,Southeast Missouri State Redhawks,Little Rock Trojans,99,98,0,2,2546,2031,52.6,56.9
2023-02-03,401470136,Morehead State Eagles,Tennessee Tech Golden Eagles,64,45,0,2,2413,2635,42.3,33.3
2023-02-03,401470137,Southern Indiana Screaming Eagles,Tennessee State Tigers,76,80,0,2,88,2634,39.3,48.1
2023-02-03,401470138,SIU Edwardsville Cougars,UT Martin Skyhawks,89,75,0,2,2565,2630,50.0,40.3
2023-02-03,401470228,Omaha Mavericks,St. Thomas Tommies,83,89,0,2,2437,2900,58.0,50.9
2023-02-03,401470229,Denver Pioneers,Western Illinois Leathernecks,74,44,0,2,2172,2710,52.5,27.1
2023-02-03,401470230,South Dakota Coyotes,North Dakota State Bison,71,62,0,2,233,2449,43.1,39.7
2023-02-03,401470231,South Dakota State Jackrabbits,North Dakota Fighting Hawks,96,73,0,2,2571,155,61.7,43.8
2023-02-03,401470335,UL Monroe Warhawks,Coastal Carolina Chanticleers,83,70,0,2,2433,324,44.9,39.7
2023-02-03,401470336,Georgia State Panthers,Georgia Southern Eagles,64,60,0,2,2247,290,41.8,38.0
2023-02-03,401470337,Old Dominion Monarchs,James Madison Dukes,73,78,0,2,295,256,44.8,53.7
2023-02-03,401470338,Louisiana Ragin' Cajuns,Texas State Bobcats,82,63,0,2,309,326,57.1,43.1
2023-02-03,401470339,Arkansas State Red Wolves,South Alabama Jaguars,62,82,0,2,2032,6,37.9,56.6
2023-02-03,401470340,Troy Trojans,Southern Miss Golden Eagles,65,74,0,2,2653,2572,43.1,52.0
2023-02-03,401470433,BYU Cougars,Loyola Marymount Lions,89,61,0,2,252,2351,53.0,37.5
2023-02-03,401470434,San Diego Toreros,Portland Pilots,61,80,0,2,301,2501,40.0,49.1
2023-02-03,401470435,Gonzaga Bulldogs,Santa Clara Broncos,88,70,0,2,2250,2541,59.3,40.0
2023-02-03,401470436,Pacific Tigers,Pepperdine Waves,81,73,0,2,279,2492,41.7,46.9
2023-02-03,401470437,Saint Mary's Gaels,San Francisco Dons,68,59,0,2,2608,2539,32.7,38.8
2023-02-03,401473474,Sacred Heart Pioneers,Wagner Seahawks,65,56,0,2,2529,2681,46.3,37.3
2023-02-03,401473475,Stonehill Skyhawks,Saint Francis Red Wolves,74,61,0,2,284,2598,47.3,42.9
2023-02-03,401473559,Ball State Cardinals,Eastern Michigan Eagles,91,90,0,2,2050,2199,53.2,51.5
2023-02-03,401479770,The Citadel Bulldogs,VMI Keydets,69,75,0,2,2643,2678,41.4,43.1
2023-02-03,401479771,Mercer Bears,UNC Greensboro Spartans,49,69,0,2,2382,2430,32.1,50.8
2023-02-03,401480417,UNC Asheville Bulldogs,High Point Panthers,89,63,0,2,2427,2272,55.4,39.0
2023-02-03,401481113,Utah Tech Trailblazers,Utah Valley Wolverines,69,76,0,2,3101,3084,40.0,44.6
2023-02-03,401484929,Northwestern Wildcats,Michigan Wolverines,51,68,0,2,77,130,37.5,41.4
2023-02-03,401484930,Ohio State Buckeyes,Wisconsin Badgers,60,65,0,2,194,275,42.9,41.8
2023-02-03,401485416,Houston Christian Huskies,Northwestern State Demons,76,94,0,2,2277,2466,44.0,55.0
2023-02-03,401485417,McNeese Cowboys,Lamar Cardinals,63,70,0,2,2377,2320,34.9,39.6
2023-02-03,401485418,LSU New Orleans Privateers,Texas A&M-Corpus Christi Islanders,69,86,0,2,2443,357,41.2,48.2
2023-02-03,401485420,SE Louisiana Lions,Incarnate Word Cardinals,77,67,0,2,2545,2916,48.4,45.5
2023-02-03,401487093,Charlotte 49ers,Florida International Panthers,54,57,0,2,2429,2229,34.7,48.9
2023-02-03,401487122,Louisiana Tech Bulldogs,Rice Owls,80,72,0,2,2348,242,46.6,46.4
2023-02-03,401487146,UAB Blazers,Florida Atlantic Owls,86,77,0,2,5,2226,45.0,37.3
2023-02-03,401487167,Middle Tennessee Blue Raiders,UTEP Miners,84,72,0,2,2393,2638,59.6,47.4
2023-02-03,401487314,Western Kentucky Hilltoppers,UTSA Roadrunners,81,74,0,2,98,2636,39.7,34.4
2023-02-03,401487345,Dartmouth Big Green,Brown Bears,61,73,0,2,159,225,35.6,45.1
2023-02-03,401487444,Harvard Crimson,Yale Bulldogs,57,68,0,2,108,43,40.4,47.4
2023-02-03,401490366,Arizona Wildcats,Oregon Ducks,91,76,0,2,12,2483,53.4,41.3
2023-02-03,401490367,Arizona State Sun Devils,Oregon State Beavers,68,57,0,2,9,204,46.8,40.8
2023-02-03,401490368,Colorado Buffaloes,California Golden Bears,59,46,0,2,38,25,38.0,37.2
2023-02-03,401490369,UCLA Bruins,Washington Huskies,70,61,0,2,26,264,49.1,44.9
2023-02-03,401490370,USC Trojans,Washington State Cougars,80,70,0,2,30,265,51.9,45.8
2023-02-03,401490371,Utah Utes,Stanford Cardinal,72,78,0,2,254,24,39.1,53.1
2023-02-03,401492359,Maryland Eastern Shore Hawks,Regent Royals,89,41,0,2,2379,111926,49.4,35.7
2023-02-03,401492725,Wichita State Shockers,Houston Cougars,61,70,0,2,2724,248,38.9,44.6
2023-02-04,401469598,North Florida Ospreys,Jacksonville Dolphins,65,58,0,2,2454,294,42.9,52.3
2023-02-04,401469600,Austin Peay Governors,Queens University Royals,69,70,0,2,2046,2511,44.3,43.1
2023-02-04,401469601,Bellarmine Knights,Jacksonville State Gamecocks,71,64,0,2,91,55,47.7,43.8
2023-02-04,401469603,Lipscomb Bisons,Liberty Flames,69,64,0,2,288,2335,41.8,40.7
2023-02-04,401469604,Stetson Hatters,Central Arkansas Bears,99,80,0,2,56,2110,55.2,45.2
2023-02-04,401469699,Sacramento State Hornets,Idaho Vandals,76,82,0,2,16,70,51.7,63.5
2023-02-04,401469702,Montana State Bobcats,Northern Colorado Bears,75,62,0,2,147,2458,51.0,43.8
2023-02-04,401469926,Hofstra Pride,Stony Brook Seawolves,79,58,0,2,2275,2619,55.4,41.8
2023-02-04,401469927,Monmouth Hawks,Drexel Dragons,69,67,0,2,2405,2182,45.0,46.8
2023-02-04,401469928,Northeastern Huskies,Elon Phoenix,73,74,0,2,111,2210,51.1,50.0
2023-02-04,401469929,Delaware Blue Hens,Charleston Cougars,67,84,0,2,48,232,40.7,43.3
2023-02-04,401469930,William & Mary Tribe,UNC Wilmington Seahawks,63,70,0,2,2729,350,50.0,52.0
2023-02-04,401470045,Detroit Mercy Titans,Purdue Fort Wayne Mastodons,85,52,0,2,2174,2870,51.5,33.9
2023-02-04,401470046,Oakland Golden Grizzlies,Cleveland State Vikings,92,89,0,2,2473,325,44.8,46.4
2023-02-04,401470047,IU Indianapolis Jaguars,Green Bay Phoenix,68,53,0,2,85,2739,51.9,34.6
2023-02-04,401470139,Lindenwood Lions,UT Martin Skyhawks,80,75,0,2,2815,2630,50.9,37.5
2023-02-04,401470140,Little Rock Trojans,SIU Edwardsville Cougars,81,84,0,2,2031,2565,38.2,56.1
2023-02-04,401470141,Eastern Illinois Panthers,Tennessee State Tigers,61,65,0,2,2197,2634,36.9,37.9
2023-02-04,401470142,Southern Indiana Screaming Eagles,Morehead State Eagles,66,71,0,2,88,2413,43.8,43.6
2023-02-04,401470143,Tennessee Tech Golden Eagles,Southeast Missouri State Redhawks,82,80,0,2,2635,2546,42.4,44.1
2023-02-04,401470232,Denver Pioneers,St. Thomas Tommies,57,68,0,2,2172,2900,33.3,43.6
2023-02-04,401470233,Omaha Mavericks,Western Illinois Leathernecks,72,75,0,2,2437,2710,52.8,46.7
2023-02-04,401470234,South Dakota Coyotes,North Dakota Fighting Hawks,72,86,0,2,233,155,40.3,49.1
2023-02-04,401470235,South Dakota State Jackrabbits,North Dakota State Bison,90,85,0,2,2571,2449,53.2,59.6
2023-02-04,401470341,App State Mountaineers,James Madison Dukes,57,63,0,2,2026,256,39.0,35.7
2023-02-04,401470342,Arkansas State Red Wolves,Coastal Carolina Chanticleers,73,57,0,2,2032,324,44.0,38.2
2023-02-04,401470345,UL Monroe Warhawks,South Alabama Jaguars,64,72,0,2,2433,6,39.3,46.4
2023-02-04,401470346,Georgia State Panthers,Southern Miss Golden Eagles,71,79,0,2,2247,2572,40.7,47.5
2023-02-04,401473476,St. Francis Brooklyn Terriers,Stonehill Skyhawks,59,65,0,2,2597,284,33.9,46.0
2023-02-04,401473477,Merrimack Warriors,Saint Francis Red Wolves,70,66,0,2,2771,2598,44.9,41.4
2023-02-04,401473478,Sacred Heart Pioneers,Central Connecticut Blue Devils,78,65,0,2,2529,2115,56.4,42.2
2023-02-04,401473479,Fairleigh Dickinson Knights,Wagner Seahawks,79,83,0,2,161,2681,52.0,56.6
2023-02-04,401473557,Bowling Green Falcons,Northern Illinois Huskies,78,86,0,2,189,2459,49.2,53.3
2023-02-04,401473558,Akron Zips,Kent State Golden Flashes,67,55,0,2,2006,2309,42.2,37.5
2023-02-04,401473560,Western Michigan Broncos,Buffalo Bulls,76,85,0,2,2711,2084,43.5,50.0
2023-02-04,401473561,Ohio Bobcats,Miami (OH) RedHawks,78,68,0,2,195,193,44.8,40.0
2023-02-04,401479772,Mercer Bears,VMI Keydets,80,54,0,2,2382,2678,44.8,40.0
2023-02-04,401479773,Samford Bulldogs,East Tennessee State Buccaneers,73,62,0,2,2535,2193,38.2,42.6
2023-02-04,401479774,Furman Paladins,Wofford Terriers,80,67,0,2,231,2747,47.0,50.0
2023-02-04,401479775,The Citadel Bulldogs,UNC Greensboro Spartans,59,79,0,2,2643,2430,42.0,51.9
2023-02-04,401479776,Western Carolina Catamounts,Chattanooga Mocs,83,68,0,2,2717,236,47.3,34.4
2023-02-04,401480420,Longwood Lancers,Campbell Fighting Camels,74,50,0,2,2344,2097,52.7,35.7
2023-02-04,401480422,Gardner-Webb Runnin' Bulldogs,Presbyterian Blue Hose,56,48,0,2,2241,2506,41.2,27.8
2023-02-04,401480423,Radford Highlanders,Winthrop Eagles,69,66,0,2,2515,2737,44.8,44.0
2023-02-04,401480424,South Carolina Upstate Spartans,UNC Asheville Bulldogs,76,70,0,2,2908,2427,50.0,44.6
2023-02-04,401481119,Tarleton State Texans,UT Rio Grande Valley Vaqueros,65,68,0,2,2627,292,38.0,46.9
2023-02-04,401481120,UT Arlington Mavericks,Sam Houston Bearkats,70,58,0,2,250,2534,54.3,32.8
2023-02-04,401482844,Nevada Wolf Pack,Air Force Falcons,72,52,0,2,2440,2005,47.8,42.2
2023-02-04,401482845,San Diego State Aztecs,Boise State Broncos,72,52,0,2,21,68,51.0,36.5
2023-02-04,401482846,UNLV Rebels,Fresno State Bulldogs,79,82,0,2,2439,278,46.3,49.0
2023-02-04,401484464,Saint Louis Billikens,VCU Rams,65,73,0,2,139,2670,48.1,45.8
2023-02-04,401484465,Massachusetts Minutemen,Davidson Wildcats,78,93,0,2,113,2166,52.5,55.9
2023-02-04,401484466,Loyola Chicago Ramblers,George Mason Patriots,69,61,0,2,2350,2244,42.6,32.0
2023-02-04,401484468,George Washington Revolutionaries,Duquesne Dukes,67,93,0,2,45,2184,42.1,52.3
2023-02-04,401484592,LSU Tigers,Alabama Crimson Tide,69,79,0,2,99,333,30.6,44.8
2023-02-04,401484593,Mississippi State Bulldogs,Missouri Tigers,63,52,0,2,344,142,42.0,32.0
2023-02-04,401484594,South Carolina Gamecocks,Arkansas Razorbacks,63,65,0,2,2579,8,41.4,47.3
2023-02-04,401484595,Tennessee Volunteers,Auburn Tigers,46,43,0,2,2633,2,27.0,23.6
2023-02-04,401484597,Vanderbilt Commodores,Ole Miss Rebels,74,71,0,2,238,145,43.5,36.5
2023-02-04,401484931,Rutgers Scarlet Knights,Michigan State Spartans,61,55,0,2,164,127,37.5,34.5
2023-02-04,401484932,Indiana Hoosiers,Purdue Boilermakers,79,74,0,2,84,2509,52.6,50.9
2023-02-04,401484934,Iowa Hawkeyes,Illinois Fighting Illini,81,79,0,2,2294,356,45.3,49.1
2023-02-04,401485247,Georgetown Hoyas,UConn Huskies,62,68,0,2,46,41,43.4,42.2
2023-02-04,401485248,Marquette Golden Eagles,Butler Bulldogs,60,52,0,2,269,2086,45.8,38.0
2023-02-04,401485249,Xavier Musketeers,St. John's Red Storm,96,71,0,2,2752,2599,54.2,39.1
2023-02-04,401485423,LSU New Orleans Privateers,Incarnate Word Cardinals,70,78,0,2,2443,2916,43.1,48.9
2023-02-04,401485424,SE Louisiana Lions,Texas A&M-Corpus Christi Islanders,72,83,0,2,2545,357,39.6,46.3
2023-02-04,401485425,East Texas A&M Lions,McNeese Cowboys,60,58,0,2,2837,2377,39.3,32.1
2023-02-04,401485489,Hampton Pirates,Norfolk State Spartans,71,83,1,2,2261,2450,51.9,50.9
2023-02-04,401487015,Iona Gaels,Mount St. Mary's Mountaineers,81,51,0,2,314,116,53.6,36.2
2023-02-04,401487016,Manhattan Jaspers,Siena Saints,71,66,0,2,2363,2561,44.9,37.3
2023-02-04,401487017,Niagara Purple Eagles,Canisius Golden Griffins,76,73,0,2,315,2099,42.4,45.9
2023-02-04,401487018,Quinnipiac Bobcats,Fairfield Stags,66,51,0,2,2514,2217,47.5,33.3
2023-02-04,401487019,Rider Broncs,Saint Peter's Peacocks,82,61,0,2,2520,2612,54.2,36.7
2023-02-04,401487094,Charlotte 49ers,Florida Atlantic Owls,52,67,0,2,2429,2226,39.1,55.3
2023-02-04,401487147,UAB Blazers,Florida International Panthers,76,72,0,2,5,2229,48.3,43.8
2023-02-04,401487168,Western Kentucky Hilltoppers,UTEP Miners,74,69,0,2,98,2638,45.3,40.7
2023-02-04,401487315,Middle Tennessee Blue Raiders,UTSA Roadrunners,84,60,0,2,2393,2636,44.4,40.0
2023-02-04,401487346,Harvard Crimson,Brown Bears,65,68,0,2,108,225,37.7,44.9
2023-02-04,401487465,Pennsylvania Quakers,Columbia Lions,74,65,0,2,219,171,44.4,36.1
2023-02-04,401487466,Pennsylvania Quakers,Cornell Big Red,92,86,0,2,219,172,51.7,44.6
2023-02-04,401487482,Dartmouth Big Green,Yale Bulldogs,53,72,0,2,159,43,35.8,45.8
2023-02-04,401487577,Morgan State Bears,Delaware State Hornets,75,65,1,2,2415,2169,39.0,40.0
2023-02-04,401488135,Holy Cross Crusaders,Navy Midshipmen,68,86,0,2,107,2426,39.7,47.8
2023-02-04,401488310,Maine Black Bears,UMBC Retrievers,84,49,0,2,311,2378,55.0,38.0
2023-02-04,401488311,Bryant Bulldogs,New Hampshire Wildcats,70,46,0,2,2803,160,43.5,24.7
2023-02-04,401488312,UMass Lowell River Hawks,NJIT Highlanders,90,61,0,2,2349,2885,54.7,44.8
2023-02-04,401488313,UAlbany Great Danes,Vermont Catamounts,68,87,0,2,399,261,47.1,60.7
2023-02-04,401488470,Louisville Cardinals,Florida State Seminoles,78,81,0,2,97,52,46.8,48.4
2023-02-04,401488471,NC State Wolfpack,Georgia Tech Yellow Jackets,72,64,0,2,152,59,41.9,44.1
2023-02-04,401488472,Clemson Tigers,Miami Hurricanes,74,78,0,2,228,2390,47.5,44.8
2023-02-04,401488473,Duke Blue Devils,North Carolina Tar Heels,63,57,0,2,150,153,39.3,34.3
2023-02-04,401488474,Boston College Eagles,Syracuse Orange,68,77,0,2,103,183,41.5,51.0
2023-02-04,401488475,Virginia Tech Hokies,Virginia Cavaliers,74,68,0,2,259,258,50.9,41.0
2023-02-04,401488476,Notre Dame Fighting Irish,Wake Forest Demon Deacons,64,81,0,2,87,154,38.0,52.7
2023-02-04,401490198,Northern Iowa Panthers,Bradley Braves,69,77,0,2,2460,71,47.1,54.9
2023-02-04,401490199,Belmont Bruins,Illinois State Redbirds,90,75,0,2,2057,2287,53.1,50.0
2023-02-04,401490201,UIC Flames,Evansville Purple Aces,70,61,0,2,82,339,43.5,33.3
2023-02-04,401490202,Indiana State Sycamores,Murray State Racers,99,56,0,2,282,93,56.9,37.3
2023-02-04,401490520,Princeton Tigers,Cornell Big Red,89,82,0,2,163,172,58.0,47.7
2023-02-04,401490538,American University Eagles,Colgate Raiders,61,60,0,2,44,2142,51.0,41.8
2023-02-04,401491255,Loyola Maryland Greyhounds,Boston University Terriers,67,68,0,2,2352,104,45.5,49.1
2023-02-04,401492154,Alabama State Hornets,Grambling Tigers,60,73,0,2,2011,2755,36.0,49.0
2023-02-04,401492188,Alcorn State Braves,Arkansas-Pine Bluff Golden Lions,70,67,0,2,2016,2029,44.8,41.5
2023-02-04,401492215,Prairie View A&M Panthers,Bethune-Cookman Wildcats,58,60,0,2,2504,2065,31.6,33.3
2023-02-04,401492369,Princeton Tigers,Columbia Lions,88,66,0,2,163,171,44.9,40.3
2023-02-04,401492726,Cincinnati Bearcats,UCF Knights,73,64,0,2,2132,2116,43.5,42.6
2023-02-04,401492727,Memphis Tigers,Tulane Green Wave,89,90,0,2,235,2655,47.8,52.4
2023-02-04,401492728,East Carolina Pirates,SMU Mustangs,77,72,0,2,151,2567,44.6,41.9
2023-02-04,401493420,Iowa State Cyclones,Kansas Jayhawks,68,53,0,2,66,2305,45.9,38.6
2023-02-04,401493421,Baylor Bears,Texas Tech Red Raiders,89,62,0,2,239,2641,53.8,43.6
2023-02-04,401493422,Oklahoma State Cowboys,TCU Horned Frogs,79,73,0,2,197,2628,52.6,41.9
2023-02-04,401493423,Kansas State Wildcats,Texas Longhorns,66,69,0,2,2306,251,44.0,45.1
2023-02-04,401493710,Hartford Hawks,Chicago State Cougars,49,62,0,2,42,2130,40.0,39.2
2023-02-04,401493729,Jackson State Tigers,Mississippi Valley State Delta Devils,78,82,0,2,2296,2400,43.3,51.9
2023-02-04,401493844,Alabama A&M Bulldogs,Southern Jaguars,82,61,0,2,2010,2582,62.0,42.6
2023-02-04,401496935,Lafayette Leopards,Lehigh Mountain Hawks,64,66,0,2,322,2329,37.5,39.6
2023-02-04,401497496,Texas Southern Tigers,Florida A&M Rattlers,69,76,0,2,2640,50,44.4,49.1
2023-02-05,401469599,Eastern Kentucky Colonels,Kennesaw State Owls,77,74,0,2,2198,338,43.6,44.6
2023-02-05,401469602,Florida Gulf Coast Eagles,North Alabama Lions,85,87,0,2,526,2453,46.3,54.4
2023-02-05,401469698,Portland State Vikings,Eastern Washington Eagles,88,98,0,2,2502,331,44.1,66.7
2023-02-05,401469700,Idaho State Bengals,Weber State Wildcats,71,72,0,2,304,2692,42.3,47.4
2023-02-05,401469701,Montana Grizzlies,Northern Arizona Lumberjacks,67,66,0,2,149,2464,46.6,48.4
2023-02-05,401469801,Long Beach State Beach,UC Irvine Anteaters,93,88,0,2,299,300,42.3,45.7
2023-02-05,401469802,Cal State Northridge Matadors,UC Santa Barbara Gauchos,72,67,0,2,2463,2540,44.0,32.8
2023-02-05,401469803,Cal State Fullerton Titans,UC Riverside Highlanders,64,58,0,2,2239,27,53.7,33.9
2023-02-05,401469804,Cal Poly Mustangs,Hawai'i Rainbow Warriors,56,69,0,2,13,62,39.6,39.6
2023-02-05,401469805,UC San Diego Tritons,Cal State Bakersfield Roadrunners,69,75,0,2,28,2934,39.3,50.0
2023-02-05,401470048,Robert Morris Colonials,Wright State Raiders,67,82,0,2,2523,2750,40.3,52.2
2023-02-05,401470049,Youngstown State Penguins,Northern Kentucky Norse,74,56,0,2,2754,94,58.8,32.2
2023-02-05,401470236,Kansas City Roos,Oral Roberts Golden Eagles,57,85,0,2,140,198,31.7,52.4
2023-02-05,401470343,Louisiana Ragin' Cajuns,Marshall Thundering Herd,77,67,0,2,309,276,50.0,38.7
2023-02-05,401470344,Troy Trojans,Texas State Bobcats,68,64,0,2,2653,326,45.3,42.3
2023-02-05,401470347,Old Dominion Monarchs,Georgia Southern Eagles,64,58,0,2,295,290,32.7,28.8
2023-02-05,401470438,BYU Cougars,Pacific Tigers,81,66,0,2,252,279,46.0,38.5
2023-02-05,401470439,San Diego Toreros,Loyola Marymount Lions,87,79,0,2,301,2351,54.2,47.7
2023-02-05,401470440,Saint Mary's Gaels,Gonzaga Bulldogs,78,70,0,2,2608,2250,45.9,49.0
2023-02-05,401470441,Pepperdine Waves,Portland Pilots,94,93,0,2,2492,2501,44.3,42.4
2023-02-05,401470442,San Francisco Dons,Santa Clara Broncos,70,84,0,2,2539,2541,34.4,43.8
2023-02-05,401473562,Toledo Rockets,Central Michigan Chippewas,84,59,0,2,2649,2117,45.9,52.6
2023-02-05,401480421,High Point Panthers,Charleston Southern Buccaneers,81,73,0,2,2272,2127,41.9,43.1
2023-02-05,401481115,California Baptist Lancers,Abilene Christian Wildcats,71,87,0,2,2856,2000,47.2,51.9
2023-02-05,401481116,Utah Tech Trailblazers,Southern Utah Thunderbirds,86,79,0,2,3101,253,52.7,41.4
2023-02-05,401481117,Grand Canyon Lopes,Stephen F. Austin Lumberjacks,86,83,0,2,2253,2617,50.0,48.3
2023-02-05,401481118,New Mexico State Aggies,Seattle U Redhawks,82,75,0,2,166,2547,54.0,36.6
2023-02-05,401482847,Colorado State Rams,Utah State Aggies,79,88,0,2,36,328,55.2,50.9
2023-02-05,401482848,San José State Spartans,Wyoming Cowboys,84,64,0,2,23,2751,56.6,42.3
2023-02-05,401484467,St. Bonaventure Bonnies,Dayton Flyers,68,59,0,2,179,2168,44.2,39.3
2023-02-05,401484469,Richmond Spiders,Fordham Rams,68,58,0,2,257,2230,46.5,40.4
2023-02-05,401484470,Saint Joseph's Hawks,La Salle Explorers,65,73,0,2,2603,2325,43.5,43.5
2023-02-05,401484591,Kentucky Wildcats,Florida Gators,72,67,0,2,96,57,45.2,41.8
2023-02-05,401484596,Texas A&M Aggies,Georgia Bulldogs,82,57,0,2,245,61,50.0,30.4
2023-02-05,401484933,Minnesota Golden Gophers,Maryland Terrapins,46,81,0,2,135,120,34.2,52.4
2023-02-05,401484935,Nebraska Cornhuskers,Penn State Nittany Lions,72,63,0,2,158,213,52.9,40.0
2023-02-05,401484936,Wisconsin Badgers,Northwestern Wildcats,52,54,0,2,275,77,38.0,46.7
2023-02-05,401484937,Michigan Wolverines,Ohio State Buckeyes,77,69,0,2,130,194,49.1,40.6
2023-02-05,401485250,Creighton Bluejays,Villanova Wildcats,66,61,0,2,156,222,37.7,38.8
2023-02-05,401485251,Seton Hall Pirates,DePaul Blue Demons,69,64,0,2,2550,305,34.6,40.0
2023-02-05,401485421,Houston Christian Huskies,Nicholls Colonels,91,92,0,2,2277,2447,49.1,50.7
2023-02-05,401485422,Lamar Cardinals,Northwestern State Demons,68,72,0,2,2320,2466,43.1,48.0
2023-02-05,401487020,Fairfield Stags,Iona Gaels,61,70,0,2,2217,314,41.4,42.1
2023-02-05,401487021,Manhattan Jaspers,Rider Broncs,56,67,0,2,2363,2520,37.5,46.7
2023-02-05,401487022,Marist Red Foxes,Canisius Golden Griffins,75,67,0,2,2368,2099,44.8,37.3
2023-02-05,401487023,Quinnipiac Bobcats,Mount St. Mary's Mountaineers,75,79,0,2,2514,116,37.7,53.3
2023-02-05,401487024,Siena Saints,Niagara Purple Eagles,54,56,0,2,2561,315,41.2,48.9
2023-02-05,401487123,Rice Owls,North Texas Mean Green,64,74,0,2,242,249,47.1,52.1
2023-02-05,401490200,Valparaiso Beacons,Drake Bulldogs,82,85,0,2,2674,2181,38.5,38.5
2023-02-05,401490203,Southern Illinois Salukis,Missouri State Bears,73,53,0,2,79,2623,45.6,47.6
2023-02-05,401490372,Arizona Wildcats,Oregon State Beavers,84,52,0,2,12,204,46.7,35.6
2023-02-05,401490373,Arizona State Sun Devils,Oregon Ducks,70,75,0,2,9,2483,44.3,47.2
2023-02-05,401490374,UCLA Bruins,Washington State Cougars,76,52,0,2,26,265,48.4,30.9
2023-02-05,401490375,USC Trojans,Washington Huskies,80,74,0,2,30,264,44.6,43.6
2023-02-05,401490377,Utah Utes,California Golden Bears,61,46,0,2,254,25,36.8,33.9
2023-02-05,401490559,Bucknell Bison,Army Black Knights,73,67,0,2,2083,349,47.1,40.9
2023-02-05,401492729,Tulsa Golden Hurricane,Wichita State Shockers,75,86,0,2,202,2724,42.4,51.5
2023-02-05,401492730,Temple Owls,Houston Cougars,65,81,0,2,218,248,39.2,55.8
2023-02-05,401493424,West Virginia Mountaineers,Oklahoma Sooners,93,61,0,2,277,201,46.9,37.3
2023-02-06,401489699,Hartford Hawks,UMass Lowell River Hawks,48,70,0,2,42,2349,34.6,46.8
2023-02-06,401490376,Colorado Buffaloes,Stanford Cardinal,84,62,0,2,38,24,52.7,42.1
2023-02-06,401525958,UT Arlington Mavericks,Tarleton State Texans,64,69,0,2,250,2627,40.4,50.0
2023-02-07,401469703,Northern Arizona Lumberjacks,Idaho State Bengals,70,75,0,2,2464,304,47.5,47.5
2023-02-07,401469704,Northern Colorado Bears,Weber State Wildcats,88,54,0,2,2458,2692,60.0,35.1
2023-02-07,401470050,Milwaukee Panthers,Green Bay Phoenix,79,80,0,2,270,2739,40.8,39.4
2023-02-07,401484939,Indiana Hoosiers,Rutgers Scarlet Knights,66,60,0,2,84,164,45.8,39.7
2023-02-07,401485252,UConn Huskies,Marquette Golden Eagles,87,72,0,2,41,269,50.0,44.1
2023-02-07,401488477,Miami Hurricanes,Duke Blue Devils,81,59,0,2,2390,150,47.8,40.7
2023-02-07,401491275,Holy Cross Crusaders,Lafayette Leopards,58,72,0,2,107,322,32.8,51.9
2023-02-07,401492155,Alabama State Hornets,Southern Jaguars,73,66,0,2,2011,2582,44.1,35.7
2023-02-07,401492189,Alcorn State Braves,Mississippi Valley State Delta Devils,81,70,0,2,2016,2400,49.1,46.2
2023-02-07,401492216,Texas Southern Tigers,Bethune-Cookman Wildcats,69,62,0,2,2640,2065,43.3,33.3
2023-02-07,401492237,Alabama A&M Bulldogs,Grambling Tigers,60,66,0,2,2010,2755,44.2,36.7
2023-02-07,401493425,Kansas Jayhawks,Texas Longhorns,88,80,0,2,2305,251,49.2,47.6
2023-02-07,401494486,Jackson State Tigers,Arkansas-Pine Bluff Golden Lions,88,84,0,2,2296,2029,45.6,43.8
2023-02-07,401494603,Prairie View A&M Panthers,Florida A&M Rattlers,75,45,0,2,2504,50,58.3,30.9
2023-02-08,401469931,Northeastern Huskies,Hofstra Pride,53,72,0,2,111,2275,29.3,47.6
2023-02-08,401469932,Stony Brook Seawolves,Monmouth Hawks,54,61,0,2,2619,2405,30.9,47.1
2023-02-08,401473563,Kent State Golden Flashes,Bowling Green Falcons,87,64,0,2,2309,189,53.4,40.7
2023-02-08,401473564,Akron Zips,Toledo Rockets,74,84,0,2,2006,2649,40.9,52.0
2023-02-08,401473565,Northern Illinois Huskies,Ohio Bobcats,76,82,0,2,2459,195,45.9,50.9
2023-02-08,401473566,Miami (OH) RedHawks,Western Michigan Broncos,85,78,0,2,193,2711,46.4,50.0
2023-02-08,401473567,Buffalo Bulls,Eastern Michigan Eagles,102,97,0,2,2084,2199,52.2,57.1
2023-02-08,401473568,Central Michigan Chippewas,Ball State Cardinals,51,65,0,2,2117,2050,33.9,45.7
2023-02-08,401479779,UNC Greensboro Spartans,East Tennessee State Buccaneers,91,65,0,2,2430,2193,55.7,40.7
2023-02-08,401480429,UNC Asheville Bulldogs,Winthrop Eagles,86,79,0,2,2427,2737,48.3,46.3
2023-02-08,401482849,Air Force Falcons,Colorado State Rams,53,69,0,2,2005,36,41.7,55.8
2023-02-08,401482850,New Mexico Lobos,Nevada Wolf Pack,76,77,0,2,167,2440,46.2,50.0
2023-02-08,401482852,Fresno State Bulldogs,San José State Spartans,70,62,0,2,278,23,54.0,35.0
2023-02-08,401484471,VCU Rams,Dayton Flyers,58,62,0,2,2670,2168,39.3,44.0
2023-02-08,401484472,Saint Louis Billikens,Rhode Island Rams,76,71,0,2,139,227,44.3,43.6
2023-02-08,401484598,Georgia Bulldogs,Ole Miss Rebels,74,78,0,2,61,145,45.6,42.6
2023-02-08,401484599,Kentucky Wildcats,Arkansas Razorbacks,73,88,0,2,96,8,46.8,62.7
2023-02-08,401484600,Missouri Tigers,South Carolina Gamecocks,83,74,0,2,142,2579,50.9,52.0
2023-02-08,401484601,Texas A&M Aggies,Auburn Tigers,83,78,0,2,245,2,42.6,46.9
2023-02-08,401484940,Michigan State Spartans,Maryland Terrapins,63,58,0,2,127,120,44.0,39.2
2023-02-08,401484942,Michigan Wolverines,Nebraska Cornhuskers,93,72,0,2,130,158,57.6,48.3
2023-02-08,401485253,Butler Bulldogs,St. John's Red Storm,68,66,0,2,2086,2599,41.1,49.2
2023-02-08,401485254,Seton Hall Pirates,Creighton Bluejays,62,75,0,2,2550,156,42.9,61.4
2023-02-08,401488478,Pittsburgh Panthers,Louisville Cardinals,91,57,0,2,221,97,54.9,27.6
2023-02-08,401488479,Wake Forest Demon Deacons,North Carolina Tar Heels,92,85,0,2,154,153,43.5,40.5
2023-02-08,401488480,Virginia Cavaliers,NC State Wolfpack,63,50,0,2,258,152,44.7,33.3
2023-02-08,401490204,Murray State Racers,Drake Bulldogs,68,92,0,2,93,2181,38.3,58.9
2023-02-08,401490476,Delaware State Hornets,Chicago State Cougars,66,60,0,2,2169,2130,44.3,40.8
2023-02-08,401490560,Army Black Knights,Loyola Maryland Greyhounds,76,70,0,2,349,2352,52.7,48.1
2023-02-08,401492731,Tulane Green Wave,Cincinnati Bearcats,101,94,0,2,2655,2132,51.5,37.3
2023-02-08,401493426,Kansas State Wildcats,TCU Horned Frogs,82,61,0,2,2306,2628,45.9,43.9
2023-02-09,401469933,Delaware Blue Hens,Drexel Dragons,54,58,0,2,48,2182,40.4,42.6
2023-02-09,401469934,Towson Tigers,Hampton Pirates,86,72,0,2,119,2261,46.8,41.0
2023-02-09,401469935,North Carolina A&T Aggies,Elon Phoenix,66,61,0,2,2448,2210,33.3,35.5
2023-02-09,401469936,Charleston Cougars,UNC Wilmington Seahawks,93,61,0,2,232,350,52.5,39.2
2023-02-09,401470051,Wright State Raiders,IU Indianapolis Jaguars,103,71,0,2,2750,85,58.1,44.6
2023-02-09,401473482,St. Francis Brooklyn Terriers,Wagner Seahawks,64,62,0,2,2597,2681,38.3,35.6
2023-02-09,401473483,Saint Francis Red Wolves,Sacred Heart Pioneers,78,76,0,2,2598,2529,52.8,36.0
2023-02-09,401479777,Chattanooga Mocs,The Citadel Bulldogs,82,63,0,2,236,2643,49.2,45.1
2023-02-09,401479778,VMI Keydets,Furman Paladins,63,94,0,2,2678,231,36.1,53.7
2023-02-09,401479780,Mercer Bears,Samford Bulldogs,69,70,0,2,2382,2535,45.9,40.7
2023-02-09,401479781,Wofford Terriers,Western Carolina Catamounts,91,95,0,2,2747,2717,51.4,42.1
2023-02-09,401480425,Campbell Fighting Camels,High Point Panthers,82,66,0,2,2097,2272,58.8,41.4
2023-02-09,401480426,South Carolina Upstate Spartans,Charleston Southern Buccaneers,77,60,0,2,2908,2127,53.6,36.7
2023-02-09,401480428,Longwood Lancers,Presbyterian Blue Hose,66,46,0,2,2344,2506,46.2,39.2
2023-02-09,401481121,Seattle U Redhawks,Utah Tech Trailblazers,75,71,0,2,2547,3101,44.6,47.1
2023-02-09,401481122,Utah Valley Wolverines,California Baptist Lancers,71,55,0,2,3084,2856,45.9,42.3
2023-02-09,401481124,Grand Canyon Lopes,New Mexico State Aggies,78,67,0,2,2253,166,48.1,40.0
2023-02-09,401482851,Utah State Aggies,San Diego State Aztecs,61,63,0,2,328,21,38.5,39.7
2023-02-09,401482853,Wyoming Cowboys,UNLV Rebels,59,69,0,2,2751,2439,38.5,33.3
2023-02-09,401484473,Duquesne Dukes,George Mason Patriots,75,52,0,2,2184,2244,46.0,37.3
2023-02-09,401484474,St. Bonaventure Bonnies,La Salle Explorers,70,76,0,2,179,2325,47.4,51.9
2023-02-09,401484475,Fordham Rams,Massachusetts Minutemen,77,67,0,2,2230,113,40.4,49.0
2023-02-09,401484476,George Washington Revolutionaries,Richmond Spiders,107,105,0,2,45,257,55.6,51.4
2023-02-09,401484477,Loyola Chicago Ramblers,Saint Joseph's Hawks,71,83,0,2,2350,2603,48.1,41.2
2023-02-09,401484602,Vanderbilt Commodores,Tennessee Volunteers,66,65,0,2,238,2633,43.6,46.7
2023-02-09,401484603,Alabama Crimson Tide,Florida Gators,97,69,0,2,333,57,49.3,34.9
2023-02-09,401484604,Mississippi State Bulldogs,LSU Tigers,64,53,0,2,344,99,52.0,42.6
2023-02-09,401484941,Penn State Nittany Lions,Wisconsin Badgers,74,79,0,2,213,275,49.2,52.8
2023-02-09,401485255,Providence Friars,Georgetown Hoyas,74,62,0,2,2507,46,43.8,40.0
2023-02-09,401485256,Villanova Wildcats,DePaul Blue Demons,81,65,0,2,222,305,51.7,43.9
2023-02-09,401488136,Navy Midshipmen,Bucknell Bison,71,65,0,2,2426,2083,46.9,45.6
2023-02-09,401488314,New Hampshire Wildcats,Binghamton Bearcats,64,66,0,2,160,2066,40.8,47.5
2023-02-09,401488315,UAlbany Great Danes,Bryant Bulldogs,62,87,0,2,399,2803,34.4,49.2
2023-02-09,401488316,UMBC Retrievers,NJIT Highlanders,72,63,0,2,2378,2885,45.5,41.7
2023-02-09,401488317,Maine Black Bears,Vermont Catamounts,65,74,0,2,311,261,49.0,40.0
2023-02-09,401488481,Virginia Tech Hokies,Boston College Eagles,76,82,0,2,259,103,41.9,49.2
2023-02-09,401488482,Georgia Tech Yellow Jackets,Notre Dame Fighting Irish,70,68,0,2,59,87,45.0,41.1
2023-02-09,401488483,Florida State Seminoles,Syracuse Orange,67,76,0,2,52,183,38.8,45.2
2023-02-09,401490205,Illinois State Redbirds,Bradley Braves,61,79,0,2,2287,71,40.0,50.8
2023-02-09,401490206,Indiana State Sycamores,Valparaiso Beacons,84,62,0,2,282,2674,48.4,43.4
2023-02-09,401490207,Missouri State Bears,Belmont Bruins,61,59,0,2,2623,2057,43.1,42.9
2023-02-09,401490208,Evansville Purple Aces,Northern Iowa Panthers,71,59,0,2,339,2460,50.0,39.3
2023-02-09,401490209,Southern Illinois Salukis,UIC Flames,68,66,0,2,79,82,53.7,34.4
2023-02-09,401490539,Boston University Terriers,American University Eagles,60,54,0,2,104,44,40.4,47.5
2023-02-09,401491286,Colgate Raiders,Lehigh Mountain Hawks,81,53,0,2,2142,2329,53.8,36.1
2023-02-09,401492732,South Florida Bulls,Memphis Tigers,81,99,0,2,58,235,49.1,52.9
2023-02-09,401492733,Houston Cougars,Tulsa Golden Hurricane,80,42,0,2,248,202,46.3,27.8
2023-02-09,401492734,SMU Mustangs,Temple Owls,72,71,0,2,2567,218,42.9,42.9
2023-02-09,401492735,Wichita State Shockers,UCF Knights,67,72,0,2,2724,2116,51.1,38.1
2023-02-09,401493427,West Virginia Mountaineers,Iowa State Cyclones,76,71,0,2,277,66,42.0,46.0
2023-02-09,401493428,Oklahoma State Cowboys,Texas Tech Red Raiders,71,68,0,2,197,2641,44.1,46.4
2023-02-09,401493429,Baylor Bears,Oklahoma Sooners,82,72,0,2,239,201,46.6,49.2
2023-02-09,401497516,Hartford Hawks,Central Connecticut Blue Devils,73,82,0,2,42,2115,48.1,56.6
2023-02-10,401469605,North Alabama Lions,Austin Peay Governors,70,57,0,2,2453,2046,49.1,37.9
2023-02-10,401469606,North Florida Ospreys,Florida Gulf Coast Eagles,66,68,0,2,2454,526,43.1,51.9
2023-02-10,401469607,Queens University Royals,Eastern Kentucky Colonels,80,84,0,2,2511,2198,41.9,49.3
2023-02-10,401469608,Jacksonville Dolphins,Stetson Hatters,67,70,0,2,294,56,41.8,40.7
2023-02-10,401469609,Jacksonville State Gamecocks,Kennesaw State Owls,52,54,0,2,55,338,34.0,29.8
2023-02-10,401469610,Liberty Flames,Bellarmine Knights,70,50,0,2,2335,91,51.1,38.3
2023-02-10,401469611,Central Arkansas Bears,Lipscomb Bisons,81,93,0,2,2110,288,39.2,54.5
2023-02-10,401469705,Idaho State Bengals,Montana Grizzlies,61,69,0,2,304,149,44.8,44.0
2023-02-10,401469706,Weber State Wildcats,Montana State Bobcats,73,63,0,2,2692,147,56.5,51.0
2023-02-10,401469707,Northern Arizona Lumberjacks,Sacramento State Hornets,77,55,0,2,2464,16,47.5,37.7
2023-02-10,401469708,Northern Colorado Bears,Portland State Vikings,88,79,0,2,2458,2502,58.3,42.4
2023-02-10,401469806,Long Beach State Beach,UC Santa Barbara Gauchos,72,75,0,2,299,2540,47.5,50.9
2023-02-10,401469807,UC Riverside Highlanders,UC Davis Aggies,72,65,0,2,27,302,42.4,42.3
2023-02-10,401469808,Hawai'i Rainbow Warriors,UC San Diego Tritons,69,62,0,2,62,28,44.8,40.0
2023-02-10,401469809,UC Irvine Anteaters,Cal Poly Mustangs,55,54,0,2,300,13,35.4,30.4
2023-02-10,401469810,Cal State Bakersfield Roadrunners,Cal State Northridge Matadors,73,58,0,2,2934,2463,49.1,45.2
2023-02-10,401470052,Milwaukee Panthers,Detroit Mercy Titans,94,89,0,2,270,2174,58.2,40.0
2023-02-10,401470053,Green Bay Phoenix,Oakland Golden Grizzlies,47,59,0,2,2739,2473,27.5,38.3
2023-02-10,401470144,Lindenwood Lions,SIU Edwardsville Cougars,58,63,0,2,2815,2565,38.3,37.0
2023-02-10,401470145,Little Rock Trojans,Morehead State Eagles,72,68,0,2,2031,2413,41.9,38.3
2023-02-10,401470146,Eastern Illinois Panthers,UT Martin Skyhawks,77,75,0,2,2197,2630,43.6,46.4
2023-02-10,401470147,Tennessee Tech Golden Eagles,Southern Indiana Screaming Eagles,84,69,0,2,2635,88,50.8,40.9
2023-02-10,401470148,Tennessee State Tigers,Southeast Missouri State Redhawks,85,65,0,2,2634,2546,42.9,38.2
2023-02-10,401470237,North Dakota Fighting Hawks,Denver Pioneers,86,63,0,2,155,2172,55.9,43.6
2023-02-10,401470238,North Dakota State Bison,Omaha Mavericks,84,58,0,2,2449,2437,51.7,34.8
2023-02-10,401470239,Western Illinois Leathernecks,Kansas City Roos,64,76,0,2,2710,140,44.0,56.9
2023-02-10,401470240,St. Thomas Tommies,Oral Roberts Golden Eagles,88,95,0,2,2900,198,50.0,56.9
2023-02-10,401470348,UL Monroe Warhawks,App State Mountaineers,45,52,0,2,2433,2026,25.4,39.6
2023-02-10,401470349,Coastal Carolina Chanticleers,Marshall Thundering Herd,74,92,0,2,324,276,39.7,46.8
2023-02-10,401470350,Georgia State Panthers,Old Dominion Monarchs,60,63,0,2,2247,295,48.0,39.3
2023-02-10,401470351,Georgia Southern Eagles,James Madison Dukes,76,73,0,2,290,256,43.9,39.7
2023-02-10,401470352,Texas State Bobcats,Arkansas State Red Wolves,66,62,0,2,326,2032,50.0,40.0
2023-02-10,401470353,Southern Miss Golden Eagles,Louisiana Ragin' Cajuns,82,71,0,2,2572,309,52.9,36.9
2023-02-10,401470354,Troy Trojans,South Alabama Jaguars,61,57,0,2,2653,6,41.8,34.9
2023-02-10,401470443,Pepperdine Waves,BYU Cougars,92,80,0,2,2492,252,56.9,48.3
2023-02-10,401470444,Santa Clara Broncos,San Diego Toreros,80,75,0,2,2541,301,46.9,50.8
2023-02-10,401470445,Gonzaga Bulldogs,San Francisco Dons,99,81,0,2,2250,2539,53.1,46.8
2023-02-10,401470446,Portland Pilots,Pacific Tigers,81,73,0,2,2501,279,41.1,40.3
2023-02-10,401470447,Loyola Marymount Lions,Saint Mary's Gaels,78,74,0,2,2351,2608,46.4,41.5
2023-02-10,401473480,Long Island University Sharks,Fairleigh Dickinson Knights,79,80,0,2,112358,161,44.4,46.0
2023-02-10,401473481,Merrimack Warriors,Stonehill Skyhawks,56,43,0,2,2771,284,36.4,37.0
2023-02-10,401473571,Buffalo Bulls,Kent State Golden Flashes,65,72,0,2,2084,2309,46.0,42.9
2023-02-10,401480427,Radford Highlanders,Gardner-Webb Runnin' Bulldogs,48,61,0,2,2515,2241,32.2,51.2
2023-02-10,401481123,Southern Utah Thunderbirds,Tarleton State Texans,72,62,0,2,253,2627,50.0,39.2
2023-02-10,401481125,UT Rio Grande Valley Vaqueros,UT Arlington Mavericks,58,64,0,2,292,250,37.7,44.6
2023-02-10,401484943,Ohio State Buckeyes,Northwestern Wildcats,63,69,0,2,194,77,50.0,46.2
2023-02-10,401484944,Purdue Boilermakers,Iowa Hawkeyes,87,73,0,2,2509,2294,55.0,44.9
2023-02-10,401485426,Incarnate Word Cardinals,Lamar Cardinals,59,68,0,2,2916,2320,35.1,43.9
2023-02-10,401485427,McNeese Cowboys,SE Louisiana Lions,69,66,0,2,2377,2545,42.9,46.7
2023-02-10,401485428,Nicholls Colonels,LSU New Orleans Privateers,84,59,0,2,2447,2443,50.8,34.9
2023-02-10,401485429,Texas A&M-Corpus Christi Islanders,Houston Christian Huskies,91,68,0,2,357,2277,50.0,31.7
2023-02-10,401485430,East Texas A&M Lions,Northwestern State Demons,82,88,0,2,2837,2466,47.7,56.9
2023-02-10,401487095,UTEP Miners,Charlotte 49ers,53,62,0,2,2638,2429,42.6,47.7
2023-02-10,401487124,Florida Atlantic Owls,Rice Owls,90,81,0,2,2226,242,49.2,46.0
2023-02-10,401487148,North Texas Mean Green,UAB Blazers,82,79,0,2,249,5,46.4,46.3
2023-02-10,401489764,Western Kentucky Hilltoppers,Middle Tennessee Blue Raiders,93,89,0,2,98,2393,54.5,54.0
2023-02-10,401490378,California Golden Bears,Arizona Wildcats,62,85,0,2,25,12,41.7,50.7
2023-02-10,401490379,Oregon Ducks,USC Trojans,78,60,0,2,2483,30,53.8,41.1
2023-02-10,401490380,Oregon State Beavers,UCLA Bruins,47,62,0,2,204,26,35.6,50.0
2023-02-10,401490381,Stanford Cardinal,Arizona State Sun Devils,65,69,0,2,24,9,37.1,41.5
2023-02-10,401492640,Florida International Panthers,Louisiana Tech Bulldogs,66,62,0,2,2229,2348,44.9,36.5
2023-02-11,401469612,Central Arkansas Bears,Austin Peay Governors,76,69,0,2,2110,2046,47.5,38.3
2023-02-11,401469613,Queens University Royals,Bellarmine Knights,84,88,0,2,2511,91,40.3,53.4
2023-02-11,401469615,Jacksonville Dolphins,Florida Gulf Coast Eagles,51,62,0,2,294,526,40.8,45.5
2023-02-11,401469617,North Florida Ospreys,Stetson Hatters,92,81,0,2,2454,56,54.7,49.2
2023-02-11,401469618,Kennesaw State Owls,Jacksonville State Gamecocks,74,71,0,2,338,55,43.9,46.2
2023-02-11,401469709,Idaho Vandals,Eastern Washington Eagles,66,73,0,2,70,331,37.5,39.0
2023-02-11,401469712,Northern Arizona Lumberjacks,Portland State Vikings,87,88,0,2,2464,2502,46.9,57.4
2023-02-11,401469815,Cal State Northridge Matadors,Cal Poly Mustangs,64,53,0,2,2463,13,43.8,38.8
2023-02-11,401469938,Monmouth Hawks,Hofstra Pride,57,86,0,2,2405,2275,31.7,51.6
2023-02-11,401469939,Drexel Dragons,Towson Tigers,73,66,0,2,2182,119,45.3,40.7
2023-02-11,401469940,Elon Phoenix,William & Mary Tribe,66,55,0,2,2210,2729,50.0,35.1
2023-02-11,401469941,Stony Brook Seawolves,North Carolina A&T Aggies,69,59,0,2,2619,2448,38.6,34.9
2023-02-11,401469942,Hampton Pirates,Charleston Cougars,70,83,0,2,2261,232,41.8,49.2
2023-02-11,401470054,Cleveland State Vikings,Robert Morris Colonials,57,55,0,2,325,2523,34.4,39.6
2023-02-11,401470055,Purdue Fort Wayne Mastodons,Youngstown State Penguins,72,81,0,2,2870,2754,41.9,53.4
2023-02-11,401470056,Wright State Raiders,Northern Kentucky Norse,83,65,0,2,2750,94,58.2,36.4
2023-02-11,401470150,UT Martin Skyhawks,Little Rock Trojans,84,61,0,2,2630,2031,46.2,36.4
2023-02-11,401470151,SIU Edwardsville Cougars,Eastern Illinois Panthers,73,84,0,2,2565,2197,41.0,56.7
2023-02-11,401470152,Southeast Missouri State Redhawks,Morehead State Eagles,59,65,0,2,2546,2413,38.8,43.9
2023-02-11,401470153,Tennessee State Tigers,Tennessee Tech Golden Eagles,67,53,0,2,2634,2635,44.4,28.3
2023-02-11,401470241,North Dakota State Bison,Denver Pioneers,78,70,0,2,2449,2172,42.6,45.0
2023-02-11,401470242,North Dakota Fighting Hawks,Omaha Mavericks,76,73,0,2,155,2437,40.3,47.1
2023-02-11,401470244,Western Illinois Leathernecks,Oral Roberts Golden Eagles,73,82,0,2,2710,198,45.3,50.8
2023-02-11,401470355,South Alabama Jaguars,App State Mountaineers,74,57,0,2,6,2026,59.2,37.7
2023-02-11,401470356,Coastal Carolina Chanticleers,James Madison Dukes,66,73,0,2,324,256,37.9,40.0
2023-02-11,401470357,Georgia State Panthers,Marshall Thundering Herd,77,88,0,2,2247,276,49.2,50.0
2023-02-11,401470358,Georgia Southern Eagles,Arkansas State Red Wolves,68,53,0,2,290,2032,43.9,35.3
2023-02-11,401470359,Texas State Bobcats,Old Dominion Monarchs,68,70,0,2,326,295,44.6,45.8
2023-02-11,401470360,Troy Trojans,Louisiana Ragin' Cajuns,80,65,0,2,2653,309,54.7,40.7
2023-02-11,401470361,Southern Miss Golden Eagles,UL Monroe Warhawks,76,67,0,2,2572,2433,48.1,37.3
2023-02-11,401470450,Portland Pilots,Saint Mary's Gaels,64,81,0,2,2501,2608,50.0,44.4
2023-02-11,401473484,Stonehill Skyhawks,St. Francis Brooklyn Terriers,62,51,0,2,284,2597,39.1,35.4
2023-02-11,401473485,Saint Francis Red Wolves,Merrimack Warriors,68,75,0,2,2598,2771,46.3,45.0
2023-02-11,401473486,Wagner Seahawks,Long Island University Sharks,58,46,0,2,2681,112358,39.3,40.0
2023-02-11,401473487,Fairleigh Dickinson Knights,Central Connecticut Blue Devils,73,77,0,2,161,2115,41.9,48.9
2023-02-11,401473569,Miami (OH) RedHawks,Central Michigan Chippewas,60,66,0,2,193,2117,42.6,42.6
2023-02-11,401473570,Northern Illinois Huskies,Western Michigan Broncos,81,53,0,2,2459,2711,52.5,33.3
2023-02-11,401473572,Ball State Cardinals,Bowling Green Falcons,93,72,0,2,2050,189,55.7,41.1
2023-02-11,401473573,Ohio Bobcats,Akron Zips,90,81,0,2,195,2006,48.4,50.8
2023-02-11,401479782,East Tennessee State Buccaneers,VMI Keydets,69,65,0,2,2193,2678,48.1,37.1
2023-02-11,401479783,Furman Paladins,Western Carolina Catamounts,93,59,0,2,231,2717,49.3,31.7
2023-02-11,401479784,Chattanooga Mocs,Mercer Bears,73,56,0,2,236,2382,49.1,34.5
2023-02-11,401479785,Samford Bulldogs,The Citadel Bulldogs,76,70,0,2,2535,2643,48.1,52.0
2023-02-11,401480430,Gardner-Webb Runnin' Bulldogs,Campbell Fighting Camels,77,73,0,2,2241,2097,48.3,39.1
2023-02-11,401480431,Charleston Southern Buccaneers,Radford Highlanders,71,90,0,2,2127,2515,48.3,55.2
2023-02-11,401480433,Presbyterian Blue Hose,UNC Asheville Bulldogs,72,76,0,2,2506,2427,52.8,53.2
2023-02-11,401480434,Winthrop Eagles,South Carolina Upstate Spartans,70,79,0,2,2737,2908,35.1,51.8
2023-02-11,401482854,Nevada Wolf Pack,Fresno State Bulldogs,77,66,0,2,2440,278,54.5,41.4
2023-02-11,401482855,Air Force Falcons,New Mexico Lobos,89,77,0,2,2005,167,66.0,50.9
2023-02-11,401482856,San Diego State Aztecs,UNLV Rebels,82,71,0,2,21,2439,51.7,40.7
2023-02-11,401484478,Dayton Flyers,Saint Louis Billikens,70,56,0,2,2168,139,47.8,37.7
2023-02-11,401484479,Duquesne Dukes,St. Bonaventure Bonnies,56,54,0,2,2184,179,36.8,50.0
2023-02-11,401484480,Davidson Wildcats,Fordham Rams,71,73,0,2,2166,2230,47.5,41.3
2023-02-11,401484481,Saint Joseph's Hawks,George Washington Revolutionaries,81,69,0,2,2603,45,43.1,38.3
2023-02-11,401484482,La Salle Explorers,Massachusetts Minutemen,86,72,0,2,2325,113,53.3,41.0
2023-02-11,401484483,George Mason Patriots,Rhode Island Rams,75,67,0,2,2244,227,52.0,39.6
2023-02-11,401484484,Richmond Spiders,Loyola Chicago Ramblers,74,71,0,2,257,2350,54.2,51.9
2023-02-11,401484605,Florida Gators,Vanderbilt Commodores,80,88,0,2,57,238,47.8,48.3
2023-02-11,401484606,Ole Miss Rebels,South Carolina Gamecocks,61,64,0,2,145,2579,37.0,42.0
2023-02-11,401484607,Tennessee Volunteers,Missouri Tigers,85,86,0,2,2633,142,45.3,52.6
2023-02-11,401484608,Arkansas Razorbacks,Mississippi State Bulldogs,64,70,0,2,8,344,42.9,47.4
2023-02-11,401484609,Auburn Tigers,Alabama Crimson Tide,69,77,0,2,2,333,32.3,59.2
2023-02-11,401484610,Georgia Bulldogs,Kentucky Wildcats,75,68,0,2,61,96,40.7,38.5
2023-02-11,401484945,Michigan Wolverines,Indiana Hoosiers,61,62,0,2,130,84,42.6,43.4
2023-02-11,401484946,Maryland Terrapins,Penn State Nittany Lions,74,68,0,2,120,213,53.2,50.9
2023-02-11,401484947,Illinois Fighting Illini,Rutgers Scarlet Knights,69,60,0,2,356,164,48.2,34.8
2023-02-11,401484948,Nebraska Cornhuskers,Wisconsin Badgers,73,63,0,2,158,275,46.3,36.2
2023-02-11,401485257,Butler Bulldogs,Xavier Musketeers,69,67,0,2,2086,2752,54.3,46.4
2023-02-11,401485258,Georgetown Hoyas,Marquette Golden Eagles,75,89,0,2,46,269,44.8,52.2
2023-02-11,401485259,St. John's Red Storm,Providence Friars,73,68,0,2,2599,2507,44.3,33.3
2023-02-11,401485260,Creighton Bluejays,UConn Huskies,56,53,0,2,156,41,39.6,32.3
2023-02-11,401485431,Incarnate Word Cardinals,Houston Christian Huskies,78,84,0,2,2916,2277,50.0,51.0
2023-02-11,401485432,LSU New Orleans Privateers,McNeese Cowboys,78,79,0,2,2443,2377,56.6,48.1
2023-02-11,401485433,Northwestern State Demons,East Texas A&M Lions,72,64,0,2,2466,2837,45.9,46.0
2023-02-11,401485434,SE Louisiana Lions,Nicholls Colonels,77,88,0,2,2545,2447,47.3,47.7
2023-02-11,401485435,Texas A&M-Corpus Christi Islanders,Lamar Cardinals,61,52,0,2,357,2320,46.0,36.0
2023-02-11,401485490,Maryland Eastern Shore Hawks,Norfolk State Spartans,73,76,0,2,2379,2450,42.0,47.2
2023-02-11,401487025,Canisius Golden Griffins,Iona Gaels,59,80,0,2,2099,314,37.7,64.7
2023-02-11,401487026,Mount St. Mary's Mountaineers,Siena Saints,65,72,0,2,116,2561,39.3,40.4
2023-02-11,401487027,Niagara Purple Eagles,Quinnipiac Bobcats,79,73,0,2,315,2514,44.1,37.7
2023-02-11,401487028,Rider Broncs,Fairfield Stags,58,57,0,2,2520,2217,47.2,47.9
2023-02-11,401487029,Saint Peter's Peacocks,Marist Red Foxes,67,56,0,2,2612,2368,34.5,31.1
2023-02-11,401487096,North Texas Mean Green,Charlotte 49ers,67,43,0,2,249,2429,59.5,30.8
2023-02-11,401487149,UAB Blazers,Middle Tennessee Blue Raiders,92,69,0,2,5,2393,50.8,41.8
2023-02-11,401487169,UTSA Roadrunners,UTEP Miners,66,77,0,2,2636,2638,44.9,44.3
2023-02-11,401487347,Brown Bears,Cornell Big Red,80,66,0,2,225,172,53.7,37.9
2023-02-11,401487383,Dartmouth Big Green,Princeton Tigers,83,76,0,2,159,163,50.0,39.7
2023-02-11,401487445,Harvard Crimson,Pennsylvania Quakers,72,80,0,2,108,219,41.4,44.6
2023-02-11,401488137,Navy Midshipmen,Army Black Knights,70,53,0,2,2426,349,42.9,30.8
2023-02-11,401488318,Binghamton Bearcats,UAlbany Great Danes,80,66,0,2,2066,399,50.9,44.2
2023-02-11,401488319,UMBC Retrievers,Bryant Bulldogs,76,73,0,2,2378,2803,45.8,48.1
2023-02-11,401488320,NJIT Highlanders,Maine Black Bears,65,50,0,2,2885,311,45.3,40.4
2023-02-11,401488484,North Carolina Tar Heels,Clemson Tigers,91,71,0,2,153,228,47.8,45.3
2023-02-11,401488485,Virginia Cavaliers,Duke Blue Devils,69,62,0,2,258,150,51.9,44.9
2023-02-11,401488486,Wake Forest Demon Deacons,Georgia Tech Yellow Jackets,71,70,0,2,154,59,44.2,40.9
2023-02-11,401488488,Boston College Eagles,NC State Wolfpack,62,92,0,2,103,152,42.6,55.2
2023-02-11,401488489,Florida State Seminoles,Pittsburgh Panthers,75,83,0,2,52,221,42.4,40.9
2023-02-11,401488490,Notre Dame Fighting Irish,Virginia Tech Hokies,87,93,0,2,87,259,54.8,57.1
2023-02-11,401489728,Florida Atlantic Owls,Louisiana Tech Bulldogs,90,85,0,2,2226,2348,46.0,51.7
2023-02-11,401490210,Bradley Braves,Murray State Racers,83,48,0,2,71,93,54.4,29.5
2023-02-11,401490211,Belmont Bruins,UIC Flames,98,71,0,2,2057,82,57.1,41.9
2023-02-11,401490212,Drake Bulldogs,Southern Illinois Salukis,82,59,0,2,2181,79,56.9,36.5
2023-02-11,401490214,Northern Iowa Panthers,Indiana State Sycamores,62,80,0,2,2460,282,40.4,46.2
2023-02-11,401490384,Oregon State Beavers,USC Trojans,61,58,0,2,204,30,31.3,32.1
2023-02-11,401490458,South Carolina State Bulldogs,Coppin State Eagles,94,84,0,2,2569,2154,58.7,53.1
2023-02-11,401490477,Delaware State Hornets,Howard Bison,85,86,0,2,2169,47,43.3,50.0
2023-02-11,401490540,American University Eagles,Holy Cross Crusaders,66,74,0,2,44,107,57.4,46.6
2023-02-11,401491287,Bucknell Bison,Colgate Raiders,56,76,0,2,2083,2142,42.3,50.0
2023-02-11,401492156,Arkansas-Pine Bluff Golden Lions,Alabama State Hornets,71,74,0,2,2029,2011,42.9,49.0
2023-02-11,401492190,Bethune-Cookman Wildcats,Alcorn State Braves,74,76,0,2,2065,2016,45.0,40.5
2023-02-11,401492238,Grambling Tigers,Texas Southern Tigers,65,46,0,2,2755,2640,35.8,32.7
2023-02-11,401492251,Lafayette Leopards,Boston University Terriers,69,65,0,2,322,104,45.3,42.6
2023-02-11,401493430,Texas Longhorns,West Virginia Mountaineers,94,60,0,2,251,277,46.9,35.2
2023-02-11,401493431,Oklahoma Sooners,Kansas Jayhawks,55,78,0,2,201,2305,35.7,55.0
2023-02-11,401493432,TCU Horned Frogs,Baylor Bears,68,72,0,2,2628,239,52.8,46.3
2023-02-11,401493433,Iowa State Cyclones,Oklahoma State Cowboys,56,64,0,2,66,197,35.1,47.7
2023-02-11,401493711,Chicago State Cougars,Saint Xavier Cougars,91,67,0,2,2130,2615,43.1,41.5
2023-02-11,401493845,Southern Jaguars,Prairie View A&M Panthers,79,65,0,2,2582,2504,41.5,42.6
2023-02-11,401496894,North Carolina Central Eagles,Morgan State Bears,83,63,0,2,2428,2415,51.9,40.4
2023-02-11,401497895,Florida A&M Rattlers,Jackson State Tigers,58,69,0,2,50,2296,39.2,46.4
2023-02-12,401469614,Liberty Flames,Eastern Kentucky Colonels,83,73,0,2,2335,2198,47.5,45.0
2023-02-12,401469616,North Alabama Lions,Lipscomb Bisons,80,70,0,2,2453,288,49.2,44.8
2023-02-12,401469710,Idaho State Bengals,Montana State Bobcats,52,58,0,2,304,147,39.1,35.3
2023-02-12,401469711,Weber State Wildcats,Montana Grizzlies,69,74,0,2,2692,149,48.3,51.9
2023-02-12,401469713,Northern Colorado Bears,Sacramento State Hornets,70,54,0,2,2458,16,45.0,29.9
2023-02-12,401469811,UC Irvine Anteaters,UC Riverside Highlanders,83,64,0,2,300,27,56.7,35.6
2023-02-12,401469812,Hawai'i Rainbow Warriors,Cal State Fullerton Titans,51,52,0,2,62,2239,29.6,37.0
2023-02-12,401469813,UC Santa Barbara Gauchos,UC Davis Aggies,84,74,0,2,2540,302,61.1,43.1
2023-02-12,401469814,Cal State Bakersfield Roadrunners,Long Beach State Beach,69,79,0,2,2934,299,47.5,50.0
2023-02-12,401469937,UNC Wilmington Seahawks,Northeastern Huskies,71,59,0,2,350,111,45.5,47.7
2023-02-12,401470057,Milwaukee Panthers,Oakland Golden Grizzlies,80,77,0,2,270,2473,50.8,40.8
2023-02-12,401470058,Green Bay Phoenix,Detroit Mercy Titans,71,76,0,2,2739,2174,41.3,42.3
2023-02-12,401470059,Cleveland State Vikings,Youngstown State Penguins,81,78,0,2,325,2754,48.3,43.1
2023-02-12,401470060,Purdue Fort Wayne Mastodons,Robert Morris Colonials,64,71,0,2,2870,2523,42.9,44.4
2023-02-12,401470061,Northern Kentucky Norse,IU Indianapolis Jaguars,86,47,0,2,94,85,60.0,38.3
2023-02-12,401470149,Southern Indiana Screaming Eagles,Lindenwood Lions,74,64,0,2,88,2815,41.8,40.4
2023-02-12,401470243,St. Thomas Tommies,Kansas City Roos,73,43,0,2,2900,140,46.2,27.5
2023-02-12,401470245,South Dakota State Jackrabbits,South Dakota Coyotes,72,67,0,2,2571,233,43.5,44.4
2023-02-12,401470448,Gonzaga Bulldogs,BYU Cougars,88,81,0,2,2250,252,50.9,47.7
2023-02-12,401470449,Pacific Tigers,San Diego Toreros,99,94,0,2,279,301,57.6,51.5
2023-02-12,401470451,Santa Clara Broncos,Loyola Marymount Lions,71,69,0,2,2541,2351,51.1,37.1
2023-02-12,401470452,San Francisco Dons,Pepperdine Waves,88,80,0,2,2539,2492,50.0,44.1
2023-02-12,401473574,Eastern Michigan Eagles,Toledo Rockets,63,70,0,2,2199,2649,40.0,39.3
2023-02-12,401479786,UNC Greensboro Spartans,Wofford Terriers,97,89,0,2,2430,2747,44.3,51.6
2023-02-12,401480432,High Point Panthers,Longwood Lancers,67,70,0,2,2272,2344,41.2,37.3
2023-02-12,401481126,Seattle U Redhawks,Grand Canyon Lopes,63,58,0,2,2547,2253,36.4,34.4
2023-02-12,401481128,Utah Valley Wolverines,Southern Utah Thunderbirds,90,83,0,2,3084,253,42.4,40.0
2023-02-12,401481129,Utah Tech Trailblazers,Tarleton State Texans,71,75,0,2,3101,2627,44.2,59.5
2023-02-12,401481130,Abilene Christian Wildcats,Sam Houston Bearkats,62,77,0,2,2000,2534,38.9,55.1
2023-02-12,401481131,UT Rio Grande Valley Vaqueros,Stephen F. Austin Lumberjacks,72,82,0,2,292,2617,40.4,49.2
2023-02-12,401482857,San José State Spartans,Utah State Aggies,69,64,0,2,23,328,41.4,42.3
2023-02-12,401482858,Boise State Broncos,Wyoming Cowboys,75,63,0,2,68,2751,52.9,46.0
2023-02-12,401484611,LSU Tigers,Texas A&M Aggies,62,74,0,2,99,245,41.5,47.6
2023-02-12,401484949,Ohio State Buckeyes,Michigan State Spartans,41,62,0,2,194,127,28.3,45.8
2023-02-12,401484950,Minnesota Golden Gophers,Iowa Hawkeyes,56,68,0,2,135,2294,50.0,37.5
2023-02-12,401484951,Northwestern Wildcats,Purdue Boilermakers,64,58,0,2,77,2509,41.1,36.2
2023-02-12,401485261,Villanova Wildcats,Seton Hall Pirates,58,54,0,2,222,2550,42.9,39.6
2023-02-12,401487030,Canisius Golden Griffins,Quinnipiac Bobcats,85,65,0,2,2099,2514,51.6,39.3
2023-02-12,401487031,Fairfield Stags,Mount St. Mary's Mountaineers,76,72,0,2,2217,116,39.0,45.2
2023-02-12,401487032,Manhattan Jaspers,Saint Peter's Peacocks,68,52,0,2,2363,2612,40.0,35.2
2023-02-12,401487033,Niagara Purple Eagles,Iona Gaels,55,72,0,2,315,314,41.1,44.8
2023-02-12,401487034,Siena Saints,Marist Red Foxes,73,65,0,2,2561,2368,41.8,39.0
2023-02-12,401487125,Florida International Panthers,Rice Owls,78,85,0,2,2229,242,54.1,49.2
2023-02-12,401487483,Yale Bulldogs,Columbia Lions,99,68,0,2,43,171,56.7,36.8
2023-02-12,401488321,Vermont Catamounts,UMass Lowell River Hawks,93,81,0,2,261,2349,63.3,50.9
2023-02-12,401488487,Miami Hurricanes,Louisville Cardinals,93,85,0,2,2390,97,53.4,57.9
2023-02-12,401490213,Valparaiso Beacons,Illinois State Redbirds,81,76,0,2,2674,2287,54.9,46.8
2023-02-12,401490215,Evansville Purple Aces,Missouri State Bears,60,66,0,2,339,2623,39.1,42.6
2023-02-12,401490382,California Golden Bears,Arizona State Sun Devils,62,70,0,2,25,9,33.9,33.3
2023-02-12,401490383,Oregon Ducks,UCLA Bruins,63,70,0,2,2483,26,43.8,41.7
2023-02-12,401490385,Stanford Cardinal,Arizona Wildcats,88,79,0,2,24,12,61.1,45.9
2023-02-12,401490386,Utah Utes,Colorado Buffaloes,73,62,0,2,254,38,49.1,37.1
2023-02-12,401490387,Washington State Cougars,Washington Huskies,56,51,0,2,265,264,29.3,33.9
2023-02-12,401491256,Lehigh Mountain Hawks,Loyola Maryland Greyhounds,82,91,0,2,2329,2352,52.9,53.3
2023-02-12,401492737,Cincinnati Bearcats,South Florida Bulls,84,65,0,2,2132,58,47.0,41.9
2023-02-12,401492738,UCF Knights,Tulsa Golden Hurricane,96,52,0,2,2116,202,55.2,36.5
2023-02-12,401492739,Memphis Tigers,Temple Owls,86,77,0,2,235,218,56.7,51.9
2023-02-12,401492740,Wichita State Shockers,SMU Mustangs,91,89,0,2,2724,2567,57.4,46.8
2023-02-12,401493434,Texas Tech Red Raiders,Kansas State Wildcats,71,63,0,2,2641,2306,41.8,35.2
2023-02-12,401493830,Mississippi Valley State Delta Devils,Alabama A&M Bulldogs,68,70,0,2,2400,2010,42.0,41.5
2023-02-12,401527750,California Baptist Lancers,West Coast Baptist Eagles,132,46,0,2,2856,110418,55.4,28.1
2023-02-12,401527877,California Baptist Lancers,New Mexico State Aggies,2,0,0,2,2856,166,,
2023-02-14,401469943,Charleston Cougars,Northeastern Huskies,99,63,0,2,232,111,59.4,36.9
2023-02-14,401469944,Delaware Blue Hens,Stony Brook Seawolves,71,60,0,2,48,2619,47.1,36.4
2023-02-14,401469945,Hofstra Pride,Drexel Dragons,66,52,0,2,2275,2182,50.0,35.6
2023-02-14,401469946,William & Mary Tribe,Towson Tigers,68,66,0,2,2729,119,44.2,43.6
2023-02-14,401469947,Elon Phoenix,Hampton Pirates,70,68,0,2,2210,2261,42.6,46.6
2023-02-14,401469948,Monmouth Hawks,North Carolina A&T Aggies,85,71,0,2,2405,2448,50.8,40.0
2023-02-14,401484614,South Carolina Gamecocks,Vanderbilt Commodores,64,75,0,2,2579,238,36.2,38.5
2023-02-14,401485264,Seton Hall Pirates,Georgetown Hoyas,76,68,0,2,2550,46,41.5,36.5
2023-02-14,401485491,Norfolk State Spartans,Delaware State Hornets,97,58,0,2,2450,2169,58.9,36.4
2023-02-14,401488491,North Carolina Tar Heels,Miami Hurricanes,72,80,0,2,153,2390,43.9,46.4
2023-02-14,401490459,North Carolina Central Eagles,Coppin State Eagles,85,52,0,2,2428,2154,53.2,30.6
2023-02-14,401490541,Bucknell Bison,American University Eagles,73,51,0,2,2083,44,53.7,42.0
2023-02-14,401492157,Mississippi Valley State Delta Devils,Alabama State Hornets,76,70,0,2,2400,2011,50.9,47.3
2023-02-14,401492191,Florida A&M Rattlers,Alcorn State Braves,64,67,0,2,50,2016,37.5,36.7
2023-02-14,401492217,Bethune-Cookman Wildcats,Jackson State Tigers,64,91,0,2,2065,2296,35.0,64.0
2023-02-14,401492239,Grambling Tigers,Prairie View A&M Panthers,68,64,0,2,2755,2504,53.3,37.1
2023-02-14,401492360,Howard Bison,Maryland Eastern Shore Hawks,78,69,0,2,47,2379,47.4,35.1
2023-02-14,401493435,Texas Tech Red Raiders,Texas Longhorns,74,67,0,2,2641,251,46.6,39.0
2023-02-14,401493436,Baylor Bears,West Virginia Mountaineers,79,67,0,2,239,277,51.0,45.3
2023-02-14,401493846,Southern Jaguars,Texas Southern Tigers,68,79,0,2,2582,2640,37.7,47.3
2023-02-14,401494477,Arkansas-Pine Bluff Golden Lions,Alabama A&M Bulldogs,72,75,0,2,2029,2010,39.2,43.4
2023-02-14,401496884,South Carolina State Bulldogs,Morgan State Bears,74,62,0,2,2569,2415,51.8,32.8
2023-02-14,401497672,South Alabama Jaguars,Hartford Hawks,77,53,0,2,6,42,52.5,38.3
2023-02-15,401473575,Western Michigan Broncos,Kent State Golden Flashes,58,82,0,2,2711,2309,42.9,48.4
2023-02-15,401473576,Ohio Bobcats,Buffalo Bulls,85,61,0,2,195,2084,46.9,34.4
2023-02-15,401473577,Bowling Green Falcons,Central Michigan Chippewas,74,77,0,2,189,2117,43.9,52.8
2023-02-15,401473578,Ball State Cardinals,Northern Illinois Huskies,87,77,0,2,2050,2459,51.7,46.0
2023-02-15,401473579,Toledo Rockets,Miami (OH) RedHawks,89,71,0,2,2649,193,50.0,49.2
2023-02-15,401473580,Eastern Michigan Eagles,Akron Zips,51,78,0,2,2199,2006,38.0,43.8
2023-02-15,401482859,Utah State Aggies,Air Force Falcons,80,65,0,2,328,2005,48.3,43.6
2023-02-15,401482862,UNLV Rebels,San José State Spartans,66,75,0,2,2439,23,36.5,48.2
2023-02-15,401482863,New Mexico Lobos,Wyoming Cowboys,56,70,0,2,167,2751,36.8,42.6
2023-02-15,401484485,Massachusetts Minutemen,Loyola Chicago Ramblers,62,64,0,2,113,2350,42.1,41.2
2023-02-15,401484612,Auburn Tigers,Missouri Tigers,89,56,0,2,2,142,48.5,31.6
2023-02-15,401484613,Georgia Bulldogs,LSU Tigers,65,63,0,2,61,99,44.0,38.5
2023-02-15,401484618,Florida Gators,Ole Miss Rebels,79,64,0,2,57,145,59.2,39.7
2023-02-15,401484952,Penn State Nittany Lions,Illinois Fighting Illini,93,81,0,2,213,356,57.9,47.5
2023-02-15,401484953,Wisconsin Badgers,Michigan Wolverines,64,59,0,2,275,130,33.3,42.1
2023-02-15,401484954,Rutgers Scarlet Knights,Nebraska Cornhuskers,72,82,0,2,164,158,45.9,58.2
2023-02-15,401485262,Providence Friars,Creighton Bluejays,94,86,0,2,2507,156,44.7,47.8
2023-02-15,401485263,DePaul Blue Demons,St. John's Red Storm,83,92,0,2,305,2599,39.5,37.2
2023-02-15,401485265,Villanova Wildcats,Butler Bulldogs,62,50,0,2,222,2086,35.2,37.7
2023-02-15,401488492,Pittsburgh Panthers,Boston College Eagles,77,58,0,2,221,103,43.3,33.9
2023-02-15,401488493,Duke Blue Devils,Notre Dame Fighting Irish,68,64,0,2,150,87,43.1,42.6
2023-02-15,401488494,Syracuse Orange,NC State Wolfpack,75,72,0,2,183,152,43.5,41.7
2023-02-15,401490216,Valparaiso Beacons,Southern Illinois Salukis,62,66,0,2,2674,79,42.0,48.0
2023-02-15,401493437,Oklahoma Sooners,Kansas State Wildcats,79,65,0,2,201,2306,51.0,43.1
2023-02-15,401493438,Oklahoma State Cowboys,Kansas Jayhawks,76,87,0,2,197,2305,50.0,53.8
2023-02-16,401469619,Stetson Hatters,Florida Gulf Coast Eagles,75,72,0,2,56,526,47.3,44.4
2023-02-16,401469816,UC Santa Barbara Gauchos,UC Irvine Anteaters,59,70,0,2,2540,300,42.0,46.4
2023-02-16,401469817,UC San Diego Tritons,Cal State Fullerton Titans,73,76,0,2,28,2239,51.9,49.1
2023-02-16,401469818,Cal Poly Mustangs,Cal State Bakersfield Roadrunners,62,70,0,2,13,2934,40.4,43.4
2023-02-16,401469819,UC Riverside Highlanders,Long Beach State Beach,88,76,0,2,27,299,48.6,48.1
2023-02-16,401469820,UC Davis Aggies,Cal State Northridge Matadors,73,62,0,2,302,2463,43.9,37.9
2023-02-16,401470062,Oakland Golden Grizzlies,IU Indianapolis Jaguars,85,81,0,2,2473,85,49.2,56.1
2023-02-16,401470362,App State Mountaineers,Texas State Bobcats,82,75,0,2,2026,326,55.1,44.6
2023-02-16,401473491,St. Francis Brooklyn Terriers,Saint Francis Red Wolves,64,72,0,2,2597,2598,38.8,48.1
2023-02-16,401479787,Samford Bulldogs,UNC Greensboro Spartans,83,71,0,2,2535,2430,44.6,34.8
2023-02-16,401479788,Wofford Terriers,Mercer Bears,70,67,0,2,2747,2382,55.6,46.0
2023-02-16,401479789,Western Carolina Catamounts,East Tennessee State Buccaneers,68,66,0,2,2717,2193,52.3,39.7
2023-02-16,401479790,The Citadel Bulldogs,Furman Paladins,69,65,0,2,2643,231,46.6,43.6
2023-02-16,401479791,VMI Keydets,Chattanooga Mocs,58,78,0,2,2678,236,32.3,44.6
2023-02-16,401480435,Campbell Fighting Camels,Charleston Southern Buccaneers,67,51,0,2,2097,2127,50.0,32.3
2023-02-16,401480436,Gardner-Webb Runnin' Bulldogs,Winthrop Eagles,78,86,0,2,2241,2737,45.5,65.2
2023-02-16,401480437,Presbyterian Blue Hose,High Point Panthers,69,71,0,2,2506,2272,45.7,40.0
2023-02-16,401480438,South Carolina Upstate Spartans,Longwood Lancers,72,67,0,2,2908,2344,45.8,39.0
2023-02-16,401481132,California Baptist Lancers,Seattle U Redhawks,84,63,0,2,2856,2547,50.0,38.3
2023-02-16,401481133,Grand Canyon Lopes,UT Rio Grande Valley Vaqueros,76,77,0,2,2253,292,46.9,37.7
2023-02-16,401481134,New Mexico State Aggies,Abilene Christian Wildcats,0,2,0,2,166,2000,,
2023-02-16,401481135,Sam Houston Bearkats,UT Arlington Mavericks,66,56,0,2,2534,250,41.4,35.8
2023-02-16,401481136,Stephen F. Austin Lumberjacks,Tarleton State Texans,65,60,0,2,2617,2627,50.0,39.3
2023-02-16,401482860,Colorado State Rams,Boise State Broncos,78,80,0,2,36,68,51.8,49.2
2023-02-16,401482861,Fresno State Bulldogs,San Diego State Aztecs,43,45,0,2,278,21,30.9,32.7
2023-02-16,401484486,Saint Louis Billikens,Davidson Wildcats,78,65,0,2,139,2166,45.8,36.7
2023-02-16,401484487,George Washington Revolutionaries,George Mason Patriots,53,66,0,2,45,2244,44.2,45.8
2023-02-16,401484488,La Salle Explorers,Richmond Spiders,68,62,0,2,2325,257,46.4,43.9
2023-02-16,401484489,Duquesne Dukes,Saint Joseph's Hawks,76,62,0,2,2184,2603,50.0,39.6
2023-02-16,401484490,Fordham Rams,St. Bonaventure Bonnies,78,63,0,2,2230,179,50.0,44.4
2023-02-16,401484491,Rhode Island Rams,VCU Rams,54,55,0,2,227,2670,37.2,41.7
2023-02-16,401484615,Tennessee Volunteers,Alabama Crimson Tide,68,59,0,2,2633,333,36.5,35.4
2023-02-16,401484616,Mississippi State Bulldogs,Kentucky Wildcats,68,71,0,2,344,96,50.0,45.5
2023-02-16,401484617,Texas A&M Aggies,Arkansas Razorbacks,62,56,0,2,245,8,35.2,44.0
2023-02-16,401484955,Northwestern Wildcats,Indiana Hoosiers,64,62,0,2,77,84,36.8,48.9
2023-02-16,401484958,Maryland Terrapins,Purdue Boilermakers,68,54,0,2,120,2509,47.2,44.0
2023-02-16,401485266,Marquette Golden Eagles,Xavier Musketeers,69,68,0,2,269,2752,38.2,52.9
2023-02-16,401488138,Lehigh Mountain Hawks,Navy Midshipmen,64,75,0,2,2329,2426,38.1,43.1
2023-02-16,401488322,UAlbany Great Danes,UMBC Retrievers,81,74,0,2,399,2378,46.0,35.6
2023-02-16,401488323,Bryant Bulldogs,UMass Lowell River Hawks,71,85,0,2,2803,2349,42.1,41.9
2023-02-16,401488324,Vermont Catamounts,New Hampshire Wildcats,80,51,0,2,261,160,50.0,33.9
2023-02-16,401488325,Binghamton Bearcats,NJIT Highlanders,86,67,0,2,2066,2885,56.7,38.5
2023-02-16,401488495,Clemson Tigers,Florida State Seminoles,94,54,0,2,228,52,60.3,42.9
2023-02-16,401488496,Louisville Cardinals,Virginia Cavaliers,58,61,0,2,97,258,42.0,44.2
2023-02-16,401488497,Georgia Tech Yellow Jackets,Virginia Tech Hokies,77,70,0,2,59,259,44.8,41.1
2023-02-16,401490217,Bradley Braves,Missouri State Bears,64,54,0,2,71,2623,44.3,33.3
2023-02-16,401490218,Belmont Bruins,Evansville Purple Aces,95,63,0,2,2057,339,56.9,31.4
2023-02-16,401490219,Northern Iowa Panthers,Drake Bulldogs,74,82,0,2,2460,2181,54.9,55.6
2023-02-16,401490220,Illinois State Redbirds,Murray State Racers,75,76,0,2,2287,93,53.8,52.7
2023-02-16,401490221,UIC Flames,Indiana State Sycamores,60,79,0,2,82,282,39.3,53.8
2023-02-16,401490388,Washington Huskies,Oregon Ducks,72,71,0,2,264,2483,47.4,41.2
2023-02-16,401490561,Colgate Raiders,Army Black Knights,93,86,0,2,2142,349,55.0,56.5
2023-02-16,401491257,Loyola Maryland Greyhounds,Lafayette Leopards,73,70,0,2,2352,322,53.2,47.3
2023-02-16,401491276,Holy Cross Crusaders,Boston University Terriers,71,69,0,2,107,104,44.3,41.7
2023-02-16,401492741,East Carolina Pirates,Cincinnati Bearcats,75,71,0,2,151,2132,43.1,46.6
2023-02-16,401492742,Tulsa Golden Hurricane,South Florida Bulls,69,96,0,2,202,58,40.4,62.1
2023-02-16,401493439,Iowa State Cyclones,TCU Horned Frogs,70,59,0,2,66,2628,49.0,46.2
2023-02-17,401469620,Eastern Kentucky Colonels,Central Arkansas Bears,74,58,0,2,2198,2110,40.0,36.4
2023-02-17,401469621,Jacksonville State Gamecocks,Queens University Royals,76,69,0,2,55,2511,51.0,44.4
2023-02-17,401469622,Lipscomb Bisons,North Florida Ospreys,111,114,0,2,288,2454,47.1,60.3
2023-02-17,401469623,Bellarmine Knights,North Alabama Lions,57,70,0,2,91,2453,33.3,45.1
2023-02-17,401469624,Austin Peay Governors,Jacksonville Dolphins,56,60,0,2,2046,294,34.7,40.0
2023-02-17,401469625,Kennesaw State Owls,Liberty Flames,88,81,0,2,338,2335,56.1,52.6
2023-02-17,401469714,Eastern Washington Eagles,Northern Arizona Lumberjacks,72,55,0,2,331,2464,51.9,38.1
2023-02-17,401469715,Idaho Vandals,Northern Colorado Bears,84,82,0,2,70,2458,47.5,50.8
2023-02-17,401469716,Portland State Vikings,Idaho State Bengals,79,70,0,2,2502,304,56.6,52.5
2023-02-17,401469717,Sacramento State Hornets,Weber State Wildcats,49,52,0,2,16,2692,36.0,40.4
2023-02-17,401469949,Northeastern Huskies,Monmouth Hawks,77,62,0,2,111,2405,43.5,38.2
2023-02-17,401469950,Towson Tigers,Delaware Blue Hens,95,72,0,2,119,48,62.9,46.6
2023-02-17,401469951,Hofstra Pride,Hampton Pirates,73,43,0,2,2275,2261,43.3,23.4
2023-02-17,401469952,Stony Brook Seawolves,William & Mary Tribe,71,66,0,2,2619,2729,49.1,40.3
2023-02-17,401469953,Elon Phoenix,Charleston Cougars,66,88,0,2,2210,232,47.2,42.0
2023-02-17,401469954,Drexel Dragons,UNC Wilmington Seahawks,71,72,0,2,2182,350,40.6,38.8
2023-02-17,401470063,Robert Morris Colonials,Green Bay Phoenix,71,56,0,2,2523,2739,43.6,38.5
2023-02-17,401470064,Youngstown State Penguins,Milwaukee Panthers,87,58,0,2,2754,270,43.8,40.7
2023-02-17,401470154,Tennessee Tech Golden Eagles,Lindenwood Lions,77,68,0,2,2635,2815,45.0,46.7
2023-02-17,401470155,Little Rock Trojans,Southern Indiana Screaming Eagles,81,82,0,2,2031,88,55.4,51.7
2023-02-17,401470156,Southeast Missouri State Redhawks,Eastern Illinois Panthers,78,64,0,2,2546,2197,46.7,44.8
2023-02-17,401470157,Morehead State Eagles,Tennessee State Tigers,74,64,0,2,2413,2634,48.0,41.7
2023-02-17,401470158,UT Martin Skyhawks,SIU Edwardsville Cougars,90,84,0,2,2630,2565,49.2,45.9
2023-02-17,401470246,Denver Pioneers,South Dakota State Jackrabbits,75,80,0,2,2172,2571,52.0,50.0
2023-02-17,401470247,Omaha Mavericks,South Dakota Coyotes,80,72,0,2,2437,233,45.5,45.5
2023-02-17,401470248,Kansas City Roos,North Dakota State Bison,58,69,0,2,140,2449,30.3,44.4
2023-02-17,401470249,Oral Roberts Golden Eagles,North Dakota Fighting Hawks,73,70,0,2,198,155,50.0,38.5
2023-02-17,401470363,Coastal Carolina Chanticleers,Georgia State Panthers,77,68,0,2,324,2247,46.9,36.4
2023-02-17,401470364,Marshall Thundering Herd,Georgia Southern Eagles,84,83,0,2,276,290,47.3,46.4
2023-02-17,401470365,James Madison Dukes,Old Dominion Monarchs,76,67,0,2,256,295,45.1,41.5
2023-02-17,401470366,Arkansas State Red Wolves,Troy Trojans,62,67,0,2,2032,2653,39.6,44.7
2023-02-17,401470367,Louisiana Ragin' Cajuns,UL Monroe Warhawks,84,67,0,2,309,2433,46.7,44.2
2023-02-17,401470368,South Alabama Jaguars,Southern Miss Golden Eagles,85,54,0,2,6,2572,55.9,40.4
2023-02-17,401470453,BYU Cougars,Santa Clara Broncos,74,81,0,2,252,2541,40.6,49.1
2023-02-17,401470454,San Diego Toreros,Saint Mary's Gaels,59,62,0,2,301,2608,37.3,44.2
2023-02-17,401470455,Loyola Marymount Lions,Gonzaga Bulldogs,65,108,0,2,2351,2250,38.9,60.6
2023-02-17,401470456,Pacific Tigers,San Francisco Dons,68,76,0,2,279,2539,46.8,45.1
2023-02-17,401473488,Central Connecticut Blue Devils,Wagner Seahawks,58,57,0,2,2115,2681,38.3,37.7
2023-02-17,401473489,Sacred Heart Pioneers,Fairleigh Dickinson Knights,94,86,0,2,2529,161,53.1,48.6
2023-02-17,401473490,Stonehill Skyhawks,Long Island University Sharks,75,60,0,2,284,112358,41.7,39.7
2023-02-17,401473585,Kent State Golden Flashes,Eastern Michigan Eagles,81,54,0,2,2309,2199,53.4,33.3
2023-02-17,401480439,Radford Highlanders,UNC Asheville Bulldogs,54,63,0,2,2515,2427,31.3,47.9
2023-02-17,401484957,Iowa Hawkeyes,Ohio State Buckeyes,92,75,0,2,2294,194,56.9,57.1
2023-02-17,401485436,Lamar Cardinals,Houston Christian Huskies,91,75,0,2,2320,2277,65.4,44.9
2023-02-17,401485437,McNeese Cowboys,Incarnate Word Cardinals,78,76,0,2,2377,2916,50.0,45.6
2023-02-17,401485438,Nicholls Colonels,Texas A&M-Corpus Christi Islanders,74,78,0,2,2447,357,40.6,45.5
2023-02-17,401485439,Northwestern State Demons,SE Louisiana Lions,81,76,0,2,2466,2545,50.0,50.0
2023-02-17,401485440,East Texas A&M Lions,LSU New Orleans Privateers,78,84,0,2,2837,2443,46.7,52.7
2023-02-17,401487097,Charlotte 49ers,Western Kentucky Hilltoppers,68,64,0,2,2429,98,36.2,44.8
2023-02-17,401487126,Rice Owls,UTSA Roadrunners,79,84,0,2,242,2636,39.7,52.5
2023-02-17,401487150,UTEP Miners,UAB Blazers,66,79,0,2,2638,5,42.2,52.9
2023-02-17,401487384,Cornell Big Red,Dartmouth Big Green,95,83,0,2,172,159,48.4,44.1
2023-02-17,401489729,Middle Tennessee Blue Raiders,Florida Atlantic Owls,74,70,0,2,2393,2226,45.3,49.2
2023-02-17,401490389,Arizona Wildcats,Utah Utes,88,62,0,2,12,254,56.9,32.2
2023-02-17,401490390,Arizona State Sun Devils,Colorado Buffaloes,59,67,0,2,9,38,36.9,42.1
2023-02-17,401490391,UCLA Bruins,Stanford Cardinal,73,64,0,2,26,24,43.9,50.0
2023-02-17,401490392,USC Trojans,California Golden Bears,97,60,0,2,30,25,58.9,35.6
2023-02-17,401490393,Washington State Cougars,Oregon State Beavers,80,62,0,2,265,204,59.2,48.1
2023-02-17,401490425,Louisiana Tech Bulldogs,North Texas Mean Green,62,72,0,2,2348,249,41.5,61.2
2023-02-17,401492743,SMU Mustangs,Houston Cougars,65,80,0,2,2567,248,44.2,49.1
2023-02-17,401492744,Temple Owls,Wichita State Shockers,65,79,0,2,218,2724,41.1,46.6
2023-02-17,401492745,Memphis Tigers,UCF Knights,64,63,0,2,235,2116,54.5,32.3
2023-02-17,401497561,Hartford Hawks,Merrimack Warriors,59,67,0,2,42,2771,49.0,44.0
2023-02-18,401469628,Florida Gulf Coast Eagles,Stetson Hatters,84,88,0,2,526,56,53.4,54.1
2023-02-18,401469630,Kennesaw State Owls,Queens University Royals,76,83,0,2,338,2511,47.3,44.1
2023-02-18,401469631,Jacksonville State Gamecocks,Liberty Flames,55,79,0,2,55,2335,28.6,49.1
2023-02-18,401469632,Austin Peay Governors,North Florida Ospreys,73,71,0,2,2046,2454,47.6,47.2
2023-02-18,401469718,Eastern Washington Eagles,Northern Colorado Bears,89,77,0,2,331,2458,51.6,41.9
2023-02-18,401469719,Idaho Vandals,Northern Arizona Lumberjacks,50,72,0,2,70,2464,37.3,52.6
2023-02-18,401469822,UC Irvine Anteaters,UC Davis Aggies,78,76,0,2,300,302,46.7,37.5
2023-02-18,401469955,Stony Brook Seawolves,Hofstra Pride,65,68,0,2,2619,2275,41.4,38.9
2023-02-18,401469956,Hampton Pirates,Drexel Dragons,75,72,0,2,2261,2182,48.3,41.1
2023-02-18,401469957,Northeastern Huskies,William & Mary Tribe,69,57,0,2,111,2729,47.4,42.6
2023-02-18,401469958,Monmouth Hawks,Elon Phoenix,68,75,0,2,2405,2210,38.3,48.1
2023-02-18,401469959,Towson Tigers,North Carolina A&T Aggies,87,75,0,2,119,2448,39.1,37.8
2023-02-18,401469960,Delaware Blue Hens,UNC Wilmington Seahawks,75,66,0,2,48,350,52.0,46.4
2023-02-18,401470065,Oakland Golden Grizzlies,Detroit Mercy Titans,74,96,0,2,2473,2174,42.6,58.3
2023-02-18,401470066,Purdue Fort Wayne Mastodons,Northern Kentucky Norse,50,63,0,2,2870,94,35.3,46.0
2023-02-18,401470067,Cleveland State Vikings,Wright State Raiders,85,68,0,2,325,2750,53.0,41.9
2023-02-18,401470069,Youngstown State Penguins,Green Bay Phoenix,95,65,0,2,2754,2739,53.0,36.7
2023-02-18,401470159,Morehead State Eagles,Lindenwood Lions,71,58,0,2,2413,2815,50.0,38.8
2023-02-18,401470160,Little Rock Trojans,Eastern Illinois Panthers,81,77,0,2,2031,2197,43.1,48.4
2023-02-18,401470161,Southeast Missouri State Redhawks,Southern Indiana Screaming Eagles,85,80,0,2,2546,88,40.7,46.3
2023-02-18,401470162,Tennessee State Tigers,SIU Edwardsville Cougars,100,85,0,2,2634,2565,59.3,37.7
2023-02-18,401470163,Tennessee Tech Golden Eagles,UT Martin Skyhawks,91,100,0,2,2635,2630,48.5,59.3
2023-02-18,401470250,Denver Pioneers,South Dakota Coyotes,86,68,0,2,2172,233,54.5,35.9
2023-02-18,401470369,App State Mountaineers,Old Dominion Monarchs,63,74,0,2,2026,295,39.3,39.3
2023-02-18,401470370,Coastal Carolina Chanticleers,Texas State Bobcats,75,78,0,2,324,326,49.0,53.7
2023-02-18,401470371,Arkansas State Red Wolves,Georgia State Panthers,75,70,0,2,2032,2247,48.0,47.2
2023-02-18,401470372,Southern Miss Golden Eagles,Georgia Southern Eagles,73,62,0,2,2572,290,45.9,36.9
2023-02-18,401470375,South Alabama Jaguars,UL Monroe Warhawks,81,45,0,2,6,2433,56.1,25.0
2023-02-18,401473492,Long Island University Sharks,Saint Francis Red Wolves,82,93,0,2,112358,2598,53.3,52.6
2023-02-18,401473493,Sacred Heart Pioneers,Merrimack Warriors,55,67,0,2,2529,2771,38.9,42.1
2023-02-18,401473494,Wagner Seahawks,Fairleigh Dickinson Knights,48,66,0,2,2681,161,34.7,47.1
2023-02-18,401473495,Central Connecticut Blue Devils,Stonehill Skyhawks,94,90,0,2,2115,284,41.5,43.6
2023-02-18,401473581,Central Michigan Chippewas,Ohio Bobcats,59,76,0,2,2117,195,45.0,49.0
2023-02-18,401473582,Northern Illinois Huskies,Miami (OH) RedHawks,65,66,0,2,2459,193,43.3,42.9
2023-02-18,401473583,Western Michigan Broncos,Ball State Cardinals,78,68,0,2,2711,2050,45.8,37.7
2023-02-18,401473586,Bowling Green Falcons,Toledo Rockets,86,91,0,2,189,2649,54.2,50.9
2023-02-18,401479792,Chattanooga Mocs,UNC Greensboro Spartans,76,93,0,2,236,2430,41.3,55.9
2023-02-18,401479793,The Citadel Bulldogs,Wofford Terriers,68,72,0,2,2643,2747,53.2,45.0
2023-02-18,401479795,Mercer Bears,Western Carolina Catamounts,68,71,0,2,2382,2717,50.0,42.6
2023-02-18,401479796,VMI Keydets,Samford Bulldogs,61,96,0,2,2678,2535,38.2,57.4
2023-02-18,401480440,Campbell Fighting Camels,Presbyterian Blue Hose,74,57,0,2,2097,2506,51.1,40.8
2023-02-18,401480441,Charleston Southern Buccaneers,Winthrop Eagles,67,75,0,2,2127,2737,41.7,50.0
2023-02-18,401480442,UNC Asheville Bulldogs,Gardner-Webb Runnin' Bulldogs,75,63,0,2,2427,2241,52.9,39.3
2023-02-18,401480443,High Point Panthers,South Carolina Upstate Spartans,81,66,0,2,2272,2908,56.6,46.7
2023-02-18,401480444,Longwood Lancers,Radford Highlanders,73,63,0,2,2344,2515,50.0,51.0
2023-02-18,401481137,Grand Canyon Lopes,Abilene Christian Wildcats,94,84,0,2,2253,2000,66.7,45.9
2023-02-18,401481139,Southern Utah Thunderbirds,Utah Tech Trailblazers,81,71,0,2,253,3101,41.3,42.4
2023-02-18,401481142,Stephen F. Austin Lumberjacks,UT Arlington Mavericks,70,75,0,2,2617,250,36.9,52.0
2023-02-18,401482864,Wyoming Cowboys,Air Force Falcons,69,75,0,2,2751,2005,42.3,54.8
2023-02-18,401482865,Fresno State Bulldogs,Colorado State Rams,57,60,0,2,278,36,39.7,45.8
2023-02-18,401482867,San José State Spartans,New Mexico Lobos,68,96,0,2,23,167,31.4,60.7
2023-02-18,401484492,Loyola Chicago Ramblers,Dayton Flyers,49,65,0,2,2350,2168,30.5,48.1
2023-02-18,401484493,Davidson Wildcats,Saint Joseph's Hawks,76,75,0,2,2166,2603,49.1,50.0
2023-02-18,401484494,VCU Rams,Fordham Rams,80,61,0,2,2670,2230,51.0,33.9
2023-02-18,401484496,George Mason Patriots,La Salle Explorers,70,66,0,2,2244,2325,39.3,42.2
2023-02-18,401484497,Rhode Island Rams,Massachusetts Minutemen,45,69,0,2,227,113,24.6,50.0
2023-02-18,401484619,Kentucky Wildcats,Tennessee Volunteers,66,54,0,2,96,2633,44.4,37.3
2023-02-18,401484620,Arkansas Razorbacks,Florida Gators,84,65,0,2,8,57,57.6,37.3
2023-02-18,401484621,Alabama Crimson Tide,Georgia Bulldogs,108,59,0,2,333,61,61.9,37.5
2023-02-18,401484622,LSU Tigers,South Carolina Gamecocks,73,82,0,2,99,2579,41.9,46.3
2023-02-18,401484623,Ole Miss Rebels,Mississippi State Bulldogs,61,69,0,2,145,344,32.3,46.2
2023-02-18,401484624,Missouri Tigers,Texas A&M Aggies,60,69,0,2,142,245,39.2,44.0
2023-02-18,401484959,Indiana Hoosiers,Illinois Fighting Illini,71,68,0,2,84,356,43.9,39.3
2023-02-18,401484962,Wisconsin Badgers,Rutgers Scarlet Knights,57,58,0,2,275,164,33.3,44.2
2023-02-18,401485267,Xavier Musketeers,DePaul Blue Demons,82,68,0,2,2752,305,44.9,42.1
2023-02-18,401485268,UConn Huskies,Seton Hall Pirates,64,55,0,2,41,2550,42.3,39.6
2023-02-18,401485269,Providence Friars,Villanova Wildcats,85,72,0,2,2507,222,56.3,40.0
2023-02-18,401485371,East Texas A&M Lions,SE Louisiana Lions,76,78,0,2,2837,2545,50.0,53.4
2023-02-18,401485442,McNeese Cowboys,Texas A&M-Corpus Christi Islanders,54,77,0,2,2377,357,31.1,45.5
2023-02-18,401485443,Nicholls Colonels,Incarnate Word Cardinals,84,74,0,2,2447,2916,56.5,45.3
2023-02-18,401485444,Northwestern State Demons,LSU New Orleans Privateers,65,68,0,2,2466,2443,41.1,46.0
2023-02-18,401485493,Norfolk State Spartans,Morgan State Bears,72,50,0,2,2450,2415,52.9,34.6
2023-02-18,401487035,Iona Gaels,Manhattan Jaspers,71,60,0,2,314,2363,45.8,39.7
2023-02-18,401487036,Marist Red Foxes,Fairfield Stags,61,70,0,2,2368,2217,42.6,50.0
2023-02-18,401487037,Mount St. Mary's Mountaineers,Niagara Purple Eagles,70,66,0,2,116,315,48.0,45.1
2023-02-18,401487038,Rider Broncs,Canisius Golden Griffins,78,81,0,2,2520,2099,55.6,53.1
2023-02-18,401487039,Siena Saints,Quinnipiac Bobcats,63,66,0,2,2561,2514,37.9,48.0
2023-02-18,401487098,Louisiana Tech Bulldogs,Charlotte 49ers,67,74,0,2,2348,2429,43.1,62.2
2023-02-18,401487151,UTSA Roadrunners,UAB Blazers,78,83,0,2,2636,5,43.5,48.4
2023-02-18,401487348,Princeton Tigers,Brown Bears,78,67,0,2,163,225,36.9,37.5
2023-02-18,401487349,Pennsylvania Quakers,Brown Bears,90,69,0,2,219,225,58.7,33.8
2023-02-18,401487446,Columbia Lions,Harvard Crimson,65,83,0,2,171,108,37.9,50.0
2023-02-18,401487447,Cornell Big Red,Harvard Crimson,56,73,0,2,172,108,32.7,50.0
2023-02-18,401487467,Pennsylvania Quakers,Yale Bulldogs,66,64,0,2,219,43,42.6,43.6
2023-02-18,401487484,Princeton Tigers,Yale Bulldogs,83,93,0,2,163,43,43.6,41.8
2023-02-18,401488139,Navy Midshipmen,Loyola Maryland Greyhounds,65,53,0,2,2426,2352,44.2,35.3
2023-02-18,401488326,Maine Black Bears,UAlbany Great Danes,74,72,0,2,311,399,49.0,52.0
2023-02-18,401488327,UMass Lowell River Hawks,Binghamton Bearcats,84,70,0,2,2349,2066,47.4,49.0
2023-02-18,401488328,New Hampshire Wildcats,UMBC Retrievers,75,66,0,2,160,2378,45.8,49.2
2023-02-18,401488498,Florida State Seminoles,Boston College Eagles,69,75,0,2,52,103,30.5,45.2
2023-02-18,401488500,Syracuse Orange,Duke Blue Devils,55,77,0,2,183,150,34.5,54.5
2023-02-18,401488501,Virginia Cavaliers,Notre Dame Fighting Irish,57,55,0,2,258,87,36.5,39.2
2023-02-18,401488502,Virginia Tech Hokies,Pittsburgh Panthers,79,72,0,2,259,221,55.6,46.7
2023-02-18,401488503,Miami Hurricanes,Wake Forest Demon Deacons,96,87,0,2,2390,154,58.7,55.2
2023-02-18,401489765,Middle Tennessee Blue Raiders,Florida International Panthers,69,58,0,2,2393,2229,36.1,38.6
2023-02-18,401490222,Murray State Racers,Evansville Purple Aces,74,58,0,2,93,339,44.6,41.1
2023-02-18,401490223,Indiana State Sycamores,Illinois State Redbirds,80,64,0,2,282,2287,43.1,40.0
2023-02-18,401490224,Missouri State Bears,Northern Iowa Panthers,66,69,0,2,2623,2460,41.5,48.1
2023-02-18,401490395,Arizona State Sun Devils,Utah Utes,67,59,0,2,9,254,44.4,38.3
2023-02-18,401490478,Delaware State Hornets,North Carolina Central Eagles,58,66,0,2,2169,2428,37.5,47.7
2023-02-18,401490542,American University Eagles,Lehigh Mountain Hawks,59,62,0,2,44,2329,44.6,46.7
2023-02-18,401490562,Army Black Knights,Lafayette Leopards,53,43,0,2,349,322,38.5,25.4
2023-02-18,401491277,Colgate Raiders,Holy Cross Crusaders,96,73,0,2,2142,107,58.6,45.3
2023-02-18,401492158,Alabama State Hornets,Florida A&M Rattlers,54,60,0,2,2011,50,33.3,40.8
2023-02-18,401492192,Jackson State Tigers,Alcorn State Braves,60,75,0,2,2296,2016,40.4,58.5
2023-02-18,401492218,Alabama A&M Bulldogs,Bethune-Cookman Wildcats,90,56,0,2,2010,2065,58.2,29.3
2023-02-18,401492240,Grambling Tigers,Southern Jaguars,69,64,1,2,2755,2582,44.8,30.9
2023-02-18,401492252,Boston University Terriers,Bucknell Bison,77,61,0,2,104,2083,53.3,42.6
2023-02-18,401492362,Maryland Eastern Shore Hawks,South Carolina State Bulldogs,78,62,0,2,2379,2569,52.8,42.1
2023-02-18,401493440,West Virginia Mountaineers,Texas Tech Red Raiders,72,78,0,2,277,2641,43.5,46.8
2023-02-18,401493441,Texas Longhorns,Oklahoma Sooners,85,83,0,2,251,201,47.7,48.3
2023-02-18,401493442,TCU Horned Frogs,Oklahoma State Cowboys,100,75,0,2,2628,197,68.4,46.3
2023-02-18,401493443,Kansas Jayhawks,Baylor Bears,87,71,0,2,2305,239,50.9,44.1
2023-02-18,401493444,Kansas State Wildcats,Iowa State Cyclones,61,55,0,2,2306,66,37.5,30.6
2023-02-18,401493712,Chicago State Cougars,Calumet St. Joseph Crimson Wave,103,56,0,2,2130,502,56.9,33.8
2023-02-18,401493831,Texas Southern Tigers,Mississippi Valley State Delta Devils,80,62,0,2,2640,2400,49.2,44.9
2023-02-18,401494487,Prairie View A&M Panthers,Arkansas-Pine Bluff Golden Lions,82,71,0,2,2504,2029,50.9,41.7
2023-02-18,401494705,Georgia Tech Yellow Jackets,Florida Tech Panthers,79,56,0,2,59,53,47.7,35.0
2023-02-18,401497568,Coppin State Eagles,Howard Bison,70,80,0,2,2154,47,44.4,42.9
2023-02-19,401469626,Lipscomb Bisons,Jacksonville Dolphins,62,59,0,2,288,294,49.0,41.5
2023-02-19,401469627,Eastern Kentucky Colonels,North Alabama Lions,93,98,0,2,2198,2453,39.6,49.2
2023-02-19,401469629,Bellarmine Knights,Central Arkansas Bears,68,67,0,2,91,2110,43.9,43.6
2023-02-19,401469720,Sacramento State Hornets,Idaho State Bengals,70,65,0,2,16,304,44.4,41.7
2023-02-19,401469721,Montana State Bobcats,Montana Grizzlies,72,68,0,2,147,149,43.6,48.0
2023-02-19,401469722,Portland State Vikings,Weber State Wildcats,57,65,0,2,2502,2692,36.2,45.3
2023-02-19,401469821,UC Riverside Highlanders,UC Santa Barbara Gauchos,74,63,0,2,27,2540,52.7,51.0
2023-02-19,401469823,Long Beach State Beach,Hawai'i Rainbow Warriors,67,70,0,2,299,62,41.7,47.2
2023-02-19,401469824,Cal State Fullerton Titans,Cal Poly Mustangs,83,62,0,2,2239,13,52.8,40.4
2023-02-19,401469825,UC San Diego Tritons,Cal State Northridge Matadors,75,62,0,2,28,2463,46.3,35.2
2023-02-19,401470068,Robert Morris Colonials,Milwaukee Panthers,80,60,0,2,2523,270,45.8,41.5
2023-02-19,401470070,Detroit Mercy Titans,IU Indianapolis Jaguars,81,68,0,2,2174,85,41.7,50.9
2023-02-19,401470071,Purdue Fort Wayne Mastodons,Wright State Raiders,77,75,0,2,2870,2750,44.3,50.9
2023-02-19,401470072,Cleveland State Vikings,Northern Kentucky Norse,64,63,0,2,325,94,42.6,42.1
2023-02-19,401470251,Omaha Mavericks,South Dakota State Jackrabbits,70,91,0,2,2437,2571,40.6,54.0
2023-02-19,401470252,Kansas City Roos,North Dakota Fighting Hawks,73,81,0,2,140,155,40.7,41.5
2023-02-19,401470253,Oral Roberts Golden Eagles,North Dakota State Bison,74,66,0,2,198,2449,36.9,43.1
2023-02-19,401470254,St. Thomas Tommies,Western Illinois Leathernecks,82,69,0,2,2900,2710,48.1,36.6
2023-02-19,401470373,James Madison Dukes,Louisiana Ragin' Cajuns,74,68,0,2,256,309,43.1,45.3
2023-02-19,401470374,Marshall Thundering Herd,Troy Trojans,88,78,0,2,276,2653,50.8,47.1
2023-02-19,401470457,Saint Mary's Gaels,BYU Cougars,71,65,0,2,2608,252,50.0,42.1
2023-02-19,401470458,Pepperdine Waves,Gonzaga Bulldogs,88,97,0,2,2492,2250,51.6,56.9
2023-02-19,401470459,Portland Pilots,Santa Clara Broncos,84,103,0,2,2501,2541,42.4,56.2
2023-02-19,401470460,Loyola Marymount Lions,Pacific Tigers,90,88,0,2,2351,279,51.7,57.7
2023-02-19,401473584,Akron Zips,Buffalo Bulls,86,66,0,2,2006,2084,47.5,46.4
2023-02-19,401479794,Furman Paladins,East Tennessee State Buccaneers,83,79,0,2,231,2193,49.2,54.5
2023-02-19,401481138,Seattle U Redhawks,Utah Valley Wolverines,58,67,0,2,2547,3084,30.3,37.9
2023-02-19,401481140,New Mexico State Aggies,UT Rio Grande Valley Vaqueros,0,2,0,2,166,292,,
2023-02-19,401481141,Tarleton State Texans,Sam Houston Bearkats,59,64,0,2,2627,2534,45.7,44.7
2023-02-19,401482866,Utah State Aggies,Nevada Wolf Pack,75,66,0,2,328,2440,47.3,41.8
2023-02-19,401484495,Saint Louis Billikens,Duquesne Dukes,90,85,0,2,139,2184,58.7,45.2
2023-02-19,401484498,St. Bonaventure Bonnies,George Washington Revolutionaries,81,83,0,2,179,45,38.2,50.9
2023-02-19,401484625,Vanderbilt Commodores,Auburn Tigers,67,65,0,2,238,2,35.7,43.5
2023-02-19,401484960,Michigan Wolverines,Michigan State Spartans,84,72,0,2,130,127,49.2,47.5
2023-02-19,401484961,Minnesota Golden Gophers,Penn State Nittany Lions,69,76,0,2,135,213,50.0,48.3
2023-02-19,401484963,Northwestern Wildcats,Iowa Hawkeyes,80,60,0,2,77,2294,49.1,42.6
2023-02-19,401484964,Nebraska Cornhuskers,Maryland Terrapins,70,66,0,2,158,120,41.4,33.3
2023-02-19,401484965,Purdue Boilermakers,Ohio State Buckeyes,82,55,0,2,2509,194,50.0,40.0
2023-02-19,401485270,St. John's Red Storm,Creighton Bluejays,67,77,0,2,2599,156,44.6,38.7
2023-02-19,401485271,Butler Bulldogs,Georgetown Hoyas,62,68,0,2,2086,46,41.7,39.0
2023-02-19,401485441,Houston Christian Huskies,Lamar Cardinals,93,74,0,2,2277,2320,54.0,40.9
2023-02-19,401487040,Fairfield Stags,Manhattan Jaspers,72,73,0,2,2217,2363,42.3,56.3
2023-02-19,401487041,Marist Red Foxes,Niagara Purple Eagles,61,52,0,2,2368,315,46.5,28.8
2023-02-19,401487042,Mount St. Mary's Mountaineers,Canisius Golden Griffins,75,74,0,2,116,2099,47.5,52.7
2023-02-19,401487043,Quinnipiac Bobcats,Rider Broncs,90,88,0,2,2514,2520,43.1,43.8
2023-02-19,401487044,Saint Peter's Peacocks,Iona Gaels,53,73,0,2,2612,314,27.6,57.1
2023-02-19,401487127,Rice Owls,Western Kentucky Hilltoppers,83,77,0,2,242,98,44.3,43.9
2023-02-19,401487270,UTEP Miners,North Texas Mean Green,72,80,0,2,2638,249,43.1,54.2
2023-02-19,401487385,Columbia Lions,Dartmouth Big Green,71,65,0,2,171,159,41.3,35.9
2023-02-19,401488329,NJIT Highlanders,Vermont Catamounts,80,82,0,2,2885,261,55.2,46.8
2023-02-19,401488499,Louisville Cardinals,Clemson Tigers,83,73,0,2,97,228,51.0,43.3
2023-02-19,401488504,NC State Wolfpack,North Carolina Tar Heels,77,69,0,2,152,153,45.1,35.5
2023-02-19,401490225,Southern Illinois Salukis,Bradley Braves,48,50,0,2,79,71,37.3,38.5
2023-02-19,401490226,UIC Flames,Valparaiso Beacons,74,73,0,2,82,2674,42.4,46.8
2023-02-19,401490227,Drake Bulldogs,Belmont Bruins,70,56,0,2,2181,2057,42.2,39.7
2023-02-19,401490394,Arizona Wildcats,Colorado Buffaloes,78,68,0,2,12,38,49.1,38.7
2023-02-19,401490396,UCLA Bruins,California Golden Bears,78,43,0,2,26,25,51.7,22.0
2023-02-19,401490397,USC Trojans,Stanford Cardinal,85,75,0,2,30,24,49.2,45.9
2023-02-19,401490398,Washington Huskies,Oregon State Beavers,61,47,0,2,264,204,35.8,32.3
2023-02-19,401492746,South Florida Bulls,Tulane Green Wave,66,84,0,2,58,2655,39.3,49.3
2023-02-19,401492747,UCF Knights,Cincinnati Bearcats,71,73,0,2,2116,2132,47.3,54.7
2023-02-19,401492748,Temple Owls,Tulsa Golden Hurricane,76,53,0,2,218,202,56.6,37.0
2023-02-19,401492749,Houston Cougars,Memphis Tigers,72,64,0,2,248,235,45.1,44.2
2023-02-19,401492750,SMU Mustangs,East Carolina Pirates,86,70,0,2,2567,151,50.8,46.6
2023-02-19,401493713,Chicago State Cougars,Hartford Hawks,75,53,0,2,2130,42,50.0,40.0
2023-02-20,401469830,UC Davis Aggies,UC San Diego Tritons,76,66,0,2,302,28,39.7,39.3
2023-02-20,401482868,Boise State Broncos,UNLV Rebels,73,69,0,2,68,2439,44.6,43.6
2023-02-20,401490399,Washington State Cougars,Oregon Ducks,68,65,0,2,265,2483,42.9,49.1
2023-02-21,401469826,Cal Poly Mustangs,UC Irvine Anteaters,56,59,0,2,13,300,32.7,42.6
2023-02-21,401469827,Cal State Northridge Matadors,UC Riverside Highlanders,76,96,0,2,2463,27,50.9,56.3
2023-02-21,401469828,UC Santa Barbara Gauchos,Cal State Fullerton Titans,60,74,0,2,2540,2239,42.0,47.3
2023-02-21,401469829,Cal State Bakersfield Roadrunners,Hawai'i Rainbow Warriors,50,61,0,2,2934,62,35.3,40.8
2023-02-21,401485272,Xavier Musketeers,Villanova Wildcats,63,64,0,2,2752,222,45.1,44.6
2023-02-21,401485492,Norfolk State Spartans,Coppin State Eagles,62,69,0,2,2450,2154,33.8,47.5
2023-02-21,401488505,Duke Blue Devils,Louisville Cardinals,79,62,0,2,150,97,49.2,44.2
2023-02-21,401490479,Delaware State Hornets,South Carolina State Bulldogs,69,68,0,2,2169,2569,39.0,39.4
2023-02-21,401492159,Alabama State Hornets,Bethune-Cookman Wildcats,65,70,0,2,2011,2065,42.6,45.0
2023-02-21,401492361,Maryland Eastern Shore Hawks,North Carolina Central Eagles,63,68,0,2,2379,2428,42.4,43.6
2023-02-21,401493445,West Virginia Mountaineers,Oklahoma State Cowboys,85,67,0,2,277,197,43.9,38.5
2023-02-21,401493446,TCU Horned Frogs,Kansas Jayhawks,58,63,0,2,2628,2305,30.3,39.4
2023-02-21,401493832,Prairie View A&M Panthers,Mississippi Valley State Delta Devils,67,65,0,2,2504,2400,36.7,50.0
2023-02-21,401494478,Alabama A&M Bulldogs,Florida A&M Rattlers,71,77,0,2,2010,50,37.3,47.3
2023-02-21,401494488,Texas Southern Tigers,Arkansas-Pine Bluff Golden Lions,64,59,0,2,2640,2029,36.4,35.0
2023-02-21,401497569,Morgan State Bears,Howard Bison,89,76,0,2,2415,47,54.5,39.4
2023-02-21,401525990,Nicholls Colonels,East Texas A&M Lions,71,72,0,2,2447,2837,46.0,44.3
2023-02-21,401526672,Illinois Fighting Illini,Minnesota Golden Gophers,78,69,0,2,356,135,48.2,47.4
2023-02-21,401531170,UT Rio Grande Valley Vaqueros,Nelson (TX) Lions,113,65,0,2,292,2904,56.3,31.4
2023-02-21,401531444,Grand Canyon Lopes,Park University Gilbert Buccaneers,111,38,0,2,2253,123350,50.0,22.7
2023-02-22,401469638,Jacksonville Dolphins,Bellarmine Knights,61,63,0,2,294,91,50.0,42.6
2023-02-22,401470073,Robert Morris Colonials,Youngstown State Penguins,83,64,0,2,2523,2754,63.0,48.9
2023-02-22,401473587,Miami (OH) RedHawks,Bowling Green Falcons,74,65,0,2,193,189,46.4,42.6
2023-02-22,401473588,Ohio Bobcats,Northern Illinois Huskies,77,68,0,2,195,2459,42.6,46.8
2023-02-22,401473589,Ball State Cardinals,Kent State Golden Flashes,82,70,0,2,2050,2309,49.0,40.7
2023-02-22,401473590,Buffalo Bulls,Central Michigan Chippewas,63,35,0,2,2084,2117,36.5,29.8
2023-02-22,401473591,Toledo Rockets,Akron Zips,84,63,0,2,2649,2006,52.5,44.1
2023-02-22,401473592,Eastern Michigan Eagles,Western Michigan Broncos,66,59,0,2,2199,2711,44.2,39.7
2023-02-22,401480446,UNC Asheville Bulldogs,Charleston Southern Buccaneers,80,62,0,2,2427,2127,57.7,36.5
2023-02-22,401482869,San Diego State Aztecs,Colorado State Rams,77,58,0,2,21,36,48.1,48.0
2023-02-22,401482870,Air Force Falcons,Fresno State Bulldogs,69,74,0,2,2005,278,58.5,52.8
2023-02-22,401482872,Nevada Wolf Pack,San José State Spartans,66,51,0,2,2440,23,46.2,36.4
2023-02-22,401482873,Wyoming Cowboys,Utah State Aggies,55,65,0,2,2751,328,31.5,41.2
2023-02-22,401484499,Richmond Spiders,Saint Louis Billikens,81,78,0,2,257,139,44.4,53.3
2023-02-22,401484500,Saint Joseph's Hawks,VCU Rams,63,88,0,2,2603,2670,37.5,52.5
2023-02-22,401484626,Arkansas Razorbacks,Georgia Bulldogs,97,65,0,2,8,61,63.8,36.5
2023-02-22,401484627,Missouri Tigers,Mississippi State Bulldogs,66,64,0,2,142,344,40.4,36.7
2023-02-22,401484628,Texas A&M Aggies,Tennessee Volunteers,68,63,0,2,245,2633,39.1,40.0
2023-02-22,401484966,Michigan State Spartans,Indiana Hoosiers,80,65,0,2,127,84,47.3,47.1
2023-02-22,401485273,Creighton Bluejays,Marquette Golden Eagles,71,73,0,2,156,269,48.1,48.3
2023-02-22,401485274,UConn Huskies,Providence Friars,87,69,0,2,41,2507,53.3,41.5
2023-02-22,401488353,UMBC Retrievers,UMass Lowell River Hawks,70,75,0,2,2378,2349,44.1,47.2
2023-02-22,401488506,Pittsburgh Panthers,Georgia Tech Yellow Jackets,76,68,0,2,221,59,47.1,47.3
2023-02-22,401488507,Virginia Tech Hokies,Miami Hurricanes,70,76,0,2,259,2390,46.7,42.2
2023-02-22,401490228,Missouri State Bears,Murray State Racers,84,69,0,2,2623,93,51.6,41.5
2023-02-22,401490563,Army Black Knights,Boston University Terriers,67,73,0,2,349,104,46.3,42.4
2023-02-22,401492751,Tulsa Golden Hurricane,East Carolina Pirates,60,62,0,2,202,151,40.4,39.6
2023-02-22,401493447,Kansas State Wildcats,Baylor Bears,75,65,0,2,2306,239,48.3,40.0
2023-02-22,401493448,Oklahoma Sooners,Texas Tech Red Raiders,63,74,0,2,201,2641,35.6,61.7
2023-02-22,401493449,Texas Longhorns,Iowa State Cyclones,72,54,0,2,251,66,47.4,42.6
2023-02-23,401469633,North Alabama Lions,Kennesaw State Owls,66,79,0,2,2453,338,37.9,50.8
2023-02-23,401469634,Florida Gulf Coast Eagles,Lipscomb Bisons,64,73,0,2,526,288,34.3,48.1
2023-02-23,401469635,North Florida Ospreys,Eastern Kentucky Colonels,77,64,0,2,2454,2198,42.3,38.2
2023-02-23,401469636,Stetson Hatters,Austin Peay Governors,76,51,0,2,56,2046,49.0,35.2
2023-02-23,401469637,Queens University Royals,Liberty Flames,77,85,0,2,2511,2335,45.5,49.2
2023-02-23,401469639,Central Arkansas Bears,Jacksonville State Gamecocks,71,101,0,2,2110,55,37.3,58.1
2023-02-23,401470166,Eastern Illinois Panthers,Morehead State Eagles,63,69,0,2,2197,2413,53.1,44.1
2023-02-23,401470258,North Dakota Fighting Hawks,Western Illinois Leathernecks,70,81,0,2,155,2710,39.7,47.2
2023-02-23,401470376,Georgia State Panthers,App State Mountaineers,52,78,0,2,2247,2026,36.8,54.7
2023-02-23,401470377,Georgia Southern Eagles,Coastal Carolina Chanticleers,76,68,0,2,290,324,47.1,37.7
2023-02-23,401470378,James Madison Dukes,Marshall Thundering Herd,83,92,0,2,256,276,40.3,47.6
2023-02-23,401470379,Old Dominion Monarchs,Southern Miss Golden Eagles,69,64,0,2,295,2572,41.5,33.3
2023-02-23,401470380,Texas State Bobcats,South Alabama Jaguars,67,76,0,2,326,6,46.0,45.6
2023-02-23,401470381,Louisiana Ragin' Cajuns,Arkansas State Red Wolves,85,74,0,2,309,2032,51.7,44.3
2023-02-23,401470382,UL Monroe Warhawks,Troy Trojans,78,82,0,2,2433,2653,41.3,43.5
2023-02-23,401479797,VMI Keydets,Wofford Terriers,87,83,0,2,2678,2747,45.8,50.0
2023-02-23,401479798,UNC Greensboro Spartans,Western Carolina Catamounts,71,52,0,2,2430,2717,48.1,35.7
2023-02-23,401479799,Furman Paladins,Mercer Bears,70,67,0,2,231,2382,45.7,44.8
2023-02-23,401479800,East Tennessee State Buccaneers,The Citadel Bulldogs,78,70,0,2,2193,2643,50.0,43.6
2023-02-23,401479801,Chattanooga Mocs,Samford Bulldogs,70,75,0,2,236,2535,33.9,39.6
2023-02-23,401480445,Winthrop Eagles,Campbell Fighting Camels,95,93,0,2,2737,2097,50.0,60.0
2023-02-23,401480448,High Point Panthers,Radford Highlanders,69,64,0,2,2272,2515,45.8,48.1
2023-02-23,401480449,Presbyterian Blue Hose,South Carolina Upstate Spartans,57,59,0,2,2506,2908,38.9,31.1
2023-02-23,401481143,New Mexico State Aggies,Grand Canyon Lopes,0,2,0,2,166,2253,,
2023-02-23,401481144,Abilene Christian Wildcats,Stephen F. Austin Lumberjacks,87,91,0,2,2000,2617,38.0,54.2
2023-02-23,401482871,Boise State Broncos,New Mexico Lobos,82,77,0,2,68,167,40.0,37.7
2023-02-23,401484501,Massachusetts Minutemen,Dayton Flyers,54,72,0,2,113,2168,34.6,50.9
2023-02-23,401484502,La Salle Explorers,Duquesne Dukes,74,91,0,2,2325,2184,40.7,55.6
2023-02-23,401484503,Loyola Chicago Ramblers,Fordham Rams,69,71,0,2,2350,2230,43.4,40.4
2023-02-23,401484504,Rhode Island Rams,George Washington Revolutionaries,80,89,0,2,227,45,41.7,52.2
2023-02-23,401484505,Davidson Wildcats,St. Bonaventure Bonnies,74,61,0,2,2166,179,47.1,43.6
2023-02-23,401484629,Florida Gators,Kentucky Wildcats,74,82,0,2,57,96,50.0,53.2
2023-02-23,401484630,LSU Tigers,Vanderbilt Commodores,84,77,0,2,99,238,45.0,44.1
2023-02-23,401484631,Auburn Tigers,Ole Miss Rebels,78,74,0,2,2,145,48.1,41.4
2023-02-23,401484632,South Carolina Gamecocks,Alabama Crimson Tide,76,78,0,2,2579,333,48.4,43.5
2023-02-23,401484967,Wisconsin Badgers,Iowa Hawkeyes,64,52,0,2,275,2294,52.1,32.3
2023-02-23,401484968,Maryland Terrapins,Minnesota Golden Gophers,88,70,0,2,120,135,68.1,48.1
2023-02-23,401484971,Ohio State Buckeyes,Penn State Nittany Lions,71,75,0,2,194,213,46.0,51.9
2023-02-23,401485275,DePaul Blue Demons,Butler Bulldogs,58,59,0,2,305,2086,38.6,40.4
2023-02-23,401485276,Georgetown Hoyas,St. John's Red Storm,70,79,0,2,46,2599,42.6,50.0
2023-02-23,401488140,American University Eagles,Navy Midshipmen,54,70,0,2,44,2426,41.7,43.1
2023-02-23,401488350,Vermont Catamounts,Binghamton Bearcats,81,70,0,2,261,2066,56.9,45.8
2023-02-23,401488351,NJIT Highlanders,Bryant Bulldogs,78,79,0,2,2885,2803,44.8,51.5
2023-02-23,401488352,New Hampshire Wildcats,Maine Black Bears,74,62,0,2,160,311,49.0,47.2
2023-02-23,401488508,Notre Dame Fighting Irish,North Carolina Tar Heels,59,63,0,2,87,153,39.7,33.3
2023-02-23,401488509,Clemson Tigers,Syracuse Orange,91,73,0,2,228,183,52.3,47.4
2023-02-23,401488510,Boston College Eagles,Virginia Cavaliers,63,48,0,2,103,258,52.0,32.2
2023-02-23,401488511,NC State Wolfpack,Wake Forest Demon Deacons,90,74,0,2,152,154,58.1,51.9
2023-02-23,401490229,Valparaiso Beacons,Bradley Braves,66,76,0,2,2674,71,46.2,47.0
2023-02-23,401490230,Belmont Bruins,Indiana State Sycamores,89,88,0,2,2057,282,50.0,53.6
2023-02-23,401490231,Drake Bulldogs,Illinois State Redbirds,82,51,0,2,2181,2287,49.1,32.1
2023-02-23,401490232,Evansville Purple Aces,UIC Flames,76,82,0,2,339,82,45.5,50.9
2023-02-23,401490233,Southern Illinois Salukis,Northern Iowa Panthers,86,63,0,2,79,2460,57.7,39.3
2023-02-23,401491258,Loyola Maryland Greyhounds,Holy Cross Crusaders,90,68,0,2,2352,107,48.6,41.3
2023-02-23,401491288,Lafayette Leopards,Colgate Raiders,69,73,0,2,322,2142,47.5,51.9
2023-02-23,401492752,UCF Knights,South Florida Bulls,75,82,0,2,2116,58,36.2,52.8
2023-02-23,401492753,Cincinnati Bearcats,Temple Owls,88,83,0,2,2132,218,45.6,47.5
2023-02-23,401492754,Houston Cougars,Tulane Green Wave,89,59,0,2,248,2655,47.0,38.0
2023-02-23,401496936,Lehigh Mountain Hawks,Bucknell Bison,78,62,0,2,2329,2083,54.4,37.5
2023-02-24,401469723,Weber State Wildcats,Eastern Washington Eagles,82,89,0,2,2692,331,45.8,54.7
2023-02-24,401469724,Idaho State Bengals,Idaho Vandals,65,55,0,2,304,70,49.0,41.5
2023-02-24,401469726,Montana State Bobcats,Sacramento State Hornets,60,56,0,2,147,16,37.2,44.7
2023-02-24,401469831,Hawai'i Rainbow Warriors,UC Riverside Highlanders,52,54,0,2,62,27,38.5,35.9
2023-02-24,401469833,UC Irvine Anteaters,UC San Diego Tritons,91,99,0,2,300,28,45.9,48.4
2023-02-24,401469834,Cal State Northridge Matadors,Cal State Bakersfield Roadrunners,75,68,0,2,2463,2934,50.0,35.1
2023-02-24,401469835,UC Santa Barbara Gauchos,Long Beach State Beach,78,73,0,2,2540,299,44.3,56.1
2023-02-24,401469961,Drexel Dragons,Northeastern Huskies,75,48,0,2,2182,111,55.8,31.6
2023-02-24,401469962,UNC Wilmington Seahawks,Stony Brook Seawolves,76,69,0,2,350,2619,42.6,51.9
2023-02-24,401469963,Hampton Pirates,Monmouth Hawks,86,81,0,2,2261,2405,49.1,47.0
2023-02-24,401469964,North Carolina A&T Aggies,Delaware Blue Hens,71,73,0,2,2448,48,38.7,40.0
2023-02-24,401469965,Charleston Cougars,Towson Tigers,83,75,0,2,232,119,45.5,47.3
2023-02-24,401469966,William & Mary Tribe,Elon Phoenix,73,60,0,2,2729,2210,45.5,46.2
2023-02-24,401470074,Green Bay Phoenix,Cleveland State Vikings,65,76,0,2,2739,325,38.6,50.0
2023-02-24,401470075,Milwaukee Panthers,Purdue Fort Wayne Mastodons,96,94,0,2,270,2870,51.5,55.0
2023-02-24,401470076,Detroit Mercy Titans,Northern Kentucky Norse,64,67,0,2,2174,94,37.0,49.0
2023-02-24,401470077,Oakland Golden Grizzlies,Wright State Raiders,75,68,0,2,2473,2750,38.7,43.1
2023-02-24,401470078,IU Indianapolis Jaguars,Robert Morris Colonials,81,75,0,2,85,2523,50.0,39.7
2023-02-24,401470164,Lindenwood Lions,Southeast Missouri State Redhawks,105,102,0,2,2815,2546,49.2,49.3
2023-02-24,401470165,SIU Edwardsville Cougars,Little Rock Trojans,74,79,0,2,2565,2031,45.3,50.0
2023-02-24,401470167,Southern Indiana Screaming Eagles,Tennessee Tech Golden Eagles,79,82,0,2,88,2635,46.3,43.3
2023-02-24,401470168,UT Martin Skyhawks,Tennessee State Tigers,82,88,0,2,2630,2634,54.2,46.0
2023-02-24,401470255,South Dakota State Jackrabbits,Kansas City Roos,73,50,0,2,2571,140,56.6,32.8
2023-02-24,401470256,South Dakota Coyotes,Oral Roberts Golden Eagles,70,82,0,2,233,198,42.9,48.4
2023-02-24,401470257,North Dakota State Bison,St. Thomas Tommies,73,64,0,2,2449,2900,48.1,35.8
2023-02-24,401470461,Gonzaga Bulldogs,San Diego Toreros,97,72,0,2,2250,301,54.9,47.5
2023-02-24,401470462,San Francisco Dons,Portland Pilots,92,89,0,2,2539,2501,50.8,50.0
2023-02-24,401470463,Santa Clara Broncos,Pepperdine Waves,91,82,0,2,2541,2492,49.3,49.2
2023-02-24,401470464,Saint Mary's Gaels,Pacific Tigers,83,52,0,2,2608,279,49.2,33.3
2023-02-24,401473496,Merrimack Warriors,Central Connecticut Blue Devils,70,54,0,2,2771,2115,47.3,33.9
2023-02-24,401473497,Saint Francis Red Wolves,Fairleigh Dickinson Knights,82,72,0,2,2598,161,57.1,41.4
2023-02-24,401473498,Sacred Heart Pioneers,St. Francis Brooklyn Terriers,63,70,0,2,2529,2597,43.3,40.0
2023-02-24,401473499,Wagner Seahawks,Stonehill Skyhawks,54,44,0,2,2681,284,37.0,43.6
2023-02-24,401480447,Gardner-Webb Runnin' Bulldogs,Longwood Lancers,63,75,0,2,2241,2344,40.4,43.1
2023-02-24,401481145,Tarleton State Texans,Utah Valley Wolverines,77,58,0,2,2627,3084,31.7,31.8
2023-02-24,401481146,UT Arlington Mavericks,Southern Utah Thunderbirds,76,86,0,2,250,253,47.5,52.8
2023-02-24,401481147,Sam Houston Bearkats,California Baptist Lancers,56,45,0,2,2534,2856,34.7,30.6
2023-02-24,401481148,UT Rio Grande Valley Vaqueros,Utah Tech Trailblazers,81,88,0,2,292,3101,48.4,51.0
2023-02-24,401484969,Illinois Fighting Illini,Northwestern Wildcats,66,62,0,2,356,77,44.0,34.9
2023-02-24,401484970,Rutgers Scarlet Knights,Michigan Wolverines,45,58,0,2,164,130,38.3,40.7
2023-02-24,401485445,Houston Christian Huskies,McNeese Cowboys,85,80,0,2,2277,2377,47.7,47.8
2023-02-24,401485446,Incarnate Word Cardinals,Northwestern State Demons,66,71,0,2,2916,2466,41.2,50.9
2023-02-24,401485447,Lamar Cardinals,SE Louisiana Lions,60,83,0,2,2320,2545,40.7,55.0
2023-02-24,401485448,LSU New Orleans Privateers,Nicholls Colonels,88,82,0,2,2443,2447,50.0,39.1
2023-02-24,401485449,Texas A&M-Corpus Christi Islanders,East Texas A&M Lions,80,84,0,2,357,2837,43.8,63.3
2023-02-24,401487099,Charlotte 49ers,North Texas Mean Green,55,49,0,2,2429,249,47.6,39.1
2023-02-24,401487128,UAB Blazers,Rice Owls,85,57,0,2,5,242,46.9,32.3
2023-02-24,401487271,Florida International Panthers,UTEP Miners,82,87,0,2,2229,2638,47.1,58.7
2023-02-24,401487316,Florida Atlantic Owls,UTSA Roadrunners,106,66,0,2,2226,2636,51.4,40.0
2023-02-24,401490400,California Golden Bears,Washington Huskies,56,65,0,2,25,264,31.3,46.9
2023-02-24,401490401,Colorado Buffaloes,USC Trojans,65,84,0,2,38,30,36.4,56.9
2023-02-24,401490402,Stanford Cardinal,Washington State Cougars,63,67,0,2,24,265,42.9,50.0
2023-02-24,401490403,Utah Utes,UCLA Bruins,71,78,0,2,254,26,43.3,50.8
2023-02-24,401492755,Wichita State Shockers,Memphis Tigers,78,83,0,2,2724,235,47.8,54.7
2023-02-24,401493094,Western Kentucky Hilltoppers,Louisiana Tech Bulldogs,76,66,0,2,98,2348,49.1,42.4
2023-02-25,401469640,North Alabama Lions,Jacksonville State Gamecocks,83,92,0,2,2453,55,47.7,49.1
2023-02-25,401469641,Stetson Hatters,Lipscomb Bisons,91,98,0,2,56,288,47.8,55.1
2023-02-25,401469642,Florida Gulf Coast Eagles,Austin Peay Governors,89,71,0,2,526,2046,51.7,45.2
2023-02-25,401469643,Liberty Flames,Queens University Royals,73,53,0,2,2335,2511,45.8,36.7
2023-02-25,401469644,Jacksonville Dolphins,Eastern Kentucky Colonels,52,56,0,2,294,2198,35.5,36.8
2023-02-25,401469645,North Florida Ospreys,Bellarmine Knights,79,67,0,2,2454,91,48.4,53.1
2023-02-25,401469646,Central Arkansas Bears,Kennesaw State Owls,56,72,0,2,2110,338,34.4,40.6
2023-02-25,401469730,Montana State Bobcats,Portland State Vikings,91,78,0,2,147,2502,49.1,42.1
2023-02-25,401469731,Northern Colorado Bears,Northern Arizona Lumberjacks,82,85,0,2,2458,2464,53.7,53.6
2023-02-25,401469838,Cal State Bakersfield Roadrunners,Cal State Fullerton Titans,66,70,0,2,2934,2239,47.3,42.3
2023-02-25,401469839,Cal Poly Mustangs,UC Davis Aggies,52,58,0,2,13,302,36.4,33.3
2023-02-25,401469967,Hofstra Pride,Northeastern Huskies,84,52,0,2,2275,111,53.0,31.6
2023-02-25,401469968,Charleston Cougars,Stony Brook Seawolves,92,52,0,2,232,2619,49.2,30.6
2023-02-25,401469969,William & Mary Tribe,Monmouth Hawks,74,62,0,2,2729,2405,44.7,45.1
2023-02-25,401469972,North Carolina A&T Aggies,Hampton Pirates,73,72,0,2,2448,2261,38.9,32.9
2023-02-25,401470079,Green Bay Phoenix,Purdue Fort Wayne Mastodons,61,78,0,2,2739,2870,36.8,50.9
2023-02-25,401470081,Detroit Mercy Titans,Wright State Raiders,71,82,0,2,2174,2750,36.8,56.9
2023-02-25,401470082,Oakland Golden Grizzlies,Northern Kentucky Norse,69,78,0,2,2473,94,43.8,49.1
2023-02-25,401470169,Lindenwood Lions,Little Rock Trojans,97,96,0,2,2815,2031,46.0,54.5
2023-02-25,401470170,Eastern Illinois Panthers,Tennessee Tech Golden Eagles,66,75,0,2,2197,2635,43.1,47.5
2023-02-25,401470171,Morehead State Eagles,UT Martin Skyhawks,72,58,0,2,2413,2630,45.8,41.1
2023-02-25,401470172,Tennessee State Tigers,Southern Indiana Screaming Eagles,81,93,0,2,2634,88,43.3,45.8
2023-02-25,401470173,SIU Edwardsville Cougars,Southeast Missouri State Redhawks,93,78,0,2,2565,2546,54.7,40.3
2023-02-25,401470260,Denver Pioneers,Omaha Mavericks,72,61,0,2,2172,2437,51.0,29.8
2023-02-25,401470261,South Dakota State Jackrabbits,Oral Roberts Golden Eagles,65,69,0,2,2571,198,42.4,35.7
2023-02-25,401470262,North Dakota Fighting Hawks,St. Thomas Tommies,82,74,0,2,155,2900,51.8,44.1
2023-02-25,401470263,North Dakota State Bison,Western Illinois Leathernecks,71,69,0,2,2449,2710,50.0,46.4
2023-02-25,401470383,Georgia Southern Eagles,App State Mountaineers,73,64,0,2,290,2026,47.3,42.6
2023-02-25,401470384,Troy Trojans,Coastal Carolina Chanticleers,95,74,0,2,2653,324,46.8,45.6
2023-02-25,401470385,James Madison Dukes,Georgia State Panthers,90,69,0,2,256,2247,46.2,41.2
2023-02-25,401470386,Old Dominion Monarchs,Marshall Thundering Herd,71,67,0,2,295,276,40.9,37.5
2023-02-25,401470387,Texas State Bobcats,Southern Miss Golden Eagles,69,79,0,2,326,2572,48.3,52.0
2023-02-25,401470388,UL Monroe Warhawks,Arkansas State Red Wolves,61,64,0,2,2433,2032,36.2,46.0
2023-02-25,401470389,Louisiana Ragin' Cajuns,South Alabama Jaguars,74,64,0,2,309,6,49.1,42.9
2023-02-25,401473500,Saint Francis Red Wolves,Wagner Seahawks,58,68,0,2,2598,2681,41.3,44.1
2023-02-25,401473501,Fairleigh Dickinson Knights,St. Francis Brooklyn Terriers,86,69,0,2,161,2597,55.9,43.1
2023-02-25,401473502,Central Connecticut Blue Devils,Sacred Heart Pioneers,67,69,0,2,2115,2529,37.5,41.5
2023-02-25,401473503,Long Island University Sharks,Merrimack Warriors,59,80,0,2,112358,2771,42.0,43.1
2023-02-25,401473593,Central Michigan Chippewas,Northern Illinois Huskies,80,84,0,2,2117,2459,36.7,52.0
2023-02-25,401473594,Miami (OH) RedHawks,Ohio Bobcats,85,68,0,2,193,195,60.8,38.1
2023-02-25,401473595,Bowling Green Falcons,Kent State Golden Flashes,69,79,0,2,189,2309,37.1,44.8
2023-02-25,401473596,Eastern Michigan Eagles,Ball State Cardinals,75,68,0,2,2199,2050,43.9,37.7
2023-02-25,401473598,Toledo Rockets,Buffalo Bulls,101,71,0,2,2649,2084,59.1,39.4
2023-02-25,401479803,Mercer Bears,The Citadel Bulldogs,72,50,0,2,2382,2643,51.9,35.1
2023-02-25,401479804,Samford Bulldogs,Furman Paladins,79,93,0,2,2535,231,47.4,54.7
2023-02-25,401479805,East Tennessee State Buccaneers,UNC Greensboro Spartans,63,62,0,2,2193,2430,40.0,41.8
2023-02-25,401479806,Western Carolina Catamounts,VMI Keydets,85,66,0,2,2717,2678,49.1,34.8
2023-02-25,401480450,Radford Highlanders,Campbell Fighting Camels,67,65,0,2,2515,2097,38.9,46.2
2023-02-25,401480451,Charleston Southern Buccaneers,Presbyterian Blue Hose,85,59,0,2,2127,2506,62.7,38.2
2023-02-25,401480452,South Carolina Upstate Spartans,Gardner-Webb Runnin' Bulldogs,75,69,0,2,2908,2241,42.1,50.0
2023-02-25,401480453,Winthrop Eagles,High Point Panthers,84,78,0,2,2737,2272,47.4,41.2
2023-02-25,401480454,Longwood Lancers,UNC Asheville Bulldogs,66,76,0,2,2344,2427,42.6,54.5
2023-02-25,401481149,Grand Canyon Lopes,Seattle U Redhawks,54,65,0,2,2253,2547,32.7,39.0
2023-02-25,401481151,UT Arlington Mavericks,Utah Tech Trailblazers,71,69,0,2,250,3101,45.9,41.8
2023-02-25,401481152,Sam Houston Bearkats,Southern Utah Thunderbirds,64,57,0,2,2534,253,39.6,30.4
2023-02-25,401482874,UNLV Rebels,Air Force Falcons,54,53,0,2,2439,2005,41.5,39.2
2023-02-25,401482876,Fresno State Bulldogs,Nevada Wolf Pack,56,60,0,2,278,2440,37.5,45.1
2023-02-25,401482878,Colorado State Rams,Wyoming Cowboys,84,71,0,2,36,2751,59.2,45.1
2023-02-25,401484506,VCU Rams,Richmond Spiders,73,58,0,2,2670,257,45.2,43.1
2023-02-25,401484507,Fordham Rams,Rhode Island Rams,74,71,0,2,2230,227,39.7,40.4
2023-02-25,401484508,Dayton Flyers,George Mason Patriots,69,74,0,2,2168,2244,57.5,58.1
2023-02-25,401484509,George Washington Revolutionaries,La Salle Explorers,92,85,0,2,45,2325,58.6,40.0
2023-02-25,401484510,Saint Louis Billikens,Loyola Chicago Ramblers,81,62,0,2,139,2350,49.2,43.4
2023-02-25,401484633,Kentucky Wildcats,Auburn Tigers,86,54,0,2,96,2,56.1,33.9
2023-02-25,401484634,Georgia Bulldogs,Missouri Tigers,63,85,0,2,61,142,41.3,57.9
2023-02-25,401484635,Mississippi State Bulldogs,Texas A&M Aggies,69,62,0,2,344,245,44.2,39.5
2023-02-25,401484636,Vanderbilt Commodores,Florida Gators,88,72,0,2,238,57,51.7,42.9
2023-02-25,401484637,Alabama Crimson Tide,Arkansas Razorbacks,86,83,0,2,333,8,45.3,41.4
2023-02-25,401484639,Tennessee Volunteers,South Carolina Gamecocks,85,45,0,2,2633,2579,58.1,35.2
2023-02-25,401484973,Iowa Hawkeyes,Michigan State Spartans,112,106,0,2,2294,127,50.7,59.3
2023-02-25,401484974,Nebraska Cornhuskers,Minnesota Golden Gophers,78,67,0,2,158,135,49.2,40.7
2023-02-25,401485277,Seton Hall Pirates,Xavier Musketeers,60,82,0,2,2550,2752,38.6,48.3
2023-02-25,401485278,Villanova Wildcats,Creighton Bluejays,79,67,0,2,222,156,50.0,39.0
2023-02-25,401485279,St. John's Red Storm,UConn Huskies,86,95,0,2,2599,41,46.2,46.9
2023-02-25,401485450,Incarnate Word Cardinals,East Texas A&M Lions,79,75,0,2,2916,2837,54.0,53.8
2023-02-25,401485452,Nicholls Colonels,Houston Christian Huskies,68,64,0,2,2447,2277,46.4,35.8
2023-02-25,401485453,SE Louisiana Lions,McNeese Cowboys,78,75,0,2,2545,2377,42.3,40.9
2023-02-25,401485454,Texas A&M-Corpus Christi Islanders,Northwestern State Demons,83,75,0,2,357,2466,46.2,43.9
2023-02-25,401485494,South Carolina State Bulldogs,Norfolk State Spartans,76,88,0,2,2569,2450,35.7,59.6
2023-02-25,401487045,Canisius Golden Griffins,Saint Peter's Peacocks,66,53,0,2,2099,2612,55.8,42.1
2023-02-25,401487046,Manhattan Jaspers,Marist Red Foxes,58,81,0,2,2363,2368,32.8,51.8
2023-02-25,401487047,Mount St. Mary's Mountaineers,Iona Gaels,68,80,0,2,116,314,44.9,46.7
2023-02-25,401487048,Niagara Purple Eagles,Fairfield Stags,76,68,0,2,315,2217,57.7,45.3
2023-02-25,401487049,Rider Broncs,Siena Saints,69,66,0,2,2520,2561,46.4,42.6
2023-02-25,401487100,Charlotte 49ers,Rice Owls,70,54,0,2,2429,242,51.9,37.0
2023-02-25,401487272,Florida Atlantic Owls,UTEP Miners,75,49,0,2,2226,2638,49.1,33.3
2023-02-25,401487350,Columbia Lions,Brown Bears,73,84,0,2,171,225,52.9,49.3
2023-02-25,401487386,Pennsylvania Quakers,Dartmouth Big Green,89,79,0,2,219,159,61.5,52.7
2023-02-25,401487448,Harvard Crimson,Princeton Tigers,56,58,0,2,108,163,32.8,44.2
2023-02-25,401488141,Navy Midshipmen,Colgate Raiders,60,64,0,2,2426,2142,35.4,42.6
2023-02-25,401488354,Binghamton Bearcats,Maine Black Bears,67,71,0,2,2066,311,41.5,35.7
2023-02-25,401488355,UMass Lowell River Hawks,New Hampshire Wildcats,92,55,0,2,2349,160,58.5,39.2
2023-02-25,401488357,Bryant Bulldogs,Vermont Catamounts,66,70,0,2,2803,261,45.6,48.2
2023-02-25,401488512,NC State Wolfpack,Clemson Tigers,71,96,0,2,152,228,41.7,59.6
2023-02-25,401488513,Miami Hurricanes,Florida State Seminoles,84,85,0,2,2390,52,53.1,52.4
2023-02-25,401488514,Georgia Tech Yellow Jackets,Louisville Cardinals,83,67,0,2,59,97,48.2,44.3
2023-02-25,401488516,Pittsburgh Panthers,Syracuse Orange,99,82,0,2,221,183,47.1,50.0
2023-02-25,401488517,North Carolina Tar Heels,Virginia Cavaliers,71,63,0,2,153,258,46.8,39.7
2023-02-25,401489766,Middle Tennessee Blue Raiders,Louisiana Tech Bulldogs,63,49,0,2,2393,2348,40.4,27.5
2023-02-25,401490404,Arizona Wildcats,Arizona State Sun Devils,88,89,0,2,12,9,50.9,53.7
2023-02-25,401490405,California Golden Bears,Washington State Cougars,57,63,0,2,25,265,37.3,33.3
2023-02-25,401490460,Coppin State Eagles,Maryland Eastern Shore Hawks,57,78,0,2,2154,2379,35.8,42.6
2023-02-25,401490480,Morgan State Bears,Delaware State Hornets,83,78,0,2,2415,2169,58.9,45.7
2023-02-25,401490543,Loyola Maryland Greyhounds,American University Eagles,83,77,0,2,2352,44,46.7,40.6
2023-02-25,401490564,Holy Cross Crusaders,Army Black Knights,65,80,0,2,107,349,45.2,47.8
2023-02-25,401492193,Alcorn State Braves,Prairie View A&M Panthers,71,75,0,2,2016,2504,45.8,41.7
2023-02-25,401492219,Bethune-Cookman Wildcats,Southern Jaguars,60,53,0,2,2065,2582,33.3,33.3
2023-02-25,401492241,Florida A&M Rattlers,Grambling Tigers,55,69,0,2,50,2755,34.1,44.8
2023-02-25,401492253,Boston University Terriers,Lehigh Mountain Hawks,59,56,0,2,104,2329,34.4,38.8
2023-02-25,401493450,Iowa State Cyclones,Oklahoma Sooners,50,61,0,2,66,201,31.0,46.3
2023-02-25,401493451,Texas Tech Red Raiders,TCU Horned Frogs,82,83,0,2,2641,2628,50.0,48.5
2023-02-25,401493452,Oklahoma State Cowboys,Kansas State Wildcats,68,73,0,2,197,2306,41.1,49.0
2023-02-25,401493453,Baylor Bears,Texas Longhorns,81,72,0,2,239,251,50.0,45.0
2023-02-25,401493454,Kansas Jayhawks,West Virginia Mountaineers,76,74,0,2,2305,277,54.9,45.9
2023-02-25,401496945,North Carolina Central Eagles,Howard Bison,68,60,0,2,2428,47,43.1,36.1
2023-02-25,401497497,Jackson State Tigers,Texas Southern Tigers,71,69,0,2,2296,2640,51.0,48.3
2023-02-25,401497891,Bucknell Bison,Lafayette Leopards,75,65,0,2,2083,322,49.1,43.6
2023-02-26,401469727,Idaho State Bengals,Eastern Washington Eagles,71,63,0,2,304,331,41.8,40.0
2023-02-26,401469728,Weber State Wildcats,Idaho Vandals,67,53,0,2,2692,70,43.1,34.0
2023-02-26,401469729,Montana Grizzlies,Sacramento State Hornets,74,72,0,2,149,16,49.1,55.6
2023-02-26,401469836,Hawai'i Rainbow Warriors,UC Irvine Anteaters,72,67,0,2,62,300,41.4,39.4
2023-02-26,401469837,UC San Diego Tritons,UC Santa Barbara Gauchos,71,87,0,2,28,2540,47.5,59.3
2023-02-26,401469840,Long Beach State Beach,Cal State Northridge Matadors,71,64,0,2,299,2463,59.1,42.1
2023-02-26,401469970,Elon Phoenix,Delaware Blue Hens,54,70,0,2,2210,48,42.2,47.2
2023-02-26,401469971,UNC Wilmington Seahawks,Towson Tigers,53,57,0,2,350,119,39.1,36.7
2023-02-26,401470080,Milwaukee Panthers,Cleveland State Vikings,81,72,0,2,270,325,42.1,37.8
2023-02-26,401470083,IU Indianapolis Jaguars,Youngstown State Penguins,79,93,0,2,85,2754,54.4,57.6
2023-02-26,401470259,South Dakota Coyotes,Kansas City Roos,82,48,0,2,233,140,56.9,36.7
2023-02-26,401470465,BYU Cougars,San Francisco Dons,87,61,0,2,252,2539,51.7,36.0
2023-02-26,401470466,San Diego Toreros,Santa Clara Broncos,63,81,0,2,301,2541,33.9,52.5
2023-02-26,401470467,Gonzaga Bulldogs,Saint Mary's Gaels,77,68,0,2,2250,2608,53.8,47.8
2023-02-26,401470468,Pacific Tigers,Portland Pilots,81,77,0,2,279,2501,45.0,40.7
2023-02-26,401470469,Pepperdine Waves,Loyola Marymount Lions,67,75,0,2,2492,2351,45.6,43.1
2023-02-26,401473597,Akron Zips,Western Michigan Broncos,81,64,0,2,2006,2711,52.7,37.3
2023-02-26,401479802,Wofford Terriers,Chattanooga Mocs,86,74,0,2,2747,236,50.0,46.8
2023-02-26,401481150,Abilene Christian Wildcats,Utah Valley Wolverines,62,66,0,2,2000,3084,37.7,50.0
2023-02-26,401481153,UT Rio Grande Valley Vaqueros,Tarleton State Texans,99,95,0,2,292,2627,58.5,49.2
2023-02-26,401482875,San José State Spartans,Boise State Broncos,74,68,0,2,23,68,36.1,41.5
2023-02-26,401482877,New Mexico Lobos,San Diego State Aztecs,71,73,0,2,167,21,44.4,44.3
2023-02-26,401484511,St. Bonaventure Bonnies,Saint Joseph's Hawks,89,76,0,2,179,2603,56.9,44.0
2023-02-26,401484512,Duquesne Dukes,Davidson Wildcats,67,71,0,2,2184,2166,45.5,54.9
2023-02-26,401484638,Ole Miss Rebels,LSU Tigers,82,69,0,2,145,99,55.2,44.4
2023-02-26,401484972,Purdue Boilermakers,Indiana Hoosiers,71,79,0,2,2509,84,34.9,50.8
2023-02-26,401484975,Maryland Terrapins,Northwestern Wildcats,75,59,0,2,120,77,53.8,45.3
2023-02-26,401484976,Ohio State Buckeyes,Illinois Fighting Illini,72,60,0,2,194,356,53.6,36.1
2023-02-26,401484977,Michigan Wolverines,Wisconsin Badgers,87,79,0,2,130,275,49.2,42.9
2023-02-26,401484978,Penn State Nittany Lions,Rutgers Scarlet Knights,56,59,0,2,213,164,37.0,37.7
2023-02-26,401485280,Marquette Golden Eagles,DePaul Blue Demons,90,84,0,2,269,305,48.4,51.7
2023-02-26,401485281,Georgetown Hoyas,Providence Friars,68,88,0,2,46,2507,39.7,50.7
2023-02-26,401485451,Lamar Cardinals,LSU New Orleans Privateers,79,84,0,2,2320,2443,48.1,46.7
2023-02-26,401487050,Canisius Golden Griffins,Fairfield Stags,64,51,0,2,2099,2217,42.2,35.1
2023-02-26,401487051,Iona Gaels,Siena Saints,93,60,0,2,314,2561,46.0,36.5
2023-02-26,401487052,Niagara Purple Eagles,Saint Peter's Peacocks,65,66,0,2,315,2612,48.9,53.2
2023-02-26,401487053,Quinnipiac Bobcats,Manhattan Jaspers,70,72,0,2,2514,2363,42.9,49.2
2023-02-26,401487054,Rider Broncs,Mount St. Mary's Mountaineers,58,63,0,2,2520,116,37.7,44.0
2023-02-26,401487152,Western Kentucky Hilltoppers,UAB Blazers,60,72,0,2,98,5,41.1,43.9
2023-02-26,401487317,Florida International Panthers,UTSA Roadrunners,91,95,0,2,2229,2636,51.8,47.0
2023-02-26,401487485,Yale Bulldogs,Cornell Big Red,76,58,0,2,43,172,54.9,38.8
2023-02-26,401488356,UAlbany Great Danes,NJIT Highlanders,82,68,0,2,399,2885,43.9,44.8
2023-02-26,401488515,Wake Forest Demon Deacons,Notre Dame Fighting Irish,66,58,0,2,154,87,35.6,39.6
2023-02-26,401488518,Duke Blue Devils,Virginia Tech Hokies,81,65,0,2,150,259,56.6,40.4
2023-02-26,401490234,Bradley Braves,Drake Bulldogs,73,61,0,2,71,2181,56.0,38.1
2023-02-26,401490235,Northern Iowa Panthers,Belmont Bruins,75,83,0,2,2460,2057,41.9,46.8
2023-02-26,401490236,Illinois State Redbirds,Evansville Purple Aces,72,53,0,2,2287,339,52.9,37.5
2023-02-26,401490237,Indiana State Sycamores,Missouri State Bears,62,66,0,2,282,2623,40.0,42.6
2023-02-26,401490238,Murray State Racers,Valparaiso Beacons,77,76,0,2,93,2674,45.9,47.1
2023-02-26,401490239,UIC Flames,Southern Illinois Salukis,65,68,0,2,82,79,43.9,35.9
2023-02-26,401490406,Oregon State Beavers,Oregon Ducks,67,69,0,2,204,2483,45.8,39.7
2023-02-26,401490407,Utah Utes,USC Trojans,49,62,0,2,254,30,31.7,42.0
2023-02-26,401490408,Colorado Buffaloes,UCLA Bruins,56,60,0,2,38,26,33.3,40.7
2023-02-26,401490409,Stanford Cardinal,Washington Huskies,81,69,0,2,24,264,49.2,38.6
2023-02-26,401492160,Alabama State Hornets,Alabama A&M Bulldogs,50,55,0,2,2011,2010,30.0,39.6
2023-02-26,401492756,South Florida Bulls,SMU Mustangs,71,67,0,2,58,2567,50.0,43.4
2023-02-26,401492757,East Carolina Pirates,Houston Cougars,57,76,0,2,151,248,32.0,43.9
2023-02-26,401492758,Memphis Tigers,Cincinnati Bearcats,76,73,0,2,235,2132,46.2,49.2
2023-02-26,401492759,Tulane Green Wave,Wichita State Shockers,76,83,0,2,2655,2724,45.2,53.1
2023-02-26,401492760,Tulsa Golden Hurricane,UCF Knights,49,68,0,2,202,2116,35.6,43.9
2023-02-26,401493833,Mississippi Valley State Delta Devils,Arkansas-Pine Bluff Golden Lions,78,74,0,2,2400,2029,42.4,43.1
2023-02-27,401481154,Stephen F. Austin Lumberjacks,California Baptist Lancers,80,58,0,2,2617,2856,53.4,34.5
2023-02-28,401469732,Eastern Washington Eagles,Montana State Bobcats,74,79,0,2,331,147,51.9,52.7
2023-02-28,401469733,Idaho Vandals,Montana Grizzlies,53,68,0,2,70,149,38.8,46.6
2023-02-28,401469734,Northern Colorado Bears,Idaho State Bengals,87,72,0,2,2458,304,55.2,43.8
2023-02-28,401469735,Northern Arizona Lumberjacks,Weber State Wildcats,89,90,0,2,2464,2692,41.6,56.1
2023-02-28,401469736,Portland State Vikings,Sacramento State Hornets,74,76,0,2,2502,16,47.3,52.7
2023-02-28,401482881,Wyoming Cowboys,Nevada Wolf Pack,80,71,0,2,2751,2440,48.9,41.0
2023-02-28,401485282,Butler Bulldogs,Marquette Golden Eagles,56,72,0,2,2086,269,39.2,55.6
2023-02-28,401485495,North Carolina Central Eagles,Norfolk State Spartans,76,75,0,2,2428,2450,44.4,49.1
2023-02-28,401488519,Florida State Seminoles,North Carolina Tar Heels,66,77,0,2,52,153,41.7,43.4
2023-02-28,401490461,Delaware State Hornets,Coppin State Eagles,72,82,0,2,2169,2154,41.5,59.6
2023-02-28,401492194,Alcorn State Braves,Texas Southern Tigers,89,81,0,2,2016,2640,45.8,51.6
2023-02-28,401492220,Bethune-Cookman Wildcats,Grambling Tigers,54,66,0,2,2065,2755,41.1,53.8
2023-02-28,401492363,Maryland Eastern Shore Hawks,Morgan State Bears,61,68,0,2,2379,2415,30.6,42.6
2023-02-28,401493455,Oklahoma State Cowboys,Baylor Bears,68,74,0,2,197,239,39.7,41.8
2023-02-28,401493456,Iowa State Cyclones,West Virginia Mountaineers,69,72,0,2,66,277,46.2,44.0
2023-02-28,401493847,Florida A&M Rattlers,Southern Jaguars,58,60,0,2,50,2582,37.7,41.8
2023-02-28,401494604,Jackson State Tigers,Prairie View A&M Panthers,61,57,0,2,2296,2504,50.0,30.2
2023-02-28,401496885,South Carolina State Bulldogs,Howard Bison,78,82,0,2,2569,47,48.1,50.8
2023-02-28,401514212,North Florida Ospreys,Bellarmine Knights,74,76,1,2,2454,91,50.9,51.7
2023-02-28,401514213,Queens University Royals,Florida Gulf Coast Eagles,61,55,1,2,2511,526,30.5,37.7
2023-02-28,401514370,Coastal Carolina Chanticleers,Arkansas State Red Wolves,69,86,1,2,324,2032,41.7,52.8
2023-03-01,401473599,Akron Zips,Ball State Cardinals,87,83,0,2,2006,2050,44.1,51.7
2023-03-01,401473600,Northern Illinois Huskies,Buffalo Bulls,75,85,0,2,2459,2084,49.1,54.2
2023-03-01,401473601,Western Michigan Broncos,Miami (OH) RedHawks,62,77,0,2,2711,193,38.3,50.0
2023-03-01,401473602,Kent State Golden Flashes,Ohio Bobcats,82,75,0,2,2309,195,54.4,44.1
2023-03-01,401473603,Bowling Green Falcons,Eastern Michigan Eagles,88,68,0,2,189,2199,54.8,46.2
2023-03-01,401473604,Central Michigan Chippewas,Toledo Rockets,65,99,0,2,2117,2649,42.0,58.5
2023-03-01,401482879,San José State Spartans,Colorado State Rams,63,46,0,2,23,36,38.9,36.5
2023-03-01,401482880,New Mexico Lobos,Fresno State Bulldogs,94,80,0,2,167,278,58.2,47.0
2023-03-01,401482882,Boise State Broncos,San Diego State Aztecs,66,60,0,2,68,21,44.2,43.1
2023-03-01,401484513,Dayton Flyers,La Salle Explorers,77,53,0,2,2168,2325,54.7,31.6
2023-03-01,401484514,VCU Rams,Saint Louis Billikens,79,67,0,2,2670,139,48.3,40.6
2023-03-01,401484640,Georgia Bulldogs,Florida Gators,67,77,0,2,61,57,33.3,53.7
2023-03-01,401484641,Ole Miss Rebels,Texas A&M Aggies,61,69,0,2,145,245,37.3,37.9
2023-03-01,401484642,Mississippi State Bulldogs,South Carolina Gamecocks,74,68,0,2,344,2579,50.0,44.2
2023-03-01,401484643,Tennessee Volunteers,Arkansas Razorbacks,75,57,0,2,2633,8,50.0,36.7
2023-03-01,401484979,Indiana Hoosiers,Iowa Hawkeyes,68,90,0,2,84,2294,43.1,55.6
2023-03-01,401484980,Nebraska Cornhuskers,Michigan State Spartans,67,80,0,2,158,127,51.0,45.3
2023-03-01,401485283,Seton Hall Pirates,Villanova Wildcats,72,76,0,2,2550,222,45.5,53.7
2023-03-01,401485284,Providence Friars,Xavier Musketeers,89,94,0,2,2507,2752,40.6,55.7
2023-03-01,401488358,Vermont Catamounts,UAlbany Great Danes,79,61,0,2,261,399,52.9,38.2
2023-03-01,401488359,Maine Black Bears,Bryant Bulldogs,66,64,0,2,311,2803,46.4,40.3
2023-03-01,401488360,Binghamton Bearcats,UMBC Retrievers,67,70,0,2,2066,2378,36.5,36.2
2023-03-01,401488361,New Hampshire Wildcats,NJIT Highlanders,59,58,0,2,160,2885,35.7,43.4
2023-03-01,401488520,Wake Forest Demon Deacons,Boston College Eagles,69,71,0,2,154,103,45.3,51.8
2023-03-01,401488521,Virginia Cavaliers,Clemson Tigers,64,57,0,2,258,228,40.7,41.8
2023-03-01,401488522,Syracuse Orange,Georgia Tech Yellow Jackets,76,96,0,2,183,59,48.2,50.7
2023-03-01,401488523,Duke Blue Devils,NC State Wolfpack,71,67,0,2,150,152,41.8,38.2
2023-03-01,401488524,Louisville Cardinals,Virginia Tech Hokies,54,71,0,2,97,259,42.1,37.5
2023-03-01,401493457,Kansas Jayhawks,Texas Tech Red Raiders,67,63,0,2,2305,2641,39.3,41.0
2023-03-01,401514214,Stetson Hatters,Lipscomb Bisons,70,83,0,2,56,288,39.7,47.6
2023-03-01,401514215,Kennesaw State Owls,Queens University Royals,67,66,0,2,338,2511,47.2,44.1
2023-03-01,401514216,Eastern Kentucky Colonels,North Alabama Lions,73,48,0,2,2198,2453,41.3,29.1
2023-03-01,401514217,Liberty Flames,Bellarmine Knights,76,56,0,2,2335,91,56.0,46.9
2023-03-01,401514254,High Point Panthers,Charleston Southern Buccaneers,70,72,1,2,2272,2127,38.1,44.4
2023-03-01,401514284,Detroit Mercy Titans,Purdue Fort Wayne Mastodons,81,68,0,2,2174,2870,47.5,38.3
2023-03-01,401514285,Wright State Raiders,Green Bay Phoenix,77,57,0,2,2750,2739,51.8,36.4
2023-03-01,401514286,Robert Morris Colonials,IU Indianapolis Jaguars,67,64,0,2,2523,85,35.8,45.1
2023-03-01,401514343,Loyola Maryland Greyhounds,Holy Cross Crusaders,73,69,0,2,2352,107,41.0,40.6
2023-03-01,401514344,American University Eagles,Bucknell Bison,64,59,0,2,44,2083,50.0,46.9
2023-03-01,401514371,Texas State Bobcats,Georgia State Panthers,81,76,1,2,326,2247,51.9,48.1
2023-03-01,401532177,Tarleton State Texans,Nelson (TX) Lions,110,45,0,2,2627,2904,55.3,29.3
2023-03-02,401481155,California Baptist Lancers,UT Rio Grande Valley Vaqueros,88,70,0,2,2856,292,43.8,39.1
2023-03-02,401481156,Utah Valley Wolverines,UT Arlington Mavericks,78,59,0,2,3084,250,50.0,36.9
2023-03-02,401481157,Utah Tech Trailblazers,Seattle U Redhawks,93,56,0,2,3101,2547,60.8,30.8
2023-03-02,401481158,Southern Utah Thunderbirds,Grand Canyon Lopes,78,83,0,2,253,2253,45.3,50.8
2023-03-02,401481159,Abilene Christian Wildcats,New Mexico State Aggies,2,0,0,2,2000,166,,
2023-03-02,401481160,Stephen F. Austin Lumberjacks,Sam Houston Bearkats,59,64,0,2,2617,2534,32.0,34.9
2023-03-02,401482883,UNLV Rebels,Utah State Aggies,66,91,0,2,2439,328,31.6,61.8
2023-03-02,401484515,George Mason Patriots,Fordham Rams,64,58,0,2,2244,2230,34.0,23.8
2023-03-02,401484516,Davidson Wildcats,George Washington Revolutionaries,70,75,0,2,2166,45,40.3,47.4
2023-03-02,401484517,Duquesne Dukes,Massachusetts Minutemen,88,79,0,2,2184,113,46.7,46.9
2023-03-02,401484518,Saint Joseph's Hawks,Richmond Spiders,83,67,0,2,2603,257,47.5,41.3
2023-03-02,401484519,Loyola Chicago Ramblers,Rhode Island Rams,77,79,0,2,2350,227,49.1,45.0
2023-03-02,401484644,Alabama Crimson Tide,Auburn Tigers,90,85,0,2,333,2,43.9,46.0
2023-03-02,401484645,Kentucky Wildcats,Vanderbilt Commodores,66,68,0,2,96,238,32.2,40.3
2023-03-02,401484646,LSU Tigers,Missouri Tigers,76,81,0,2,99,142,42.9,46.0
2023-03-02,401484981,Ohio State Buckeyes,Maryland Terrapins,73,62,0,2,194,120,48.0,44.0
2023-03-02,401484982,Northwestern Wildcats,Penn State Nittany Lions,65,68,0,2,77,213,35.8,46.2
2023-03-02,401485285,UConn Huskies,DePaul Blue Demons,88,59,0,2,41,305,54.7,35.0
2023-03-02,401485286,Creighton Bluejays,Georgetown Hoyas,99,59,0,2,156,46,54.1,31.8
2023-03-02,401485456,Houston Christian Huskies,SE Louisiana Lions,64,80,0,2,2277,2545,43.1,46.4
2023-03-02,401485457,McNeese Cowboys,LSU New Orleans Privateers,80,73,0,2,2377,2443,44.6,46.4
2023-03-02,401485458,Nicholls Colonels,Lamar Cardinals,64,60,0,2,2447,2320,33.8,36.4
2023-03-02,401485459,Northwestern State Demons,Incarnate Word Cardinals,81,64,0,2,2466,2916,52.5,38.1
2023-03-02,401485460,East Texas A&M Lions,Texas A&M-Corpus Christi Islanders,88,93,0,2,2837,357,48.4,46.3
2023-03-02,401488525,Notre Dame Fighting Irish,Pittsburgh Panthers,88,81,0,2,87,221,49.1,44.3
2023-03-02,401492761,South Florida Bulls,Tulsa Golden Hurricane,72,56,0,2,58,202,42.4,33.3
2023-03-02,401492762,East Carolina Pirates,Tulane Green Wave,83,68,0,2,151,2655,38.2,39.3
2023-03-02,401493458,Kansas State Wildcats,Oklahoma Sooners,85,69,0,2,2306,201,53.3,43.1
2023-03-02,401493459,TCU Horned Frogs,Texas Longhorns,75,73,0,2,2628,251,46.4,39.1
2023-03-02,401497508,Gonzaga Bulldogs,Chicago State Cougars,104,65,0,2,2250,2130,60.7,43.3
2023-03-02,401514255,Campbell Fighting Camels,Presbyterian Blue Hose,68,63,1,2,2097,2506,44.7,45.1
2023-03-02,401514318,Northern Iowa Panthers,Illinois State Redbirds,75,62,1,2,2460,2287,46.6,41.8
2023-03-02,401514319,Indiana State Sycamores,Evansville Purple Aces,97,58,1,2,282,339,58.5,33.3
2023-03-02,401514329,Sacred Heart Pioneers,Wagner Seahawks,67,55,0,2,2529,2681,46.3,35.0
2023-03-02,401514330,Saint Francis Red Wolves,Central Connecticut Blue Devils,83,69,0,2,2598,2115,46.3,43.1
2023-03-02,401514331,Fairleigh Dickinson Knights,St. Francis Brooklyn Terriers,83,75,0,2,161,2597,45.6,44.8
2023-03-02,401514332,Merrimack Warriors,Long Island University Sharks,91,76,0,2,2771,112358,61.1,45.8
2023-03-02,401514336,Southeast Missouri State Redhawks,Lindenwood Lions,84,65,1,2,2546,2815,42.3,41.5
2023-03-02,401514337,SIU Edwardsville Cougars,Southern Indiana Screaming Eagles,68,54,1,2,2565,88,37.3,29.2
2023-03-02,401514348,Army Black Knights,Boston University Terriers,71,69,0,2,349,104,37.9,40.6
2023-03-02,401514372,South Alabama Jaguars,App State Mountaineers,68,61,1,2,6,2026,48.2,37.9
2023-03-02,401514373,Troy Trojans,Arkansas State Red Wolves,63,59,1,2,2653,2032,35.0,44.2
2023-03-02,401514374,Old Dominion Monarchs,Texas State Bobcats,36,65,1,2,295,326,23.1,46.3
2023-03-03,401469841,UC Riverside Highlanders,UC Irvine Anteaters,65,75,0,2,27,300,34.9,55.8
2023-03-03,401469842,UC Davis Aggies,UC Santa Barbara Gauchos,86,89,0,2,302,2540,47.3,55.4
2023-03-03,401469843,Cal State Northridge Matadors,Hawai'i Rainbow Warriors,55,81,0,2,2463,62,38.8,41.9
2023-03-03,401469844,Long Beach State Beach,Cal State Bakersfield Roadrunners,77,61,0,2,299,2934,44.9,41.4
2023-03-03,401473608,Ball State Cardinals,Toledo Rockets,81,87,0,2,2050,2649,54.4,55.0
2023-03-03,401473609,Kent State Golden Flashes,Akron Zips,89,84,0,2,2309,2006,51.7,43.9
2023-03-03,401473610,Northern Illinois Huskies,Eastern Michigan Eagles,85,66,0,2,2459,2199,56.5,42.6
2023-03-03,401484983,Minnesota Golden Gophers,Rutgers Scarlet Knights,75,74,0,2,135,164,48.1,49.1
2023-03-03,401484984,Illinois Fighting Illini,Michigan Wolverines,91,87,0,2,356,130,41.7,44.3
2023-03-03,401484985,Wisconsin Badgers,Purdue Boilermakers,61,63,0,2,275,2509,39.7,50.0
2023-03-03,401485496,Howard Bison,Norfolk State Spartans,87,67,0,2,47,2450,52.6,36.7
2023-03-03,401487055,Fairfield Stags,Quinnipiac Bobcats,92,82,0,2,2217,2514,55.2,47.4
2023-03-03,401487056,Iona Gaels,Marist Red Foxes,93,74,0,2,314,2368,49.3,45.8
2023-03-03,401487057,Saint Peter's Peacocks,Rider Broncs,60,73,0,2,2612,2520,47.7,47.1
2023-03-03,401487058,Siena Saints,Manhattan Jaspers,66,67,0,2,2561,2363,43.3,51.0
2023-03-03,401487101,UTSA Roadrunners,Charlotte 49ers,78,73,0,2,2636,2429,49.1,46.4
2023-03-03,401487129,Rice Owls,Florida Atlantic Owls,74,103,0,2,242,2226,46.3,53.4
2023-03-03,401487273,UTEP Miners,Western Kentucky Hilltoppers,68,73,0,2,2638,98,46.2,59.2
2023-03-03,401489767,North Texas Mean Green,Middle Tennessee Blue Raiders,64,50,0,2,249,2393,41.9,35.8
2023-03-03,401490410,Oregon Ducks,California Golden Bears,84,51,0,2,2483,25,54.8,35.2
2023-03-03,401490411,Oregon State Beavers,Stanford Cardinal,60,83,0,2,204,24,35.8,58.8
2023-03-03,401490412,UCLA Bruins,Arizona State Sun Devils,79,61,0,2,26,9,41.9,42.0
2023-03-03,401490413,USC Trojans,Arizona Wildcats,81,87,0,2,30,12,40.6,54.2
2023-03-03,401490414,Washington Huskies,Washington State Cougars,84,93,0,2,264,265,50.0,50.7
2023-03-03,401490462,Morgan State Bears,Coppin State Eagles,65,77,0,2,2415,2154,37.3,55.4
2023-03-03,401490481,Delaware State Hornets,Maryland Eastern Shore Hawks,58,64,0,2,2169,2379,40.7,36.8
2023-03-03,401492161,Southern Jaguars,Alabama State Hornets,66,52,0,2,2582,2011,43.4,34.6
2023-03-03,401492195,Mississippi Valley State Delta Devils,Alcorn State Braves,60,70,0,2,2400,2016,42.3,44.8
2023-03-03,401492242,Grambling Tigers,Alabama A&M Bulldogs,60,48,0,2,2755,2010,45.5,34.5
2023-03-03,401492641,Louisiana Tech Bulldogs,Florida International Panthers,77,76,0,2,2348,2229,47.4,38.3
2023-03-03,401492763,Houston Cougars,Wichita State Shockers,83,66,0,2,248,2724,47.4,64.9
2023-03-03,401492764,Temple Owls,UCF Knights,57,55,0,2,218,2116,36.7,38.6
2023-03-03,401492765,SMU Mustangs,Memphis Tigers,62,81,0,2,2567,235,36.2,51.9
2023-03-03,401494489,Arkansas-Pine Bluff Golden Lions,Jackson State Tigers,63,67,0,2,2029,2296,39.3,44.0
2023-03-03,401496886,South Carolina State Bulldogs,North Carolina Central Eagles,64,71,0,2,2569,2428,35.6,36.1
2023-03-03,401514218,Liberty Flames,Eastern Kentucky Colonels,79,73,0,2,2335,2198,44.4,51.7
2023-03-03,401514219,Kennesaw State Owls,Lipscomb Bisons,80,71,0,2,338,288,51.8,40.9
2023-03-03,401514256,UNC Asheville Bulldogs,Charleston Southern Buccaneers,75,66,1,2,2427,2127,35.8,37.3
2023-03-03,401514257,South Carolina Upstate Spartans,Gardner-Webb Runnin' Bulldogs,77,76,1,2,2908,2241,48.1,48.1
2023-03-03,401514258,Longwood Lancers,Campbell Fighting Camels,68,81,1,2,2344,2097,41.8,52.9
2023-03-03,401514272,Hampton Pirates,Monmouth Hawks,64,100,1,2,2261,2405,37.7,56.7
2023-03-03,401514287,Northern Kentucky Norse,Oakland Golden Grizzlies,81,74,0,2,94,2473,49.0,50.0
2023-03-03,401514288,Cleveland State Vikings,Robert Morris Colonials,75,70,0,2,325,2523,46.7,43.5
2023-03-03,401514289,Milwaukee Panthers,Wright State Raiders,87,70,0,2,270,2750,50.7,38.2
2023-03-03,401514293,Youngstown State Penguins,Detroit Mercy Titans,71,66,0,2,2754,2174,43.6,35.3
2023-03-03,401514320,Murray State Racers,Valparaiso Beacons,78,50,1,2,93,2674,42.6,32.7
2023-03-03,401514321,Missouri State Bears,UIC Flames,74,57,1,2,2623,82,49.2,39.7
2023-03-03,401514322,Bradley Braves,Northern Iowa Panthers,72,66,1,2,71,2460,43.6,39.3
2023-03-03,401514323,Belmont Bruins,Indiana State Sycamores,91,94,1,2,2057,282,53.0,50.8
2023-03-03,401514338,Tennessee State Tigers,Southeast Missouri State Redhawks,83,91,1,2,2634,2546,38.5,43.9
2023-03-03,401514339,UT Martin Skyhawks,SIU Edwardsville Cougars,81,75,1,2,2630,2565,43.6,42.9
2023-03-03,401514345,Lehigh Mountain Hawks,Lafayette Leopards,64,71,0,2,2329,322,38.2,45.1
2023-03-03,401514346,Navy Midshipmen,American University Eagles,51,52,0,2,2426,44,37.5,55.3
2023-03-03,401514347,Colgate Raiders,Loyola Maryland Greyhounds,92,73,0,2,2142,2352,60.7,49.2
2023-03-03,401514352,Mercer Bears,The Citadel Bulldogs,66,41,1,2,2382,2643,47.1,26.0
2023-03-03,401514375,Georgia Southern Eagles,UL Monroe Warhawks,66,57,1,2,290,2433,42.6,32.8
2023-03-03,401514394,Portland Pilots,San Diego Toreros,92,74,1,2,2501,301,51.0,45.0
2023-03-03,401514395,Pacific Tigers,Pepperdine Waves,84,71,1,2,279,2492,52.4,49.1
2023-03-04,401469850,UC Davis Aggies,Long Beach State Beach,93,92,0,2,302,299,37.5,43.2
2023-03-04,401473605,Western Michigan Broncos,Central Michigan Chippewas,81,65,0,2,2711,2117,45.5,42.0
2023-03-04,401473606,Ohio Bobcats,Bowling Green Falcons,92,58,0,2,195,189,49.3,31.7
2023-03-04,401473607,Buffalo Bulls,Miami (OH) RedHawks,68,63,0,2,2084,193,39.0,47.1
2023-03-04,401481161,Seattle U Redhawks,UT Arlington Mavericks,80,56,0,2,2547,250,41.8,32.3
2023-03-04,401481162,Utah Valley Wolverines,Stephen F. Austin Lumberjacks,113,69,0,2,3084,2617,62.5,39.7
2023-03-04,401481163,Utah Tech Trailblazers,Grand Canyon Lopes,61,71,0,2,3101,2253,37.7,50.0
2023-03-04,401481164,Southern Utah Thunderbirds,California Baptist Lancers,81,71,0,2,253,2856,53.7,42.1
2023-03-04,401481165,Tarleton State Texans,New Mexico State Aggies,2,0,0,2,2627,166,,
2023-03-04,401481166,Sam Houston Bearkats,Abilene Christian Wildcats,72,54,0,2,2534,2000,46.3,31.9
2023-03-04,401482885,Colorado State Rams,New Mexico Lobos,92,84,0,2,36,167,58.2,44.8
2023-03-04,401482886,Air Force Falcons,San José State Spartans,61,63,0,2,2005,23,39.7,47.2
2023-03-04,401482887,Nevada Wolf Pack,UNLV Rebels,67,69,0,2,2440,2439,38.9,36.1
2023-03-04,401484520,Saint Louis Billikens,Dayton Flyers,65,61,0,2,139,2168,42.4,36.9
2023-03-04,401484521,Richmond Spiders,George Mason Patriots,60,62,0,2,257,2244,37.8,46.0
2023-03-04,401484522,Massachusetts Minutemen,St. Bonaventure Bonnies,71,60,0,2,113,179,36.2,36.4
2023-03-04,401484523,George Washington Revolutionaries,VCU Rams,68,74,0,2,45,2670,44.6,46.2
2023-03-04,401484525,Fordham Rams,Duquesne Dukes,87,60,0,2,2230,2184,49.2,32.8
2023-03-04,401484526,La Salle Explorers,Loyola Chicago Ramblers,73,76,0,2,2325,2350,56.0,54.5
2023-03-04,401484647,Texas A&M Aggies,Alabama Crimson Tide,67,61,0,2,245,333,34.0,33.8
2023-03-04,401484648,Arkansas Razorbacks,Kentucky Wildcats,79,88,0,2,8,96,35.7,53.7
2023-03-04,401484650,Auburn Tigers,Tennessee Volunteers,79,70,0,2,2,2633,49.1,47.2
2023-03-04,401484651,Florida Gators,LSU Tigers,79,67,0,2,57,99,45.9,38.3
2023-03-04,401484652,Missouri Tigers,Ole Miss Rebels,82,77,0,2,142,145,55.2,50.9
2023-03-04,401484653,South Carolina Gamecocks,Georgia Bulldogs,61,55,0,2,2579,61,38.5,37.3
2023-03-04,401484986,Michigan State Spartans,Ohio State Buckeyes,84,78,0,2,127,194,54.7,48.3
2023-03-04,401485287,Marquette Golden Eagles,St. John's Red Storm,96,94,0,2,269,2599,50.0,53.1
2023-03-04,401485289,Providence Friars,Seton Hall Pirates,58,82,0,2,2507,2550,40.4,62.5
2023-03-04,401487059,Canisius Golden Griffins,Niagara Purple Eagles,81,68,0,2,2099,315,53.7,44.3
2023-03-04,401487060,Manhattan Jaspers,Mount St. Mary's Mountaineers,69,74,0,2,2363,116,44.8,47.2
2023-03-04,401487063,Saint Peter's Peacocks,Siena Saints,73,72,0,2,2612,2561,43.1,43.4
2023-03-04,401487102,Charlotte 49ers,UAB Blazers,91,93,0,2,2429,5,45.1,47.5
2023-03-04,401487130,Rice Owls,Florida International Panthers,83,90,0,2,242,2229,50.8,49.2
2023-03-04,401487274,UTEP Miners,Middle Tennessee Blue Raiders,77,65,0,2,2638,2393,51.9,42.9
2023-03-04,401487387,Dartmouth Big Green,Harvard Crimson,87,82,0,2,159,108,60.0,52.4
2023-03-04,401487468,Princeton Tigers,Pennsylvania Quakers,77,69,0,2,163,219,37.5,38.2
2023-03-04,401488526,North Carolina Tar Heels,Duke Blue Devils,57,62,0,2,153,150,30.4,37.9
2023-03-04,401488527,Virginia Tech Hokies,Florida State Seminoles,82,60,0,2,259,52,51.8,44.1
2023-03-04,401488528,Boston College Eagles,Georgia Tech Yellow Jackets,65,73,0,2,103,59,43.9,41.9
2023-03-04,401488529,Virginia Cavaliers,Louisville Cardinals,75,60,0,2,258,97,58.0,43.5
2023-03-04,401488531,Miami Hurricanes,Pittsburgh Panthers,78,76,0,2,2390,221,45.5,46.6
2023-03-04,401488532,Syracuse Orange,Wake Forest Demon Deacons,72,63,0,2,183,154,42.2,40.0
2023-03-04,401490415,Colorado Buffaloes,Utah Utes,69,60,0,2,38,254,46.3,33.3
2023-03-04,401490416,Oregon Ducks,Stanford Cardinal,73,68,0,2,2483,24,45.6,46.3
2023-03-04,401490426,North Texas Mean Green,Western Kentucky Hilltoppers,67,33,0,2,249,98,45.6,27.7
2023-03-04,401490522,Cornell Big Red,Columbia Lions,87,73,0,2,172,171,54.2,48.1
2023-03-04,401492162,Grambling Tigers,Alabama State Hornets,69,49,0,2,2755,2011,44.6,38.3
2023-03-04,401492196,Arkansas-Pine Bluff Golden Lions,Alcorn State Braves,58,63,0,2,2029,2016,28.8,46.5
2023-03-04,401492221,Bethune-Cookman Wildcats,Florida A&M Rattlers,91,70,0,2,2065,50,57.4,42.3
2023-03-04,401493460,Baylor Bears,Iowa State Cyclones,58,73,0,2,239,66,35.8,54.2
2023-03-04,401493461,Texas Longhorns,Kansas Jayhawks,75,59,0,2,251,2305,45.5,36.2
2023-03-04,401493462,West Virginia Mountaineers,Kansas State Wildcats,89,81,0,2,277,2306,50.8,44.8
2023-03-04,401493463,Oklahoma Sooners,TCU Horned Frogs,74,60,0,2,201,2628,50.0,37.7
2023-03-04,401493464,Texas Tech Red Raiders,Oklahoma State Cowboys,68,71,0,2,2641,197,38.3,44.3
2023-03-04,401493848,Southern Jaguars,Alabama A&M Bulldogs,65,68,0,2,2582,2010,41.8,56.5
2023-03-04,401494605,Prairie View A&M Panthers,Texas Southern Tigers,78,74,0,2,2504,2640,56.9,50.0
2023-03-04,401514259,Radford Highlanders,Winthrop Eagles,78,69,1,2,2515,2737,53.6,50.0
2023-03-04,401514260,UNC Asheville Bulldogs,South Carolina Upstate Spartans,66,62,1,2,2427,2908,40.0,41.0
2023-03-04,401514261,Radford Highlanders,Campbell Fighting Camels,71,72,1,2,2515,2097,44.4,55.1
2023-03-04,401514273,William & Mary Tribe,Elon Phoenix,73,51,1,2,2729,2210,40.4,38.2
2023-03-04,401514274,Drexel Dragons,Monmouth Hawks,64,45,1,2,2182,2405,42.0,29.8
2023-03-04,401514275,North Carolina A&T Aggies,Stony Brook Seawolves,61,76,1,2,2448,2619,32.3,51.9
2023-03-04,401514324,Drake Bulldogs,Murray State Racers,74,62,1,2,2181,93,53.8,43.1
2023-03-04,401514325,Southern Illinois Salukis,Missouri State Bears,54,51,1,2,79,2623,39.1,38.5
2023-03-04,401514326,Bradley Braves,Indiana State Sycamores,71,70,1,2,71,282,45.9,44.2
2023-03-04,401514327,Drake Bulldogs,Southern Illinois Salukis,65,52,1,2,2181,79,47.1,33.9
2023-03-04,401514333,Merrimack Warriors,Sacred Heart Pioneers,71,60,0,2,2771,2529,47.2,34.9
2023-03-04,401514340,Morehead State Eagles,Southeast Missouri State Redhawks,58,65,1,2,2413,2546,36.4,44.2
2023-03-04,401514341,Tennessee Tech Golden Eagles,UT Martin Skyhawks,78,63,1,2,2635,2630,43.9,38.5
2023-03-04,401514353,Chattanooga Mocs,VMI Keydets,92,72,1,2,236,2678,61.7,36.1
2023-03-04,401514354,Furman Paladins,Mercer Bears,73,58,1,2,231,2382,48.9,36.8
2023-03-04,401514355,Western Carolina Catamounts,East Tennessee State Buccaneers,69,57,1,2,2717,2193,50.0,36.4
2023-03-04,401514356,Samford Bulldogs,Chattanooga Mocs,82,85,1,2,2535,236,42.6,51.0
2023-03-04,401514361,Denver Pioneers,North Dakota Fighting Hawks,68,83,1,2,2172,155,47.5,50.8
2023-03-04,401514362,Kansas City Roos,Omaha Mavericks,61,73,1,2,140,2437,35.0,47.2
2023-03-04,401514376,Southern Miss Golden Eagles,South Alabama Jaguars,61,78,1,2,2572,6,37.3,48.1
2023-03-04,401514377,James Madison Dukes,Troy Trojans,75,72,1,2,256,2653,45.3,38.7
2023-03-04,401514378,Marshall Thundering Herd,Texas State Bobcats,68,71,1,2,276,326,44.4,52.6
2023-03-04,401514396,BYU Cougars,Portland Pilots,82,71,1,2,252,2501,44.3,40.3
2023-03-04,401514397,San Francisco Dons,Pacific Tigers,80,63,1,2,2539,279,46.7,40.8
2023-03-04,401522107,UMass Lowell River Hawks,Maine Black Bears,85,54,0,2,2349,311,57.4,41.1
2023-03-04,401522109,New Hampshire Wildcats,Bryant Bulldogs,67,60,0,2,160,2803,30.4,44.4
2023-03-04,401531471,Tulane Green Wave,East Carolina Pirates,81,78,0,2,2655,151,51.6,42.9
2023-03-05,401469846,Cal Poly Mustangs,UC Riverside Highlanders,72,73,0,2,13,27,44.4,45.8
2023-03-05,401469847,UC Santa Barbara Gauchos,Hawai'i Rainbow Warriors,81,61,0,2,2540,62,53.2,44.9
2023-03-05,401469849,UC Irvine Anteaters,Cal State Bakersfield Roadrunners,52,44,0,2,300,2934,42.9,30.2
2023-03-05,401482884,Utah State Aggies,Boise State Broncos,86,73,0,2,328,68,57.1,44.6
2023-03-05,401482888,San Diego State Aztecs,Wyoming Cowboys,67,50,0,2,21,2751,42.6,34.0
2023-03-05,401484524,Rhode Island Rams,Davidson Wildcats,54,68,0,2,227,2166,41.7,38.2
2023-03-05,401484649,Vanderbilt Commodores,Mississippi State Bulldogs,77,72,0,2,238,344,49.1,45.9
2023-03-05,401484987,Penn State Nittany Lions,Maryland Terrapins,65,64,0,2,213,120,48.1,46.0
2023-03-05,401484988,Indiana Hoosiers,Michigan Wolverines,75,73,0,2,84,130,45.2,41.3
2023-03-05,401484989,Iowa Hawkeyes,Nebraska Cornhuskers,77,81,0,2,2294,158,36.5,58.5
2023-03-05,401484992,Purdue Boilermakers,Illinois Fighting Illini,76,71,0,2,2509,356,47.2,48.0
2023-03-05,401485288,Xavier Musketeers,Butler Bulldogs,78,66,0,2,2752,2086,53.8,45.5
2023-03-05,401485290,DePaul Blue Demons,Creighton Bluejays,70,84,0,2,305,156,40.3,50.8
2023-03-05,401485291,Villanova Wildcats,UConn Huskies,59,71,0,2,222,41,36.4,44.6
2023-03-05,401487061,Marist Red Foxes,Quinnipiac Bobcats,76,88,0,2,2368,2514,45.2,54.1
2023-03-05,401487062,Rider Broncs,Iona Gaels,78,80,0,2,2520,314,54.1,44.6
2023-03-05,401487351,Brown Bears,Yale Bulldogs,75,84,0,2,225,43,43.1,55.1
2023-03-05,401488530,Clemson Tigers,Notre Dame Fighting Irish,87,64,0,2,228,87,50.8,34.4
2023-03-05,401489750,Louisiana Tech Bulldogs,Florida Atlantic Owls,72,76,0,2,2348,2226,45.6,46.3
2023-03-05,401490417,Oregon State Beavers,California Golden Bears,69,66,0,2,204,25,42.6,45.8
2023-03-05,401490418,UCLA Bruins,Arizona Wildcats,82,73,0,2,26,12,41.8,47.4
2023-03-05,401490419,USC Trojans,Arizona State Sun Devils,68,65,0,2,30,9,41.2,29.2
2023-03-05,401492766,Memphis Tigers,Houston Cougars,65,67,0,2,235,248,35.8,46.3
2023-03-05,401492767,Cincinnati Bearcats,SMU Mustangs,97,74,0,2,2132,2567,55.6,40.3
2023-03-05,401492768,UCF Knights,East Carolina Pirates,84,58,0,2,2116,151,50.9,36.2
2023-03-05,401492769,Tulane Green Wave,Temple Owls,83,82,0,2,2655,218,50.9,43.8
2023-03-05,401492770,Wichita State Shockers,South Florida Bulls,69,49,0,2,2724,58,50.0,31.0
2023-03-05,401493834,Mississippi Valley State Delta Devils,Jackson State Tigers,60,68,0,2,2400,2296,42.6,44.9
2023-03-05,401497515,Fresno State Bulldogs,Chicago State Cougars,108,72,0,2,278,2130,63.6,47.5
2023-03-05,401514220,Kennesaw State Owls,Liberty Flames,67,66,0,2,338,2335,46.9,40.6
2023-03-05,401514262,UNC Asheville Bulldogs,Campbell Fighting Camels,77,73,1,2,2427,2097,49.1,46.8
2023-03-05,401514276,Delaware Blue Hens,Northeastern Huskies,77,74,1,2,48,111,36.5,46.4
2023-03-05,401514277,Hofstra Pride,William & Mary Tribe,94,46,1,2,2275,2729,59.4,30.0
2023-03-05,401514278,UNC Wilmington Seahawks,Drexel Dragons,73,68,1,2,350,2182,54.9,48.0
2023-03-05,401514279,Charleston Cougars,Stony Brook Seawolves,74,52,1,2,232,2619,38.2,39.3
2023-03-05,401514328,Bradley Braves,Drake Bulldogs,51,77,1,2,71,2181,34.5,56.0
2023-03-05,401514334,Fairleigh Dickinson Knights,Saint Francis Red Wolves,70,50,0,2,161,2598,49.1,40.0
2023-03-05,401514342,Tennessee Tech Golden Eagles,Southeast Missouri State Redhawks,82,89,1,2,2635,2546,44.4,42.9
2023-03-05,401514349,Lafayette Leopards,American University Eagles,84,76,0,2,322,44,48.1,35.8
2023-03-05,401514350,Colgate Raiders,Army Black Knights,91,74,0,2,2142,349,52.4,50.9
2023-03-05,401514357,UNC Greensboro Spartans,Wofford Terriers,66,67,1,2,2430,2747,49.0,45.2
2023-03-05,401514358,Furman Paladins,Western Carolina Catamounts,83,80,1,2,231,2717,39.0,44.1
2023-03-05,401514363,Oral Roberts Golden Eagles,North Dakota Fighting Hawks,96,80,1,2,198,155,50.7,53.3
2023-03-05,401514365,South Dakota State Jackrabbits,Omaha Mavericks,63,55,1,2,2571,2437,29.8,35.0
2023-03-05,401514379,Louisiana Ragin' Cajuns,Georgia Southern Eagles,67,49,1,2,309,290,50.0,32.7
2023-03-05,401514380,James Madison Dukes,South Alabama Jaguars,66,75,1,2,256,6,39.7,52.7
2023-03-05,401514398,Loyola Marymount Lions,BYU Cougars,63,73,1,2,2351,252,40.0,52.4
2023-03-05,401514399,Santa Clara Broncos,San Francisco Dons,87,93,1,2,2541,2539,43.2,41.9
2023-03-05,401522106,Vermont Catamounts,NJIT Highlanders,84,57,0,2,261,2885,50.8,37.9
2023-03-05,401522108,UMBC Retrievers,Binghamton Bearcats,65,67,0,2,2378,2066,41.1,45.1
2023-03-05,401523952,Northern Arizona Lumberjacks,Idaho Vandals,87,76,1,2,2464,70,50.9,51.0
2023-03-05,401523953,Portland State Vikings,Northern Colorado Bears,80,84,1,2,2502,2458,45.6,43.3
2023-03-05,401524230,East Texas A&M Lions,McNeese Cowboys,78,79,1,2,2837,2377,45.0,50.8
2023-03-06,401484990,Minnesota Golden Gophers,Wisconsin Badgers,67,71,0,2,135,275,52.1,49.1
2023-03-06,401484991,Rutgers Scarlet Knights,Northwestern Wildcats,53,65,0,2,164,77,36.4,45.3
2023-03-06,401514280,Towson Tigers,Delaware Blue Hens,86,60,1,2,119,48,59.6,38.7
2023-03-06,401514281,Hofstra Pride,UNC Wilmington Seahawks,73,79,1,2,2275,350,39.7,44.8
2023-03-06,401514359,Wofford Terriers,Chattanooga Mocs,62,74,1,2,2747,236,38.7,50.0
2023-03-06,401514364,Western Illinois Leathernecks,St. Thomas Tommies,60,67,1,2,2710,2900,43.5,43.6
2023-03-06,401514366,North Dakota State Bison,South Dakota Coyotes,70,68,1,2,2449,233,39.3,43.1
2023-03-06,401514381,Louisiana Ragin' Cajuns,Texas State Bobcats,64,58,1,2,309,326,44.0,43.9
2023-03-06,401523954,Eastern Washington Eagles,Northern Arizona Lumberjacks,80,81,1,2,331,2464,56.9,49.3
2023-03-06,401523955,Montana State Bobcats,Northern Colorado Bears,84,73,1,2,147,2458,46.6,43.1
2023-03-06,401524231,Houston Christian Huskies,LSU New Orleans Privateers,69,90,1,2,2277,2443,40.0,56.3
2023-03-06,401524232,Nicholls Colonels,McNeese Cowboys,71,77,1,2,2447,2377,51.9,54.0
2023-03-07,401514038,Florida State Seminoles,Georgia Tech Yellow Jackets,60,61,1,2,52,59,41.4,37.7
2023-03-07,401514039,Boston College Eagles,Louisville Cardinals,80,62,1,2,103,97,46.8,38.0
2023-03-07,401514221,Richmond Spiders,Massachusetts Minutemen,71,38,1,2,257,113,46.6,23.8
2023-03-07,401514222,Saint Joseph's Hawks,Loyola Chicago Ramblers,72,67,1,2,2603,2350,41.5,41.8
2023-03-07,401514223,La Salle Explorers,Rhode Island Rams,73,56,1,2,2325,227,50.0,29.3
2023-03-07,401514282,Charleston Cougars,Towson Tigers,77,72,1,2,232,119,34.4,42.4
2023-03-07,401514290,Youngstown State Penguins,Northern Kentucky Norse,63,75,1,2,2754,94,45.3,37.3
2023-03-07,401514291,Milwaukee Panthers,Cleveland State Vikings,80,93,1,2,270,325,40.3,49.3
2023-03-07,401514294,Mount St. Mary's Mountaineers,Canisius Golden Griffins,67,66,1,2,116,2099,46.7,33.8
2023-03-07,401514360,Furman Paladins,Chattanooga Mocs,88,79,1,2,231,236,48.3,45.8
2023-03-07,401514367,Oral Roberts Golden Eagles,St. Thomas Tommies,70,65,1,2,198,2900,41.4,33.3
2023-03-07,401514368,South Dakota State Jackrabbits,North Dakota State Bison,79,89,1,2,2571,2449,44.4,56.1
2023-03-07,401514382,Louisiana Ragin' Cajuns,South Alabama Jaguars,71,66,1,2,309,6,49.1,48.9
2023-03-07,401514383,California Baptist Lancers,Abilene Christian Wildcats,69,62,1,2,2856,2000,46.8,40.3
2023-03-07,401514384,Grand Canyon Lopes,UT Arlington Mavericks,82,77,1,2,2253,250,52.1,50.0
2023-03-07,401514400,Saint Mary's Gaels,BYU Cougars,76,69,1,2,2608,252,51.1,49.0
2023-03-07,401514401,Gonzaga Bulldogs,San Francisco Dons,84,73,1,2,2250,2539,48.2,40.3
2023-03-07,401522110,UMass Lowell River Hawks,New Hampshire Wildcats,75,64,0,2,2349,160,51.1,41.8
2023-03-07,401523956,Montana Grizzlies,Idaho State Bengals,83,74,1,2,149,304,57.4,51.9
2023-03-07,401523957,Weber State Wildcats,Sacramento State Hornets,70,64,1,2,2692,16,54.9,53.1
2023-03-07,401524233,SE Louisiana Lions,LSU New Orleans Privateers,78,82,1,2,2545,2443,45.6,44.6
2023-03-07,401524234,Texas A&M-Corpus Christi Islanders,McNeese Cowboys,80,63,1,2,357,2377,43.5,33.3
2023-03-08,401514040,Virginia Tech Hokies,Notre Dame Fighting Irish,67,64,1,2,259,87,48.0,42.9
2023-03-08,401514041,Syracuse Orange,Wake Forest Demon Deacons,74,77,1,2,183,154,39.1,45.2
2023-03-08,401514042,Pittsburgh Panthers,Georgia Tech Yellow Jackets,89,81,1,2,221,59,56.4,45.5
2023-03-08,401514224,Davidson Wildcats,St. Bonaventure Bonnies,65,54,1,2,2166,179,40.0,41.1
2023-03-08,401514225,George Mason Patriots,Richmond Spiders,62,57,1,2,2244,257,40.0,42.0
2023-03-08,401514226,George Washington Revolutionaries,Saint Joseph's Hawks,76,87,1,2,45,2603,39.4,44.4
2023-03-08,401514244,St. John's Red Storm,Butler Bulldogs,76,63,1,2,2599,2086,43.5,38.5
2023-03-08,401514245,Seton Hall Pirates,DePaul Blue Demons,65,66,1,2,2550,305,50.0,45.1
2023-03-08,401514263,Long Beach State Beach,Cal Poly Mustangs,68,88,1,2,299,13,36.4,50.8
2023-03-08,401514264,Cal State Bakersfield Roadrunners,Cal State Northridge Matadors,51,47,1,2,2934,2463,32.1,31.8
2023-03-08,401514283,Charleston Cougars,UNC Wilmington Seahawks,63,58,1,2,232,350,40.4,40.7
2023-03-08,401514292,Cleveland State Vikings,Northern Kentucky Norse,61,63,1,2,325,94,42.1,41.2
2023-03-08,401514295,Fairfield Stags,Saint Peter's Peacocks,52,70,1,2,2217,2612,37.0,48.0
2023-03-08,401514296,Manhattan Jaspers,Marist Red Foxes,50,61,1,2,2363,2368,32.8,37.5
2023-03-08,401514311,Howard Bison,South Carolina State Bulldogs,91,55,1,2,47,2569,50.7,32.8
2023-03-08,401514335,Merrimack Warriors,Fairleigh Dickinson Knights,67,66,0,2,2771,161,41.4,41.4
2023-03-08,401514369,Oral Roberts Golden Eagles,North Dakota State Bison,92,58,1,2,198,2449,48.4,32.2
2023-03-08,401514385,Tarleton State Texans,UT Rio Grande Valley Vaqueros,74,70,1,2,2627,292,46.2,48.1
2023-03-08,401514386,Stephen F. Austin Lumberjacks,Utah Tech Trailblazers,76,80,1,2,2617,3101,44.6,49.1
2023-03-08,401514402,Saint Mary's Gaels,Gonzaga Bulldogs,51,77,1,2,2608,2250,33.3,58.0
2023-03-08,401514403,Washington Huskies,Colorado Buffaloes,68,74,1,2,264,38,42.9,45.5
2023-03-08,401514404,Washington State Cougars,California Golden Bears,69,52,1,2,265,25,41.7,35.8
2023-03-08,401514414,Wisconsin Badgers,Ohio State Buckeyes,57,65,1,2,275,194,34.4,52.3
2023-03-08,401514973,Colorado State Rams,Fresno State Bulldogs,67,65,1,2,36,278,43.8,40.7
2023-03-08,401514974,UNLV Rebels,Air Force Falcons,78,70,1,2,2439,2005,42.4,38.6
2023-03-08,401515340,Western Kentucky Hilltoppers,UTEP Miners,73,67,1,2,98,2638,42.6,41.8
2023-03-08,401518888,Montana Grizzlies,Northern Arizona Lumberjacks,71,83,1,2,149,2464,45.5,50.0
2023-03-08,401518889,Montana State Bobcats,Weber State Wildcats,60,58,1,2,147,2692,34.6,34.5
2023-03-08,401522111,Vermont Catamounts,Binghamton Bearcats,79,57,0,2,261,2066,60.0,42.6
2023-03-08,401524235,Northwestern State Demons,LSU New Orleans Privateers,74,70,1,2,2466,2443,51.0,49.1
2023-03-08,401524236,Texas A&M-Corpus Christi Islanders,Northwestern State Demons,75,71,1,2,357,2466,57.4,45.2
2023-03-08,401527430,Grambling Tigers,Bethune-Cookman Wildcats,87,72,1,2,2755,2065,54.1,37.7
2023-03-09,401514043,North Carolina Tar Heels,Boston College Eagles,85,61,1,2,153,103,54.8,45.3
2023-03-09,401514044,NC State Wolfpack,Virginia Tech Hokies,97,77,1,2,152,259,61.9,48.1
2023-03-09,401514045,Miami Hurricanes,Wake Forest Demon Deacons,74,72,1,2,2390,154,52.5,40.9
2023-03-09,401514046,Duke Blue Devils,Pittsburgh Panthers,96,69,1,2,150,221,62.1,42.3
2023-03-09,401514227,Duquesne Dukes,La Salle Explorers,70,81,1,2,2184,2325,35.3,51.0
2023-03-09,401514228,VCU Rams,Davidson Wildcats,71,53,1,2,2670,2166,57.4,37.0
2023-03-09,401514229,Saint Louis Billikens,George Mason Patriots,82,54,1,2,139,2244,55.9,36.5
2023-03-09,401514230,Dayton Flyers,Saint Joseph's Hawks,60,54,1,2,2168,2603,35.7,33.3
2023-03-09,401514235,West Virginia Mountaineers,Texas Tech Red Raiders,78,62,1,2,277,2641,40.9,36.4
2023-03-09,401514236,Oklahoma State Cowboys,Oklahoma Sooners,57,49,1,2,197,201,35.0,25.0
2023-03-09,401514237,Baylor Bears,Iowa State Cyclones,72,78,1,2,239,66,45.1,49.2
2023-03-09,401514238,Kansas Jayhawks,West Virginia Mountaineers,78,61,1,2,2305,277,52.4,44.6
2023-03-09,401514246,Villanova Wildcats,Georgetown Hoyas,80,48,1,2,222,46,46.7,33.9
2023-03-09,401514247,Marquette Golden Eagles,St. John's Red Storm,72,70,1,2,269,2599,39.1,30.4
2023-03-09,401514248,UConn Huskies,Providence Friars,73,66,1,2,41,2507,52.8,41.4
2023-03-09,401514267,Cal State Fullerton Titans,Hawai'i Rainbow Warriors,62,60,1,2,2239,62,35.4,38.2
2023-03-09,401514268,UC Irvine Anteaters,Cal State Bakersfield Roadrunners,75,51,1,2,300,2934,45.0,37.1
2023-03-09,401514297,Iona Gaels,Mount St. Mary's Mountaineers,74,54,1,2,314,116,45.3,38.2
2023-03-09,401514298,Rider Broncs,Saint Peter's Peacocks,62,70,1,2,2520,2612,42.9,50.0
2023-03-09,401514304,Toledo Rockets,Miami (OH) RedHawks,91,75,1,2,2649,193,58.2,42.1
2023-03-09,401514305,Ball State Cardinals,Ohio Bobcats,70,90,1,2,2050,195,40.3,48.5
2023-03-09,401514306,Kent State Golden Flashes,Northern Illinois Huskies,76,57,1,2,2309,2459,46.8,36.7
2023-03-09,401514307,Akron Zips,Buffalo Bulls,101,77,1,2,2006,2084,59.0,39.4
2023-03-09,401514312,North Carolina Central Eagles,Delaware State Hornets,89,59,1,2,2428,2169,52.5,36.8
2023-03-09,401514313,Maryland Eastern Shore Hawks,Morgan State Bears,80,64,1,2,2379,2415,52.7,43.3
2023-03-09,401514351,Colgate Raiders,Lafayette Leopards,79,61,0,2,2142,322,58.5,34.2
2023-03-09,401514387,Sam Houston Bearkats,California Baptist Lancers,64,51,1,2,2534,2856,40.4,32.1
2023-03-09,401514388,Seattle U Redhawks,Grand Canyon Lopes,79,84,1,2,2547,2253,42.1,53.8
2023-03-09,401514405,Utah Utes,Stanford Cardinal,62,73,1,2,254,24,37.9,41.9
2023-03-09,401514406,Arizona State Sun Devils,Oregon State Beavers,63,57,1,2,9,204,39.7,34.0
2023-03-09,401514407,UCLA Bruins,Colorado Buffaloes,80,69,1,2,26,38,45.5,51.0
2023-03-09,401514408,Oregon Ducks,Washington State Cougars,75,70,1,2,2483,265,45.0,44.2
2023-03-09,401514415,Nebraska Cornhuskers,Minnesota Golden Gophers,75,78,1,2,158,135,43.5,51.9
2023-03-09,401514416,Michigan Wolverines,Rutgers Scarlet Knights,50,62,1,2,130,164,34.8,39.3
2023-03-09,401514417,Iowa Hawkeyes,Ohio State Buckeyes,69,73,1,2,2294,194,46.4,49.2
2023-03-09,401514418,Illinois Fighting Illini,Penn State Nittany Lions,76,79,1,2,356,213,45.3,51.8
2023-03-09,401514975,New Mexico Lobos,Wyoming Cowboys,87,76,1,2,167,2751,47.7,41.3
2023-03-09,401514976,San Diego State Aztecs,Colorado State Rams,64,61,1,2,21,36,38.2,38.6
2023-03-09,401514977,Nevada Wolf Pack,San José State Spartans,77,81,1,2,2440,23,38.3,49.2
2023-03-09,401515330,South Florida Bulls,East Carolina Pirates,58,73,1,2,58,151,36.7,44.8
2023-03-09,401515331,UCF Knights,SMU Mustangs,76,70,1,2,2116,2567,45.9,43.3
2023-03-09,401515341,Florida International Panthers,Louisiana Tech Bulldogs,76,81,1,2,2229,2348,47.5,46.9
2023-03-09,401515342,Rice Owls,UTSA Roadrunners,72,71,1,2,242,2636,49.2,42.9
2023-03-09,401515343,Florida Atlantic Owls,Western Kentucky Hilltoppers,75,51,1,2,2226,98,49.2,27.3
2023-03-09,401519310,Montana State Bobcats,Northern Arizona Lumberjacks,85,78,1,2,147,2464,50.0,45.6
2023-03-09,401519346,South Carolina Gamecocks,Ole Miss Rebels,61,67,1,2,2579,145,41.7,42.4
2023-03-09,401519347,Georgia Bulldogs,LSU Tigers,67,72,1,2,61,99,40.0,36.4
2023-03-09,401519348,Florida Gators,Mississippi State Bulldogs,68,69,1,2,57,344,40.3,39.1
2023-03-09,401519349,Tennessee Volunteers,Ole Miss Rebels,70,55,1,2,2633,145,47.1,37.7
2023-03-09,401527431,Alcorn State Braves,Texas Southern Tigers,62,66,1,2,2016,2640,41.5,45.3
2023-03-09,401527432,Jackson State Tigers,Prairie View A&M Panthers,62,60,1,2,2296,2504,33.3,30.1
2023-03-10,401514047,Virginia Cavaliers,North Carolina Tar Heels,68,59,1,2,258,153,49.0,35.8
2023-03-10,401514048,Clemson Tigers,NC State Wolfpack,80,54,1,2,228,152,50.0,35.0
2023-03-10,401514231,Fordham Rams,La Salle Explorers,69,61,1,2,2230,2325,46.4,37.5
2023-03-10,401514239,Kansas State Wildcats,TCU Horned Frogs,67,80,1,2,2306,2628,43.6,40.3
2023-03-10,401514240,Texas Longhorns,Oklahoma State Cowboys,61,47,1,2,251,197,37.3,26.9
2023-03-10,401514249,Xavier Musketeers,DePaul Blue Demons,89,84,1,2,2752,305,49.2,61.4
2023-03-10,401514250,Creighton Bluejays,Villanova Wildcats,87,74,1,2,156,222,50.0,41.9
2023-03-10,401514251,Marquette Golden Eagles,UConn Huskies,70,68,1,2,269,41,47.1,44.1
2023-03-10,401514265,UC Riverside Highlanders,UC Davis Aggies,68,52,1,2,27,302,50.9,34.0
2023-03-10,401514266,UC Santa Barbara Gauchos,Cal Poly Mustangs,64,54,1,2,2540,13,44.7,40.4
2023-03-10,401514299,Quinnipiac Bobcats,Marist Red Foxes,59,75,1,2,2514,2368,33.8,47.3
2023-03-10,401514300,Siena Saints,Niagara Purple Eagles,65,71,1,2,2561,315,37.7,49.1
2023-03-10,401514301,Iona Gaels,Niagara Purple Eagles,71,59,1,2,314,315,51.1,44.2
2023-03-10,401514308,Toledo Rockets,Ohio Bobcats,82,75,1,2,2649,195,51.8,38.6
2023-03-10,401514314,Norfolk State Spartans,Coppin State Eagles,73,56,1,2,2450,2154,47.3,34.0
2023-03-10,401514315,Howard Bison,Maryland Eastern Shore Hawks,74,55,1,2,47,2379,46.4,30.0
2023-03-10,401514389,Utah Valley Wolverines,Tarleton State Texans,72,58,1,2,3084,2627,54.2,35.7
2023-03-10,401514390,Southern Utah Thunderbirds,Utah Tech Trailblazers,76,75,1,2,253,3101,49.1,53.8
2023-03-10,401514409,Arizona Wildcats,Stanford Cardinal,95,84,1,2,12,24,63.8,49.1
2023-03-10,401514410,USC Trojans,Arizona State Sun Devils,72,77,1,2,30,9,41.8,39.0
2023-03-10,401514419,Maryland Terrapins,Minnesota Golden Gophers,70,54,1,2,120,135,42.6,43.5
2023-03-10,401514420,Purdue Boilermakers,Rutgers Scarlet Knights,70,65,1,2,2509,164,46.8,40.3
2023-03-10,401514421,Michigan State Spartans,Ohio State Buckeyes,58,68,1,2,127,194,38.2,44.6
2023-03-10,401514422,Northwestern Wildcats,Penn State Nittany Lions,65,67,1,2,77,213,31.8,41.2
2023-03-10,401514978,Boise State Broncos,UNLV Rebels,87,76,1,2,68,2439,51.7,43.9
2023-03-10,401514979,Utah State Aggies,New Mexico Lobos,91,76,1,2,328,167,48.4,43.8
2023-03-10,401515332,Wichita State Shockers,Tulsa Golden Hurricane,81,63,1,2,2724,202,56.9,40.7
2023-03-10,401515333,Houston Cougars,East Carolina Pirates,60,46,1,2,248,151,28.1,31.4
2023-03-10,401515334,Cincinnati Bearcats,Temple Owls,84,54,1,2,2132,218,44.4,32.8
2023-03-10,401515344,North Texas Mean Green,Louisiana Tech Bulldogs,74,46,1,2,249,2348,51.1,30.4
2023-03-10,401515345,Middle Tennessee Blue Raiders,Charlotte 49ers,66,65,1,2,2393,2429,47.2,56.0
2023-03-10,401515346,UAB Blazers,Rice Owls,87,60,1,2,5,242,50.8,45.7
2023-03-10,401515347,Florida Atlantic Owls,Middle Tennessee Blue Raiders,68,65,1,2,2226,2393,45.7,38.1
2023-03-10,401515348,North Texas Mean Green,UAB Blazers,69,76,1,2,249,5,40.0,41.5
2023-03-10,401519350,Auburn Tigers,Arkansas Razorbacks,73,76,1,2,2,8,49.0,56.0
2023-03-10,401519351,Vanderbilt Commodores,LSU Tigers,77,68,1,2,238,99,46.4,33.3
2023-03-10,401519352,Alabama Crimson Tide,Mississippi State Bulldogs,72,49,1,2,333,344,40.3,31.0
2023-03-10,401519353,Missouri Tigers,Tennessee Volunteers,79,71,1,2,142,2633,52.6,44.6
2023-03-10,401527433,Southern Jaguars,Alabama A&M Bulldogs,63,77,1,2,2582,2010,37.7,46.8
2023-03-10,401527434,Alabama A&M Bulldogs,Texas Southern Tigers,61,74,1,2,2010,2640,34.6,42.1
2023-03-11,401514049,Miami Hurricanes,Duke Blue Devils,78,85,1,2,2390,150,46.8,54.9
2023-03-11,401514210,Virginia Cavaliers,Clemson Tigers,76,56,1,2,258,228,50.0,35.8
2023-03-11,401514232,VCU Rams,Saint Louis Billikens,90,78,1,2,2670,139,55.7,49.2
2023-03-11,401514233,Dayton Flyers,Fordham Rams,78,68,1,2,2168,2230,60.4,44.6
2023-03-11,401514241,Kansas Jayhawks,Iowa State Cyclones,71,58,1,2,2305,66,52.3,40.0
2023-03-11,401514242,Texas Longhorns,TCU Horned Frogs,66,60,1,2,251,2628,40.7,35.6
2023-03-11,401514243,Kansas Jayhawks,Texas Longhorns,56,76,1,2,2305,251,41.4,50.0
2023-03-11,401514252,Xavier Musketeers,Creighton Bluejays,82,60,1,2,2752,156,47.1,37.5
2023-03-11,401514253,Marquette Golden Eagles,Xavier Musketeers,65,51,1,2,269,2752,36.1,34.4
2023-03-11,401514269,UC Irvine Anteaters,Cal State Fullerton Titans,80,83,1,2,300,2239,52.0,51.9
2023-03-11,401514270,UC Santa Barbara Gauchos,UC Riverside Highlanders,92,87,1,2,2540,27,57.4,50.0
2023-03-11,401514302,Saint Peter's Peacocks,Marist Red Foxes,57,69,1,2,2612,2368,27.9,38.6
2023-03-11,401514309,Kent State Golden Flashes,Akron Zips,79,73,1,2,2309,2006,37.9,45.5
2023-03-11,401514316,North Carolina Central Eagles,Norfolk State Spartans,65,72,1,2,2428,2450,35.0,37.5
2023-03-11,401514317,Howard Bison,Norfolk State Spartans,65,64,1,2,47,2450,40.4,37.9
2023-03-11,401514391,Sam Houston Bearkats,Grand Canyon Lopes,75,78,1,2,2534,2253,46.3,54.3
2023-03-11,401514392,Utah Valley Wolverines,Southern Utah Thunderbirds,88,89,1,2,3084,253,55.4,44.8
2023-03-11,401514411,UCLA Bruins,Oregon Ducks,75,56,1,2,26,2483,45.0,33.3
2023-03-11,401514412,Arizona Wildcats,Arizona State Sun Devils,78,59,1,2,12,9,56.4,32.3
2023-03-11,401514423,Indiana Hoosiers,Maryland Terrapins,70,60,1,2,84,120,52.9,32.3
2023-03-11,401514424,Purdue Boilermakers,Ohio State Buckeyes,80,66,1,2,2509,194,48.3,42.3
2023-03-11,401514425,Indiana Hoosiers,Penn State Nittany Lions,73,77,1,2,84,213,47.0,40.4
2023-03-11,401514980,San Diego State Aztecs,San José State Spartans,64,49,1,2,21,23,40.7,34.5
2023-03-11,401514981,Boise State Broncos,Utah State Aggies,62,72,1,2,68,328,40.0,40.4
2023-03-11,401514982,San Diego State Aztecs,Utah State Aggies,62,57,1,2,21,328,31.7,37.1
2023-03-11,401515335,Memphis Tigers,UCF Knights,81,76,1,2,235,2116,47.5,41.5
2023-03-11,401515336,Tulane Green Wave,Wichita State Shockers,82,76,1,2,2655,2724,45.9,37.0
2023-03-11,401515337,Houston Cougars,Cincinnati Bearcats,69,48,1,2,248,2132,50.9,25.5
2023-03-11,401515338,Memphis Tigers,Tulane Green Wave,94,54,1,2,235,2655,44.9,25.8
2023-03-11,401515350,Yale Bulldogs,Cornell Big Red,80,60,1,2,43,172,48.2,33.3
2023-03-11,401515351,Princeton Tigers,Pennsylvania Quakers,77,70,0,2,163,219,45.2,44.3
2023-03-11,401519354,Texas A&M Aggies,Arkansas Razorbacks,67,61,1,2,245,8,42.1,40.7
2023-03-11,401519355,Kentucky Wildcats,Vanderbilt Commodores,73,80,1,2,96,238,42.4,49.1
2023-03-11,401519356,Alabama Crimson Tide,Missouri Tigers,72,61,1,2,333,142,49.1,33.8
2023-03-11,401519357,Texas A&M Aggies,Vanderbilt Commodores,87,75,1,2,245,238,59.6,53.8
2023-03-11,401522112,Vermont Catamounts,UMass Lowell River Hawks,72,59,0,2,261,2349,44.4,37.7
2023-03-11,401527435,Grambling Tigers,Jackson State Tigers,78,69,1,2,2755,2296,52.9,37.7
2023-03-11,401527436,Grambling Tigers,Texas Southern Tigers,58,61,1,2,2755,2640,33.3,30.2
2023-03-12,401514211,Virginia Cavaliers,Duke Blue Devils,49,59,1,2,258,150,33.3,42.2
2023-03-12,401514234,VCU Rams,Dayton Flyers,68,56,1,2,2670,2168,46.2,32.1
2023-03-12,401514271,UC Santa Barbara Gauchos,Cal State Fullerton Titans,72,62,1,2,2540,2239,41.8,44.4
2023-03-12,401514303,Iona Gaels,Marist Red Foxes,76,55,1,2,314,2368,40.7,33.3
2023-03-12,401514310,Toledo Rockets,Kent State Golden Flashes,78,93,1,2,2649,2309,42.4,55.7
2023-03-12,401514393,Southern Utah Thunderbirds,Grand Canyon Lopes,66,84,1,2,253,2253,34.9,54.5
2023-03-12,401514413,UCLA Bruins,Arizona Wildcats,59,61,1,2,26,12,36.7,36.5
2023-03-12,401514426,Purdue Boilermakers,Penn State Nittany Lions,67,65,1,2,2509,213,38.7,43.1
2023-03-12,401515339,Houston Cougars,Memphis Tigers,65,75,1,2,248,235,31.3,50.9
2023-03-12,401515349,Florida Atlantic Owls,UAB Blazers,78,56,1,2,2226,5,47.5,31.7
2023-03-12,401515352,Yale Bulldogs,Princeton Tigers,65,74,1,2,43,163,44.0,40.4
2023-03-12,401519358,Alabama Crimson Tide,Texas A&M Aggies,82,63,1,2,333,245,40.9,29.7
2023-03-14,401522117,Texas A&M-Corpus Christi Islanders,Southeast Missouri State Redhawks,75,71,1,3,357,2546,38.6,47.4
2023-03-14,401526872,Michigan Wolverines,Toledo Rockets,90,80,0,3,130,2649,58.2,43.8
2023-03-14,401526876,Rutgers Scarlet Knights,Hofstra Pride,86,88,0,3,164,2275,50.7,56.9
2023-03-14,401526886,UAB Blazers,Southern Miss Golden Eagles,88,60,0,3,5,2572,47.9,36.1
2023-03-15,401522116,Mississippi State Bulldogs,Pittsburgh Panthers,59,60,1,3,344,221,38.1,38.9
2023-03-15,401522118,Texas Southern Tigers,Fairleigh Dickinson Knights,61,84,1,3,2640,161,41.9,50.0
2023-03-15,401526870,Colorado Buffaloes,Seton Hall Pirates,65,64,0,3,38,2550,38.9,36.7
2023-03-15,401526871,Washington State Cougars,Eastern Washington Eagles,74,81,0,3,265,331,40.0,48.3
2023-03-15,401526873,Wisconsin Badgers,Bradley Braves,81,62,0,3,275,71,43.1,41.0
2023-03-15,401526874,Vanderbilt Commodores,Yale Bulldogs,71,62,0,3,238,43,42.3,36.4
2023-03-15,401526875,Liberty Flames,Villanova Wildcats,62,57,0,3,2335,222,38.5,36.9
2023-03-15,401526877,Clemson Tigers,Morehead State Eagles,64,68,0,3,228,2413,41.0,35.0
2023-03-15,401526880,Youngstown State Penguins,Oklahoma State Cowboys,64,69,0,3,2754,197,35.5,36.6
2023-03-15,401526888,Florida Gators,UCF Knights,49,67,0,3,57,2116,32.2,52.7
2023-03-16,401522119,Arizona State Sun Devils,Nevada Wolf Pack,98,73,1,3,9,2440,63.6,48.1
2023-03-16,401522120,Iowa Hawkeyes,Auburn Tigers,75,83,1,3,2294,2,41.2,46.0
2023-03-16,401522122,Maryland Terrapins,West Virginia Mountaineers,67,65,1,3,120,277,51.1,39.3
2023-03-16,401522123,Alabama Crimson Tide,Texas A&M-Corpus Christi Islanders,96,75,1,3,333,357,47.1,34.7
2023-03-16,401522124,Texas Longhorns,Colgate Raiders,81,61,1,3,251,2142,53.4,43.1
2023-03-16,401522125,Kansas Jayhawks,Howard Bison,96,68,1,3,2305,47,52.1,38.8
2023-03-16,401522126,Arkansas Razorbacks,Illinois Fighting Illini,73,63,1,3,8,356,38.1,38.5
2023-03-16,401522128,Duke Blue Devils,Oral Roberts Golden Eagles,74,51,1,3,150,198,48.4,30.2
2023-03-16,401522130,Virginia Cavaliers,Furman Paladins,67,68,1,3,258,231,44.4,39.3
2023-03-16,401522131,San Diego State Aztecs,Charleston Cougars,63,57,1,3,21,232,42.9,32.1
2023-03-16,401522133,Northwestern Wildcats,Boise State Broncos,75,67,1,3,77,68,49.1,40.0
2023-03-16,401522134,Arizona Wildcats,Princeton Tigers,55,59,1,3,12,163,42.1,40.6
2023-03-16,401522135,Missouri Tigers,Utah State Aggies,76,65,1,3,142,328,50.9,47.5
2023-03-16,401526878,Oregon Ducks,UC Irvine Anteaters,84,58,0,3,2483,300,40.3,30.0
2023-03-16,401526879,Sam Houston Bearkats,Santa Clara Broncos,58,56,1,3,2534,2541,44.4,39.6
2023-03-16,401526882,Cincinnati Bearcats,Virginia Tech Hokies,81,72,0,3,2132,259,46.0,45.5
2023-03-16,401526884,New Mexico Lobos,Utah Valley Wolverines,69,83,0,3,167,3084,40.6,47.2
2023-03-16,401526891,North Texas Mean Green,Alcorn State Braves,69,53,0,3,249,2016,44.0,30.9
2023-03-17,401522121,Houston Cougars,Northern Kentucky Norse,63,52,1,3,248,94,49.0,27.5
2023-03-17,401522127,Texas A&M Aggies,Penn State Nittany Lions,59,76,1,3,245,213,33.9,48.2
2023-03-17,401522129,Tennessee Volunteers,Louisiana Ragin' Cajuns,58,55,1,3,2633,309,45.7,40.0
2023-03-17,401522132,UCLA Bruins,UNC Asheville Bulldogs,86,53,1,3,26,2427,54.0,37.3
2023-03-17,401522136,UConn Huskies,Iona Gaels,87,63,1,3,41,314,48.5,38.6
2023-03-17,401522137,Saint Mary's Gaels,VCU Rams,63,51,1,3,2608,2670,40.8,36.7
2023-03-17,401522139,Miami Hurricanes,Drake Bulldogs,63,56,1,3,2390,2181,30.4,40.0
2023-03-17,401522141,Marquette Golden Eagles,Vermont Catamounts,78,61,1,3,269,261,51.8,43.4
2023-03-17,401522142,Michigan State Spartans,USC Trojans,72,62,1,3,127,30,48.1,41.4
2023-03-17,401522145,Purdue Boilermakers,Fairleigh Dickinson Knights,58,63,1,3,2509,161,35.8,38.7
2023-03-17,401522148,Gonzaga Bulldogs,Grand Canyon Lopes,82,70,1,3,2250,2253,53.6,43.1
2023-03-17,401522151,Baylor Bears,UC Santa Barbara Gauchos,74,56,1,3,239,2540,54.9,46.9
2023-03-17,401522152,Creighton Bluejays,NC State Wolfpack,72,63,1,3,156,152,46.4,37.5
2023-03-17,401522154,Kentucky Wildcats,Providence Friars,61,53,1,3,96,2507,36.5,36.2
2023-03-17,401522156,Xavier Musketeers,Kennesaw State Owls,72,67,1,3,2752,338,46.2,42.2
2023-03-17,401522157,Iowa State Cyclones,Pittsburgh Panthers,41,59,1,3,66,221,23.3,34.1
2023-03-18,401522138,Indiana Hoosiers,Kent State Golden Flashes,71,60,1,3,84,2309,46.8,31.9
2023-03-18,401522144,Memphis Tigers,Florida Atlantic Owls,65,66,1,3,235,2226,43.1,38.5
2023-03-18,401522149,TCU Horned Frogs,Arizona State Sun Devils,72,70,1,3,2628,9,35.5,48.1
2023-03-18,401522153,Kansas State Wildcats,Montana State Bobcats,77,65,1,3,2306,147,58.2,46.3
2023-03-18,401522161,Houston Cougars,Auburn Tigers,81,64,1,3,248,2,41.7,37.7
2023-03-18,401522162,Kansas Jayhawks,Arkansas Razorbacks,71,72,1,3,2305,8,48.0,41.4
2023-03-18,401522166,Tennessee Volunteers,Duke Blue Devils,65,52,1,3,2633,150,40.4,42.9
2023-03-18,401522167,San Diego State Aztecs,Furman Paladins,75,52,1,3,21,231,50.0,32.0
2023-03-18,401522170,Missouri Tigers,Princeton Tigers,63,78,1,3,142,163,41.0,43.5
2023-03-18,401526897,Hofstra Pride,Cincinnati Bearcats,65,79,0,3,2275,2132,37.5,52.6
2023-03-18,401526904,Vanderbilt Commodores,Michigan Wolverines,66,65,0,3,238,130,43.1,43.4
2023-03-18,401526940,South Carolina Upstate Spartans,Indiana State Sycamores,62,67,1,3,2908,282,37.7,44.6
2023-03-18,401526942,North Alabama Lions,Southern Utah Thunderbirds,50,72,1,3,2453,253,29.9,37.7
2023-03-18,401526943,Southern Indiana Screaming Eagles,San José State Spartans,52,77,1,3,88,23,36.5,45.3
2023-03-18,401526946,Western Carolina Catamounts,Charlotte 49ers,56,65,1,3,2717,2429,47.2,38.5
2023-03-19,401522159,Alabama Crimson Tide,Maryland Terrapins,73,51,1,3,333,120,39.7,35.2
2023-03-19,401522165,Texas Longhorns,Penn State Nittany Lions,71,66,1,3,251,213,50.8,41.7
2023-03-19,401522169,UCLA Bruins,Northwestern Wildcats,68,63,1,3,26,77,50.0,37.3
2023-03-19,401522172,UConn Huskies,Saint Mary's Gaels,70,55,1,3,41,2608,54.0,38.8
2023-03-19,401522175,Marquette Golden Eagles,Michigan State Spartans,60,69,1,3,269,127,38.5,44.4
2023-03-19,401522179,Baylor Bears,Creighton Bluejays,76,85,1,3,239,156,46.0,47.3
2023-03-19,401522180,Kansas State Wildcats,Kentucky Wildcats,75,69,1,3,2306,96,48.1,41.3
2023-03-19,401522183,Xavier Musketeers,Pittsburgh Panthers,84,73,1,3,2752,221,47.6,38.6
2023-03-19,401526899,UAB Blazers,Morehead State Eagles,77,59,0,3,5,2413,50.0,37.1
2023-03-19,401526901,North Texas Mean Green,Sam Houston Bearkats,75,55,0,3,249,2534,52.0,37.9
2023-03-19,401526909,Oregon Ducks,UCF Knights,68,54,0,3,2483,2116,48.9,30.6
2023-03-19,401526911,Oklahoma State Cowboys,Eastern Washington Eagles,71,60,0,3,197,331,48.1,38.6
2023-03-19,401526913,Wisconsin Badgers,Liberty Flames,75,71,0,3,275,2335,54.0,47.3
2023-03-19,401526949,Eastern Kentucky Colonels,Cleveland State Vikings,91,75,1,3,2198,325,49.3,42.9
2023-03-19,401526951,Rice Owls,Duquesne Dukes,84,78,1,3,242,2184,57.1,41.9
2023-03-19,401526954,Radford Highlanders,Tarleton State Texans,72,70,1,3,2515,2627,53.7,44.4
2023-03-19,401526956,Milwaukee Panthers,Stetson Hatters,87,83,1,3,270,56,38.0,36.4
2023-03-20,401522173,Indiana Hoosiers,Miami Hurricanes,69,85,1,3,84,2390,41.3,48.6
2023-03-20,401522174,Florida Atlantic Owls,Fairleigh Dickinson Knights,78,70,1,3,2226,161,40.8,38.0
2023-03-20,401522178,Gonzaga Bulldogs,TCU Horned Frogs,84,81,1,3,2250,2628,44.8,44.8
2023-03-20,401526907,Colorado Buffaloes,Utah Valley Wolverines,69,81,0,3,38,3084,46.8,55.9
2023-03-20,401526959,Eastern Kentucky Colonels,Indiana State Sycamores,89,88,1,3,2198,282,49.3,53.3
2023-03-20,401526961,Rice Owls,Southern Utah Thunderbirds,79,81,1,3,242,253,35.4,51.7
2023-03-20,401526963,Radford Highlanders,San José State Spartans,67,57,1,3,2515,23,41.5,35.7
2023-03-20,401526966,Milwaukee Panthers,Charlotte 49ers,65,76,1,3,270,2429,47.3,48.3
2023-03-21,401526918,Oklahoma State Cowboys,North Texas Mean Green,59,65,0,3,197,249,32.8,35.4
2023-03-21,401526969,Eastern Kentucky Colonels,Southern Utah Thunderbirds,108,106,1,3,2198,253,50.6,48.1
2023-03-22,401526916,Oregon Ducks,Wisconsin Badgers,58,61,0,3,2483,275,43.6,33.3
2023-03-22,401526923,Vanderbilt Commodores,UAB Blazers,59,67,0,3,238,5,33.3,37.5
2023-03-22,401526970,Radford Highlanders,Charlotte 49ers,56,63,1,3,2515,2429,41.3,46.5
2023-03-22,401526973,Eastern Kentucky Colonels,Charlotte 49ers,68,71,1,3,2198,2429,46.3,64.4
2023-03-23,401522188,UConn Huskies,Arkansas Razorbacks,88,65,1,3,41,8,57.4,31.7
2023-03-23,401522191,Kansas State Wildcats,Michigan State Spartans,98,93,1,3,2306,127,55.9,49.2
2023-03-23,401526921,Utah Valley Wolverines,Cincinnati Bearcats,74,68,0,3,3084,2132,45.5,34.2
2023-03-24,401522186,UCLA Bruins,Gonzaga Bulldogs,76,79,1,3,26,2250,41.8,50.0
2023-03-24,401522192,Tennessee Volunteers,Florida Atlantic Owls,55,62,1,3,2633,2226,33.3,42.0
2023-03-24,401522195,Houston Cougars,Miami Hurricanes,75,89,1,3,248,2390,37.5,51.7
2023-03-24,401522197,Alabama Crimson Tide,San Diego State Aztecs,64,71,1,3,333,21,32.4,37.7
2023-03-25,401522193,Kansas State Wildcats,Florida Atlantic Owls,76,79,1,3,2306,2226,46.6,48.1
2023-03-25,401522194,Texas Longhorns,Xavier Musketeers,83,71,1,3,251,2752,52.5,43.8
2023-03-25,401522198,Creighton Bluejays,Princeton Tigers,86,75,1,3,156,163,58.2,46.2
2023-03-26,401522190,Gonzaga Bulldogs,UConn Huskies,54,82,1,3,2250,41,33.3,41.7
2023-03-26,401522196,Texas Longhorns,Miami Hurricanes,81,88,1,3,251,2390,50.0,59.2
2023-03-26,401522199,San Diego State Aztecs,Creighton Bluejays,57,56,1,3,21,156,37.9,40.0
2023-03-28,401526930,North Texas Mean Green,Wisconsin Badgers,56,54,1,3,249,275,43.8,37.5
2023-03-29,401526927,UAB Blazers,Utah Valley Wolverines,88,86,1,3,5,3084,40.5,41.9
2023-03-31,401526932,North Texas Mean Green,UAB Blazers,68,61,1,3,249,5,45.6,35.6
2023-04-01,401522200,San Diego State Aztecs,Florida Atlantic Owls,72,71,1,3,21,2226,43.9,44.2
2023-04-02,401522201,UConn Huskies,Miami Hurricanes,72,59,1,3,41,2390,49.1,32.3
2023-04-04,401522202,UConn Huskies,San Diego State Aztecs,76,59,1,3,41,21,43.4,32.2
