date,id,home,away,hs,as,hsp,hsp_name,asp,asp_name,dh,venue
2026-03-25,823244,San Francisco Giants,New York Yankees,0,7,657277,Logan Webb,608331,Max Fried,1,2395
2026-03-26,823649,New York Mets,Pittsburgh Pirates,11,7,642547,Freddy Peralta,694973,Paul Skenes,1,3289
2026-03-26,823812,Milwaukee Brewers,Chicago White Sox,14,2,694819,Jacob Misiorowski,681343,Shane Smith,1,32
2026-03-26,824704,Chicago Cubs,Washington Nationals,4,10,571510,Matthew Boyd,676917,Cade Cavalli,1,17
2026-03-26,824865,Baltimore Orioles,Minnesota Twins,2,1,669432,Trevor Rogers,657746,Joe Ryan,1,2
2026-03-26,824541,Cincinnati Reds,Boston Red Sox,0,3,671096,Andrew Abbott,676979,Garrett Crochet,1,2602
2026-03-26,824218,Houston Astros,Los Angeles Angels,0,3,686613,Hunter Brown,667755,José Soriano,1,2392
2026-03-26,823325,San Diego Padres,Detroit Tigers,2,8,601713,Nick Pivetta,669373,Tarik Skubal,1,2680
2026-03-26,823081,St. Louis Cardinals,Tampa Bay Rays,9,7,669461,Matthew Liberatore,656876,Drew Rasmussen,1,2889
2026-03-26,823486,Philadelphia Phillies,Texas Rangers,5,3,650911,Cristopher Sánchez,543135,Nathan Eovaldi,1,2681
2026-03-26,823974,Los Angeles Dodgers,Arizona Diamondbacks,8,2,808967,Yoshinobu Yamamoto,668678,Zac Gallen,1,22
2026-03-26,823163,Seattle Mariners,Cleveland Guardians,4,6,669302,Logan Gilbert,676440,Tanner Bibee,1,680
2026-03-27,823243,San Francisco Giants,New York Yankees,0,3,592662,Robbie Ray,693645,Cam Schlittler,1,2395
2026-03-27,822839,Toronto Blue Jays,Athletics,3,2,592332,Kevin Gausman,622663,Luis Severino,1,14
2026-03-27,823893,Miami Marlins,Colorado Rockies,2,1,645261,Sandy Alcantara,607536,Kyle Freeland,1,4169
2026-03-27,824946,Atlanta Braves,Kansas City Royals,6,0,519242,Chris Sale,666142,Cole Ragans,1,4705
2026-03-27,824216,Houston Astros,Los Angeles Angels,2,6,681347,Mike Burrows,579328,Yusei Kikuchi,1,2392
2026-03-27,823324,San Diego Padres,Detroit Tigers,2,5,650633,Michael King,664285,Framber Valdez,1,2680
2026-03-27,823162,Seattle Mariners,Cleveland Guardians,5,1,669923,George Kirby,668909,Gavin Williams,1,680
2026-03-27,823971,Los Angeles Dodgers,Arizona Diamondbacks,5,4,686218,Emmet Sheehan,669194,Ryne Nelson,1,22
2026-03-28,823082,St. Louis Cardinals,Tampa Bay Rays,6,5,700241,Michael McGreevy,671212,Joe Boyle,1,2889
2026-03-28,824701,Chicago Cubs,Washington Nationals,10,2,690990,Cade Horton,571945,Miles Mikolas,1,17
2026-03-28,822838,Toronto Blue Jays,Athletics,8,7,656302,Dylan Cease,605488,Jeffrey Springs,1,14
2026-03-28,824862,Baltimore Orioles,Minnesota Twins,1,4,680694,Kyle Bradish,671737,Taj Bradley,1,2
2026-03-28,823488,Philadelphia Phillies,Texas Rangers,4,5,605400,Aaron Nola,656641,Jacob Latz,1,2681
2026-03-28,824540,Cincinnati Reds,Boston Red Sox,6,5,663903,Brady Singer,543243,Sonny Gray,1,2602
2026-03-28,823651,New York Mets,Pittsburgh Pirates,4,2,656849,David Peterson,656605,Mitch Keller,1,3289
2026-03-28,823892,Miami Marlins,Colorado Rockies,4,3,691587,Eury Pérez,547179,Michael Lorenzen,1,4169
2026-03-28,824213,Houston Astros,Los Angeles Angels,11,9,664299,Cristian Javier,672282,Reid Detmers,1,2392
2026-03-28,823811,Milwaukee Brewers,Chicago White Sox,6,1,694477,Chad Patrick,680732,Sean Burke,1,32
2026-03-28,824945,Atlanta Braves,Kansas City Royals,6,2,625643,Reynaldo López,608379,Michael Wacha,1,4705
2026-03-28,823241,San Francisco Giants,New York Yankees,1,3,641816,Tyler Mahle,701542,Will Warren,1,2395
2026-03-28,823323,San Diego Padres,Detroit Tigers,3,0,681190,Randy Vásquez,656427,Jack Flaherty,1,2680
2026-03-28,823973,Los Angeles Dodgers,Arizona Diamondbacks,3,2,607192,Tyler Glasnow,593958,Eduardo Rodriguez,1,22
2026-03-28,823161,Seattle Mariners,Cleveland Guardians,5,6,693433,Bryan Woo,676282,Joey Cantillo,1,680
2026-03-29,824864,Baltimore Orioles,Minnesota Twins,8,6,669358,Shane Baz,641927,Bailey Ober,1,2
2026-03-29,823487,Philadelphia Phillies,Texas Rangers,3,8,666200,Jesús Luzardo,669022,MacKenzie Gore,1,2681
2026-03-29,824944,Atlanta Braves,Kansas City Royals,1,4,656550,Grant Holmes,607625,Seth Lugo,1,4705
2026-03-29,822837,Toronto Blue Jays,Athletics,5,2,641778,Eric Lauer,806960,Luis Morales,1,14
2026-03-29,824538,Cincinnati Reds,Boston Red Sox,3,2,695076,Rhett Lowder,813349,Connelly Early,1,2602
2026-03-29,823647,New York Mets,Pittsburgh Pirates,3,4,690997,Nolan McLean,669387,Carmen Mlodzinski,1,3289
2026-03-29,823891,Miami Marlins,Colorado Rockies,4,3,676974,Max Meyer,500779,Jose Quintana,1,4169
2026-03-29,824215,Houston Astros,Los Angeles Angels,9,7,837227,Tatsuya Imai,686799,Jack Kochanowicz,1,2392
2026-03-29,823810,Milwaukee Brewers,Chicago White Sox,9,7,687075,Brandon Sproat,641743,Anthony Kay,1,32
2026-03-29,823079,St. Louis Cardinals,Tampa Bay Rays,7,11,669160,Dustin May,571927,Steven Matz,1,2889
2026-03-29,824700,Chicago Cubs,Washington Nationals,3,6,684007,Shota Imanaga,663623,Jake Irvin,1,17
2026-03-29,823160,Seattle Mariners,Cleveland Guardians,8,0,676106,Emerson Hancock,677944,Slade Cecconi,1,680
2026-03-30,824135,Kansas City Royals,Minnesota Twins,3,1,663460,Kris Bubic,680573,Simeon Woods Richardson,1,7
2026-03-30,824863,Baltimore Orioles,Texas Rangers,2,5,605135,Chris Bassitt,683004,Jack Leiter,1,2
2026-03-30,824539,Cincinnati Reds,Pittsburgh Pirates,2,0,695505,Chase Burns,677952,Braxton Ashcraft,1,2602
2026-03-30,823484,Philadelphia Phillies,Washington Nationals,2,13,592836,Taijuan Walker,656492,Foster Griffin,1,2681
2026-03-30,823890,Miami Marlins,Chicago White Sox,4,9,663978,Chris Paddack,663436,Davis Martin,1,4169
2026-03-30,822834,Toronto Blue Jays,Colorado Rockies,5,14,664074,Cody Ponce,608372,Tomoyuki Sugano,1,14
2026-03-30,824943,Atlanta Braves,Athletics,4,0,693821,Bryce Elder,682052,Jacob Lopez,1,4705
2026-03-30,824702,Chicago Cubs,Los Angeles Angels,7,2,665795,Edward Cabrera,696270,Ryan Johnson,1,17
2026-03-30,823809,Milwaukee Brewers,Tampa Bay Rays,2,3,690986,Kyle Harrison,607259,Nick Martinez,1,32
2026-03-30,823080,St. Louis Cardinals,New York Mets,2,4,681517,Kyle Leahy,605280,Clay Holmes,1,2889
2026-03-30,824214,Houston Astros,Boston Red Sox,8,1,621121,Lance McCullers Jr.,624133,Ranger Suarez,1,2392
2026-03-30,823320,San Diego Padres,San Francisco Giants,2,3,621111,Walker Buehler,694738,Landen Roupp,1,2680
2026-03-30,823159,Seattle Mariners,New York Yankees,2,1,622491,Luis Castillo,677960,Ryan Weathers,1,680
2026-03-30,825108,Arizona Diamondbacks,Detroit Tigers,9,6,647336,Michael Soroka,434378,Justin Verlander,1,15
2026-03-30,823972,Los Angeles Dodgers,Cleveland Guardians,2,4,808963,Roki Sasaki,800048,Parker Messick,1,22
2026-03-31,824861,Baltimore Orioles,Texas Rangers,5,8,621107,Zach Eflin,594798,Jacob deGrom,1,2
2026-03-31,824537,Cincinnati Reds,Pittsburgh Pirates,3,8,682227,Brandon Williamson,696149,Bubba Chandler,1,2602
2026-03-31,823485,Philadelphia Phillies,Washington Nationals,3,2,691725,Andrew Painter,676571,PJ Poulin,1,2681
2026-03-31,823888,Miami Marlins,Chicago White Sox,9,2,676083,Janson Junk,607200,Erick Fedde,1,4169
2026-03-31,822836,Toronto Blue Jays,Colorado Rockies,5,1,453286,Max Scherzer,663372,Ryan Feltner,1,14
2026-03-31,824942,Atlanta Braves,Athletics,2,5,660761,José Suarez,650644,Aaron Civale,1,4705
2026-03-31,824699,Chicago Cubs,Los Angeles Angels,0,2,592791,Jameson Taillon,667755,José Soriano,1,17
2026-03-31,823807,Milwaukee Brewers,Tampa Bay Rays,6,2,605540,Brandon Woodruff,663556,Shane McClanahan,1,32
2026-03-31,823077,St. Louis Cardinals,New York Mets,3,0,669467,Andre Pallante,673540,Kodai Senga,1,2889
2026-03-31,824212,Houston Astros,Boston Red Sox,9,2,686613,Hunter Brown,678394,Brayan Bello,1,2392
2026-03-31,825107,Arizona Diamondbacks,Detroit Tigers,7,5,694297,Brandon Pfaadt,663554,Casey Mize,1,15
2026-03-31,823322,San Diego Padres,San Francisco Giants,3,9,608566,Germán Márquez,657277,Logan Webb,1,2680
2026-03-31,823158,Seattle Mariners,New York Yankees,0,5,669302,Logan Gilbert,608331,Max Fried,1,680
2026-03-31,823969,Los Angeles Dodgers,Cleveland Guardians,4,1,660271,Shohei Ohtani,676440,Tanner Bibee,1,22
2026-04-01,824940,Atlanta Braves,Athletics,5,1,519242,Chris Sale,622663,Luis Severino,1,4705
2026-04-01,824860,Baltimore Orioles,Texas Rangers,8,3,669432,Trevor Rogers,543135,Nathan Eovaldi,1,2
2026-04-01,824536,Cincinnati Reds,Pittsburgh Pirates,3,8,671096,Andrew Abbott,694973,Paul Skenes,1,2602
2026-04-01,823483,Philadelphia Phillies,Washington Nationals,6,5,650911,Cristopher Sánchez,676917,Cade Cavalli,1,2681
2026-04-01,822835,Toronto Blue Jays,Colorado Rockies,1,2,592332,Kevin Gausman,607536,Kyle Freeland,1,14
2026-04-01,823889,Miami Marlins,Chicago White Sox,10,0,645261,Sandy Alcantara,681343,Shane Smith,1,4169
2026-04-01,823078,St. Louis Cardinals,New York Mets,2,1,669461,Matthew Liberatore,642547,Freddy Peralta,1,2889
2026-04-01,823806,Milwaukee Brewers,Tampa Bay Rays,8,2,694819,Jacob Misiorowski,656876,Drew Rasmussen,1,32
2026-04-01,824211,Houston Astros,Boston Red Sox,6,4,681347,Mike Burrows,676979,Garrett Crochet,1,2392
2026-04-01,824698,Chicago Cubs,Los Angeles Angels,6,2,571510,Matthew Boyd,579328,Yusei Kikuchi,1,17
2026-04-01,825106,Arizona Diamondbacks,Detroit Tigers,1,0,668678,Zac Gallen,669373,Tarik Skubal,1,15
2026-04-01,823321,San Diego Padres,San Francisco Giants,7,1,601713,Nick Pivetta,605288,Adrian Houser,1,2680
2026-04-01,823157,Seattle Mariners,New York Yankees,3,5,669923,George Kirby,693645,Cam Schlittler,1,680
2026-04-01,824136,Kansas City Royals,Minnesota Twins,13,9,702070,Noah Cameron,657746,Joe Ryan,1,7
2026-04-01,823970,Los Angeles Dodgers,Cleveland Guardians,1,4,808967,Yoshinobu Yamamoto,668909,Gavin Williams,1,22
2026-04-02,824133,Kansas City Royals,Minnesota Twins,1,5,666142,Cole Ragans,671737,Taj Bradley,1,7
2026-04-02,825105,Arizona Diamondbacks,Atlanta Braves,2,17,669194,Ryne Nelson,625643,Reynaldo López,1,15
2026-04-02,823242,San Francisco Giants,New York Mets,7,2,592662,Robbie Ray,656849,David Peterson,1,2395
2026-04-03,822758,Washington Nationals,Los Angeles Dodgers,6,13,571945,Miles Mikolas,686218,Emmet Sheehan,1,3309
2026-04-03,824299,Detroit Tigers,St. Louis Cardinals,4,0,664285,Framber Valdez,700241,Michael McGreevy,1,2394
2026-04-03,823568,New York Yankees,Miami Marlins,8,2,701542,Will Warren,691587,Eury Pérez,1,3313
2026-04-03,824786,Boston Red Sox,San Diego Padres,5,2,543243,Sonny Gray,650633,Michael King,1,3
2026-04-03,824621,Chicago White Sox,Toronto Blue Jays,5,4,691799,Grant Taylor,656302,Dylan Cease,1,4
2026-04-03,822919,Texas Rangers,Cincinnati Reds,3,5,669022,MacKenzie Gore,663903,Brady Singer,1,5325
2026-04-03,824458,Cleveland Guardians,Chicago Cubs,4,1,676282,Joey Cantillo,690990,Cade Horton,1,5
2026-04-03,823732,Minnesota Twins,Tampa Bay Rays,10,4,641927,Bailey Ober,671212,Joe Boyle,1,3312
2026-04-03,824377,Colorado Rockies,Philadelphia Phillies,1,10,547179,Michael Lorenzen,605400,Aaron Nola,1,19
2026-04-03,823406,Pittsburgh Pirates,Baltimore Orioles,5,4,656605,Mitch Keller,680694,Kyle Bradish,1,31
2026-04-03,824056,Los Angeles Angels,Seattle Mariners,1,3,672282,Reid Detmers,693433,Bryan Woo,1,1
2026-04-03,825026,Athletics,Houston Astros,11,4,605488,Jeffrey Springs,664299,Cristian Javier,1,2529
2026-04-03,825103,Arizona Diamondbacks,Atlanta Braves,0,2,593958,Eduardo Rodriguez,656550,Grant Holmes,1,15
2026-04-03,823240,San Francisco Giants,New York Mets,3,10,641816,Tyler Mahle,690997,Nolan McLean,1,2395
2026-04-04,824295,Detroit Tigers,St. Louis Cardinals,11,6,656427,Jack Flaherty,669160,Dustin May,1,2394
2026-04-04,824622,Chicago White Sox,Toronto Blue Jays,6,3,691799,Grant Taylor,689254,Mason Fluharty,1,4
2026-04-04,824132,Kansas City Royals,Milwaukee Brewers,2,5,679883,Luinder Avila,694477,Chad Patrick,1,7
2026-04-04,824134,Kansas City Royals,Milwaukee Brewers,8,2,607625,Seth Lugo,701656,Logan Henderson,2,7
2026-04-04,822757,Washington Nationals,Los Angeles Dodgers,5,10,663623,Jake Irvin,607192,Tyler Glasnow,1,3309
2026-04-04,825027,Athletics,Houston Astros,0,11,806960,Luis Morales,837227,Tatsuya Imai,1,2529
2026-04-04,823404,Pittsburgh Pirates,Baltimore Orioles,3,2,669387,Carmen Mlodzinski,669358,Shane Baz,1,31
2026-04-04,824782,Boston Red Sox,San Diego Padres,2,3,813349,Connelly Early,681190,Randy Vásquez,1,3
2026-04-04,822920,Texas Rangers,Cincinnati Reds,0,2,677958,Kumar Rocker,695076,Rhett Lowder,1,5325
2026-04-04,823569,New York Yankees,Miami Marlins,9,7,677960,Ryan Weathers,676974,Max Meyer,1,3313
2026-04-04,823730,Minnesota Twins,Tampa Bay Rays,1,7,690953,Mick Abel,571927,Steven Matz,1,3312
2026-04-04,825104,Arizona Diamondbacks,Atlanta Braves,2,1,647336,Michael Soroka,693821,Bryce Elder,1,15
2026-04-04,824378,Colorado Rockies,Philadelphia Phillies,1,2,657514,Brennan Bernardino,666200,Jesús Luzardo,1,19
2026-04-04,823239,San Francisco Giants,New York Mets,0,9,694738,Landen Roupp,605280,Clay Holmes,1,2395
2026-04-04,824054,Los Angeles Angels,Seattle Mariners,1,0,686799,Jack Kochanowicz,676106,Emerson Hancock,1,1
2026-04-05,824459,Cleveland Guardians,Chicago Cubs,0,1,677944,Slade Cecconi,665795,Edward Cabrera,1,5
2026-04-05,824460,Cleveland Guardians,Chicago Cubs,6,5,800048,Parker Messick,684007,Shota Imanaga,2,5
2026-04-05,822756,Washington Nationals,Los Angeles Dodgers,6,8,656492,Foster Griffin,808963,Roki Sasaki,1,3309
2026-04-05,823405,Pittsburgh Pirates,Baltimore Orioles,8,2,677952,Braxton Ashcraft,605135,Chris Bassitt,1,31
2026-04-05,824781,Boston Red Sox,San Diego Padres,6,8,624133,Ranger Suarez,621111,Walker Buehler,1,3
2026-04-05,823566,New York Yankees,Miami Marlins,6,7,608331,Max Fried,664126,Pete Fairbanks,1,3313
2026-04-05,823729,Minnesota Twins,Tampa Bay Rays,1,4,680573,Simeon Woods Richardson,607259,Nick Martinez,1,3312
2026-04-05,824620,Chicago White Sox,Toronto Blue Jays,3,0,663436,Davis Martin,641778,Eric Lauer,1,4
2026-04-05,824131,Kansas City Royals,Milwaukee Brewers,5,8,663460,Kris Bubic,690986,Kyle Harrison,1,7
2026-04-05,822917,Texas Rangers,Cincinnati Reds,1,2,683004,Jack Leiter,695505,Chase Burns,1,5325
2026-04-05,824379,Colorado Rockies,Philadelphia Phillies,4,1,608372,Tomoyuki Sugano,592836,Taijuan Walker,1,19
2026-04-05,825025,Athletics,Houston Astros,12,10,682052,Jacob Lopez,621121,Lance McCullers Jr.,1,2529
2026-04-05,823238,San Francisco Giants,New York Mets,2,5,657277,Logan Webb,673540,Kodai Senga,1,2395
2026-04-05,824053,Los Angeles Angels,Seattle Mariners,8,7,691946,George Klassen,622491,Luis Castillo,1,1
2026-04-05,825102,Arizona Diamondbacks,Atlanta Braves,6,5,694297,Brandon Pfaadt,527048,Martín Pérez,1,15
2026-04-05,824296,Detroit Tigers,St. Louis Cardinals,3,5,672456,Keider Montero,681517,Kyle Leahy,1,2394
2026-04-06,823002,Tampa Bay Rays,Chicago Cubs,6,4,663556,Shane McClanahan,592791,Jameson Taillon,1,12
2026-04-06,824456,Cleveland Guardians,Kansas City Royals,2,4,676440,Tanner Bibee,608379,Michael Wacha,1,5
2026-04-06,823401,Pittsburgh Pirates,San Diego Padres,0,5,696149,Bubba Chandler,608566,Germán Márquez,1,31
2026-04-06,823886,Miami Marlins,Cincinnati Reds,0,2,676083,Janson Junk,682227,Brandon Williamson,1,4169
2026-04-06,822755,Washington Nationals,St. Louis Cardinals,9,6,641793,Zack Littell,669467,Andre Pallante,1,3309
2026-04-06,824783,Boston Red Sox,Milwaukee Brewers,6,8,678394,Brayan Bello,605540,Brandon Woodruff,1,3
2026-04-06,822832,Toronto Blue Jays,Los Angeles Dodgers,2,14,453286,Max Scherzer,680736,Justin Wrobleski,1,14
2026-04-06,823728,Minnesota Twins,Detroit Tigers,7,3,657746,Joe Ryan,663554,Casey Mize,1,3312
2026-04-06,824619,Chicago White Sox,Baltimore Orioles,1,2,691799,Grant Taylor,687064,Brandon Young,1,4
2026-04-06,822918,Texas Rangers,Seattle Mariners,2,1,594798,Jacob deGrom,669302,Logan Gilbert,1,5325
2026-04-06,824376,Colorado Rockies,Houston Astros,9,7,663372,Ryan Feltner,675989,Cody Bolton,1,19
2026-04-06,824052,Los Angeles Angels,Atlanta Braves,6,2,667755,José Soriano,519242,Chris Sale,1,1
2026-04-06,823237,San Francisco Giants,Philadelphia Phillies,4,6,605288,Adrian Houser,691725,Andrew Painter,1,2395
2026-04-07,824457,Cleveland Guardians,Kansas City Royals,2,1,668909,Gavin Williams,702070,Noah Cameron,1,5
2026-04-07,824618,Chicago White Sox,Baltimore Orioles,2,4,681343,Shane Smith,669432,Trevor Rogers,1,4
2026-04-07,823648,New York Mets,Arizona Diamondbacks,4,3,642547,Freddy Peralta,668678,Zac Gallen,1,3289
2026-04-07,823402,Pittsburgh Pirates,San Diego Padres,7,1,694973,Paul Skenes,601713,Nick Pivetta,1,31
2026-04-07,822999,Tampa Bay Rays,Chicago Cubs,2,9,669438,Mason Englert,665871,Javier Assad,1,12
2026-04-07,823887,Miami Marlins,Cincinnati Reds,3,6,645261,Sandy Alcantara,671096,Andrew Abbott,1,4169
2026-04-07,822754,Washington Nationals,St. Louis Cardinals,6,7,676917,Cade Cavalli,669461,Matthew Liberatore,1,3309
2026-04-07,824780,Boston Red Sox,Milwaukee Brewers,3,2,676979,Garrett Crochet,694819,Jacob Misiorowski,1,3
2026-04-07,823567,New York Yankees,Athletics,5,3,693645,Cam Schlittler,650644,Aaron Civale,1,3313
2026-04-07,822831,Toronto Blue Jays,Los Angeles Dodgers,1,4,592332,Kevin Gausman,808967,Yoshinobu Yamamoto,1,14
2026-04-07,823727,Minnesota Twins,Detroit Tigers,4,2,671737,Taj Bradley,669373,Tarik Skubal,1,3312
2026-04-07,822916,Texas Rangers,Seattle Mariners,3,2,543135,Nathan Eovaldi,669923,George Kirby,1,5325
2026-04-07,824375,Colorado Rockies,Houston Astros,5,1,607536,Kyle Freeland,681347,Mike Burrows,1,19
2026-04-07,824051,Los Angeles Angels,Atlanta Braves,2,7,579328,Yusei Kikuchi,625643,Reynaldo López,1,1
2026-04-07,823235,San Francisco Giants,Philadelphia Phillies,6,0,592662,Robbie Ray,650911,Cristopher Sánchez,1,2395
2026-04-08,823403,Pittsburgh Pirates,San Diego Padres,2,8,656605,Mitch Keller,650633,Michael King,1,31
2026-04-08,824455,Cleveland Guardians,Kansas City Royals,10,2,676282,Joey Cantillo,666142,Cole Ragans,1,5
2026-04-08,824779,Boston Red Sox,Milwaukee Brewers,5,0,543243,Sonny Gray,675660,Shane Drohan,1,3
2026-04-08,824617,Chicago White Sox,Baltimore Orioles,3,5,680732,Sean Burke,680694,Kyle Bradish,1,4
2026-04-08,822915,Texas Rangers,Seattle Mariners,3,0,669022,MacKenzie Gore,693433,Bryan Woo,1,5325
2026-04-08,822833,Toronto Blue Jays,Los Angeles Dodgers,4,3,656302,Dylan Cease,660271,Shohei Ohtani,1,14
2026-04-08,824374,Colorado Rockies,Houston Astros,9,1,547179,Michael Lorenzen,664299,Cristian Javier,1,19
2026-04-08,823234,San Francisco Giants,Philadelphia Phillies,5,0,641816,Tyler Mahle,605400,Aaron Nola,1,2395
2026-04-08,822753,Washington Nationals,St. Louis Cardinals,1,6,571945,Miles Mikolas,700241,Michael McGreevy,1,3309
2026-04-08,824050,Los Angeles Angels,Atlanta Braves,2,8,672282,Reid Detmers,656550,Grant Holmes,1,1
2026-04-08,823646,New York Mets,Arizona Diamondbacks,2,7,656849,David Peterson,669194,Ryne Nelson,1,3289
2026-04-08,823000,Tampa Bay Rays,Chicago Cubs,2,6,671212,Joe Boyle,607067,Colin Rea,1,12
2026-04-08,823885,Miami Marlins,Cincinnati Reds,7,4,691587,Eury Pérez,663903,Brady Singer,1,4169
2026-04-08,823564,New York Yankees,Athletics,2,3,701542,Will Warren,622663,Luis Severino,1,3313
2026-04-08,823726,Minnesota Twins,Detroit Tigers,8,6,641927,Bailey Ober,664285,Framber Valdez,1,3312
2026-04-09,823884,Miami Marlins,Cincinnati Reds,8,1,676974,Max Meyer,695076,Rhett Lowder,1,4169
2026-04-09,823565,New York Yankees,Athletics,0,1,677960,Ryan Weathers,605488,Jeffrey Springs,1,3313
2026-04-09,823724,Minnesota Twins,Detroit Tigers,3,1,690953,Mick Abel,656427,Jack Flaherty,1,3312
2026-04-09,823645,New York Mets,Arizona Diamondbacks,1,7,690997,Nolan McLean,593958,Eduardo Rodriguez,1,3289
2026-04-09,824130,Kansas City Royals,Chicago White Sox,0,2,607625,Seth Lugo,641743,Anthony Kay,1,7
2026-04-09,823319,San Diego Padres,Colorado Rockies,7,3,681190,Randy Vásquez,623474,Jimmy Herget,1,2680
2026-04-10,824695,Chicago Cubs,Pittsburgh Pirates,0,2,684007,Shota Imanaga,669387,Carmen Mlodzinski,1,17
2026-04-10,823482,Philadelphia Phillies,Arizona Diamondbacks,4,5,666200,Jesús Luzardo,647336,Michael Soroka,1,2681
2026-04-10,824297,Detroit Tigers,Miami Marlins,2,0,672456,Keider Montero,663978,Chris Paddack,1,2394
2026-04-10,824534,Cincinnati Reds,Los Angeles Angels,2,10,695505,Chase Burns,686799,Jack Kochanowicz,1,2602
2026-04-10,822829,Toronto Blue Jays,Minnesota Twins,10,4,571578,Patrick Corbin,680573,Simeon Woods Richardson,1,14
2026-04-10,823643,New York Mets,Athletics,0,4,605280,Clay Holmes,669372,J.T. Ginn,1,3289
2026-04-10,822997,Tampa Bay Rays,New York Yankees,5,3,571927,Steven Matz,661563,Luis Gil,1,12
2026-04-10,824858,Baltimore Orioles,San Francisco Giants,3,6,669358,Shane Baz,694738,Landen Roupp,1,2
2026-04-10,824941,Atlanta Braves,Cleveland Guardians,11,5,693821,Bryce Elder,677944,Slade Cecconi,1,4705
2026-04-10,824128,Kansas City Royals,Chicago White Sox,2,0,663460,Kris Bubic,663436,Davis Martin,1,7
2026-04-10,823808,Milwaukee Brewers,Washington Nationals,3,7,676879,Aaron Ashby,663623,Jake Irvin,1,32
2026-04-10,823076,St. Louis Cardinals,Boston Red Sox,3,2,669160,Dustin May,813349,Connelly Early,1,2889
2026-04-10,823318,San Diego Padres,Colorado Rockies,5,2,621111,Walker Buehler,608372,Tomoyuki Sugano,1,2680
2026-04-10,823156,Seattle Mariners,Houston Astros,9,6,676106,Emerson Hancock,837227,Tatsuya Imai,1,680
2026-04-10,823968,Los Angeles Dodgers,Texas Rangers,8,7,607192,Tyler Glasnow,677958,Kumar Rocker,1,22
2026-04-11,823480,Philadelphia Phillies,Arizona Diamondbacks,4,3,592836,Taijuan Walker,694297,Brandon Pfaadt,1,2681
2026-04-11,824294,Detroit Tigers,Miami Marlins,6,1,663554,Casey Mize,676083,Janson Junk,1,2394
2026-04-11,824697,Chicago Cubs,Pittsburgh Pirates,3,4,665795,Edward Cabrera,677952,Braxton Ashcraft,1,17
2026-04-11,822830,Toronto Blue Jays,Minnesota Twins,4,7,641778,Eric Lauer,657746,Joe Ryan,1,14
2026-04-11,824535,Cincinnati Reds,Los Angeles Angels,7,3,682227,Brandon Williamson,691946,George Klassen,1,2602
2026-04-11,823644,New York Mets,Athletics,6,11,673540,Kodai Senga,682052,Jacob Lopez,1,3289
2026-04-11,824129,Kansas City Royals,Chicago White Sox,2,0,608379,Michael Wacha,607200,Erick Fedde,1,7
2026-04-11,822996,Tampa Bay Rays,New York Yankees,5,4,607259,Nick Martinez,608331,Max Fried,1,12
2026-04-11,823805,Milwaukee Brewers,Washington Nationals,1,3,690986,Kyle Harrison,656492,Foster Griffin,1,32
2026-04-11,824857,Baltimore Orioles,San Francisco Giants,6,2,605135,Chris Bassitt,657277,Logan Webb,1,2
2026-04-11,823074,St. Louis Cardinals,Boston Red Sox,1,7,681517,Kyle Leahy,624133,Ranger Suarez,1,2889
2026-04-11,824939,Atlanta Braves,Cleveland Guardians,0,6,527048,Martín Pérez,800048,Parker Messick,1,4705
2026-04-11,823316,San Diego Padres,Colorado Rockies,9,5,608566,Germán Márquez,663372,Ryan Feltner,1,2680
2026-04-11,823967,Los Angeles Dodgers,Texas Rangers,6,3,686218,Emmet Sheehan,683004,Jack Leiter,1,22
2026-04-11,823155,Seattle Mariners,Houston Astros,8,7,622491,Luis Castillo,621121,Lance McCullers Jr.,1,680
2026-04-12,824859,Baltimore Orioles,San Francisco Giants,6,2,700249,Cade Povich,605288,Adrian Houser,1,2
2026-04-12,823479,Philadelphia Phillies,Arizona Diamondbacks,3,4,647315,Zach Pop,668678,Zac Gallen,1,2681
2026-04-12,822828,Toronto Blue Jays,Minnesota Twins,2,8,453286,Max Scherzer,671737,Taj Bradley,1,14
2026-04-12,824533,Cincinnati Reds,Los Angeles Angels,6,9,671096,Andrew Abbott,667755,José Soriano,1,2602
2026-04-12,823642,New York Mets,Athletics,0,1,642547,Freddy Peralta,650644,Aaron Civale,1,3289
2026-04-12,824293,Detroit Tigers,Miami Marlins,8,2,669373,Tarik Skubal,645261,Sandy Alcantara,1,2394
2026-04-12,822998,Tampa Bay Rays,New York Yankees,5,4,656876,Drew Rasmussen,693645,Cam Schlittler,1,12
2026-04-12,824126,Kansas City Royals,Chicago White Sox,5,6,702070,Noah Cameron,691799,Grant Taylor,1,7
2026-04-12,823804,Milwaukee Brewers,Washington Nationals,6,8,605540,Brandon Woodruff,641793,Zack Littell,1,32
2026-04-12,823075,St. Louis Cardinals,Boston Red Sox,3,9,669467,Andre Pallante,678394,Brayan Bello,1,2889
2026-04-12,824696,Chicago Cubs,Pittsburgh Pirates,7,6,592791,Jameson Taillon,696149,Bubba Chandler,1,17
2026-04-12,823317,San Diego Padres,Colorado Rockies,7,2,601713,Nick Pivetta,607536,Kyle Freeland,1,2680
2026-04-12,823154,Seattle Mariners,Houston Astros,6,1,669302,Logan Gilbert,675989,Cody Bolton,1,680
2026-04-12,823966,Los Angeles Dodgers,Texas Rangers,2,5,808963,Roki Sasaki,594798,Jacob deGrom,1,22
2026-04-12,824938,Atlanta Braves,Cleveland Guardians,13,1,519242,Chris Sale,676440,Tanner Bibee,1,4705
2026-04-13,823153,Seattle Mariners,Houston Astros,6,2,669923,George Kirby,681347,Mike Burrows,1,680
2026-04-13,824856,Baltimore Orioles,Arizona Diamondbacks,9,7,665152,Dean Kremer,669194,Ryne Nelson,1,2
2026-04-13,823400,Pittsburgh Pirates,Washington Nationals,16,5,694973,Paul Skenes,676571,PJ Poulin,1,31
2026-04-13,823481,Philadelphia Phillies,Chicago Cubs,13,7,650911,Cristopher Sánchez,665871,Javier Assad,1,2681
2026-04-13,823563,New York Yankees,Los Angeles Angels,11,10,701542,Will Warren,579328,Yusei Kikuchi,1,3313
2026-04-13,824937,Atlanta Braves,Miami Marlins,4,10,656550,Grant Holmes,691587,Eury Pérez,1,4705
2026-04-13,823725,Minnesota Twins,Boston Red Sox,13,6,641927,Bailey Ober,676979,Garrett Crochet,1,3312
2026-04-13,823073,St. Louis Cardinals,Cleveland Guardians,3,9,669461,Matthew Liberatore,668909,Gavin Williams,1,2889
2026-04-13,825024,Athletics,Texas Rangers,1,8,622663,Luis Severino,543135,Nathan Eovaldi,1,2529
2026-04-13,823964,Los Angeles Dodgers,New York Mets,4,0,680736,Justin Wrobleski,656849,David Peterson,1,22
2026-04-14,824853,Baltimore Orioles,Arizona Diamondbacks,3,4,669432,Trevor Rogers,518876,Merrill Kelly,1,2
2026-04-14,824292,Detroit Tigers,Kansas City Royals,2,1,664285,Framber Valdez,666142,Cole Ragans,1,2394
2026-04-14,823398,Pittsburgh Pirates,Washington Nationals,4,5,656605,Mitch Keller,676571,PJ Poulin,1,31
2026-04-14,824531,Cincinnati Reds,San Francisco Giants,2,1,663903,Brady Singer,592662,Robbie Ray,1,2602
2026-04-14,823478,Philadelphia Phillies,Chicago Cubs,4,10,605400,Aaron Nola,702303,Riley Martin,1,2681
2026-04-14,823562,New York Yankees,Los Angeles Angels,1,7,677960,Ryan Weathers,672282,Reid Detmers,1,3313
2026-04-14,824935,Atlanta Braves,Miami Marlins,6,5,625643,Reynaldo López,676974,Max Meyer,1,4705
2026-04-14,823723,Minnesota Twins,Boston Red Sox,6,0,690953,Mick Abel,543243,Sonny Gray,1,3312
2026-04-14,824616,Chicago White Sox,Tampa Bay Rays,5,8,702273,Noah Schultz,663556,Shane McClanahan,1,4
2026-04-14,823802,Milwaukee Brewers,Toronto Blue Jays,7,9,694819,Jacob Misiorowski,592332,Kevin Gausman,1,32
2026-04-14,823072,St. Louis Cardinals,Cleveland Guardians,6,5,700241,Michael McGreevy,676282,Joey Cantillo,1,2889
2026-04-14,824210,Houston Astros,Colorado Rockies,7,6,681293,Spencer Arrighetti,547179,Michael Lorenzen,1,2392
2026-04-14,823315,San Diego Padres,Seattle Mariners,4,1,650633,Michael King,693433,Bryan Woo,1,2680
2026-04-14,825022,Athletics,Texas Rangers,2,1,605488,Jeffrey Springs,669022,MacKenzie Gore,1,2529
2026-04-14,823965,Los Angeles Dodgers,New York Mets,2,1,808967,Yoshinobu Yamamoto,690997,Nolan McLean,1,22
2026-04-15,824855,Baltimore Orioles,Arizona Diamondbacks,5,8,680694,Kyle Bradish,593958,Eduardo Rodriguez,1,2
2026-04-15,823071,St. Louis Cardinals,Cleveland Guardians,5,3,669160,Dustin May,677944,Slade Cecconi,1,2889
2026-04-15,823722,Minnesota Twins,Boston Red Sox,5,9,680573,Simeon Woods Richardson,813349,Connelly Early,1,3312
2026-04-15,824291,Detroit Tigers,Kansas City Royals,2,1,656427,Jack Flaherty,607625,Seth Lugo,1,2394
2026-04-15,823399,Pittsburgh Pirates,Washington Nationals,2,0,682254,Mason Montgomery,663623,Jake Irvin,1,31
2026-04-15,824532,Cincinnati Reds,San Francisco Giants,8,3,695076,Rhett Lowder,641816,Tyler Mahle,1,2602
2026-04-15,823477,Philadelphia Phillies,Chicago Cubs,2,11,666200,Jesús Luzardo,684007,Shota Imanaga,1,2681
2026-04-15,823561,New York Yankees,Los Angeles Angels,5,4,661563,Luis Gil,686799,Jack Kochanowicz,1,3313
2026-04-15,824936,Atlanta Braves,Miami Marlins,6,3,693821,Bryce Elder,663978,Chris Paddack,1,4705
2026-04-15,824615,Chicago White Sox,Tampa Bay Rays,3,8,680732,Sean Burke,669947,Jesse Scholtens,1,4
2026-04-15,823803,Milwaukee Brewers,Toronto Blue Jays,2,1,694477,Chad Patrick,656302,Dylan Cease,1,32
2026-04-15,824209,Houston Astros,Colorado Rockies,3,1,681293,Spencer Arrighetti,500779,Jose Quintana,1,2392
2026-04-15,823314,San Diego Padres,Seattle Mariners,7,6,681190,Randy Vásquez,676106,Emerson Hancock,1,2680
2026-04-15,825021,Athletics,Texas Rangers,6,5,669372,J.T. Ginn,677958,Kumar Rocker,1,2529
2026-04-15,823963,Los Angeles Dodgers,New York Mets,8,2,660271,Shohei Ohtani,605280,Clay Holmes,1,22
2026-04-16,823396,Pittsburgh Pirates,Washington Nationals,7,8,677952,Braxton Ashcraft,656492,Foster Griffin,1,31
2026-04-16,824530,Cincinnati Reds,San Francisco Giants,0,3,695505,Chase Burns,694738,Landen Roupp,1,2602
2026-04-16,824289,Detroit Tigers,Kansas City Royals,10,9,672456,Keider Montero,663460,Kris Bubic,1,2394
2026-04-16,823560,New York Yankees,Los Angeles Angels,4,11,608331,Max Fried,608718,Brent Suter,1,3313
2026-04-16,823801,Milwaukee Brewers,Toronto Blue Jays,2,1,687075,Brandon Sproat,571578,Patrick Corbin,1,32
2026-04-16,824614,Chicago White Sox,Tampa Bay Rays,3,5,673929,Jordan Leasure,571927,Steven Matz,1,4
2026-04-16,825023,Athletics,Texas Rangers,6,9,682052,Jacob Lopez,683004,Jack Leiter,1,2529
2026-04-16,824453,Cleveland Guardians,Baltimore Orioles,4,2,800048,Parker Messick,669358,Shane Baz,1,5
2026-04-16,824208,Houston Astros,Colorado Rockies,2,3,680802,Ryan Weiss,675848,Juan Mejia,1,2392
2026-04-16,823313,San Diego Padres,Seattle Mariners,5,2,621111,Walker Buehler,622491,Luis Castillo,1,2680
2026-04-17,824693,Chicago Cubs,New York Mets,12,4,665795,Edward Cabrera,673540,Kodai Senga,1,17
2026-04-17,824454,Cleveland Guardians,Baltimore Orioles,4,6,676440,Tanner Bibee,605135,Chris Bassitt,1,5
2026-04-17,823476,Philadelphia Phillies,Atlanta Braves,0,9,592836,Taijuan Walker,527048,Martín Pérez,1,2681
2026-04-17,822752,Washington Nationals,San Francisco Giants,5,10,641793,Zack Littell,657277,Logan Webb,1,3309
2026-04-17,823397,Pittsburgh Pirates,Tampa Bay Rays,5,1,696149,Bubba Chandler,607259,Nick Martinez,1,31
2026-04-17,823559,New York Yankees,Kansas City Royals,4,2,693645,Cam Schlittler,608379,Michael Wacha,1,3313
2026-04-17,823883,Miami Marlins,Milwaukee Brewers,5,7,676083,Janson Junk,689441,Coleman Crow,1,4169
2026-04-17,824778,Boston Red Sox,Detroit Tigers,1,0,624133,Ranger Suarez,663554,Casey Mize,1,3
2026-04-17,824207,Houston Astros,St. Louis Cardinals,4,9,663567,Peter Lambert,681517,Kyle Leahy,1,2392
2026-04-17,823720,Minnesota Twins,Cincinnati Reds,1,2,657746,Joe Ryan,682227,Brandon Williamson,1,3312
2026-04-17,824373,Colorado Rockies,Los Angeles Dodgers,1,7,608372,Tomoyuki Sugano,607192,Tyler Glasnow,1,19
2026-04-17,824048,Los Angeles Angels,San Diego Padres,8,0,667755,José Soriano,663362,Matt Waldron,1,1
2026-04-17,823152,Seattle Mariners,Texas Rangers,0,5,669302,Logan Gilbert,594798,Jacob deGrom,1,680
2026-04-17,825101,Arizona Diamondbacks,Toronto Blue Jays,6,3,647336,Michael Soroka,680755,Braydon Fisher,1,15
2026-04-17,825019,Athletics,Chicago White Sox,2,9,650644,Aaron Civale,663436,Davis Martin,1,2529
2026-04-18,823558,New York Yankees,Kansas City Royals,13,4,701542,Will Warren,702070,Noah Cameron,1,3313
2026-04-18,823721,Minnesota Twins,Cincinnati Reds,4,5,671737,Taj Bradley,671096,Andrew Abbott,1,3312
2026-04-18,824694,Chicago Cubs,New York Mets,4,2,592791,Jameson Taillon,642547,Freddy Peralta,1,17
2026-04-18,823394,Pittsburgh Pirates,Tampa Bay Rays,7,8,694973,Paul Skenes,656876,Drew Rasmussen,1,31
2026-04-18,822751,Washington Nationals,San Francisco Giants,6,7,676917,Cade Cavalli,605288,Adrian Houser,1,3309
2026-04-18,825020,Athletics,Chicago White Sox,7,6,622663,Luis Severino,607200,Erick Fedde,1,2529
2026-04-18,824775,Boston Red Sox,Detroit Tigers,1,4,678394,Brayan Bello,669373,Tarik Skubal,1,3
2026-04-18,823882,Miami Marlins,Milwaukee Brewers,2,5,645261,Sandy Alcantara,605540,Brandon Woodruff,1,4169
2026-04-18,824451,Cleveland Guardians,Baltimore Orioles,4,2,668909,Gavin Williams,665152,Dean Kremer,1,5
2026-04-18,824206,Houston Astros,St. Louis Cardinals,5,7,621121,Lance McCullers Jr.,669467,Andre Pallante,1,2392
2026-04-18,823151,Seattle Mariners,Texas Rangers,7,3,669923,George Kirby,543135,Nathan Eovaldi,1,680
2026-04-18,823474,Philadelphia Phillies,Atlanta Braves,1,3,650911,Cristopher Sánchez,519242,Chris Sale,1,2681
2026-04-18,824372,Colorado Rockies,Los Angeles Dodgers,4,3,663372,Ryan Feltner,686218,Emmet Sheehan,1,19
2026-04-18,825098,Arizona Diamondbacks,Toronto Blue Jays,6,2,668678,Zac Gallen,453286,Max Scherzer,1,15
2026-04-18,824049,Los Angeles Angels,San Diego Padres,1,4,579328,Yusei Kikuchi,608566,Germán Márquez,1,1
2026-04-19,822750,Washington Nationals,San Francisco Giants,3,0,676571,PJ Poulin,592662,Robbie Ray,1,3309
2026-04-19,823393,Pittsburgh Pirates,Tampa Bay Rays,6,3,656605,Mitch Keller,663556,Shane McClanahan,1,31
2026-04-19,823556,New York Yankees,Kansas City Royals,7,0,677960,Ryan Weathers,666142,Cole Ragans,1,3313
2026-04-19,824452,Cleveland Guardians,Baltimore Orioles,8,4,676282,Joey Cantillo,669432,Trevor Rogers,1,5
2026-04-19,823881,Miami Marlins,Milwaukee Brewers,5,3,691587,Eury Pérez,694819,Jacob Misiorowski,1,4169
2026-04-19,824205,Houston Astros,St. Louis Cardinals,5,7,681347,Mike Burrows,669461,Matthew Liberatore,1,2392
2026-04-19,823718,Minnesota Twins,Cincinnati Reds,4,7,641927,Bailey Ober,663903,Brady Singer,1,3312
2026-04-19,824691,Chicago Cubs,New York Mets,2,1,665871,Javier Assad,668964,Tobias Myers,1,17
2026-04-19,824371,Colorado Rockies,Los Angeles Dodgers,9,6,547179,Michael Lorenzen,808963,Roki Sasaki,1,19
2026-04-19,825018,Athletics,Chicago White Sox,4,7,605488,Jeffrey Springs,702273,Noah Schultz,1,2529
2026-04-19,824047,Los Angeles Angels,San Diego Padres,1,2,700712,Walbert Ureña,650633,Michael King,1,1
2026-04-19,823150,Seattle Mariners,Texas Rangers,5,2,693433,Bryan Woo,669022,MacKenzie Gore,1,680
2026-04-19,825100,Arizona Diamondbacks,Toronto Blue Jays,4,10,669194,Ryne Nelson,592332,Kevin Gausman,1,15
2026-04-19,824777,Boston Red Sox,Detroit Tigers,2,6,676979,Garrett Crochet,664285,Framber Valdez,1,3
2026-04-19,823475,Philadelphia Phillies,Atlanta Braves,2,4,691725,Andrew Painter,656550,Grant Holmes,1,2681
2026-04-20,824776,Boston Red Sox,Detroit Tigers,8,6,543243,Sonny Gray,656427,Jack Flaherty,1,3
2026-04-20,824450,Cleveland Guardians,Houston Astros,2,9,677944,Slade Cecconi,681293,Spencer Arrighetti,1,5
2026-04-20,822994,Tampa Bay Rays,Cincinnati Reds,1,6,669947,Jesse Scholtens,695076,Rhett Lowder,1,12
2026-04-20,823879,Miami Marlins,St. Louis Cardinals,5,3,676974,Max Meyer,700241,Michael McGreevy,1,4169
2026-04-20,822749,Washington Nationals,Atlanta Braves,4,9,663623,Jake Irvin,693821,Bryce Elder,1,3309
2026-04-20,824125,Kansas City Royals,Baltimore Orioles,5,7,607625,Seth Lugo,680694,Kyle Bradish,1,7
2026-04-20,824692,Chicago Cubs,Philadelphia Phillies,5,1,607067,Colin Rea,605400,Aaron Nola,1,17
2026-04-20,824370,Colorado Rockies,Los Angeles Dodgers,3,12,500779,Jose Quintana,680736,Justin Wrobleski,1,19
2026-04-20,824046,Los Angeles Angels,Toronto Blue Jays,2,5,672282,Reid Detmers,656302,Dylan Cease,1,1
2026-04-20,823149,Seattle Mariners,Athletics,4,6,676106,Emerson Hancock,669372,J.T. Ginn,1,680
2026-04-21,824448,Cleveland Guardians,Houston Astros,8,5,800048,Parker Messick,680802,Ryan Weiss,1,5
2026-04-21,822995,Tampa Bay Rays,Cincinnati Reds,6,12,571927,Steven Matz,695505,Chase Burns,1,12
2026-04-21,823880,Miami Marlins,St. Louis Cardinals,3,5,663978,Chris Paddack,669160,Dustin May,1,4169
2026-04-21,824290,Detroit Tigers,Milwaukee Brewers,4,12,672456,Keider Montero,690986,Kyle Harrison,1,2394
2026-04-21,822747,Washington Nationals,Atlanta Braves,11,4,656492,Foster Griffin,625643,Reynaldo López,1,3309
2026-04-21,824773,Boston Red Sox,New York Yankees,0,4,813349,Connelly Early,661563,Luis Gil,1,3
2026-04-21,823640,New York Mets,Minnesota Twins,3,5,690997,Nolan McLean,680573,Simeon Woods Richardson,1,3289
2026-04-21,824127,Kansas City Royals,Baltimore Orioles,6,5,663460,Kris Bubic,669358,Shane Baz,1,7
2026-04-21,824690,Chicago Cubs,Philadelphia Phillies,7,4,684007,Shota Imanaga,666200,Jesús Luzardo,1,17
2026-04-21,822914,Texas Rangers,Pittsburgh Pirates,5,1,677958,Kumar Rocker,669387,Carmen Mlodzinski,1,5325
2026-04-21,824369,Colorado Rockies,San Diego Padres,0,1,623474,Jimmy Herget,681190,Randy Vásquez,1,19
2026-04-21,824045,Los Angeles Angels,Toronto Blue Jays,2,4,686799,Jack Kochanowicz,571578,Patrick Corbin,1,1
2026-04-21,823148,Seattle Mariners,Athletics,2,5,622491,Luis Castillo,682052,Jacob Lopez,1,680
2026-04-21,825099,Arizona Diamondbacks,Chicago White Sox,5,11,518876,Merrill Kelly,680732,Sean Burke,1,15
2026-04-21,823236,San Francisco Giants,Los Angeles Dodgers,3,1,694738,Landen Roupp,808967,Yoshinobu Yamamoto,1,2395
2026-04-22,823878,Miami Marlins,St. Louis Cardinals,4,1,676083,Janson Junk,681517,Kyle Leahy,1,4169
2026-04-22,824449,Cleveland Guardians,Houston Astros,0,2,676440,Tanner Bibee,663567,Peter Lambert,1,5
2026-04-22,822993,Tampa Bay Rays,Cincinnati Reds,6,1,607259,Nick Martinez,682227,Brandon Williamson,1,12
2026-04-22,824123,Kansas City Royals,Baltimore Orioles,6,8,608379,Michael Wacha,605135,Chris Bassitt,1,7
2026-04-22,824044,Los Angeles Angels,Toronto Blue Jays,7,3,667755,José Soriano,641778,Eric Lauer,1,1
2026-04-22,823147,Seattle Mariners,Athletics,5,4,669302,Logan Gilbert,650644,Aaron Civale,1,680
2026-04-22,824286,Detroit Tigers,Milwaukee Brewers,5,2,663554,Casey Mize,669084,DL Hall,1,2394
2026-04-22,822748,Washington Nationals,Atlanta Braves,6,8,641793,Zack Littell,800311,Didier Fuentes,1,3309
2026-04-22,824774,Boston Red Sox,New York Yankees,1,4,624133,Ranger Suarez,608331,Max Fried,1,3
2026-04-22,823641,New York Mets,Minnesota Twins,3,2,605280,Clay Holmes,687570,Connor Prielipp,1,3289
2026-04-22,824688,Chicago Cubs,Philadelphia Phillies,7,2,571510,Matthew Boyd,679775,Kyle Backhus,1,17
2026-04-22,822913,Texas Rangers,Pittsburgh Pirates,4,8,683004,Jack Leiter,677952,Braxton Ashcraft,1,5325
2026-04-22,824367,Colorado Rockies,San Diego Padres,8,3,608372,Tomoyuki Sugano,621111,Walker Buehler,1,19
2026-04-22,825097,Arizona Diamondbacks,Chicago White Sox,11,7,593958,Eduardo Rodriguez,641743,Anthony Kay,1,15
2026-04-22,823231,San Francisco Giants,Los Angeles Dodgers,3,0,641816,Tyler Mahle,660271,Shohei Ohtani,1,2395
2026-04-23,822745,Washington Nationals,Atlanta Braves,2,7,676917,Cade Cavalli,702275,JR Ritchie,1,3309
2026-04-23,824288,Detroit Tigers,Milwaukee Brewers,5,4,669373,Tarik Skubal,687075,Brandon Sproat,1,2394
2026-04-23,824689,Chicago Cubs,Philadelphia Phillies,8,7,665795,Edward Cabrera,650911,Cristopher Sánchez,1,17
2026-04-23,824368,Colorado Rockies,San Diego Padres,8,10,663372,Ryan Feltner,663362,Matt Waldron,1,19
2026-04-23,825096,Arizona Diamondbacks,Chicago White Sox,1,4,647336,Michael Soroka,663436,Davis Martin,1,15
2026-04-23,823233,San Francisco Giants,Los Angeles Dodgers,0,3,657277,Logan Webb,607192,Tyler Glasnow,1,2395
2026-04-23,824770,Boston Red Sox,New York Yankees,2,4,801139,Payton Tolle,693645,Cam Schlittler,1,3
2026-04-23,823639,New York Mets,Minnesota Twins,10,8,681035,Christian Scott,657746,Joe Ryan,1,3289
2026-04-23,822912,Texas Rangers,Pittsburgh Pirates,6,1,594798,Jacob deGrom,696149,Bubba Chandler,1,5325
2026-04-24,824529,Cincinnati Reds,Detroit Tigers,9,8,671096,Andrew Abbott,664285,Framber Valdez,1,2602
2026-04-24,824854,Baltimore Orioles,Boston Red Sox,10,3,687064,Brandon Young,678394,Brayan Bello,1,2
2026-04-24,822827,Toronto Blue Jays,Cleveland Guardians,6,8,453286,Max Scherzer,668909,Gavin Williams,1,14
2026-04-24,823638,New York Mets,Colorado Rockies,3,4,642547,Freddy Peralta,547179,Michael Lorenzen,1,3289
2026-04-24,822992,Tampa Bay Rays,Minnesota Twins,6,2,656876,Drew Rasmussen,671737,Taj Bradley,1,12
2026-04-24,824932,Atlanta Braves,Philadelphia Phillies,5,3,656550,Grant Holmes,691725,Andrew Painter,1,4705
2026-04-24,824124,Kansas City Royals,Los Angeles Angels,6,3,702070,Noah Cameron,579328,Yusei Kikuchi,1,7
2026-04-24,824611,Chicago White Sox,Washington Nationals,5,4,663542,Bryan Hudson,676571,PJ Poulin,1,4
2026-04-24,823800,Milwaukee Brewers,Pittsburgh Pirates,0,6,605540,Brandon Woodruff,694973,Paul Skenes,1,32
2026-04-24,822909,Texas Rangers,Athletics,1,8,543135,Nathan Eovaldi,622663,Luis Severino,1,5325
2026-04-24,824204,Houston Astros,New York Yankees,4,12,621121,Lance McCullers Jr.,701542,Will Warren,1,2392
2026-04-24,823069,St. Louis Cardinals,Seattle Mariners,2,3,669467,Andre Pallante,669923,George Kirby,1,2889
2026-04-24,823962,Los Angeles Dodgers,Chicago Cubs,4,6,686218,Emmet Sheehan,592791,Jameson Taillon,1,22
2026-04-24,823232,San Francisco Giants,Miami Marlins,4,9,605288,Adrian Houser,645261,Sandy Alcantara,1,2395
2026-04-25,824851,Baltimore Orioles,Boston Red Sox,1,17,669432,Trevor Rogers,676979,Garrett Crochet,1,2
2026-04-25,823070,St. Louis Cardinals,Seattle Mariners,9,11,669461,Matthew Liberatore,693433,Bryan Woo,1,2889
2026-04-25,822826,Toronto Blue Jays,Cleveland Guardians,5,3,592332,Kevin Gausman,676282,Joey Cantillo,1,14
2026-04-25,823229,San Francisco Giants,Miami Marlins,6,2,592662,Robbie Ray,691587,Eury Pérez,1,2395
2026-04-25,822989,Tampa Bay Rays,Minnesota Twins,6,1,663556,Shane McClanahan,641927,Bailey Ober,1,12
2026-04-25,824613,Chicago White Sox,Washington Nationals,3,6,702273,Noah Schultz,663623,Jake Irvin,1,4
2026-04-25,825093,Arizona Diamondbacks,San Diego Padres,4,6,668678,Zac Gallen,608566,Germán Márquez,1,5340
2026-04-25,822910,Texas Rangers,Athletics,4,3,669022,MacKenzie Gore,605488,Jeffrey Springs,1,5325
2026-04-25,824121,Kansas City Royals,Los Angeles Angels,12,1,666142,Cole Ragans,700712,Walbert Ureña,1,7
2026-04-25,824203,Houston Astros,New York Yankees,3,8,681347,Mike Burrows,677960,Ryan Weathers,1,2392
2026-04-25,823799,Milwaukee Brewers,Pittsburgh Pirates,3,6,694819,Jacob Misiorowski,656605,Mitch Keller,1,32
2026-04-25,824527,Cincinnati Reds,Detroit Tigers,9,2,663903,Brady Singer,656427,Jack Flaherty,1,2602
2026-04-25,823960,Los Angeles Dodgers,Chicago Cubs,12,4,808963,Roki Sasaki,607067,Colin Rea,1,22
2026-04-25,824933,Atlanta Braves,Philadelphia Phillies,5,8,693821,Bryce Elder,554430,Zack Wheeler,1,4705
2026-04-26,824852,Baltimore Orioles,Boston Red Sox,3,5,680694,Kyle Bradish,813349,Connelly Early,1,2
2026-04-26,824934,Atlanta Braves,Philadelphia Phillies,6,2,519242,Chris Sale,605400,Aaron Nola,1,4705
2026-04-26,822824,Toronto Blue Jays,Cleveland Guardians,4,2,571578,Patrick Corbin,677944,Slade Cecconi,1,14
2026-04-26,824528,Cincinnati Reds,Detroit Tigers,3,8,695076,Rhett Lowder,672456,Keider Montero,1,2602
2026-04-26,823635,New York Mets,Colorado Rockies,1,3,690997,Nolan McLean,500779,Jose Quintana,1,3289
2026-04-26,823637,New York Mets,Colorado Rockies,0,3,673540,Kodai Senga,801403,Chase Dollander,2,3289
2026-04-26,822991,Tampa Bay Rays,Minnesota Twins,4,2,643377,Griffin Jax,680573,Simeon Woods Richardson,1,12
2026-04-26,824612,Chicago White Sox,Washington Nationals,1,2,663542,Bryan Hudson,656492,Foster Griffin,1,4
2026-04-26,824202,Houston Astros,New York Yankees,7,4,681293,Spencer Arrighetti,661563,Luis Gil,1,2392
2026-04-26,823797,Milwaukee Brewers,Pittsburgh Pirates,5,0,690986,Kyle Harrison,669387,Carmen Mlodzinski,1,32
2026-04-26,823068,St. Louis Cardinals,Seattle Mariners,2,3,700241,Michael McGreevy,676106,Emerson Hancock,1,2889
2026-04-26,822911,Texas Rangers,Athletics,1,2,677958,Kumar Rocker,669372,J.T. Ginn,1,5325
2026-04-26,825094,Arizona Diamondbacks,San Diego Padres,12,7,669194,Ryne Nelson,650633,Michael King,1,5340
2026-04-26,823230,San Francisco Giants,Miami Marlins,6,3,694738,Landen Roupp,676974,Max Meyer,1,2395
2026-04-26,824122,Kansas City Royals,Los Angeles Angels,11,9,607625,Seth Lugo,672282,Reid Detmers,1,7
2026-04-26,823959,Los Angeles Dodgers,Chicago Cubs,6,0,680736,Justin Wrobleski,684007,Shota Imanaga,1,22
2026-04-27,824446,Cleveland Guardians,Tampa Bay Rays,2,3,800048,Parker Messick,571927,Steven Matz,1,5
2026-04-27,823395,Pittsburgh Pirates,St. Louis Cardinals,2,4,682254,Mason Montgomery,669160,Dustin May,1,31
2026-04-27,822825,Toronto Blue Jays,Boston Red Sox,0,5,656302,Dylan Cease,624133,Ranger Suarez,1,14
2026-04-27,823719,Minnesota Twins,Seattle Mariners,11,4,687570,Connor Prielipp,622491,Luis Castillo,1,3312
2026-04-27,824609,Chicago White Sox,Los Angeles Angels,8,7,641743,Anthony Kay,686799,Jack Kochanowicz,1,4
2026-04-27,822906,Texas Rangers,New York Yankees,2,4,683004,Jack Leiter,608331,Max Fried,1,5325
2026-04-27,823311,San Diego Padres,Chicago Cubs,9,7,681190,Randy Vásquez,571510,Matthew Boyd,1,2680
2026-04-27,823961,Los Angeles Dodgers,Miami Marlins,5,4,808967,Yoshinobu Yamamoto,663978,Chris Paddack,1,22
2026-04-28,824447,Cleveland Guardians,Tampa Bay Rays,0,1,676440,Tanner Bibee,607259,Nick Martinez,1,5
2026-04-28,824849,Baltimore Orioles,Houston Astros,5,3,669358,Shane Baz,678906,Kai-Wei Teng,1,2
2026-04-28,824526,Cincinnati Reds,Colorado Rockies,7,2,695505,Chase Burns,607536,Kyle Freeland,1,2602
2026-04-28,823390,Pittsburgh Pirates,St. Louis Cardinals,7,11,677952,Braxton Ashcraft,681517,Kyle Leahy,1,31
2026-04-28,823473,Philadelphia Phillies,San Francisco Giants,7,0,666200,Jesús Luzardo,641816,Tyler Mahle,1,2681
2026-04-28,822823,Toronto Blue Jays,Boston Red Sox,3,0,702056,Trey Yesavage,801139,Payton Tolle,1,14
2026-04-28,823636,New York Mets,Washington Nationals,8,0,605280,Clay Holmes,641793,Zack Littell,1,3289
2026-04-28,824931,Atlanta Braves,Detroit Tigers,5,2,527048,Martín Pérez,663554,Casey Mize,1,4705
2026-04-28,823716,Minnesota Twins,Seattle Mariners,1,7,657746,Joe Ryan,669302,Logan Gilbert,1,3312
2026-04-28,824610,Chicago White Sox,Los Angeles Angels,5,2,663436,Davis Martin,667755,José Soriano,1,4
2026-04-28,823798,Milwaukee Brewers,Arizona Diamondbacks,13,2,694477,Chad Patrick,518876,Merrill Kelly,1,32
2026-04-28,822908,Texas Rangers,New York Yankees,2,3,594798,Jacob deGrom,693645,Cam Schlittler,1,5325
2026-04-28,825017,Athletics,Kansas City Royals,1,4,650644,Aaron Civale,663460,Kris Bubic,1,2529
2026-04-28,823310,San Diego Padres,Chicago Cubs,3,8,621111,Walker Buehler,665795,Edward Cabrera,1,2680
2026-04-28,823956,Los Angeles Dodgers,Miami Marlins,1,2,660271,Shohei Ohtani,676083,Janson Junk,1,22
2026-04-29,824445,Cleveland Guardians,Tampa Bay Rays,3,1,668909,Gavin Williams,656876,Drew Rasmussen,1,5
2026-04-29,824608,Chicago White Sox,Los Angeles Angels,3,2,607200,Erick Fedde,579328,Yusei Kikuchi,1,4
2026-04-29,823717,Minnesota Twins,Seattle Mariners,3,5,671737,Taj Bradley,669923,George Kirby,1,3312
2026-04-29,822907,Texas Rangers,New York Yankees,3,0,543135,Nathan Eovaldi,695684,Elmer Rodríguez,1,5325
2026-04-29,822821,Toronto Blue Jays,Boston Red Sox,8,1,641778,Eric Lauer,678394,Brayan Bello,1,14
2026-04-29,823958,Los Angeles Dodgers,Miami Marlins,2,3,607192,Tyler Glasnow,645261,Sandy Alcantara,1,22
2026-04-29,823312,San Diego Padres,Chicago Cubs,4,5,663362,Matt Waldron,592791,Jameson Taillon,1,2680
2026-04-29,824525,Cincinnati Reds,Colorado Rockies,2,13,682227,Brandon Williamson,608372,Tomoyuki Sugano,1,2602
2026-04-29,823392,Pittsburgh Pirates,St. Louis Cardinals,4,5,696149,Bubba Chandler,669467,Andre Pallante,1,31
2026-04-29,823633,New York Mets,Washington Nationals,2,14,656849,David Peterson,676917,Cade Cavalli,1,3289
2026-04-29,824930,Atlanta Braves,Detroit Tigers,4,3,702275,JR Ritchie,669373,Tarik Skubal,1,4705
2026-04-29,823796,Milwaukee Brewers,Arizona Diamondbacks,2,6,687075,Brandon Sproat,593958,Eduardo Rodriguez,1,32
2026-04-29,825015,Athletics,Kansas City Royals,5,2,622663,Luis Severino,608379,Michael Wacha,1,2529
2026-04-30,824929,Atlanta Braves,Detroit Tigers,2,5,693821,Bryce Elder,664285,Framber Valdez,1,4705
2026-04-30,824848,Baltimore Orioles,Houston Astros,10,3,605135,Chris Bassitt,663567,Peter Lambert,1,2
2026-04-30,824850,Baltimore Orioles,Houston Astros,5,11,687064,Brandon Young,621121,Lance McCullers Jr.,2,2
2026-04-30,823391,Pittsburgh Pirates,St. Louis Cardinals,5,10,694973,Paul Skenes,690928,Hunter Dobbins,1,31
2026-04-30,823472,Philadelphia Phillies,San Francisco Giants,3,2,650911,Cristopher Sánchez,657277,Logan Webb,1,2681
2026-04-30,823471,Philadelphia Phillies,San Francisco Giants,6,5,641835,Tim Mayza,605288,Adrian Houser,2,2681
2026-04-30,824524,Cincinnati Reds,Colorado Rockies,6,4,671096,Andrew Abbott,547179,Michael Lorenzen,1,2602
2026-04-30,823634,New York Mets,Washington Nationals,4,5,642547,Freddy Peralta,571945,Miles Mikolas,1,3289
2026-04-30,823795,Milwaukee Brewers,Arizona Diamondbacks,13,1,605540,Brandon Woodruff,647336,Michael Soroka,1,32
2026-04-30,825016,Athletics,Kansas City Royals,6,3,605488,Jeffrey Springs,702070,Noah Cameron,1,2529
2026-04-30,823714,Minnesota Twins,Toronto Blue Jays,7,1,641927,Bailey Ober,592332,Kevin Gausman,1,3312
2026-05-01,824686,Chicago Cubs,Arizona Diamondbacks,6,5,607067,Colin Rea,668678,Zac Gallen,1,17
2026-05-01,824287,Detroit Tigers,Texas Rangers,4,5,656427,Jack Flaherty,669022,MacKenzie Gore,1,2394
2026-05-01,823389,Pittsburgh Pirates,Cincinnati Reds,9,1,656605,Mitch Keller,663903,Brady Singer,1,31
2026-05-01,822744,Washington Nationals,Milwaukee Brewers,1,6,663623,Jake Irvin,694819,Jacob Misiorowski,1,3309
2026-05-01,823557,New York Yankees,Baltimore Orioles,7,2,701542,Will Warren,700249,Cade Povich,1,3313
2026-05-01,824772,Boston Red Sox,Houston Astros,3,1,687562,Jake Bennett,681347,Mike Burrows,1,3
2026-05-01,822990,Tampa Bay Rays,San Francisco Giants,3,0,663556,Shane McClanahan,592662,Robbie Ray,1,12
2026-05-01,823877,Miami Marlins,Philadelphia Phillies,5,6,691587,Eury Pérez,554430,Zack Wheeler,1,4169
2026-05-01,823713,Minnesota Twins,Toronto Blue Jays,3,7,680573,Simeon Woods Richardson,571578,Patrick Corbin,1,3312
2026-05-01,823066,St. Louis Cardinals,Los Angeles Dodgers,7,2,669461,Matthew Liberatore,686218,Emmet Sheehan,1,2889
2026-05-01,824366,Colorado Rockies,Atlanta Braves,6,8,500779,Jose Quintana,656550,Grant Holmes,1,19
2026-05-01,824041,Los Angeles Angels,New York Mets,3,4,700712,Walbert Ureña,681035,Christian Scott,1,1
2026-05-01,825012,Athletics,Cleveland Guardians,5,8,669372,J.T. Ginn,676282,Joey Cantillo,1,2529
2026-05-01,823309,San Diego Padres,Chicago White Sox,2,8,608566,Germán Márquez,702273,Noah Schultz,1,2680
2026-05-01,823146,Seattle Mariners,Kansas City Royals,6,7,693433,Bryan Woo,666142,Cole Ragans,1,680
2026-05-02,823554,New York Yankees,Baltimore Orioles,9,4,677960,Ryan Weathers,680694,Kyle Bradish,1,3313
2026-05-02,823715,Minnesota Twins,Toronto Blue Jays,4,11,687570,Connor Prielipp,656302,Dylan Cease,1,3312
2026-05-02,824685,Chicago Cubs,Arizona Diamondbacks,2,0,684007,Shota Imanaga,669194,Ryne Nelson,1,17
2026-05-02,825014,Athletics,Cleveland Guardians,6,14,682052,Jacob Lopez,677944,Slade Cecconi,1,2529
2026-05-02,823388,Pittsburgh Pirates,Cincinnati Reds,17,7,669387,Carmen Mlodzinski,695076,Rhett Lowder,1,31
2026-05-02,822746,Washington Nationals,Milwaukee Brewers,1,4,656492,Foster Griffin,690986,Kyle Harrison,1,3309
2026-05-02,824771,Boston Red Sox,Houston Astros,3,6,813349,Connelly Early,681293,Spencer Arrighetti,1,3
2026-05-02,823876,Miami Marlins,Philadelphia Phillies,4,0,676974,Max Meyer,691725,Andrew Painter,1,4169
2026-05-02,822988,Tampa Bay Rays,San Francisco Giants,5,1,643377,Griffin Jax,694738,Landen Roupp,1,12
2026-05-02,823067,St. Louis Cardinals,Los Angeles Dodgers,3,2,700241,Michael McGreevy,808963,Roki Sasaki,1,2889
2026-05-02,824284,Detroit Tigers,Texas Rangers,5,1,672456,Keider Montero,677958,Kumar Rocker,1,2394
2026-05-02,824365,Colorado Rockies,Atlanta Braves,1,9,657514,Brennan Bernardino,519242,Chris Sale,1,19
2026-05-02,823308,San Diego Padres,Chicago White Sox,0,4,650633,Michael King,680732,Sean Burke,1,2680
2026-05-02,824042,Los Angeles Angels,New York Mets,4,3,672282,Reid Detmers,690997,Nolan McLean,1,1
2026-05-02,823144,Seattle Mariners,Kansas City Royals,2,3,676106,Emerson Hancock,607625,Seth Lugo,1,680
2026-05-03,823711,Minnesota Twins,Toronto Blue Jays,4,3,657746,Joe Ryan,702056,Trey Yesavage,1,3312
2026-05-03,824769,Boston Red Sox,Houston Astros,1,3,624133,Ranger Suarez,675989,Cody Bolton,1,3
2026-05-03,823387,Pittsburgh Pirates,Cincinnati Reds,1,0,677952,Braxton Ashcraft,695505,Chase Burns,1,31
2026-05-03,823555,New York Yankees,Baltimore Orioles,11,3,608331,Max Fried,694346,Trey Gibson,1,3313
2026-05-03,822742,Washington Nationals,Milwaukee Brewers,3,2,676571,PJ Poulin,701656,Logan Henderson,1,3309
2026-05-03,822987,Tampa Bay Rays,San Francisco Giants,2,1,571927,Steven Matz,641816,Tyler Mahle,1,12
2026-05-03,823875,Miami Marlins,Philadelphia Phillies,2,7,663978,Chris Paddack,666200,Jesús Luzardo,1,4169
2026-05-03,823065,St. Louis Cardinals,Los Angeles Dodgers,1,4,669160,Dustin May,680736,Justin Wrobleski,1,2889
2026-05-03,824687,Chicago Cubs,Arizona Diamondbacks,8,4,571510,Matthew Boyd,518876,Merrill Kelly,1,17
2026-05-03,824364,Colorado Rockies,Atlanta Braves,6,11,607536,Kyle Freeland,675911,Spencer Strider,1,19
2026-05-03,825013,Athletics,Cleveland Guardians,7,1,650644,Aaron Civale,800048,Parker Messick,1,2529
2026-05-03,824043,Los Angeles Angels,New York Mets,1,5,686799,Jack Kochanowicz,605280,Clay Holmes,1,1
2026-05-03,823145,Seattle Mariners,Kansas City Royals,1,4,622491,Luis Castillo,663460,Kris Bubic,1,680
2026-05-03,823307,San Diego Padres,Chicago White Sox,4,3,656288,Griffin Canning,641743,Anthony Kay,1,2680
2026-05-03,824285,Detroit Tigers,Texas Rangers,7,1,663947,Tyler Holton,683004,Jack Leiter,1,2394
2026-05-04,824363,Colorado Rockies,New York Mets,2,4,608372,Tomoyuki Sugano,623211,Huascar Brazobán,1,19
2026-05-04,824283,Detroit Tigers,Boston Red Sox,4,5,663947,Tyler Holton,801139,Payton Tolle,1,2394
2026-05-04,822984,Tampa Bay Rays,Toronto Blue Jays,5,1,607259,Nick Martinez,641778,Eric Lauer,1,12
2026-05-04,823874,Miami Marlins,Philadelphia Phillies,0,1,676083,Janson Junk,605400,Aaron Nola,1,4169
2026-05-04,823552,New York Yankees,Baltimore Orioles,12,1,693645,Cam Schlittler,669358,Shane Baz,1,3313
2026-05-04,824684,Chicago Cubs,Cincinnati Reds,5,4,665795,Edward Cabrera,695534,Chase Petty,1,17
2026-05-04,824120,Kansas City Royals,Cleveland Guardians,6,2,608379,Michael Wacha,676440,Tanner Bibee,1,7
2026-05-04,823064,St. Louis Cardinals,Milwaukee Brewers,6,3,681517,Kyle Leahy,694477,Chad Patrick,1,2889
2026-05-04,824201,Houston Astros,Los Angeles Dodgers,3,8,595345,Steven Okert,808967,Yoshinobu Yamamoto,1,2392
2026-05-04,824039,Los Angeles Angels,Chicago White Sox,0,6,667755,José Soriano,663436,Davis Martin,1,1
2026-05-04,823143,Seattle Mariners,Atlanta Braves,5,4,669302,Logan Gilbert,702275,JR Ritchie,1,680
2026-05-04,823228,San Francisco Giants,San Diego Padres,3,2,686790,Trevor McDonald,681190,Randy Vásquez,1,2395
2026-05-05,824281,Detroit Tigers,Boston Red Sox,3,10,664285,Framber Valdez,663558,Jovani Morán,1,2394
2026-05-05,822986,Tampa Bay Rays,Toronto Blue Jays,4,3,656876,Drew Rasmussen,592332,Kevin Gausman,1,12
2026-05-05,823469,Philadelphia Phillies,Athletics,9,1,650911,Cristopher Sánchez,622663,Luis Severino,1,2681
2026-05-05,823873,Miami Marlins,Baltimore Orioles,7,9,645261,Sandy Alcantara,605135,Chris Bassitt,1,4169
2026-05-05,822743,Washington Nationals,Minnesota Twins,3,11,676917,Cade Cavalli,671737,Taj Bradley,1,3309
2026-05-05,823553,New York Yankees,Texas Rangers,7,4,695684,Elmer Rodríguez,594798,Jacob deGrom,1,3313
2026-05-05,824682,Chicago Cubs,Cincinnati Reds,3,2,592791,Jameson Taillon,671096,Andrew Abbott,1,17
2026-05-05,824119,Kansas City Royals,Cleveland Guardians,5,3,663568,Stephen Kolek,668909,Gavin Williams,1,7
2026-05-05,824200,Houston Astros,Los Angeles Dodgers,2,1,663567,Peter Lambert,660271,Shohei Ohtani,1,2392
2026-05-05,824040,Los Angeles Angels,Chicago White Sox,4,3,691951,Sam Aldegheri,607200,Erick Fedde,1,1
2026-05-05,825092,Arizona Diamondbacks,Pittsburgh Pirates,9,0,593958,Eduardo Rodriguez,696149,Bubba Chandler,1,15
2026-05-05,823142,Seattle Mariners,Atlanta Braves,2,3,669923,George Kirby,693821,Bryce Elder,1,680
2026-05-05,823227,San Francisco Giants,San Diego Padres,5,10,657277,Logan Webb,621111,Walker Buehler,1,2395
2026-05-06,822985,Tampa Bay Rays,Toronto Blue Jays,3,0,663556,Shane McClanahan,571578,Patrick Corbin,1,12
2026-05-06,823063,St. Louis Cardinals,Milwaukee Brewers,2,6,669467,Andre Pallante,687075,Brandon Sproat,1,2889
2026-05-06,824198,Houston Astros,Los Angeles Dodgers,2,12,621121,Lance McCullers Jr.,607192,Tyler Glasnow,1,2392
2026-05-06,823226,San Francisco Giants,San Diego Padres,1,5,605288,Adrian Houser,699134,Bradgley Rodriguez,1,2395
2026-05-06,824036,Los Angeles Angels,Chicago White Sox,8,2,700712,Walbert Ureña,702273,Noah Schultz,1,1
2026-05-06,823141,Seattle Mariners,Atlanta Braves,3,1,693433,Bryan Woo,527048,Martín Pérez,1,680
2026-05-06,824282,Detroit Tigers,Boston Red Sox,0,4,656427,Jack Flaherty,543243,Sonny Gray,1,2394
2026-05-06,823470,Philadelphia Phillies,Athletics,6,3,554430,Zack Wheeler,605488,Jeffrey Springs,1,2681
2026-05-06,823872,Miami Marlins,Baltimore Orioles,4,7,691587,Eury Pérez,687064,Brandon Young,1,4169
2026-05-06,822740,Washington Nationals,Minnesota Twins,15,2,571945,Miles Mikolas,641927,Bailey Ober,1,3309
2026-05-06,823550,New York Yankees,Texas Rangers,1,6,701542,Will Warren,543135,Nathan Eovaldi,1,3313
2026-05-06,824683,Chicago Cubs,Cincinnati Reds,7,6,607067,Colin Rea,663903,Brady Singer,1,17
2026-05-06,824118,Kansas City Royals,Cleveland Guardians,1,3,666142,Cole Ragans,676282,Joey Cantillo,1,7
2026-05-06,824361,Colorado Rockies,New York Mets,5,10,547179,Michael Lorenzen,642547,Freddy Peralta,1,19
2026-05-06,825091,Arizona Diamondbacks,Pittsburgh Pirates,0,1,647336,Michael Soroka,694973,Paul Skenes,1,15
2026-05-07,823551,New York Yankees,Texas Rangers,9,2,621112,Paul Blackburn,669022,MacKenzie Gore,1,3313
2026-05-07,822741,Washington Nationals,Minnesota Twins,7,5,663623,Jake Irvin,680573,Simeon Woods Richardson,1,3309
2026-05-07,824117,Kansas City Royals,Cleveland Guardians,5,8,607625,Seth Lugo,677944,Slade Cecconi,1,7
2026-05-07,824681,Chicago Cubs,Cincinnati Reds,8,3,684007,Shota Imanaga,695076,Rhett Lowder,1,17
2026-05-07,824362,Colorado Rockies,New York Mets,6,2,500779,Jose Quintana,681035,Christian Scott,1,19
2026-05-07,825090,Arizona Diamondbacks,Pittsburgh Pirates,2,4,668678,Zac Gallen,656605,Mitch Keller,1,15
2026-05-07,823467,Philadelphia Phillies,Athletics,1,12,691725,Andrew Painter,669372,J.T. Ginn,1,2681
2026-05-07,823870,Miami Marlins,Baltimore Orioles,4,3,676974,Max Meyer,700249,Cade Povich,1,4169
2026-05-07,824767,Boston Red Sox,Tampa Bay Rays,4,8,687562,Jake Bennett,643377,Griffin Jax,1,3
2026-05-07,823306,San Diego Padres,St. Louis Cardinals,1,2,650633,Michael King,669461,Matthew Liberatore,1,2680
2026-05-08,824522,Cincinnati Reds,Houston Astros,0,10,666157,Nick Lodolo,681347,Mike Burrows,1,2602
2026-05-08,823466,Philadelphia Phillies,Colorado Rockies,7,9,666200,Jesús Luzardo,801403,Chase Dollander,1,2681
2026-05-08,824846,Baltimore Orioles,Athletics,3,4,680694,Kyle Bradish,682052,Jacob Lopez,1,2
2026-05-08,822822,Toronto Blue Jays,Los Angeles Angels,2,0,656302,Dylan Cease,672282,Reid Detmers,1,14
2026-05-08,824768,Boston Red Sox,Tampa Bay Rays,2,0,813349,Connelly Early,669947,Jesse Scholtens,1,3
2026-05-08,823871,Miami Marlins,Washington Nationals,2,3,702281,Robby Snelling,656492,Foster Griffin,1,4169
2026-05-08,824443,Cleveland Guardians,Minnesota Twins,6,4,800048,Parker Messick,687570,Connor Prielipp,1,5
2026-05-08,824116,Kansas City Royals,Detroit Tigers,4,3,663460,Kris Bubic,672456,Keider Montero,1,7
2026-05-08,824607,Chicago White Sox,Seattle Mariners,8,12,680732,Sean Burke,676106,Emerson Hancock,1,4
2026-05-08,823794,Milwaukee Brewers,New York Yankees,6,0,694819,Jacob Misiorowski,608331,Max Fried,1,32
2026-05-08,822904,Texas Rangers,Chicago Cubs,1,7,677958,Kumar Rocker,676962,Ben Brown,1,5325
2026-05-08,825088,Arizona Diamondbacks,New York Mets,1,3,669194,Ryne Nelson,690997,Nolan McLean,1,15
2026-05-08,823303,San Diego Padres,St. Louis Cardinals,0,6,656288,Griffin Canning,700241,Michael McGreevy,1,2680
2026-05-08,823957,Los Angeles Dodgers,Atlanta Braves,3,1,686218,Emmet Sheehan,519242,Chris Sale,1,22
2026-05-08,823225,San Francisco Giants,Pittsburgh Pirates,5,2,592662,Robbie Ray,669387,Carmen Mlodzinski,1,2395
2026-05-09,822820,Toronto Blue Jays,Los Angeles Angels,14,1,702056,Trey Yesavage,686799,Jack Kochanowicz,1,14
2026-05-09,824847,Baltimore Orioles,Athletics,2,6,669358,Shane Baz,650644,Aaron Civale,1,2
2026-05-09,824523,Cincinnati Reds,Houston Astros,3,1,695505,Chase Burns,681293,Spencer Arrighetti,1,2602
2026-05-09,823869,Miami Marlins,Washington Nationals,8,7,676083,Janson Junk,663992,Richard Lovelady,1,4169
2026-05-09,823468,Philadelphia Phillies,Colorado Rockies,9,3,605400,Aaron Nola,607536,Kyle Freeland,1,2681
2026-05-09,824444,Cleveland Guardians,Minnesota Twins,1,2,676440,Tanner Bibee,657746,Joe Ryan,1,5
2026-05-09,822905,Texas Rangers,Chicago Cubs,6,0,683004,Jack Leiter,665795,Edward Cabrera,1,5325
2026-05-09,824115,Kansas City Royals,Detroit Tigers,5,1,608379,Michael Wacha,572143,Burch Smith,1,7
2026-05-09,824606,Chicago White Sox,Seattle Mariners,6,1,641743,Anthony Kay,622491,Luis Castillo,1,4
2026-05-09,823792,Milwaukee Brewers,New York Yankees,4,3,690986,Kyle Harrison,693645,Cam Schlittler,1,32
2026-05-09,825089,Arizona Diamondbacks,New York Mets,2,1,518876,Merrill Kelly,605280,Clay Holmes,1,15
2026-05-09,823304,San Diego Padres,St. Louis Cardinals,4,2,681190,Randy Vásquez,669160,Dustin May,1,2680
2026-05-09,823224,San Francisco Giants,Pittsburgh Pirates,3,13,694738,Landen Roupp,677952,Braxton Ashcraft,1,2395
2026-05-09,823955,Los Angeles Dodgers,Atlanta Braves,2,7,605483,Blake Snell,675911,Spencer Strider,1,22
2026-05-10,823868,Miami Marlins,Washington Nationals,5,2,645261,Sandy Alcantara,676917,Cade Cavalli,1,4169
2026-05-10,824845,Baltimore Orioles,Athletics,2,1,669211,Keegan Akin,622663,Luis Severino,1,2
2026-05-10,824765,Boston Red Sox,Tampa Bay Rays,1,4,801139,Payton Tolle,607259,Nick Martinez,1,3
2026-05-10,823463,Philadelphia Phillies,Colorado Rockies,6,0,650911,Cristopher Sánchez,608372,Tomoyuki Sugano,1,2681
2026-05-10,822819,Toronto Blue Jays,Los Angeles Angels,1,6,693686,Spencer Miles,667755,José Soriano,1,14
2026-05-10,824520,Cincinnati Reds,Houston Astros,5,0,671096,Andrew Abbott,678906,Kai-Wei Teng,1,2602
2026-05-10,824440,Cleveland Guardians,Minnesota Twins,4,5,668909,Gavin Williams,702193,Andrew Morris,1,5
2026-05-10,824605,Chicago White Sox,Seattle Mariners,2,1,663436,Davis Martin,669302,Logan Gilbert,1,4
2026-05-10,823793,Milwaukee Brewers,New York Yankees,4,3,701656,Logan Henderson,607074,Carlos Rodón,1,32
2026-05-10,822902,Texas Rangers,Chicago Cubs,3,0,594798,Jacob deGrom,592791,Jameson Taillon,1,5325
2026-05-10,823221,San Francisco Giants,Pittsburgh Pirates,7,6,641816,Tyler Mahle,696149,Bubba Chandler,1,2395
2026-05-10,825085,Arizona Diamondbacks,New York Mets,5,1,593958,Eduardo Rodriguez,623211,Huascar Brazobán,1,15
2026-05-10,823305,San Diego Padres,St. Louis Cardinals,3,2,621111,Walker Buehler,681517,Kyle Leahy,1,2680
2026-05-10,823954,Los Angeles Dodgers,Atlanta Braves,2,7,680736,Justin Wrobleski,693821,Bryce Elder,1,22
2026-05-10,824113,Kansas City Royals,Detroit Tigers,3,6,702070,Noah Cameron,669724,Brenan Hanifee,1,7
2026-05-11,824441,Cleveland Guardians,Los Angeles Angels,7,2,676282,Joey Cantillo,608718,Brent Suter,1,5
2026-05-11,824844,Baltimore Orioles,New York Yankees,3,2,687064,Brandon Young,677960,Ryan Weathers,1,2
2026-05-11,822818,Toronto Blue Jays,Tampa Bay Rays,5,8,592332,Kevin Gausman,656876,Drew Rasmussen,1,14
2026-05-11,822901,Texas Rangers,Arizona Diamondbacks,0,1,596001,Jakob Junis,647336,Michael Soroka,1,5325
2026-05-11,824199,Houston Astros,Seattle Mariners,1,3,663567,Peter Lambert,669923,George Kirby,1,2392
2026-05-11,823953,Los Angeles Dodgers,San Francisco Giants,3,9,808963,Roki Sasaki,686790,Trevor McDonald,1,22
2026-05-12,824442,Cleveland Guardians,Los Angeles Angels,3,2,677944,Slade Cecconi,700712,Walbert Ureña,1,5
2026-05-12,824843,Baltimore Orioles,New York Yankees,2,6,669432,Trevor Rogers,701542,Will Warren,1,2
2026-05-12,824521,Cincinnati Reds,Washington Nationals,4,10,663903,Brady Singer,571945,Miles Mikolas,1,2602
2026-05-12,823385,Pittsburgh Pirates,Colorado Rockies,3,1,694973,Paul Skenes,547179,Michael Lorenzen,1,31
2026-05-12,824764,Boston Red Sox,Philadelphia Phillies,1,2,663558,Jovani Morán,554430,Zack Wheeler,1,3
2026-05-12,822817,Toronto Blue Jays,Tampa Bay Rays,6,7,571578,Patrick Corbin,663556,Shane McClanahan,1,14
2026-05-12,823632,New York Mets,Detroit Tigers,10,2,642547,Freddy Peralta,656427,Jack Flaherty,1,3289
2026-05-12,824927,Atlanta Braves,Chicago Cubs,5,2,656550,Grant Holmes,607067,Colin Rea,1,4705
2026-05-12,824604,Chicago White Sox,Kansas City Royals,6,5,607200,Erick Fedde,663568,Stephen Kolek,1,4
2026-05-12,823712,Minnesota Twins,Miami Marlins,3,0,641927,Bailey Ober,691587,Eury Pérez,1,3312
2026-05-12,823790,Milwaukee Brewers,San Diego Padres,6,4,687075,Brandon Sproat,699134,Bradgley Rodriguez,1,32
2026-05-12,822903,Texas Rangers,Arizona Diamondbacks,7,4,669022,MacKenzie Gore,668678,Zac Gallen,1,5325
2026-05-12,824197,Houston Astros,Seattle Mariners,2,10,837227,Tatsuya Imai,693433,Bryan Woo,1,2392
2026-05-12,825011,Athletics,St. Louis Cardinals,4,6,605488,Jeffrey Springs,669467,Andre Pallante,1,2529
2026-05-12,823951,Los Angeles Dodgers,San Francisco Giants,2,6,808967,Yoshinobu Yamamoto,605288,Adrian Houser,1,22
2026-05-13,824841,Baltimore Orioles,New York Yankees,7,0,680694,Kyle Bradish,608331,Max Fried,1,2
2026-05-13,824438,Cleveland Guardians,Los Angeles Angels,4,2,800048,Parker Messick,672282,Reid Detmers,1,5
2026-05-13,824519,Cincinnati Reds,Washington Nationals,7,8,666157,Nick Lodolo,663623,Jake Irvin,1,2602
2026-05-13,823386,Pittsburgh Pirates,Colorado Rockies,4,10,656605,Mitch Keller,500779,Jose Quintana,1,31
2026-05-13,824763,Boston Red Sox,Philadelphia Phillies,3,1,543243,Sonny Gray,691725,Andrew Painter,1,3
2026-05-13,822815,Toronto Blue Jays,Tampa Bay Rays,5,3,656302,Dylan Cease,643377,Griffin Jax,1,14
2026-05-13,823631,New York Mets,Detroit Tigers,3,2,681035,Christian Scott,664285,Framber Valdez,1,3289
2026-05-13,824928,Atlanta Braves,Chicago Cubs,4,1,702275,JR Ritchie,684007,Shota Imanaga,1,4705
2026-05-13,824603,Chicago White Sox,Kansas City Royals,6,5,702273,Noah Schultz,607625,Seth Lugo,1,4
2026-05-13,823710,Minnesota Twins,Miami Marlins,5,9,680573,Simeon Woods Richardson,676974,Max Meyer,1,3312
2026-05-13,823791,Milwaukee Brewers,San Diego Padres,1,3,694819,Jacob Misiorowski,650633,Michael King,1,32
2026-05-13,822900,Texas Rangers,Arizona Diamondbacks,6,5,677958,Kumar Rocker,669194,Ryne Nelson,1,5325
2026-05-13,824195,Houston Astros,Seattle Mariners,4,3,621121,Lance McCullers Jr.,682243,Bryce Miller,1,2392
2026-05-13,825010,Athletics,St. Louis Cardinals,6,2,669372,J.T. Ginn,669461,Matthew Liberatore,1,2529
2026-05-13,823952,Los Angeles Dodgers,San Francisco Giants,4,0,660271,Shohei Ohtani,592662,Robbie Ray,1,22
2026-05-14,823383,Pittsburgh Pirates,Colorado Rockies,7,2,682254,Mason Montgomery,801403,Chase Dollander,1,31
2026-05-14,824517,Cincinnati Reds,Washington Nationals,15,1,695505,Chase Burns,656492,Foster Griffin,1,2602
2026-05-14,823630,New York Mets,Detroit Tigers,9,4,690997,Nolan McLean,672456,Keider Montero,1,3289
2026-05-14,823709,Minnesota Twins,Miami Marlins,9,1,805673,Zebby Matthews,666129,Braxton Garrett,1,3312
2026-05-14,823789,Milwaukee Brewers,San Diego Padres,7,1,690986,Kyle Harrison,656288,Griffin Canning,1,32
2026-05-14,824196,Houston Astros,Seattle Mariners,3,8,681347,Mike Burrows,622491,Luis Castillo,1,2392
2026-05-14,825008,Athletics,St. Louis Cardinals,4,5,682052,Jacob Lopez,700241,Michael McGreevy,1,2529
2026-05-14,824762,Boston Red Sox,Philadelphia Phillies,1,3,624133,Ranger Suarez,666200,Jesús Luzardo,1,3
2026-05-14,824926,Atlanta Braves,Chicago Cubs,0,2,519242,Chris Sale,676962,Ben Brown,1,4705
2026-05-14,824602,Chicago White Sox,Kansas City Royals,6,2,641743,Anthony Kay,663460,Kris Bubic,1,4
2026-05-14,823950,Los Angeles Dodgers,San Francisco Giants,5,2,686218,Emmet Sheehan,694738,Landen Roupp,1,22
2026-05-15,823384,Pittsburgh Pirates,Philadelphia Phillies,9,11,677952,Braxton Ashcraft,605400,Aaron Nola,1,31
2026-05-15,822739,Washington Nationals,Baltimore Orioles,3,2,641793,Zack Littell,669358,Shane Baz,1,3309
2026-05-15,824280,Detroit Tigers,Toronto Blue Jays,3,2,669724,Brenan Hanifee,702056,Trey Yesavage,1,2394
2026-05-15,824439,Cleveland Guardians,Cincinnati Reds,6,7,676440,Tanner Bibee,671096,Andrew Abbott,1,5
2026-05-15,822983,Tampa Bay Rays,Miami Marlins,7,2,693855,Ian Seymour,676083,Janson Junk,1,12
2026-05-15,823707,Minnesota Twins,Milwaukee Brewers,2,3,657746,Joe Ryan,689441,Coleman Crow,1,3312
2026-05-15,824925,Atlanta Braves,Boston Red Sox,3,2,675911,Spencer Strider,813349,Connelly Early,1,4705
2026-05-15,823629,New York Mets,New York Yankees,2,5,605280,Clay Holmes,693645,Cam Schlittler,1,3289
2026-05-15,824601,Chicago White Sox,Chicago Cubs,5,10,680732,Sean Burke,665795,Edward Cabrera,1,4
2026-05-15,824194,Houston Astros,Texas Rangers,2,0,681293,Spencer Arrighetti,683004,Jack Leiter,1,2392
2026-05-15,823061,St. Louis Cardinals,Kansas City Royals,5,4,669160,Dustin May,608379,Michael Wacha,1,2889
2026-05-15,824360,Colorado Rockies,Arizona Diamondbacks,1,9,607536,Kyle Freeland,518876,Merrill Kelly,1,19
2026-05-15,824037,Los Angeles Angels,Los Angeles Dodgers,0,6,686799,Jack Kochanowicz,694361,Will Klein,1,1
2026-05-15,823140,Seattle Mariners,San Diego Padres,0,2,676106,Emerson Hancock,681190,Randy Vásquez,1,680
2026-05-15,825009,Athletics,San Francisco Giants,5,2,650644,Aaron Civale,641816,Tyler Mahle,1,2529
2026-05-16,824278,Detroit Tigers,Toronto Blue Jays,1,2,663554,Casey Mize,689254,Mason Fluharty,1,2394
2026-05-16,823060,St. Louis Cardinals,Kansas City Royals,4,2,681517,Kyle Leahy,702070,Noah Cameron,1,2889
2026-05-16,824359,Colorado Rockies,Arizona Diamondbacks,4,2,608372,Tomoyuki Sugano,593958,Eduardo Rodriguez,1,19
2026-05-16,822737,Washington Nationals,Baltimore Orioles,13,3,676917,Cade Cavalli,605135,Chris Bassitt,1,3309
2026-05-16,823382,Pittsburgh Pirates,Philadelphia Phillies,0,6,696149,Bubba Chandler,650911,Cristopher Sánchez,1,31
2026-05-16,822981,Tampa Bay Rays,Miami Marlins,5,10,607259,Nick Martinez,645261,Sandy Alcantara,1,12
2026-05-16,824435,Cleveland Guardians,Cincinnati Reds,7,4,676282,Joey Cantillo,663978,Chris Paddack,1,5
2026-05-16,824193,Houston Astros,Texas Rangers,4,1,678906,Kai-Wei Teng,594798,Jacob deGrom,1,2392
2026-05-16,824600,Chicago White Sox,Chicago Cubs,8,3,663436,Davis Martin,592791,Jameson Taillon,1,4
2026-05-16,823706,Minnesota Twins,Milwaukee Brewers,1,2,687570,Connor Prielipp,701656,Logan Henderson,1,3312
2026-05-16,823139,Seattle Mariners,San Diego Padres,4,7,669302,Logan Gilbert,621111,Walker Buehler,1,680
2026-05-16,824924,Atlanta Braves,Boston Red Sox,2,3,693821,Bryce Elder,801139,Payton Tolle,1,4705
2026-05-16,823627,New York Mets,New York Yankees,6,3,623211,Huascar Brazobán,607074,Carlos Rodón,1,3289
2026-05-16,824038,Los Angeles Angels,Los Angeles Dodgers,2,15,667755,José Soriano,680736,Justin Wrobleski,1,1
2026-05-16,825007,Athletics,San Francisco Giants,4,6,622663,Luis Severino,686790,Trevor McDonald,1,2529
2026-05-17,822982,Tampa Bay Rays,Miami Marlins,6,3,656876,Drew Rasmussen,691587,Eury Pérez,1,12
2026-05-17,822738,Washington Nationals,Baltimore Orioles,3,7,663992,Richard Lovelady,687064,Brandon Young,1,3309
2026-05-17,823381,Pittsburgh Pirates,Philadelphia Phillies,0,6,694973,Paul Skenes,554430,Zack Wheeler,1,31
2026-05-17,824923,Atlanta Braves,Boston Red Sox,8,1,656550,Grant Holmes,678394,Brayan Bello,1,4705
2026-05-17,824436,Cleveland Guardians,Cincinnati Reds,10,3,668909,Gavin Williams,663903,Brady Singer,1,5
2026-05-17,824279,Detroit Tigers,Toronto Blue Jays,1,4,656427,Jack Flaherty,592332,Kevin Gausman,1,2394
2026-05-17,823628,New York Mets,New York Yankees,7,6,642547,Freddy Peralta,695684,Elmer Rodríguez,1,3289
2026-05-17,824192,Houston Astros,Texas Rangers,0,8,663567,Peter Lambert,543135,Nathan Eovaldi,1,2392
2026-05-17,824599,Chicago White Sox,Chicago Cubs,9,8,607200,Erick Fedde,607067,Colin Rea,1,4
2026-05-17,823708,Minnesota Twins,Milwaukee Brewers,5,4,641927,Bailey Ober,688107,Robert Gasser,1,3312
2026-05-17,823058,St. Louis Cardinals,Kansas City Royals,0,2,669467,Andre Pallante,663568,Stephen Kolek,1,2889
2026-05-17,824358,Colorado Rockies,Arizona Diamondbacks,6,8,547179,Michael Lorenzen,647336,Michael Soroka,1,19
2026-05-17,825006,Athletics,San Francisco Giants,1,10,605488,Jeffrey Springs,605288,Adrian Houser,1,2529
2026-05-17,824034,Los Angeles Angels,Los Angeles Dodgers,1,10,680570,Grayson Rodriguez,808963,Roki Sasaki,1,1
2026-05-17,823138,Seattle Mariners,San Diego Padres,3,8,669923,George Kirby,608337,Lucas Giolito,1,680
2026-05-18,824277,Detroit Tigers,Cleveland Guardians,2,8,664285,Framber Valdez,677944,Slade Cecconi,1,2394
2026-05-18,822980,Tampa Bay Rays,Baltimore Orioles,16,6,663556,Shane McClanahan,669432,Trevor Rogers,1,12
2026-05-18,823465,Philadelphia Phillies,Cincinnati Reds,5,4,691725,Andrew Painter,666157,Nick Lodolo,1,2681
2026-05-18,823867,Miami Marlins,Atlanta Braves,12,0,676974,Max Meyer,702275,JR Ritchie,1,4169
2026-05-18,822734,Washington Nationals,New York Mets,7,16,663623,Jake Irvin,681035,Christian Scott,1,3309
2026-05-18,823549,New York Yankees,Toronto Blue Jays,7,6,677960,Ryan Weathers,571578,Patrick Corbin,1,3313
2026-05-18,824114,Kansas City Royals,Boston Red Sox,1,3,607625,Seth Lugo,543243,Sonny Gray,1,7
2026-05-18,823705,Minnesota Twins,Houston Astros,6,3,696070,Kendry Rojas,837227,Tatsuya Imai,1,3312
2026-05-18,824680,Chicago Cubs,Milwaukee Brewers,3,9,684007,Shota Imanaga,687075,Brandon Sproat,1,17
2026-05-18,824357,Colorado Rockies,Texas Rangers,7,6,500779,Jose Quintana,669022,MacKenzie Gore,1,19
2026-05-18,824035,Los Angeles Angels,Athletics,2,1,700712,Walbert Ureña,669372,J.T. Ginn,1,1
2026-05-18,823301,San Diego Padres,Los Angeles Dodgers,1,0,650633,Michael King,808967,Yoshinobu Yamamoto,1,2680
2026-05-18,825087,Arizona Diamondbacks,San Francisco Giants,12,2,668678,Zac Gallen,592662,Robbie Ray,1,15
2026-05-18,823137,Seattle Mariners,Chicago White Sox,6,1,693433,Bryan Woo,702273,Noah Schultz,1,680
2026-05-19,823865,Miami Marlins,Atlanta Braves,4,8,666129,Braxton Garrett,527048,Martín Pérez,1,4169
2026-05-19,824276,Detroit Tigers,Cleveland Guardians,3,4,672456,Keider Montero,800048,Parker Messick,1,2394
2026-05-19,822979,Tampa Bay Rays,Baltimore Orioles,4,1,643377,Griffin Jax,680694,Kyle Bradish,1,12
2026-05-19,823464,Philadelphia Phillies,Cincinnati Reds,1,4,666200,Jesús Luzardo,695505,Chase Burns,1,2681
2026-05-19,822736,Washington Nationals,New York Mets,9,6,656492,Foster Griffin,690997,Nolan McLean,1,3309
2026-05-19,823548,New York Yankees,Toronto Blue Jays,5,4,701542,Will Warren,656302,Dylan Cease,1,3313
2026-05-19,824112,Kansas City Royals,Boston Red Sox,1,7,663559,Bailey Falter,624133,Ranger Suarez,1,7
2026-05-19,823704,Minnesota Twins,Houston Astros,1,2,805673,Zebby Matthews,669920,Jason Alexander,1,3312
2026-05-19,824677,Chicago Cubs,Milwaukee Brewers,2,5,676962,Ben Brown,694819,Jacob Misiorowski,1,17
2026-05-19,823059,St. Louis Cardinals,Pittsburgh Pirates,9,6,669461,Matthew Liberatore,656605,Mitch Keller,1,2889
2026-05-19,824356,Colorado Rockies,Texas Rangers,0,10,671111,Sammy Peralta,641302,Tyler Alexander,1,19
2026-05-19,824033,Los Angeles Angels,Athletics,6,14,672282,Reid Detmers,682052,Jacob Lopez,1,1
2026-05-19,823302,San Diego Padres,Los Angeles Dodgers,4,5,656288,Griffin Canning,686218,Emmet Sheehan,1,2680
2026-05-19,825086,Arizona Diamondbacks,San Francisco Giants,5,3,669194,Ryne Nelson,694738,Landen Roupp,1,15
2026-05-19,823136,Seattle Mariners,Chicago White Sox,1,2,682243,Bryce Miller,641743,Anthony Kay,1,680
2026-05-20,823462,Philadelphia Phillies,Cincinnati Reds,4,9,605400,Aaron Nola,671096,Andrew Abbott,1,2681
2026-05-20,822977,Tampa Bay Rays,Baltimore Orioles,5,3,571927,Steven Matz,669358,Shane Baz,1,12
2026-05-20,823703,Minnesota Twins,Houston Astros,4,1,657746,Joe Ryan,681347,Mike Burrows,1,3312
2026-05-20,824355,Colorado Rockies,Texas Rangers,4,5,607536,Kyle Freeland,683004,Jack Leiter,1,19
2026-05-20,825084,Arizona Diamondbacks,San Francisco Giants,6,3,518876,Merrill Kelly,641816,Tyler Mahle,1,15
2026-05-20,823134,Seattle Mariners,Chicago White Sox,5,4,676106,Emerson Hancock,680732,Sean Burke,1,680
2026-05-20,824273,Detroit Tigers,Cleveland Guardians,2,3,,,676440,Tanner Bibee,1,2394
2026-05-20,823866,Miami Marlins,Atlanta Braves,1,9,676083,Janson Junk,519242,Chris Sale,1,4169
2026-05-20,822735,Washington Nationals,New York Mets,8,4,641793,Zack Littell,804267,Zac Thornton,1,3309
2026-05-20,823547,New York Yankees,Toronto Blue Jays,1,2,693645,Cam Schlittler,702056,Trey Yesavage,1,3313
2026-05-20,824111,Kansas City Royals,Boston Red Sox,3,4,608379,Michael Wacha,813349,Connelly Early,1,7
2026-05-20,824678,Chicago Cubs,Milwaukee Brewers,0,5,665795,Edward Cabrera,690986,Kyle Harrison,1,17
2026-05-20,823057,St. Louis Cardinals,Pittsburgh Pirates,0,7,700241,Michael McGreevy,669387,Carmen Mlodzinski,1,2889
2026-05-20,823299,San Diego Padres,Los Angeles Dodgers,0,4,681190,Randy Vásquez,660271,Shohei Ohtani,1,2680
2026-05-20,824032,Los Angeles Angels,Athletics,5,6,686799,Jack Kochanowicz,650644,Aaron Civale,1,1
2026-05-21,824274,Detroit Tigers,Cleveland Guardians,1,3,663554,Casey Mize,676282,Joey Cantillo,1,2394
2026-05-21,823056,St. Louis Cardinals,Pittsburgh Pirates,2,6,669160,Dustin May,677952,Braxton Ashcraft,1,2889
2026-05-21,822733,Washington Nationals,New York Mets,1,2,676917,Cade Cavalli,656849,David Peterson,1,3309
2026-05-21,823864,Miami Marlins,Atlanta Braves,3,9,645261,Sandy Alcantara,675911,Spencer Strider,1,4169
2026-05-21,823545,New York Yankees,Toronto Blue Jays,0,2,607074,Carlos Rodón,680755,Braydon Fisher,1,3313
2026-05-21,824031,Los Angeles Angels,Athletics,2,3,667755,José Soriano,622663,Luis Severino,1,1
2026-05-21,825083,Arizona Diamondbacks,Colorado Rockies,2,1,593958,Eduardo Rodriguez,688642,Zach Agnos,1,15
2026-05-22,824679,Chicago Cubs,Houston Astros,2,4,592791,Jameson Taillon,681293,Spencer Arrighetti,1,17
2026-05-22,823461,Philadelphia Phillies,Cleveland Guardians,0,1,650911,Cristopher Sánchez,668909,Gavin Williams,1,2681
2026-05-22,823546,New York Yankees,Tampa Bay Rays,2,4,543037,Gerrit Cole,607259,Nick Martinez,1,3313
2026-05-22,822816,Toronto Blue Jays,Pittsburgh Pirates,6,2,592332,Kevin Gausman,696149,Bubba Chandler,1,14
2026-05-22,824761,Boston Red Sox,Minnesota Twins,6,8,801139,Payton Tolle,687570,Connor Prielipp,1,3
2026-05-22,823863,Miami Marlins,New York Mets,2,1,691587,Eury Pérez,668964,Tobias Myers,1,4169
2026-05-22,824842,Baltimore Orioles,Detroit Tigers,7,4,669211,Keegan Akin,656427,Jack Flaherty,1,2
2026-05-22,824922,Atlanta Braves,Washington Nationals,5,4,693821,Bryce Elder,663992,Richard Lovelady,1,4705
2026-05-22,824110,Kansas City Royals,Seattle Mariners,0,2,702070,Noah Cameron,669302,Logan Gilbert,1,7
2026-05-22,823788,Milwaukee Brewers,Los Angeles Dodgers,5,1,701656,Logan Henderson,680736,Justin Wrobleski,1,32
2026-05-22,824029,Los Angeles Angels,Texas Rangers,9,6,680570,Grayson Rodriguez,594798,Jacob deGrom,1,1
2026-05-22,825082,Arizona Diamondbacks,Colorado Rockies,2,3,647336,Michael Soroka,608372,Tomoyuki Sugano,1,15
2026-05-22,823298,San Diego Padres,Athletics,7,3,621111,Walker Buehler,605488,Jeffrey Springs,1,2680
2026-05-22,823223,San Francisco Giants,Chicago White Sox,4,9,686790,Trevor McDonald,663436,Davis Martin,1,2395
2026-05-23,824518,Cincinnati Reds,St. Louis Cardinals,1,8,663978,Chris Paddack,669467,Andre Pallante,1,2602
2026-05-23,824516,Cincinnati Reds,St. Louis Cardinals,7,6,695534,Chase Petty,681517,Kyle Leahy,2,2602
2026-05-23,824674,Chicago Cubs,Houston Astros,0,3,607067,Colin Rea,678906,Kai-Wei Teng,1,17
2026-05-23,822814,Toronto Blue Jays,Pittsburgh Pirates,5,2,571578,Patrick Corbin,694973,Paul Skenes,1,14
2026-05-23,823458,Philadelphia Phillies,Cleveland Guardians,3,0,554430,Zack Wheeler,677944,Slade Cecconi,1,2681
2026-05-23,823222,San Francisco Giants,Chicago White Sox,10,3,605288,Adrian Houser,663542,Bryan Hudson,1,2395
2026-05-23,824109,Kansas City Royals,Seattle Mariners,5,0,663568,Stephen Kolek,669923,George Kirby,1,7
2026-05-23,824760,Boston Red Sox,Minnesota Twins,2,4,663558,Jovani Morán,671737,Taj Bradley,1,3
2026-05-23,824920,Atlanta Braves,Washington Nationals,0,2,656550,Grant Holmes,663623,Jake Irvin,1,4705
2026-05-23,823862,Miami Marlins,New York Mets,4,1,676974,Max Meyer,642547,Freddy Peralta,1,4169
2026-05-23,823787,Milwaukee Brewers,Los Angeles Dodgers,3,11,688107,Robert Gasser,808963,Roki Sasaki,1,32
2026-05-23,823300,San Diego Padres,Athletics,2,0,608337,Lucas Giolito,669372,J.T. Ginn,1,2680
2026-05-23,824030,Los Angeles Angels,Texas Rangers,5,2,700712,Walbert Ureña,543135,Nathan Eovaldi,1,1
2026-05-23,825080,Arizona Diamondbacks,Colorado Rockies,5,4,668678,Zac Gallen,547179,Michael Lorenzen,1,15
2026-05-24,822813,Toronto Blue Jays,Pittsburgh Pirates,1,4,656302,Dylan Cease,656605,Mitch Keller,1,14
2026-05-24,824839,Baltimore Orioles,Detroit Tigers,5,3,687064,Brandon Young,664285,Framber Valdez,1,2
2026-05-24,824840,Baltimore Orioles,Detroit Tigers,1,4,669432,Trevor Rogers,675512,Troy Melton,2,2
2026-05-24,824759,Boston Red Sox,Minnesota Twins,5,6,543243,Sonny Gray,641927,Bailey Ober,1,3
2026-05-24,823459,Philadelphia Phillies,Cleveland Guardians,1,3,691725,Andrew Painter,800048,Parker Messick,1,2681
2026-05-24,823544,New York Yankees,Tampa Bay Rays,2,0,677960,Ryan Weathers,656876,Drew Rasmussen,1,3313
2026-05-24,823861,Miami Marlins,New York Mets,4,0,663969,Tyler Phillips,681035,Christian Scott,1,4169
2026-05-24,824108,Kansas City Royals,Seattle Mariners,8,6,607625,Seth Lugo,693433,Bryan Woo,1,7
2026-05-24,823786,Milwaukee Brewers,Los Angeles Dodgers,1,5,687075,Brandon Sproat,808967,Yoshinobu Yamamoto,1,32
2026-05-24,824676,Chicago Cubs,Houston Astros,5,8,684007,Shota Imanaga,663567,Peter Lambert,1,17
2026-05-24,823220,San Francisco Giants,Chicago White Sox,8,5,592662,Robbie Ray,702273,Noah Schultz,1,2395
2026-05-24,825081,Arizona Diamondbacks,Colorado Rockies,9,1,669194,Ryne Nelson,500779,Jose Quintana,1,15
2026-05-24,823297,San Diego Padres,Athletics,2,5,650633,Michael King,665622,Luis Medina,1,2680
2026-05-24,824921,Atlanta Braves,Washington Nationals,1,2,527048,Martín Pérez,656492,Foster Griffin,1,4705
2026-05-24,824028,Los Angeles Angels,Texas Rangers,2,1,672282,Reid Detmers,669022,MacKenzie Gore,1,1
2026-05-25,823380,Pittsburgh Pirates,Chicago Cubs,2,1,669387,Carmen Mlodzinski,676962,Ben Brown,1,31
2026-05-25,824838,Baltimore Orioles,Tampa Bay Rays,9,7,680694,Kyle Bradish,663556,Shane McClanahan,1,2
2026-05-25,824598,Chicago White Sox,Minnesota Twins,3,1,641743,Anthony Kay,805673,Zebby Matthews,1,4
2026-05-25,823784,Milwaukee Brewers,St. Louis Cardinals,5,1,694819,Jacob Misiorowski,669461,Matthew Liberatore,1,32
2026-05-25,824107,Kansas City Royals,New York Yankees,3,4,608379,Michael Wacha,701542,Will Warren,1,7
2026-05-25,823625,New York Mets,Cincinnati Reds,2,7,690997,Nolan McLean,666157,Nick Lodolo,1,3289
2026-05-25,823219,San Francisco Giants,Arizona Diamondbacks,2,6,694738,Landen Roupp,518876,Merrill Kelly,1,2395
2026-05-25,824437,Cleveland Guardians,Washington Nationals,2,10,676440,Tanner Bibee,676571,PJ Poulin,1,5
2026-05-25,823296,San Diego Padres,Philadelphia Phillies,0,3,656288,Griffin Canning,666200,Jesús Luzardo,1,2680
2026-05-25,822899,Texas Rangers,Houston Astros,0,9,677958,Kumar Rocker,837227,Tatsuya Imai,1,5325
2026-05-25,822812,Toronto Blue Jays,Miami Marlins,2,8,702056,Trey Yesavage,676083,Janson Junk,1,14
2026-05-25,823948,Los Angeles Dodgers,Colorado Rockies,5,3,686218,Emmet Sheehan,685299,Tanner Gordon,1,22
2026-05-25,825005,Athletics,Seattle Mariners,2,9,650644,Aaron Civale,622491,Luis Castillo,1,2529
2026-05-26,824434,Cleveland Guardians,Washington Nationals,3,6,676282,Joey Cantillo,676917,Cade Cavalli,1,5
2026-05-26,824837,Baltimore Orioles,Tampa Bay Rays,6,1,669358,Shane Baz,643377,Griffin Jax,1,2
2026-05-26,824275,Detroit Tigers,Los Angeles Angels,6,10,672456,Keider Montero,686799,Jack Kochanowicz,1,2394
2026-05-26,823379,Pittsburgh Pirates,Chicago Cubs,12,1,656605,Mitch Keller,696136,Jordan Wicks,1,31
2026-05-26,824758,Boston Red Sox,Atlanta Braves,6,7,624133,Ranger Suarez,675911,Spencer Strider,1,3
2026-05-26,822811,Toronto Blue Jays,Miami Marlins,8,1,680755,Braydon Fisher,645261,Sandy Alcantara,1,14
2026-05-26,823624,New York Mets,Cincinnati Reds,2,7,656849,David Peterson,695505,Chase Burns,1,3289
2026-05-26,824597,Chicago White Sox,Minnesota Twins,3,5,680732,Sean Burke,657746,Joe Ryan,1,4
2026-05-26,824106,Kansas City Royals,New York Yankees,1,15,663559,Bailey Falter,693645,Cam Schlittler,1,7
2026-05-26,823785,Milwaukee Brewers,St. Louis Cardinals,6,0,690986,Kyle Harrison,700241,Michael McGreevy,1,32
2026-05-26,822898,Texas Rangers,Houston Astros,10,7,683004,Jack Leiter,669920,Jason Alexander,1,5325
2026-05-26,825004,Athletics,Seattle Mariners,1,4,695611,Gage Jump,676106,Emerson Hancock,1,2529
2026-05-26,823294,San Diego Padres,Philadelphia Phillies,3,4,681190,Randy Vásquez,605400,Aaron Nola,1,2680
2026-05-26,823216,San Francisco Giants,Arizona Diamondbacks,5,7,641816,Tyler Mahle,593958,Eduardo Rodriguez,1,2395
2026-05-26,823949,Los Angeles Dodgers,Colorado Rockies,15,6,641778,Eric Lauer,607536,Kyle Freeland,1,22
2026-05-27,822809,Toronto Blue Jays,Miami Marlins,2,1,592332,Kevin Gausman,691587,Eury Pérez,1,14
2026-05-27,824432,Cleveland Guardians,Washington Nationals,3,2,668909,Gavin Williams,676571,PJ Poulin,1,5
2026-05-27,823783,Milwaukee Brewers,St. Louis Cardinals,2,1,694477,Chad Patrick,669160,Dustin May,1,32
2026-05-27,825003,Athletics,Seattle Mariners,1,9,605488,Jeffrey Springs,669302,Logan Gilbert,1,2529
2026-05-27,823217,San Francisco Giants,Arizona Diamondbacks,2,3,686790,Trevor McDonald,647336,Michael Soroka,1,2395
2026-05-27,823295,San Diego Padres,Philadelphia Phillies,0,3,621111,Walker Buehler,650911,Cristopher Sánchez,1,2680
2026-05-27,824836,Baltimore Orioles,Tampa Bay Rays,11,2,694346,Trey Gibson,571927,Steven Matz,1,2
2026-05-27,824270,Detroit Tigers,Los Angeles Angels,4,0,663554,Casey Mize,667755,José Soriano,1,2394
2026-05-27,823376,Pittsburgh Pirates,Chicago Cubs,4,10,677952,Braxton Ashcraft,592791,Jameson Taillon,1,31
2026-05-27,824756,Boston Red Sox,Atlanta Braves,8,0,813349,Connelly Early,693821,Bryce Elder,1,3
2026-05-27,823626,New York Mets,Cincinnati Reds,4,2,623211,Huascar Brazobán,671096,Andrew Abbott,1,3289
2026-05-27,824596,Chicago White Sox,Minnesota Twins,15,2,689818,David Sandlin,687570,Connor Prielipp,1,4
2026-05-27,824104,Kansas City Royals,New York Yankees,0,7,702070,Noah Cameron,543037,Gerrit Cole,1,7
2026-05-27,822897,Texas Rangers,Houston Astros,3,4,594798,Jacob deGrom,681347,Mike Burrows,1,5325
2026-05-27,823947,Los Angeles Dodgers,Colorado Rockies,4,1,660271,Shohei Ohtani,608372,Tomoyuki Sugano,1,22
2026-05-28,824272,Detroit Tigers,Los Angeles Angels,1,7,656427,Jack Flaherty,680570,Grayson Rodriguez,1,2394
2026-05-28,824595,Chicago White Sox,Minnesota Twins,6,2,663436,Davis Martin,680573,Simeon Woods Richardson,1,4
2026-05-28,824757,Boston Red Sox,Atlanta Braves,2,10,801139,Payton Tolle,519242,Chris Sale,1,3
2026-05-28,824834,Baltimore Orioles,Toronto Blue Jays,1,2,605135,Chris Bassitt,571578,Patrick Corbin,1,2
2026-05-28,823378,Pittsburgh Pirates,Chicago Cubs,2,7,694973,Paul Skenes,607067,Colin Rea,1,31
2026-05-28,822896,Texas Rangers,Houston Astros,1,5,543135,Nathan Eovaldi,681293,Spencer Arrighetti,1,5325
2026-05-29,824515,Cincinnati Reds,Atlanta Braves,3,8,663978,Chris Paddack,656550,Grant Holmes,1,2602
2026-05-29,822732,Washington Nationals,San Diego Padres,5,7,687606,Paxton Schultz,608337,Lucas Giolito,1,3309
2026-05-29,823377,Pittsburgh Pirates,Minnesota Twins,6,5,683003,Jared Jones,671737,Taj Bradley,1,31
2026-05-29,824835,Baltimore Orioles,Toronto Blue Jays,5,6,669432,Trevor Rogers,671936,Adam Macko,1,2
2026-05-29,824433,Cleveland Guardians,Boston Red Sox,4,3,677944,Slade Cecconi,701719,Tyler Samaniego,1,5
2026-05-29,822978,Tampa Bay Rays,Los Angeles Angels,8,5,607259,Nick Martinez,700712,Walbert Ureña,1,12
2026-05-29,823623,New York Mets,Miami Marlins,9,7,642547,Freddy Peralta,676974,Max Meyer,1,3289
2026-05-29,823055,St. Louis Cardinals,Chicago Cubs,6,5,669467,Andre Pallante,684007,Shota Imanaga,1,2889
2026-05-29,824594,Chicago White Sox,Detroit Tigers,4,3,607200,Erick Fedde,675512,Troy Melton,1,4
2026-05-29,822894,Texas Rangers,Kansas City Royals,9,1,669022,MacKenzie Gore,663568,Stephen Kolek,1,5325
2026-05-29,824191,Houston Astros,Milwaukee Brewers,4,5,678906,Kai-Wei Teng,689441,Coleman Crow,1,2392
2026-05-29,824353,Colorado Rockies,San Francisco Giants,8,6,547179,Michael Lorenzen,657277,Logan Webb,1,19
2026-05-29,825002,Athletics,New York Yankees,2,8,622663,Luis Severino,607074,Carlos Rodón,1,2529
2026-05-29,823135,Seattle Mariners,Arizona Diamondbacks,7,6,669923,George Kirby,668678,Zac Gallen,1,680
2026-05-29,823946,Los Angeles Dodgers,Philadelphia Phillies,4,2,680736,Justin Wrobleski,554430,Zack Wheeler,1,22
2026-05-30,824593,Chicago White Sox,Detroit Tigers,7,1,641743,Anthony Kay,664285,Framber Valdez,1,4
2026-05-30,822731,Washington Nationals,San Diego Padres,9,4,656492,Foster Griffin,650633,Michael King,1,3309
2026-05-30,822893,Texas Rangers,Kansas City Royals,7,6,677958,Kumar Rocker,607625,Seth Lugo,1,5325
2026-05-30,824833,Baltimore Orioles,Toronto Blue Jays,6,5,687064,Brandon Young,702056,Trey Yesavage,1,2
2026-05-30,823375,Pittsburgh Pirates,Minnesota Twins,10,9,656605,Mitch Keller,641927,Bailey Ober,1,31
2026-05-30,824431,Cleveland Guardians,Boston Red Sox,1,9,800048,Parker Messick,543243,Sonny Gray,1,5
2026-05-30,822975,Tampa Bay Rays,Los Angeles Angels,3,14,656876,Drew Rasmussen,672282,Reid Detmers,1,12
2026-05-30,823622,New York Mets,Miami Marlins,6,1,681035,Christian Scott,663969,Tyler Phillips,1,3289
2026-05-30,824190,Houston Astros,Milwaukee Brewers,9,2,663567,Peter Lambert,687075,Brandon Sproat,1,2392
2026-05-30,823054,St. Louis Cardinals,Chicago Cubs,1,6,681517,Kyle Leahy,676962,Ben Brown,1,2889
2026-05-30,824513,Cincinnati Reds,Atlanta Braves,2,5,663903,Brady Singer,527048,Martín Pérez,1,2602
2026-05-30,824352,Colorado Rockies,San Francisco Giants,8,3,663372,Ryan Feltner,605288,Adrian Houser,1,19
2026-05-30,825000,Athletics,New York Yankees,6,4,669372,J.T. Ginn,677960,Ryan Weathers,1,2529
2026-05-30,823132,Seattle Mariners,Arizona Diamondbacks,5,1,693433,Bryan Woo,669194,Ryne Nelson,1,680
2026-05-30,823945,Los Angeles Dodgers,Philadelphia Phillies,3,4,808963,Roki Sasaki,666200,Jesús Luzardo,1,22
2026-05-31,824832,Baltimore Orioles,Toronto Blue Jays,9,5,680694,Kyle Bradish,693686,Spencer Miles,1,2
2026-05-31,822729,Washington Nationals,San Diego Padres,4,2,641793,Zack Littell,656288,Griffin Canning,1,3309
2026-05-31,823373,Pittsburgh Pirates,Minnesota Twins,9,3,677952,Braxton Ashcraft,805673,Zebby Matthews,1,31
2026-05-31,824430,Cleveland Guardians,Boston Red Sox,4,9,676440,Tanner Bibee,624133,Ranger Suarez,1,5
2026-05-31,822976,Tampa Bay Rays,Los Angeles Angels,5,2,663556,Shane McClanahan,686799,Jack Kochanowicz,1,12
2026-05-31,824512,Cincinnati Reds,Atlanta Braves,6,4,666157,Nick Lodolo,675911,Spencer Strider,1,2602
2026-05-31,823621,New York Mets,Miami Marlins,10,1,690997,Nolan McLean,667463,John King,1,3289
2026-05-31,824592,Chicago White Sox,Detroit Tigers,2,1,680732,Sean Burke,672456,Keider Montero,1,4
2026-05-31,824187,Houston Astros,Milwaukee Brewers,0,2,837227,Tatsuya Imai,694819,Jacob Misiorowski,1,2392
2026-05-31,822895,Texas Rangers,Kansas City Royals,6,3,683004,Jack Leiter,608379,Michael Wacha,1,5325
2026-05-31,824354,Colorado Rockies,San Francisco Giants,6,19,685299,Tanner Gordon,592662,Robbie Ray,1,19
2026-05-31,825001,Athletics,New York Yankees,8,13,682052,Jacob Lopez,701542,Will Warren,1,2529
2026-05-31,823133,Seattle Mariners,Arizona Diamondbacks,3,2,682243,Bryce Miller,518876,Merrill Kelly,1,680
2026-05-31,823944,Los Angeles Dodgers,Philadelphia Phillies,9,1,808967,Yoshinobu Yamamoto,691725,Andrew Painter,1,22
2026-05-31,823053,St. Louis Cardinals,Chicago Cubs,5,1,669461,Matthew Liberatore,696136,Jordan Wicks,1,2889
2026-06-01,822974,Tampa Bay Rays,Detroit Tigers,9,10,643377,Griffin Jax,680744,Ty Madden,1,12
2026-06-01,822730,Washington Nationals,Miami Marlins,3,7,676917,Cade Cavalli,645261,Sandy Alcantara,1,3309
2026-06-01,824510,Cincinnati Reds,Kansas City Royals,2,9,680689,Lyon Richardson,679883,Luinder Avila,1,2602
2026-06-01,823702,Minnesota Twins,Chicago White Sox,9,6,657746,Joe Ryan,689818,David Sandlin,1,3312
2026-06-01,823781,Milwaukee Brewers,San Francisco Giants,16,2,675660,Shane Drohan,694738,Landen Roupp,1,32
2026-06-01,823050,St. Louis Cardinals,Texas Rangers,1,2,700241,Michael McGreevy,594798,Jacob deGrom,1,2889
2026-06-01,824027,Los Angeles Angels,Colorado Rockies,8,9,667755,José Soriano,607536,Kyle Freeland,1,1
2026-06-01,825078,Arizona Diamondbacks,Los Angeles Dodgers,4,1,593958,Eduardo Rodriguez,686218,Emmet Sheehan,1,15
2026-06-01,823131,Seattle Mariners,New York Mets,3,2,676106,Emerson Hancock,681810,Austin Warren,1,680
2026-06-02,822971,Tampa Bay Rays,Detroit Tigers,0,8,571927,Steven Matz,656427,Jack Flaherty,1,12
2026-06-02,823460,Philadelphia Phillies,San Diego Padres,3,2,605400,Aaron Nola,681190,Randy Vásquez,1,2681
2026-06-02,824754,Boston Red Sox,Baltimore Orioles,2,4,813349,Connelly Early,669358,Shane Baz,1,3
2026-06-02,822728,Washington Nationals,Miami Marlins,3,7,663992,Richard Lovelady,669199,Lake Bachar,1,3309
2026-06-02,823541,New York Yankees,Cleveland Guardians,4,9,693645,Cam Schlittler,676282,Joey Cantillo,1,3313
2026-06-02,824511,Cincinnati Reds,Kansas City Royals,4,3,671096,Andrew Abbott,702070,Noah Cameron,1,2602
2026-06-02,824918,Atlanta Braves,Toronto Blue Jays,4,3,693821,Bryce Elder,592332,Kevin Gausman,1,4705
2026-06-02,823700,Minnesota Twins,Chicago White Sox,6,4,687570,Connor Prielipp,663436,Davis Martin,1,3312
2026-06-02,823782,Milwaukee Brewers,San Francisco Giants,8,3,690986,Kyle Harrison,686790,Trevor McDonald,1,32
2026-06-02,823052,St. Louis Cardinals,Texas Rangers,4,7,669160,Dustin May,543135,Nathan Eovaldi,1,2889
2026-06-02,824675,Chicago Cubs,Athletics,1,2,592791,Jameson Taillon,695611,Gage Jump,1,17
2026-06-02,824189,Houston Astros,Pittsburgh Pirates,6,10,681347,Mike Burrows,696149,Bubba Chandler,1,2392
2026-06-02,824026,Los Angeles Angels,Colorado Rockies,2,8,680570,Grayson Rodriguez,608372,Tomoyuki Sugano,1,1
2026-06-02,825079,Arizona Diamondbacks,Los Angeles Dodgers,5,6,647336,Michael Soroka,641778,Eric Lauer,1,15
2026-06-02,823129,Seattle Mariners,New York Mets,8,3,669302,Logan Gilbert,623211,Huascar Brazobán,1,680
2026-06-03,822727,Washington Nationals,Miami Marlins,1,4,674841,Andrew Alvarez,676974,Max Meyer,1,3309
2026-06-03,822973,Tampa Bay Rays,Detroit Tigers,2,7,607259,Nick Martinez,675512,Troy Melton,1,12
2026-06-03,823701,Minnesota Twins,Chicago White Sox,0,8,671737,Taj Bradley,607200,Erick Fedde,1,3312
2026-06-03,823130,Seattle Mariners,New York Mets,1,7,669923,George Kirby,642547,Freddy Peralta,1,680
2026-06-03,823456,Philadelphia Phillies,San Diego Padres,3,2,650911,Cristopher Sánchez,621111,Walker Buehler,1,2681
2026-06-03,824755,Boston Red Sox,Baltimore Orioles,8,1,801139,Payton Tolle,605135,Chris Bassitt,1,3
2026-06-03,823540,New York Yankees,Cleveland Guardians,4,5,543037,Gerrit Cole,668909,Gavin Williams,1,3313
2026-06-03,824509,Cincinnati Reds,Kansas City Royals,2,5,695505,Chase Burns,663568,Stephen Kolek,1,2602
2026-06-03,824917,Atlanta Braves,Toronto Blue Jays,7,3,656550,Grant Holmes,571578,Patrick Corbin,1,4705
2026-06-03,823780,Milwaukee Brewers,San Francisco Giants,0,1,688107,Robert Gasser,657277,Logan Webb,1,32
2026-06-03,823051,St. Louis Cardinals,Texas Rangers,5,3,669467,Andre Pallante,669022,MacKenzie Gore,1,2889
2026-06-03,824671,Chicago Cubs,Athletics,4,5,607067,Colin Rea,605488,Jeffrey Springs,1,17
2026-06-03,824188,Houston Astros,Pittsburgh Pirates,11,9,681293,Spencer Arrighetti,694973,Paul Skenes,1,2392
2026-06-03,824024,Los Angeles Angels,Colorado Rockies,11,4,700712,Walbert Ureña,547179,Michael Lorenzen,1,1
2026-06-03,825077,Arizona Diamondbacks,Los Angeles Dodgers,0,7,668678,Zac Gallen,660271,Shohei Ohtani,1,15
2026-06-04,823457,Philadelphia Phillies,San Diego Padres,6,4,554430,Zack Wheeler,608337,Lucas Giolito,1,2681
2026-06-04,824753,Boston Red Sox,Baltimore Orioles,2,8,678394,Brayan Bello,669432,Trevor Rogers,1,3
2026-06-04,823542,New York Yankees,Cleveland Guardians,2,1,607074,Carlos Rodón,677944,Slade Cecconi,1,3313
2026-06-04,823779,Milwaukee Brewers,San Francisco Giants,9,12,689441,Coleman Crow,605288,Adrian Houser,1,32
2026-06-04,824919,Atlanta Braves,Toronto Blue Jays,2,7,519242,Chris Sale,689254,Mason Fluharty,1,4705
2026-06-04,823698,Minnesota Twins,Kansas City Royals,6,8,702193,Andrew Morris,607625,Seth Lugo,1,3312
2026-06-04,824672,Chicago Cubs,Athletics,7,6,684007,Shota Imanaga,669372,J.T. Ginn,1,17
2026-06-04,824185,Houston Astros,Pittsburgh Pirates,1,5,678906,Kai-Wei Teng,683003,Jared Jones,1,2392
2026-06-04,825076,Arizona Diamondbacks,Los Angeles Dodgers,3,2,669194,Ryne Nelson,680736,Justin Wrobleski,1,15
2026-06-05,824673,Chicago Cubs,San Francisco Giants,3,18,665795,Edward Cabrera,592662,Robbie Ray,1,17
2026-06-05,824271,Detroit Tigers,Seattle Mariners,7,3,664285,Framber Valdez,693433,Bryan Woo,1,2394
2026-06-05,823455,Philadelphia Phillies,Chicago White Sox,8,6,666200,Jesús Luzardo,641743,Anthony Kay,1,2681
2026-06-05,823538,New York Yankees,Boston Red Sox,3,5,677960,Ryan Weathers,543243,Sonny Gray,1,3313
2026-06-05,822810,Toronto Blue Jays,Baltimore Orioles,3,13,702056,Trey Yesavage,687064,Brandon Young,1,14
2026-06-05,823860,Miami Marlins,Tampa Bay Rays,0,6,687473,Ryan Gusto,656876,Drew Rasmussen,1,4169
2026-06-05,824914,Atlanta Braves,Pittsburgh Pirates,6,3,527048,Martín Pérez,656605,Mitch Keller,1,4705
2026-06-05,824186,Houston Astros,Athletics,5,1,663567,Peter Lambert,678022,Jack Perkins,1,2392
2026-06-05,823049,St. Louis Cardinals,Cincinnati Reds,10,3,681517,Kyle Leahy,663903,Brady Singer,1,2889
2026-06-05,822892,Texas Rangers,Cleveland Guardians,3,2,677958,Kumar Rocker,800048,Parker Messick,1,5325
2026-06-05,823699,Minnesota Twins,Kansas City Royals,5,3,805673,Zebby Matthews,608379,Michael Wacha,1,3312
2026-06-05,824350,Colorado Rockies,Milwaukee Brewers,7,9,663372,Ryan Feltner,687075,Brandon Sproat,1,19
2026-06-05,825073,Arizona Diamondbacks,Washington Nationals,1,14,518876,Merrill Kelly,656492,Foster Griffin,1,15
2026-06-05,823293,San Diego Padres,New York Mets,0,5,650633,Michael King,681035,Christian Scott,1,2680
2026-06-05,823943,Los Angeles Dodgers,Los Angeles Angels,1,0,808963,Roki Sasaki,672282,Reid Detmers,1,22
2026-06-06,824269,Detroit Tigers,Seattle Mariners,0,4,672456,Keider Montero,682243,Bryce Miller,1,2394
2026-06-06,823697,Minnesota Twins,Kansas City Royals,2,3,657746,Joe Ryan,679883,Luinder Avila,1,3312
2026-06-06,823048,St. Louis Cardinals,Cincinnati Reds,6,5,669461,Matthew Liberatore,666157,Nick Lodolo,1,2889
2026-06-06,824669,Chicago Cubs,San Francisco Giants,3,2,676962,Ben Brown,694738,Landen Roupp,1,17
2026-06-06,822808,Toronto Blue Jays,Baltimore Orioles,6,4,680755,Braydon Fisher,680694,Kyle Bradish,1,14
2026-06-06,823454,Philadelphia Phillies,Chicago White Sox,3,6,691725,Andrew Painter,685126,Brandon Eisert,1,2681
2026-06-06,825075,Arizona Diamondbacks,Washington Nationals,1,6,593958,Eduardo Rodriguez,641793,Zack Littell,1,15
2026-06-06,824184,Houston Astros,Athletics,13,2,837227,Tatsuya Imai,695034,Kade Morris,1,2392
2026-06-06,824915,Atlanta Braves,Pittsburgh Pirates,6,3,675911,Spencer Strider,677952,Braxton Ashcraft,1,4705
2026-06-06,823859,Miami Marlins,Tampa Bay Rays,4,3,669199,Lake Bachar,663556,Shane McClanahan,1,4169
2026-06-06,822891,Texas Rangers,Cleveland Guardians,0,6,683004,Jack Leiter,676440,Tanner Bibee,1,5325
2026-06-06,824351,Colorado Rockies,Milwaukee Brewers,1,7,688642,Zach Agnos,694819,Jacob Misiorowski,1,19
2026-06-06,823942,Los Angeles Dodgers,Los Angeles Angels,9,2,808967,Yoshinobu Yamamoto,686799,Jack Kochanowicz,1,22
2026-06-06,823292,San Diego Padres,New York Mets,3,2,656288,Griffin Canning,690997,Nolan McLean,1,2680
2026-06-07,824916,Atlanta Braves,Pittsburgh Pirates,3,2,693821,Bryce Elder,682254,Mason Montgomery,1,4705
2026-06-07,823453,Philadelphia Phillies,Chicago White Sox,9,5,605400,Aaron Nola,656457,Tyler Gilbert,1,2681
2026-06-07,823537,New York Yankees,Boston Red Sox,6,1,693645,Cam Schlittler,624133,Ranger Suarez,1,3313
2026-06-07,822807,Toronto Blue Jays,Baltimore Orioles,6,4,592332,Kevin Gausman,669358,Shane Baz,1,14
2026-06-07,824268,Detroit Tigers,Seattle Mariners,5,4,656427,Jack Flaherty,622491,Luis Castillo,1,2394
2026-06-07,823857,Miami Marlins,Tampa Bay Rays,4,1,645261,Sandy Alcantara,643377,Griffin Jax,1,4169
2026-06-07,824183,Houston Astros,Athletics,0,5,681347,Mike Burrows,695611,Gage Jump,1,2392
2026-06-07,823696,Minnesota Twins,Kansas City Royals,5,6,687570,Connor Prielipp,702070,Noah Cameron,1,3312
2026-06-07,823047,St. Louis Cardinals,Cincinnati Reds,5,3,700241,Michael McGreevy,695076,Rhett Lowder,1,2889
2026-06-07,822890,Texas Rangers,Cleveland Guardians,10,0,594798,Jacob deGrom,676282,Joey Cantillo,1,5325
2026-06-07,824349,Colorado Rockies,Milwaukee Brewers,4,12,607536,Kyle Freeland,675660,Shane Drohan,1,19
2026-06-07,825074,Arizona Diamondbacks,Washington Nationals,5,1,647336,Michael Soroka,676917,Cade Cavalli,1,15
2026-06-07,823941,Los Angeles Dodgers,Los Angeles Angels,5,13,686218,Emmet Sheehan,667755,José Soriano,1,22
2026-06-07,823291,San Diego Padres,New York Mets,3,7,681190,Randy Vásquez,623211,Huascar Brazobán,1,2680
2026-06-07,824670,Chicago Cubs,San Francisco Giants,1,2,592791,Jameson Taillon,686790,Trevor McDonald,1,17
2026-06-08,824829,Baltimore Orioles,Seattle Mariners,3,6,694346,Trey Gibson,676106,Emerson Hancock,1,2
2026-06-08,822972,Tampa Bay Rays,Boston Red Sox,3,1,693855,Ian Seymour,813349,Connelly Early,1,12
2026-06-08,824427,Cleveland Guardians,New York Yankees,5,7,668909,Gavin Williams,701542,Will Warren,1,5
2026-06-08,822806,Toronto Blue Jays,Philadelphia Phillies,2,5,571578,Patrick Corbin,650911,Cristopher Sánchez,1,14
2026-06-08,824025,Los Angeles Angels,Houston Astros,4,5,680570,Grayson Rodriguez,681293,Spencer Arrighetti,1,1
2026-06-08,823289,San Diego Padres,Cincinnati Reds,6,2,621111,Walker Buehler,671096,Andrew Abbott,1,2680
2026-06-08,823218,San Francisco Giants,Washington Nationals,3,4,657277,Logan Webb,663992,Richard Lovelady,1,2395
2026-06-08,824998,Athletics,Milwaukee Brewers,14,15,605488,Jeffrey Springs,690986,Kyle Harrison,1,5355
2026-06-09,824830,Baltimore Orioles,Seattle Mariners,5,6,669432,Trevor Rogers,669302,Logan Gilbert,1,2
2026-06-09,823374,Pittsburgh Pirates,Los Angeles Dodgers,3,12,694973,Paul Skenes,641778,Eric Lauer,1,31
2026-06-09,822969,Tampa Bay Rays,Boston Red Sox,4,3,607259,Nick Martinez,801139,Payton Tolle,1,12
2026-06-09,824267,Detroit Tigers,Minnesota Twins,10,4,675512,Troy Melton,671737,Taj Bradley,1,2394
2026-06-09,823858,Miami Marlins,Arizona Diamondbacks,10,6,676974,Max Meyer,668678,Zac Gallen,1,4169
2026-06-09,824429,Cleveland Guardians,New York Yankees,2,3,677944,Slade Cecconi,543037,Gerrit Cole,1,5
2026-06-09,822805,Toronto Blue Jays,Philadelphia Phillies,3,2,656302,Dylan Cease,554430,Zack Wheeler,1,14
2026-06-09,823620,New York Mets,St. Louis Cardinals,0,7,642547,Freddy Peralta,669160,Dustin May,1,3289
2026-06-09,824105,Kansas City Royals,Texas Rangers,5,3,663568,Stephen Kolek,543135,Nathan Eovaldi,1,7
2026-06-09,824591,Chicago White Sox,Atlanta Braves,6,5,685126,Brandon Eisert,656550,Grant Holmes,1,4
2026-06-09,824347,Colorado Rockies,Chicago Cubs,7,3,608372,Tomoyuki Sugano,607067,Colin Rea,1,19
2026-06-09,824023,Los Angeles Angels,Houston Astros,10,1,700712,Walbert Ureña,678906,Kai-Wei Teng,1,1
2026-06-09,823290,San Diego Padres,Cincinnati Reds,3,5,608337,Lucas Giolito,695505,Chase Burns,1,2680
2026-06-09,823214,San Francisco Giants,Washington Nationals,3,6,605288,Adrian Houser,674841,Andrew Alvarez,1,2395
2026-06-09,824999,Athletics,Milwaukee Brewers,7,5,669372,J.T. Ginn,688107,Robert Gasser,1,5355
2026-06-10,822970,Tampa Bay Rays,Boston Red Sox,7,5,656876,Drew Rasmussen,687562,Jake Bennett,1,12
2026-06-10,824428,Cleveland Guardians,New York Yankees,4,8,800048,Parker Messick,607074,Carlos Rodón,1,5
2026-06-10,823215,San Francisco Giants,Washington Nationals,11,10,592662,Robbie Ray,656492,Foster Griffin,1,2395
2026-06-10,823287,San Diego Padres,Cincinnati Reds,5,4,650633,Michael King,663903,Brady Singer,1,2680
2026-06-10,824831,Baltimore Orioles,Seattle Mariners,7,2,687064,Brandon Young,669923,George Kirby,1,2
2026-06-10,823372,Pittsburgh Pirates,Los Angeles Dodgers,9,8,683003,Jared Jones,660271,Shohei Ohtani,1,31
2026-06-10,824266,Detroit Tigers,Minnesota Twins,4,6,664285,Framber Valdez,702474,Mike Paredes,1,2394
2026-06-10,823856,Miami Marlins,Arizona Diamondbacks,8,0,687473,Ryan Gusto,669194,Ryne Nelson,1,4169
2026-06-10,822804,Toronto Blue Jays,Philadelphia Phillies,4,7,453286,Max Scherzer,666200,Jesús Luzardo,1,14
2026-06-10,823618,New York Mets,St. Louis Cardinals,2,9,681810,Austin Warren,669467,Andre Pallante,1,3289
2026-06-10,824103,Kansas City Royals,Texas Rangers,4,6,607625,Seth Lugo,669022,MacKenzie Gore,1,7
2026-06-10,824590,Chicago White Sox,Atlanta Braves,2,1,663436,Davis Martin,519242,Chris Sale,1,4
2026-06-10,824348,Colorado Rockies,Chicago Cubs,3,2,547179,Michael Lorenzen,684007,Shota Imanaga,1,19
2026-06-10,824996,Athletics,Milwaukee Brewers,4,3,678022,Jack Perkins,687075,Brandon Sproat,1,5355
2026-06-10,824022,Los Angeles Angels,Houston Astros,3,2,672282,Reid Detmers,663567,Peter Lambert,1,1
2026-06-11,823619,New York Mets,St. Louis Cardinals,5,4,681035,Christian Scott,690928,Hunter Dobbins,1,3289
2026-06-11,824265,Detroit Tigers,Minnesota Twins,11,0,672456,Keider Montero,805673,Zebby Matthews,1,2394
2026-06-11,823855,Miami Marlins,Arizona Diamondbacks,2,0,663969,Tyler Phillips,518876,Merrill Kelly,1,4169
2026-06-11,824101,Kansas City Royals,Texas Rangers,2,4,608379,Michael Wacha,677958,Kumar Rocker,1,7
2026-06-11,824346,Colorado Rockies,Chicago Cubs,3,9,663372,Ryan Feltner,665795,Edward Cabrera,1,19
2026-06-11,823371,Pittsburgh Pirates,Los Angeles Dodgers,6,8,656605,Mitch Keller,680736,Justin Wrobleski,1,31
2026-06-11,824827,Baltimore Orioles,Seattle Mariners,7,5,680694,Kyle Bradish,693433,Bryan Woo,1,2
2026-06-12,823370,Pittsburgh Pirates,Miami Marlins,3,8,677952,Braxton Ashcraft,645261,Sandy Alcantara,1,31
2026-06-12,822726,Washington Nationals,Seattle Mariners,2,10,641793,Zack Littell,682243,Bryce Miller,1,3309
2026-06-12,824826,Baltimore Orioles,San Diego Padres,7,3,669358,Shane Baz,656288,Griffin Canning,1,2
2026-06-12,824425,Cleveland Guardians,Detroit Tigers,3,2,676440,Tanner Bibee,656427,Jack Flaherty,1,5
2026-06-12,824752,Boston Red Sox,Texas Rangers,10,1,543243,Sonny Gray,683004,Jack Leiter,1,3
2026-06-12,824507,Cincinnati Reds,Arizona Diamondbacks,2,5,666157,Nick Lodolo,593958,Eduardo Rodriguez,1,2602
2026-06-12,823617,New York Mets,Atlanta Braves,7,5,690997,Nolan McLean,675911,Spencer Strider,1,3289
2026-06-12,822803,Toronto Blue Jays,New York Yankees,8,5,702056,Trey Yesavage,677960,Ryan Weathers,1,14
2026-06-12,824588,Chicago White Sox,Los Angeles Dodgers,8,2,641743,Anthony Kay,808963,Roki Sasaki,1,4
2026-06-12,823778,Milwaukee Brewers,Philadelphia Phillies,6,0,694819,Jacob Misiorowski,621383,Tanner Banks,1,32
2026-06-12,824102,Kansas City Royals,Houston Astros,8,10,679883,Luinder Avila,837227,Tatsuya Imai,1,7
2026-06-12,823695,Minnesota Twins,St. Louis Cardinals,9,8,657746,Joe Ryan,681517,Kyle Leahy,1,3312
2026-06-12,824020,Los Angeles Angels,Tampa Bay Rays,4,3,691951,Sam Aldegheri,663556,Shane McClanahan,1,1
2026-06-12,824997,Athletics,Colorado Rockies,6,4,695611,Gage Jump,807743,Sean Sullivan,1,5355
2026-06-12,823211,San Francisco Giants,Chicago Cubs,1,5,694738,Landen Roupp,665871,Javier Assad,1,2395
2026-06-13,823694,Minnesota Twins,St. Louis Cardinals,6,9,687570,Connor Prielipp,669461,Matthew Liberatore,1,3312
2026-06-13,822802,Toronto Blue Jays,New York Yankees,1,3,592332,Kevin Gausman,693645,Cam Schlittler,1,14
2026-06-13,824828,Baltimore Orioles,San Diego Padres,3,9,694346,Trey Gibson,681190,Randy Vásquez,1,2
2026-06-13,822725,Washington Nationals,Seattle Mariners,8,3,676917,Cade Cavalli,622491,Luis Castillo,1,3309
2026-06-13,823369,Pittsburgh Pirates,Miami Marlins,3,2,696149,Bubba Chandler,669199,Lake Bachar,1,31
2026-06-13,824508,Cincinnati Reds,Arizona Diamondbacks,2,1,695076,Rhett Lowder,647336,Michael Soroka,1,2602
2026-06-13,824426,Cleveland Guardians,Detroit Tigers,3,1,676282,Joey Cantillo,669373,Tarik Skubal,1,5
2026-06-13,824749,Boston Red Sox,Texas Rangers,6,3,624133,Ranger Suarez,594798,Jacob deGrom,1,3
2026-06-13,823616,New York Mets,Atlanta Braves,1,3,640455,Sean Manaea,527048,Martín Pérez,1,3289
2026-06-13,824587,Chicago White Sox,Los Angeles Dodgers,1,7,680732,Sean Burke,808967,Yoshinobu Yamamoto,1,4
2026-06-13,824100,Kansas City Royals,Houston Astros,7,8,702070,Noah Cameron,681347,Mike Burrows,1,7
2026-06-13,823776,Milwaukee Brewers,Philadelphia Phillies,8,9,675660,Shane Drohan,605400,Aaron Nola,1,32
2026-06-13,824995,Athletics,Colorado Rockies,7,5,683155,Joey Estes,607536,Kyle Freeland,1,5355
2026-06-13,823213,San Francisco Giants,Chicago Cubs,1,6,686790,Trevor McDonald,676962,Ben Brown,1,2395
2026-06-13,824019,Los Angeles Angels,Tampa Bay Rays,8,0,667755,José Soriano,643377,Griffin Jax,1,1
2026-06-14,823368,Pittsburgh Pirates,Miami Marlins,2,4,694973,Paul Skenes,676974,Max Meyer,1,31
2026-06-14,824823,Baltimore Orioles,San Diego Padres,2,5,669432,Trevor Rogers,621111,Walker Buehler,1,2
2026-06-14,822722,Washington Nationals,Seattle Mariners,10,1,676571,PJ Poulin,676106,Emerson Hancock,1,3309
2026-06-14,822801,Toronto Blue Jays,New York Yankees,3,8,571578,Patrick Corbin,701542,Will Warren,1,14
2026-06-14,824506,Cincinnati Reds,Arizona Diamondbacks,3,5,671096,Andrew Abbott,668678,Zac Gallen,1,2602
2026-06-14,823615,New York Mets,Atlanta Braves,8,1,642547,Freddy Peralta,693821,Bryce Elder,1,3289
2026-06-14,824099,Kansas City Royals,Houston Astros,4,0,663568,Stephen Kolek,681293,Spencer Arrighetti,1,7
2026-06-14,823693,Minnesota Twins,St. Louis Cardinals,5,4,671737,Taj Bradley,700241,Michael McGreevy,1,3312
2026-06-14,824586,Chicago White Sox,Los Angeles Dodgers,6,4,663542,Bryan Hudson,686218,Emmet Sheehan,1,4
2026-06-14,823777,Milwaukee Brewers,Philadelphia Phillies,4,0,690986,Kyle Harrison,650911,Cristopher Sánchez,1,32
2026-06-14,824994,Athletics,Colorado Rockies,9,23,605488,Jeffrey Springs,608372,Tomoyuki Sugano,1,5355
2026-06-14,823212,San Francisco Giants,Chicago Cubs,5,1,657277,Logan Webb,669020,Ryan Rolison,1,2395
2026-06-14,824021,Los Angeles Angels,Tampa Bay Rays,3,8,680570,Grayson Rodriguez,668984,Casey Legumina,1,1
2026-06-14,824751,Boston Red Sox,Texas Rangers,4,6,813349,Connelly Early,543135,Nathan Eovaldi,1,3
2026-06-15,823452,Philadelphia Phillies,Miami Marlins,7,0,554430,Zack Wheeler,687473,Ryan Gusto,1,2681
2026-06-15,822724,Washington Nationals,Kansas City Royals,7,3,674841,Andrew Alvarez,687765,Mitch Spence,1,3309
2026-06-15,824505,Cincinnati Reds,New York Mets,12,0,695505,Chase Burns,668964,Tobias Myers,1,2602
2026-06-15,823046,St. Louis Cardinals,San Diego Padres,3,0,669160,Dustin May,593974,Wandy Peralta,1,2889
2026-06-15,824666,Chicago Cubs,Colorado Rockies,5,4,684007,Shota Imanaga,547179,Michael Lorenzen,1,17
2026-06-15,822887,Texas Rangers,Minnesota Twins,2,4,669022,MacKenzie Gore,702474,Mike Paredes,1,5325
2026-06-15,824181,Houston Astros,Detroit Tigers,3,9,678906,Kai-Wei Teng,623454,Drew Anderson,1,2392
2026-06-15,825071,Arizona Diamondbacks,Los Angeles Angels,4,3,669194,Ryne Nelson,700712,Walbert Ureña,1,15
2026-06-15,824993,Athletics,Pittsburgh Pirates,11,2,669372,J.T. Ginn,683003,Jared Jones,1,2529
2026-06-15,823938,Los Angeles Dodgers,Tampa Bay Rays,4,3,641778,Eric Lauer,607259,Nick Martinez,1,22
2026-06-16,823451,Philadelphia Phillies,Miami Marlins,8,2,666200,Jesús Luzardo,663969,Tyler Phillips,1,2681
2026-06-16,822723,Washington Nationals,Kansas City Royals,6,4,656492,Foster Griffin,608379,Michael Wacha,1,3309
2026-06-16,824750,Boston Red Sox,Toronto Blue Jays,1,6,801139,Payton Tolle,656302,Dylan Cease,1,3
2026-06-16,823535,New York Yankees,Chicago White Sox,12,2,543037,Gerrit Cole,663436,Davis Martin,1,3313
2026-06-16,824504,Cincinnati Reds,New York Mets,5,3,663903,Brady Singer,673540,Kodai Senga,1,2602
2026-06-16,824912,Atlanta Braves,San Francisco Giants,2,7,656550,Grant Holmes,605288,Adrian Houser,1,4705
2026-06-16,823775,Milwaukee Brewers,Cleveland Guardians,2,1,688107,Robert Gasser,677944,Slade Cecconi,1,32
2026-06-16,823045,St. Louis Cardinals,San Diego Padres,3,2,669467,Andre Pallante,650633,Michael King,1,2889
2026-06-16,824667,Chicago Cubs,Colorado Rockies,2,5,665795,Edward Cabrera,663372,Ryan Feltner,1,17
2026-06-16,822888,Texas Rangers,Minnesota Twins,2,12,677958,Kumar Rocker,805673,Zebby Matthews,1,5325
2026-06-16,824182,Houston Astros,Detroit Tigers,4,2,686613,Hunter Brown,664285,Framber Valdez,1,2392
2026-06-16,825070,Arizona Diamondbacks,Los Angeles Angels,0,7,518876,Merrill Kelly,672282,Reid Detmers,1,15
2026-06-16,824991,Athletics,Pittsburgh Pirates,5,6,678022,Jack Perkins,656605,Mitch Keller,1,2529
2026-06-16,823128,Seattle Mariners,Baltimore Orioles,3,1,669302,Logan Gilbert,687064,Brandon Young,1,680
2026-06-16,823939,Los Angeles Dodgers,Tampa Bay Rays,1,0,680736,Justin Wrobleski,656876,Drew Rasmussen,1,22
2026-06-17,824503,Cincinnati Reds,New York Mets,1,9,666157,Nick Lodolo,690997,Nolan McLean,1,2602
2026-06-17,822721,Washington Nationals,Kansas City Royals,2,6,641793,Zack Littell,679883,Luinder Avila,1,3309
2026-06-17,823450,Philadelphia Phillies,Miami Marlins,4,12,691725,Andrew Painter,645261,Sandy Alcantara,1,2681
2026-06-16,824912,Atlanta Braves,San Francisco Giants,2,7,656550,Grant Holmes,605288,Adrian Houser,1,4705
2026-06-17,824178,Houston Astros,Detroit Tigers,4,2,663567,Peter Lambert,663554,Casey Mize,1,2392
2026-06-17,823044,St. Louis Cardinals,San Diego Padres,1,6,681517,Kyle Leahy,699134,Bradgley Rodriguez,1,2889
2026-06-17,823940,Los Angeles Dodgers,Tampa Bay Rays,5,4,660271,Shohei Ohtani,663556,Shane McClanahan,1,22
2026-06-17,825072,Arizona Diamondbacks,Los Angeles Angels,8,1,593958,Eduardo Rodriguez,691951,Sam Aldegheri,1,15
2026-06-17,824746,Boston Red Sox,Toronto Blue Jays,0,3,687562,Jake Bennett,680755,Braydon Fisher,1,3
2026-06-17,823536,New York Yankees,Chicago White Sox,10,5,607074,Carlos Rodón,641743,Anthony Kay,1,3313
2026-06-17,824913,Atlanta Braves,San Francisco Giants,5,7,702275,JR Ritchie,687931,Carson Whisenhunt,1,4705
2026-06-17,823774,Milwaukee Brewers,Cleveland Guardians,9,4,687075,Brandon Sproat,668909,Gavin Williams,1,32
2026-06-17,824668,Chicago Cubs,Colorado Rockies,8,6,665871,Javier Assad,807743,Sean Sullivan,1,17
2026-06-17,824992,Athletics,Pittsburgh Pirates,4,12,650644,Aaron Civale,677952,Braxton Ashcraft,1,2529
2026-06-17,823127,Seattle Mariners,Baltimore Orioles,3,5,669923,George Kirby,680694,Kyle Bradish,1,680
2026-06-18,824748,Boston Red Sox,Toronto Blue Jays,3,4,543243,Sonny Gray,702056,Trey Yesavage,1,3
2026-06-18,823772,Milwaukee Brewers,Cleveland Guardians,2,4,675660,Shane Drohan,800048,Parker Messick,1,32
2026-06-18,822889,Texas Rangers,Minnesota Twins,3,9,683004,Jack Leiter,657746,Joe Ryan,1,5325
2026-06-18,823125,Seattle Mariners,Baltimore Orioles,3,0,693433,Bryan Woo,669358,Shane Baz,1,680
2026-06-18,823448,Philadelphia Phillies,New York Mets,4,6,605400,Aaron Nola,640455,Sean Manaea,1,2681
2026-06-18,823533,New York Yankees,Chicago White Sox,1,5,677960,Ryan Weathers,663542,Bryan Hudson,1,3313
2026-06-18,824098,Kansas City Royals,St. Louis Cardinals,14,6,702070,Noah Cameron,669461,Matthew Liberatore,1,7
2026-06-18,824989,Athletics,Los Angeles Angels,5,0,695611,Gage Jump,696270,Ryan Johnson,1,2529
2026-06-19,824663,Chicago Cubs,Toronto Blue Jays,16,2,676962,Ben Brown,592332,Kevin Gausman,1,17
2026-06-19,824264,Detroit Tigers,Chicago White Sox,4,3,669373,Tarik Skubal,685126,Brandon Eisert,1,2394
2026-06-19,823534,New York Yankees,Cincinnati Reds,5,0,693645,Cam Schlittler,695076,Rhett Lowder,1,3313
2026-06-19,822966,Tampa Bay Rays,Washington Nationals,5,2,643377,Griffin Jax,676571,PJ Poulin,1,12
2026-06-19,823853,Miami Marlins,San Francisco Giants,4,3,669199,Lake Bachar,694738,Landen Roupp,1,4169
2026-06-19,824910,Atlanta Braves,Milwaukee Brewers,3,2,527048,Martín Pérez,694819,Jacob Misiorowski,1,4705
2026-06-19,822886,Texas Rangers,San Diego Padres,9,7,594798,Jacob deGrom,681190,Randy Vásquez,1,5325
2026-06-19,824179,Houston Astros,Cleveland Guardians,9,3,837227,Tatsuya Imai,676440,Tanner Bibee,1,2392
2026-06-19,824097,Kansas City Royals,St. Louis Cardinals,6,5,607625,Seth Lugo,700241,Michael McGreevy,1,7
2026-06-19,824345,Colorado Rockies,Pittsburgh Pirates,4,3,607536,Kyle Freeland,696149,Bubba Chandler,1,19
2026-06-19,824990,Athletics,Los Angeles Angels,12,11,605488,Jeffrey Springs,667755,José Soriano,1,2529
2026-06-19,825069,Arizona Diamondbacks,Minnesota Twins,9,5,647336,Michael Soroka,687570,Connor Prielipp,1,15
2026-06-19,823936,Los Angeles Dodgers,Baltimore Orioles,6,5,808963,Roki Sasaki,694346,Trey Gibson,1,22
2026-06-19,823124,Seattle Mariners,Boston Red Sox,2,6,682243,Bryce Miller,624133,Ranger Suarez,1,680
2026-06-20,824263,Detroit Tigers,Chicago White Sox,4,1,675512,Troy Melton,656794,Sean Newcomb,1,2394
2026-06-20,823532,New York Yankees,Cincinnati Reds,2,10,701542,Will Warren,671096,Andrew Abbott,1,3313
2026-06-20,824665,Chicago Cubs,Toronto Blue Jays,6,8,607067,Colin Rea,571578,Patrick Corbin,1,17
2026-06-20,822885,Texas Rangers,San Diego Padres,4,6,669022,MacKenzie Gore,621111,Walker Buehler,1,5325
2026-06-20,822967,Tampa Bay Rays,Washington Nationals,3,4,693855,Ian Seymour,676917,Cade Cavalli,1,12
2026-06-20,823854,Miami Marlins,San Francisco Giants,6,3,676974,Max Meyer,686790,Trevor McDonald,1,4169
2026-06-20,824909,Atlanta Braves,Milwaukee Brewers,4,3,519242,Chris Sale,690986,Kyle Harrison,1,4705
2026-06-20,824180,Houston Astros,Cleveland Guardians,1,8,681293,Spencer Arrighetti,676282,Joey Cantillo,1,2392
2026-06-20,823447,Philadelphia Phillies,New York Mets,15,3,650911,Cristopher Sánchez,642547,Freddy Peralta,1,2681
2026-06-20,824342,Colorado Rockies,Pittsburgh Pirates,2,1,608372,Tomoyuki Sugano,694973,Paul Skenes,1,19
2026-06-20,824988,Athletics,Los Angeles Angels,0,7,669372,J.T. Ginn,700712,Walbert Ureña,1,2529
2026-06-20,823937,Los Angeles Dodgers,Baltimore Orioles,2,3,808967,Yoshinobu Yamamoto,669432,Trevor Rogers,1,22
2026-06-20,823126,Seattle Mariners,Boston Red Sox,1,5,676106,Emerson Hancock,813349,Connelly Early,1,680
2026-06-20,825068,Arizona Diamondbacks,Minnesota Twins,8,16,668678,Zac Gallen,671737,Taj Bradley,1,15
2026-06-21,823531,New York Yankees,Cincinnati Reds,1,4,695684,Elmer Rodríguez,695505,Chase Burns,1,3313
2026-06-21,824908,Atlanta Braves,Milwaukee Brewers,4,9,693821,Bryce Elder,688107,Robert Gasser,1,4705
2026-06-21,822968,Tampa Bay Rays,Washington Nationals,4,3,607259,Nick Martinez,674841,Andrew Alvarez,1,12
2026-06-21,824260,Detroit Tigers,Chicago White Sox,5,4,672456,Keider Montero,663436,Davis Martin,1,2394
2026-06-21,823852,Miami Marlins,San Francisco Giants,2,1,687473,Ryan Gusto,657277,Logan Webb,1,4169
2026-06-21,824177,Houston Astros,Cleveland Guardians,2,1,678906,Kai-Wei Teng,677944,Slade Cecconi,1,2392
2026-06-21,824095,Kansas City Royals,St. Louis Cardinals,10,12,663568,Stephen Kolek,669160,Dustin May,1,7
2026-06-21,822883,Texas Rangers,San Diego Padres,4,3,543135,Nathan Eovaldi,593974,Wandy Peralta,1,5325
2026-06-21,824343,Colorado Rockies,Pittsburgh Pirates,6,8,547179,Michael Lorenzen,683003,Jared Jones,1,19
2026-06-21,825067,Arizona Diamondbacks,Minnesota Twins,2,4,703615,Jose Cabrera,702474,Mike Paredes,1,15
2026-06-21,824987,Athletics,Los Angeles Angels,7,9,678022,Jack Perkins,672282,Reid Detmers,1,2529
2026-06-21,823934,Los Angeles Dodgers,Baltimore Orioles,1,12,686218,Emmet Sheehan,687064,Brandon Young,1,22
2026-06-21,823123,Seattle Mariners,Boston Red Sox,3,1,669302,Logan Gilbert,801139,Payton Tolle,1,680
2026-06-21,823449,Philadelphia Phillies,New York Mets,6,2,554430,Zack Wheeler,656849,David Peterson,1,2681
2026-06-22,824261,Detroit Tigers,New York Yankees,5,3,664285,Framber Valdez,543037,Gerrit Cole,1,2394
2026-06-22,822964,Tampa Bay Rays,Kansas City Royals,1,2,656876,Drew Rasmussen,608379,Michael Wacha,1,12
2026-06-22,823851,Miami Marlins,Texas Rangers,3,4,663969,Tyler Phillips,641302,Tyler Alexander,1,4169
2026-06-22,822720,Washington Nationals,Philadelphia Phillies,4,1,656492,Foster Griffin,641835,Tim Mayza,1,3309
2026-06-22,822800,Toronto Blue Jays,Houston Astros,4,2,656302,Dylan Cease,686613,Hunter Brown,1,14
2026-06-22,824502,Cincinnati Reds,Milwaukee Brewers,1,2,663903,Brady Singer,605540,Brandon Woodruff,1,2602
2026-06-22,823692,Minnesota Twins,Los Angeles Dodgers,1,2,805673,Zebby Matthews,694361,Will Klein,1,3312
2026-06-22,824585,Chicago White Sox,Cleveland Guardians,6,5,641743,Anthony Kay,668909,Gavin Williams,1,4
2026-06-22,823040,St. Louis Cardinals,Arizona Diamondbacks,3,2,669467,Andre Pallante,518876,Merrill Kelly,1,2889
2026-06-22,824344,Colorado Rockies,Boston Red Sox,3,2,663372,Ryan Feltner,687562,Jake Bennett,1,19
2026-06-22,824016,Los Angeles Angels,Baltimore Orioles,1,6,691951,Sam Aldegheri,680694,Kyle Bradish,1,1
2026-06-22,823288,San Diego Padres,Atlanta Braves,1,0,650633,Michael King,656550,Grant Holmes,1,2680
2026-06-23,822799,Toronto Blue Jays,Houston Astros,7,9,669456,Shane Bieber,663567,Peter Lambert,1,14
2026-06-23,823365,Pittsburgh Pirates,Seattle Mariners,2,3,656605,Mitch Keller,669923,George Kirby,1,31
2026-06-23,822963,Tampa Bay Rays,Kansas City Royals,5,12,663556,Shane McClanahan,679883,Luinder Avila,1,12
2026-06-23,823849,Miami Marlins,Texas Rangers,6,4,645261,Sandy Alcantara,615698,Cal Quantrill,1,4169
2026-06-23,824262,Detroit Tigers,New York Yankees,3,4,663554,Casey Mize,607074,Carlos Rodón,1,2394
2026-06-23,822718,Washington Nationals,Philadelphia Phillies,9,14,676571,PJ Poulin,666200,Jesús Luzardo,1,3309
2026-06-23,823614,New York Mets,Chicago Cubs,6,9,673540,Kodai Senga,665795,Edward Cabrera,1,3289
2026-06-23,824501,Cincinnati Reds,Milwaukee Brewers,0,2,666157,Nick Lodolo,687075,Brandon Sproat,1,2602
2026-06-23,823690,Minnesota Twins,Los Angeles Dodgers,3,12,696070,Kendry Rojas,680736,Justin Wrobleski,1,3312
2026-06-23,824584,Chicago White Sox,Cleveland Guardians,2,1,680732,Sean Burke,800048,Parker Messick,1,4
2026-06-23,823043,St. Louis Cardinals,Arizona Diamondbacks,3,4,681517,Kyle Leahy,593958,Eduardo Rodriguez,1,2889
2026-06-23,824340,Colorado Rockies,Boston Red Sox,2,5,807743,Sean Sullivan,543243,Sonny Gray,1,19
2026-06-23,824017,Los Angeles Angels,Baltimore Orioles,5,1,696270,Ryan Johnson,669358,Shane Baz,1,1
2026-06-23,823286,San Diego Padres,Atlanta Braves,7,6,593974,Wandy Peralta,702275,JR Ritchie,1,2680
2026-06-23,823210,San Francisco Giants,Athletics,3,1,592662,Robbie Ray,650644,Aaron Civale,1,2395
2026-06-24,823850,Miami Marlins,Texas Rangers,4,2,691587,Eury Pérez,594798,Jacob deGrom,1,4169
2026-06-24,823613,New York Mets,Chicago Cubs,3,10,690997,Nolan McLean,665871,Javier Assad,1,3289
2026-06-24,823611,New York Mets,Chicago Cubs,5,10,640455,Sean Manaea,684007,Shota Imanaga,2,3289
2026-06-24,824583,Chicago White Sox,Cleveland Guardians,3,4,607200,Erick Fedde,676440,Tanner Bibee,1,4
2026-06-24,824341,Colorado Rockies,Boston Red Sox,8,6,607536,Kyle Freeland,624133,Ranger Suarez,1,19
2026-06-24,824018,Los Angeles Angels,Baltimore Orioles,7,6,667755,José Soriano,694346,Trey Gibson,1,1
2026-06-24,823367,Pittsburgh Pirates,Seattle Mariners,11,1,677952,Braxton Ashcraft,693433,Bryan Woo,1,31
2026-06-24,822965,Tampa Bay Rays,Kansas City Royals,5,3,643377,Griffin Jax,702070,Noah Cameron,1,12
2026-06-24,824259,Detroit Tigers,New York Yankees,2,4,669373,Tarik Skubal,677960,Ryan Weathers,1,2394
2026-06-24,822719,Washington Nationals,Philadelphia Phillies,4,5,687223,Carson Palmquist,605400,Aaron Nola,1,3309
2026-06-24,822798,Toronto Blue Jays,Houston Astros,1,3,702056,Trey Yesavage,681347,Mike Burrows,1,14
2026-06-24,824500,Cincinnati Reds,Milwaukee Brewers,5,6,695076,Rhett Lowder,675660,Shane Drohan,1,2602
2026-06-24,823691,Minnesota Twins,Los Angeles Dodgers,3,4,657746,Joe Ryan,660271,Shohei Ohtani,1,3312
2026-06-24,823041,St. Louis Cardinals,Arizona Diamondbacks,4,9,669461,Matthew Liberatore,683352,Mitch Bratt,1,2889
2026-06-24,823284,San Diego Padres,Atlanta Braves,5,2,676664,JP Sears,527048,Martín Pérez,1,2680
2026-06-24,823208,San Francisco Giants,Athletics,2,1,641816,Tyler Mahle,695611,Gage Jump,1,2395
2026-06-25,822961,Tampa Bay Rays,Kansas City Royals,13,2,668984,Casey Legumina,607625,Seth Lugo,1,12
2026-06-25,823366,Pittsburgh Pirates,Seattle Mariners,5,1,696149,Bubba Chandler,682243,Bryce Miller,1,31
2026-06-25,823209,San Francisco Giants,Athletics,6,9,694738,Landen Roupp,605488,Jeffrey Springs,1,2395
2026-06-25,824258,Detroit Tigers,Houston Astros,1,2,675512,Troy Melton,837227,Tatsuya Imai,1,2394
2026-06-25,822717,Washington Nationals,Philadelphia Phillies,5,10,676917,Cade Cavalli,650911,Cristopher Sánchez,1,3309
2026-06-25,822797,Toronto Blue Jays,Texas Rangers,5,6,592332,Kevin Gausman,669022,MacKenzie Gore,1,14
2026-06-25,823612,New York Mets,Chicago Cubs,3,4,642547,Freddy Peralta,571510,Matthew Boyd,1,3289
2026-06-25,824747,Boston Red Sox,New York Yankees,6,3,813349,Connelly Early,693645,Cam Schlittler,1,3
2026-06-26,824255,Detroit Tigers,Houston Astros,8,0,672456,Keider Montero,681293,Spencer Arrighetti,1,2394
2026-06-26,823363,Pittsburgh Pirates,Cincinnati Reds,4,6,694973,Paul Skenes,671096,Andrew Abbott,1,31
2026-06-26,824824,Baltimore Orioles,Washington Nationals,3,1,669432,Trevor Rogers,674841,Andrew Alvarez,1,2
2026-06-26,822796,Toronto Blue Jays,Texas Rangers,4,5,571578,Patrick Corbin,543135,Nathan Eovaldi,1,14
2026-06-26,824423,Cleveland Guardians,Seattle Mariners,1,3,676282,Joey Cantillo,622491,Luis Castillo,1,5
2026-06-26,822962,Tampa Bay Rays,Arizona Diamondbacks,6,1,607259,Nick Martinez,668678,Zac Gallen,1,12
2026-06-26,823610,New York Mets,Philadelphia Phillies,1,2,804267,Zac Thornton,554430,Zack Wheeler,1,3289
2026-06-26,824743,Boston Red Sox,New York Yankees,6,1,801139,Payton Tolle,701542,Will Warren,1,3
2026-06-26,824582,Chicago White Sox,Kansas City Royals,22,1,689818,David Sandlin,674444,Steven Cruz,1,4
2026-06-26,823773,Milwaukee Brewers,Chicago Cubs,6,2,694819,Jacob Misiorowski,607067,Colin Rea,1,32
2026-06-26,823688,Minnesota Twins,Colorado Rockies,9,8,671737,Taj Bradley,608372,Tomoyuki Sugano,1,3312
2026-06-26,823039,St. Louis Cardinals,Miami Marlins,0,4,700241,Michael McGreevy,676974,Max Meyer,1,2889
2026-06-26,824014,Los Angeles Angels,Athletics,3,9,700712,Walbert Ureña,669372,J.T. Ginn,1,1
2026-06-26,823285,San Diego Padres,Los Angeles Dodgers,7,1,621111,Walker Buehler,808963,Roki Sasaki,1,2680
2026-06-26,823206,San Francisco Giants,Atlanta Braves,1,3,686790,Trevor McDonald,625643,Reynaldo López,1,2395
2026-06-27,824257,Detroit Tigers,Houston Astros,6,8,664285,Framber Valdez,678906,Kai-Wei Teng,1,2394
2026-06-27,824745,Boston Red Sox,New York Yankees,4,1,687562,Jake Bennett,543037,Gerrit Cole,1,3
2026-06-27,822794,Toronto Blue Jays,Texas Rangers,4,7,656302,Dylan Cease,615698,Cal Quantrill,1,14
2026-06-27,823364,Pittsburgh Pirates,Cincinnati Reds,7,9,683003,Jared Jones,695505,Chase Burns,1,31
2026-06-27,823609,New York Mets,Philadelphia Phillies,6,2,681035,Christian Scott,641835,Tim Mayza,1,3289
2026-06-27,824581,Chicago White Sox,Kansas City Royals,2,1,663436,Davis Martin,608379,Michael Wacha,1,4
2026-06-27,822960,Tampa Bay Rays,Arizona Diamondbacks,4,2,642121,Cole Sulser,703615,Jose Cabrera,1,12
2026-06-27,824825,Baltimore Orioles,Washington Nationals,3,4,687064,Brandon Young,656492,Foster Griffin,1,2
2026-06-27,824421,Cleveland Guardians,Seattle Mariners,4,3,677944,Slade Cecconi,669302,Logan Gilbert,1,5
2026-06-27,823689,Minnesota Twins,Colorado Rockies,5,8,702474,Mike Paredes,547179,Michael Lorenzen,1,3312
2026-06-27,823770,Milwaukee Brewers,Chicago Cubs,2,8,690986,Kyle Harrison,656849,David Peterson,1,32
2026-06-27,823038,St. Louis Cardinals,Miami Marlins,1,5,669467,Andre Pallante,687473,Ryan Gusto,1,2889
2026-06-27,823283,San Diego Padres,Los Angeles Dodgers,3,15,606996,Kyle Hart,808967,Yoshinobu Yamamoto,1,2680
2026-06-27,823207,San Francisco Giants,Atlanta Braves,5,0,657277,Logan Webb,693821,Bryce Elder,1,2395
2026-06-27,824015,Los Angeles Angels,Athletics,5,2,672282,Reid Detmers,678022,Jack Perkins,1,1
2026-06-28,824821,Baltimore Orioles,Washington Nationals,4,6,680694,Kyle Bradish,641793,Zack Littell,1,2
2026-06-28,823362,Pittsburgh Pirates,Cincinnati Reds,9,4,656605,Mitch Keller,663903,Brady Singer,1,31
2026-06-28,822795,Toronto Blue Jays,Texas Rangers,2,3,669456,Shane Bieber,677958,Kumar Rocker,1,14
2026-06-28,824256,Detroit Tigers,Houston Astros,5,7,656427,Jack Flaherty,686613,Hunter Brown,1,2394
2026-06-28,824422,Cleveland Guardians,Seattle Mariners,6,5,668909,Gavin Williams,676106,Emerson Hancock,1,5
2026-06-28,822959,Tampa Bay Rays,Arizona Diamondbacks,5,1,656876,Drew Rasmussen,518876,Merrill Kelly,1,12
2026-06-28,823608,New York Mets,Philadelphia Phillies,4,5,672335,Cionel Pérez,666200,Jesús Luzardo,1,3289
2026-06-28,823686,Minnesota Twins,Colorado Rockies,3,2,687570,Connor Prielipp,663372,Ryan Feltner,1,3312
2026-06-28,824580,Chicago White Sox,Kansas City Royals,4,5,641743,Anthony Kay,679883,Luinder Avila,1,4
2026-06-28,823769,Milwaukee Brewers,Chicago Cubs,3,4,605540,Brandon Woodruff,669020,Ryan Rolison,1,32
2026-06-28,823037,St. Louis Cardinals,Miami Marlins,2,1,681517,Kyle Leahy,663969,Tyler Phillips,1,2889
2026-06-28,824011,Los Angeles Angels,Athletics,4,1,691951,Sam Aldegheri,650644,Aaron Civale,1,1
2026-06-28,823204,San Francisco Giants,Atlanta Braves,3,2,592662,Robbie Ray,519242,Chris Sale,1,2395
2026-06-28,823281,San Diego Padres,Los Angeles Dodgers,2,4,650633,Michael King,686218,Emmet Sheehan,1,2680
2026-06-28,824744,Boston Red Sox,New York Yankees,5,4,543243,Sonny Gray,607074,Carlos Rodón,1,3
2026-06-29,824822,Baltimore Orioles,Chicago White Sox,2,8,669358,Shane Baz,680732,Sean Burke,1,2
2026-06-29,823444,Philadelphia Phillies,Pittsburgh Pirates,7,11,605400,Aaron Nola,677952,Braxton Ashcraft,1,2681
2026-06-29,823529,New York Yankees,Detroit Tigers,3,7,677960,Ryan Weathers,663554,Casey Mize,1,3313
2026-06-29,822792,Toronto Blue Jays,New York Mets,2,1,702056,Trey Yesavage,640455,Sean Manaea,1,14
2026-06-29,824741,Boston Red Sox,Washington Nationals,6,3,624133,Ranger Suarez,571945,Miles Mikolas,1,3
2026-06-29,824420,Cleveland Guardians,Texas Rangers,3,6,800048,Parker Messick,641302,Tyler Alexander,1,5
2026-06-29,823771,Milwaukee Brewers,Cincinnati Reds,5,3,688107,Robert Gasser,666157,Nick Lodolo,1,32
2026-06-29,824662,Chicago Cubs,San Diego Padres,3,2,684007,Shota Imanaga,656288,Griffin Canning,1,17
2026-06-29,824176,Houston Astros,Minnesota Twins,4,5,663567,Peter Lambert,805673,Zebby Matthews,1,2392
2026-06-29,824339,Colorado Rockies,Miami Marlins,7,10,807743,Sean Sullivan,645261,Sandy Alcantara,1,19
2026-06-29,824986,Athletics,Los Angeles Dodgers,4,9,695611,Gage Jump,641778,Eric Lauer,1,2529
2026-06-29,823121,Seattle Mariners,Los Angeles Angels,6,2,669923,George Kirby,696270,Ryan Johnson,1,680
2026-06-29,825065,Arizona Diamondbacks,San Francisco Giants,5,4,593958,Eduardo Rodriguez,641816,Tyler Mahle,1,15
2026-06-30,824819,Baltimore Orioles,Chicago White Sox,3,9,694346,Trey Gibson,607200,Erick Fedde,1,2
2026-06-30,824418,Cleveland Guardians,Texas Rangers,2,4,676440,Tanner Bibee,594798,Jacob deGrom,1,5
2026-06-30,823445,Philadelphia Phillies,Pittsburgh Pirates,8,0,650911,Cristopher Sánchez,696149,Bubba Chandler,1,2681
2026-06-30,823528,New York Yankees,Detroit Tigers,3,9,693645,Cam Schlittler,669373,Tarik Skubal,1,3313
2026-06-30,822793,Toronto Blue Jays,New York Mets,0,3,592332,Kevin Gausman,690997,Nolan McLean,1,14
2026-06-30,824742,Boston Red Sox,Washington Nationals,1,8,813349,Connelly Early,676917,Cade Cavalli,1,3
2026-06-30,824907,Atlanta Braves,St. Louis Cardinals,3,5,527048,Martín Pérez,669461,Matthew Liberatore,1,4705
2026-06-30,824096,Kansas City Royals,Tampa Bay Rays,4,10,702070,Noah Cameron,643377,Griffin Jax,1,7
2026-06-30,823768,Milwaukee Brewers,Cincinnati Reds,7,2,687075,Brandon Sproat,695076,Rhett Lowder,1,32
2026-06-30,824661,Chicago Cubs,San Diego Padres,9,7,571510,Matthew Boyd,676664,JP Sears,1,17
2026-06-30,824175,Houston Astros,Minnesota Twins,6,4,681347,Mike Burrows,657746,Joe Ryan,1,2392
2026-06-30,824338,Colorado Rockies,Miami Marlins,3,14,685299,Tanner Gordon,691587,Eury Pérez,1,19
2026-06-30,824984,Athletics,Los Angeles Dodgers,3,9,605488,Jeffrey Springs,680736,Justin Wrobleski,1,2529
2026-06-30,823122,Seattle Mariners,Los Angeles Angels,8,3,693433,Bryan Woo,667755,José Soriano,1,680
2026-06-30,825066,Arizona Diamondbacks,San Francisco Giants,8,2,694297,Brandon Pfaadt,694738,Landen Roupp,1,15
2026-07-01,824818,Baltimore Orioles,Chicago White Sox,6,1,665152,Dean Kremer,702273,Noah Schultz,1,2
2026-07-01,824419,Cleveland Guardians,Texas Rangers,9,4,676282,Joey Cantillo,669022,MacKenzie Gore,1,5
2026-07-01,824740,Boston Red Sox,Washington Nationals,2,10,801139,Payton Tolle,695418,Brad Lord,1,3
2026-07-01,823530,New York Yankees,Detroit Tigers,2,6,701542,Will Warren,675512,Troy Melton,1,3313
2026-07-01,824660,Chicago Cubs,San Diego Padres,23,3,607067,Colin Rea,621111,Walker Buehler,1,17
2026-07-01,822791,Toronto Blue Jays,New York Mets,9,3,680755,Braydon Fisher,642547,Freddy Peralta,1,14
2026-07-01,823446,Philadelphia Phillies,Pittsburgh Pirates,10,6,554430,Zack Wheeler,694973,Paul Skenes,1,2681
2026-07-01,824905,Atlanta Braves,St. Louis Cardinals,5,1,625643,Reynaldo López,700241,Michael McGreevy,1,4705
2026-07-01,824094,Kansas City Royals,Tampa Bay Rays,0,4,607625,Seth Lugo,663556,Shane McClanahan,1,7
2026-07-01,824174,Houston Astros,Minnesota Twins,3,8,837227,Tatsuya Imai,671737,Taj Bradley,1,2392
2026-07-01,823767,Milwaukee Brewers,Cincinnati Reds,4,2,675660,Shane Drohan,671096,Andrew Abbott,1,32
2026-07-01,824337,Colorado Rockies,Miami Marlins,6,3,607536,Kyle Freeland,676974,Max Meyer,1,19
2026-07-01,824985,Athletics,Los Angeles Dodgers,7,1,669372,J.T. Ginn,,,1,2529
2026-07-01,825064,Arizona Diamondbacks,San Francisco Giants,4,6,668678,Zac Gallen,686790,Trevor McDonald,1,15
2026-07-02,823442,Philadelphia Phillies,Pittsburgh Pirates,1,6,660604,Alan Rangel,683003,Jared Jones,1,2681
2026-07-02,823765,Milwaukee Brewers,Cincinnati Reds,2,7,694819,Jacob Misiorowski,695505,Chase Burns,1,32
2026-07-02,824335,Colorado Rockies,Miami Marlins,14,4,547179,Michael Lorenzen,687473,Ryan Gusto,1,19
2026-07-02,824416,Cleveland Guardians,Chicago White Sox,6,5,677944,Slade Cecconi,663436,Davis Martin,1,5
2026-07-02,824906,Atlanta Braves,St. Louis Cardinals,5,11,694462,Hurston Waldrep,669160,Dustin May,1,4705
2026-07-02,824093,Kansas City Royals,Tampa Bay Rays,2,5,663568,Stephen Kolek,693855,Ian Seymour,1,7
2026-07-02,822884,Texas Rangers,Detroit Tigers,10,4,543135,Nathan Eovaldi,664285,Framber Valdez,1,5325
2026-07-02,823119,Seattle Mariners,Los Angeles Angels,1,0,682243,Bryce Miller,700712,Walbert Ureña,1,680
2026-07-02,823935,Los Angeles Dodgers,San Diego Padres,12,7,808963,Roki Sasaki,681190,Randy Vásquez,1,22
2026-07-03,824659,Chicago Cubs,St. Louis Cardinals,1,17,656849,David Peterson,669467,Andre Pallante,1,17
2026-07-03,822714,Washington Nationals,Pittsburgh Pirates,9,5,656492,Foster Griffin,656605,Mitch Keller,1,3309
2026-07-03,823527,New York Yankees,Minnesota Twins,5,2,543037,Gerrit Cole,702474,Mike Paredes,1,3313
2026-07-03,824498,Cincinnati Reds,Baltimore Orioles,0,3,663903,Brady Singer,669432,Trevor Rogers,1,2602
2026-07-03,824417,Cleveland Guardians,Chicago White Sox,4,3,668909,Gavin Williams,641743,Anthony Kay,1,5
2026-07-03,824904,Atlanta Braves,New York Mets,5,3,656550,Grant Holmes,681035,Christian Scott,1,4705
2026-07-03,824336,Colorado Rockies,San Francisco Giants,15,3,663372,Ryan Feltner,657277,Logan Webb,1,19
2026-07-03,824173,Houston Astros,Tampa Bay Rays,1,3,681293,Spencer Arrighetti,607259,Nick Martinez,1,2392
2026-07-03,824013,Los Angeles Angels,Boston Red Sox,2,5,672282,Reid Detmers,687562,Jake Bennett,1,1
2026-07-03,824982,Athletics,Miami Marlins,5,12,678022,Jack Perkins,663969,Tyler Phillips,1,2529
2026-07-03,825062,Arizona Diamondbacks,Milwaukee Brewers,4,7,703615,Jose Cabrera,690986,Kyle Harrison,1,15
2026-07-03,823933,Los Angeles Dodgers,San Diego Padres,4,3,660271,Shohei Ohtani,650633,Michael King,1,22
2026-07-03,823120,Seattle Mariners,Toronto Blue Jays,0,2,622491,Luis Castillo,656302,Dylan Cease,1,680
2026-07-04,822716,Washington Nationals,Pittsburgh Pirates,1,7,687223,Carson Palmquist,677952,Braxton Ashcraft,1,3309
2026-07-04,823526,New York Yankees,Minnesota Twins,4,11,694341,Brendan Beck,805673,Zebby Matthews,1,3313
2026-07-04,822882,Texas Rangers,Detroit Tigers,0,3,615698,Cal Quantrill,656427,Jack Flaherty,1,5325
2026-07-04,823118,Seattle Mariners,Toronto Blue Jays,11,0,669302,Logan Gilbert,669456,Shane Bieber,1,680
2026-07-04,824499,Cincinnati Reds,Baltimore Orioles,5,8,668881,Hunter Greene,687064,Brandon Young,1,2602
2026-07-04,824171,Houston Astros,Tampa Bay Rays,10,8,686613,Hunter Brown,656876,Drew Rasmussen,1,2392
2026-07-04,824415,Cleveland Guardians,Chicago White Sox,1,3,800048,Parker Messick,680732,Sean Burke,1,5
2026-07-04,824658,Chicago Cubs,St. Louis Cardinals,0,3,684007,Shota Imanaga,681517,Kyle Leahy,1,17
2026-07-04,824903,Atlanta Braves,New York Mets,14,3,519242,Chris Sale,640455,Sean Manaea,1,4705
2026-07-04,824334,Colorado Rockies,San Francisco Giants,4,6,807743,Sean Sullivan,592662,Robbie Ray,1,19
2026-07-04,824092,Kansas City Royals,Philadelphia Phillies,1,6,608379,Michael Wacha,666200,Jesús Luzardo,1,7
2026-07-04,824012,Los Angeles Angels,Boston Red Sox,1,8,691951,Sam Aldegheri,543243,Sonny Gray,1,1
2026-07-04,824983,Athletics,Miami Marlins,2,7,650644,Aaron Civale,645261,Sandy Alcantara,1,2529
2026-07-04,825063,Arizona Diamondbacks,Milwaukee Brewers,4,3,518876,Merrill Kelly,605540,Brandon Woodruff,1,15
2026-07-04,823932,Los Angeles Dodgers,San Diego Padres,3,0,808967,Yoshinobu Yamamoto,593974,Wandy Peralta,1,22
2026-07-05,824902,Atlanta Braves,New York Mets,9,10,527048,Martín Pérez,690997,Nolan McLean,1,4705
2026-07-05,822715,Washington Nationals,Pittsburgh Pirates,5,11,676917,Cade Cavalli,696149,Bubba Chandler,1,3309
2026-07-05,824497,Cincinnati Reds,Baltimore Orioles,3,2,666157,Nick Lodolo,680694,Kyle Bradish,1,2602
2026-07-05,823525,New York Yankees,Minnesota Twins,1,6,677960,Ryan Weathers,657746,Joe Ryan,1,3313
2026-07-05,824413,Cleveland Guardians,Chicago White Sox,6,7,676440,Tanner Bibee,669684,Chris Murphy,1,5
2026-07-05,824656,Chicago Cubs,St. Louis Cardinals,6,4,665871,Javier Assad,669461,Matthew Liberatore,1,17
2026-07-05,824091,Kansas City Royals,Philadelphia Phillies,5,2,679883,Luinder Avila,605400,Aaron Nola,1,7
2026-07-05,824172,Houston Astros,Tampa Bay Rays,2,0,663567,Peter Lambert,669438,Mason Englert,1,2392
2026-07-05,822879,Texas Rangers,Detroit Tigers,3,6,677958,Kumar Rocker,663554,Casey Mize,1,5325
2026-07-05,824333,Colorado Rockies,San Francisco Giants,7,6,685299,Tanner Gordon,641816,Tyler Mahle,1,19
2026-07-05,825061,Arizona Diamondbacks,Milwaukee Brewers,2,3,593958,Eduardo Rodriguez,687075,Brandon Sproat,1,15
2026-07-05,824980,Athletics,Miami Marlins,8,9,695611,Gage Jump,691587,Eury Pérez,1,2529
2026-07-05,823117,Seattle Mariners,Toronto Blue Jays,4,0,676106,Emerson Hancock,702056,Trey Yesavage,1,680
2026-07-05,823931,Los Angeles Dodgers,San Diego Padres,2,5,686218,Emmet Sheehan,676664,JP Sears,1,22
2026-07-05,824010,Los Angeles Angels,Boston Red Sox,5,7,696270,Ryan Johnson,624133,Ranger Suarez,1,1
2026-07-06,824089,Kansas City Royals,Philadelphia Phillies,15,1,702070,Noah Cameron,650911,Cristopher Sánchez,1,7
2026-07-06,822958,Tampa Bay Rays,New York Yankees,1,5,643377,Griffin Jax,693645,Cam Schlittler,1,12
2026-07-06,822712,Washington Nationals,Houston Astros,12,11,571945,Miles Mikolas,681347,Mike Burrows,1,3309
2026-07-06,824900,Atlanta Braves,New York Mets,6,7,625643,Reynaldo López,642547,Freddy Peralta,1,4705
2026-07-06,823036,St. Louis Cardinals,Milwaukee Brewers,3,4,669160,Dustin May,675660,Shane Drohan,1,2889
2026-07-06,823282,San Diego Padres,Arizona Diamondbacks,0,8,621111,Walker Buehler,694297,Brandon Pfaadt,1,2680
2026-07-06,823205,San Francisco Giants,Toronto Blue Jays,10,1,694738,Landen Roupp,592332,Kevin Gausman,1,2395
2026-07-06,823930,Los Angeles Dodgers,Colorado Rockies,8,7,641778,Eric Lauer,607536,Kyle Freeland,1,22
2026-07-07,823062,St. Louis Cardinals,Milwaukee Brewers,3,4,694335,Matt Svanson,694819,Jacob Misiorowski,1,2889
2026-07-07,823035,St. Louis Cardinals,Milwaukee Brewers,2,10,690928,Hunter Dobbins,688107,Robert Gasser,2,2889
2026-07-07,824820,Baltimore Orioles,Chicago Cubs,2,5,669358,Shane Baz,571510,Matthew Boyd,1,2
2026-07-07,824254,Detroit Tigers,Athletics,6,2,669373,Tarik Skubal,669372,J.T. Ginn,1,2394
2026-07-07,823361,Pittsburgh Pirates,Atlanta Braves,12,4,694973,Paul Skenes,694462,Hurston Waldrep,1,31
2026-07-07,823847,Miami Marlins,Seattle Mariners,6,5,676974,Max Meyer,693433,Bryan Woo,1,4169
2026-07-07,822956,Tampa Bay Rays,New York Yankees,6,4,693855,Ian Seymour,701542,Will Warren,1,12
2026-07-07,822713,Washington Nationals,Houston Astros,3,6,674841,Andrew Alvarez,837227,Tatsuya Imai,1,3309
2026-07-07,823607,New York Mets,Kansas City Royals,12,16,672335,Cionel Pérez,607625,Seth Lugo,1,3289
2026-07-07,824495,Cincinnati Reds,Philadelphia Phillies,1,4,671096,Andrew Abbott,554430,Zack Wheeler,1,2602
2026-07-07,823687,Minnesota Twins,Cleveland Guardians,3,1,671737,Taj Bradley,676282,Joey Cantillo,1,3312
2026-07-07,824579,Chicago White Sox,Boston Red Sox,1,8,702273,Noah Schultz,801139,Payton Tolle,1,4
2026-07-07,822881,Texas Rangers,Los Angeles Angels,8,3,594798,Jacob deGrom,667755,José Soriano,1,5325
2026-07-07,823280,San Diego Padres,Arizona Diamondbacks,4,1,608566,Germán Márquez,668678,Zac Gallen,1,2680
2026-07-07,823203,San Francisco Giants,Toronto Blue Jays,3,9,686790,Trevor McDonald,693686,Spencer Miles,1,2395
2026-07-07,823929,Los Angeles Dodgers,Colorado Rockies,3,4,680736,Justin Wrobleski,547179,Michael Lorenzen,1,22
2026-07-08,823202,San Francisco Giants,Toronto Blue Jays,0,10,657277,Logan Webb,656302,Dylan Cease,1,2395
2026-07-08,824815,Baltimore Orioles,Chicago Cubs,7,9,665152,Dean Kremer,607067,Colin Rea,1,2
2026-07-08,824253,Detroit Tigers,Athletics,6,1,675512,Troy Melton,605488,Jeffrey Springs,1,2394
2026-07-08,823360,Pittsburgh Pirates,Atlanta Braves,0,3,683003,Jared Jones,656550,Grant Holmes,1,31
2026-07-08,823848,Miami Marlins,Seattle Mariners,2,0,663969,Tyler Phillips,669923,George Kirby,1,4169
2026-07-08,822957,Tampa Bay Rays,New York Yankees,3,0,663556,Shane McClanahan,543037,Gerrit Cole,1,12
2026-07-08,822710,Washington Nationals,Houston Astros,8,2,656492,Foster Griffin,681293,Spencer Arrighetti,1,3309
2026-07-08,823605,New York Mets,Kansas City Royals,6,2,681035,Christian Scott,674444,Steven Cruz,1,3289
2026-07-08,824496,Cincinnati Reds,Philadelphia Phillies,11,5,695505,Chase Burns,660604,Alan Rangel,1,2602
2026-07-08,823684,Minnesota Twins,Cleveland Guardians,6,5,687570,Connor Prielipp,677944,Slade Cecconi,1,3312
2026-07-08,824578,Chicago White Sox,Boston Red Sox,0,5,663436,Davis Martin,687562,Jake Bennett,1,4
2026-07-08,823032,St. Louis Cardinals,Milwaukee Brewers,5,1,700241,Michael McGreevy,690986,Kyle Harrison,1,2889
2026-07-08,822880,Texas Rangers,Los Angeles Angels,1,13,669022,MacKenzie Gore,700712,Walbert Ureña,1,5325
2026-07-08,823928,Los Angeles Dodgers,Colorado Rockies,4,3,808963,Roki Sasaki,687312,Gabriel Hughes,1,22
2026-07-08,823279,San Diego Padres,Arizona Diamondbacks,10,4,650633,Michael King,703615,Jose Cabrera,1,2680
2026-07-09,823359,Pittsburgh Pirates,Atlanta Braves,5,10,656605,Mitch Keller,693821,Bryce Elder,1,31
2026-07-09,823606,New York Mets,Kansas City Royals,7,3,640455,Sean Manaea,608379,Michael Wacha,1,3289
2026-07-09,822954,Tampa Bay Rays,New York Yankees,4,12,656876,Drew Rasmussen,621112,Paul Blackburn,1,12
2026-07-09,824816,Baltimore Orioles,Chicago Cubs,3,2,669432,Trevor Rogers,656849,David Peterson,1,2
2026-07-09,823683,Minnesota Twins,Cleveland Guardians,2,5,641927,Bailey Ober,668909,Gavin Williams,1,3312
2026-07-09,824577,Chicago White Sox,Boston Red Sox,1,2,641743,Anthony Kay,663776,Patrick Sandoval,1,4
2026-07-09,824251,Detroit Tigers,Athletics,4,1,664285,Framber Valdez,660761,José Suarez,1,2394
2026-07-09,823846,Miami Marlins,Seattle Mariners,8,4,676083,Janson Junk,682243,Bryce Miller,1,4169
2026-07-09,824494,Cincinnati Reds,Philadelphia Phillies,0,1,663903,Brady Singer,666200,Jesús Luzardo,1,2602
2026-07-09,823034,St. Louis Cardinals,Milwaukee Brewers,4,8,669467,Andre Pallante,701656,Logan Henderson,1,2889
2026-07-09,822877,Texas Rangers,Los Angeles Angels,7,6,543135,Nathan Eovaldi,672282,Reid Detmers,1,5325
2026-07-09,823277,San Diego Padres,Arizona Diamondbacks,1,3,656288,Griffin Canning,518876,Merrill Kelly,1,2680
2026-07-09,823201,San Francisco Giants,Colorado Rockies,8,2,687931,Carson Whisenhunt,663372,Ryan Feltner,1,2395
2026-07-10,824252,Detroit Tigers,Philadelphia Phillies,10,2,656427,Jack Flaherty,605400,Aaron Nola,1,2394
2026-07-10,822709,Washington Nationals,New York Yankees,3,5,687223,Carson Palmquist,677960,Ryan Weathers,1,3309
2026-07-10,824817,Baltimore Orioles,Kansas City Royals,5,3,687064,Brandon Young,679883,Luinder Avila,1,2
2026-07-10,824493,Cincinnati Reds,Chicago Cubs,4,0,668881,Hunter Greene,684007,Shota Imanaga,1,2602
2026-07-10,822955,Tampa Bay Rays,Seattle Mariners,7,2,607259,Nick Martinez,622491,Luis Castillo,1,12
2026-07-10,823845,Miami Marlins,Cleveland Guardians,2,3,645261,Sandy Alcantara,800048,Parker Messick,1,4169
2026-07-10,823604,New York Mets,Boston Red Sox,2,6,690997,Nolan McLean,543243,Sonny Gray,1,3289
2026-07-10,824575,Chicago White Sox,Athletics,14,1,680732,Sean Burke,682052,Jacob Lopez,1,4
2026-07-10,822878,Texas Rangers,Houston Astros,7,3,615698,Cal Quantrill,686613,Hunter Brown,1,5325
2026-07-10,823685,Minnesota Twins,Los Angeles Angels,3,4,805673,Zebby Matthews,680570,Grayson Rodriguez,1,3312
2026-07-10,823033,St. Louis Cardinals,Atlanta Braves,2,1,681517,Kyle Leahy,519242,Chris Sale,1,2889
2026-07-10,823278,San Diego Padres,Toronto Blue Jays,3,5,676664,JP Sears,669456,Shane Bieber,1,2680
2026-07-10,823927,Los Angeles Dodgers,Arizona Diamondbacks,3,9,669165,Kyle Hurt,593958,Eduardo Rodriguez,1,22
2026-07-10,823200,San Francisco Giants,Colorado Rockies,3,4,592662,Robbie Ray,685299,Tanner Gordon,1,2395
2026-07-11,823357,Pittsburgh Pirates,Milwaukee Brewers,7,6,677952,Braxton Ashcraft,687075,Brandon Sproat,1,31
2026-07-11,823356,Pittsburgh Pirates,Milwaukee Brewers,3,2,696149,Bubba Chandler,675660,Shane Drohan,2,31
2026-07-11,823682,Minnesota Twins,Los Angeles Angels,5,3,657746,Joe Ryan,696270,Ryan Johnson,1,3312
2026-07-11,824576,Chicago White Sox,Athletics,1,0,663542,Bryan Hudson,695611,Gage Jump,1,4
2026-07-11,823198,San Francisco Giants,Colorado Rockies,4,2,641816,Tyler Mahle,607536,Kyle Freeland,1,2395
2026-07-11,822711,Washington Nationals,New York Yankees,2,4,676571,PJ Poulin,693645,Cam Schlittler,1,3309
2026-07-11,823603,New York Mets,Boston Red Sox,0,4,642547,Freddy Peralta,700842,Eduardo Rivera,1,3289
2026-07-11,822953,Tampa Bay Rays,Seattle Mariners,6,1,643377,Griffin Jax,669302,Logan Gilbert,1,12
2026-07-11,823844,Miami Marlins,Cleveland Guardians,1,4,691587,Eury Pérez,676440,Tanner Bibee,1,4169
2026-07-11,824249,Detroit Tigers,Philadelphia Phillies,2,4,663554,Casey Mize,650911,Cristopher Sánchez,1,2394
2026-07-11,824813,Baltimore Orioles,Kansas City Royals,6,1,680694,Kyle Bradish,702070,Noah Cameron,1,2
2026-07-11,822875,Texas Rangers,Houston Astros,3,9,677958,Kumar Rocker,663567,Peter Lambert,1,5325
2026-07-11,824492,Cincinnati Reds,Chicago Cubs,3,5,666157,Nick Lodolo,665871,Javier Assad,1,2602
2026-07-11,823030,St. Louis Cardinals,Atlanta Braves,4,1,669461,Matthew Liberatore,625643,Reynaldo López,1,2889
2026-07-11,823276,San Diego Padres,Toronto Blue Jays,8,7,621111,Walker Buehler,702056,Trey Yesavage,1,2680
2026-07-11,823926,Los Angeles Dodgers,Arizona Diamondbacks,2,9,808967,Yoshinobu Yamamoto,694297,Brandon Pfaadt,1,22
2026-07-12,823358,Pittsburgh Pirates,Milwaukee Brewers,14,5,694973,Paul Skenes,688107,Robert Gasser,1,31
2026-07-12,824814,Baltimore Orioles,Kansas City Royals,8,2,669358,Shane Baz,607625,Seth Lugo,1,2
2026-07-12,822708,Washington Nationals,New York Yankees,3,5,676917,Cade Cavalli,701542,Will Warren,1,3309
2026-07-12,824491,Cincinnati Reds,Chicago Cubs,4,8,671096,Andrew Abbott,571510,Matthew Boyd,1,2602
2026-07-12,823602,New York Mets,Boston Red Sox,2,3,804267,Zac Thornton,801139,Payton Tolle,1,3289
2026-07-12,822951,Tampa Bay Rays,Seattle Mariners,2,8,693855,Ian Seymour,676106,Emerson Hancock,1,12
2026-07-12,824250,Detroit Tigers,Philadelphia Phillies,0,5,669373,Tarik Skubal,554430,Zack Wheeler,1,2394
2026-07-12,823842,Miami Marlins,Cleveland Guardians,2,5,663969,Tyler Phillips,676282,Joey Cantillo,1,4169
2026-07-12,823681,Minnesota Twins,Los Angeles Angels,4,2,671737,Taj Bradley,667755,José Soriano,1,3312
2026-07-12,824574,Chicago White Sox,Athletics,9,1,702273,Noah Schultz,669372,J.T. Ginn,1,4
2026-07-12,823029,St. Louis Cardinals,Atlanta Braves,3,4,669160,Dustin May,664849,Danny Young,1,2889
2026-07-12,822876,Texas Rangers,Houston Astros,6,5,669022,MacKenzie Gore,664299,Cristian Javier,1,5325
2026-07-12,823199,San Francisco Giants,Colorado Rockies,3,1,686790,Trevor McDonald,547179,Michael Lorenzen,1,2395
2026-07-12,823925,Los Angeles Dodgers,Arizona Diamondbacks,3,5,686218,Emmet Sheehan,683352,Mitch Bratt,1,22
2026-07-12,823274,San Diego Padres,Toronto Blue Jays,5,4,608566,Germán Márquez,592332,Kevin Gausman,1,2680
2026-07-16,823440,Philadelphia Phillies,New York Mets,1,4,605400,Aaron Nola,681035,Christian Scott,1,2681
2026-07-17,824766,Boston Red Sox,Tampa Bay Rays,10,0,687562,Jake Bennett,643377,Griffin Jax,1,3
2026-07-17,824737,Boston Red Sox,Tampa Bay Rays,5,3,700842,Eduardo Rivera,669438,Mason Englert,2,3
2026-07-17,823524,New York Yankees,Los Angeles Dodgers,1,2,543037,Gerrit Cole,808963,Roki Sasaki,1,3313
2026-07-17,824901,Atlanta Braves,Texas Rangers,15,1,519242,Chris Sale,615698,Cal Quantrill,1,4705
2026-07-17,822789,Toronto Blue Jays,Chicago White Sox,4,12,693686,Spencer Miles,641743,Anthony Kay,1,14
2026-07-17,823766,Milwaukee Brewers,Miami Marlins,2,1,701656,Logan Henderson,645261,Sandy Alcantara,1,32
2026-07-17,824655,Chicago Cubs,Minnesota Twins,2,5,607067,Colin Rea,641927,Bailey Ober,1,17
2026-07-17,824170,Houston Astros,Baltimore Orioles,2,3,663567,Peter Lambert,665152,Dean Kremer,1,2392
2026-07-17,824090,Kansas City Royals,San Diego Padres,7,6,607625,Seth Lugo,650633,Michael King,1,7
2026-07-17,824332,Colorado Rockies,Cincinnati Reds,2,7,687312,Gabriel Hughes,663903,Brady Singer,1,19
2026-07-17,824009,Los Angeles Angels,Detroit Tigers,1,2,672282,Reid Detmers,675512,Troy Melton,1,1
2026-07-17,824981,Athletics,Washington Nationals,4,23,695611,Gage Jump,676917,Cade Cavalli,1,2529
2026-07-17,825060,Arizona Diamondbacks,St. Louis Cardinals,4,5,518876,Merrill Kelly,700241,Michael McGreevy,1,15
2026-07-17,823115,Seattle Mariners,San Francisco Giants,0,7,682243,Bryce Miller,694738,Landen Roupp,1,680
2026-07-18,824414,Cleveland Guardians,Pittsburgh Pirates,1,7,668909,Gavin Williams,683003,Jared Jones,1,5
2026-07-18,824412,Cleveland Guardians,Pittsburgh Pirates,5,3,671106,Logan Allen,682254,Mason Montgomery,2,5
2026-07-18,824657,Chicago Cubs,Minnesota Twins,6,2,571510,Matthew Boyd,671737,Taj Bradley,1,17
2026-07-18,823441,Philadelphia Phillies,New York Mets,6,1,666200,Jesús Luzardo,640455,Sean Manaea,1,2681
2026-07-18,822790,Toronto Blue Jays,Chicago White Sox,1,0,669456,Shane Bieber,663436,Davis Martin,1,14
2026-07-18,824331,Colorado Rockies,Cincinnati Reds,10,3,608372,Tomoyuki Sugano,695076,Rhett Lowder,1,19
2026-07-18,824169,Houston Astros,Baltimore Orioles,2,4,681293,Spencer Arrighetti,669432,Trevor Rogers,1,2392
2026-07-18,824088,Kansas City Royals,San Diego Padres,6,1,677976,Randy Dobnak,656288,Griffin Canning,1,7
2026-07-18,825059,Arizona Diamondbacks,St. Louis Cardinals,5,3,694297,Brandon Pfaadt,669160,Dustin May,1,15
2026-07-18,824738,Boston Red Sox,Tampa Bay Rays,7,6,663776,Patrick Sandoval,693855,Ian Seymour,1,3
2026-07-18,824899,Atlanta Braves,Texas Rangers,6,7,702566,Owen Murphy,669022,MacKenzie Gore,1,4705
2026-07-18,823763,Milwaukee Brewers,Miami Marlins,8,6,675660,Shane Drohan,676974,Max Meyer,1,32
2026-07-18,823116,Seattle Mariners,San Francisco Giants,4,3,693433,Bryan Woo,657277,Logan Webb,1,680
2026-07-18,824979,Athletics,Washington Nationals,15,1,669372,J.T. Ginn,641793,Zack Littell,1,2529
2026-07-18,824008,Los Angeles Angels,Detroit Tigers,0,7,680570,Grayson Rodriguez,669373,Tarik Skubal,1,1
2026-07-19,822786,Toronto Blue Jays,Chicago White Sox,0,3,702056,Trey Yesavage,680732,Sean Burke,1,14
2026-07-19,823523,New York Yankees,Los Angeles Dodgers,2,8,693645,Cam Schlittler,808967,Yoshinobu Yamamoto,1,3313
2026-07-19,823521,New York Yankees,Los Angeles Dodgers,2,1,642232,Ryan Yarbrough,694361,Will Klein,2,3313
2026-07-19,824739,Boston Red Sox,Tampa Bay Rays,6,1,543243,Sonny Gray,663556,Shane McClanahan,1,3
2026-07-19,823439,Philadelphia Phillies,New York Mets,1,6,660604,Alan Rangel,690997,Nolan McLean,1,2681
2026-07-19,824897,Atlanta Braves,Texas Rangers,8,5,656550,Grant Holmes,543135,Nathan Eovaldi,1,4705
2026-07-19,824411,Cleveland Guardians,Pittsburgh Pirates,1,7,676282,Joey Cantillo,694973,Paul Skenes,1,5
2026-07-19,824168,Houston Astros,Baltimore Orioles,2,5,686613,Hunter Brown,687064,Brandon Young,1,2392
2026-07-19,824086,Kansas City Royals,San Diego Padres,2,19,702070,Noah Cameron,608566,Germán Márquez,1,7
2026-07-19,823764,Milwaukee Brewers,Miami Marlins,3,1,688107,Robert Gasser,691587,Eury Pérez,1,32
2026-07-19,824653,Chicago Cubs,Minnesota Twins,10,1,684007,Shota Imanaga,805673,Zebby Matthews,1,17
2026-07-19,824330,Colorado Rockies,Cincinnati Reds,6,9,663372,Ryan Feltner,668881,Hunter Greene,1,19
2026-07-19,824978,Athletics,Washington Nationals,2,5,682052,Jacob Lopez,656492,Foster Griffin,1,2529
2026-07-19,824007,Los Angeles Angels,Detroit Tigers,3,2,696270,Ryan Johnson,663554,Casey Mize,1,1
2026-07-19,823113,Seattle Mariners,San Francisco Giants,6,3,669302,Logan Gilbert,592662,Robbie Ray,1,680
2026-07-19,825057,Arizona Diamondbacks,St. Louis Cardinals,8,7,593958,Eduardo Rodriguez,669467,Andre Pallante,1,15
2026-07-20,824410,Cleveland Guardians,Minnesota Twins,13,4,676440,Tanner Bibee,657746,Joe Ryan,1,5
2026-07-20,823522,New York Yankees,Pittsburgh Pirates,8,5,677960,Ryan Weathers,677952,Braxton Ashcraft,1,3313
2026-07-20,822788,Toronto Blue Jays,Tampa Bay Rays,1,7,656302,Dylan Cease,607259,Nick Martinez,1,14
2026-07-20,824736,Boston Red Sox,Baltimore Orioles,6,5,801139,Payton Tolle,669358,Shane Baz,1,3
2026-07-20,823436,Philadelphia Phillies,Los Angeles Dodgers,10,7,650911,Cristopher Sánchez,686218,Emmet Sheehan,1,2681
2026-07-20,824898,Atlanta Braves,San Diego Padres,3,2,693821,Bryce Elder,676664,JP Sears,1,4705
2026-07-20,824087,Kansas City Royals,San Francisco Giants,4,3,608379,Michael Wacha,686790,Trevor McDonald,1,7
2026-07-20,823762,Milwaukee Brewers,New York Mets,8,3,694819,Jacob Misiorowski,642547,Freddy Peralta,1,32
2026-07-20,824654,Chicago Cubs,Detroit Tigers,6,8,592791,Jameson Taillon,656427,Jack Flaherty,1,17
2026-07-20,822874,Texas Rangers,Chicago White Sox,3,10,594798,Jacob deGrom,607200,Erick Fedde,1,5325
2026-07-20,824167,Houston Astros,Miami Marlins,8,5,669854,Ronel Blanco,676083,Janson Junk,1,2392
2026-07-20,824328,Colorado Rockies,Washington Nationals,3,7,607536,Kyle Freeland,674841,Andrew Alvarez,1,19
2026-07-20,825058,Arizona Diamondbacks,Athletics,2,5,683352,Mitch Bratt,605488,Jeffrey Springs,1,15
2026-07-20,823112,Seattle Mariners,Cincinnati Reds,8,0,669923,George Kirby,671096,Andrew Abbott,1,680
2026-07-20,824006,Los Angeles Angels,St. Louis Cardinals,3,2,667755,José Soriano,681517,Kyle Leahy,1,1
2026-07-21,824409,Cleveland Guardians,Minnesota Twins,5,2,800048,Parker Messick,696070,Kendry Rojas,1,5
2026-07-21,823437,Philadelphia Phillies,Los Angeles Dodgers,1,2,554430,Zack Wheeler,680736,Justin Wrobleski,1,2681
2026-07-21,822787,Toronto Blue Jays,Tampa Bay Rays,2,12,592332,Kevin Gausman,656876,Drew Rasmussen,1,14
2026-07-21,824895,Atlanta Braves,San Diego Padres,3,8,625643,Reynaldo López,621111,Walker Buehler,1,4705
2026-07-21,824085,Kansas City Royals,San Francisco Giants,3,2,679883,Luinder Avila,641816,Tyler Mahle,1,7
2026-07-21,823760,Milwaukee Brewers,New York Mets,0,4,687075,Brandon Sproat,804267,Zac Thornton,1,32
2026-07-21,824652,Chicago Cubs,Detroit Tigers,11,2,656849,David Peterson,664285,Framber Valdez,1,17
2026-07-21,822871,Texas Rangers,Chicago White Sox,10,0,677958,Kumar Rocker,702273,Noah Schultz,1,5325
2026-07-21,824165,Houston Astros,Miami Marlins,5,3,837227,Tatsuya Imai,663969,Tyler Phillips,1,2392
2026-07-21,824329,Colorado Rockies,Washington Nationals,8,7,547179,Michael Lorenzen,687223,Carson Palmquist,1,19
2026-07-21,824005,Los Angeles Angels,St. Louis Cardinals,5,1,700712,Walbert Ureña,669461,Matthew Liberatore,1,1
2026-07-21,825056,Arizona Diamondbacks,Athletics,6,5,684442,Kohl Drake,678022,Jack Perkins,1,15
2026-07-21,823114,Seattle Mariners,Cincinnati Reds,2,4,622491,Luis Castillo,695505,Chase Burns,1,680
2026-07-22,823518,New York Yankees,Pittsburgh Pirates,3,5,543037,Gerrit Cole,656605,Mitch Keller,1,3313
2026-07-22,823519,New York Yankees,Pittsburgh Pirates,2,0,608331,Max Fried,696149,Bubba Chandler,2,3313
2026-07-22,824735,Boston Red Sox,Baltimore Orioles,6,3,687562,Jake Bennett,665152,Dean Kremer,1,3
2026-07-22,824732,Boston Red Sox,Baltimore Orioles,1,5,700842,Eduardo Rivera,680694,Kyle Bradish,2,3
2026-07-22,824083,Kansas City Royals,San Francisco Giants,5,4,607625,Seth Lugo,694738,Landen Roupp,1,7
2026-07-22,823761,Milwaukee Brewers,New York Mets,4,3,701656,Logan Henderson,681035,Christian Scott,1,32
2026-07-22,824327,Colorado Rockies,Washington Nationals,0,8,687312,Gabriel Hughes,676917,Cade Cavalli,1,19
2026-07-22,825055,Arizona Diamondbacks,Athletics,15,5,518876,Merrill Kelly,695611,Gage Jump,1,15
2026-07-22,823110,Seattle Mariners,Cincinnati Reds,3,5,676106,Emerson Hancock,663903,Brady Singer,1,680
2026-07-22,824004,Los Angeles Angels,St. Louis Cardinals,0,1,672282,Reid Detmers,690928,Hunter Dobbins,1,1
2026-07-22,824408,Cleveland Guardians,Minnesota Twins,6,10,677944,Slade Cecconi,641927,Bailey Ober,1,5
2026-07-22,823438,Philadelphia Phillies,Los Angeles Dodgers,5,9,605400,Aaron Nola,641778,Eric Lauer,1,2681
2026-07-22,822784,Toronto Blue Jays,Tampa Bay Rays,2,4,680755,Braydon Fisher,643377,Griffin Jax,1,14
2026-07-22,824896,Atlanta Braves,San Diego Padres,7,6,527048,Martín Pérez,650633,Michael King,1,4705
2026-07-22,822873,Texas Rangers,Chicago White Sox,2,4,641302,Tyler Alexander,641743,Anthony Kay,1,5325
2026-07-22,824650,Chicago Cubs,Detroit Tigers,1,5,607067,Colin Rea,672456,Keider Montero,1,17
2026-07-22,824166,Houston Astros,Miami Marlins,5,2,663567,Peter Lambert,645261,Sandy Alcantara,1,2392
2026-07-23,824893,Atlanta Braves,San Diego Padres,6,5,519242,Chris Sale,606996,Kyle Hart,1,4705
2026-07-23,824406,Cleveland Guardians,Minnesota Twins,1,3,668909,Gavin Williams,671737,Taj Bradley,1,5
2026-07-23,822785,Toronto Blue Jays,Tampa Bay Rays,3,1,669456,Shane Bieber,668984,Casey Legumina,1,14
2026-07-23,823042,St. Louis Cardinals,Arizona Diamondbacks,6,10,700241,Michael McGreevy,694297,Brandon Pfaadt,1,2889
2026-07-23,824247,Detroit Tigers,Kansas City Royals,4,3,675512,Troy Melton,677976,Randy Dobnak,1,2394
2026-07-24,823759,Milwaukee Brewers,Colorado Rockies,2,5,675660,Shane Drohan,608372,Tomoyuki Sugano,1,32
2026-07-24,824248,Detroit Tigers,Kansas City Royals,2,1,669373,Tarik Skubal,694360,Beck Way,1,2394
2026-07-24,823352,Pittsburgh Pirates,Chicago Cubs,2,3,683003,Jared Jones,571510,Matthew Boyd,1,31
2026-07-24,822707,Washington Nationals,Arizona Diamondbacks,2,3,687223,Carson Palmquist,593958,Eduardo Rodriguez,1,3309
2026-07-24,823434,Philadelphia Phillies,New York Yankees,0,1,666200,Jesús Luzardo,693645,Cam Schlittler,1,2681
2026-07-24,824812,Baltimore Orioles,Atlanta Braves,6,7,669432,Trevor Rogers,656550,Grant Holmes,1,2
2026-07-24,823601,New York Mets,Los Angeles Dodgers,2,4,640455,Sean Manaea,808963,Roki Sasaki,1,3289
2026-07-24,822952,Tampa Bay Rays,Cleveland Guardians,11,3,663556,Shane McClanahan,676282,Joey Cantillo,1,12
2026-07-24,823843,Miami Marlins,San Diego Padres,2,4,687473,Ryan Gusto,608566,Germán Márquez,1,4169
2026-07-24,824733,Boston Red Sox,Toronto Blue Jays,6,4,663776,Patrick Sandoval,702056,Trey Yesavage,1,3
2026-07-24,824573,Chicago White Sox,Houston Astros,5,9,663436,Davis Martin,681293,Spencer Arrighetti,1,4
2026-07-24,822872,Texas Rangers,Seattle Mariners,5,4,669022,MacKenzie Gore,682243,Bryce Miller,1,5325
2026-07-24,823680,Minnesota Twins,Athletics,0,2,805673,Zebby Matthews,682052,Jacob Lopez,1,3312
2026-07-24,823031,St. Louis Cardinals,Cincinnati Reds,2,4,669160,Dustin May,695076,Rhett Lowder,1,2889
2026-07-24,823196,San Francisco Giants,Los Angeles Angels,7,6,657277,Logan Webb,680570,Grayson Rodriguez,1,2395
2026-07-25,824244,Detroit Tigers,Kansas City Royals,2,3,663554,Casey Mize,608379,Michael Wacha,1,2394
2026-07-25,822704,Washington Nationals,Arizona Diamondbacks,5,3,656492,Foster Griffin,683352,Mitch Bratt,1,3309
2026-07-25,823197,San Francisco Giants,Los Angeles Angels,9,2,592662,Robbie Ray,696270,Ryan Johnson,1,2395
2026-07-25,824734,Boston Red Sox,Toronto Blue Jays,0,6,543243,Sonny Gray,656302,Dylan Cease,1,3
2026-07-25,823841,Miami Marlins,San Diego Padres,2,7,691587,Eury Pérez,681190,Randy Vásquez,1,4169
2026-07-25,823435,Philadelphia Phillies,New York Yankees,1,3,641835,Tim Mayza,677960,Ryan Weathers,1,2681
2026-07-25,822948,Tampa Bay Rays,Cleveland Guardians,3,0,607259,Nick Martinez,676440,Tanner Bibee,1,12
2026-07-25,823355,Pittsburgh Pirates,Chicago Cubs,0,11,694973,Paul Skenes,684007,Shota Imanaga,1,31
2026-07-25,824811,Baltimore Orioles,Atlanta Braves,3,2,687064,Brandon Young,693821,Bryce Elder,1,2
2026-07-25,823679,Minnesota Twins,Athletics,2,0,696070,Kendry Rojas,669620,Brady Basso,1,3312
2026-07-25,824571,Chicago White Sox,Houston Astros,1,4,680732,Sean Burke,686613,Hunter Brown,1,4
2026-07-25,823758,Milwaukee Brewers,Colorado Rockies,8,5,688107,Robert Gasser,663372,Ryan Feltner,1,32
2026-07-25,823600,New York Mets,Los Angeles Dodgers,3,4,690997,Nolan McLean,808967,Yoshinobu Yamamoto,1,3289
2026-07-25,823027,St. Louis Cardinals,Cincinnati Reds,7,0,669467,Andre Pallante,668881,Hunter Greene,1,2889
2026-07-25,822869,Texas Rangers,Seattle Mariners,7,1,543135,Nathan Eovaldi,693433,Bryan Woo,1,5325
2026-07-26,822950,Tampa Bay Rays,Cleveland Guardians,1,0,656876,Drew Rasmussen,800048,Parker Messick,1,12
2026-07-26,822706,Washington Nationals,Arizona Diamondbacks,10,7,571945,Miles Mikolas,684442,Kohl Drake,1,3309
2026-07-26,823354,Pittsburgh Pirates,Chicago Cubs,8,7,677952,Braxton Ashcraft,592791,Jameson Taillon,1,31
2026-07-26,824730,Boston Red Sox,Toronto Blue Jays,6,1,624133,Ranger Suarez,592332,Kevin Gausman,1,3
2026-07-26,824810,Baltimore Orioles,Atlanta Braves,2,3,669358,Shane Baz,625643,Reynaldo López,1,2
2026-07-26,824246,Detroit Tigers,Kansas City Royals,4,5,664285,Framber Valdez,679883,Luinder Avila,1,2394
2026-07-26,823599,New York Mets,Los Angeles Dodgers,8,3,642547,Freddy Peralta,686218,Emmet Sheehan,1,3289
2026-07-26,823840,Miami Marlins,San Diego Padres,3,5,676083,Janson Junk,621111,Walker Buehler,1,4169
2026-07-26,823678,Minnesota Twins,Athletics,11,8,687570,Connor Prielipp,605488,Jeffrey Springs,1,3312
2026-07-26,824572,Chicago White Sox,Houston Astros,12,3,607200,Erick Fedde,669854,Ronel Blanco,1,4
2026-07-26,823755,Milwaukee Brewers,Colorado Rockies,11,2,694819,Jacob Misiorowski,607536,Kyle Freeland,1,32
2026-07-26,823028,St. Louis Cardinals,Cincinnati Reds,3,5,681517,Kyle Leahy,671096,Andrew Abbott,1,2889
2026-07-26,822870,Texas Rangers,Seattle Mariners,4,6,594798,Jacob deGrom,669302,Logan Gilbert,1,5325
2026-07-26,823194,San Francisco Giants,Los Angeles Angels,3,4,687931,Carson Whisenhunt,667755,José Soriano,1,2395
2026-07-26,823433,Philadelphia Phillies,New York Yankees,11,4,650911,Cristopher Sánchez,701542,Will Warren,1,2681
2026-07-27,822868,Texas Rangers,Seattle Mariners,7,3,677958,Kumar Rocker,669923,George Kirby,1,5325
2026-07-27,824245,Detroit Tigers,Baltimore Orioles,5,8,672456,Keider Montero,680694,Kyle Bradish,1,2394
2026-07-27,823353,Pittsburgh Pirates,Arizona Diamondbacks,3,2,656605,Mitch Keller,518876,Merrill Kelly,1,31
2026-07-27,823839,Miami Marlins,Philadelphia Phillies,8,7,663969,Tyler Phillips,554430,Zack Wheeler,1,4169
2026-07-27,822705,Washington Nationals,Toronto Blue Jays,2,3,678868,Eddy Yean,453286,Max Scherzer,1,3309
2026-07-27,823597,New York Mets,Atlanta Braves,14,3,804267,Zac Thornton,527048,Martín Pérez,1,3289
2026-07-27,824570,Chicago White Sox,New York Yankees,5,9,702273,Noah Schultz,608331,Max Fried,1,4
2026-07-27,823025,St. Louis Cardinals,Chicago Cubs,3,7,669461,Matthew Liberatore,656849,David Peterson,1,2889
2026-07-27,824001,Los Angeles Angels,Houston Astros,4,6,700712,Walbert Ureña,837227,Tatsuya Imai,1,1
2026-07-27,824977,Athletics,Boston Red Sox,2,4,678022,Jack Perkins,801139,Payton Tolle,1,2529
2026-07-27,823195,San Francisco Giants,Milwaukee Brewers,3,0,641816,Tyler Mahle,687075,Brandon Sproat,1,2395
2026-07-28,824490,Cincinnati Reds,Cleveland Guardians,5,6,695505,Chase Burns,677944,Slade Cecconi,1,2602
2026-07-28,824489,Cincinnati Reds,Cleveland Guardians,2,0,657571,Caleb Ferguson,668909,Gavin Williams,2,2602
2026-07-28,824243,Detroit Tigers,Baltimore Orioles,14,0,675512,Troy Melton,665152,Dean Kremer,1,2394
2026-07-28,823350,Pittsburgh Pirates,Arizona Diamondbacks,7,8,696149,Bubba Chandler,694297,Brandon Pfaadt,1,31
2026-07-28,822949,Tampa Bay Rays,Texas Rangers,1,4,643377,Griffin Jax,615698,Cal Quantrill,1,12
2026-07-28,823838,Miami Marlins,Philadelphia Phillies,1,0,645261,Sandy Alcantara,605400,Aaron Nola,1,4169
2026-07-28,822703,Washington Nationals,Toronto Blue Jays,8,6,676917,Cade Cavalli,669456,Shane Bieber,1,3309
2026-07-28,823676,Minnesota Twins,Kansas City Royals,3,2,671737,Taj Bradley,607625,Seth Lugo,1,3312
2026-07-28,824569,Chicago White Sox,New York Yankees,2,3,641743,Anthony Kay,543037,Gerrit Cole,1,4
2026-07-28,823026,St. Louis Cardinals,Chicago Cubs,2,10,700241,Michael McGreevy,607067,Colin Rea,1,2889
2026-07-28,824003,Los Angeles Angels,Houston Astros,2,3,672282,Reid Detmers,663567,Peter Lambert,1,1
2026-07-28,824976,Athletics,Boston Red Sox,4,3,695611,Gage Jump,687562,Jake Bennett,1,2529
2026-07-28,823275,San Diego Padres,Colorado Rockies,8,7,650633,Michael King,547179,Michael Lorenzen,1,2680
2026-07-28,823193,San Francisco Giants,Milwaukee Brewers,2,8,694738,Landen Roupp,701656,Logan Henderson,1,2395
2026-07-28,823923,Los Angeles Dodgers,Seattle Mariners,6,7,680736,Justin Wrobleski,622491,Luis Castillo,1,22
2026-07-29,823837,Miami Marlins,Philadelphia Phillies,8,6,687473,Ryan Gusto,666200,Jesús Luzardo,1,4169
2026-07-29,823351,Pittsburgh Pirates,Arizona Diamondbacks,0,3,683003,Jared Jones,593958,Eduardo Rodriguez,1,31
2026-07-29,822702,Washington Nationals,Toronto Blue Jays,2,5,641793,Zack Littell,702056,Trey Yesavage,1,3309
2026-07-29,824242,Detroit Tigers,Baltimore Orioles,9,10,669373,Tarik Skubal,669432,Trevor Rogers,1,2394
2026-07-29,823596,New York Mets,Atlanta Braves,3,2,640455,Sean Manaea,700363,AJ Smith-Shawver,1,3289
2026-07-29,823598,New York Mets,Atlanta Braves,0,1,681035,Christian Scott,519242,Chris Sale,2,3289
2026-07-29,823192,San Francisco Giants,Milwaukee Brewers,16,3,657277,Logan Webb,623381,Thomas Pannone,1,2395
2026-07-29,823273,San Diego Padres,Colorado Rockies,3,1,606996,Kyle Hart,687312,Gabriel Hughes,1,2680
2026-07-29,822947,Tampa Bay Rays,Texas Rangers,3,0,668984,Casey Legumina,669022,MacKenzie Gore,1,12
2026-07-29,824487,Cincinnati Reds,Cleveland Guardians,1,6,663903,Brady Singer,676282,Joey Cantillo,1,2602
2026-07-29,823677,Minnesota Twins,Kansas City Royals,0,4,657746,Joe Ryan,677976,Randy Dobnak,1,3312
2026-07-29,824567,Chicago White Sox,New York Yankees,6,5,663436,Davis Martin,693645,Cam Schlittler,1,4
2026-07-29,823022,St. Louis Cardinals,Chicago Cubs,3,2,669160,Dustin May,571510,Matthew Boyd,1,2889
2026-07-29,824002,Los Angeles Angels,Houston Astros,4,7,680570,Grayson Rodriguez,669713,Hayden Wesneski,1,1
2026-07-29,824973,Athletics,Boston Red Sox,2,4,682052,Jacob Lopez,663776,Patrick Sandoval,1,2529
2026-07-29,823924,Los Angeles Dodgers,Seattle Mariners,4,2,641778,Eric Lauer,676106,Emerson Hancock,1,22
2026-07-30,822946,Tampa Bay Rays,Texas Rangers,3,2,663556,Shane McClanahan,668390,Cole Winn,1,12
2026-07-30,823674,Minnesota Twins,Kansas City Royals,4,3,641927,Bailey Ober,702070,Noah Cameron,1,3312
2026-07-30,824568,Chicago White Sox,New York Yankees,2,1,680732,Sean Burke,677960,Ryan Weathers,1,4
2026-07-30,823023,St. Louis Cardinals,Chicago Cubs,2,4,669467,Andre Pallante,665871,Javier Assad,1,2889
2026-07-30,824488,Cincinnati Reds,Pittsburgh Pirates,3,2,695076,Rhett Lowder,670990,Yohan Ramírez,1,2602
2026-07-30,823595,New York Mets,Miami Marlins,4,2,690997,Nolan McLean,691587,Eury Pérez,1,3289
2026-07-30,824894,Atlanta Braves,Washington Nationals,5,4,656550,Grant Holmes,663623,Jake Irvin,1,4705
2026-07-30,824974,Athletics,Boston Red Sox,4,5,686930,Mason Barnett,543243,Sonny Gray,1,2529
2026-07-30,823271,San Diego Padres,San Francisco Giants,1,4,676664,JP Sears,592662,Robbie Ray,1,2680
2026-07-30,823921,Los Angeles Dodgers,Seattle Mariners,6,2,808963,Roki Sasaki,693433,Bryan Woo,1,22
2026-07-31,824651,Chicago Cubs,New York Yankees,0,2,684007,Shota Imanaga,701542,Will Warren,1,17
2026-07-31,824486,Cincinnati Reds,Pittsburgh Pirates,8,7,668881,Hunter Greene,694973,Paul Skenes,1,2602
2026-07-31,824809,Baltimore Orioles,Philadelphia Phillies,6,4,687064,Brandon Young,691725,Andrew Painter,1,2
2026-07-31,822782,Toronto Blue Jays,St. Louis Cardinals,3,1,656302,Dylan Cease,681517,Kyle Leahy,1,14
2026-07-31,824407,Cleveland Guardians,Arizona Diamondbacks,1,4,676440,Tanner Bibee,683352,Mitch Bratt,1,5
2026-07-31,822945,Tampa Bay Rays,Chicago White Sox,1,6,607259,Nick Martinez,607200,Erick Fedde,1,12
2026-07-31,823593,New York Mets,Miami Marlins,2,5,673540,Kodai Senga,676083,Janson Junk,1,3289
2026-07-31,824892,Atlanta Braves,Washington Nationals,6,2,693821,Bryce Elder,656492,Foster Griffin,1,4705
2026-07-31,824164,Houston Astros,Texas Rangers,11,2,686613,Hunter Brown,543135,Nathan Eovaldi,1,2392
2026-07-31,824325,Colorado Rockies,Kansas City Royals,3,1,608372,Tomoyuki Sugano,608379,Michael Wacha,1,19
2026-07-31,823999,Los Angeles Angels,Milwaukee Brewers,2,6,696270,Ryan Johnson,675660,Shane Drohan,1,1
2026-07-31,824975,Athletics,Detroit Tigers,1,13,605488,Jeffrey Springs,663947,Tyler Holton,1,2529
2026-07-31,823272,San Diego Padres,San Francisco Giants,7,0,699134,Bradgley Rodriguez,687931,Carson Whisenhunt,1,2680
2026-07-31,823922,Los Angeles Dodgers,Boston Red Sox,4,9,683618,Edgardo Henriquez,624133,Ranger Suarez,1,22
2026-07-31,823111,Seattle Mariners,Minnesota Twins,3,5,682243,Bryce Miller,805673,Zebby Matthews,1,680
2026-08-01,822781,Toronto Blue Jays,St. Louis Cardinals,5,1,592332,Kevin Gausman,687273,Quinn Mathews,1,14
2026-08-01,823109,Seattle Mariners,Minnesota Twins,4,3,669302,Logan Gilbert,687570,Connor Prielipp,1,680
2026-08-01,822944,Tampa Bay Rays,Chicago White Sox,1,0,656876,Drew Rasmussen,663855,Jordan Hicks,1,12
2026-08-01,823594,New York Mets,Miami Marlins,2,6,804267,Zac Thornton,663969,Tyler Phillips,1,3289
2026-08-01,824485,Cincinnati Reds,Pittsburgh Pirates,1,4,671096,Andrew Abbott,677952,Braxton Ashcraft,1,2602
2026-08-01,824808,Baltimore Orioles,Philadelphia Phillies,0,5,669358,Shane Baz,650911,Cristopher Sánchez,1,2
2026-08-01,824162,Houston Astros,Texas Rangers,5,4,669854,Ronel Blanco,594798,Jacob deGrom,1,2392
2026-08-01,824405,Cleveland Guardians,Arizona Diamondbacks,8,12,800048,Parker Messick,684442,Kohl Drake,1,5
2026-08-01,824890,Atlanta Braves,Washington Nationals,8,3,527048,Martín Pérez,571945,Miles Mikolas,1,4705
2026-08-01,824649,Chicago Cubs,New York Yankees,5,2,656849,David Peterson,608331,Max Fried,1,17
2026-08-01,824326,Colorado Rockies,Kansas City Royals,12,6,663372,Ryan Feltner,679883,Luinder Avila,1,19
2026-08-01,823269,San Diego Padres,San Francisco Giants,6,5,621111,Walker Buehler,641816,Tyler Mahle,1,2680
2026-08-01,823920,Los Angeles Dodgers,Boston Red Sox,2,3,808967,Yoshinobu Yamamoto,801139,Payton Tolle,1,22
2026-08-01,824000,Los Angeles Angels,Milwaukee Brewers,1,3,608718,Brent Suter,688107,Robert Gasser,1,1
2026-08-01,824972,Athletics,Detroit Tigers,6,8,678022,Jack Perkins,664285,Framber Valdez,1,2529
2026-08-02,824807,Baltimore Orioles,Philadelphia Phillies,0,8,680694,Kyle Bradish,554430,Zack Wheeler,1,2
2026-08-02,824891,Atlanta Braves,Washington Nationals,4,2,702275,JR Ritchie,676917,Cade Cavalli,1,4705
2026-08-02,822783,Toronto Blue Jays,St. Louis Cardinals,1,5,453286,Max Scherzer,669461,Matthew Liberatore,1,14
2026-08-02,824404,Cleveland Guardians,Arizona Diamondbacks,5,0,668909,Gavin Williams,518876,Merrill Kelly,1,5
2026-08-02,824483,Cincinnati Reds,Pittsburgh Pirates,10,2,695505,Chase Burns,656605,Mitch Keller,1,2602
2026-08-02,822943,Tampa Bay Rays,Chicago White Sox,1,9,643377,Griffin Jax,641743,Anthony Kay,1,12
2026-08-02,823592,New York Mets,Miami Marlins,0,2,476594,Robert Stock,645261,Sandy Alcantara,1,3289
2026-08-02,824163,Houston Astros,Texas Rangers,7,3,663567,Peter Lambert,677958,Kumar Rocker,1,2392
2026-08-02,824648,Chicago Cubs,New York Yankees,1,2,607067,Colin Rea,543037,Gerrit Cole,1,17
2026-08-02,824323,Colorado Rockies,Kansas City Royals,8,1,607536,Kyle Freeland,607625,Seth Lugo,1,19
2026-08-02,823996,Los Angeles Angels,Milwaukee Brewers,3,0,700712,Walbert Ureña,694819,Jacob Misiorowski,1,1
2026-08-02,824971,Athletics,Detroit Tigers,0,11,695611,Gage Jump,672456,Keider Montero,1,2529
2026-08-02,823270,San Diego Padres,San Francisco Giants,5,4,606996,Kyle Hart,694738,Landen Roupp,1,2680
2026-08-02,823107,Seattle Mariners,Minnesota Twins,7,6,669923,George Kirby,671737,Taj Bradley,1,680
2026-08-02,823919,Los Angeles Dodgers,Boston Red Sox,4,8,686218,Emmet Sheehan,687562,Jake Bennett,1,22
2026-08-03,823431,Philadelphia Phillies,Washington Nationals,6,3,605400,Aaron Nola,674841,Andrew Alvarez,1,2681
2026-08-03,823520,New York Yankees,St. Louis Cardinals,7,13,693645,Cam Schlittler,700241,Michael McGreevy,1,3313
2026-08-03,823757,Milwaukee Brewers,Pittsburgh Pirates,3,4,687075,Brandon Sproat,696149,Bubba Chandler,1,32
2026-08-03,824647,Chicago Cubs,Los Angeles Dodgers,10,5,571510,Matthew Boyd,680736,Justin Wrobleski,1,17
2026-08-03,822867,Texas Rangers,San Francisco Giants,1,5,615698,Cal Quantrill,657277,Logan Webb,1,5325
2026-08-03,824160,Houston Astros,Toronto Blue Jays,1,3,664299,Cristian Javier,669456,Shane Bieber,1,2392
2026-08-03,824324,Colorado Rockies,Tampa Bay Rays,9,13,547179,Michael Lorenzen,693855,Ian Seymour,1,19
2026-08-03,825095,Arizona Diamondbacks,San Diego Padres,5,1,694297,Brandon Pfaadt,650633,Michael King,1,15
2026-08-04,824805,Baltimore Orioles,Los Angeles Angels,3,1,700249,Cade Povich,680570,Grayson Rodriguez,1,2
2026-08-04,824403,Cleveland Guardians,New York Mets,2,6,676282,Joey Cantillo,640455,Sean Manaea,1,5
2026-08-04,824484,Cincinnati Reds,Athletics,5,4,663903,Brady Singer,669372,J.T. Ginn,1,2602
2026-08-04,823432,Philadelphia Phillies,Washington Nationals,5,0,666200,Jesús Luzardo,687223,Carson Palmquist,1,2681
2026-08-04,823517,New York Yankees,St. Louis Cardinals,2,0,677960,Ryan Weathers,690928,Hunter Dobbins,1,3313
2026-08-04,824731,Boston Red Sox,Chicago White Sox,14,2,663776,Patrick Sandoval,663436,Davis Martin,1,3
2026-08-04,824888,Atlanta Braves,Miami Marlins,4,2,656550,Grant Holmes,687473,Ryan Gusto,1,4705
2026-08-04,824084,Kansas City Royals,Minnesota Twins,8,2,677976,Randy Dobnak,657746,Joe Ryan,1,7
2026-08-04,823756,Milwaukee Brewers,Pittsburgh Pirates,4,2,701656,Logan Henderson,683003,Jared Jones,1,32
2026-08-04,824645,Chicago Cubs,Los Angeles Dodgers,5,1,665871,Javier Assad,669373,Tarik Skubal,1,17
2026-08-04,822865,Texas Rangers,San Francisco Giants,5,4,669022,MacKenzie Gore,694918,Blade Tidwell,1,5325
2026-08-04,824161,Houston Astros,Toronto Blue Jays,7,2,669713,Hayden Wesneski,702056,Trey Yesavage,1,2392
2026-08-04,824321,Colorado Rockies,Tampa Bay Rays,7,9,687312,Gabriel Hughes,642547,Freddy Peralta,1,19
2026-08-04,825054,Arizona Diamondbacks,San Diego Padres,4,9,593958,Eduardo Rodriguez,681190,Randy Vásquez,1,15
2026-08-04,823108,Seattle Mariners,Detroit Tigers,0,8,676106,Emerson Hancock,675512,Troy Melton,1,680
2026-08-05,824158,Houston Astros,Toronto Blue Jays,4,5,686613,Hunter Brown,592791,Jameson Taillon,1,2392
2026-08-05,824646,Chicago Cubs,Los Angeles Dodgers,7,6,684007,Shota Imanaga,641778,Eric Lauer,1,17
2026-08-05,822866,Texas Rangers,San Francisco Giants,6,0,674003,Cody Bradford,687931,Carson Whisenhunt,1,5325
2026-08-05,824322,Colorado Rockies,Tampa Bay Rays,0,4,608372,Tomoyuki Sugano,607259,Nick Martinez,1,19
2026-08-05,824806,Baltimore Orioles,Los Angeles Angels,5,2,669432,Trevor Rogers,672282,Reid Detmers,1,2
2026-08-05,824402,Cleveland Guardians,New York Mets,5,6,676440,Tanner Bibee,681035,Christian Scott,1,5
2026-08-05,824482,Cincinnati Reds,Athletics,3,2,695076,Rhett Lowder,682052,Jacob Lopez,1,2602
2026-08-05,823429,Philadelphia Phillies,Washington Nationals,4,10,691725,Andrew Painter,663623,Jake Irvin,1,2681
2026-08-05,823516,New York Yankees,St. Louis Cardinals,1,3,701542,Will Warren,669467,Andre Pallante,1,3313
2026-08-05,824728,Boston Red Sox,Chicago White Sox,4,0,543243,Sonny Gray,680732,Sean Burke,1,3
2026-08-05,824889,Atlanta Braves,Miami Marlins,4,1,693821,Bryce Elder,691587,Eury Pérez,1,4705
2026-08-05,824082,Kansas City Royals,Minnesota Twins,2,1,702070,Noah Cameron,665152,Dean Kremer,1,7
2026-08-05,823753,Milwaukee Brewers,Pittsburgh Pirates,4,2,690986,Kyle Harrison,694973,Paul Skenes,1,32
2026-08-05,825052,Arizona Diamondbacks,San Diego Padres,10,4,683352,Mitch Bratt,663554,Casey Mize,1,15
2026-08-05,823106,Seattle Mariners,Detroit Tigers,4,2,693433,Bryan Woo,623454,Drew Anderson,1,680
2026-08-06,824804,Baltimore Orioles,Los Angeles Angels,1,4,687064,Brandon Young,696270,Ryan Johnson,1,2
2026-08-06,824481,Cincinnati Reds,Athletics,6,5,671096,Andrew Abbott,686930,Mason Barnett,1,2602
2026-08-06,824401,Cleveland Guardians,New York Mets,6,13,656492,Foster Griffin,690997,Nolan McLean,1,5
2026-08-06,823754,Milwaukee Brewers,Pittsburgh Pirates,5,2,669160,Dustin May,677952,Braxton Ashcraft,1,32
2026-08-06,824664,Chicago Cubs,Toronto Blue Jays,3,2,656849,David Peterson,656302,Dylan Cease,1,17
2026-08-06,823105,Seattle Mariners,Detroit Tigers,0,11,682243,Bryce Miller,664285,Framber Valdez,1,680
2026-08-06,823430,Philadelphia Phillies,Washington Nationals,7,3,650911,Cristopher Sánchez,571945,Miles Mikolas,1,2681
2026-08-06,824729,Boston Red Sox,Chicago White Sox,12,11,624133,Ranger Suarez,622491,Luis Castillo,1,3
2026-08-06,824885,Atlanta Braves,Miami Marlins,11,3,527048,Martín Pérez,676083,Janson Junk,1,4705
2026-08-06,824080,Kansas City Royals,Minnesota Twins,3,4,608379,Michael Wacha,641927,Bailey Ober,1,7
2026-08-06,825053,Arizona Diamondbacks,San Diego Padres,1,5,684442,Kohl Drake,621111,Walker Buehler,1,15
2026-08-07,823349,Pittsburgh Pirates,New York Mets,4,6,669387,Carmen Mlodzinski,804267,Zac Thornton,1,31
2026-08-07,823428,Philadelphia Phillies,Toronto Blue Jays,4,5,554430,Zack Wheeler,667755,José Soriano,1,2681
2026-08-07,822699,Washington Nationals,Cincinnati Reds,5,3,676917,Cade Cavalli,695534,Chase Petty,1,3309
2026-08-07,823515,New York Yankees,Atlanta Braves,3,2,608331,Max Fried,641816,Tyler Mahle,1,3313
2026-08-07,824727,Boston Red Sox,Athletics,13,1,801139,Payton Tolle,678022,Jack Perkins,1,3
2026-08-07,823836,Miami Marlins,Los Angeles Angels,3,4,663969,Tyler Phillips,691946,George Klassen,1,4169
2026-08-07,824566,Chicago White Sox,Cleveland Guardians,2,8,702273,Noah Schultz,800048,Parker Messick,1,4
2026-08-07,823750,Milwaukee Brewers,Minnesota Twins,6,8,675660,Shane Drohan,805673,Zebby Matthews,1,32
2026-08-07,824081,Kansas City Royals,Chicago Cubs,4,6,663738,Daniel Lynch IV,592332,Kevin Gausman,1,7
2026-08-07,823024,St. Louis Cardinals,Colorado Rockies,3,2,681517,Kyle Leahy,663372,Ryan Feltner,1,2889
2026-08-07,822863,Texas Rangers,Baltimore Orioles,2,1,543135,Nathan Eovaldi,669358,Shane Baz,1,5325
2026-08-07,825051,Arizona Diamondbacks,Los Angeles Dodgers,4,3,518876,Merrill Kelly,808963,Roki Sasaki,1,15
2026-08-07,823266,San Diego Padres,Houston Astros,3,6,592662,Robbie Ray,669854,Ronel Blanco,1,2680
2026-08-07,823103,Seattle Mariners,Tampa Bay Rays,1,2,669302,Logan Gilbert,656876,Drew Rasmussen,1,680
2026-08-07,823191,San Francisco Giants,Detroit Tigers,5,2,664141,JT Brubaker,672456,Keider Montero,1,2395
2026-08-08,823514,New York Yankees,Atlanta Braves,5,4,543037,Gerrit Cole,519242,Chris Sale,1,3313
2026-08-08,824726,Boston Red Sox,Athletics,3,7,687562,Jake Bennett,695611,Gage Jump,1,3
2026-08-08,823834,Miami Marlins,Los Angeles Angels,7,0,645261,Sandy Alcantara,700712,Walbert Ureña,1,4169
2026-08-08,823426,Philadelphia Phillies,Toronto Blue Jays,5,7,605400,Aaron Nola,453286,Max Scherzer,1,2681
2026-08-08,823348,Pittsburgh Pirates,New York Mets,9,0,696149,Bubba Chandler,476594,Robert Stock,1,31
2026-08-08,822701,Washington Nationals,Cincinnati Reds,8,2,674841,Andrew Alvarez,695505,Chase Burns,1,3309
2026-08-08,824079,Kansas City Royals,Chicago Cubs,6,3,607625,Seth Lugo,605280,Clay Holmes,1,7
2026-08-08,823752,Milwaukee Brewers,Minnesota Twins,4,3,688107,Robert Gasser,671737,Taj Bradley,1,32
2026-08-08,823267,San Diego Padres,Houston Astros,3,2,650633,Michael King,663567,Peter Lambert,1,2680
2026-08-08,823188,San Francisco Giants,Detroit Tigers,0,8,694738,Landen Roupp,695549,Jackson Jobe,1,2395
2026-08-08,823021,St. Louis Cardinals,Colorado Rockies,6,8,669461,Matthew Liberatore,607536,Kyle Freeland,1,2889
2026-08-08,822864,Texas Rangers,Baltimore Orioles,5,1,594798,Jacob deGrom,680694,Kyle Bradish,1,5325
2026-08-08,824565,Chicago White Sox,Cleveland Guardians,6,3,641743,Anthony Kay,668909,Gavin Williams,1,4
2026-08-08,825049,Arizona Diamondbacks,Los Angeles Dodgers,1,2,694297,Brandon Pfaadt,808967,Yoshinobu Yamamoto,1,15
2026-08-08,823102,Seattle Mariners,Tampa Bay Rays,2,3,669923,George Kirby,668984,Casey Legumina,1,680
2026-08-09,822700,Washington Nationals,Cincinnati Reds,7,1,695418,Brad Lord,663903,Brady Singer,1,3309
2026-08-09,824724,Boston Red Sox,Athletics,3,4,669062,Erik Miller,669372,J.T. Ginn,1,3
2026-08-09,823345,Pittsburgh Pirates,New York Mets,1,11,683003,Jared Jones,640455,Sean Manaea,1,31
2026-08-09,823425,Philadelphia Phillies,Toronto Blue Jays,7,6,666200,Jesús Luzardo,669456,Shane Bieber,1,2681
2026-08-09,823513,New York Yankees,Atlanta Braves,1,2,693645,Cam Schlittler,656550,Grant Holmes,1,3313
2026-08-09,823835,Miami Marlins,Los Angeles Angels,12,3,687473,Ryan Gusto,680570,Grayson Rodriguez,1,4169
2026-08-09,824078,Kansas City Royals,Chicago Cubs,2,10,677976,Randy Dobnak,571510,Matthew Boyd,1,7
2026-08-09,824564,Chicago White Sox,Cleveland Guardians,5,3,663436,Davis Martin,676282,Joey Cantillo,1,4
2026-08-09,823751,Milwaukee Brewers,Minnesota Twins,4,3,694819,Jacob Misiorowski,687570,Connor Prielipp,1,32
2026-08-09,823020,St. Louis Cardinals,Colorado Rockies,7,4,700241,Michael McGreevy,547179,Michael Lorenzen,1,2889
2026-08-09,822862,Texas Rangers,Baltimore Orioles,5,10,677958,Kumar Rocker,700249,Cade Povich,1,5325
2026-08-09,823190,San Francisco Giants,Detroit Tigers,1,3,657277,Logan Webb,675512,Troy Melton,1,2395
2026-08-09,825050,Arizona Diamondbacks,Los Angeles Dodgers,4,2,593958,Eduardo Rodriguez,680736,Justin Wrobleski,1,15
2026-08-09,823104,Seattle Mariners,Tampa Bay Rays,1,4,676106,Emerson Hancock,693855,Ian Seymour,1,680
2026-08-09,823268,San Diego Padres,Houston Astros,7,2,681190,Randy Vásquez,664299,Cristian Javier,1,2680
2026-08-10,822780,Toronto Blue Jays,Boston Red Sox,2,1,592791,Jameson Taillon,543243,Sonny Gray,1,14
2026-08-10,824887,Atlanta Braves,New York Mets,5,8,693821,Bryce Elder,681035,Christian Scott,1,4705
2026-08-10,823675,Minnesota Twins,Baltimore Orioles,9,5,665152,Dean Kremer,669432,Trevor Rogers,1,3312
2026-08-10,823018,St. Louis Cardinals,Philadelphia Phillies,5,6,690928,Hunter Dobbins,691725,Andrew Painter,1,2889
2026-08-10,823998,Los Angeles Angels,Texas Rangers,1,4,672282,Reid Detmers,669022,MacKenzie Gore,1,1
2026-08-10,825048,Arizona Diamondbacks,Colorado Rockies,9,0,647336,Michael Soroka,687312,Gabriel Hughes,1,15
2026-08-10,824969,Athletics,Tampa Bay Rays,6,10,682052,Jacob Lopez,642547,Freddy Peralta,1,2529
2026-08-10,823265,San Diego Padres,Milwaukee Brewers,3,2,663554,Casey Mize,701656,Logan Henderson,1,2680
2026-08-10,823189,San Francisco Giants,Houston Astros,3,6,694918,Blade Tidwell,669713,Hayden Wesneski,1,2395
2026-08-10,823918,Los Angeles Dodgers,Kansas City Royals,6,5,669373,Tarik Skubal,702070,Noah Cameron,1,22
2026-08-11,824240,Detroit Tigers,Cleveland Guardians,6,4,623454,Drew Anderson,676440,Tanner Bibee,1,2394
2026-08-11,823832,Miami Marlins,Pittsburgh Pirates,2,0,691587,Eury Pérez,694973,Paul Skenes,1,4169
2026-08-11,822697,Washington Nationals,Chicago Cubs,6,8,663623,Jake Irvin,684007,Shota Imanaga,1,3309
2026-08-11,823512,New York Yankees,Seattle Mariners,4,1,677960,Ryan Weathers,693433,Bryan Woo,1,3313
2026-08-11,822778,Toronto Blue Jays,Boston Red Sox,5,3,656302,Dylan Cease,663776,Patrick Sandoval,1,14
2026-08-11,824886,Atlanta Braves,New York Mets,4,0,527048,Martín Pérez,690997,Nolan McLean,1,4705
2026-08-11,823673,Minnesota Twins,Baltimore Orioles,2,5,641927,Bailey Ober,687064,Brandon Young,1,3312
2026-08-11,824563,Chicago White Sox,Cincinnati Reds,4,5,680732,Sean Burke,666157,Nick Lodolo,1,4
2026-08-11,823019,St. Louis Cardinals,Philadelphia Phillies,2,0,669467,Andre Pallante,650911,Cristopher Sánchez,1,2889
2026-08-11,823997,Los Angeles Angels,Texas Rangers,3,2,696270,Ryan Johnson,674003,Cody Bradford,1,1
2026-08-11,825046,Arizona Diamondbacks,Colorado Rockies,2,3,683352,Mitch Bratt,608372,Tomoyuki Sugano,1,15
2026-08-11,824970,Athletics,Tampa Bay Rays,4,12,686930,Mason Barnett,607259,Nick Martinez,1,2529
2026-08-11,823264,San Diego Padres,Milwaukee Brewers,11,2,621111,Walker Buehler,690986,Kyle Harrison,1,2680
2026-08-11,823186,San Francisco Giants,Houston Astros,4,1,687931,Carson Whisenhunt,686613,Hunter Brown,1,2395
2026-08-11,823917,Los Angeles Dodgers,Kansas City Royals,5,4,605483,Blake Snell,608379,Michael Wacha,1,22
2026-08-12,823672,Minnesota Twins,Baltimore Orioles,7,5,805673,Zebby Matthews,669358,Shane Baz,1,3312
2026-08-12,823017,St. Louis Cardinals,Philadelphia Phillies,7,1,681517,Kyle Leahy,554430,Zack Wheeler,1,2889
2026-08-12,824967,Athletics,Tampa Bay Rays,4,8,678022,Jack Perkins,656876,Drew Rasmussen,1,2529
2026-08-12,825047,Arizona Diamondbacks,Colorado Rockies,4,6,518876,Merrill Kelly,663372,Ryan Feltner,1,15
2026-08-12,823187,San Francisco Giants,Houston Astros,1,2,605288,Adrian Houser,687911,Bryan King,1,2395
2026-08-12,823263,San Diego Padres,Milwaukee Brewers,4,3,592662,Robbie Ray,669160,Dustin May,1,2680
2026-08-12,824241,Detroit Tigers,Cleveland Guardians,4,6,664285,Framber Valdez,656492,Foster Griffin,1,2394
2026-08-12,823833,Miami Marlins,Pittsburgh Pirates,8,2,676083,Janson Junk,669387,Carmen Mlodzinski,1,4169
2026-08-12,822698,Washington Nationals,Chicago Cubs,6,12,800600,Jackson Kent,656849,David Peterson,1,3309
2026-08-12,823511,New York Yankees,Seattle Mariners,10,5,701542,Will Warren,682243,Bryce Miller,1,3313
2026-08-12,822779,Toronto Blue Jays,Boston Red Sox,6,4,667755,José Soriano,624133,Ranger Suarez,1,14
2026-08-12,824883,Atlanta Braves,New York Mets,6,3,641816,Tyler Mahle,804267,Zac Thornton,1,4705
2026-08-12,824562,Chicago White Sox,Cincinnati Reds,5,0,622491,Luis Castillo,695076,Rhett Lowder,1,4
2026-08-12,823916,Los Angeles Dodgers,Kansas City Royals,4,2,641778,Eric Lauer,663738,Daniel Lynch IV,1,22
2026-08-12,823994,Los Angeles Angels,Texas Rangers,5,2,691946,George Klassen,615698,Cal Quantrill,1,1
2026-08-13,824238,Detroit Tigers,Cleveland Guardians,3,0,672456,Keider Montero,800048,Parker Messick,1,2394
2026-08-13,824561,Chicago White Sox,Cincinnati Reds,8,9,663436,Davis Martin,671096,Andrew Abbott,1,4
2026-08-13,823829,Miami Marlins,Pittsburgh Pirates,1,13,663969,Tyler Phillips,677952,Braxton Ashcraft,1,4169
2026-08-13,823508,New York Yankees,Seattle Mariners,0,1,608331,Max Fried,669302,Logan Gilbert,1,3313
2026-08-13,822776,Toronto Blue Jays,Boston Red Sox,0,7,453286,Max Scherzer,801139,Payton Tolle,1,14
2026-08-13,822696,Washington Nationals,Chicago Cubs,7,0,676917,Cade Cavalli,592332,Kevin Gausman,1,3309
2026-08-13,823669,Minnesota Twins,Philadelphia Phillies,1,7,671737,Taj Bradley,605400,Aaron Nola,1,5445
2026-08-13,823995,Los Angeles Angels,Texas Rangers,7,0,700712,Walbert Ureña,594798,Jacob deGrom,1,1
2026-08-13,823915,Los Angeles Dodgers,Milwaukee Brewers,4,5,808963,Roki Sasaki,675660,Shane Drohan,1,22
2026-08-14,824643,Chicago Cubs,St. Louis Cardinals,3,0,605280,Clay Holmes,669461,Matthew Liberatore,1,17
2026-08-14,824479,Cincinnati Reds,Miami Marlins,1,0,695505,Chase Burns,645261,Sandy Alcantara,1,2602
2026-08-14,823346,Pittsburgh Pirates,Boston Red Sox,8,4,696149,Bubba Chandler,687562,Jake Bennett,1,31
2026-08-14,824237,Detroit Tigers,Chicago White Sox,5,9,695549,Jackson Jobe,656794,Sean Newcomb,1,2394
2026-08-14,823591,New York Mets,Washington Nationals,4,1,476594,Robert Stock,674841,Andrew Alvarez,1,3289
2026-08-14,824399,Cleveland Guardians,San Diego Padres,5,7,668909,Gavin Williams,650633,Michael King,1,5
2026-08-14,822942,Tampa Bay Rays,Baltimore Orioles,5,6,571927,Steven Matz,605135,Chris Bassitt,1,12
2026-08-14,824882,Atlanta Braves,Arizona Diamondbacks,0,2,519242,Chris Sale,694297,Brandon Pfaadt,1,4705
2026-08-14,822777,Toronto Blue Jays,New York Yankees,3,1,669456,Shane Bieber,543037,Gerrit Cole,1,14
2026-08-14,824159,Houston Astros,Seattle Mariners,10,7,663567,Peter Lambert,669923,George Kirby,1,2392
2026-08-14,823993,Los Angeles Angels,Kansas City Royals,6,7,680570,Grayson Rodriguez,607625,Seth Lugo,1,1
2026-08-14,824968,Athletics,Texas Rangers,8,3,695611,Gage Jump,677958,Kumar Rocker,1,2529
2026-08-14,823913,Los Angeles Dodgers,Milwaukee Brewers,3,1,808967,Yoshinobu Yamamoto,688107,Robert Gasser,1,22
2026-08-14,823185,San Francisco Giants,Colorado Rockies,2,5,694738,Landen Roupp,607536,Kyle Freeland,1,2395
2026-08-15,824239,Detroit Tigers,Chicago White Sox,3,4,675512,Troy Melton,641743,Anthony Kay,1,2394
2026-08-15,824644,Chicago Cubs,St. Louis Cardinals,4,8,571510,Matthew Boyd,700241,Michael McGreevy,1,17
2026-08-15,822775,Toronto Blue Jays,New York Yankees,4,1,680755,Braydon Fisher,693645,Cam Schlittler,1,14
2026-08-15,823184,San Francisco Giants,Colorado Rockies,7,1,657277,Logan Webb,547179,Michael Lorenzen,1,2395
2026-08-15,823588,New York Mets,Washington Nationals,5,4,640455,Sean Manaea,695418,Brad Lord,1,3289
2026-08-15,822941,Tampa Bay Rays,Baltimore Orioles,3,4,693855,Ian Seymour,680694,Kyle Bradish,1,12
2026-08-15,824480,Cincinnati Reds,Miami Marlins,4,8,663903,Brady Singer,687473,Ryan Gusto,1,2602
2026-08-15,824400,Cleveland Guardians,San Diego Padres,6,1,676282,Joey Cantillo,593974,Wandy Peralta,1,5
2026-08-15,824157,Houston Astros,Seattle Mariners,5,10,669713,Hayden Wesneski,676106,Emerson Hancock,1,2392
2026-08-15,823671,Minnesota Twins,Philadelphia Phillies,1,9,687570,Connor Prielipp,666200,Jesús Luzardo,1,3312
2026-08-15,823347,Pittsburgh Pirates,Boston Red Sox,0,4,683003,Jared Jones,543243,Sonny Gray,1,31
2026-08-15,824884,Atlanta Braves,Arizona Diamondbacks,3,10,656550,Grant Holmes,593958,Eduardo Rodriguez,1,4705
2026-08-15,823914,Los Angeles Dodgers,Milwaukee Brewers,1,4,680736,Justin Wrobleski,694819,Jacob Misiorowski,1,22
2026-08-15,823990,Los Angeles Angels,Kansas City Royals,1,0,672282,Reid Detmers,677976,Randy Dobnak,1,1
2026-08-15,824966,Athletics,Texas Rangers,3,5,669372,J.T. Ginn,669022,MacKenzie Gore,1,2529
2026-08-16,822940,Tampa Bay Rays,Baltimore Orioles,2,10,642547,Freddy Peralta,669432,Trevor Rogers,1,12
2026-08-16,823344,Pittsburgh Pirates,Boston Red Sox,8,3,669199,Lake Bachar,663776,Patrick Sandoval,1,31
2026-08-16,824880,Atlanta Braves,Arizona Diamondbacks,5,3,693821,Bryce Elder,647336,Michael Soroka,1,4705
2026-08-16,822774,Toronto Blue Jays,New York Yankees,3,4,656302,Dylan Cease,677960,Ryan Weathers,1,14
2026-08-16,823590,New York Mets,Washington Nationals,4,3,681035,Christian Scott,663623,Jake Irvin,1,3289
2026-08-16,824397,Cleveland Guardians,San Diego Padres,0,5,676440,Tanner Bibee,663554,Casey Mize,1,5
2026-08-16,824236,Detroit Tigers,Chicago White Sox,5,7,623454,Drew Anderson,680732,Sean Burke,1,2394
2026-08-16,824477,Cincinnati Reds,Miami Marlins,1,7,666157,Nick Lodolo,691587,Eury Pérez,1,2602
2026-08-16,823670,Minnesota Twins,Philadelphia Phillies,5,7,665152,Dean Kremer,691725,Andrew Painter,1,3312
2026-08-16,824642,Chicago Cubs,St. Louis Cardinals,4,11,665795,Edward Cabrera,690928,Hunter Dobbins,1,17
2026-08-16,823182,San Francisco Giants,Colorado Rockies,7,13,694918,Blade Tidwell,687312,Gabriel Hughes,1,2395
2026-08-16,824965,Athletics,Texas Rangers,5,2,682052,Jacob Lopez,674003,Cody Bradford,1,2529
2026-08-16,823991,Los Angeles Angels,Kansas City Royals,0,3,696270,Ryan Johnson,702070,Noah Cameron,1,1
2026-08-16,823912,Los Angeles Dodgers,Milwaukee Brewers,2,6,669373,Tarik Skubal,701656,Logan Henderson,1,22
2026-08-16,824156,Houston Astros,Seattle Mariners,2,3,686613,Hunter Brown,693433,Bryan Woo,1,2392
2026-08-17,824514,Cincinnati Reds,St. Louis Cardinals,1,2,592288,Kent Emanuel,687273,Quinn Mathews,1,2602
2026-08-17,824478,Cincinnati Reds,St. Louis Cardinals,6,5,695076,Rhett Lowder,669467,Andre Pallante,2,2602
2026-08-17,822939,Tampa Bay Rays,Baltimore Orioles,7,6,663556,Shane McClanahan,687064,Brandon Young,1,12
2026-08-17,823427,Philadelphia Phillies,Miami Marlins,6,5,650911,Cristopher Sánchez,676083,Janson Junk,1,2681
2026-08-17,823343,Pittsburgh Pirates,Detroit Tigers,5,8,669387,Carmen Mlodzinski,664285,Framber Valdez,1,31
2026-08-17,824725,Boston Red Sox,Arizona Diamondbacks,11,1,687941,Alec Gamboa,683352,Mitch Bratt,1,3
2026-08-17,823589,New York Mets,San Diego Padres,2,1,690997,Nolan McLean,621111,Walker Buehler,1,3289
2026-08-17,824077,Kansas City Royals,Athletics,9,5,608379,Michael Wacha,686930,Mason Barnett,1,7
2026-08-17,823668,Minnesota Twins,Atlanta Braves,4,2,641927,Bailey Ober,527048,Martín Pérez,1,3312
2026-08-17,824641,Chicago Cubs,Chicago White Sox,7,5,684007,Shota Imanaga,622491,Luis Castillo,1,17
2026-08-17,824320,Colorado Rockies,Los Angeles Dodgers,5,11,608372,Tomoyuki Sugano,605483,Blake Snell,1,19
2026-08-18,824803,Baltimore Orioles,New York Yankees,1,3,669358,Shane Baz,607074,Carlos Rodón,1,2
2026-08-18,823341,Pittsburgh Pirates,Detroit Tigers,4,1,677952,Braxton Ashcraft,672456,Keider Montero,1,31
2026-08-18,824398,Cleveland Guardians,San Francisco Giants,8,1,656492,Foster Griffin,687931,Carson Whisenhunt,1,5
2026-08-18,824475,Cincinnati Reds,St. Louis Cardinals,0,3,671096,Andrew Abbott,681517,Kyle Leahy,1,2602
2026-08-18,822938,Tampa Bay Rays,Toronto Blue Jays,5,10,607259,Nick Martinez,667755,José Soriano,1,12
2026-08-18,823423,Philadelphia Phillies,Miami Marlins,6,4,554430,Zack Wheeler,806188,Cade Gibson,1,2681
2026-08-18,824723,Boston Red Sox,Arizona Diamondbacks,9,4,624133,Ranger Suarez,518876,Merrill Kelly,1,3
2026-08-18,823586,New York Mets,San Diego Padres,2,5,804267,Zac Thornton,592662,Robbie Ray,1,3289
2026-08-18,824075,Kansas City Royals,Athletics,4,3,663738,Daniel Lynch IV,669620,Brady Basso,1,7
2026-08-18,823667,Minnesota Twins,Atlanta Braves,4,1,805673,Zebby Matthews,641816,Tyler Mahle,1,3312
2026-08-18,823749,Milwaukee Brewers,Seattle Mariners,22,0,690986,Kyle Harrison,682243,Bryce Miller,1,32
2026-08-18,822859,Texas Rangers,Washington Nationals,5,0,615698,Cal Quantrill,800600,Jackson Kent,1,5325
2026-08-18,824639,Chicago Cubs,Chicago White Sox,4,3,592332,Kevin Gausman,663542,Bryan Hudson,1,17
2026-08-18,824154,Houston Astros,Los Angeles Angels,1,3,664299,Cristian Javier,691946,George Klassen,1,2392
2026-08-18,824319,Colorado Rockies,Los Angeles Dodgers,6,7,663372,Ryan Feltner,641778,Eric Lauer,1,19
2026-08-19,823342,Pittsburgh Pirates,Detroit Tigers,4,3,694973,Paul Skenes,695549,Jackson Jobe,1,31
2026-08-19,823587,New York Mets,San Diego Padres,4,2,476594,Robert Stock,650633,Michael King,1,3289
2026-08-19,823664,Minnesota Twins,Atlanta Braves,6,4,671737,Taj Bradley,700363,AJ Smith-Shawver,1,3312
2026-08-19,824640,Chicago Cubs,Chicago White Sox,0,3,605280,Clay Holmes,656794,Sean Newcomb,1,17
2026-08-19,824722,Boston Red Sox,Arizona Diamondbacks,6,7,801139,Payton Tolle,694297,Brandon Pfaadt,1,3
2026-08-19,823424,Philadelphia Phillies,Miami Marlins,4,1,605400,Aaron Nola,645261,Sandy Alcantara,1,2681
2026-08-19,824801,Baltimore Orioles,New York Yankees,3,5,605135,Chris Bassitt,701542,Will Warren,1,2
2026-08-19,824394,Cleveland Guardians,San Francisco Giants,0,1,800048,Parker Messick,683363,Matt Wilkinson,1,5
2026-08-19,824476,Cincinnati Reds,St. Louis Cardinals,5,4,695505,Chase Burns,669461,Matthew Liberatore,1,2602
2026-08-19,822937,Tampa Bay Rays,Toronto Blue Jays,7,6,656876,Drew Rasmussen,453286,Max Scherzer,1,12
2026-08-19,824076,Kansas City Royals,Athletics,9,7,607625,Seth Lugo,605488,Jeffrey Springs,1,7
2026-08-19,823748,Milwaukee Brewers,Seattle Mariners,5,7,669160,Dustin May,669302,Logan Gilbert,1,32
2026-08-19,822860,Texas Rangers,Washington Nationals,0,6,677958,Kumar Rocker,676917,Cade Cavalli,1,5325
2026-08-19,824155,Houston Astros,Los Angeles Angels,3,2,814490,Ethan Pecko,700712,Walbert Ureña,1,2392
2026-08-19,824318,Colorado Rockies,Los Angeles Dodgers,4,6,607536,Kyle Freeland,808963,Roki Sasaki,1,19
2026-08-20,824474,Cincinnati Reds,St. Louis Cardinals,9,10,663903,Brady Singer,700241,Michael McGreevy,1,2602
2026-08-20,824395,Cleveland Guardians,San Francisco Giants,5,2,668909,Gavin Williams,694738,Landen Roupp,1,5
2026-08-20,822934,Tampa Bay Rays,Toronto Blue Jays,1,5,693855,Ian Seymour,669456,Shane Bieber,1,12
2026-08-20,824074,Kansas City Royals,Athletics,6,2,677976,Randy Dobnak,695611,Gage Jump,1,7
2026-08-20,824589,Chicago White Sox,Atlanta Braves,0,2,641743,Anthony Kay,656550,Grant Holmes,1,4
2026-08-20,823747,Milwaukee Brewers,Seattle Mariners,7,4,688107,Robert Gasser,669923,George Kirby,1,32
2026-08-20,824802,Baltimore Orioles,New York Yankees,1,6,680694,Kyle Bradish,543037,Gerrit Cole,1,2
2026-08-20,822861,Texas Rangers,Washington Nationals,2,0,594798,Jacob deGrom,674841,Andrew Alvarez,1,5325
2026-08-20,824153,Houston Astros,Los Angeles Angels,3,18,663567,Peter Lambert,680570,Grayson Rodriguez,1,2392
2026-08-21,823746,Milwaukee Brewers,Atlanta Braves,2,1,694819,Jacob Misiorowski,519242,Chris Sale,1,32
2026-08-21,823420,Philadelphia Phillies,St. Louis Cardinals,7,6,666200,Jesús Luzardo,690928,Hunter Dobbins,1,2681
2026-08-21,823510,New York Yankees,Toronto Blue Jays,3,1,693645,Cam Schlittler,689254,Mason Fluharty,1,3313
2026-08-21,824721,Boston Red Sox,San Francisco Giants,6,4,543243,Sonny Gray,657277,Logan Webb,1,3
2026-08-21,823830,Miami Marlins,Washington Nationals,3,2,687473,Ryan Gusto,695418,Brad Lord,1,4169
2026-08-21,824800,Baltimore Orioles,Tampa Bay Rays,5,3,669432,Trevor Rogers,642547,Freddy Peralta,1,2
2026-08-21,824559,Chicago White Sox,New York Mets,6,4,680732,Sean Burke,640455,Sean Manaea,1,4
2026-08-21,824072,Kansas City Royals,Detroit Tigers,5,2,702070,Noah Cameron,675512,Troy Melton,1,7
2026-08-21,824152,Houston Astros,Athletics,4,0,669713,Hayden Wesneski,669372,J.T. Ginn,1,2392
2026-08-21,822857,Texas Rangers,Los Angeles Angels,2,1,669022,MacKenzie Gore,672282,Reid Detmers,1,5325
2026-08-21,824317,Colorado Rockies,Cleveland Guardians,1,9,685299,Tanner Gordon,676282,Joey Cantillo,1,19
2026-08-21,825045,Arizona Diamondbacks,Cincinnati Reds,9,0,593958,Eduardo Rodriguez,666157,Nick Lodolo,1,15
2026-08-21,823262,San Diego Padres,Minnesota Twins,6,2,681190,Randy Vásquez,687570,Connor Prielipp,1,2680
2026-08-21,823911,Los Angeles Dodgers,Pittsburgh Pirates,5,4,808967,Yoshinobu Yamamoto,696149,Bubba Chandler,1,22
2026-08-21,823101,Seattle Mariners,Chicago Cubs,6,5,676106,Emerson Hancock,571510,Matthew Boyd,1,680
2026-08-22,823509,New York Yankees,Toronto Blue Jays,3,4,677960,Ryan Weathers,656302,Dylan Cease,1,3313
2026-08-22,823743,Milwaukee Brewers,Atlanta Braves,4,1,701656,Logan Henderson,527048,Martín Pérez,1,32
2026-08-22,823831,Miami Marlins,Washington Nationals,4,2,691587,Eury Pérez,663623,Jake Irvin,1,4169
2026-08-22,823422,Philadelphia Phillies,St. Louis Cardinals,12,3,691725,Andrew Painter,687273,Quinn Mathews,1,2681
2026-08-22,824798,Baltimore Orioles,Tampa Bay Rays,3,2,687064,Brandon Young,663556,Shane McClanahan,1,2
2026-08-22,822858,Texas Rangers,Los Angeles Angels,0,3,674003,Cody Bradford,696270,Ryan Johnson,1,5325
2026-08-22,824151,Houston Astros,Athletics,3,4,686613,Hunter Brown,682052,Jacob Lopez,1,2392
2026-08-22,824560,Chicago White Sox,New York Mets,5,10,622491,Luis Castillo,681035,Christian Scott,1,4
2026-08-22,824073,Kansas City Royals,Detroit Tigers,3,1,608379,Michael Wacha,623454,Drew Anderson,1,7
2026-08-22,823910,Los Angeles Dodgers,Pittsburgh Pirates,4,3,669373,Tarik Skubal,683003,Jared Jones,1,22
2026-08-22,823100,Seattle Mariners,Chicago Cubs,5,4,807739,Kade Anderson,656849,David Peterson,1,680
2026-08-22,824718,Boston Red Sox,San Francisco Giants,3,2,663776,Patrick Sandoval,694918,Blade Tidwell,1,3
2026-08-22,825044,Arizona Diamondbacks,Cincinnati Reds,5,11,647336,Michael Soroka,695076,Rhett Lowder,1,15
2026-08-22,824316,Colorado Rockies,Cleveland Guardians,3,4,687312,Gabriel Hughes,676440,Tanner Bibee,1,19
2026-08-22,823261,San Diego Padres,Minnesota Twins,7,5,663554,Casey Mize,665152,Dean Kremer,1,2680
2026-08-23,824799,Baltimore Orioles,Tampa Bay Rays,1,3,669358,Shane Baz,607259,Nick Martinez,1,2
2026-08-23,823421,Philadelphia Phillies,St. Louis Cardinals,6,4,650911,Cristopher Sánchez,681517,Kyle Leahy,1,2681
2026-08-23,823507,New York Yankees,Toronto Blue Jays,8,3,607074,Carlos Rodón,667755,José Soriano,1,3313
2026-08-23,823827,Miami Marlins,Washington Nationals,6,2,676083,Janson Junk,800600,Jackson Kent,1,4169
2026-08-23,824071,Kansas City Royals,Detroit Tigers,11,7,663738,Daniel Lynch IV,621097,Jacob Waguespack,1,7
2026-08-23,824150,Houston Astros,Athletics,6,7,664299,Cristian Javier,669620,Brady Basso,1,2392
2026-08-23,824558,Chicago White Sox,New York Mets,2,1,656794,Sean Newcomb,690997,Nolan McLean,1,4
2026-08-23,822856,Texas Rangers,Los Angeles Angels,5,3,615698,Cal Quantrill,579328,Yusei Kikuchi,1,5325
2026-08-23,824315,Colorado Rockies,Cleveland Guardians,2,7,608372,Tomoyuki Sugano,656492,Foster Griffin,1,19
2026-08-23,824720,Boston Red Sox,San Francisco Giants,5,4,687562,Jake Bennett,683363,Matt Wilkinson,1,3
2026-08-23,823909,Los Angeles Dodgers,Pittsburgh Pirates,4,0,605483,Blake Snell,669199,Lake Bachar,1,22
2026-08-23,823099,Seattle Mariners,Chicago Cubs,2,19,682243,Bryce Miller,684007,Shota Imanaga,1,680
2026-08-23,823258,San Diego Padres,Minnesota Twins,8,1,621111,Walker Buehler,641927,Bailey Ober,1,2680
2026-08-23,825043,Arizona Diamondbacks,Cincinnati Reds,5,3,683352,Mitch Bratt,671096,Andrew Abbott,1,15
2026-08-23,823745,Milwaukee Brewers,Atlanta Braves,2,4,675660,Shane Drohan,641816,Tyler Mahle,1,2735
2026-08-24,824235,Detroit Tigers,Tampa Bay Rays,1,4,664285,Framber Valdez,656876,Drew Rasmussen,1,2394
2026-08-24,823828,Miami Marlins,Boston Red Sox,2,4,645261,Sandy Alcantara,624133,Ranger Suarez,1,4169
2026-08-24,822695,Washington Nationals,Colorado Rockies,13,3,676917,Cade Cavalli,663372,Ryan Feltner,1,3309
2026-08-24,824557,Chicago White Sox,Texas Rangers,2,11,664353,José Urquidy,677958,Kumar Rocker,1,4
2026-08-24,823992,Los Angeles Angels,Cleveland Guardians,2,4,691946,George Klassen,800048,Parker Messick,1,1
2026-08-24,825041,Arizona Diamondbacks,Chicago Cubs,0,7,518876,Merrill Kelly,592332,Kevin Gausman,1,15
2026-08-24,823260,San Diego Padres,Pittsburgh Pirates,2,3,592662,Robbie Ray,677952,Braxton Ashcraft,1,2680
2026-08-24,824964,Athletics,Minnesota Twins,6,9,605488,Jeffrey Springs,805673,Zebby Matthews,1,2529
2026-08-24,823097,Seattle Mariners,Philadelphia Phillies,9,2,669302,Logan Gilbert,554430,Zack Wheeler,1,680
2026-08-24,823183,San Francisco Giants,Cincinnati Reds,5,0,687931,Carson Whisenhunt,695505,Chase Burns,1,2395
2026-08-25,824233,Detroit Tigers,Tampa Bay Rays,4,1,695549,Jackson Jobe,668984,Casey Legumina,1,2394
2026-08-25,823826,Miami Marlins,Boston Red Sox,3,7,663969,Tyler Phillips,801139,Payton Tolle,1,4169
2026-08-25,822693,Washington Nationals,Colorado Rockies,1,3,674841,Andrew Alvarez,690279,Mason Adams,1,3309
2026-08-25,823505,New York Yankees,Houston Astros,7,9,701542,Will Warren,814490,Ethan Pecko,1,3313
2026-08-25,822773,Toronto Blue Jays,Kansas City Royals,3,5,453286,Max Scherzer,607625,Seth Lugo,1,14
2026-08-25,823585,New York Mets,Milwaukee Brewers,3,2,804267,Zac Thornton,690986,Kyle Harrison,1,3289
2026-08-25,824881,Atlanta Braves,Los Angeles Dodgers,4,3,693821,Bryce Elder,607192,Tyler Glasnow,1,4705
2026-08-25,824556,Chicago White Sox,Texas Rangers,11,7,641743,Anthony Kay,594798,Jacob deGrom,1,4
2026-08-25,823016,St. Louis Cardinals,Baltimore Orioles,1,13,669461,Matthew Liberatore,605135,Chris Bassitt,1,2889
2026-08-25,823989,Los Angeles Angels,Cleveland Guardians,6,8,700712,Walbert Ureña,668909,Gavin Williams,1,1
2026-08-25,825042,Arizona Diamondbacks,Chicago Cubs,5,4,694297,Brandon Pfaadt,605280,Clay Holmes,1,15
2026-08-25,823259,San Diego Padres,Pittsburgh Pirates,0,1,650633,Michael King,694973,Paul Skenes,1,2680
2026-08-25,824962,Athletics,Minnesota Twins,4,2,695611,Gage Jump,671737,Taj Bradley,1,2529
2026-08-25,823098,Seattle Mariners,Philadelphia Phillies,4,1,669923,George Kirby,605400,Aaron Nola,1,680
2026-08-25,823181,San Francisco Giants,Cincinnati Reds,3,1,605288,Adrian Houser,663903,Brady Singer,1,2395
2026-08-26,824234,Detroit Tigers,Tampa Bay Rays,0,3,675512,Troy Melton,642547,Freddy Peralta,1,2394
2026-08-26,825039,Arizona Diamondbacks,Chicago Cubs,2,0,593958,Eduardo Rodriguez,571510,Matthew Boyd,1,15
2026-08-26,823180,San Francisco Giants,Cincinnati Reds,9,10,657277,Logan Webb,666157,Nick Lodolo,1,2395
2026-08-26,823988,Los Angeles Angels,Cleveland Guardians,3,4,680570,Grayson Rodriguez,676282,Joey Cantillo,1,1
2026-08-26,823255,San Diego Padres,Pittsburgh Pirates,3,0,681190,Randy Vásquez,696149,Bubba Chandler,1,2680
2026-08-26,823096,Seattle Mariners,Philadelphia Phillies,0,6,693433,Bryan Woo,666200,Jesús Luzardo,1,680
2026-08-26,823825,Miami Marlins,Boston Red Sox,4,0,687473,Ryan Gusto,543243,Sonny Gray,1,4169
2026-08-26,822692,Washington Nationals,Colorado Rockies,1,13,663362,Matt Waldron,685299,Tanner Gordon,1,3309
2026-08-26,823506,New York Yankees,Houston Astros,9,3,695684,Elmer Rodríguez,663567,Peter Lambert,1,3313
2026-08-26,822772,Toronto Blue Jays,Kansas City Royals,3,0,693686,Spencer Miles,677976,Randy Dobnak,1,14
2026-08-26,823584,New York Mets,Milwaukee Brewers,1,8,476594,Robert Stock,669160,Dustin May,1,3289
2026-08-26,824878,Atlanta Braves,Los Angeles Dodgers,6,5,700363,AJ Smith-Shawver,808963,Roki Sasaki,1,4705
2026-08-26,824555,Chicago White Sox,Texas Rangers,10,4,680732,Sean Burke,669022,MacKenzie Gore,1,4
2026-08-26,823015,St. Louis Cardinals,Baltimore Orioles,7,8,700241,Michael McGreevy,680694,Kyle Bradish,1,2889
2026-08-26,824963,Athletics,Minnesota Twins,7,4,669372,J.T. Ginn,687570,Connor Prielipp,1,2529
2026-08-27,822694,Washington Nationals,Colorado Rockies,7,1,663623,Jake Irvin,687312,Gabriel Hughes,1,3309
2026-08-27,823014,St. Louis Cardinals,Baltimore Orioles,7,5,700669,Gordon Graceffo,669432,Trevor Rogers,1,2889
2026-08-27,823503,New York Yankees,Houston Astros,1,5,543037,Gerrit Cole,669713,Hayden Wesneski,1,3313
2026-08-27,822771,Toronto Blue Jays,Kansas City Royals,2,13,681293,Spencer Arrighetti,702070,Noah Cameron,1,14
2026-08-27,823581,New York Mets,Milwaukee Brewers,2,8,640455,Sean Manaea,694819,Jacob Misiorowski,1,3289
2026-08-27,824879,Atlanta Braves,Los Angeles Dodgers,1,0,519242,Chris Sale,808967,Yoshinobu Yamamoto,1,4705
2026-08-27,823179,San Francisco Giants,Arizona Diamondbacks,6,1,694738,Landen Roupp,703615,Jose Cabrera,1,2395
2026-08-28,824638,Chicago Cubs,Cincinnati Reds,8,10,656849,David Peterson,695076,Rhett Lowder,1,17
2026-08-28,824231,Detroit Tigers,Los Angeles Dodgers,1,2,623454,Drew Anderson,669373,Tarik Skubal,1,2394
2026-08-28,822691,Washington Nationals,Miami Marlins,9,2,800600,Jackson Kent,691587,Eury Pérez,1,3309
2026-08-28,824396,Cleveland Guardians,Kansas City Royals,0,3,676440,Tanner Bibee,608379,Michael Wacha,1,5
2026-08-28,823583,New York Mets,Houston Astros,1,3,681035,Christian Scott,686613,Hunter Brown,1,3289
2026-08-28,822935,Tampa Bay Rays,San Diego Padres,9,4,663556,Shane McClanahan,663554,Casey Mize,1,12
2026-08-28,822769,Toronto Blue Jays,Seattle Mariners,8,1,656302,Dylan Cease,676106,Emerson Hancock,1,14
2026-08-28,824877,Atlanta Braves,Colorado Rockies,6,4,656550,Grant Holmes,608372,Tomoyuki Sugano,1,4705
2026-08-28,823504,New York Yankees,Boston Red Sox,1,0,693645,Cam Schlittler,663776,Patrick Sandoval,1,3313
2026-08-28,823744,Milwaukee Brewers,Texas Rangers,6,1,701656,Logan Henderson,674003,Cody Bradford,1,32
2026-08-28,823666,Minnesota Twins,Chicago White Sox,4,7,665152,Dean Kremer,622491,Luis Castillo,1,3312
2026-08-28,823013,St. Louis Cardinals,Pittsburgh Pirates,4,1,687273,Quinn Mathews,683003,Jared Jones,1,2889
2026-08-28,823985,Los Angeles Angels,Philadelphia Phillies,3,5,672282,Reid Detmers,691725,Andrew Painter,1,1
2026-08-28,824960,Athletics,Baltimore Orioles,3,4,682052,Jacob Lopez,687064,Brandon Young,1,2529
2026-08-28,823178,San Francisco Giants,Arizona Diamondbacks,6,10,694918,Blade Tidwell,684442,Kohl Drake,1,2395
2026-08-29,823539,New York Yankees,Boston Red Sox,0,6,607074,Carlos Rodón,687562,Jake Bennett,1,3313
2026-08-29,823501,New York Yankees,Boston Red Sox,9,2,608331,Max Fried,687941,Alec Gamboa,2,3313
2026-08-29,824230,Detroit Tigers,Los Angeles Dodgers,2,1,672456,Keider Montero,605483,Blake Snell,1,2394
2026-08-29,823665,Minnesota Twins,Chicago White Sox,2,3,641927,Bailey Ober,607200,Erick Fedde,1,3312
2026-08-29,823011,St. Louis Cardinals,Pittsburgh Pirates,2,6,681517,Kyle Leahy,669199,Lake Bachar,1,2889
2026-08-29,824637,Chicago Cubs,Cincinnati Reds,17,5,592332,Kevin Gausman,671096,Andrew Abbott,1,17
2026-08-29,822770,Toronto Blue Jays,Seattle Mariners,4,3,667755,José Soriano,807739,Kade Anderson,1,14
2026-08-29,823177,San Francisco Giants,Arizona Diamondbacks,1,7,683363,Matt Wilkinson,518876,Merrill Kelly,1,2395
2026-08-29,823176,San Francisco Giants,Arizona Diamondbacks,7,2,805074,Yunior Marte,683352,Mitch Bratt,2,2395
2026-08-29,822690,Washington Nationals,Miami Marlins,5,4,676917,Cade Cavalli,645261,Sandy Alcantara,1,3309
2026-08-29,824392,Cleveland Guardians,Kansas City Royals,3,8,656492,Foster Griffin,663738,Daniel Lynch IV,1,5
2026-08-29,823582,New York Mets,Houston Astros,6,2,690997,Nolan McLean,656986,Bennett Sousa,1,3289
2026-08-29,822936,Tampa Bay Rays,San Diego Padres,7,6,607259,Nick Martinez,621111,Walker Buehler,1,12
2026-08-29,824874,Atlanta Braves,Colorado Rockies,2,1,527048,Martín Pérez,688642,Zach Agnos,1,4705
2026-08-29,823741,Milwaukee Brewers,Texas Rangers,5,3,675660,Shane Drohan,615698,Cal Quantrill,1,32
2026-08-29,824961,Athletics,Baltimore Orioles,3,5,678022,Jack Perkins,669358,Shane Baz,1,2529
2026-08-29,823986,Los Angeles Angels,Philadelphia Phillies,2,4,696270,Ryan Johnson,650911,Cristopher Sánchez,1,1
2026-08-30,822688,Washington Nationals,Miami Marlins,2,6,674841,Andrew Alvarez,676083,Janson Junk,1,3309
2026-08-30,824876,Atlanta Braves,Colorado Rockies,3,2,641816,Tyler Mahle,690279,Mason Adams,1,4705
2026-08-30,823502,New York Yankees,Boston Red Sox,16,1,701542,Will Warren,624133,Ranger Suarez,1,3313
2026-08-30,822766,Toronto Blue Jays,Seattle Mariners,7,0,453286,Max Scherzer,669302,Logan Gilbert,1,14
2026-08-30,824393,Cleveland Guardians,Kansas City Royals,11,1,800048,Parker Messick,607625,Seth Lugo,1,5
2026-08-30,824232,Detroit Tigers,Los Angeles Dodgers,1,6,664285,Framber Valdez,607192,Tyler Glasnow,1,2394
2026-08-30,822933,Tampa Bay Rays,San Diego Padres,5,4,656876,Drew Rasmussen,592662,Robbie Ray,1,12
2026-08-30,823662,Minnesota Twins,Chicago White Sox,5,1,805673,Zebby Matthews,663855,Jordan Hicks,1,3312
2026-08-30,823740,Milwaukee Brewers,Texas Rangers,4,7,669160,Dustin May,677958,Kumar Rocker,1,32
2026-08-30,823010,St. Louis Cardinals,Pittsburgh Pirates,4,5,669461,Matthew Liberatore,677952,Braxton Ashcraft,1,2889
2026-08-30,823580,New York Mets,Houston Astros,3,6,804267,Zac Thornton,814490,Ethan Pecko,1,3289
2026-08-30,824959,Athletics,Baltimore Orioles,5,8,605488,Jeffrey Springs,605135,Chris Bassitt,1,2529
2026-08-30,823987,Los Angeles Angels,Philadelphia Phillies,2,5,579328,Yusei Kikuchi,554430,Zack Wheeler,1,1
2026-08-30,824636,Chicago Cubs,Cincinnati Reds,5,7,684007,Shota Imanaga,695505,Chase Burns,1,17
2026-08-31,824911,Atlanta Braves,San Francisco Giants,3,7,693821,Bryce Elder,683627,Anthony Molina,1,4705
2026-08-31,824473,Cincinnati Reds,San Diego Padres,0,5,663903,Brady Singer,650633,Michael King,1,2602
2026-08-31,822932,Tampa Bay Rays,New York Mets,2,3,693855,Ian Seymour,476594,Robert Stock,1,12
2026-08-31,824719,Boston Red Sox,Seattle Mariners,9,8,801139,Payton Tolle,669923,George Kirby,1,3
2026-08-31,822689,Washington Nationals,Miami Marlins,6,3,702021,Will Dion,687473,Ryan Gusto,1,3309
2026-08-31,823663,Minnesota Twins,Detroit Tigers,11,1,671737,Taj Bradley,695549,Jackson Jobe,1,3312
2026-08-31,824635,Chicago Cubs,Milwaukee Brewers,17,3,605280,Clay Holmes,690986,Kyle Harrison,1,17
2026-08-31,822855,Texas Rangers,Athletics,8,1,594798,Jacob deGrom,695611,Gage Jump,1,5325
2026-08-31,824149,Houston Astros,Chicago White Sox,6,3,663567,Peter Lambert,641743,Anthony Kay,1,2392
2026-08-31,824314,Colorado Rockies,Baltimore Orioles,1,2,685299,Tanner Gordon,700249,Cade Povich,1,19
2026-08-31,823982,Los Angeles Angels,New York Yankees,10,1,700712,Walbert Ureña,695684,Elmer Rodríguez,1,1
2026-08-31,825040,Arizona Diamondbacks,Philadelphia Phillies,1,2,694297,Brandon Pfaadt,605400,Aaron Nola,1,15
2026-09-01,824472,Cincinnati Reds,San Diego Padres,4,3,666157,Nick Lodolo,681190,Randy Vásquez,1,2602
2026-09-01,823340,Pittsburgh Pirates,San Francisco Giants,13,12,694973,Paul Skenes,657277,Logan Webb,1,31
2026-09-01,822929,Tampa Bay Rays,New York Mets,6,2,642547,Freddy Peralta,640455,Sean Manaea,1,12
2026-09-01,824391,Cleveland Guardians,Toronto Blue Jays,6,1,668909,Gavin Williams,693686,Spencer Miles,1,5
2026-09-01,824716,Boston Red Sox,Seattle Mariners,6,9,699151,Jedixson Paez,693433,Bryan Woo,1,3
2026-09-01,822687,Washington Nationals,Atlanta Braves,9,5,663623,Jake Irvin,700363,AJ Smith-Shawver,1,3309
2026-09-01,823661,Minnesota Twins,Detroit Tigers,15,2,702193,Andrew Morris,675512,Troy Melton,1,3312
2026-09-01,824070,Kansas City Royals,Miami Marlins,3,6,677976,Randy Dobnak,663969,Tyler Phillips,1,7
2026-09-01,824633,Chicago Cubs,Milwaukee Brewers,4,9,571510,Matthew Boyd,688107,Robert Gasser,1,17
2026-09-01,822854,Texas Rangers,Athletics,8,5,669022,MacKenzie Gore,669620,Brady Basso,1,5325
2026-09-01,824148,Houston Astros,Chicago White Sox,1,5,669854,Ronel Blanco,680732,Sean Burke,1,2392
2026-09-01,824313,Colorado Rockies,Baltimore Orioles,4,2,687312,Gabriel Hughes,680694,Kyle Bradish,1,19
2026-09-01,823984,Los Angeles Angels,New York Yankees,3,7,680570,Grayson Rodriguez,543037,Gerrit Cole,1,1
2026-09-01,825038,Arizona Diamondbacks,Philadelphia Phillies,1,7,593958,Eduardo Rodriguez,666200,Jesús Luzardo,1,15
2026-09-01,823908,Los Angeles Dodgers,St. Louis Cardinals,8,13,641778,Eric Lauer,700241,Michael McGreevy,1,22
2026-09-02,824470,Cincinnati Reds,San Diego Padres,7,3,682227,Brandon Williamson,663554,Casey Mize,1,2602
2026-09-02,822686,Washington Nationals,Atlanta Braves,0,9,695418,Brad Lord,656550,Grant Holmes,1,3309
2026-09-02,822851,Texas Rangers,Athletics,2,9,674003,Cody Bradford,682052,Jacob Lopez,1,5325
2026-09-02,824312,Colorado Rockies,Baltimore Orioles,6,5,608372,Tomoyuki Sugano,669432,Trevor Rogers,1,19
2026-09-02,825037,Arizona Diamondbacks,Philadelphia Phillies,1,0,664199,Taylor Clarke,691725,Andrew Painter,1,15
2026-09-02,824717,Boston Red Sox,Seattle Mariners,3,8,663776,Patrick Sandoval,682243,Bryce Miller,1,3
2026-09-02,823339,Pittsburgh Pirates,San Francisco Giants,4,5,696149,Bubba Chandler,694738,Landen Roupp,1,31
2026-09-02,822931,Tampa Bay Rays,New York Mets,4,10,643377,Griffin Jax,663795,Justin Hagenman,1,12
2026-09-02,824390,Cleveland Guardians,Toronto Blue Jays,0,11,676282,Joey Cantillo,656302,Dylan Cease,1,5
2026-09-02,823660,Minnesota Twins,Detroit Tigers,6,11,665152,Dean Kremer,623454,Drew Anderson,1,3312
2026-09-02,824068,Kansas City Royals,Miami Marlins,6,9,702070,Noah Cameron,691587,Eury Pérez,1,7
2026-09-02,824634,Chicago Cubs,Milwaukee Brewers,5,9,656849,David Peterson,694819,Jacob Misiorowski,1,17
2026-09-02,824147,Houston Astros,Chicago White Sox,2,0,669713,Hayden Wesneski,663436,Davis Martin,1,2392
2026-09-02,823983,Los Angeles Angels,New York Yankees,3,6,672282,Reid Detmers,693645,Cam Schlittler,1,1
2026-09-02,823906,Los Angeles Dodgers,St. Louis Cardinals,6,8,808967,Yoshinobu Yamamoto,802408,Brycen Mautz,1,22
2026-09-03,823337,Pittsburgh Pirates,San Francisco Giants,5,2,669199,Lake Bachar,694918,Blade Tidwell,1,31
2026-09-03,824388,Cleveland Guardians,Toronto Blue Jays,3,6,676440,Tanner Bibee,667755,José Soriano,1,5
2026-09-03,824144,Houston Astros,Chicago White Sox,6,2,686613,Hunter Brown,622491,Luis Castillo,1,2392
2026-09-03,824796,Baltimore Orioles,Boston Red Sox,5,6,687064,Brandon Young,687562,Jake Bennett,1,2
2026-09-03,824632,Chicago Cubs,Milwaukee Brewers,2,1,592332,Kevin Gausman,701656,Logan Henderson,1,17
2026-09-03,824069,Kansas City Royals,Miami Marlins,7,3,608379,Michael Wacha,645261,Sandy Alcantara,1,7
2026-09-03,822853,Texas Rangers,Tampa Bay Rays,6,0,615698,Cal Quantrill,663556,Shane McClanahan,1,5325
2026-09-03,823095,Seattle Mariners,Athletics,4,7,807739,Kade Anderson,678022,Jack Perkins,1,680
2026-09-03,823907,Los Angeles Dodgers,St. Louis Cardinals,3,2,669373,Tarik Skubal,687273,Quinn Mathews,1,22
2026-09-04,824424,Cleveland Guardians,Detroit Tigers,7,6,671106,Logan Allen,672456,Keider Montero,1,5
2026-09-04,824387,Cleveland Guardians,Detroit Tigers,4,3,656492,Foster Griffin,808825,Andrew Sears,2,5
2026-09-04,824471,Cincinnati Reds,Milwaukee Brewers,7,10,695076,Rhett Lowder,675660,Shane Drohan,1,2602
2026-09-04,823418,Philadelphia Phillies,Atlanta Braves,2,5,650911,Cristopher Sánchez,519242,Chris Sale,1,2681
2026-09-04,823338,Pittsburgh Pirates,Los Angeles Angels,1,0,683003,Jared Jones,696270,Ryan Johnson,1,31
2026-09-04,824797,Baltimore Orioles,Boston Red Sox,0,1,669358,Shane Baz,624133,Ranger Suarez,1,2
2026-09-04,823579,New York Mets,San Francisco Giants,10,6,690997,Nolan McLean,683363,Matt Wilkinson,1,3289
2026-09-04,823824,Miami Marlins,Chicago Cubs,1,6,676083,Janson Junk,684007,Shota Imanaga,1,4169
2026-09-04,824554,Chicago White Sox,Minnesota Twins,4,1,607200,Erick Fedde,805673,Zebby Matthews,1,4
2026-09-04,822852,Texas Rangers,Tampa Bay Rays,6,7,592866,Trevor Williams,607259,Nick Martinez,1,5325
2026-09-04,824146,Houston Astros,Arizona Diamondbacks,3,1,664299,Cristian Javier,518876,Merrill Kelly,1,2392
2026-09-04,824067,Kansas City Royals,Toronto Blue Jays,2,9,663738,Daniel Lynch IV,592791,Jameson Taillon,1,7
2026-09-04,824311,Colorado Rockies,St. Louis Cardinals,6,7,663372,Ryan Feltner,669467,Andre Pallante,1,19
2026-09-04,823256,San Diego Padres,New York Yankees,3,2,621111,Walker Buehler,608331,Max Fried,1,2680
2026-09-04,823905,Los Angeles Dodgers,Washington Nationals,5,3,605483,Blake Snell,800600,Jackson Kent,1,22
2026-09-04,823093,Seattle Mariners,Athletics,6,7,669302,Logan Gilbert,695034,Kade Morris,1,680
2026-09-05,823577,New York Mets,San Francisco Giants,5,9,804267,Zac Thornton,683627,Anthony Molina,1,3289
2026-09-05,823823,Miami Marlins,Chicago Cubs,5,6,687473,Ryan Gusto,665871,Javier Assad,1,4169
2026-09-05,823419,Philadelphia Phillies,Atlanta Braves,4,2,554430,Zack Wheeler,527048,Martín Pérez,1,2681
2026-09-05,824389,Cleveland Guardians,Detroit Tigers,0,6,800048,Parker Messick,664285,Framber Valdez,1,5
2026-09-05,823335,Pittsburgh Pirates,Los Angeles Angels,1,6,677952,Braxton Ashcraft,579328,Yusei Kikuchi,1,31
2026-09-05,824468,Cincinnati Reds,Milwaukee Brewers,5,3,671096,Andrew Abbott,669160,Dustin May,1,2602
2026-09-05,824795,Baltimore Orioles,Boston Red Sox,0,5,605135,Chris Bassitt,543243,Sonny Gray,1,2
2026-09-05,822850,Texas Rangers,Tampa Bay Rays,3,6,594798,Jacob deGrom,656876,Drew Rasmussen,1,5325
2026-09-05,824066,Kansas City Royals,Toronto Blue Jays,3,4,607625,Seth Lugo,453286,Max Scherzer,1,7
2026-09-05,824553,Chicago White Sox,Minnesota Twins,4,6,641743,Anthony Kay,671737,Taj Bradley,1,4
2026-09-05,824145,Houston Astros,Arizona Diamondbacks,3,4,814490,Ethan Pecko,694297,Brandon Pfaadt,1,2392
2026-09-05,823257,San Diego Padres,New York Yankees,1,5,592662,Robbie Ray,607074,Carlos Rodón,1,2680
2026-09-05,824310,Colorado Rockies,St. Louis Cardinals,10,7,690279,Mason Adams,669461,Matthew Liberatore,1,19
2026-09-05,823904,Los Angeles Dodgers,Washington Nationals,6,5,607192,Tyler Glasnow,676917,Cade Cavalli,1,22
2026-09-05,823094,Seattle Mariners,Athletics,2,6,669923,George Kirby,605488,Jeffrey Springs,1,680
2026-09-06,824469,Cincinnati Reds,Milwaukee Brewers,12,8,663903,Brady Singer,690986,Kyle Harrison,1,2602
2026-09-06,823417,Philadelphia Phillies,Atlanta Braves,4,5,605400,Aaron Nola,641816,Tyler Mahle,1,2681
2026-09-06,824794,Baltimore Orioles,Boston Red Sox,1,3,680694,Kyle Bradish,801139,Payton Tolle,1,2
2026-09-06,823336,Pittsburgh Pirates,Los Angeles Angels,1,0,694973,Paul Skenes,700712,Walbert Ureña,1,31
2026-09-06,824385,Cleveland Guardians,Detroit Tigers,3,2,668909,Gavin Williams,695549,Jackson Jobe,1,5
2026-09-06,823578,New York Mets,San Francisco Giants,4,2,681035,Christian Scott,702885,Cesar Perdomo,1,3289
2026-09-06,823822,Miami Marlins,Chicago Cubs,10,3,663969,Tyler Phillips,605280,Clay Holmes,1,4169
2026-09-06,824142,Houston Astros,Arizona Diamondbacks,2,3,663567,Peter Lambert,593958,Eduardo Rodriguez,1,2392
2026-09-06,824065,Kansas City Royals,Toronto Blue Jays,6,1,677976,Randy Dobnak,681293,Spencer Arrighetti,1,7
2026-09-06,822848,Texas Rangers,Tampa Bay Rays,8,6,669022,MacKenzie Gore,693855,Ian Seymour,1,5325
2026-09-06,824309,Colorado Rockies,St. Louis Cardinals,8,10,685299,Tanner Gordon,681517,Kyle Leahy,1,19
2026-09-06,823091,Seattle Mariners,Athletics,2,0,693433,Bryan Woo,695611,Gage Jump,1,680
2026-09-06,823253,San Diego Padres,New York Yankees,4,3,650633,Michael King,543037,Gerrit Cole,1,2680
2026-09-06,824552,Chicago White Sox,Minnesota Twins,10,1,663542,Bryan Hudson,641927,Bailey Ober,1,4
2026-09-06,823903,Los Angeles Dodgers,Washington Nationals,7,5,680736,Justin Wrobleski,674841,Andrew Alvarez,1,22
2026-09-07,823415,Philadelphia Phillies,Atlanta Braves,1,0,666200,Jesús Luzardo,656550,Grant Holmes,1,2681
2026-09-07,823820,Miami Marlins,New York Mets,4,9,691587,Eury Pérez,804636,Jonah Tong,1,4169
2026-09-07,824715,Boston Red Sox,Los Angeles Angels,5,2,678394,Brayan Bello,680570,Grayson Rodriguez,1,3
2026-09-07,824793,Baltimore Orioles,Cleveland Guardians,6,4,669432,Trevor Rogers,676282,Joey Cantillo,1,2
2026-09-07,824062,Kansas City Royals,Arizona Diamondbacks,4,5,702070,Noah Cameron,571882,Derek Law,1,7
2026-09-07,823742,Milwaukee Brewers,Chicago Cubs,4,3,688107,Robert Gasser,571510,Matthew Boyd,1,32
2026-09-07,824229,Detroit Tigers,Minnesota Twins,5,4,675512,Troy Melton,657746,Joe Ryan,1,2394
2026-09-07,823254,San Diego Padres,Washington Nationals,3,2,601713,Nick Pivetta,663623,Jake Irvin,1,2680
2026-09-07,823175,San Francisco Giants,St. Louis Cardinals,5,4,657277,Logan Webb,700241,Michael McGreevy,1,2395
2026-09-07,823902,Los Angeles Dodgers,Cincinnati Reds,6,3,686218,Emmet Sheehan,695505,Chase Burns,1,22
2026-09-07,824958,Athletics,Toronto Blue Jays,6,5,682052,Jacob Lopez,656302,Dylan Cease,1,2529
2026-09-08,824792,Baltimore Orioles,Cleveland Guardians,5,9,687064,Brandon Young,676440,Tanner Bibee,1,2
2026-09-08,824228,Detroit Tigers,Minnesota Twins,2,3,623454,Drew Anderson,665152,Dean Kremer,1,2394
2026-09-08,823414,Philadelphia Phillies,Houston Astros,5,6,691725,Andrew Painter,669713,Hayden Wesneski,1,2681
2026-09-08,823821,Miami Marlins,New York Mets,5,7,645261,Sandy Alcantara,640455,Sean Manaea,1,4169
2026-09-08,824714,Boston Red Sox,Los Angeles Angels,1,6,663776,Patrick Sandoval,672282,Reid Detmers,1,3
2026-09-08,823500,New York Yankees,Colorado Rockies,5,3,693645,Cam Schlittler,687312,Gabriel Hughes,1,3313
2026-09-08,824875,Atlanta Braves,Tampa Bay Rays,1,7,700363,AJ Smith-Shawver,642547,Freddy Peralta,1,4705
2026-09-08,824063,Kansas City Royals,Arizona Diamondbacks,3,5,608379,Michael Wacha,669203,Corbin Burnes,1,7
2026-09-08,824551,Chicago White Sox,Pittsburgh Pirates,3,9,680732,Sean Burke,696149,Bubba Chandler,1,4
2026-09-08,823738,Milwaukee Brewers,Chicago Cubs,4,3,694819,Jacob Misiorowski,656849,David Peterson,1,32
2026-09-08,823250,San Diego Padres,Washington Nationals,5,4,663554,Casey Mize,683000,Riley Cornelio,1,2680
2026-09-08,823092,Seattle Mariners,Texas Rangers,5,10,682243,Bryce Miller,615698,Cal Quantrill,1,680
2026-09-08,824957,Athletics,Toronto Blue Jays,2,4,678022,Jack Perkins,667755,José Soriano,1,2529
2026-09-08,823174,San Francisco Giants,St. Louis Cardinals,2,1,694738,Landen Roupp,687273,Quinn Mathews,1,2395
2026-09-08,823901,Los Angeles Dodgers,Cincinnati Reds,3,2,669373,Tarik Skubal,666157,Nick Lodolo,1,22
2026-09-09,824226,Detroit Tigers,Minnesota Twins,7,2,672456,Keider Montero,805673,Zebby Matthews,1,2394
2026-09-09,824956,Athletics,Toronto Blue Jays,2,0,669620,Brady Basso,680755,Braydon Fisher,1,2529
2026-09-09,823172,San Francisco Giants,St. Louis Cardinals,7,6,694918,Blade Tidwell,669467,Andre Pallante,1,2395
2026-09-09,823251,San Diego Padres,Washington Nationals,9,2,621111,Walker Buehler,800600,Jackson Kent,1,2680
2026-09-09,823090,Seattle Mariners,Texas Rangers,3,2,807739,Kade Anderson,674003,Cody Bradford,1,680
2026-09-09,824791,Baltimore Orioles,Cleveland Guardians,9,5,669358,Shane Baz,656492,Foster Griffin,1,2
2026-09-09,823416,Philadelphia Phillies,Houston Astros,11,7,650911,Cristopher Sánchez,686613,Hunter Brown,1,2681
2026-09-09,823818,Miami Marlins,New York Mets,14,15,676083,Janson Junk,476594,Robert Stock,1,4169
2026-09-09,824713,Boston Red Sox,Los Angeles Angels,4,6,687562,Jake Bennett,696270,Ryan Johnson,1,3
2026-09-09,823497,New York Yankees,Colorado Rockies,6,1,701542,Will Warren,608372,Tomoyuki Sugano,1,3313
2026-09-09,824871,Atlanta Braves,Tampa Bay Rays,2,7,625643,Reynaldo López,643377,Griffin Jax,1,4705
2026-09-09,824064,Kansas City Royals,Arizona Diamondbacks,5,2,663738,Daniel Lynch IV,668678,Zac Gallen,1,7
2026-09-09,824549,Chicago White Sox,Pittsburgh Pirates,2,4,663436,Davis Martin,669199,Lake Bachar,1,4
2026-09-09,823739,Milwaukee Brewers,Chicago Cubs,8,6,701656,Logan Henderson,592332,Kevin Gausman,1,32
2026-09-09,823900,Los Angeles Dodgers,Cincinnati Reds,14,1,808967,Yoshinobu Yamamoto,695076,Rhett Lowder,1,22
2026-09-10,824872,Atlanta Braves,Tampa Bay Rays,3,1,527048,Martín Pérez,607259,Nick Martinez,1,4705
2026-09-10,823413,Philadelphia Phillies,Houston Astros,1,2,554430,Zack Wheeler,664299,Cristian Javier,1,2681
2026-09-10,823088,Seattle Mariners,Texas Rangers,4,3,669302,Logan Gilbert,594798,Jacob deGrom,1,680
2026-09-10,823499,New York Yankees,Colorado Rockies,10,3,608331,Max Fried,663372,Ryan Feltner,1,3313
2026-09-10,824550,Chicago White Sox,Pittsburgh Pirates,0,2,696146,Hagen Smith,683003,Jared Jones,1,4
2026-09-11,824631,Chicago Cubs,Pittsburgh Pirates,12,2,684007,Shota Imanaga,696062,Wilber Dotel,1,17
2026-09-11,824227,Detroit Tigers,Colorado Rockies,6,2,664285,Framber Valdez,690279,Mason Adams,1,2394
2026-09-11,822684,Washington Nationals,Los Angeles Angels,4,3,676917,Cade Cavalli,579328,Yusei Kikuchi,1,3309
2026-09-11,823498,New York Yankees,New York Mets,6,4,607074,Carlos Rodón,690997,Nolan McLean,1,3313
2026-09-11,822767,Toronto Blue Jays,Baltimore Orioles,4,7,453286,Max Scherzer,605135,Chris Bassitt,1,14
2026-09-11,824711,Boston Red Sox,Kansas City Royals,2,3,543243,Sonny Gray,607625,Seth Lugo,1,3
2026-09-11,822930,Tampa Bay Rays,Houston Astros,3,1,656876,Drew Rasmussen,699044,Miguel Ullola,1,12
2026-09-11,823817,Miami Marlins,Los Angeles Dodgers,2,6,687473,Ryan Gusto,605483,Blake Snell,1,4169
2026-09-11,824873,Atlanta Braves,Philadelphia Phillies,6,5,519242,Chris Sale,605400,Aaron Nola,1,4705
2026-09-11,823736,Milwaukee Brewers,Cincinnati Reds,20,0,669160,Dustin May,671096,Andrew Abbott,1,32
2026-09-11,823659,Minnesota Twins,Cleveland Guardians,2,5,671737,Taj Bradley,800048,Parker Messick,1,3312
2026-09-11,823012,St. Louis Cardinals,Chicago White Sox,7,3,669461,Matthew Liberatore,641743,Anthony Kay,1,2889
2026-09-11,824954,Athletics,Seattle Mariners,6,5,605488,Jeffrey Springs,669923,George Kirby,1,2529
2026-09-11,825036,Arizona Diamondbacks,Texas Rangers,9,1,518876,Merrill Kelly,669022,MacKenzie Gore,1,15
2026-09-11,823173,San Francisco Giants,San Diego Padres,5,7,683627,Anthony Molina,592662,Robbie Ray,1,2395
2026-09-12,824224,Detroit Tigers,Colorado Rockies,11,7,808825,Andrew Sears,685299,Tanner Gordon,1,2394
2026-09-12,823496,New York Yankees,New York Mets,2,12,543037,Gerrit Cole,804267,Zac Thornton,1,3313
2026-09-12,824630,Chicago Cubs,Pittsburgh Pirates,4,3,605280,Clay Holmes,694973,Paul Skenes,1,17
2026-09-12,822768,Toronto Blue Jays,Baltimore Orioles,7,3,693686,Spencer Miles,680694,Kyle Bradish,1,14
2026-09-12,822685,Washington Nationals,Los Angeles Angels,6,5,674841,Andrew Alvarez,700712,Walbert Ureña,1,3309
2026-09-12,823170,San Francisco Giants,San Diego Padres,6,7,702885,Cesar Perdomo,650633,Michael King,1,2395
2026-09-12,824712,Boston Red Sox,Kansas City Royals,5,1,624133,Ranger Suarez,677976,Randy Dobnak,1,3
2026-09-12,823657,Minnesota Twins,Cleveland Guardians,4,3,687570,Connor Prielipp,682982,Daniel Espino,1,3312
2026-09-12,823819,Miami Marlins,Los Angeles Dodgers,4,3,663969,Tyler Phillips,607192,Tyler Glasnow,1,4169
2026-09-12,822927,Tampa Bay Rays,Houston Astros,3,2,693855,Ian Seymour,663567,Peter Lambert,1,12
2026-09-12,823737,Milwaukee Brewers,Cincinnati Reds,13,9,675660,Shane Drohan,663903,Brady Singer,1,32
2026-09-12,824870,Atlanta Braves,Philadelphia Phillies,12,2,641816,Tyler Mahle,641835,Tim Mayza,1,4705
2026-09-12,823009,St. Louis Cardinals,Chicago White Sox,5,6,681517,Kyle Leahy,656794,Sean Newcomb,1,2889
2026-09-12,825035,Arizona Diamondbacks,Texas Rangers,2,6,694297,Brandon Pfaadt,677958,Kumar Rocker,1,15
2026-09-12,824955,Athletics,Seattle Mariners,1,19,695611,Gage Jump,693433,Bryan Woo,1,2529
2026-09-13,824225,Detroit Tigers,Colorado Rockies,8,1,695549,Jackson Jobe,687312,Gabriel Hughes,1,2394
2026-09-13,822682,Washington Nationals,Los Angeles Angels,6,5,683000,Riley Cornelio,680570,Grayson Rodriguez,1,3309
2026-09-13,824869,Atlanta Braves,Philadelphia Phillies,4,9,656550,Grant Holmes,691725,Andrew Painter,1,4705
2026-09-13,823495,New York Yankees,New York Mets,2,0,693645,Cam Schlittler,681035,Christian Scott,1,3313
2026-09-13,822764,Toronto Blue Jays,Baltimore Orioles,8,1,656302,Dylan Cease,669432,Trevor Rogers,1,14
2026-09-13,822928,Tampa Bay Rays,Houston Astros,14,4,642547,Freddy Peralta,669713,Hayden Wesneski,1,12
2026-09-13,823815,Miami Marlins,Los Angeles Dodgers,6,4,691587,Eury Pérez,686218,Emmet Sheehan,1,4169
2026-09-13,823658,Minnesota Twins,Cleveland Guardians,2,9,657746,Joe Ryan,676440,Tanner Bibee,1,3312
2026-09-13,823734,Milwaukee Brewers,Cincinnati Reds,3,4,688107,Robert Gasser,695505,Chase Burns,1,32
2026-09-13,823008,St. Louis Cardinals,Chicago White Sox,3,1,700241,Michael McGreevy,689818,David Sandlin,1,2889
2026-09-13,824628,Chicago Cubs,Pittsburgh Pirates,3,4,571510,Matthew Boyd,696149,Bubba Chandler,1,17
2026-09-13,824708,Boston Red Sox,Kansas City Royals,4,1,801139,Payton Tolle,702070,Noah Cameron,1,3
2026-09-13,824952,Athletics,Seattle Mariners,8,7,682052,Jacob Lopez,682243,Bryce Miller,1,2529
2026-09-13,825033,Arizona Diamondbacks,Texas Rangers,6,7,593958,Eduardo Rodriguez,615698,Cal Quantrill,1,15
2026-09-13,823171,San Francisco Giants,San Diego Padres,4,6,657277,Logan Webb,601713,Nick Pivetta,1,2395
2026-09-14,824465,Cincinnati Reds,Los Angeles Dodgers,1,4,666157,Nick Lodolo,669373,Tarik Skubal,1,2602
2026-09-14,824386,Cleveland Guardians,Chicago White Sox,3,7,668909,Gavin Williams,656794,Sean Newcomb,1,5
2026-09-14,822765,Toronto Blue Jays,Detroit Tigers,5,6,667755,José Soriano,675512,Troy Melton,1,14
2026-09-14,823575,New York Mets,Baltimore Orioles,1,2,804636,Jonah Tong,687064,Brandon Young,1,3289
2026-09-14,824629,Chicago Cubs,Atlanta Braves,7,3,656849,David Peterson,625643,Reynaldo López,1,17
2026-09-14,823656,Minnesota Twins,New York Yankees,3,8,665152,Dean Kremer,701542,Will Warren,1,3312
2026-09-14,823006,St. Louis Cardinals,San Francisco Giants,2,1,687273,Quinn Mathews,694738,Landen Roupp,1,2889
2026-09-14,824308,Colorado Rockies,San Diego Padres,7,8,608372,Tomoyuki Sugano,663554,Casey Mize,1,19
2026-09-14,823981,Los Angeles Angels,Seattle Mariners,6,4,672282,Reid Detmers,807739,Kade Anderson,1,1
2026-09-14,825034,Arizona Diamondbacks,Miami Marlins,8,7,669203,Corbin Burnes,645261,Sandy Alcantara,1,15
2026-09-15,824466,Cincinnati Reds,Los Angeles Dodgers,0,4,695076,Rhett Lowder,808967,Yoshinobu Yamamoto,1,2602
2026-09-15,822925,Tampa Bay Rays,Athletics,2,1,643377,Griffin Jax,678022,Jack Perkins,1,12
2026-09-15,824384,Cleveland Guardians,Chicago White Sox,7,6,656492,Foster Griffin,669684,Chris Murphy,1,5
2026-09-15,823333,Pittsburgh Pirates,Milwaukee Brewers,1,5,669199,Lake Bachar,694819,Jacob Misiorowski,1,31
2026-09-15,822683,Washington Nationals,Philadelphia Phillies,6,3,800600,Jackson Kent,650911,Cristopher Sánchez,1,3309
2026-09-15,822762,Toronto Blue Jays,Detroit Tigers,1,10,680755,Braydon Fisher,623454,Drew Anderson,1,14
2026-09-15,823574,New York Mets,Baltimore Orioles,5,7,640455,Sean Manaea,669358,Shane Baz,1,3289
2026-09-15,824627,Chicago Cubs,Atlanta Braves,3,6,592332,Kevin Gausman,527048,Martín Pérez,1,17
2026-09-15,823654,Minnesota Twins,New York Yankees,1,8,641927,Bailey Ober,608331,Max Fried,1,3312
2026-09-15,823007,St. Louis Cardinals,San Francisco Giants,3,10,669467,Andre Pallante,694918,Blade Tidwell,1,2889
2026-09-15,822849,Texas Rangers,Boston Red Sox,4,2,594798,Jacob deGrom,663776,Patrick Sandoval,1,5325
2026-09-15,824143,Houston Astros,Kansas City Royals,4,2,686613,Hunter Brown,608379,Michael Wacha,1,2392
2026-09-15,824307,Colorado Rockies,San Diego Padres,9,3,607536,Kyle Freeland,621111,Walker Buehler,1,19
2026-09-15,823980,Los Angeles Angels,Seattle Mariners,2,1,696270,Ryan Johnson,669302,Logan Gilbert,1,1
2026-09-15,825030,Arizona Diamondbacks,Miami Marlins,2,4,647336,Michael Soroka,676083,Janson Junk,1,15
2026-09-16,824382,Cleveland Guardians,Chicago White Sox,6,3,800048,Parker Messick,641743,Anthony Kay,1,5
2026-09-16,823004,St. Louis Cardinals,San Francisco Giants,5,6,669461,Matthew Liberatore,683627,Anthony Molina,1,2889
2026-09-16,823655,Minnesota Twins,New York Yankees,5,4,805673,Zebby Matthews,607074,Carlos Rodón,1,3312
2026-09-16,822763,Toronto Blue Jays,Detroit Tigers,5,1,453286,Max Scherzer,672456,Keider Montero,1,14
2026-09-16,824467,Cincinnati Reds,Los Angeles Dodgers,6,2,671096,Andrew Abbott,605483,Blake Snell,1,2602
2026-09-16,822926,Tampa Bay Rays,Athletics,4,3,607259,Nick Martinez,669620,Brady Basso,1,12
2026-09-16,823332,Pittsburgh Pirates,Milwaukee Brewers,4,5,683003,Jared Jones,701656,Logan Henderson,1,31
2026-09-16,822680,Washington Nationals,Philadelphia Phillies,0,3,688692,Jared Simpson,554430,Zack Wheeler,1,3309
2026-09-16,823576,New York Mets,Baltimore Orioles,1,7,675540,Xzavion Curry,605135,Chris Bassitt,1,3289
2026-09-16,824626,Chicago Cubs,Atlanta Braves,8,4,684007,Shota Imanaga,702275,JR Ritchie,1,17
2026-09-16,822846,Texas Rangers,Boston Red Sox,7,3,669022,MacKenzie Gore,687562,Jake Bennett,1,5325
2026-09-16,824140,Houston Astros,Kansas City Royals,2,5,664299,Cristian Javier,663738,Daniel Lynch IV,1,2392
2026-09-16,824306,Colorado Rockies,San Diego Padres,3,9,690279,Mason Adams,592662,Robbie Ray,1,19
2026-09-16,823979,Los Angeles Angels,Seattle Mariners,2,7,579328,Yusei Kikuchi,669923,George Kirby,1,1
2026-09-16,825031,Arizona Diamondbacks,Miami Marlins,3,4,518876,Merrill Kelly,687473,Ryan Gusto,1,15
2026-09-17,823334,Pittsburgh Pirates,Milwaukee Brewers,7,4,696062,Wilber Dotel,690986,Kyle Harrison,1,31
2026-09-17,824464,Cincinnati Reds,Los Angeles Dodgers,2,8,663903,Brady Singer,680736,Justin Wrobleski,1,2602
2026-09-17,822924,Tampa Bay Rays,Athletics,10,1,656876,Drew Rasmussen,605488,Jeffrey Springs,1,12
2026-09-17,824305,Colorado Rockies,San Diego Padres,2,9,685299,Tanner Gordon,650633,Michael King,1,19
2026-09-17,824141,Houston Astros,Kansas City Royals,6,2,699044,Miguel Ullola,607625,Seth Lugo,1,2392
2026-09-17,823573,New York Mets,Philadelphia Phillies,0,3,690997,Nolan McLean,605400,Aaron Nola,1,3289
2026-09-17,824548,Chicago White Sox,Detroit Tigers,3,1,607200,Erick Fedde,664285,Framber Valdez,1,4
2026-09-17,822845,Texas Rangers,Boston Red Sox,3,4,641302,Tyler Alexander,543243,Sonny Gray,1,5325
2026-09-17,823978,Los Angeles Angels,Minnesota Twins,5,4,700712,Walbert Ureña,671737,Taj Bradley,1,1
2026-09-18,824463,Cincinnati Reds,Chicago Cubs,6,4,695505,Chase Burns,605280,Clay Holmes,1,2602
2026-09-18,823331,Pittsburgh Pirates,Kansas City Royals,8,5,694973,Paul Skenes,677976,Randy Dobnak,1,31
2026-09-18,824790,Baltimore Orioles,Milwaukee Brewers,5,6,700249,Cade Povich,669160,Dustin May,1,2
2026-09-18,824383,Cleveland Guardians,Athletics,5,3,682982,Daniel Espino,686930,Mason Barnett,1,5
2026-09-18,822923,Tampa Bay Rays,Boston Red Sox,2,4,693855,Ian Seymour,624133,Ranger Suarez,1,12
2026-09-18,823572,New York Mets,Philadelphia Phillies,6,3,804267,Zac Thornton,641835,Tim Mayza,1,3289
2026-09-18,824547,Chicago White Sox,Detroit Tigers,8,11,689818,David Sandlin,808825,Andrew Sears,1,4
2026-09-18,822847,Texas Rangers,Toronto Blue Jays,7,1,677958,Kumar Rocker,656302,Dylan Cease,1,5325
2026-09-18,824303,Colorado Rockies,Seattle Mariners,4,5,687312,Gabriel Hughes,693433,Bryan Woo,1,19
2026-09-18,824138,Houston Astros,Atlanta Braves,2,6,663567,Peter Lambert,641816,Tyler Mahle,1,2392
2026-09-18,823005,St. Louis Cardinals,Washington Nationals,1,9,681517,Kyle Leahy,676917,Cade Cavalli,1,2889
2026-09-18,823977,Los Angeles Angels,Minnesota Twins,0,3,680570,Grayson Rodriguez,687570,Connor Prielipp,1,1
2026-09-18,823252,San Diego Padres,Miami Marlins,8,2,601713,Nick Pivetta,663969,Tyler Phillips,1,2680
2026-09-18,825032,Arizona Diamondbacks,New York Yankees,2,9,593958,Eduardo Rodriguez,543037,Gerrit Cole,1,15
2026-09-18,823898,Los Angeles Dodgers,San Francisco Giants,8,2,607192,Tyler Glasnow,702885,Cesar Perdomo,1,22
2026-09-19,824545,Chicago White Sox,Detroit Tigers,3,1,680732,Sean Burke,695549,Jackson Jobe,1,4
2026-09-19,824788,Baltimore Orioles,Milwaukee Brewers,0,1,669432,Trevor Rogers,688107,Robert Gasser,1,2
2026-09-19,822921,Tampa Bay Rays,Boston Red Sox,2,1,642547,Freddy Peralta,678394,Brayan Bello,1,12
2026-09-19,823571,New York Mets,Philadelphia Phillies,10,3,681035,Christian Scott,691725,Andrew Painter,1,3289
2026-09-19,824380,Cleveland Guardians,Athletics,12,6,676440,Tanner Bibee,682052,Jacob Lopez,1,5
2026-09-19,824461,Cincinnati Reds,Chicago Cubs,2,5,666157,Nick Lodolo,571510,Matthew Boyd,1,2602
2026-09-19,823330,Pittsburgh Pirates,Kansas City Royals,6,5,696149,Bubba Chandler,702070,Noah Cameron,1,31
2026-09-19,822843,Texas Rangers,Toronto Blue Jays,6,2,615698,Cal Quantrill,667755,José Soriano,1,5325
2026-09-19,824137,Houston Astros,Atlanta Braves,3,6,669713,Hayden Wesneski,656550,Grant Holmes,1,2392
2026-09-19,823003,St. Louis Cardinals,Washington Nationals,5,8,700241,Michael McGreevy,674841,Andrew Alvarez,1,2889
2026-09-19,824304,Colorado Rockies,Seattle Mariners,5,3,500779,Jose Quintana,682243,Bryce Miller,1,19
2026-09-19,825029,Arizona Diamondbacks,New York Yankees,5,3,694297,Brandon Pfaadt,693645,Cam Schlittler,1,15
2026-09-19,823249,San Diego Padres,Miami Marlins,7,6,663554,Casey Mize,691587,Eury Pérez,1,2680
2026-09-19,823899,Los Angeles Dodgers,San Francisco Giants,10,4,669373,Tarik Skubal,805074,Yunior Marte,1,22
2026-09-19,823976,Los Angeles Angels,Minnesota Twins,6,5,672282,Reid Detmers,657746,Joe Ryan,1,1
2026-09-20,823570,New York Mets,Philadelphia Phillies,2,7,804636,Jonah Tong,650911,Cristopher Sánchez,1,3289
2026-09-20,823329,Pittsburgh Pirates,Kansas City Royals,4,3,669199,Lake Bachar,608379,Michael Wacha,1,31
2026-09-20,824462,Cincinnati Reds,Chicago Cubs,1,9,695076,Rhett Lowder,656849,David Peterson,1,2602
2026-09-20,824381,Cleveland Guardians,Athletics,1,0,668909,Gavin Williams,678022,Jack Perkins,1,5
2026-09-20,822922,Tampa Bay Rays,Boston Red Sox,5,1,643377,Griffin Jax,663776,Patrick Sandoval,1,12
2026-09-20,824139,Houston Astros,Atlanta Braves,2,4,686613,Hunter Brown,527048,Martín Pérez,1,2392
2026-09-20,824546,Chicago White Sox,Detroit Tigers,8,1,663436,Davis Martin,675512,Troy Melton,1,4
2026-09-20,823001,St. Louis Cardinals,Washington Nationals,5,3,687273,Quinn Mathews,663623,Jake Irvin,1,2889
2026-09-20,822844,Texas Rangers,Toronto Blue Jays,2,7,594798,Jacob deGrom,693686,Spencer Miles,1,5325
2026-09-20,824300,Colorado Rockies,Seattle Mariners,1,2,608372,Tomoyuki Sugano,807739,Kade Anderson,1,19
2026-09-20,823975,Los Angeles Angels,Minnesota Twins,0,8,696270,Ryan Johnson,665152,Dean Kremer,1,1
2026-09-20,823896,Los Angeles Dodgers,San Francisco Giants,3,1,676263,Jack Dreyer,683363,Matt Wilkinson,1,22
2026-09-20,823247,San Diego Padres,Miami Marlins,7,3,621111,Walker Buehler,645261,Sandy Alcantara,1,2680
2026-09-20,825028,Arizona Diamondbacks,New York Yankees,8,4,669203,Corbin Burnes,701542,Will Warren,1,15
2026-09-20,824789,Baltimore Orioles,Milwaukee Brewers,0,3,687064,Brandon Young,694819,Jacob Misiorowski,1,2
2026-09-21,824787,Baltimore Orioles,Toronto Blue Jays,4,3,669358,Shane Baz,702056,Trey Yesavage,1,2
2026-09-21,824221,Detroit Tigers,Washington Nationals,9,2,689981,River Ryan,687792,DJ Herz,1,2394
2026-09-21,823169,San Francisco Giants,Minnesota Twins,5,2,694918,Blade Tidwell,805673,Zebby Matthews,1,2395
2026-09-22,823543,New York Yankees,Tampa Bay Rays,2,0,607074,Carlos Rodón,607259,Nick Martinez,1,3313
2026-09-22,823494,New York Yankees,Tampa Bay Rays,1,6,608331,Max Fried,656876,Drew Rasmussen,2,3313
2026-09-22,824222,Detroit Tigers,Washington Nationals,1,3,623454,Drew Anderson,683000,Riley Cornelio,1,2394
2026-09-22,823328,Pittsburgh Pirates,St. Louis Cardinals,2,0,683003,Jared Jones,669467,Andre Pallante,1,31
2026-09-22,823412,Philadelphia Phillies,Milwaukee Brewers,6,4,554430,Zack Wheeler,669160,Dustin May,1,2681
2026-09-22,824709,Boston Red Sox,Cleveland Guardians,2,3,801139,Payton Tolle,800048,Parker Messick,1,3
2026-09-22,824867,Atlanta Braves,Cincinnati Reds,0,4,702275,JR Ritchie,682227,Brandon Williamson,1,4705
2026-09-22,824061,Kansas City Royals,Chicago White Sox,11,14,663738,Daniel Lynch IV,641743,Anthony Kay,1,7
2026-09-22,824624,Chicago Cubs,Miami Marlins,2,8,684007,Shota Imanaga,676083,Janson Junk,1,17
2026-09-22,822840,Texas Rangers,New York Mets,3,6,669022,MacKenzie Gore,640455,Sean Manaea,1,5325
2026-09-22,824302,Colorado Rockies,Arizona Diamondbacks,2,7,607536,Kyle Freeland,647336,Michael Soroka,1,19
2026-09-22,824953,Athletics,Los Angeles Angels,9,7,669620,Brady Basso,579328,Yusei Kikuchi,1,2529
2026-09-22,823089,Seattle Mariners,Houston Astros,0,7,669302,Logan Gilbert,664299,Cristian Javier,1,680
2026-09-22,823166,San Francisco Giants,Minnesota Twins,2,3,683627,Anthony Molina,671737,Taj Bradley,1,2395
2026-09-22,823897,Los Angeles Dodgers,San Diego Padres,7,0,592779,Brock Stewart,650633,Michael King,1,22
2026-09-23,824223,Detroit Tigers,Washington Nationals,2,4,664285,Framber Valdez,663992,Richard Lovelady,1,2394
2026-09-23,824785,Baltimore Orioles,Toronto Blue Jays,4,2,605135,Chris Bassitt,453286,Max Scherzer,1,2
2026-09-23,824784,Baltimore Orioles,Toronto Blue Jays,4,2,694346,Trey Gibson,669310,CJ Van Eyk,2,2
2026-09-23,823168,San Francisco Giants,Minnesota Twins,2,4,702885,Cesar Perdomo,687570,Connor Prielipp,1,2395
2026-09-23,823327,Pittsburgh Pirates,St. Louis Cardinals,1,5,669199,Lake Bachar,669461,Matthew Liberatore,1,31
2026-09-23,823410,Philadelphia Phillies,Milwaukee Brewers,1,4,605400,Aaron Nola,701656,Logan Henderson,1,2681
2026-09-23,823492,New York Yankees,Tampa Bay Rays,9,2,543037,Gerrit Cole,669438,Mason Englert,1,3313
2026-09-23,824710,Boston Red Sox,Cleveland Guardians,1,0,543243,Sonny Gray,656492,Foster Griffin,1,3
2026-09-23,824868,Atlanta Braves,Cincinnati Reds,3,2,519242,Chris Sale,671096,Andrew Abbott,1,4705
2026-09-23,824060,Kansas City Royals,Chicago White Sox,5,4,607625,Seth Lugo,663542,Bryan Hudson,1,7
2026-09-23,824625,Chicago Cubs,Miami Marlins,2,3,592332,Kevin Gausman,687473,Ryan Gusto,1,17
2026-09-23,822841,Texas Rangers,New York Mets,2,7,674003,Cody Bradford,690997,Nolan McLean,1,5325
2026-09-23,824301,Colorado Rockies,Arizona Diamondbacks,3,5,690279,Mason Adams,518876,Merrill Kelly,1,19
2026-09-23,824951,Athletics,Los Angeles Angels,7,3,605488,Jeffrey Springs,700712,Walbert Ureña,1,2529
2026-09-23,823894,Los Angeles Dodgers,San Diego Padres,1,5,808967,Yoshinobu Yamamoto,592662,Robbie Ray,1,22
2026-09-23,823086,Seattle Mariners,Houston Astros,6,5,669923,George Kirby,814490,Ethan Pecko,1,680
2026-09-24,823326,Pittsburgh Pirates,St. Louis Cardinals,2,1,694973,Paul Skenes,681517,Kyle Leahy,1,31
2026-09-24,824059,Kansas City Royals,Chicago White Sox,1,9,677976,Randy Dobnak,689818,David Sandlin,1,7
2026-09-24,824623,Chicago Cubs,Miami Marlins,2,1,571510,Matthew Boyd,663969,Tyler Phillips,1,17
2026-09-24,822842,Texas Rangers,New York Mets,3,1,677958,Kumar Rocker,804267,Zac Thornton,1,5325
2026-09-24,824298,Colorado Rockies,Arizona Diamondbacks,8,12,685299,Tanner Gordon,593958,Eduardo Rodriguez,1,19
2026-09-24,823411,Philadelphia Phillies,Milwaukee Brewers,1,5,691725,Andrew Painter,675660,Shane Drohan,1,2681
2026-09-24,824707,Boston Red Sox,Cleveland Guardians,0,1,624133,Ranger Suarez,682982,Daniel Espino,1,3
2026-09-24,823493,New York Yankees,Tampa Bay Rays,6,4,693645,Cam Schlittler,693855,Ian Seymour,1,3313
2026-09-24,824866,Atlanta Braves,Cincinnati Reds,6,7,641816,Tyler Mahle,663903,Brady Singer,1,4705
2026-09-24,824950,Athletics,Houston Astros,5,7,686930,Mason Barnett,663567,Peter Lambert,1,2529
2026-09-24,823087,Seattle Mariners,Los Angeles Angels,4,6,693433,Bryan Woo,680570,Grayson Rodriguez,1,680
2026-09-24,823895,Los Angeles Dodgers,San Diego Padres,2,4,607192,Tyler Glasnow,601713,Nick Pivetta,1,22
2026-09-25,824703,Boston Red Sox,Chicago Cubs,4,3,687941,Alec Gamboa,605280,Clay Holmes,1,3
