date,id,home,away,hs,as,hsp,hsp_name,asp,asp_name,dh,venue
2023-03-30,718780,Washington Nationals,Atlanta Braves,2,7,571578,Patrick Corbin,608331,Max Fried,1,3309
2023-03-30,718781,New York Yankees,San Francisco Giants,5,0,543037,Gerrit Cole,657277,Logan Webb,1,3313
2023-03-30,718782,Boston Red Sox,Baltimore Orioles,9,10,446372,Corey Kluber,502043,Kyle Gibson,1,3
2023-03-30,718777,Chicago Cubs,Milwaukee Brewers,4,0,573186,Marcus Stroman,669203,Corbin Burnes,1,17
2023-03-30,718776,Tampa Bay Rays,Detroit Tigers,4,0,663556,Shane McClanahan,593958,Eduardo Rodriguez,1,12
2023-03-30,718779,Texas Rangers,Philadelphia Phillies,11,7,594798,Jacob deGrom,605400,Aaron Nola,1,5325
2023-03-30,718773,Cincinnati Reds,Pittsburgh Pirates,4,5,668881,Hunter Greene,656605,Mitch Keller,1,2602
2023-03-30,718772,St. Louis Cardinals,Toronto Blue Jays,9,10,571945,Miles Mikolas,666201,Alek Manoah,1,2889
2023-03-30,718775,Kansas City Royals,Minnesota Twins,0,2,425844,Zack Greinke,641154,Pablo López,1,7
2023-03-30,718774,Miami Marlins,New York Mets,3,5,645261,Sandy Alcantara,453286,Max Scherzer,1,4169
2023-03-30,718768,Houston Astros,Chicago White Sox,2,3,664285,Framber Valdez,656302,Dylan Cease,1,2392
2023-03-30,718778,San Diego Padres,Colorado Rockies,2,7,605483,Blake Snell,608566,Germán Márquez,1,2680
2023-03-30,718769,Oakland Athletics,Los Angeles Angels,2,1,666205,Kyle Muller,660271,Shohei Ohtani,1,10
2023-03-30,718770,Los Angeles Dodgers,Arizona Diamondbacks,8,2,628711,Julio Urías,668678,Zac Gallen,1,22
2023-03-30,718767,Seattle Mariners,Cleveland Guardians,3,0,622491,Luis Castillo,669456,Shane Bieber,1,680
2023-03-31,718771,Miami Marlins,New York Mets,2,1,666200,Jesús Luzardo,656849,David Peterson,1,4169
2023-03-31,718764,Houston Astros,Chicago White Sox,6,3,664299,Cristian Javier,458681,Lance Lynn,1,2392
2023-03-31,718766,San Diego Padres,Colorado Rockies,1,4,607259,Nick Martinez,607536,Kyle Freeland,1,2680
2023-03-31,718765,Los Angeles Dodgers,Arizona Diamondbacks,1,2,669160,Dustin May,518876,Merrill Kelly,1,22
2023-03-31,718763,Seattle Mariners,Cleveland Guardians,4,9,592662,Robbie Ray,683769,Hunter Gaddis,1,680
2023-04-01,718760,Houston Astros,Chicago White Sox,6,4,664353,José Urquidy,608337,Lucas Giolito,1,2392
2023-04-01,718759,St. Louis Cardinals,Toronto Blue Jays,4,1,656427,Jack Flaherty,592332,Kevin Gausman,1,2889
2023-04-01,718758,Chicago Cubs,Milwaukee Brewers,1,3,657006,Justin Steele,605540,Brandon Woodruff,1,17
2023-04-01,718752,Texas Rangers,Philadelphia Phillies,16,3,543135,Nathan Eovaldi,554430,Zack Wheeler,1,5325
2023-04-01,718753,Washington Nationals,Atlanta Braves,1,7,680686,Josiah Gray,675911,Spencer Strider,1,3309
2023-04-01,718762,New York Yankees,San Francisco Giants,5,7,657376,Clarke Schmidt,502171,Alex Cobb,1,3313
2023-04-01,718757,Oakland Athletics,Los Angeles Angels,1,13,660261,Shintaro Fujinami,663776,Patrick Sandoval,1,10
2023-04-01,718761,Boston Red Sox,Baltimore Orioles,9,8,519242,Chris Sale,665152,Dean Kremer,1,3
2023-04-01,718756,Cincinnati Reds,Pittsburgh Pirates,6,2,666157,Nick Lodolo,448179,Rich Hill,1,2602
2023-04-01,718754,Tampa Bay Rays,Detroit Tigers,12,2,621107,Zach Eflin,605513,Spencer Turnbull,1,12
2023-04-01,718751,Kansas City Royals,Minnesota Twins,0,2,543475,Jordan Lyles,543243,Sonny Gray,1,7
2023-04-01,718755,Miami Marlins,New York Mets,2,6,665795,Edward Cabrera,656731,Tylor Megill,1,4169
2023-04-01,718750,San Diego Padres,Colorado Rockies,8,4,608379,Michael Wacha,570632,José Ureña,1,2680
2023-04-01,718749,Los Angeles Dodgers,Arizona Diamondbacks,10,1,477132,Clayton Kershaw,518516,Madison Bumgarner,1,22
2023-04-01,718746,Seattle Mariners,Cleveland Guardians,0,2,669302,Logan Gilbert,650644,Aaron Civale,1,680
2023-04-02,718742,Tampa Bay Rays,Detroit Tigers,5,1,605488,Jeffrey Springs,666214,Joey Wentz,1,12
2023-04-02,718748,Boston Red Sox,Baltimore Orioles,9,5,656557,Tanner Houck,608344,Cole Irvin,1,3
2023-04-02,718743,Washington Nationals,Atlanta Braves,4,1,669022,MacKenzie Gore,694363,Jared Shuster,1,3309
2023-04-02,718747,New York Yankees,San Francisco Giants,6,0,666745,Jhony Brito,548389,Ross Stripling,1,3313
2023-04-02,718744,Cincinnati Reds,Pittsburgh Pirates,3,1,668933,Graham Ashcraft,592826,Vince Velasquez,1,2602
2023-04-02,718741,Miami Marlins,New York Mets,1,5,669432,Trevor Rogers,673540,Kodai Senga,1,4169
2023-04-02,718745,Kansas City Royals,Minnesota Twins,4,7,641745,Brad Keller,657746,Joe Ryan,1,7
2023-04-02,718740,Houston Astros,Chicago White Sox,3,6,677651,Luis Garcia,605182,Mike Clevinger,1,2392
2023-04-02,718737,St. Louis Cardinals,Toronto Blue Jays,9,4,656756,Jordan Montgomery,605135,Chris Bassitt,1,2889
2023-04-02,718738,Chicago Cubs,Milwaukee Brewers,5,9,592791,Jameson Taillon,641778,Eric Lauer,1,17
2023-04-02,718734,Oakland Athletics,Los Angeles Angels,0,6,686610,Ken Waldichuk,542881,Tyler Anderson,1,10
2023-04-02,718736,Los Angeles Dodgers,Arizona Diamondbacks,1,2,592789,Noah Syndergaard,605200,Zach Davies,1,22
2023-04-02,718733,San Diego Padres,Colorado Rockies,3,1,607625,Seth Lugo,596295,Austin Gomber,1,2680
2023-04-02,718735,Seattle Mariners,Cleveland Guardians,5,6,594835,Marco Gonzales,615698,Cal Quantrill,1,680
2023-04-02,718739,Texas Rangers,Philadelphia Phillies,2,1,527048,Martín Pérez,663559,Bailey Falter,1,5325
2023-04-03,718731,Milwaukee Brewers,New York Mets,10,0,642547,Freddy Peralta,471911,Carlos Carrasco,1,32
2023-04-03,718730,Chicago White Sox,San Francisco Giants,3,12,656629,Michael Kopech,543101,Anthony DeSclafani,1,4
2023-04-03,718728,Cincinnati Reds,Chicago Cubs,7,6,656818,Connor Overton,592767,Drew Smyly,1,2602
2023-04-03,718729,Miami Marlins,Minnesota Twins,1,11,456501,Johnny Cueto,641816,Tyler Mahle,1,4169
2023-04-03,718732,Washington Nationals,Tampa Bay Rays,2,6,592866,Trevor Williams,656876,Drew Rasmussen,1,3309
2023-04-03,718725,New York Yankees,Philadelphia Phillies,8,1,641482,Nestor Cortes,592836,Taijuan Walker,1,3313
2023-04-03,718724,Boston Red Sox,Pittsburgh Pirates,6,7,676710,Kutter Crawford,670912,Johan Oviedo,1,3
2023-04-03,718719,Kansas City Royals,Toronto Blue Jays,9,5,663903,Brady Singer,621244,José Berríos,1,7
2023-04-03,718727,St. Louis Cardinals,Atlanta Braves,4,8,663765,Jake Woodford,450203,Charlie Morton,1,2889
2023-04-03,718726,Texas Rangers,Baltimore Orioles,0,2,592351,Jon Gray,680694,Kyle Bradish,1,5325
2023-04-03,718723,Houston Astros,Detroit Tigers,6,7,686613,Hunter Brown,571510,Matthew Boyd,1,2392
2023-04-03,718721,Oakland Athletics,Cleveland Guardians,11,12,621076,James Kaprielian,668676,Zach Plesac,1,10
2023-04-03,718722,San Diego Padres,Arizona Diamondbacks,5,4,677960,Ryan Weathers,669194,Ryne Nelson,1,2680
2023-04-03,718720,Seattle Mariners,Los Angeles Angels,3,7,669923,George Kirby,672282,Reid Detmers,1,680
2023-04-03,718718,Los Angeles Dodgers,Colorado Rockies,13,4,675627,Michael Grove,663372,Ryan Feltner,1,22
2023-04-04,718717,San Diego Padres,Arizona Diamondbacks,6,8,506433,Yu Darvish,668678,Zac Gallen,1,2680
2023-04-04,718716,Cincinnati Reds,Chicago Cubs,5,12,570666,Luis Cessa,669713,Hayden Wesneski,1,2602
2023-04-04,718714,Miami Marlins,Minnesota Twins,1,0,645261,Sandy Alcantara,628317,Kenta Maeda,1,4169
2023-04-04,718715,Washington Nationals,Tampa Bay Rays,6,10,641771,Chad Kuhl,676596,Josh Fleming,1,3309
2023-04-04,718710,New York Yankees,Philadelphia Phillies,1,4,593334,Domingo Germán,621381,Matt Strahm,1,3313
2023-04-04,718713,Boston Red Sox,Pittsburgh Pirates,1,4,601713,Nick Pivetta,672710,Roansy Contreras,1,3
2023-04-04,718708,Kansas City Royals,Toronto Blue Jays,1,4,663460,Kris Bubic,579328,Yusei Kikuchi,1,7
2023-04-04,718712,Milwaukee Brewers,New York Mets,9,0,489119,Wade Miley,453286,Max Scherzer,1,32
2023-04-04,718711,St. Louis Cardinals,Atlanta Braves,1,4,571927,Steven Matz,689266,Dylan Dodd,1,2889
2023-04-04,718709,Texas Rangers,Baltimore Orioles,2,7,571760,Andrew Heaney,502043,Kyle Gibson,1,5325
2023-04-04,718705,Houston Astros,Detroit Tigers,3,6,664285,Framber Valdez,666159,Matt Manning,1,2392
2023-04-04,718707,Oakland Athletics,Cleveland Guardians,4,3,676664,JP Sears,669456,Shane Bieber,1,10
2023-04-04,718706,Seattle Mariners,Los Angeles Angels,11,2,622491,Luis Castillo,660761,José Suarez,1,680
2023-04-04,718703,Los Angeles Dodgers,Colorado Rockies,5,2,628711,Julio Urías,608566,Germán Márquez,1,22
2023-04-05,718704,Washington Nationals,Tampa Bay Rays,2,7,571578,Patrick Corbin,663556,Shane McClanahan,1,3309
2023-04-05,718699,New York Yankees,Philadelphia Phillies,4,2,543037,Gerrit Cole,605400,Aaron Nola,1,3313
2023-04-05,718701,Miami Marlins,Minnesota Twins,5,2,666200,Jesús Luzardo,641154,Pablo López,1,4169
2023-04-05,718697,St. Louis Cardinals,Atlanta Braves,2,5,571945,Miles Mikolas,693821,Bryce Elder,1,2889
2023-04-05,718702,Boston Red Sox,Pittsburgh Pirates,1,4,446372,Corey Kluber,656605,Mitch Keller,1,3
2023-04-05,718698,Milwaukee Brewers,New York Mets,7,6,669203,Corbin Burnes,656849,David Peterson,1,32
2023-04-05,718694,Texas Rangers,Baltimore Orioles,5,2,594798,Jacob deGrom,680570,Grayson Rodriguez,1,5325
2023-04-05,718696,Houston Astros,Detroit Tigers,8,2,664299,Cristian Javier,593958,Eduardo Rodriguez,1,2392
2023-04-05,718695,Chicago White Sox,San Francisco Giants,7,3,656302,Dylan Cease,657277,Logan Webb,1,4
2023-04-05,718689,Oakland Athletics,Cleveland Guardians,4,6,666205,Kyle Muller,683769,Hunter Gaddis,1,10
2023-04-05,718691,Seattle Mariners,Los Angeles Angels,3,4,623167,Chris Flexen,660271,Shohei Ohtani,1,680
2023-04-05,718692,Kansas City Royals,Toronto Blue Jays,0,3,425844,Zack Greinke,666201,Alek Manoah,1,7
2023-04-06,718690,Detroit Tigers,Boston Red Sox,3,6,605513,Spencer Turnbull,519242,Chris Sale,1,2394
2023-04-06,718686,Kansas City Royals,Toronto Blue Jays,3,6,543475,Jordan Lyles,592332,Kevin Gausman,1,7
2023-04-06,718687,Chicago White Sox,San Francisco Giants,6,16,458681,Lance Lynn,622072,Alex Wood,1,4
2023-04-06,718682,Colorado Rockies,Washington Nationals,1,0,607536,Kyle Freeland,680686,Josiah Gray,1,19
2023-04-06,718681,Atlanta Braves,San Diego Padres,7,6,675911,Spencer Strider,605483,Blake Snell,1,4705
2023-04-06,718683,Arizona Diamondbacks,Los Angeles Dodgers,2,5,518876,Merrill Kelly,669160,Dustin May,1,15
2023-04-07,718693,New York Mets,Miami Marlins,9,3,656731,Tylor Megill,665795,Edward Cabrera,1,3289
2023-04-07,718675,Chicago Cubs,Texas Rangers,2,0,573186,Marcus Stroman,543135,Nathan Eovaldi,1,17
2023-04-07,718685,Philadelphia Phillies,Cincinnati Reds,5,2,554430,Zack Wheeler,668881,Hunter Greene,1,2681
2023-04-07,718688,Baltimore Orioles,New York Yankees,7,6,665152,Dean Kremer,657376,Clarke Schmidt,1,2
2023-04-07,718677,Cleveland Guardians,Seattle Mariners,3,5,650644,Aaron Civale,669302,Logan Gilbert,1,5
2023-04-07,718684,Minnesota Twins,Houston Astros,3,2,543243,Sonny Gray,664353,José Urquidy,1,3312
2023-04-07,718679,Pittsburgh Pirates,Chicago White Sox,13,9,448179,Rich Hill,608337,Lucas Giolito,1,31
2023-04-07,718680,San Francisco Giants,Kansas City Royals,1,3,502171,Alex Cobb,641745,Brad Keller,1,2395
2023-04-07,718678,Tampa Bay Rays,Oakland Athletics,9,5,621107,Zach Eflin,686610,Ken Waldichuk,1,12
2023-04-07,718676,Atlanta Braves,San Diego Padres,4,5,694363,Jared Shuster,607259,Nick Martinez,1,4705
2023-04-07,718674,Milwaukee Brewers,St. Louis Cardinals,4,0,605540,Brandon Woodruff,656427,Jack Flaherty,1,32
2023-04-07,718673,Colorado Rockies,Washington Nationals,5,10,570632,José Ureña,669022,MacKenzie Gore,1,19
2023-04-07,718670,Los Angeles Angels,Toronto Blue Jays,3,4,663776,Patrick Sandoval,605135,Chris Bassitt,1,1
2023-04-07,718671,Arizona Diamondbacks,Los Angeles Dodgers,6,3,518516,Madison Bumgarner,477132,Clayton Kershaw,1,15
2023-04-08,718666,Minnesota Twins,Houston Astros,9,6,657746,Joe Ryan,677651,Luis Garcia,1,3312
2023-04-08,718672,San Francisco Giants,Kansas City Royals,5,6,640455,Sean Manaea,663903,Brady Singer,1,2395
2023-04-08,718669,Chicago Cubs,Texas Rangers,10,3,657006,Justin Steele,527048,Martín Pérez,1,17
2023-04-08,718668,Philadelphia Phillies,Cincinnati Reds,3,2,663559,Bailey Falter,666157,Nick Lodolo,1,2681
2023-04-08,718667,Detroit Tigers,Boston Red Sox,5,14,666214,Joey Wentz,656557,Tanner Houck,1,2394
2023-04-08,718665,Tampa Bay Rays,Oakland Athletics,11,0,605488,Jeffrey Springs,660261,Shintaro Fujinami,1,12
2023-04-08,718661,New York Mets,Miami Marlins,5,2,673540,Kodai Senga,669432,Trevor Rogers,1,3289
2023-04-08,718663,Cleveland Guardians,Seattle Mariners,2,3,615698,Cal Quantrill,594835,Marco Gonzales,1,5
2023-04-08,718662,Pittsburgh Pirates,Chicago White Sox,5,11,592826,Vince Velasquez,605182,Mike Clevinger,1,31
2023-04-08,718664,Baltimore Orioles,New York Yankees,1,4,608344,Cole Irvin,666745,Jhony Brito,1,2
2023-04-08,718660,Milwaukee Brewers,St. Louis Cardinals,0,6,641778,Eric Lauer,656756,Jordan Montgomery,1,32
2023-04-08,718659,Atlanta Braves,San Diego Padres,1,4,450203,Charlie Morton,608379,Michael Wacha,1,4705
2023-04-08,718656,Arizona Diamondbacks,Los Angeles Dodgers,12,8,605200,Zach Davies,592789,Noah Syndergaard,1,15
2023-04-08,718658,Colorado Rockies,Washington Nationals,6,7,596295,Austin Gomber,592866,Trevor Williams,1,19
2023-04-08,718657,Los Angeles Angels,Toronto Blue Jays,9,5,542881,Tyler Anderson,621244,José Berríos,1,1
2023-04-09,718652,Philadelphia Phillies,Cincinnati Reds,4,6,592836,Taijuan Walker,656818,Connor Overton,1,2681
2023-04-09,718654,Detroit Tigers,Boston Red Sox,1,4,571510,Matthew Boyd,676710,Kutter Crawford,1,2394
2023-04-09,718655,Tampa Bay Rays,Oakland Athletics,11,0,656876,Drew Rasmussen,621076,James Kaprielian,1,12
2023-04-09,718653,Pittsburgh Pirates,Chicago White Sox,1,0,670912,Johan Oviedo,656629,Michael Kopech,1,31
2023-04-09,718651,Baltimore Orioles,New York Yankees,3,5,669330,Tyler Wells,641482,Nestor Cortes,1,2
2023-04-09,718646,Cleveland Guardians,Seattle Mariners,7,6,668676,Zach Plesac,669923,George Kirby,1,5
2023-04-09,718647,New York Mets,Miami Marlins,2,7,471911,Carlos Carrasco,666129,Braxton Garrett,1,3289
2023-04-09,718649,Minnesota Twins,Houston Astros,1,5,641816,Tyler Mahle,686613,Hunter Brown,1,3312
2023-04-09,718650,Milwaukee Brewers,St. Louis Cardinals,6,1,642547,Freddy Peralta,663765,Jake Woodford,1,32
2023-04-09,718642,Chicago Cubs,Texas Rangers,2,8,592791,Jameson Taillon,592351,Jon Gray,1,17
2023-04-09,718645,Colorado Rockies,Washington Nationals,7,6,663372,Ryan Feltner,641771,Chad Kuhl,1,19
2023-04-09,718643,San Francisco Giants,Kansas City Royals,3,1,543101,Anthony DeSclafani,663460,Kris Bubic,1,2395
2023-04-09,718644,Los Angeles Angels,Toronto Blue Jays,11,12,672282,Reid Detmers,579328,Yusei Kikuchi,1,1
2023-04-09,718639,Arizona Diamondbacks,Los Angeles Dodgers,11,6,669194,Ryne Nelson,675627,Michael Grove,1,15
2023-04-09,718648,Atlanta Braves,San Diego Padres,2,10,689266,Dylan Dodd,607625,Seth Lugo,1,4705
2023-04-10,718640,Minnesota Twins,Chicago White Sox,3,4,628317,Kenta Maeda,656302,Dylan Cease,1,3312
2023-04-10,718637,Cleveland Guardians,New York Yankees,3,2,669456,Shane Bieber,593334,Domingo Germán,1,5
2023-04-10,718635,Baltimore Orioles,Oakland Athletics,5,1,502043,Kyle Gibson,676664,JP Sears,1,2
2023-04-10,718632,Pittsburgh Pirates,Houston Astros,2,8,672710,Roansy Contreras,664285,Framber Valdez,1,31
2023-04-10,718638,Tampa Bay Rays,Boston Red Sox,1,0,656222,Jalen Beeks,601713,Nick Pivetta,1,12
2023-04-10,718633,Philadelphia Phillies,Miami Marlins,15,3,621381,Matt Strahm,645261,Sandy Alcantara,1,2681
2023-04-10,718634,New York Mets,San Diego Padres,5,0,453286,Max Scherzer,506433,Yu Darvish,1,3289
2023-04-10,718636,Atlanta Braves,Cincinnati Reds,5,4,693821,Bryce Elder,668933,Graham Ashcraft,1,4705
2023-04-10,718628,Chicago Cubs,Seattle Mariners,3,2,592767,Drew Smyly,622491,Luis Castillo,1,17
2023-04-10,718630,Texas Rangers,Kansas City Royals,11,2,571760,Andrew Heaney,425844,Zack Greinke,1,5325
2023-04-10,718629,Colorado Rockies,St. Louis Cardinals,7,4,608566,Germán Márquez,571927,Steven Matz,1,19
2023-04-10,718631,Los Angeles Angels,Washington Nationals,4,6,660761,José Suarez,571578,Patrick Corbin,1,1
2023-04-10,718627,Arizona Diamondbacks,Milwaukee Brewers,3,0,668678,Zac Gallen,489119,Wade Miley,1,15
2023-04-10,718641,San Francisco Giants,Los Angeles Dodgers,1,9,657277,Logan Webb,628711,Julio Urías,1,2395
2023-04-11,718626,Cleveland Guardians,New York Yankees,2,11,683769,Hunter Gaddis,543037,Gerrit Cole,1,5
2023-04-11,718618,Baltimore Orioles,Oakland Athletics,12,8,680570,Grayson Rodriguez,666205,Kyle Muller,1,2
2023-04-11,718623,Pittsburgh Pirates,Houston Astros,7,4,656605,Mitch Keller,664299,Cristian Javier,1,31
2023-04-11,718625,Tampa Bay Rays,Boston Red Sox,7,2,663556,Shane McClanahan,676477,Garrett Whitlock,1,12
2023-04-11,718619,Philadelphia Phillies,Miami Marlins,4,8,605400,Aaron Nola,666200,Jesús Luzardo,1,2681
2023-04-11,718622,Toronto Blue Jays,Detroit Tigers,9,3,666201,Alek Manoah,666159,Matt Manning,1,14
2023-04-11,718621,New York Mets,San Diego Padres,2,4,656849,David Peterson,677960,Ryan Weathers,1,3289
2023-04-11,718620,Atlanta Braves,Cincinnati Reds,7,6,657140,Kyle Wright,570666,Luis Cessa,1,4705
2023-04-11,718617,Chicago Cubs,Seattle Mariners,14,9,669713,Hayden Wesneski,623167,Chris Flexen,1,17
2023-04-11,718616,Minnesota Twins,Chicago White Sox,4,3,641154,Pablo López,458681,Lance Lynn,1,3312
2023-04-11,718615,Texas Rangers,Kansas City Royals,8,5,594798,Jacob deGrom,543475,Jordan Lyles,1,5325
2023-04-11,718613,Colorado Rockies,St. Louis Cardinals,6,9,607536,Kyle Freeland,571945,Miles Mikolas,1,19
2023-04-11,718614,Los Angeles Angels,Washington Nationals,2,0,660271,Shohei Ohtani,680686,Josiah Gray,1,1
2023-04-11,718611,Arizona Diamondbacks,Milwaukee Brewers,1,7,518876,Merrill Kelly,669203,Corbin Burnes,1,15
2023-04-11,718624,San Francisco Giants,Los Angeles Dodgers,5,0,622072,Alex Wood,669160,Dustin May,1,2395
2023-04-12,718608,Pittsburgh Pirates,Houston Astros,0,7,448179,Rich Hill,664353,José Urquidy,1,31
2023-04-12,718610,New York Mets,San Diego Padres,5,2,656731,Tylor Megill,605483,Blake Snell,1,3289
2023-04-12,718605,Minnesota Twins,Chicago White Sox,3,1,543243,Sonny Gray,608337,Lucas Giolito,1,3312
2023-04-12,718604,Cleveland Guardians,New York Yankees,3,4,685410,Peyton Battenfield,657376,Clarke Schmidt,1,5
2023-04-12,718606,Chicago Cubs,Seattle Mariners,2,5,573186,Marcus Stroman,669302,Logan Gilbert,1,17
2023-04-12,718607,Colorado Rockies,St. Louis Cardinals,4,7,570632,José Ureña,656427,Jack Flaherty,1,19
2023-04-12,718598,Arizona Diamondbacks,Milwaukee Brewers,7,3,686753,Drey Jameson,676083,Janson Junk,1,15
2023-04-12,718609,Philadelphia Phillies,Miami Marlins,2,3,554430,Zack Wheeler,665795,Edward Cabrera,1,2681
2023-04-12,718602,Los Angeles Angels,Washington Nationals,3,2,656288,Griffin Canning,669022,MacKenzie Gore,1,1
2023-04-12,718599,Baltimore Orioles,Oakland Athletics,4,8,665152,Dean Kremer,686610,Ken Waldichuk,1,2
2023-04-12,718600,Tampa Bay Rays,Boston Red Sox,9,7,671737,Taj Bradley,519242,Chris Sale,1,12
2023-04-12,718603,Toronto Blue Jays,Detroit Tigers,4,3,592332,Kevin Gausman,593958,Eduardo Rodriguez,1,14
2023-04-12,718601,Atlanta Braves,Cincinnati Reds,5,4,675911,Spencer Strider,668881,Hunter Greene,1,4705
2023-04-12,718595,Texas Rangers,Kansas City Royals,1,10,543135,Nathan Eovaldi,641745,Brad Keller,1,5325
2023-04-12,718612,San Francisco Giants,Los Angeles Dodgers,5,10,502171,Alex Cobb,477132,Clayton Kershaw,1,2395
2023-04-13,718596,Baltimore Orioles,Oakland Athletics,8,7,608344,Cole Irvin,670124,Adam Oller,1,2
2023-04-13,718594,Tampa Bay Rays,Boston Red Sox,9,3,605488,Jeffrey Springs,446372,Corey Kluber,1,12
2023-04-13,718597,Cincinnati Reds,Philadelphia Phillies,6,2,666157,Nick Lodolo,663559,Bailey Falter,1,2602
2023-04-13,718590,New York Yankees,Minnesota Twins,2,11,666745,Jhony Brito,657746,Joe Ryan,1,3313
2023-04-13,718593,Toronto Blue Jays,Detroit Tigers,1,3,605135,Chris Bassitt,605513,Spencer Turnbull,1,14
2023-04-13,718591,St. Louis Cardinals,Pittsburgh Pirates,0,5,656756,Jordan Montgomery,592826,Vince Velasquez,1,2889
2023-04-13,718589,San Diego Padres,Milwaukee Brewers,3,4,607259,Nick Martinez,607067,Colin Rea,1,2680
2023-04-14,718585,Detroit Tigers,San Francisco Giants,7,5,666214,Joey Wentz,640455,Sean Manaea,1,2394
2023-04-14,718586,Cincinnati Reds,Philadelphia Phillies,3,8,656818,Connor Overton,592836,Taijuan Walker,1,2602
2023-04-14,718584,Miami Marlins,Arizona Diamondbacks,5,1,669432,Trevor Rogers,518516,Madison Bumgarner,1,4169
2023-04-14,718592,Washington Nationals,Cleveland Guardians,3,4,592866,Trevor Williams,615698,Cal Quantrill,1,3309
2023-04-14,718588,New York Yankees,Minnesota Twins,3,4,641482,Nestor Cortes,686973,Louis Varland,1,3313
2023-04-14,718587,Toronto Blue Jays,Tampa Bay Rays,6,3,621244,José Berríos,656876,Drew Rasmussen,1,14
2023-04-14,718580,Boston Red Sox,Los Angeles Angels,5,3,656557,Tanner Houck,663776,Patrick Sandoval,1,3
2023-04-14,718583,Chicago White Sox,Baltimore Orioles,3,6,605182,Mike Clevinger,669330,Tyler Wells,1,4
2023-04-14,718581,Houston Astros,Texas Rangers,2,6,677651,Luis Garcia,527048,Martín Pérez,1,2392
2023-04-14,718579,Kansas City Royals,Atlanta Braves,3,10,663903,Brady Singer,450203,Charlie Morton,1,7
2023-04-14,718582,St. Louis Cardinals,Pittsburgh Pirates,3,0,663765,Jake Woodford,670912,Johan Oviedo,1,2889
2023-04-14,718578,Oakland Athletics,New York Mets,6,17,621076,James Kaprielian,673540,Kodai Senga,1,10
2023-04-14,718574,San Diego Padres,Milwaukee Brewers,2,11,608379,Michael Wacha,641778,Eric Lauer,1,2680
2023-04-14,718575,Los Angeles Dodgers,Chicago Cubs,2,8,592789,Noah Syndergaard,657006,Justin Steele,1,22
2023-04-14,718577,Seattle Mariners,Colorado Rockies,5,3,543548,Tommy Milone,596295,Austin Gomber,1,680
2023-04-15,718572,New York Yankees,Minnesota Twins,6,1,593334,Domingo Germán,641816,Tyler Mahle,1,3313
2023-04-15,718571,Detroit Tigers,San Francisco Giants,7,6,547179,Michael Lorenzen,543101,Anthony DeSclafani,1,2394
2023-04-15,718570,Chicago White Sox,Baltimore Orioles,7,6,656629,Michael Kopech,502043,Kyle Gibson,1,4
2023-04-15,718568,St. Louis Cardinals,Pittsburgh Pirates,3,6,571927,Steven Matz,672710,Roansy Contreras,1,2889
2023-04-15,718569,Toronto Blue Jays,Tampa Bay Rays,5,2,579328,Yusei Kikuchi,676534,Calvin Faucher,1,14
2023-04-15,718573,Washington Nationals,Cleveland Guardians,4,6,641771,Chad Kuhl,668676,Zach Plesac,1,3309
2023-04-15,718560,San Diego Padres,Milwaukee Brewers,10,3,607625,Seth Lugo,642547,Freddy Peralta,1,2680
2023-04-15,718565,Oakland Athletics,New York Mets,2,3,660261,Shintaro Fujinami,471911,Carlos Carrasco,1,10
2023-04-15,718576,Boston Red Sox,Los Angeles Angels,9,7,601713,Nick Pivetta,542881,Tyler Anderson,1,3
2023-04-15,718566,Cincinnati Reds,Philadelphia Phillies,13,0,668933,Graham Ashcraft,621381,Matt Strahm,1,2602
2023-04-15,718563,Kansas City Royals,Atlanta Braves,3,9,663460,Kris Bubic,693821,Bryce Elder,1,7
2023-04-15,718567,Miami Marlins,Arizona Diamondbacks,3,2,666129,Braxton Garrett,669194,Ryne Nelson,1,4169
2023-04-15,718562,Houston Astros,Texas Rangers,8,2,686613,Hunter Brown,592351,Jon Gray,1,2392
2023-04-15,718564,Los Angeles Dodgers,Chicago Cubs,2,1,675627,Michael Grove,592791,Jameson Taillon,1,22
2023-04-15,718561,Seattle Mariners,Colorado Rockies,9,2,669923,George Kirby,663372,Ryan Feltner,1,680
2023-04-16,718559,Boston Red Sox,Los Angeles Angels,2,1,676477,Garrett Whitlock,672282,Reid Detmers,1,3
2023-04-16,718555,Washington Nationals,Cleveland Guardians,7,6,571578,Patrick Corbin,669456,Shane Bieber,1,3309
2023-04-16,718557,New York Yankees,Minnesota Twins,2,0,543037,Gerrit Cole,641154,Pablo López,1,3313
2023-04-16,718556,Toronto Blue Jays,Tampa Bay Rays,1,8,666201,Alek Manoah,663556,Shane McClanahan,1,14
2023-04-16,718554,Cincinnati Reds,Philadelphia Phillies,3,14,570666,Luis Cessa,605400,Aaron Nola,1,2602
2023-04-16,718550,Miami Marlins,Arizona Diamondbacks,0,5,645261,Sandy Alcantara,668678,Zac Gallen,1,4169
2023-04-16,718551,Kansas City Royals,Atlanta Braves,4,5,425844,Zack Greinke,657140,Kyle Wright,1,7
2023-04-16,718553,Chicago White Sox,Baltimore Orioles,4,8,656302,Dylan Cease,680570,Grayson Rodriguez,1,4
2023-04-16,718548,St. Louis Cardinals,Pittsburgh Pirates,5,4,571945,Miles Mikolas,656605,Mitch Keller,1,2889
2023-04-16,718546,Oakland Athletics,New York Mets,3,4,676664,JP Sears,676130,José Buttó,1,10
2023-04-16,718547,Los Angeles Dodgers,Chicago Cubs,2,3,628711,Julio Urías,592767,Drew Smyly,1,22
2023-04-16,718545,Seattle Mariners,Colorado Rockies,1,0,622491,Luis Castillo,663562,Noah Davis,1,680
2023-04-16,718549,San Diego Padres,Milwaukee Brewers,0,1,506433,Yu Darvish,489119,Wade Miley,1,2680
2023-04-16,718552,Houston Astros,Texas Rangers,1,9,664285,Framber Valdez,571760,Andrew Heaney,1,2392
2023-04-17,718540,Boston Red Sox,Los Angeles Angels,4,5,678394,Brayan Bello,660271,Shohei Ohtani,1,3
2023-04-17,718542,Cincinnati Reds,Tampa Bay Rays,8,1,668881,Hunter Greene,656222,Jalen Beeks,1,2602
2023-04-17,718544,Miami Marlins,San Francisco Giants,4,3,666200,Jesús Luzardo,657277,Logan Webb,1,4169
2023-04-17,718539,Kansas City Royals,Texas Rangers,0,4,543475,Jordan Lyles,594798,Jacob deGrom,1,7
2023-04-17,718538,St. Louis Cardinals,Arizona Diamondbacks,3,6,656427,Jack Flaherty,518876,Merrill Kelly,1,2889
2023-04-17,718537,Houston Astros,Toronto Blue Jays,9,2,664299,Cristian Javier,592332,Kevin Gausman,1,2392
2023-04-17,718535,Colorado Rockies,Pittsburgh Pirates,3,14,607536,Kyle Freeland,448179,Rich Hill,1,19
2023-04-17,718536,Oakland Athletics,Chicago Cubs,1,10,666205,Kyle Muller,669713,Hayden Wesneski,1,10
2023-04-17,718533,San Diego Padres,Atlanta Braves,0,2,677960,Ryan Weathers,608331,Max Fried,1,2680
2023-04-17,718534,Seattle Mariners,Milwaukee Brewers,3,7,623167,Chris Flexen,669203,Corbin Burnes,1,680
2023-04-17,718532,Los Angeles Dodgers,New York Mets,6,8,669160,Dustin May,656849,David Peterson,1,22
2023-04-18,718530,Detroit Tigers,Cleveland Guardians,4,3,571510,Matthew Boyd,683769,Hunter Gaddis,1,2394
2023-04-18,718541,Detroit Tigers,Cleveland Guardians,1,0,593958,Eduardo Rodriguez,685410,Peyton Battenfield,2,2394
2023-04-18,718525,Chicago White Sox,Philadelphia Phillies,4,7,458681,Lance Lynn,554430,Zack Wheeler,1,4
2023-04-18,718543,Chicago White Sox,Philadelphia Phillies,3,0,608337,Lucas Giolito,663559,Bailey Falter,2,4
2023-04-18,718526,Cincinnati Reds,Tampa Bay Rays,0,10,666157,Nick Lodolo,671737,Taj Bradley,1,2602
2023-04-18,718528,Miami Marlins,San Francisco Giants,4,2,665795,Edward Cabrera,622072,Alex Wood,1,4169
2023-04-18,718531,Washington Nationals,Baltimore Orioles,0,1,680686,Josiah Gray,665152,Dean Kremer,1,3309
2023-04-18,718529,New York Yankees,Los Angeles Angels,2,5,657376,Clarke Schmidt,660761,José Suarez,1,3313
2023-04-18,718524,Boston Red Sox,Minnesota Twins,5,4,519242,Chris Sale,543243,Sonny Gray,1,3
2023-04-18,718522,Kansas City Royals,Texas Rangers,2,12,641745,Brad Keller,543135,Nathan Eovaldi,1,7
2023-04-18,718527,St. Louis Cardinals,Arizona Diamondbacks,7,8,656756,Jordan Montgomery,686753,Drey Jameson,1,2889
2023-04-18,718520,Houston Astros,Toronto Blue Jays,2,4,664353,José Urquidy,605135,Chris Bassitt,1,2392
2023-04-18,718521,Colorado Rockies,Pittsburgh Pirates,3,5,570632,José Ureña,592826,Vince Velasquez,1,19
2023-04-18,718523,Oakland Athletics,Chicago Cubs,0,4,686610,Ken Waldichuk,573186,Marcus Stroman,1,10
2023-04-18,718519,San Diego Padres,Atlanta Braves,1,8,605483,Blake Snell,675911,Spencer Strider,1,2680
2023-04-18,718517,Seattle Mariners,Milwaukee Brewers,5,6,669302,Logan Gilbert,607067,Colin Rea,1,680
2023-04-18,718516,Los Angeles Dodgers,New York Mets,5,0,477132,Clayton Kershaw,656731,Tylor Megill,1,22
2023-04-19,718515,Cincinnati Reds,Tampa Bay Rays,0,8,686651,Levi Stoudt,656876,Drew Rasmussen,1,2602
2023-04-19,718513,Detroit Tigers,Cleveland Guardians,2,3,605513,Spencer Turnbull,615698,Cal Quantrill,1,2394
2023-04-19,718511,Miami Marlins,San Francisco Giants,2,5,669432,Trevor Rogers,502171,Alex Cobb,1,4169
2023-04-19,718512,St. Louis Cardinals,Arizona Diamondbacks,14,5,663765,Jake Woodford,518516,Madison Bumgarner,1,2889
2023-04-19,718514,Kansas City Royals,Texas Rangers,3,12,663903,Brady Singer,527048,Martín Pérez,1,7
2023-04-19,718510,Chicago White Sox,Philadelphia Phillies,2,5,605182,Mike Clevinger,592836,Taijuan Walker,1,4
2023-04-19,718508,Los Angeles Dodgers,New York Mets,3,5,592789,Noah Syndergaard,453286,Max Scherzer,1,22
2023-04-19,718509,Colorado Rockies,Pittsburgh Pirates,3,14,596295,Austin Gomber,670912,Johan Oviedo,1,19
2023-04-19,718506,Oakland Athletics,Chicago Cubs,2,12,695243,Mason Miller,657006,Justin Steele,1,10
2023-04-19,718507,San Diego Padres,Atlanta Braves,1,0,607259,Nick Martinez,450203,Charlie Morton,1,2680
2023-04-19,718502,Seattle Mariners,Milwaukee Brewers,3,5,594835,Marco Gonzales,641778,Eric Lauer,1,680
2023-04-19,718518,Washington Nationals,Baltimore Orioles,0,4,669022,MacKenzie Gore,680694,Kyle Bradish,1,3309
2023-04-19,718504,New York Yankees,Los Angeles Angels,3,2,666745,Jhony Brito,656288,Griffin Canning,1,3313
2023-04-19,718505,Boston Red Sox,Minnesota Twins,4,10,446372,Corey Kluber,657746,Joe Ryan,1,3
2023-04-19,718501,Houston Astros,Toronto Blue Jays,8,1,677651,Luis Garcia,621244,José Berríos,1,2392
2023-04-20,718497,Boston Red Sox,Minnesota Twins,11,5,656557,Tanner Houck,628317,Kenta Maeda,1,3
2023-04-20,718496,New York Yankees,Los Angeles Angels,9,3,641482,Nestor Cortes,663776,Patrick Sandoval,1,3313
2023-04-20,718500,Pittsburgh Pirates,Cincinnati Reds,4,3,672710,Roansy Contreras,596133,Luke Weaver,1,31
2023-04-20,718498,Philadelphia Phillies,Colorado Rockies,0,5,621381,Matt Strahm,663372,Ryan Feltner,1,2681
2023-04-20,718499,Chicago Cubs,Los Angeles Dodgers,2,6,665871,Javier Assad,675627,Michael Grove,1,17
2023-04-20,718494,Arizona Diamondbacks,San Diego Padres,5,7,669194,Ryne Nelson,608379,Michael Wacha,1,15
2023-04-20,718503,San Francisco Giants,New York Mets,4,9,640455,Sean Manaea,673540,Kodai Senga,1,2395
2023-04-21,718491,Chicago Cubs,Los Angeles Dodgers,13,0,592767,Drew Smyly,628711,Julio Urías,1,17
2023-04-21,718492,Pittsburgh Pirates,Cincinnati Reds,4,2,656605,Mitch Keller,668933,Graham Ashcraft,1,31
2023-04-21,718486,Tampa Bay Rays,Chicago White Sox,8,7,676534,Calvin Faucher,656629,Michael Kopech,1,12
2023-04-21,718495,Baltimore Orioles,Detroit Tigers,2,1,669330,Tyler Wells,547179,Michael Lorenzen,1,2
2023-04-21,718493,Philadelphia Phillies,Colorado Rockies,4,3,605400,Aaron Nola,663562,Noah Davis,1,2681
2023-04-21,718487,New York Yankees,Toronto Blue Jays,1,6,593334,Domingo Germán,579328,Yusei Kikuchi,1,3313
2023-04-21,718489,Atlanta Braves,Houston Astros,4,6,693821,Bryce Elder,686613,Hunter Brown,1,4705
2023-04-21,718490,Texas Rangers,Oakland Athletics,4,5,592351,Jon Gray,676664,JP Sears,1,5325
2023-04-21,718482,Minnesota Twins,Washington Nationals,2,3,641816,Tyler Mahle,592866,Trevor Williams,1,3312
2023-04-21,718483,Milwaukee Brewers,Boston Red Sox,3,5,642547,Freddy Peralta,601713,Nick Pivetta,1,32
2023-04-21,718485,Los Angeles Angels,Kansas City Royals,2,0,660271,Shohei Ohtani,664199,Taylor Clarke,1,1
2023-04-21,718484,Arizona Diamondbacks,San Diego Padres,9,0,668678,Zac Gallen,607625,Seth Lugo,1,15
2023-04-21,718481,Seattle Mariners,St. Louis Cardinals,5,2,669923,George Kirby,571927,Steven Matz,1,680
2023-04-21,718480,San Francisco Giants,New York Mets,0,7,543101,Anthony DeSclafani,664192,Joey Lucchesi,1,2395
2023-04-22,718476,New York Yankees,Toronto Blue Jays,3,2,543037,Gerrit Cole,666201,Alek Manoah,1,3313
2023-04-22,718468,Minnesota Twins,Washington Nationals,4,10,641154,Pablo López,641771,Chad Kuhl,1,3312
2023-04-22,718479,Chicago Cubs,Los Angeles Dodgers,4,9,669713,Hayden Wesneski,669160,Dustin May,1,17
2023-04-22,718475,Philadelphia Phillies,Colorado Rockies,4,3,650911,Cristopher Sánchez,607536,Kyle Freeland,1,2681
2023-04-22,718473,Cleveland Guardians,Miami Marlins,1,6,669456,Shane Bieber,656970,Devin Smeltzer,1,5
2023-04-22,718488,Cleveland Guardians,Miami Marlins,2,3,668676,Zach Plesac,666129,Braxton Garrett,2,5
2023-04-22,718478,San Francisco Giants,New York Mets,7,4,657277,Logan Webb,656849,David Peterson,1,2395
2023-04-22,718477,Tampa Bay Rays,Chicago White Sox,4,3,663556,Shane McClanahan,656302,Dylan Cease,1,12
2023-04-22,718474,Pittsburgh Pirates,Cincinnati Reds,2,1,448179,Rich Hill,570666,Luis Cessa,1,31
2023-04-22,718472,Baltimore Orioles,Detroit Tigers,5,1,502043,Kyle Gibson,666214,Joey Wentz,1,2
2023-04-22,718469,Texas Rangers,Oakland Athletics,18,3,571760,Andrew Heaney,660261,Shintaro Fujinami,1,5325
2023-04-22,718470,Milwaukee Brewers,Boston Red Sox,5,4,489119,Wade Miley,676477,Garrett Whitlock,1,32
2023-04-22,718471,Atlanta Braves,Houston Astros,3,6,657140,Kyle Wright,664285,Framber Valdez,1,4705
2023-04-22,718467,Arizona Diamondbacks,San Diego Padres,3,5,518876,Merrill Kelly,605397,Joe Musgrove,1,15
2023-04-22,718466,Los Angeles Angels,Kansas City Royals,8,11,542881,Tyler Anderson,425844,Zack Greinke,1,1
2023-04-22,718464,Seattle Mariners,St. Louis Cardinals,5,4,622491,Luis Castillo,571945,Miles Mikolas,1,680
2023-04-23,718458,Philadelphia Phillies,Colorado Rockies,9,3,554430,Zack Wheeler,570632,José Ureña,1,2681
2023-04-23,718459,Baltimore Orioles,Detroit Tigers,2,1,680570,Grayson Rodriguez,593958,Eduardo Rodriguez,1,2
2023-04-23,718463,Pittsburgh Pirates,Cincinnati Reds,2,0,592826,Vince Velasquez,668881,Hunter Greene,1,31
2023-04-23,718462,Atlanta Braves,Houston Astros,2,5,608331,Max Fried,664299,Cristian Javier,1,4705
2023-04-23,718465,New York Yankees,Toronto Blue Jays,1,5,657376,Clarke Schmidt,592332,Kevin Gausman,1,3313
2023-04-23,718457,Tampa Bay Rays,Chicago White Sox,4,1,621107,Zach Eflin,608337,Lucas Giolito,1,12
2023-04-23,718460,Cleveland Guardians,Miami Marlins,7,4,671106,Logan Allen,666200,Jesús Luzardo,1,5
2023-04-23,718454,Minnesota Twins,Washington Nationals,3,1,641927,Bailey Ober,571578,Patrick Corbin,1,3312
2023-04-23,718461,Milwaukee Brewers,Boston Red Sox,5,12,669203,Corbin Burnes,678394,Brayan Bello,1,32
2023-04-23,718451,Chicago Cubs,Los Angeles Dodgers,3,7,573186,Marcus Stroman,477132,Clayton Kershaw,1,17
2023-04-23,718453,Texas Rangers,Oakland Athletics,5,2,594798,Jacob deGrom,666205,Kyle Muller,1,5325
2023-04-23,718452,Los Angeles Angels,Kansas City Royals,4,3,672282,Reid Detmers,543475,Jordan Lyles,1,1
2023-04-23,718456,Arizona Diamondbacks,San Diego Padres,5,7,686753,Drey Jameson,506433,Yu Darvish,1,15
2023-04-23,718450,Seattle Mariners,St. Louis Cardinals,3,7,623167,Chris Flexen,656427,Jack Flaherty,1,680
2023-04-23,718455,San Francisco Giants,New York Mets,5,4,548389,Ross Stripling,656731,Tylor Megill,1,2395
2023-04-24,718448,Cleveland Guardians,Colorado Rockies,0,6,615698,Cal Quantrill,596295,Austin Gomber,1,5
2023-04-24,718447,Baltimore Orioles,Boston Red Sox,5,4,665152,Dean Kremer,519242,Chris Sale,1,2
2023-04-24,718449,Tampa Bay Rays,Houston Astros,8,3,671737,Taj Bradley,664353,José Urquidy,1,12
2023-04-24,718445,Cincinnati Reds,Texas Rangers,7,6,666157,Nick Lodolo,543135,Nathan Eovaldi,1,2602
2023-04-24,718444,Toronto Blue Jays,Chicago White Sox,5,2,605135,Chris Bassitt,458681,Lance Lynn,1,14
2023-04-24,718443,Atlanta Braves,Miami Marlins,11,0,675911,Spencer Strider,665795,Edward Cabrera,1,4705
2023-04-24,718442,Minnesota Twins,New York Yankees,6,1,543243,Sonny Gray,666745,Jhony Brito,1,3312
2023-04-24,718441,Milwaukee Brewers,Detroit Tigers,2,4,607067,Colin Rea,571510,Matthew Boyd,1,32
2023-04-24,718437,Los Angeles Angels,Oakland Athletics,10,11,660761,José Suarez,686610,Ken Waldichuk,1,1
2023-04-24,718438,Arizona Diamondbacks,Kansas City Royals,5,4,674072,Tommy Henry,641745,Brad Keller,1,15
2023-04-24,718446,San Francisco Giants,St. Louis Cardinals,4,0,502171,Alex Cobb,656756,Jordan Montgomery,1,2395
2023-04-25,718440,Cleveland Guardians,Colorado Rockies,1,5,685410,Peyton Battenfield,663372,Ryan Feltner,1,5
2023-04-25,718435,Baltimore Orioles,Boston Red Sox,6,8,680694,Kyle Bradish,446372,Corey Kluber,1,2
2023-04-25,718432,Pittsburgh Pirates,Los Angeles Dodgers,7,8,670912,Johan Oviedo,592789,Noah Syndergaard,1,31
2023-04-25,718436,Tampa Bay Rays,Houston Astros,0,5,656876,Drew Rasmussen,677651,Luis Garcia,1,12
2023-04-25,718434,Cincinnati Reds,Texas Rangers,7,6,596133,Luke Weaver,527048,Martín Pérez,1,2602
2023-04-25,718430,Philadelphia Phillies,Seattle Mariners,3,5,663559,Bailey Falter,594835,Marco Gonzales,1,2681
2023-04-25,718433,Toronto Blue Jays,Chicago White Sox,7,0,621244,José Berríos,605182,Mike Clevinger,1,14
2023-04-25,718431,New York Mets,Washington Nationals,0,5,676130,José Buttó,680686,Josiah Gray,1,3289
2023-04-25,718429,Atlanta Braves,Miami Marlins,7,4,450203,Charlie Morton,663773,Bryan Hoeing,1,4705
2023-04-25,718426,Chicago Cubs,San Diego Padres,6,0,657006,Justin Steele,605483,Blake Snell,1,17
2023-04-25,718427,Minnesota Twins,New York Yankees,6,2,657746,Joe Ryan,641482,Nestor Cortes,1,3312
2023-04-25,718428,Milwaukee Brewers,Detroit Tigers,3,4,641778,Eric Lauer,605513,Spencer Turnbull,1,32
2023-04-25,718425,Los Angeles Angels,Oakland Athletics,5,3,656288,Griffin Canning,695243,Mason Miller,1,1
2023-04-25,718422,Arizona Diamondbacks,Kansas City Royals,4,5,669194,Ryne Nelson,663903,Brady Singer,1,15
2023-04-25,718439,San Francisco Giants,St. Louis Cardinals,5,4,605154,John Brebbia,663765,Jake Woodford,1,2395
2023-04-26,718424,Cincinnati Reds,Texas Rangers,5,3,668933,Graham Ashcraft,592351,Jon Gray,1,2602
2023-04-26,718416,Baltimore Orioles,Boston Red Sox,6,2,669330,Tyler Wells,656557,Tanner Houck,1,2
2023-04-26,718420,Toronto Blue Jays,Chicago White Sox,8,0,579328,Yusei Kikuchi,656629,Michael Kopech,1,14
2023-04-26,718421,Cleveland Guardians,Colorado Rockies,4,1,676440,Tanner Bibee,608566,Germán Márquez,1,5
2023-04-26,718417,Minnesota Twins,New York Yankees,6,12,628317,Kenta Maeda,593334,Domingo Germán,1,3312
2023-04-26,718419,Milwaukee Brewers,Detroit Tigers,6,2,642547,Freddy Peralta,547179,Michael Lorenzen,1,32
2023-04-26,718418,Arizona Diamondbacks,Kansas City Royals,2,0,668678,Zac Gallen,642232,Ryan Yarbrough,1,15
2023-04-26,718413,Pittsburgh Pirates,Los Angeles Dodgers,8,1,672710,Roansy Contreras,664062,Tony Gonsolin,1,31
2023-04-26,718414,Tampa Bay Rays,Houston Astros,0,1,676534,Calvin Faucher,686613,Hunter Brown,1,12
2023-04-26,718415,Philadelphia Phillies,Seattle Mariners,6,5,592836,Taijuan Walker,669302,Logan Gilbert,1,2681
2023-04-26,718412,New York Mets,Washington Nationals,1,4,673540,Kodai Senga,669022,MacKenzie Gore,1,3289
2023-04-26,718411,Atlanta Braves,Miami Marlins,6,4,693821,Bryce Elder,645261,Sandy Alcantara,1,4705
2023-04-26,718407,Chicago Cubs,San Diego Padres,3,5,592767,Drew Smyly,608379,Michael Wacha,1,17
2023-04-26,718408,Los Angeles Angels,Oakland Athletics,11,3,663776,Patrick Sandoval,665622,Luis Medina,1,1
2023-04-26,718423,San Francisco Giants,St. Louis Cardinals,7,3,543101,Anthony DeSclafani,571927,Steven Matz,1,2395
2023-04-27,718410,Atlanta Braves,Miami Marlins,4,5,657140,Kyle Wright,666129,Braxton Garrett,1,4705
2023-04-27,718403,Pittsburgh Pirates,Los Angeles Dodgers,6,2,656605,Mitch Keller,628711,Julio Urías,1,31
2023-04-27,718404,Philadelphia Phillies,Seattle Mariners,1,0,621381,Matt Strahm,669923,George Kirby,1,2681
2023-04-27,718406,Chicago Cubs,San Diego Padres,5,2,669713,Hayden Wesneski,607625,Seth Lugo,1,17
2023-04-27,718409,San Francisco Giants,St. Louis Cardinals,0,6,657277,Logan Webb,571945,Miles Mikolas,1,2395
2023-04-27,718402,Los Angeles Angels,Oakland Athletics,8,7,660271,Shohei Ohtani,676664,JP Sears,1,1
2023-04-27,718405,Detroit Tigers,Baltimore Orioles,4,7,666214,Joey Wentz,502043,Kyle Gibson,1,2394
2023-04-27,718398,New York Mets,Washington Nationals,9,8,664192,Joey Lucchesi,592866,Trevor Williams,1,3289
2023-04-27,718396,Chicago White Sox,Tampa Bay Rays,5,14,656302,Dylan Cease,663556,Shane McClanahan,1,4
2023-04-27,718400,Minnesota Twins,Kansas City Royals,7,1,641816,Tyler Mahle,425844,Zack Greinke,1,3312
2023-04-27,718397,Texas Rangers,New York Yankees,2,4,571760,Andrew Heaney,543037,Gerrit Cole,1,5325
2023-04-28,718387,Minnesota Twins,Kansas City Royals,8,6,641154,Pablo López,543475,Jordan Lyles,1,3312
2023-04-28,718391,Miami Marlins,Chicago Cubs,3,2,666200,Jesús Luzardo,573186,Marcus Stroman,1,4169
2023-04-28,718392,Toronto Blue Jays,Seattle Mariners,3,2,666201,Alek Manoah,622491,Luis Castillo,1,14
2023-04-28,718395,Boston Red Sox,Cleveland Guardians,2,5,601713,Nick Pivetta,669456,Shane Bieber,1,3
2023-04-28,718394,New York Mets,Atlanta Braves,0,4,656849,David Peterson,608331,Max Fried,1,3289
2023-04-28,718393,Chicago White Sox,Tampa Bay Rays,2,3,608337,Lucas Giolito,621107,Zach Eflin,1,4
2023-04-28,718388,Texas Rangers,New York Yankees,5,2,594798,Jacob deGrom,657376,Clarke Schmidt,1,5325
2023-04-28,718389,Houston Astros,Philadelphia Phillies,1,3,664285,Framber Valdez,605400,Aaron Nola,1,2392
2023-04-28,718386,Milwaukee Brewers,Los Angeles Angels,2,1,489119,Wade Miley,542881,Tyler Anderson,1,32
2023-04-28,718390,Colorado Rockies,Arizona Diamondbacks,1,9,607536,Kyle Freeland,518876,Merrill Kelly,1,19
2023-04-28,718380,Oakland Athletics,Cincinnati Reds,7,11,607968,Drew Rucinski,570666,Luis Cessa,1,10
2023-04-28,718382,Los Angeles Dodgers,St. Louis Cardinals,7,3,669160,Dustin May,656427,Jack Flaherty,1,22
2023-04-29,718381,Detroit Tigers,Baltimore Orioles,7,4,593958,Eduardo Rodriguez,665152,Dean Kremer,1,2394
2023-04-29,718401,Detroit Tigers,Baltimore Orioles,4,6,571510,Matthew Boyd,680570,Grayson Rodriguez,2,2394
2023-04-29,718383,Washington Nationals,Pittsburgh Pirates,3,6,571578,Patrick Corbin,448179,Rich Hill,1,3309
2023-04-29,718399,Washington Nationals,Pittsburgh Pirates,1,16,641771,Chad Kuhl,592826,Vince Velasquez,2,3309
2023-04-29,718378,Minnesota Twins,Kansas City Royals,2,3,641927,Bailey Ober,641745,Brad Keller,1,3312
2023-04-29,718379,Toronto Blue Jays,Seattle Mariners,1,0,592332,Kevin Gausman,668834,Easton McGee,1,14
2023-04-29,718375,Miami Marlins,Chicago Cubs,7,6,665795,Edward Cabrera,668873,Caleb Kilian,1,4169
2023-04-29,718377,Oakland Athletics,Cincinnati Reds,2,3,666205,Kyle Muller,668881,Hunter Greene,1,10
2023-04-29,718385,Boston Red Sox,Cleveland Guardians,8,7,678394,Brayan Bello,668676,Zach Plesac,1,3
2023-04-29,718372,Houston Astros,Philadelphia Phillies,1,6,664299,Cristian Javier,554430,Zack Wheeler,1,2392
2023-04-29,718384,San Diego Padres,San Francisco Giants,16,11,605397,Joe Musgrove,640455,Sean Manaea,1,5340
2023-04-29,718374,Texas Rangers,New York Yankees,2,0,543135,Nathan Eovaldi,666745,Jhony Brito,1,5325
2023-04-29,718373,Chicago White Sox,Tampa Bay Rays,3,12,458681,Lance Lynn,676534,Calvin Faucher,1,4
2023-04-29,718376,Milwaukee Brewers,Los Angeles Angels,7,5,669203,Corbin Burnes,672282,Reid Detmers,1,32
2023-04-29,718366,Colorado Rockies,Arizona Diamondbacks,4,11,663562,Noah Davis,674072,Tommy Henry,1,19
2023-04-29,718369,Los Angeles Dodgers,St. Louis Cardinals,1,0,477132,Clayton Kershaw,656756,Jordan Montgomery,1,22
2023-04-30,718364,Miami Marlins,Chicago Cubs,4,3,663773,Bryan Hoeing,657006,Justin Steele,1,4169
2023-04-30,718370,Boston Red Sox,Cleveland Guardians,7,1,519242,Chris Sale,671106,Logan Allen,1,3
2023-04-30,718367,Washington Nationals,Pittsburgh Pirates,7,2,680686,Josiah Gray,670912,Johan Oviedo,1,3309
2023-04-30,718363,Toronto Blue Jays,Seattle Mariners,8,10,605135,Chris Bassitt,594835,Marco Gonzales,1,14
2023-04-30,718360,Detroit Tigers,Baltimore Orioles,3,5,605513,Spencer Turnbull,680694,Kyle Bradish,1,2394
2023-04-30,718362,Minnesota Twins,Kansas City Royals,8,4,543243,Sonny Gray,663903,Brady Singer,1,3312
2023-04-30,718355,Chicago White Sox,Tampa Bay Rays,12,9,605182,Mike Clevinger,656876,Drew Rasmussen,1,4
2023-04-30,718365,Milwaukee Brewers,Los Angeles Angels,0,3,607067,Colin Rea,660761,José Suarez,1,32
2023-04-30,718356,Texas Rangers,New York Yankees,15,2,527048,Martín Pérez,641482,Nestor Cortes,1,5325
2023-04-30,718358,Colorado Rockies,Arizona Diamondbacks,12,4,596295,Austin Gomber,669194,Ryne Nelson,1,19
2023-04-30,718368,San Diego Padres,San Francisco Giants,6,4,506433,Yu Darvish,502171,Alex Cobb,1,5340
2023-04-30,718357,Oakland Athletics,Cincinnati Reds,5,4,686610,Ken Waldichuk,666157,Nick Lodolo,1,10
2023-04-30,718359,Los Angeles Dodgers,St. Louis Cardinals,6,3,592789,Noah Syndergaard,663765,Jake Woodford,1,22
2023-04-30,718354,Houston Astros,Philadelphia Phillies,4,3,664353,José Urquidy,663559,Bailey Falter,1,2392
2023-05-01,718352,New York Mets,Atlanta Braves,8,9,660593,Denyi Reyes,675911,Spencer Strider,1,3289
2023-05-01,718361,New York Mets,Atlanta Braves,5,3,656731,Tylor Megill,450203,Charlie Morton,2,3289
2023-05-01,718349,Washington Nationals,Chicago Cubs,1,5,669022,MacKenzie Gore,592767,Drew Smyly,1,3309
2023-05-01,718351,New York Yankees,Cleveland Guardians,2,3,593334,Domingo Germán,615698,Cal Quantrill,1,3313
2023-05-01,718353,Boston Red Sox,Toronto Blue Jays,6,5,446372,Corey Kluber,621244,José Berríos,1,3
2023-05-01,718350,Houston Astros,San Francisco Giants,7,3,677651,Luis Garcia,548389,Ross Stripling,1,2392
2023-05-01,718345,San Diego Padres,Cincinnati Reds,8,3,605483,Blake Snell,596133,Luke Weaver,1,2680
2023-05-01,718343,Los Angeles Dodgers,Philadelphia Phillies,13,4,664062,Tony Gonsolin,592836,Taijuan Walker,1,22
2023-05-02,718347,Tampa Bay Rays,Pittsburgh Pirates,4,1,642770,Javy Guerra,672710,Roansy Contreras,1,12
2023-05-02,718346,Miami Marlins,Atlanta Braves,0,6,645261,Sandy Alcantara,693821,Bryce Elder,1,4169
2023-05-02,718344,Washington Nationals,Chicago Cubs,4,1,592866,Trevor Williams,669713,Hayden Wesneski,1,3309
2023-05-02,718339,New York Yankees,Cleveland Guardians,4,2,543037,Gerrit Cole,676440,Tanner Bibee,1,3313
2023-05-02,718341,Boston Red Sox,Toronto Blue Jays,7,6,656557,Tanner Houck,579328,Yusei Kikuchi,1,3
2023-05-02,718340,Chicago White Sox,Minnesota Twins,3,2,656629,Michael Kopech,657746,Joe Ryan,1,4
2023-05-02,718336,Kansas City Royals,Baltimore Orioles,7,11,642232,Ryan Yarbrough,669330,Tyler Wells,1,7
2023-05-02,718338,St. Louis Cardinals,Los Angeles Angels,1,5,571927,Steven Matz,663776,Patrick Sandoval,1,2889
2023-05-02,718342,Texas Rangers,Arizona Diamondbacks,6,4,592351,Jon Gray,668678,Zac Gallen,1,5325
2023-05-02,718337,Houston Astros,San Francisco Giants,0,2,686613,Hunter Brown,543101,Anthony DeSclafani,1,2392
2023-05-02,718334,Colorado Rockies,Milwaukee Brewers,3,2,663372,Ryan Feltner,642547,Freddy Peralta,1,19
2023-05-02,718335,San Diego Padres,Cincinnati Reds,1,2,608379,Michael Wacha,668933,Graham Ashcraft,1,2680
2023-05-02,718332,Oakland Athletics,Seattle Mariners,1,2,695243,Mason Miller,682243,Bryce Miller,1,10
2023-05-02,718331,Los Angeles Dodgers,Philadelphia Phillies,13,1,628711,Julio Urías,621381,Matt Strahm,1,22
2023-05-03,718348,Detroit Tigers,New York Mets,6,5,666214,Joey Wentz,664192,Joey Lucchesi,1,2394
2023-05-03,718329,Detroit Tigers,New York Mets,8,1,547179,Michael Lorenzen,453286,Max Scherzer,2,2394
2023-05-03,718325,Texas Rangers,Arizona Diamondbacks,7,12,571760,Andrew Heaney,694297,Brandon Pfaadt,1,5325
2023-05-03,718326,Houston Astros,San Francisco Giants,2,4,664285,Framber Valdez,657277,Logan Webb,1,2392
2023-05-03,718330,San Diego Padres,Cincinnati Reds,7,1,607625,Seth Lugo,570666,Luis Cessa,1,2680
2023-05-03,718327,Los Angeles Dodgers,Philadelphia Phillies,10,6,694813,Gavin Stone,605400,Aaron Nola,1,22
2023-05-03,718328,Tampa Bay Rays,Pittsburgh Pirates,8,1,663556,Shane McClanahan,656605,Mitch Keller,1,12
2023-05-03,718321,Miami Marlins,Atlanta Braves,6,14,666129,Braxton Garrett,657140,Kyle Wright,1,4169
2023-05-03,718333,Washington Nationals,Chicago Cubs,2,1,663623,Jake Irvin,573186,Marcus Stroman,1,3309
2023-05-03,718324,New York Yankees,Cleveland Guardians,4,3,657376,Clarke Schmidt,669456,Shane Bieber,1,3313
2023-05-03,718323,Boston Red Sox,Toronto Blue Jays,8,3,601713,Nick Pivetta,666201,Alek Manoah,1,3
2023-05-03,718322,Chicago White Sox,Minnesota Twins,6,4,656302,Dylan Cease,686973,Louis Varland,1,4
2023-05-03,718314,Kansas City Royals,Baltimore Orioles,6,0,425844,Zack Greinke,502043,Kyle Gibson,1,7
2023-05-03,718320,St. Louis Cardinals,Los Angeles Angels,4,6,571945,Miles Mikolas,660271,Shohei Ohtani,1,2889
2023-05-03,718315,Colorado Rockies,Milwaukee Brewers,7,1,607536,Kyle Freeland,641778,Eric Lauer,1,19
2023-05-03,718319,Oakland Athletics,Seattle Mariners,2,7,676664,JP Sears,669302,Logan Gilbert,1,10
2023-05-04,718317,Washington Nationals,Chicago Cubs,4,3,571578,Patrick Corbin,592791,Jameson Taillon,1,3309
2023-05-04,718318,Detroit Tigers,New York Mets,2,0,593958,Eduardo Rodriguez,434378,Justin Verlander,1,2394
2023-05-04,718309,Tampa Bay Rays,Pittsburgh Pirates,3,2,621107,Zach Eflin,592826,Vince Velasquez,1,12
2023-05-04,718311,St. Louis Cardinals,Los Angeles Angels,7,11,656427,Jack Flaherty,656288,Griffin Canning,1,2889
2023-05-04,718312,Kansas City Royals,Baltimore Orioles,10,13,543475,Jordan Lyles,680570,Grayson Rodriguez,1,7
2023-05-04,718310,Chicago White Sox,Minnesota Twins,3,7,608337,Lucas Giolito,641154,Pablo López,1,4
2023-05-04,718313,Colorado Rockies,Milwaukee Brewers,9,6,657756,Connor Seabold,489119,Wade Miley,1,19
2023-05-04,718304,Oakland Athletics,Seattle Mariners,3,5,607968,Drew Rucinski,669923,George Kirby,1,10
2023-05-04,718308,Miami Marlins,Atlanta Braves,3,6,666200,Jesús Luzardo,689266,Dylan Dodd,1,4169
2023-05-04,718316,Boston Red Sox,Toronto Blue Jays,11,5,678394,Brayan Bello,592332,Kevin Gausman,1,3
2023-05-05,718303,Chicago Cubs,Miami Marlins,4,1,657006,Justin Steele,665795,Edward Cabrera,1,17
2023-05-05,718307,Pittsburgh Pirates,Toronto Blue Jays,0,4,448179,Rich Hill,605135,Chris Bassitt,1,31
2023-05-05,718305,Cincinnati Reds,Chicago White Sox,4,5,668881,Hunter Greene,458681,Lance Lynn,1,2602
2023-05-05,718300,Tampa Bay Rays,New York Yankees,5,4,630023,Yonny Chirinos,666745,Jhony Brito,1,12
2023-05-05,718301,Philadelphia Phillies,Boston Red Sox,3,5,554430,Zack Wheeler,519242,Chris Sale,1,2681
2023-05-05,718302,New York Mets,Colorado Rockies,1,0,673540,Kodai Senga,622608,Antonio Senzatela,1,3289
2023-05-05,718306,Cleveland Guardians,Minnesota Twins,0,2,685410,Peyton Battenfield,641927,Bailey Ober,1,5
2023-05-05,718298,Atlanta Braves,Baltimore Orioles,4,9,608331,Max Fried,665152,Dean Kremer,1,4705
2023-05-05,718299,Kansas City Royals,Oakland Athletics,8,12,641745,Brad Keller,666205,Kyle Muller,1,7
2023-05-05,718292,St. Louis Cardinals,Detroit Tigers,4,5,656756,Jordan Montgomery,571510,Matthew Boyd,1,2889
2023-05-05,718294,Los Angeles Angels,Texas Rangers,5,4,542881,Tyler Anderson,641540,Dane Dunning,1,1
2023-05-05,718296,Arizona Diamondbacks,Washington Nationals,3,1,518876,Merrill Kelly,680686,Josiah Gray,1,15
2023-05-05,718295,San Diego Padres,Los Angeles Dodgers,5,2,506433,Yu Darvish,477132,Clayton Kershaw,1,2680
2023-05-05,718297,Seattle Mariners,Houston Astros,4,6,622491,Luis Castillo,664299,Cristian Javier,1,680
2023-05-05,718293,San Francisco Giants,Milwaukee Brewers,6,4,640455,Sean Manaea,669203,Corbin Burnes,1,2395
2023-05-06,718288,St. Louis Cardinals,Detroit Tigers,5,6,425794,Adam Wainwright,605513,Spencer Turnbull,1,2889
2023-05-06,718289,Chicago Cubs,Miami Marlins,4,2,592767,Drew Smyly,598264,Matt Barnes,1,17
2023-05-06,718290,New York Mets,Colorado Rockies,2,5,656731,Tylor Megill,596295,Austin Gomber,1,3289
2023-05-06,718291,Tampa Bay Rays,New York Yankees,2,3,656876,Drew Rasmussen,593334,Domingo Germán,1,12
2023-05-06,718285,Cleveland Guardians,Minnesota Twins,4,3,671106,Logan Allen,543243,Sonny Gray,1,5
2023-05-06,718286,Pittsburgh Pirates,Toronto Blue Jays,2,8,670912,Johan Oviedo,621244,José Berríos,1,31
2023-05-06,718281,Cincinnati Reds,Chicago White Sox,5,3,666157,Nick Lodolo,605182,Mike Clevinger,1,2602
2023-05-06,718280,Kansas City Royals,Oakland Athletics,4,5,663903,Brady Singer,686610,Ken Waldichuk,1,7
2023-05-06,718284,Philadelphia Phillies,Boston Red Sox,4,7,663559,Bailey Falter,446372,Corey Kluber,1,2681
2023-05-06,718283,Atlanta Braves,Baltimore Orioles,5,4,675911,Spencer Strider,680694,Kyle Bradish,1,4705
2023-05-06,718287,San Francisco Giants,Milwaukee Brewers,4,1,502171,Alex Cobb,607067,Colin Rea,1,2395
2023-05-06,718282,Arizona Diamondbacks,Washington Nationals,8,7,674072,Tommy Henry,669022,MacKenzie Gore,1,15
2023-05-06,718279,San Diego Padres,Los Angeles Dodgers,1,2,605483,Blake Snell,669160,Dustin May,1,2680
2023-05-06,718275,Los Angeles Angels,Texas Rangers,1,10,672282,Reid Detmers,543135,Nathan Eovaldi,1,1
2023-05-06,718274,Seattle Mariners,Houston Astros,7,5,594835,Marco Gonzales,641585,J.P. France,1,680
2023-05-07,718277,Atlanta Braves,Baltimore Orioles,3,2,693821,Bryce Elder,669330,Tyler Wells,1,4705
2023-05-07,718278,Pittsburgh Pirates,Toronto Blue Jays,1,10,672710,Roansy Contreras,579328,Yusei Kikuchi,1,31
2023-05-07,718270,Philadelphia Phillies,Boston Red Sox,6,1,592836,Taijuan Walker,656557,Tanner Houck,1,2681
2023-05-07,718276,New York Mets,Colorado Rockies,6,13,664192,Joey Lucchesi,663372,Ryan Feltner,1,3289
2023-05-07,718273,Cleveland Guardians,Minnesota Twins,2,0,615698,Cal Quantrill,657746,Joe Ryan,1,5
2023-05-07,718271,Tampa Bay Rays,New York Yankees,8,7,642770,Javy Guerra,543037,Gerrit Cole,1,12
2023-05-07,718268,Kansas City Royals,Oakland Athletics,5,1,642232,Ryan Yarbrough,695243,Mason Miller,1,7
2023-05-07,718272,St. Louis Cardinals,Detroit Tigers,12,6,571927,Steven Matz,656412,Alex Faedo,1,2889
2023-05-07,718269,Chicago Cubs,Miami Marlins,4,5,669713,Hayden Wesneski,645261,Sandy Alcantara,1,17
2023-05-07,718267,San Francisco Giants,Milwaukee Brewers,3,7,548389,Ross Stripling,605288,Adrian Houser,1,2395
2023-05-07,718264,Los Angeles Angels,Texas Rangers,8,16,660761,José Suarez,527048,Martín Pérez,1,1
2023-05-07,718263,Arizona Diamondbacks,Washington Nationals,8,9,669194,Ryne Nelson,592866,Trevor Williams,1,15
2023-05-07,718265,Seattle Mariners,Houston Astros,3,1,682243,Bryce Miller,656232,Brandon Bielak,1,680
2023-05-07,718262,Cincinnati Reds,Chicago White Sox,4,17,668933,Graham Ashcraft,656629,Michael Kopech,1,2602
2023-05-07,718266,San Diego Padres,Los Angeles Dodgers,2,5,605397,Joe Musgrove,628711,Julio Urías,1,2680
2023-05-08,718261,Cleveland Guardians,Detroit Tigers,2,6,676440,Tanner Bibee,666214,Joey Wentz,1,5
2023-05-08,718258,Pittsburgh Pirates,Colorado Rockies,2,0,656605,Mitch Keller,607536,Kyle Freeland,1,31
2023-05-08,718259,Baltimore Orioles,Tampa Bay Rays,0,3,502043,Kyle Gibson,663556,Shane McClanahan,1,2
2023-05-08,718255,New York Yankees,Oakland Athletics,7,2,641482,Nestor Cortes,676664,JP Sears,1,3313
2023-05-08,718256,Chicago Cubs,St. Louis Cardinals,1,3,573186,Marcus Stroman,571945,Miles Mikolas,1,17
2023-05-08,718253,Kansas City Royals,Chicago White Sox,12,5,425844,Zack Greinke,656302,Dylan Cease,1,7
2023-05-08,718257,Milwaukee Brewers,Los Angeles Dodgers,9,3,642547,Freddy Peralta,664062,Tony Gonsolin,1,32
2023-05-08,718254,Los Angeles Angels,Houston Astros,6,4,663776,Patrick Sandoval,686613,Hunter Brown,1,1
2023-05-08,718251,Seattle Mariners,Texas Rangers,1,2,669302,Logan Gilbert,592351,Jon Gray,1,680
2023-05-08,718249,Arizona Diamondbacks,Miami Marlins,5,2,668678,Zac Gallen,666129,Braxton Garrett,1,15
2023-05-08,718260,San Francisco Giants,Washington Nationals,1,5,543101,Anthony DeSclafani,663623,Jake Irvin,1,2395
2023-05-09,718248,Cleveland Guardians,Detroit Tigers,2,0,669456,Shane Bieber,547179,Michael Lorenzen,1,5
2023-05-09,718252,Pittsburgh Pirates,Colorado Rockies,1,10,682847,Luis Ortiz,657756,Connor Seabold,1,31
2023-05-09,718246,Baltimore Orioles,Tampa Bay Rays,4,2,680570,Grayson Rodriguez,621107,Zach Eflin,1,2
2023-05-09,718243,Cincinnati Reds,New York Mets,7,6,596133,Luke Weaver,656849,David Peterson,1,2602
2023-05-09,718244,Philadelphia Phillies,Toronto Blue Jays,8,4,605400,Aaron Nola,666201,Alek Manoah,1,2681
2023-05-09,718247,New York Yankees,Oakland Athletics,10,5,657376,Clarke Schmidt,607968,Drew Rucinski,1,3313
2023-05-09,718245,Atlanta Braves,Boston Red Sox,9,3,450203,Charlie Morton,601713,Nick Pivetta,1,4705
2023-05-09,718240,Chicago Cubs,St. Louis Cardinals,4,6,592791,Jameson Taillon,656427,Jack Flaherty,1,17
2023-05-09,718242,Minnesota Twins,San Diego Padres,1,6,686973,Louis Varland,608379,Michael Wacha,1,3312
2023-05-09,718238,Kansas City Royals,Chicago White Sox,2,4,543475,Jordan Lyles,608337,Lucas Giolito,1,7
2023-05-09,718241,Milwaukee Brewers,Los Angeles Dodgers,2,6,641778,Eric Lauer,592789,Noah Syndergaard,1,32
2023-05-09,718237,Los Angeles Angels,Houston Astros,1,3,660271,Shohei Ohtani,664285,Framber Valdez,1,1
2023-05-09,718239,Seattle Mariners,Texas Rangers,5,0,669923,George Kirby,571760,Andrew Heaney,1,680
2023-05-09,718236,Arizona Diamondbacks,Miami Marlins,2,6,694297,Brandon Pfaadt,666200,Jesús Luzardo,1,15
2023-05-09,718250,San Francisco Giants,Washington Nationals,4,1,657277,Logan Webb,571578,Patrick Corbin,1,2395
2023-05-10,718231,Pittsburgh Pirates,Colorado Rockies,3,4,448179,Rich Hill,622608,Antonio Senzatela,1,31
2023-05-10,718232,New York Yankees,Oakland Athletics,11,3,666745,Jhony Brito,666205,Kyle Muller,1,3313
2023-05-10,718234,Cleveland Guardians,Detroit Tigers,0,5,685410,Peyton Battenfield,593958,Eduardo Rodriguez,1,5
2023-05-10,718228,Milwaukee Brewers,Los Angeles Dodgers,1,8,489119,Wade Miley,477132,Clayton Kershaw,1,32
2023-05-10,718229,Seattle Mariners,Texas Rangers,3,4,622491,Luis Castillo,641540,Dane Dunning,1,680
2023-05-10,718226,Arizona Diamondbacks,Miami Marlins,4,5,518876,Merrill Kelly,665795,Edward Cabrera,1,15
2023-05-10,718230,San Francisco Giants,Washington Nationals,6,11,640455,Sean Manaea,680686,Josiah Gray,1,2395
2023-05-10,718233,Philadelphia Phillies,Toronto Blue Jays,2,1,554430,Zack Wheeler,592332,Kevin Gausman,1,2681
2023-05-10,718235,Los Angeles Angels,Houston Astros,4,5,656288,Griffin Canning,664299,Cristian Javier,1,1
2023-05-10,718227,Baltimore Orioles,Tampa Bay Rays,2,1,665152,Dean Kremer,656222,Jalen Beeks,1,2
2023-05-10,718225,Cincinnati Reds,New York Mets,1,2,668881,Hunter Greene,434378,Justin Verlander,1,2602
2023-05-10,718220,Atlanta Braves,Boston Red Sox,2,5,669276,Dylan Lee,678394,Brayan Bello,1,4705
2023-05-10,718221,Chicago Cubs,St. Louis Cardinals,10,4,657006,Justin Steele,656756,Jordan Montgomery,1,17
2023-05-10,718224,Minnesota Twins,San Diego Padres,4,3,641154,Pablo López,607625,Seth Lugo,1,3312
2023-05-10,718222,Kansas City Royals,Chicago White Sox,9,1,641745,Brad Keller,458681,Lance Lynn,1,7
2023-05-11,718223,Cincinnati Reds,New York Mets,5,0,571882,Derek Law,673540,Kodai Senga,1,2602
2023-05-11,718216,Minnesota Twins,San Diego Padres,5,3,641927,Bailey Ober,506433,Yu Darvish,1,3312
2023-05-11,718218,Kansas City Royals,Chicago White Sox,4,3,663903,Brady Singer,605182,Mike Clevinger,1,7
2023-05-11,718219,New York Yankees,Tampa Bay Rays,2,8,593334,Domingo Germán,656876,Drew Rasmussen,1,3313
2023-05-11,718215,Arizona Diamondbacks,San Francisco Giants,2,6,674072,Tommy Henry,502171,Alex Cobb,1,15
2023-05-11,718217,Oakland Athletics,Texas Rangers,0,4,665622,Luis Medina,543135,Nathan Eovaldi,1,10
2023-05-12,718208,Detroit Tigers,Seattle Mariners,2,9,571510,Matthew Boyd,594835,Marco Gonzales,1,2394
2023-05-12,718212,Miami Marlins,Cincinnati Reds,4,7,691587,Eury Pérez,668933,Graham Ashcraft,1,4169
2023-05-12,718214,Washington Nationals,New York Mets,2,3,669022,MacKenzie Gore,656731,Tylor Megill,1,3309
2023-05-12,718213,Baltimore Orioles,Pittsburgh Pirates,6,3,680694,Kyle Bradish,670912,Johan Oviedo,1,2
2023-05-12,718210,New York Yankees,Tampa Bay Rays,6,5,543037,Gerrit Cole,665001,Trevor Kelley,1,3313
2023-05-12,718206,Toronto Blue Jays,Atlanta Braves,3,0,605135,Chris Bassitt,675911,Spencer Strider,1,14
2023-05-12,718205,Cleveland Guardians,Los Angeles Angels,4,5,671106,Logan Allen,542881,Tyler Anderson,1,5
2023-05-12,718211,Boston Red Sox,St. Louis Cardinals,6,8,572020,James Paxton,425794,Adam Wainwright,1,3
2023-05-12,718209,Minnesota Twins,Chicago Cubs,2,6,543243,Sonny Gray,592767,Drew Smyly,1,3312
2023-05-12,718207,Chicago White Sox,Houston Astros,1,5,656629,Michael Kopech,641585,J.P. France,1,4
2023-05-12,718204,Milwaukee Brewers,Kansas City Royals,5,1,669203,Corbin Burnes,657031,Josh Taylor,1,32
2023-05-12,718202,Colorado Rockies,Philadelphia Phillies,3,6,596295,Austin Gomber,592836,Taijuan Walker,1,19
2023-05-12,718199,Arizona Diamondbacks,San Francisco Giants,7,5,669194,Ryne Nelson,605154,John Brebbia,1,15
2023-05-12,718200,Oakland Athletics,Texas Rangers,9,7,686610,Ken Waldichuk,527048,Martín Pérez,1,10
2023-05-12,718201,Los Angeles Dodgers,San Diego Padres,4,2,669160,Dustin May,605483,Blake Snell,1,22
2023-05-13,718197,New York Yankees,Tampa Bay Rays,9,8,641482,Nestor Cortes,663556,Shane McClanahan,1,3313
2023-05-13,718194,Detroit Tigers,Seattle Mariners,0,5,656412,Alex Faedo,682243,Bryce Miller,1,2394
2023-05-13,718198,Miami Marlins,Cincinnati Reds,5,6,645261,Sandy Alcantara,571882,Derek Law,1,4169
2023-05-13,718195,Minnesota Twins,Chicago Cubs,11,1,657746,Joe Ryan,669713,Hayden Wesneski,1,3312
2023-05-13,718192,Toronto Blue Jays,Atlanta Braves,5,2,621244,José Berríos,693821,Bryce Elder,1,14
2023-05-13,718203,Washington Nationals,New York Mets,3,2,592866,Trevor Williams,668665,Stephen Nogosek,1,3309
2023-05-13,718190,Oakland Athletics,Texas Rangers,0,5,621076,James Kaprielian,592351,Jon Gray,1,10
2023-05-13,718196,Boston Red Sox,St. Louis Cardinals,3,4,519242,Chris Sale,571927,Steven Matz,1,3
2023-05-13,718191,Cleveland Guardians,Los Angeles Angels,8,6,615698,Cal Quantrill,672282,Reid Detmers,1,5
2023-05-13,718193,Baltimore Orioles,Pittsburgh Pirates,2,0,669330,Tyler Wells,672710,Roansy Contreras,1,2
2023-05-13,718183,Milwaukee Brewers,Kansas City Royals,4,3,605288,Adrian Houser,425844,Zack Greinke,1,32
2023-05-13,718185,Los Angeles Dodgers,San Diego Padres,4,2,628711,Julio Urías,605397,Joe Musgrove,1,22
2023-05-13,718189,Chicago White Sox,Houston Astros,3,1,656302,Dylan Cease,656232,Brandon Bielak,1,4
2023-05-13,718184,Arizona Diamondbacks,San Francisco Giants,7,2,668678,Zac Gallen,543101,Anthony DeSclafani,1,15
2023-05-13,718188,Colorado Rockies,Philadelphia Phillies,4,7,663372,Ryan Feltner,624133,Ranger Suarez,1,19
2023-05-14,718182,Cleveland Guardians,Los Angeles Angels,4,3,676440,Tanner Bibee,663776,Patrick Sandoval,1,5
2023-05-13,718203,Washington Nationals,New York Mets,3,2,592866,Trevor Williams,668665,Stephen Nogosek,1,3309
2023-05-14,718179,Baltimore Orioles,Pittsburgh Pirates,0,4,502043,Kyle Gibson,656605,Mitch Keller,1,2
2023-05-14,718180,New York Yankees,Tampa Bay Rays,7,8,657376,Clarke Schmidt,621107,Zach Eflin,1,3313
2023-05-14,718181,Toronto Blue Jays,Atlanta Braves,6,5,579328,Yusei Kikuchi,543521,Collin McHugh,1,14
2023-05-14,718173,Detroit Tigers,Seattle Mariners,5,3,666214,Joey Wentz,669302,Logan Gilbert,1,2394
2023-05-14,718178,Miami Marlins,Cincinnati Reds,3,1,666129,Braxton Garrett,596133,Luke Weaver,1,4169
2023-05-14,718175,Minnesota Twins,Chicago Cubs,16,3,686973,Louis Varland,573186,Marcus Stroman,1,3312
2023-05-14,718176,Chicago White Sox,Houston Astros,3,4,608337,Lucas Giolito,686613,Hunter Brown,1,4
2023-05-14,718177,Milwaukee Brewers,Kansas City Royals,9,6,607067,Colin Rea,543475,Jordan Lyles,1,32
2023-05-14,718174,Colorado Rockies,Philadelphia Phillies,4,0,607536,Kyle Freeland,605400,Aaron Nola,1,19
2023-05-14,718172,Oakland Athletics,Texas Rangers,3,11,676664,JP Sears,571760,Andrew Heaney,1,10
2023-05-14,718168,Los Angeles Dodgers,San Diego Padres,4,0,664062,Tony Gonsolin,677960,Ryan Weathers,1,22
2023-05-14,718169,Arizona Diamondbacks,San Francisco Giants,2,1,694297,Brandon Pfaadt,657277,Logan Webb,1,15
2023-05-14,718186,Washington Nationals,New York Mets,2,8,663623,Jake Irvin,453286,Max Scherzer,1,3309
2023-05-14,718187,Boston Red Sox,St. Louis Cardinals,1,9,446372,Corey Kluber,571945,Miles Mikolas,1,3
2023-05-15,718167,Washington Nationals,New York Mets,10,3,571578,Patrick Corbin,656849,David Peterson,1,3309
2023-05-15,718171,Baltimore Orioles,Los Angeles Angels,5,9,680570,Grayson Rodriguez,660271,Shohei Ohtani,1,2
2023-05-15,718164,Toronto Blue Jays,New York Yankees,4,7,666201,Alek Manoah,622772,Jimmy Cordero,1,14
2023-05-15,718163,Boston Red Sox,Seattle Mariners,1,10,656557,Tanner Houck,669923,George Kirby,1,3
2023-05-15,718166,St. Louis Cardinals,Milwaukee Brewers,18,1,656427,Jack Flaherty,642547,Freddy Peralta,1,2889
2023-05-15,718165,Texas Rangers,Atlanta Braves,0,12,674003,Cody Bradford,450203,Charlie Morton,1,5325
2023-05-15,718158,Houston Astros,Chicago Cubs,6,4,664285,Framber Valdez,592791,Jameson Taillon,1,2392
2023-05-15,718161,Colorado Rockies,Cincinnati Reds,9,8,657756,Connor Seabold,668881,Hunter Greene,1,19
2023-05-15,718160,Oakland Athletics,Arizona Diamondbacks,2,5,607968,Drew Rucinski,518876,Merrill Kelly,1,10
2023-05-15,718162,San Diego Padres,Kansas City Royals,4,0,608379,Michael Wacha,641745,Brad Keller,1,2680
2023-05-15,718170,San Francisco Giants,Philadelphia Phillies,6,3,622072,Alex Wood,641401,Connor Brogdon,1,2395
2023-05-15,718159,Los Angeles Dodgers,Minnesota Twins,9,8,592789,Noah Syndergaard,641154,Pablo López,1,22
2023-05-16,718154,Baltimore Orioles,Los Angeles Angels,7,3,665152,Dean Kremer,681217,Chase Silseth,1,2
2023-05-16,718155,Detroit Tigers,Pittsburgh Pirates,4,0,547179,Michael Lorenzen,682847,Luis Ortiz,1,2394
2023-05-16,718153,Miami Marlins,Washington Nationals,5,4,666200,Jesús Luzardo,680686,Josiah Gray,1,4169
2023-05-16,718157,Toronto Blue Jays,New York Yankees,3,6,592332,Kevin Gausman,593334,Domingo Germán,1,14
2023-05-16,718149,Boston Red Sox,Seattle Mariners,9,4,601713,Nick Pivetta,622491,Luis Castillo,1,3
2023-05-16,718150,New York Mets,Tampa Bay Rays,5,8,434378,Justin Verlander,656222,Jalen Beeks,1,3289
2023-05-16,718151,St. Louis Cardinals,Milwaukee Brewers,2,3,656756,Jordan Montgomery,489119,Wade Miley,1,2889
2023-05-16,718148,Texas Rangers,Atlanta Braves,7,4,641540,Dane Dunning,694363,Jared Shuster,1,5325
2023-05-16,718152,Houston Astros,Chicago Cubs,7,3,664299,Cristian Javier,657006,Justin Steele,1,2392
2023-05-16,718147,Chicago White Sox,Cleveland Guardians,8,3,458681,Lance Lynn,669456,Shane Bieber,1,4
2023-05-16,718145,Colorado Rockies,Cincinnati Reds,1,3,502624,Chase Anderson,682227,Brandon Williamson,1,19
2023-05-16,718146,Oakland Athletics,Arizona Diamondbacks,9,8,666205,Kyle Muller,674072,Tommy Henry,1,10
2023-05-16,718144,San Diego Padres,Kansas City Royals,4,5,607625,Seth Lugo,663903,Brady Singer,1,2680
2023-05-16,718156,San Francisco Giants,Philadelphia Phillies,4,3,502171,Alex Cobb,554430,Zack Wheeler,1,2395
2023-05-16,718141,Los Angeles Dodgers,Minnesota Twins,1,5,477132,Clayton Kershaw,641927,Bailey Ober,1,22
2023-05-17,718142,Detroit Tigers,Pittsburgh Pirates,0,8,593958,Eduardo Rodriguez,448179,Rich Hill,1,2394
2023-05-17,718138,Colorado Rockies,Cincinnati Reds,11,6,596295,Austin Gomber,668933,Graham Ashcraft,1,19
2023-05-17,718136,Los Angeles Dodgers,Minnesota Twins,7,3,669160,Dustin May,543243,Sonny Gray,1,22
2023-05-17,718139,Oakland Athletics,Arizona Diamondbacks,3,5,665622,Luis Medina,669194,Ryne Nelson,1,10
2023-05-17,718143,San Francisco Giants,Philadelphia Phillies,7,4,548389,Ross Stripling,592836,Taijuan Walker,1,2395
2023-05-17,718140,San Diego Padres,Kansas City Royals,3,4,506433,Yu Darvish,672578,Carlos Hernández,1,2680
2023-05-17,718137,Baltimore Orioles,Los Angeles Angels,3,1,680694,Kyle Bradish,656288,Griffin Canning,1,2
2023-05-17,718132,Miami Marlins,Washington Nationals,4,3,665795,Edward Cabrera,669022,MacKenzie Gore,1,4169
2023-05-17,718134,Toronto Blue Jays,New York Yankees,3,0,605135,Chris Bassitt,543037,Gerrit Cole,1,14
2023-05-17,718133,Boston Red Sox,Seattle Mariners,12,3,678394,Brayan Bello,594835,Marco Gonzales,1,3
2023-05-17,718135,New York Mets,Tampa Bay Rays,8,7,673540,Kodai Senga,676596,Josh Fleming,1,3289
2023-05-17,718131,St. Louis Cardinals,Milwaukee Brewers,3,0,669461,Matthew Liberatore,669203,Corbin Burnes,1,2889
2023-05-17,718126,Texas Rangers,Atlanta Braves,5,6,543135,Nathan Eovaldi,675911,Spencer Strider,1,5325
2023-05-17,718127,Houston Astros,Chicago Cubs,7,6,641585,J.P. France,592767,Drew Smyly,1,2392
2023-05-17,718129,Chicago White Sox,Cleveland Guardians,7,2,605182,Mike Clevinger,685410,Peyton Battenfield,1,4
2023-05-18,718128,Baltimore Orioles,Los Angeles Angels,5,6,669330,Tyler Wells,542881,Tyler Anderson,1,2
2023-05-18,718122,New York Mets,Tampa Bay Rays,3,2,656731,Tylor Megill,671737,Taj Bradley,1,3289
2023-05-18,718130,Miami Marlins,Washington Nationals,5,3,691587,Eury Pérez,592866,Trevor Williams,1,4169
2023-05-18,718125,Chicago White Sox,Cleveland Guardians,1,3,656302,Dylan Cease,671106,Logan Allen,1,4
2023-05-18,718121,Toronto Blue Jays,New York Yankees,2,4,621244,José Berríos,641482,Nestor Cortes,1,14
2023-05-18,718124,St. Louis Cardinals,Los Angeles Dodgers,16,8,425794,Adam Wainwright,628711,Julio Urías,1,2889
2023-05-19,718118,Pittsburgh Pirates,Arizona Diamondbacks,13,3,670912,Johan Oviedo,668678,Zac Gallen,1,31
2023-05-19,718120,Cincinnati Reds,New York Yankees,2,6,594902,Ben Lively,657376,Clarke Schmidt,1,2602
2023-05-19,718117,Tampa Bay Rays,Milwaukee Brewers,1,0,663556,Shane McClanahan,605288,Adrian Houser,1,12
2023-05-19,718123,Washington Nationals,Detroit Tigers,6,8,663623,Jake Irvin,571510,Matthew Boyd,1,3309
2023-05-19,718116,Philadelphia Phillies,Chicago Cubs,1,10,624133,Ranger Suarez,573186,Marcus Stroman,1,2681
2023-05-19,718115,Toronto Blue Jays,Baltimore Orioles,2,6,579328,Yusei Kikuchi,502043,Kyle Gibson,1,14
2023-05-19,718119,New York Mets,Cleveland Guardians,10,9,471911,Carlos Carrasco,615698,Cal Quantrill,1,3289
2023-05-19,718110,Atlanta Braves,Seattle Mariners,6,2,693821,Bryce Elder,682243,Bryce Miller,1,4705
2023-05-19,718114,Texas Rangers,Colorado Rockies,7,2,527048,Martín Pérez,666154,Karl Kauffmann,1,5325
2023-05-19,718112,Houston Astros,Oakland Athletics,5,1,656232,Brandon Bielak,686610,Ken Waldichuk,1,2392
2023-05-19,718111,Chicago White Sox,Kansas City Royals,2,0,656629,Michael Kopech,425844,Zack Greinke,1,4
2023-05-19,718113,St. Louis Cardinals,Los Angeles Dodgers,0,5,571927,Steven Matz,664062,Tony Gonsolin,1,2889
2023-05-19,718106,Los Angeles Angels,Minnesota Twins,5,4,672282,Reid Detmers,657746,Joe Ryan,1,1
2023-05-19,718107,San Diego Padres,Boston Red Sox,1,6,605483,Blake Snell,572020,James Paxton,1,2680
2023-05-19,718105,San Francisco Giants,Miami Marlins,4,3,543101,Anthony DeSclafani,645261,Sandy Alcantara,1,2395
2023-05-20,718104,Chicago White Sox,Kansas City Royals,5,1,608337,Lucas Giolito,543475,Jordan Lyles,1,4
2023-05-20,718102,Toronto Blue Jays,Baltimore Orioles,5,6,666201,Alek Manoah,680570,Grayson Rodriguez,1,14
2023-05-20,718108,Washington Nationals,Detroit Tigers,5,2,571578,Patrick Corbin,656412,Alex Faedo,1,3309
2023-05-20,718101,Pittsburgh Pirates,Arizona Diamondbacks,3,4,656605,Mitch Keller,694297,Brandon Pfaadt,1,31
2023-05-20,718100,Texas Rangers,Colorado Rockies,11,5,592351,Jon Gray,607536,Kyle Freeland,1,5325
2023-05-20,718097,Philadelphia Phillies,Chicago Cubs,12,3,605400,Aaron Nola,592791,Jameson Taillon,1,2681
2023-05-20,718103,San Francisco Giants,Miami Marlins,0,1,657277,Logan Webb,666129,Braxton Garrett,1,2395
2023-05-20,718098,Houston Astros,Oakland Athletics,3,2,686613,Hunter Brown,676664,JP Sears,1,2392
2023-05-20,718095,Cincinnati Reds,New York Yankees,4,7,596133,Luke Weaver,666745,Jhony Brito,1,2602
2023-05-20,718093,Tampa Bay Rays,Milwaukee Brewers,8,4,621107,Zach Eflin,641778,Eric Lauer,1,12
2023-05-20,718109,St. Louis Cardinals,Los Angeles Dodgers,6,5,571945,Miles Mikolas,592789,Noah Syndergaard,1,2889
2023-05-20,718094,Atlanta Braves,Seattle Mariners,3,7,445926,Jesse Chavez,669302,Logan Gilbert,1,4705
2023-05-20,718096,Los Angeles Angels,Minnesota Twins,2,6,663776,Patrick Sandoval,686973,Louis Varland,1,1
2023-05-20,718092,San Diego Padres,Boston Red Sox,2,4,605397,Joe Musgrove,519242,Chris Sale,1,2680
2023-05-21,718085,Cincinnati Reds,New York Yankees,1,4,668881,Hunter Greene,622663,Luis Severino,1,2602
2023-05-21,718089,Washington Nationals,Detroit Tigers,6,4,680686,Josiah Gray,666214,Joey Wentz,1,3309
2023-05-21,718091,Pittsburgh Pirates,Arizona Diamondbacks,3,8,672710,Roansy Contreras,518876,Merrill Kelly,1,31
2023-05-21,718088,Philadelphia Phillies,Chicago Cubs,2,1,592836,Taijuan Walker,657006,Justin Steele,1,2681
2023-05-21,718090,Atlanta Braves,Seattle Mariners,3,2,694363,Jared Shuster,669923,George Kirby,1,4705
2023-05-21,718087,Toronto Blue Jays,Baltimore Orioles,3,8,592332,Kevin Gausman,665152,Dean Kremer,1,14
2023-05-21,718099,New York Mets,Cleveland Guardians,5,4,453286,Max Scherzer,676440,Tanner Bibee,1,3289
2023-05-21,718082,New York Mets,Cleveland Guardians,2,1,434378,Justin Verlander,669456,Shane Bieber,2,3289
2023-05-21,718081,Tampa Bay Rays,Milwaukee Brewers,4,6,656222,Jalen Beeks,642547,Freddy Peralta,1,12
2023-05-21,718086,Houston Astros,Oakland Athletics,2,0,664285,Framber Valdez,621076,James Kaprielian,1,2392
2023-05-21,718084,Chicago White Sox,Kansas City Royals,5,2,458681,Lance Lynn,672578,Carlos Hernández,1,4
2023-05-21,718083,St. Louis Cardinals,Los Angeles Dodgers,10,5,656427,Jack Flaherty,477132,Clayton Kershaw,1,2889
2023-05-21,718076,Texas Rangers,Colorado Rockies,13,3,571760,Andrew Heaney,657756,Connor Seabold,1,5325
2023-05-21,718078,San Francisco Giants,Miami Marlins,7,5,622072,Alex Wood,666200,Jesús Luzardo,1,2395
2023-05-21,718080,Los Angeles Angels,Minnesota Twins,4,2,660271,Shohei Ohtani,641154,Pablo López,1,1
2023-05-21,718079,San Diego Padres,Boston Red Sox,7,0,608379,Michael Wacha,446372,Corey Kluber,1,2680
2023-05-22,718072,Cleveland Guardians,Chicago White Sox,3,0,683769,Hunter Gaddis,669424,Jimmy Lambert,1,5
2023-05-22,718075,Pittsburgh Pirates,Texas Rangers,6,4,682847,Luis Ortiz,641540,Dane Dunning,1,31
2023-05-22,718071,Cincinnati Reds,St. Louis Cardinals,6,5,682227,Brandon Williamson,656756,Jordan Montgomery,1,2602
2023-05-22,718077,Tampa Bay Rays,Toronto Blue Jays,6,4,665001,Trevor Kelley,605135,Chris Bassitt,1,12
2023-05-22,718073,Philadelphia Phillies,Arizona Diamondbacks,3,6,554430,Zack Wheeler,674072,Tommy Henry,1,2681
2023-05-22,718074,Atlanta Braves,Los Angeles Dodgers,6,8,450203,Charlie Morton,694813,Gavin Stone,1,4705
2023-05-22,718066,Kansas City Royals,Detroit Tigers,5,8,663903,Brady Singer,547179,Michael Lorenzen,1,7
2023-05-22,718067,Minnesota Twins,San Francisco Giants,1,4,641927,Bailey Ober,605154,John Brebbia,1,3312
2023-05-22,718068,Milwaukee Brewers,Houston Astros,2,12,669203,Corbin Burnes,664299,Cristian Javier,1,32
2023-05-22,718069,Colorado Rockies,Miami Marlins,5,3,502624,Chase Anderson,665795,Edward Cabrera,1,19
2023-05-22,718070,Los Angeles Angels,Boston Red Sox,2,1,642545,Jaime Barria,656557,Tanner Houck,1,1
2023-05-22,718062,Seattle Mariners,Oakland Athletics,11,2,622491,Luis Castillo,666205,Kyle Muller,1,680
2023-05-23,718063,Cleveland Guardians,Chicago White Sox,2,4,671106,Logan Allen,656302,Dylan Cease,1,5
2023-05-23,718065,Pittsburgh Pirates,Texas Rangers,1,6,448179,Rich Hill,543135,Nathan Eovaldi,1,31
2023-05-23,718059,Cincinnati Reds,St. Louis Cardinals,5,8,668933,Graham Ashcraft,425794,Adam Wainwright,1,2602
2023-05-23,718061,Tampa Bay Rays,Toronto Blue Jays,1,20,671737,Taj Bradley,621244,José Berríos,1,12
2023-05-23,718060,Philadelphia Phillies,Arizona Diamondbacks,3,4,621381,Matt Strahm,669194,Ryne Nelson,1,2681
2023-05-23,718064,Washington Nationals,San Diego Padres,4,7,669022,MacKenzie Gore,506433,Yu Darvish,1,3309
2023-05-23,718058,New York Yankees,Baltimore Orioles,6,5,543037,Gerrit Cole,680694,Kyle Bradish,1,3313
2023-05-23,718057,Atlanta Braves,Los Angeles Dodgers,1,8,675911,Spencer Strider,676272,Bobby Miller,1,4705
2023-05-23,718049,Kansas City Royals,Detroit Tigers,4,1,594577,Mike Mayers,593958,Eduardo Rodriguez,1,7
2023-05-23,718055,Chicago Cubs,New York Mets,7,2,592767,Drew Smyly,656731,Tylor Megill,1,17
2023-05-23,718054,Minnesota Twins,San Francisco Giants,3,4,543243,Sonny Gray,502171,Alex Cobb,1,3312
2023-05-23,718056,Milwaukee Brewers,Houston Astros,6,0,607067,Colin Rea,641585,J.P. France,1,32
2023-05-23,718051,Colorado Rockies,Miami Marlins,5,4,596295,Austin Gomber,691587,Eury Pérez,1,19
2023-05-23,718053,Los Angeles Angels,Boston Red Sox,4,0,656288,Griffin Canning,678394,Brayan Bello,1,1
2023-05-23,718050,Seattle Mariners,Oakland Athletics,3,2,594835,Marco Gonzales,665622,Luis Medina,1,680
2023-05-24,718045,Pittsburgh Pirates,Texas Rangers,2,3,670912,Johan Oviedo,527048,Martín Pérez,1,31
2023-05-24,718043,Philadelphia Phillies,Arizona Diamondbacks,6,5,624133,Ranger Suarez,668678,Zac Gallen,1,2681
2023-05-24,718047,Minnesota Twins,San Francisco Giants,7,1,657746,Joe Ryan,543101,Anthony DeSclafani,1,3312
2023-05-24,718048,Cleveland Guardians,Chicago White Sox,0,6,615698,Cal Quantrill,656629,Michael Kopech,1,5
2023-05-24,718046,Milwaukee Brewers,Houston Astros,4,0,605288,Adrian Houser,656232,Brandon Bielak,1,32
2023-05-24,718041,Cincinnati Reds,St. Louis Cardinals,10,3,594902,Ben Lively,571927,Steven Matz,1,2602
2023-05-24,718044,Tampa Bay Rays,Toronto Blue Jays,7,3,663556,Shane McClanahan,579328,Yusei Kikuchi,1,12
2023-05-24,718052,Washington Nationals,San Diego Padres,5,3,592866,Trevor Williams,677960,Ryan Weathers,1,3309
2023-05-24,718040,New York Yankees,Baltimore Orioles,6,9,641482,Nestor Cortes,669330,Tyler Wells,1,3313
2023-05-24,718042,Atlanta Braves,Los Angeles Dodgers,4,3,693821,Bryce Elder,664062,Tony Gonsolin,1,4705
2023-05-24,718039,Kansas City Royals,Detroit Tigers,4,6,425844,Zack Greinke,571510,Matthew Boyd,1,7
2023-05-24,718038,Chicago Cubs,New York Mets,4,2,573186,Marcus Stroman,673540,Kodai Senga,1,17
2023-05-24,718036,Colorado Rockies,Miami Marlins,2,10,666154,Karl Kauffmann,645261,Sandy Alcantara,1,19
2023-05-24,718034,Los Angeles Angels,Boston Red Sox,7,3,542881,Tyler Anderson,572020,James Paxton,1,1
2023-05-24,718037,Seattle Mariners,Oakland Athletics,6,1,682243,Bryce Miller,686610,Ken Waldichuk,1,680
2023-05-25,718030,Cincinnati Reds,St. Louis Cardinals,1,2,596133,Luke Weaver,571945,Miles Mikolas,1,2602
2023-05-25,718032,Tampa Bay Rays,Toronto Blue Jays,6,3,621107,Zach Eflin,666201,Alek Manoah,1,12
2023-05-25,718033,Colorado Rockies,Miami Marlins,7,6,607536,Kyle Freeland,666129,Braxton Garrett,1,19
2023-05-25,718035,Washington Nationals,San Diego Padres,6,8,663623,Jake Irvin,605483,Blake Snell,1,3309
2023-05-25,718031,Detroit Tigers,Chicago White Sox,7,2,656412,Alex Faedo,608337,Lucas Giolito,1,2394
2023-05-25,718029,New York Yankees,Baltimore Orioles,1,3,657376,Clarke Schmidt,502043,Kyle Gibson,1,3313
2023-05-25,718026,Atlanta Braves,Philadelphia Phillies,8,5,689266,Dylan Dodd,605400,Aaron Nola,1,4705
2023-05-25,718024,Chicago Cubs,New York Mets,1,10,543294,Kyle Hendricks,471911,Carlos Carrasco,1,17
2023-05-25,718028,Milwaukee Brewers,San Francisco Giants,0,5,527054,Julio Teheran,518397,Scott Alexander,1,32
2023-05-25,718025,Seattle Mariners,Oakland Athletics,3,2,669302,Logan Gilbert,676664,JP Sears,1,680
2023-05-26,718027,Chicago Cubs,Cincinnati Reds,0,9,657006,Justin Steele,668881,Hunter Greene,1,17
2023-05-26,718018,Tampa Bay Rays,Los Angeles Dodgers,9,3,656222,Jalen Beeks,592789,Noah Syndergaard,1,12
2023-05-26,718021,Detroit Tigers,Chicago White Sox,3,12,666214,Joey Wentz,458681,Lance Lynn,1,2394
2023-05-26,718020,Baltimore Orioles,Texas Rangers,2,12,680570,Grayson Rodriguez,592351,Jon Gray,1,2
2023-05-26,718023,New York Yankees,San Diego Padres,1,5,681190,Randy Vásquez,605397,Joe Musgrove,1,3313
2023-05-26,718022,Cleveland Guardians,St. Louis Cardinals,4,3,669456,Shane Bieber,669461,Matthew Liberatore,1,5
2023-05-26,718019,Atlanta Braves,Philadelphia Phillies,4,6,694363,Jared Shuster,592836,Taijuan Walker,1,4705
2023-05-26,718014,Kansas City Royals,Washington Nationals,10,12,543475,Jordan Lyles,571578,Patrick Corbin,1,7
2023-05-26,718013,Minnesota Twins,Toronto Blue Jays,1,3,686973,Louis Varland,592332,Kevin Gausman,1,3312
2023-05-26,718017,Milwaukee Brewers,San Francisco Giants,1,15,642547,Freddy Peralta,622072,Alex Wood,1,32
2023-05-26,718016,Colorado Rockies,New York Mets,2,5,657756,Connor Seabold,453286,Max Scherzer,1,19
2023-05-26,718015,Los Angeles Angels,Miami Marlins,2,6,672282,Reid Detmers,666200,Jesús Luzardo,1,1
2023-05-26,718010,Arizona Diamondbacks,Boston Red Sox,2,7,694297,Brandon Pfaadt,519242,Chris Sale,1,15
2023-05-26,718009,Oakland Athletics,Houston Astros,2,5,621076,James Kaprielian,686613,Hunter Brown,1,10
2023-05-26,718012,Seattle Mariners,Pittsburgh Pirates,6,11,669923,George Kirby,656605,Mitch Keller,1,680
2023-05-27,718006,New York Yankees,San Diego Padres,3,2,622663,Luis Severino,608379,Michael Wacha,1,3313
2023-05-27,718005,Detroit Tigers,Chicago White Sox,7,3,547179,Michael Lorenzen,669947,Jesse Scholtens,1,2394
2023-05-27,718008,Minnesota Twins,Toronto Blue Jays,9,7,641154,Pablo López,605135,Chris Bassitt,1,3312
2023-05-27,718001,Baltimore Orioles,Texas Rangers,3,5,665152,Dean Kremer,571760,Andrew Heaney,1,2
2023-05-27,718003,Oakland Athletics,Houston Astros,3,6,643493,Austin Pruitt,664285,Framber Valdez,1,10
2023-05-27,718000,Kansas City Royals,Washington Nationals,2,4,663903,Brady Singer,680686,Josiah Gray,1,7
2023-05-27,718004,Seattle Mariners,Pittsburgh Pirates,5,0,622491,Luis Castillo,592826,Vince Velasquez,1,680
2023-05-27,718002,Tampa Bay Rays,Los Angeles Dodgers,5,6,607192,Tyler Glasnow,477132,Clayton Kershaw,1,12
2023-05-27,717997,Atlanta Braves,Philadelphia Phillies,1,2,450203,Charlie Morton,554430,Zack Wheeler,1,4705
2023-05-27,717999,Milwaukee Brewers,San Francisco Giants,1,3,669203,Corbin Burnes,657277,Logan Webb,1,32
2023-05-27,717991,Arizona Diamondbacks,Boston Red Sox,1,2,605200,Zach Davies,676477,Garrett Whitlock,1,15
2023-05-27,718007,Chicago Cubs,Cincinnati Reds,5,8,592791,Jameson Taillon,682227,Brandon Williamson,1,17
2023-05-27,717996,Cleveland Guardians,St. Louis Cardinals,1,2,676440,Tanner Bibee,656427,Jack Flaherty,1,5
2023-05-27,718011,Colorado Rockies,New York Mets,10,7,502624,Chase Anderson,434378,Justin Verlander,1,19
2023-05-27,717998,Los Angeles Angels,Miami Marlins,5,8,660271,Shohei Ohtani,665795,Edward Cabrera,1,1
2023-05-28,717994,Tampa Bay Rays,Los Angeles Dodgers,11,10,676596,Josh Fleming,694813,Gavin Stone,1,12
2023-05-28,717990,Baltimore Orioles,Texas Rangers,3,2,680694,Kyle Bradish,674003,Cody Bradford,1,2
2023-05-28,717995,New York Yankees,San Diego Padres,10,7,543037,Gerrit Cole,506433,Yu Darvish,1,3313
2023-05-28,717993,Cleveland Guardians,St. Louis Cardinals,4,3,683769,Hunter Gaddis,656756,Jordan Montgomery,1,5
2023-05-28,717989,Detroit Tigers,Chicago White Sox,6,5,593958,Eduardo Rodriguez,656302,Dylan Cease,1,2394
2023-05-28,717985,Kansas City Royals,Washington Nationals,3,2,663738,Daniel Lynch IV,669022,MacKenzie Gore,1,7
2023-05-28,717988,Minnesota Twins,Toronto Blue Jays,0,3,641927,Bailey Ober,621244,José Berríos,1,3312
2023-05-28,717986,Milwaukee Brewers,San Francisco Giants,7,5,607067,Colin Rea,502171,Alex Cobb,1,32
2023-05-28,717987,Chicago Cubs,Cincinnati Reds,5,8,592767,Drew Smyly,668933,Graham Ashcraft,1,17
2023-05-28,717982,Colorado Rockies,New York Mets,11,10,596295,Austin Gomber,656731,Tylor Megill,1,19
2023-05-28,717980,Oakland Athletics,Houston Astros,1,10,686610,Ken Waldichuk,664299,Cristian Javier,1,10
2023-05-28,717984,Los Angeles Angels,Miami Marlins,0,2,663776,Patrick Sandoval,691587,Eury Pérez,1,1
2023-05-28,717981,Arizona Diamondbacks,Boston Red Sox,4,2,518876,Merrill Kelly,656557,Tanner Houck,1,15
2023-05-28,717983,Seattle Mariners,Pittsburgh Pirates,6,3,594835,Marco Gonzales,682847,Luis Ortiz,1,680
2023-05-28,717992,Atlanta Braves,Philadelphia Phillies,11,4,675911,Spencer Strider,592229,Dylan Covey,1,4705
2023-05-29,717974,Baltimore Orioles,Cleveland Guardians,0,5,669330,Tyler Wells,671106,Logan Allen,1,2
2023-05-29,717979,Detroit Tigers,Texas Rangers,0,5,571510,Matthew Boyd,543135,Nathan Eovaldi,1,2394
2023-05-29,717975,St. Louis Cardinals,Kansas City Royals,0,7,425794,Adam Wainwright,622251,Josh Staumont,1,2889
2023-05-29,717976,Chicago Cubs,Tampa Bay Rays,1,0,573186,Marcus Stroman,671737,Taj Bradley,1,17
2023-05-29,717977,Arizona Diamondbacks,Colorado Rockies,7,5,669194,Ryne Nelson,666154,Karl Kauffmann,1,15
2023-05-29,717968,Houston Astros,Minnesota Twins,5,7,641585,J.P. France,543243,Sonny Gray,1,2392
2023-05-29,717978,San Francisco Giants,Pittsburgh Pirates,14,4,543101,Anthony DeSclafani,448179,Rich Hill,1,2395
2023-05-29,717970,Oakland Athletics,Atlanta Braves,7,2,621112,Paul Blackburn,647336,Michael Soroka,1,10
2023-05-29,717971,Chicago White Sox,Los Angeles Angels,4,6,656629,Michael Kopech,656288,Griffin Canning,1,4
2023-05-29,717973,Los Angeles Dodgers,Washington Nationals,6,1,676272,Bobby Miller,592866,Trevor Williams,1,22
2023-05-29,717969,Seattle Mariners,New York Yankees,4,10,682243,Bryce Miller,593334,Domingo Germán,1,680
2023-05-30,717964,Detroit Tigers,Texas Rangers,6,10,656412,Alex Faedo,527048,Martín Pérez,1,2394
2023-05-30,717963,Miami Marlins,San Diego Padres,4,9,645261,Sandy Alcantara,677960,Ryan Weathers,1,4169
2023-05-30,717967,Baltimore Orioles,Cleveland Guardians,8,5,502043,Kyle Gibson,615698,Cal Quantrill,1,2
2023-05-30,717965,Toronto Blue Jays,Milwaukee Brewers,7,2,579328,Yusei Kikuchi,605288,Adrian Houser,1,14
2023-05-30,717966,Boston Red Sox,Cincinnati Reds,8,9,678394,Brayan Bello,594902,Ben Lively,1,3
2023-05-30,717962,New York Mets,Philadelphia Phillies,2,0,673540,Kodai Senga,624133,Ranger Suarez,1,3289
2023-05-30,717960,St. Louis Cardinals,Kansas City Royals,2,1,571945,Miles Mikolas,425844,Zack Greinke,1,2889
2023-05-30,717961,Chicago Cubs,Tampa Bay Rays,2,1,543294,Kyle Hendricks,663556,Shane McClanahan,1,17
2023-05-30,717956,Houston Astros,Minnesota Twins,5,1,656232,Brandon Bielak,657746,Joe Ryan,1,2392
2023-05-30,717959,Chicago White Sox,Los Angeles Angels,7,3,608337,Lucas Giolito,542881,Tyler Anderson,1,4
2023-05-30,717955,Arizona Diamondbacks,Colorado Rockies,5,1,668678,Zac Gallen,607536,Kyle Freeland,1,15
2023-05-30,717958,Oakland Athletics,Atlanta Braves,2,1,676664,JP Sears,693821,Bryce Elder,1,10
2023-05-30,717952,Seattle Mariners,New York Yankees,2,10,669302,Logan Gilbert,641482,Nestor Cortes,1,680
2023-05-30,717972,San Francisco Giants,Pittsburgh Pirates,1,2,605154,John Brebbia,670912,Johan Oviedo,1,2395
2023-05-30,717957,Los Angeles Dodgers,Washington Nationals,9,3,664062,Tony Gonsolin,663623,Jake Irvin,1,22
2023-05-31,717951,Detroit Tigers,Texas Rangers,3,2,666214,Joey Wentz,641540,Dane Dunning,1,2394
2023-05-31,717943,Chicago White Sox,Los Angeles Angels,5,12,458681,Lance Lynn,642545,Jaime Barria,1,4
2023-05-31,717950,Chicago Cubs,Tampa Bay Rays,3,4,657006,Justin Steele,621107,Zach Eflin,1,17
2023-05-31,717946,Baltimore Orioles,Cleveland Guardians,8,12,669211,Keegan Akin,669456,Shane Bieber,1,2
2023-05-31,717949,Oakland Athletics,Atlanta Braves,2,4,621076,James Kaprielian,694363,Jared Shuster,1,10
2023-05-31,717953,San Francisco Giants,Pittsburgh Pirates,4,9,622072,Alex Wood,656605,Mitch Keller,1,2395
2023-05-31,717954,Los Angeles Dodgers,Washington Nationals,6,10,592789,Noah Syndergaard,571578,Patrick Corbin,1,22
2023-05-31,717945,Miami Marlins,San Diego Padres,2,1,666129,Braxton Garrett,605483,Blake Snell,1,4169
2023-05-31,717947,Toronto Blue Jays,Milwaukee Brewers,2,4,666201,Alek Manoah,527054,Julio Teheran,1,14
2023-05-31,717948,Boston Red Sox,Cincinnati Reds,4,5,572020,James Paxton,596133,Luke Weaver,1,3
2023-05-31,717944,New York Mets,Philadelphia Phillies,4,1,471911,Carlos Carrasco,605400,Aaron Nola,1,3289
2023-05-31,717938,Houston Astros,Minnesota Twins,2,8,686613,Hunter Brown,686973,Louis Varland,1,2392
2023-05-31,717940,Arizona Diamondbacks,Colorado Rockies,6,0,674072,Tommy Henry,659275,Dinelson Lamet,1,15
2023-05-31,717939,Seattle Mariners,New York Yankees,1,0,669923,George Kirby,657376,Clarke Schmidt,1,680
2023-06-01,717942,Toronto Blue Jays,Milwaukee Brewers,3,1,592332,Kevin Gausman,642547,Freddy Peralta,1,14
2023-06-01,717934,New York Mets,Philadelphia Phillies,4,2,453286,Max Scherzer,592836,Taijuan Walker,1,3289
2023-06-01,717941,Miami Marlins,San Diego Padres,1,10,666200,Jesús Luzardo,605397,Joe Musgrove,1,4169
2023-06-01,717933,Arizona Diamondbacks,Colorado Rockies,5,4,605200,Zach Davies,657756,Connor Seabold,1,15
2023-06-01,717932,Boston Red Sox,Cincinnati Reds,8,2,519242,Chris Sale,668881,Hunter Greene,1,3
2023-06-01,717937,Minnesota Twins,Cleveland Guardians,7,6,641154,Pablo López,676440,Tanner Bibee,1,3312
2023-06-01,717936,Houston Astros,Los Angeles Angels,5,2,669854,Ronel Blanco,672282,Reid Detmers,1,2392
2023-06-02,717931,Cincinnati Reds,Milwaukee Brewers,4,5,682227,Brandon Williamson,669203,Corbin Burnes,1,2602
2023-06-02,717927,Miami Marlins,Oakland Athletics,4,0,665795,Edward Cabrera,660261,Shintaro Fujinami,1,4169
2023-06-02,717930,Pittsburgh Pirates,St. Louis Cardinals,7,5,672710,Roansy Contreras,656427,Jack Flaherty,1,31
2023-06-02,717935,Washington Nationals,Philadelphia Phillies,8,7,680686,Josiah Gray,554430,Zack Wheeler,1,3309
2023-06-02,717929,New York Mets,Toronto Blue Jays,0,3,434378,Justin Verlander,605135,Chris Bassitt,1,3289
2023-06-02,717922,Texas Rangers,Seattle Mariners,2,0,592351,Jon Gray,622491,Luis Castillo,1,5325
2023-06-02,717926,Houston Astros,Los Angeles Angels,6,2,664285,Framber Valdez,660271,Shohei Ohtani,1,2392
2023-06-02,717923,Kansas City Royals,Colorado Rockies,2,7,543475,Jordan Lyles,502624,Chase Anderson,1,7
2023-06-02,717924,Minnesota Twins,Cleveland Guardians,1,0,641927,Bailey Ober,650644,Aaron Civale,1,3312
2023-06-02,717925,Chicago White Sox,Detroit Tigers,3,0,605182,Mike Clevinger,681857,Reese Olson,1,4
2023-06-02,717921,San Diego Padres,Chicago Cubs,1,2,608379,Michael Wacha,592791,Jameson Taillon,1,2680
2023-06-02,717919,Arizona Diamondbacks,Atlanta Braves,3,2,518876,Merrill Kelly,450203,Charlie Morton,1,15
2023-06-02,717917,Los Angeles Dodgers,New York Yankees,8,4,477132,Clayton Kershaw,622663,Luis Severino,1,22
2023-06-02,717920,San Francisco Giants,Baltimore Orioles,2,3,657277,Logan Webb,665152,Dean Kremer,1,2395
2023-06-03,717918,Boston Red Sox,Tampa Bay Rays,8,5,676477,Garrett Whitlock,665001,Trevor Kelley,1,3
2023-06-03,717885,Boston Red Sox,Tampa Bay Rays,2,4,676710,Kutter Crawford,607192,Tyler Glasnow,2,3
2023-06-03,717915,Chicago White Sox,Detroit Tigers,2,1,656302,Dylan Cease,547179,Michael Lorenzen,1,4
2023-06-03,717907,Pittsburgh Pirates,St. Louis Cardinals,4,3,682847,Luis Ortiz,656756,Jordan Montgomery,1,31
2023-06-03,717912,Texas Rangers,Seattle Mariners,16,6,571760,Andrew Heaney,693433,Bryan Woo,1,5325
2023-06-03,717914,Washington Nationals,Philadelphia Phillies,2,4,669022,MacKenzie Gore,621381,Matt Strahm,1,3309
2023-06-03,717908,Houston Astros,Los Angeles Angels,9,6,664299,Cristian Javier,663776,Patrick Sandoval,1,2392
2023-06-03,717909,Kansas City Royals,Colorado Rockies,4,6,663738,Daniel Lynch IV,596295,Austin Gomber,1,7
2023-06-03,717910,New York Mets,Toronto Blue Jays,1,2,656731,Tylor Megill,621244,José Berríos,1,3289
2023-06-03,717911,Miami Marlins,Oakland Athletics,12,1,691587,Eury Pérez,665622,Luis Medina,1,4169
2023-06-03,717906,Cincinnati Reds,Milwaukee Brewers,8,10,668933,Graham Ashcraft,607067,Colin Rea,1,2602
2023-06-03,717913,Minnesota Twins,Cleveland Guardians,2,4,543243,Sonny Gray,671106,Logan Allen,1,3312
2023-06-03,717905,Los Angeles Dodgers,New York Yankees,3,6,675627,Michael Grove,543037,Gerrit Cole,1,22
2023-06-03,717916,San Francisco Giants,Baltimore Orioles,4,0,502171,Alex Cobb,680694,Kyle Bradish,1,2395
2023-06-03,717903,San Diego Padres,Chicago Cubs,6,0,506433,Yu Darvish,592767,Drew Smyly,1,2680
2023-06-03,717901,Arizona Diamondbacks,Atlanta Braves,2,5,669194,Ryne Nelson,675911,Spencer Strider,1,15
2023-06-04,717898,Pittsburgh Pirates,St. Louis Cardinals,2,1,448179,Rich Hill,571945,Miles Mikolas,1,31
2023-06-04,717904,Boston Red Sox,Tampa Bay Rays,2,6,656557,Tanner Houck,671737,Taj Bradley,1,3
2023-06-04,717902,Washington Nationals,Philadelphia Phillies,3,11,592866,Trevor Williams,624133,Ranger Suarez,1,3309
2023-06-04,717900,New York Mets,Toronto Blue Jays,4,6,673540,Kodai Senga,579328,Yusei Kikuchi,1,3289
2023-06-04,717896,Miami Marlins,Oakland Athletics,7,5,645261,Sandy Alcantara,621112,Paul Blackburn,1,4169
2023-06-04,717897,Cincinnati Reds,Milwaukee Brewers,1,5,594902,Ben Lively,605288,Adrian Houser,1,2602
2023-06-04,717899,Houston Astros,Los Angeles Angels,1,2,641585,J.P. France,656288,Griffin Canning,1,2392
2023-06-04,717893,Kansas City Royals,Colorado Rockies,2,0,663903,Brady Singer,607536,Kyle Freeland,1,7
2023-06-04,717895,Minnesota Twins,Cleveland Guardians,1,2,657746,Joe Ryan,663474,Triston McKenzie,1,3312
2023-06-04,717891,Chicago White Sox,Detroit Tigers,6,2,656629,Michael Kopech,571510,Matthew Boyd,1,4
2023-06-04,717894,Texas Rangers,Seattle Mariners,12,3,543135,Nathan Eovaldi,682243,Bryce Miller,1,5325
2023-06-04,717890,San Francisco Giants,Baltimore Orioles,3,8,543101,Anthony DeSclafani,669330,Tyler Wells,1,2395
2023-06-04,717892,Arizona Diamondbacks,Atlanta Braves,5,8,668678,Zac Gallen,647336,Michael Soroka,1,15
2023-06-04,717889,San Diego Padres,Chicago Cubs,1,7,677960,Ryan Weathers,573186,Marcus Stroman,1,2680
2023-06-04,717888,Los Angeles Dodgers,New York Yankees,1,4,676272,Bobby Miller,593334,Domingo Germán,1,22
2023-06-05,717928,Boston Red Sox,Tampa Bay Rays,1,4,678394,Brayan Bello,663556,Shane McClanahan,1,3
2023-06-05,717886,Philadelphia Phillies,Detroit Tigers,8,3,605400,Aaron Nola,666214,Joey Wentz,1,2681
2023-06-05,717887,Miami Marlins,Kansas City Royals,9,6,666129,Braxton Garrett,672578,Carlos Hernández,1,4169
2023-06-05,717884,Pittsburgh Pirates,Oakland Athletics,5,4,670912,Johan Oviedo,676664,JP Sears,1,31
2023-06-05,717878,Toronto Blue Jays,Houston Astros,4,11,666201,Alek Manoah,656232,Brandon Bielak,1,14
2023-06-05,717883,Cincinnati Reds,Milwaukee Brewers,2,0,671096,Andrew Abbott,527054,Julio Teheran,1,2602
2023-06-05,717879,Texas Rangers,St. Louis Cardinals,4,3,527048,Martín Pérez,425794,Adam Wainwright,1,5325
2023-06-05,717880,San Diego Padres,Chicago Cubs,5,0,605483,Blake Snell,543294,Kyle Hendricks,1,2680
2023-06-06,717882,Tampa Bay Rays,Minnesota Twins,7,0,621107,Zach Eflin,686973,Louis Varland,1,12
2023-06-06,717875,Philadelphia Phillies,Detroit Tigers,1,0,592836,Taijuan Walker,641302,Tyler Alexander,1,2681
2023-06-06,717876,Miami Marlins,Kansas City Royals,6,1,666200,Jesús Luzardo,425844,Zack Greinke,1,4169
2023-06-06,717881,Washington Nationals,Arizona Diamondbacks,5,10,663623,Jake Irvin,674072,Tommy Henry,1,3309
2023-06-06,717874,Pittsburgh Pirates,Oakland Athletics,2,11,656605,Mitch Keller,621076,James Kaprielian,1,31
2023-06-06,717877,New York Yankees,Chicago White Sox,2,3,657376,Clarke Schmidt,608337,Lucas Giolito,1,3313
2023-06-06,717871,Toronto Blue Jays,Houston Astros,5,1,592332,Kevin Gausman,686613,Hunter Brown,1,14
2023-06-06,717873,Cleveland Guardians,Boston Red Sox,4,5,669456,Shane Bieber,572020,James Paxton,1,5
2023-06-06,717870,Cincinnati Reds,Los Angeles Dodgers,9,8,596133,Luke Weaver,664062,Tony Gonsolin,1,2602
2023-06-06,717872,Atlanta Braves,New York Mets,6,4,693821,Bryce Elder,471911,Carlos Carrasco,1,4705
2023-06-06,717867,Milwaukee Brewers,Baltimore Orioles,4,3,642547,Freddy Peralta,502043,Kyle Gibson,1,32
2023-06-06,717868,Texas Rangers,St. Louis Cardinals,6,4,641540,Dane Dunning,669461,Matthew Liberatore,1,5325
2023-06-06,717869,Colorado Rockies,San Francisco Giants,4,10,659275,Dinelson Lamet,605154,John Brebbia,1,19
2023-06-06,717861,Los Angeles Angels,Chicago Cubs,7,4,542881,Tyler Anderson,669713,Hayden Wesneski,1,1
2023-06-06,717864,San Diego Padres,Seattle Mariners,1,4,605397,Joe Musgrove,669302,Logan Gilbert,1,2680
2023-06-07,717865,Pittsburgh Pirates,Oakland Athletics,5,9,672710,Roansy Contreras,663687,Hogan Harris,1,31
2023-06-07,717863,San Diego Padres,Seattle Mariners,10,3,608379,Michael Wacha,669923,George Kirby,1,2680
2023-06-07,717860,Miami Marlins,Kansas City Royals,6,1,665795,Edward Cabrera,543475,Jordan Lyles,1,4169
2023-06-07,717859,Tampa Bay Rays,Minnesota Twins,2,1,542888,Shawn Armstrong,641154,Pablo López,1,12
2023-06-07,717866,Washington Nationals,Arizona Diamondbacks,2,6,571578,Patrick Corbin,605200,Zach Davies,1,3309
2023-06-07,717856,Toronto Blue Jays,Houston Astros,3,2,605135,Chris Bassitt,669854,Ronel Blanco,1,14
2023-06-07,717858,Cleveland Guardians,Boston Red Sox,5,2,676440,Tanner Bibee,676710,Kutter Crawford,1,5
2023-06-07,717853,Cincinnati Reds,Los Angeles Dodgers,8,6,682227,Brandon Williamson,592789,Noah Syndergaard,1,2602
2023-06-07,717850,Atlanta Braves,New York Mets,7,5,450203,Charlie Morton,453286,Max Scherzer,1,4705
2023-06-07,717851,Milwaukee Brewers,Baltimore Orioles,10,2,669203,Corbin Burnes,665152,Dean Kremer,1,32
2023-06-07,717854,Texas Rangers,St. Louis Cardinals,0,1,592351,Jon Gray,656427,Jack Flaherty,1,5325
2023-06-07,717852,Colorado Rockies,San Francisco Giants,4,5,657756,Connor Seabold,657277,Logan Webb,1,19
2023-06-07,717855,Los Angeles Angels,Chicago Cubs,6,2,642545,Jaime Barria,592791,Jameson Taillon,1,1
2023-06-08,717844,Cincinnati Reds,Los Angeles Dodgers,0,6,668933,Graham Ashcraft,477132,Clayton Kershaw,1,2602
2023-06-08,717845,Tampa Bay Rays,Minnesota Twins,4,2,630023,Yonny Chirinos,641927,Bailey Ober,1,12
2023-06-08,717849,Milwaukee Brewers,Baltimore Orioles,3,6,607067,Colin Rea,680694,Kyle Bradish,1,32
2023-06-08,717846,Colorado Rockies,San Francisco Giants,4,6,502624,Chase Anderson,502171,Alex Cobb,1,19
2023-06-08,717848,New York Yankees,Chicago White Sox,5,6,622663,Luis Severino,458681,Lance Lynn,1,3313
2023-06-08,717857,New York Yankees,Chicago White Sox,3,0,681190,Randy Vásquez,605182,Mike Clevinger,2,3313
2023-06-08,717862,Philadelphia Phillies,Detroit Tigers,3,2,554430,Zack Wheeler,663947,Tyler Holton,1,2681
2023-06-08,717843,Toronto Blue Jays,Houston Astros,3,2,621244,José Berríos,664285,Framber Valdez,1,14
2023-06-08,717842,Cleveland Guardians,Boston Red Sox,10,3,650644,Aaron Civale,571616,Matt Dermody,1,5
2023-06-08,717840,Atlanta Braves,New York Mets,13,10,675911,Spencer Strider,434378,Justin Verlander,1,4705
2023-06-08,717838,Los Angeles Angels,Chicago Cubs,3,1,672282,Reid Detmers,592767,Drew Smyly,1,1
2023-06-09,717834,Detroit Tigers,Arizona Diamondbacks,6,11,547179,Michael Lorenzen,518876,Merrill Kelly,1,2394
2023-06-09,717827,Tampa Bay Rays,Texas Rangers,8,3,607192,Tyler Glasnow,571760,Andrew Heaney,1,12
2023-06-09,717839,Baltimore Orioles,Kansas City Royals,3,2,669330,Tyler Wells,663738,Daniel Lynch IV,1,2
2023-06-09,717836,Pittsburgh Pirates,New York Mets,14,7,448179,Rich Hill,656731,Tylor Megill,1,31
2023-06-09,717837,Philadelphia Phillies,Los Angeles Dodgers,5,4,624133,Ranger Suarez,675627,Michael Grove,1,2681
2023-06-09,717841,New York Yankees,Boston Red Sox,2,3,543037,Gerrit Cole,676477,Garrett Whitlock,1,3313
2023-06-09,717835,Toronto Blue Jays,Minnesota Twins,2,3,579328,Yusei Kikuchi,543243,Sonny Gray,1,14
2023-06-09,717833,Cleveland Guardians,Houston Astros,10,9,671106,Logan Allen,664299,Cristian Javier,1,5
2023-06-09,717829,Atlanta Braves,Washington Nationals,3,2,700363,AJ Smith-Shawver,680686,Josiah Gray,1,4705
2023-06-09,717828,Chicago White Sox,Miami Marlins,2,1,656302,Dylan Cease,691587,Eury Pérez,1,4
2023-06-09,717831,Milwaukee Brewers,Oakland Athletics,2,5,605288,Adrian Houser,594580,Sam Moll,1,32
2023-06-09,717832,St. Louis Cardinals,Cincinnati Reds,7,4,656756,Jordan Montgomery,594902,Ben Lively,1,2889
2023-06-09,717830,Colorado Rockies,San Diego Padres,6,9,596295,Austin Gomber,506433,Yu Darvish,1,19
2023-06-09,717824,Los Angeles Angels,Seattle Mariners,5,4,660271,Shohei Ohtani,622491,Luis Castillo,1,1
2023-06-09,717823,San Francisco Giants,Chicago Cubs,2,3,543101,Anthony DeSclafani,573186,Marcus Stroman,1,2395
2023-06-10,717821,Detroit Tigers,Arizona Diamondbacks,0,5,571510,Matthew Boyd,669194,Ryne Nelson,1,2394
2023-06-10,717820,Chicago White Sox,Miami Marlins,1,5,656629,Michael Kopech,645261,Sandy Alcantara,1,4
2023-06-10,717817,St. Louis Cardinals,Cincinnati Reds,4,8,571945,Miles Mikolas,671096,Andrew Abbott,1,2889
2023-06-10,717822,Toronto Blue Jays,Minnesota Twins,4,9,670950,Trevor Richards,657746,Joe Ryan,1,14
2023-06-10,717819,Colorado Rockies,San Diego Padres,2,3,607536,Kyle Freeland,677960,Ryan Weathers,1,19
2023-06-10,717818,Baltimore Orioles,Kansas City Royals,6,1,608344,Cole Irvin,663903,Brady Singer,1,2
2023-06-10,717812,Pittsburgh Pirates,New York Mets,1,5,670912,Johan Oviedo,673540,Kodai Senga,1,31
2023-06-10,717811,Philadelphia Phillies,Los Angeles Dodgers,0,9,605400,Aaron Nola,676272,Bobby Miller,1,2681
2023-06-10,717813,Tampa Bay Rays,Texas Rangers,4,8,671737,Taj Bradley,543135,Nathan Eovaldi,1,12
2023-06-10,717816,Atlanta Braves,Washington Nationals,6,4,694363,Jared Shuster,669022,MacKenzie Gore,1,4705
2023-06-10,717814,Milwaukee Brewers,Oakland Athletics,1,2,527054,Julio Teheran,621112,Paul Blackburn,1,32
2023-06-10,717815,Cleveland Guardians,Houston Astros,4,6,663474,Triston McKenzie,641585,J.P. France,1,5
2023-06-10,717826,San Francisco Giants,Chicago Cubs,0,4,605154,John Brebbia,543294,Kyle Hendricks,1,2395
2023-06-10,717825,New York Yankees,Boston Red Sox,3,1,593334,Domingo Germán,656557,Tanner Houck,1,3313
2023-06-10,717809,Los Angeles Angels,Seattle Mariners,2,6,663776,Patrick Sandoval,693433,Bryan Woo,1,1
2023-06-11,717804,Detroit Tigers,Arizona Diamondbacks,5,7,676684,Will Vest,668678,Zac Gallen,1,2394
2023-06-11,717802,Cleveland Guardians,Houston Astros,5,0,669456,Shane Bieber,656232,Brandon Bielak,1,5
2023-06-11,717808,Baltimore Orioles,Kansas City Royals,11,3,502043,Kyle Gibson,672578,Carlos Hernández,1,2
2023-06-11,717803,Pittsburgh Pirates,New York Mets,2,1,656605,Mitch Keller,471911,Carlos Carrasco,1,31
2023-06-11,717806,Philadelphia Phillies,Los Angeles Dodgers,7,3,592836,Taijuan Walker,657571,Caleb Ferguson,1,2681
2023-06-11,717807,Atlanta Braves,Washington Nationals,2,6,693821,Bryce Elder,592866,Trevor Williams,1,4705
2023-06-11,717805,Toronto Blue Jays,Minnesota Twins,7,6,592332,Kevin Gausman,686973,Louis Varland,1,14
2023-06-11,717801,Tampa Bay Rays,Texas Rangers,7,3,663556,Shane McClanahan,527048,Martín Pérez,1,12
2023-06-11,717795,Chicago White Sox,Miami Marlins,5,6,608337,Lucas Giolito,666129,Braxton Garrett,1,4
2023-06-11,717800,Milwaukee Brewers,Oakland Athletics,6,8,642547,Freddy Peralta,676664,JP Sears,1,32
2023-06-11,717797,St. Louis Cardinals,Cincinnati Reds,3,4,425794,Adam Wainwright,668881,Hunter Greene,1,2889
2023-06-11,717798,Colorado Rockies,San Diego Padres,5,4,659275,Dinelson Lamet,605483,Blake Snell,1,19
2023-06-11,717796,San Francisco Giants,Chicago Cubs,13,3,605154,John Brebbia,669713,Hayden Wesneski,1,2395
2023-06-11,717799,Los Angeles Angels,Seattle Mariners,9,4,656288,Griffin Canning,669302,Logan Gilbert,1,1
2023-06-11,717810,New York Yankees,Boston Red Sox,2,3,657376,Clarke Schmidt,678394,Brayan Bello,1,3313
2023-06-12,717790,Detroit Tigers,Atlanta Braves,6,5,669438,Mason Englert,450203,Charlie Morton,1,2394
2023-06-12,717794,Boston Red Sox,Colorado Rockies,3,4,572020,James Paxton,657756,Connor Seabold,1,3
2023-06-12,717791,St. Louis Cardinals,San Francisco Giants,3,4,669461,Matthew Liberatore,657277,Logan Webb,1,2889
2023-06-12,717792,Texas Rangers,Los Angeles Angels,6,9,641540,Dane Dunning,542881,Tyler Anderson,1,5325
2023-06-12,717793,Kansas City Royals,Cincinnati Reds,4,5,425844,Zack Greinke,596133,Luke Weaver,1,7
2023-06-12,717789,Oakland Athletics,Tampa Bay Rays,4,3,621076,James Kaprielian,621107,Zach Eflin,1,10
2023-06-12,717785,Arizona Diamondbacks,Philadelphia Phillies,9,8,674072,Tommy Henry,621381,Matt Strahm,1,15
2023-06-12,717786,Seattle Mariners,Miami Marlins,8,1,682243,Bryce Miller,666200,Jesús Luzardo,1,680
2023-06-13,717787,Baltimore Orioles,Toronto Blue Jays,11,6,665152,Dean Kremer,605135,Chris Bassitt,1,2
2023-06-13,717788,Boston Red Sox,Colorado Rockies,6,7,676710,Kutter Crawford,502624,Chase Anderson,1,3
2023-06-13,717779,New York Mets,New York Yankees,6,7,453286,Max Scherzer,622663,Luis Severino,1,3289
2023-06-13,717783,Minnesota Twins,Milwaukee Brewers,7,5,641154,Pablo López,669203,Corbin Burnes,1,3312
2023-06-13,717781,St. Louis Cardinals,San Francisco Giants,3,11,656427,Jack Flaherty,502171,Alex Cobb,1,2889
2023-06-13,717782,Chicago Cubs,Pittsburgh Pirates,11,3,592791,Jameson Taillon,682847,Luis Ortiz,1,17
2023-06-13,717780,Texas Rangers,Los Angeles Angels,3,7,674003,Cody Bradford,642545,Jaime Barria,1,5325
2023-06-13,717777,Kansas City Royals,Cincinnati Reds,4,5,543475,Jordan Lyles,682227,Brandon Williamson,1,7
2023-06-13,717778,Houston Astros,Washington Nationals,6,1,686613,Hunter Brown,571578,Patrick Corbin,1,2392
2023-06-13,717772,San Diego Padres,Cleveland Guardians,6,3,605397,Joe Musgrove,676440,Tanner Bibee,1,2680
2023-06-13,717774,Oakland Athletics,Tampa Bay Rays,2,1,660261,Shintaro Fujinami,656222,Jalen Beeks,1,10
2023-06-13,717775,Arizona Diamondbacks,Philadelphia Phillies,3,15,605200,Zach Davies,554430,Zack Wheeler,1,15
2023-06-13,717773,Seattle Mariners,Miami Marlins,9,3,669923,George Kirby,665795,Edward Cabrera,1,680
2023-06-13,717776,Los Angeles Dodgers,Chicago White Sox,5,1,664062,Tony Gonsolin,458681,Lance Lynn,1,22
2023-06-14,717770,Detroit Tigers,Atlanta Braves,7,10,681857,Reese Olson,675911,Spencer Strider,1,2394
2023-06-14,717784,Detroit Tigers,Atlanta Braves,5,6,547179,Michael Lorenzen,689266,Dylan Dodd,2,2394
2023-06-14,717771,Minnesota Twins,Milwaukee Brewers,4,2,641927,Bailey Ober,607067,Colin Rea,1,3312
2023-06-14,717767,St. Louis Cardinals,San Francisco Giants,5,8,656756,Jordan Montgomery,543101,Anthony DeSclafani,1,2889
2023-06-14,717769,Baltimore Orioles,Toronto Blue Jays,1,3,680694,Kyle Bradish,621244,José Berríos,1,2
2023-06-14,717768,Boston Red Sox,Colorado Rockies,6,3,676477,Garrett Whitlock,596295,Austin Gomber,1,3
2023-06-14,717766,New York Mets,New York Yankees,4,3,434378,Justin Verlander,543037,Gerrit Cole,1,3289
2023-06-14,717763,Chicago Cubs,Pittsburgh Pirates,10,6,592767,Drew Smyly,674370,Osvaldo Bido,1,17
2023-06-14,717765,Texas Rangers,Los Angeles Angels,6,3,571760,Andrew Heaney,672282,Reid Detmers,1,5325
2023-06-14,717764,Kansas City Royals,Cincinnati Reds,4,7,663738,Daniel Lynch IV,594902,Ben Lively,1,7
2023-06-14,717762,Houston Astros,Washington Nationals,5,4,664285,Framber Valdez,680686,Josiah Gray,1,2392
2023-06-14,717758,San Diego Padres,Cleveland Guardians,5,0,608379,Michael Wacha,650644,Aaron Civale,1,2680
2023-06-14,717761,Oakland Athletics,Tampa Bay Rays,3,6,665622,Luis Medina,607192,Tyler Glasnow,1,10
2023-06-14,717757,Arizona Diamondbacks,Philadelphia Phillies,3,4,518876,Merrill Kelly,624133,Ranger Suarez,1,15
2023-06-14,717759,Seattle Mariners,Miami Marlins,1,4,622491,Luis Castillo,691587,Eury Pérez,1,680
2023-06-14,717760,Los Angeles Dodgers,Chicago White Sox,4,8,477132,Clayton Kershaw,605182,Mike Clevinger,1,22
2023-06-15,717753,Baltimore Orioles,Toronto Blue Jays,4,2,669330,Tyler Wells,579328,Yusei Kikuchi,1,2
2023-06-15,717756,Oakland Athletics,Tampa Bay Rays,3,4,621112,Paul Blackburn,671737,Taj Bradley,1,10
2023-06-15,717755,Arizona Diamondbacks,Philadelphia Phillies,4,5,669194,Ryne Nelson,605400,Aaron Nola,1,15
2023-06-15,717752,Minnesota Twins,Detroit Tigers,4,8,543243,Sonny Gray,571510,Matthew Boyd,1,3312
2023-06-15,717754,Atlanta Braves,Colorado Rockies,8,3,700363,AJ Smith-Shawver,607536,Kyle Freeland,1,4705
2023-06-15,717747,Chicago Cubs,Pittsburgh Pirates,7,2,573186,Marcus Stroman,670912,Johan Oviedo,1,17
2023-06-15,717751,Texas Rangers,Los Angeles Angels,3,5,543135,Nathan Eovaldi,660271,Shohei Ohtani,1,5325
2023-06-15,717746,Houston Astros,Washington Nationals,1,4,664299,Cristian Javier,669022,MacKenzie Gore,1,2392
2023-06-15,717750,San Diego Padres,Cleveland Guardians,6,8,677960,Ryan Weathers,671106,Logan Allen,1,2680
2023-06-15,717748,Los Angeles Dodgers,Chicago White Sox,5,4,675627,Michael Grove,656302,Dylan Cease,1,22
2023-06-16,717744,Chicago Cubs,Baltimore Orioles,10,3,543294,Kyle Hendricks,608344,Cole Irvin,1,17
2023-06-16,717749,Washington Nationals,Miami Marlins,5,6,592866,Trevor Williams,645261,Sandy Alcantara,1,3309
2023-06-16,717743,New York Mets,St. Louis Cardinals,6,1,656731,Tylor Megill,571945,Miles Mikolas,1,3289
2023-06-16,717742,Boston Red Sox,New York Yankees,15,5,656557,Tanner Houck,593334,Domingo Germán,1,3
2023-06-16,717745,Atlanta Braves,Colorado Rockies,8,1,694363,Jared Shuster,659275,Dinelson Lamet,1,4705
2023-06-16,717741,Texas Rangers,Toronto Blue Jays,1,2,527048,Martín Pérez,592332,Kevin Gausman,1,5325
2023-06-16,717737,Houston Astros,Cincinnati Reds,1,2,641585,J.P. France,671096,Andrew Abbott,1,2392
2023-06-16,717736,Kansas City Royals,Los Angeles Angels,0,3,663903,Brady Singer,663776,Patrick Sandoval,1,7
2023-06-16,717738,Minnesota Twins,Detroit Tigers,1,7,657746,Joe Ryan,676684,Will Vest,1,3312
2023-06-16,717740,Milwaukee Brewers,Pittsburgh Pirates,5,4,527054,Julio Teheran,448179,Rich Hill,1,32
2023-06-16,717739,Arizona Diamondbacks,Cleveland Guardians,5,1,668678,Zac Gallen,657053,Touki Toussaint,1,15
2023-06-16,717732,San Diego Padres,Tampa Bay Rays,2,6,506433,Yu Darvish,663556,Shane McClanahan,1,2680
2023-06-16,717735,Oakland Athletics,Philadelphia Phillies,1,6,676664,JP Sears,592836,Taijuan Walker,1,10
2023-06-16,717731,Los Angeles Dodgers,San Francisco Giants,5,7,686218,Emmet Sheehan,605154,John Brebbia,1,22
2023-06-16,717733,Seattle Mariners,Chicago White Sox,3,2,693433,Bryan Woo,656629,Michael Kopech,1,680
2023-06-17,717728,Minnesota Twins,Detroit Tigers,2,0,592254,José De León,666214,Joey Wentz,1,3312
2023-06-17,717729,Chicago Cubs,Baltimore Orioles,3,2,657006,Justin Steele,502043,Kyle Gibson,1,17
2023-06-17,717723,Texas Rangers,Toronto Blue Jays,4,2,641540,Dane Dunning,670950,Trevor Richards,1,5325
2023-06-17,717734,Washington Nationals,Miami Marlins,2,5,663623,Jake Irvin,666129,Braxton Garrett,1,3309
2023-06-17,717725,Oakland Athletics,Philadelphia Phillies,2,3,621076,James Kaprielian,650911,Cristopher Sánchez,1,10
2023-06-17,717727,Houston Astros,Cincinnati Reds,3,10,656232,Brandon Bielak,668881,Hunter Greene,1,2392
2023-06-17,717726,Kansas City Royals,Los Angeles Angels,10,9,594577,Mike Mayers,656288,Griffin Canning,1,7
2023-06-17,717718,New York Mets,St. Louis Cardinals,3,5,673540,Kodai Senga,425794,Adam Wainwright,1,3289
2023-06-17,717724,Atlanta Braves,Colorado Rockies,10,2,693821,Bryce Elder,657756,Connor Seabold,1,4705
2023-06-17,717722,Seattle Mariners,Chicago White Sox,3,4,669302,Logan Gilbert,608337,Lucas Giolito,1,680
2023-06-17,717720,Milwaukee Brewers,Pittsburgh Pirates,5,0,489119,Wade Miley,656605,Mitch Keller,1,32
2023-06-17,717717,San Diego Padres,Tampa Bay Rays,2,0,605483,Blake Snell,621107,Zach Eflin,1,2680
2023-06-17,717721,Los Angeles Dodgers,San Francisco Giants,0,15,676272,Bobby Miller,622072,Alex Wood,1,22
2023-06-17,717719,Arizona Diamondbacks,Cleveland Guardians,6,3,674072,Tommy Henry,669456,Shane Bieber,1,15
2023-06-18,717708,Chicago Cubs,Baltimore Orioles,3,6,592791,Jameson Taillon,665152,Dean Kremer,1,17
2023-06-18,717716,Atlanta Braves,Colorado Rockies,14,6,450203,Charlie Morton,502624,Chase Anderson,1,4705
2023-06-18,717714,Washington Nationals,Miami Marlins,2,4,571578,Patrick Corbin,666200,Jesús Luzardo,1,3309
2023-06-18,717730,Boston Red Sox,New York Yankees,6,2,672391,Kaleb Ort,657376,Clarke Schmidt,1,3
2023-06-18,717715,Boston Red Sox,New York Yankees,4,1,678394,Brayan Bello,622663,Luis Severino,2,3
2023-06-18,717713,New York Mets,St. Louis Cardinals,7,8,471911,Carlos Carrasco,669461,Matthew Liberatore,1,3289
2023-06-18,717707,Houston Astros,Cincinnati Reds,7,9,669854,Ronel Blanco,596133,Luke Weaver,1,2392
2023-06-18,717712,Kansas City Royals,Los Angeles Angels,2,5,425844,Zack Greinke,542881,Tyler Anderson,1,7
2023-06-18,717711,Minnesota Twins,Detroit Tigers,4,6,686973,Louis Varland,676684,Will Vest,1,3312
2023-06-18,717710,Milwaukee Brewers,Pittsburgh Pirates,5,2,642547,Freddy Peralta,682847,Luis Ortiz,1,32
2023-06-18,717709,Texas Rangers,Toronto Blue Jays,11,7,592351,Jon Gray,605135,Chris Bassitt,1,5325
2023-06-18,717705,Oakland Athletics,Philadelphia Phillies,2,3,663687,Hogan Harris,554430,Zack Wheeler,1,10
2023-06-18,717706,Arizona Diamondbacks,Cleveland Guardians,3,12,605200,Zach Davies,676440,Tanner Bibee,1,15
2023-06-18,717702,Los Angeles Dodgers,San Francisco Giants,3,7,664062,Tony Gonsolin,657277,Logan Webb,1,22
2023-06-18,717703,San Diego Padres,Tampa Bay Rays,5,4,605397,Joe Musgrove,630023,Yonny Chirinos,1,2680
2023-06-18,717704,Seattle Mariners,Chicago White Sox,5,1,682243,Bryce Miller,458681,Lance Lynn,1,680
2023-06-19,717699,Washington Nationals,St. Louis Cardinals,6,8,680686,Josiah Gray,656427,Jack Flaherty,1,3309
2023-06-19,717692,Detroit Tigers,Kansas City Royals,6,4,681857,Reese Olson,543475,Jordan Lyles,1,2394
2023-06-19,717700,Miami Marlins,Toronto Blue Jays,11,0,663773,Bryan Hoeing,621244,José Berríos,1,4169
2023-06-19,717698,Pittsburgh Pirates,Chicago Cubs,0,8,674370,Osvaldo Bido,592767,Drew Smyly,1,31
2023-06-19,717701,Cincinnati Reds,Colorado Rockies,5,4,682227,Brandon Williamson,596295,Austin Gomber,1,2602
2023-06-19,717693,Minnesota Twins,Boston Red Sox,3,9,641154,Pablo López,572020,James Paxton,1,3312
2023-06-19,717694,Houston Astros,New York Mets,1,11,686613,Hunter Brown,453286,Max Scherzer,1,2392
2023-06-19,717695,Chicago White Sox,Texas Rangers,2,5,621383,Tanner Banks,571760,Andrew Heaney,1,4
2023-06-19,717696,Milwaukee Brewers,Arizona Diamondbacks,1,9,669203,Corbin Burnes,518876,Merrill Kelly,1,32
2023-06-19,717697,San Francisco Giants,San Diego Padres,7,4,676254,Ryan Walker,608379,Michael Wacha,1,2395
2023-06-20,717681,Detroit Tigers,Kansas City Royals,0,1,547179,Michael Lorenzen,663738,Daniel Lynch IV,1,2394
2023-06-20,717687,Tampa Bay Rays,Baltimore Orioles,6,8,607192,Tyler Glasnow,680694,Kyle Bradish,1,12
2023-06-20,717689,Philadelphia Phillies,Atlanta Braves,2,4,624133,Ranger Suarez,675911,Spencer Strider,1,2681
2023-06-20,717690,Miami Marlins,Toronto Blue Jays,0,2,691587,Eury Pérez,579328,Yusei Kikuchi,1,4169
2023-06-20,717686,Pittsburgh Pirates,Chicago Cubs,0,4,670912,Johan Oviedo,573186,Marcus Stroman,1,31
2023-06-20,717691,Washington Nationals,St. Louis Cardinals,3,9,669022,MacKenzie Gore,656756,Jordan Montgomery,1,3309
2023-06-20,717684,New York Yankees,Seattle Mariners,3,1,543037,Gerrit Cole,669923,George Kirby,1,3313
2023-06-20,717685,Cincinnati Reds,Colorado Rockies,8,6,594902,Ben Lively,663562,Noah Davis,1,2602
2023-06-20,717679,Cleveland Guardians,Oakland Athletics,3,2,650644,Aaron Civale,686610,Ken Waldichuk,1,5
2023-06-20,717683,Minnesota Twins,Boston Red Sox,4,10,641927,Bailey Ober,676710,Kutter Crawford,1,3312
2023-06-20,717682,Houston Astros,New York Mets,4,2,664285,Framber Valdez,434378,Justin Verlander,1,2392
2023-06-20,717675,Chicago White Sox,Texas Rangers,7,6,656302,Dylan Cease,543135,Nathan Eovaldi,1,4
2023-06-20,717680,Milwaukee Brewers,Arizona Diamondbacks,7,5,607067,Colin Rea,669194,Ryne Nelson,1,32
2023-06-20,717688,San Francisco Giants,San Diego Padres,4,3,543101,Anthony DeSclafani,607625,Seth Lugo,1,2395
2023-06-20,717678,Los Angeles Angels,Los Angeles Dodgers,0,2,672282,Reid Detmers,477132,Clayton Kershaw,1,1
2023-06-21,717677,Tampa Bay Rays,Baltimore Orioles,7,2,671737,Taj Bradley,669330,Tyler Wells,1,12
2023-06-21,717676,Miami Marlins,Toronto Blue Jays,3,6,645261,Sandy Alcantara,592332,Kevin Gausman,1,4169
2023-06-21,717669,Cincinnati Reds,Colorado Rockies,5,3,671096,Andrew Abbott,656234,Jake Bird,1,2602
2023-06-21,717671,Pittsburgh Pirates,Chicago Cubs,3,8,448179,Rich Hill,543294,Kyle Hendricks,1,31
2023-06-21,717668,Detroit Tigers,Kansas City Royals,9,4,571510,Matthew Boyd,663903,Brady Singer,1,2394
2023-06-21,717670,Houston Astros,New York Mets,10,8,664299,Cristian Javier,656731,Tylor Megill,1,2392
2023-06-21,717672,Milwaukee Brewers,Arizona Diamondbacks,1,5,527054,Julio Teheran,668678,Zac Gallen,1,32
2023-06-21,717673,Washington Nationals,St. Louis Cardinals,3,0,592866,Trevor Williams,571945,Miles Mikolas,1,3309
2023-06-21,717666,New York Yankees,Seattle Mariners,4,2,666745,Jhony Brito,622491,Luis Castillo,1,3313
2023-06-21,717663,Cleveland Guardians,Oakland Athletics,7,6,668909,Gavin Williams,621112,Paul Blackburn,1,5
2023-06-21,717665,Minnesota Twins,Boston Red Sox,5,4,543243,Sonny Gray,676477,Garrett Whitlock,1,3312
2023-06-21,717667,Chicago White Sox,Texas Rangers,3,6,656629,Michael Kopech,527048,Martín Pérez,1,4
2023-06-21,717662,Los Angeles Angels,Los Angeles Dodgers,0,2,660271,Shohei Ohtani,660813,Brusdar Graterol,1,1
2023-06-21,717674,San Francisco Giants,San Diego Padres,4,2,676254,Ryan Walker,506433,Yu Darvish,1,2395
2023-06-22,717847,Washington Nationals,Arizona Diamondbacks,3,5,663623,Jake Irvin,674072,Tommy Henry,1,3309
2023-06-22,717657,Philadelphia Phillies,Atlanta Braves,1,5,605400,Aaron Nola,693821,Bryce Elder,1,2681
2023-06-22,717660,Cleveland Guardians,Oakland Athletics,6,1,671106,Logan Allen,676664,JP Sears,1,5
2023-06-22,717658,Minnesota Twins,Boston Red Sox,6,0,657746,Joe Ryan,621057,Justin Garza,1,3312
2023-06-22,717661,San Francisco Giants,San Diego Padres,0,10,622072,Alex Wood,605483,Blake Snell,1,2395
2023-06-22,717659,Tampa Bay Rays,Kansas City Royals,5,6,663556,Shane McClanahan,621016,Jose Cuas,1,12
2023-06-22,717654,Miami Marlins,Pittsburgh Pirates,6,4,666129,Braxton Garrett,656605,Mitch Keller,1,4169
2023-06-22,717652,New York Yankees,Seattle Mariners,2,10,593334,Domingo Germán,693433,Bryan Woo,1,3313
2023-06-23,717649,Tampa Bay Rays,Kansas City Royals,11,3,621107,Zach Eflin,425844,Zack Greinke,1,12
2023-06-23,717647,Detroit Tigers,Minnesota Twins,1,4,666214,Joey Wentz,628317,Kenta Maeda,1,2394
2023-06-23,717650,Cincinnati Reds,Atlanta Braves,11,10,596133,Luke Weaver,700363,AJ Smith-Shawver,1,2602
2023-06-23,717653,Miami Marlins,Pittsburgh Pirates,1,3,666200,Jesús Luzardo,682847,Luis Ortiz,1,4169
2023-06-23,717651,Baltimore Orioles,Seattle Mariners,1,13,502043,Kyle Gibson,669302,Logan Gilbert,1,2
2023-06-23,717656,Philadelphia Phillies,New York Mets,5,1,592836,Taijuan Walker,673540,Kodai Senga,1,2681
2023-06-23,717655,New York Yankees,Texas Rangers,2,4,657376,Clarke Schmidt,641540,Dane Dunning,1,3313
2023-06-23,717646,Toronto Blue Jays,Oakland Athletics,4,5,605135,Chris Bassitt,621076,James Kaprielian,1,14
2023-06-23,717648,Cleveland Guardians,Milwaukee Brewers,1,7,669456,Shane Bieber,489119,Wade Miley,1,5
2023-06-23,717645,Chicago White Sox,Boston Red Sox,1,3,608337,Lucas Giolito,678394,Brayan Bello,1,4
2023-06-23,717644,Colorado Rockies,Los Angeles Angels,7,4,607536,Kyle Freeland,663776,Patrick Sandoval,1,19
2023-06-23,717642,San Diego Padres,Washington Nationals,13,3,605397,Joe Musgrove,571578,Patrick Corbin,1,2680
2023-06-23,717643,Los Angeles Dodgers,Houston Astros,3,2,686218,Emmet Sheehan,641585,J.P. France,1,22
2023-06-23,717641,San Francisco Giants,Arizona Diamondbacks,8,5,657277,Logan Webb,605200,Zach Davies,1,2395
2023-06-24,717637,St. Louis Cardinals,Chicago Cubs,1,9,425794,Adam Wainwright,657006,Justin Steele,1,5381
2023-06-24,717628,Baltimore Orioles,Seattle Mariners,6,4,665152,Dean Kremer,682243,Bryce Miller,1,2
2023-06-24,717639,San Francisco Giants,Arizona Diamondbacks,7,6,676254,Ryan Walker,518876,Merrill Kelly,1,2395
2023-06-24,717635,Philadelphia Phillies,New York Mets,2,4,650911,Cristopher Sánchez,453286,Max Scherzer,1,2681
2023-06-24,717636,New York Yankees,Texas Rangers,1,0,622663,Luis Severino,592351,Jon Gray,1,3313
2023-06-24,717634,Toronto Blue Jays,Oakland Athletics,7,3,621244,José Berríos,660261,Shintaro Fujinami,1,14
2023-06-24,717632,Tampa Bay Rays,Kansas City Royals,4,9,630023,Yonny Chirinos,543475,Jordan Lyles,1,12
2023-06-24,717631,Cincinnati Reds,Atlanta Braves,6,7,668933,Graham Ashcraft,694363,Jared Shuster,1,2602
2023-06-24,717629,Chicago White Sox,Boston Red Sox,5,4,458681,Lance Lynn,572020,James Paxton,1,4
2023-06-24,717630,Miami Marlins,Pittsburgh Pirates,4,3,663773,Bryan Hoeing,674370,Osvaldo Bido,1,4169
2023-06-24,717625,Cleveland Guardians,Milwaukee Brewers,4,2,676440,Tanner Bibee,642547,Freddy Peralta,1,5
2023-06-24,717626,Los Angeles Dodgers,Houston Astros,8,7,676272,Bobby Miller,669854,Ronel Blanco,1,22
2023-06-24,717633,Detroit Tigers,Minnesota Twins,3,2,681857,Reese Olson,641154,Pablo López,1,2394
2023-06-24,717638,San Diego Padres,Washington Nationals,0,2,663362,Matt Waldron,680686,Josiah Gray,1,2680
2023-06-24,717640,Colorado Rockies,Los Angeles Angels,1,25,502624,Chase Anderson,656288,Griffin Canning,1,19
2023-06-25,717623,St. Louis Cardinals,Chicago Cubs,7,5,669461,Matthew Liberatore,573186,Marcus Stroman,1,5381
2023-06-25,717621,Detroit Tigers,Minnesota Twins,3,6,547179,Michael Lorenzen,641927,Bailey Ober,1,2394
2023-06-25,717627,Baltimore Orioles,Seattle Mariners,3,2,680694,Kyle Bradish,669923,George Kirby,1,2
2023-06-25,717624,Philadelphia Phillies,New York Mets,7,6,554430,Zack Wheeler,471911,Carlos Carrasco,1,2681
2023-06-25,717622,New York Yankees,Texas Rangers,5,3,543037,Gerrit Cole,543135,Nathan Eovaldi,1,3313
2023-06-25,717617,Toronto Blue Jays,Oakland Athletics,12,1,579328,Yusei Kikuchi,665622,Luis Medina,1,14
2023-06-25,717619,Tampa Bay Rays,Kansas City Royals,3,1,607192,Tyler Glasnow,663738,Daniel Lynch IV,1,12
2023-06-25,717618,Cincinnati Reds,Atlanta Braves,6,7,686651,Levi Stoudt,450203,Charlie Morton,1,2602
2023-06-25,717620,Miami Marlins,Pittsburgh Pirates,2,0,691587,Eury Pérez,670912,Johan Oviedo,1,4169
2023-06-25,717613,Cleveland Guardians,Milwaukee Brewers,4,5,650644,Aaron Civale,669203,Corbin Burnes,1,5
2023-06-25,717614,Chicago White Sox,Boston Red Sox,4,1,621383,Tanner Banks,676710,Kutter Crawford,1,4
2023-06-25,717616,Colorado Rockies,Los Angeles Angels,4,3,596295,Austin Gomber,542881,Tyler Anderson,1,19
2023-06-25,717612,San Francisco Giants,Arizona Diamondbacks,2,5,543101,Anthony DeSclafani,669194,Ryne Nelson,1,2395
2023-06-25,717610,San Diego Padres,Washington Nationals,3,8,607625,Seth Lugo,669022,MacKenzie Gore,1,2680
2023-06-25,717615,Los Angeles Dodgers,Houston Astros,5,6,664062,Tony Gonsolin,686613,Hunter Brown,1,22
2023-06-26,717611,Baltimore Orioles,Cincinnati Reds,10,3,608344,Cole Irvin,682227,Brandon Williamson,1,2
2023-06-26,717607,New York Mets,Milwaukee Brewers,1,2,434378,Justin Verlander,607067,Colin Rea,1,3289
2023-06-26,717609,Atlanta Braves,Minnesota Twins,4,1,675911,Spencer Strider,543243,Sonny Gray,1,4705
2023-06-26,717606,Texas Rangers,Detroit Tigers,2,7,571760,Andrew Heaney,571510,Matthew Boyd,1,5325
2023-06-26,717608,Los Angeles Angels,Chicago White Sox,2,1,672282,Reid Detmers,656302,Dylan Cease,1,1
2023-06-26,717602,Seattle Mariners,Washington Nationals,8,4,622491,Luis Castillo,592866,Trevor Williams,1,680
2023-06-27,717601,Baltimore Orioles,Cincinnati Reds,1,3,669330,Tyler Wells,671096,Andrew Abbott,1,2
2023-06-27,717603,Pittsburgh Pirates,San Diego Padres,9,4,448179,Rich Hill,663753,Reiss Knehr,1,31
2023-06-27,717604,Toronto Blue Jays,San Francisco Giants,0,3,592332,Kevin Gausman,676254,Ryan Walker,1,14
2023-06-27,717605,Boston Red Sox,Miami Marlins,1,10,676477,Garrett Whitlock,645261,Sandy Alcantara,1,3
2023-06-27,717597,New York Mets,Milwaukee Brewers,7,2,656849,David Peterson,527054,Julio Teheran,1,3289
2023-06-27,717600,Atlanta Braves,Minnesota Twins,6,2,693821,Bryce Elder,657746,Joe Ryan,1,4705
2023-06-27,717598,St. Louis Cardinals,Houston Astros,4,2,656756,Jordan Montgomery,664285,Framber Valdez,1,2889
2023-06-27,717599,Texas Rangers,Detroit Tigers,8,3,527048,Martín Pérez,666159,Matt Manning,1,5325
2023-06-27,717596,Chicago Cubs,Philadelphia Phillies,1,5,592791,Jameson Taillon,624133,Ranger Suarez,1,17
2023-06-27,717591,Kansas City Royals,Cleveland Guardians,1,2,663903,Brady Singer,668909,Gavin Williams,1,7
2023-06-27,717594,Colorado Rockies,Los Angeles Dodgers,0,5,657756,Connor Seabold,477132,Clayton Kershaw,1,19
2023-06-27,717592,Los Angeles Angels,Chicago White Sox,4,2,660271,Shohei Ohtani,656629,Michael Kopech,1,1
2023-06-27,717590,Seattle Mariners,Washington Nationals,4,7,693433,Bryan Woo,663623,Jake Irvin,1,680
2023-06-27,717593,Arizona Diamondbacks,Tampa Bay Rays,8,4,668678,Zac Gallen,671737,Taj Bradley,1,15
2023-06-27,717595,Oakland Athletics,New York Yankees,2,1,621112,Paul Blackburn,666745,Jhony Brito,1,10
2023-06-28,717588,Atlanta Braves,Minnesota Twins,3,0,663465,Kolby Allard,628317,Kenta Maeda,1,4705
2023-06-28,717587,Seattle Mariners,Washington Nationals,1,4,669302,Logan Gilbert,571578,Patrick Corbin,1,680
2023-06-28,717589,Baltimore Orioles,Cincinnati Reds,7,11,502043,Kyle Gibson,596133,Luke Weaver,1,2
2023-06-28,717585,Pittsburgh Pirates,San Diego Padres,7,1,656605,Mitch Keller,605483,Blake Snell,1,31
2023-06-28,717586,Toronto Blue Jays,San Francisco Giants,6,1,670950,Trevor Richards,657277,Logan Webb,1,14
2023-06-28,717583,Boston Red Sox,Miami Marlins,2,6,672391,Kaleb Ort,666129,Braxton Garrett,1,3
2023-06-28,717581,New York Mets,Milwaukee Brewers,2,5,673540,Kodai Senga,489119,Wade Miley,1,3289
2023-06-28,717582,St. Louis Cardinals,Houston Astros,7,10,571945,Miles Mikolas,664299,Cristian Javier,1,2889
2023-06-28,717580,Texas Rangers,Detroit Tigers,10,2,641540,Dane Dunning,666214,Joey Wentz,1,5325
2023-06-28,717584,Chicago Cubs,Philadelphia Phillies,5,8,592767,Drew Smyly,605400,Aaron Nola,1,17
2023-06-28,717577,Kansas City Royals,Cleveland Guardians,1,14,680735,Austin Cox,671106,Logan Allen,1,7
2023-06-28,717578,Colorado Rockies,Los Angeles Dodgers,9,8,607536,Kyle Freeland,675627,Michael Grove,1,19
2023-06-28,717576,Los Angeles Angels,Chicago White Sox,5,11,642545,Jaime Barria,608337,Lucas Giolito,1,1
2023-06-28,717575,Arizona Diamondbacks,Tampa Bay Rays,2,3,605200,Zach Davies,621107,Zach Eflin,1,15
2023-06-28,717579,Oakland Athletics,New York Yankees,0,11,676664,JP Sears,593334,Domingo Germán,1,10
2023-06-29,717571,Pittsburgh Pirates,San Diego Padres,5,4,682847,Luis Ortiz,605397,Joe Musgrove,1,31
2023-06-29,717570,Texas Rangers,Detroit Tigers,5,8,674003,Cody Bradford,681857,Reese Olson,1,5325
2023-06-29,717573,Kansas City Royals,Cleveland Guardians,4,3,425844,Zack Greinke,669456,Shane Bieber,1,7
2023-06-29,717574,Oakland Athletics,New York Yankees,4,10,663687,Hogan Harris,657376,Clarke Schmidt,1,10
2023-06-29,717568,Arizona Diamondbacks,Tampa Bay Rays,1,6,694297,Brandon Pfaadt,641793,Zack Littell,1,15
2023-06-29,717560,Los Angeles Angels,Chicago White Sox,7,9,663776,Patrick Sandoval,458681,Lance Lynn,1,1
2023-06-29,717569,Boston Red Sox,Miami Marlins,0,2,678394,Brayan Bello,666200,Jesús Luzardo,1,3
2023-06-29,717564,Toronto Blue Jays,San Francisco Giants,2,1,605135,Chris Bassitt,676775,Keaton Winn,1,14
2023-06-29,717565,New York Mets,Milwaukee Brewers,2,3,453286,Max Scherzer,605288,Adrian Houser,1,3289
2023-06-29,717566,St. Louis Cardinals,Houston Astros,0,14,425794,Adam Wainwright,641585,J.P. France,1,2889
2023-06-29,717567,Chicago Cubs,Philadelphia Phillies,1,3,543294,Kyle Hendricks,592836,Taijuan Walker,1,17
2023-06-29,717572,Colorado Rockies,Los Angeles Dodgers,3,14,502624,Chase Anderson,686218,Emmet Sheehan,1,19
2023-06-30,717559,Chicago Cubs,Cleveland Guardians,10,1,657006,Justin Steele,615698,Cal Quantrill,1,17
2023-06-30,717557,Cincinnati Reds,San Diego Padres,7,5,668933,Graham Ashcraft,607625,Seth Lugo,1,2602
2023-06-30,717563,Philadelphia Phillies,Washington Nationals,1,2,650911,Cristopher Sánchez,680686,Josiah Gray,1,2681
2023-06-30,717561,Baltimore Orioles,Minnesota Twins,1,8,665152,Dean Kremer,641154,Pablo López,1,2
2023-06-30,717562,Pittsburgh Pirates,Milwaukee Brewers,8,7,674370,Osvaldo Bido,642547,Freddy Peralta,1,31
2023-06-30,717555,Toronto Blue Jays,Boston Red Sox,0,5,621244,José Berríos,572020,James Paxton,1,14
2023-06-30,717556,New York Mets,San Francisco Giants,4,5,471911,Carlos Carrasco,502171,Alex Cobb,1,3289
2023-06-30,717558,Atlanta Braves,Miami Marlins,16,4,647336,Michael Soroka,663773,Bryan Hoeing,1,4705
2023-06-30,717554,Texas Rangers,Houston Astros,3,5,592351,Jon Gray,669854,Ronel Blanco,1,5325
2023-06-30,717552,Colorado Rockies,Detroit Tigers,8,5,596295,Austin Gomber,547179,Michael Lorenzen,1,19
2023-06-30,717553,Kansas City Royals,Los Angeles Dodgers,3,9,679525,Alec Marsh,676272,Bobby Miller,1,7
2023-06-30,717549,Los Angeles Angels,Arizona Diamondbacks,2,6,656288,Griffin Canning,674072,Tommy Henry,1,1
2023-06-30,717551,Oakland Athletics,Chicago White Sox,7,4,665622,Luis Medina,621383,Tanner Banks,1,10
2023-06-30,717548,Seattle Mariners,Tampa Bay Rays,4,15,682243,Bryce Miller,663556,Shane McClanahan,1,680
2023-07-01,717539,Cincinnati Reds,San Diego Padres,5,12,682227,Brandon Williamson,608379,Michael Wacha,1,2602
2023-07-01,717545,St. Louis Cardinals,New York Yankees,11,4,656427,Jack Flaherty,622663,Luis Severino,1,2889
2023-07-01,717550,St. Louis Cardinals,New York Yankees,2,6,669461,Matthew Liberatore,641656,Ian Hamilton,2,2889
2023-07-01,717547,Toronto Blue Jays,Boston Red Sox,6,7,579328,Yusei Kikuchi,676710,Kutter Crawford,1,14
2023-07-01,717542,Texas Rangers,Houston Astros,5,2,543135,Nathan Eovaldi,686613,Hunter Brown,1,5325
2023-07-01,717541,Baltimore Orioles,Minnesota Twins,0,1,680694,Kyle Bradish,641927,Bailey Ober,1,2
2023-07-01,717543,Philadelphia Phillies,Washington Nationals,19,4,554430,Zack Wheeler,669022,MacKenzie Gore,1,2681
2023-07-01,717540,Pittsburgh Pirates,Milwaukee Brewers,8,11,670912,Johan Oviedo,669203,Corbin Burnes,1,31
2023-07-01,717538,Oakland Athletics,Chicago White Sox,7,6,666205,Kyle Muller,656302,Dylan Cease,1,10
2023-07-01,717535,New York Mets,San Francisco Giants,4,1,434378,Justin Verlander,543101,Anthony DeSclafani,1,3289
2023-07-01,717536,Atlanta Braves,Miami Marlins,7,0,450203,Charlie Morton,691587,Eury Pérez,1,4705
2023-07-01,717546,Chicago Cubs,Cleveland Guardians,0,6,573186,Marcus Stroman,676440,Tanner Bibee,1,17
2023-07-01,717537,Kansas City Royals,Los Angeles Dodgers,6,4,663738,Daniel Lynch IV,628711,Julio Urías,1,7
2023-07-01,717534,Seattle Mariners,Tampa Bay Rays,8,3,669923,George Kirby,607192,Tyler Glasnow,1,680
2023-07-01,717544,Colorado Rockies,Detroit Tigers,2,4,663567,Peter Lambert,686839,Brendan White,1,19
2023-07-01,717533,Los Angeles Angels,Arizona Diamondbacks,1,3,542881,Tyler Anderson,669194,Ryne Nelson,1,1
2023-07-02,717529,Baltimore Orioles,Minnesota Twins,2,1,608344,Cole Irvin,543243,Sonny Gray,1,2
2023-07-02,717528,Philadelphia Phillies,Washington Nationals,4,5,624133,Ranger Suarez,592866,Trevor Williams,1,2681
2023-07-02,717532,Atlanta Braves,Miami Marlins,6,3,675911,Spencer Strider,645261,Sandy Alcantara,1,4705
2023-07-02,717531,Pittsburgh Pirates,Milwaukee Brewers,3,6,448179,Rich Hill,607067,Colin Rea,1,31
2023-07-02,717530,Toronto Blue Jays,Boston Red Sox,4,5,592332,Kevin Gausman,676477,Garrett Whitlock,1,14
2023-07-02,717526,Cincinnati Reds,San Diego Padres,4,3,671096,Andrew Abbott,670970,Adrian Morejon,1,2602
2023-07-02,717527,Kansas City Royals,Los Angeles Dodgers,9,1,663903,Brady Singer,664062,Tony Gonsolin,1,7
2023-07-02,717524,St. Louis Cardinals,New York Yankees,5,1,656756,Jordan Montgomery,543037,Gerrit Cole,1,2889
2023-07-02,717520,Texas Rangers,Houston Astros,3,5,571760,Andrew Heaney,681869,Shawn Dubin,1,5325
2023-07-02,717523,Colorado Rockies,Detroit Tigers,9,14,657756,Connor Seabold,666159,Matt Manning,1,19
2023-07-02,717522,Los Angeles Angels,Arizona Diamondbacks,5,2,672282,Reid Detmers,668678,Zac Gallen,1,1
2023-07-02,717518,Oakland Athletics,Chicago White Sox,7,8,621112,Paul Blackburn,657053,Touki Toussaint,1,10
2023-07-02,717519,Seattle Mariners,Tampa Bay Rays,7,6,622491,Luis Castillo,671737,Taj Bradley,1,680
2023-07-02,717521,Chicago Cubs,Cleveland Guardians,6,8,592791,Jameson Taillon,650644,Aaron Civale,1,17
2023-07-02,717525,New York Mets,San Francisco Giants,8,4,656849,David Peterson,548389,Ross Stripling,1,3289
2023-07-03,717514,Texas Rangers,Houston Astros,11,12,527048,Martín Pérez,664299,Cristian Javier,1,5325
2023-07-03,717511,Milwaukee Brewers,Chicago Cubs,8,6,527054,Julio Teheran,592767,Drew Smyly,1,32
2023-07-03,717517,Washington Nationals,Cincinnati Reds,2,3,663623,Jake Irvin,596133,Luke Weaver,1,3309
2023-07-03,717515,Miami Marlins,St. Louis Cardinals,5,4,666129,Braxton Garrett,571945,Miles Mikolas,1,4169
2023-07-03,717513,New York Yankees,Baltimore Orioles,6,3,593334,Domingo Germán,669330,Tyler Wells,1,3313
2023-07-03,717512,Cleveland Guardians,Atlanta Braves,2,4,668909,Gavin Williams,693821,Bryce Elder,1,5
2023-07-03,717510,Minnesota Twins,Kansas City Royals,8,4,657746,Joe Ryan,680735,Austin Cox,1,3312
2023-07-03,717505,San Diego Padres,Los Angeles Angels,10,3,605483,Blake Snell,642545,Jaime Barria,1,2680
2023-07-03,717516,San Francisco Giants,Seattle Mariners,5,6,657277,Logan Webb,693433,Bryan Woo,1,2395
2023-07-03,717506,Los Angeles Dodgers,Pittsburgh Pirates,5,2,675627,Michael Grove,656605,Mitch Keller,1,22
2023-07-04,717507,Washington Nationals,Cincinnati Reds,4,8,571578,Patrick Corbin,664028,Brett Kennedy,1,3309
2023-07-04,717508,New York Yankees,Baltimore Orioles,8,4,657376,Clarke Schmidt,502043,Kyle Gibson,1,3313
2023-07-04,717502,Miami Marlins,St. Louis Cardinals,15,2,666200,Jesús Luzardo,425794,Adam Wainwright,1,4169
2023-07-04,717501,Boston Red Sox,Texas Rangers,2,6,657514,Brennan Bernardino,641540,Dane Dunning,1,3
2023-07-04,717500,Minnesota Twins,Kansas City Royals,9,3,628317,Kenta Maeda,425844,Zack Greinke,1,3312
2023-07-04,717504,Houston Astros,Colorado Rockies,4,1,656232,Brandon Bielak,607536,Kyle Freeland,1,2392
2023-07-04,717498,Arizona Diamondbacks,New York Mets,5,8,605200,Zach Davies,453286,Max Scherzer,1,15
2023-07-04,717499,Tampa Bay Rays,Philadelphia Phillies,1,3,621107,Zach Eflin,605400,Aaron Nola,1,12
2023-07-04,717503,Milwaukee Brewers,Chicago Cubs,6,7,489119,Wade Miley,543294,Kyle Hendricks,1,32
2023-07-04,717509,San Francisco Giants,Seattle Mariners,0,6,676775,Keaton Winn,669302,Logan Gilbert,1,2395
2023-07-04,717494,Detroit Tigers,Oakland Athletics,0,1,669373,Tarik Skubal,676664,JP Sears,1,2394
2023-07-04,717497,San Diego Padres,Los Angeles Angels,8,5,605397,Joe Musgrove,660271,Shohei Ohtani,1,2680
2023-07-04,717495,Cleveland Guardians,Atlanta Braves,6,5,669456,Shane Bieber,663465,Kolby Allard,1,5
2023-07-04,717496,Chicago White Sox,Toronto Blue Jays,3,4,608337,Lucas Giolito,605135,Chris Bassitt,1,4
2023-07-04,717492,Los Angeles Dodgers,Pittsburgh Pirates,7,9,686218,Emmet Sheehan,682847,Luis Ortiz,1,22
2023-07-05,717489,Houston Astros,Colorado Rockies,6,4,641585,J.P. France,502624,Chase Anderson,1,2392
2023-07-05,717485,Detroit Tigers,Oakland Athletics,3,12,593958,Eduardo Rodriguez,643493,Austin Pruitt,1,2394
2023-07-05,717491,Tampa Bay Rays,Philadelphia Phillies,4,8,641793,Zack Littell,592836,Taijuan Walker,1,12
2023-07-05,717488,Miami Marlins,St. Louis Cardinals,10,9,663773,Bryan Hoeing,669461,Matthew Liberatore,1,4169
2023-07-05,717493,Washington Nationals,Cincinnati Reds,2,9,680686,Josiah Gray,668933,Graham Ashcraft,1,3309
2023-07-05,717487,New York Yankees,Baltimore Orioles,3,6,681190,Randy Vásquez,665152,Dean Kremer,1,3313
2023-07-05,717484,Boston Red Sox,Texas Rangers,4,2,678394,Brayan Bello,592351,Jon Gray,1,3
2023-07-05,717486,Cleveland Guardians,Atlanta Braves,1,8,615698,Cal Quantrill,647336,Michael Soroka,1,5
2023-07-05,717482,Minnesota Twins,Kansas City Royals,5,0,641154,Pablo López,679525,Alec Marsh,1,3312
2023-07-05,717483,Milwaukee Brewers,Chicago Cubs,3,4,605288,Adrian Houser,657006,Justin Steele,1,32
2023-07-05,717478,San Diego Padres,Los Angeles Angels,5,3,607625,Seth Lugo,663776,Patrick Sandoval,1,2680
2023-07-05,717490,San Francisco Giants,Seattle Mariners,2,0,502171,Alex Cobb,543548,Tommy Milone,1,2395
2023-07-05,717477,Arizona Diamondbacks,New York Mets,1,2,674072,Tommy Henry,673540,Kodai Senga,1,15
2023-07-05,717479,Los Angeles Dodgers,Pittsburgh Pirates,6,4,676272,Bobby Miller,674370,Osvaldo Bido,1,22
2023-07-06,717481,Washington Nationals,Cincinnati Reds,4,5,669022,MacKenzie Gore,682227,Brandon Williamson,1,3309
2023-07-06,717476,Detroit Tigers,Oakland Athletics,9,0,547179,Michael Lorenzen,663687,Hogan Harris,1,2394
2023-07-06,717474,Milwaukee Brewers,Chicago Cubs,6,5,642547,Freddy Peralta,573186,Marcus Stroman,1,32
2023-07-06,717468,Chicago White Sox,Toronto Blue Jays,2,6,458681,Lance Lynn,621244,José Berríos,1,4
2023-07-06,717480,Chicago White Sox,Toronto Blue Jays,4,5,669947,Jesse Scholtens,579328,Yusei Kikuchi,2,4
2023-07-06,717472,Tampa Bay Rays,Philadelphia Phillies,1,3,542888,Shawn Armstrong,650911,Cristopher Sánchez,1,12
2023-07-06,717473,Miami Marlins,St. Louis Cardinals,0,3,691587,Eury Pérez,656427,Jack Flaherty,1,4169
2023-07-06,717475,New York Yankees,Baltimore Orioles,1,14,622663,Luis Severino,680694,Kyle Bradish,1,3313
2023-07-06,717469,Cleveland Guardians,Kansas City Royals,6,1,676440,Tanner Bibee,543475,Jordan Lyles,1,5
2023-07-06,717471,Boston Red Sox,Texas Rangers,10,6,676710,Kutter Crawford,543135,Nathan Eovaldi,1,3
2023-07-06,717467,Houston Astros,Seattle Mariners,1,5,669854,Ronel Blanco,669923,George Kirby,1,2392
2023-07-06,717470,Arizona Diamondbacks,New York Mets,0,9,669194,Ryne Nelson,471911,Carlos Carrasco,1,15
2023-07-06,717462,Los Angeles Dodgers,Pittsburgh Pirates,5,2,628711,Julio Urías,670912,Johan Oviedo,1,22
2023-07-07,717457,Detroit Tigers,Toronto Blue Jays,2,12,656412,Alex Faedo,666201,Alek Manoah,1,2394
2023-07-07,717460,Tampa Bay Rays,Atlanta Braves,1,2,607192,Tyler Glasnow,450203,Charlie Morton,1,12
2023-07-07,717466,Miami Marlins,Philadelphia Phillies,3,4,645261,Sandy Alcantara,554430,Zack Wheeler,1,4169
2023-07-07,717465,Washington Nationals,Texas Rangers,2,7,592866,Trevor Williams,674003,Cody Bradford,1,3309
2023-07-07,717464,New York Yankees,Chicago Cubs,0,3,607074,Carlos Rodón,592791,Jameson Taillon,1,3313
2023-07-07,717463,Cleveland Guardians,Kansas City Royals,3,0,650644,Aaron Civale,663738,Daniel Lynch IV,1,5
2023-07-07,717461,Boston Red Sox,Oakland Athletics,7,3,657514,Brennan Bernardino,669674,Sam Long,1,3
2023-07-07,717453,Houston Astros,Seattle Mariners,1,10,686613,Hunter Brown,622491,Luis Castillo,1,2392
2023-07-07,717458,Minnesota Twins,Baltimore Orioles,1,3,641927,Bailey Ober,608344,Cole Irvin,1,3312
2023-07-07,717455,Chicago White Sox,St. Louis Cardinals,8,7,656302,Dylan Cease,656756,Jordan Montgomery,1,4
2023-07-07,717459,Milwaukee Brewers,Cincinnati Reds,7,3,669203,Corbin Burnes,671096,Andrew Abbott,1,32
2023-07-07,717452,Arizona Diamondbacks,Pittsburgh Pirates,7,3,668678,Zac Gallen,448179,Rich Hill,1,15
2023-07-07,717454,San Diego Padres,New York Mets,5,7,506433,Yu Darvish,434378,Justin Verlander,1,2680
2023-07-07,717456,Los Angeles Dodgers,Los Angeles Angels,11,4,664062,Tony Gonsolin,656288,Griffin Canning,1,22
2023-07-07,717448,San Francisco Giants,Colorado Rockies,2,5,548389,Ross Stripling,596295,Austin Gomber,1,2395
2023-07-08,717447,New York Yankees,Chicago Cubs,6,3,543037,Gerrit Cole,592767,Drew Smyly,1,3313
2023-07-08,717442,Detroit Tigers,Toronto Blue Jays,2,0,666159,Matt Manning,592332,Kevin Gausman,1,2394
2023-07-08,717446,Minnesota Twins,Baltimore Orioles,2,6,543243,Sonny Gray,669330,Tyler Wells,1,3312
2023-07-08,717445,Chicago White Sox,St. Louis Cardinals,0,3,657053,Touki Toussaint,571945,Miles Mikolas,1,4
2023-07-08,717451,San Francisco Giants,Colorado Rockies,5,3,676254,Ryan Walker,657756,Connor Seabold,1,2395
2023-07-08,717450,Washington Nationals,Texas Rangers,8,3,663623,Jake Irvin,571760,Andrew Heaney,1,3309
2023-07-08,717443,Cleveland Guardians,Kansas City Royals,10,6,668909,Gavin Williams,663903,Brady Singer,1,5
2023-07-08,717449,Boston Red Sox,Oakland Athletics,10,3,572020,James Paxton,643493,Austin Pruitt,1,3
2023-07-08,717439,Arizona Diamondbacks,Pittsburgh Pirates,3,2,669459,Kyle Nelson,656605,Mitch Keller,1,15
2023-07-08,717438,Miami Marlins,Philadelphia Phillies,5,3,666129,Braxton Garrett,624133,Ranger Suarez,1,4169
2023-07-08,717444,Milwaukee Brewers,Cincinnati Reds,5,8,607067,Colin Rea,596133,Luke Weaver,1,32
2023-07-08,717440,Houston Astros,Seattle Mariners,3,2,664285,Framber Valdez,693433,Bryan Woo,1,2392
2023-07-08,717441,Tampa Bay Rays,Atlanta Braves,1,6,671737,Taj Bradley,675911,Spencer Strider,1,12
2023-07-08,717437,Los Angeles Dodgers,Los Angeles Angels,10,5,681911,Alex Vesia,672282,Reid Detmers,1,22
2023-07-08,717436,San Diego Padres,New York Mets,3,1,605483,Blake Snell,656849,David Peterson,1,2680
2023-07-09,717432,Washington Nationals,Texas Rangers,7,2,571578,Patrick Corbin,641540,Dane Dunning,1,3309
2023-07-09,717435,Boston Red Sox,Oakland Athletics,4,3,605463,Tayler Scott,676664,JP Sears,1,3
2023-07-09,717433,New York Yankees,Chicago Cubs,4,7,593334,Domingo Germán,543294,Kyle Hendricks,1,3313
2023-07-09,717434,Cleveland Guardians,Kansas City Royals,1,4,669456,Shane Bieber,642232,Ryan Yarbrough,1,5
2023-07-09,717431,Detroit Tigers,Toronto Blue Jays,3,4,669373,Tarik Skubal,605135,Chris Bassitt,1,2394
2023-07-09,717429,Tampa Bay Rays,Atlanta Braves,10,4,621107,Zach Eflin,693821,Bryce Elder,1,12
2023-07-09,717426,Miami Marlins,Philadelphia Phillies,7,3,666200,Jesús Luzardo,605400,Aaron Nola,1,4169
2023-07-09,717430,Houston Astros,Seattle Mariners,1,3,656232,Brandon Bielak,669302,Logan Gilbert,1,2392
2023-07-09,717428,Minnesota Twins,Baltimore Orioles,2,15,657746,Joe Ryan,502043,Kyle Gibson,1,3312
2023-07-09,717424,Chicago White Sox,St. Louis Cardinals,3,4,608337,Lucas Giolito,571927,Steven Matz,1,4
2023-07-09,717427,Milwaukee Brewers,Cincinnati Reds,1,0,489119,Wade Miley,,,1,32
2023-07-09,717422,San Francisco Giants,Colorado Rockies,1,0,657277,Logan Webb,607536,Kyle Freeland,1,2395
2023-07-09,717425,Arizona Diamondbacks,Pittsburgh Pirates,2,4,605200,Zach Davies,669387,Carmen Mlodzinski,1,15
2023-07-09,717423,San Diego Padres,New York Mets,6,2,605397,Joe Musgrove,453286,Max Scherzer,1,2680
2023-07-14,717418,Philadelphia Phillies,San Diego Padres,3,8,650911,Cristopher Sánchez,506433,Yu Darvish,1,2681
2023-07-14,717416,Pittsburgh Pirates,San Francisco Giants,4,6,448179,Rich Hill,548389,Ross Stripling,1,31
2023-07-14,717407,St. Louis Cardinals,Washington Nationals,5,7,571945,Miles Mikolas,592866,Trevor Williams,1,2889
2023-07-14,717417,Baltimore Orioles,Miami Marlins,5,2,665152,Dean Kremer,645261,Sandy Alcantara,1,2
2023-07-14,717420,Toronto Blue Jays,Arizona Diamondbacks,7,2,621244,José Berríos,669194,Ryne Nelson,1,14
2023-07-14,717413,New York Mets,Los Angeles Dodgers,0,6,434378,Justin Verlander,628711,Julio Urías,1,3289
2023-07-14,717412,Cincinnati Reds,Milwaukee Brewers,0,1,668933,Graham Ashcraft,669203,Corbin Burnes,1,2602
2023-07-14,717414,Atlanta Braves,Chicago White Sox,9,0,450203,Charlie Morton,656629,Michael Kopech,1,4705
2023-07-14,717419,Chicago Cubs,Boston Red Sox,3,8,543294,Kyle Hendricks,678394,Brayan Bello,1,17
2023-07-14,717415,Texas Rangers,Cleveland Guardians,12,4,592351,Jon Gray,650644,Aaron Civale,1,5325
2023-07-14,717410,Colorado Rockies,New York Yankees,7,2,596295,Austin Gomber,607074,Carlos Rodón,1,19
2023-07-14,717405,Los Angeles Angels,Houston Astros,5,7,660271,Shohei Ohtani,641585,J.P. France,1,1
2023-07-14,717409,Oakland Athletics,Minnesota Twins,4,5,686610,Ken Waldichuk,628317,Kenta Maeda,1,10
2023-07-14,717406,Seattle Mariners,Detroit Tigers,4,5,622491,Luis Castillo,593958,Eduardo Rodriguez,1,680
2023-07-15,717408,Philadelphia Phillies,San Diego Padres,6,4,624133,Ranger Suarez,605483,Blake Snell,1,2681
2023-07-15,717397,Philadelphia Phillies,San Diego Padres,9,4,592836,Taijuan Walker,677960,Ryan Weathers,2,2681
2023-07-15,717411,Kansas City Royals,Tampa Bay Rays,1,6,679525,Alec Marsh,607192,Tyler Glasnow,1,7
2023-07-15,717393,Kansas City Royals,Tampa Bay Rays,2,4,666142,Cole Ragans,542888,Shawn Armstrong,2,7
2023-07-14,717407,St. Louis Cardinals,Washington Nationals,5,7,571945,Miles Mikolas,592866,Trevor Williams,1,2889
2023-07-15,717403,Chicago Cubs,Boston Red Sox,10,4,573186,Marcus Stroman,572020,James Paxton,1,17
2023-07-15,717404,Toronto Blue Jays,Arizona Diamondbacks,5,2,605135,Chris Bassitt,668678,Zac Gallen,1,14
2023-07-15,717402,Texas Rangers,Cleveland Guardians,2,0,571760,Andrew Heaney,668909,Gavin Williams,1,5325
2023-07-15,717398,Pittsburgh Pirates,San Francisco Giants,1,3,670912,Johan Oviedo,502171,Alex Cobb,1,31
2023-07-15,717401,Baltimore Orioles,Miami Marlins,6,5,502043,Kyle Gibson,666129,Braxton Garrett,1,2
2023-07-15,717399,Oakland Athletics,Minnesota Twins,7,10,643493,Austin Pruitt,641154,Pablo López,1,10
2023-07-15,717392,Cincinnati Reds,Milwaukee Brewers,0,3,671096,Andrew Abbott,642547,Freddy Peralta,1,2602
2023-07-15,717400,New York Mets,Los Angeles Dodgers,1,5,673540,Kodai Senga,664062,Tony Gonsolin,1,3289
2023-07-15,717396,St. Louis Cardinals,Washington Nationals,9,6,571927,Steven Matz,663623,Jake Irvin,1,2889
2023-07-15,717395,Atlanta Braves,Chicago White Sox,5,6,675911,Spencer Strider,458681,Lance Lynn,1,4705
2023-07-15,717394,Colorado Rockies,New York Yankees,3,6,657756,Connor Seabold,657376,Clarke Schmidt,1,19
2023-07-15,717389,Los Angeles Angels,Houston Astros,13,12,672282,Reid Detmers,664285,Framber Valdez,1,1
2023-07-15,717390,Seattle Mariners,Detroit Tigers,0,6,669923,George Kirby,547179,Michael Lorenzen,1,680
2023-07-16,717388,Pittsburgh Pirates,San Francisco Giants,4,8,674370,Osvaldo Bido,622072,Alex Wood,1,31
2023-07-16,717387,Philadelphia Phillies,San Diego Padres,7,6,554430,Zack Wheeler,607625,Seth Lugo,1,2681
2023-07-16,717391,Atlanta Braves,Chicago White Sox,1,8,663465,Kolby Allard,656302,Dylan Cease,1,4705
2023-07-16,717384,Baltimore Orioles,Miami Marlins,5,4,680694,Kyle Bradish,595345,Steven Okert,1,2
2023-07-16,717386,Toronto Blue Jays,Arizona Diamondbacks,7,5,579328,Yusei Kikuchi,674072,Tommy Henry,1,14
2023-07-16,717383,Cincinnati Reds,Milwaukee Brewers,3,4,594902,Ben Lively,605288,Adrian Houser,1,2602
2023-07-16,717382,Kansas City Royals,Tampa Bay Rays,8,4,663903,Brady Singer,621107,Zach Eflin,1,7
2023-07-16,717380,St. Louis Cardinals,Washington Nationals,8,4,656427,Jack Flaherty,680686,Josiah Gray,1,2889
2023-07-16,717376,Chicago Cubs,Boston Red Sox,5,11,657006,Justin Steele,676710,Kutter Crawford,1,17
2023-07-16,717377,Texas Rangers,Cleveland Guardians,6,5,527048,Martín Pérez,676440,Tanner Bibee,1,5325
2023-07-16,717378,Colorado Rockies,New York Yankees,8,7,502624,Chase Anderson,543037,Gerrit Cole,1,19
2023-07-16,717379,Oakland Athletics,Minnesota Twins,4,5,676664,JP Sears,657746,Joe Ryan,1,10
2023-07-16,717373,Seattle Mariners,Detroit Tigers,2,0,682243,Bryce Miller,681857,Reese Olson,1,680
2023-07-16,717385,New York Mets,Los Angeles Dodgers,2,1,453286,Max Scherzer,676272,Bobby Miller,1,3289
2023-07-16,717381,Los Angeles Angels,Houston Astros,8,9,542881,Tyler Anderson,664299,Cristian Javier,1,1
2023-07-17,717372,Baltimore Orioles,Los Angeles Dodgers,4,6,680570,Grayson Rodriguez,686218,Emmet Sheehan,1,2
2023-07-17,717371,Pittsburgh Pirates,Cleveland Guardians,0,11,682990,Quinn Priester,675540,Xzavion Curry,1,31
2023-07-17,717375,Cincinnati Reds,San Francisco Giants,2,4,682227,Brandon Williamson,657277,Logan Webb,1,2602
2023-07-17,717374,St. Louis Cardinals,Miami Marlins,6,4,571945,Miles Mikolas,666200,Jesús Luzardo,1,2889
2023-07-17,717370,Chicago Cubs,Washington Nationals,5,7,592767,Drew Smyly,669022,MacKenzie Gore,1,17
2023-07-17,717367,Texas Rangers,Tampa Bay Rays,3,2,641540,Dane Dunning,663556,Shane McClanahan,1,5325
2023-07-17,717368,Kansas City Royals,Detroit Tigers,2,3,543475,Jordan Lyles,666159,Matt Manning,1,7
2023-07-17,717369,Los Angeles Angels,New York Yankees,4,3,656288,Griffin Canning,622663,Luis Severino,1,1
2023-07-17,717366,Oakland Athletics,Boston Red Sox,0,7,621112,Paul Blackburn,657514,Brennan Bernardino,1,10
2023-07-17,717365,Seattle Mariners,Minnesota Twins,7,6,669302,Logan Gilbert,543243,Sonny Gray,1,680
2023-07-17,717375,Cincinnati Reds,San Francisco Giants,2,4,682227,Brandon Williamson,657277,Logan Webb,1,2602
2023-07-18,717363,Philadelphia Phillies,Milwaukee Brewers,4,3,605400,Aaron Nola,527054,Julio Teheran,1,2681
2023-07-18,717361,Baltimore Orioles,Los Angeles Dodgers,3,10,669330,Tyler Wells,675627,Michael Grove,1,2
2023-07-18,717364,Pittsburgh Pirates,Cleveland Guardians,1,10,656605,Mitch Keller,671106,Logan Allen,1,31
2023-07-18,717362,Toronto Blue Jays,San Diego Padres,1,9,666201,Alek Manoah,605397,Joe Musgrove,1,14
2023-07-18,717359,New York Mets,Chicago White Sox,11,10,471911,Carlos Carrasco,608337,Lucas Giolito,1,3289
2023-07-18,717358,Atlanta Braves,Arizona Diamondbacks,13,16,693821,Bryce Elder,605200,Zach Davies,1,4705
2023-07-18,717357,St. Louis Cardinals,Miami Marlins,5,2,656756,Jordan Montgomery,665795,Edward Cabrera,1,2889
2023-07-18,717353,Chicago Cubs,Washington Nationals,17,3,592791,Jameson Taillon,571578,Patrick Corbin,1,17
2023-07-18,717354,Texas Rangers,Tampa Bay Rays,5,3,543135,Nathan Eovaldi,671737,Taj Bradley,1,5325
2023-07-18,717356,Kansas City Royals,Detroit Tigers,11,10,663738,Daniel Lynch IV,669373,Tarik Skubal,1,7
2023-07-18,717355,Colorado Rockies,Houston Astros,4,3,656234,Jake Bird,686613,Hunter Brown,1,19
2023-07-18,717352,Los Angeles Angels,New York Yankees,5,1,663776,Patrick Sandoval,593334,Domingo Germán,1,1
2023-07-18,717349,Oakland Athletics,Boston Red Sox,3,0,665622,Luis Medina,682175,Joe Jacques,1,10
2023-07-18,717350,Seattle Mariners,Minnesota Twins,3,10,693433,Bryan Woo,641927,Bailey Ober,1,680
2023-07-18,717360,Cincinnati Reds,San Francisco Giants,10,11,596133,Luke Weaver,543101,Anthony DeSclafani,1,2602
2023-07-19,717348,Pittsburgh Pirates,Cleveland Guardians,7,5,448179,Rich Hill,650644,Aaron Civale,1,31
2023-07-19,717343,Baltimore Orioles,Los Angeles Dodgers,8,5,665152,Dean Kremer,628711,Julio Urías,1,2
2023-07-19,717346,Texas Rangers,Tampa Bay Rays,5,1,592351,Jon Gray,641793,Zack Littell,1,5325
2023-07-19,717351,St. Louis Cardinals,Miami Marlins,6,4,641712,Dakota Hudson,645261,Sandy Alcantara,1,2889
2023-07-19,717345,Colorado Rockies,Houston Astros,1,4,596295,Austin Gomber,656232,Brandon Bielak,1,19
2023-07-19,717344,Oakland Athletics,Boston Red Sox,6,5,686610,Ken Waldichuk,678394,Brayan Bello,1,10
2023-07-19,717347,Philadelphia Phillies,Milwaukee Brewers,3,5,650911,Cristopher Sánchez,607067,Colin Rea,1,2681
2023-07-19,717338,Toronto Blue Jays,San Diego Padres,0,2,621244,José Berríos,506433,Yu Darvish,1,14
2023-07-19,717339,Los Angeles Angels,New York Yankees,7,3,681217,Chase Silseth,607074,Carlos Rodón,1,1
2023-07-19,717342,Cincinnati Reds,San Francisco Giants,3,2,668933,Graham Ashcraft,548389,Ross Stripling,1,2602
2023-07-19,717341,New York Mets,Chicago White Sox,5,1,434378,Justin Verlander,657053,Touki Toussaint,1,3289
2023-07-19,717340,Atlanta Braves,Arizona Diamondbacks,3,5,450203,Charlie Morton,669194,Ryne Nelson,1,4705
2023-07-19,717336,Chicago Cubs,Washington Nationals,8,3,543294,Kyle Hendricks,592866,Trevor Williams,1,17
2023-07-19,717333,Kansas City Royals,Detroit Tigers,2,3,642232,Ryan Yarbrough,593958,Eduardo Rodriguez,1,7
2023-07-19,717335,Seattle Mariners,Minnesota Twins,3,6,622491,Luis Castillo,628317,Kenta Maeda,1,680
2023-07-20,717337,Atlanta Braves,Arizona Diamondbacks,7,5,675911,Spencer Strider,668678,Zac Gallen,1,4705
2023-07-20,717334,Cincinnati Reds,San Francisco Giants,5,1,671096,Andrew Abbott,502171,Alex Cobb,1,2602
2023-07-20,717329,Philadelphia Phillies,Milwaukee Brewers,0,4,592836,Taijuan Walker,669203,Corbin Burnes,1,2681
2023-07-20,717331,Toronto Blue Jays,San Diego Padres,4,0,605135,Chris Bassitt,605483,Blake Snell,1,14
2023-07-20,717330,New York Mets,Chicago White Sox,2,6,500779,Jose Quintana,656629,Michael Kopech,1,3289
2023-07-20,717332,Kansas City Royals,Detroit Tigers,0,3,425844,Zack Greinke,547179,Michael Lorenzen,1,7
2023-07-20,717327,Seattle Mariners,Minnesota Twins,5,0,669923,George Kirby,641154,Pablo López,1,680
2023-07-20,717328,Tampa Bay Rays,Baltimore Orioles,3,4,607192,Tyler Glasnow,502043,Kyle Gibson,1,12
2023-07-20,717322,Chicago Cubs,St. Louis Cardinals,2,7,573186,Marcus Stroman,571927,Steven Matz,1,17
2023-07-20,717323,Oakland Athletics,Houston Astros,1,3,663687,Hogan Harris,641585,J.P. France,1,10
2023-07-21,717325,Chicago Cubs,St. Louis Cardinals,4,3,657006,Justin Steele,656427,Jack Flaherty,1,17
2023-07-21,717317,Detroit Tigers,San Diego Padres,4,5,681857,Reese Olson,607625,Seth Lugo,1,2394
2023-07-21,717320,Tampa Bay Rays,Baltimore Orioles,3,0,621107,Zach Eflin,680694,Kyle Bradish,1,12
2023-07-21,717319,Miami Marlins,Colorado Rockies,1,6,666129,Braxton Garrett,663567,Peter Lambert,1,4169
2023-07-21,717326,Washington Nationals,San Francisco Giants,5,3,663623,Jake Irvin,622072,Alex Wood,1,3309
2023-07-21,717318,New York Yankees,Kansas City Royals,5,4,657376,Clarke Schmidt,679525,Alec Marsh,1,3313
2023-07-21,717321,Cincinnati Reds,Arizona Diamondbacks,9,6,594902,Ben Lively,674072,Tommy Henry,1,2602
2023-07-21,717324,Boston Red Sox,New York Mets,4,5,676710,Kutter Crawford,673540,Kodai Senga,1,3
2023-07-21,717315,Cleveland Guardians,Philadelphia Phillies,6,5,668909,Gavin Williams,624133,Ranger Suarez,1,5
2023-07-21,717316,Texas Rangers,Los Angeles Dodgers,5,11,571760,Andrew Heaney,664062,Tony Gonsolin,1,5325
2023-07-21,717314,Minnesota Twins,Chicago White Sox,9,4,657746,Joe Ryan,458681,Lance Lynn,1,3312
2023-07-21,717313,Milwaukee Brewers,Atlanta Braves,4,6,642547,Freddy Peralta,647336,Michael Soroka,1,32
2023-07-21,717312,Los Angeles Angels,Pittsburgh Pirates,8,5,660271,Shohei Ohtani,670912,Johan Oviedo,1,1
2023-07-21,717310,Oakland Athletics,Houston Astros,4,6,676664,JP Sears,664285,Framber Valdez,1,10
2023-07-21,717311,Seattle Mariners,Toronto Blue Jays,3,2,682243,Bryce Miller,579328,Yusei Kikuchi,1,680
2023-07-22,717304,New York Yankees,Kansas City Royals,5,2,543037,Gerrit Cole,663903,Brady Singer,1,3313
2023-07-22,717306,Miami Marlins,Colorado Rockies,3,4,456501,Johnny Cueto,502624,Chase Anderson,1,4169
2023-07-21,717324,Boston Red Sox,New York Mets,4,5,676710,Kutter Crawford,673540,Kodai Senga,1,3
2023-07-22,717308,Chicago Cubs,St. Louis Cardinals,8,6,605242,Michael Fulmer,571945,Miles Mikolas,1,17
2023-07-22,717305,Texas Rangers,Los Angeles Dodgers,3,16,641540,Dane Dunning,676272,Bobby Miller,1,5325
2023-07-22,717303,Cincinnati Reds,Arizona Diamondbacks,4,2,682227,Brandon Williamson,694297,Brandon Pfaadt,1,2602
2023-07-22,717300,Tampa Bay Rays,Baltimore Orioles,5,6,663556,Shane McClanahan,680570,Grayson Rodriguez,1,12
2023-07-22,717301,Seattle Mariners,Toronto Blue Jays,9,8,669302,Logan Gilbert,592332,Kevin Gausman,1,680
2023-07-22,717299,Detroit Tigers,San Diego Padres,3,14,666159,Matt Manning,680232,Jackson Wolf,1,2394
2023-07-22,717307,Washington Nationals,San Francisco Giants,10,1,680686,Josiah Gray,657277,Logan Webb,1,3309
2023-07-22,717309,Boston Red Sox,New York Mets,8,6,572020,James Paxton,453286,Max Scherzer,1,3
2023-07-22,717302,Cleveland Guardians,Philadelphia Phillies,1,0,676440,Tanner Bibee,554430,Zack Wheeler,1,5
2023-07-22,717293,Minnesota Twins,Chicago White Sox,3,2,543243,Sonny Gray,656302,Dylan Cease,1,3312
2023-07-22,717296,Milwaukee Brewers,Atlanta Braves,4,3,605288,Adrian Houser,642216,Allan Winans,1,32
2023-07-22,717295,Oakland Athletics,Houston Astros,4,1,621112,Paul Blackburn,664299,Cristian Javier,1,10
2023-07-22,717297,Los Angeles Angels,Pittsburgh Pirates,0,3,672282,Reid Detmers,621366,Ryan Borucki,1,1
2023-07-23,717288,Detroit Tigers,San Diego Padres,3,1,656412,Alex Faedo,605397,Joe Musgrove,1,2394
2023-07-23,717290,Washington Nationals,San Francisco Giants,6,1,669022,MacKenzie Gore,518397,Scott Alexander,1,3309
2023-07-23,717294,New York Yankees,Kansas City Royals,8,5,622663,Luis Severino,543475,Jordan Lyles,1,3313
2023-07-23,717289,Cincinnati Reds,Arizona Diamondbacks,7,3,596133,Luke Weaver,614179,José Ruiz,1,2602
2023-07-23,717291,Tampa Bay Rays,Baltimore Orioles,3,5,671737,Taj Bradley,669330,Tyler Wells,1,12
2023-07-23,717283,Cleveland Guardians,Philadelphia Phillies,5,8,675540,Xzavion Curry,605400,Aaron Nola,1,5
2023-07-23,717292,Miami Marlins,Colorado Rockies,3,2,666200,Jesús Luzardo,621389,Ty Blach,1,4169
2023-07-23,717285,Minnesota Twins,Chicago White Sox,5,4,641927,Bailey Ober,608337,Lucas Giolito,1,3312
2023-07-23,717287,Milwaukee Brewers,Atlanta Braves,2,4,527054,Julio Teheran,693821,Bryce Elder,1,32
2023-07-23,717286,Chicago Cubs,St. Louis Cardinals,7,2,592791,Jameson Taillon,656756,Jordan Montgomery,1,17
2023-07-23,717284,Texas Rangers,Los Angeles Dodgers,8,4,527048,Martín Pérez,686218,Emmet Sheehan,1,5325
2023-07-23,717279,Oakland Athletics,Houston Astros,2,3,665622,Luis Medina,686613,Hunter Brown,1,10
2023-07-23,717278,Los Angeles Angels,Pittsburgh Pirates,7,5,542881,Tyler Anderson,656605,Mitch Keller,1,1
2023-07-23,717281,Seattle Mariners,Toronto Blue Jays,3,4,693433,Bryan Woo,666201,Alek Manoah,1,680
2023-07-23,717298,Boston Red Sox,New York Mets,6,1,657514,Brennan Bernardino,471911,Carlos Carrasco,1,3
2023-07-24,718558,Detroit Tigers,San Francisco Giants,5,1,669373,Tarik Skubal,548389,Ross Stripling,1,2394
2023-07-24,717280,Philadelphia Phillies,Baltimore Orioles,2,3,650911,Cristopher Sánchez,665152,Dean Kremer,1,2681
2023-07-24,717282,Washington Nationals,Colorado Rockies,6,10,571578,Patrick Corbin,656234,Jake Bird,1,3309
2023-07-24,717277,Cleveland Guardians,Kansas City Royals,3,5,671106,Logan Allen,642232,Ryan Yarbrough,1,5
2023-07-24,717275,Minnesota Twins,Seattle Mariners,4,3,628317,Kenta Maeda,622491,Luis Castillo,1,3312
2023-07-24,717274,Houston Astros,Texas Rangers,10,9,656232,Brandon Bielak,592351,Jon Gray,1,2392
2023-07-24,717273,Milwaukee Brewers,Cincinnati Reds,3,2,607067,Colin Rea,668933,Graham Ashcraft,1,32
2023-07-24,717276,San Diego Padres,Pittsburgh Pirates,4,8,506433,Yu Darvish,682990,Quinn Priester,1,2680
2023-07-24,717268,Arizona Diamondbacks,St. Louis Cardinals,6,10,669194,Ryne Nelson,425794,Adam Wainwright,1,15
2023-07-24,717271,Los Angeles Dodgers,Toronto Blue Jays,3,6,675627,Michael Grove,621244,José Berríos,1,22
2023-07-25,717265,Detroit Tigers,Los Angeles Angels,6,7,593958,Eduardo Rodriguez,656288,Griffin Canning,1,2394
2023-07-25,717267,Philadelphia Phillies,Baltimore Orioles,4,3,592836,Taijuan Walker,502043,Kyle Gibson,1,2681
2023-07-25,717270,Tampa Bay Rays,Miami Marlins,4,1,607192,Tyler Glasnow,665795,Edward Cabrera,1,12
2023-07-25,717269,Washington Nationals,Colorado Rockies,6,5,592866,Trevor Williams,596295,Austin Gomber,1,3309
2023-07-25,717266,New York Yankees,New York Mets,3,9,593334,Domingo Germán,434378,Justin Verlander,1,3313
2023-07-25,717260,Cleveland Guardians,Kansas City Royals,5,1,650644,Aaron Civale,425844,Zack Greinke,1,5
2023-07-25,717261,Boston Red Sox,Atlanta Braves,7,1,670167,John Schreiber,450203,Charlie Morton,1,3
2023-07-25,717264,Minnesota Twins,Seattle Mariners,7,9,641154,Pablo López,669923,George Kirby,1,3312
2023-07-25,717255,Houston Astros,Texas Rangers,4,3,641585,J.P. France,666720,Yerry Rodríguez,1,2392
2023-07-25,717263,Chicago White Sox,Chicago Cubs,3,7,656629,Michael Kopech,543294,Kyle Hendricks,1,4
2023-07-25,717262,Milwaukee Brewers,Cincinnati Reds,3,4,669203,Corbin Burnes,671096,Andrew Abbott,1,32
2023-07-25,717258,San Diego Padres,Pittsburgh Pirates,5,1,605483,Blake Snell,448179,Rich Hill,1,2680
2023-07-25,717259,Arizona Diamondbacks,St. Louis Cardinals,3,1,518876,Merrill Kelly,571927,Steven Matz,1,15
2023-07-25,717272,San Francisco Giants,Oakland Athletics,2,1,502171,Alex Cobb,605463,Tayler Scott,1,2395
2023-07-25,717256,Los Angeles Dodgers,Toronto Blue Jays,8,7,628711,Julio Urías,605135,Chris Bassitt,1,22
2023-07-26,717257,Washington Nationals,Colorado Rockies,5,4,663623,Jake Irvin,663567,Peter Lambert,1,3309
2023-07-26,717252,Tampa Bay Rays,Miami Marlins,1,7,621107,Zach Eflin,645261,Sandy Alcantara,1,12
2023-07-26,717249,Cleveland Guardians,Kansas City Royals,8,3,668909,Gavin Williams,679525,Alec Marsh,1,5
2023-07-26,717250,Minnesota Twins,Seattle Mariners,7,8,657746,Joe Ryan,682243,Bryce Miller,1,3312
2023-07-26,717254,Milwaukee Brewers,Cincinnati Reds,3,0,642547,Freddy Peralta,594902,Ben Lively,1,32
2023-07-26,717244,Arizona Diamondbacks,St. Louis Cardinals,7,11,668678,Zac Gallen,656427,Jack Flaherty,1,15
2023-07-26,717246,San Diego Padres,Pittsburgh Pirates,2,3,607625,Seth Lugo,670912,Johan Oviedo,1,2680
2023-07-26,717253,Los Angeles Dodgers,Toronto Blue Jays,1,8,664062,Tony Gonsolin,579328,Yusei Kikuchi,1,22
2023-07-26,717245,Philadelphia Phillies,Baltimore Orioles,6,4,624133,Ranger Suarez,680694,Kyle Bradish,1,2681
2023-07-26,717248,New York Yankees,New York Mets,3,1,607074,Carlos Rodón,500779,Jose Quintana,1,3313
2023-07-26,717242,Boston Red Sox,Atlanta Braves,5,3,678394,Brayan Bello,675911,Spencer Strider,1,3
2023-07-26,717239,Houston Astros,Texas Rangers,5,13,664285,Framber Valdez,571760,Andrew Heaney,1,2392
2023-07-26,717240,Chicago White Sox,Chicago Cubs,7,10,458681,Lance Lynn,573186,Marcus Stroman,1,4
2023-07-26,717251,San Francisco Giants,Oakland Athletics,8,3,676254,Ryan Walker,663687,Hogan Harris,1,2395
2023-07-27,717243,Detroit Tigers,Los Angeles Angels,0,6,547179,Michael Lorenzen,660271,Shohei Ohtani,1,2394
2023-07-27,717247,Detroit Tigers,Los Angeles Angels,4,11,666159,Matt Manning,663776,Patrick Sandoval,2,2394
2023-07-27,717241,New York Mets,Washington Nationals,2,1,673540,Kodai Senga,680686,Josiah Gray,1,3289
2023-07-27,717238,St. Louis Cardinals,Chicago Cubs,3,10,571945,Miles Mikolas,657006,Justin Steele,1,2889
2023-07-27,717233,Chicago White Sox,Cleveland Guardians,3,6,656302,Dylan Cease,676440,Tanner Bibee,1,4
2023-07-28,717236,Miami Marlins,Detroit Tigers,6,5,666129,Braxton Garrett,681857,Reese Olson,1,4169
2023-07-28,717234,Pittsburgh Pirates,Philadelphia Phillies,1,2,656605,Mitch Keller,554430,Zack Wheeler,1,31
2023-07-28,717237,Baltimore Orioles,New York Yankees,1,0,680570,Grayson Rodriguez,543037,Gerrit Cole,1,2
2023-07-28,717235,Toronto Blue Jays,Los Angeles Angels,4,1,592332,Kevin Gausman,608337,Lucas Giolito,1,14
2023-07-28,717230,New York Mets,Washington Nationals,5,1,453286,Max Scherzer,669022,MacKenzie Gore,1,3289
2023-07-28,717228,Chicago White Sox,Cleveland Guardians,3,0,657053,Touki Toussaint,675540,Xzavion Curry,1,4
2023-07-28,717231,Atlanta Braves,Milwaukee Brewers,10,7,630023,Yonny Chirinos,605288,Adrian Houser,1,4705
2023-07-28,717229,Houston Astros,Tampa Bay Rays,3,4,664299,Cristian Javier,663556,Shane McClanahan,1,2392
2023-07-28,717232,Kansas City Royals,Minnesota Twins,8,5,663903,Brady Singer,543243,Sonny Gray,1,7
2023-07-28,717226,St. Louis Cardinals,Chicago Cubs,2,3,656756,Jordan Montgomery,669713,Hayden Wesneski,1,2889
2023-07-28,717227,Colorado Rockies,Oakland Athletics,5,8,607536,Kyle Freeland,676664,JP Sears,1,19
2023-07-28,717223,Arizona Diamondbacks,Seattle Mariners,2,5,674072,Tommy Henry,669302,Logan Gilbert,1,15
2023-07-28,717224,San Diego Padres,Texas Rangers,7,1,605397,Joe Musgrove,641540,Dane Dunning,1,2680
2023-07-28,717225,Los Angeles Dodgers,Cincinnati Reds,5,6,676272,Bobby Miller,682227,Brandon Williamson,1,22
2023-07-28,717220,San Francisco Giants,Boston Red Sox,2,3,657277,Logan Webb,676710,Kutter Crawford,1,2395
2023-07-29,717222,Toronto Blue Jays,Los Angeles Angels,6,1,666201,Alek Manoah,672282,Reid Detmers,1,14
2023-07-29,717218,Miami Marlins,Detroit Tigers,0,5,456501,Johnny Cueto,689225,Beau Brieske,1,4169
2023-07-29,717216,Pittsburgh Pirates,Philadelphia Phillies,7,6,682990,Quinn Priester,605400,Aaron Nola,1,31
2023-07-29,717215,New York Mets,Washington Nationals,6,11,471911,Carlos Carrasco,571578,Patrick Corbin,1,3289
2023-07-29,717207,Kansas City Royals,Minnesota Twins,10,7,543475,Jordan Lyles,641927,Bailey Ober,1,7
2023-07-29,717217,Chicago White Sox,Cleveland Guardians,7,2,605182,Mike Clevinger,671106,Logan Allen,1,4
2023-07-29,717221,San Francisco Giants,Boston Red Sox,3,2,676254,Ryan Walker,572020,James Paxton,1,2395
2023-07-29,717213,St. Louis Cardinals,Chicago Cubs,1,5,425794,Adam Wainwright,592791,Jameson Taillon,1,2889
2023-07-29,717214,Houston Astros,Tampa Bay Rays,17,4,686613,Hunter Brown,671737,Taj Bradley,1,2392
2023-07-29,717219,Baltimore Orioles,New York Yankees,3,8,669330,Tyler Wells,657376,Clarke Schmidt,1,2
2023-07-29,717211,Atlanta Braves,Milwaukee Brewers,11,5,693821,Bryce Elder,527054,Julio Teheran,1,4705
2023-07-29,717212,Colorado Rockies,Oakland Athletics,3,11,623167,Chris Flexen,621112,Paul Blackburn,1,19
2023-07-29,717210,Arizona Diamondbacks,Seattle Mariners,4,3,694297,Brandon Pfaadt,693433,Bryan Woo,1,15
2023-07-29,717209,San Diego Padres,Texas Rangers,4,0,506433,Yu Darvish,527048,Martín Pérez,1,2680
2023-07-29,717205,Los Angeles Dodgers,Cincinnati Reds,3,2,686218,Emmet Sheehan,596133,Luke Weaver,1,22
2023-07-30,717201,Toronto Blue Jays,Los Angeles Angels,2,3,621244,José Berríos,542881,Tyler Anderson,1,14
2023-07-30,717208,Pittsburgh Pirates,Philadelphia Phillies,6,4,448179,Rich Hill,650911,Cristopher Sánchez,1,31
2023-07-30,717206,Atlanta Braves,Milwaukee Brewers,8,6,700363,AJ Smith-Shawver,607067,Colin Rea,1,4705
2023-07-30,717203,New York Mets,Washington Nationals,5,2,434378,Justin Verlander,592866,Trevor Williams,1,3289
2023-07-30,717202,Miami Marlins,Detroit Tigers,8,6,666200,Jesús Luzardo,669373,Tarik Skubal,1,4169
2023-07-30,717196,Houston Astros,Tampa Bay Rays,2,8,656232,Brandon Bielak,641793,Zack Littell,1,2392
2023-07-30,717198,Kansas City Royals,Minnesota Twins,2,1,642232,Ryan Yarbrough,628317,Kenta Maeda,1,7
2023-07-30,717204,Chicago White Sox,Cleveland Guardians,0,5,656629,Michael Kopech,650644,Aaron Civale,1,4
2023-07-30,717195,St. Louis Cardinals,Chicago Cubs,3,0,571927,Steven Matz,543294,Kyle Hendricks,1,2889
2023-07-30,717199,Colorado Rockies,Oakland Athletics,2,0,621389,Ty Blach,665622,Luis Medina,1,19
2023-07-30,717197,San Francisco Giants,Boston Red Sox,4,3,518397,Scott Alexander,657514,Brennan Bernardino,1,2395
2023-07-30,717194,Los Angeles Dodgers,Cincinnati Reds,0,9,675627,Michael Grove,668933,Graham Ashcraft,1,22
2023-07-30,717193,Arizona Diamondbacks,Seattle Mariners,0,4,518876,Merrill Kelly,622491,Luis Castillo,1,15
2023-07-30,717191,San Diego Padres,Texas Rangers,5,3,605483,Blake Snell,674003,Cody Bradford,1,2680
2023-07-30,717200,Baltimore Orioles,New York Yankees,9,3,665152,Dean Kremer,622663,Luis Severino,1,2
2023-07-31,717189,Miami Marlins,Philadelphia Phillies,2,4,665795,Edward Cabrera,592836,Taijuan Walker,1,4169
2023-07-31,717185,New York Yankees,Tampa Bay Rays,1,5,666745,Jhony Brito,607192,Tyler Glasnow,1,3313
2023-07-31,717192,Washington Nationals,Milwaukee Brewers,5,3,663623,Jake Irvin,669203,Corbin Burnes,1,3309
2023-07-31,717186,Toronto Blue Jays,Baltimore Orioles,2,4,605135,Chris Bassitt,502043,Kyle Gibson,1,14
2023-07-31,717187,Atlanta Braves,Los Angeles Angels,1,4,450203,Charlie Morton,681217,Chase Silseth,1,4705
2023-07-31,717188,Chicago Cubs,Cincinnati Reds,5,6,573186,Marcus Stroman,671096,Andrew Abbott,1,17
2023-07-31,717184,Houston Astros,Cleveland Guardians,7,3,641585,J.P. France,592789,Noah Syndergaard,1,2392
2023-07-31,717179,Colorado Rockies,San Diego Padres,4,3,596295,Austin Gomber,607625,Seth Lugo,1,19
2023-07-31,717181,Seattle Mariners,Boston Red Sox,6,2,669923,George Kirby,601713,Nick Pivetta,1,680
2023-07-31,717190,San Francisco Giants,Arizona Diamondbacks,3,4,596001,Jakob Junis,669194,Ryne Nelson,1,2395
2023-08-01,717182,Miami Marlins,Philadelphia Phillies,1,3,645261,Sandy Alcantara,624133,Ranger Suarez,1,4169
2023-08-01,717178,Pittsburgh Pirates,Detroit Tigers,4,1,670912,Johan Oviedo,666159,Matt Manning,1,31
2023-08-01,717175,New York Yankees,Tampa Bay Rays,2,5,607074,Carlos Rodón,621107,Zach Eflin,1,3313
2023-08-01,717183,Washington Nationals,Milwaukee Brewers,4,6,680686,Josiah Gray,642547,Freddy Peralta,1,3309
2023-08-01,717177,Toronto Blue Jays,Baltimore Orioles,3,13,547943,Hyun Jin Ryu,680694,Kyle Bradish,1,14
2023-08-01,717176,Atlanta Braves,Los Angeles Angels,5,1,675911,Spencer Strider,663776,Patrick Sandoval,1,4705
2023-08-01,717174,St. Louis Cardinals,Minnesota Twins,2,3,571945,Miles Mikolas,641154,Pablo López,1,2889
2023-08-01,717173,Chicago Cubs,Cincinnati Reds,20,9,657006,Justin Steele,594902,Ben Lively,1,17
2023-08-01,717168,Texas Rangers,Chicago White Sox,2,0,571760,Andrew Heaney,669947,Jesse Scholtens,1,5325
2023-08-01,717172,Houston Astros,Cleveland Guardians,2,0,664285,Framber Valdez,668909,Gavin Williams,1,2392
2023-08-01,717170,Kansas City Royals,New York Mets,7,6,425844,Zack Greinke,500779,Jose Quintana,1,7
2023-08-01,717169,Colorado Rockies,San Diego Padres,5,8,663567,Peter Lambert,658648,Pedro Avila,1,19
2023-08-01,717167,Seattle Mariners,Boston Red Sox,4,6,682243,Bryce Miller,678394,Brayan Bello,1,680
2023-08-01,717180,San Francisco Giants,Arizona Diamondbacks,4,3,502171,Alex Cobb,668678,Zac Gallen,1,2395
2023-08-01,717171,Los Angeles Dodgers,Oakland Athletics,7,3,458681,Lance Lynn,686610,Ken Waldichuk,1,22
2023-08-02,717165,Atlanta Braves,Los Angeles Angels,12,5,630023,Yonny Chirinos,608337,Lucas Giolito,1,4705
2023-08-02,717166,Pittsburgh Pirates,Detroit Tigers,3,6,674370,Osvaldo Bido,593958,Eduardo Rodriguez,1,31
2023-08-02,717162,Washington Nationals,Milwaukee Brewers,3,2,669022,MacKenzie Gore,489119,Wade Miley,1,3309
2023-08-02,717163,Houston Astros,Cleveland Guardians,3,2,669854,Ronel Blanco,676440,Tanner Bibee,1,2392
2023-08-02,717158,Colorado Rockies,San Diego Padres,1,11,607536,Kyle Freeland,607259,Nick Martinez,1,19
2023-08-02,717161,Seattle Mariners,Boston Red Sox,6,3,669302,Logan Gilbert,676710,Kutter Crawford,1,680
2023-08-02,717159,Miami Marlins,Philadelphia Phillies,9,8,666129,Braxton Garrett,554430,Zack Wheeler,1,4169
2023-08-02,717160,New York Yankees,Tampa Bay Rays,7,2,543037,Gerrit Cole,663556,Shane McClanahan,1,3313
2023-08-02,717157,Toronto Blue Jays,Baltimore Orioles,4,1,579328,Yusei Kikuchi,680570,Grayson Rodriguez,1,14
2023-08-02,717155,St. Louis Cardinals,Minnesota Twins,7,3,641712,Dakota Hudson,657746,Joe Ryan,1,2889
2023-08-02,717153,Chicago Cubs,Cincinnati Reds,16,6,592767,Drew Smyly,682227,Brandon Williamson,1,17
2023-08-02,717152,Texas Rangers,Chicago White Sox,11,1,641540,Dane Dunning,656302,Dylan Cease,1,5325
2023-08-02,717156,Kansas City Royals,New York Mets,4,0,666142,Cole Ragans,673540,Kodai Senga,1,7
2023-08-02,717164,San Francisco Giants,Arizona Diamondbacks,4,2,657277,Logan Webb,677944,Slade Cecconi,1,2395
2023-08-02,717154,Los Angeles Dodgers,Oakland Athletics,10,1,664062,Tony Gonsolin,663687,Hogan Harris,1,22
2023-08-03,717147,Miami Marlins,Philadelphia Phillies,2,4,456501,Johnny Cueto,547179,Michael Lorenzen,1,4169
2023-08-03,717149,Texas Rangers,Chicago White Sox,5,3,453286,Max Scherzer,657053,Touki Toussaint,1,5325
2023-08-03,717148,Kansas City Royals,New York Mets,9,2,663903,Brady Singer,471911,Carlos Carrasco,1,7
2023-08-03,717150,Toronto Blue Jays,Baltimore Orioles,1,6,592332,Kevin Gausman,656427,Jack Flaherty,1,14
2023-08-03,717151,San Francisco Giants,Arizona Diamondbacks,1,0,518397,Scott Alexander,694297,Brandon Pfaadt,1,2395
2023-08-03,717142,New York Yankees,Houston Astros,4,3,657376,Clarke Schmidt,664299,Cristian Javier,1,3313
2023-08-03,717143,Milwaukee Brewers,Pittsburgh Pirates,14,1,605288,Adrian Houser,656605,Mitch Keller,1,32
2023-08-03,717145,St. Louis Cardinals,Minnesota Twins,3,5,669461,Matthew Liberatore,543243,Sonny Gray,1,2889
2023-08-03,717146,Chicago Cubs,Cincinnati Reds,5,3,592791,Jameson Taillon,596133,Luke Weaver,1,17
2023-08-03,717144,Los Angeles Angels,Seattle Mariners,3,5,660271,Shohei Ohtani,693433,Bryan Woo,1,1
2023-08-03,717137,Los Angeles Dodgers,Oakland Athletics,8,2,628711,Julio Urías,676664,JP Sears,1,22
2023-08-04,717141,Chicago Cubs,Atlanta Braves,0,8,543294,Kyle Hendricks,608331,Max Fried,1,17
2023-08-04,717139,Cincinnati Reds,Washington Nationals,3,6,668933,Graham Ashcraft,571578,Patrick Corbin,1,2602
2023-08-04,717135,Detroit Tigers,Tampa Bay Rays,0,8,681857,Reese Olson,641793,Zack Littell,1,2394
2023-08-04,717134,Baltimore Orioles,New York Mets,10,3,665152,Dean Kremer,656849,David Peterson,1,2
2023-08-04,717140,Philadelphia Phillies,Kansas City Royals,5,7,605400,Aaron Nola,543475,Jordan Lyles,1,2681
2023-08-04,717138,New York Yankees,Houston Astros,3,7,622663,Luis Severino,686613,Hunter Brown,1,3313
2023-08-04,717136,Boston Red Sox,Toronto Blue Jays,3,7,572020,James Paxton,666201,Alek Manoah,1,3
2023-08-04,717132,Cleveland Guardians,Chicago White Sox,4,2,671106,Logan Allen,605182,Mike Clevinger,1,5
2023-08-04,717133,Texas Rangers,Miami Marlins,6,2,656756,Jordan Montgomery,666200,Jesús Luzardo,1,5325
2023-08-04,717128,Minnesota Twins,Arizona Diamondbacks,3,2,641927,Bailey Ober,518876,Merrill Kelly,1,3312
2023-08-04,717131,Milwaukee Brewers,Pittsburgh Pirates,4,8,607067,Colin Rea,682990,Quinn Priester,1,32
2023-08-04,717127,St. Louis Cardinals,Colorado Rockies,4,9,425794,Adam Wainwright,623167,Chris Flexen,1,2889
2023-08-04,717130,Los Angeles Angels,Seattle Mariners,7,9,672282,Reid Detmers,622491,Luis Castillo,1,1
2023-08-04,717129,San Diego Padres,Los Angeles Dodgers,5,10,506433,Yu Darvish,676272,Bobby Miller,1,2680
2023-08-05,717126,New York Yankees,Houston Astros,3,1,641482,Nestor Cortes,434378,Justin Verlander,1,3313
2023-08-05,717122,Detroit Tigers,Tampa Bay Rays,4,2,669373,Tarik Skubal,650644,Aaron Civale,1,2394
2023-08-05,717121,Chicago Cubs,Atlanta Braves,8,6,665871,Javier Assad,693821,Bryce Elder,1,17
2023-08-05,717124,Texas Rangers,Miami Marlins,9,8,592351,Jon Gray,666277,George Soriano,1,5325
2023-08-05,717120,Cincinnati Reds,Washington Nationals,3,7,671096,Andrew Abbott,672851,Joan Adon,1,2602
2023-08-05,717125,Boston Red Sox,Toronto Blue Jays,4,5,670167,John Schreiber,621244,José Berríos,1,3
2023-08-05,717123,Philadelphia Phillies,Kansas City Royals,9,6,650911,Cristopher Sánchez,679525,Alec Marsh,1,2681
2023-08-05,717114,Baltimore Orioles,New York Mets,7,3,502043,Kyle Gibson,656731,Tylor Megill,1,2
2023-08-05,717117,Oakland Athletics,San Francisco Giants,2,1,621112,Paul Blackburn,548389,Ross Stripling,1,10
2023-08-05,717118,Minnesota Twins,Arizona Diamondbacks,12,1,628317,Kenta Maeda,669194,Ryne Nelson,1,3312
2023-08-05,717115,Cleveland Guardians,Chicago White Sox,4,7,592789,Noah Syndergaard,656629,Michael Kopech,1,5
2023-08-05,717116,Milwaukee Brewers,Pittsburgh Pirates,3,2,669203,Corbin Burnes,663559,Bailey Falter,1,32
2023-08-05,717119,St. Louis Cardinals,Colorado Rockies,6,2,571927,Steven Matz,621389,Ty Blach,1,2889
2023-08-05,717112,San Diego Padres,Los Angeles Dodgers,8,3,605483,Blake Snell,675627,Michael Grove,1,2680
2023-08-05,717109,Los Angeles Angels,Seattle Mariners,2,3,542881,Tyler Anderson,669923,George Kirby,1,1
2023-08-06,717108,Cleveland Guardians,Chicago White Sox,3,5,675540,Xzavion Curry,669947,Jesse Scholtens,1,5
2023-08-06,717107,Baltimore Orioles,New York Mets,2,0,680694,Kyle Bradish,500779,Jose Quintana,1,2
2023-08-06,717111,Boston Red Sox,Toronto Blue Jays,1,13,657514,Brennan Bernardino,605135,Chris Bassitt,1,3
2023-08-06,717113,Philadelphia Phillies,Kansas City Royals,8,4,592836,Taijuan Walker,425844,Zack Greinke,1,2681
2023-08-06,717110,New York Yankees,Houston Astros,7,9,607074,Carlos Rodón,664353,José Urquidy,1,3313
2023-08-06,717104,Cincinnati Reds,Washington Nationals,3,6,680689,Lyon Richardson,663623,Jake Irvin,1,2602
2023-08-06,717103,Detroit Tigers,Tampa Bay Rays,6,10,666159,Matt Manning,541640,Erasmo Ramírez,1,2394
2023-08-06,717106,Minnesota Twins,Arizona Diamondbacks,5,3,572971,Dallas Keuchel,668678,Zac Gallen,1,3312
2023-08-06,717105,Milwaukee Brewers,Pittsburgh Pirates,1,4,605540,Brandon Woodruff,670912,Johan Oviedo,1,32
2023-08-06,717099,St. Louis Cardinals,Colorado Rockies,0,1,668868,Zack Thompson,596295,Austin Gomber,1,2889
2023-08-06,717098,Chicago Cubs,Atlanta Braves,6,4,657006,Justin Steele,450203,Charlie Morton,1,17
2023-08-06,717102,Texas Rangers,Miami Marlins,6,0,571760,Andrew Heaney,645261,Sandy Alcantara,1,5325
2023-08-06,717101,Los Angeles Angels,Seattle Mariners,2,3,681217,Chase Silseth,682243,Bryce Miller,1,1
2023-08-06,717100,Oakland Athletics,San Francisco Giants,8,6,665622,Luis Medina,502171,Alex Cobb,1,10
2023-08-06,717093,San Diego Padres,Los Angeles Dodgers,2,8,448179,Rich Hill,458681,Lance Lynn,1,2680
2023-08-07,717094,San Diego Padres,Los Angeles Dodgers,7,13,607625,Seth Lugo,664062,Tony Gonsolin,1,2680
2023-08-07,717091,Detroit Tigers,Minnesota Twins,3,9,666214,Joey Wentz,641154,Pablo López,1,2394
2023-08-07,717097,Cincinnati Reds,Miami Marlins,5,2,682227,Brandon Williamson,691587,Eury Pérez,1,2602
2023-08-07,717095,Pittsburgh Pirates,Atlanta Braves,7,6,674370,Osvaldo Bido,675911,Spencer Strider,1,31
2023-08-07,717089,Boston Red Sox,Kansas City Royals,6,2,678394,Brayan Bello,666142,Cole Ragans,1,3
2023-08-07,717092,New York Mets,Chicago Cubs,11,2,673540,Kodai Senga,592767,Drew Smyly,1,3289
2023-08-07,717087,Cleveland Guardians,Toronto Blue Jays,1,3,668909,Gavin Williams,547943,Hyun Jin Ryu,1,5
2023-08-07,717088,Chicago White Sox,New York Yankees,5,1,656302,Dylan Cease,543037,Gerrit Cole,1,4
2023-08-07,717086,Milwaukee Brewers,Colorado Rockies,12,1,642547,Freddy Peralta,663567,Peter Lambert,1,32
2023-08-07,717090,Los Angeles Angels,San Francisco Giants,3,8,663776,Patrick Sandoval,657277,Logan Webb,1,1
2023-08-07,717081,Oakland Athletics,Texas Rangers,3,5,686610,Ken Waldichuk,641540,Dane Dunning,1,10
2023-08-08,717082,Philadelphia Phillies,Washington Nationals,8,4,554430,Zack Wheeler,592866,Trevor Williams,1,2681
2023-08-08,717096,Philadelphia Phillies,Washington Nationals,4,5,624133,Ranger Suarez,680686,Josiah Gray,2,2681
2023-08-08,717085,Tampa Bay Rays,St. Louis Cardinals,4,2,621107,Zach Eflin,571945,Miles Mikolas,1,12
2023-08-08,717076,Detroit Tigers,Minnesota Twins,6,0,593958,Eduardo Rodriguez,543243,Sonny Gray,1,2394
2023-08-08,717083,Cincinnati Reds,Miami Marlins,2,3,596133,Luke Weaver,666129,Braxton Garrett,1,2602
2023-08-08,717084,Baltimore Orioles,Houston Astros,6,7,680570,Grayson Rodriguez,664285,Framber Valdez,1,2
2023-08-08,717079,Pittsburgh Pirates,Atlanta Braves,6,8,656605,Mitch Keller,630023,Yonny Chirinos,1,31
2023-08-08,717077,Boston Red Sox,Kansas City Royals,3,9,676710,Kutter Crawford,663903,Brady Singer,1,3
2023-08-08,717080,New York Mets,Chicago Cubs,2,3,471911,Carlos Carrasco,592791,Jameson Taillon,1,3289
2023-08-08,717074,Cleveland Guardians,Toronto Blue Jays,1,0,676440,Tanner Bibee,579328,Yusei Kikuchi,1,5
2023-08-08,717075,Chicago White Sox,New York Yankees,1,7,657053,Touki Toussaint,657376,Clarke Schmidt,1,4
2023-08-08,717078,Milwaukee Brewers,Colorado Rockies,3,7,489119,Wade Miley,607536,Kyle Freeland,1,32
2023-08-08,717068,Los Angeles Angels,San Francisco Giants,7,5,608337,Lucas Giolito,518397,Scott Alexander,1,1
2023-08-08,717073,Arizona Diamondbacks,Los Angeles Dodgers,4,5,694297,Brandon Pfaadt,628711,Julio Urías,1,15
2023-08-08,717072,Seattle Mariners,San Diego Padres,2,0,669302,Logan Gilbert,607259,Nick Martinez,1,680
2023-08-08,717069,Oakland Athletics,Texas Rangers,1,6,676664,JP Sears,453286,Max Scherzer,1,10
2023-08-09,717070,Cincinnati Reds,Miami Marlins,4,5,668933,Graham Ashcraft,456501,Johnny Cueto,1,2602
2023-08-09,717065,Milwaukee Brewers,Colorado Rockies,7,6,605288,Adrian Houser,623167,Chris Flexen,1,32
2023-08-09,717063,Oakland Athletics,Texas Rangers,2,0,643493,Austin Pruitt,656756,Jordan Montgomery,1,10
2023-08-09,717064,Tampa Bay Rays,St. Louis Cardinals,4,6,656222,Jalen Beeks,641712,Dakota Hudson,1,12
2023-08-09,717061,Detroit Tigers,Minnesota Twins,9,5,656412,Alex Faedo,641927,Bailey Ober,1,2394
2023-08-09,717066,Philadelphia Phillies,Washington Nationals,7,0,547179,Michael Lorenzen,669022,MacKenzie Gore,1,2681
2023-08-09,717067,Baltimore Orioles,Houston Astros,2,8,656427,Jack Flaherty,664299,Cristian Javier,1,2
2023-08-09,717058,Pittsburgh Pirates,Atlanta Braves,5,6,682990,Quinn Priester,608331,Max Fried,1,31
2023-08-09,717059,Boston Red Sox,Kansas City Royals,4,3,601713,Nick Pivetta,543475,Jordan Lyles,1,3
2023-08-09,717062,New York Mets,Chicago Cubs,4,3,656849,David Peterson,543294,Kyle Hendricks,1,3289
2023-08-09,717060,Cleveland Guardians,Toronto Blue Jays,0,1,671106,Logan Allen,592332,Kevin Gausman,1,5
2023-08-09,717054,Chicago White Sox,New York Yankees,9,2,605182,Mike Clevinger,641656,Ian Hamilton,1,4
2023-08-09,717071,Los Angeles Angels,San Francisco Giants,4,1,660271,Shohei Ohtani,676254,Ryan Walker,1,1
2023-08-09,717057,Arizona Diamondbacks,Los Angeles Dodgers,0,2,518876,Merrill Kelly,676272,Bobby Miller,1,15
2023-08-09,717055,Seattle Mariners,San Diego Padres,6,1,676106,Emerson Hancock,506433,Yu Darvish,1,680
2023-08-10,717053,Baltimore Orioles,Houston Astros,5,4,665152,Dean Kremer,686613,Hunter Brown,1,2
2023-08-10,717056,Pittsburgh Pirates,Atlanta Braves,7,5,663559,Bailey Falter,693821,Bryce Elder,1,31
2023-08-10,717052,Cleveland Guardians,Toronto Blue Jays,4,3,592789,Noah Syndergaard,666201,Alek Manoah,1,5
2023-08-10,717050,Detroit Tigers,Minnesota Twins,3,0,681857,Reese Olson,628317,Kenta Maeda,1,2394
2023-08-10,717048,Tampa Bay Rays,St. Louis Cardinals,2,5,641793,Zack Littell,669461,Matthew Liberatore,1,12
2023-08-10,717049,Philadelphia Phillies,Washington Nationals,6,2,605400,Aaron Nola,571578,Patrick Corbin,1,2681
2023-08-10,717051,Boston Red Sox,Kansas City Royals,2,0,572020,James Paxton,680735,Austin Cox,1,3
2023-08-10,717045,Los Angeles Dodgers,Colorado Rockies,2,1,477132,Clayton Kershaw,621389,Ty Blach,1,22
2023-08-11,717038,Tampa Bay Rays,Cleveland Guardians,9,8,650644,Aaron Civale,675540,Xzavion Curry,1,12
2023-08-11,717047,Miami Marlins,New York Yankees,4,9,666200,Jesús Luzardo,641656,Ian Hamilton,1,4169
2023-08-11,717043,Washington Nationals,Oakland Athletics,8,2,672851,Joan Adon,621112,Paul Blackburn,1,3309
2023-08-11,717046,Pittsburgh Pirates,Cincinnati Reds,2,9,670912,Johan Oviedo,671096,Andrew Abbott,1,31
2023-08-11,717044,Philadelphia Phillies,Minnesota Twins,13,2,650911,Cristopher Sánchez,572971,Dallas Keuchel,1,2681
2023-08-11,717041,Toronto Blue Jays,Chicago Cubs,2,6,621244,José Berríos,665871,Javier Assad,1,14
2023-08-11,717042,Boston Red Sox,Detroit Tigers,5,2,519242,Chris Sale,669373,Tarik Skubal,1,3
2023-08-11,717040,New York Mets,Atlanta Braves,0,7,656731,Tylor Megill,450203,Charlie Morton,1,3289
2023-08-11,717037,Houston Astros,Los Angeles Angels,11,3,434378,Justin Verlander,672282,Reid Detmers,1,2392
2023-08-11,717039,Kansas City Royals,St. Louis Cardinals,12,8,669395,Dylan Coleman,425794,Adam Wainwright,1,7
2023-08-11,717036,Chicago White Sox,Milwaukee Brewers,6,7,656629,Michael Kopech,669203,Corbin Burnes,1,4
2023-08-11,717035,Arizona Diamondbacks,San Diego Padres,5,10,669194,Ryne Nelson,605483,Blake Snell,1,15
2023-08-11,717032,Los Angeles Dodgers,Colorado Rockies,6,1,458681,Lance Lynn,596295,Austin Gomber,1,22
2023-08-11,717034,Seattle Mariners,Baltimore Orioles,9,2,622491,Luis Castillo,502043,Kyle Gibson,1,680
2023-08-11,717031,San Francisco Giants,Texas Rangers,1,2,518397,Scott Alexander,592351,Jon Gray,1,2395
2023-08-12,718371,New York Mets,Atlanta Braves,3,21,660593,Denyi Reyes,642216,Allan Winans,1,3289
2023-08-12,717021,New York Mets,Atlanta Braves,0,6,500779,Jose Quintana,675911,Spencer Strider,2,3289
2023-08-12,717026,Toronto Blue Jays,Chicago Cubs,4,5,605135,Chris Bassitt,657006,Justin Steele,1,14
2023-08-12,717033,Boston Red Sox,Detroit Tigers,2,6,678394,Brayan Bello,666159,Matt Manning,1,3
2023-08-12,717024,Tampa Bay Rays,Cleveland Guardians,6,5,542888,Shawn Armstrong,668909,Gavin Williams,1,12
2023-08-12,717025,Miami Marlins,New York Yankees,3,1,645261,Sandy Alcantara,650633,Michael King,1,4169
2023-08-12,717028,Philadelphia Phillies,Minnesota Twins,1,8,592836,Taijuan Walker,641154,Pablo López,1,2681
2023-08-12,717030,Washington Nationals,Oakland Athletics,3,2,663623,Jake Irvin,665622,Luis Medina,1,3309
2023-08-12,717019,Kansas City Royals,St. Louis Cardinals,4,5,666142,Cole Ragans,571927,Steven Matz,1,7
2023-08-12,717022,Houston Astros,Los Angeles Angels,11,3,641585,J.P. France,542881,Tyler Anderson,1,2392
2023-08-12,717023,Chicago White Sox,Milwaukee Brewers,2,3,669947,Jesse Scholtens,605540,Brandon Woodruff,1,4
2023-08-12,717020,Arizona Diamondbacks,San Diego Padres,3,0,668678,Zac Gallen,448179,Rich Hill,1,15
2023-08-12,717029,San Francisco Giants,Texas Rangers,3,9,502171,Alex Cobb,571760,Andrew Heaney,1,2395
2023-08-12,717017,Los Angeles Dodgers,Colorado Rockies,4,1,664062,Tony Gonsolin,663567,Peter Lambert,1,22
2023-08-12,717018,Seattle Mariners,Baltimore Orioles,0,1,669923,George Kirby,608344,Cole Irvin,1,680
2023-08-13,717014,Boston Red Sox,Detroit Tigers,6,3,676710,Kutter Crawford,593958,Eduardo Rodriguez,1,3
2023-08-13,717016,Washington Nationals,Oakland Athletics,8,7,592866,Trevor Williams,686610,Ken Waldichuk,1,3309
2023-08-13,717015,Pittsburgh Pirates,Cincinnati Reds,4,2,656605,Mitch Keller,682227,Brandon Williamson,1,31
2023-08-13,717027,Pittsburgh Pirates,Cincinnati Reds,5,6,656578,Andre Jackson,596133,Luke Weaver,2,31
2023-08-13,717009,Philadelphia Phillies,Minnesota Twins,0,3,624133,Ranger Suarez,543243,Sonny Gray,1,2681
2023-08-13,717012,Toronto Blue Jays,Chicago Cubs,11,4,547943,Hyun Jin Ryu,592791,Jameson Taillon,1,14
2023-08-13,717010,Tampa Bay Rays,Cleveland Guardians,2,9,621107,Zach Eflin,676440,Tanner Bibee,1,12
2023-08-13,717011,Miami Marlins,New York Yankees,8,7,691587,Eury Pérez,543037,Gerrit Cole,1,4169
2023-08-13,717004,Houston Astros,Los Angeles Angels,1,2,664353,José Urquidy,681217,Chase Silseth,1,2392
2023-08-13,717006,Chicago White Sox,Milwaukee Brewers,3,7,656302,Dylan Cease,642547,Freddy Peralta,1,4
2023-08-13,717008,San Francisco Giants,Texas Rangers,3,2,657277,Logan Webb,641540,Dane Dunning,1,2395
2023-08-13,717007,Los Angeles Dodgers,Colorado Rockies,8,3,628711,Julio Urías,607536,Kyle Freeland,1,22
2023-08-13,717003,Arizona Diamondbacks,San Diego Padres,5,4,694297,Brandon Pfaadt,607625,Seth Lugo,1,15
2023-08-13,717005,Seattle Mariners,Baltimore Orioles,3,5,682243,Bryce Miller,680694,Kyle Bradish,1,680
2023-08-13,717013,New York Mets,Atlanta Braves,7,6,673540,Kodai Senga,630023,Yonny Chirinos,1,3289
2023-08-14,717000,Miami Marlins,Houston Astros,5,1,666129,Braxton Garrett,664285,Framber Valdez,1,4169
2023-08-14,717002,New York Mets,Pittsburgh Pirates,7,2,471911,Carlos Carrasco,682990,Quinn Priester,1,3289
2023-08-14,717001,Atlanta Braves,New York Yankees,11,3,608331,Max Fried,657376,Clarke Schmidt,1,4705
2023-08-14,716995,St. Louis Cardinals,Oakland Athletics,7,5,571945,Miles Mikolas,676664,JP Sears,1,2889
2023-08-14,716997,Texas Rangers,Los Angeles Angels,12,0,453286,Max Scherzer,663776,Patrick Sandoval,1,5325
2023-08-14,716994,Kansas City Royals,Seattle Mariners,7,6,663903,Brady Singer,669302,Logan Gilbert,1,7
2023-08-14,716998,Colorado Rockies,Arizona Diamondbacks,6,4,623167,Chris Flexen,518876,Merrill Kelly,1,19
2023-08-14,716996,San Diego Padres,Baltimore Orioles,1,4,506433,Yu Darvish,680570,Grayson Rodriguez,1,2680
2023-08-14,716999,San Francisco Giants,Tampa Bay Rays,2,10,676254,Ryan Walker,607192,Tyler Glasnow,1,2395
2023-08-15,716992,Cincinnati Reds,Cleveland Guardians,0,3,668933,Graham Ashcraft,671106,Logan Allen,1,2602
2023-08-15,716991,Miami Marlins,Houston Astros,5,6,456501,Johnny Cueto,664299,Cristian Javier,1,4169
2023-08-15,716993,Washington Nationals,Boston Red Sox,4,5,680686,Josiah Gray,601713,Nick Pivetta,1,3309
2023-08-15,716990,Toronto Blue Jays,Philadelphia Phillies,2,1,579328,Yusei Kikuchi,554430,Zack Wheeler,1,14
2023-08-15,716988,New York Mets,Pittsburgh Pirates,4,7,656849,David Peterson,663559,Bailey Falter,1,3289
2023-08-15,716987,Atlanta Braves,New York Yankees,5,0,693821,Bryce Elder,622663,Luis Severino,1,4705
2023-08-15,716983,Minnesota Twins,Detroit Tigers,5,3,641927,Bailey Ober,656412,Alex Faedo,1,3312
2023-08-15,716984,St. Louis Cardinals,Oakland Athletics,6,2,641712,Dakota Hudson,657093,Spenser Watkins,1,2889
2023-08-15,716985,Texas Rangers,Los Angeles Angels,7,3,656756,Jordan Montgomery,608337,Lucas Giolito,1,5325
2023-08-15,716986,Chicago Cubs,Chicago White Sox,3,5,543294,Kyle Hendricks,657053,Touki Toussaint,1,17
2023-08-15,716981,Kansas City Royals,Seattle Mariners,8,10,543475,Jordan Lyles,676106,Emerson Hancock,1,7
2023-08-15,716978,Colorado Rockies,Arizona Diamondbacks,5,8,621389,Ty Blach,573009,Joe Mantiply,1,19
2023-08-15,716980,San Diego Padres,Baltimore Orioles,10,3,608379,Michael Wacha,656427,Jack Flaherty,1,2680
2023-08-15,716989,San Francisco Giants,Tampa Bay Rays,7,0,596001,Jakob Junis,641793,Zack Littell,1,2395
2023-08-15,716979,Los Angeles Dodgers,Milwaukee Brewers,6,2,676272,Bobby Miller,605288,Adrian Houser,1,22
2023-08-16,716974,New York Mets,Pittsburgh Pirates,8,3,656731,Tylor Megill,670912,Johan Oviedo,1,3289
2023-08-16,716976,Minnesota Twins,Detroit Tigers,7,8,628317,Kenta Maeda,681857,Reese Olson,1,3312
2023-08-16,716977,Colorado Rockies,Arizona Diamondbacks,7,9,596295,Austin Gomber,677944,Slade Cecconi,1,19
2023-08-16,716975,San Francisco Giants,Tampa Bay Rays,1,6,676254,Ryan Walker,650644,Aaron Civale,1,2395
2023-08-16,716973,Cincinnati Reds,Cleveland Guardians,7,2,671096,Andrew Abbott,592789,Noah Syndergaard,1,2602
2023-08-16,716972,Miami Marlins,Houston Astros,5,12,666200,Jesús Luzardo,434378,Justin Verlander,1,4169
2023-08-16,716969,St. Louis Cardinals,Oakland Athletics,0,8,669461,Matthew Liberatore,621112,Paul Blackburn,1,2889
2023-08-16,716982,Washington Nationals,Boston Red Sox,6,2,669022,MacKenzie Gore,572020,James Paxton,1,3309
2023-08-16,716967,Toronto Blue Jays,Philadelphia Phillies,4,9,592332,Kevin Gausman,605400,Aaron Nola,1,14
2023-08-16,716970,Atlanta Braves,New York Yankees,2,0,450203,Charlie Morton,681190,Randy Vásquez,1,4705
2023-08-16,716971,Texas Rangers,Los Angeles Angels,0,2,592351,Jon Gray,672282,Reid Detmers,1,5325
2023-08-16,716968,Chicago Cubs,Chicago White Sox,4,3,665871,Javier Assad,605182,Mike Clevinger,1,17
2023-08-16,716963,Kansas City Royals,Seattle Mariners,5,6,663704,James McArthur,622491,Luis Castillo,1,7
2023-08-16,716965,San Diego Padres,Baltimore Orioles,5,2,605483,Blake Snell,665152,Dean Kremer,1,2680
2023-08-16,716962,Los Angeles Dodgers,Milwaukee Brewers,7,1,477132,Clayton Kershaw,489119,Wade Miley,1,22
2023-08-17,716964,Kansas City Royals,Seattle Mariners,4,6,672582,Angel Zerpa,669923,George Kirby,1,7
2023-08-17,716966,Washington Nationals,Boston Red Sox,10,7,571578,Patrick Corbin,519242,Chris Sale,1,3309
2023-08-17,716958,St. Louis Cardinals,New York Mets,2,4,425794,Adam Wainwright,500779,Jose Quintana,1,2889
2023-08-17,716957,San Diego Padres,Arizona Diamondbacks,1,3,448179,Rich Hill,668678,Zac Gallen,1,2680
2023-08-17,716961,Los Angeles Dodgers,Milwaukee Brewers,1,0,458681,Lance Lynn,669203,Corbin Burnes,1,22
2023-08-18,716955,Chicago Cubs,Kansas City Royals,3,4,592791,Jameson Taillon,666142,Cole Ragans,1,17
2023-08-18,716956,Cleveland Guardians,Detroit Tigers,2,4,668909,Gavin Williams,669373,Tarik Skubal,1,5
2023-08-18,716959,Cleveland Guardians,Detroit Tigers,4,1,675540,Xzavion Curry,666214,Joey Wentz,2,5
2023-08-18,716954,Cincinnati Reds,Toronto Blue Jays,1,0,664028,Brett Kennedy,621244,José Berríos,1,2602
2023-08-18,716960,Washington Nationals,Philadelphia Phillies,8,7,672851,Joan Adon,547179,Michael Lorenzen,1,3309
2023-08-18,716953,New York Yankees,Boston Red Sox,3,8,666745,Jhony Brito,678394,Brayan Bello,1,3313
2023-08-18,716949,Atlanta Braves,San Francisco Giants,4,0,675911,Spencer Strider,502171,Alex Cobb,1,4705
2023-08-18,716950,Texas Rangers,Milwaukee Brewers,8,9,571760,Andrew Heaney,605540,Brandon Woodruff,1,5325
2023-08-18,716948,Houston Astros,Seattle Mariners,0,2,641585,J.P. France,682243,Bryce Miller,1,2392
2023-08-18,716951,Minnesota Twins,Pittsburgh Pirates,5,1,641154,Pablo López,656578,Andre Jackson,1,3312
2023-08-18,716952,St. Louis Cardinals,New York Mets,1,7,668868,Zack Thompson,664192,Joey Lucchesi,1,2889
2023-08-18,716947,Colorado Rockies,Chicago White Sox,14,1,663567,Peter Lambert,656629,Michael Kopech,1,19
2023-08-18,716945,Los Angeles Angels,Tampa Bay Rays,6,9,542881,Tyler Anderson,541640,Erasmo Ramírez,1,1
2023-08-18,716944,Oakland Athletics,Baltimore Orioles,4,9,660906,Francisco Pérez,502043,Kyle Gibson,1,10
2023-08-18,716942,San Diego Padres,Arizona Diamondbacks,4,0,607625,Seth Lugo,694297,Brandon Pfaadt,1,2680
2023-08-18,716946,Los Angeles Dodgers,Miami Marlins,3,11,664062,Tony Gonsolin,645261,Sandy Alcantara,1,22
2023-08-19,716943,New York Yankees,Boston Red Sox,1,8,543037,Gerrit Cole,676710,Kutter Crawford,1,3313
2023-08-19,716937,Chicago Cubs,Kansas City Royals,6,4,657006,Justin Steele,663903,Brady Singer,1,17
2023-08-19,716909,Los Angeles Dodgers,Miami Marlins,3,1,657571,Caleb Ferguson,691587,Eury Pérez,1,22
2023-08-19,716926,Los Angeles Dodgers,Miami Marlins,3,1,628711,Julio Urías,666129,Braxton Garrett,2,22
2023-08-19,716919,San Diego Padres,Arizona Diamondbacks,4,6,663362,Matt Waldron,518876,Merrill Kelly,1,2680
2023-08-19,716931,San Diego Padres,Arizona Diamondbacks,1,8,506433,Yu Darvish,543518,Scott McGough,2,2680
2023-08-19,716941,Washington Nationals,Philadelphia Phillies,3,12,663623,Jake Irvin,650911,Cristopher Sánchez,1,3309
2023-08-19,716938,Texas Rangers,Milwaukee Brewers,1,6,641540,Dane Dunning,642547,Freddy Peralta,1,5325
2023-08-19,716915,Los Angeles Angels,Tampa Bay Rays,7,6,681217,Chase Silseth,607192,Tyler Glasnow,1,1
2023-08-19,716925,Los Angeles Angels,Tampa Bay Rays,4,18,663776,Patrick Sandoval,621107,Zach Eflin,2,1
2023-08-19,716935,Cincinnati Reds,Toronto Blue Jays,3,4,682227,Brandon Williamson,605135,Chris Bassitt,1,2602
2023-08-19,716939,Cleveland Guardians,Detroit Tigers,3,4,676440,Tanner Bibee,666159,Matt Manning,1,5
2023-08-19,716932,Houston Astros,Seattle Mariners,3,10,664285,Framber Valdez,669302,Logan Gilbert,1,2392
2023-08-19,716936,Minnesota Twins,Pittsburgh Pirates,4,7,543243,Sonny Gray,656605,Mitch Keller,1,3312
2023-08-19,716940,St. Louis Cardinals,New York Mets,2,13,571945,Miles Mikolas,673540,Kodai Senga,1,2889
2023-08-19,716934,Atlanta Braves,San Francisco Giants,6,5,630023,Yonny Chirinos,657277,Logan Webb,1,4705
2023-08-19,716933,Colorado Rockies,Chicago White Sox,11,5,607536,Kyle Freeland,669947,Jesse Scholtens,1,19
2023-08-19,716930,Oakland Athletics,Baltimore Orioles,2,7,686610,Ken Waldichuk,608344,Cole Irvin,1,10
2023-08-20,716920,Houston Astros,Seattle Mariners,6,7,686613,Hunter Brown,676106,Emerson Hancock,1,2392
2023-08-20,716927,Atlanta Braves,San Francisco Giants,3,4,608331,Max Fried,596001,Jakob Junis,1,4705
2023-08-20,716928,New York Yankees,Boston Red Sox,5,6,657376,Clarke Schmidt,670174,Josh Winckowski,1,3313
2023-08-20,716922,Cleveland Guardians,Detroit Tigers,1,4,671106,Logan Allen,593958,Eduardo Rodriguez,1,5
2023-08-20,716924,Cincinnati Reds,Toronto Blue Jays,3,10,668881,Hunter Greene,547943,Hyun Jin Ryu,1,2602
2023-08-20,716923,Minnesota Twins,Pittsburgh Pirates,2,0,572971,Dallas Keuchel,621366,Ryan Borucki,1,3312
2023-08-20,716921,St. Louis Cardinals,New York Mets,7,3,641712,Dakota Hudson,471911,Carlos Carrasco,1,2889
2023-08-20,716917,Chicago Cubs,Kansas City Royals,4,3,543294,Kyle Hendricks,543475,Jordan Lyles,1,17
2023-08-20,716918,Texas Rangers,Milwaukee Brewers,2,6,453286,Max Scherzer,605288,Adrian Houser,1,5325
2023-08-20,716916,Colorado Rockies,Chicago White Sox,5,10,623167,Chris Flexen,656302,Dylan Cease,1,19
2023-08-20,716914,Oakland Athletics,Baltimore Orioles,1,12,676664,JP Sears,680694,Kyle Bradish,1,10
2023-08-20,716929,Washington Nationals,Philadelphia Phillies,4,3,592866,Trevor Williams,554430,Zack Wheeler,1,2735
2023-08-21,716913,Detroit Tigers,Chicago Cubs,6,7,656412,Alex Faedo,665871,Javier Assad,1,2394
2023-08-21,716911,Philadelphia Phillies,San Francisco Giants,10,4,605400,Aaron Nola,518397,Scott Alexander,1,2681
2023-08-21,716912,Pittsburgh Pirates,St. Louis Cardinals,11,1,641672,Thomas Hatch,680723,Drew Rom,1,31
2023-08-21,716910,Atlanta Braves,New York Mets,4,10,642216,Allan Winans,656849,David Peterson,1,4705
2023-08-21,716908,Houston Astros,Boston Red Sox,9,4,664299,Cristian Javier,572020,James Paxton,1,2392
2023-08-21,716905,Chicago White Sox,Seattle Mariners,2,14,657053,Touki Toussaint,622491,Luis Castillo,1,4
2023-08-21,716904,Oakland Athletics,Kansas City Royals,6,4,621112,Paul Blackburn,656353,Tucker Davidson,1,10
2023-08-21,716906,Arizona Diamondbacks,Texas Rangers,4,3,573009,Joe Mantiply,656756,Jordan Montgomery,1,15
2023-08-21,716907,San Diego Padres,Miami Marlins,6,2,608379,Michael Wacha,677960,Ryan Weathers,1,2680
2023-08-22,716896,Detroit Tigers,Chicago Cubs,8,6,681857,Reese Olson,592767,Drew Smyly,1,2394
2023-08-22,716898,Tampa Bay Rays,Colorado Rockies,12,4,641793,Zack Littell,621389,Ty Blach,1,12
2023-08-22,716899,Philadelphia Phillies,San Francisco Giants,4,3,592836,Taijuan Walker,690986,Kyle Harrison,1,2681
2023-08-22,716901,Pittsburgh Pirates,St. Louis Cardinals,6,3,670912,Johan Oviedo,425794,Adam Wainwright,1,31
2023-08-22,716902,Baltimore Orioles,Toronto Blue Jays,3,6,680570,Grayson Rodriguez,579328,Yusei Kikuchi,1,2
2023-08-22,716900,New York Yankees,Washington Nationals,1,2,607074,Carlos Rodón,680686,Josiah Gray,1,3313
2023-08-22,716897,Cleveland Guardians,Los Angeles Dodgers,8,3,592789,Noah Syndergaard,676272,Bobby Miller,1,5
2023-08-22,716891,Atlanta Braves,New York Mets,3,2,693821,Bryce Elder,656731,Tylor Megill,1,4705
2023-08-22,716895,Houston Astros,Boston Red Sox,7,3,434378,Justin Verlander,656557,Tanner Houck,1,2392
2023-08-22,716893,Chicago White Sox,Seattle Mariners,3,6,605182,Mike Clevinger,693433,Bryan Woo,1,4
2023-08-22,716894,Milwaukee Brewers,Minnesota Twins,7,3,489119,Wade Miley,641927,Bailey Ober,1,32
2023-08-22,716892,Los Angeles Angels,Cincinnati Reds,3,4,608337,Lucas Giolito,668933,Graham Ashcraft,1,1
2023-08-22,716888,Oakland Athletics,Kansas City Royals,5,4,666204,Dany Jiménez,672582,Angel Zerpa,1,10
2023-08-22,716889,Arizona Diamondbacks,Texas Rangers,6,3,668678,Zac Gallen,592351,Jon Gray,1,15
2023-08-22,716887,San Diego Padres,Miami Marlins,0,3,605483,Blake Snell,666200,Jesús Luzardo,1,2680
2023-08-23,716886,Pittsburgh Pirates,St. Louis Cardinals,4,6,682847,Luis Ortiz,668868,Zack Thompson,1,31
2023-08-23,716885,Detroit Tigers,Chicago Cubs,4,6,669373,Tarik Skubal,592791,Jameson Taillon,1,2394
2023-08-23,716881,Chicago White Sox,Seattle Mariners,5,4,656629,Michael Kopech,669923,George Kirby,1,4
2023-08-23,716882,Milwaukee Brewers,Minnesota Twins,8,7,669203,Corbin Burnes,628317,Kenta Maeda,1,32
2023-08-23,716884,Oakland Athletics,Kansas City Royals,0,4,661309,Adrián Martinez,666142,Cole Ragans,1,10
2023-08-23,716879,Philadelphia Phillies,San Francisco Giants,6,8,547179,Michael Lorenzen,502171,Alex Cobb,1,2681
2023-08-23,716890,Los Angeles Angels,Cincinnati Reds,4,9,660271,Shohei Ohtani,671096,Andrew Abbott,1,1
2023-08-23,716903,Los Angeles Angels,Cincinnati Reds,3,7,672282,Reid Detmers,680689,Lyon Richardson,2,1
2023-08-23,716883,San Diego Padres,Miami Marlins,4,0,607625,Seth Lugo,645261,Sandy Alcantara,1,2680
2023-08-23,716880,Tampa Bay Rays,Colorado Rockies,6,5,650644,Aaron Civale,596295,Austin Gomber,1,12
2023-08-23,716874,Baltimore Orioles,Toronto Blue Jays,7,0,665152,Dean Kremer,592332,Kevin Gausman,1,2
2023-08-23,716877,New York Yankees,Washington Nationals,9,1,622663,Luis Severino,669022,MacKenzie Gore,1,3313
2023-08-23,716875,Cleveland Guardians,Los Angeles Dodgers,1,6,675540,Xzavion Curry,477132,Clayton Kershaw,1,5
2023-08-23,716876,Atlanta Braves,New York Mets,7,0,450203,Charlie Morton,500779,Jose Quintana,1,4705
2023-08-23,716878,Houston Astros,Boston Red Sox,5,7,664353,José Urquidy,519242,Chris Sale,1,2392
2023-08-23,716875,Cleveland Guardians,Los Angeles Dodgers,1,6,675540,Xzavion Curry,477132,Clayton Kershaw,1,5
2023-08-24,716872,New York Yankees,Washington Nationals,5,6,650633,Michael King,571578,Patrick Corbin,1,3313
2023-08-24,716869,Tampa Bay Rays,Colorado Rockies,5,3,542888,Shawn Armstrong,663567,Peter Lambert,1,12
2023-08-24,716873,Houston Astros,Boston Red Sox,1,17,641585,J.P. France,678394,Brayan Bello,1,2392
2023-08-24,716871,Cleveland Guardians,Los Angeles Dodgers,3,9,668909,Gavin Williams,657571,Caleb Ferguson,1,5
2023-08-24,716870,Pittsburgh Pirates,Chicago Cubs,4,5,642239,Rob Zastryzny,657006,Justin Steele,1,31
2023-08-24,716865,Baltimore Orioles,Toronto Blue Jays,5,3,502043,Kyle Gibson,621244,José Berríos,1,2
2023-08-24,716867,Minnesota Twins,Texas Rangers,7,5,641154,Pablo López,571760,Andrew Heaney,1,3312
2023-08-24,716864,Chicago White Sox,Oakland Athletics,5,8,669947,Jesse Scholtens,686610,Ken Waldichuk,1,4
2023-08-24,716868,Arizona Diamondbacks,Cincinnati Reds,3,2,518876,Merrill Kelly,682227,Brandon Williamson,1,15
2023-08-25,716858,Detroit Tigers,Houston Astros,4,1,666159,Matt Manning,664285,Framber Valdez,1,2394
2023-08-25,716863,Miami Marlins,Washington Nationals,4,7,666129,Braxton Garrett,672851,Joan Adon,1,4169
2023-08-25,716854,Tampa Bay Rays,New York Yankees,2,6,621107,Zach Eflin,543037,Gerrit Cole,1,12
2023-08-25,716859,Baltimore Orioles,Colorado Rockies,5,4,608344,Cole Irvin,607536,Kyle Freeland,1,2
2023-08-25,716862,Pittsburgh Pirates,Chicago Cubs,2,1,656605,Mitch Keller,543294,Kyle Hendricks,1,31
2023-08-25,716861,Philadelphia Phillies,St. Louis Cardinals,7,2,650911,Cristopher Sánchez,571945,Miles Mikolas,1,2681
2023-08-25,716860,Toronto Blue Jays,Cleveland Guardians,2,5,605135,Chris Bassitt,676440,Tanner Bibee,1,14
2023-08-25,716866,Boston Red Sox,Los Angeles Dodgers,4,7,676710,Kutter Crawford,458681,Lance Lynn,1,3
2023-08-25,716855,New York Mets,Los Angeles Angels,1,3,673540,Kodai Senga,663776,Patrick Sandoval,1,3289
2023-08-25,716856,Chicago White Sox,Oakland Athletics,4,12,656302,Dylan Cease,594943,Zach Neal,1,4
2023-08-25,716850,Minnesota Twins,Texas Rangers,12,2,543243,Sonny Gray,641540,Dane Dunning,1,3312
2023-08-25,716857,Milwaukee Brewers,San Diego Padres,7,3,605540,Brandon Woodruff,506433,Yu Darvish,1,32
2023-08-25,716851,Arizona Diamondbacks,Cincinnati Reds,10,8,694297,Brandon Pfaadt,668881,Hunter Greene,1,15
2023-08-25,716853,Seattle Mariners,Kansas City Royals,7,5,682243,Bryce Miller,663903,Brady Singer,1,680
2023-08-25,716852,San Francisco Giants,Atlanta Braves,1,5,657277,Logan Webb,675911,Spencer Strider,1,2395
2023-08-26,716846,Toronto Blue Jays,Cleveland Guardians,8,3,547943,Hyun Jin Ryu,671106,Logan Allen,1,14
2023-08-26,716848,San Francisco Giants,Atlanta Braves,3,7,676254,Ryan Walker,608331,Max Fried,1,2395
2023-08-26,716849,Boston Red Sox,Los Angeles Dodgers,8,5,572020,James Paxton,628711,Julio Urías,1,3
2023-08-26,716832,Seattle Mariners,Kansas City Royals,15,2,669302,Logan Gilbert,543475,Jordan Lyles,1,680
2023-08-26,716844,Miami Marlins,Washington Nationals,2,3,691587,Eury Pérez,663623,Jake Irvin,1,4169
2023-08-26,716845,Tampa Bay Rays,New York Yankees,3,0,607192,Tyler Glasnow,657376,Clarke Schmidt,1,12
2023-08-26,716843,Detroit Tigers,Houston Astros,2,9,593958,Eduardo Rodriguez,686613,Hunter Brown,1,2394
2023-08-26,716837,Baltimore Orioles,Colorado Rockies,5,4,680694,Kyle Bradish,623167,Chris Flexen,1,2
2023-08-26,716840,New York Mets,Los Angeles Angels,3,5,471911,Carlos Carrasco,681217,Chase Silseth,1,3289
2023-08-26,716841,Chicago White Sox,Oakland Athletics,6,2,657053,Touki Toussaint,676664,JP Sears,1,4
2023-08-26,716838,Milwaukee Brewers,San Diego Padres,5,4,642547,Freddy Peralta,658648,Pedro Avila,1,32
2023-08-26,716842,Pittsburgh Pirates,Chicago Cubs,6,10,681882,Colin Selby,696136,Jordan Wicks,1,31
2023-08-26,716839,Minnesota Twins,Texas Rangers,2,6,657746,Joe Ryan,453286,Max Scherzer,1,3312
2023-08-26,716847,Philadelphia Phillies,St. Louis Cardinals,12,1,554430,Zack Wheeler,641712,Dakota Hudson,1,2681
2023-08-26,716833,Arizona Diamondbacks,Cincinnati Reds,7,8,605200,Zach Davies,518585,Fernando Cruz,1,15
2023-08-27,716829,New York Mets,Los Angeles Angels,3,2,656849,David Peterson,656288,Griffin Canning,1,3289
2023-08-27,716836,Baltimore Orioles,Colorado Rockies,3,4,656427,Jack Flaherty,621389,Ty Blach,1,2
2023-08-27,716831,Boston Red Sox,Los Angeles Dodgers,4,7,656557,Tanner Houck,657571,Caleb Ferguson,1,3
2023-08-27,716834,Pittsburgh Pirates,Chicago Cubs,1,10,663559,Bailey Falter,665871,Javier Assad,1,31
2023-08-27,716835,Philadelphia Phillies,St. Louis Cardinals,3,0,605400,Aaron Nola,680723,Drew Rom,1,2681
2023-08-27,716825,Toronto Blue Jays,Cleveland Guardians,7,10,579328,Yusei Kikuchi,592789,Noah Syndergaard,1,14
2023-08-27,716830,Detroit Tigers,Houston Astros,4,17,656412,Alex Faedo,434378,Justin Verlander,1,2394
2023-08-27,716827,Miami Marlins,Washington Nationals,2,1,608638,JT Chargois,592866,Trevor Williams,1,4169
2023-08-27,716828,Tampa Bay Rays,New York Yankees,7,4,641793,Zack Littell,607074,Carlos Rodón,1,12
2023-08-27,716824,Minnesota Twins,Texas Rangers,7,6,641927,Bailey Ober,656756,Jordan Montgomery,1,3312
2023-08-27,716826,Chicago White Sox,Oakland Athletics,6,1,605182,Mike Clevinger,621112,Paul Blackburn,1,4
2023-08-27,716822,Milwaukee Brewers,San Diego Padres,10,6,605288,Adrian Houser,608379,Michael Wacha,1,32
2023-08-27,716821,Arizona Diamondbacks,Cincinnati Reds,5,2,677944,Slade Cecconi,668933,Graham Ashcraft,1,15
2023-08-27,716820,Seattle Mariners,Kansas City Royals,3,2,622491,Luis Castillo,679525,Alec Marsh,1,680
2023-08-27,716819,San Francisco Giants,Atlanta Braves,8,5,663941,Tristan Beck,694363,Jared Shuster,1,2395
2023-08-28,716817,Philadelphia Phillies,Los Angeles Angels,6,4,592836,Taijuan Walker,608337,Lucas Giolito,1,2681
2023-08-28,716808,Detroit Tigers,New York Yankees,1,4,681857,Reese Olson,622663,Luis Severino,1,2394
2023-08-28,716815,Baltimore Orioles,Chicago White Sox,9,0,680570,Grayson Rodriguez,656629,Michael Kopech,1,2
2023-08-28,716816,Toronto Blue Jays,Washington Nationals,6,3,592332,Kevin Gausman,680686,Josiah Gray,1,14
2023-08-28,716814,Boston Red Sox,Houston Astros,5,13,519242,Chris Sale,664299,Cristian Javier,1,3
2023-08-28,716818,New York Mets,Texas Rangers,3,4,656731,Tylor Megill,592351,Jon Gray,1,3289
2023-08-28,716813,Minnesota Twins,Cleveland Guardians,10,6,628317,Kenta Maeda,675540,Xzavion Curry,1,3312
2023-08-28,716809,St. Louis Cardinals,San Diego Padres,1,4,425794,Adam Wainwright,605483,Blake Snell,1,2889
2023-08-28,716810,Chicago Cubs,Milwaukee Brewers,2,6,592791,Jameson Taillon,489119,Wade Miley,1,17
2023-08-28,716811,Kansas City Royals,Pittsburgh Pirates,0,5,425844,Zack Greinke,670912,Johan Oviedo,1,7
2023-08-28,716812,Colorado Rockies,Atlanta Braves,4,14,596295,Austin Gomber,693821,Bryce Elder,1,19
2023-08-28,716804,Seattle Mariners,Oakland Athletics,7,0,693433,Bryan Woo,666205,Kyle Muller,1,680
2023-08-28,716823,San Francisco Giants,Cincinnati Reds,4,1,690986,Kyle Harrison,671096,Andrew Abbott,1,2395
2023-08-28,716805,Los Angeles Dodgers,Arizona Diamondbacks,7,4,676272,Bobby Miller,668678,Zac Gallen,1,22
2023-08-29,716806,Philadelphia Phillies,Los Angeles Angels,12,7,547179,Michael Lorenzen,542881,Tyler Anderson,1,2681
2023-08-29,716807,Miami Marlins,Tampa Bay Rays,2,11,645261,Sandy Alcantara,650644,Aaron Civale,1,4169
2023-08-29,716795,Detroit Tigers,New York Yankees,2,4,669373,Tarik Skubal,650633,Michael King,1,2394
2023-08-29,716800,Baltimore Orioles,Chicago White Sox,9,3,665152,Dean Kremer,669947,Jesse Scholtens,1,2
2023-08-29,716801,Toronto Blue Jays,Washington Nationals,4,5,621244,José Berríos,669022,MacKenzie Gore,1,14
2023-08-29,716802,Boston Red Sox,Houston Astros,2,6,678394,Brayan Bello,641585,J.P. France,1,3
2023-08-29,716799,New York Mets,Texas Rangers,1,2,500779,Jose Quintana,571760,Andrew Heaney,1,3289
2023-08-29,716796,Minnesota Twins,Cleveland Guardians,2,4,641154,Pablo López,668909,Gavin Williams,1,3312
2023-08-29,716797,St. Louis Cardinals,San Diego Padres,6,5,668868,Zack Thompson,607625,Seth Lugo,1,2889
2023-08-29,716798,Chicago Cubs,Milwaukee Brewers,1,0,657006,Justin Steele,669203,Corbin Burnes,1,17
2023-08-29,716793,Kansas City Royals,Pittsburgh Pirates,3,6,666142,Cole Ragans,681882,Colin Selby,1,7
2023-08-29,716791,Colorado Rockies,Atlanta Braves,1,3,663567,Peter Lambert,450203,Charlie Morton,1,19
2023-08-29,716790,Seattle Mariners,Oakland Athletics,1,3,596133,Luke Weaver,686610,Ken Waldichuk,1,680
2023-08-29,716803,San Francisco Giants,Cincinnati Reds,6,1,502171,Alex Cobb,682227,Brandon Williamson,1,2395
2023-08-29,716792,Los Angeles Dodgers,Arizona Diamondbacks,9,1,477132,Clayton Kershaw,518876,Merrill Kelly,1,22
2023-08-30,716787,Philadelphia Phillies,Los Angeles Angels,8,10,650911,Cristopher Sánchez,672282,Reid Detmers,1,2681
2023-08-30,716786,Baltimore Orioles,Chicago White Sox,5,10,502043,Kyle Gibson,656302,Dylan Cease,1,2
2023-08-30,716784,Minnesota Twins,Cleveland Guardians,2,5,543243,Sonny Gray,676440,Tanner Bibee,1,3312
2023-08-30,716782,St. Louis Cardinals,San Diego Padres,5,4,571945,Miles Mikolas,448179,Rich Hill,1,2889
2023-08-30,716779,Chicago Cubs,Milwaukee Brewers,3,2,543294,Kyle Hendricks,605540,Brandon Woodruff,1,17
2023-08-30,716785,Toronto Blue Jays,Washington Nationals,7,0,605135,Chris Bassitt,571578,Patrick Corbin,1,14
2023-08-30,716789,San Francisco Giants,Cincinnati Reds,1,4,657277,Logan Webb,668881,Hunter Greene,1,2395
2023-08-30,716794,Boston Red Sox,Houston Astros,4,7,676710,Kutter Crawford,664285,Framber Valdez,1,3
2023-08-30,716788,Seattle Mariners,Oakland Athletics,5,4,682243,Bryce Miller,594943,Zach Neal,1,680
2023-08-30,716783,New York Mets,Texas Rangers,6,5,660593,Denyi Reyes,641540,Dane Dunning,1,3289
2023-08-30,716778,Miami Marlins,Tampa Bay Rays,0,3,666200,Jesús Luzardo,621107,Zach Eflin,1,4169
2023-08-30,716781,Detroit Tigers,New York Yankees,2,6,686839,Brendan White,543037,Gerrit Cole,1,2394
2023-08-30,716780,Kansas City Royals,Pittsburgh Pirates,1,4,672582,Angel Zerpa,656578,Andre Jackson,1,7
2023-08-30,716773,Colorado Rockies,Atlanta Braves,3,7,607536,Kyle Freeland,670241,Darius Vines,1,19
2023-08-30,716774,Los Angeles Dodgers,Arizona Diamondbacks,7,0,686752,Ryan Pepiot,694297,Brandon Pfaadt,1,22
2023-08-31,716775,Detroit Tigers,New York Yankees,4,3,666159,Matt Manning,657376,Clarke Schmidt,1,2394
2023-08-31,716776,Washington Nationals,Miami Marlins,1,6,672851,Joan Adon,666129,Braxton Garrett,1,3309
2023-08-31,716777,San Diego Padres,San Francisco Giants,2,7,658648,Pedro Avila,596001,Jakob Junis,1,2680
2023-08-31,716768,Los Angeles Dodgers,Atlanta Braves,7,8,458681,Lance Lynn,675911,Spencer Strider,1,22
2023-09-01,718700,Cincinnati Reds,Chicago Cubs,2,6,668933,Graham Ashcraft,696136,Jordan Wicks,1,2602
2023-09-01,716770,Cincinnati Reds,Chicago Cubs,3,2,680689,Lyon Richardson,621016,Jose Cuas,2,2602
2023-09-01,716771,Washington Nationals,Miami Marlins,5,8,663623,Jake Irvin,691587,Eury Pérez,1,3309
2023-09-01,716769,New York Mets,Seattle Mariners,2,1,673540,Kodai Senga,669302,Logan Gilbert,1,3289
2023-09-01,716767,Cleveland Guardians,Tampa Bay Rays,3,2,615698,Cal Quantrill,607192,Tyler Glasnow,1,5
2023-09-01,716772,Texas Rangers,Minnesota Twins,1,5,453286,Max Scherzer,657746,Joe Ryan,1,5325
2023-09-01,716764,Kansas City Royals,Boston Red Sox,13,2,543475,Jordan Lyles,572020,James Paxton,1,7
2023-09-01,716762,Chicago White Sox,Detroit Tigers,2,4,657053,Touki Toussaint,593958,Eduardo Rodriguez,1,4
2023-09-01,716763,Houston Astros,New York Yankees,2,6,434378,Justin Verlander,607074,Carlos Rodón,1,2392
2023-09-01,716765,Milwaukee Brewers,Philadelphia Phillies,7,5,642547,Freddy Peralta,554430,Zack Wheeler,1,32
2023-09-01,716766,St. Louis Cardinals,Pittsburgh Pirates,2,4,641712,Dakota Hudson,656605,Mitch Keller,1,2889
2023-09-01,716759,Colorado Rockies,Toronto Blue Jays,9,13,623167,Chris Flexen,547943,Hyun Jin Ryu,1,19
2023-09-01,716756,Arizona Diamondbacks,Baltimore Orioles,4,2,605200,Zach Davies,608344,Cole Irvin,1,15
2023-09-01,716758,Oakland Athletics,Los Angeles Angels,9,2,676664,JP Sears,663776,Patrick Sandoval,1,10
2023-09-01,716761,San Diego Padres,San Francisco Giants,7,3,608379,Michael Wacha,663941,Tristan Beck,1,2680
2023-09-01,716757,Los Angeles Dodgers,Atlanta Braves,3,6,628711,Julio Urías,608331,Max Fried,1,22
2023-09-02,716760,Washington Nationals,Miami Marlins,5,11,592866,Trevor Williams,456501,Johnny Cueto,1,3309
2023-09-02,716755,Oakland Athletics,Los Angeles Angels,2,1,621112,Paul Blackburn,656288,Griffin Canning,1,10
2023-09-02,716754,Cleveland Guardians,Tampa Bay Rays,7,6,671106,Logan Allen,641793,Zack Littell,1,5
2023-09-02,716753,Cincinnati Reds,Chicago Cubs,2,1,671096,Andrew Abbott,665871,Javier Assad,1,2602
2023-09-02,716750,Kansas City Royals,Boston Red Sox,5,9,679525,Alec Marsh,656557,Tanner Houck,1,7
2023-09-02,716751,New York Mets,Seattle Mariners,7,8,656849,David Peterson,622491,Luis Castillo,1,3289
2023-09-02,716749,Chicago White Sox,Detroit Tigers,0,10,605182,Mike Clevinger,681857,Reese Olson,1,4
2023-09-02,716746,Houston Astros,New York Yankees,4,5,686613,Hunter Brown,622663,Luis Severino,1,2392
2023-09-02,716744,St. Louis Cardinals,Pittsburgh Pirates,6,7,680723,Drew Rom,641672,Thomas Hatch,1,2889
2023-09-02,716752,Texas Rangers,Minnesota Twins,7,9,656756,Jordan Montgomery,572971,Dallas Keuchel,1,5325
2023-09-02,716745,Milwaukee Brewers,Philadelphia Phillies,7,5,607067,Colin Rea,605400,Aaron Nola,1,32
2023-09-02,716747,Arizona Diamondbacks,Baltimore Orioles,3,7,677944,Slade Cecconi,680694,Kyle Bradish,1,15
2023-09-02,716748,Colorado Rockies,Toronto Blue Jays,8,7,621389,Ty Blach,579328,Yusei Kikuchi,1,19
2023-09-02,716743,San Diego Padres,San Francisco Giants,6,1,605483,Blake Snell,690986,Kyle Harrison,1,2680
2023-09-02,716741,Los Angeles Dodgers,Atlanta Braves,2,4,686218,Emmet Sheehan,693821,Bryce Elder,1,22
2023-09-03,716738,Cincinnati Reds,Chicago Cubs,7,15,686730,Carson Spiers,592791,Jameson Taillon,1,2602
2023-09-03,716736,Milwaukee Brewers,Philadelphia Phillies,2,4,489119,Wade Miley,624133,Ranger Suarez,1,32
2023-09-03,716740,Washington Nationals,Miami Marlins,4,6,680686,Josiah Gray,645261,Sandy Alcantara,1,3309
2023-09-03,716742,New York Mets,Seattle Mariners,6,3,656731,Tylor Megill,669923,George Kirby,1,3289
2023-09-03,716739,Kansas City Royals,Boston Red Sox,3,7,664199,Taylor Clarke,519242,Chris Sale,1,7
2023-09-03,716734,Chicago White Sox,Detroit Tigers,2,3,656629,Michael Kopech,669373,Tarik Skubal,1,4
2023-09-03,716733,St. Louis Cardinals,Pittsburgh Pirates,6,4,668868,Zack Thompson,670912,Johan Oviedo,1,2889
2023-09-03,716737,Texas Rangers,Minnesota Twins,6,5,592351,Jon Gray,628317,Kenta Maeda,1,5325
2023-09-03,716730,Colorado Rockies,Toronto Blue Jays,5,7,502624,Chase Anderson,592332,Kevin Gausman,1,19
2023-09-03,716731,Oakland Athletics,Los Angeles Angels,10,6,666205,Kyle Muller,542881,Tyler Anderson,1,10
2023-09-03,716732,Arizona Diamondbacks,Baltimore Orioles,5,8,668678,Zac Gallen,656427,Jack Flaherty,1,15
2023-09-03,716728,San Diego Padres,San Francisco Giants,4,0,607625,Seth Lugo,502171,Alex Cobb,1,2680
2023-09-03,716729,Cleveland Guardians,Tampa Bay Rays,2,6,675540,Xzavion Curry,671737,Taj Bradley,1,5
2023-09-03,716725,Los Angeles Dodgers,Atlanta Braves,3,1,676272,Bobby Miller,450203,Charlie Morton,1,22
2023-09-03,716735,Houston Astros,New York Yankees,1,6,664299,Cristian Javier,650633,Michael King,1,2392
2023-09-04,716681,Kansas City Royals,Chicago White Sox,12,1,666142,Cole Ragans,669947,Jesse Scholtens,1,7
2023-09-04,716723,Chicago Cubs,San Francisco Giants,5,0,657006,Justin Steele,657277,Logan Webb,1,17
2023-09-04,716724,Texas Rangers,Houston Astros,6,13,571760,Andrew Heaney,641585,J.P. France,1,5325
2023-09-04,716726,Oakland Athletics,Toronto Blue Jays,5,6,665622,Luis Medina,621244,José Berríos,1,10
2023-09-04,716721,Arizona Diamondbacks,Colorado Rockies,4,2,518876,Merrill Kelly,663567,Peter Lambert,1,15
2023-09-04,716727,Cincinnati Reds,Seattle Mariners,6,3,622088,Tejay Antone,693433,Bryan Woo,1,2602
2023-09-04,716722,Tampa Bay Rays,Boston Red Sox,3,7,650644,Aaron Civale,678394,Brayan Bello,1,12
2023-09-04,716719,Cleveland Guardians,Minnesota Twins,6,20,608337,Lucas Giolito,641154,Pablo López,1,5
2023-09-04,716718,Pittsburgh Pirates,Milwaukee Brewers,4,2,682847,Luis Ortiz,669203,Corbin Burnes,1,31
2023-09-04,716720,San Diego Padres,Philadelphia Phillies,7,9,448179,Rich Hill,592836,Taijuan Walker,1,2680
2023-09-04,716713,Los Angeles Angels,Baltimore Orioles,3,6,670046,Kenny Rosenberg,680570,Grayson Rodriguez,1,1
2023-09-05,716717,Cleveland Guardians,Minnesota Twins,3,8,676440,Tanner Bibee,543243,Sonny Gray,1,5
2023-09-05,716714,Pittsburgh Pirates,Milwaukee Brewers,3,7,656578,Andre Jackson,605540,Brandon Woodruff,1,31
2023-09-05,716712,Cincinnati Reds,Seattle Mariners,7,6,683175,Connor Phillips,682243,Bryce Miller,1,2602
2023-09-05,716716,Tampa Bay Rays,Boston Red Sox,8,6,621107,Zach Eflin,676710,Kutter Crawford,1,12
2023-09-05,716710,Miami Marlins,Los Angeles Dodgers,6,3,666200,Jesús Luzardo,477132,Clayton Kershaw,1,4169
2023-09-05,716715,Washington Nationals,New York Mets,5,11,571578,Patrick Corbin,500779,Jose Quintana,1,3309
2023-09-05,716711,New York Yankees,Detroit Tigers,5,1,543037,Gerrit Cole,656412,Alex Faedo,1,3313
2023-09-05,716709,Atlanta Braves,St. Louis Cardinals,6,10,647336,Michael Soroka,571945,Miles Mikolas,1,4705
2023-09-05,716708,Chicago Cubs,San Francisco Giants,11,8,543294,Kyle Hendricks,676254,Ryan Walker,1,17
2023-09-05,716704,Kansas City Royals,Chicago White Sox,7,6,663903,Brady Singer,656302,Dylan Cease,1,7
2023-09-05,716705,Texas Rangers,Houston Astros,1,14,543135,Nathan Eovaldi,664285,Framber Valdez,1,5325
2023-09-05,716706,Los Angeles Angels,Baltimore Orioles,4,5,672282,Reid Detmers,665152,Dean Kremer,1,1
2023-09-05,716702,Arizona Diamondbacks,Colorado Rockies,2,3,694297,Brandon Pfaadt,607536,Kyle Freeland,1,15
2023-09-05,716707,Oakland Athletics,Toronto Blue Jays,1,7,686610,Ken Waldichuk,605135,Chris Bassitt,1,10
2023-09-05,716703,San Diego Padres,Philadelphia Phillies,8,0,658648,Pedro Avila,547179,Michael Lorenzen,1,2680
2023-09-06,716697,Pittsburgh Pirates,Milwaukee Brewers,5,4,681882,Colin Selby,642547,Freddy Peralta,1,31
2023-09-06,716700,Cleveland Guardians,Minnesota Twins,2,1,668909,Gavin Williams,657746,Joe Ryan,1,5
2023-09-06,716699,Chicago Cubs,San Francisco Giants,8,2,696136,Jordan Wicks,622072,Alex Wood,1,17
2023-09-06,716698,Oakland Athletics,Toronto Blue Jays,5,2,676664,JP Sears,547943,Hyun Jin Ryu,1,10
2023-09-06,716692,Arizona Diamondbacks,Colorado Rockies,12,5,605200,Zach Davies,623167,Chris Flexen,1,15
2023-09-06,716691,San Diego Padres,Philadelphia Phillies,1,5,608379,Michael Wacha,554430,Zack Wheeler,1,2680
2023-09-06,716693,Cincinnati Reds,Seattle Mariners,4,8,680689,Lyon Richardson,669302,Logan Gilbert,1,2602
2023-09-06,716696,Tampa Bay Rays,Boston Red Sox,3,1,607192,Tyler Glasnow,601713,Nick Pivetta,1,12
2023-09-06,716695,Miami Marlins,Los Angeles Dodgers,11,4,608638,JT Chargois,458681,Lance Lynn,1,4169
2023-09-06,716701,Washington Nationals,New York Mets,3,2,672851,Joan Adon,676130,José Buttó,1,3309
2023-09-06,716694,New York Yankees,Detroit Tigers,4,3,657376,Clarke Schmidt,666159,Matt Manning,1,3313
2023-09-06,716689,Atlanta Braves,St. Louis Cardinals,6,11,675911,Spencer Strider,641712,Dakota Hudson,1,4705
2023-09-06,716688,Kansas City Royals,Chicago White Sox,4,6,543475,Jordan Lyles,657053,Touki Toussaint,1,7
2023-09-06,716687,Texas Rangers,Houston Astros,3,12,453286,Max Scherzer,434378,Justin Verlander,1,5325
2023-09-06,716690,Los Angeles Angels,Baltimore Orioles,3,10,663776,Patrick Sandoval,502043,Kyle Gibson,1,1
2023-09-07,716683,Tampa Bay Rays,Seattle Mariners,0,1,641793,Zack Littell,622491,Luis Castillo,1,12
2023-09-07,716682,Miami Marlins,Los Angeles Dodgers,0,10,666129,Braxton Garrett,686752,Ryan Pepiot,1,4169
2023-09-07,716686,New York Yankees,Detroit Tigers,3,10,607074,Carlos Rodón,593958,Eduardo Rodriguez,1,3313
2023-09-07,716680,Atlanta Braves,St. Louis Cardinals,8,5,608331,Max Fried,425794,Adam Wainwright,1,4705
2023-09-07,716685,Chicago Cubs,Arizona Diamondbacks,2,6,665871,Javier Assad,669194,Ryne Nelson,1,17
2023-09-07,716684,Los Angeles Angels,Cleveland Guardians,3,2,646242,Jhonathan Díaz,615698,Cal Quantrill,1,1
2023-09-08,716678,Chicago Cubs,Arizona Diamondbacks,0,1,592791,Jameson Taillon,668678,Zac Gallen,1,17
2023-09-08,716677,Cincinnati Reds,St. Louis Cardinals,4,9,671096,Andrew Abbott,680723,Drew Rom,1,2602
2023-09-08,716671,Tampa Bay Rays,Seattle Mariners,7,4,671737,Taj Bradley,669923,George Kirby,1,12
2023-09-08,716675,Detroit Tigers,Chicago White Sox,0,6,681857,Reese Olson,605182,Mike Clevinger,1,2394
2023-09-08,716676,Washington Nationals,Los Angeles Dodgers,5,8,669022,MacKenzie Gore,686218,Emmet Sheehan,1,3309
2023-09-08,716679,Philadelphia Phillies,Miami Marlins,2,3,650911,Cristopher Sánchez,691587,Eury Pérez,1,2681
2023-09-08,716670,New York Yankees,Milwaukee Brewers,2,8,622663,Luis Severino,607067,Colin Rea,1,3313
2023-09-08,716673,Toronto Blue Jays,Kansas City Royals,5,4,579328,Yusei Kikuchi,676092,Collin Snider,1,14
2023-09-08,716672,Boston Red Sox,Baltimore Orioles,2,11,656557,Tanner Houck,680694,Kyle Bradish,1,3
2023-09-08,716674,Atlanta Braves,Pittsburgh Pirates,8,2,693821,Bryce Elder,656605,Mitch Keller,1,4705
2023-09-08,716665,Texas Rangers,Oakland Athletics,3,6,656756,Jordan Montgomery,621112,Paul Blackburn,1,5325
2023-09-08,716669,Houston Astros,San Diego Padres,2,11,686613,Hunter Brown,605483,Blake Snell,1,2392
2023-09-08,716666,Minnesota Twins,New York Mets,5,2,572971,Dallas Keuchel,673540,Kodai Senga,1,3312
2023-09-08,716667,Los Angeles Angels,Cleveland Guardians,3,6,656288,Griffin Canning,671106,Logan Allen,1,1
2023-09-08,716668,San Francisco Giants,Colorado Rockies,9,8,690986,Kyle Harrison,621389,Ty Blach,1,2395
2023-09-09,716659,New York Yankees,Milwaukee Brewers,2,9,650633,Michael King,489119,Wade Miley,1,3313
2023-09-09,716654,Minnesota Twins,New York Mets,8,4,628317,Kenta Maeda,656849,David Peterson,1,3312
2023-09-09,716660,Chicago Cubs,Arizona Diamondbacks,2,3,657006,Justin Steele,518876,Merrill Kelly,1,17
2023-09-09,716661,Toronto Blue Jays,Kansas City Royals,5,1,592332,Kevin Gausman,663704,James McArthur,1,14
2023-09-09,716662,Washington Nationals,Los Angeles Dodgers,7,6,663623,Jake Irvin,676272,Bobby Miller,1,3309
2023-09-09,716656,Tampa Bay Rays,Seattle Mariners,7,5,650644,Aaron Civale,663423,Trent Thornton,1,12
2023-09-09,716664,Boston Red Sox,Baltimore Orioles,12,13,519242,Chris Sale,656427,Jack Flaherty,1,3
2023-09-09,716653,Philadelphia Phillies,Miami Marlins,8,4,605400,Aaron Nola,456501,Johnny Cueto,1,2681
2023-09-09,716658,Detroit Tigers,Chicago White Sox,3,1,669373,Tarik Skubal,570632,José Ureña,1,2394
2023-09-09,716655,Cincinnati Reds,St. Louis Cardinals,3,4,686730,Carson Spiers,668868,Zack Thompson,1,2602
2023-09-09,716657,Texas Rangers,Oakland Athletics,3,2,543135,Nathan Eovaldi,656794,Sean Newcomb,1,5325
2023-09-09,716649,Houston Astros,San Diego Padres,7,5,664299,Cristian Javier,607625,Seth Lugo,1,2392
2023-09-09,716651,Atlanta Braves,Pittsburgh Pirates,4,8,689266,Dylan Dodd,670912,Johan Oviedo,1,4705
2023-09-09,716663,San Francisco Giants,Colorado Rockies,9,1,657277,Logan Webb,502624,Chase Anderson,1,2395
2023-09-09,716650,Los Angeles Angels,Cleveland Guardians,6,2,542881,Tyler Anderson,608337,Lucas Giolito,1,1
2023-09-10,716643,Philadelphia Phillies,Miami Marlins,4,5,624133,Ranger Suarez,595345,Steven Okert,1,2681
2023-09-10,716645,Tampa Bay Rays,Seattle Mariners,6,3,621107,Zach Eflin,682243,Bryce Miller,1,12
2023-09-10,716648,Detroit Tigers,Chicago White Sox,3,2,687830,Sawyer Gipson-Long,669947,Jesse Scholtens,1,2394
2023-09-10,716652,Boston Red Sox,Baltimore Orioles,7,3,678394,Brayan Bello,680570,Grayson Rodriguez,1,3
2023-09-10,716647,Washington Nationals,Los Angeles Dodgers,3,7,592866,Trevor Williams,642232,Ryan Yarbrough,1,3309
2023-09-10,716644,Atlanta Braves,Pittsburgh Pirates,5,2,642216,Allan Winans,682847,Luis Ortiz,1,4705
2023-09-10,716646,New York Yankees,Milwaukee Brewers,4,3,543037,Gerrit Cole,669203,Corbin Burnes,1,3313
2023-09-10,716641,Toronto Blue Jays,Kansas City Royals,5,2,621244,José Berríos,666142,Cole Ragans,1,14
2023-09-10,716642,Cincinnati Reds,St. Louis Cardinals,7,1,668881,Hunter Greene,571945,Miles Mikolas,1,2602
2023-09-10,716640,Houston Astros,San Diego Padres,12,2,641585,J.P. France,663362,Matt Waldron,1,2392
2023-09-10,716639,Minnesota Twins,New York Mets,0,2,641154,Pablo López,656731,Tylor Megill,1,3312
2023-09-10,716638,Chicago Cubs,Arizona Diamondbacks,5,2,543294,Kyle Hendricks,694297,Brandon Pfaadt,1,17
2023-09-10,716637,Texas Rangers,Oakland Athletics,9,4,592351,Jon Gray,665622,Luis Medina,1,5325
2023-09-10,716633,Los Angeles Angels,Cleveland Guardians,2,1,670046,Kenny Rosenberg,676440,Tanner Bibee,1,1
2023-09-10,716634,San Francisco Giants,Colorado Rockies,6,3,676775,Keaton Winn,663567,Peter Lambert,1,2395
2023-09-11,717664,Philadelphia Phillies,Atlanta Braves,8,10,592836,Taijuan Walker,450203,Charlie Morton,1,2681
2023-09-11,716590,Philadelphia Phillies,Atlanta Braves,7,5,547179,Michael Lorenzen,657140,Kyle Wright,2,2681
2023-09-11,716635,Pittsburgh Pirates,Washington Nationals,2,6,656578,Andre Jackson,571578,Patrick Corbin,1,31
2023-09-11,716636,Baltimore Orioles,St. Louis Cardinals,11,5,665152,Dean Kremer,641712,Dakota Hudson,1,2
2023-09-11,716630,Toronto Blue Jays,Texas Rangers,4,10,605135,Chris Bassitt,641540,Dane Dunning,1,14
2023-09-11,716627,New York Mets,Arizona Diamondbacks,3,4,500779,Jose Quintana,605200,Zach Davies,1,3289
2023-09-11,716629,Minnesota Twins,Tampa Bay Rays,4,7,543243,Sonny Gray,607192,Tyler Glasnow,1,3312
2023-09-11,716626,Milwaukee Brewers,Miami Marlins,12,0,605540,Brandon Woodruff,666200,Jesús Luzardo,1,32
2023-09-11,716624,Houston Astros,Oakland Athletics,0,4,664285,Framber Valdez,695243,Mason Miller,1,2392
2023-09-11,716625,Colorado Rockies,Chicago Cubs,4,5,607536,Kyle Freeland,696136,Jordan Wicks,1,19
2023-09-11,716623,Seattle Mariners,Los Angeles Angels,5,8,669302,Logan Gilbert,672282,Reid Detmers,1,680
2023-09-11,716632,San Francisco Giants,Cleveland Guardians,5,4,502171,Alex Cobb,668909,Gavin Williams,1,2395
2023-09-11,716622,Los Angeles Dodgers,San Diego Padres,8,11,694813,Gavin Stone,658648,Pedro Avila,1,22
2023-09-12,716628,Boston Red Sox,New York Yankees,2,3,601713,Nick Pivetta,681190,Randy Vásquez,1,3
2023-09-12,716612,Boston Red Sox,New York Yankees,1,4,676710,Kutter Crawford,607074,Carlos Rodón,2,3
2023-09-12,716611,Chicago White Sox,Kansas City Royals,6,2,656302,Dylan Cease,663903,Brady Singer,1,4
2023-09-12,716631,Chicago White Sox,Kansas City Royals,10,11,657053,Touki Toussaint,543475,Jordan Lyles,2,4
2023-09-12,716620,Pittsburgh Pirates,Washington Nationals,5,1,663559,Bailey Falter,672851,Joan Adon,1,31
2023-09-12,716621,Baltimore Orioles,St. Louis Cardinals,2,5,607644,John Means,425794,Adam Wainwright,1,2
2023-09-12,716617,Detroit Tigers,Cincinnati Reds,5,6,666214,Joey Wentz,682227,Brandon Williamson,1,2394
2023-09-12,716618,Philadelphia Phillies,Atlanta Braves,6,7,554430,Zack Wheeler,608331,Max Fried,1,2681
2023-09-12,716616,Toronto Blue Jays,Texas Rangers,3,6,547943,Hyun Jin Ryu,453286,Max Scherzer,1,14
2023-09-12,716615,New York Mets,Arizona Diamondbacks,7,4,676130,José Buttó,669194,Ryne Nelson,1,3289
2023-09-12,716613,Minnesota Twins,Tampa Bay Rays,3,2,657746,Joe Ryan,641793,Zack Littell,1,3312
2023-09-12,716610,Milwaukee Brewers,Miami Marlins,3,1,642547,Freddy Peralta,608638,JT Chargois,1,32
2023-09-12,716614,Houston Astros,Oakland Athletics,2,6,434378,Justin Verlander,676664,JP Sears,1,2392
2023-09-12,716609,Colorado Rockies,Chicago Cubs,6,4,623167,Chris Flexen,665871,Javier Assad,1,19
2023-09-12,716606,Seattle Mariners,Los Angeles Angels,8,0,693433,Bryan Woo,663776,Patrick Sandoval,1,680
2023-09-12,716619,San Francisco Giants,Cleveland Guardians,1,3,640455,Sean Manaea,615698,Cal Quantrill,1,2395
2023-09-12,716608,Los Angeles Dodgers,San Diego Padres,11,2,458681,Lance Lynn,608379,Michael Wacha,1,22
2023-09-13,716607,Minnesota Twins,Tampa Bay Rays,4,5,572971,Dallas Keuchel,671737,Taj Bradley,1,3312
2023-09-13,716599,Colorado Rockies,Chicago Cubs,7,3,621389,Ty Blach,592791,Jameson Taillon,1,19
2023-09-13,716605,San Francisco Giants,Cleveland Guardians,6,5,690986,Kyle Harrison,671106,Logan Allen,1,2395
2023-09-13,716602,Seattle Mariners,Los Angeles Angels,3,2,622491,Luis Castillo,681806,Andrew Wantz,1,680
2023-09-13,716600,Pittsburgh Pirates,Washington Nationals,7,6,681882,Colin Selby,671131,Jackson Rutledge,1,31
2023-09-13,716604,Baltimore Orioles,St. Louis Cardinals,0,1,502043,Kyle Gibson,680723,Drew Rom,1,2
2023-09-13,716601,Detroit Tigers,Cincinnati Reds,3,4,593958,Eduardo Rodriguez,683175,Connor Phillips,1,2394
2023-09-13,716603,Philadelphia Phillies,Atlanta Braves,1,4,650911,Cristopher Sánchez,675911,Spencer Strider,1,2681
2023-09-13,716594,Toronto Blue Jays,Texas Rangers,0,10,579328,Yusei Kikuchi,656756,Jordan Montgomery,1,14
2023-09-13,716595,New York Mets,Arizona Diamondbacks,7,1,664192,Joey Lucchesi,668678,Zac Gallen,1,3289
2023-09-13,716596,Houston Astros,Oakland Athletics,6,2,686613,Hunter Brown,621112,Paul Blackburn,1,2392
2023-09-13,716598,Chicago White Sox,Kansas City Royals,1,7,605182,Mike Clevinger,674444,Steven Cruz,1,4
2023-09-13,716592,Milwaukee Brewers,Miami Marlins,0,2,656730,Trevor Megill,666129,Braxton Garrett,1,32
2023-09-13,716589,Los Angeles Dodgers,San Diego Padres,1,6,686752,Ryan Pepiot,605483,Blake Snell,1,22
2023-09-14,716591,Pittsburgh Pirates,Washington Nationals,2,0,656605,Mitch Keller,680686,Josiah Gray,1,31
2023-09-14,716584,Detroit Tigers,Cincinnati Reds,8,2,681857,Reese Olson,571882,Derek Law,1,2394
2023-09-14,716597,Boston Red Sox,New York Yankees,5,0,656557,Tanner Houck,650633,Michael King,1,3
2023-09-14,716593,Boston Red Sox,New York Yankees,5,8,687798,Nick Robertson,657376,Clarke Schmidt,2,3
2023-09-14,716585,Milwaukee Brewers,Miami Marlins,4,2,605288,Adrian Houser,691587,Eury Pérez,1,32
2023-09-14,716588,New York Mets,Arizona Diamondbacks,11,1,673540,Kodai Senga,518876,Merrill Kelly,1,3289
2023-09-14,716587,Toronto Blue Jays,Texas Rangers,2,9,592332,Kevin Gausman,543135,Nathan Eovaldi,1,14
2023-09-14,716586,Baltimore Orioles,Tampa Bay Rays,3,4,680694,Kyle Bradish,650644,Aaron Civale,1,2
2023-09-14,716580,Chicago White Sox,Minnesota Twins,2,10,570632,José Ureña,628317,Kenta Maeda,1,4
2023-09-15,716579,Pittsburgh Pirates,New York Yankees,5,7,670912,Johan Oviedo,543037,Gerrit Cole,1,31
2023-09-15,716582,Miami Marlins,Atlanta Braves,9,6,456501,Johnny Cueto,693821,Bryce Elder,1,4169
2023-09-15,716583,Baltimore Orioles,Tampa Bay Rays,1,7,656427,Jack Flaherty,621107,Zach Eflin,1,2
2023-09-15,716576,Toronto Blue Jays,Boston Red Sox,3,0,621244,José Berríos,678394,Brayan Bello,1,14
2023-09-15,716574,New York Mets,Cincinnati Reds,3,5,656849,David Peterson,668881,Hunter Greene,1,3289
2023-09-15,716575,Cleveland Guardians,Texas Rangers,12,3,608337,Lucas Giolito,592351,Jon Gray,1,5
2023-09-15,716573,Chicago White Sox,Minnesota Twins,2,10,669947,Jesse Scholtens,641927,Bailey Ober,1,4
2023-09-15,716577,Kansas City Royals,Houston Astros,4,2,425844,Zack Greinke,664299,Cristian Javier,1,7
2023-09-15,716578,Milwaukee Brewers,Washington Nationals,5,3,489119,Wade Miley,663623,Jake Irvin,1,32
2023-09-15,716572,St. Louis Cardinals,Philadelphia Phillies,4,5,668868,Zack Thompson,605400,Aaron Nola,1,2889
2023-09-15,716571,Colorado Rockies,San Francisco Giants,3,2,502624,Chase Anderson,657277,Logan Webb,1,19
2023-09-15,716570,Los Angeles Angels,Detroit Tigers,2,11,656288,Griffin Canning,669373,Tarik Skubal,1,1
2023-09-15,716567,Arizona Diamondbacks,Chicago Cubs,6,4,694297,Brandon Pfaadt,657006,Justin Steele,1,15
2023-09-15,716569,Oakland Athletics,San Diego Padres,3,8,656794,Sean Newcomb,607625,Seth Lugo,1,10
2023-09-15,716568,Seattle Mariners,Los Angeles Dodgers,3,6,669923,George Kirby,676272,Bobby Miller,1,680
2023-09-16,716581,Colorado Rockies,San Francisco Giants,9,5,608718,Brent Suter,676775,Keaton Winn,1,19
2023-09-16,716550,Colorado Rockies,San Francisco Giants,5,2,607536,Kyle Freeland,518397,Scott Alexander,2,19
2023-09-16,716566,Toronto Blue Jays,Boston Red Sox,4,3,605135,Chris Bassitt,519242,Chris Sale,1,14
2023-09-16,716564,Oakland Athletics,San Diego Padres,2,5,695243,Mason Miller,663362,Matt Waldron,1,10
2023-09-16,716565,Miami Marlins,Atlanta Braves,11,5,663773,Bryan Hoeing,694363,Jared Shuster,1,4169
2023-09-16,716562,Cleveland Guardians,Texas Rangers,2,1,676440,Tanner Bibee,641540,Dane Dunning,1,5
2023-09-16,716563,Pittsburgh Pirates,New York Yankees,3,6,682847,Luis Ortiz,596133,Luke Weaver,1,31
2023-09-16,716561,Baltimore Orioles,Tampa Bay Rays,8,0,680570,Grayson Rodriguez,607192,Tyler Glasnow,1,2
2023-09-16,716560,Kansas City Royals,Houston Astros,10,8,666142,Cole Ragans,641585,J.P. France,1,7
2023-09-16,716555,New York Mets,Cincinnati Reds,2,3,656731,Tylor Megill,671096,Andrew Abbott,1,3289
2023-09-16,716556,Chicago White Sox,Minnesota Twins,7,6,657053,Touki Toussaint,641154,Pablo López,1,4
2023-09-16,716559,Milwaukee Brewers,Washington Nationals,9,5,669203,Corbin Burnes,592866,Trevor Williams,1,32
2023-09-16,716557,St. Louis Cardinals,Philadelphia Phillies,1,6,571945,Miles Mikolas,624133,Ranger Suarez,1,2889
2023-09-16,716558,Arizona Diamondbacks,Chicago Cubs,7,6,605200,Zach Davies,543294,Kyle Hendricks,1,15
2023-09-16,716554,Los Angeles Angels,Detroit Tigers,4,5,542881,Tyler Anderson,687830,Sawyer Gipson-Long,1,1
2023-09-16,716552,Seattle Mariners,Los Angeles Dodgers,2,6,682243,Bryce Miller,477132,Clayton Kershaw,1,680
2023-09-17,716553,Baltimore Orioles,Tampa Bay Rays,5,4,665152,Dean Kremer,641793,Zack Littell,1,2
2023-09-17,716551,Pittsburgh Pirates,New York Yankees,3,2,681882,Colin Selby,607074,Carlos Rodón,1,31
2023-09-17,716548,Toronto Blue Jays,Boston Red Sox,3,2,547943,Hyun Jin Ryu,601713,Nick Pivetta,1,14
2023-09-17,716545,New York Mets,Cincinnati Reds,8,4,500779,Jose Quintana,682227,Brandon Williamson,1,3289
2023-09-17,716549,Cleveland Guardians,Texas Rangers,9,2,668909,Gavin Williams,674003,Cody Bradford,1,5
2023-09-17,716546,Miami Marlins,Atlanta Braves,16,2,666200,Jesús Luzardo,450203,Charlie Morton,1,4169
2023-09-17,716547,Kansas City Royals,Houston Astros,1,7,543475,Jordan Lyles,664285,Framber Valdez,1,7
2023-09-17,716542,Chicago White Sox,Minnesota Twins,0,4,656302,Dylan Cease,543243,Sonny Gray,1,4
2023-09-17,716543,Milwaukee Brewers,Washington Nationals,1,2,605540,Brandon Woodruff,571578,Patrick Corbin,1,32
2023-09-17,716541,St. Louis Cardinals,Philadelphia Phillies,6,5,641712,Dakota Hudson,592836,Taijuan Walker,1,2889
2023-09-17,716540,Colorado Rockies,San Francisco Giants,10,11,623167,Chris Flexen,640455,Sean Manaea,1,19
2023-09-17,716544,Los Angeles Angels,Detroit Tigers,3,5,623474,Jimmy Herget,622766,Miguel Díaz,1,1
2023-09-17,716538,Oakland Athletics,San Diego Padres,1,10,671212,Joe Boyle,607259,Nick Martinez,1,10
2023-09-17,716537,Seattle Mariners,Los Angeles Dodgers,1,6,669302,Logan Gilbert,571946,Shelby Miller,1,680
2023-09-17,716536,Arizona Diamondbacks,Chicago Cubs,6,2,669194,Ryne Nelson,696136,Jordan Wicks,1,15
2023-09-18,716529,Kansas City Royals,Cleveland Guardians,6,4,663903,Brady Singer,615698,Cal Quantrill,1,7
2023-09-18,716534,Cincinnati Reds,Minnesota Twins,7,3,683175,Connor Phillips,657746,Joe Ryan,1,2602
2023-09-18,716535,Miami Marlins,New York Mets,1,2,665795,Edward Cabrera,676130,José Buttó,1,4169
2023-09-18,716539,Washington Nationals,Chicago White Sox,1,6,672851,Joan Adon,605182,Mike Clevinger,1,3309
2023-09-18,716532,Atlanta Braves,Philadelphia Phillies,1,7,657140,Kyle Wright,554430,Zack Wheeler,1,4705
2023-09-18,716531,St. Louis Cardinals,Milwaukee Brewers,1,0,425794,Adam Wainwright,642547,Freddy Peralta,1,2889
2023-09-18,716533,Texas Rangers,Boston Red Sox,2,4,656756,Jordan Montgomery,676710,Kutter Crawford,1,5325
2023-09-18,716530,Houston Astros,Baltimore Orioles,7,8,434378,Justin Verlander,607644,John Means,1,2392
2023-09-18,716526,San Diego Padres,Colorado Rockies,11,9,608379,Michael Wacha,621389,Ty Blach,1,2680
2023-09-18,716527,Oakland Athletics,Seattle Mariners,0,5,676664,JP Sears,693433,Bryan Woo,1,10
2023-09-18,716528,Los Angeles Dodgers,Detroit Tigers,8,3,458681,Lance Lynn,593958,Eduardo Rodriguez,1,22
2023-09-19,716524,Tampa Bay Rays,Los Angeles Angels,6,2,671737,Taj Bradley,663776,Patrick Sandoval,1,12
2023-09-19,716522,Cincinnati Reds,Minnesota Twins,0,7,518585,Fernando Cruz,628317,Kenta Maeda,1,2602
2023-09-19,716523,Miami Marlins,New York Mets,4,3,666129,Braxton Garrett,664192,Joey Lucchesi,1,4169
2023-09-19,716525,Washington Nationals,Chicago White Sox,4,3,671131,Jackson Rutledge,570632,José Ureña,1,3309
2023-09-19,716520,New York Yankees,Toronto Blue Jays,1,7,657376,Clarke Schmidt,579328,Yusei Kikuchi,1,3313
2023-09-19,716521,Atlanta Braves,Philadelphia Phillies,9,3,675911,Spencer Strider,650911,Cristopher Sánchez,1,4705
2023-09-19,716517,Kansas City Royals,Cleveland Guardians,7,6,674444,Steven Cruz,671106,Logan Allen,1,7
2023-09-19,716518,Chicago Cubs,Pittsburgh Pirates,14,1,665871,Javier Assad,663559,Bailey Falter,1,17
2023-09-19,716515,St. Louis Cardinals,Milwaukee Brewers,3,7,680723,Drew Rom,656730,Trevor Megill,1,2889
2023-09-19,716519,Texas Rangers,Boston Red Sox,6,4,543135,Nathan Eovaldi,656557,Tanner Houck,1,5325
2023-09-19,716514,Houston Astros,Baltimore Orioles,5,9,686613,Hunter Brown,502043,Kyle Gibson,1,2392
2023-09-19,716516,San Diego Padres,Colorado Rockies,2,0,605483,Blake Snell,663372,Ryan Feltner,1,2680
2023-09-19,716512,Oakland Athletics,Seattle Mariners,2,7,621112,Paul Blackburn,622491,Luis Castillo,1,10
2023-09-19,716511,Arizona Diamondbacks,San Francisco Giants,8,4,668678,Zac Gallen,502171,Alex Cobb,1,15
2023-09-19,716510,Los Angeles Dodgers,Detroit Tigers,3,2,657571,Caleb Ferguson,622766,Miguel Díaz,1,22
2023-09-20,716509,Atlanta Braves,Philadelphia Phillies,5,6,693821,Bryce Elder,605400,Aaron Nola,1,4705
2023-09-20,716506,Cincinnati Reds,Minnesota Twins,3,5,668881,Hunter Greene,641927,Bailey Ober,1,2602
2023-09-20,716513,Washington Nationals,Chicago White Sox,13,3,680686,Josiah Gray,656629,Michael Kopech,1,3309
2023-09-20,716507,Texas Rangers,Boston Red Sox,15,5,592351,Jon Gray,678394,Brayan Bello,1,5325
2023-09-20,716508,Houston Astros,Baltimore Orioles,2,1,664299,Cristian Javier,680694,Kyle Bradish,1,2392
2023-09-20,716505,Kansas City Royals,Cleveland Guardians,6,2,425844,Zack Greinke,608337,Lucas Giolito,1,7
2023-09-20,716504,Oakland Athletics,Seattle Mariners,3,6,683155,Joey Estes,669923,George Kirby,1,10
2023-09-20,716499,Arizona Diamondbacks,San Francisco Giants,7,1,518876,Merrill Kelly,657277,Logan Webb,1,15
2023-09-20,716500,San Diego Padres,Colorado Rockies,3,2,607625,Seth Lugo,502624,Chase Anderson,1,2680
2023-09-20,716501,Tampa Bay Rays,Los Angeles Angels,3,8,650644,Aaron Civale,672282,Reid Detmers,1,12
2023-09-20,716503,Miami Marlins,New York Mets,3,8,691587,Eury Pérez,673540,Kodai Senga,1,4169
2023-09-20,716502,New York Yankees,Toronto Blue Jays,1,6,650633,Michael King,592332,Kevin Gausman,1,3313
2023-09-20,716497,Chicago Cubs,Pittsburgh Pirates,7,13,657006,Justin Steele,656605,Mitch Keller,1,17
2023-09-20,716495,St. Louis Cardinals,Milwaukee Brewers,2,8,668868,Zack Thompson,605288,Adrian Houser,1,2889
2023-09-20,716494,Los Angeles Dodgers,Detroit Tigers,2,4,676272,Bobby Miller,681857,Reese Olson,1,22
2023-09-21,716498,Tampa Bay Rays,Los Angeles Angels,5,4,621107,Zach Eflin,656288,Griffin Canning,1,12
2023-09-21,716491,St. Louis Cardinals,Milwaukee Brewers,0,6,571945,Miles Mikolas,489119,Wade Miley,1,2889
2023-09-21,716496,Washington Nationals,Atlanta Braves,3,10,663623,Jake Irvin,608331,Max Fried,1,3309
2023-09-21,716492,New York Yankees,Toronto Blue Jays,5,3,543037,Gerrit Cole,621244,José Berríos,1,3313
2023-09-21,716489,Cleveland Guardians,Baltimore Orioles,5,2,683769,Hunter Gaddis,680570,Grayson Rodriguez,1,5
2023-09-21,716490,Philadelphia Phillies,New York Mets,5,4,624133,Ranger Suarez,656849,David Peterson,1,2681
2023-09-21,716493,Chicago Cubs,Pittsburgh Pirates,6,8,543294,Kyle Hendricks,670912,Johan Oviedo,1,17
2023-09-21,716488,Oakland Athletics,Detroit Tigers,3,7,665622,Luis Medina,669373,Tarik Skubal,1,10
2023-09-21,716484,Los Angeles Dodgers,San Francisco Giants,7,2,686218,Emmet Sheehan,690986,Kyle Harrison,1,22
2023-09-22,716486,Chicago Cubs,Colorado Rockies,6,0,592791,Jameson Taillon,663562,Noah Davis,1,17
2023-09-22,716487,Cincinnati Reds,Pittsburgh Pirates,5,7,671096,Andrew Abbott,656578,Andre Jackson,1,2602
2023-09-22,716479,Tampa Bay Rays,Toronto Blue Jays,2,6,607192,Tyler Glasnow,605135,Chris Bassitt,1,12
2023-09-22,716482,Miami Marlins,Milwaukee Brewers,1,16,608638,JT Chargois,669203,Corbin Burnes,1,4169
2023-09-22,716481,Philadelphia Phillies,New York Mets,5,4,592836,Taijuan Walker,656731,Tylor Megill,1,2681
2023-09-22,716485,Washington Nationals,Atlanta Braves,6,9,571578,Patrick Corbin,450203,Charlie Morton,1,3309
2023-09-22,716480,New York Yankees,Arizona Diamondbacks,7,1,596133,Luke Weaver,694297,Brandon Pfaadt,1,3313
2023-09-22,716483,Cleveland Guardians,Baltimore Orioles,9,8,669456,Shane Bieber,665152,Dean Kremer,1,5
2023-09-22,716478,Boston Red Sox,Chicago White Sox,3,2,519242,Chris Sale,657053,Touki Toussaint,1,3
2023-09-22,716477,Texas Rangers,Seattle Mariners,8,5,641540,Dane Dunning,682243,Bryce Miller,1,5325
2023-09-22,716473,Houston Astros,Kansas City Royals,5,7,664285,Framber Valdez,666142,Cole Ragans,1,2392
2023-09-22,716475,Minnesota Twins,Los Angeles Angels,8,6,641154,Pablo López,660761,José Suarez,1,3312
2023-09-22,716472,Oakland Athletics,Detroit Tigers,8,2,686610,Ken Waldichuk,687830,Sawyer Gipson-Long,1,10
2023-09-22,716476,San Diego Padres,St. Louis Cardinals,4,2,663362,Matt Waldron,641712,Dakota Hudson,1,2680
2023-09-22,716474,Los Angeles Dodgers,San Francisco Giants,1,5,657571,Caleb Ferguson,640455,Sean Manaea,1,22
2023-09-23,716465,Minnesota Twins,Los Angeles Angels,0,1,543243,Sonny Gray,670046,Kenny Rosenberg,1,3312
2023-09-23,716469,Chicago Cubs,Colorado Rockies,6,3,573186,Marcus Stroman,623167,Chris Flexen,1,17
2023-09-23,716466,Philadelphia Phillies,New York Mets,7,5,554430,Zack Wheeler,500779,Jose Quintana,1,2681
2023-09-23,716470,Oakland Athletics,Detroit Tigers,4,1,671212,Joe Boyle,622766,Miguel Díaz,1,10
2023-09-23,716463,Tampa Bay Rays,Toronto Blue Jays,7,6,641793,Zack Littell,547943,Hyun Jin Ryu,1,12
2023-09-23,716468,Boston Red Sox,Chicago White Sox,0,1,601713,Nick Pivetta,656302,Dylan Cease,1,3
2023-09-23,716460,Miami Marlins,Milwaukee Brewers,5,4,666200,Jesús Luzardo,605540,Brandon Woodruff,1,4169
2023-09-23,716464,Cleveland Guardians,Baltimore Orioles,1,2,615698,Cal Quantrill,607644,John Means,1,5
2023-09-23,716462,Cincinnati Reds,Pittsburgh Pirates,12,13,683175,Connor Phillips,663559,Bailey Falter,1,2602
2023-09-23,716461,Texas Rangers,Seattle Mariners,2,0,656756,Jordan Montgomery,669302,Logan Gilbert,1,5325
2023-09-23,716455,Houston Astros,Kansas City Royals,2,3,641585,J.P. France,543475,Jordan Lyles,1,2392
2023-09-23,716457,San Diego Padres,St. Louis Cardinals,2,5,607259,Nick Martinez,663765,Jake Woodford,1,2680
2023-09-23,716456,Los Angeles Dodgers,San Francisco Giants,7,0,477132,Clayton Kershaw,605154,John Brebbia,1,22
2023-09-24,716452,Tampa Bay Rays,Toronto Blue Jays,5,9,671737,Taj Bradley,579328,Yusei Kikuchi,1,12
2023-09-24,716459,Washington Nationals,Atlanta Braves,3,2,671131,Jackson Rutledge,642216,Allan Winans,1,3309
2023-09-24,716467,Washington Nationals,Atlanta Braves,5,8,672851,Joan Adon,675911,Spencer Strider,2,3309
2023-09-24,716453,Boston Red Sox,Chicago White Sox,2,3,676710,Kutter Crawford,605182,Mike Clevinger,1,3
2023-09-24,716458,New York Yankees,Arizona Diamondbacks,1,7,607074,Carlos Rodón,668678,Zac Gallen,1,3313
2023-09-24,716450,Cleveland Guardians,Baltimore Orioles,1,5,663474,Triston McKenzie,502043,Kyle Gibson,1,5
2023-09-24,716451,Cincinnati Reds,Pittsburgh Pirates,4,2,682227,Brandon Williamson,682990,Quinn Priester,1,2602
2023-09-24,716447,Miami Marlins,Milwaukee Brewers,6,1,665795,Edward Cabrera,642547,Freddy Peralta,1,4169
2023-09-24,716448,Houston Astros,Kansas City Royals,5,6,686613,Hunter Brown,674444,Steven Cruz,1,2392
2023-09-24,716445,Minnesota Twins,Los Angeles Angels,9,3,657746,Joe Ryan,681806,Andrew Wantz,1,3312
2023-09-24,716449,Chicago Cubs,Colorado Rockies,4,3,696136,Jordan Wicks,621389,Ty Blach,1,17
2023-09-24,716446,Texas Rangers,Seattle Mariners,9,8,543135,Nathan Eovaldi,693433,Bryan Woo,1,5325
2023-09-24,716442,Oakland Athletics,Detroit Tigers,0,2,676664,JP Sears,593958,Eduardo Rodriguez,1,10
2023-09-24,716444,San Diego Padres,St. Louis Cardinals,12,2,608379,Michael Wacha,680723,Drew Rom,1,2680
2023-09-24,716454,Philadelphia Phillies,New York Mets,5,2,650911,Cristopher Sánchez,676130,José Buttó,1,2681
2023-09-24,716439,Los Angeles Dodgers,San Francisco Giants,3,2,458681,Lance Lynn,676254,Ryan Walker,1,22
2023-09-25,716471,New York Yankees,Arizona Diamondbacks,6,4,657376,Clarke Schmidt,518876,Merrill Kelly,1,3313
2023-09-25,716440,Los Angeles Angels,Texas Rangers,1,5,663776,Patrick Sandoval,592351,Jon Gray,1,1
2023-09-25,716436,Seattle Mariners,Houston Astros,1,5,622491,Luis Castillo,434378,Justin Verlander,1,680
2023-09-25,716441,San Francisco Giants,San Diego Padres,2,1,657277,Logan Webb,605483,Blake Snell,1,2395
2023-09-26,716438,Colorado Rockies,Los Angeles Dodgers,4,1,502624,Chase Anderson,657571,Caleb Ferguson,1,19
2023-09-26,716424,Colorado Rockies,Los Angeles Dodgers,2,11,663372,Ryan Feltner,676272,Bobby Miller,2,19
2023-09-26,716435,Cleveland Guardians,Cincinnati Reds,7,11,608337,Lucas Giolito,668881,Hunter Greene,1,5
2023-09-26,716434,Baltimore Orioles,Washington Nationals,1,0,680694,Kyle Bradish,680686,Josiah Gray,1,2
2023-09-26,716433,Detroit Tigers,Kansas City Royals,6,3,681857,Reese Olson,425844,Zack Greinke,1,2394
2023-09-26,716432,Philadelphia Phillies,Pittsburgh Pirates,3,2,605400,Aaron Nola,656605,Mitch Keller,1,2681
2023-09-26,716431,Toronto Blue Jays,New York Yankees,0,2,592332,Kevin Gausman,650633,Michael King,1,14
2023-09-26,716428,Boston Red Sox,Tampa Bay Rays,7,9,656557,Tanner Houck,621107,Zach Eflin,1,3
2023-09-26,716429,Atlanta Braves,Chicago Cubs,7,6,693821,Bryce Elder,657006,Justin Steele,1,4705
2023-09-26,716421,Minnesota Twins,Oakland Athletics,11,3,641927,Bailey Ober,621112,Paul Blackburn,1,3312
2023-09-26,716427,Chicago White Sox,Arizona Diamondbacks,4,15,570632,José Ureña,605200,Zach Davies,1,4
2023-09-26,716423,Milwaukee Brewers,St. Louis Cardinals,1,4,605288,Adrian Houser,571945,Miles Mikolas,1,32
2023-09-26,716422,Los Angeles Angels,Texas Rangers,9,3,672282,Reid Detmers,674003,Cody Bradford,1,1
2023-09-26,716437,San Francisco Giants,San Diego Padres,0,4,605154,John Brebbia,607625,Seth Lugo,1,2395
2023-09-26,716425,Seattle Mariners,Houston Astros,6,2,669923,George Kirby,664299,Cristian Javier,1,680
2023-09-27,716417,Chicago White Sox,Arizona Diamondbacks,0,3,672715,Luis Patiño,694297,Brandon Pfaadt,1,4
2023-09-27,716411,New York Mets,Miami Marlins,11,2,664192,Joey Lucchesi,666129,Braxton Garrett,1,3289
2023-09-27,716430,New York Mets,Miami Marlins,2,4,673540,Kodai Senga,456501,Johnny Cueto,2,3289
2023-09-27,716418,Cleveland Guardians,Cincinnati Reds,4,3,669456,Shane Bieber,671096,Andrew Abbott,1,5
2023-09-27,716419,Boston Red Sox,Tampa Bay Rays,0,5,678394,Brayan Bello,607192,Tyler Glasnow,1,3
2023-09-27,716416,Baltimore Orioles,Washington Nationals,5,1,680570,Grayson Rodriguez,571578,Patrick Corbin,1,2
2023-09-27,716414,Detroit Tigers,Kansas City Royals,8,0,669373,Tarik Skubal,680742,Jonathan Bowlan,1,2394
2023-09-27,716415,Philadelphia Phillies,Pittsburgh Pirates,7,6,624133,Ranger Suarez,670912,Johan Oviedo,1,2681
2023-09-27,716413,Toronto Blue Jays,New York Yankees,0,6,621244,José Berríos,543037,Gerrit Cole,1,14
2023-09-27,716412,Atlanta Braves,Chicago Cubs,6,5,670241,Darius Vines,592791,Jameson Taillon,1,4705
2023-09-27,716410,Minnesota Twins,Oakland Athletics,6,4,641154,Pablo López,683155,Joey Estes,1,3312
2023-09-27,716408,Milwaukee Brewers,St. Louis Cardinals,3,2,489119,Wade Miley,668868,Zack Thompson,1,32
2023-09-27,716406,Colorado Rockies,Los Angeles Dodgers,2,8,663562,Noah Davis,686218,Emmet Sheehan,1,19
2023-09-27,716420,Los Angeles Angels,Texas Rangers,0,5,656288,Griffin Canning,641540,Dane Dunning,1,1
2023-09-27,716407,Seattle Mariners,Houston Astros,3,8,682243,Bryce Miller,664285,Framber Valdez,1,680
2023-09-27,716426,San Francisco Giants,San Diego Padres,2,5,640455,Sean Manaea,663362,Matt Waldron,1,2395
2023-09-27,716414,Detroit Tigers,Kansas City Royals,8,0,669373,Tarik Skubal,680742,Jonathan Bowlan,1,2394
2023-09-28,716400,Minnesota Twins,Oakland Athletics,1,2,543243,Sonny Gray,665622,Luis Medina,1,3312
2023-09-28,716443,Chicago White Sox,Arizona Diamondbacks,3,1,657053,Touki Toussaint,686826,Bryce Jarvis,1,4
2023-09-28,716401,Detroit Tigers,Kansas City Royals,7,3,687830,Sawyer Gipson-Long,666142,Cole Ragans,1,2394
2023-09-28,716396,Milwaukee Brewers,St. Louis Cardinals,3,0,669203,Corbin Burnes,641712,Dakota Hudson,1,32
2023-09-28,716409,Philadelphia Phillies,Pittsburgh Pirates,2,3,554430,Zack Wheeler,682847,Luis Ortiz,1,2681
2023-09-28,716402,Baltimore Orioles,Boston Red Sox,2,0,665152,Dean Kremer,519242,Chris Sale,1,2
2023-09-28,716403,Toronto Blue Jays,New York Yankees,6,0,605135,Chris Bassitt,596133,Luke Weaver,1,14
2023-09-28,716404,New York Mets,Miami Marlins,1,0,656849,David Peterson,666200,Jesús Luzardo,1,3289
2023-09-28,716399,Atlanta Braves,Chicago Cubs,5,3,700363,AJ Smith-Shawver,573186,Marcus Stroman,1,4705
2023-09-28,716405,Colorado Rockies,Los Angeles Dodgers,14,5,623167,Chris Flexen,642232,Ryan Yarbrough,1,19
2023-09-28,716397,Seattle Mariners,Texas Rangers,3,2,669302,Logan Gilbert,656756,Jordan Montgomery,1,680
2023-09-29,716398,Pittsburgh Pirates,Miami Marlins,3,4,674370,Osvaldo Bido,665795,Edward Cabrera,1,31
2023-09-29,716395,Detroit Tigers,Cleveland Guardians,5,7,666214,Joey Wentz,615698,Cal Quantrill,1,2394
2023-09-29,716390,Baltimore Orioles,Boston Red Sox,0,3,607644,John Means,601713,Nick Pivetta,1,2
2023-09-29,716392,Toronto Blue Jays,Tampa Bay Rays,11,4,579328,Yusei Kikuchi,650644,Aaron Civale,1,14
2023-09-29,716394,Atlanta Braves,Washington Nationals,6,10,642216,Allan Winans,592866,Trevor Williams,1,4705
2023-09-29,716391,Chicago White Sox,San Diego Padres,2,3,656302,Dylan Cease,607259,Nick Martinez,1,4
2023-09-29,716387,Colorado Rockies,Minnesota Twins,6,7,621389,Ty Blach,657746,Joe Ryan,1,19
2023-09-29,716389,Kansas City Royals,New York Yankees,12,5,543475,Jordan Lyles,607074,Carlos Rodón,1,7
2023-09-29,716385,Milwaukee Brewers,Chicago Cubs,4,3,607067,Colin Rea,543294,Kyle Hendricks,1,32
2023-09-29,716388,St. Louis Cardinals,Cincinnati Reds,2,19,663765,Jake Woodford,682227,Brandon Williamson,1,2889
2023-09-29,716386,Los Angeles Angels,Oakland Athletics,5,1,681217,Chase Silseth,686610,Ken Waldichuk,1,1
2023-09-29,716384,Arizona Diamondbacks,Houston Astros,1,2,668678,Zac Gallen,664353,José Urquidy,1,15
2023-09-29,716379,Seattle Mariners,Texas Rangers,8,0,693433,Bryan Woo,543135,Nathan Eovaldi,1,680
2023-09-29,716382,San Francisco Giants,Los Angeles Dodgers,2,6,676775,Keaton Winn,458681,Lance Lynn,1,2395
2023-09-30,716380,Detroit Tigers,Cleveland Guardians,8,0,676684,Will Vest,663474,Triston McKenzie,1,2394
2023-09-30,716383,Toronto Blue Jays,Tampa Bay Rays,5,7,547943,Hyun Jin Ryu,542888,Shawn Armstrong,1,14
2023-09-30,716376,New York Mets,Philadelphia Phillies,4,3,656731,Tylor Megill,592836,Taijuan Walker,1,3289
2023-09-30,716393,New York Mets,Philadelphia Phillies,11,4,500779,Jose Quintana,674681,Michael Plassmeyer,2,3289
2023-09-30,716378,Pittsburgh Pirates,Miami Marlins,3,7,682990,Quinn Priester,608638,JT Chargois,1,31
2023-09-30,716374,Chicago White Sox,San Diego Padres,1,6,605182,Mike Clevinger,608379,Michael Wacha,1,4
2023-09-30,716375,Kansas City Royals,New York Yankees,2,5,674444,Steven Cruz,657376,Clarke Schmidt,1,7
2023-09-30,716373,Milwaukee Brewers,Chicago Cubs,6,10,641778,Eric Lauer,696136,Jordan Wicks,1,32
2023-09-30,716377,Baltimore Orioles,Boston Red Sox,5,2,502043,Kyle Gibson,676710,Kutter Crawford,1,2
2023-09-30,716372,St. Louis Cardinals,Cincinnati Reds,15,6,680723,Drew Rom,683175,Connor Phillips,1,2889
2023-09-30,716366,Seattle Mariners,Texas Rangers,1,6,622491,Luis Castillo,571760,Andrew Heaney,1,680
2023-09-30,716369,Atlanta Braves,Washington Nationals,5,3,675911,Spencer Strider,672851,Joan Adon,1,4705
2023-09-30,716370,Arizona Diamondbacks,Houston Astros,0,1,518876,Merrill Kelly,434378,Justin Verlander,1,15
2023-09-30,716368,Colorado Rockies,Minnesota Twins,6,14,571863,Matt Koch,641941,Emilio Pagán,1,19
2023-09-30,716381,San Francisco Giants,Los Angeles Dodgers,2,1,663941,Tristan Beck,477132,Clayton Kershaw,1,2395
2023-09-30,716371,Los Angeles Angels,Oakland Athletics,3,7,681806,Andrew Wantz,671212,Joe Boyle,1,1
2023-10-01,716367,Baltimore Orioles,Boston Red Sox,1,6,680694,Kyle Bradish,656557,Tanner Houck,1,2
2023-10-01,716363,San Francisco Giants,Los Angeles Dodgers,2,5,690986,Kyle Harrison,676272,Bobby Miller,1,2395
2023-10-01,716362,Pittsburgh Pirates,Miami Marlins,3,0,656578,Andre Jackson,677960,Ryan Weathers,1,31
2023-10-01,716365,Los Angeles Angels,Oakland Athletics,7,3,608334,Carson Fulmer,676664,JP Sears,1,1
2023-10-01,716357,Toronto Blue Jays,Tampa Bay Rays,8,12,641149,Wes Parsons,682052,Jacob Lopez,1,14
2023-10-01,716361,Detroit Tigers,Cleveland Guardians,5,2,593958,Eduardo Rodriguez,608337,Lucas Giolito,1,2394
2023-10-01,716358,Arizona Diamondbacks,Houston Astros,1,8,669459,Kyle Nelson,664299,Cristian Javier,1,15
2023-10-01,716360,Seattle Mariners,Texas Rangers,1,0,669923,George Kirby,641540,Dane Dunning,1,680
2023-10-01,716359,Colorado Rockies,Minnesota Twins,3,2,608718,Brent Suter,641927,Bailey Ober,1,19
2023-10-01,716355,New York Mets,Philadelphia Phillies,1,9,676130,José Buttó,621381,Matt Strahm,1,3289
2023-10-01,716354,Atlanta Braves,Washington Nationals,9,10,689266,Dylan Dodd,671131,Jackson Rutledge,1,4705
2023-10-01,716356,Chicago White Sox,San Diego Padres,1,2,570632,José Ureña,658648,Pedro Avila,1,4
2023-10-01,716352,Kansas City Royals,New York Yankees,5,2,425844,Zack Greinke,650633,Michael King,1,7
2023-10-01,716364,Milwaukee Brewers,Chicago Cubs,4,0,605288,Adrian Houser,592767,Drew Smyly,1,32
2023-10-01,716353,St. Louis Cardinals,Cincinnati Reds,4,3,571945,Miles Mikolas,668881,Hunter Greene,1,2889
2023-09-28,716404,New York Mets,Miami Marlins,1,0,656849,David Peterson,666200,Jesús Luzardo,1,3289
