date,id,home,away,hs,as,hsp,hsp_name,asp,asp_name,dh,venue
2024-03-20,745444,San Diego Padres,Los Angeles Dodgers,2,5,506433,Yu Darvish,607192,Tyler Glasnow,1,5150
2024-03-21,746175,Los Angeles Dodgers,San Diego Padres,11,15,808967,Yoshinobu Yamamoto,605397,Joe Musgrove,1,5150
2024-03-28,747060,Baltimore Orioles,Los Angeles Angels,11,3,669203,Corbin Burnes,663776,Patrick Sandoval,1,2
2024-03-28,746737,Cincinnati Reds,Washington Nationals,8,2,593423,Frankie Montas,680686,Josiah Gray,1,2602
2024-03-28,745445,San Diego Padres,San Francisco Giants,6,4,506433,Yu Darvish,657277,Logan Webb,1,2680
2024-03-28,746165,Los Angeles Dodgers,St. Louis Cardinals,7,1,607192,Tyler Glasnow,571945,Miles Mikolas,1,22
2024-03-28,745116,Tampa Bay Rays,Toronto Blue Jays,2,8,621107,Zach Eflin,621244,José Berríos,1,12
2024-03-28,746335,Kansas City Royals,Minnesota Twins,1,4,666142,Cole Ragans,641154,Pablo López,1,7
2024-03-28,746821,Chicago White Sox,Detroit Tigers,0,1,676979,Garrett Crochet,669373,Tarik Skubal,1,4
2024-03-28,746089,Miami Marlins,Pittsburgh Pirates,5,6,666200,Jesús Luzardo,656605,Mitch Keller,1,4169
2024-03-28,746418,Houston Astros,New York Yankees,4,5,664285,Framber Valdez,641482,Nestor Cortes,1,2392
2024-03-28,745039,Texas Rangers,Chicago Cubs,4,3,543135,Nathan Eovaldi,657006,Justin Steele,1,5325
2024-03-28,745687,Oakland Athletics,Cleveland Guardians,0,8,622072,Alex Wood,669456,Shane Bieber,1,10
2024-03-28,747224,Arizona Diamondbacks,Colorado Rockies,16,1,668678,Zac Gallen,607536,Kyle Freeland,1,15
2024-03-28,745283,Seattle Mariners,Boston Red Sox,4,6,622491,Luis Castillo,678394,Brayan Bello,1,680
2024-03-29,745848,New York Mets,Milwaukee Brewers,1,3,500779,Jose Quintana,642547,Freddy Peralta,1,3289
2024-03-29,745604,Philadelphia Phillies,Atlanta Braves,3,9,554430,Zack Wheeler,675911,Spencer Strider,1,2681
2024-03-29,745117,Tampa Bay Rays,Toronto Blue Jays,8,2,650644,Aaron Civale,605135,Chris Bassitt,1,12
2024-03-29,746091,Miami Marlins,Pittsburgh Pirates,2,7,640462,A.J. Puk,527048,Martín Pérez,1,4169
2024-03-29,746412,Houston Astros,New York Yankees,1,7,664299,Cristian Javier,607074,Carlos Rodón,1,2392
2024-03-29,747223,Arizona Diamondbacks,Colorado Rockies,7,3,518876,Merrill Kelly,615698,Cal Quantrill,1,15
2024-03-29,745682,Oakland Athletics,Cleveland Guardians,4,6,548389,Ross Stripling,671106,Logan Allen,1,10
2024-03-29,745276,Seattle Mariners,Boston Red Sox,1,0,669923,George Kirby,601713,Nick Pivetta,1,680
2024-03-29,745435,San Diego Padres,San Francisco Giants,3,8,605397,Joe Musgrove,690986,Kyle Harrison,1,2680
2024-03-29,746167,Los Angeles Dodgers,St. Louis Cardinals,6,3,676272,Bobby Miller,668868,Zack Thompson,1,22
2024-03-30,745850,New York Mets,Milwaukee Brewers,6,7,622663,Luis Severino,669084,DL Hall,1,3289
2024-03-30,746818,Chicago White Sox,Detroit Tigers,6,7,647336,Michael Soroka,628317,Kenta Maeda,1,4
2024-03-30,747063,Baltimore Orioles,Los Angeles Angels,13,4,680570,Grayson Rodriguez,656288,Griffin Canning,1,2
2024-03-30,745599,Philadelphia Phillies,Atlanta Braves,4,12,605400,Aaron Nola,608331,Max Fried,1,2681
2024-03-30,745684,Oakland Athletics,Cleveland Guardians,3,12,676664,JP Sears,676440,Tanner Bibee,1,10
2024-03-30,746736,Cincinnati Reds,Washington Nationals,6,7,668881,Hunter Greene,571578,Patrick Corbin,1,2602
2024-03-30,745119,Tampa Bay Rays,Toronto Blue Jays,5,1,641793,Zack Littell,579328,Yusei Kikuchi,1,12
2024-03-30,746333,Kansas City Royals,Minnesota Twins,1,5,607625,Seth Lugo,657746,Joe Ryan,1,7
2024-03-30,746087,Miami Marlins,Pittsburgh Pirates,3,9,677960,Ryan Weathers,683003,Jared Jones,1,4169
2024-03-30,745037,Texas Rangers,Chicago Cubs,11,2,674003,Cody Bradford,543294,Kyle Hendricks,1,5325
2024-03-30,745436,San Diego Padres,San Francisco Giants,6,9,656302,Dylan Cease,663855,Jordan Hicks,1,2680
2024-03-30,746410,Houston Astros,New York Yankees,3,5,686613,Hunter Brown,573186,Marcus Stroman,1,2392
2024-03-30,747221,Arizona Diamondbacks,Colorado Rockies,4,9,674072,Tommy Henry,596295,Austin Gomber,1,15
2024-03-30,746168,Los Angeles Dodgers,St. Louis Cardinals,5,6,808967,Yoshinobu Yamamoto,458681,Lance Lynn,1,22
2024-03-30,745278,Seattle Mariners,Boston Red Sox,4,3,669302,Logan Gilbert,676710,Kutter Crawford,1,680
2024-03-31,747062,Baltimore Orioles,Los Angeles Angels,1,4,669330,Tyler Wells,672282,Reid Detmers,1,2
2024-03-31,745602,Philadelphia Phillies,Atlanta Braves,5,4,624133,Ranger Suarez,519242,Chris Sale,1,2681
2024-03-31,746739,Cincinnati Reds,Washington Nationals,6,5,607259,Nick Martinez,663623,Jake Irvin,1,2602
2024-03-31,745115,Tampa Bay Rays,Toronto Blue Jays,2,9,542888,Shawn Armstrong,592332,Kevin Gausman,1,12
2024-03-31,746090,Miami Marlins,Pittsburgh Pirates,7,9,669432,Trevor Rogers,663559,Bailey Falter,1,4169
2024-03-31,745845,New York Mets,Milwaukee Brewers,1,4,656731,Tylor Megill,607067,Colin Rea,1,3289
2024-03-31,746332,Kansas City Royals,Minnesota Twins,11,0,663903,Brady Singer,641927,Bailey Ober,1,7
2024-03-31,746815,Chicago White Sox,Detroit Tigers,2,3,607200,Erick Fedde,656427,Jack Flaherty,1,4
2024-03-31,746413,Houston Astros,New York Yankees,3,4,641585,J.P. France,657376,Clarke Schmidt,1,2392
2024-03-31,745035,Texas Rangers,Chicago Cubs,5,9,592351,Jon Gray,696136,Jordan Wicks,1,5325
2024-03-31,745683,Oakland Athletics,Cleveland Guardians,4,3,621112,Paul Blackburn,471911,Carlos Carrasco,1,10
2024-03-31,747222,Arizona Diamondbacks,Colorado Rockies,5,1,694297,Brandon Pfaadt,663372,Ryan Feltner,1,15
2024-03-31,745279,Seattle Mariners,Boston Red Sox,1,5,682243,Bryce Miller,676477,Garrett Whitlock,1,680
2024-03-31,745438,San Diego Padres,San Francisco Giants,13,4,650633,Michael King,641726,Daulton Jefferies,1,2680
2024-03-31,746166,Los Angeles Dodgers,St. Louis Cardinals,5,4,694813,Gavin Stone,571927,Steven Matz,1,22
2024-04-01,746817,Chicago White Sox,Atlanta Braves,0,9,623167,Chris Flexen,450203,Charlie Morton,1,4
2024-04-01,746899,Chicago Cubs,Colorado Rockies,5,0,684007,Shota Imanaga,641712,Dakota Hudson,1,17
2024-04-01,744875,Washington Nationals,Pittsburgh Pirates,4,8,669022,MacKenzie Gore,594835,Marco Gonzales,1,3309
2024-04-01,747058,Baltimore Orioles,Kansas City Royals,6,4,665152,Dean Kremer,608379,Michael Wacha,1,2
2024-04-01,745600,Philadelphia Phillies,Cincinnati Reds,3,6,650911,Cristopher Sánchez,671096,Andrew Abbott,1,2681
2024-04-01,746085,Miami Marlins,Los Angeles Angels,4,7,676974,Max Meyer,681217,Chase Silseth,1,4169
2024-04-01,745109,Tampa Bay Rays,Texas Rangers,3,9,686752,Ryan Pepiot,641540,Dane Dunning,1,12
2024-04-01,745842,New York Mets,Detroit Tigers,0,5,640455,Sean Manaea,681857,Reese Olson,1,3289
2024-04-01,746409,Houston Astros,Toronto Blue Jays,10,0,669854,Ronel Blanco,670102,Bowden Francis,1,2392
2024-04-01,745675,Oakland Athletics,Boston Red Sox,0,9,671212,Joe Boyle,656557,Tanner Houck,1,10
2024-04-01,745277,Seattle Mariners,Cleveland Guardians,5,4,676106,Emerson Hancock,663474,Triston McKenzie,1,680
2024-04-01,745437,San Diego Padres,St. Louis Cardinals,2,6,663362,Matt Waldron,502043,Kyle Gibson,1,2680
2024-04-01,747218,Arizona Diamondbacks,New York Yankees,2,5,669194,Ryne Nelson,661563,Luis Gil,1,15
2024-04-01,746170,Los Angeles Dodgers,San Francisco Giants,8,3,572020,James Paxton,676775,Keaton Winn,1,22
2024-04-02,746009,Milwaukee Brewers,Minnesota Twins,3,2,596001,Jakob Junis,686973,Louis Varland,1,32
2024-04-02,747057,Baltimore Orioles,Kansas City Royals,1,4,608344,Cole Irvin,679525,Alec Marsh,1,2
2024-04-02,745598,Philadelphia Phillies,Cincinnati Reds,9,4,605513,Spencer Turnbull,668933,Graham Ashcraft,1,2681
2024-04-02,746086,Miami Marlins,Los Angeles Angels,1,3,666200,Jesús Luzardo,542881,Tyler Anderson,1,4169
2024-04-02,745111,Tampa Bay Rays,Texas Rangers,5,2,621107,Zach Eflin,571760,Andrew Heaney,1,12
2024-04-02,746898,Chicago Cubs,Colorado Rockies,12,2,665871,Javier Assad,607536,Kyle Freeland,1,17
2024-04-02,746814,Chicago White Sox,Atlanta Braves,3,2,676979,Garrett Crochet,625643,Reynaldo López,1,4
2024-04-02,746411,Houston Astros,Toronto Blue Jays,1,2,664285,Framber Valdez,621244,José Berríos,1,2392
2024-04-02,745680,Oakland Athletics,Boston Red Sox,4,5,622072,Alex Wood,678394,Brayan Bello,1,10
2024-04-02,745273,Seattle Mariners,Cleveland Guardians,2,5,622491,Luis Castillo,669456,Shane Bieber,1,680
2024-04-02,745439,San Diego Padres,St. Louis Cardinals,2,5,506433,Yu Darvish,571945,Miles Mikolas,1,2680
2024-04-02,747220,Arizona Diamondbacks,New York Yankees,7,0,668678,Zac Gallen,641482,Nestor Cortes,1,15
2024-04-02,746169,Los Angeles Dodgers,San Francisco Giants,5,4,518489,Ryan Brasier,657277,Logan Webb,1,22
2024-04-03,747059,Baltimore Orioles,Kansas City Royals,4,3,669203,Corbin Burnes,666142,Cole Ragans,1,2
2024-04-03,745114,Tampa Bay Rays,Texas Rangers,1,4,650644,Aaron Civale,543135,Nathan Eovaldi,1,12
2024-04-03,746083,Miami Marlins,Los Angeles Angels,2,10,640462,A.J. Puk,663776,Patrick Sandoval,1,4169
2024-04-03,746008,Milwaukee Brewers,Minnesota Twins,3,7,605452,Joe Ross,663978,Chris Paddack,1,32
2024-04-03,745678,Oakland Athletics,Boston Red Sox,0,1,548389,Ross Stripling,601713,Nick Pivetta,1,10
2024-04-03,747219,Arizona Diamondbacks,New York Yankees,5,6,518876,Merrill Kelly,607074,Carlos Rodón,1,15
2024-04-03,745603,Philadelphia Phillies,Cincinnati Reds,1,4,554430,Zack Wheeler,593423,Frankie Montas,1,2681
2024-04-03,745275,Seattle Mariners,Cleveland Guardians,0,8,669923,George Kirby,671106,Logan Allen,1,680
2024-04-03,745440,San Diego Padres,St. Louis Cardinals,3,2,605397,Joe Musgrove,668868,Zack Thompson,1,2680
2024-04-03,744869,Washington Nationals,Pittsburgh Pirates,5,3,592866,Trevor Williams,656605,Mitch Keller,1,3309
2024-04-03,746900,Chicago Cubs,Colorado Rockies,9,8,681432,Luke Little,615698,Cal Quantrill,1,17
2024-04-03,746407,Houston Astros,Toronto Blue Jays,8,0,664299,Cristian Javier,605135,Chris Bassitt,1,2392
2024-04-03,746163,Los Angeles Dodgers,San Francisco Giants,5,4,607192,Tyler Glasnow,690986,Kyle Harrison,1,22
2024-04-04,745844,New York Mets,Detroit Tigers,3,6,605288,Adrian Houser,663554,Casey Mize,1,3289
2024-04-04,745843,New York Mets,Detroit Tigers,2,1,676130,José Buttó,666159,Matt Manning,2,3289
2024-04-04,744870,Washington Nationals,Pittsburgh Pirates,4,7,680686,Josiah Gray,527048,Martín Pérez,1,3309
2024-04-04,745928,Minnesota Twins,Cleveland Guardians,2,4,641154,Pablo López,676440,Tanner Bibee,1,3312
2024-04-04,745200,St. Louis Cardinals,Miami Marlins,8,5,458681,Lance Lynn,677960,Ryan Weathers,1,2889
2024-04-04,746327,Kansas City Royals,Chicago White Sox,10,1,607625,Seth Lugo,647336,Michael Soroka,1,7
2024-04-05,745764,New York Yankees,Toronto Blue Jays,0,3,573186,Marcus Stroman,579328,Yusei Kikuchi,1,3313
2024-04-05,746497,Detroit Tigers,Oakland Athletics,5,4,669373,Tarik Skubal,676664,JP Sears,1,2394
2024-04-05,746897,Chicago Cubs,Los Angeles Dodgers,9,7,543294,Kyle Hendricks,676272,Bobby Miller,1,17
2024-04-05,746576,Colorado Rockies,Tampa Bay Rays,10,7,596295,Austin Gomber,641793,Zack Littell,1,19
2024-04-05,745524,Pittsburgh Pirates,Baltimore Orioles,2,5,683003,Jared Jones,680570,Grayson Rodriguez,1,31
2024-04-05,745361,San Francisco Giants,San Diego Padres,3,2,663855,Jordan Hicks,656302,Dylan Cease,1,2395
2024-04-05,746733,Cincinnati Reds,New York Mets,2,3,668881,Hunter Greene,500779,Jose Quintana,1,2602
2024-04-05,744874,Washington Nationals,Philadelphia Phillies,0,4,571578,Patrick Corbin,605400,Aaron Nola,1,3309
2024-04-05,747143,Atlanta Braves,Arizona Diamondbacks,6,5,675911,Spencer Strider,674072,Tommy Henry,1,4705
2024-04-05,746328,Kansas City Royals,Chicago White Sox,2,1,663903,Brady Singer,607200,Erick Fedde,1,7
2024-04-05,745033,Texas Rangers,Houston Astros,10,2,674003,Cody Bradford,686613,Hunter Brown,1,5325
2024-04-05,746007,Milwaukee Brewers,Seattle Mariners,6,5,642547,Freddy Peralta,669302,Logan Gilbert,1,32
2024-04-05,746249,Los Angeles Angels,Boston Red Sox,6,8,656288,Griffin Canning,676710,Kutter Crawford,1,1
2024-04-06,746498,Detroit Tigers,Oakland Athletics,0,4,628317,Kenta Maeda,621112,Paul Blackburn,1,2394
2024-04-06,745926,Minnesota Twins,Cleveland Guardians,1,3,657746,Joe Ryan,471911,Carlos Carrasco,1,3312
2024-04-06,745197,St. Louis Cardinals,Miami Marlins,3,1,571927,Steven Matz,669432,Trevor Rogers,1,2889
2024-04-06,746896,Chicago Cubs,Los Angeles Dodgers,1,4,696136,Jordan Wicks,808967,Yoshinobu Yamamoto,1,17
2024-04-06,745522,Pittsburgh Pirates,Baltimore Orioles,5,4,663559,Bailey Falter,669330,Tyler Wells,1,31
2024-04-06,744873,Washington Nationals,Philadelphia Phillies,2,5,663623,Jake Irvin,624133,Ranger Suarez,1,3309
2024-04-06,746731,Cincinnati Reds,New York Mets,9,6,607259,Nick Martinez,622663,Luis Severino,1,2602
2024-04-06,745031,Texas Rangers,Houston Astros,7,2,592351,Jon Gray,641585,J.P. France,1,5325
2024-04-06,745766,New York Yankees,Toronto Blue Jays,9,8,657376,Clarke Schmidt,592332,Kevin Gausman,1,3313
2024-04-06,746329,Kansas City Royals,Chicago White Sox,3,0,608379,Michael Wacha,623167,Chris Flexen,1,7
2024-04-06,746006,Milwaukee Brewers,Seattle Mariners,3,5,669084,DL Hall,682243,Bryce Miller,1,32
2024-04-06,747140,Atlanta Braves,Arizona Diamondbacks,9,8,608331,Max Fried,694297,Brandon Pfaadt,1,4705
2024-04-06,746575,Colorado Rockies,Tampa Bay Rays,6,8,663372,Ryan Feltner,641302,Tyler Alexander,1,19
2024-04-06,745359,San Francisco Giants,San Diego Padres,0,4,676775,Keaton Winn,650633,Michael King,1,2395
2024-04-06,746248,Los Angeles Angels,Boston Red Sox,2,1,672282,Reid Detmers,676477,Garrett Whitlock,1,1
2024-04-07,745523,Pittsburgh Pirates,Baltimore Orioles,3,2,594835,Marco Gonzales,665152,Dean Kremer,1,31
2024-04-07,744871,Washington Nationals,Philadelphia Phillies,3,2,669022,MacKenzie Gore,650911,Cristopher Sánchez,1,3309
2024-04-07,747141,Atlanta Braves,Arizona Diamondbacks,5,2,519242,Chris Sale,669194,Ryne Nelson,1,4705
2024-04-07,745765,New York Yankees,Toronto Blue Jays,8,3,661563,Luis Gil,670102,Bowden Francis,1,3313
2024-04-07,746734,Cincinnati Reds,New York Mets,1,3,671096,Andrew Abbott,640455,Sean Manaea,1,2602
2024-04-07,746493,Detroit Tigers,Oakland Athletics,1,7,656427,Jack Flaherty,671212,Joe Boyle,1,2394
2024-04-07,746330,Kansas City Royals,Chicago White Sox,5,3,679525,Alec Marsh,676979,Garrett Crochet,1,7
2024-04-07,746003,Milwaukee Brewers,Seattle Mariners,12,4,607067,Colin Rea,676106,Emerson Hancock,1,32
2024-04-07,745198,St. Louis Cardinals,Miami Marlins,3,10,502043,Kyle Gibson,676974,Max Meyer,1,2889
2024-04-07,746895,Chicago Cubs,Los Angeles Dodgers,8,1,684007,Shota Imanaga,694813,Gavin Stone,1,17
2024-04-07,746574,Colorado Rockies,Tampa Bay Rays,2,3,641712,Dakota Hudson,686752,Ryan Pepiot,1,19
2024-04-07,745362,San Francisco Giants,San Diego Padres,3,2,657277,Logan Webb,663362,Matt Waldron,1,2395
2024-04-07,746251,Los Angeles Angels,Boston Red Sox,2,12,681217,Chase Silseth,656557,Tanner Houck,1,1
2024-04-07,745032,Texas Rangers,Houston Astros,1,3,641540,Dane Dunning,669854,Ronel Blanco,1,5325
2024-04-08,746654,Cleveland Guardians,Chicago White Sox,4,0,663474,Triston McKenzie,621383,Tanner Banks,1,5
2024-04-08,745761,New York Yankees,Miami Marlins,7,0,641482,Nestor Cortes,666200,Jesús Luzardo,1,3313
2024-04-08,745520,Pittsburgh Pirates,Detroit Tigers,7,4,656605,Mitch Keller,681857,Reese Olson,1,31
2024-04-08,746735,Cincinnati Reds,Milwaukee Brewers,10,8,668933,Graham Ashcraft,676879,Aaron Ashby,1,2602
2024-04-08,744956,Toronto Blue Jays,Seattle Mariners,5,2,621244,José Berríos,622491,Luis Castillo,1,14
2024-04-08,747142,Atlanta Braves,New York Mets,7,8,450203,Charlie Morton,527054,Julio Teheran,1,4705
2024-04-08,745925,Minnesota Twins,Los Angeles Dodgers,2,4,641927,Bailey Ober,572020,James Paxton,1,3312
2024-04-08,745194,St. Louis Cardinals,Philadelphia Phillies,3,5,571945,Miles Mikolas,605513,Spencer Turnbull,1,2889
2024-04-08,745034,Texas Rangers,Houston Astros,5,10,571760,Andrew Heaney,668874,Blair Henley,1,5325
2024-04-08,746569,Colorado Rockies,Arizona Diamondbacks,7,5,607536,Kyle Freeland,668678,Zac Gallen,1,19
2024-04-08,746252,Los Angeles Angels,Tampa Bay Rays,7,1,542881,Tyler Anderson,621107,Zach Eflin,1,1
2024-04-08,745432,San Diego Padres,Chicago Cubs,9,8,506433,Yu Darvish,665871,Javier Assad,1,2680
2024-04-08,745363,San Francisco Giants,Washington Nationals,1,8,605483,Blake Snell,592866,Trevor Williams,1,2395
2024-04-09,745517,Pittsburgh Pirates,Detroit Tigers,3,5,527048,Martín Pérez,663554,Casey Mize,1,31
2024-04-09,746981,Boston Red Sox,Baltimore Orioles,1,7,678394,Brayan Bello,669203,Corbin Burnes,1,3
2024-04-09,746653,Cleveland Guardians,Chicago White Sox,5,7,671106,Logan Allen,647336,Michael Soroka,1,5
2024-04-09,746732,Cincinnati Reds,Milwaukee Brewers,5,9,593423,Frankie Montas,605452,Joe Ross,1,2602
2024-04-09,745762,New York Yankees,Miami Marlins,3,2,607074,Carlos Rodón,640462,A.J. Puk,1,3313
2024-04-09,744957,Toronto Blue Jays,Seattle Mariners,5,3,605135,Chris Bassitt,669923,George Kirby,1,14
2024-04-09,747138,Atlanta Braves,New York Mets,6,5,625643,Reynaldo López,605288,Adrian Houser,1,4705
2024-04-09,746326,Kansas City Royals,Houston Astros,4,3,666142,Cole Ragans,664299,Cristian Javier,1,7
2024-04-09,745924,Minnesota Twins,Los Angeles Dodgers,3,6,686973,Louis Varland,607192,Tyler Glasnow,1,3312
2024-04-09,745195,St. Louis Cardinals,Philadelphia Phillies,3,0,543243,Sonny Gray,554430,Zack Wheeler,1,2889
2024-04-09,745030,Texas Rangers,Oakland Athletics,3,4,543135,Nathan Eovaldi,622072,Alex Wood,1,5325
2024-04-09,746571,Colorado Rockies,Arizona Diamondbacks,2,3,615698,Cal Quantrill,518876,Merrill Kelly,1,19
2024-04-09,746250,Los Angeles Angels,Tampa Bay Rays,4,6,663776,Patrick Sandoval,650644,Aaron Civale,1,1
2024-04-09,745357,San Francisco Giants,Washington Nationals,3,5,690986,Kyle Harrison,672851,Joan Adon,1,2395
2024-04-09,745433,San Diego Padres,Chicago Cubs,1,5,605397,Joe Musgrove,676962,Ben Brown,1,2680
2024-04-10,745923,Minnesota Twins,Los Angeles Dodgers,3,2,663978,Chris Paddack,676272,Bobby Miller,1,3312
2024-04-10,745196,St. Louis Cardinals,Philadelphia Phillies,3,4,458681,Lance Lynn,605400,Aaron Nola,1,2889
2024-04-10,744950,Toronto Blue Jays,Seattle Mariners,1,6,579328,Yusei Kikuchi,669302,Logan Gilbert,1,14
2024-04-10,746573,Colorado Rockies,Arizona Diamondbacks,3,5,596295,Austin Gomber,674072,Tommy Henry,1,19
2024-04-10,745355,San Francisco Giants,Washington Nationals,7,1,663855,Jordan Hicks,571578,Patrick Corbin,1,2395
2024-04-10,746247,Los Angeles Angels,Tampa Bay Rays,2,4,667755,José Soriano,641793,Zack Littell,1,1
2024-04-10,746655,Cleveland Guardians,Chicago White Sox,7,6,676440,Tanner Bibee,607200,Erick Fedde,1,5
2024-04-10,745429,San Diego Padres,Chicago Cubs,10,2,656302,Dylan Cease,543294,Kyle Hendricks,1,2680
2024-04-10,746728,Cincinnati Reds,Milwaukee Brewers,2,7,668881,Hunter Greene,489119,Wade Miley,1,2602
2024-04-10,745763,New York Yankees,Miami Marlins,2,5,573186,Marcus Stroman,677960,Ryan Weathers,1,3313
2024-04-10,746980,Boston Red Sox,Baltimore Orioles,5,7,676710,Kutter Crawford,608344,Cole Irvin,1,3
2024-04-10,746323,Kansas City Royals,Houston Astros,11,2,607625,Seth Lugo,681293,Spencer Arrighetti,1,7
2024-04-10,745024,Texas Rangers,Oakland Athletics,6,2,674003,Cody Bradford,548389,Ross Stripling,1,5325
2024-04-11,747137,Atlanta Braves,New York Mets,4,16,642216,Allan Winans,500779,Jose Quintana,1,4705
2024-04-11,746322,Kansas City Royals,Houston Astros,13,3,663903,Brady Singer,686613,Hunter Brown,1,7
2024-04-11,745029,Texas Rangers,Oakland Athletics,0,1,592351,Jon Gray,676664,JP Sears,1,5325
2024-04-11,745601,Philadelphia Phillies,Pittsburgh Pirates,5,1,624133,Ranger Suarez,683003,Jared Jones,1,2681
2024-04-11,746977,Boston Red Sox,Baltimore Orioles,4,9,676477,Garrett Whitlock,680570,Grayson Rodriguez,1,3
2024-04-12,746491,Detroit Tigers,Minnesota Twins,8,2,669373,Tarik Skubal,641154,Pablo López,1,2394
2024-04-12,745596,Philadelphia Phillies,Pittsburgh Pirates,2,5,650911,Cristopher Sánchez,663559,Bailey Falter,1,2681
2024-04-12,745112,Tampa Bay Rays,San Francisco Giants,2,1,621097,Jacob Waguespack,676775,Keaton Winn,1,12
2024-04-12,747055,Baltimore Orioles,Milwaukee Brewers,1,11,669330,Tyler Wells,642547,Freddy Peralta,1,2
2024-04-12,744954,Toronto Blue Jays,Colorado Rockies,4,12,592332,Kevin Gausman,663372,Ryan Feltner,1,14
2024-04-12,746978,Boston Red Sox,Los Angeles Angels,0,7,656557,Tanner Houck,672282,Reid Detmers,1,3
2024-04-12,745838,New York Mets,Kansas City Royals,6,1,622663,Luis Severino,608379,Michael Wacha,1,3289
2024-04-12,746084,Miami Marlins,Atlanta Braves,1,8,669432,Trevor Rogers,608331,Max Fried,1,4169
2024-04-12,746812,Chicago White Sox,Cincinnati Reds,1,11,623167,Chris Flexen,671096,Andrew Abbott,1,4
2024-04-12,746408,Houston Astros,Texas Rangers,8,12,641585,J.P. France,641540,Dane Dunning,1,2392
2024-04-12,745679,Oakland Athletics,Washington Nationals,2,1,621112,Paul Blackburn,663623,Jake Irvin,1,10
2024-04-12,745274,Seattle Mariners,Chicago Cubs,4,2,682243,Bryce Miller,696136,Jordan Wicks,1,680
2024-04-12,747217,Arizona Diamondbacks,St. Louis Cardinals,6,9,694297,Brandon Pfaadt,571927,Steven Matz,1,15
2024-04-12,746162,Los Angeles Dodgers,San Diego Padres,7,8,808967,Yoshinobu Yamamoto,650633,Michael King,1,22
2024-04-13,746656,Cleveland Guardians,New York Yankees,2,3,471911,Carlos Carrasco,657376,Clarke Schmidt,1,5
2024-04-13,746658,Cleveland Guardians,New York Yankees,2,8,663474,Triston McKenzie,547001,Cody Poteet,2,5
2024-04-13,746489,Detroit Tigers,Minnesota Twins,5,11,628317,Kenta Maeda,657746,Joe Ryan,1,2394
2024-04-13,746490,Detroit Tigers,Minnesota Twins,1,4,666159,Matt Manning,680573,Simeon Woods Richardson,2,2394
2024-04-13,745839,New York Mets,Kansas City Royals,7,11,640455,Sean Manaea,679525,Alec Marsh,1,3289
2024-04-13,746811,Chicago White Sox,Cincinnati Reds,0,5,676979,Garrett Crochet,666157,Nick Lodolo,1,4
2024-04-13,744953,Toronto Blue Jays,Colorado Rockies,5,3,684320,Yariel Rodríguez,641712,Dakota Hudson,1,14
2024-04-13,746405,Houston Astros,Texas Rangers,9,2,669854,Ronel Blanco,571760,Andrew Heaney,1,2392
2024-04-13,745594,Philadelphia Phillies,Pittsburgh Pirates,4,3,605513,Spencer Turnbull,594835,Marco Gonzales,1,2681
2024-04-13,747054,Baltimore Orioles,Milwaukee Brewers,5,11,665152,Dean Kremer,669084,DL Hall,1,2
2024-04-13,745676,Oakland Athletics,Washington Nationals,1,3,671212,Joe Boyle,669022,MacKenzie Gore,1,10
2024-04-13,746979,Boston Red Sox,Los Angeles Angels,7,2,681867,Cooper Criswell,656288,Griffin Canning,1,3
2024-04-13,745110,Tampa Bay Rays,San Francisco Giants,2,11,686752,Ryan Pepiot,657277,Logan Webb,1,12
2024-04-13,746082,Miami Marlins,Atlanta Braves,5,1,676974,Max Meyer,519242,Chris Sale,1,4169
2024-04-13,747215,Arizona Diamondbacks,St. Louis Cardinals,4,2,669194,Ryne Nelson,502043,Kyle Gibson,1,15
2024-04-13,746161,Los Angeles Dodgers,San Diego Padres,5,2,694813,Gavin Stone,663362,Matt Waldron,1,22
2024-04-13,745272,Seattle Mariners,Chicago Cubs,1,4,676106,Emerson Hancock,684007,Shota Imanaga,1,680
2024-04-14,746975,Boston Red Sox,Los Angeles Angels,5,4,678394,Brayan Bello,542881,Tyler Anderson,1,3
2024-04-14,745595,Philadelphia Phillies,Pittsburgh Pirates,2,9,554430,Zack Wheeler,656605,Mitch Keller,1,2681
2024-04-14,747056,Baltimore Orioles,Milwaukee Brewers,6,4,669203,Corbin Burnes,607067,Colin Rea,1,2
2024-04-14,744952,Toronto Blue Jays,Colorado Rockies,5,0,621244,José Berríos,607536,Kyle Freeland,1,14
2024-04-14,745841,New York Mets,Kansas City Royals,2,1,676130,José Buttó,666142,Cole Ragans,1,3289
2024-04-14,745113,Tampa Bay Rays,San Francisco Giants,9,4,542888,Shawn Armstrong,605483,Blake Snell,1,12
2024-04-14,746492,Detroit Tigers,Minnesota Twins,4,3,656427,Jack Flaherty,641927,Bailey Ober,1,2394
2024-04-14,746079,Miami Marlins,Atlanta Braves,7,9,666200,Jesús Luzardo,450203,Charlie Morton,1,4169
2024-04-14,746648,Cleveland Guardians,New York Yankees,8,7,671106,Logan Allen,641482,Nestor Cortes,1,5
2024-04-14,746404,Houston Astros,Texas Rangers,8,5,664299,Cristian Javier,543135,Nathan Eovaldi,1,2392
2024-04-14,746810,Chicago White Sox,Cincinnati Reds,4,11,647336,Michael Soroka,668933,Graham Ashcraft,1,4
2024-04-14,745681,Oakland Athletics,Washington Nationals,7,6,622072,Alex Wood,592866,Trevor Williams,1,10
2024-04-14,745271,Seattle Mariners,Chicago Cubs,2,3,622491,Luis Castillo,665871,Javier Assad,1,680
2024-04-14,747216,Arizona Diamondbacks,St. Louis Cardinals,5,0,668678,Zac Gallen,571945,Miles Mikolas,1,15
2024-04-14,746164,Los Angeles Dodgers,San Diego Padres,3,6,572020,James Paxton,506433,Yu Darvish,1,22
2024-04-15,746974,Boston Red Sox,Cleveland Guardians,0,6,676710,Kutter Crawford,675540,Xzavion Curry,1,3
2024-04-15,747053,Baltimore Orioles,Minnesota Twins,7,4,608344,Cole Irvin,686973,Louis Varland,1,2
2024-04-15,746488,Detroit Tigers,Texas Rangers,0,1,681857,Reese Olson,547179,Michael Lorenzen,1,2394
2024-04-15,745597,Philadelphia Phillies,Colorado Rockies,2,1,605400,Aaron Nola,615698,Cal Quantrill,1,2681
2024-04-15,746080,Miami Marlins,San Francisco Giants,3,4,665795,Edward Cabrera,690986,Kyle Harrison,1,4169
2024-04-15,745106,Tampa Bay Rays,Los Angeles Angels,3,7,621107,Zach Eflin,663776,Patrick Sandoval,1,12
2024-04-15,744951,Toronto Blue Jays,New York Yankees,3,1,605135,Chris Bassitt,661563,Luis Gil,1,14
2024-04-15,745840,New York Mets,Pittsburgh Pirates,6,3,605288,Adrian Houser,527048,Martín Pérez,1,3289
2024-04-15,746813,Chicago White Sox,Kansas City Royals,0,2,680897,Nick Nastrini,607625,Seth Lugo,1,4
2024-04-15,746002,Milwaukee Brewers,San Diego Padres,3,7,605452,Joe Ross,605397,Joe Musgrove,1,32
2024-04-15,746406,Houston Astros,Atlanta Braves,1,6,681293,Spencer Arrighetti,670241,Darius Vines,1,2392
2024-04-15,747213,Arizona Diamondbacks,Chicago Cubs,2,3,518876,Merrill Kelly,676962,Ben Brown,1,15
2024-04-15,745677,Oakland Athletics,St. Louis Cardinals,1,3,548389,Ross Stripling,543243,Sonny Gray,1,10
2024-04-15,745268,Seattle Mariners,Cincinnati Reds,9,3,669923,George Kirby,593423,Frankie Montas,1,680
2024-04-15,746158,Los Angeles Dodgers,Washington Nationals,4,6,607192,Tyler Glasnow,680730,Mitchell Parker,1,22
2024-04-16,746486,Detroit Tigers,Texas Rangers,4,2,663554,Casey Mize,592351,Jon Gray,1,2394
2024-04-16,747051,Baltimore Orioles,Minnesota Twins,11,3,680570,Grayson Rodriguez,663978,Chris Paddack,1,2
2024-04-16,745593,Philadelphia Phillies,Colorado Rockies,5,0,624133,Ranger Suarez,596295,Austin Gomber,1,2681
2024-04-16,746081,Miami Marlins,San Francisco Giants,6,3,677960,Ryan Weathers,663855,Jordan Hicks,1,4169
2024-04-16,745108,Tampa Bay Rays,Los Angeles Angels,7,6,650644,Aaron Civale,667755,José Soriano,1,12
2024-04-16,744944,Toronto Blue Jays,New York Yankees,5,4,579328,Yusei Kikuchi,607074,Carlos Rodón,1,14
2024-04-16,746976,Boston Red Sox,Cleveland Guardians,7,10,676477,Garrett Whitlock,676440,Tanner Bibee,1,3
2024-04-16,745837,New York Mets,Pittsburgh Pirates,3,1,500779,Jose Quintana,683003,Jared Jones,1,3289
2024-04-16,746004,Milwaukee Brewers,San Diego Padres,3,6,489119,Wade Miley,656302,Dylan Cease,1,32
2024-04-16,746400,Houston Astros,Atlanta Braves,2,6,686613,Hunter Brown,625643,Reynaldo López,1,2392
2024-04-16,747214,Arizona Diamondbacks,Chicago Cubs,12,11,674072,Tommy Henry,543294,Kyle Hendricks,1,15
2024-04-16,745270,Seattle Mariners,Cincinnati Reds,3,1,669302,Logan Gilbert,668881,Hunter Greene,1,680
2024-04-16,745674,Oakland Athletics,St. Louis Cardinals,2,3,676664,JP Sears,458681,Lance Lynn,1,10
2024-04-16,746157,Los Angeles Dodgers,Washington Nationals,6,2,669165,Kyle Hurt,571578,Patrick Corbin,1,22
2024-04-17,746076,Miami Marlins,San Francisco Giants,1,3,669432,Trevor Rogers,676775,Keaton Winn,1,4169
2024-04-17,747049,Baltimore Orioles,Minnesota Twins,4,2,544150,Albert Suárez,641154,Pablo López,1,2
2024-04-17,745836,New York Mets,Pittsburgh Pirates,9,1,622663,Luis Severino,663559,Bailey Falter,1,3289
2024-04-17,746487,Detroit Tigers,Texas Rangers,4,5,669373,Tarik Skubal,641540,Dane Dunning,1,2394
2024-04-17,746005,Milwaukee Brewers,San Diego Padres,1,0,669060,Bryse Wilson,650633,Michael King,1,32
2024-04-17,746401,Houston Astros,Atlanta Braves,4,5,641585,J.P. France,608331,Max Fried,1,2392
2024-04-17,746807,Chicago White Sox,Kansas City Royals,2,4,686563,Jonathan Cannon,663903,Brady Singer,1,4
2024-04-17,746809,Chicago White Sox,Kansas City Royals,2,1,607200,Erick Fedde,608379,Michael Wacha,2,4
2024-04-17,744948,Toronto Blue Jays,New York Yankees,4,6,592332,Kevin Gausman,573186,Marcus Stroman,1,14
2024-04-17,746159,Los Angeles Dodgers,Washington Nationals,0,2,689017,Landon Knack,663623,Jake Irvin,1,22
2024-04-17,745671,Oakland Athletics,St. Louis Cardinals,6,3,621112,Paul Blackburn,571927,Steven Matz,1,10
2024-04-17,747212,Arizona Diamondbacks,Chicago Cubs,3,5,694297,Brandon Pfaadt,696136,Jordan Wicks,1,15
2024-04-17,745267,Seattle Mariners,Cincinnati Reds,5,1,682243,Bryce Miller,671096,Andrew Abbott,1,680
2024-04-17,745591,Philadelphia Phillies,Colorado Rockies,7,6,650911,Cristopher Sánchez,663372,Ryan Feltner,1,2681
2024-04-17,745105,Tampa Bay Rays,Los Angeles Angels,4,5,641793,Zack Littell,672282,Reid Detmers,1,12
2024-04-17,746973,Boston Red Sox,Cleveland Guardians,2,0,656557,Tanner Houck,594902,Ben Lively,1,3
2024-04-18,745104,Tampa Bay Rays,Los Angeles Angels,2,1,686752,Ryan Pepiot,656288,Griffin Canning,1,12
2024-04-18,746485,Detroit Tigers,Texas Rangers,7,9,628317,Kenta Maeda,683004,Jack Leiter,1,2394
2024-04-18,746970,Boston Red Sox,Cleveland Guardians,4,5,657514,Brennan Bernardino,471911,Carlos Carrasco,1,3
2024-04-18,745356,San Francisco Giants,Arizona Diamondbacks,5,0,657277,Logan Webb,669194,Ryne Nelson,1,2395
2024-04-19,746892,Chicago Cubs,Miami Marlins,8,3,592791,Jameson Taillon,640462,A.J. Puk,1,17
2024-04-19,746729,Cincinnati Reds,Los Angeles Angels,7,1,666157,Nick Lodolo,542881,Tyler Anderson,1,2602
2024-04-19,745518,Pittsburgh Pirates,Boston Red Sox,1,8,682990,Quinn Priester,678394,Brayan Bello,1,31
2024-04-19,745592,Philadelphia Phillies,Chicago White Sox,7,0,605513,Spencer Turnbull,676979,Garrett Crochet,1,2681
2024-04-19,744872,Washington Nationals,Houston Astros,3,5,669022,MacKenzie Gore,434378,Justin Verlander,1,3309
2024-04-19,745758,New York Yankees,Tampa Bay Rays,5,3,657376,Clarke Schmidt,641302,Tyler Alexander,1,3313
2024-04-19,746650,Cleveland Guardians,Oakland Athletics,10,2,663474,Triston McKenzie,671212,Joe Boyle,1,5
2024-04-19,747136,Atlanta Braves,Texas Rangers,8,3,519242,Chris Sale,571760,Andrew Heaney,1,4705
2024-04-19,746325,Kansas City Royals,Baltimore Orioles,9,4,679525,Alec Marsh,665152,Dean Kremer,1,7
2024-04-19,745922,Minnesota Twins,Detroit Tigers,4,5,657746,Joe Ryan,656427,Jack Flaherty,1,3312
2024-04-19,745189,St. Louis Cardinals,Milwaukee Brewers,1,2,502043,Kyle Gibson,642547,Freddy Peralta,1,2889
2024-04-19,745430,San Diego Padres,Toronto Blue Jays,1,5,663362,Matt Waldron,684320,Yariel Rodríguez,1,2680
2024-04-19,746160,Los Angeles Dodgers,New York Mets,4,9,808967,Yoshinobu Yamamoto,640455,Sean Manaea,1,22
2024-04-19,745352,San Francisco Giants,Arizona Diamondbacks,1,17,605483,Blake Snell,656756,Jordan Montgomery,1,2395
2024-04-20,745760,New York Yankees,Tampa Bay Rays,0,2,641482,Nestor Cortes,621107,Zach Eflin,1,3313
2024-04-20,745921,Minnesota Twins,Detroit Tigers,4,3,641927,Bailey Ober,681857,Reese Olson,1,3312
2024-04-20,745190,St. Louis Cardinals,Milwaukee Brewers,5,12,571945,Miles Mikolas,669084,DL Hall,1,2889
2024-04-20,746893,Chicago Cubs,Miami Marlins,2,3,665871,Javier Assad,666200,Jesús Luzardo,1,17
2024-04-20,746891,Chicago Cubs,Miami Marlins,5,3,684007,Shota Imanaga,682610,Roddery Muñoz,2,17
2024-04-20,744865,Washington Nationals,Houston Astros,5,4,592866,Trevor Williams,669854,Ronel Blanco,1,3309
2024-04-20,746156,Los Angeles Dodgers,New York Mets,4,6,694813,Gavin Stone,676130,José Buttó,1,22
2024-04-20,745515,Pittsburgh Pirates,Boston Red Sox,2,4,656605,Mitch Keller,676710,Kutter Crawford,1,31
2024-04-20,745354,San Francisco Giants,Arizona Diamondbacks,7,3,690986,Kyle Harrison,668678,Zac Gallen,1,2395
2024-04-20,745590,Philadelphia Phillies,Chicago White Sox,9,5,554430,Zack Wheeler,647336,Michael Soroka,1,2681
2024-04-20,746651,Cleveland Guardians,Oakland Athletics,6,3,671106,Logan Allen,622072,Alex Wood,1,5
2024-04-20,746726,Cincinnati Reds,Los Angeles Angels,7,5,668933,Graham Ashcraft,663776,Patrick Sandoval,1,2602
2024-04-20,746324,Kansas City Royals,Baltimore Orioles,7,9,666142,Cole Ragans,669203,Corbin Burnes,1,7
2024-04-20,747135,Atlanta Braves,Texas Rangers,5,2,450203,Charlie Morton,543135,Nathan Eovaldi,1,4705
2024-04-20,746570,Colorado Rockies,Seattle Mariners,0,7,641712,Dakota Hudson,622491,Luis Castillo,1,19
2024-04-20,745431,San Diego Padres,Toronto Blue Jays,2,5,681190,Randy Vásquez,621244,José Berríos,1,2680
2024-04-21,744866,Washington Nationals,Houston Astros,6,0,680730,Mitchell Parker,686613,Hunter Brown,1,3309
2024-04-21,745514,Pittsburgh Pirates,Boston Red Sox,1,6,527048,Martín Pérez,670174,Josh Winckowski,1,31
2024-04-21,745588,Philadelphia Phillies,Chicago White Sox,8,2,605400,Aaron Nola,680897,Nick Nastrini,1,2681
2024-04-21,745759,New York Yankees,Tampa Bay Rays,5,4,661563,Luis Gil,650644,Aaron Civale,1,3313
2024-04-21,746727,Cincinnati Reds,Los Angeles Angels,3,0,593423,Frankie Montas,667755,José Soriano,1,2602
2024-04-21,746652,Cleveland Guardians,Oakland Athletics,6,2,676440,Tanner Bibee,548389,Ross Stripling,1,5
2024-04-21,746316,Kansas City Royals,Baltimore Orioles,0,5,607625,Seth Lugo,608344,Cole Irvin,1,7
2024-04-21,745920,Minnesota Twins,Detroit Tigers,1,6,686973,Louis Varland,663554,Casey Mize,1,3312
2024-04-21,745192,St. Louis Cardinals,Milwaukee Brewers,0,2,543243,Sonny Gray,607067,Colin Rea,1,2889
2024-04-21,746894,Chicago Cubs,Miami Marlins,3,6,543294,Kyle Hendricks,665795,Edward Cabrera,1,17
2024-04-21,746568,Colorado Rockies,Seattle Mariners,2,1,615698,Cal Quantrill,669923,George Kirby,1,19
2024-04-21,746572,Colorado Rockies,Seattle Mariners,2,10,663567,Peter Lambert,676106,Emerson Hancock,2,19
2024-04-21,745353,San Francisco Giants,Arizona Diamondbacks,3,5,663855,Jordan Hicks,677944,Slade Cecconi,1,2395
2024-04-21,746154,Los Angeles Dodgers,New York Mets,10,0,607192,Tyler Glasnow,605288,Adrian Houser,1,22
2024-04-21,745434,San Diego Padres,Toronto Blue Jays,6,3,605397,Joe Musgrove,605135,Chris Bassitt,1,2680
2024-04-21,747133,Atlanta Braves,Texas Rangers,4,6,670241,Darius Vines,547179,Michael Lorenzen,1,4705
2024-04-22,745757,New York Yankees,Oakland Athletics,0,2,607074,Carlos Rodón,676664,JP Sears,1,3313
2024-04-22,746723,Cincinnati Reds,Philadelphia Phillies,0,7,668881,Hunter Greene,624133,Ranger Suarez,1,2602
2024-04-22,745519,Pittsburgh Pirates,Milwaukee Brewers,4,2,683003,Jared Jones,605452,Joe Ross,1,31
2024-04-22,745107,Tampa Bay Rays,Detroit Tigers,1,7,641793,Zack Littell,669373,Tarik Skubal,1,12
2024-04-22,747134,Atlanta Braves,Miami Marlins,3,0,693821,Bryce Elder,677960,Ryan Weathers,1,4705
2024-04-22,746319,Kansas City Royals,Toronto Blue Jays,3,5,663903,Brady Singer,579328,Yusei Kikuchi,1,7
2024-04-22,745916,Minnesota Twins,Chicago White Sox,7,0,663978,Chris Paddack,686563,Jonathan Cannon,1,3312
2024-04-22,745191,St. Louis Cardinals,Arizona Diamondbacks,5,3,458681,Lance Lynn,694297,Brandon Pfaadt,1,2889
2024-04-22,746565,Colorado Rockies,San Diego Padres,1,3,596295,Austin Gomber,656302,Dylan Cease,1,19
2024-04-22,746242,Los Angeles Angels,Baltimore Orioles,2,4,672282,Reid Detmers,544150,Albert Suárez,1,1
2024-04-22,745351,San Francisco Giants,New York Mets,5,2,676775,Keaton Winn,500779,Jose Quintana,1,2395
2024-04-23,746647,Cleveland Guardians,Boston Red Sox,4,1,594902,Ben Lively,656557,Tanner Houck,1,5
2024-04-23,746722,Cincinnati Reds,Philadelphia Phillies,8,1,671096,Andrew Abbott,650911,Cristopher Sánchez,1,2602
2024-04-23,745516,Pittsburgh Pirates,Milwaukee Brewers,2,1,663559,Bailey Falter,668964,Tobias Myers,1,31
2024-04-23,744863,Washington Nationals,Los Angeles Dodgers,1,4,571578,Patrick Corbin,572020,James Paxton,1,3309
2024-04-23,745102,Tampa Bay Rays,Detroit Tigers,2,4,686752,Ryan Pepiot,628317,Kenta Maeda,1,12
2024-04-23,745754,New York Yankees,Oakland Athletics,4,3,573186,Marcus Stroman,621112,Paul Blackburn,1,3313
2024-04-23,747130,Atlanta Braves,Miami Marlins,5,0,608331,Max Fried,669432,Trevor Rogers,1,4705
2024-04-23,746888,Chicago Cubs,Houston Astros,7,2,696136,Jordan Wicks,641585,J.P. France,1,17
2024-04-23,746321,Kansas City Royals,Toronto Blue Jays,3,2,608379,Michael Wacha,592332,Kevin Gausman,1,7
2024-04-23,745917,Minnesota Twins,Chicago White Sox,6,5,641154,Pablo López,607200,Erick Fedde,1,3312
2024-04-23,745193,St. Louis Cardinals,Arizona Diamondbacks,1,14,571927,Steven Matz,674072,Tommy Henry,1,2889
2024-04-23,745026,Texas Rangers,Seattle Mariners,0,4,641540,Dane Dunning,669302,Logan Gilbert,1,5325
2024-04-23,746566,Colorado Rockies,San Diego Padres,7,4,663372,Ryan Feltner,650633,Michael King,1,19
2024-04-23,746246,Los Angeles Angels,Baltimore Orioles,7,4,656288,Griffin Canning,680570,Grayson Rodriguez,1,1
2024-04-23,745348,San Francisco Giants,New York Mets,5,1,657277,Logan Webb,622663,Luis Severino,1,2395
2024-04-24,745188,St. Louis Cardinals,Arizona Diamondbacks,5,1,502043,Kyle Gibson,656756,Jordan Montgomery,1,2889
2024-04-24,745346,San Francisco Giants,New York Mets,2,8,676254,Ryan Walker,640455,Sean Manaea,1,2395
2024-04-24,746244,Los Angeles Angels,Baltimore Orioles,5,6,542881,Tyler Anderson,665152,Dean Kremer,1,1
2024-04-24,746649,Cleveland Guardians,Boston Red Sox,0,8,471911,Carlos Carrasco,681867,Cooper Criswell,1,5
2024-04-24,746725,Cincinnati Reds,Philadelphia Phillies,7,4,666157,Nick Lodolo,605513,Spencer Turnbull,1,2602
2024-04-24,745513,Pittsburgh Pirates,Milwaukee Brewers,2,3,676596,Josh Fleming,669060,Bryse Wilson,1,31
2024-04-24,744864,Washington Nationals,Los Angeles Dodgers,2,11,663623,Jake Irvin,689017,Landon Knack,1,3309
2024-04-24,745099,Tampa Bay Rays,Detroit Tigers,7,5,542888,Shawn Armstrong,656427,Jack Flaherty,1,12
2024-04-24,745753,New York Yankees,Oakland Athletics,7,3,657376,Clarke Schmidt,671212,Joe Boyle,1,3313
2024-04-24,747132,Atlanta Braves,Miami Marlins,4,3,625643,Reynaldo López,664350,Sixto Sánchez,1,4705
2024-04-24,746889,Chicago Cubs,Houston Astros,4,3,592791,Jameson Taillon,681293,Spencer Arrighetti,1,17
2024-04-24,746317,Kansas City Royals,Toronto Blue Jays,3,2,679525,Alec Marsh,684320,Yariel Rodríguez,1,7
2024-04-24,745919,Minnesota Twins,Chicago White Sox,6,3,657746,Joe Ryan,676979,Garrett Crochet,1,3312
2024-04-24,745028,Texas Rangers,Seattle Mariners,5,1,592351,Jon Gray,682243,Bryce Miller,1,5325
2024-04-24,746567,Colorado Rockies,San Diego Padres,2,5,621389,Ty Blach,663362,Matt Waldron,1,19
2024-04-25,745512,Pittsburgh Pirates,Milwaukee Brewers,5,7,656605,Mitch Keller,642547,Freddy Peralta,1,31
2024-04-25,746646,Cleveland Guardians,Boston Red Sox,6,4,663474,Triston McKenzie,502624,Chase Anderson,1,5
2024-04-25,746724,Cincinnati Reds,Philadelphia Phillies,0,5,607259,Nick Martinez,554430,Zack Wheeler,1,2602
2024-04-25,745918,Minnesota Twins,Chicago White Sox,6,3,680573,Simeon Woods Richardson,647336,Michael Soroka,1,3312
2024-04-25,746320,Kansas City Royals,Toronto Blue Jays,2,1,666142,Cole Ragans,621244,José Berríos,1,7
2024-04-25,746887,Chicago Cubs,Houston Astros,3,1,665871,Javier Assad,434378,Justin Verlander,1,17
2024-04-25,745027,Texas Rangers,Seattle Mariners,3,4,571760,Andrew Heaney,622491,Luis Castillo,1,5325
2024-04-25,746564,Colorado Rockies,San Diego Padres,10,9,641712,Dakota Hudson,681190,Randy Vásquez,1,19
2024-04-25,744867,Washington Nationals,Los Angeles Dodgers,1,2,669022,MacKenzie Gore,808967,Yoshinobu Yamamoto,1,3309
2024-04-25,745755,New York Yankees,Oakland Athletics,1,3,641482,Nestor Cortes,622072,Alex Wood,1,3313
2024-04-26,746482,Detroit Tigers,Kansas City Royals,0,8,681857,Reese Olson,607625,Seth Lugo,1,2394
2024-04-26,747050,Baltimore Orioles,Oakland Athletics,2,3,669203,Corbin Burnes,548389,Ross Stripling,1,2
2024-04-26,744949,Toronto Blue Jays,Los Angeles Dodgers,2,12,605135,Chris Bassitt,694813,Gavin Stone,1,14
2024-04-26,746972,Boston Red Sox,Chicago Cubs,1,7,676710,Kutter Crawford,684007,Shota Imanaga,1,3
2024-04-26,745835,New York Mets,St. Louis Cardinals,2,4,676130,José Buttó,571945,Miles Mikolas,1,3289
2024-04-26,746078,Miami Marlins,Washington Nationals,1,3,687424,Anthony Maldonado,592866,Trevor Williams,1,4169
2024-04-26,747129,Atlanta Braves,Cleveland Guardians,6,2,519242,Chris Sale,671106,Logan Allen,1,4705
2024-04-26,746808,Chicago White Sox,Tampa Bay Rays,9,4,623167,Chris Flexen,621107,Zach Eflin,1,4
2024-04-26,745025,Texas Rangers,Cincinnati Reds,2,1,543135,Nathan Eovaldi,668933,Graham Ashcraft,1,5325
2024-04-26,746000,Milwaukee Brewers,New York Yankees,7,6,607067,Colin Rea,661563,Luis Gil,1,32
2024-04-26,746243,Los Angeles Angels,Minnesota Twins,3,5,663776,Patrick Sandoval,641927,Bailey Ober,1,1
2024-04-26,745269,Seattle Mariners,Arizona Diamondbacks,6,1,676106,Emerson Hancock,668678,Zac Gallen,1,680
2024-04-26,745424,San Diego Padres,Philadelphia Phillies,3,9,605397,Joe Musgrove,605400,Aaron Nola,1,2680
2024-04-26,745347,San Francisco Giants,Pittsburgh Pirates,3,0,690986,Kyle Harrison,682990,Quinn Priester,1,2395
2024-04-27,744946,Toronto Blue Jays,Los Angeles Dodgers,2,4,579328,Yusei Kikuchi,607192,Tyler Glasnow,1,14
2024-04-27,747052,Baltimore Orioles,Oakland Athletics,7,0,608344,Cole Irvin,676664,JP Sears,1,2
2024-04-27,745833,New York Mets,St. Louis Cardinals,4,7,605288,Adrian Houser,543243,Sonny Gray,1,3289
2024-04-27,745020,Texas Rangers,Cincinnati Reds,4,8,547179,Michael Lorenzen,668881,Hunter Greene,1,5325
2024-04-27,746971,Boston Red Sox,Chicago Cubs,17,0,670174,Josh Winckowski,676962,Ben Brown,1,3
2024-04-27,746075,Miami Marlins,Washington Nationals,4,11,665795,Edward Cabrera,680730,Mitchell Parker,1,4169
2024-04-27,746560,Colorado Rockies,Houston Astros,4,12,615698,Cal Quantrill,669854,Ronel Blanco,1,5340
2024-04-27,746484,Detroit Tigers,Kansas City Royals,6,5,663554,Casey Mize,663903,Brady Singer,1,2394
2024-04-27,746803,Chicago White Sox,Tampa Bay Rays,8,7,686563,Jonathan Cannon,650644,Aaron Civale,1,4
2024-04-27,745998,Milwaukee Brewers,New York Yankees,3,15,605452,Joe Ross,607074,Carlos Rodón,1,32
2024-04-27,747131,Atlanta Braves,Cleveland Guardians,2,4,450203,Charlie Morton,676440,Tanner Bibee,1,4705
2024-04-27,745425,San Diego Padres,Philadelphia Phillies,1,5,656302,Dylan Cease,624133,Ranger Suarez,1,2680
2024-04-27,745350,San Francisco Giants,Pittsburgh Pirates,3,4,663855,Jordan Hicks,527048,Martín Pérez,1,2395
2024-04-27,746245,Los Angeles Angels,Minnesota Twins,5,16,667755,José Soriano,663978,Chris Paddack,1,1
2024-04-27,745266,Seattle Mariners,Arizona Diamondbacks,3,1,669923,George Kirby,677944,Slade Cecconi,1,680
2024-04-28,747045,Baltimore Orioles,Oakland Athletics,6,7,544150,Albert Suárez,621112,Paul Blackburn,1,2
2024-04-28,747125,Atlanta Braves,Cleveland Guardians,4,3,693821,Bryce Elder,594902,Ben Lively,1,4705
2024-04-28,744947,Toronto Blue Jays,Los Angeles Dodgers,3,1,592332,Kevin Gausman,675627,Michael Grove,1,14
2024-04-28,746483,Detroit Tigers,Kansas City Royals,4,1,669373,Tarik Skubal,608379,Michael Wacha,1,2394
2024-04-28,745834,New York Mets,St. Louis Cardinals,4,2,500779,Jose Quintana,458681,Lance Lynn,1,3289
2024-04-28,746077,Miami Marlins,Washington Nationals,9,12,677960,Ryan Weathers,571578,Patrick Corbin,1,4169
2024-04-28,746805,Chicago White Sox,Tampa Bay Rays,4,2,607200,Erick Fedde,641793,Zack Littell,1,4
2024-04-28,746001,Milwaukee Brewers,New York Yankees,5,15,668964,Tobias Myers,573186,Marcus Stroman,1,32
2024-04-28,745022,Texas Rangers,Cincinnati Reds,4,3,641540,Dane Dunning,671096,Andrew Abbott,1,5325
2024-04-28,746561,Colorado Rockies,Houston Astros,2,8,596295,Austin Gomber,664285,Framber Valdez,1,5340
2024-04-28,745349,San Francisco Giants,Pittsburgh Pirates,3,2,676775,Keaton Winn,683003,Jared Jones,1,2395
2024-04-28,746237,Los Angeles Angels,Minnesota Twins,5,11,672282,Reid Detmers,641154,Pablo López,1,1
2024-04-28,745265,Seattle Mariners,Arizona Diamondbacks,2,3,669302,Logan Gilbert,694297,Brandon Pfaadt,1,680
2024-04-28,745428,San Diego Padres,Philadelphia Phillies,6,8,650633,Michael King,592836,Taijuan Walker,1,2680
2024-04-28,746967,Boston Red Sox,Chicago Cubs,5,4,656557,Tanner Houck,669713,Hayden Wesneski,1,3
2024-04-29,747046,Baltimore Orioles,New York Yankees,2,0,680570,Grayson Rodriguez,657376,Clarke Schmidt,1,2
2024-04-29,746074,Miami Marlins,Washington Nationals,2,7,669432,Trevor Rogers,663623,Jake Irvin,1,4169
2024-04-29,744945,Toronto Blue Jays,Kansas City Royals,6,5,684320,Yariel Rodríguez,680742,Jonathan Bowlan,1,14
2024-04-29,745832,New York Mets,Chicago Cubs,1,3,622663,Luis Severino,592791,Jameson Taillon,1,3289
2024-04-29,746804,Chicago White Sox,Minnesota Twins,2,3,676979,Garrett Crochet,657746,Joe Ryan,1,4
2024-04-29,745999,Milwaukee Brewers,Tampa Bay Rays,0,1,669060,Bryse Wilson,686752,Ryan Pepiot,1,32
2024-04-29,746236,Los Angeles Angels,Philadelphia Phillies,6,5,656288,Griffin Canning,650911,Cristopher Sánchez,1,1
2024-04-29,747211,Arizona Diamondbacks,Los Angeles Dodgers,4,8,674072,Tommy Henry,572020,James Paxton,1,15
2024-04-29,745672,Oakland Athletics,Pittsburgh Pirates,5,1,671212,Joe Boyle,663559,Bailey Falter,1,10
2024-04-29,745427,San Diego Padres,Cincinnati Reds,2,5,663362,Matt Waldron,666157,Nick Lodolo,1,2680
2024-04-29,745263,Seattle Mariners,Atlanta Braves,2,1,682243,Bryce Miller,608331,Max Fried,1,680
2024-04-30,746477,Detroit Tigers,St. Louis Cardinals,1,2,656427,Jack Flaherty,502043,Kyle Gibson,1,2394
2024-04-30,746481,Detroit Tigers,St. Louis Cardinals,11,6,666159,Matt Manning,571927,Steven Matz,2,2394
2024-04-30,747047,Baltimore Orioles,New York Yankees,4,2,665152,Dean Kremer,641482,Nestor Cortes,1,2
2024-04-30,746073,Miami Marlins,Colorado Rockies,7,6,664350,Sixto Sánchez,663372,Ryan Feltner,1,4169
2024-04-30,744942,Toronto Blue Jays,Kansas City Royals,1,4,621244,José Berríos,666142,Cole Ragans,1,14
2024-04-30,745831,New York Mets,Chicago Cubs,4,2,640455,Sean Manaea,665871,Javier Assad,1,3289
2024-04-30,746968,Boston Red Sox,San Francisco Giants,4,0,681867,Cooper Criswell,657277,Logan Webb,1,3
2024-04-30,746806,Chicago White Sox,Minnesota Twins,5,6,647336,Michael Soroka,680573,Simeon Woods Richardson,1,4
2024-04-30,745997,Milwaukee Brewers,Tampa Bay Rays,8,2,642547,Freddy Peralta,641302,Tyler Alexander,1,32
2024-04-30,745018,Texas Rangers,Washington Nationals,7,1,592351,Jon Gray,669022,MacKenzie Gore,1,5325
2024-04-30,746398,Houston Astros,Cleveland Guardians,10,9,686613,Hunter Brown,471911,Carlos Carrasco,1,2392
2024-04-30,746239,Los Angeles Angels,Philadelphia Phillies,5,7,542881,Tyler Anderson,605513,Spencer Turnbull,1,1
2024-04-30,747210,Arizona Diamondbacks,Los Angeles Dodgers,4,3,676714,Brandon Hughes,689017,Landon Knack,1,15
2024-04-30,745673,Oakland Athletics,Pittsburgh Pirates,5,2,622072,Alex Wood,656605,Mitch Keller,1,10
2024-04-30,745426,San Diego Padres,Cincinnati Reds,6,4,506433,Yu Darvish,607259,Nick Martinez,1,2680
2024-04-30,745260,Seattle Mariners,Atlanta Braves,3,2,622491,Luis Castillo,625643,Reynaldo López,1,680
2024-05-01,746478,Detroit Tigers,St. Louis Cardinals,4,1,628317,Kenta Maeda,571945,Miles Mikolas,1,2394
2024-05-01,745996,Milwaukee Brewers,Tampa Bay Rays,7,1,607067,Colin Rea,621107,Zach Eflin,1,32
2024-05-01,746800,Chicago White Sox,Minnesota Twins,5,10,623167,Chris Flexen,641927,Bailey Ober,1,4
2024-05-01,744939,Toronto Blue Jays,Kansas City Royals,1,6,605135,Chris Bassitt,607625,Seth Lugo,1,14
2024-05-01,745670,Oakland Athletics,Pittsburgh Pirates,4,0,548389,Ross Stripling,682990,Quinn Priester,1,10
2024-05-01,745261,Seattle Mariners,Atlanta Braves,2,5,676106,Emerson Hancock,519242,Chris Sale,1,680
2024-05-01,746238,Los Angeles Angels,Philadelphia Phillies,1,2,663776,Patrick Sandoval,554430,Zack Wheeler,1,1
2024-05-01,745423,San Diego Padres,Cincinnati Reds,6,2,605397,Joe Musgrove,668933,Graham Ashcraft,1,2680
2024-05-01,747048,Baltimore Orioles,New York Yankees,0,2,669203,Corbin Burnes,661563,Luis Gil,1,2
2024-05-01,746072,Miami Marlins,Colorado Rockies,4,1,682610,Roddery Muñoz,641712,Dakota Hudson,1,4169
2024-05-01,745829,New York Mets,Chicago Cubs,0,1,676130,José Buttó,684007,Shota Imanaga,1,3289
2024-05-01,746966,Boston Red Sox,San Francisco Giants,6,2,676710,Kutter Crawford,669062,Erik Miller,1,3
2024-05-01,745023,Texas Rangers,Washington Nationals,0,1,571760,Andrew Heaney,592866,Trevor Williams,1,5325
2024-05-01,746399,Houston Astros,Cleveland Guardians,2,3,434378,Justin Verlander,663474,Triston McKenzie,1,2392
2024-05-01,747207,Arizona Diamondbacks,Los Angeles Dodgers,0,8,656756,Jordan Montgomery,808967,Yoshinobu Yamamoto,1,15
2024-05-02,746070,Miami Marlins,Colorado Rockies,5,4,665795,Edward Cabrera,663567,Peter Lambert,1,4169
2024-05-02,747044,Baltimore Orioles,New York Yankees,7,2,680694,Kyle Bradish,607074,Carlos Rodón,1,2
2024-05-02,745830,New York Mets,Chicago Cubs,7,6,605288,Adrian Houser,676962,Ben Brown,1,3289
2024-05-02,746969,Boston Red Sox,San Francisco Giants,1,3,670174,Josh Winckowski,690986,Kyle Harrison,1,3
2024-05-02,745021,Texas Rangers,Washington Nationals,6,0,543135,Nathan Eovaldi,680730,Mitchell Parker,1,5325
2024-05-02,746403,Houston Astros,Cleveland Guardians,8,2,681293,Spencer Arrighetti,671106,Logan Allen,1,2392
2024-05-03,746890,Chicago Cubs,Milwaukee Brewers,1,3,669713,Hayden Wesneski,605452,Joe Ross,1,17
2024-05-03,746721,Cincinnati Reds,Baltimore Orioles,0,3,668881,Hunter Greene,608344,Cole Irvin,1,2602
2024-05-03,745510,Pittsburgh Pirates,Colorado Rockies,2,3,527048,Martín Pérez,615698,Cal Quantrill,1,31
2024-05-03,745589,Philadelphia Phillies,San Francisco Giants,4,3,605400,Aaron Nola,663855,Jordan Hicks,1,2681
2024-05-03,744868,Washington Nationals,Toronto Blue Jays,9,3,571578,Patrick Corbin,579328,Yusei Kikuchi,1,3309
2024-05-03,745101,Tampa Bay Rays,New York Mets,10,8,650644,Aaron Civale,500779,Jose Quintana,1,12
2024-05-03,745756,New York Yankees,Detroit Tigers,2,1,573186,Marcus Stroman,681857,Reese Olson,1,3313
2024-05-03,746645,Cleveland Guardians,Los Angeles Angels,0,6,676440,Tanner Bibee,667755,José Soriano,1,5
2024-05-03,746318,Kansas City Royals,Texas Rangers,7,1,663903,Brady Singer,547179,Michael Lorenzen,1,7
2024-05-03,746402,Houston Astros,Seattle Mariners,5,3,669854,Ronel Blanco,669923,George Kirby,1,2392
2024-05-03,745914,Minnesota Twins,Boston Red Sox,5,2,663978,Chris Paddack,656557,Tanner Houck,1,3312
2024-05-03,745187,St. Louis Cardinals,Chicago White Sox,3,0,543243,Sonny Gray,641745,Brad Keller,1,2889
2024-05-03,747208,Arizona Diamondbacks,San Diego Padres,1,7,677944,Slade Cecconi,656302,Dylan Cease,1,15
2024-05-03,745665,Oakland Athletics,Miami Marlins,3,1,676664,JP Sears,677960,Ryan Weathers,1,10
2024-05-03,746152,Los Angeles Dodgers,Atlanta Braves,4,3,694813,Gavin Stone,450203,Charlie Morton,1,22
2024-05-04,745750,New York Yankees,Detroit Tigers,5,3,657376,Clarke Schmidt,663554,Casey Mize,1,3313
2024-05-04,745911,Minnesota Twins,Boston Red Sox,3,1,641154,Pablo López,657514,Brennan Bernardino,1,3312
2024-05-04,745183,St. Louis Cardinals,Chicago White Sox,5,6,458681,Lance Lynn,607200,Erick Fedde,1,2889
2024-05-04,746884,Chicago Cubs,Milwaukee Brewers,6,5,592791,Jameson Taillon,668964,Tobias Myers,1,17
2024-05-04,745511,Pittsburgh Pirates,Colorado Rockies,1,0,683003,Jared Jones,596295,Austin Gomber,1,31
2024-05-04,744862,Washington Nationals,Toronto Blue Jays,3,6,663623,Jake Irvin,592332,Kevin Gausman,1,3309
2024-05-04,745666,Oakland Athletics,Miami Marlins,20,4,621112,Paul Blackburn,669432,Trevor Rogers,1,10
2024-05-04,745583,Philadelphia Phillies,San Francisco Giants,14,3,624133,Ranger Suarez,676775,Keaton Winn,1,2681
2024-05-04,746644,Cleveland Guardians,Los Angeles Angels,7,1,594902,Ben Lively,672282,Reid Detmers,1,5
2024-05-04,746720,Cincinnati Reds,Baltimore Orioles,1,2,671096,Andrew Abbott,607644,John Means,1,2602
2024-05-04,746311,Kansas City Royals,Texas Rangers,4,15,608379,Michael Wacha,641540,Dane Dunning,1,7
2024-05-04,746394,Houston Astros,Seattle Mariners,0,5,664285,Framber Valdez,669302,Logan Gilbert,1,2392
2024-05-04,745100,Tampa Bay Rays,New York Mets,3,1,641793,Zack Littell,681035,Christian Scott,1,12
2024-05-04,747209,Arizona Diamondbacks,San Diego Padres,1,13,694297,Brandon Pfaadt,650633,Michael King,1,15
2024-05-04,746155,Los Angeles Dodgers,Atlanta Braves,11,2,607192,Tyler Glasnow,693821,Bryce Elder,1,22
2024-05-05,745504,Pittsburgh Pirates,Colorado Rockies,5,3,663559,Bailey Falter,663372,Ryan Feltner,1,31
2024-05-05,744861,Washington Nationals,Toronto Blue Jays,11,8,669022,MacKenzie Gore,666201,Alek Manoah,1,3309
2024-05-05,745751,New York Yankees,Detroit Tigers,5,2,641482,Nestor Cortes,669373,Tarik Skubal,1,3313
2024-05-05,746643,Cleveland Guardians,Los Angeles Angels,4,1,471911,Carlos Carrasco,656288,Griffin Canning,1,5
2024-05-05,745103,Tampa Bay Rays,New York Mets,7,6,686752,Ryan Pepiot,622663,Luis Severino,1,12
2024-05-05,746395,Houston Astros,Seattle Mariners,4,5,686613,Hunter Brown,682243,Bryce Miller,1,2392
2024-05-05,746314,Kansas City Royals,Texas Rangers,2,3,663738,Daniel Lynch IV,592351,Jon Gray,1,7
2024-05-05,745913,Minnesota Twins,Boston Red Sox,2,9,657746,Joe Ryan,681867,Cooper Criswell,1,3312
2024-05-05,745185,St. Louis Cardinals,Chicago White Sox,1,5,669461,Matthew Liberatore,676979,Garrett Crochet,1,2889
2024-05-05,746883,Chicago Cubs,Milwaukee Brewers,5,0,665871,Javier Assad,642547,Freddy Peralta,1,17
2024-05-05,745667,Oakland Athletics,Miami Marlins,3,12,671212,Joe Boyle,664350,Sixto Sánchez,1,10
2024-05-05,746719,Cincinnati Reds,Baltimore Orioles,1,11,666157,Nick Lodolo,665152,Dean Kremer,1,2602
2024-05-05,747206,Arizona Diamondbacks,San Diego Padres,11,4,669194,Ryne Nelson,663362,Matt Waldron,1,15
2024-05-05,746153,Los Angeles Dodgers,Atlanta Braves,5,1,572020,James Paxton,608331,Max Fried,1,22
2024-05-05,745587,Philadelphia Phillies,San Francisco Giants,5,4,592836,Taijuan Walker,657277,Logan Webb,1,2681
2024-05-06,745585,Philadelphia Phillies,San Francisco Giants,6,1,554430,Zack Wheeler,696131,Mason Black,1,2681
2024-05-06,746639,Cleveland Guardians,Detroit Tigers,2,1,663474,Triston McKenzie,656427,Jack Flaherty,1,5
2024-05-06,745509,Pittsburgh Pirates,Los Angeles Angels,4,1,656605,Mitch Keller,542881,Tyler Anderson,1,31
2024-05-06,745098,Tampa Bay Rays,Chicago White Sox,8,2,641302,Tyler Alexander,605182,Mike Clevinger,1,12
2024-05-06,746313,Kansas City Royals,Milwaukee Brewers,3,2,666142,Cole Ragans,669060,Bryse Wilson,1,7
2024-05-06,746886,Chicago Cubs,San Diego Padres,3,6,657006,Justin Steele,506433,Yu Darvish,1,17
2024-05-06,745912,Minnesota Twins,Seattle Mariners,3,1,680573,Simeon Woods Richardson,622491,Luis Castillo,1,3312
2024-05-06,745182,St. Louis Cardinals,New York Mets,3,4,502043,Kyle Gibson,640455,Sean Manaea,1,2889
2024-05-06,745669,Oakland Athletics,Texas Rangers,2,4,622072,Alex Wood,571760,Andrew Heaney,1,10
2024-05-06,746149,Los Angeles Dodgers,Miami Marlins,6,3,621111,Walker Buehler,682610,Roddery Muñoz,1,22
2024-05-07,745668,Oakland Athletics,Texas Rangers,8,15,548389,Ross Stripling,570632,José Ureña,1,10
2024-05-07,746638,Cleveland Guardians,Detroit Tigers,7,11,671106,Logan Allen,628317,Kenta Maeda,1,5
2024-05-07,746718,Cincinnati Reds,Arizona Diamondbacks,2,6,593423,Frankie Montas,668678,Zac Gallen,1,2602
2024-05-07,745508,Pittsburgh Pirates,Los Angeles Angels,0,9,682990,Quinn Priester,663776,Patrick Sandoval,1,31
2024-05-07,745586,Philadelphia Phillies,Toronto Blue Jays,10,1,650911,Cristopher Sánchez,621244,José Berríos,1,2681
2024-05-07,744859,Washington Nationals,Baltimore Orioles,3,0,592866,Trevor Williams,669203,Corbin Burnes,1,3309
2024-05-07,745095,Tampa Bay Rays,Chicago White Sox,5,1,621107,Zach Eflin,647336,Michael Soroka,1,12
2024-05-07,745752,New York Yankees,Houston Astros,10,3,661563,Luis Gil,434378,Justin Verlander,1,3313
2024-05-07,747126,Atlanta Braves,Boston Red Sox,4,2,625643,Reynaldo López,676710,Kutter Crawford,1,4705
2024-05-07,746885,Chicago Cubs,San Diego Padres,3,2,684007,Shota Imanaga,681190,Randy Vásquez,1,17
2024-05-07,745915,Minnesota Twins,Seattle Mariners,6,10,641927,Bailey Ober,676106,Emerson Hancock,1,3312
2024-05-07,746315,Kansas City Royals,Milwaukee Brewers,5,6,607625,Seth Lugo,607067,Colin Rea,1,7
2024-05-07,745186,St. Louis Cardinals,New York Mets,5,7,571945,Miles Mikolas,676130,José Buttó,1,2889
2024-05-07,746559,Colorado Rockies,San Francisco Giants,0,5,641712,Dakota Hudson,690986,Kyle Harrison,1,19
2024-05-07,746147,Los Angeles Dodgers,Miami Marlins,8,2,808967,Yoshinobu Yamamoto,665795,Edward Cabrera,1,22
2024-05-08,745507,Pittsburgh Pirates,Los Angeles Angels,4,5,527048,Martín Pérez,667755,José Soriano,1,31
2024-05-08,745584,Philadelphia Phillies,Toronto Blue Jays,3,5,605400,Aaron Nola,605135,Chris Bassitt,1,2681
2024-05-08,746640,Cleveland Guardians,Detroit Tigers,5,4,676440,Tanner Bibee,681857,Reese Olson,1,5
2024-05-08,746312,Kansas City Royals,Milwaukee Brewers,6,4,663903,Brady Singer,605452,Joe Ross,1,7
2024-05-08,746879,Chicago Cubs,San Diego Padres,0,3,669713,Hayden Wesneski,656302,Dylan Cease,1,17
2024-05-08,746151,Los Angeles Dodgers,Miami Marlins,3,1,694813,Gavin Stone,677960,Ryan Weathers,1,22
2024-05-08,745664,Oakland Athletics,Texas Rangers,9,4,676664,JP Sears,547179,Michael Lorenzen,1,10
2024-05-08,745659,Oakland Athletics,Texas Rangers,11,12,674370,Osvaldo Bido,683004,Jack Leiter,2,10
2024-05-08,746717,Cincinnati Reds,Arizona Diamondbacks,3,4,668933,Graham Ashcraft,656756,Jordan Montgomery,1,2602
2024-05-08,744858,Washington Nationals,Baltimore Orioles,6,7,680730,Mitchell Parker,680694,Kyle Bradish,1,3309
2024-05-08,745097,Tampa Bay Rays,Chicago White Sox,1,4,650644,Aaron Civale,623167,Chris Flexen,1,12
2024-05-08,745749,New York Yankees,Houston Astros,9,4,607074,Carlos Rodón,681293,Spencer Arrighetti,1,3313
2024-05-08,747127,Atlanta Braves,Boston Red Sox,5,0,519242,Chris Sale,601713,Nick Pivetta,1,4705
2024-05-08,745906,Minnesota Twins,Seattle Mariners,6,3,663978,Chris Paddack,669923,George Kirby,1,3312
2024-05-08,746562,Colorado Rockies,San Francisco Giants,6,8,663567,Peter Lambert,663855,Jordan Hicks,1,19
2024-05-09,746715,Cincinnati Reds,Arizona Diamondbacks,4,5,668881,Hunter Greene,677944,Slade Cecconi,1,2602
2024-05-09,745910,Minnesota Twins,Seattle Mariners,11,1,641154,Pablo López,669302,Logan Gilbert,1,3312
2024-05-09,746563,Colorado Rockies,San Francisco Giants,9,1,615698,Cal Quantrill,676775,Keaton Winn,1,19
2024-05-09,745748,New York Yankees,Houston Astros,3,4,573186,Marcus Stroman,669854,Ronel Blanco,1,3313
2024-05-09,746802,Chicago White Sox,Cleveland Guardians,3,2,607200,Erick Fedde,594902,Ben Lively,1,4
2024-05-09,745995,Milwaukee Brewers,St. Louis Cardinals,7,1,668964,Tobias Myers,543243,Sonny Gray,1,32
2024-05-09,746241,Los Angeles Angels,Kansas City Royals,4,10,672282,Reid Detmers,608379,Michael Wacha,1,1
2024-05-10,746479,Detroit Tigers,Houston Astros,2,5,663554,Casey Mize,664285,Framber Valdez,1,2394
2024-05-10,745506,Pittsburgh Pirates,Chicago Cubs,2,7,683003,Jared Jones,665871,Javier Assad,1,31
2024-05-10,745094,Tampa Bay Rays,New York Yankees,0,2,671737,Taj Bradley,657376,Clarke Schmidt,1,12
2024-05-10,747043,Baltimore Orioles,Arizona Diamondbacks,4,2,608344,Cole Irvin,694297,Brandon Pfaadt,1,2
2024-05-10,744940,Toronto Blue Jays,Minnesota Twins,2,3,579328,Yusei Kikuchi,657746,Joe Ryan,1,14
2024-05-10,746964,Boston Red Sox,Washington Nationals,1,5,656557,Tanner Houck,571578,Patrick Corbin,1,3
2024-05-10,745827,New York Mets,Atlanta Braves,2,4,500779,Jose Quintana,450203,Charlie Morton,1,3289
2024-05-10,746071,Miami Marlins,Philadelphia Phillies,2,8,669432,Trevor Rogers,624133,Ranger Suarez,1,4169
2024-05-10,746801,Chicago White Sox,Cleveland Guardians,6,3,676979,Garrett Crochet,471911,Carlos Carrasco,1,4
2024-05-10,745993,Milwaukee Brewers,St. Louis Cardinals,11,2,688107,Robert Gasser,458681,Lance Lynn,1,32
2024-05-10,746553,Colorado Rockies,Texas Rangers,4,2,596295,Austin Gomber,592351,Jon Gray,1,19
2024-05-10,746240,Los Angeles Angels,Kansas City Royals,1,2,656288,Griffin Canning,679525,Alec Marsh,1,1
2024-05-10,745421,San Diego Padres,Los Angeles Dodgers,2,1,650633,Michael King,607192,Tyler Glasnow,1,2680
2024-05-10,745264,Seattle Mariners,Oakland Athletics,8,1,693433,Bryan Woo,621112,Paul Blackburn,1,680
2024-05-10,745340,San Francisco Giants,Cincinnati Reds,2,4,657277,Logan Webb,671096,Andrew Abbott,1,2395
2024-05-11,744943,Toronto Blue Jays,Minnesota Twins,10,8,592332,Kevin Gausman,680573,Simeon Woods Richardson,1,14
2024-05-11,747041,Baltimore Orioles,Arizona Diamondbacks,5,4,607644,John Means,669194,Ryne Nelson,1,2
2024-05-11,745505,Pittsburgh Pirates,Chicago Cubs,10,9,694973,Paul Skenes,657006,Justin Steele,1,31
2024-05-11,746963,Boston Red Sox,Washington Nationals,4,2,681867,Cooper Criswell,663623,Jake Irvin,1,3
2024-05-11,745828,New York Mets,Atlanta Braves,1,4,681035,Christian Scott,608331,Max Fried,1,3289
2024-05-11,746069,Miami Marlins,Philadelphia Phillies,3,8,666200,Jesús Luzardo,592836,Taijuan Walker,1,4169
2024-05-11,745096,Tampa Bay Rays,New York Yankees,7,2,641793,Zack Littell,641482,Nestor Cortes,1,12
2024-05-11,746480,Detroit Tigers,Houston Astros,8,2,669373,Tarik Skubal,664299,Cristian Javier,1,2394
2024-05-11,746797,Chicago White Sox,Cleveland Guardians,3,1,605182,Mike Clevinger,663474,Triston McKenzie,1,4
2024-05-11,745344,San Francisco Giants,Cincinnati Reds,5,1,696131,Mason Black,666157,Nick Lodolo,1,2395
2024-05-11,745994,Milwaukee Brewers,St. Louis Cardinals,5,3,642547,Freddy Peralta,502043,Kyle Gibson,1,32
2024-05-11,746554,Colorado Rockies,Texas Rangers,8,3,663372,Ryan Feltner,571760,Andrew Heaney,1,19
2024-05-11,745422,San Diego Padres,Los Angeles Dodgers,0,5,663362,Matt Waldron,572020,James Paxton,1,2680
2024-05-11,746232,Los Angeles Angels,Kansas City Royals,9,3,542881,Tyler Anderson,666142,Cole Ragans,1,1
2024-05-11,745262,Seattle Mariners,Oakland Athletics,1,8,682243,Bryce Miller,683155,Joey Estes,1,680
2024-05-12,747042,Baltimore Orioles,Arizona Diamondbacks,2,9,665152,Dean Kremer,668678,Zac Gallen,1,2
2024-05-12,746965,Boston Red Sox,Washington Nationals,3,2,678394,Brayan Bello,669022,MacKenzie Gore,1,3
2024-05-12,745499,Pittsburgh Pirates,Chicago Cubs,4,5,663559,Bailey Falter,543294,Kyle Hendricks,1,31
2024-05-12,744941,Toronto Blue Jays,Minnesota Twins,1,5,666201,Alek Manoah,641927,Bailey Ober,1,14
2024-05-12,746476,Detroit Tigers,Houston Astros,3,9,656427,Jack Flaherty,434378,Justin Verlander,1,2394
2024-05-12,746068,Miami Marlins,Philadelphia Phillies,7,6,666129,Braxton Garrett,554430,Zack Wheeler,1,4169
2024-05-12,745092,Tampa Bay Rays,New York Yankees,6,10,641302,Tyler Alexander,661563,Luis Gil,1,12
2024-05-12,746798,Chicago White Sox,Cleveland Guardians,0,7,647336,Michael Soroka,671106,Logan Allen,1,4
2024-05-12,745990,Milwaukee Brewers,St. Louis Cardinals,3,4,669060,Bryse Wilson,571945,Miles Mikolas,1,32
2024-05-12,746555,Colorado Rockies,Texas Rangers,3,1,621389,Ty Blach,570632,José Ureña,1,19
2024-05-12,745345,San Francisco Giants,Cincinnati Reds,6,5,690986,Kyle Harrison,593423,Frankie Montas,1,2395
2024-05-12,746234,Los Angeles Angels,Kansas City Royals,2,4,663776,Patrick Sandoval,607625,Seth Lugo,1,1
2024-05-12,745419,San Diego Padres,Los Angeles Dodgers,4,0,506433,Yu Darvish,621111,Walker Buehler,1,2680
2024-05-12,745255,Seattle Mariners,Oakland Athletics,8,4,622491,Luis Castillo,622072,Alex Wood,1,680
2024-05-12,745825,New York Mets,Atlanta Braves,4,3,622663,Luis Severino,693821,Bryce Elder,1,3289
2024-05-13,747040,Baltimore Orioles,Toronto Blue Jays,2,3,669203,Corbin Burnes,621244,José Berríos,1,2
2024-05-13,746471,Detroit Tigers,Miami Marlins,6,5,666159,Matt Manning,664350,Sixto Sánchez,1,2394
2024-05-13,746961,Boston Red Sox,Tampa Bay Rays,3,5,676710,Kutter Crawford,621107,Zach Eflin,1,3
2024-05-13,745826,New York Mets,Philadelphia Phillies,4,5,640455,Sean Manaea,650911,Cristopher Sánchez,1,3289
2024-05-13,747128,Atlanta Braves,Chicago Cubs,2,0,625643,Reynaldo López,684007,Shota Imanaga,1,4705
2024-05-13,745991,Milwaukee Brewers,Pittsburgh Pirates,6,8,607067,Colin Rea,656605,Mitch Keller,1,32
2024-05-13,745019,Texas Rangers,Cleveland Guardians,0,7,547179,Michael Lorenzen,676440,Tanner Bibee,1,5325
2024-05-13,746393,Houston Astros,Oakland Athletics,9,2,681293,Spencer Arrighetti,548389,Ross Stripling,1,2392
2024-05-13,746233,Los Angeles Angels,St. Louis Cardinals,5,10,667755,José Soriano,669461,Matthew Liberatore,1,1
2024-05-13,747204,Arizona Diamondbacks,Cincinnati Reds,6,5,656756,Jordan Montgomery,668933,Graham Ashcraft,1,15
2024-05-13,745420,San Diego Padres,Colorado Rockies,4,5,681190,Randy Vásquez,641712,Dakota Hudson,1,2680
2024-05-13,745256,Seattle Mariners,Kansas City Royals,6,2,669923,George Kirby,663903,Brady Singer,1,680
2024-05-13,745343,San Francisco Giants,Los Angeles Dodgers,4,6,663855,Jordan Hicks,808967,Yoshinobu Yamamoto,1,2395
2024-05-14,745821,New York Mets,Philadelphia Phillies,0,4,676130,José Buttó,605400,Aaron Nola,1,3289
2024-05-14,746796,Chicago White Sox,Washington Nationals,3,6,623167,Chris Flexen,592866,Trevor Williams,1,4
2024-05-14,746799,Chicago White Sox,Washington Nationals,4,0,607200,Erick Fedde,680730,Mitchell Parker,2,4
2024-05-14,746473,Detroit Tigers,Miami Marlins,0,1,681857,Reese Olson,677960,Ryan Weathers,1,2394
2024-05-14,746962,Boston Red Sox,Tampa Bay Rays,5,4,601713,Nick Pivetta,650644,Aaron Civale,1,3
2024-05-14,747124,Atlanta Braves,Chicago Cubs,7,0,519242,Chris Sale,592791,Jameson Taillon,1,4705
2024-05-14,745909,Minnesota Twins,New York Yankees,1,5,663978,Chris Paddack,607074,Carlos Rodón,1,3312
2024-05-14,745989,Milwaukee Brewers,Pittsburgh Pirates,4,3,605452,Joe Ross,682990,Quinn Priester,1,32
2024-05-14,745014,Texas Rangers,Cleveland Guardians,4,7,683004,Jack Leiter,594902,Ben Lively,1,5325
2024-05-14,746396,Houston Astros,Oakland Athletics,2,1,669854,Ronel Blanco,676664,JP Sears,1,2392
2024-05-14,746235,Los Angeles Angels,St. Louis Cardinals,6,7,672282,Reid Detmers,543243,Sonny Gray,1,1
2024-05-14,747205,Arizona Diamondbacks,Cincinnati Reds,2,6,677944,Slade Cecconi,668881,Hunter Greene,1,15
2024-05-14,745418,San Diego Padres,Colorado Rockies,3,6,656302,Dylan Cease,615698,Cal Quantrill,1,2680
2024-05-14,745257,Seattle Mariners,Kansas City Royals,2,4,669302,Logan Gilbert,608379,Michael Wacha,1,680
2024-05-14,745342,San Francisco Giants,Los Angeles Dodgers,2,10,676775,Keaton Winn,694813,Gavin Stone,1,2395
2024-05-15,747038,Baltimore Orioles,Toronto Blue Jays,3,2,680694,Kyle Bradish,579328,Yusei Kikuchi,1,2
2024-05-15,746472,Detroit Tigers,Miami Marlins,0,2,663554,Casey Mize,669432,Trevor Rogers,1,2394
2024-05-15,745992,Milwaukee Brewers,Pittsburgh Pirates,10,2,688107,Robert Gasser,527048,Martín Pérez,1,32
2024-05-15,746795,Chicago White Sox,Washington Nationals,2,0,676979,Garrett Crochet,571578,Patrick Corbin,1,4
2024-05-15,747203,Arizona Diamondbacks,Cincinnati Reds,2,1,694297,Brandon Pfaadt,671096,Andrew Abbott,1,15
2024-05-15,745417,San Diego Padres,Colorado Rockies,0,8,650633,Michael King,596295,Austin Gomber,1,2680
2024-05-15,745259,Seattle Mariners,Kansas City Royals,4,2,693433,Bryan Woo,679525,Alec Marsh,1,680
2024-05-15,745582,Philadelphia Phillies,New York Mets,10,5,624133,Ranger Suarez,664192,Joey Lucchesi,1,2681
2024-05-15,746960,Boston Red Sox,Tampa Bay Rays,3,4,656557,Tanner Houck,671737,Taj Bradley,1,3
2024-05-15,747123,Atlanta Braves,Chicago Cubs,1,7,450203,Charlie Morton,665871,Javier Assad,1,4705
2024-05-15,745908,Minnesota Twins,New York Yankees,0,4,641154,Pablo López,573186,Marcus Stroman,1,3312
2024-05-15,745015,Texas Rangers,Cleveland Guardians,4,0,592351,Jon Gray,471911,Carlos Carrasco,1,5325
2024-05-15,746397,Houston Astros,Oakland Athletics,3,0,664285,Framber Valdez,605156,Aaron Brooks,1,2392
2024-05-15,746231,Los Angeles Angels,St. Louis Cardinals,7,2,656288,Griffin Canning,458681,Lance Lynn,1,1
2024-05-15,745341,San Francisco Giants,Los Angeles Dodgers,4,1,657277,Logan Webb,622694,Elieser Hernández,1,2395
2024-05-16,745907,Minnesota Twins,New York Yankees,0,5,657746,Joe Ryan,657376,Clarke Schmidt,1,3312
2024-05-16,745580,Philadelphia Phillies,New York Mets,5,6,592836,Taijuan Walker,500779,Jose Quintana,1,2681
2024-05-16,746959,Boston Red Sox,Tampa Bay Rays,5,7,681867,Cooper Criswell,641793,Zack Littell,1,3
2024-05-16,746881,Chicago Cubs,Pittsburgh Pirates,4,5,657006,Justin Steele,683003,Jared Jones,1,17
2024-05-16,746391,Houston Astros,Oakland Athletics,8,1,664299,Cristian Javier,683155,Joey Estes,1,2392
2024-05-16,746150,Los Angeles Dodgers,Cincinnati Reds,2,7,607192,Tyler Glasnow,608718,Brent Suter,1,22
2024-05-17,746878,Chicago Cubs,Pittsburgh Pirates,3,9,543294,Kyle Hendricks,694973,Paul Skenes,1,17
2024-05-17,745579,Philadelphia Phillies,Washington Nationals,4,2,554430,Zack Wheeler,663623,Jake Irvin,1,2681
2024-05-17,747037,Baltimore Orioles,Seattle Mariners,9,2,607644,John Means,682243,Bryce Miller,1,2
2024-05-17,745747,New York Yankees,Chicago White Sox,4,2,641482,Nestor Cortes,605182,Mike Clevinger,1,3313
2024-05-17,744934,Toronto Blue Jays,Tampa Bay Rays,3,4,605135,Chris Bassitt,641302,Tyler Alexander,1,14
2024-05-17,746641,Cleveland Guardians,Minnesota Twins,3,2,663474,Triston McKenzie,680573,Simeon Woods Richardson,1,5
2024-05-17,746065,Miami Marlins,New York Mets,8,0,666200,Jesús Luzardo,681035,Christian Scott,1,4169
2024-05-17,747122,Atlanta Braves,San Diego Padres,1,3,608331,Max Fried,663362,Matt Waldron,1,4705
2024-05-17,746310,Kansas City Royals,Oakland Athletics,6,2,666142,Cole Ragans,687765,Mitch Spence,1,7
2024-05-17,745016,Texas Rangers,Los Angeles Angels,3,9,571760,Andrew Heaney,542881,Tyler Anderson,1,5325
2024-05-17,746388,Houston Astros,Milwaukee Brewers,5,4,686613,Hunter Brown,642547,Freddy Peralta,1,2392
2024-05-17,745178,St. Louis Cardinals,Boston Red Sox,10,6,502043,Kyle Gibson,678394,Brayan Bello,1,2889
2024-05-17,747201,Arizona Diamondbacks,Detroit Tigers,0,13,669194,Ryne Nelson,669373,Tarik Skubal,1,15
2024-05-17,746148,Los Angeles Dodgers,Cincinnati Reds,7,3,572020,James Paxton,593423,Frankie Montas,1,22
2024-05-17,745335,San Francisco Giants,Colorado Rockies,10,5,696131,Mason Black,663372,Ryan Feltner,1,2395
2024-05-18,745744,New York Yankees,Chicago White Sox,6,1,661563,Luis Gil,641745,Brad Keller,1,3313
2024-05-18,746882,Chicago Cubs,Pittsburgh Pirates,1,0,684007,Shota Imanaga,663559,Bailey Falter,1,17
2024-05-18,744938,Toronto Blue Jays,Tampa Bay Rays,4,5,592332,Kevin Gausman,621107,Zach Eflin,1,14
2024-05-18,747036,Baltimore Orioles,Seattle Mariners,3,4,680570,Grayson Rodriguez,622491,Luis Castillo,1,2
2024-05-18,745339,San Francisco Giants,Colorado Rockies,14,4,690986,Kyle Harrison,621389,Ty Blach,1,2395
2024-05-18,746067,Miami Marlins,New York Mets,10,9,666129,Braxton Garrett,622663,Luis Severino,1,4169
2024-05-18,745581,Philadelphia Phillies,Washington Nationals,4,3,650911,Cristopher Sánchez,669022,MacKenzie Gore,1,2681
2024-05-18,746642,Cleveland Guardians,Minnesota Twins,11,4,671106,Logan Allen,641927,Bailey Ober,1,5
2024-05-18,746308,Kansas City Royals,Oakland Athletics,5,3,607625,Seth Lugo,548389,Ross Stripling,1,7
2024-05-18,746389,Houston Astros,Milwaukee Brewers,2,4,434378,Justin Verlander,669060,Bryse Wilson,1,2392
2024-05-18,745177,St. Louis Cardinals,Boston Red Sox,7,2,571945,Miles Mikolas,676710,Kutter Crawford,1,2889
2024-05-18,745013,Texas Rangers,Los Angeles Angels,3,2,570632,José Ureña,663776,Patrick Sandoval,1,5325
2024-05-18,747202,Arizona Diamondbacks,Detroit Tigers,3,8,668678,Zac Gallen,656427,Jack Flaherty,1,15
2024-05-18,746142,Los Angeles Dodgers,Cincinnati Reds,4,0,621111,Walker Buehler,668933,Graham Ashcraft,1,22
2024-05-19,745179,St. Louis Cardinals,Boston Red Sox,3,11,669461,Matthew Liberatore,601713,Nick Pivetta,1,2889
2024-05-19,747035,Baltimore Orioles,Seattle Mariners,6,3,669203,Corbin Burnes,669923,George Kirby,1,2
2024-05-19,745577,Philadelphia Phillies,Washington Nationals,11,5,605400,Aaron Nola,592866,Trevor Williams,1,2681
2024-05-19,745745,New York Yankees,Chicago White Sox,7,2,607074,Carlos Rodón,623167,Chris Flexen,1,3313
2024-05-19,744937,Toronto Blue Jays,Tampa Bay Rays,5,2,666201,Alek Manoah,650644,Aaron Civale,1,14
2024-05-19,746636,Cleveland Guardians,Minnesota Twins,5,2,676440,Tanner Bibee,663978,Chris Paddack,1,5
2024-05-19,746064,Miami Marlins,New York Mets,3,7,664350,Sixto Sánchez,640455,Sean Manaea,1,4169
2024-05-19,746306,Kansas City Royals,Oakland Athletics,8,4,663903,Brady Singer,676664,JP Sears,1,7
2024-05-19,746392,Houston Astros,Milwaukee Brewers,9,4,681293,Spencer Arrighetti,607067,Colin Rea,1,2392
2024-05-19,746880,Chicago Cubs,Pittsburgh Pirates,2,3,592791,Jameson Taillon,656605,Mitch Keller,1,17
2024-05-19,745012,Texas Rangers,Los Angeles Angels,1,4,547179,Michael Lorenzen,667755,José Soriano,1,5325
2024-05-19,745336,San Francisco Giants,Colorado Rockies,4,1,663855,Jordan Hicks,641712,Dakota Hudson,1,2395
2024-05-19,747198,Arizona Diamondbacks,Detroit Tigers,6,4,656756,Jordan Montgomery,666159,Matt Manning,1,15
2024-05-19,746144,Los Angeles Dodgers,Cincinnati Reds,3,2,689017,Landon Knack,668881,Hunter Greene,1,22
2024-05-19,747120,Atlanta Braves,San Diego Padres,1,9,693821,Bryce Elder,506433,Yu Darvish,1,4705
2024-05-20,747119,Atlanta Braves,San Diego Padres,5,6,625643,Reynaldo López,656302,Dylan Cease,1,4705
2024-05-20,747121,Atlanta Braves,San Diego Padres,3,0,519242,Chris Sale,681190,Randy Vásquez,2,4705
2024-05-20,744935,Toronto Blue Jays,Chicago White Sox,9,3,621244,José Berríos,607200,Erick Fedde,1,14
2024-05-20,746637,Cleveland Guardians,New York Mets,3,1,594902,Ben Lively,656731,Tylor Megill,1,5
2024-05-20,746066,Miami Marlins,Milwaukee Brewers,3,2,677960,Ryan Weathers,605452,Joe Ross,1,4169
2024-05-20,744857,Washington Nationals,Minnesota Twins,12,3,680730,Mitchell Parker,641154,Pablo López,1,3309
2024-05-20,745093,Tampa Bay Rays,Boston Red Sox,0,5,671737,Taj Bradley,656557,Tanner Houck,1,12
2024-05-20,745746,New York Yankees,Seattle Mariners,4,5,573186,Marcus Stroman,669302,Logan Gilbert,1,3313
2024-05-20,746307,Kansas City Royals,Detroit Tigers,8,3,608379,Michael Wacha,681857,Reese Olson,1,7
2024-05-20,745181,St. Louis Cardinals,Baltimore Orioles,6,3,543243,Sonny Gray,665152,Dean Kremer,1,2889
2024-05-20,746390,Houston Astros,Los Angeles Angels,7,9,664285,Framber Valdez,672282,Reid Detmers,1,2392
2024-05-20,746146,Los Angeles Dodgers,Arizona Diamondbacks,6,4,808967,Yoshinobu Yamamoto,573009,Joe Mantiply,1,22
2024-05-21,746633,Cleveland Guardians,New York Mets,7,6,675540,Xzavion Curry,605288,Adrian Houser,1,5
2024-05-21,746716,Cincinnati Reds,San Diego Padres,2,0,671096,Andrew Abbott,605397,Joe Musgrove,1,2602
2024-05-21,745503,Pittsburgh Pirates,San Francisco Giants,7,6,527048,Martín Pérez,657277,Logan Webb,1,31
2024-05-21,745578,Philadelphia Phillies,Texas Rangers,5,2,624133,Ranger Suarez,592351,Jon Gray,1,2681
2024-05-21,746058,Miami Marlins,Milwaukee Brewers,5,7,669432,Trevor Rogers,688107,Robert Gasser,1,4169
2024-05-21,744860,Washington Nationals,Minnesota Twins,0,10,571578,Patrick Corbin,657746,Joe Ryan,1,3309
2024-05-21,745090,Tampa Bay Rays,Boston Red Sox,2,5,641793,Zack Littell,681867,Cooper Criswell,1,12
2024-05-21,745742,New York Yankees,Seattle Mariners,3,6,657376,Clarke Schmidt,693433,Bryan Woo,1,3313
2024-05-21,744936,Toronto Blue Jays,Chicago White Sox,0,5,579328,Yusei Kikuchi,676979,Garrett Crochet,1,14
2024-05-21,746309,Kansas City Royals,Detroit Tigers,10,3,679525,Alec Marsh,663554,Casey Mize,1,7
2024-05-21,746875,Chicago Cubs,Atlanta Braves,4,3,665871,Javier Assad,450203,Charlie Morton,1,17
2024-05-21,745180,St. Louis Cardinals,Baltimore Orioles,3,1,458681,Lance Lynn,680694,Kyle Bradish,1,2889
2024-05-21,746385,Houston Astros,Los Angeles Angels,6,5,664299,Cristian Javier,656288,Griffin Canning,1,2392
2024-05-21,745662,Oakland Athletics,Colorado Rockies,5,4,605156,Aaron Brooks,615698,Cal Quantrill,1,10
2024-05-21,746145,Los Angeles Dodgers,Arizona Diamondbacks,3,7,694813,Gavin Stone,694297,Brandon Pfaadt,1,22
2024-05-21,745180,St. Louis Cardinals,Baltimore Orioles,3,1,458681,Lance Lynn,680694,Kyle Bradish,1,2889
2024-05-22,744856,Washington Nationals,Minnesota Twins,2,3,663623,Jake Irvin,680573,Simeon Woods Richardson,1,3309
2024-05-22,746634,Cleveland Guardians,New York Mets,6,3,663474,Triston McKenzie,500779,Jose Quintana,1,5
2024-05-22,745173,St. Louis Cardinals,Baltimore Orioles,5,4,502043,Kyle Gibson,607644,John Means,1,2889
2024-05-22,746386,Houston Astros,Los Angeles Angels,1,2,686613,Hunter Brown,542881,Tyler Anderson,1,2392
2024-05-22,746304,Kansas City Royals,Detroit Tigers,8,3,666142,Cole Ragans,669373,Tarik Skubal,1,7
2024-05-22,746712,Cincinnati Reds,San Diego Padres,3,7,607259,Nick Martinez,650633,Michael King,1,2602
2024-05-22,745502,Pittsburgh Pirates,San Francisco Giants,5,9,683003,Jared Jones,605483,Blake Snell,1,31
2024-05-22,745576,Philadelphia Phillies,Texas Rangers,11,4,592836,Taijuan Walker,641540,Dane Dunning,1,2681
2024-05-22,746063,Miami Marlins,Milwaukee Brewers,1,0,666200,Jesús Luzardo,642547,Freddy Peralta,1,4169
2024-05-22,745089,Tampa Bay Rays,Boston Red Sox,5,8,686752,Ryan Pepiot,678394,Brayan Bello,1,12
2024-05-22,745743,New York Yankees,Seattle Mariners,7,3,641482,Nestor Cortes,682243,Bryce Miller,1,3313
2024-05-22,744933,Toronto Blue Jays,Chicago White Sox,9,2,605135,Chris Bassitt,680897,Nick Nastrini,1,14
2024-05-22,746876,Chicago Cubs,Atlanta Braves,2,9,657006,Justin Steele,608331,Max Fried,1,17
2024-05-22,745661,Oakland Athletics,Colorado Rockies,3,4,687765,Mitch Spence,596295,Austin Gomber,1,10
2024-05-22,746143,Los Angeles Dodgers,Arizona Diamondbacks,0,6,607192,Tyler Glasnow,676714,Brandon Hughes,1,22
2024-05-23,745500,Pittsburgh Pirates,San Francisco Giants,6,7,694973,Paul Skenes,669062,Erik Miller,1,31
2024-05-23,745741,New York Yankees,Seattle Mariners,5,0,661563,Luis Gil,622491,Luis Castillo,1,3313
2024-05-23,745573,Philadelphia Phillies,Texas Rangers,5,2,554430,Zack Wheeler,571760,Andrew Heaney,1,2681
2024-05-23,746714,Cincinnati Reds,San Diego Padres,4,6,593423,Frankie Montas,663362,Matt Waldron,1,2602
2024-05-23,746874,Chicago Cubs,Atlanta Braves,0,3,676962,Ben Brown,700363,AJ Smith-Shawver,1,17
2024-05-23,745660,Oakland Athletics,Colorado Rockies,10,9,683155,Joey Estes,663372,Ryan Feltner,1,10
2024-05-23,746474,Detroit Tigers,Toronto Blue Jays,1,9,656427,Jack Flaherty,592332,Kevin Gausman,1,2394
2024-05-23,746792,Chicago White Sox,Baltimore Orioles,6,8,605182,Mike Clevinger,680570,Grayson Rodriguez,1,4
2024-05-24,746475,Detroit Tigers,Toronto Blue Jays,6,2,628317,Kenta Maeda,666201,Alek Manoah,1,2394
2024-05-24,745501,Pittsburgh Pirates,Atlanta Braves,11,5,663559,Bailey Falter,678061,Ray Kerr,1,31
2024-05-24,744853,Washington Nationals,Seattle Mariners,6,1,669022,MacKenzie Gore,669923,George Kirby,1,3309
2024-05-24,745087,Tampa Bay Rays,Kansas City Royals,1,8,542888,Shawn Armstrong,607625,Seth Lugo,1,12
2024-05-24,746713,Cincinnati Reds,Los Angeles Dodgers,9,6,668933,Graham Ashcraft,572020,James Paxton,1,2602
2024-05-24,745822,New York Mets,San Francisco Giants,7,8,681035,Christian Scott,690986,Kyle Harrison,1,3289
2024-05-24,745905,Minnesota Twins,Texas Rangers,3,2,641927,Bailey Ober,570632,José Ureña,1,3312
2024-05-24,746956,Boston Red Sox,Milwaukee Brewers,2,7,676710,Kutter Crawford,657649,Jared Koenig,1,3
2024-05-24,746793,Chicago White Sox,Baltimore Orioles,4,6,623167,Chris Flexen,669203,Corbin Burnes,1,4
2024-05-24,746558,Colorado Rockies,Philadelphia Phillies,3,2,621389,Ty Blach,650911,Cristopher Sánchez,1,19
2024-05-24,746227,Los Angeles Angels,Cleveland Guardians,4,10,663776,Patrick Sandoval,671106,Logan Allen,1,1
2024-05-24,745663,Oakland Athletics,Houston Astros,3,6,548389,Ross Stripling,434378,Justin Verlander,1,10
2024-05-24,747200,Arizona Diamondbacks,Miami Marlins,0,3,668678,Zac Gallen,666129,Braxton Garrett,1,15
2024-05-24,745415,San Diego Padres,New York Yankees,0,8,506433,Yu Darvish,607074,Carlos Rodón,1,2680
2024-05-25,746470,Detroit Tigers,Toronto Blue Jays,2,1,681857,Reese Olson,621244,José Berríos,1,2394
2024-05-25,745823,New York Mets,San Francisco Giants,2,7,622663,Luis Severino,663855,Jordan Hicks,1,3289
2024-05-25,745901,Minnesota Twins,Texas Rangers,5,3,663978,Chris Paddack,547179,Michael Lorenzen,1,3312
2024-05-25,746794,Chicago White Sox,Baltimore Orioles,3,5,607200,Erick Fedde,544150,Albert Suárez,1,4
2024-05-25,744851,Washington Nationals,Seattle Mariners,3,1,592866,Trevor Williams,669302,Logan Gilbert,1,3309
2024-05-25,745493,Pittsburgh Pirates,Atlanta Braves,4,1,656605,Mitch Keller,625643,Reynaldo López,1,31
2024-05-25,745658,Oakland Athletics,Houston Astros,3,1,676664,JP Sears,681293,Spencer Arrighetti,1,10
2024-05-25,745086,Tampa Bay Rays,Kansas City Royals,4,7,650644,Aaron Civale,663903,Brady Singer,1,12
2024-05-25,746958,Boston Red Sox,Milwaukee Brewers,3,6,601713,Nick Pivetta,657649,Jared Koenig,1,3
2024-05-25,746710,Cincinnati Reds,Los Angeles Dodgers,3,1,668881,Hunter Greene,621111,Walker Buehler,1,2602
2024-05-25,745176,St. Louis Cardinals,Chicago Cubs,7,6,571945,Miles Mikolas,592791,Jameson Taillon,1,2889
2024-05-25,746556,Colorado Rockies,Philadelphia Phillies,4,8,641712,Dakota Hudson,605400,Aaron Nola,1,19
2024-05-25,746226,Los Angeles Angels,Cleveland Guardians,3,4,667755,José Soriano,676440,Tanner Bibee,1,1
2024-05-25,745411,San Diego Padres,New York Yankees,1,4,656302,Dylan Cease,573186,Marcus Stroman,1,2680
2024-05-25,747199,Arizona Diamondbacks,Miami Marlins,3,2,656756,Jordan Montgomery,664350,Sixto Sánchez,1,15
2024-05-26,746469,Detroit Tigers,Toronto Blue Jays,14,11,663554,Casey Mize,579328,Yusei Kikuchi,1,2394
2024-05-26,746711,Cincinnati Reds,Los Angeles Dodgers,4,1,608718,Brent Suter,808967,Yoshinobu Yamamoto,1,2602
2024-05-26,744855,Washington Nationals,Seattle Mariners,5,9,571578,Patrick Corbin,693433,Bryan Woo,1,3309
2024-05-26,745498,Pittsburgh Pirates,Atlanta Braves,1,8,527048,Martín Pérez,519242,Chris Sale,1,31
2024-05-26,746957,Boston Red Sox,Milwaukee Brewers,2,1,656557,Tanner Houck,668964,Tobias Myers,1,3
2024-05-26,745824,New York Mets,San Francisco Giants,4,3,640455,Sean Manaea,657277,Logan Webb,1,3289
2024-05-26,745088,Tampa Bay Rays,Kansas City Royals,4,1,671737,Taj Bradley,608379,Michael Wacha,1,12
2024-05-26,745902,Minnesota Twins,Texas Rangers,2,6,641154,Pablo López,642520,Gerson Garabito,1,3312
2024-05-26,746789,Chicago White Sox,Baltimore Orioles,1,4,676979,Garrett Crochet,680694,Kyle Bradish,1,4
2024-05-26,746557,Colorado Rockies,Philadelphia Phillies,5,2,615698,Cal Quantrill,624133,Ranger Suarez,1,19
2024-05-26,746230,Los Angeles Angels,Cleveland Guardians,4,5,672282,Reid Detmers,594902,Ben Lively,1,1
2024-05-26,745653,Oakland Athletics,Houston Astros,2,5,605156,Aaron Brooks,669854,Ronel Blanco,1,10
2024-05-26,747197,Arizona Diamondbacks,Miami Marlins,1,3,686796,Blake Walston,677960,Ryan Weathers,1,15
2024-05-26,745413,San Diego Padres,New York Yankees,5,2,605397,Joe Musgrove,657376,Clarke Schmidt,1,2680
2024-05-26,745172,St. Louis Cardinals,Chicago Cubs,4,3,543243,Sonny Gray,665871,Javier Assad,1,2889
2024-05-27,747034,Baltimore Orioles,Boston Red Sox,11,3,608344,Cole Irvin,681867,Cooper Criswell,1,2
2024-05-27,745904,Minnesota Twins,Kansas City Royals,6,5,657746,Joe Ryan,679525,Alec Marsh,1,3312
2024-05-27,746788,Chicago White Sox,Toronto Blue Jays,1,5,680897,Nick Nastrini,605135,Chris Bassitt,1,4
2024-05-27,746549,Colorado Rockies,Cleveland Guardians,8,6,683627,Anthony Molina,675540,Xzavion Curry,1,19
2024-05-27,746708,Cincinnati Reds,St. Louis Cardinals,3,1,666157,Nick Lodolo,458681,Lance Lynn,1,2602
2024-05-27,747118,Atlanta Braves,Washington Nationals,4,8,450203,Charlie Morton,680730,Mitchell Parker,1,4705
2024-05-27,745986,Milwaukee Brewers,Chicago Cubs,5,1,688107,Robert Gasser,657006,Justin Steele,1,32
2024-05-27,745338,San Francisco Giants,Philadelphia Phillies,8,4,605483,Blake Snell,592836,Taijuan Walker,1,2395
2024-05-27,745416,San Diego Padres,Miami Marlins,2,1,650633,Michael King,669432,Trevor Rogers,1,2680
2024-05-27,745254,Seattle Mariners,Houston Astros,3,2,682243,Bryce Miller,664285,Framber Valdez,1,680
2024-05-28,745818,New York Mets,Los Angeles Dodgers,2,5,656731,Tylor Megill,607192,Tyler Glasnow,1,3289
2024-05-28,745816,New York Mets,Los Angeles Dodgers,0,3,500779,Jose Quintana,694813,Gavin Stone,2,3289
2024-05-28,747033,Baltimore Orioles,Boston Red Sox,3,8,680570,Grayson Rodriguez,678394,Brayan Bello,1,2
2024-05-28,746709,Cincinnati Reds,St. Louis Cardinals,1,7,671096,Andrew Abbott,502043,Kyle Gibson,1,2602
2024-05-28,745091,Tampa Bay Rays,Oakland Athletics,0,3,641793,Zack Littell,687765,Mitch Spence,1,12
2024-05-28,747115,Atlanta Braves,Washington Nationals,2,0,608331,Max Fried,663623,Jake Irvin,1,4705
2024-05-28,745903,Minnesota Twins,Kansas City Royals,4,2,680573,Simeon Woods Richardson,666142,Cole Ragans,1,3312
2024-05-28,746791,Chicago White Sox,Toronto Blue Jays,2,7,663765,Jake Woodford,592332,Kevin Gausman,1,4
2024-05-28,745987,Milwaukee Brewers,Chicago Cubs,3,6,642547,Freddy Peralta,676962,Ben Brown,1,32
2024-05-28,745017,Texas Rangers,Arizona Diamondbacks,4,2,543135,Nathan Eovaldi,694297,Brandon Pfaadt,1,5325
2024-05-28,746552,Colorado Rockies,Cleveland Guardians,7,13,663372,Ryan Feltner,663474,Triston McKenzie,1,19
2024-05-28,746229,Los Angeles Angels,New York Yankees,4,3,656288,Griffin Canning,641482,Nestor Cortes,1,1
2024-05-28,745258,Seattle Mariners,Houston Astros,4,2,622491,Luis Castillo,686613,Hunter Brown,1,680
2024-05-28,745412,San Diego Padres,Miami Marlins,4,0,663362,Matt Waldron,666200,Jesús Luzardo,1,2680
2024-05-28,745337,San Francisco Giants,Philadelphia Phillies,1,0,669062,Erik Miller,554430,Zack Wheeler,1,2395
2024-05-29,746467,Detroit Tigers,Pittsburgh Pirates,8,0,669373,Tarik Skubal,683003,Jared Jones,1,2394
2024-05-29,746468,Detroit Tigers,Pittsburgh Pirates,2,10,672456,Keider Montero,694973,Paul Skenes,2,2394
2024-05-29,746706,Cincinnati Reds,St. Louis Cardinals,3,5,593423,Frankie Montas,669467,Andre Pallante,1,2602
2024-05-29,745011,Texas Rangers,Arizona Diamondbacks,6,1,641540,Dane Dunning,669194,Ryne Nelson,1,5325
2024-05-29,745333,San Francisco Giants,Philadelphia Phillies,1,6,690986,Kyle Harrison,650911,Cristopher Sánchez,1,2395
2024-05-29,745817,New York Mets,Los Angeles Dodgers,3,10,656849,David Peterson,572020,James Paxton,1,3289
2024-05-29,745414,San Diego Padres,Miami Marlins,1,9,506433,Yu Darvish,666129,Braxton Garrett,1,2680
2024-05-29,747031,Baltimore Orioles,Boston Red Sox,6,1,669203,Corbin Burnes,676710,Kutter Crawford,1,2
2024-05-29,745084,Tampa Bay Rays,Oakland Athletics,4,3,686752,Ryan Pepiot,683155,Joey Estes,1,12
2024-05-29,747117,Atlanta Braves,Washington Nationals,2,7,680885,Spencer Schwellenbach,669022,MacKenzie Gore,1,4705
2024-05-29,745900,Minnesota Twins,Kansas City Royals,1,6,641927,Bailey Ober,607625,Seth Lugo,1,3312
2024-05-29,746790,Chicago White Sox,Toronto Blue Jays,1,3,623167,Chris Flexen,666201,Alek Manoah,1,4
2024-05-29,745988,Milwaukee Brewers,Chicago Cubs,10,6,669060,Bryse Wilson,684007,Shota Imanaga,1,32
2024-05-29,746551,Colorado Rockies,Cleveland Guardians,7,4,621389,Ty Blach,671106,Logan Allen,1,19
2024-05-29,746228,Los Angeles Angels,New York Yankees,1,2,542881,Tyler Anderson,661563,Luis Gil,1,1
2024-05-29,745250,Seattle Mariners,Houston Astros,2,1,669923,George Kirby,434378,Justin Verlander,1,680
2024-05-30,745081,Tampa Bay Rays,Oakland Athletics,6,5,542888,Shawn Armstrong,663687,Hogan Harris,1,12
2024-05-30,745898,Minnesota Twins,Kansas City Royals,7,6,663978,Chris Paddack,663738,Daniel Lynch IV,1,3312
2024-05-30,745985,Milwaukee Brewers,Chicago Cubs,6,4,607067,Colin Rea,592791,Jameson Taillon,1,32
2024-05-30,745249,Seattle Mariners,Houston Astros,0,4,669302,Logan Gilbert,681293,Spencer Arrighetti,1,680
2024-05-30,746954,Boston Red Sox,Detroit Tigers,0,5,601713,Nick Pivetta,656427,Jack Flaherty,1,3
2024-05-30,745819,New York Mets,Arizona Diamondbacks,3,2,681035,Christian Scott,668678,Zac Gallen,1,3289
2024-05-30,747114,Atlanta Braves,Washington Nationals,1,3,678061,Ray Kerr,592866,Trevor Williams,1,4705
2024-05-30,746225,Los Angeles Angels,New York Yankees,3,8,663776,Patrick Sandoval,607074,Carlos Rodón,1,1
2024-05-31,746877,Chicago Cubs,Cincinnati Reds,4,5,665871,Javier Assad,668933,Graham Ashcraft,1,17
2024-05-31,745574,Philadelphia Phillies,St. Louis Cardinals,4,2,605400,Aaron Nola,571945,Miles Mikolas,1,2681
2024-05-31,747032,Baltimore Orioles,Tampa Bay Rays,3,1,544150,Albert Suárez,650644,Aaron Civale,1,2
2024-05-31,744928,Toronto Blue Jays,Pittsburgh Pirates,5,3,621244,José Berríos,663559,Bailey Falter,1,14
2024-05-31,746955,Boston Red Sox,Detroit Tigers,7,3,656557,Tanner Houck,628317,Kenta Maeda,1,3
2024-05-31,746635,Cleveland Guardians,Washington Nationals,7,1,676440,Tanner Bibee,571578,Patrick Corbin,1,5
2024-05-31,745820,New York Mets,Arizona Diamondbacks,10,9,622663,Luis Severino,656756,Jordan Montgomery,1,3289
2024-05-31,746059,Miami Marlins,Texas Rangers,8,2,664350,Sixto Sánchez,570632,José Ureña,1,4169
2024-05-31,747116,Atlanta Braves,Oakland Athletics,4,2,625643,Reynaldo López,676664,JP Sears,1,4705
2024-05-31,746303,Kansas City Royals,San Diego Padres,8,11,608379,Michael Wacha,656302,Dylan Cease,1,7
2024-05-31,746387,Houston Astros,Minnesota Twins,1,6,669854,Ronel Blanco,641154,Pablo López,1,2392
2024-05-31,745983,Milwaukee Brewers,Chicago White Sox,12,5,668964,Tobias Myers,607200,Erick Fedde,1,32
2024-05-31,746140,Los Angeles Dodgers,Colorado Rockies,1,4,621111,Walker Buehler,641712,Dakota Hudson,1,22
2024-05-31,745253,Seattle Mariners,Los Angeles Angels,5,4,693433,Bryan Woo,667755,José Soriano,1,680
2024-05-31,745331,San Francisco Giants,New York Yankees,2,6,663855,Jordan Hicks,573186,Marcus Stroman,1,2395
2024-06-01,744932,Toronto Blue Jays,Pittsburgh Pirates,1,8,579328,Yusei Kikuchi,656605,Mitch Keller,1,14
2024-06-01,747029,Baltimore Orioles,Tampa Bay Rays,9,5,680694,Kyle Bradish,671737,Taj Bradley,1,2
2024-06-01,746952,Boston Red Sox,Detroit Tigers,6,3,681867,Cooper Criswell,681857,Reese Olson,1,3
2024-06-01,746629,Cleveland Guardians,Washington Nationals,3,2,594902,Ben Lively,680730,Mitchell Parker,1,5
2024-06-01,745812,New York Mets,Arizona Diamondbacks,5,10,640455,Sean Manaea,677944,Slade Cecconi,1,3289
2024-06-01,746305,Kansas City Royals,San Diego Padres,3,7,679525,Alec Marsh,681190,Randy Vásquez,1,7
2024-06-01,746384,Houston Astros,Minnesota Twins,5,2,664285,Framber Valdez,657746,Joe Ryan,1,2392
2024-06-01,747111,Atlanta Braves,Oakland Athletics,9,11,519242,Chris Sale,605156,Aaron Brooks,1,4705
2024-06-01,746062,Miami Marlins,Texas Rangers,0,7,677960,Ryan Weathers,547179,Michael Lorenzen,1,4169
2024-06-01,745980,Milwaukee Brewers,Chicago White Sox,4,3,688107,Robert Gasser,676979,Garrett Crochet,1,32
2024-06-01,746870,Chicago Cubs,Cincinnati Reds,7,5,657006,Justin Steele,668881,Hunter Greene,1,17
2024-06-01,745251,Seattle Mariners,Los Angeles Angels,9,0,682243,Bryce Miller,672282,Reid Detmers,1,680
2024-06-01,745575,Philadelphia Phillies,St. Louis Cardinals,6,1,624133,Ranger Suarez,543243,Sonny Gray,1,2681
2024-06-01,745332,San Francisco Giants,New York Yankees,3,7,657277,Logan Webb,547001,Cody Poteet,1,2395
2024-06-01,746138,Los Angeles Dodgers,Colorado Rockies,4,1,808967,Yoshinobu Yamamoto,615698,Cal Quantrill,1,22
2024-06-02,746383,Houston Astros,Minnesota Twins,3,4,686613,Hunter Brown,680573,Simeon Woods Richardson,1,2392
2024-06-02,746953,Boston Red Sox,Detroit Tigers,4,8,678394,Brayan Bello,663554,Casey Mize,1,3
2024-06-02,747030,Baltimore Orioles,Tampa Bay Rays,3,4,608344,Cole Irvin,641793,Zack Littell,1,2
2024-06-02,747110,Atlanta Braves,Oakland Athletics,3,1,450203,Charlie Morton,665622,Luis Medina,1,4705
2024-06-02,744929,Toronto Blue Jays,Pittsburgh Pirates,5,4,605135,Chris Bassitt,682990,Quinn Priester,1,14
2024-06-02,746632,Cleveland Guardians,Washington Nationals,2,5,471911,Carlos Carrasco,663623,Jake Irvin,1,5
2024-06-02,745813,New York Mets,Arizona Diamondbacks,4,5,500779,Jose Quintana,694297,Brandon Pfaadt,1,3289
2024-06-02,746061,Miami Marlins,Texas Rangers,0,6,669432,Trevor Rogers,571760,Andrew Heaney,1,4169
2024-06-02,746301,Kansas City Royals,San Diego Padres,4,3,666142,Cole Ragans,650633,Michael King,1,7
2024-06-02,745984,Milwaukee Brewers,Chicago White Sox,6,3,642547,Freddy Peralta,680897,Nick Nastrini,1,32
2024-06-02,746871,Chicago Cubs,Cincinnati Reds,2,5,676962,Ben Brown,666157,Nick Lodolo,1,17
2024-06-02,745330,San Francisco Giants,New York Yankees,5,7,605483,Blake Snell,641482,Nestor Cortes,1,2395
2024-06-02,746141,Los Angeles Dodgers,Colorado Rockies,4,0,694813,Gavin Stone,596295,Austin Gomber,1,22
2024-06-02,745252,Seattle Mariners,Los Angeles Angels,5,1,622491,Luis Castillo,656288,Griffin Canning,1,680
2024-06-02,745572,Philadelphia Phillies,St. Louis Cardinals,4,5,592836,Taijuan Walker,458681,Lance Lynn,1,2681
2024-06-03,745569,Philadelphia Phillies,Milwaukee Brewers,3,1,554430,Zack Wheeler,657649,Jared Koenig,1,2681
2024-06-03,744854,Washington Nationals,New York Mets,7,8,669022,MacKenzie Gore,656731,Tylor Megill,1,3309
2024-06-03,744930,Toronto Blue Jays,Baltimore Orioles,2,7,592332,Kevin Gausman,680570,Grayson Rodriguez,1,14
2024-06-03,745009,Texas Rangers,Detroit Tigers,1,2,543135,Nathan Eovaldi,669373,Tarik Skubal,1,5325
2024-06-03,746382,Houston Astros,St. Louis Cardinals,7,4,434378,Justin Verlander,502043,Kyle Gibson,1,2392
2024-06-03,746548,Colorado Rockies,Cincinnati Reds,3,13,663372,Ryan Feltner,671096,Andrew Abbott,1,19
2024-06-03,746224,Los Angeles Angels,San Diego Padres,2,1,542881,Tyler Anderson,663362,Matt Waldron,1,1
2024-06-03,747194,Arizona Diamondbacks,San Francisco Giants,4,2,669194,Ryne Nelson,669062,Erik Miller,1,15
2024-06-04,746630,Cleveland Guardians,Kansas City Royals,8,5,663474,Triston McKenzie,607625,Seth Lugo,1,5
2024-06-04,745497,Pittsburgh Pirates,Los Angeles Dodgers,1,0,683003,Jared Jones,607192,Tyler Glasnow,1,31
2024-06-04,746060,Miami Marlins,Tampa Bay Rays,5,9,666200,Jesús Luzardo,686752,Ryan Pepiot,1,4169
2024-06-04,745568,Philadelphia Phillies,Milwaukee Brewers,2,1,650911,Cristopher Sánchez,657649,Jared Koenig,1,2681
2024-06-04,744850,Washington Nationals,New York Mets,3,6,687792,DJ Herz,656849,David Peterson,1,3309
2024-06-04,745739,New York Yankees,Minnesota Twins,5,1,661563,Luis Gil,641927,Bailey Ober,1,3313
2024-06-04,744931,Toronto Blue Jays,Baltimore Orioles,1,10,670950,Trevor Richards,669203,Corbin Burnes,1,14
2024-06-04,746949,Boston Red Sox,Atlanta Braves,3,8,676710,Kutter Crawford,608331,Max Fried,1,3
2024-06-04,745010,Texas Rangers,Detroit Tigers,1,3,641540,Dane Dunning,656427,Jack Flaherty,1,5325
2024-06-04,746872,Chicago Cubs,Chicago White Sox,7,6,684007,Shota Imanaga,623167,Chris Flexen,1,17
2024-06-04,746380,Houston Astros,St. Louis Cardinals,8,5,681293,Spencer Arrighetti,669467,Andre Pallante,1,2392
2024-06-04,746550,Colorado Rockies,Cincinnati Reds,1,4,621389,Ty Blach,593423,Frankie Montas,1,19
2024-06-04,746222,Los Angeles Angels,San Diego Padres,4,2,663776,Patrick Sandoval,800049,Adam Mazur,1,1
2024-06-04,745656,Oakland Athletics,Seattle Mariners,3,4,687765,Mitch Spence,669923,George Kirby,1,10
2024-06-04,747196,Arizona Diamondbacks,San Francisco Giants,8,5,686796,Blake Walston,690986,Kyle Harrison,1,15
2024-06-05,746950,Boston Red Sox,Atlanta Braves,9,0,601713,Nick Pivetta,680885,Spencer Schwellenbach,1,3
2024-06-05,746379,Houston Astros,St. Louis Cardinals,2,4,669854,Ronel Blanco,571945,Miles Mikolas,1,2392
2024-06-05,746544,Colorado Rockies,Cincinnati Reds,7,12,641712,Dakota Hudson,668933,Graham Ashcraft,1,19
2024-06-05,747195,Arizona Diamondbacks,San Francisco Giants,3,9,656756,Jordan Montgomery,663855,Jordan Hicks,1,15
2024-06-05,744852,Washington Nationals,New York Mets,1,9,571578,Patrick Corbin,622663,Luis Severino,1,3309
2024-06-05,745570,Philadelphia Phillies,Milwaukee Brewers,2,0,605400,Aaron Nola,676879,Aaron Ashby,1,2681
2024-06-05,745494,Pittsburgh Pirates,Los Angeles Dodgers,10,6,694973,Paul Skenes,572020,James Paxton,1,31
2024-06-05,746056,Miami Marlins,Tampa Bay Rays,3,5,666129,Braxton Garrett,621107,Zach Eflin,1,4169
2024-06-05,745740,New York Yankees,Minnesota Twins,9,5,607074,Carlos Rodón,663978,Chris Paddack,1,3313
2024-06-05,744927,Toronto Blue Jays,Baltimore Orioles,3,2,621244,José Berríos,544150,Albert Suárez,1,14
2024-06-05,745007,Texas Rangers,Detroit Tigers,9,1,570632,José Ureña,628317,Kenta Maeda,1,5325
2024-06-05,746873,Chicago Cubs,Chicago White Sox,7,6,592791,Jameson Taillon,607200,Erick Fedde,1,17
2024-06-05,746221,Los Angeles Angels,San Diego Padres,3,2,667755,José Soriano,656302,Dylan Cease,1,1
2024-06-05,745654,Oakland Athletics,Seattle Mariners,2,1,683155,Joey Estes,669302,Logan Gilbert,1,10
2024-06-06,744923,Toronto Blue Jays,Baltimore Orioles,6,5,579328,Yusei Kikuchi,700249,Cade Povich,1,14
2024-06-06,746631,Cleveland Guardians,Kansas City Royals,3,4,676440,Tanner Bibee,663903,Brady Singer,1,5
2024-06-06,745657,Oakland Athletics,Seattle Mariners,0,3,676664,JP Sears,693433,Bryan Woo,1,10
2024-06-06,745495,Pittsburgh Pirates,Los Angeles Dodgers,7,11,663559,Bailey Falter,621111,Walker Buehler,1,31
2024-06-06,744844,Washington Nationals,Atlanta Braves,2,5,680730,Mitchell Parker,625643,Reynaldo López,1,3309
2024-06-06,745738,New York Yankees,Minnesota Twins,8,5,573186,Marcus Stroman,641154,Pablo López,1,3313
2024-06-06,746707,Cincinnati Reds,Chicago Cubs,8,4,668881,Hunter Greene,665871,Javier Assad,1,2602
2024-06-06,745174,St. Louis Cardinals,Colorado Rockies,2,3,543243,Sonny Gray,615698,Cal Quantrill,1,2889
2024-06-06,746784,Chicago White Sox,Boston Red Sox,2,14,663765,Jake Woodford,656557,Tanner Houck,1,4
2024-06-06,745408,San Diego Padres,Arizona Diamondbacks,3,4,681190,Randy Vásquez,677944,Slade Cecconi,1,2680
2024-06-07,745169,St. Louis Cardinals,Colorado Rockies,8,5,458681,Lance Lynn,596295,Austin Gomber,1,2889
2024-06-07,745496,Pittsburgh Pirates,Minnesota Twins,3,0,656605,Mitch Keller,657746,Joe Ryan,1,31
2024-06-07,746466,Detroit Tigers,Milwaukee Brewers,0,10,681857,Reese Olson,668964,Tobias Myers,1,2394
2024-06-07,744845,Washington Nationals,Atlanta Braves,2,1,663623,Jake Irvin,519242,Chris Sale,1,3309
2024-06-07,745083,Tampa Bay Rays,Baltimore Orioles,3,6,650644,Aaron Civale,608344,Cole Irvin,1,12
2024-06-07,745737,New York Yankees,Los Angeles Dodgers,1,2,547001,Cody Poteet,808967,Yoshinobu Yamamoto,1,3313
2024-06-07,746704,Cincinnati Reds,Chicago Cubs,3,2,666157,Nick Lodolo,657006,Justin Steele,1,2602
2024-06-07,746053,Miami Marlins,Cleveland Guardians,3,2,677960,Ryan Weathers,671106,Logan Allen,1,4169
2024-06-07,745008,Texas Rangers,San Francisco Giants,2,5,547179,Michael Lorenzen,657277,Logan Webb,1,5325
2024-06-07,746302,Kansas City Royals,Seattle Mariners,10,9,663738,Daniel Lynch IV,682243,Bryce Miller,1,7
2024-06-07,746785,Chicago White Sox,Boston Red Sox,7,2,676979,Garrett Crochet,681867,Cooper Criswell,1,4
2024-06-07,746220,Los Angeles Angels,Houston Astros,1,7,656288,Griffin Canning,664285,Framber Valdez,1,1
2024-06-07,745406,San Diego Padres,Arizona Diamondbacks,10,3,650633,Michael King,694297,Brandon Pfaadt,1,2680
2024-06-07,745655,Oakland Athletics,Toronto Blue Jays,2,1,663687,Hogan Harris,605135,Chris Bassitt,1,10
2024-06-08,745814,New York Mets,Philadelphia Phillies,2,7,640455,Sean Manaea,624133,Ranger Suarez,1,5381
2024-06-08,745001,Texas Rangers,San Francisco Giants,1,3,571760,Andrew Heaney,675921,Spencer Howard,1,5325
2024-06-08,745492,Pittsburgh Pirates,Minnesota Twins,4,0,669387,Carmen Mlodzinski,680573,Simeon Woods Richardson,1,31
2024-06-08,744848,Washington Nationals,Atlanta Braves,7,3,669022,MacKenzie Gore,450203,Charlie Morton,1,3309
2024-06-08,745652,Oakland Athletics,Toronto Blue Jays,0,7,665622,Luis Medina,592332,Kevin Gausman,1,10
2024-06-08,746703,Cincinnati Reds,Chicago Cubs,4,3,671096,Andrew Abbott,676962,Ben Brown,1,2602
2024-06-08,746300,Kansas City Royals,Seattle Mariners,8,4,679525,Alec Marsh,622491,Luis Castillo,1,7
2024-06-08,745082,Tampa Bay Rays,Baltimore Orioles,0,5,671737,Taj Bradley,680694,Kyle Bradish,1,12
2024-06-08,746786,Chicago White Sox,Boston Red Sox,6,1,680897,Nick Nastrini,678394,Brayan Bello,1,4
2024-06-08,746461,Detroit Tigers,Milwaukee Brewers,4,5,663554,Casey Mize,642547,Freddy Peralta,1,2394
2024-06-08,745166,St. Louis Cardinals,Colorado Rockies,5,6,502043,Kyle Gibson,663372,Ryan Feltner,1,2889
2024-06-08,746057,Miami Marlins,Cleveland Guardians,0,8,682610,Roddery Muñoz,594902,Ben Lively,1,4169
2024-06-08,745735,New York Yankees,Los Angeles Dodgers,3,11,641482,Nestor Cortes,694813,Gavin Stone,1,3313
2024-06-08,745410,San Diego Padres,Arizona Diamondbacks,13,1,663362,Matt Waldron,669194,Ryne Nelson,1,2680
2024-06-08,746223,Los Angeles Angels,Houston Astros,1,6,542881,Tyler Anderson,686613,Hunter Brown,1,1
2024-06-09,745571,Philadelphia Phillies,New York Mets,5,6,592836,Taijuan Walker,500779,Jose Quintana,1,5381
2024-06-09,745003,Texas Rangers,San Francisco Giants,7,2,543135,Nathan Eovaldi,676775,Keaton Winn,1,5325
2024-06-09,745491,Pittsburgh Pirates,Minnesota Twins,5,11,683003,Jared Jones,641927,Bailey Ober,1,31
2024-06-09,744849,Washington Nationals,Atlanta Braves,8,5,687792,DJ Herz,694462,Hurston Waldrep,1,3309
2024-06-09,746705,Cincinnati Reds,Chicago Cubs,2,4,593423,Frankie Montas,684007,Shota Imanaga,1,2602
2024-06-09,745085,Tampa Bay Rays,Baltimore Orioles,2,9,641793,Zack Littell,680570,Grayson Rodriguez,1,12
2024-06-09,746054,Miami Marlins,Cleveland Guardians,3,6,669432,Trevor Rogers,471911,Carlos Carrasco,1,4169
2024-06-09,746463,Detroit Tigers,Milwaukee Brewers,10,2,669373,Tarik Skubal,669060,Bryse Wilson,1,2394
2024-06-09,746297,Kansas City Royals,Seattle Mariners,5,6,666142,Cole Ragans,669923,George Kirby,1,7
2024-06-09,746787,Chicago White Sox,Boston Red Sox,4,6,623167,Chris Flexen,677161,Zack Kelly,1,4
2024-06-09,745167,St. Louis Cardinals,Colorado Rockies,5,1,669467,Andre Pallante,621389,Ty Blach,1,2889
2024-06-09,746216,Los Angeles Angels,Houston Astros,9,7,663776,Patrick Sandoval,434378,Justin Verlander,1,1
2024-06-09,745651,Oakland Athletics,Toronto Blue Jays,4,6,687765,Mitch Spence,670102,Bowden Francis,1,10
2024-06-09,745407,San Diego Padres,Arizona Diamondbacks,3,9,800049,Adam Mazur,543518,Scott McGough,1,2680
2024-06-09,745736,New York Yankees,Los Angeles Dodgers,6,4,661563,Luis Gil,607192,Tyler Glasnow,1,3313
2024-06-10,745080,Tampa Bay Rays,Baltimore Orioles,2,5,686752,Ryan Pepiot,669203,Corbin Burnes,1,12
2024-06-10,745897,Minnesota Twins,Colorado Rockies,5,0,663978,Chris Paddack,641712,Dakota Hudson,1,3312
2024-06-10,746295,Kansas City Royals,New York Yankees,2,4,607625,Seth Lugo,607074,Carlos Rodón,1,7
2024-06-10,745982,Milwaukee Brewers,Toronto Blue Jays,3,1,607067,Colin Rea,621244,José Berríos,1,32
2024-06-10,745409,San Diego Padres,Oakland Athletics,6,1,656302,Dylan Cease,683155,Joey Estes,1,2680
2024-06-10,745248,Seattle Mariners,Chicago White Sox,8,4,669302,Logan Gilbert,607200,Erick Fedde,1,680
2024-06-10,745334,San Francisco Giants,Houston Astros,4,3,690986,Kyle Harrison,681293,Spencer Arrighetti,1,2395
2024-06-11,747027,Baltimore Orioles,Atlanta Braves,4,0,544150,Albert Suárez,608331,Max Fried,1,2
2024-06-11,746464,Detroit Tigers,Washington Nationals,4,5,628317,Kenta Maeda,680730,Mitchell Parker,1,2394
2024-06-11,745077,Tampa Bay Rays,Chicago Cubs,5,2,621107,Zach Eflin,592791,Jameson Taillon,1,12
2024-06-11,746702,Cincinnati Reds,Cleveland Guardians,3,5,608718,Brent Suter,663474,Triston McKenzie,1,2602
2024-06-11,746951,Boston Red Sox,Philadelphia Phillies,1,4,676710,Kutter Crawford,554430,Zack Wheeler,1,3
2024-06-11,745815,New York Mets,Miami Marlins,2,4,656731,Tylor Megill,666200,Jesús Luzardo,1,3289
2024-06-11,745899,Minnesota Twins,Colorado Rockies,4,5,686973,Louis Varland,615698,Cal Quantrill,1,3312
2024-06-11,745170,St. Louis Cardinals,Pittsburgh Pirates,1,2,571945,Miles Mikolas,694973,Paul Skenes,1,2889
2024-06-11,746296,Kansas City Royals,New York Yankees,1,10,663903,Brady Singer,573186,Marcus Stroman,1,7
2024-06-11,745981,Milwaukee Brewers,Toronto Blue Jays,0,3,692230,Carlos Rodriguez,579328,Yusei Kikuchi,1,32
2024-06-11,747190,Arizona Diamondbacks,Los Angeles Angels,9,4,656756,Jordan Montgomery,660761,José Suarez,1,15
2024-06-11,745404,San Diego Padres,Oakland Athletics,4,3,681190,Randy Vásquez,676664,JP Sears,1,2680
2024-06-11,745244,Seattle Mariners,Chicago White Sox,4,3,646242,Jhonathan Díaz,689672,Drew Thorpe,1,680
2024-06-11,745327,San Francisco Giants,Houston Astros,1,3,663855,Jordan Hicks,669854,Ronel Blanco,1,2395
2024-06-11,746139,Los Angeles Dodgers,Texas Rangers,15,2,572020,James Paxton,641540,Dane Dunning,1,22
2024-06-12,745896,Minnesota Twins,Colorado Rockies,17,9,641154,Pablo López,596295,Austin Gomber,1,3312
2024-06-12,745978,Milwaukee Brewers,Toronto Blue Jays,5,4,668964,Tobias Myers,605135,Chris Bassitt,1,32
2024-06-12,745328,San Francisco Giants,Houston Astros,5,3,657277,Logan Webb,664285,Framber Valdez,1,2395
2024-06-12,745405,San Diego Padres,Oakland Athletics,5,4,650633,Michael King,663687,Hogan Harris,1,2680
2024-06-12,747028,Baltimore Orioles,Atlanta Braves,4,2,700249,Cade Povich,680885,Spencer Schwellenbach,1,2
2024-06-12,746462,Detroit Tigers,Washington Nationals,5,7,681857,Reese Olson,663623,Jake Irvin,1,2394
2024-06-12,745079,Tampa Bay Rays,Chicago Cubs,3,4,650644,Aaron Civale,665871,Javier Assad,1,12
2024-06-12,746701,Cincinnati Reds,Cleveland Guardians,4,2,666157,Nick Lodolo,676440,Tanner Bibee,1,2602
2024-06-12,746948,Boston Red Sox,Philadelphia Phillies,8,6,601713,Nick Pivetta,650911,Cristopher Sánchez,1,3
2024-06-12,745811,New York Mets,Miami Marlins,10,4,656849,David Peterson,666129,Braxton Garrett,1,3289
2024-06-12,745171,St. Louis Cardinals,Pittsburgh Pirates,4,2,543243,Sonny Gray,663559,Bailey Falter,1,2889
2024-06-12,746294,Kansas City Royals,New York Yankees,5,11,656186,Dan Altavilla,547001,Cody Poteet,1,7
2024-06-12,747193,Arizona Diamondbacks,Los Angeles Angels,3,8,677944,Slade Cecconi,667755,José Soriano,1,15
2024-06-12,745246,Seattle Mariners,Chicago White Sox,2,1,682243,Bryce Miller,686563,Jonathan Cannon,1,680
2024-06-12,746137,Los Angeles Dodgers,Texas Rangers,2,3,621111,Walker Buehler,592351,Jon Gray,1,22
2024-06-13,747026,Baltimore Orioles,Atlanta Braves,3,6,608344,Cole Irvin,625643,Reynaldo López,1,2
2024-06-13,746465,Detroit Tigers,Washington Nationals,7,2,663554,Casey Mize,571578,Patrick Corbin,1,2394
2024-06-13,746299,Kansas City Royals,New York Yankees,4,3,679525,Alec Marsh,641482,Nestor Cortes,1,7
2024-06-13,745168,St. Louis Cardinals,Pittsburgh Pirates,4,3,458681,Lance Lynn,656605,Mitch Keller,1,2889
2024-06-13,745075,Tampa Bay Rays,Chicago Cubs,3,2,671737,Taj Bradley,657006,Justin Steele,1,12
2024-06-13,746944,Boston Red Sox,Philadelphia Phillies,9,3,656557,Tanner Houck,605400,Aaron Nola,1,3
2024-06-13,745809,New York Mets,Miami Marlins,3,2,622663,Luis Severino,682610,Roddery Muñoz,1,3289
2024-06-13,745894,Minnesota Twins,Oakland Athletics,6,2,657746,Joe Ryan,665622,Luis Medina,1,3312
2024-06-13,747192,Arizona Diamondbacks,Los Angeles Angels,11,1,694297,Brandon Pfaadt,656288,Griffin Canning,1,15
2024-06-13,745245,Seattle Mariners,Chicago White Sox,2,3,676106,Emerson Hancock,676979,Garrett Crochet,1,680
2024-06-13,746136,Los Angeles Dodgers,Texas Rangers,1,3,675627,Michael Grove,547179,Michael Lorenzen,1,22
2024-06-14,746869,Chicago Cubs,St. Louis Cardinals,0,3,696136,Jordan Wicks,502043,Kyle Gibson,1,17
2024-06-14,746947,Boston Red Sox,New York Yankees,1,8,678394,Brayan Bello,661563,Luis Gil,1,3
2024-06-14,744847,Washington Nationals,Miami Marlins,8,1,669022,MacKenzie Gore,641312,Shaun Anderson,1,3309
2024-06-14,747025,Baltimore Orioles,Philadelphia Phillies,3,5,680694,Kyle Bradish,624133,Ranger Suarez,1,2
2024-06-14,744924,Toronto Blue Jays,Cleveland Guardians,1,3,592332,Kevin Gausman,671106,Logan Allen,1,14
2024-06-14,745810,New York Mets,San Diego Padres,2,1,640455,Sean Manaea,663362,Matt Waldron,1,3289
2024-06-14,747112,Atlanta Braves,Tampa Bay Rays,7,3,519242,Chris Sale,641793,Zack Littell,1,4705
2024-06-14,746378,Houston Astros,Detroit Tigers,4,0,686613,Hunter Brown,669373,Tarik Skubal,1,2392
2024-06-14,745892,Minnesota Twins,Oakland Athletics,6,5,680573,Simeon Woods Richardson,687765,Mitch Spence,1,3312
2024-06-14,745979,Milwaukee Brewers,Cincinnati Reds,5,6,642547,Freddy Peralta,668881,Hunter Greene,1,32
2024-06-14,746545,Colorado Rockies,Pittsburgh Pirates,2,5,663372,Ryan Feltner,669387,Carmen Mlodzinski,1,19
2024-06-14,747191,Arizona Diamondbacks,Chicago White Sox,7,1,669194,Ryne Nelson,623167,Chris Flexen,1,15
2024-06-14,746134,Los Angeles Dodgers,Kansas City Royals,4,3,694813,Gavin Stone,666142,Cole Ragans,1,22
2024-06-14,745247,Seattle Mariners,Texas Rangers,3,2,622491,Luis Castillo,571760,Andrew Heaney,1,680
2024-06-14,745326,San Francisco Giants,Los Angeles Angels,6,8,675921,Spencer Howard,542881,Tyler Anderson,1,2395
2024-06-15,746865,Chicago Cubs,St. Louis Cardinals,5,1,684007,Shota Imanaga,669467,Andre Pallante,1,17
2024-06-15,744925,Toronto Blue Jays,Cleveland Guardians,5,0,670950,Trevor Richards,471911,Carlos Carrasco,1,14
2024-06-15,745329,San Francisco Giants,Los Angeles Angels,3,4,676775,Keaton Winn,663776,Patrick Sandoval,1,2395
2024-06-15,747024,Baltimore Orioles,Philadelphia Phillies,6,2,680570,Grayson Rodriguez,592836,Taijuan Walker,1,2
2024-06-15,744846,Washington Nationals,Miami Marlins,4,0,687792,DJ Herz,669432,Trevor Rogers,1,3309
2024-06-15,746381,Houston Astros,Detroit Tigers,5,13,681293,Spencer Arrighetti,656427,Jack Flaherty,1,2392
2024-06-15,745805,New York Mets,San Diego Padres,5,1,500779,Jose Quintana,800049,Adam Mazur,1,3289
2024-06-15,747113,Atlanta Braves,Tampa Bay Rays,9,2,450203,Charlie Morton,686752,Ryan Pepiot,1,4705
2024-06-15,745976,Milwaukee Brewers,Cincinnati Reds,3,1,657649,Jared Koenig,671096,Andrew Abbott,1,32
2024-06-15,745241,Seattle Mariners,Texas Rangers,7,5,669923,George Kirby,543135,Nathan Eovaldi,1,680
2024-06-15,746946,Boston Red Sox,New York Yankees,8,4,681867,Cooper Criswell,607074,Carlos Rodón,1,3
2024-06-15,746135,Los Angeles Dodgers,Kansas City Royals,2,7,808967,Yoshinobu Yamamoto,607625,Seth Lugo,1,22
2024-06-15,746547,Colorado Rockies,Pittsburgh Pirates,16,4,621389,Ty Blach,683003,Jared Jones,1,19
2024-06-15,747187,Arizona Diamondbacks,Chicago White Sox,2,9,543518,Scott McGough,607200,Erick Fedde,1,15
2024-06-16,746866,Chicago Cubs,St. Louis Cardinals,1,2,592791,Jameson Taillon,571945,Miles Mikolas,1,17
2024-06-16,747023,Baltimore Orioles,Philadelphia Phillies,8,3,669203,Corbin Burnes,554430,Zack Wheeler,1,2
2024-06-16,747109,Atlanta Braves,Tampa Bay Rays,6,8,694462,Hurston Waldrep,621107,Zach Eflin,1,4705
2024-06-16,744839,Washington Nationals,Miami Marlins,3,1,680730,Mitchell Parker,666200,Jesús Luzardo,1,3309
2024-06-16,744926,Toronto Blue Jays,Cleveland Guardians,7,6,621244,José Berríos,594902,Ben Lively,1,14
2024-06-16,745807,New York Mets,San Diego Padres,11,6,656731,Tylor Megill,656302,Dylan Cease,1,3289
2024-06-16,746377,Houston Astros,Detroit Tigers,4,1,669854,Ronel Blanco,628317,Kenta Maeda,1,2392
2024-06-16,745895,Minnesota Twins,Oakland Athletics,6,2,641927,Bailey Ober,676664,JP Sears,1,3312
2024-06-16,745891,Minnesota Twins,Oakland Athletics,8,7,663978,Chris Paddack,683155,Joey Estes,2,3312
2024-06-16,745977,Milwaukee Brewers,Cincinnati Reds,5,4,607067,Colin Rea,593423,Frankie Montas,1,32
2024-06-16,746546,Colorado Rockies,Pittsburgh Pirates,2,8,641712,Dakota Hudson,676596,Josh Fleming,1,19
2024-06-16,745321,San Francisco Giants,Los Angeles Angels,13,6,669062,Erik Miller,690829,Ben Joyce,1,2395
2024-06-16,746130,Los Angeles Dodgers,Kansas City Royals,3,0,607192,Tyler Glasnow,663903,Brady Singer,1,22
2024-06-16,745242,Seattle Mariners,Texas Rangers,5,0,669302,Logan Gilbert,641540,Dane Dunning,1,680
2024-06-16,747189,Arizona Diamondbacks,Chicago White Sox,12,5,656756,Jordan Montgomery,689672,Drew Thorpe,1,15
2024-06-16,746945,Boston Red Sox,New York Yankees,9,3,676710,Kutter Crawford,573186,Marcus Stroman,1,3
2024-06-17,745490,Pittsburgh Pirates,Cincinnati Reds,4,1,694973,Paul Skenes,686730,Carson Spiers,1,31
2024-06-17,745567,Philadelphia Phillies,San Diego Padres,9,2,650911,Cristopher Sánchez,681190,Randy Vásquez,1,2681
2024-06-17,746055,Miami Marlins,St. Louis Cardinals,6,7,666129,Braxton Garrett,543243,Sonny Gray,1,4169
2024-06-17,744918,Toronto Blue Jays,Boston Red Sox,3,7,579328,Yusei Kikuchi,601713,Nick Pivetta,1,14
2024-06-17,747108,Atlanta Braves,Detroit Tigers,2,1,608331,Max Fried,681857,Reese Olson,1,4705
2024-06-17,746868,Chicago Cubs,San Francisco Giants,6,7,665871,Javier Assad,663855,Jordan Hicks,1,17
2024-06-17,745005,Texas Rangers,New York Mets,2,14,592351,Jon Gray,656849,David Peterson,1,5325
2024-06-17,746543,Colorado Rockies,Los Angeles Dodgers,5,9,615698,Cal Quantrill,572020,James Paxton,1,19
2024-06-17,746215,Los Angeles Angels,Milwaukee Brewers,5,3,668676,Zach Plesac,692230,Carlos Rodriguez,1,1
2024-06-18,746049,Miami Marlins,St. Louis Cardinals,9,8,682610,Roddery Muñoz,458681,Lance Lynn,1,4169
2024-06-18,745488,Pittsburgh Pirates,Cincinnati Reds,1,2,663559,Bailey Falter,666157,Nick Lodolo,1,31
2024-06-18,746627,Cleveland Guardians,Seattle Mariners,5,8,663474,Triston McKenzie,682243,Bryce Miller,1,5
2024-06-18,745563,Philadelphia Phillies,San Diego Padres,4,3,605400,Aaron Nola,650633,Michael King,1,2681
2024-06-18,744843,Washington Nationals,Arizona Diamondbacks,0,5,663623,Jake Irvin,677944,Slade Cecconi,1,3309
2024-06-18,745733,New York Yankees,Baltimore Orioles,4,2,641482,Nestor Cortes,544150,Albert Suárez,1,3313
2024-06-18,744917,Toronto Blue Jays,Boston Red Sox,3,4,605135,Chris Bassitt,656557,Tanner Houck,1,14
2024-06-18,747107,Atlanta Braves,Detroit Tigers,2,1,680885,Spencer Schwellenbach,663554,Casey Mize,1,4705
2024-06-18,745893,Minnesota Twins,Tampa Bay Rays,7,6,641154,Pablo López,650644,Aaron Civale,1,3312
2024-06-18,746867,Chicago Cubs,San Francisco Giants,5,2,657006,Justin Steele,657277,Logan Webb,1,17
2024-06-18,745004,Texas Rangers,New York Mets,6,7,547179,Michael Lorenzen,622663,Luis Severino,1,5325
2024-06-18,746783,Chicago White Sox,Houston Astros,2,0,686563,Jonathan Cannon,664285,Framber Valdez,1,4
2024-06-18,746542,Colorado Rockies,Los Angeles Dodgers,9,11,596295,Austin Gomber,621111,Walker Buehler,1,19
2024-06-18,746217,Los Angeles Angels,Milwaukee Brewers,3,6,656288,Griffin Canning,668964,Tobias Myers,1,1
2024-06-18,745650,Oakland Athletics,Kansas City Royals,7,5,663687,Hogan Harris,679525,Alec Marsh,1,10
2024-06-19,747106,Atlanta Braves,Detroit Tigers,7,0,625643,Reynaldo López,669373,Tarik Skubal,1,4705
2024-06-19,745489,Pittsburgh Pirates,Cincinnati Reds,1,0,656605,Mitch Keller,668881,Hunter Greene,1,31
2024-06-19,746050,Miami Marlins,St. Louis Cardinals,4,3,630023,Yonny Chirinos,669461,Matthew Liberatore,1,4169
2024-06-19,745561,Philadelphia Phillies,San Diego Padres,2,5,624133,Ranger Suarez,663362,Matt Waldron,1,2681
2024-06-19,746864,Chicago Cubs,San Francisco Giants,6,5,543294,Kyle Hendricks,669062,Erik Miller,1,17
2024-06-19,744842,Washington Nationals,Arizona Diamondbacks,3,1,571578,Patrick Corbin,694297,Brandon Pfaadt,1,3309
2024-06-19,746625,Cleveland Guardians,Seattle Mariners,8,0,676440,Tanner Bibee,693433,Bryan Woo,1,5
2024-06-19,745732,New York Yankees,Baltimore Orioles,6,7,543037,Gerrit Cole,700249,Cade Povich,1,3313
2024-06-19,744920,Toronto Blue Jays,Boston Red Sox,3,7,592332,Kevin Gausman,678394,Brayan Bello,1,14
2024-06-19,745887,Minnesota Twins,Tampa Bay Rays,2,3,657746,Joe Ryan,671737,Taj Bradley,1,3312
2024-06-19,745002,Texas Rangers,New York Mets,5,3,571760,Andrew Heaney,640455,Sean Manaea,1,5325
2024-06-19,746781,Chicago White Sox,Houston Astros,1,4,676979,Garrett Crochet,686613,Hunter Brown,1,4
2024-06-19,746538,Colorado Rockies,Los Angeles Dodgers,7,6,663372,Ryan Feltner,676272,Bobby Miller,1,19
2024-06-19,746219,Los Angeles Angels,Milwaukee Brewers,0,2,542881,Tyler Anderson,642547,Freddy Peralta,1,1
2024-06-19,745646,Oakland Athletics,Kansas City Royals,5,1,665622,Luis Medina,666142,Cole Ragans,1,10
2024-06-20,744841,Washington Nationals,Arizona Diamondbacks,2,5,669022,MacKenzie Gore,669194,Ryne Nelson,1,3309
2024-06-20,746626,Cleveland Guardians,Seattle Mariners,6,3,671106,Logan Allen,622491,Luis Castillo,1,5
2024-06-20,745889,Minnesota Twins,Tampa Bay Rays,6,7,680573,Simeon Woods Richardson,641793,Zack Littell,1,3312
2024-06-20,746782,Chicago White Sox,Houston Astros,3,5,623167,Chris Flexen,681293,Spencer Arrighetti,1,4
2024-06-20,746539,Colorado Rockies,Los Angeles Dodgers,3,5,621389,Ty Blach,694813,Gavin Stone,1,19
2024-06-20,745645,Oakland Athletics,Kansas City Royals,2,3,687765,Mitch Spence,607625,Seth Lugo,1,10
2024-06-20,745734,New York Yankees,Baltimore Orioles,5,17,661563,Luis Gil,608344,Cole Irvin,1,3313
2024-06-20,745164,St. Louis Cardinals,San Francisco Giants,6,5,669467,Andre Pallante,676775,Keaton Winn,1,3949
2024-06-20,745401,San Diego Padres,Milwaukee Brewers,7,6,800049,Adam Mazur,669060,Bryse Wilson,1,2680
2024-06-21,746861,Chicago Cubs,New York Mets,1,11,684007,Shota Imanaga,500779,Jose Quintana,1,17
2024-06-21,745483,Pittsburgh Pirates,Tampa Bay Rays,3,10,669387,Carmen Mlodzinski,686752,Ryan Pepiot,1,31
2024-06-21,745562,Philadelphia Phillies,Arizona Diamondbacks,4,5,592836,Taijuan Walker,656756,Jordan Montgomery,1,2681
2024-06-21,746460,Detroit Tigers,Chicago White Sox,2,1,656427,Jack Flaherty,607200,Erick Fedde,1,2394
2024-06-21,745729,New York Yankees,Atlanta Braves,1,8,607074,Carlos Rodón,519242,Chris Sale,1,3313
2024-06-21,746698,Cincinnati Reds,Boston Red Sox,5,2,671096,Andrew Abbott,676710,Kutter Crawford,1,2602
2024-06-21,746624,Cleveland Guardians,Toronto Blue Jays,7,1,471911,Carlos Carrasco,684320,Yariel Rodríguez,1,5
2024-06-21,746052,Miami Marlins,Seattle Mariners,3,2,669432,Trevor Rogers,669923,George Kirby,1,4169
2024-06-21,745006,Texas Rangers,Kansas City Royals,6,2,543135,Nathan Eovaldi,663903,Brady Singer,1,5325
2024-06-21,746375,Houston Astros,Baltimore Orioles,14,11,814005,Jake Bloss,680570,Grayson Rodriguez,1,2392
2024-06-21,746540,Colorado Rockies,Washington Nationals,5,11,641712,Dakota Hudson,687792,DJ Herz,1,19
2024-06-21,745649,Oakland Athletics,Minnesota Twins,6,5,683155,Joey Estes,663978,Chris Paddack,1,10
2024-06-21,745403,San Diego Padres,Milwaukee Brewers,9,5,656302,Dylan Cease,607067,Colin Rea,1,2680
2024-06-21,746131,Los Angeles Dodgers,Los Angeles Angels,2,3,689017,Landon Knack,663776,Patrick Sandoval,1,22
2024-06-22,746459,Detroit Tigers,Chicago White Sox,1,5,628317,Kenta Maeda,689672,Drew Thorpe,1,2394
2024-06-22,745163,St. Louis Cardinals,San Francisco Giants,9,4,571945,Miles Mikolas,663855,Jordan Hicks,1,2889
2024-06-22,746863,Chicago Cubs,New York Mets,8,1,592791,Jameson Taillon,656731,Tylor Megill,1,17
2024-06-22,745486,Pittsburgh Pirates,Tampa Bay Rays,4,3,683003,Jared Jones,621107,Zach Eflin,1,31
2024-06-22,744997,Texas Rangers,Kansas City Royals,6,0,592351,Jon Gray,608379,Michael Wacha,1,5325
2024-06-22,745564,Philadelphia Phillies,Arizona Diamondbacks,12,1,554430,Zack Wheeler,674072,Tommy Henry,1,2681
2024-06-22,745644,Oakland Athletics,Minnesota Twins,2,10,676664,JP Sears,641927,Bailey Ober,1,10
2024-06-22,746700,Cincinnati Reds,Boston Red Sox,3,4,593423,Frankie Montas,601713,Nick Pivetta,1,2602
2024-06-22,746376,Houston Astros,Baltimore Orioles,5,1,669854,Ronel Blanco,669203,Corbin Burnes,1,2392
2024-06-22,746622,Cleveland Guardians,Toronto Blue Jays,6,3,594902,Ben Lively,621244,José Berríos,1,5
2024-06-22,746048,Miami Marlins,Seattle Mariners,0,9,641312,Shaun Anderson,669302,Logan Gilbert,1,4169
2024-06-22,745731,New York Yankees,Atlanta Braves,8,3,573186,Marcus Stroman,450203,Charlie Morton,1,3313
2024-06-22,745402,San Diego Padres,Milwaukee Brewers,6,4,681190,Randy Vásquez,692230,Carlos Rodriguez,1,2680
2024-06-22,746541,Colorado Rockies,Washington Nationals,8,7,615698,Cal Quantrill,680730,Mitchell Parker,1,19
2024-06-22,746132,Los Angeles Dodgers,Los Angeles Angels,7,2,607192,Tyler Glasnow,668676,Zach Plesac,1,22
2024-06-23,745566,Philadelphia Phillies,Arizona Diamondbacks,4,1,650911,Cristopher Sánchez,677944,Slade Cecconi,1,2681
2024-06-23,745485,Pittsburgh Pirates,Tampa Bay Rays,1,3,694973,Paul Skenes,650644,Aaron Civale,1,31
2024-06-23,745727,New York Yankees,Atlanta Braves,1,3,641482,Nestor Cortes,608331,Max Fried,1,3313
2024-06-23,746699,Cincinnati Reds,Boston Red Sox,4,7,666157,Nick Lodolo,677161,Zack Kelly,1,2602
2024-06-23,746621,Cleveland Guardians,Toronto Blue Jays,6,5,663474,Triston McKenzie,579328,Yusei Kikuchi,1,5
2024-06-23,746457,Detroit Tigers,Chicago White Sox,11,2,681857,Reese Olson,686563,Jonathan Cannon,1,2394
2024-06-23,746051,Miami Marlins,Seattle Mariners,6,4,667725,Kyle Tyler,682243,Bryce Miller,1,4169
2024-06-23,746373,Houston Astros,Baltimore Orioles,8,1,664285,Framber Valdez,544150,Albert Suárez,1,2392
2024-06-23,745165,St. Louis Cardinals,San Francisco Giants,5,3,543243,Sonny Gray,657277,Logan Webb,1,2889
2024-06-23,745000,Texas Rangers,Kansas City Royals,4,0,453286,Max Scherzer,679525,Alec Marsh,1,5325
2024-06-23,746536,Colorado Rockies,Washington Nationals,1,2,607536,Kyle Freeland,663623,Jake Irvin,1,19
2024-06-23,745648,Oakland Athletics,Minnesota Twins,0,3,663687,Hogan Harris,641154,Pablo López,1,10
2024-06-23,745396,San Diego Padres,Milwaukee Brewers,2,6,650633,Michael King,668964,Tobias Myers,1,2680
2024-06-23,746862,Chicago Cubs,New York Mets,2,5,665871,Javier Assad,622663,Luis Severino,1,17
2024-06-24,747021,Baltimore Orioles,Cleveland Guardians,2,3,700249,Cade Povich,676440,Tanner Bibee,1,2
2024-06-24,746458,Detroit Tigers,Philadelphia Phillies,1,8,663554,Casey Mize,605400,Aaron Nola,1,2394
2024-06-24,745078,Tampa Bay Rays,Seattle Mariners,4,3,671737,Taj Bradley,693433,Bryan Woo,1,12
2024-06-24,746696,Cincinnati Reds,Pittsburgh Pirates,11,5,686730,Carson Spiers,663559,Bailey Falter,1,2602
2024-06-24,746941,Boston Red Sox,Toronto Blue Jays,7,6,656557,Tanner Houck,605135,Chris Bassitt,1,3
2024-06-24,745160,St. Louis Cardinals,Atlanta Braves,4,3,458681,Lance Lynn,680885,Spencer Schwellenbach,1,2889
2024-06-24,746780,Chicago White Sox,Los Angeles Dodgers,0,3,676979,Garrett Crochet,572020,James Paxton,1,4
2024-06-24,746298,Kansas City Royals,Miami Marlins,4,1,666142,Cole Ragans,682610,Roddery Muñoz,1,7
2024-06-24,745974,Milwaukee Brewers,Texas Rangers,6,3,642547,Freddy Peralta,547179,Michael Lorenzen,1,32
2024-06-24,746218,Los Angeles Angels,Oakland Athletics,5,1,656288,Griffin Canning,665622,Luis Medina,1,1
2024-06-24,745397,San Diego Padres,Washington Nationals,7,6,663362,Matt Waldron,571578,Patrick Corbin,1,2680
2024-06-24,745323,San Francisco Giants,Chicago Cubs,5,4,669062,Erik Miller,657006,Justin Steele,1,2395
2024-06-25,747022,Baltimore Orioles,Cleveland Guardians,8,10,608344,Cole Irvin,671106,Logan Allen,1,2
2024-06-25,746454,Detroit Tigers,Philadelphia Phillies,4,1,669373,Tarik Skubal,624133,Ranger Suarez,1,2394
2024-06-25,745076,Tampa Bay Rays,Seattle Mariners,11,3,641793,Zack Littell,622491,Luis Castillo,1,12
2024-06-25,746697,Cincinnati Reds,Pittsburgh Pirates,5,9,668881,Hunter Greene,656605,Mitch Keller,1,2602
2024-06-25,746943,Boston Red Sox,Toronto Blue Jays,4,9,678394,Brayan Bello,592332,Kevin Gausman,1,3
2024-06-25,745806,New York Mets,New York Yankees,9,7,656849,David Peterson,543037,Gerrit Cole,1,3289
2024-06-25,746372,Houston Astros,Colorado Rockies,5,2,686613,Hunter Brown,596295,Austin Gomber,1,2392
2024-06-25,746775,Chicago White Sox,Los Angeles Dodgers,3,4,623167,Chris Flexen,676272,Bobby Miller,1,4
2024-06-25,746293,Kansas City Royals,Miami Marlins,1,2,607625,Seth Lugo,630023,Yonny Chirinos,1,7
2024-06-25,745973,Milwaukee Brewers,Texas Rangers,3,1,571948,Hoby Milner,571760,Andrew Heaney,1,32
2024-06-25,746213,Los Angeles Angels,Oakland Athletics,7,5,542881,Tyler Anderson,687765,Mitch Spence,1,1
2024-06-25,745399,San Diego Padres,Washington Nationals,9,7,800049,Adam Mazur,669022,MacKenzie Gore,1,2680
2024-06-25,747188,Arizona Diamondbacks,Minnesota Twins,5,4,694297,Brandon Pfaadt,657746,Joe Ryan,1,15
2024-06-25,745322,San Francisco Giants,Chicago Cubs,5,1,678495,Randy Rodríguez,543294,Kyle Hendricks,1,2395
2024-06-26,745073,Tampa Bay Rays,Seattle Mariners,2,5,686752,Ryan Pepiot,669923,George Kirby,1,12
2024-06-26,746695,Cincinnati Reds,Pittsburgh Pirates,1,6,668933,Graham Ashcraft,682847,Luis Ortiz,1,2602
2024-06-26,746456,Detroit Tigers,Philadelphia Phillies,2,6,663947,Tyler Holton,605513,Spencer Turnbull,1,2394
2024-06-26,745157,St. Louis Cardinals,Atlanta Braves,2,6,502043,Kyle Gibson,625643,Reynaldo López,1,2889
2024-06-26,745158,St. Louis Cardinals,Atlanta Braves,4,1,669461,Matthew Liberatore,693821,Bryce Elder,2,2889
2024-06-26,746374,Houston Astros,Colorado Rockies,7,1,681293,Spencer Arrighetti,663372,Ryan Feltner,1,2392
2024-06-26,746291,Kansas City Royals,Miami Marlins,5,1,663903,Brady Singer,678368,Valente Bellozo,1,7
2024-06-26,745975,Milwaukee Brewers,Texas Rangers,6,5,572971,Dallas Keuchel,543135,Nathan Eovaldi,1,32
2024-06-26,746212,Los Angeles Angels,Oakland Athletics,5,2,672710,Roansy Contreras,683155,Joey Estes,1,1
2024-06-26,745400,San Diego Padres,Washington Nationals,8,5,656302,Dylan Cease,687792,DJ Herz,1,2680
2024-06-26,747019,Baltimore Orioles,Cleveland Guardians,4,2,680570,Grayson Rodriguez,471911,Carlos Carrasco,1,2
2024-06-26,746942,Boston Red Sox,Toronto Blue Jays,1,4,601713,Nick Pivetta,621114,Ryan Burr,1,3
2024-06-26,745808,New York Mets,New York Yankees,12,2,640455,Sean Manaea,661563,Luis Gil,1,3289
2024-06-26,746777,Chicago White Sox,Los Angeles Dodgers,0,4,607200,Erick Fedde,694813,Gavin Stone,1,4
2024-06-26,747184,Arizona Diamondbacks,Minnesota Twins,3,8,669194,Ryne Nelson,680573,Simeon Woods Richardson,1,15
2024-06-26,745325,San Francisco Giants,Chicago Cubs,4,3,806185,Hayden Birdsong,669713,Hayden Wesneski,1,2395
2024-06-27,747185,Arizona Diamondbacks,Minnesota Twins,6,13,656756,Jordan Montgomery,701581,David Festa,1,15
2024-06-27,745324,San Francisco Giants,Chicago Cubs,3,5,663855,Jordan Hicks,684007,Shota Imanaga,1,2395
2024-06-27,746816,Chicago White Sox,Atlanta Braves,1,0,641771,Chad Kuhl,519242,Chris Sale,1,4
2024-06-27,745565,Philadelphia Phillies,Miami Marlins,4,7,554430,Zack Wheeler,669432,Trevor Rogers,1,2681
2024-06-27,747020,Baltimore Orioles,Texas Rangers,11,2,669203,Corbin Burnes,592351,Jon Gray,1,2
2024-06-27,744919,Toronto Blue Jays,New York Yankees,9,2,621244,José Berríos,607074,Carlos Rodón,1,14
2024-06-27,745162,St. Louis Cardinals,Cincinnati Reds,4,11,571945,Miles Mikolas,671096,Andrew Abbott,1,2889
2024-06-27,746288,Kansas City Royals,Cleveland Guardians,2,1,608379,Michael Wacha,594902,Ben Lively,1,7
2024-06-27,746210,Los Angeles Angels,Detroit Tigers,5,0,669721,Davis Daniel,656427,Jack Flaherty,1,1
2024-06-28,745560,Philadelphia Phillies,Miami Marlins,2,0,650911,Cristopher Sánchez,667725,Kyle Tyler,1,2681
2024-06-28,745070,Tampa Bay Rays,Washington Nationals,3,1,621107,Zach Eflin,680730,Mitchell Parker,1,12
2024-06-28,747017,Baltimore Orioles,Texas Rangers,2,1,544150,Albert Suárez,453286,Max Scherzer,1,2
2024-06-28,744922,Toronto Blue Jays,New York Yankees,5,16,579328,Yusei Kikuchi,573186,Marcus Stroman,1,14
2024-06-28,745804,New York Mets,Houston Astros,7,2,500779,Jose Quintana,669854,Ronel Blanco,1,3289
2024-06-28,746939,Boston Red Sox,San Diego Padres,2,9,601713,Nick Pivetta,681190,Randy Vásquez,1,3
2024-06-28,746776,Chicago White Sox,Colorado Rockies,5,3,689672,Drew Thorpe,641712,Dakota Hudson,1,4
2024-06-28,747105,Atlanta Braves,Pittsburgh Pirates,6,1,450203,Charlie Morton,527048,Martín Pérez,1,4705
2024-06-28,746292,Kansas City Royals,Cleveland Guardians,10,3,679525,Alec Marsh,663474,Triston McKenzie,1,7
2024-06-28,745970,Milwaukee Brewers,Chicago Cubs,4,2,607067,Colin Rea,592791,Jameson Taillon,1,32
2024-06-28,745161,St. Louis Cardinals,Cincinnati Reds,1,0,669467,Andre Pallante,593423,Frankie Montas,1,2889
2024-06-28,746214,Los Angeles Angels,Detroit Tigers,5,2,668676,Zach Plesac,628317,Kenta Maeda,1,1
2024-06-28,747183,Arizona Diamondbacks,Oakland Athletics,4,9,677944,Slade Cecconi,676664,JP Sears,1,15
2024-06-28,745238,Seattle Mariners,Minnesota Twins,3,2,669302,Logan Gilbert,641927,Bailey Ober,1,680
2024-06-28,745319,San Francisco Giants,Los Angeles Dodgers,5,3,657277,Logan Webb,689017,Landon Knack,1,2395
2024-06-29,746778,Chicago White Sox,Colorado Rockies,11,3,686563,Jonathan Cannon,615698,Cal Quantrill,1,4
2024-06-29,745159,St. Louis Cardinals,Cincinnati Reds,4,9,543243,Sonny Gray,686730,Carson Spiers,1,2889
2024-06-29,744921,Toronto Blue Jays,New York Yankees,9,3,605135,Chris Bassitt,641482,Nestor Cortes,1,14
2024-06-29,745559,Philadelphia Phillies,Miami Marlins,2,3,605400,Aaron Nola,682610,Roddery Muñoz,1,2681
2024-06-29,746289,Kansas City Royals,Cleveland Guardians,2,7,666142,Cole Ragans,676440,Tanner Bibee,1,7
2024-06-29,745801,New York Mets,Houston Astros,6,9,656731,Tylor Megill,664285,Framber Valdez,1,3289
2024-06-29,747186,Arizona Diamondbacks,Oakland Athletics,3,0,668678,Zac Gallen,663687,Hogan Harris,1,15
2024-06-29,746940,Boston Red Sox,San Diego Padres,1,11,656557,Tanner Houck,650633,Michael King,1,3
2024-06-29,745071,Tampa Bay Rays,Washington Nationals,1,8,650644,Aaron Civale,663623,Jake Irvin,1,12
2024-06-29,747104,Atlanta Braves,Pittsburgh Pirates,2,1,608331,Max Fried,694973,Paul Skenes,1,4705
2024-06-29,745972,Milwaukee Brewers,Chicago Cubs,3,5,668964,Tobias Myers,657006,Justin Steele,1,32
2024-06-29,745317,San Francisco Giants,Los Angeles Dodgers,7,14,669062,Erik Miller,607192,Tyler Glasnow,1,2395
2024-06-29,747018,Baltimore Orioles,Texas Rangers,6,5,700249,Cade Povich,547179,Michael Lorenzen,1,2
2024-06-29,746211,Los Angeles Angels,Detroit Tigers,6,5,656288,Griffin Canning,681857,Reese Olson,1,1
2024-06-29,745239,Seattle Mariners,Minnesota Twins,1,5,682243,Bryce Miller,641154,Pablo López,1,680
2024-06-30,747101,Atlanta Braves,Pittsburgh Pirates,2,4,680885,Spencer Schwellenbach,663559,Bailey Falter,1,4705
2024-06-30,746938,Boston Red Sox,San Diego Padres,4,1,670174,Josh Winckowski,663362,Matt Waldron,1,3
2024-06-30,745555,Philadelphia Phillies,Miami Marlins,7,6,624133,Ranger Suarez,630023,Yonny Chirinos,1,2681
2024-06-30,744916,Toronto Blue Jays,New York Yankees,1,8,592332,Kevin Gausman,543037,Gerrit Cole,1,14
2024-06-30,745802,New York Mets,Houston Astros,5,10,622663,Luis Severino,681869,Shawn Dubin,1,3289
2024-06-30,745072,Tampa Bay Rays,Washington Nationals,5,0,671737,Taj Bradley,571578,Patrick Corbin,1,12
2024-06-30,746290,Kansas City Royals,Cleveland Guardians,6,2,607625,Seth Lugo,671106,Logan Allen,1,7
2024-06-30,746779,Chicago White Sox,Colorado Rockies,4,5,676979,Garrett Crochet,607536,Kyle Freeland,1,4
2024-06-30,745971,Milwaukee Brewers,Chicago Cubs,7,1,642547,Freddy Peralta,543294,Kyle Hendricks,1,32
2024-06-30,745154,St. Louis Cardinals,Cincinnati Reds,2,0,458681,Lance Lynn,668881,Hunter Greene,1,2889
2024-06-30,745320,San Francisco Giants,Los Angeles Dodgers,10,4,702352,Spencer Bivens,572020,James Paxton,1,2395
2024-06-30,746209,Los Angeles Angels,Detroit Tigers,6,7,542881,Tyler Anderson,663554,Casey Mize,1,1
2024-06-30,747182,Arizona Diamondbacks,Oakland Athletics,5,1,694297,Brandon Pfaadt,665622,Luis Medina,1,15
2024-06-30,745243,Seattle Mariners,Minnesota Twins,3,5,622491,Luis Castillo,657746,Joe Ryan,1,680
2024-06-30,747016,Baltimore Orioles,Texas Rangers,2,11,608344,Cole Irvin,571760,Andrew Heaney,1,2
2024-07-01,744914,Toronto Blue Jays,Houston Astros,1,3,684320,Yariel Rodríguez,686613,Hunter Brown,1,14
2024-07-01,744840,Washington Nationals,New York Mets,7,9,669022,MacKenzie Gore,656849,David Peterson,1,3309
2024-07-01,746535,Colorado Rockies,Milwaukee Brewers,8,7,596295,Austin Gomber,642239,Rob Zastryzny,1,19
2024-07-02,745482,Pittsburgh Pirates,St. Louis Cardinals,4,7,656605,Mitch Keller,502043,Kyle Gibson,1,31
2024-07-02,746623,Cleveland Guardians,Chicago White Sox,7,6,471911,Carlos Carrasco,623167,Chris Flexen,1,5
2024-07-02,746047,Miami Marlins,Boston Red Sox,3,8,678368,Valente Bellozo,676710,Kutter Crawford,1,4169
2024-07-02,744838,Washington Nationals,New York Mets,2,7,687792,DJ Herz,640455,Sean Manaea,1,3309
2024-07-02,745730,New York Yankees,Cincinnati Reds,4,5,661563,Luis Gil,668933,Graham Ashcraft,1,3313
2024-07-02,744913,Toronto Blue Jays,Houston Astros,7,6,621244,José Berríos,681293,Spencer Arrighetti,1,14
2024-07-02,747102,Atlanta Braves,San Francisco Giants,3,5,625643,Reynaldo López,806185,Hayden Birdsong,1,4705
2024-07-02,745886,Minnesota Twins,Detroit Tigers,5,3,680573,Simeon Woods Richardson,669373,Tarik Skubal,1,3312
2024-07-02,744999,Texas Rangers,San Diego Padres,7,0,543135,Nathan Eovaldi,656302,Dylan Cease,1,5325
2024-07-02,746860,Chicago Cubs,Philadelphia Phillies,4,6,669713,Hayden Wesneski,675650,Michael Mercado,1,17
2024-07-02,746282,Kansas City Royals,Tampa Bay Rays,1,5,663903,Brady Singer,641793,Zack Littell,1,7
2024-07-02,746537,Colorado Rockies,Milwaukee Brewers,3,4,663372,Ryan Feltner,572971,Dallas Keuchel,1,19
2024-07-02,745647,Oakland Athletics,Los Angeles Angels,7,5,687765,Mitch Spence,667755,José Soriano,1,10
2024-07-02,745240,Seattle Mariners,Baltimore Orioles,0,2,669923,George Kirby,680570,Grayson Rodriguez,1,680
2024-07-02,746133,Los Angeles Dodgers,Arizona Diamondbacks,6,5,676272,Bobby Miller,573009,Joe Mantiply,1,22
2024-07-03,745487,Pittsburgh Pirates,St. Louis Cardinals,5,4,683003,Jared Jones,571945,Miles Mikolas,1,31
2024-07-03,746617,Cleveland Guardians,Chicago White Sox,2,8,668909,Gavin Williams,607200,Erick Fedde,1,5
2024-07-03,746045,Miami Marlins,Boston Red Sox,2,7,669432,Trevor Rogers,678394,Brayan Bello,1,4169
2024-07-03,744837,Washington Nationals,New York Mets,7,5,680730,Mitchell Parker,681035,Christian Scott,1,3309
2024-07-03,745728,New York Yankees,Cincinnati Reds,2,3,607074,Carlos Rodón,671096,Andrew Abbott,1,3313
2024-07-03,744915,Toronto Blue Jays,Houston Astros,2,9,579328,Yusei Kikuchi,669854,Ronel Blanco,1,14
2024-07-03,747100,Atlanta Braves,San Francisco Giants,3,1,519242,Chris Sale,663855,Jordan Hicks,1,4705
2024-07-03,744998,Texas Rangers,San Diego Padres,4,6,592351,Jon Gray,800049,Adam Mazur,1,5325
2024-07-03,746858,Chicago Cubs,Philadelphia Phillies,3,5,684007,Shota Imanaga,554430,Zack Wheeler,1,17
2024-07-03,746283,Kansas City Royals,Tampa Bay Rays,4,2,608379,Michael Wacha,686752,Ryan Pepiot,1,7
2024-07-03,745888,Minnesota Twins,Detroit Tigers,2,9,701581,David Festa,672456,Keider Montero,1,3312
2024-07-03,746534,Colorado Rockies,Milwaukee Brewers,0,3,641712,Dakota Hudson,607067,Colin Rea,1,19
2024-07-03,745643,Oakland Athletics,Los Angeles Angels,5,0,683155,Joey Estes,669721,Davis Daniel,1,10
2024-07-03,746128,Los Angeles Dodgers,Arizona Diamondbacks,4,12,694813,Gavin Stone,691441,Cristian Mena,1,22
2024-07-03,745234,Seattle Mariners,Baltimore Orioles,1,4,669302,Logan Gilbert,665152,Dean Kremer,1,680
2024-07-04,744834,Washington Nationals,New York Mets,1,0,663623,Jake Irvin,500779,Jose Quintana,1,3309
2024-07-04,745484,Pittsburgh Pirates,St. Louis Cardinals,2,3,527048,Martín Pérez,669467,Andre Pallante,1,31
2024-07-04,745726,New York Yankees,Cincinnati Reds,4,8,573186,Marcus Stroman,593423,Frankie Montas,1,3313
2024-07-04,744912,Toronto Blue Jays,Houston Astros,3,5,605135,Chris Bassitt,664285,Framber Valdez,1,14
2024-07-04,745890,Minnesota Twins,Detroit Tigers,12,3,641927,Bailey Ober,628317,Kenta Maeda,1,3312
2024-07-04,746619,Cleveland Guardians,Chicago White Sox,8,4,594902,Ben Lively,694363,Jared Shuster,1,5
2024-07-04,746043,Miami Marlins,Boston Red Sox,5,6,667725,Kyle Tyler,601713,Nick Pivetta,1,4169
2024-07-04,746857,Chicago Cubs,Philadelphia Phillies,10,2,592791,Jameson Taillon,650911,Cristopher Sánchez,1,17
2024-07-04,744996,Texas Rangers,San Diego Padres,1,3,453286,Max Scherzer,650633,Michael King,1,5325
2024-07-04,745641,Oakland Athletics,Los Angeles Angels,5,0,676664,JP Sears,672710,Roansy Contreras,1,10
2024-07-04,745236,Seattle Mariners,Baltimore Orioles,7,3,682243,Bryce Miller,669203,Corbin Burnes,1,680
2024-07-04,747103,Atlanta Braves,San Francisco Giants,2,4,450203,Charlie Morton,657277,Logan Webb,1,4705
2024-07-04,746285,Kansas City Royals,Tampa Bay Rays,8,10,679525,Alec Marsh,621107,Zach Eflin,1,7
2024-07-04,746532,Colorado Rockies,Milwaukee Brewers,4,3,615698,Cal Quantrill,668964,Tobias Myers,1,19
2024-07-04,746126,Los Angeles Dodgers,Arizona Diamondbacks,3,9,689017,Landon Knack,668678,Zac Gallen,1,22
2024-07-05,746859,Chicago Cubs,Los Angeles Angels,5,1,657006,Justin Steele,656288,Griffin Canning,1,17
2024-07-05,745479,Pittsburgh Pirates,New York Mets,14,2,694973,Paul Skenes,622663,Luis Severino,1,31
2024-07-05,744836,Washington Nationals,St. Louis Cardinals,6,7,571578,Patrick Corbin,543243,Sonny Gray,1,3309
2024-07-05,745725,New York Yankees,Boston Red Sox,3,5,641482,Nestor Cortes,656557,Tanner Houck,1,3313
2024-07-05,746693,Cincinnati Reds,Detroit Tigers,4,5,686730,Carson Spiers,681857,Reese Olson,1,2602
2024-07-05,746620,Cleveland Guardians,San Francisco Giants,2,4,676440,Tanner Bibee,669062,Erik Miller,1,5
2024-07-05,746046,Miami Marlins,Chicago White Sox,2,3,663773,Bryan Hoeing,689672,Drew Thorpe,1,4169
2024-07-05,747097,Atlanta Braves,Philadelphia Phillies,6,8,608331,Max Fried,605400,Aaron Nola,1,4705
2024-07-05,744992,Texas Rangers,Tampa Bay Rays,3,0,547179,Michael Lorenzen,669358,Shane Baz,1,5325
2024-07-05,746533,Colorado Rockies,Kansas City Royals,4,2,607536,Kyle Freeland,666142,Cole Ragans,1,19
2024-07-05,745884,Minnesota Twins,Houston Astros,12,13,641154,Pablo López,681869,Shawn Dubin,1,3312
2024-07-05,745639,Oakland Athletics,Baltimore Orioles,2,3,663687,Hogan Harris,544150,Albert Suárez,1,10
2024-07-05,745398,San Diego Padres,Arizona Diamondbacks,10,8,681190,Randy Vásquez,677944,Slade Cecconi,1,2680
2024-07-05,745237,Seattle Mariners,Toronto Blue Jays,2,1,622491,Luis Castillo,592332,Kevin Gausman,1,680
2024-07-05,746127,Los Angeles Dodgers,Milwaukee Brewers,8,5,607192,Tyler Glasnow,650644,Aaron Civale,1,22
2024-07-06,745724,New York Yankees,Boston Red Sox,14,4,543037,Gerrit Cole,670174,Josh Winckowski,1,3313
2024-07-06,745885,Minnesota Twins,Houston Astros,9,3,657746,Joe Ryan,686613,Hunter Brown,1,3312
2024-07-06,746856,Chicago Cubs,Los Angeles Angels,0,7,543294,Kyle Hendricks,542881,Tyler Anderson,1,17
2024-07-06,745476,Pittsburgh Pirates,New York Mets,2,5,663559,Bailey Falter,656849,David Peterson,1,31
2024-07-06,744835,Washington Nationals,St. Louis Cardinals,14,6,669022,MacKenzie Gore,458681,Lance Lynn,1,3309
2024-07-06,744995,Texas Rangers,Tampa Bay Rays,4,3,571760,Andrew Heaney,671737,Taj Bradley,1,5325
2024-07-06,745642,Oakland Athletics,Baltimore Orioles,19,8,665622,Luis Medina,700249,Cade Povich,1,10
2024-07-06,746694,Cincinnati Reds,Detroit Tigers,3,5,668881,Hunter Greene,656412,Alex Faedo,1,2602
2024-07-06,746615,Cleveland Guardians,San Francisco Giants,5,4,671106,Logan Allen,690986,Kyle Harrison,1,5
2024-07-06,745235,Seattle Mariners,Toronto Blue Jays,4,5,676106,Emerson Hancock,684320,Yariel Rodríguez,1,680
2024-07-06,746044,Miami Marlins,Chicago White Sox,4,3,630023,Yonny Chirinos,676979,Garrett Crochet,1,4169
2024-07-06,747099,Atlanta Braves,Philadelphia Phillies,5,1,680885,Spencer Schwellenbach,624133,Ranger Suarez,1,4705
2024-07-06,746129,Los Angeles Dodgers,Milwaukee Brewers,5,3,572020,James Paxton,642547,Freddy Peralta,1,22
2024-07-06,746529,Colorado Rockies,Kansas City Royals,3,1,596295,Austin Gomber,607625,Seth Lugo,1,19
2024-07-06,745395,San Diego Padres,Arizona Diamondbacks,5,7,663362,Matt Waldron,694297,Brandon Pfaadt,1,2680
2024-07-07,745477,Pittsburgh Pirates,New York Mets,2,3,682847,Luis Ortiz,640455,Sean Manaea,1,31
2024-07-07,744832,Washington Nationals,St. Louis Cardinals,3,8,687792,DJ Herz,502043,Kyle Gibson,1,3309
2024-07-07,747098,Atlanta Braves,Philadelphia Phillies,6,0,625643,Reynaldo López,675650,Michael Mercado,1,4705
2024-07-07,746691,Cincinnati Reds,Detroit Tigers,1,5,668933,Graham Ashcraft,669373,Tarik Skubal,1,2602
2024-07-07,746616,Cleveland Guardians,San Francisco Giants,5,4,471911,Carlos Carrasco,806185,Hayden Birdsong,1,5
2024-07-07,746039,Miami Marlins,Chicago White Sox,7,4,665795,Edward Cabrera,686563,Jonathan Cannon,1,4169
2024-07-07,745883,Minnesota Twins,Houston Astros,3,2,680573,Simeon Woods Richardson,681293,Spencer Arrighetti,1,3312
2024-07-07,746855,Chicago Cubs,Los Angeles Angels,5,0,669713,Hayden Wesneski,667755,José Soriano,1,17
2024-07-07,744993,Texas Rangers,Tampa Bay Rays,13,2,543135,Nathan Eovaldi,641793,Zack Littell,1,5325
2024-07-07,746530,Colorado Rockies,Kansas City Royals,1,10,685299,Tanner Gordon,663903,Brady Singer,1,19
2024-07-07,745637,Oakland Athletics,Baltimore Orioles,3,6,687765,Mitch Spence,680570,Grayson Rodriguez,1,10
2024-07-07,745391,San Diego Padres,Arizona Diamondbacks,1,9,656302,Dylan Cease,669194,Ryne Nelson,1,2680
2024-07-07,745233,Seattle Mariners,Toronto Blue Jays,4,5,669923,George Kirby,621244,José Berríos,1,680
2024-07-07,746122,Los Angeles Dodgers,Milwaukee Brewers,2,9,680736,Justin Wrobleski,572971,Dallas Keuchel,1,22
2024-07-07,745723,New York Yankees,Boston Red Sox,0,3,661563,Luis Gil,676710,Kutter Crawford,1,3313
2024-07-08,745480,Pittsburgh Pirates,New York Mets,8,2,656605,Mitch Keller,681035,Christian Scott,1,31
2024-07-08,744833,Washington Nationals,St. Louis Cardinals,0,6,680730,Mitchell Parker,571945,Miles Mikolas,1,3309
2024-07-08,746455,Detroit Tigers,Cleveland Guardians,1,0,672456,Keider Montero,668909,Gavin Williams,1,2394
2024-07-08,746692,Cincinnati Reds,Colorado Rockies,6,0,671096,Andrew Abbott,663372,Ryan Feltner,1,2602
2024-07-08,746771,Chicago White Sox,Minnesota Twins,6,8,623167,Chris Flexen,663978,Chris Paddack,1,4
2024-07-08,746208,Los Angeles Angels,Texas Rangers,4,9,669721,Davis Daniel,592351,Jon Gray,1,1
2024-07-08,747181,Arizona Diamondbacks,Atlanta Braves,4,5,700270,Yilber Díaz,693821,Bryce Elder,1,15
2024-07-09,747014,Baltimore Orioles,Chicago Cubs,2,9,665152,Dean Kremer,592791,Jameson Taillon,1,2
2024-07-09,746451,Detroit Tigers,Cleveland Guardians,8,9,628317,Kenta Maeda,594902,Ben Lively,1,2394
2024-07-09,745557,Philadelphia Phillies,Los Angeles Dodgers,10,1,554430,Zack Wheeler,676272,Bobby Miller,1,2681
2024-07-09,745074,Tampa Bay Rays,New York Yankees,5,3,686752,Ryan Pepiot,607074,Carlos Rodón,1,12
2024-07-09,746690,Cincinnati Reds,Colorado Rockies,12,6,666157,Nick Lodolo,615698,Cal Quantrill,1,2602
2024-07-09,745803,New York Mets,Washington Nationals,7,5,500779,Jose Quintana,663623,Jake Irvin,1,3289
2024-07-09,746937,Boston Red Sox,Oakland Athletics,12,9,678394,Brayan Bello,683155,Joey Estes,1,3
2024-07-09,746368,Houston Astros,Miami Marlins,4,3,669854,Ronel Blanco,669432,Trevor Rogers,1,2392
2024-07-09,745968,Milwaukee Brewers,Pittsburgh Pirates,2,12,607067,Colin Rea,676596,Josh Fleming,1,32
2024-07-09,746206,Los Angeles Angels,Texas Rangers,4,5,672710,Roansy Contreras,453286,Max Scherzer,1,1
2024-07-09,745393,San Diego Padres,Seattle Mariners,3,8,800049,Adam Mazur,669302,Logan Gilbert,1,2680
2024-07-09,747180,Arizona Diamondbacks,Atlanta Braves,2,6,668678,Zac Gallen,519242,Chris Sale,1,15
2024-07-09,745316,San Francisco Giants,Toronto Blue Jays,4,3,605483,Blake Snell,579328,Yusei Kikuchi,1,2395
2024-07-10,745155,St. Louis Cardinals,Kansas City Royals,4,6,669467,Andre Pallante,679525,Alec Marsh,1,2889
2024-07-10,745156,St. Louis Cardinals,Kansas City Royals,5,8,700669,Gordon Graceffo,608379,Michael Wacha,2,2889
2024-07-10,746772,Chicago White Sox,Minnesota Twins,3,1,607200,Erick Fedde,641927,Bailey Ober,1,4
2024-07-10,746773,Chicago White Sox,Minnesota Twins,2,3,689672,Drew Thorpe,641154,Pablo López,2,4
2024-07-10,747015,Baltimore Orioles,Chicago Cubs,0,4,669203,Corbin Burnes,684007,Shota Imanaga,1,2
2024-07-10,746453,Detroit Tigers,Cleveland Guardians,5,4,681857,Reese Olson,676440,Tanner Bibee,1,2394
2024-07-10,745394,San Diego Padres,Seattle Mariners,0,2,650633,Michael King,682243,Bryce Miller,1,2680
2024-07-10,745069,Tampa Bay Rays,New York Yankees,1,2,621107,Zach Eflin,573186,Marcus Stroman,1,12
2024-07-10,745556,Philadelphia Phillies,Los Angeles Dodgers,4,3,650911,Cristopher Sánchez,694813,Gavin Stone,1,2681
2024-07-10,746689,Cincinnati Reds,Colorado Rockies,5,6,593423,Frankie Montas,607536,Kyle Freeland,1,2602
2024-07-10,745796,New York Mets,Washington Nationals,6,2,622663,Luis Severino,571578,Patrick Corbin,1,3289
2024-07-10,746934,Boston Red Sox,Oakland Athletics,2,5,601713,Nick Pivetta,676664,JP Sears,1,3
2024-07-10,746366,Houston Astros,Miami Marlins,9,1,664285,Framber Valdez,663773,Bryan Hoeing,1,2392
2024-07-10,745969,Milwaukee Brewers,Pittsburgh Pirates,9,0,668964,Tobias Myers,527048,Martín Pérez,1,32
2024-07-10,746205,Los Angeles Angels,Texas Rangers,7,2,656288,Griffin Canning,547179,Michael Lorenzen,1,1
2024-07-10,747179,Arizona Diamondbacks,Atlanta Braves,7,5,677944,Slade Cecconi,450203,Charlie Morton,1,15
2024-07-10,745318,San Francisco Giants,Toronto Blue Jays,6,10,657277,Logan Webb,605135,Chris Bassitt,1,2395
2024-07-11,746688,Cincinnati Reds,Colorado Rockies,8,1,668881,Hunter Greene,596295,Austin Gomber,1,2602
2024-07-11,746452,Detroit Tigers,Cleveland Guardians,10,1,656427,Jack Flaherty,675921,Spencer Howard,1,2394
2024-07-11,745799,New York Mets,Washington Nationals,7,0,656849,David Peterson,669022,MacKenzie Gore,1,3289
2024-07-11,745967,Milwaukee Brewers,Pittsburgh Pirates,0,1,650644,Aaron Civale,694973,Paul Skenes,1,32
2024-07-11,745313,San Francisco Giants,Toronto Blue Jays,3,5,663855,Jordan Hicks,592332,Kevin Gausman,1,2395
2024-07-11,745558,Philadelphia Phillies,Los Angeles Dodgers,5,1,605400,Aaron Nola,607455,Anthony Banda,1,2681
2024-07-11,747011,Baltimore Orioles,Chicago Cubs,0,8,544150,Albert Suárez,657006,Justin Steele,1,2
2024-07-11,745065,Tampa Bay Rays,New York Yankees,5,4,669358,Shane Baz,641482,Nestor Cortes,1,12
2024-07-11,746935,Boston Red Sox,Oakland Athletics,7,0,656557,Tanner Houck,665622,Luis Medina,1,3
2024-07-11,746367,Houston Astros,Miami Marlins,6,3,,,682610,Roddery Muñoz,1,2392
2024-07-11,746204,Los Angeles Angels,Seattle Mariners,0,11,686799,Jack Kochanowicz,622491,Luis Castillo,1,1
2024-07-11,747178,Arizona Diamondbacks,Atlanta Braves,1,0,694297,Brandon Pfaadt,608331,Max Fried,1,15
2024-07-12,746450,Detroit Tigers,Los Angeles Dodgers,3,4,669373,Tarik Skubal,572020,James Paxton,1,2394
2024-07-12,745552,Philadelphia Phillies,Oakland Athletics,2,6,624133,Ranger Suarez,663687,Hogan Harris,1,2681
2024-07-12,745064,Tampa Bay Rays,Cleveland Guardians,2,0,671737,Taj Bradley,471911,Carlos Carrasco,1,12
2024-07-12,747012,Baltimore Orioles,New York Yankees,1,4,700249,Cade Povich,543037,Gerrit Cole,1,2
2024-07-12,746936,Boston Red Sox,Kansas City Royals,1,6,681867,Cooper Criswell,666142,Cole Ragans,1,3
2024-07-12,745800,New York Mets,Colorado Rockies,7,6,640455,Sean Manaea,685299,Tanner Gordon,1,3289
2024-07-12,746685,Cincinnati Reds,Miami Marlins,7,4,686730,Carson Spiers,630023,Yonny Chirinos,1,2602
2024-07-12,746371,Houston Astros,Texas Rangers,6,3,686613,Hunter Brown,571760,Andrew Heaney,1,2392
2024-07-12,746774,Chicago White Sox,Pittsburgh Pirates,1,4,676979,Garrett Crochet,594835,Marco Gonzales,1,4
2024-07-12,745965,Milwaukee Brewers,Washington Nationals,2,5,642547,Freddy Peralta,671131,Jackson Rutledge,1,32
2024-07-12,745153,St. Louis Cardinals,Chicago Cubs,1,5,543243,Sonny Gray,543294,Kyle Hendricks,1,2889
2024-07-12,746207,Los Angeles Angels,Seattle Mariners,6,5,542881,Tyler Anderson,693433,Bryan Woo,1,1
2024-07-12,747175,Arizona Diamondbacks,Toronto Blue Jays,5,4,669194,Ryne Nelson,684320,Yariel Rodríguez,1,15
2024-07-12,745390,San Diego Padres,Atlanta Braves,1,6,663362,Matt Waldron,680885,Spencer Schwellenbach,1,2680
2024-07-12,745312,San Francisco Giants,Minnesota Twins,7,1,690986,Kyle Harrison,657746,Joe Ryan,1,2395
2024-07-13,746447,Detroit Tigers,Los Angeles Dodgers,11,9,672456,Keider Montero,680736,Justin Wrobleski,1,2394
2024-07-13,746766,Chicago White Sox,Pittsburgh Pirates,2,6,623167,Chris Flexen,682847,Luis Ortiz,1,4
2024-07-13,745152,St. Louis Cardinals,Chicago Cubs,11,3,458681,Lance Lynn,669713,Hayden Wesneski,1,2889
2024-07-13,745175,St. Louis Cardinals,Chicago Cubs,5,4,502043,Kyle Gibson,665871,Javier Assad,2,2889
2024-07-13,745549,Philadelphia Phillies,Oakland Athletics,11,5,663969,Tyler Phillips,687765,Mitch Spence,1,2681
2024-07-13,747013,Baltimore Orioles,New York Yankees,1,6,680570,Grayson Rodriguez,661563,Luis Gil,1,2
2024-07-13,746930,Boston Red Sox,Kansas City Royals,5,0,676710,Kutter Crawford,607625,Seth Lugo,1,3
2024-07-13,745798,New York Mets,Colorado Rockies,7,3,681035,Christian Scott,663372,Ryan Feltner,1,3289
2024-07-13,745067,Tampa Bay Rays,Cleveland Guardians,2,4,641793,Zack Littell,668909,Gavin Williams,1,12
2024-07-13,746369,Houston Astros,Texas Rangers,1,2,681293,Spencer Arrighetti,543135,Nathan Eovaldi,1,2392
2024-07-13,746687,Cincinnati Reds,Miami Marlins,10,6,671096,Andrew Abbott,665795,Edward Cabrera,1,2602
2024-07-13,745963,Milwaukee Brewers,Washington Nationals,5,6,572971,Dallas Keuchel,680730,Mitchell Parker,1,32
2024-07-13,745311,San Francisco Giants,Minnesota Twins,2,4,806185,Hayden Birdsong,680573,Simeon Woods Richardson,1,2395
2024-07-13,745392,San Diego Padres,Atlanta Braves,4,0,656302,Dylan Cease,625643,Reynaldo López,1,2680
2024-07-13,746202,Los Angeles Angels,Seattle Mariners,2,1,667755,José Soriano,669923,George Kirby,1,1
2024-07-13,747177,Arizona Diamondbacks,Toronto Blue Jays,12,1,700270,Yilber Díaz,621244,José Berríos,1,15
2024-07-14,747009,Baltimore Orioles,New York Yankees,6,5,665152,Dean Kremer,607074,Carlos Rodón,1,2
2024-07-14,746932,Boston Red Sox,Kansas City Royals,5,4,678394,Brayan Bello,663903,Brady Singer,1,3
2024-07-14,745551,Philadelphia Phillies,Oakland Athletics,3,18,689147,Orion Kerkering,683155,Joey Estes,1,2681
2024-07-14,746449,Detroit Tigers,Los Angeles Dodgers,4,3,689225,Beau Brieske,641703,Brent Honeywell,1,2394
2024-07-14,745797,New York Mets,Colorado Rockies,5,8,500779,Jose Quintana,608566,Germán Márquez,1,3289
2024-07-14,745066,Tampa Bay Rays,Cleveland Guardians,2,0,686752,Ryan Pepiot,594902,Ben Lively,1,12
2024-07-14,746686,Cincinnati Reds,Miami Marlins,2,3,666157,Nick Lodolo,669432,Trevor Rogers,1,2602
2024-07-14,746370,Houston Astros,Texas Rangers,2,4,669854,Ronel Blanco,453286,Max Scherzer,1,2392
2024-07-14,746769,Chicago White Sox,Pittsburgh Pirates,4,9,694363,Jared Shuster,656605,Mitch Keller,1,4
2024-07-14,745962,Milwaukee Brewers,Washington Nationals,9,3,642239,Rob Zastryzny,663623,Jake Irvin,1,32
2024-07-14,745151,St. Louis Cardinals,Chicago Cubs,3,8,571945,Miles Mikolas,592791,Jameson Taillon,1,2889
2024-07-14,745314,San Francisco Giants,Minnesota Twins,3,2,605483,Blake Snell,663978,Chris Paddack,1,2395
2024-07-14,746201,Los Angeles Angels,Seattle Mariners,3,2,608334,Carson Fulmer,669302,Logan Gilbert,1,1
2024-07-14,747176,Arizona Diamondbacks,Toronto Blue Jays,7,8,668678,Zac Gallen,579328,Yusei Kikuchi,1,15
2024-07-14,745385,San Diego Padres,Atlanta Braves,3,6,681190,Randy Vásquez,519242,Chris Sale,1,2680
2024-07-19,746854,Chicago Cubs,Arizona Diamondbacks,2,5,657006,Justin Steele,669194,Ryne Nelson,1,17
2024-07-19,745481,Pittsburgh Pirates,Philadelphia Phillies,8,7,527048,Martín Pérez,605400,Aaron Nola,1,31
2024-07-19,744829,Washington Nationals,Cincinnati Reds,8,5,571578,Patrick Corbin,593423,Frankie Montas,1,3309
2024-07-19,745721,New York Yankees,Tampa Bay Rays,6,1,543037,Gerrit Cole,621107,Zach Eflin,1,3313
2024-07-19,744911,Toronto Blue Jays,Detroit Tigers,4,5,605135,Chris Bassitt,656427,Jack Flaherty,1,14
2024-07-19,746618,Cleveland Guardians,San Diego Padres,7,0,676440,Tanner Bibee,663362,Matt Waldron,1,5
2024-07-19,746040,Miami Marlins,New York Mets,6,4,665795,Edward Cabrera,640455,Sean Manaea,1,4169
2024-07-19,744990,Texas Rangers,Baltimore Orioles,1,9,543135,Nathan Eovaldi,669203,Corbin Burnes,1,5325
2024-07-19,746284,Kansas City Royals,Chicago White Sox,7,1,608379,Michael Wacha,623167,Chris Flexen,1,7
2024-07-19,746531,Colorado Rockies,San Francisco Giants,7,3,615698,Cal Quantrill,690986,Kyle Harrison,1,19
2024-07-19,745640,Oakland Athletics,Los Angeles Angels,13,3,676664,JP Sears,656288,Griffin Canning,1,10
2024-07-19,746123,Los Angeles Dodgers,Boston Red Sox,4,1,694813,Gavin Stone,601713,Nick Pivetta,1,22
2024-07-19,745228,Seattle Mariners,Houston Astros,0,3,622491,Luis Castillo,686613,Hunter Brown,1,680
2024-07-20,745720,New York Yankees,Tampa Bay Rays,1,9,641482,Nestor Cortes,671737,Taj Bradley,1,3313
2024-07-20,747093,Atlanta Braves,St. Louis Cardinals,3,2,450203,Charlie Morton,502043,Kyle Gibson,1,4705
2024-07-20,747096,Atlanta Braves,St. Louis Cardinals,5,9,693821,Bryce Elder,543243,Sonny Gray,2,4705
2024-07-20,744910,Toronto Blue Jays,Detroit Tigers,3,7,579328,Yusei Kikuchi,681857,Reese Olson,1,14
2024-07-20,745638,Oakland Athletics,Los Angeles Angels,8,2,687765,Mitch Spence,686799,Jack Kochanowicz,1,10
2024-07-20,746041,Miami Marlins,New York Mets,0,1,682610,Roddery Muñoz,622663,Luis Severino,1,4169
2024-07-20,745478,Pittsburgh Pirates,Philadelphia Phillies,4,1,682847,Luis Ortiz,650911,Cristopher Sánchez,1,31
2024-07-20,744830,Washington Nationals,Cincinnati Reds,5,4,669022,MacKenzie Gore,666157,Nick Lodolo,1,3309
2024-07-20,744994,Texas Rangers,Baltimore Orioles,4,8,453286,Max Scherzer,680570,Grayson Rodriguez,1,5325
2024-07-20,746613,Cleveland Guardians,San Diego Padres,0,7,668909,Gavin Williams,656302,Dylan Cease,1,5
2024-07-20,746286,Kansas City Royals,Chicago White Sox,6,1,663903,Brady Singer,686563,Jonathan Cannon,1,7
2024-07-20,745880,Minnesota Twins,Milwaukee Brewers,4,8,641154,Pablo López,642547,Freddy Peralta,1,3312
2024-07-20,746852,Chicago Cubs,Arizona Diamondbacks,0,3,543294,Kyle Hendricks,668678,Zac Gallen,1,17
2024-07-20,746121,Los Angeles Dodgers,Boston Red Sox,7,6,680736,Justin Wrobleski,678394,Brayan Bello,1,22
2024-07-20,746527,Colorado Rockies,San Francisco Giants,4,3,607536,Kyle Freeland,657277,Logan Webb,1,19
2024-07-20,745229,Seattle Mariners,Houston Astros,2,4,669923,George Kirby,664285,Framber Valdez,1,680
2024-07-21,745882,Minnesota Twins,Milwaukee Brewers,7,8,657746,Joe Ryan,650644,Aaron Civale,1,3312
2024-07-21,744831,Washington Nationals,Cincinnati Reds,5,2,663623,Jake Irvin,671096,Andrew Abbott,1,3309
2024-07-21,745470,Pittsburgh Pirates,Philadelphia Phillies,0,6,594835,Marco Gonzales,663969,Tyler Phillips,1,31
2024-07-21,747094,Atlanta Braves,St. Louis Cardinals,2,6,680885,Spencer Schwellenbach,571945,Miles Mikolas,1,4705
2024-07-21,745722,New York Yankees,Tampa Bay Rays,4,6,573186,Marcus Stroman,669358,Shane Baz,1,3313
2024-07-21,744909,Toronto Blue Jays,Detroit Tigers,5,4,592332,Kevin Gausman,672456,Keider Montero,1,14
2024-07-21,746610,Cleveland Guardians,San Diego Padres,1,2,594902,Ben Lively,650633,Michael King,1,5
2024-07-21,746042,Miami Marlins,New York Mets,4,2,669432,Trevor Rogers,681035,Christian Scott,1,4169
2024-07-21,746287,Kansas City Royals,Chicago White Sox,4,1,607625,Seth Lugo,689672,Drew Thorpe,1,7
2024-07-21,746853,Chicago Cubs,Arizona Diamondbacks,2,1,684007,Shota Imanaga,694297,Brandon Pfaadt,1,17
2024-07-21,744991,Texas Rangers,Baltimore Orioles,3,2,571760,Andrew Heaney,665152,Dean Kremer,1,5325
2024-07-21,746528,Colorado Rockies,San Francisco Giants,2,3,663372,Ryan Feltner,806185,Hayden Birdsong,1,19
2024-07-21,745633,Oakland Athletics,Los Angeles Angels,5,8,683155,Joey Estes,608334,Carson Fulmer,1,10
2024-07-21,745230,Seattle Mariners,Houston Astros,6,4,693433,Bryan Woo,669854,Ronel Blanco,1,680
2024-07-21,746125,Los Angeles Dodgers,Boston Red Sox,9,6,572020,James Paxton,676710,Kutter Crawford,1,22
2024-07-22,745717,New York Yankees,Tampa Bay Rays,9,1,607074,Carlos Rodón,641793,Zack Littell,1,3313
2024-07-22,746612,Cleveland Guardians,Detroit Tigers,2,8,471911,Carlos Carrasco,669373,Tarik Skubal,1,5
2024-07-22,745473,Pittsburgh Pirates,St. Louis Cardinals,2,1,656605,Mitch Keller,669467,Andre Pallante,1,31
2024-07-22,746034,Miami Marlins,New York Mets,4,6,630023,Yonny Chirinos,656849,David Peterson,1,4169
2024-07-22,747095,Atlanta Braves,Cincinnati Reds,1,4,625643,Reynaldo López,668881,Hunter Greene,1,4705
2024-07-22,745881,Minnesota Twins,Philadelphia Phillies,7,2,641927,Bailey Ober,624133,Ranger Suarez,1,3312
2024-07-22,744988,Texas Rangers,Chicago White Sox,4,3,547179,Michael Lorenzen,607200,Erick Fedde,1,5325
2024-07-22,746850,Chicago Cubs,Milwaukee Brewers,3,1,665871,Javier Assad,668964,Tobias Myers,1,17
2024-07-22,746280,Kansas City Royals,Arizona Diamondbacks,10,4,666142,Cole Ragans,700270,Yilber Díaz,1,7
2024-07-22,746526,Colorado Rockies,Boston Red Sox,9,8,596295,Austin Gomber,656557,Tanner Houck,1,19
2024-07-22,745635,Oakland Athletics,Houston Astros,4,0,663687,Hogan Harris,681293,Spencer Arrighetti,1,10
2024-07-22,745232,Seattle Mariners,Los Angeles Angels,1,3,682243,Bryce Miller,542881,Tyler Anderson,1,680
2024-07-22,746124,Los Angeles Dodgers,San Francisco Giants,3,2,689981,River Ryan,605483,Blake Snell,1,22
2024-07-23,746614,Cleveland Guardians,Detroit Tigers,5,4,675540,Xzavion Curry,663947,Tyler Holton,1,5
2024-07-23,745475,Pittsburgh Pirates,St. Louis Cardinals,1,2,694973,Paul Skenes,458681,Lance Lynn,1,31
2024-07-23,746036,Miami Marlins,Baltimore Orioles,6,3,667725,Kyle Tyler,544150,Albert Suárez,1,4169
2024-07-23,744828,Washington Nationals,San Diego Padres,0,4,687792,DJ Herz,681190,Randy Vásquez,1,3309
2024-07-23,745715,New York Yankees,New York Mets,2,3,661563,Luis Gil,500779,Jose Quintana,1,3313
2024-07-23,744904,Toronto Blue Jays,Tampa Bay Rays,2,4,621244,José Berríos,542888,Shawn Armstrong,1,14
2024-07-23,745878,Minnesota Twins,Philadelphia Phillies,0,3,680573,Simeon Woods Richardson,554430,Zack Wheeler,1,3312
2024-07-23,744985,Texas Rangers,Chicago White Sox,3,2,592351,Jon Gray,676979,Garrett Crochet,1,5325
2024-07-23,746848,Chicago Cubs,Milwaukee Brewers,0,1,592791,Jameson Taillon,607067,Colin Rea,1,17
2024-07-23,746281,Kansas City Royals,Arizona Diamondbacks,2,6,679525,Alec Marsh,656756,Jordan Montgomery,1,7
2024-07-23,746524,Colorado Rockies,Boston Red Sox,0,6,621389,Ty Blach,681867,Cooper Criswell,1,19
2024-07-23,745632,Oakland Athletics,Houston Astros,8,2,674370,Osvaldo Bido,814005,Jake Bloss,1,10
2024-07-23,745227,Seattle Mariners,Los Angeles Angels,1,5,669302,Logan Gilbert,667755,José Soriano,1,680
2024-07-23,746118,Los Angeles Dodgers,San Francisco Giants,5,2,689017,Landon Knack,663855,Jordan Hicks,1,22
2024-07-24,747091,Atlanta Braves,Cincinnati Reds,4,9,642216,Allan Winans,593423,Frankie Montas,1,4705
2024-07-24,745472,Pittsburgh Pirates,St. Louis Cardinals,5,0,527048,Martín Pérez,669461,Matthew Liberatore,1,31
2024-07-24,745877,Minnesota Twins,Philadelphia Phillies,5,4,595345,Steven Okert,605400,Aaron Nola,1,3312
2024-07-24,746851,Chicago Cubs,Milwaukee Brewers,2,3,657006,Justin Steele,642239,Rob Zastryzny,1,17
2024-07-24,746525,Colorado Rockies,Boston Red Sox,20,7,615698,Cal Quantrill,601713,Nick Pivetta,1,19
2024-07-24,745634,Oakland Athletics,Houston Astros,1,8,676664,JP Sears,686613,Hunter Brown,1,10
2024-07-24,745231,Seattle Mariners,Los Angeles Angels,1,2,622491,Luis Castillo,656288,Griffin Canning,1,680
2024-07-24,746611,Cleveland Guardians,Detroit Tigers,2,1,676440,Tanner Bibee,656427,Jack Flaherty,1,5
2024-07-24,746035,Miami Marlins,Baltimore Orioles,6,3,665795,Edward Cabrera,694646,Chayce McDermott,1,4169
2024-07-24,744824,Washington Nationals,San Diego Padres,3,12,680730,Mitchell Parker,663362,Matt Waldron,1,3309
2024-07-24,745716,New York Yankees,New York Mets,3,12,543037,Gerrit Cole,640455,Sean Manaea,1,3313
2024-07-24,744905,Toronto Blue Jays,Tampa Bay Rays,6,3,684320,Yariel Rodríguez,621107,Zach Eflin,1,14
2024-07-24,744989,Texas Rangers,Chicago White Sox,10,2,543135,Nathan Eovaldi,623167,Chris Flexen,1,5325
2024-07-24,746279,Kansas City Royals,Arizona Diamondbacks,6,8,608379,Michael Wacha,669194,Ryne Nelson,1,7
2024-07-24,746119,Los Angeles Dodgers,San Francisco Giants,3,8,607192,Tyler Glasnow,592662,Robbie Ray,1,22
2024-07-25,744827,Washington Nationals,San Diego Padres,0,3,571578,Patrick Corbin,656302,Dylan Cease,1,3309
2024-07-25,746037,Miami Marlins,Baltimore Orioles,6,7,682610,Roddery Muñoz,669203,Corbin Burnes,1,4169
2024-07-25,746609,Cleveland Guardians,Detroit Tigers,0,3,668909,Gavin Williams,663947,Tyler Holton,1,5
2024-07-25,744984,Texas Rangers,Chicago White Sox,2,1,453286,Max Scherzer,686563,Jonathan Cannon,1,5325
2024-07-25,744907,Toronto Blue Jays,Tampa Bay Rays,0,13,605135,Chris Bassitt,671737,Taj Bradley,1,14
2024-07-25,746117,Los Angeles Dodgers,San Francisco Giants,6,4,477132,Clayton Kershaw,657277,Logan Webb,1,22
2024-07-25,745794,New York Mets,Atlanta Braves,3,2,622663,Luis Severino,519242,Chris Sale,1,3289
2024-07-25,746199,Los Angeles Angels,Oakland Athletics,5,6,670046,Kenny Rosenberg,548389,Ross Stripling,1,1
2024-07-26,746448,Detroit Tigers,Minnesota Twins,3,9,672456,Keider Montero,641154,Pablo López,1,2394
2024-07-26,745554,Philadelphia Phillies,Cleveland Guardians,1,3,650911,Cristopher Sánchez,594902,Ben Lively,1,2681
2024-07-26,745068,Tampa Bay Rays,Cincinnati Reds,2,3,669358,Shane Baz,666157,Nick Lodolo,1,12
2024-07-26,747010,Baltimore Orioles,San Diego Padres,4,6,680570,Grayson Rodriguez,800049,Adam Mazur,1,2
2024-07-26,744906,Toronto Blue Jays,Texas Rangers,6,5,579328,Yusei Kikuchi,571760,Andrew Heaney,1,14
2024-07-26,745792,New York Mets,Atlanta Braves,8,4,673540,Kodai Senga,450203,Charlie Morton,1,3289
2024-07-26,746933,Boston Red Sox,New York Yankees,9,7,678394,Brayan Bello,641482,Nestor Cortes,1,3
2024-07-26,746277,Kansas City Royals,Chicago Cubs,6,0,663903,Brady Singer,543294,Kyle Hendricks,1,7
2024-07-26,746361,Houston Astros,Los Angeles Dodgers,5,0,664285,Framber Valdez,694813,Gavin Stone,1,2392
2024-07-26,746767,Chicago White Sox,Seattle Mariners,0,10,689672,Drew Thorpe,669923,George Kirby,1,4
2024-07-26,745964,Milwaukee Brewers,Miami Marlins,2,6,642547,Freddy Peralta,669432,Trevor Rogers,1,32
2024-07-26,745146,St. Louis Cardinals,Washington Nationals,8,10,543243,Sonny Gray,669022,MacKenzie Gore,1,2889
2024-07-26,746200,Los Angeles Angels,Oakland Athletics,4,5,608334,Carson Fulmer,621112,Paul Blackburn,1,1
2024-07-26,747174,Arizona Diamondbacks,Pittsburgh Pirates,4,3,668678,Zac Gallen,682847,Luis Ortiz,1,15
2024-07-26,745315,San Francisco Giants,Colorado Rockies,11,4,690986,Kyle Harrison,607536,Kyle Freeland,1,2395
2024-07-27,744908,Toronto Blue Jays,Texas Rangers,7,3,592332,Kevin Gausman,547179,Michael Lorenzen,1,14
2024-07-27,747006,Baltimore Orioles,San Diego Padres,4,9,665152,Dean Kremer,650633,Michael King,1,2
2024-07-27,745059,Tampa Bay Rays,Cincinnati Reds,4,0,641793,Zack Littell,671096,Andrew Abbott,1,12
2024-07-27,745793,New York Mets,Atlanta Braves,0,4,656731,Tylor Megill,680885,Spencer Schwellenbach,1,3289
2024-07-27,745553,Philadelphia Phillies,Cleveland Guardians,8,0,663969,Tyler Phillips,471911,Carlos Carrasco,1,2681
2024-07-27,746446,Detroit Tigers,Minnesota Twins,7,2,669373,Tarik Skubal,657746,Joe Ryan,1,2394
2024-07-27,745307,San Francisco Giants,Colorado Rockies,4,1,605483,Blake Snell,663372,Ryan Feltner,1,2395
2024-07-27,745310,San Francisco Giants,Colorado Rockies,5,0,806185,Hayden Birdsong,685299,Tanner Gordon,2,2395
2024-07-27,746278,Kansas City Royals,Chicago Cubs,4,9,607625,Seth Lugo,684007,Shota Imanaga,1,7
2024-07-27,746362,Houston Astros,Los Angeles Dodgers,7,6,669854,Ronel Blanco,680736,Justin Wrobleski,1,2392
2024-07-27,745966,Milwaukee Brewers,Miami Marlins,3,7,650644,Aaron Civale,676974,Max Meyer,1,32
2024-07-27,745150,St. Louis Cardinals,Washington Nationals,3,14,502043,Kyle Gibson,663623,Jake Irvin,1,2889
2024-07-27,746768,Chicago White Sox,Seattle Mariners,3,6,607200,Erick Fedde,693433,Bryan Woo,1,4
2024-07-27,746931,Boston Red Sox,New York Yankees,8,11,676710,Kutter Crawford,573186,Marcus Stroman,1,3
2024-07-27,747171,Arizona Diamondbacks,Pittsburgh Pirates,9,5,694297,Brandon Pfaadt,594835,Marco Gonzales,1,15
2024-07-27,746203,Los Angeles Angels,Oakland Athletics,1,3,542881,Tyler Anderson,687765,Mitch Spence,1,1
2024-07-28,745063,Tampa Bay Rays,Cincinnati Reds,2,1,,,668881,Hunter Greene,1,12
2024-07-28,747008,Baltimore Orioles,San Diego Padres,8,6,544150,Albert Suárez,681190,Randy Vásquez,1,2
2024-07-28,745550,Philadelphia Phillies,Cleveland Guardians,3,4,663465,Kolby Allard,676282,Joey Cantillo,1,2681
2024-07-28,744902,Toronto Blue Jays,Texas Rangers,7,3,621244,José Berríos,592351,Jon Gray,1,14
2024-07-28,746445,Detroit Tigers,Minnesota Twins,0,5,656412,Alex Faedo,641927,Bailey Ober,1,2394
2024-07-28,745795,New York Mets,Atlanta Braves,2,9,656849,David Peterson,625643,Reynaldo López,1,3289
2024-07-28,746274,Kansas City Royals,Chicago Cubs,3,7,666142,Cole Ragans,665871,Javier Assad,1,7
2024-07-28,746364,Houston Astros,Los Angeles Dodgers,2,6,681293,Spencer Arrighetti,689981,River Ryan,1,2392
2024-07-28,746770,Chicago White Sox,Seattle Mariners,3,6,676979,Garrett Crochet,682243,Bryce Miller,1,4
2024-07-28,745961,Milwaukee Brewers,Miami Marlins,6,2,668964,Tobias Myers,667725,Kyle Tyler,1,32
2024-07-28,745145,St. Louis Cardinals,Washington Nationals,4,3,571945,Miles Mikolas,687792,DJ Herz,1,2889
2024-07-28,745305,San Francisco Giants,Colorado Rockies,5,4,669062,Erik Miller,596295,Austin Gomber,1,2395
2024-07-28,746195,Los Angeles Angels,Oakland Athletics,8,6,667755,José Soriano,674370,Osvaldo Bido,1,1
2024-07-28,747173,Arizona Diamondbacks,Pittsburgh Pirates,5,6,700270,Yilber Díaz,656605,Mitch Keller,1,15
2024-07-28,746929,Boston Red Sox,New York Yankees,2,8,656557,Tanner Houck,607074,Carlos Rodón,1,3
2024-07-29,747007,Baltimore Orioles,Toronto Blue Jays,11,5,621107,Zach Eflin,684320,Yariel Rodríguez,1,2
2024-07-29,747039,Baltimore Orioles,Toronto Blue Jays,4,8,700249,Cade Povich,670102,Bowden Francis,2,2
2024-07-29,746444,Detroit Tigers,Cleveland Guardians,4,8,689225,Beau Brieske,676440,Tanner Bibee,1,2394
2024-07-29,745547,Philadelphia Phillies,New York Yankees,4,14,554430,Zack Wheeler,661563,Luis Gil,1,2681
2024-07-29,746684,Cincinnati Reds,Chicago Cubs,7,1,686730,Carson Spiers,592791,Jameson Taillon,1,2602
2024-07-29,746928,Boston Red Sox,Seattle Mariners,14,7,601713,Nick Pivetta,669302,Logan Gilbert,1,3
2024-07-29,745791,New York Mets,Minnesota Twins,15,2,500779,Jose Quintana,680573,Simeon Woods Richardson,1,3289
2024-07-29,745147,St. Louis Cardinals,Texas Rangers,3,6,669467,Andre Pallante,543135,Nathan Eovaldi,1,2889
2024-07-29,746360,Houston Astros,Pittsburgh Pirates,3,5,605463,Tayler Scott,694973,Paul Skenes,1,2392
2024-07-29,746765,Chicago White Sox,Kansas City Royals,5,8,623167,Chris Flexen,679525,Alec Marsh,1,4
2024-07-29,745959,Milwaukee Brewers,Atlanta Braves,8,3,607067,Colin Rea,656550,Grant Holmes,1,32
2024-07-29,747172,Arizona Diamondbacks,Washington Nationals,9,8,656756,Jordan Montgomery,680730,Mitchell Parker,1,15
2024-07-30,746441,Detroit Tigers,Cleveland Guardians,0,5,663947,Tyler Holton,668909,Gavin Williams,1,2394
2024-07-30,747005,Baltimore Orioles,Toronto Blue Jays,6,2,669203,Corbin Burnes,605135,Chris Bassitt,1,2
2024-07-30,745546,Philadelphia Phillies,New York Yankees,6,7,605400,Aaron Nola,701542,Will Warren,1,2681
2024-07-30,745060,Tampa Bay Rays,Miami Marlins,9,3,605488,Jeffrey Springs,665795,Edward Cabrera,1,12
2024-07-30,746683,Cincinnati Reds,Chicago Cubs,6,3,663574,Tony Santillan,657006,Justin Steele,1,2602
2024-07-30,746926,Boston Red Sox,Seattle Mariners,6,10,572020,James Paxton,622491,Luis Castillo,1,3
2024-07-30,745787,New York Mets,Minnesota Twins,2,0,640455,Sean Manaea,701581,David Festa,1,3289
2024-07-30,745149,St. Louis Cardinals,Texas Rangers,8,1,458681,Lance Lynn,453286,Max Scherzer,1,2889
2024-07-30,746365,Houston Astros,Pittsburgh Pirates,2,6,686613,Hunter Brown,663559,Bailey Falter,1,2392
2024-07-30,746763,Chicago White Sox,Kansas City Royals,3,4,686563,Jonathan Cannon,608379,Michael Wacha,1,4
2024-07-30,745958,Milwaukee Brewers,Atlanta Braves,1,5,605452,Joe Ross,693821,Bryce Elder,1,32
2024-07-30,746197,Los Angeles Angels,Colorado Rockies,10,7,656288,Griffin Canning,615698,Cal Quantrill,1,1
2024-07-30,747167,Arizona Diamondbacks,Washington Nationals,17,0,669194,Ryne Nelson,571578,Patrick Corbin,1,15
2024-07-30,745389,San Diego Padres,Los Angeles Dodgers,6,5,663362,Matt Waldron,607192,Tyler Glasnow,1,2680
2024-07-30,745309,San Francisco Giants,Oakland Athletics,2,5,592662,Robbie Ray,676664,JP Sears,1,2395
2024-07-31,745061,Tampa Bay Rays,Miami Marlins,2,6,671737,Taj Bradley,682610,Roddery Muñoz,1,12
2024-07-31,747003,Baltimore Orioles,Toronto Blue Jays,10,4,680570,Grayson Rodriguez,502179,Paolo Espino,1,2
2024-07-31,745543,Philadelphia Phillies,New York Yankees,5,6,650911,Cristopher Sánchez,641482,Nestor Cortes,1,2681
2024-07-31,745789,New York Mets,Minnesota Twins,3,8,622663,Luis Severino,641154,Pablo López,1,3289
2024-07-31,746764,Chicago White Sox,Kansas City Royals,3,10,689672,Drew Thorpe,663903,Brady Singer,1,4
2024-07-31,745960,Milwaukee Brewers,Atlanta Braves,2,6,642547,Freddy Peralta,519242,Chris Sale,1,32
2024-07-31,745148,St. Louis Cardinals,Texas Rangers,10,1,700241,Michael McGreevy,571760,Andrew Heaney,1,2889
2024-07-31,747170,Arizona Diamondbacks,Washington Nationals,5,4,668678,Zac Gallen,669022,MacKenzie Gore,1,15
2024-07-31,746925,Boston Red Sox,Seattle Mariners,3,2,678394,Brayan Bello,669923,George Kirby,1,3
2024-07-31,746678,Cincinnati Reds,Chicago Cubs,4,13,666157,Nick Lodolo,543294,Kyle Hendricks,1,2602
2024-07-31,746363,Houston Astros,Pittsburgh Pirates,5,4,664285,Framber Valdez,663765,Jake Woodford,1,2392
2024-07-31,745386,San Diego Padres,Los Angeles Dodgers,8,1,656302,Dylan Cease,477132,Clayton Kershaw,1,2680
2024-07-31,746198,Los Angeles Angels,Colorado Rockies,1,2,669721,Davis Daniel,607536,Kyle Freeland,1,1
2024-07-31,745306,San Francisco Giants,Oakland Athletics,1,0,657277,Logan Webb,548389,Ross Stripling,1,2395
2024-08-01,746607,Cleveland Guardians,Baltimore Orioles,10,3,594902,Ben Lively,669432,Trevor Rogers,1,5
2024-08-01,746442,Detroit Tigers,Kansas City Royals,1,7,672456,Keider Montero,607625,Seth Lugo,1,2394
2024-08-01,747092,Atlanta Braves,Miami Marlins,4,2,450203,Charlie Morton,676974,Max Meyer,1,4705
2024-08-01,746849,Chicago Cubs,St. Louis Cardinals,5,4,684007,Shota Imanaga,543243,Sonny Gray,1,17
2024-08-01,746196,Los Angeles Angels,Colorado Rockies,4,5,608334,Carson Fulmer,663372,Ryan Feltner,1,1
2024-08-02,746845,Chicago Cubs,St. Louis Cardinals,6,3,665871,Javier Assad,607200,Erick Fedde,1,17
2024-08-02,746443,Detroit Tigers,Kansas City Royals,2,9,669373,Tarik Skubal,666142,Cole Ragans,1,2394
2024-08-02,745471,Pittsburgh Pirates,Arizona Diamondbacks,8,9,682847,Luis Ortiz,694297,Brandon Pfaadt,1,31
2024-08-02,744825,Washington Nationals,Milwaukee Brewers,3,8,663623,Jake Irvin,593423,Frankie Montas,1,3309
2024-08-02,745719,New York Yankees,Toronto Blue Jays,5,8,573186,Marcus Stroman,592332,Kevin Gausman,1,3313
2024-08-02,746605,Cleveland Guardians,Baltimore Orioles,8,4,471911,Carlos Carrasco,665152,Dean Kremer,1,5
2024-08-02,746679,Cincinnati Reds,San Francisco Giants,0,3,671096,Andrew Abbott,605483,Blake Snell,1,2602
2024-08-02,747089,Atlanta Braves,Miami Marlins,5,3,680885,Spencer Schwellenbach,678368,Valente Bellozo,1,4705
2024-08-02,744986,Texas Rangers,Boston Red Sox,6,11,570632,José Ureña,676710,Kutter Crawford,1,5325
2024-08-02,746354,Houston Astros,Tampa Bay Rays,3,2,579328,Yusei Kikuchi,669358,Shane Baz,1,2392
2024-08-02,745875,Minnesota Twins,Chicago White Sox,10,2,657746,Joe Ryan,663436,Davis Martin,1,3312
2024-08-02,746193,Los Angeles Angels,New York Mets,1,5,542881,Tyler Anderson,621112,Paul Blackburn,1,1
2024-08-02,745631,Oakland Athletics,Los Angeles Dodgers,6,5,683155,Joey Estes,694813,Gavin Stone,1,10
2024-08-02,745387,San Diego Padres,Colorado Rockies,2,5,681190,Randy Vásquez,596295,Austin Gomber,1,2680
2024-08-02,745224,Seattle Mariners,Philadelphia Phillies,10,2,693433,Bryan Woo,663969,Tyler Phillips,1,680
2024-08-03,745714,New York Yankees,Toronto Blue Jays,8,3,607074,Carlos Rodón,621244,José Berríos,1,3313
2024-08-03,746846,Chicago Cubs,St. Louis Cardinals,4,5,592791,Jameson Taillon,502043,Kyle Gibson,1,17
2024-08-03,744823,Washington Nationals,Milwaukee Brewers,6,4,687792,DJ Herz,650644,Aaron Civale,1,3309
2024-08-03,746440,Detroit Tigers,Kansas City Royals,6,5,663947,Tyler Holton,547179,Michael Lorenzen,1,2394
2024-08-03,745474,Pittsburgh Pirates,Arizona Diamondbacks,4,2,656605,Mitch Keller,656756,Jordan Montgomery,1,31
2024-08-03,744987,Texas Rangers,Boston Red Sox,7,4,674003,Cody Bradford,656557,Tanner Houck,1,5325
2024-08-03,745876,Minnesota Twins,Chicago White Sox,6,2,641927,Bailey Ober,676979,Garrett Crochet,1,3312
2024-08-03,746608,Cleveland Guardians,Baltimore Orioles,4,7,676282,Joey Cantillo,621107,Zach Eflin,1,5
2024-08-03,746681,Cincinnati Reds,San Francisco Giants,6,4,668881,Hunter Greene,690986,Kyle Harrison,1,2602
2024-08-03,746358,Houston Astros,Tampa Bay Rays,1,6,669854,Ronel Blanco,641793,Zack Littell,1,2392
2024-08-03,747087,Atlanta Braves,Miami Marlins,3,4,656550,Grant Holmes,667725,Kyle Tyler,1,4705
2024-08-03,745388,San Diego Padres,Colorado Rockies,3,2,527048,Martín Pérez,685299,Tanner Gordon,1,2680
2024-08-03,745636,Oakland Athletics,Los Angeles Dodgers,0,10,687765,Mitch Spence,656427,Jack Flaherty,1,10
2024-08-03,746194,Los Angeles Angels,New York Mets,5,4,667755,José Soriano,656849,David Peterson,1,1
2024-08-03,745225,Seattle Mariners,Philadelphia Phillies,6,5,682243,Bryce Miller,689147,Orion Kerkering,1,680
2024-08-04,746680,Cincinnati Reds,San Francisco Giants,2,8,686730,Carson Spiers,592662,Robbie Ray,1,2602
2024-08-04,745468,Pittsburgh Pirates,Arizona Diamondbacks,5,6,694973,Paul Skenes,669194,Ryne Nelson,1,31
2024-08-04,747088,Atlanta Braves,Miami Marlins,0,7,608331,Max Fried,665795,Edward Cabrera,1,4705
2024-08-04,745718,New York Yankees,Toronto Blue Jays,4,3,543037,Gerrit Cole,684320,Yariel Rodríguez,1,3313
2024-08-04,744826,Washington Nationals,Milwaukee Brewers,4,3,680730,Mitchell Parker,668964,Tobias Myers,1,3309
2024-08-04,746606,Cleveland Guardians,Baltimore Orioles,5,9,668909,Gavin Williams,669203,Corbin Burnes,1,5
2024-08-04,746439,Detroit Tigers,Kansas City Royals,2,3,656412,Alex Faedo,608379,Michael Wacha,1,2394
2024-08-04,746356,Houston Astros,Tampa Bay Rays,0,1,681293,Spencer Arrighetti,685801,Hunter Bigge,1,2392
2024-08-04,745879,Minnesota Twins,Chicago White Sox,13,7,680573,Simeon Woods Richardson,623167,Chris Flexen,1,3312
2024-08-04,744979,Texas Rangers,Boston Red Sox,2,7,543135,Nathan Eovaldi,601713,Nick Pivetta,1,5325
2024-08-04,746191,Los Angeles Angels,New York Mets,3,2,656288,Griffin Canning,500779,Jose Quintana,1,1
2024-08-04,745627,Oakland Athletics,Los Angeles Dodgers,2,3,674370,Osvaldo Bido,689981,River Ryan,1,10
2024-08-04,745384,San Diego Padres,Colorado Rockies,10,2,663362,Matt Waldron,615698,Cal Quantrill,1,2680
2024-08-04,745222,Seattle Mariners,Philadelphia Phillies,0,6,669302,Logan Gilbert,554430,Zack Wheeler,1,680
2024-08-04,746844,Chicago Cubs,St. Louis Cardinals,6,2,657006,Justin Steele,571945,Miles Mikolas,1,17
2024-08-05,745184,St. Louis Cardinals,New York Mets,0,6,669467,Andre Pallante,640455,Sean Manaea,1,2889
2024-08-05,746600,Cleveland Guardians,Arizona Diamondbacks,6,7,671106,Logan Allen,668678,Zac Gallen,1,5
2024-08-05,746038,Miami Marlins,Cincinnati Reds,3,10,682610,Roddery Muñoz,607259,Nick Martinez,1,4169
2024-08-05,744821,Washington Nationals,San Francisco Giants,1,4,571578,Patrick Corbin,657277,Logan Webb,1,3309
2024-08-05,744982,Texas Rangers,Houston Astros,4,3,571760,Andrew Heaney,686613,Hunter Brown,1,5325
2024-08-05,746847,Chicago Cubs,Minnesota Twins,0,3,543294,Kyle Hendricks,701581,David Festa,1,17
2024-08-05,746276,Kansas City Royals,Boston Red Sox,5,9,663903,Brady Singer,572020,James Paxton,1,7
2024-08-05,745628,Oakland Athletics,Chicago White Sox,5,1,676664,JP Sears,681066,Ky Bush,1,10
2024-08-05,746116,Los Angeles Dodgers,Philadelphia Phillies,5,3,607192,Tyler Glasnow,605400,Aaron Nola,1,22
2024-08-06,745467,Pittsburgh Pirates,San Diego Padres,0,6,663559,Bailey Falter,656302,Dylan Cease,1,31
2024-08-06,746033,Miami Marlins,Cincinnati Reds,2,8,676974,Max Meyer,666157,Nick Lodolo,1,4169
2024-08-06,744817,Washington Nationals,San Francisco Giants,11,5,669022,MacKenzie Gore,806185,Hayden Birdsong,1,3309
2024-08-06,744901,Toronto Blue Jays,Baltimore Orioles,5,2,605135,Chris Bassitt,544150,Albert Suárez,1,14
2024-08-06,747086,Atlanta Braves,Milwaukee Brewers,0,10,693821,Bryce Elder,607067,Colin Rea,1,4705
2024-08-06,745141,St. Louis Cardinals,Tampa Bay Rays,4,3,543243,Sonny Gray,605488,Jeffrey Springs,1,2889
2024-08-06,744983,Texas Rangers,Houston Astros,2,4,641816,Tyler Mahle,664285,Framber Valdez,1,5325
2024-08-06,746840,Chicago Cubs,Minnesota Twins,7,3,684007,Shota Imanaga,641154,Pablo López,1,17
2024-08-06,746273,Kansas City Royals,Boston Red Sox,5,6,607625,Seth Lugo,678394,Brayan Bello,1,7
2024-08-06,746519,Colorado Rockies,New York Mets,6,3,607536,Kyle Freeland,622663,Luis Severino,1,19
2024-08-06,745221,Seattle Mariners,Detroit Tigers,2,4,622491,Luis Castillo,672456,Keider Montero,1,680
2024-08-06,745629,Oakland Athletics,Chicago White Sox,1,5,548389,Ross Stripling,686563,Jonathan Cannon,1,10
2024-08-06,746120,Los Angeles Dodgers,Philadelphia Phillies,2,6,477132,Clayton Kershaw,650911,Cristopher Sánchez,1,22
2024-08-07,746604,Cleveland Guardians,Arizona Diamondbacks,3,7,594902,Ben Lively,694297,Brandon Pfaadt,1,5
2024-08-07,746602,Cleveland Guardians,Arizona Diamondbacks,3,5,471911,Carlos Carrasco,593958,Eduardo Rodriguez,2,5
2024-08-07,746842,Chicago Cubs,Minnesota Twins,8,2,665871,Javier Assad,657746,Joe Ryan,1,17
2024-08-07,744981,Texas Rangers,Houston Astros,4,6,570632,José Ureña,579328,Yusei Kikuchi,1,5325
2024-08-07,745630,Oakland Athletics,Chicago White Sox,3,2,683155,Joey Estes,663436,Davis Martin,1,10
2024-08-07,745709,New York Yankees,Los Angeles Angels,5,2,661563,Luis Gil,669721,Davis Daniel,1,3313
2024-08-07,745713,New York Yankees,Los Angeles Angels,2,8,701542,Will Warren,608334,Carson Fulmer,2,3313
2024-08-07,745469,Pittsburgh Pirates,San Diego Padres,8,9,594835,Marco Gonzales,650633,Michael King,1,31
2024-08-07,746031,Miami Marlins,Cincinnati Reds,6,4,678368,Valente Bellozo,671096,Andrew Abbott,1,4169
2024-08-07,744822,Washington Nationals,San Francisco Giants,4,7,663623,Jake Irvin,605483,Blake Snell,1,3309
2024-08-07,744903,Toronto Blue Jays,Baltimore Orioles,3,7,670102,Bowden Francis,669432,Trevor Rogers,1,14
2024-08-07,747085,Atlanta Braves,Milwaukee Brewers,5,8,519242,Chris Sale,642547,Freddy Peralta,1,4705
2024-08-07,745142,St. Louis Cardinals,Tampa Bay Rays,5,2,607200,Erick Fedde,671737,Taj Bradley,1,2889
2024-08-07,746272,Kansas City Royals,Boston Red Sox,8,4,666142,Cole Ragans,676710,Kutter Crawford,1,7
2024-08-07,746521,Colorado Rockies,New York Mets,3,5,663372,Ryan Feltner,621112,Paul Blackburn,1,19
2024-08-07,745223,Seattle Mariners,Detroit Tigers,2,6,669923,George Kirby,669373,Tarik Skubal,1,680
2024-08-07,746115,Los Angeles Dodgers,Philadelphia Phillies,4,9,694813,Gavin Stone,663969,Tyler Phillips,1,22
2024-08-08,744819,Washington Nationals,San Francisco Giants,5,9,687792,DJ Herz,690986,Kyle Harrison,1,3309
2024-08-08,747081,Atlanta Braves,Milwaukee Brewers,7,16,450203,Charlie Morton,593423,Frankie Montas,1,4705
2024-08-08,745466,Pittsburgh Pirates,San Diego Padres,6,7,682847,Luis Ortiz,681190,Randy Vásquez,1,31
2024-08-08,746522,Colorado Rockies,New York Mets,1,9,596295,Austin Gomber,656849,David Peterson,1,19
2024-08-08,746030,Miami Marlins,Cincinnati Reds,4,10,667725,Kyle Tyler,668881,Hunter Greene,1,4169
2024-08-08,745710,New York Yankees,Los Angeles Angels,4,9,641482,Nestor Cortes,542881,Tyler Anderson,1,3313
2024-08-08,744899,Toronto Blue Jays,Baltimore Orioles,7,6,592332,Kevin Gausman,665152,Dean Kremer,1,14
2024-08-08,745143,St. Louis Cardinals,Tampa Bay Rays,4,6,502043,Kyle Gibson,669358,Shane Baz,1,2889
2024-08-08,745226,Seattle Mariners,Detroit Tigers,4,3,693433,Bryan Woo,669724,Brenan Hanifee,1,680
2024-08-08,747169,Arizona Diamondbacks,Philadelphia Phillies,4,6,656756,Jordan Montgomery,663465,Kolby Allard,1,15
2024-08-09,745927,Minnesota Twins,Cleveland Guardians,4,2,641927,Bailey Ober,676282,Joey Cantillo,1,3312
2024-08-09,745871,Minnesota Twins,Cleveland Guardians,6,3,686973,Louis Varland,502171,Alex Cobb,2,3312
2024-08-09,744818,Washington Nationals,Los Angeles Angels,3,2,680730,Mitchell Parker,667755,José Soriano,1,3309
2024-08-09,745062,Tampa Bay Rays,Baltimore Orioles,1,4,641793,Zack Littell,621107,Zach Eflin,1,12
2024-08-09,744900,Toronto Blue Jays,Oakland Athletics,3,1,621244,José Berríos,687765,Mitch Spence,1,14
2024-08-09,746927,Boston Red Sox,Houston Astros,4,8,656557,Tanner Houck,669854,Ronel Blanco,1,3
2024-08-09,746032,Miami Marlins,San Diego Padres,2,6,665795,Edward Cabrera,527048,Martín Pérez,1,4169
2024-08-09,746275,Kansas City Royals,St. Louis Cardinals,5,8,547179,Michael Lorenzen,571945,Miles Mikolas,1,7
2024-08-09,746760,Chicago White Sox,Chicago Cubs,6,7,676979,Garrett Crochet,592791,Jameson Taillon,1,4
2024-08-09,745957,Milwaukee Brewers,Cincinnati Reds,8,3,650644,Aaron Civale,686730,Carson Spiers,1,32
2024-08-09,746523,Colorado Rockies,Atlanta Braves,6,5,685299,Tanner Gordon,656550,Grant Holmes,1,19
2024-08-09,747168,Arizona Diamondbacks,Philadelphia Phillies,3,2,669194,Ryne Nelson,554430,Zack Wheeler,1,15
2024-08-09,746113,Los Angeles Dodgers,Pittsburgh Pirates,9,5,656427,Jack Flaherty,656605,Mitch Keller,1,22
2024-08-09,745220,Seattle Mariners,New York Mets,6,0,682243,Bryce Miller,500779,Jose Quintana,1,680
2024-08-09,745308,San Francisco Giants,Detroit Tigers,3,2,592662,Robbie Ray,689225,Beau Brieske,1,2395
2024-08-10,745712,New York Yankees,Texas Rangers,8,0,607074,Carlos Rodón,543135,Nathan Eovaldi,1,3313
2024-08-10,745708,New York Yankees,Texas Rangers,4,9,543037,Gerrit Cole,674003,Cody Bradford,2,3313
2024-08-10,744897,Toronto Blue Jays,Oakland Athletics,0,1,684320,Yariel Rodríguez,674370,Osvaldo Bido,1,14
2024-08-10,745304,San Francisco Giants,Detroit Tigers,3,1,657277,Logan Webb,656412,Alex Faedo,1,2395
2024-08-10,746922,Boston Red Sox,Houston Astros,4,5,670174,Josh Winckowski,681293,Spencer Arrighetti,1,3
2024-08-10,746026,Miami Marlins,San Diego Padres,8,9,682610,Roddery Muñoz,663362,Matt Waldron,1,4169
2024-08-10,744820,Washington Nationals,Los Angeles Angels,5,4,571578,Patrick Corbin,656288,Griffin Canning,1,3309
2024-08-10,746269,Kansas City Royals,St. Louis Cardinals,8,3,608379,Michael Wacha,669467,Andre Pallante,1,7
2024-08-10,745873,Minnesota Twins,Cleveland Guardians,1,2,680573,Simeon Woods Richardson,668909,Gavin Williams,1,3312
2024-08-10,745955,Milwaukee Brewers,Cincinnati Reds,1,0,668964,Tobias Myers,607259,Nick Martinez,1,32
2024-08-10,745056,Tampa Bay Rays,Baltimore Orioles,5,7,656876,Drew Rasmussen,669203,Corbin Burnes,1,12
2024-08-10,746761,Chicago White Sox,Chicago Cubs,1,3,623167,Chris Flexen,657006,Justin Steele,1,4
2024-08-10,747164,Arizona Diamondbacks,Philadelphia Phillies,11,1,668678,Zac Gallen,605400,Aaron Nola,1,15
2024-08-10,746520,Colorado Rockies,Atlanta Braves,8,11,641712,Dakota Hudson,608331,Max Fried,1,19
2024-08-10,746112,Los Angeles Dodgers,Pittsburgh Pirates,4,1,689981,River Ryan,694973,Paul Skenes,1,22
2024-08-10,745219,Seattle Mariners,New York Mets,4,0,669302,Logan Gilbert,640455,Sean Manaea,1,680
2024-08-11,744816,Washington Nationals,Los Angeles Angels,4,6,669022,MacKenzie Gore,686799,Jack Kochanowicz,1,3309
2024-08-11,746923,Boston Red Sox,Houston Astros,2,10,572020,James Paxton,686613,Hunter Brown,1,3
2024-08-11,745711,New York Yankees,Texas Rangers,8,7,573186,Marcus Stroman,571760,Andrew Heaney,1,3313
2024-08-11,744895,Toronto Blue Jays,Oakland Athletics,4,8,605135,Chris Bassitt,676664,JP Sears,1,14
2024-08-11,745057,Tampa Bay Rays,Baltimore Orioles,2,1,605488,Jeffrey Springs,544150,Albert Suárez,1,12
2024-08-11,746025,Miami Marlins,San Diego Padres,7,6,676974,Max Meyer,656302,Dylan Cease,1,4169
2024-08-11,745872,Minnesota Twins,Cleveland Guardians,3,5,701581,David Festa,676440,Tanner Bibee,1,3312
2024-08-11,745956,Milwaukee Brewers,Cincinnati Reds,3,4,669084,DL Hall,666157,Nick Lodolo,1,32
2024-08-11,746517,Colorado Rockies,Atlanta Braves,9,8,607536,Kyle Freeland,680885,Spencer Schwellenbach,1,19
2024-08-11,745303,San Francisco Giants,Detroit Tigers,4,5,806185,Hayden Birdsong,672456,Keider Montero,1,2395
2024-08-11,746114,Los Angeles Dodgers,Pittsburgh Pirates,6,5,607192,Tyler Glasnow,663559,Bailey Falter,1,22
2024-08-11,747166,Arizona Diamondbacks,Philadelphia Phillies,12,5,518876,Merrill Kelly,650911,Cristopher Sánchez,1,15
2024-08-11,745216,Seattle Mariners,New York Mets,12,1,622491,Luis Castillo,622663,Luis Severino,1,680
2024-08-12,746603,Cleveland Guardians,Chicago Cubs,9,8,594902,Ben Lively,684007,Shota Imanaga,1,5
2024-08-12,746682,Cincinnati Reds,St. Louis Cardinals,6,1,671096,Andrew Abbott,543243,Sonny Gray,1,2602
2024-08-12,745058,Tampa Bay Rays,Houston Astros,1,6,671737,Taj Bradley,664285,Framber Valdez,1,12
2024-08-12,746921,Boston Red Sox,Texas Rangers,5,4,678394,Brayan Bello,641816,Tyler Mahle,1,3
2024-08-12,745874,Minnesota Twins,Kansas City Royals,8,3,641154,Pablo López,663903,Brady Singer,1,3312
2024-08-12,746762,Chicago White Sox,New York Yankees,12,2,681066,Ky Bush,661563,Luis Gil,1,4
2024-08-12,745953,Milwaukee Brewers,Los Angeles Dodgers,2,5,642547,Freddy Peralta,477132,Clayton Kershaw,1,32
2024-08-12,746192,Los Angeles Angels,Toronto Blue Jays,2,4,669721,Davis Daniel,670102,Bowden Francis,1,1
2024-08-12,747165,Arizona Diamondbacks,Colorado Rockies,5,4,694297,Brandon Pfaadt,687134,Bradley Blalock,1,15
2024-08-12,745383,San Diego Padres,Pittsburgh Pirates,2,1,605397,Joe Musgrove,663765,Jake Woodford,1,2680
2024-08-12,745300,San Francisco Giants,Atlanta Braves,0,1,605483,Blake Snell,519242,Chris Sale,1,2395
2024-08-13,747004,Baltimore Orioles,Washington Nationals,3,9,669432,Trevor Rogers,663623,Jake Irvin,1,2
2024-08-13,746601,Cleveland Guardians,Chicago Cubs,2,1,571510,Matthew Boyd,665871,Javier Assad,1,5
2024-08-13,746435,Detroit Tigers,Seattle Mariners,15,1,669373,Tarik Skubal,669923,George Kirby,1,2394
2024-08-13,746673,Cincinnati Reds,St. Louis Cardinals,4,1,668881,Hunter Greene,607200,Erick Fedde,1,2602
2024-08-13,745548,Philadelphia Phillies,Miami Marlins,0,5,592836,Taijuan Walker,678368,Valente Bellozo,1,2681
2024-08-13,745055,Tampa Bay Rays,Houston Astros,2,3,669358,Shane Baz,579328,Yusei Kikuchi,1,12
2024-08-13,745788,New York Mets,Oakland Athletics,4,9,621112,Paul Blackburn,671212,Joe Boyle,1,3289
2024-08-13,746924,Boston Red Sox,Texas Rangers,9,4,676710,Kutter Crawford,570632,José Ureña,1,3
2024-08-13,745867,Minnesota Twins,Kansas City Royals,13,3,805673,Zebby Matthews,607625,Seth Lugo,1,3312
2024-08-13,746757,Chicago White Sox,New York Yankees,1,4,686563,Jonathan Cannon,641482,Nestor Cortes,1,4
2024-08-13,745954,Milwaukee Brewers,Los Angeles Dodgers,2,7,607067,Colin Rea,694813,Gavin Stone,1,32
2024-08-13,746187,Los Angeles Angels,Toronto Blue Jays,1,6,608334,Carson Fulmer,592332,Kevin Gausman,1,1
2024-08-13,747160,Arizona Diamondbacks,Colorado Rockies,4,3,593958,Eduardo Rodriguez,596295,Austin Gomber,1,15
2024-08-13,745382,San Diego Padres,Pittsburgh Pirates,3,0,650633,Michael King,682847,Luis Ortiz,1,2680
2024-08-13,745302,San Francisco Giants,Atlanta Braves,3,4,690986,Kyle Harrison,450203,Charlie Morton,1,2395
2024-08-14,745869,Minnesota Twins,Kansas City Royals,1,4,686973,Louis Varland,666142,Cole Ragans,1,3312
2024-08-14,747163,Arizona Diamondbacks,Colorado Rockies,11,4,656756,Jordan Montgomery,685299,Tanner Gordon,1,15
2024-08-14,745381,San Diego Padres,Pittsburgh Pirates,8,2,527048,Martín Pérez,656605,Mitch Keller,1,2680
2024-08-14,746919,Boston Red Sox,Texas Rangers,7,9,656557,Tanner Houck,641540,Dane Dunning,1,3
2024-08-14,747000,Baltimore Orioles,Washington Nationals,4,1,665152,Dean Kremer,687792,DJ Herz,1,2
2024-08-14,746598,Cleveland Guardians,Chicago Cubs,6,1,502171,Alex Cobb,592791,Jameson Taillon,1,5
2024-08-14,746436,Detroit Tigers,Seattle Mariners,3,2,689225,Beau Brieske,693433,Bryan Woo,1,2394
2024-08-14,746677,Cincinnati Reds,St. Louis Cardinals,9,2,641941,Emilio Pagán,502043,Kyle Gibson,1,2602
2024-08-14,745544,Philadelphia Phillies,Miami Marlins,9,5,663969,Tyler Phillips,665795,Edward Cabrera,1,2681
2024-08-14,745053,Tampa Bay Rays,Houston Astros,1,2,641793,Zack Littell,669854,Ronel Blanco,1,12
2024-08-14,745790,New York Mets,Oakland Athletics,9,1,656849,David Peterson,683155,Joey Estes,1,3289
2024-08-14,746759,Chicago White Sox,New York Yankees,2,10,663436,Davis Martin,701542,Will Warren,1,4
2024-08-14,745951,Milwaukee Brewers,Los Angeles Dodgers,5,4,593423,Frankie Montas,621111,Walker Buehler,1,32
2024-08-14,746188,Los Angeles Angels,Toronto Blue Jays,2,9,542881,Tyler Anderson,621244,José Berríos,1,1
2024-08-14,745301,San Francisco Giants,Atlanta Braves,2,13,592662,Robbie Ray,656550,Grant Holmes,1,2395
2024-08-15,745783,New York Mets,Oakland Athletics,6,7,500779,Jose Quintana,687765,Mitch Spence,1,3289
2024-08-15,746437,Detroit Tigers,Seattle Mariners,2,1,656412,Alex Faedo,682243,Bryce Miller,1,2394
2024-08-15,745950,Milwaukee Brewers,Los Angeles Dodgers,6,4,668964,Tobias Myers,656427,Jack Flaherty,1,32
2024-08-15,745298,San Francisco Giants,Atlanta Braves,6,0,657277,Logan Webb,608331,Max Fried,1,2395
2024-08-15,747002,Baltimore Orioles,Boston Red Sox,5,1,621107,Zach Eflin,601713,Nick Pivetta,1,2
2024-08-15,745545,Philadelphia Phillies,Washington Nationals,13,3,554430,Zack Wheeler,680730,Mitchell Parker,1,2681
2024-08-15,744980,Texas Rangers,Minnesota Twins,2,3,674003,Cody Bradford,641927,Bailey Ober,1,5325
2024-08-16,746843,Chicago Cubs,Toronto Blue Jays,6,5,543294,Kyle Hendricks,684320,Yariel Rodríguez,1,17
2024-08-16,746674,Cincinnati Reds,Kansas City Royals,1,7,607259,Nick Martinez,547179,Michael Lorenzen,1,2602
2024-08-16,745462,Pittsburgh Pirates,Seattle Mariners,5,3,694973,Paul Skenes,669302,Logan Gilbert,1,31
2024-08-16,745542,Philadelphia Phillies,Washington Nationals,3,2,605400,Aaron Nola,571578,Patrick Corbin,1,2681
2024-08-16,746438,Detroit Tigers,New York Yankees,0,3,689225,Beau Brieske,543037,Gerrit Cole,1,2394
2024-08-16,745054,Tampa Bay Rays,Arizona Diamondbacks,5,4,686752,Ryan Pepiot,669194,Ryne Nelson,1,12
2024-08-16,747001,Baltimore Orioles,Boston Red Sox,10,12,669203,Corbin Burnes,657514,Brennan Bernardino,1,2
2024-08-16,745784,New York Mets,Miami Marlins,7,3,640455,Sean Manaea,682610,Roddery Muñoz,1,3289
2024-08-16,744974,Texas Rangers,Minnesota Twins,3,4,571760,Andrew Heaney,680573,Simeon Woods Richardson,1,5325
2024-08-16,746357,Houston Astros,Chicago White Sox,4,5,681293,Spencer Arrighetti,676979,Garrett Crochet,1,2392
2024-08-16,745949,Milwaukee Brewers,Cleveland Guardians,5,3,650644,Aaron Civale,668909,Gavin Williams,1,32
2024-08-16,745144,St. Louis Cardinals,Los Angeles Dodgers,6,7,571945,Miles Mikolas,680736,Justin Wrobleski,1,2889
2024-08-16,746518,Colorado Rockies,San Diego Padres,7,3,615698,Cal Quantrill,663362,Matt Waldron,1,19
2024-08-16,746189,Los Angeles Angels,Atlanta Braves,3,2,667755,José Soriano,680885,Spencer Schwellenbach,1,1
2024-08-17,745463,Pittsburgh Pirates,Seattle Mariners,7,2,663559,Bailey Falter,622491,Luis Castillo,1,31
2024-08-17,746434,Detroit Tigers,New York Yankees,4,0,672456,Keider Montero,607074,Carlos Rodón,1,2394
2024-08-17,746841,Chicago Cubs,Toronto Blue Jays,3,2,657006,Justin Steele,605135,Chris Bassitt,1,17
2024-08-17,745049,Tampa Bay Rays,Arizona Diamondbacks,6,1,605488,Jeffrey Springs,668678,Zac Gallen,1,12
2024-08-17,745785,New York Mets,Miami Marlins,4,0,622663,Luis Severino,676974,Max Meyer,1,3289
2024-08-17,745537,Philadelphia Phillies,Washington Nationals,5,1,650911,Cristopher Sánchez,669022,MacKenzie Gore,1,2681
2024-08-17,746675,Cincinnati Reds,Kansas City Royals,1,13,666157,Nick Lodolo,608379,Michael Wacha,1,2602
2024-08-17,746997,Baltimore Orioles,Boston Red Sox,1,5,700249,Cade Povich,678394,Brayan Bello,1,2
2024-08-17,744977,Texas Rangers,Minnesota Twins,2,5,543135,Nathan Eovaldi,701581,David Festa,1,5325
2024-08-17,745626,Oakland Athletics,San Francisco Giants,2,0,674370,Osvaldo Bido,806185,Hayden Birdsong,1,10
2024-08-17,746355,Houston Astros,Chicago White Sox,6,1,686613,Hunter Brown,623167,Chris Flexen,1,2392
2024-08-17,745140,St. Louis Cardinals,Los Angeles Dodgers,5,2,669467,Andre Pallante,676272,Bobby Miller,1,2889
2024-08-17,745952,Milwaukee Brewers,Cleveland Guardians,2,1,642547,Freddy Peralta,676440,Tanner Bibee,1,32
2024-08-17,746515,Colorado Rockies,San Diego Padres,3,8,607536,Kyle Freeland,656302,Dylan Cease,1,19
2024-08-17,746190,Los Angeles Angels,Atlanta Braves,3,11,656288,Griffin Canning,519242,Chris Sale,1,1
2024-08-18,745786,New York Mets,Miami Marlins,2,3,621112,Paul Blackburn,678368,Valente Bellozo,1,3289
2024-08-18,746999,Baltimore Orioles,Boston Red Sox,4,2,544150,Albert Suárez,676710,Kutter Crawford,1,2
2024-08-18,745464,Pittsburgh Pirates,Seattle Mariners,3,10,663765,Jake Woodford,669923,George Kirby,1,31
2024-08-18,745539,Philadelphia Phillies,Washington Nationals,4,6,592836,Taijuan Walker,663623,Jake Irvin,1,2681
2024-08-18,746676,Cincinnati Reds,Kansas City Royals,1,8,671096,Andrew Abbott,663903,Brady Singer,1,2602
2024-08-18,745051,Tampa Bay Rays,Arizona Diamondbacks,8,7,656876,Drew Rasmussen,518876,Merrill Kelly,1,12
2024-08-18,746359,Houston Astros,Chicago White Sox,2,0,664285,Framber Valdez,681066,Ky Bush,1,2392
2024-08-18,745948,Milwaukee Brewers,Cleveland Guardians,2,0,607067,Colin Rea,594902,Ben Lively,1,32
2024-08-18,745139,St. Louis Cardinals,Los Angeles Dodgers,1,2,543243,Sonny Gray,477132,Clayton Kershaw,1,2889
2024-08-18,746838,Chicago Cubs,Toronto Blue Jays,0,1,684007,Shota Imanaga,670102,Bowden Francis,1,17
2024-08-18,744975,Texas Rangers,Minnesota Twins,6,5,641816,Tyler Mahle,641154,Pablo López,1,5325
2024-08-18,746516,Colorado Rockies,San Diego Padres,3,2,687134,Bradley Blalock,605397,Joe Musgrove,1,19
2024-08-18,745621,Oakland Athletics,San Francisco Giants,2,4,676664,JP Sears,605483,Blake Snell,1,10
2024-08-18,746186,Los Angeles Angels,Atlanta Braves,1,3,686799,Jack Kochanowicz,450203,Charlie Morton,1,1
2024-08-18,746431,Detroit Tigers,New York Yankees,3,2,669373,Tarik Skubal,573186,Marcus Stroman,1,2735
2024-08-19,746027,Miami Marlins,Arizona Diamondbacks,6,9,670124,Adam Oller,694297,Brandon Pfaadt,1,4169
2024-08-19,744898,Toronto Blue Jays,Cincinnati Reds,3,6,592332,Kevin Gausman,687924,Julian Aguiar,1,14
2024-08-19,745780,New York Mets,Baltimore Orioles,4,3,656849,David Peterson,669432,Trevor Rogers,1,3289
2024-08-19,744976,Texas Rangers,Pittsburgh Pirates,4,3,641540,Dane Dunning,682847,Luis Ortiz,1,5325
2024-08-19,746351,Houston Astros,Boston Red Sox,5,4,579328,Yusei Kikuchi,656557,Tanner Houck,1,2392
2024-08-19,746270,Kansas City Royals,Los Angeles Angels,5,3,607625,Seth Lugo,608334,Carson Fulmer,1,7
2024-08-19,745620,Oakland Athletics,Tampa Bay Rays,3,0,671212,Joe Boyle,671737,Taj Bradley,1,10
2024-08-19,745380,San Diego Padres,Minnesota Twins,5,3,650633,Michael King,805673,Zebby Matthews,1,2680
2024-08-19,745294,San Francisco Giants,Chicago White Sox,5,3,690986,Kyle Harrison,686563,Jonathan Cannon,1,2395
2024-08-19,746109,Los Angeles Dodgers,Seattle Mariners,3,0,694813,Gavin Stone,693433,Bryan Woo,1,22
2024-08-20,746029,Miami Marlins,Arizona Diamondbacks,1,3,665795,Edward Cabrera,593958,Eduardo Rodriguez,1,4169
2024-08-20,744814,Washington Nationals,Colorado Rockies,1,3,687792,DJ Herz,596295,Austin Gomber,1,3309
2024-08-20,745707,New York Yankees,Cleveland Guardians,5,9,661563,Luis Gil,571510,Matthew Boyd,1,3313
2024-08-20,744896,Toronto Blue Jays,Cincinnati Reds,10,3,621244,José Berríos,686730,Carson Spiers,1,14
2024-08-20,745782,New York Mets,Baltimore Orioles,5,9,500779,Jose Quintana,665152,Dean Kremer,1,3289
2024-08-20,747083,Atlanta Braves,Philadelphia Phillies,3,1,625643,Reynaldo López,554430,Zack Wheeler,1,4705
2024-08-20,745136,St. Louis Cardinals,Milwaukee Brewers,2,3,607200,Erick Fedde,593423,Frankie Montas,1,2889
2024-08-20,746839,Chicago Cubs,Detroit Tigers,3,1,665871,Javier Assad,656412,Alex Faedo,1,17
2024-08-20,744978,Texas Rangers,Pittsburgh Pirates,0,4,674003,Cody Bradford,656605,Mitch Keller,1,5325
2024-08-20,746349,Houston Astros,Boston Red Sox,5,6,669854,Ronel Blanco,601713,Nick Pivetta,1,2392
2024-08-20,746266,Kansas City Royals,Los Angeles Angels,5,9,666142,Cole Ragans,542881,Tyler Anderson,1,7
2024-08-20,745624,Oakland Athletics,Tampa Bay Rays,0,1,683155,Joey Estes,669358,Shane Baz,1,10
2024-08-20,745374,San Diego Padres,Minnesota Twins,7,5,527048,Martín Pérez,641927,Bailey Ober,1,2680
2024-08-20,745295,San Francisco Giants,Chicago White Sox,4,1,592662,Robbie Ray,663436,Davis Martin,1,2395
2024-08-20,746107,Los Angeles Dodgers,Seattle Mariners,6,3,621111,Walker Buehler,682243,Bryce Miller,1,22
2024-08-21,745781,New York Mets,Baltimore Orioles,4,3,640455,Sean Manaea,608344,Cole Irvin,1,3289
2024-08-21,746350,Houston Astros,Boston Red Sox,1,4,434378,Justin Verlander,681867,Cooper Criswell,1,2392
2024-08-21,744973,Texas Rangers,Pittsburgh Pirates,1,0,571760,Andrew Heaney,593334,Domingo Germán,1,5325
2024-08-21,745297,San Francisco Giants,Chicago White Sox,2,6,657277,Logan Webb,676979,Garrett Crochet,1,2395
2024-08-21,745375,San Diego Padres,Minnesota Twins,4,11,663362,Matt Waldron,680573,Simeon Woods Richardson,1,2680
2024-08-21,746028,Miami Marlins,Arizona Diamondbacks,8,10,682610,Roddery Muñoz,656756,Jordan Montgomery,1,4169
2024-08-21,744812,Washington Nationals,Colorado Rockies,6,1,680730,Mitchell Parker,685299,Tanner Gordon,1,3309
2024-08-21,745704,New York Yankees,Cleveland Guardians,8,1,641482,Nestor Cortes,676282,Joey Cantillo,1,3313
2024-08-21,744893,Toronto Blue Jays,Cincinnati Reds,7,11,684320,Yariel Rodríguez,607259,Nick Martinez,1,14
2024-08-21,747084,Atlanta Braves,Philadelphia Phillies,2,3,608331,Max Fried,605400,Aaron Nola,1,4705
2024-08-21,745138,St. Louis Cardinals,Milwaukee Brewers,10,6,502043,Kyle Gibson,668964,Tobias Myers,1,2889
2024-08-21,746837,Chicago Cubs,Detroit Tigers,2,8,592791,Jameson Taillon,689225,Beau Brieske,1,17
2024-08-21,746267,Kansas City Royals,Los Angeles Angels,3,0,547179,Michael Lorenzen,456501,Johnny Cueto,1,7
2024-08-21,745622,Oakland Athletics,Tampa Bay Rays,2,4,687765,Mitch Spence,686752,Ryan Pepiot,1,10
2024-08-21,746110,Los Angeles Dodgers,Seattle Mariners,8,4,656427,Jack Flaherty,669302,Logan Gilbert,1,22
2024-08-22,744815,Washington Nationals,Colorado Rockies,8,3,571578,Patrick Corbin,615698,Cal Quantrill,1,3309
2024-08-22,745705,New York Yankees,Cleveland Guardians,6,0,543037,Gerrit Cole,668909,Gavin Williams,1,3313
2024-08-22,745137,St. Louis Cardinals,Milwaukee Brewers,3,0,571945,Miles Mikolas,642547,Freddy Peralta,1,2889
2024-08-22,746836,Chicago Cubs,Detroit Tigers,10,2,657006,Justin Steele,663947,Tyler Holton,1,17
2024-08-22,745623,Oakland Athletics,Tampa Bay Rays,3,1,674370,Osvaldo Bido,605488,Jeffrey Springs,1,10
2024-08-22,745465,Pittsburgh Pirates,Cincinnati Reds,7,0,694973,Paul Skenes,666157,Nick Lodolo,1,31
2024-08-22,744894,Toronto Blue Jays,Los Angeles Angels,5,3,621114,Ryan Burr,656271,Brock Burke,1,14
2024-08-22,746998,Baltimore Orioles,Houston Astros,0,6,669203,Corbin Burnes,681293,Spencer Arrighetti,1,2
2024-08-22,747082,Atlanta Braves,Philadelphia Phillies,3,2,680885,Spencer Schwellenbach,650911,Cristopher Sánchez,1,4705
2024-08-22,745379,San Diego Padres,New York Mets,3,8,656302,Dylan Cease,622663,Luis Severino,1,2680
2024-08-23,745460,Pittsburgh Pirates,Cincinnati Reds,6,5,663559,Bailey Falter,571656,Buck Farmer,1,31
2024-08-23,746995,Baltimore Orioles,Houston Astros,7,5,700249,Cade Povich,686613,Hunter Brown,1,2
2024-08-23,745702,New York Yankees,Colorado Rockies,3,0,607074,Carlos Rodón,607536,Kyle Freeland,1,3313
2024-08-23,744889,Toronto Blue Jays,Los Angeles Angels,5,4,605135,Chris Bassitt,686799,Jack Kochanowicz,1,14
2024-08-23,746920,Boston Red Sox,Arizona Diamondbacks,2,12,678394,Brayan Bello,669194,Ryne Nelson,1,3
2024-08-23,746597,Cleveland Guardians,Texas Rangers,3,5,676440,Tanner Bibee,543135,Nathan Eovaldi,1,5
2024-08-23,746024,Miami Marlins,Chicago Cubs,3,6,676974,Max Meyer,543294,Kyle Hendricks,1,4169
2024-08-23,747080,Atlanta Braves,Washington Nationals,3,2,519242,Chris Sale,669022,MacKenzie Gore,1,4705
2024-08-23,745870,Minnesota Twins,St. Louis Cardinals,1,6,701581,David Festa,669467,Andre Pallante,1,3312
2024-08-23,746268,Kansas City Royals,Philadelphia Phillies,7,4,608379,Michael Wacha,592836,Taijuan Walker,1,7
2024-08-23,746758,Chicago White Sox,Detroit Tigers,2,5,623167,Chris Flexen,672456,Keider Montero,1,4
2024-08-23,745378,San Diego Padres,New York Mets,7,0,605397,Joe Musgrove,621112,Paul Blackburn,1,2680
2024-08-23,745625,Oakland Athletics,Milwaukee Brewers,3,11,676664,JP Sears,650644,Aaron Civale,1,10
2024-08-23,745217,Seattle Mariners,San Francisco Giants,6,5,622491,Luis Castillo,806185,Hayden Birdsong,1,680
2024-08-23,746111,Los Angeles Dodgers,Tampa Bay Rays,7,3,676272,Bobby Miller,641302,Tyler Alexander,1,22
2024-08-24,745703,New York Yankees,Colorado Rockies,2,9,701542,Will Warren,687134,Bradley Blalock,1,3313
2024-08-24,744890,Toronto Blue Jays,Los Angeles Angels,3,1,670102,Bowden Francis,608334,Carson Fulmer,1,14
2024-08-24,746996,Baltimore Orioles,Houston Astros,3,2,544150,Albert Suárez,664285,Framber Valdez,1,2
2024-08-24,745617,Oakland Athletics,Milwaukee Brewers,5,9,671212,Joe Boyle,607067,Colin Rea,1,10
2024-08-24,746917,Boston Red Sox,Arizona Diamondbacks,1,4,676710,Kutter Crawford,668678,Zac Gallen,1,3
2024-08-24,745218,Seattle Mariners,San Francisco Giants,3,4,669923,George Kirby,605483,Blake Snell,1,680
2024-08-24,746022,Miami Marlins,Chicago Cubs,2,14,678368,Valente Bellozo,684007,Shota Imanaga,1,4169
2024-08-24,745457,Pittsburgh Pirates,Cincinnati Reds,2,10,663765,Jake Woodford,687924,Julian Aguiar,1,31
2024-08-24,746599,Cleveland Guardians,Texas Rangers,13,5,594902,Ben Lively,592351,Jon Gray,1,5
2024-08-24,745868,Minnesota Twins,St. Louis Cardinals,6,0,641154,Pablo López,543243,Sonny Gray,1,3312
2024-08-24,746271,Kansas City Royals,Philadelphia Phillies,2,11,663903,Brady Singer,624133,Ranger Suarez,1,7
2024-08-24,746756,Chicago White Sox,Detroit Tigers,4,13,681066,Ky Bush,669373,Tarik Skubal,1,4
2024-08-24,747077,Atlanta Braves,Washington Nationals,4,2,450203,Charlie Morton,663623,Jake Irvin,1,4705
2024-08-24,745377,San Diego Padres,New York Mets,1,7,650633,Michael King,656849,David Peterson,1,2680
2024-08-24,746108,Los Angeles Dodgers,Tampa Bay Rays,8,9,477132,Clayton Kershaw,671737,Taj Bradley,1,22
2024-08-25,747078,Atlanta Braves,Washington Nationals,1,5,625643,Reynaldo López,687792,DJ Herz,1,4705
2024-08-25,746918,Boston Red Sox,Arizona Diamondbacks,5,7,656557,Tanner Houck,518876,Merrill Kelly,1,3
2024-08-25,745459,Pittsburgh Pirates,Cincinnati Reds,4,3,682847,Luis Ortiz,607259,Nick Martinez,1,31
2024-08-25,745706,New York Yankees,Colorado Rockies,10,3,573186,Marcus Stroman,596295,Austin Gomber,1,3313
2024-08-25,744892,Toronto Blue Jays,Los Angeles Angels,8,2,592332,Kevin Gausman,542881,Tyler Anderson,1,14
2024-08-25,746595,Cleveland Guardians,Texas Rangers,4,2,571510,Matthew Boyd,674003,Cody Bradford,1,5
2024-08-25,746023,Miami Marlins,Chicago Cubs,7,2,670124,Adam Oller,665871,Javier Assad,1,4169
2024-08-25,745863,Minnesota Twins,St. Louis Cardinals,2,3,805673,Zebby Matthews,607200,Erick Fedde,1,3312
2024-08-25,746263,Kansas City Royals,Philadelphia Phillies,3,11,607625,Seth Lugo,663465,Kolby Allard,1,7
2024-08-25,746754,Chicago White Sox,Detroit Tigers,4,9,686563,Jonathan Cannon,689225,Beau Brieske,1,4
2024-08-25,745618,Oakland Athletics,Milwaukee Brewers,4,3,683155,Joey Estes,593423,Frankie Montas,1,10
2024-08-25,745376,San Diego Padres,New York Mets,3,2,527048,Martín Pérez,500779,Jose Quintana,1,2680
2024-08-25,745212,Seattle Mariners,San Francisco Giants,4,3,693433,Bryan Woo,592662,Robbie Ray,1,680
2024-08-25,746106,Los Angeles Dodgers,Tampa Bay Rays,3,1,694813,Gavin Stone,682052,Jacob Lopez,1,22
2024-08-25,746994,Baltimore Orioles,Houston Astros,3,6,665152,Dean Kremer,579328,Yusei Kikuchi,1,2
2024-08-26,746628,Cleveland Guardians,Kansas City Royals,3,4,680704,Nick Sandlin,666142,Cole Ragans,1,5
2024-08-26,746596,Cleveland Guardians,Kansas City Royals,4,9,671106,Logan Allen,679525,Alec Marsh,2,5
2024-06-26,746942,Boston Red Sox,Toronto Blue Jays,1,4,601713,Nick Pivetta,621114,Ryan Burr,1,3
2024-08-26,745458,Pittsburgh Pirates,Chicago Cubs,8,18,656605,Mitch Keller,592791,Jameson Taillon,1,31
2024-08-26,745538,Philadelphia Phillies,Houston Astros,3,2,554430,Zack Wheeler,669854,Ronel Blanco,1,2681
2024-08-26,744813,Washington Nationals,New York Yankees,2,5,680730,Mitchell Parker,641482,Nestor Cortes,1,3309
2024-08-26,746915,Boston Red Sox,Toronto Blue Jays,3,7,677161,Zack Kelly,621244,José Berríos,1,3
2024-08-26,745865,Minnesota Twins,Atlanta Braves,6,10,641927,Bailey Ober,608331,Max Fried,1,3312
2024-08-26,745133,St. Louis Cardinals,San Diego Padres,4,7,502043,Kyle Gibson,681190,Randy Vásquez,1,2889
2024-08-26,746753,Chicago White Sox,Detroit Tigers,3,6,663436,Davis Martin,680744,Ty Madden,1,4
2024-08-26,746513,Colorado Rockies,Miami Marlins,3,2,663372,Ryan Feltner,665795,Edward Cabrera,1,19
2024-08-26,745215,Seattle Mariners,Tampa Bay Rays,5,1,682243,Bryce Miller,686752,Ryan Pepiot,1,680
2024-08-27,746429,Detroit Tigers,Los Angeles Angels,6,2,676428,Brant Hurter,456501,Johnny Cueto,1,2394
2024-08-27,746594,Cleveland Guardians,Kansas City Royals,1,6,668909,Gavin Williams,547179,Michael Lorenzen,1,5
2024-08-27,746671,Cincinnati Reds,Oakland Athletics,4,5,596001,Jakob Junis,687765,Mitch Spence,1,2602
2024-08-27,745461,Pittsburgh Pirates,Chicago Cubs,5,9,683003,Jared Jones,657006,Justin Steele,1,31
2024-08-27,745540,Philadelphia Phillies,Houston Astros,5,0,605400,Aaron Nola,434378,Justin Verlander,1,2681
2024-08-27,744811,Washington Nationals,New York Yankees,4,2,571578,Patrick Corbin,543037,Gerrit Cole,1,3309
2024-08-27,746916,Boston Red Sox,Toronto Blue Jays,6,3,681867,Cooper Criswell,684320,Yariel Rodríguez,1,3
2024-08-27,745864,Minnesota Twins,Atlanta Braves,6,8,680573,Simeon Woods Richardson,680885,Spencer Schwellenbach,1,3312
2024-08-27,745132,St. Louis Cardinals,San Diego Padres,5,7,571945,Miles Mikolas,656302,Dylan Cease,1,2889
2024-08-27,746755,Chicago White Sox,Texas Rangers,1,3,623167,Chris Flexen,571760,Andrew Heaney,1,4
2024-08-27,745946,Milwaukee Brewers,San Francisco Giants,4,5,668964,Tobias Myers,657277,Logan Webb,1,32
2024-08-27,746510,Colorado Rockies,Miami Marlins,8,9,615698,Cal Quantrill,682610,Roddery Muñoz,1,19
2024-08-27,747162,Arizona Diamondbacks,New York Mets,3,8,694297,Brandon Pfaadt,640455,Sean Manaea,1,15
2024-08-27,745213,Seattle Mariners,Tampa Bay Rays,2,3,669302,Logan Gilbert,605488,Jeffrey Springs,1,680
2024-08-27,746105,Los Angeles Dodgers,Baltimore Orioles,2,3,656427,Jack Flaherty,608344,Cole Irvin,1,22
2024-08-28,745452,Pittsburgh Pirates,Chicago Cubs,10,14,694973,Paul Skenes,543294,Kyle Hendricks,1,31
2024-08-28,746589,Cleveland Guardians,Kansas City Royals,7,5,676440,Tanner Bibee,608379,Michael Wacha,1,5
2024-08-28,745541,Philadelphia Phillies,Houston Astros,0,10,592836,Taijuan Walker,681293,Spencer Arrighetti,1,2681
2024-08-28,745211,Seattle Mariners,Tampa Bay Rays,6,2,622491,Luis Castillo,656876,Drew Rasmussen,1,680
2024-08-27,746755,Chicago White Sox,Texas Rangers,1,3,623167,Chris Flexen,571760,Andrew Heaney,1,4
2024-08-28,746430,Detroit Tigers,Los Angeles Angels,3,2,669438,Mason Englert,656288,Griffin Canning,1,2394
2024-08-28,746672,Cincinnati Reds,Oakland Athletics,6,9,518585,Fernando Cruz,674370,Osvaldo Bido,1,2602
2024-08-28,744809,Washington Nationals,New York Yankees,5,2,669022,MacKenzie Gore,607074,Carlos Rodón,1,3309
2024-08-28,746913,Boston Red Sox,Toronto Blue Jays,3,0,678394,Brayan Bello,605135,Chris Bassitt,1,3
2024-08-28,745866,Minnesota Twins,Atlanta Braves,1,5,701581,David Festa,519242,Chris Sale,1,3312
2024-08-28,745134,St. Louis Cardinals,San Diego Padres,4,3,669467,Andre Pallante,605397,Joe Musgrove,1,2889
2024-08-28,746752,Chicago White Sox,Texas Rangers,3,4,641582,Matt Foster,683004,Jack Leiter,1,4
2024-08-28,745943,Milwaukee Brewers,San Francisco Giants,5,3,642547,Freddy Peralta,690986,Kyle Harrison,1,32
2024-08-28,746512,Colorado Rockies,Miami Marlins,8,2,607536,Kyle Freeland,676974,Max Meyer,1,19
2024-08-28,747161,Arizona Diamondbacks,New York Mets,8,5,593958,Eduardo Rodriguez,622663,Luis Severino,1,15
2024-08-28,746103,Los Angeles Dodgers,Baltimore Orioles,6,4,621111,Walker Buehler,669203,Corbin Burnes,1,22
2024-08-29,746432,Detroit Tigers,Los Angeles Angels,0,3,672456,Keider Montero,686799,Jack Kochanowicz,1,2394
2024-08-29,746748,Chicago White Sox,Texas Rangers,1,2,680897,Nick Nastrini,543135,Nathan Eovaldi,1,4
2024-08-29,745945,Milwaukee Brewers,San Francisco Giants,6,0,650644,Aaron Civale,806185,Hayden Birdsong,1,32
2024-08-29,745135,St. Louis Cardinals,San Diego Padres,4,1,543243,Sonny Gray,650633,Michael King,1,2889
2024-08-29,746514,Colorado Rockies,Miami Marlins,8,12,687134,Bradley Blalock,678368,Valente Bellozo,1,19
2024-08-29,747159,Arizona Diamondbacks,New York Mets,2,3,669194,Ryne Nelson,656849,David Peterson,1,15
2024-08-29,746670,Cincinnati Reds,Oakland Athletics,10,9,687924,Julian Aguiar,669372,J.T. Ginn,1,2602
2024-08-29,745531,Philadelphia Phillies,Atlanta Braves,5,4,650911,Cristopher Sánchez,450203,Charlie Morton,1,2681
2024-08-29,746914,Boston Red Sox,Toronto Blue Jays,0,2,676710,Kutter Crawford,670102,Bowden Francis,1,3
2024-08-29,746352,Houston Astros,Kansas City Royals,6,3,686613,Hunter Brown,663903,Brady Singer,1,2392
2024-08-29,746102,Los Angeles Dodgers,Baltimore Orioles,6,3,676272,Bobby Miller,700249,Cade Povich,1,22
2024-08-30,746730,Cincinnati Reds,Milwaukee Brewers,4,5,607259,Nick Martinez,607067,Colin Rea,1,2602
2024-08-30,746665,Cincinnati Reds,Milwaukee Brewers,0,14,695076,Rhett Lowder,669084,DL Hall,2,2602
2024-08-30,746433,Detroit Tigers,Boston Red Sox,5,7,663554,Casey Mize,656557,Tanner Houck,1,2394
2024-08-30,745533,Philadelphia Phillies,Atlanta Braves,2,7,624133,Ranger Suarez,625643,Reynaldo López,1,2681
2024-08-30,744810,Washington Nationals,Chicago Cubs,6,7,663623,Jake Irvin,684007,Shota Imanaga,1,3309
2024-08-30,745052,Tampa Bay Rays,San Diego Padres,5,13,671737,Taj Bradley,527048,Martín Pérez,1,12
2024-08-30,745700,New York Yankees,St. Louis Cardinals,6,3,573186,Marcus Stroman,607200,Erick Fedde,1,3313
2024-08-30,746593,Cleveland Guardians,Pittsburgh Pirates,10,8,594902,Ben Lively,663559,Bailey Falter,1,5
2024-08-30,744969,Texas Rangers,Oakland Athletics,2,9,592351,Jon Gray,676664,JP Sears,1,5325
2024-08-30,746353,Houston Astros,Kansas City Royals,3,2,664285,Framber Valdez,607625,Seth Lugo,1,2392
2024-08-30,745862,Minnesota Twins,Toronto Blue Jays,2,0,641154,Pablo López,592332,Kevin Gausman,1,3312
2024-08-30,746749,Chicago White Sox,New York Mets,1,5,686563,Jonathan Cannon,656731,Tylor Megill,1,4
2024-08-30,746511,Colorado Rockies,Baltimore Orioles,3,5,596295,Austin Gomber,544150,Albert Suárez,1,19
2024-08-30,746184,Los Angeles Angels,Seattle Mariners,5,9,691951,Sam Aldegheri,669923,George Kirby,1,1
2024-08-30,747156,Arizona Diamondbacks,Los Angeles Dodgers,9,10,668678,Zac Gallen,477132,Clayton Kershaw,1,15
2024-08-30,745299,San Francisco Giants,Miami Marlins,3,1,605483,Blake Snell,670124,Adam Oller,1,2395
2024-08-31,745699,New York Yankees,St. Louis Cardinals,5,6,701542,Will Warren,502043,Kyle Gibson,1,3313
2024-08-31,744808,Washington Nationals,Chicago Cubs,3,5,687792,DJ Herz,665871,Javier Assad,1,3309
2024-08-31,745050,Tampa Bay Rays,San Diego Padres,11,4,669358,Shane Baz,681190,Randy Vásquez,1,12
2024-08-31,746424,Detroit Tigers,Boston Red Sox,2,1,669373,Tarik Skubal,601713,Nick Pivetta,1,2394
2024-08-31,746590,Cleveland Guardians,Pittsburgh Pirates,0,3,571510,Matthew Boyd,682847,Luis Ortiz,1,5
2024-08-31,744971,Texas Rangers,Oakland Athletics,3,2,674003,Cody Bradford,683155,Joey Estes,1,5325
2024-08-31,746348,Houston Astros,Kansas City Royals,5,2,579328,Yusei Kikuchi,666142,Cole Ragans,1,2392
2024-08-31,745859,Minnesota Twins,Toronto Blue Jays,0,15,805673,Zebby Matthews,621244,José Berríos,1,3312
2024-08-31,746751,Chicago White Sox,New York Mets,3,5,663436,Davis Martin,500779,Jose Quintana,1,4
2024-08-31,745532,Philadelphia Phillies,Atlanta Braves,3,0,554430,Zack Wheeler,608331,Max Fried,1,2681
2024-08-31,746667,Cincinnati Reds,Milwaukee Brewers,4,5,518585,Fernando Cruz,593423,Frankie Montas,1,2602
2024-08-31,746507,Colorado Rockies,Baltimore Orioles,7,5,663372,Ryan Feltner,665152,Dean Kremer,1,19
2024-08-31,747158,Arizona Diamondbacks,Los Angeles Dodgers,6,8,518876,Merrill Kelly,694813,Gavin Stone,1,15
2024-08-31,745296,San Francisco Giants,Miami Marlins,3,4,696131,Mason Black,665795,Edward Cabrera,1,2395
2024-08-31,746182,Los Angeles Angels,Seattle Mariners,5,4,542881,Tyler Anderson,693433,Bryan Woo,1,1
2024-09-01,746669,Cincinnati Reds,Milwaukee Brewers,4,3,682227,Brandon Williamson,668964,Tobias Myers,1,2602
2024-09-01,744806,Washington Nationals,Chicago Cubs,1,14,680730,Mitchell Parker,696136,Jordan Wicks,1,3309
2024-09-01,745701,New York Yankees,St. Louis Cardinals,7,14,641482,Nestor Cortes,571945,Miles Mikolas,1,3313
2024-09-01,746426,Detroit Tigers,Boston Red Sox,4,1,689225,Beau Brieske,681867,Cooper Criswell,1,2394
2024-09-01,746592,Cleveland Guardians,Pittsburgh Pirates,6,1,502171,Alex Cobb,656605,Mitch Keller,1,5
2024-09-01,745048,Tampa Bay Rays,San Diego Padres,3,4,686752,Ryan Pepiot,656302,Dylan Cease,1,12
2024-09-01,746347,Houston Astros,Kansas City Royals,7,2,669854,Ronel Blanco,679525,Alec Marsh,1,2392
2024-09-01,745861,Minnesota Twins,Toronto Blue Jays,4,3,641927,Bailey Ober,684320,Yariel Rodríguez,1,3312
2024-09-01,746750,Chicago White Sox,New York Mets,0,2,676979,Garrett Crochet,640455,Sean Manaea,1,4
2024-09-01,744970,Texas Rangers,Oakland Athletics,6,4,679156,Walter Pennington,687765,Mitch Spence,1,5325
2024-09-01,746505,Colorado Rockies,Baltimore Orioles,1,6,621389,Ty Blach,621107,Zach Eflin,1,19
2024-09-01,745292,San Francisco Giants,Miami Marlins,5,7,657277,Logan Webb,670766,Darren McCaughan,1,2395
2024-09-01,746183,Los Angeles Angels,Seattle Mariners,3,2,702674,Caden Dana,682243,Bryce Miller,1,1
2024-09-01,747157,Arizona Diamondbacks,Los Angeles Dodgers,14,3,694297,Brandon Pfaadt,680736,Justin Wrobleski,1,15
2024-09-01,745536,Philadelphia Phillies,Atlanta Braves,3,2,605400,Aaron Nola,680885,Spencer Schwellenbach,1,2681
2024-09-02,745947,Milwaukee Brewers,St. Louis Cardinals,9,3,642547,Freddy Peralta,669467,Andre Pallante,1,32
2024-09-02,746992,Baltimore Orioles,Chicago White Sox,13,3,669203,Corbin Burnes,623167,Chris Flexen,1,2
2024-09-02,746668,Cincinnati Reds,Houston Astros,5,3,687924,Julian Aguiar,434378,Justin Verlander,1,2602
2024-09-02,746265,Kansas City Royals,Cleveland Guardians,2,4,608379,Michael Wacha,668909,Gavin Williams,1,7
2024-09-02,747155,Arizona Diamondbacks,Los Angeles Dodgers,6,11,593958,Eduardo Rodriguez,656427,Jack Flaherty,1,15
2024-09-02,745373,San Diego Padres,Detroit Tigers,3,0,605397,Joe Musgrove,663947,Tyler Holton,1,2680
2024-09-02,745046,Tampa Bay Rays,Minnesota Twins,4,5,641793,Zack Littell,680573,Simeon Woods Richardson,1,12
2024-09-02,745619,Oakland Athletics,Seattle Mariners,5,4,674370,Osvaldo Bido,669302,Logan Gilbert,1,10
2024-09-02,745779,New York Mets,Boston Red Sox,4,1,622663,Luis Severino,678394,Brayan Bello,1,3289
2024-09-02,746833,Chicago Cubs,Pittsburgh Pirates,3,5,592791,Jameson Taillon,683003,Jared Jones,1,17
2024-09-02,744972,Texas Rangers,New York Yankees,4,8,683004,Jack Leiter,543037,Gerrit Cole,1,5325
2024-09-03,746991,Baltimore Orioles,Chicago White Sox,9,0,700249,Cade Povich,680897,Nick Nastrini,1,2
2024-09-03,746020,Miami Marlins,Washington Nationals,2,6,676974,Max Meyer,571578,Patrick Corbin,1,4169
2024-09-03,745047,Tampa Bay Rays,Minnesota Twins,2,1,605488,Jeffrey Springs,701581,David Festa,1,12
2024-09-03,744891,Toronto Blue Jays,Philadelphia Phillies,9,10,605135,Chris Bassitt,663969,Tyler Phillips,1,14
2024-09-03,745778,New York Mets,Boston Red Sox,7,2,656849,David Peterson,676710,Kutter Crawford,1,3289
2024-09-03,747079,Atlanta Braves,Colorado Rockies,3,0,519242,Chris Sale,607536,Kyle Freeland,1,4705
2024-09-03,746264,Kansas City Royals,Cleveland Guardians,1,7,663903,Brady Singer,676440,Tanner Bibee,1,7
2024-09-03,746834,Chicago Cubs,Pittsburgh Pirates,0,5,543294,Kyle Hendricks,694973,Paul Skenes,1,17
2024-09-03,745944,Milwaukee Brewers,St. Louis Cardinals,4,7,650644,Aaron Civale,571927,Steven Matz,1,32
2024-09-03,744968,Texas Rangers,New York Yankees,7,4,571760,Andrew Heaney,607074,Carlos Rodón,1,5325
2024-09-03,746185,Los Angeles Angels,Los Angeles Dodgers,2,6,672282,Reid Detmers,621111,Walker Buehler,1,1
2024-09-03,745615,Oakland Athletics,Seattle Mariners,3,2,669372,J.T. Ginn,622491,Luis Castillo,1,10
2024-09-03,745293,San Francisco Giants,Arizona Diamondbacks,7,8,690986,Kyle Harrison,669194,Ryne Nelson,1,2395
2024-09-04,744887,Toronto Blue Jays,Philadelphia Phillies,2,4,670102,Bowden Francis,650911,Cristopher Sánchez,1,14
2024-09-04,746990,Baltimore Orioles,Chicago White Sox,1,8,544150,Albert Suárez,686563,Jonathan Cannon,1,2
2024-09-04,746666,Cincinnati Reds,Houston Astros,12,5,607259,Nick Martinez,681293,Spencer Arrighetti,1,2602
2024-09-04,746019,Miami Marlins,Washington Nationals,4,3,678368,Valente Bellozo,669022,MacKenzie Gore,1,4169
2024-09-04,745045,Tampa Bay Rays,Minnesota Twins,9,4,642121,Cole Sulser,678692,Ronny Henriquez,1,12
2024-09-04,745776,New York Mets,Boston Red Sox,8,3,656731,Tylor Megill,656557,Tanner Houck,1,3289
2024-09-04,747075,Atlanta Braves,Colorado Rockies,5,2,450203,Charlie Morton,687134,Bradley Blalock,1,4705
2024-09-04,746262,Kansas City Royals,Cleveland Guardians,4,1,607625,Seth Lugo,594902,Ben Lively,1,7
2024-09-04,746835,Chicago Cubs,Pittsburgh Pirates,12,0,684007,Shota Imanaga,593334,Domingo Germán,1,17
2024-09-04,745938,Milwaukee Brewers,St. Louis Cardinals,2,3,607067,Colin Rea,543243,Sonny Gray,1,32
2024-09-04,744964,Texas Rangers,New York Yankees,10,6,543135,Nathan Eovaldi,573186,Marcus Stroman,1,5325
2024-09-04,746178,Los Angeles Angels,Los Angeles Dodgers,10,1,656288,Griffin Canning,676272,Bobby Miller,1,1
2024-09-04,745370,San Diego Padres,Detroit Tigers,6,5,506433,Yu Darvish,672456,Keider Montero,1,2680
2024-09-04,745614,Oakland Athletics,Seattle Mariners,3,16,676664,JP Sears,669923,George Kirby,1,10
2024-09-04,745290,San Francisco Giants,Arizona Diamondbacks,4,6,806185,Hayden Birdsong,668678,Zac Gallen,1,2395
2024-09-05,746664,Cincinnati Reds,Houston Astros,1,0,695076,Rhett Lowder,686613,Hunter Brown,1,2602
2024-09-05,745042,Tampa Bay Rays,Minnesota Twins,3,4,671737,Taj Bradley,641154,Pablo López,1,12
2024-09-05,745612,Oakland Athletics,Seattle Mariners,4,6,683155,Joey Estes,693433,Bryan Woo,1,10
2024-09-05,745289,San Francisco Giants,Arizona Diamondbacks,3,2,605483,Blake Snell,518876,Merrill Kelly,1,2395
2024-09-05,745451,Pittsburgh Pirates,Washington Nationals,9,4,663559,Bailey Falter,663623,Jake Irvin,1,31
2024-09-05,746021,Miami Marlins,Philadelphia Phillies,2,5,670124,Adam Oller,624133,Ranger Suarez,1,4169
2024-09-05,747073,Atlanta Braves,Colorado Rockies,1,3,625643,Reynaldo López,596295,Austin Gomber,1,4705
2024-09-05,744966,Texas Rangers,Los Angeles Angels,3,1,674003,Cody Bradford,686799,Jack Kochanowicz,1,5325
2024-09-05,745369,San Diego Padres,Detroit Tigers,3,4,527048,Martín Pérez,663554,Casey Mize,1,2680
2024-09-06,746832,Chicago Cubs,New York Yankees,0,3,696136,Jordan Wicks,661563,Luis Gil,1,17
2024-09-06,745941,Milwaukee Brewers,Colorado Rockies,2,3,593423,Frankie Montas,663372,Ryan Feltner,1,32
2024-09-06,746993,Baltimore Orioles,Tampa Bay Rays,2,0,665152,Dean Kremer,669358,Shane Baz,1,2
2024-09-06,745777,New York Mets,Cincinnati Reds,6,4,640455,Sean Manaea,518585,Fernando Cruz,1,3289
2024-09-06,746912,Boston Red Sox,Chicago White Sox,3,1,601713,Nick Pivetta,663436,Davis Martin,1,3
2024-09-06,746016,Miami Marlins,Philadelphia Phillies,2,16,685116,Austin Kitchen,554430,Zack Wheeler,1,4169
2024-09-06,747074,Atlanta Braves,Toronto Blue Jays,3,1,608331,Max Fried,592332,Kevin Gausman,1,4705
2024-09-06,744967,Texas Rangers,Los Angeles Angels,1,5,642520,Gerson Garabito,691951,Sam Aldegheri,1,5325
2024-09-06,746343,Houston Astros,Arizona Diamondbacks,8,0,664285,Framber Valdez,694297,Brandon Pfaadt,1,2392
2024-09-06,746257,Kansas City Royals,Minnesota Twins,5,0,666142,Cole Ragans,805673,Zebby Matthews,1,7
2024-09-06,745131,St. Louis Cardinals,Seattle Mariners,1,6,607200,Erick Fedde,682243,Bryce Miller,1,2889
2024-09-06,745611,Oakland Athletics,Detroit Tigers,7,6,687765,Mitch Spence,669373,Tarik Skubal,1,10
2024-09-06,745371,San Diego Padres,San Francisco Giants,5,1,650633,Michael King,696131,Mason Black,1,2680
2024-09-06,746104,Los Angeles Dodgers,Cleveland Guardians,1,3,689017,Landon Knack,571510,Matthew Boyd,1,22
2024-09-07,745455,Pittsburgh Pirates,Washington Nationals,3,5,682847,Luis Ortiz,687792,DJ Herz,1,31
2024-09-07,745456,Pittsburgh Pirates,Washington Nationals,6,8,656605,Mitch Keller,680730,Mitchell Parker,2,31
2024-09-07,746829,Chicago Cubs,New York Yankees,0,2,665871,Javier Assad,657376,Clarke Schmidt,1,17
2024-09-07,746986,Baltimore Orioles,Tampa Bay Rays,1,7,621107,Zach Eflin,686752,Ryan Pepiot,1,2
2024-09-07,745613,Oakland Athletics,Detroit Tigers,1,2,669620,Brady Basso,669724,Brenan Hanifee,1,10
2024-09-07,746344,Houston Astros,Arizona Diamondbacks,11,5,579328,Yusei Kikuchi,593958,Eduardo Rodriguez,1,2392
2024-09-07,745775,New York Mets,Cincinnati Reds,4,0,500779,Jose Quintana,596001,Jakob Junis,1,3289
2024-09-07,746018,Miami Marlins,Philadelphia Phillies,9,5,670766,Darren McCaughan,605400,Aaron Nola,1,4169
2024-09-07,744963,Texas Rangers,Los Angeles Angels,6,4,683004,Jack Leiter,542881,Tyler Anderson,1,5325
2024-09-07,745942,Milwaukee Brewers,Colorado Rockies,5,2,668964,Tobias Myers,621389,Ty Blach,1,32
2024-09-07,745125,St. Louis Cardinals,Seattle Mariners,2,0,502043,Kyle Gibson,669302,Logan Gilbert,1,2889
2024-09-07,746259,Kansas City Royals,Minnesota Twins,4,2,679525,Alec Marsh,641927,Bailey Ober,1,7
2024-09-07,746911,Boston Red Sox,Chicago White Sox,7,5,681867,Cooper Criswell,676979,Garrett Crochet,1,3
2024-09-07,747076,Atlanta Braves,Toronto Blue Jays,5,9,680885,Spencer Schwellenbach,621244,José Berríos,1,4705
2024-09-07,745372,San Diego Padres,San Francisco Giants,3,6,656302,Dylan Cease,657277,Logan Webb,1,2680
2024-09-07,746099,Los Angeles Dodgers,Cleveland Guardians,7,2,518489,Ryan Brasier,668909,Gavin Williams,1,22
2024-09-08,746989,Baltimore Orioles,Tampa Bay Rays,0,2,669203,Corbin Burnes,641793,Zack Littell,1,2
2024-09-08,745453,Pittsburgh Pirates,Washington Nationals,7,3,683003,Jared Jones,571578,Patrick Corbin,1,31
2024-09-08,747072,Atlanta Braves,Toronto Blue Jays,4,3,519242,Chris Sale,684320,Yariel Rodríguez,1,4705
2024-09-08,746910,Boston Red Sox,Chicago White Sox,2,7,690916,Richard Fitts,623167,Chris Flexen,1,3
2024-09-08,745774,New York Mets,Cincinnati Reds,1,3,622663,Luis Severino,687924,Julian Aguiar,1,3289
2024-09-08,746017,Miami Marlins,Philadelphia Phillies,10,1,665795,Edward Cabrera,686751,Seth Johnson,1,4169
2024-09-08,746258,Kansas City Royals,Minnesota Twins,2,0,608379,Michael Wacha,680573,Simeon Woods Richardson,1,7
2024-09-08,745940,Milwaukee Brewers,Colorado Rockies,1,4,642547,Freddy Peralta,607536,Kyle Freeland,1,32
2024-09-08,745128,St. Louis Cardinals,Seattle Mariners,4,10,571945,Miles Mikolas,622491,Luis Castillo,1,2889
2024-09-08,746827,Chicago Cubs,New York Yankees,2,1,592791,Jameson Taillon,543037,Gerrit Cole,1,17
2024-09-08,744965,Texas Rangers,Los Angeles Angels,7,4,571760,Andrew Heaney,702674,Caden Dana,1,5325
2024-09-08,745616,Oakland Athletics,Detroit Tigers,1,9,669372,J.T. Ginn,689225,Beau Brieske,1,10
2024-09-08,746098,Los Angeles Dodgers,Cleveland Guardians,4,0,656427,Jack Flaherty,676440,Tanner Bibee,1,22
2024-09-08,745368,San Diego Padres,San Francisco Giants,6,7,605397,Joe Musgrove,702352,Spencer Bivens,1,2680
2024-09-08,746345,Houston Astros,Arizona Diamondbacks,6,12,434378,Justin Verlander,669194,Ryne Nelson,1,2392
2024-09-09,745534,Philadelphia Phillies,Tampa Bay Rays,2,1,650911,Cristopher Sánchez,642121,Cole Sulser,1,2681
2024-09-09,747090,Atlanta Braves,Cincinnati Reds,0,1,450203,Charlie Morton,607259,Nick Martinez,1,4705
2024-09-09,745454,Pittsburgh Pirates,Miami Marlins,3,2,694973,Paul Skenes,678368,Valente Bellozo,1,31
2024-09-09,745698,New York Yankees,Kansas City Royals,10,4,607074,Carlos Rodón,663903,Brady Singer,1,3313
2024-09-09,744888,Toronto Blue Jays,New York Mets,2,3,621114,Ryan Burr,656731,Tylor Megill,1,14
2024-09-09,746909,Boston Red Sox,Baltimore Orioles,12,3,678394,Brayan Bello,700249,Cade Povich,1,3
2024-09-09,745860,Minnesota Twins,Los Angeles Angels,2,6,701581,David Festa,672282,Reid Detmers,1,3312
2024-09-09,746746,Chicago White Sox,Cleveland Guardians,3,5,694363,Jared Shuster,676282,Joey Cantillo,1,4
2024-09-09,746101,Los Angeles Dodgers,Chicago Cubs,4,10,621111,Walker Buehler,543294,Kyle Hendricks,1,22
2024-09-10,746428,Detroit Tigers,Colorado Rockies,11,0,672456,Keider Montero,687134,Bradley Blalock,1,2394
2024-09-10,745535,Philadelphia Phillies,Tampa Bay Rays,9,4,624133,Ranger Suarez,671737,Taj Bradley,1,2681
2024-09-10,745446,Pittsburgh Pirates,Miami Marlins,6,4,669387,Carmen Mlodzinski,670124,Adam Oller,1,31
2024-09-10,744807,Washington Nationals,Atlanta Braves,0,12,669022,MacKenzie Gore,625643,Reynaldo López,1,3309
2024-09-10,745694,New York Yankees,Kansas City Royals,0,5,573186,Marcus Stroman,607625,Seth Lugo,1,3313
2024-09-10,744886,Toronto Blue Jays,New York Mets,6,2,605135,Chris Bassitt,656849,David Peterson,1,14
2024-09-10,746907,Boston Red Sox,Baltimore Orioles,3,5,676710,Kutter Crawford,544150,Albert Suárez,1,3
2024-09-10,745856,Minnesota Twins,Los Angeles Angels,10,5,641154,Pablo López,656288,Griffin Canning,1,3312
2024-09-10,746747,Chicago White Sox,Cleveland Guardians,0,5,686563,Jonathan Cannon,594902,Ben Lively,1,4
2024-09-10,745126,St. Louis Cardinals,Cincinnati Reds,0,3,669467,Andre Pallante,695076,Rhett Lowder,1,2889
2024-09-10,746346,Houston Astros,Oakland Athletics,3,4,681293,Spencer Arrighetti,676664,JP Sears,1,2392
2024-09-10,745210,Seattle Mariners,San Diego Padres,3,7,669923,George Kirby,506433,Yu Darvish,1,680
2024-09-10,747152,Arizona Diamondbacks,Texas Rangers,6,0,668678,Zac Gallen,543135,Nathan Eovaldi,1,15
2024-09-10,745291,San Francisco Giants,Milwaukee Brewers,2,3,694738,Landen Roupp,650644,Aaron Civale,1,2395
2024-09-10,746097,Los Angeles Dodgers,Chicago Cubs,3,6,808967,Yoshinobu Yamamoto,684007,Shota Imanaga,1,22
2024-09-11,745450,Pittsburgh Pirates,Miami Marlins,3,1,663559,Bailey Falter,642834,Jonathan Bermúdez,1,31
2024-09-11,746745,Chicago White Sox,Cleveland Guardians,4,6,663436,Davis Martin,571510,Matthew Boyd,1,4
2024-09-11,744881,Toronto Blue Jays,New York Mets,2,6,670102,Bowden Francis,640455,Sean Manaea,1,14
2024-09-11,747154,Arizona Diamondbacks,Texas Rangers,14,4,518876,Merrill Kelly,674003,Cody Bradford,1,15
2024-09-11,746425,Detroit Tigers,Colorado Rockies,7,4,663554,Casey Mize,685299,Tanner Gordon,1,2394
2024-09-11,745525,Philadelphia Phillies,Tampa Bay Rays,3,2,554430,Zack Wheeler,669358,Shane Baz,1,2681
2024-09-11,744804,Washington Nationals,Atlanta Braves,5,1,663623,Jake Irvin,608331,Max Fried,1,3309
2024-09-11,745697,New York Yankees,Kansas City Royals,4,3,661563,Luis Gil,666142,Cole Ragans,1,3313
2024-09-11,746908,Boston Red Sox,Baltimore Orioles,5,3,601713,Nick Pivetta,665152,Dean Kremer,1,3
2024-09-11,745857,Minnesota Twins,Los Angeles Angels,6,4,805673,Zebby Matthews,686799,Jack Kochanowicz,1,3312
2024-09-11,745127,St. Louis Cardinals,Cincinnati Reds,2,1,458681,Lance Lynn,682227,Brandon Williamson,1,2889
2024-09-11,746342,Houston Astros,Oakland Athletics,4,5,686613,Hunter Brown,683155,Joey Estes,1,2392
2024-09-11,745214,Seattle Mariners,San Diego Padres,5,2,693433,Bryan Woo,650633,Michael King,1,680
2024-09-11,745285,San Francisco Giants,Milwaukee Brewers,13,2,605483,Blake Snell,607067,Colin Rea,1,2395
2024-09-11,746100,Los Angeles Dodgers,Chicago Cubs,10,8,676272,Bobby Miller,696136,Jordan Wicks,1,22
2024-09-12,746427,Detroit Tigers,Colorado Rockies,2,4,669373,Tarik Skubal,663372,Ryan Feltner,1,2394
2024-09-12,745129,St. Louis Cardinals,Cincinnati Reds,6,1,543243,Sonny Gray,596001,Jakob Junis,1,2889
2024-09-12,746337,Houston Astros,Oakland Athletics,6,3,664285,Framber Valdez,687765,Mitch Spence,1,2392
2024-09-12,744805,Washington Nationals,Miami Marlins,3,6,680730,Mitchell Parker,670766,Darren McCaughan,1,3309
2024-09-12,746591,Cleveland Guardians,Tampa Bay Rays,2,5,668909,Gavin Williams,686752,Ryan Pepiot,1,5
2024-09-12,745695,New York Yankees,Boston Red Sox,2,1,641482,Nestor Cortes,681867,Cooper Criswell,1,3313
2024-09-12,745208,Seattle Mariners,Texas Rangers,4,5,682243,Bryce Miller,677958,Kumar Rocker,1,680
2024-09-12,745288,San Francisco Giants,Milwaukee Brewers,0,3,806185,Hayden Birdsong,593423,Frankie Montas,1,2395
2024-09-13,746423,Detroit Tigers,Baltimore Orioles,1,0,689225,Beau Brieske,621107,Zach Eflin,1,2394
2024-09-13,745447,Pittsburgh Pirates,Kansas City Royals,3,8,682847,Luis Ortiz,679525,Alec Marsh,1,31
2024-09-13,745529,Philadelphia Phillies,New York Mets,3,11,605400,Aaron Nola,500779,Jose Quintana,1,2681
2024-09-13,744800,Washington Nationals,Miami Marlins,4,1,687792,DJ Herz,665795,Edward Cabrera,1,3309
2024-09-13,745696,New York Yankees,Boston Red Sox,5,4,657376,Clarke Schmidt,690916,Richard Fitts,1,3313
2024-09-13,744882,Toronto Blue Jays,St. Louis Cardinals,4,3,592332,Kevin Gausman,607200,Erick Fedde,1,14
2024-09-13,746586,Cleveland Guardians,Tampa Bay Rays,1,3,676440,Tanner Bibee,641793,Zack Littell,1,5
2024-09-13,747069,Atlanta Braves,Los Angeles Dodgers,6,2,680885,Spencer Schwellenbach,689017,Landon Knack,1,4705
2024-09-13,746744,Chicago White Sox,Oakland Athletics,0,2,676979,Garrett Crochet,669620,Brady Basso,1,4
2024-09-13,745855,Minnesota Twins,Cincinnati Reds,4,8,641927,Bailey Ober,687924,Julian Aguiar,1,3312
2024-09-13,746509,Colorado Rockies,Chicago Cubs,9,5,596295,Austin Gomber,665871,Javier Assad,1,19
2024-09-13,746181,Los Angeles Angels,Houston Astros,3,5,691951,Sam Aldegheri,579328,Yusei Kikuchi,1,1
2024-09-13,747153,Arizona Diamondbacks,Milwaukee Brewers,1,2,593958,Eduardo Rodriguez,642547,Freddy Peralta,1,15
2024-09-13,745207,Seattle Mariners,Texas Rangers,5,4,676106,Emerson Hancock,594798,Jacob deGrom,1,680
2024-09-13,745286,San Francisco Giants,San Diego Padres,0,5,657277,Logan Webb,656302,Dylan Cease,1,2395
2024-09-14,745448,Pittsburgh Pirates,Kansas City Royals,1,5,656605,Mitch Keller,608379,Michael Wacha,1,31
2024-09-14,745689,New York Yankees,Boston Red Sox,1,7,543037,Gerrit Cole,678394,Brayan Bello,1,3313
2024-09-14,744884,Toronto Blue Jays,St. Louis Cardinals,7,2,621244,José Berríos,502043,Kyle Gibson,1,14
2024-09-14,745528,Philadelphia Phillies,New York Mets,6,4,663465,Kolby Allard,622663,Luis Severino,1,2681
2024-09-14,744803,Washington Nationals,Miami Marlins,4,1,571578,Patrick Corbin,678368,Valente Bellozo,1,3309
2024-09-14,746422,Detroit Tigers,Baltimore Orioles,2,4,689225,Beau Brieske,669203,Corbin Burnes,1,2394
2024-09-14,746584,Cleveland Guardians,Tampa Bay Rays,6,1,676282,Joey Cantillo,656876,Drew Rasmussen,1,5
2024-09-14,745858,Minnesota Twins,Cincinnati Reds,1,11,680573,Simeon Woods Richardson,607259,Nick Martinez,1,3312
2024-09-14,746740,Chicago White Sox,Oakland Athletics,7,6,623167,Chris Flexen,669372,J.T. Ginn,1,4
2024-09-14,747070,Atlanta Braves,Los Angeles Dodgers,10,1,519242,Chris Sale,656427,Jack Flaherty,1,4705
2024-09-14,746508,Colorado Rockies,Chicago Cubs,6,5,607536,Kyle Freeland,592791,Jameson Taillon,1,19
2024-09-14,747148,Arizona Diamondbacks,Milwaukee Brewers,8,15,694297,Brandon Pfaadt,668964,Tobias Myers,1,15
2024-09-14,745284,San Francisco Giants,San Diego Padres,0,8,696131,Mason Black,605397,Joe Musgrove,1,2395
2024-09-14,746177,Los Angeles Angels,Houston Astros,3,5,542881,Tyler Anderson,434378,Justin Verlander,1,1
2024-09-14,745209,Seattle Mariners,Texas Rangers,5,4,669302,Logan Gilbert,453286,Max Scherzer,1,680
2024-09-15,746419,Detroit Tigers,Baltimore Orioles,4,2,672456,Keider Montero,700249,Cade Povich,1,2394
2024-09-15,745852,Minnesota Twins,Cincinnati Reds,9,2,701581,David Festa,695076,Rhett Lowder,1,3312
2024-09-15,745449,Pittsburgh Pirates,Kansas City Royals,4,3,683003,Jared Jones,663903,Brady Singer,1,31
2024-09-15,745530,Philadelphia Phillies,New York Mets,2,1,650911,Cristopher Sánchez,656849,David Peterson,1,2681
2024-09-15,744801,Washington Nationals,Miami Marlins,4,3,669022,MacKenzie Gore,670124,Adam Oller,1,3309
2024-09-15,745693,New York Yankees,Boston Red Sox,5,2,607074,Carlos Rodón,676710,Kutter Crawford,1,3313
2024-09-15,744883,Toronto Blue Jays,St. Louis Cardinals,3,2,684320,Yariel Rodríguez,571945,Miles Mikolas,1,14
2024-09-15,746585,Cleveland Guardians,Tampa Bay Rays,2,0,594902,Ben Lively,671737,Taj Bradley,1,5
2024-09-15,746741,Chicago White Sox,Oakland Athletics,4,3,680732,Sean Burke,676664,JP Sears,1,4
2024-09-15,746506,Colorado Rockies,Chicago Cubs,2,6,615698,Cal Quantrill,543294,Kyle Hendricks,1,19
2024-09-15,745287,San Francisco Giants,San Diego Padres,3,4,694738,Landen Roupp,527048,Martín Pérez,1,2395
2024-09-15,746180,Los Angeles Angels,Houston Astros,4,6,702674,Caden Dana,669854,Ronel Blanco,1,1
2024-09-15,745206,Seattle Mariners,Texas Rangers,7,0,669923,George Kirby,571760,Andrew Heaney,1,680
2024-09-15,747151,Arizona Diamondbacks,Milwaukee Brewers,11,10,668678,Zac Gallen,669084,DL Hall,1,15
2024-09-15,747071,Atlanta Braves,Los Angeles Dodgers,2,9,450203,Charlie Morton,621111,Walker Buehler,1,4705
2024-09-16,746588,Cleveland Guardians,Minnesota Twins,4,3,571510,Matthew Boyd,641154,Pablo López,1,5
2024-09-16,745773,New York Mets,Washington Nationals,2,1,640455,Sean Manaea,663623,Jake Irvin,1,3289
2024-09-16,747067,Atlanta Braves,Los Angeles Dodgers,0,9,608331,Max Fried,808967,Yoshinobu Yamamoto,1,4705
2024-09-16,746260,Kansas City Royals,Detroit Tigers,6,7,607625,Seth Lugo,681857,Reese Olson,1,7
2024-09-16,746828,Chicago Cubs,Oakland Athletics,9,2,684007,Shota Imanaga,683155,Joey Estes,1,17
2024-09-16,745939,Milwaukee Brewers,Philadelphia Phillies,6,2,650644,Aaron Civale,624133,Ranger Suarez,1,32
2024-09-16,745130,St. Louis Cardinals,Pittsburgh Pirates,4,0,669467,Andre Pallante,694973,Paul Skenes,1,2889
2024-09-16,746502,Colorado Rockies,Arizona Diamondbacks,3,2,622608,Antonio Senzatela,518876,Merrill Kelly,1,19
2024-09-16,746179,Los Angeles Angels,Chicago White Sox,4,8,672282,Reid Detmers,686563,Jonathan Cannon,1,1
2024-09-16,745367,San Diego Padres,Houston Astros,3,1,506433,Yu Darvish,681293,Spencer Arrighetti,1,2680
2024-09-17,746987,Baltimore Orioles,San Francisco Giants,0,10,544150,Albert Suárez,605483,Blake Snell,1,2
2024-09-17,746587,Cleveland Guardians,Minnesota Twins,1,4,668909,Gavin Williams,805673,Zebby Matthews,1,5
2024-09-17,746659,Cincinnati Reds,Atlanta Braves,6,5,682227,Brandon Williamson,656550,Grant Holmes,1,2602
2024-09-17,746015,Miami Marlins,Los Angeles Dodgers,11,9,670766,Darren McCaughan,676272,Bobby Miller,1,4169
2024-09-17,745044,Tampa Bay Rays,Boston Red Sox,8,3,669358,Shane Baz,601713,Nick Pivetta,1,12
2024-09-17,745772,New York Mets,Washington Nationals,10,1,656731,Tylor Megill,680730,Mitchell Parker,1,3289
2024-09-17,746261,Kansas City Royals,Detroit Tigers,1,3,666142,Cole Ragans,663554,Casey Mize,1,7
2024-09-17,746830,Chicago Cubs,Oakland Athletics,3,4,696136,Jordan Wicks,687765,Mitch Spence,1,17
2024-09-17,745935,Milwaukee Brewers,Philadelphia Phillies,1,5,593423,Frankie Montas,554430,Zack Wheeler,1,32
2024-09-17,745122,St. Louis Cardinals,Pittsburgh Pirates,3,1,458681,Lance Lynn,663559,Bailey Falter,1,2889
2024-09-17,744961,Texas Rangers,Toronto Blue Jays,13,8,543135,Nathan Eovaldi,605135,Chris Bassitt,1,5325
2024-09-17,746503,Colorado Rockies,Arizona Diamondbacks,8,2,663372,Ryan Feltner,656756,Jordan Montgomery,1,19
2024-09-17,746176,Los Angeles Angels,Chicago White Sox,5,0,656288,Griffin Canning,663436,Davis Martin,1,1
2024-09-17,745366,San Diego Padres,Houston Astros,3,4,650633,Michael King,686613,Hunter Brown,1,2680
2024-09-17,745205,Seattle Mariners,New York Yankees,2,11,693433,Bryan Woo,661563,Luis Gil,1,680
2024-09-18,746831,Chicago Cubs,Oakland Athletics,3,5,657006,Justin Steele,669620,Brady Basso,1,17
2024-09-18,746500,Colorado Rockies,Arizona Diamondbacks,4,9,596295,Austin Gomber,593958,Eduardo Rodriguez,1,19
2024-09-18,746172,Los Angeles Angels,Chicago White Sox,4,3,686799,Jack Kochanowicz,694363,Jared Shuster,1,1
2024-09-18,746988,Baltimore Orioles,San Francisco Giants,3,5,665152,Dean Kremer,806185,Hayden Birdsong,1,2
2024-09-18,745365,San Diego Padres,Houston Astros,4,0,656302,Dylan Cease,664285,Framber Valdez,1,2680
2024-09-18,746582,Cleveland Guardians,Minnesota Twins,5,4,676440,Tanner Bibee,641927,Bailey Ober,1,5
2024-09-18,746662,Cincinnati Reds,Atlanta Braves,1,7,596001,Jakob Junis,680885,Spencer Schwellenbach,1,2602
2024-09-18,746014,Miami Marlins,Los Angeles Dodgers,4,8,677960,Ryan Weathers,689017,Landon Knack,1,4169
2024-09-18,745040,Tampa Bay Rays,Boston Red Sox,1,2,686752,Ryan Pepiot,656557,Tanner Houck,1,12
2024-09-18,745771,New York Mets,Washington Nationals,10,0,500779,Jose Quintana,687792,DJ Herz,1,3289
2024-09-18,746254,Kansas City Royals,Detroit Tigers,2,4,679525,Alec Marsh,669373,Tarik Skubal,1,7
2024-09-18,745933,Milwaukee Brewers,Philadelphia Phillies,2,1,642547,Freddy Peralta,605400,Aaron Nola,1,32
2024-09-18,745121,St. Louis Cardinals,Pittsburgh Pirates,10,5,543243,Sonny Gray,663765,Jake Woodford,1,2889
2024-09-18,744959,Texas Rangers,Toronto Blue Jays,2,0,674003,Cody Bradford,670102,Bowden Francis,1,5325
2024-09-18,745199,Seattle Mariners,New York Yankees,1,2,682243,Bryce Miller,641482,Nestor Cortes,1,680
2024-09-19,746985,Baltimore Orioles,San Francisco Giants,5,3,621107,Zach Eflin,657277,Logan Webb,1,2
2024-09-19,746579,Cleveland Guardians,Minnesota Twins,3,2,676282,Joey Cantillo,680573,Simeon Woods Richardson,1,5
2024-09-19,746663,Cincinnati Reds,Atlanta Braves,3,15,687924,Julian Aguiar,519242,Chris Sale,1,2602
2024-09-19,744962,Texas Rangers,Toronto Blue Jays,0,4,677958,Kumar Rocker,592332,Kevin Gausman,1,5325
2024-09-19,745204,Seattle Mariners,New York Yankees,3,2,669302,Logan Gilbert,657376,Clarke Schmidt,1,680
2024-09-19,746011,Miami Marlins,Los Angeles Dodgers,4,20,665795,Edward Cabrera,656427,Jack Flaherty,1,4169
2024-09-19,745041,Tampa Bay Rays,Boston Red Sox,2,0,641793,Zack Littell,678394,Brayan Bello,1,12
2024-09-19,745120,St. Louis Cardinals,Pittsburgh Pirates,2,3,607200,Erick Fedde,682847,Luis Ortiz,1,2889
2024-09-19,745769,New York Mets,Philadelphia Phillies,10,6,622663,Luis Severino,592836,Taijuan Walker,1,3289
2024-09-19,745937,Milwaukee Brewers,Arizona Diamondbacks,1,5,668964,Tobias Myers,694297,Brandon Pfaadt,1,32
2024-09-19,746823,Chicago Cubs,Washington Nationals,7,6,665871,Javier Assad,571578,Patrick Corbin,1,17
2024-09-19,746341,Houston Astros,Los Angeles Angels,3,1,579328,Yusei Kikuchi,660761,José Suarez,1,2392
2024-09-20,746824,Chicago Cubs,Washington Nationals,3,1,592791,Jameson Taillon,592866,Trevor Williams,1,17
2024-09-20,746661,Cincinnati Reds,Pittsburgh Pirates,8,3,607259,Nick Martinez,656605,Mitch Keller,1,2602
2024-09-20,745043,Tampa Bay Rays,Toronto Blue Jays,1,0,641302,Tyler Alexander,621244,José Berríos,1,12
2024-09-20,746984,Baltimore Orioles,Detroit Tigers,7,1,669203,Corbin Burnes,663947,Tyler Holton,1,2
2024-09-20,746905,Boston Red Sox,Minnesota Twins,2,4,690916,Richard Fitts,701581,David Festa,1,3
2024-09-20,745770,New York Mets,Philadelphia Phillies,2,12,656849,David Peterson,650911,Cristopher Sánchez,1,3289
2024-09-20,746013,Miami Marlins,Atlanta Braves,4,3,678368,Valente Bellozo,450203,Charlie Morton,1,4169
2024-09-20,744960,Texas Rangers,Seattle Mariners,2,8,594798,Jacob deGrom,669923,George Kirby,1,5325
2024-09-20,746340,Houston Astros,Los Angeles Angels,9,7,434378,Justin Verlander,542881,Tyler Anderson,1,2392
2024-09-20,746256,Kansas City Royals,San Francisco Giants,1,2,608379,Michael Wacha,696131,Mason Black,1,7
2024-09-20,745934,Milwaukee Brewers,Arizona Diamondbacks,4,7,607067,Colin Rea,668678,Zac Gallen,1,32
2024-09-20,745123,St. Louis Cardinals,Cleveland Guardians,1,5,502043,Kyle Gibson,594902,Ben Lively,1,2889
2024-09-20,745364,San Diego Padres,Chicago White Sox,3,2,605397,Joe Musgrove,676979,Garrett Crochet,1,2680
2024-09-20,745606,Oakland Athletics,New York Yankees,2,4,669372,J.T. Ginn,543037,Gerrit Cole,1,10
2024-09-20,746094,Los Angeles Dodgers,Colorado Rockies,6,4,518489,Ryan Brasier,607536,Kyle Freeland,1,22
2024-09-21,746660,Cincinnati Reds,Pittsburgh Pirates,7,1,695076,Rhett Lowder,683003,Jared Jones,1,2602
2024-09-21,746826,Chicago Cubs,Washington Nationals,1,5,543294,Kyle Hendricks,669022,MacKenzie Gore,1,17
2024-09-21,746983,Baltimore Orioles,Detroit Tigers,4,6,700249,Cade Povich,681857,Reese Olson,1,2
2024-09-21,745038,Tampa Bay Rays,Toronto Blue Jays,3,2,671737,Taj Bradley,684320,Yariel Rodríguez,1,12
2024-09-21,745768,New York Mets,Philadelphia Phillies,6,3,640455,Sean Manaea,624133,Ranger Suarez,1,3289
2024-09-21,746012,Miami Marlins,Atlanta Braves,2,6,670124,Adam Oller,608331,Max Fried,1,4169
2024-09-21,746255,Kansas City Royals,San Francisco Giants,0,9,663903,Brady Singer,694738,Landen Roupp,1,7
2024-09-21,744958,Texas Rangers,Seattle Mariners,4,8,641540,Dane Dunning,676106,Emerson Hancock,1,5325
2024-09-21,746338,Houston Astros,Los Angeles Angels,10,4,669854,Ronel Blanco,672282,Reid Detmers,1,2392
2024-09-21,745936,Milwaukee Brewers,Arizona Diamondbacks,0,5,650644,Aaron Civale,518876,Merrill Kelly,1,32
2024-09-21,745124,St. Louis Cardinals,Cleveland Guardians,6,5,571945,Miles Mikolas,571510,Matthew Boyd,1,2889
2024-09-21,745360,San Diego Padres,Chicago White Sox,6,2,527048,Martín Pérez,623167,Chris Flexen,1,2680
2024-09-21,745610,Oakland Athletics,New York Yankees,0,10,676664,JP Sears,607074,Carlos Rodón,1,10
2024-09-21,746096,Los Angeles Dodgers,Colorado Rockies,3,6,621111,Walker Buehler,615698,Cal Quantrill,1,22
2024-09-22,746903,Boston Red Sox,Minnesota Twins,8,1,601713,Nick Pivetta,641154,Pablo López,1,3
2024-09-22,746906,Boston Red Sox,Minnesota Twins,9,3,676710,Kutter Crawford,805673,Zebby Matthews,2,3
2024-09-22,746657,Cincinnati Reds,Pittsburgh Pirates,0,2,668881,Hunter Greene,694973,Paul Skenes,1,2602
2024-09-22,746982,Baltimore Orioles,Detroit Tigers,3,4,544150,Albert Suárez,663947,Tyler Holton,1,2
2024-09-22,745036,Tampa Bay Rays,Toronto Blue Jays,4,3,669358,Shane Baz,621114,Ryan Burr,1,12
2024-09-22,746010,Miami Marlins,Atlanta Braves,4,5,670766,Darren McCaughan,656550,Grant Holmes,1,4169
2024-09-22,746339,Houston Astros,Los Angeles Angels,8,9,681293,Spencer Arrighetti,656288,Griffin Canning,1,2392
2024-09-22,746253,Kansas City Royals,San Francisco Giants,0,2,607625,Seth Lugo,605483,Blake Snell,1,7
2024-09-22,745929,Milwaukee Brewers,Arizona Diamondbacks,10,9,593423,Frankie Montas,656756,Jordan Montgomery,1,32
2024-09-22,745118,St. Louis Cardinals,Cleveland Guardians,2,1,669467,Andre Pallante,668909,Gavin Williams,1,2889
2024-09-22,746825,Chicago Cubs,Washington Nationals,5,0,684007,Shota Imanaga,663623,Jake Irvin,1,17
2024-09-22,744955,Texas Rangers,Seattle Mariners,6,5,571760,Andrew Heaney,693433,Bryan Woo,1,5325
2024-09-22,745608,Oakland Athletics,New York Yankees,4,7,683155,Joey Estes,661563,Luis Gil,1,10
2024-09-22,746092,Los Angeles Dodgers,Colorado Rockies,6,5,808967,Yoshinobu Yamamoto,622608,Antonio Senzatela,1,22
2024-09-22,745358,San Diego Padres,Chicago White Sox,4,2,506433,Yu Darvish,680732,Sean Burke,1,2680
2024-09-22,745767,New York Mets,Philadelphia Phillies,2,1,656731,Tylor Megill,554430,Zack Wheeler,1,3289
2024-09-23,745527,Philadelphia Phillies,Chicago Cubs,6,2,605400,Aaron Nola,663878,Nate Pearson,1,2681
2024-09-23,744885,Toronto Blue Jays,Boston Red Sox,1,4,605135,Chris Bassitt,656557,Tanner Houck,1,14
2024-09-23,746334,Houston Astros,Seattle Mariners,1,6,686613,Hunter Brown,682243,Bryce Miller,1,2392
2024-09-23,747150,Arizona Diamondbacks,San Francisco Giants,3,6,593958,Eduardo Rodriguez,806185,Hayden Birdsong,1,15
2024-09-24,746421,Detroit Tigers,Tampa Bay Rays,2,1,669373,Tarik Skubal,686752,Ryan Pepiot,1,2394
2024-09-24,746581,Cleveland Guardians,Cincinnati Reds,6,1,676440,Tanner Bibee,686730,Carson Spiers,1,5
2024-09-24,745526,Philadelphia Phillies,Chicago Cubs,4,10,621383,Tanner Banks,657006,Justin Steele,1,2681
2024-09-24,745441,Pittsburgh Pirates,Milwaukee Brewers,2,7,663559,Bailey Falter,668964,Tobias Myers,1,31
2024-09-24,744802,Washington Nationals,Kansas City Royals,0,1,680730,Mitchell Parker,666142,Cole Ragans,1,3309
2024-09-24,745688,New York Yankees,Baltimore Orioles,3,5,657376,Clarke Schmidt,665152,Dean Kremer,1,3313
2024-09-24,744876,Toronto Blue Jays,Boston Red Sox,5,6,670102,Bowden Francis,678394,Brayan Bello,1,14
2024-09-24,747068,Atlanta Braves,New York Mets,5,1,680885,Spencer Schwellenbach,622663,Luis Severino,1,4705
2024-09-24,746743,Chicago White Sox,Los Angeles Angels,3,2,686563,Jonathan Cannon,686799,Jack Kochanowicz,1,4
2024-09-24,745851,Minnesota Twins,Miami Marlins,1,4,641927,Bailey Ober,677960,Ryan Weathers,1,3312
2024-09-24,746336,Houston Astros,Seattle Mariners,4,3,664285,Framber Valdez,669302,Logan Gilbert,1,2392
2024-09-24,746504,Colorado Rockies,St. Louis Cardinals,3,7,663372,Ryan Feltner,700241,Michael McGreevy,1,19
2024-09-24,747149,Arizona Diamondbacks,San Francisco Giants,0,11,694297,Brandon Pfaadt,657277,Logan Webb,1,15
2024-09-24,745605,Oakland Athletics,Texas Rangers,5,4,687765,Mitch Spence,543135,Nathan Eovaldi,1,10
2024-09-24,746093,Los Angeles Dodgers,San Diego Padres,2,4,689017,Landon Knack,650633,Michael King,1,22
2024-09-25,746331,Houston Astros,Seattle Mariners,1,8,579328,Yusei Kikuchi,669923,George Kirby,1,2392
2024-09-25,745521,Philadelphia Phillies,Chicago Cubs,9,6,650911,Cristopher Sánchez,665871,Javier Assad,1,2681
2024-09-25,746583,Cleveland Guardians,Cincinnati Reds,5,2,689958,Andrew Walters,596001,Jakob Junis,1,5
2024-09-25,746420,Detroit Tigers,Tampa Bay Rays,7,1,672456,Keider Montero,641793,Zack Littell,1,2394
2024-09-25,745442,Pittsburgh Pirates,Milwaukee Brewers,2,1,682847,Luis Ortiz,642547,Freddy Peralta,1,31
2024-09-25,744795,Washington Nationals,Kansas City Royals,0,3,687792,DJ Herz,547179,Michael Lorenzen,1,3309
2024-09-25,745690,New York Yankees,Baltimore Orioles,7,9,573186,Marcus Stroman,621107,Zach Eflin,1,3313
2024-09-25,744877,Toronto Blue Jays,Boston Red Sox,6,1,592332,Kevin Gausman,690916,Richard Fitts,1,14
2024-09-25,746742,Chicago White Sox,Los Angeles Angels,4,3,663436,Davis Martin,660761,José Suarez,1,4
2024-09-25,745854,Minnesota Twins,Miami Marlins,8,3,680573,Simeon Woods Richardson,665795,Edward Cabrera,1,3312
2024-09-25,746501,Colorado Rockies,St. Louis Cardinals,2,5,596295,Austin Gomber,607200,Erick Fedde,1,19
2024-09-25,747144,Arizona Diamondbacks,San Francisco Giants,8,2,668678,Zac Gallen,696131,Mason Black,1,15
2024-09-25,745607,Oakland Athletics,Texas Rangers,1,5,669620,Brady Basso,674003,Cody Bradford,1,10
2024-09-25,746095,Los Angeles Dodgers,San Diego Padres,4,3,656427,Jack Flaherty,656302,Dylan Cease,1,22
2024-09-26,745443,Pittsburgh Pirates,Milwaukee Brewers,2,5,656605,Mitch Keller,650644,Aaron Civale,1,31
2024-09-26,744796,Washington Nationals,Kansas City Royals,4,7,571578,Patrick Corbin,608379,Michael Wacha,1,3309
2024-09-26,746415,Detroit Tigers,Tampa Bay Rays,4,3,681857,Reese Olson,641302,Tyler Alexander,1,2394
2024-09-26,746738,Chicago White Sox,Los Angeles Angels,7,0,623167,Chris Flexen,542881,Tyler Anderson,1,4
2024-09-26,746495,Colorado Rockies,St. Louis Cardinals,10,8,607536,Kyle Freeland,502043,Kyle Gibson,1,19
2024-09-26,745609,Oakland Athletics,Texas Rangers,3,2,669372,J.T. Ginn,677958,Kumar Rocker,1,10
2024-09-26,745691,New York Yankees,Baltimore Orioles,10,1,543037,Gerrit Cole,669203,Corbin Burnes,1,3313
2024-09-26,745853,Minnesota Twins,Miami Marlins,6,8,701581,David Festa,678368,Valente Bellozo,1,3312
2024-09-26,746088,Los Angeles Dodgers,San Diego Padres,7,2,621111,Walker Buehler,605397,Joe Musgrove,1,22
2024-09-27,746822,Chicago Cubs,Cincinnati Reds,1,0,592791,Jameson Taillon,607259,Nick Martinez,1,17
2024-09-27,746417,Detroit Tigers,Chicago White Sox,4,1,669724,Brenan Hanifee,676979,Garrett Crochet,1,2394
2024-09-27,744797,Washington Nationals,Philadelphia Phillies,9,1,592866,Trevor Williams,624133,Ranger Suarez,1,3309
2024-09-27,745692,New York Yankees,Pittsburgh Pirates,2,4,607074,Carlos Rodón,683003,Jared Jones,1,3313
2024-09-27,744879,Toronto Blue Jays,Miami Marlins,5,15,621244,José Berríos,670124,Adam Oller,1,14
2024-09-27,746580,Cleveland Guardians,Houston Astros,2,5,676282,Joey Cantillo,669854,Ronel Blanco,1,5
2024-09-27,746904,Boston Red Sox,Tampa Bay Rays,1,2,601713,Nick Pivetta,671737,Taj Bradley,1,3
2024-09-27,747065,Atlanta Braves,Kansas City Royals,3,0,608331,Max Fried,663903,Brady Singer,1,4705
2024-09-27,746494,Colorado Rockies,Los Angeles Dodgers,4,11,615698,Cal Quantrill,518489,Ryan Brasier,1,19
2024-09-27,745847,Minnesota Twins,Baltimore Orioles,2,7,641154,Pablo López,700249,Cade Povich,1,3312
2024-09-27,745930,Milwaukee Brewers,New York Mets,8,4,593423,Frankie Montas,640455,Sean Manaea,1,32
2024-09-27,746173,Los Angeles Angels,Texas Rangers,2,5,672282,Reid Detmers,594798,Jacob deGrom,1,1
2024-09-27,747145,Arizona Diamondbacks,San Diego Padres,3,5,518876,Merrill Kelly,506433,Yu Darvish,1,15
2024-09-27,745202,Seattle Mariners,Oakland Athletics,2,0,693433,Bryan Woo,676664,JP Sears,1,680
2024-09-27,745280,San Francisco Giants,St. Louis Cardinals,3,6,694738,Landen Roupp,571945,Miles Mikolas,1,2395
2024-09-28,745685,New York Yankees,Pittsburgh Pirates,4,9,661563,Luis Gil,694973,Paul Skenes,1,3313
2024-09-28,746414,Detroit Tigers,Chicago White Sox,0,4,689225,Beau Brieske,680732,Sean Burke,1,2394
2024-09-28,746819,Chicago Cubs,Cincinnati Reds,3,0,543294,Kyle Hendricks,695076,Rhett Lowder,1,17
2024-09-28,744878,Toronto Blue Jays,Miami Marlins,1,8,684320,Yariel Rodríguez,675540,Xzavion Curry,1,14
2024-09-28,745281,San Francisco Giants,St. Louis Cardinals,6,5,663941,Tristan Beck,669467,Andre Pallante,1,2395
2024-09-28,744799,Washington Nationals,Philadelphia Phillies,6,3,669022,MacKenzie Gore,554430,Zack Wheeler,1,3309
2024-09-28,746902,Boston Red Sox,Tampa Bay Rays,2,7,676710,Kutter Crawford,669358,Shane Baz,1,3
2024-09-28,746578,Cleveland Guardians,Houston Astros,3,4,594902,Ben Lively,434378,Justin Verlander,1,5
2024-09-28,745849,Minnesota Twins,Baltimore Orioles,2,9,805673,Zebby Matthews,621199,Matt Bowman,1,3312
2024-09-28,745931,Milwaukee Brewers,New York Mets,6,0,657649,Jared Koenig,500779,Jose Quintana,1,32
2024-09-28,747066,Atlanta Braves,Kansas City Royals,2,1,625643,Reynaldo López,607625,Seth Lugo,1,4705
2024-09-28,746499,Colorado Rockies,Los Angeles Dodgers,2,13,622608,Antonio Senzatela,808967,Yoshinobu Yamamoto,1,19
2024-09-28,747146,Arizona Diamondbacks,San Diego Padres,0,5,593958,Eduardo Rodriguez,681190,Randy Vásquez,1,15
2024-09-28,746171,Los Angeles Angels,Texas Rangers,8,9,656288,Griffin Canning,571760,Andrew Heaney,1,1
2024-09-28,745203,Seattle Mariners,Oakland Athletics,7,6,676106,Emerson Hancock,683155,Joey Estes,1,680
2024-09-29,745282,San Francisco Giants,St. Louis Cardinals,1,6,806185,Hayden Birdsong,700241,Michael McGreevy,1,2395
2024-09-29,746901,Boston Red Sox,Tampa Bay Rays,3,1,682990,Quinn Priester,686752,Ryan Pepiot,1,3
2024-09-29,744798,Washington Nationals,Philadelphia Phillies,3,6,663623,Jake Irvin,605400,Aaron Nola,1,3309
2024-09-29,745686,New York Yankees,Pittsburgh Pirates,6,4,657376,Clarke Schmidt,663559,Bailey Falter,1,3313
2024-09-29,746174,Los Angeles Angels,Texas Rangers,0,8,686799,Jack Kochanowicz,543135,Nathan Eovaldi,1,1
2024-09-29,744880,Toronto Blue Jays,Miami Marlins,1,3,621114,Ryan Burr,677960,Ryan Weathers,1,14
2024-09-29,746496,Colorado Rockies,Los Angeles Dodgers,1,2,663372,Ryan Feltner,607455,Anthony Banda,1,19
2024-09-29,747147,Arizona Diamondbacks,San Diego Padres,11,2,694297,Brandon Pfaadt,527048,Martín Pérez,1,15
2024-09-29,745201,Seattle Mariners,Oakland Athletics,6,4,669302,Logan Gilbert,687765,Mitch Spence,1,680
2024-09-29,745846,Minnesota Twins,Baltimore Orioles,2,6,641927,Bailey Ober,544150,Albert Suárez,1,3312
2024-09-29,746416,Detroit Tigers,Chicago White Sox,5,9,628317,Kenta Maeda,686563,Jonathan Cannon,1,2394
2024-09-29,745932,Milwaukee Brewers,New York Mets,0,5,607067,Colin Rea,656849,David Peterson,1,32
2024-09-29,746820,Chicago Cubs,Cincinnati Reds,0,3,668873,Caleb Kilian,668881,Hunter Greene,1,17
2024-09-29,747061,Atlanta Braves,Kansas City Royals,2,4,450203,Charlie Morton,679525,Alec Marsh,1,4705
2024-09-30,747139,Atlanta Braves,New York Mets,7,8,680885,Spencer Schwellenbach,656731,Tylor Megill,1,4705
2024-09-30,747064,Atlanta Braves,New York Mets,3,0,656550,Grant Holmes,664192,Joey Lucchesi,2,4705
