date,id,home,away,hs,as,hsp,hsp_name,asp,asp_name,dh,venue
2021-04-01,634642,New York Yankees,Toronto Blue Jays,2,3,543037,Gerrit Cole,547943,Hyun Jin Ryu,1,3313
2021-04-01,634645,Detroit Tigers,Cleveland Indians,3,2,571510,Matthew Boyd,669456,Shane Bieber,1,2394
2021-04-01,634638,Milwaukee Brewers,Minnesota Twins,6,5,605540,Brandon Woodruff,628317,Kenta Maeda,1,32
2021-04-01,634634,Chicago Cubs,Pittsburgh Pirates,3,5,543294,Kyle Hendricks,641771,Chad Kuhl,1,17
2021-04-01,634622,Philadelphia Phillies,Atlanta Braves,3,2,605400,Aaron Nola,608331,Max Fried,1,2681
2021-04-01,634615,Colorado Rockies,Los Angeles Dodgers,8,5,608566,Germán Márquez,477132,Clayton Kershaw,1,19
2021-04-01,634618,San Diego Padres,Arizona Diamondbacks,8,7,506433,Yu Darvish,518516,Madison Bumgarner,1,2680
2021-04-01,634636,Cincinnati Reds,St. Louis Cardinals,6,11,622491,Luis Castillo,656427,Jack Flaherty,1,2602
2021-04-01,634630,Kansas City Royals,Texas Rangers,14,10,641745,Brad Keller,502043,Kyle Gibson,1,7
2021-04-01,634652,Miami Marlins,Tampa Bay Rays,0,1,645261,Sandy Alcantara,607192,Tyler Glasnow,1,4169
2021-04-01,634655,Los Angeles Angels,Chicago White Sox,4,3,605164,Dylan Bundy,608337,Lucas Giolito,1,1
2021-04-01,634640,Oakland Athletics,Houston Astros,1,8,605135,Chris Bassitt,425844,Zack Greinke,1,10
2021-04-01,634625,Seattle Mariners,San Francisco Giants,8,7,594835,Marco Gonzales,592332,Kevin Gausman,1,680
2021-04-02,634627,Boston Red Sox,Baltimore Orioles,0,3,543135,Nathan Eovaldi,607644,John Means,1,3
2021-04-02,634602,Miami Marlins,Tampa Bay Rays,4,6,641154,Pablo López,642232,Ryan Yarbrough,1,4169
2021-04-02,634653,Colorado Rockies,Los Angeles Dodgers,6,11,622608,Antonio Senzatela,545333,Trevor Bauer,1,19
2021-04-02,634631,Los Angeles Angels,Chicago White Sox,8,12,571760,Andrew Heaney,572971,Dallas Keuchel,1,1
2021-04-02,634605,Oakland Athletics,Houston Astros,5,9,666200,Jesús Luzardo,664299,Cristian Javier,1,10
2021-04-02,634576,San Diego Padres,Arizona Diamondbacks,4,2,605483,Blake Snell,518876,Merrill Kelly,1,2680
2021-04-02,634578,Seattle Mariners,San Francisco Giants,3,6,579328,Yusei Kikuchi,456501,Johnny Cueto,1,680
2021-04-03,634644,New York Yankees,Toronto Blue Jays,5,3,446372,Corey Kluber,548389,Ross Stripling,1,3313
2021-04-03,634577,Boston Red Sox,Baltimore Orioles,2,4,656557,Tanner Houck,518774,Matt Harvey,1,3
2021-04-03,634573,Detroit Tigers,Cleveland Indians,5,2,527054,Julio Teheran,668676,Zach Plesac,1,2394
2021-04-03,634604,Kansas City Royals,Texas Rangers,11,4,501985,Mike Minor,685503,Kohei Arihara,1,7
2021-04-03,634643,Chicago Cubs,Pittsburgh Pirates,5,1,453562,Jake Arrieta,542881,Tyler Anderson,1,17
2021-04-03,634580,Philadelphia Phillies,Atlanta Braves,4,0,554430,Zack Wheeler,450203,Charlie Morton,1,2681
2021-04-03,634629,Oakland Athletics,Houston Astros,1,9,608344,Cole Irvin,621121,Lance McCullers Jr.,1,10
2021-04-03,634654,Cincinnati Reds,St. Louis Cardinals,9,6,641816,Tyler Mahle,425794,Adam Wainwright,1,2602
2021-04-03,634596,Miami Marlins,Tampa Bay Rays,12,7,622694,Elieser Hernández,448179,Rich Hill,1,4169
2021-04-03,634575,Milwaukee Brewers,Minnesota Twins,0,2,669203,Corbin Burnes,621244,José Berríos,1,32
2021-04-03,634633,Colorado Rockies,Los Angeles Dodgers,5,6,592351,Jon Gray,621111,Walker Buehler,1,19
2021-04-03,634623,San Diego Padres,Arizona Diamondbacks,7,0,605397,Joe Musgrove,592761,Caleb Smith,1,2680
2021-04-03,634646,Los Angeles Angels,Chicago White Sox,5,3,502171,Alex Cobb,458681,Lance Lynn,1,1
2021-04-03,634639,Seattle Mariners,San Francisco Giants,4,0,623167,Chris Flexen,657277,Logan Webb,1,680
2021-04-04,634617,Philadelphia Phillies,Atlanta Braves,2,1,621107,Zach Eflin,666120,Ian Anderson,1,2681
2021-04-04,634607,New York Yankees,Toronto Blue Jays,1,3,593334,Domingo Germán,643615,T.J. Zeuch,1,3313
2021-04-04,634610,Boston Red Sox,Baltimore Orioles,3,11,572070,Garrett Richards,669145,Bruce Zimmermann,1,3
2021-04-04,634611,Detroit Tigers,Cleveland Indians,3,9,669373,Tarik Skubal,650644,Aaron Civale,1,2394
2021-04-04,634560,Cincinnati Reds,St. Louis Cardinals,12,1,656546,Jeff Hoffman,593372,Carlos Martinez,1,2602
2021-04-04,634593,Kansas City Royals,Texas Rangers,3,7,663903,Brady Singer,543475,Jordan Lyles,1,7
2021-04-04,634597,Milwaukee Brewers,Minnesota Twins,2,8,605288,Adrian Houser,501381,Michael Pineda,1,32
2021-04-04,634613,Chicago Cubs,Pittsburgh Pirates,4,3,605200,Zach Davies,656605,Mitch Keller,1,17
2021-04-04,634557,Colorado Rockies,Los Angeles Dodgers,2,4,596295,Austin Gomber,628711,Julio Urías,1,19
2021-04-04,634651,Oakland Athletics,Houston Astros,2,9,640455,Sean Manaea,664353,José Urquidy,1,10
2021-04-04,634572,San Diego Padres,Arizona Diamondbacks,1,3,663978,Chris Paddack,642203,Taylor Widener,1,2680
2021-04-04,634637,Los Angeles Angels,Chicago White Sox,7,4,660271,Shohei Ohtani,656302,Dylan Cease,1,1
2021-04-05,634588,Detroit Tigers,Minnesota Twins,6,15,570632,José Ureña,533167,Matt Shoemaker,1,2394
2021-04-05,634612,Texas Rangers,Toronto Blue Jays,2,6,592314,Mike Foltynewicz,571927,Steven Matz,1,5325
2021-04-05,634616,Cleveland Indians,Kansas City Royals,0,3,663531,Logan Allen,518633,Danny Duffy,1,5
2021-04-05,634587,New York Yankees,Baltimore Orioles,7,0,656756,Jordan Montgomery,605347,Jorge López,1,3313
2021-04-05,634558,Cincinnati Reds,Pittsburgh Pirates,5,3,592254,José De León,664141,JT Brubaker,1,2602
2021-04-05,634562,Miami Marlins,St. Louis Cardinals,1,4,669432,Trevor Rogers,594965,Daniel Ponce de Leon,1,4169
2021-04-05,634606,Philadelphia Phillies,New York Mets,5,3,519043,Matt Moore,594798,Jacob deGrom,1,2681
2021-04-05,634601,Boston Red Sox,Tampa Bay Rays,11,2,601713,Nick Pivetta,608379,Michael Wacha,1,3
2021-04-05,634566,Chicago Cubs,Milwaukee Brewers,5,3,592866,Trevor Williams,474463,Brett Anderson,1,17
2021-04-05,634552,Los Angeles Angels,Houston Astros,7,6,500779,Jose Quintana,677651,Luis Garcia,1,1
2021-04-05,634600,Oakland Athletics,Los Angeles Dodgers,3,10,593423,Frankie Montas,669160,Dustin May,1,10
2021-04-05,634591,San Diego Padres,San Francisco Giants,2,3,670970,Adrian Morejon,543101,Anthony DeSclafani,1,2680
2021-04-05,634551,Seattle Mariners,Chicago White Sox,0,6,656954,Justus Sheffield,607074,Carlos Rodón,1,680
2021-04-06,634603,Detroit Tigers,Minnesota Twins,4,3,663554,Casey Mize,457918,J.A. Happ,1,2394
2021-04-06,634624,Washington Nationals,Atlanta Braves,6,5,453286,Max Scherzer,592767,Drew Smyly,1,3309
2021-04-06,634586,Los Angeles Angels,Houston Astros,2,4,605164,Dylan Bundy,425844,Zack Greinke,1,1
2021-04-06,634599,New York Yankees,Baltimore Orioles,7,2,543037,Gerrit Cole,665152,Dean Kremer,1,3313
2021-04-06,634530,Cincinnati Reds,Pittsburgh Pirates,14,1,489119,Wade Miley,502239,Trevor Cahill,1,2602
2021-04-06,634594,Miami Marlins,St. Louis Cardinals,2,4,645261,Sandy Alcantara,607231,John Gant,1,4169
2021-04-06,634608,Philadelphia Phillies,New York Mets,4,8,502624,Chase Anderson,573186,Marcus Stroman,1,2681
2021-04-06,634590,Boston Red Sox,Tampa Bay Rays,6,5,527048,Martín Pérez,607192,Tyler Glasnow,1,3
2021-04-06,634559,Chicago Cubs,Milwaukee Brewers,0,4,640470,Adbert Alzolay,642547,Freddy Peralta,1,17
2021-04-06,634635,Texas Rangers,Toronto Blue Jays,7,4,641540,Dane Dunning,543699,Tanner Roark,1,5325
2021-04-06,634619,Colorado Rockies,Arizona Diamondbacks,8,10,608566,Germán Márquez,596133,Luke Weaver,1,19
2021-04-06,634628,Oakland Athletics,Los Angeles Dodgers,1,5,605135,Chris Bassitt,477132,Clayton Kershaw,1,10
2021-04-06,634529,San Diego Padres,San Francisco Giants,3,1,506433,Yu Darvish,592717,Aaron Sanchez,1,2680
2021-04-06,634609,Seattle Mariners,Chicago White Sox,4,10,572020,James Paxton,608337,Lucas Giolito,1,680
2021-04-07,634527,Washington Nationals,Atlanta Braves,6,7,607200,Erick Fedde,608331,Max Fried,1,3309
2021-04-07,634595,Washington Nationals,Atlanta Braves,0,2,544931,Stephen Strasburg,660623,Huascar Ynoa,2,3309
2021-04-07,634570,Cincinnati Reds,Pittsburgh Pirates,11,4,622491,Luis Castillo,641771,Chad Kuhl,1,2602
2021-04-07,634589,Cleveland Indians,Kansas City Royals,4,2,669456,Shane Bieber,596001,Jakob Junis,1,5
2021-04-07,634641,Boston Red Sox,Tampa Bay Rays,9,2,543135,Nathan Eovaldi,642232,Ryan Yarbrough,1,3
2021-04-07,634598,Detroit Tigers,Minnesota Twins,2,3,571510,Matthew Boyd,628317,Kenta Maeda,1,2394
2021-04-07,634583,Texas Rangers,Toronto Blue Jays,2,1,502043,Kyle Gibson,547943,Hyun Jin Ryu,1,5325
2021-04-07,634549,Chicago Cubs,Milwaukee Brewers,2,4,543294,Kyle Hendricks,605540,Brandon Woodruff,1,17
2021-04-07,634567,Oakland Athletics,Los Angeles Dodgers,4,3,666200,Jesús Luzardo,545333,Trevor Bauer,1,10
2021-04-07,634626,Philadelphia Phillies,New York Mets,8,2,605400,Aaron Nola,656849,David Peterson,1,2681
2021-04-07,634563,San Diego Padres,San Francisco Giants,2,3,605483,Blake Snell,592332,Kevin Gausman,1,2680
2021-04-07,634592,Seattle Mariners,Chicago White Sox,8,4,643290,Justin Dunn,572971,Dallas Keuchel,1,680
2021-04-07,634585,Miami Marlins,St. Louis Cardinals,0,7,641154,Pablo López,656427,Jack Flaherty,1,4169
2021-04-07,634539,New York Yankees,Baltimore Orioles,3,4,592791,Jameson Taillon,607644,John Means,1,3313
2021-04-07,634542,Colorado Rockies,Arizona Diamondbacks,8,0,622608,Antonio Senzatela,518516,Madison Bumgarner,1,19
2021-04-08,634584,New York Mets,Miami Marlins,3,2,592836,Taijuan Walker,663734,Nick Neidert,1,3289
2021-04-08,634555,Pittsburgh Pirates,Chicago Cubs,2,4,542881,Tyler Anderson,453562,Jake Arrieta,1,31
2021-04-08,634544,Baltimore Orioles,Boston Red Sox,3,7,518774,Matt Harvey,593958,Eduardo Rodriguez,1,2
2021-04-08,634564,Colorado Rockies,Arizona Diamondbacks,7,3,592351,Jon Gray,518876,Merrill Kelly,1,19
2021-04-08,634550,Minnesota Twins,Seattle Mariners,10,2,621244,José Berríos,594835,Marco Gonzales,1,3312
2021-04-08,634565,Chicago White Sox,Kansas City Royals,6,0,458681,Lance Lynn,641745,Brad Keller,1,4
2021-04-08,634568,St. Louis Cardinals,Milwaukee Brewers,3,1,425794,Adam Wainwright,669203,Corbin Burnes,1,2889
2021-04-08,634545,Toronto Blue Jays,Los Angeles Angels,5,7,548389,Ross Stripling,656288,Griffin Canning,1,2536
2021-04-08,634546,Houston Astros,Oakland Athletics,6,2,664299,Cristian Javier,608344,Cole Irvin,1,2392
2021-04-09,634499,Tampa Bay Rays,New York Yankees,10,5,448179,Rich Hill,446372,Corey Kluber,1,12
2021-04-09,634533,Los Angeles Dodgers,Washington Nationals,1,0,621111,Walker Buehler,605452,Joe Ross,1,22
2021-04-09,634494,San Francisco Giants,Colorado Rockies,3,1,456501,Johnny Cueto,596295,Austin Gomber,1,2395
2021-04-09,634512,Toronto Blue Jays,Los Angeles Angels,1,7,475479,David Phelps,571760,Andrew Heaney,1,2536
2021-04-09,634505,Cleveland Indians,Detroit Tigers,4,1,668676,Zach Plesac,527054,Julio Teheran,1,5
2021-04-09,634534,Atlanta Braves,Philadelphia Phillies,8,1,450203,Charlie Morton,554430,Zack Wheeler,1,4705
2021-04-09,634478,Texas Rangers,San Diego Padres,0,3,685503,Kohei Arihara,605397,Joe Musgrove,1,5325
2021-04-09,634537,Houston Astros,Oakland Athletics,2,6,621121,Lance McCullers Jr.,640455,Sean Manaea,1,2392
2021-04-09,634540,Arizona Diamondbacks,Cincinnati Reds,5,6,642203,Taylor Widener,641816,Tyler Mahle,1,15
2021-04-10,632201,New York Mets,Miami Marlins,0,3,594798,Jacob deGrom,669432,Trevor Rogers,1,3289
2021-04-10,632217,Tampa Bay Rays,New York Yankees,4,0,502042,Chris Archer,593334,Domingo Germán,1,12
2021-04-10,632205,Minnesota Twins,Seattle Mariners,3,4,501381,Michael Pineda,579328,Yusei Kikuchi,1,3312
2021-04-10,632222,St. Louis Cardinals,Milwaukee Brewers,5,9,593372,Carlos Martinez,605288,Adrian Houser,1,2889
2021-04-10,632202,Houston Astros,Oakland Athletics,3,7,664353,José Urquidy,593423,Frankie Montas,1,2392
2021-04-10,632169,San Francisco Giants,Colorado Rockies,4,3,657277,Logan Webb,592346,Chi Chi González,1,2395
2021-04-10,632218,Cleveland Indians,Detroit Tigers,11,3,650644,Aaron Civale,669373,Tarik Skubal,1,5
2021-04-10,632195,Pittsburgh Pirates,Chicago Cubs,8,2,656605,Mitch Keller,605200,Zach Davies,1,31
2021-04-10,634491,Baltimore Orioles,Boston Red Sox,4,6,669145,Bruce Zimmermann,572070,Garrett Richards,1,2
2021-04-10,632193,Texas Rangers,San Diego Padres,4,7,543475,Jordan Lyles,663978,Chris Paddack,1,5325
2021-04-10,632227,Toronto Blue Jays,Los Angeles Angels,15,1,571927,Steven Matz,500779,Jose Quintana,1,2536
2021-04-10,634524,Atlanta Braves,Philadelphia Phillies,5,4,666120,Ian Anderson,621107,Zach Eflin,1,4705
2021-04-10,634484,Arizona Diamondbacks,Cincinnati Reds,8,3,642092,Riley Smith,656546,Jeff Hoffman,1,15
2021-04-10,632191,Los Angeles Dodgers,Washington Nationals,9,5,628711,Julio Urías,571578,Patrick Corbin,1,22
2021-04-11,632200,Baltimore Orioles,Boston Red Sox,9,14,605347,Jorge López,601713,Nick Pivetta,1,2
2021-04-11,632225,Pittsburgh Pirates,Chicago Cubs,7,1,664141,JT Brubaker,592866,Trevor Williams,1,31
2021-04-11,632228,Cleveland Indians,Detroit Tigers,5,2,663531,Logan Allen,570632,José Ureña,1,5
2021-04-11,632192,New York Mets,Miami Marlins,6,5,592836,Taijuan Walker,622694,Elieser Hernández,1,3289
2021-04-11,632232,Tampa Bay Rays,New York Yankees,4,8,641703,Brent Honeywell,656756,Jordan Montgomery,1,12
2021-04-11,632215,Minnesota Twins,Seattle Mariners,6,8,533167,Matt Shoemaker,623167,Chris Flexen,1,3312
2021-04-11,632170,Chicago White Sox,Kansas City Royals,3,4,656302,Dylan Cease,501985,Mike Minor,1,4
2021-04-11,632196,St. Louis Cardinals,Milwaukee Brewers,3,9,594965,Daniel Ponce de Leon,474463,Brett Anderson,1,2889
2021-04-11,632233,Texas Rangers,San Diego Padres,0,2,592314,Mike Foltynewicz,670970,Adrian Morejon,1,5325
2021-04-11,632188,San Francisco Giants,Colorado Rockies,4,0,543101,Anthony DeSclafani,608566,Germán Márquez,1,2395
2021-04-11,632209,Arizona Diamondbacks,Cincinnati Reds,7,0,596133,Luke Weaver,592254,José De León,1,15
2021-04-11,632214,Los Angeles Dodgers,Washington Nationals,3,0,477132,Clayton Kershaw,453286,Max Scherzer,1,22
2021-04-11,632207,Atlanta Braves,Philadelphia Phillies,6,7,592767,Drew Smyly,519043,Matt Moore,1,4705
2021-04-12,632198,Pittsburgh Pirates,San Diego Padres,2,6,502239,Trevor Cahill,506433,Yu Darvish,1,31
2021-04-12,632203,Toronto Blue Jays,New York Yankees,1,3,592662,Robbie Ray,543037,Gerrit Cole,1,2536
2021-04-12,632204,Tampa Bay Rays,Texas Rangers,1,0,607192,Tyler Glasnow,641540,Dane Dunning,1,12
2021-04-12,632219,Atlanta Braves,Miami Marlins,3,5,660623,Huascar Ynoa,645261,Sandy Alcantara,1,4705
2021-04-12,632221,Milwaukee Brewers,Chicago Cubs,6,3,642547,Freddy Peralta,640470,Adbert Alzolay,1,32
2021-04-12,632230,St. Louis Cardinals,Washington Nationals,2,5,607231,John Gant,607200,Erick Fedde,1,2889
2021-04-12,632220,Houston Astros,Detroit Tigers,2,6,425844,Zack Greinke,663554,Casey Mize,1,2392
2021-04-12,632197,Kansas City Royals,Los Angeles Angels,3,10,663903,Brady Singer,502171,Alex Cobb,1,7
2021-04-12,632216,Chicago White Sox,Cleveland Indians,4,3,572971,Dallas Keuchel,663474,Triston McKenzie,1,4
2021-04-12,632231,Arizona Diamondbacks,Oakland Athletics,5,9,518516,Madison Bumgarner,605135,Chris Bassitt,1,15
2021-04-12,634648,San Francisco Giants,Cincinnati Reds,0,3,592717,Aaron Sanchez,489119,Wade Miley,1,2395
2021-04-13,632190,Minnesota Twins,Boston Red Sox,2,4,457918,J.A. Happ,527048,Martín Pérez,1,3312
2021-04-13,632206,Arizona Diamondbacks,Oakland Athletics,5,7,668678,Zac Gallen,666200,Jesús Luzardo,1,15
2021-04-13,632213,Baltimore Orioles,Seattle Mariners,3,4,607644,John Means,656954,Justus Sheffield,1,2
2021-04-13,632224,Baltimore Orioles,Seattle Mariners,7,6,665152,Dean Kremer,676606,Nick Margevicius,2,2
2021-04-13,632189,New York Mets,Philadelphia Phillies,4,3,592836,Taijuan Walker,502624,Chase Anderson,1,3289
2021-04-13,632226,New York Mets,Philadelphia Phillies,4,0,573186,Marcus Stroman,605400,Aaron Nola,2,3289
2021-04-13,634535,Pittsburgh Pirates,San Diego Padres,8,4,641771,Chad Kuhl,605483,Blake Snell,1,31
2021-04-13,634569,Toronto Blue Jays,New York Yankees,7,3,547943,Hyun Jin Ryu,592791,Jameson Taillon,1,2536
2021-04-13,634489,Tampa Bay Rays,Texas Rangers,3,8,642232,Ryan Yarbrough,502043,Kyle Gibson,1,12
2021-04-13,632211,Atlanta Braves,Miami Marlins,8,14,608331,Max Fried,641154,Pablo López,1,4705
2021-04-13,632194,Milwaukee Brewers,Chicago Cubs,2,3,605540,Brandon Woodruff,621219,Alec Mills,1,32
2021-04-13,634502,St. Louis Cardinals,Washington Nationals,14,3,656427,Jack Flaherty,544931,Stephen Strasburg,1,2889
2021-04-13,632229,Houston Astros,Detroit Tigers,2,8,543606,Jake Odorizzi,571510,Matthew Boyd,1,2392
2021-04-13,632210,Kansas City Royals,Los Angeles Angels,3,2,518633,Danny Duffy,605164,Dylan Bundy,1,7
2021-04-13,632199,Chicago White Sox,Cleveland Indians,0,2,608337,Lucas Giolito,669456,Shane Bieber,1,4
2021-04-13,634510,San Francisco Giants,Cincinnati Reds,7,6,592332,Kevin Gausman,622491,Luis Castillo,1,2395
2021-04-13,632212,Los Angeles Dodgers,Colorado Rockies,7,0,545333,Trevor Bauer,622608,Antonio Senzatela,1,22
2021-04-14,634513,Toronto Blue Jays,New York Yankees,5,4,643615,T.J. Zeuch,446372,Corey Kluber,1,2536
2021-04-14,634541,St. Louis Cardinals,Washington Nationals,0,6,425794,Adam Wainwright,605452,Joe Ross,1,2889
2021-04-14,634553,Milwaukee Brewers,Chicago Cubs,7,0,669203,Corbin Burnes,453562,Jake Arrieta,1,32
2021-04-14,634495,Kansas City Royals,Los Angeles Angels,6,1,641745,Brad Keller,656288,Griffin Canning,1,7
2021-04-14,634574,Minnesota Twins,Boston Red Sox,2,3,628317,Kenta Maeda,543135,Nathan Eovaldi,1,3312
2021-04-14,632223,Minnesota Twins,Boston Red Sox,1,7,621244,José Berríos,593958,Eduardo Rodriguez,2,3312
2021-04-14,634582,San Francisco Giants,Cincinnati Reds,3,0,456501,Johnny Cueto,641816,Tyler Mahle,1,2395
2021-04-14,634523,Pittsburgh Pirates,San Diego Padres,5,1,542881,Tyler Anderson,605397,Joe Musgrove,1,31
2021-04-14,634521,Houston Astros,Detroit Tigers,4,6,621121,Lance McCullers Jr.,605242,Michael Fulmer,1,2392
2021-04-14,634496,Tampa Bay Rays,Texas Rangers,1,5,676596,Josh Fleming,685503,Kohei Arihara,1,12
2021-04-14,634528,New York Mets,Philadelphia Phillies,5,1,656849,David Peterson,554430,Zack Wheeler,1,3289
2021-04-14,634581,Atlanta Braves,Miami Marlins,5,6,450203,Charlie Morton,663734,Nick Neidert,1,4705
2021-04-14,634516,Chicago White Sox,Cleveland Indians,8,0,607074,Carlos Rodón,668676,Zach Plesac,1,4
2021-04-14,634614,Los Angeles Dodgers,Colorado Rockies,4,2,669160,Dustin May,592351,Jon Gray,1,22
2021-04-15,634579,Atlanta Braves,Miami Marlins,7,6,666120,Ian Anderson,669432,Trevor Rogers,1,4705
2021-04-15,634621,Pittsburgh Pirates,San Diego Padres,3,8,656605,Mitch Keller,663978,Chris Paddack,1,31
2021-04-15,634571,Baltimore Orioles,Seattle Mariners,2,4,518774,Matt Harvey,594835,Marco Gonzales,1,2
2021-04-15,634472,Baltimore Orioles,Seattle Mariners,1,2,669145,Bruce Zimmermann,643290,Justin Dunn,2,2
2021-04-15,634554,Minnesota Twins,Boston Red Sox,4,3,501381,Michael Pineda,572070,Garrett Richards,1,3312
2021-04-15,634501,Chicago White Sox,Cleveland Indians,2,4,458681,Lance Lynn,650644,Aaron Civale,1,4
2021-04-15,634481,Washington Nationals,Arizona Diamondbacks,6,11,571578,Patrick Corbin,518876,Merrill Kelly,1,3309
2021-04-15,634522,Tampa Bay Rays,Texas Rangers,4,6,448179,Rich Hill,543475,Jordan Lyles,1,12
2021-04-15,634475,Kansas City Royals,Toronto Blue Jays,7,5,596001,Jakob Junis,641743,Anthony Kay,1,7
2021-04-15,634632,Oakland Athletics,Detroit Tigers,8,4,640455,Sean Manaea,669373,Tarik Skubal,1,10
2021-04-15,634547,Los Angeles Dodgers,Colorado Rockies,7,5,628711,Julio Urías,596295,Austin Gomber,1,22
2021-04-16,634548,Chicago Cubs,Atlanta Braves,2,5,605200,Zach Davies,657140,Kyle Wright,1,17
2021-04-16,634469,Washington Nationals,Arizona Diamondbacks,1,0,453286,Max Scherzer,642203,Taylor Widener,1,3309
2021-04-16,634474,Philadelphia Phillies,St. Louis Cardinals,9,2,621107,Zach Eflin,593372,Carlos Martinez,1,2681
2021-04-16,634464,New York Yankees,Tampa Bay Rays,2,8,656793,Nick Nelson,608379,Michael Wacha,1,3313
2021-04-16,634482,Cincinnati Reds,Cleveland Indians,10,3,656546,Jeff Hoffman,663531,Logan Allen,1,2602
2021-04-16,634519,Miami Marlins,San Francisco Giants,4,1,641447,Daniel Castano,543101,Anthony DeSclafani,1,4169
2021-04-16,634463,Texas Rangers,Baltimore Orioles,2,5,592314,Mike Foltynewicz,605347,Jorge López,1,5325
2021-04-16,634483,Milwaukee Brewers,Pittsburgh Pirates,1,6,605288,Adrian Houser,664141,JT Brubaker,1,32
2021-04-16,634526,Los Angeles Angels,Minnesota Twins,10,3,571760,Andrew Heaney,626929,Lewis Thorpe,1,1
2021-04-16,634525,Oakland Athletics,Detroit Tigers,3,0,593423,Frankie Montas,570632,José Ureña,1,10
2021-04-16,634531,San Diego Padres,Los Angeles Dodgers,6,11,677960,Ryan Weathers,621111,Walker Buehler,1,2680
2021-04-16,634517,Seattle Mariners,Houston Astros,6,5,579328,Yusei Kikuchi,664353,José Urquidy,1,680
2021-04-17,634507,Washington Nationals,Arizona Diamondbacks,6,2,607200,Erick Fedde,596133,Luke Weaver,1,3309
2021-04-17,634500,New York Yankees,Tampa Bay Rays,3,6,656756,Jordan Montgomery,607192,Tyler Glasnow,1,3313
2021-04-17,634477,Kansas City Royals,Toronto Blue Jays,1,5,501985,Mike Minor,571927,Steven Matz,1,7
2021-04-17,634520,Kansas City Royals,Toronto Blue Jays,3,2,429722,Ervin Santana,543548,Tommy Milone,2,7
2021-04-17,634462,Chicago Cubs,Atlanta Braves,13,4,592866,Trevor Williams,660623,Huascar Ynoa,1,17
2021-04-17,634470,Philadelphia Phillies,St. Louis Cardinals,4,9,519043,Matt Moore,547942,Kwang Hyun Kim,1,2681
2021-04-17,634471,Boston Red Sox,Chicago White Sox,7,4,601713,Nick Pivetta,656302,Dylan Cease,1,3
2021-04-17,634479,Oakland Athletics,Detroit Tigers,7,0,608344,Cole Irvin,663554,Casey Mize,1,10
2021-04-17,634460,Cincinnati Reds,Cleveland Indians,3,2,543243,Sonny Gray,663474,Triston McKenzie,1,2602
2021-04-17,634485,Colorado Rockies,New York Mets,3,4,592346,Chi Chi González,594798,Jacob deGrom,1,19
2021-04-17,634561,Colorado Rockies,New York Mets,7,2,608566,Germán Márquez,664192,Joey Lucchesi,2,19
2021-04-17,634450,Miami Marlins,San Francisco Giants,7,6,645261,Sandy Alcantara,592717,Aaron Sanchez,1,4169
2021-04-17,634543,Texas Rangers,Baltimore Orioles,1,6,641540,Dane Dunning,665152,Dean Kremer,1,5325
2021-04-17,634473,Milwaukee Brewers,Pittsburgh Pirates,7,1,474463,Brett Anderson,502239,Trevor Cahill,1,32
2021-04-17,634449,San Diego Padres,Los Angeles Dodgers,0,2,506433,Yu Darvish,477132,Clayton Kershaw,1,2680
2021-04-17,634447,Seattle Mariners,Houston Astros,0,1,623167,Chris Flexen,425844,Zack Greinke,1,680
2021-04-18,634493,Washington Nationals,Arizona Diamondbacks,2,5,502179,Paolo Espino,518516,Madison Bumgarner,1,3309
2021-04-18,634498,Philadelphia Phillies,St. Louis Cardinals,2,0,605400,Aaron Nola,607231,John Gant,1,2681
2021-04-18,634458,New York Yankees,Tampa Bay Rays,2,4,543037,Gerrit Cole,552640,Andrew Kittredge,1,3313
2021-04-18,634487,Cincinnati Reds,Cleveland Indians,3,6,489119,Wade Miley,669456,Shane Bieber,1,2602
2021-04-18,634532,Boston Red Sox,Chicago White Sox,2,3,656557,Tanner Houck,572971,Dallas Keuchel,1,3
2021-04-18,634518,Boston Red Sox,Chicago White Sox,1,5,527048,Martín Pérez,656629,Michael Kopech,2,3
2021-04-18,634425,Miami Marlins,San Francisco Giants,0,1,641154,Pablo López,622072,Alex Wood,1,4169
2021-04-18,634442,Kansas City Royals,Toronto Blue Jays,2,0,663903,Brady Singer,592662,Robbie Ray,1,7
2021-04-18,634455,Milwaukee Brewers,Pittsburgh Pirates,5,6,642547,Freddy Peralta,641771,Chad Kuhl,1,32
2021-04-18,634511,Texas Rangers,Baltimore Orioles,1,0,502043,Kyle Gibson,607644,John Means,1,5325
2021-04-18,634468,Colorado Rockies,New York Mets,1,2,622608,Antonio Senzatela,573186,Marcus Stroman,1,19
2021-04-18,634480,Oakland Athletics,Detroit Tigers,3,2,605135,Chris Bassitt,571510,Matthew Boyd,1,10
2021-04-18,634488,San Diego Padres,Los Angeles Dodgers,5,2,605483,Blake Snell,545333,Trevor Bauer,1,2680
2021-04-18,634538,Seattle Mariners,Houston Astros,7,2,676606,Nick Margevicius,543606,Jake Odorizzi,1,680
2021-04-18,634506,Chicago Cubs,Atlanta Braves,4,13,543294,Kyle Hendricks,669060,Bryse Wilson,1,17
2021-04-19,634445,Boston Red Sox,Chicago White Sox,11,4,543135,Nathan Eovaldi,608337,Lucas Giolito,1,3
2021-04-19,634431,Washington Nationals,St. Louis Cardinals,5,12,605452,Joe Ross,656427,Jack Flaherty,1,3309
2021-04-19,634457,Philadelphia Phillies,San Francisco Giants,0,2,502624,Chase Anderson,592332,Kevin Gausman,1,2681
2021-04-19,634396,Kansas City Royals,Tampa Bay Rays,1,4,518633,Danny Duffy,676596,Josh Fleming,1,7
2021-04-19,634536,Los Angeles Angels,Texas Rangers,4,6,605164,Dylan Bundy,685503,Kohei Arihara,1,1
2021-04-19,634421,Seattle Mariners,Los Angeles Dodgers,4,3,656954,Justus Sheffield,669160,Dustin May,1,680
2021-04-19,634399,San Diego Padres,Milwaukee Brewers,1,3,605397,Joe Musgrove,605540,Brandon Woodruff,1,2680
2021-04-20,634417,Seattle Mariners,Los Angeles Dodgers,0,1,594835,Marco Gonzales,628711,Julio Urías,1,680
2021-04-20,634397,Cleveland Indians,Chicago White Sox,5,8,668676,Zach Plesac,607074,Carlos Rodón,1,5
2021-04-20,634490,Oakland Athletics,Minnesota Twins,7,0,640455,Sean Manaea,533167,Matt Shoemaker,1,10
2021-04-20,634466,Oakland Athletics,Minnesota Twins,1,0,666200,Jesús Luzardo,621244,José Berríos,2,10
2021-04-20,634422,New York Yankees,Atlanta Braves,3,1,592791,Jameson Taillon,450203,Charlie Morton,1,3313
2021-04-20,634408,Cincinnati Reds,Arizona Diamondbacks,4,5,622491,Luis Castillo,668678,Zac Gallen,1,2602
2021-04-20,634427,Miami Marlins,Baltimore Orioles,5,7,663734,Nick Neidert,518774,Matt Harvey,1,4169
2021-04-20,634509,Washington Nationals,St. Louis Cardinals,3,2,571578,Patrick Corbin,425794,Adam Wainwright,1,3309
2021-04-20,634439,Philadelphia Phillies,San Francisco Giants,7,10,554430,Zack Wheeler,657277,Logan Webb,1,2681
2021-04-20,634409,Boston Red Sox,Toronto Blue Jays,4,2,593958,Eduardo Rodriguez,547943,Hyun Jin Ryu,1,3
2021-04-20,634411,Chicago Cubs,New York Mets,3,1,453562,Jake Arrieta,592836,Taijuan Walker,1,17
2021-04-20,634407,Kansas City Royals,Tampa Bay Rays,7,14,641745,Brad Keller,448179,Rich Hill,1,7
2021-04-20,634406,Colorado Rockies,Houston Astros,6,2,592351,Jon Gray,677651,Luis Garcia,1,19
2021-04-20,634398,Los Angeles Angels,Texas Rangers,6,2,660271,Shohei Ohtani,543475,Jordan Lyles,1,1
2021-04-20,634392,San Diego Padres,Milwaukee Brewers,0,6,663978,Chris Paddack,669203,Corbin Burnes,1,2680
2021-04-21,634428,Philadelphia Phillies,San Francisco Giants,6,5,621107,Zach Eflin,543101,Anthony DeSclafani,1,2681
2021-04-21,634497,Miami Marlins,Baltimore Orioles,3,0,669432,Trevor Rogers,669145,Bruce Zimmermann,1,4169
2021-04-21,634390,Detroit Tigers,Pittsburgh Pirates,2,3,605242,Michael Fulmer,542881,Tyler Anderson,1,2394
2021-04-21,634423,Detroit Tigers,Pittsburgh Pirates,5,2,605513,Spencer Turnbull,664337,Miguel Yajure,2,2394
2021-04-21,634424,Colorado Rockies,Houston Astros,6,3,596295,Austin Gomber,664353,José Urquidy,1,19
2021-04-21,634440,Oakland Athletics,Minnesota Twins,13,12,593423,Frankie Montas,628317,Kenta Maeda,1,10
2021-04-21,634405,Washington Nationals,St. Louis Cardinals,1,0,453286,Max Scherzer,593372,Carlos Martinez,1,3309
2021-04-21,634430,Los Angeles Angels,Texas Rangers,4,7,500779,Jose Quintana,592314,Mike Foltynewicz,1,1
2021-04-21,634476,San Diego Padres,Milwaukee Brewers,2,4,659275,Dinelson Lamet,605288,Adrian Houser,1,2680
2021-04-20,634408,Cincinnati Reds,Arizona Diamondbacks,4,5,622491,Luis Castillo,668678,Zac Gallen,1,2602
2021-04-21,634504,New York Yankees,Atlanta Braves,1,4,446372,Corey Kluber,666120,Ian Anderson,1,3313
2021-04-21,634444,Cincinnati Reds,Arizona Diamondbacks,5,8,641816,Tyler Mahle,518876,Merrill Kelly,1,2602
2021-04-21,634459,Boston Red Sox,Toronto Blue Jays,3,6,572070,Garrett Richards,663423,Trent Thornton,1,3
2021-04-21,634453,Chicago Cubs,New York Mets,16,4,605200,Zach Davies,656849,David Peterson,1,17
2021-04-21,634446,Kansas City Royals,Tampa Bay Rays,9,8,596001,Jakob Junis,608379,Michael Wacha,1,7
2021-04-22,634514,Cincinnati Reds,Arizona Diamondbacks,11,14,656546,Jeff Hoffman,642203,Taylor Widener,1,2602
2021-04-22,634492,Detroit Tigers,Pittsburgh Pirates,2,4,570632,José Ureña,656605,Mitch Keller,1,2394
2021-04-22,634436,Cleveland Indians,New York Yankees,3,6,650644,Aaron Civale,593334,Domingo Germán,1,5
2021-04-22,634508,Boston Red Sox,Seattle Mariners,3,7,601713,Nick Pivetta,643290,Justin Dunn,1,3
2021-04-22,634419,Chicago Cubs,New York Mets,4,3,592866,Trevor Williams,664192,Joey Lucchesi,1,17
2021-04-22,634438,Houston Astros,Los Angeles Angels,8,2,664299,Cristian Javier,502171,Alex Cobb,1,2392
2021-04-22,634432,San Francisco Giants,Miami Marlins,3,0,592717,Aaron Sanchez,641447,Daniel Castano,1,2395
2021-04-22,634420,Los Angeles Dodgers,San Diego Padres,2,3,621111,Walker Buehler,677960,Ryan Weathers,1,22
2021-04-23,634426,Chicago Cubs,Milwaukee Brewers,15,2,543294,Kyle Hendricks,474463,Brett Anderson,1,17
2021-04-23,634389,Baltimore Orioles,Oakland Athletics,1,3,605347,Jorge López,608344,Cole Irvin,1,2
2021-04-23,634412,Detroit Tigers,Kansas City Royals,2,6,663554,Casey Mize,501985,Mike Minor,1,2394
2021-04-23,634429,New York Mets,Washington Nationals,6,0,594798,Jacob deGrom,607200,Erick Fedde,1,3289
2021-04-23,634386,Boston Red Sox,Seattle Mariners,6,5,527048,Martín Pérez,579328,Yusei Kikuchi,1,3
2021-04-23,634413,Tampa Bay Rays,Toronto Blue Jays,3,5,607192,Tyler Glasnow,571927,Steven Matz,1,12
2021-04-23,634437,Cleveland Indians,New York Yankees,3,5,663531,Logan Allen,656756,Jordan Montgomery,1,5
2021-04-23,634415,Atlanta Braves,Arizona Diamondbacks,5,4,660623,Huascar Ynoa,596133,Luke Weaver,1,4705
2021-04-23,634383,Houston Astros,Los Angeles Angels,5,4,425844,Zack Greinke,571760,Andrew Heaney,1,2392
2021-04-23,634434,Minnesota Twins,Pittsburgh Pirates,2,0,457918,J.A. Happ,664141,JT Brubaker,1,3312
2021-04-23,634435,Chicago White Sox,Texas Rangers,9,7,656302,Dylan Cease,641540,Dane Dunning,1,4
2021-04-23,634378,St. Louis Cardinals,Cincinnati Reds,5,4,547942,Kwang Hyun Kim,543243,Sonny Gray,1,2889
2021-04-23,634401,Colorado Rockies,Philadelphia Phillies,5,4,608566,Germán Márquez,592826,Vince Velasquez,1,19
2021-04-23,634369,San Francisco Giants,Miami Marlins,5,3,622072,Alex Wood,645261,Sandy Alcantara,1,2395
2021-04-23,634370,Los Angeles Dodgers,San Diego Padres,1,6,477132,Clayton Kershaw,506433,Yu Darvish,1,22
2021-04-24,634375,Detroit Tigers,Kansas City Royals,1,2,571510,Matthew Boyd,663903,Brady Singer,1,2394
2021-04-24,634373,Boston Red Sox,Seattle Mariners,2,8,543135,Nathan Eovaldi,623167,Chris Flexen,1,3
2021-04-24,634467,Minnesota Twins,Pittsburgh Pirates,2,6,501381,Michael Pineda,502239,Trevor Cahill,1,3312
2021-04-24,634395,St. Louis Cardinals,Cincinnati Reds,2,0,607231,John Gant,489119,Wade Miley,1,2889
2021-04-24,634416,Chicago Cubs,Milwaukee Brewers,3,4,640470,Adbert Alzolay,642547,Freddy Peralta,1,17
2021-04-24,634443,New York Mets,Washington Nationals,1,7,573186,Marcus Stroman,605452,Joe Ross,1,3289
2021-04-24,634366,Houston Astros,Los Angeles Angels,16,2,543606,Jake Odorizzi,656288,Griffin Canning,1,2392
2021-04-24,634358,Tampa Bay Rays,Toronto Blue Jays,5,3,641703,Brent Honeywell,592662,Robbie Ray,1,12
2021-04-24,634486,Cleveland Indians,New York Yankees,1,2,669456,Shane Bieber,543037,Gerrit Cole,1,5
2021-04-24,634367,Baltimore Orioles,Oakland Athletics,2,7,453281,Wade LeBlanc,605135,Chris Bassitt,1,2
2021-04-24,634384,Chicago White Sox,Texas Rangers,2,1,572971,Dallas Keuchel,502043,Kyle Gibson,1,4
2021-04-24,634418,Colorado Rockies,Philadelphia Phillies,5,7,622608,Antonio Senzatela,605400,Aaron Nola,1,19
2021-04-24,634503,San Francisco Giants,Miami Marlins,2,5,592332,Kevin Gausman,641154,Pablo López,1,2395
2021-04-24,634361,Los Angeles Dodgers,San Diego Padres,5,4,545333,Trevor Bauer,605483,Blake Snell,1,22
2021-04-25,634454,Baltimore Orioles,Oakland Athletics,8,1,607644,John Means,666200,Jesús Luzardo,1,2
2021-04-25,634448,Detroit Tigers,Kansas City Royals,0,4,605242,Michael Fulmer,518633,Danny Duffy,1,2394
2021-04-25,634344,New York Mets,Washington Nationals,4,0,592836,Taijuan Walker,571578,Patrick Corbin,1,3289
2021-04-25,634355,Boston Red Sox,Seattle Mariners,5,3,593958,Eduardo Rodriguez,676606,Nick Margevicius,1,3
2021-04-25,634376,Tampa Bay Rays,Toronto Blue Jays,0,1,672715,Luis Patiño,547943,Hyun Jin Ryu,1,12
2021-04-25,634372,Cleveland Indians,New York Yankees,7,3,663474,Triston McKenzie,592791,Jameson Taillon,1,5
2021-04-25,634404,Atlanta Braves,Arizona Diamondbacks,0,5,669060,Bryse Wilson,668678,Zac Gallen,1,4705
2021-04-25,634380,Atlanta Braves,Arizona Diamondbacks,0,7,592767,Drew Smyly,518516,Madison Bumgarner,2,4705
2021-04-25,634403,Houston Astros,Los Angeles Angels,2,4,621121,Lance McCullers Jr.,605164,Dylan Bundy,1,2392
2021-04-25,634349,Minnesota Twins,Pittsburgh Pirates,2,6,533167,Matt Shoemaker,640444,Wil Crowe,1,3312
2021-04-25,634393,Chicago White Sox,Texas Rangers,8,4,656629,Michael Kopech,685503,Kohei Arihara,1,4
2021-04-25,634456,St. Louis Cardinals,Cincinnati Reds,5,2,656427,Jack Flaherty,622491,Luis Castillo,1,2889
2021-04-25,634400,Chicago Cubs,Milwaukee Brewers,0,6,453562,Jake Arrieta,605540,Brandon Woodruff,1,17
2021-04-25,634388,Colorado Rockies,Philadelphia Phillies,12,2,592351,Jon Gray,502624,Chase Anderson,1,19
2021-04-25,634342,San Francisco Giants,Miami Marlins,4,3,657277,Logan Webb,446321,Ross Detwiler,1,2395
2021-04-25,634356,Los Angeles Dodgers,San Diego Padres,7,8,669160,Dustin May,605397,Joe Musgrove,1,22
2021-04-26,634451,Detroit Tigers,Kansas City Royals,2,3,605513,Spencer Turnbull,641745,Brad Keller,1,2394
2021-04-26,634394,Cleveland Indians,Minnesota Twins,5,3,668676,Zach Plesac,621244,José Berríos,1,5
2021-04-26,634433,Baltimore Orioles,New York Yankees,4,2,518774,Matt Harvey,665620,Deivi García,1,2
2021-04-26,634343,Tampa Bay Rays,Oakland Athletics,1,2,448179,Rich Hill,640455,Sean Manaea,1,12
2021-04-26,634402,Atlanta Braves,Chicago Cubs,8,7,450203,Charlie Morton,605200,Zach Davies,1,4705
2021-04-26,634461,Milwaukee Brewers,Miami Marlins,0,8,669203,Corbin Burnes,669432,Trevor Rogers,1,32
2021-04-26,634345,St. Louis Cardinals,Philadelphia Phillies,1,2,425794,Adam Wainwright,554430,Zack Wheeler,1,2889
2021-04-26,634377,Texas Rangers,Los Angeles Angels,4,9,543475,Jordan Lyles,660271,Shohei Ohtani,1,5325
2021-04-26,634382,Houston Astros,Seattle Mariners,5,2,664353,José Urquidy,656954,Justus Sheffield,1,2392
2021-04-26,634374,San Francisco Giants,Colorado Rockies,12,0,543101,Anthony DeSclafani,596295,Austin Gomber,1,2395
2021-04-26,634363,Los Angeles Dodgers,Cincinnati Reds,3,5,628711,Julio Urías,641816,Tyler Mahle,1,22
2021-04-27,634339,Cleveland Indians,Minnesota Twins,7,4,650644,Aaron Civale,628317,Kenta Maeda,1,5
2021-04-27,634331,Pittsburgh Pirates,Kansas City Royals,2,1,542881,Tyler Anderson,596001,Jakob Junis,1,31
2021-04-27,634387,Baltimore Orioles,New York Yankees,1,5,669145,Bruce Zimmermann,446372,Corey Kluber,1,2
2021-04-27,634335,Toronto Blue Jays,Washington Nationals,9,5,663423,Trent Thornton,453286,Max Scherzer,1,2536
2021-04-27,634410,New York Mets,Boston Red Sox,1,2,656849,David Peterson,572070,Garrett Richards,1,3289
2021-04-27,634368,Tampa Bay Rays,Oakland Athletics,4,3,608379,Michael Wacha,593423,Frankie Montas,1,12
2021-04-27,634351,Atlanta Braves,Chicago Cubs,5,0,666120,Ian Anderson,592866,Trevor Williams,1,4705
2021-04-27,634320,Milwaukee Brewers,Miami Marlins,5,4,605288,Adrian Houser,641447,Daniel Castano,1,32
2021-04-27,634318,St. Louis Cardinals,Philadelphia Phillies,5,2,593372,Carlos Martinez,621107,Zach Eflin,1,2889
2021-04-27,634359,Texas Rangers,Los Angeles Angels,6,1,592314,Mike Foltynewicz,500779,Jose Quintana,1,5325
2021-04-27,634333,Houston Astros,Seattle Mariners,2,0,664299,Cristian Javier,594835,Marco Gonzales,1,2392
2021-04-27,634332,Chicago White Sox,Detroit Tigers,2,5,608337,Lucas Giolito,570632,José Ureña,1,4
2021-04-27,634364,Arizona Diamondbacks,San Diego Padres,5,1,518876,Merrill Kelly,663978,Chris Paddack,1,15
2021-04-27,634354,San Francisco Giants,Colorado Rockies,5,7,592717,Aaron Sanchez,592346,Chi Chi González,1,2395
2021-04-27,634379,Los Angeles Dodgers,Cincinnati Reds,5,6,621111,Walker Buehler,656546,Jeff Hoffman,1,22
2021-04-28,634371,Cleveland Indians,Minnesota Twins,2,10,663531,Logan Allen,457918,J.A. Happ,1,5
2021-04-28,634317,Milwaukee Brewers,Miami Marlins,2,6,643327,Zack Godley,645261,Sandy Alcantara,1,32
2021-04-28,634365,Los Angeles Dodgers,Cincinnati Reds,8,0,477132,Clayton Kershaw,543243,Sonny Gray,1,22
2021-04-28,634315,Pittsburgh Pirates,Kansas City Royals,6,9,656605,Mitch Keller,501985,Mike Minor,1,31
2021-04-28,634310,New York Mets,Boston Red Sox,0,1,594798,Jacob deGrom,601713,Nick Pivetta,1,3289
2021-04-28,634362,Baltimore Orioles,New York Yankees,0,7,665152,Dean Kremer,593334,Domingo Germán,1,2
2021-04-28,634348,Toronto Blue Jays,Washington Nationals,2,8,571927,Steven Matz,607200,Erick Fedde,1,2536
2021-04-28,634308,Tampa Bay Rays,Oakland Athletics,2,0,607192,Tyler Glasnow,608344,Cole Irvin,1,12
2021-04-28,634414,Atlanta Braves,Chicago Cubs,10,0,660623,Huascar Ynoa,543294,Kyle Hendricks,1,4705
2021-04-28,634314,St. Louis Cardinals,Philadelphia Phillies,3,5,670912,Johan Oviedo,592826,Vince Velasquez,1,2889
2021-04-28,634350,Texas Rangers,Los Angeles Angels,3,4,641540,Dane Dunning,502171,Alex Cobb,1,5325
2021-04-28,634360,Houston Astros,Seattle Mariners,7,5,425844,Zack Greinke,643290,Justin Dunn,1,2392
2021-04-28,634322,Arizona Diamondbacks,San Diego Padres,3,12,642092,Riley Smith,677960,Ryan Weathers,1,15
2021-04-28,634309,San Francisco Giants,Colorado Rockies,7,3,622072,Alex Wood,608566,Germán Márquez,1,2395
2021-04-29,634300,Baltimore Orioles,New York Yankees,4,3,605347,Jorge López,656756,Jordan Montgomery,1,2
2021-04-29,634296,Tampa Bay Rays,Oakland Athletics,2,3,663556,Shane McClanahan,605135,Chris Bassitt,1,12
2021-04-29,634352,St. Louis Cardinals,Philadelphia Phillies,4,3,547942,Kwang Hyun Kim,605400,Aaron Nola,1,2889
2021-04-29,634353,Houston Astros,Seattle Mariners,0,1,677651,Luis Garcia,579328,Yusei Kikuchi,1,2392
2021-04-29,634330,Chicago White Sox,Detroit Tigers,3,1,607074,Carlos Rodón,663554,Casey Mize,1,4
2021-04-29,634357,Chicago White Sox,Detroit Tigers,11,0,656302,Dylan Cease,571510,Matthew Boyd,2,4
2021-04-29,634347,Atlanta Braves,Chicago Cubs,3,9,669060,Bryse Wilson,640470,Adbert Alzolay,1,4705
2021-04-29,634346,Milwaukee Brewers,Los Angeles Dodgers,2,1,641778,Eric Lauer,545333,Trevor Bauer,1,32
2021-04-29,634289,Texas Rangers,Boston Red Sox,4,1,502043,Kyle Gibson,527048,Martín Pérez,1,5325
2021-04-29,634385,Arizona Diamondbacks,Colorado Rockies,5,3,596133,Luke Weaver,622608,Antonio Senzatela,1,15
2021-04-30,634325,Pittsburgh Pirates,St. Louis Cardinals,3,7,664141,JT Brubaker,607231,John Gant,1,31
2021-04-30,634336,Philadelphia Phillies,New York Mets,2,1,502624,Chase Anderson,573186,Marcus Stroman,1,2681
2021-04-30,634274,Washington Nationals,Miami Marlins,2,1,452657,Jon Lester,641154,Pablo López,1,3309
2021-04-30,634327,New York Yankees,Detroit Tigers,10,0,543037,Gerrit Cole,669373,Tarik Skubal,1,3313
2021-04-30,634305,Cincinnati Reds,Chicago Cubs,8,6,489119,Wade Miley,453562,Jake Arrieta,1,2602
2021-04-30,634275,Tampa Bay Rays,Houston Astros,2,9,642232,Ryan Yarbrough,621121,Lance McCullers Jr.,1,12
2021-04-30,634280,Toronto Blue Jays,Atlanta Braves,13,5,592662,Robbie Ray,592767,Drew Smyly,1,2536
2021-04-30,634337,Texas Rangers,Boston Red Sox,1,6,685503,Kohei Arihara,543135,Nathan Eovaldi,1,5325
2021-04-30,634391,Minnesota Twins,Kansas City Royals,9,1,501381,Michael Pineda,663903,Brady Singer,1,3312
2021-04-30,634288,Chicago White Sox,Cleveland Indians,3,5,572971,Dallas Keuchel,669456,Shane Bieber,1,4
2021-04-30,634290,Milwaukee Brewers,Los Angeles Dodgers,3,1,642547,Freddy Peralta,670955,Edwin Uceta,1,32
2021-04-30,634328,Arizona Diamondbacks,Colorado Rockies,7,2,518516,Madison Bumgarner,592351,Jon Gray,1,15
2021-04-30,634381,Oakland Athletics,Baltimore Orioles,2,3,571666,Mike Fiers,607644,John Means,1,10
2021-04-30,634287,Seattle Mariners,Los Angeles Angels,7,4,623167,Chris Flexen,571760,Andrew Heaney,1,680
2021-04-30,634303,San Diego Padres,San Francisco Giants,3,2,506433,Yu Darvish,657277,Logan Webb,1,2680
2021-05-01,634304,Washington Nationals,Miami Marlins,7,2,571578,Patrick Corbin,669294,Paul Campbell,1,3309
2021-05-01,634295,New York Yankees,Detroit Tigers,6,4,592791,Jameson Taillon,605513,Spencer Turnbull,1,3313
2021-05-01,634329,Minnesota Twins,Kansas City Royals,3,11,533167,Matt Shoemaker,518633,Danny Duffy,1,3312
2021-05-01,634326,Chicago White Sox,Cleveland Indians,7,3,458681,Lance Lynn,663474,Triston McKenzie,1,4
2021-05-01,634319,Oakland Athletics,Baltimore Orioles,4,8,666200,Jesús Luzardo,518774,Matt Harvey,1,10
2021-05-01,634273,Cincinnati Reds,Chicago Cubs,2,3,622491,Luis Castillo,605200,Zach Davies,1,2602
2021-05-01,634307,Tampa Bay Rays,Houston Astros,1,3,676596,Josh Fleming,664353,José Urquidy,1,12
2021-05-01,634276,Philadelphia Phillies,New York Mets,4,5,554430,Zack Wheeler,592836,Taijuan Walker,1,2681
2021-05-01,634284,Pittsburgh Pirates,St. Louis Cardinals,5,12,502239,Trevor Cahill,656427,Jack Flaherty,1,31
2021-05-01,634271,Texas Rangers,Boston Red Sox,8,6,543475,Jordan Lyles,593958,Eduardo Rodriguez,1,5325
2021-05-01,634338,Milwaukee Brewers,Los Angeles Dodgers,6,5,605540,Brandon Woodruff,669160,Dustin May,1,32
2021-05-01,634312,Toronto Blue Jays,Atlanta Braves,6,5,664157,Travis Bergen,450203,Charlie Morton,1,2536
2021-05-01,634286,Arizona Diamondbacks,Colorado Rockies,6,14,668678,Zac Gallen,596295,Austin Gomber,1,15
2021-05-01,634316,San Diego Padres,San Francisco Giants,6,2,605483,Blake Snell,543101,Anthony DeSclafani,1,2680
2021-05-01,634272,Seattle Mariners,Los Angeles Angels,5,10,664714,Ljay Newsome,656288,Griffin Canning,1,680
2021-05-02,634260,Pittsburgh Pirates,St. Louis Cardinals,0,3,640444,Wil Crowe,593372,Carlos Martinez,1,31
2021-05-02,634259,Washington Nationals,Miami Marlins,3,1,453286,Max Scherzer,669432,Trevor Rogers,1,3309
2021-05-02,634311,New York Yankees,Detroit Tigers,2,0,446372,Corey Kluber,570632,José Ureña,1,3313
2021-05-02,634256,Toronto Blue Jays,Atlanta Braves,7,2,548389,Ross Stripling,666120,Ian Anderson,1,2536
2021-05-02,634298,Cincinnati Reds,Chicago Cubs,13,12,641816,Tyler Mahle,592866,Trevor Williams,1,2602
2021-05-02,634323,Tampa Bay Rays,Houston Astros,5,4,448179,Rich Hill,664299,Cristian Javier,1,12
2021-05-02,634341,Minnesota Twins,Kansas City Royals,13,4,621244,José Berríos,641745,Brad Keller,1,3312
2021-05-02,634302,Chicago White Sox,Cleveland Indians,0,5,608337,Lucas Giolito,668676,Zach Plesac,1,4
2021-05-02,634282,Milwaukee Brewers,Los Angeles Dodgers,4,16,676424,Alec Bettinger,628711,Julio Urías,1,32
2021-05-02,634268,Texas Rangers,Boston Red Sox,5,3,592314,Mike Foltynewicz,572070,Garrett Richards,1,5325
2021-05-02,634306,Oakland Athletics,Baltimore Orioles,7,5,640455,Sean Manaea,669145,Bruce Zimmermann,1,10
2021-05-02,634299,Arizona Diamondbacks,Colorado Rockies,8,4,518876,Merrill Kelly,592346,Chi Chi González,1,15
2021-05-02,634340,Seattle Mariners,Los Angeles Angels,2,0,656954,Justus Sheffield,605164,Dylan Bundy,1,680
2021-05-02,634301,San Diego Padres,San Francisco Giants,1,7,605397,Joe Musgrove,592332,Kevin Gausman,1,2680
2021-05-02,634257,Philadelphia Phillies,New York Mets,7,8,621107,Zach Eflin,656849,David Peterson,1,2681
2021-05-03,634244,Philadelphia Phillies,Milwaukee Brewers,4,3,592826,Vince Velasquez,605288,Adrian Houser,1,2681
2021-05-03,634285,Minnesota Twins,Texas Rangers,6,5,628317,Kenta Maeda,641540,Dane Dunning,1,3312
2021-05-03,634292,St. Louis Cardinals,New York Mets,6,5,425794,Adam Wainwright,664192,Joey Lucchesi,1,2889
2021-05-03,634258,Kansas City Royals,Cleveland Indians,6,8,663738,Daniel Lynch IV,650644,Aaron Civale,1,7
2021-05-03,634334,Los Angeles Angels,Tampa Bay Rays,3,7,500779,Jose Quintana,607192,Tyler Glasnow,1,1
2021-05-03,634293,Oakland Athletics,Toronto Blue Jays,5,4,593423,Frankie Montas,571927,Steven Matz,1,10
2021-05-03,634243,San Diego Padres,Pittsburgh Pirates,2,0,622766,Miguel Díaz,542881,Tyler Anderson,1,2680
2021-05-03,634242,Seattle Mariners,Baltimore Orioles,3,5,657024,Erik Swanson,665152,Dean Kremer,1,680
2021-05-04,634264,Chicago Cubs,Los Angeles Dodgers,7,1,543294,Kyle Hendricks,477132,Clayton Kershaw,1,17
2021-05-04,634321,Chicago Cubs,Los Angeles Dodgers,4,3,624522,Keegan Thompson,545333,Trevor Bauer,2,17
2021-05-04,634246,Colorado Rockies,San Francisco Giants,4,12,608566,Germán Márquez,592717,Aaron Sanchez,1,19
2021-05-04,634254,Colorado Rockies,San Francisco Giants,8,6,624418,Ryan Castellani,622072,Alex Wood,2,19
2021-05-04,634251,Cincinnati Reds,Chicago White Sox,0,9,656546,Jeff Hoffman,656302,Dylan Cease,1,2602
2021-05-04,634245,Miami Marlins,Arizona Diamondbacks,9,3,645261,Sandy Alcantara,642092,Riley Smith,1,4169
2021-05-04,634297,Washington Nationals,Atlanta Braves,1,6,605452,Joe Ross,660623,Huascar Ynoa,1,3309
2021-05-04,634269,New York Yankees,Houston Astros,7,3,593334,Domingo Germán,425844,Zack Greinke,1,3313
2021-05-04,634324,Philadelphia Phillies,Milwaukee Brewers,6,5,605400,Aaron Nola,641778,Eric Lauer,1,2681
2021-05-04,634241,Boston Red Sox,Detroit Tigers,11,7,601713,Nick Pivetta,605242,Michael Fulmer,1,3
2021-05-04,634229,Minnesota Twins,Texas Rangers,3,6,457918,J.A. Happ,502043,Kyle Gibson,1,3312
2021-05-04,634277,Kansas City Royals,Cleveland Indians,3,7,501985,Mike Minor,664208,Phil Maton,1,7
2021-05-04,634267,Los Angeles Angels,Tampa Bay Rays,3,8,502171,Alex Cobb,663556,Shane McClanahan,1,1
2021-05-04,634278,Oakland Athletics,Toronto Blue Jays,4,1,608344,Cole Irvin,641743,Anthony Kay,1,10
2021-05-04,634313,San Diego Padres,Pittsburgh Pirates,1,2,659275,Dinelson Lamet,656605,Mitch Keller,1,2680
2021-05-04,634265,Seattle Mariners,Baltimore Orioles,5,2,643290,Justin Dunn,605347,Jorge López,1,680
2021-05-05,634270,Cincinnati Reds,Chicago White Sox,1,0,543243,Sonny Gray,572971,Dallas Keuchel,1,2602
2021-05-05,634225,Colorado Rockies,San Francisco Giants,6,5,592351,Jon Gray,657277,Logan Webb,1,19
2021-05-05,634220,Seattle Mariners,Baltimore Orioles,0,6,579328,Yusei Kikuchi,607644,John Means,1,680
2021-05-05,634250,St. Louis Cardinals,New York Mets,4,1,547942,Kwang Hyun Kim,573186,Marcus Stroman,1,2889
2021-05-05,634239,St. Louis Cardinals,New York Mets,2,7,670912,Johan Oviedo,612434,Miguel Castro,2,2889
2021-05-05,634249,Miami Marlins,Arizona Diamondbacks,8,0,446321,Ross Detwiler,596133,Luke Weaver,1,4169
2021-05-05,634266,Washington Nationals,Atlanta Braves,3,5,607200,Erick Fedde,608331,Max Fried,1,3309
2021-05-05,634217,New York Yankees,Houston Astros,6,3,656756,Jordan Montgomery,677651,Luis Garcia,1,3313
2021-05-05,634294,Philadelphia Phillies,Milwaukee Brewers,5,4,502624,Chase Anderson,642547,Freddy Peralta,1,2681
2021-05-05,634228,Boston Red Sox,Detroit Tigers,5,6,527048,Martín Pérez,663554,Casey Mize,1,3
2021-05-05,634230,Chicago Cubs,Los Angeles Dodgers,6,5,640470,Adbert Alzolay,621111,Walker Buehler,1,17
2021-05-05,634279,Minnesota Twins,Texas Rangers,1,3,626929,Lewis Thorpe,660365,Hyeon-Jong Yang,1,3312
2021-05-05,634226,Kansas City Royals,Cleveland Indians,4,5,663903,Brady Singer,669456,Shane Bieber,1,7
2021-05-05,634227,San Diego Padres,Pittsburgh Pirates,4,2,506433,Yu Darvish,664141,JT Brubaker,1,2680
2021-05-05,634281,Los Angeles Angels,Tampa Bay Rays,1,3,660271,Shohei Ohtani,552640,Andrew Kittredge,1,1
2021-05-05,634248,Oakland Athletics,Toronto Blue Jays,4,9,605135,Chris Bassitt,592662,Robbie Ray,1,10
2021-05-06,634224,New York Yankees,Houston Astros,4,7,543037,Gerrit Cole,621121,Lance McCullers Jr.,1,3313
2021-05-06,634283,Philadelphia Phillies,Milwaukee Brewers,2,0,554430,Zack Wheeler,605540,Brandon Woodruff,1,2681
2021-05-06,634255,Boston Red Sox,Detroit Tigers,12,9,543135,Nathan Eovaldi,605513,Spencer Turnbull,1,3
2021-05-06,634261,Minnesota Twins,Texas Rangers,3,4,501381,Michael Pineda,543475,Jordan Lyles,1,3312
2021-05-06,634223,St. Louis Cardinals,New York Mets,1,4,607231,John Gant,592836,Taijuan Walker,1,2889
2021-05-06,634233,Kansas City Royals,Cleveland Indians,0,4,518633,Danny Duffy,663474,Triston McKenzie,1,7
2021-05-06,634231,Oakland Athletics,Toronto Blue Jays,4,10,571666,Mike Fiers,547943,Hyun Jin Ryu,1,10
2021-05-06,634232,Washington Nationals,Atlanta Braves,2,3,452657,Jon Lester,592767,Drew Smyly,1,3309
2021-05-06,634291,Miami Marlins,Arizona Diamondbacks,3,1,641154,Pablo López,518516,Madison Bumgarner,1,4169
2021-05-06,634247,Los Angeles Angels,Tampa Bay Rays,3,8,571760,Andrew Heaney,543521,Collin McHugh,1,1
2021-05-07,634216,Chicago Cubs,Pittsburgh Pirates,3,2,605200,Zach Davies,502239,Trevor Cahill,1,17
2021-05-07,634209,Baltimore Orioles,Boston Red Sox,2,6,518774,Matt Harvey,593958,Eduardo Rodriguez,1,2
2021-05-07,634234,New York Yankees,Washington Nationals,4,11,592791,Jameson Taillon,571578,Patrick Corbin,1,3313
2021-05-07,634203,Cleveland Indians,Cincinnati Reds,0,3,668676,Zach Plesac,489119,Wade Miley,1,5
2021-05-07,634252,New York Mets,Arizona Diamondbacks,5,4,656849,David Peterson,668678,Zac Gallen,1,3289
2021-05-07,634204,Detroit Tigers,Minnesota Twins,3,7,669373,Tarik Skubal,533167,Matt Shoemaker,1,2394
2021-05-07,634195,Miami Marlins,Milwaukee Brewers,6,1,669432,Trevor Rogers,608718,Brent Suter,1,4169
2021-05-07,634219,Atlanta Braves,Philadelphia Phillies,2,12,450203,Charlie Morton,621107,Zach Eflin,1,4705
2021-05-07,634253,Texas Rangers,Seattle Mariners,4,5,592314,Mike Foltynewicz,623167,Chris Flexen,1,5325
2021-05-07,634201,Houston Astros,Toronto Blue Jays,10,4,664353,José Urquidy,548389,Ross Stripling,1,2392
2021-05-07,634235,Kansas City Royals,Chicago White Sox,0,3,641745,Brad Keller,607074,Carlos Rodón,1,7
2021-05-07,634200,St. Louis Cardinals,Colorado Rockies,5,0,656427,Jack Flaherty,596295,Austin Gomber,1,2889
2021-05-07,634213,Los Angeles Angels,Los Angeles Dodgers,9,2,656288,Griffin Canning,628711,Julio Urías,1,1
2021-05-07,634263,Oakland Athletics,Tampa Bay Rays,2,1,640455,Sean Manaea,448179,Rich Hill,1,10
2021-05-07,634240,San Francisco Giants,San Diego Padres,5,4,543101,Anthony DeSclafani,605483,Blake Snell,1,2395
2021-05-08,634221,New York Yankees,Washington Nationals,4,3,446372,Corey Kluber,453286,Max Scherzer,1,3313
2021-05-08,634165,St. Louis Cardinals,Colorado Rockies,9,8,593372,Carlos Martinez,592346,Chi Chi González,1,2889
2021-05-08,634212,Chicago Cubs,Pittsburgh Pirates,3,2,592866,Trevor Williams,640444,Wil Crowe,1,17
2021-05-08,634178,San Francisco Giants,San Diego Padres,7,1,592332,Kevin Gausman,605397,Joe Musgrove,1,2395
2021-05-08,634236,Oakland Athletics,Tampa Bay Rays,6,3,593423,Frankie Montas,607192,Tyler Glasnow,1,10
2021-05-08,634214,Detroit Tigers,Minnesota Twins,7,3,570632,José Ureña,621244,José Berríos,1,2394
2021-05-08,634187,Cleveland Indians,Cincinnati Reds,9,2,650644,Aaron Civale,622491,Luis Castillo,1,5
2021-05-08,634215,Miami Marlins,Milwaukee Brewers,2,6,641447,Daniel Castano,605288,Adrian Houser,1,4169
2021-05-08,634196,Baltimore Orioles,Boston Red Sox,6,11,675912,Zac Lowther,572070,Garrett Richards,1,2
2021-05-08,634171,Texas Rangers,Seattle Mariners,9,8,685503,Kohei Arihara,657024,Erik Swanson,1,5325
2021-05-08,634190,New York Mets,Arizona Diamondbacks,4,2,488984,Tommy Hunter,518876,Merrill Kelly,1,3289
2021-05-08,634193,Houston Astros,Toronto Blue Jays,4,8,664299,Cristian Javier,571927,Steven Matz,1,2392
2021-05-08,634197,Kansas City Royals,Chicago White Sox,1,9,663738,Daniel Lynch IV,458681,Lance Lynn,1,7
2021-05-08,634199,Atlanta Braves,Philadelphia Phillies,8,7,666120,Ian Anderson,592826,Vince Velasquez,1,4705
2021-05-08,634262,Los Angeles Angels,Los Angeles Dodgers,11,14,605164,Dylan Bundy,477132,Clayton Kershaw,1,1
2021-05-09,634177,Baltimore Orioles,Boston Red Sox,3,4,665152,Dean Kremer,601713,Nick Pivetta,1,2
2021-05-09,634218,New York Yankees,Washington Nationals,3,2,593334,Domingo Germán,605452,Joe Ross,1,3313
2021-05-09,634184,New York Mets,Arizona Diamondbacks,4,2,594798,Jacob deGrom,642092,Riley Smith,1,3289
2021-05-09,634207,Miami Marlins,Milwaukee Brewers,1,2,645261,Sandy Alcantara,474463,Brett Anderson,1,4169
2021-05-09,634192,Houston Astros,Toronto Blue Jays,7,4,425844,Zack Greinke,663878,Nate Pearson,1,2392
2021-05-09,634167,Kansas City Royals,Chicago White Sox,3,9,501985,Mike Minor,608337,Lucas Giolito,1,7
2021-05-09,634194,St. Louis Cardinals,Colorado Rockies,2,0,425794,Adam Wainwright,608566,Germán Márquez,1,2889
2021-05-09,634237,Chicago Cubs,Pittsburgh Pirates,5,6,543294,Kyle Hendricks,542881,Tyler Anderson,1,17
2021-05-09,634182,Texas Rangers,Seattle Mariners,10,2,641540,Dane Dunning,656954,Justus Sheffield,1,5325
2021-05-09,634185,San Francisco Giants,San Diego Padres,1,11,456501,Johnny Cueto,663978,Chris Paddack,1,2395
2021-05-09,634205,Los Angeles Angels,Los Angeles Dodgers,2,1,500779,Jose Quintana,545333,Trevor Bauer,1,1
2021-05-09,634211,Oakland Athletics,Tampa Bay Rays,3,4,608344,Cole Irvin,663556,Shane McClanahan,1,10
2021-05-09,634175,Atlanta Braves,Philadelphia Phillies,6,1,660623,Huascar Ynoa,605400,Aaron Nola,1,4705
2021-05-10,634152,Pittsburgh Pirates,Cincinnati Reds,1,14,656605,Mitch Keller,641816,Tyler Mahle,1,31
2021-05-10,634176,Baltimore Orioles,Boston Red Sox,4,1,605347,Jorge López,527048,Martín Pérez,1,2
2021-05-10,634181,Houston Astros,Los Angeles Angels,4,5,677651,Luis Garcia,448855,Junior Guerra,1,2392
2021-05-10,634157,Arizona Diamondbacks,Miami Marlins,5,2,596133,Luke Weaver,656548,Jordan Holloway,1,15
2021-05-10,634153,San Francisco Giants,Texas Rangers,3,1,622072,Alex Wood,502043,Kyle Gibson,1,2395
2021-05-11,634164,San Francisco Giants,Texas Rangers,4,2,657277,Logan Webb,543475,Jordan Lyles,1,2395
2021-05-11,634189,Cleveland Indians,Chicago Cubs,3,2,669456,Shane Bieber,640470,Adbert Alzolay,1,5
2021-05-11,634174,Pittsburgh Pirates,Cincinnati Reds,7,2,664141,JT Brubaker,656546,Jeff Hoffman,1,31
2021-05-11,634144,Washington Nationals,Philadelphia Phillies,2,6,607200,Erick Fedde,502624,Chase Anderson,1,3309
2021-05-11,634179,Detroit Tigers,Kansas City Royals,8,7,571510,Matthew Boyd,663903,Brady Singer,1,2394
2021-05-11,634170,New York Mets,Baltimore Orioles,3,2,573186,Marcus Stroman,607644,John Means,1,3289
2021-05-11,634202,Boston Red Sox,Oakland Athletics,2,3,543135,Nathan Eovaldi,605135,Chris Bassitt,1,3
2021-05-11,634169,Tampa Bay Rays,New York Yankees,1,3,672715,Luis Patiño,656756,Jordan Montgomery,1,12
2021-05-11,634163,Atlanta Braves,Toronto Blue Jays,3,5,669060,Bryse Wilson,592662,Robbie Ray,1,4705
2021-05-11,634159,Milwaukee Brewers,St. Louis Cardinals,1,6,642547,Freddy Peralta,547942,Kwang Hyun Kim,1,32
2021-05-11,634156,Houston Astros,Los Angeles Angels,5,1,621121,Lance McCullers Jr.,660271,Shohei Ohtani,1,2392
2021-05-11,634147,Chicago White Sox,Minnesota Twins,9,3,656302,Dylan Cease,628317,Kenta Maeda,1,4
2021-05-11,634149,Colorado Rockies,San Diego Padres,1,8,622608,Antonio Senzatela,659275,Dinelson Lamet,1,19
2021-05-11,634180,Arizona Diamondbacks,Miami Marlins,11,3,518516,Madison Bumgarner,641154,Pablo López,1,15
2021-05-11,634142,Los Angeles Dodgers,Seattle Mariners,6,4,621111,Walker Buehler,579328,Yusei Kikuchi,1,22
2021-05-12,634128,New York Mets,Baltimore Orioles,7,1,592836,Taijuan Walker,518774,Matt Harvey,1,3289
2021-05-12,634137,Pittsburgh Pirates,Cincinnati Reds,1,5,502239,Trevor Cahill,543243,Sonny Gray,1,31
2021-05-12,634129,Cleveland Indians,Chicago Cubs,2,1,656529,Sam Hentges,605200,Zach Davies,1,5
2021-05-12,634208,Colorado Rockies,San Diego Padres,3,5,592351,Jon Gray,506433,Yu Darvish,1,19
2021-05-12,634155,Colorado Rockies,San Diego Padres,3,2,596295,Austin Gomber,605483,Blake Snell,2,19
2021-05-12,634151,Washington Nationals,Philadelphia Phillies,2,5,452657,Jon Lester,554430,Zack Wheeler,1,3309
2021-05-12,634186,Detroit Tigers,Kansas City Royals,4,2,663554,Casey Mize,518633,Danny Duffy,1,2394
2021-05-12,634154,Boston Red Sox,Oakland Athletics,1,4,593958,Eduardo Rodriguez,621076,James Kaprielian,1,3
2021-05-12,634210,Tampa Bay Rays,New York Yankees,0,1,543521,Collin McHugh,543037,Gerrit Cole,1,12
2021-05-12,634238,Atlanta Braves,Toronto Blue Jays,1,4,608331,Max Fried,547943,Hyun Jin Ryu,1,4705
2021-05-12,634198,Milwaukee Brewers,St. Louis Cardinals,4,1,605540,Brandon Woodruff,607231,John Gant,1,32
2021-05-12,634172,Houston Astros,Los Angeles Angels,9,1,664353,José Urquidy,571760,Andrew Heaney,1,2392
2021-05-12,634160,Chicago White Sox,Minnesota Twins,13,8,572971,Dallas Keuchel,457918,J.A. Happ,1,4
2021-05-12,634183,Arizona Diamondbacks,Miami Marlins,2,3,676840,Matt Peacock,547001,Cody Poteet,1,15
2021-05-12,634140,Los Angeles Dodgers,Seattle Mariners,7,1,628711,Julio Urías,643290,Justin Dunn,1,22
2021-05-13,634114,Atlanta Braves,Toronto Blue Jays,4,8,450203,Charlie Morton,548389,Ross Stripling,1,4705
2021-05-13,634103,Washington Nationals,Philadelphia Phillies,5,1,571578,Patrick Corbin,621107,Zach Eflin,1,3309
2021-05-13,634117,Detroit Tigers,Kansas City Royals,4,3,605513,Spencer Turnbull,663738,Daniel Lynch IV,1,2394
2021-05-13,634158,Milwaukee Brewers,St. Louis Cardinals,0,2,669203,Corbin Burnes,656427,Jack Flaherty,1,32
2021-05-13,634125,Chicago White Sox,Minnesota Twins,4,2,458681,Lance Lynn,501381,Michael Pineda,1,4
2021-05-13,634113,Pittsburgh Pirates,San Francisco Giants,1,3,640444,Wil Crowe,543101,Anthony DeSclafani,1,31
2021-05-13,634150,Boston Red Sox,Oakland Athletics,8,1,572070,Garrett Richards,640455,Sean Manaea,1,3
2021-05-13,634126,Tampa Bay Rays,New York Yankees,9,1,448179,Rich Hill,592791,Jameson Taillon,1,12
2021-05-13,634141,Houston Astros,Texas Rangers,4,3,664299,Cristian Javier,592314,Mike Foltynewicz,1,2392
2021-05-13,634191,Colorado Rockies,Cincinnati Reds,13,8,592346,Chi Chi González,622491,Luis Castillo,1,19
2021-05-13,634136,Arizona Diamondbacks,Miami Marlins,1,5,518876,Merrill Kelly,669432,Trevor Rogers,1,15
2021-05-13,634135,Seattle Mariners,Cleveland Indians,2,4,669302,Logan Gilbert,668676,Zach Plesac,1,680
2021-05-14,634656,Chicago White Sox,Kansas City Royals,2,6,608337,Lucas Giolito,641745,Brad Keller,1,4
2021-05-14,634166,Chicago White Sox,Kansas City Royals,3,1,656629,Michael Kopech,596001,Jakob Junis,2,4
2021-05-14,634108,Pittsburgh Pirates,San Francisco Giants,3,2,664337,Miguel Yajure,592332,Kevin Gausman,1,31
2021-05-14,634146,Baltimore Orioles,New York Yankees,4,5,665152,Dean Kremer,446372,Corey Kluber,1,2
2021-05-14,634138,Boston Red Sox,Los Angeles Angels,4,3,601713,Nick Pivetta,656288,Griffin Canning,1,3
2021-05-14,634206,Detroit Tigers,Chicago Cubs,2,4,669373,Tarik Skubal,453562,Jake Arrieta,1,2394
2021-05-14,634093,Tampa Bay Rays,New York Mets,3,2,607192,Tyler Glasnow,656849,David Peterson,1,12
2021-05-14,634119,Toronto Blue Jays,Philadelphia Phillies,1,5,571927,Steven Matz,592826,Vince Velasquez,1,2536
2021-05-14,634123,Houston Astros,Texas Rangers,10,4,425844,Zack Greinke,605138,Wes Benjamin,1,2392
2021-05-14,634131,Minnesota Twins,Oakland Athletics,1,6,533167,Matt Shoemaker,593423,Frankie Montas,1,3312
2021-05-14,634118,Milwaukee Brewers,Atlanta Braves,3,6,605288,Adrian Houser,592767,Drew Smyly,1,32
2021-05-14,634121,Colorado Rockies,Cincinnati Reds,9,6,608566,Germán Márquez,489119,Wade Miley,1,19
2021-05-14,634162,Arizona Diamondbacks,Washington Nationals,2,17,642092,Riley Smith,453286,Max Scherzer,1,15
2021-05-14,634110,Seattle Mariners,Cleveland Indians,7,3,623167,Chris Flexen,650644,Aaron Civale,1,680
2021-05-14,634132,San Diego Padres,St. Louis Cardinals,5,4,605397,Joe Musgrove,670912,Johan Oviedo,1,2680
2021-05-14,634145,Los Angeles Dodgers,Miami Marlins,9,6,477132,Clayton Kershaw,645261,Sandy Alcantara,1,22
2021-05-15,634105,Tampa Bay Rays,New York Mets,12,5,663556,Shane McClanahan,622098,Drew Smith,1,12
2021-05-15,634080,Minnesota Twins,Oakland Athletics,5,4,621244,José Berríos,608344,Cole Irvin,1,3312
2021-05-15,634095,Boston Red Sox,Los Angeles Angels,9,0,527048,Martín Pérez,605164,Dylan Bundy,1,3
2021-05-15,634111,Detroit Tigers,Chicago Cubs,9,8,570632,José Ureña,592866,Trevor Williams,1,2394
2021-05-15,634085,Pittsburgh Pirates,San Francisco Giants,8,6,542881,Tyler Anderson,456501,Johnny Cueto,1,31
2021-05-15,634104,Baltimore Orioles,New York Yankees,2,8,605347,Jorge López,593334,Domingo Germán,1,2
2021-05-15,634161,Houston Astros,Texas Rangers,6,5,677651,Luis Garcia,641540,Dane Dunning,1,2392
2021-05-15,634127,Chicago White Sox,Kansas City Royals,1,5,607074,Carlos Rodón,501985,Mike Minor,1,4
2021-05-15,634106,Milwaukee Brewers,Atlanta Braves,1,5,474463,Brett Anderson,666120,Ian Anderson,1,32
2021-05-15,634139,Toronto Blue Jays,Philadelphia Phillies,4,0,641743,Anthony Kay,605400,Aaron Nola,1,2536
2021-05-15,634148,Colorado Rockies,Cincinnati Reds,5,6,468504,Jhoulys Chacín,641816,Tyler Mahle,1,19
2021-05-15,634097,Arizona Diamondbacks,Washington Nationals,11,4,571676,Seth Frankoff,605452,Joe Ross,1,15
2021-05-15,634143,San Diego Padres,St. Louis Cardinals,13,3,663978,Chris Paddack,425794,Adam Wainwright,1,2680
2021-05-15,634084,Seattle Mariners,Cleveland Indians,7,3,656954,Justus Sheffield,663474,Triston McKenzie,1,680
2021-05-15,634096,Los Angeles Dodgers,Miami Marlins,7,0,545333,Trevor Bauer,,,1,22
2021-05-16,634094,Pittsburgh Pirates,San Francisco Giants,1,4,656605,Mitch Keller,622072,Alex Wood,1,31
2021-05-16,634086,Baltimore Orioles,New York Yankees,10,6,592644,Adam Plutko,656756,Jordan Montgomery,1,2
2021-05-16,634069,Toronto Blue Jays,Philadelphia Phillies,10,8,592662,Robbie Ray,502624,Chase Anderson,1,2536
2021-05-16,634100,Boston Red Sox,Los Angeles Angels,5,6,543135,Nathan Eovaldi,500779,Jose Quintana,1,3
2021-05-16,634083,Detroit Tigers,Chicago Cubs,1,5,571510,Matthew Boyd,543294,Kyle Hendricks,1,2394
2021-05-16,634071,Tampa Bay Rays,New York Mets,7,1,676596,Josh Fleming,573186,Marcus Stroman,1,12
2021-05-16,634068,Houston Astros,Texas Rangers,6,2,621121,Lance McCullers Jr.,502043,Kyle Gibson,1,2392
2021-05-16,634188,Minnesota Twins,Oakland Athletics,6,7,628317,Kenta Maeda,605135,Chris Bassitt,1,3312
2021-05-16,634124,Chicago White Sox,Kansas City Royals,4,3,656302,Dylan Cease,663903,Brady Singer,1,4
2021-05-16,634134,Milwaukee Brewers,Atlanta Braves,10,9,642547,Freddy Peralta,660623,Huascar Ynoa,1,32
2021-05-16,634098,Colorado Rockies,Cincinnati Reds,6,7,622608,Antonio Senzatela,656546,Jeff Hoffman,1,19
2021-05-16,634130,Arizona Diamondbacks,Washington Nationals,0,3,596133,Luke Weaver,607200,Erick Fedde,1,15
2021-05-16,634087,Seattle Mariners,Cleveland Indians,3,2,667498,Robert Dugger,669456,Shane Bieber,1,680
2021-05-16,634122,Los Angeles Dodgers,Miami Marlins,2,3,519076,Jimmy Nelson,641154,Pablo López,1,22
2021-05-16,634090,San Diego Padres,St. Louis Cardinals,5,3,677960,Ryan Weathers,547942,Kwang Hyun Kim,1,2680
2021-05-17,634070,Cincinnati Reds,San Francisco Giants,3,6,543243,Sonny Gray,657277,Logan Webb,1,2602
2021-05-17,634063,Atlanta Braves,New York Mets,1,3,608331,Max Fried,592836,Taijuan Walker,1,4705
2021-05-17,634076,Chicago Cubs,Washington Nationals,7,3,640470,Adbert Alzolay,452657,Jon Lester,1,17
2021-05-17,634077,Minnesota Twins,Chicago White Sox,4,16,457918,J.A. Happ,572971,Dallas Keuchel,1,3312
2021-05-17,634099,Texas Rangers,New York Yankees,5,2,543475,Jordan Lyles,543037,Gerrit Cole,1,5325
2021-05-17,634101,Los Angeles Angels,Cleveland Indians,7,4,663776,Patrick Sandoval,656529,Sam Hentges,1,1
2021-05-17,634091,Los Angeles Dodgers,Arizona Diamondbacks,3,1,621111,Walker Buehler,518516,Madison Bumgarner,1,22
2021-05-17,634057,San Diego Padres,Colorado Rockies,7,0,506433,Yu Darvish,592351,Jon Gray,1,2680
2021-05-17,634082,Seattle Mariners,Detroit Tigers,1,4,579328,Yusei Kikuchi,663554,Casey Mize,1,680
2021-05-18,634058,Cincinnati Reds,San Francisco Giants,2,4,622491,Luis Castillo,543101,Anthony DeSclafani,1,2602
2021-05-18,634075,Baltimore Orioles,Tampa Bay Rays,6,13,518774,Matt Harvey,672715,Luis Patiño,1,2
2021-05-18,634051,Philadelphia Phillies,Miami Marlins,8,3,554430,Zack Wheeler,547001,Cody Poteet,1,2681
2021-05-18,634107,Atlanta Braves,New York Mets,3,4,656353,Tucker Davidson,612434,Miguel Castro,1,4705
2021-05-18,634133,Toronto Blue Jays,Boston Red Sox,8,0,547943,Hyun Jin Ryu,593958,Eduardo Rodriguez,1,2536
2021-05-18,634052,Chicago Cubs,Washington Nationals,6,3,605200,Zach Davies,571578,Patrick Corbin,1,17
2021-05-18,634073,Minnesota Twins,Chicago White Sox,5,4,641927,Bailey Ober,458681,Lance Lynn,1,3312
2021-05-18,634109,St. Louis Cardinals,Pittsburgh Pirates,5,2,607231,John Gant,664141,JT Brubaker,1,2889
2021-05-18,634067,Texas Rangers,New York Yankees,4,7,592314,Mike Foltynewicz,592791,Jameson Taillon,1,5325
2021-05-18,634043,Kansas City Royals,Milwaukee Brewers,2,0,663460,Kris Bubic,605540,Brandon Woodruff,1,7
2021-05-18,634102,Los Angeles Angels,Cleveland Indians,5,6,571760,Andrew Heaney,668676,Zach Plesac,1,1
2021-05-18,634050,Oakland Athletics,Houston Astros,6,5,640455,Sean Manaea,664299,Cristian Javier,1,10
2021-05-18,634092,Los Angeles Dodgers,Arizona Diamondbacks,9,1,628711,Julio Urías,656686,Corbin Martin,1,22
2021-05-18,634065,San Diego Padres,Colorado Rockies,2,1,605483,Blake Snell,596295,Austin Gomber,1,2680
2021-05-18,634115,Seattle Mariners,Detroit Tigers,0,5,643290,Justin Dunn,605513,Spencer Turnbull,1,680
2021-05-19,634030,Minnesota Twins,Chicago White Sox,1,2,533167,Matt Shoemaker,608337,Lucas Giolito,1,3312
2021-05-19,634031,San Diego Padres,Colorado Rockies,3,0,605397,Joe Musgrove,592346,Chi Chi González,1,2680
2021-05-19,634061,Cincinnati Reds,San Francisco Giants,0,4,489119,Wade Miley,592332,Kevin Gausman,1,2602
2021-05-19,634055,Baltimore Orioles,Tampa Bay Rays,7,9,607644,John Means,642232,Ryan Yarbrough,1,2
2021-05-19,634044,Philadelphia Phillies,Miami Marlins,1,3,621107,Zach Eflin,669432,Trevor Rogers,1,2681
2021-05-19,634066,Atlanta Braves,New York Mets,5,4,450203,Charlie Morton,656849,David Peterson,1,4705
2021-05-19,634116,Toronto Blue Jays,Boston Red Sox,3,7,548389,Ross Stripling,572070,Garrett Richards,1,2536
2021-05-19,634053,Chicago Cubs,Washington Nationals,3,4,453562,Jake Arrieta,453286,Max Scherzer,1,17
2021-05-19,634026,St. Louis Cardinals,Pittsburgh Pirates,8,5,656427,Jack Flaherty,502239,Trevor Cahill,1,2889
2021-05-19,634168,Texas Rangers,New York Yankees,0,2,660365,Hyeon-Jong Yang,446372,Corey Kluber,1,5325
2021-05-19,634029,Los Angeles Angels,Cleveland Indians,2,3,660271,Shohei Ohtani,650644,Aaron Civale,1,1
2021-05-19,634037,Kansas City Royals,Milwaukee Brewers,6,4,641745,Brad Keller,669203,Corbin Burnes,1,7
2021-05-19,634034,Oakland Athletics,Houston Astros,1,8,593423,Frankie Montas,425844,Zack Greinke,1,10
2021-05-19,634033,Los Angeles Dodgers,Arizona Diamondbacks,4,2,477132,Clayton Kershaw,676840,Matt Peacock,1,22
2021-05-19,634046,Seattle Mariners,Detroit Tigers,2,6,669302,Logan Gilbert,669373,Tarik Skubal,1,680
2021-05-20,634020,Cincinnati Reds,San Francisco Giants,4,19,641816,Tyler Mahle,456501,Johnny Cueto,1,2602
2021-05-20,634120,Baltimore Orioles,Tampa Bay Rays,1,10,665152,Dean Kremer,448179,Rich Hill,1,2
2021-05-20,634047,Texas Rangers,New York Yankees,0,2,641540,Dane Dunning,593334,Domingo Germán,1,5325
2021-05-20,634112,Chicago Cubs,Washington Nationals,5,2,592866,Trevor Williams,605452,Joe Ross,1,17
2021-05-20,634045,Oakland Athletics,Houston Astros,4,8,608344,Cole Irvin,677651,Luis Garcia,1,10
2021-05-20,634465,Los Angeles Angels,Minnesota Twins,7,1,502171,Alex Cobb,626929,Lewis Thorpe,1,1
2021-05-20,634441,Los Angeles Angels,Minnesota Twins,3,6,656288,Griffin Canning,621244,José Berríos,2,1
2021-05-20,634039,Philadelphia Phillies,Miami Marlins,0,6,592826,Vince Velasquez,645261,Sandy Alcantara,1,2681
2021-05-20,634041,Atlanta Braves,Pittsburgh Pirates,4,6,592767,Drew Smyly,640444,Wil Crowe,1,4705
2021-05-20,634018,Toronto Blue Jays,Boston Red Sox,7,8,571927,Steven Matz,601713,Nick Pivetta,1,2536
2021-05-20,634059,Los Angeles Dodgers,Arizona Diamondbacks,3,2,456034,David Price,518876,Merrill Kelly,1,22
2021-05-21,634012,Washington Nationals,Baltimore Orioles,4,2,544931,Stephen Strasburg,605347,Jorge López,1,3309
2021-05-21,634054,Philadelphia Phillies,Boston Red Sox,3,11,605400,Aaron Nola,527048,Martín Pérez,1,2681
2021-05-21,634014,New York Yankees,Chicago White Sox,2,1,656756,Jordan Montgomery,607074,Carlos Rodón,1,3313
2021-05-21,634015,Cleveland Indians,Minnesota Twins,0,10,663474,Triston McKenzie,677976,Randy Dobnak,1,5
2021-05-21,634089,Miami Marlins,New York Mets,5,6,595928,John Curtiss,573186,Marcus Stroman,1,4169
2021-05-21,634027,Cincinnati Reds,Milwaukee Brewers,9,4,656546,Jeff Hoffman,605288,Adrian Houser,1,2602
2021-05-21,634036,Atlanta Braves,Pittsburgh Pirates,20,1,666120,Ian Anderson,542881,Tyler Anderson,1,4705
2021-05-21,634078,Toronto Blue Jays,Tampa Bay Rays,7,9,641743,Anthony Kay,607192,Tyler Glasnow,1,2536
2021-05-21,634008,Texas Rangers,Houston Astros,7,5,502043,Kyle Gibson,663959,Tyler Ivey,1,5325
2021-05-21,634088,Kansas City Royals,Detroit Tigers,5,7,501985,Mike Minor,570632,José Ureña,1,7
2021-05-21,634022,St. Louis Cardinals,Chicago Cubs,3,12,593372,Carlos Martinez,543294,Kyle Hendricks,1,2889
2021-05-21,634016,Colorado Rockies,Arizona Diamondbacks,7,1,608566,Germán Márquez,571676,Seth Frankoff,1,19
2021-05-21,634028,Los Angeles Angels,Oakland Athletics,4,8,500779,Jose Quintana,621076,James Kaprielian,1,1
2021-05-21,634013,San Francisco Giants,Los Angeles Dodgers,1,2,622072,Alex Wood,545333,Trevor Bauer,1,2395
2021-05-21,634019,San Diego Padres,Seattle Mariners,16,1,663978,Chris Paddack,623167,Chris Flexen,1,2680
2021-05-22,634035,New York Yankees,Chicago White Sox,7,0,543037,Gerrit Cole,656302,Dylan Cease,1,3313
2021-05-22,634010,Colorado Rockies,Arizona Diamondbacks,7,6,622608,Antonio Senzatela,518516,Madison Bumgarner,1,19
2021-05-22,634062,Washington Nationals,Baltimore Orioles,12,9,452657,Jon Lester,669145,Bruce Zimmermann,1,3309
2021-05-22,634079,Texas Rangers,Houston Astros,8,4,543475,Jordan Lyles,621121,Lance McCullers Jr.,1,5325
2021-05-22,634001,Kansas City Royals,Detroit Tigers,7,5,663903,Brady Singer,571510,Matthew Boyd,1,7
2021-05-22,634038,Cleveland Indians,Minnesota Twins,5,3,669456,Shane Bieber,628317,Kenta Maeda,1,5
2021-05-22,634049,Atlanta Braves,Pittsburgh Pirates,6,1,669060,Bryse Wilson,656605,Mitch Keller,1,4705
2021-05-22,633999,Miami Marlins,New York Mets,3,1,641154,Pablo López,664192,Joey Lucchesi,1,4169
2021-05-22,634017,Cincinnati Reds,Milwaukee Brewers,3,4,543243,Sonny Gray,474463,Brett Anderson,1,2602
2021-05-22,634011,San Francisco Giants,Los Angeles Dodgers,3,6,431148,Scott Kazmir,621111,Walker Buehler,1,2395
2021-05-22,634032,St. Louis Cardinals,Chicago Cubs,2,1,571945,Miles Mikolas,640470,Adbert Alzolay,1,2889
2021-05-22,633984,Philadelphia Phillies,Boston Red Sox,3,4,675921,Spencer Howard,543135,Nathan Eovaldi,1,2681
2021-05-22,634081,Toronto Blue Jays,Tampa Bay Rays,1,3,592662,Robbie Ray,663556,Shane McClanahan,1,2536
2021-05-22,633991,San Diego Padres,Seattle Mariners,6,4,677960,Ryan Weathers,656954,Justus Sheffield,1,2680
2021-05-22,634000,Los Angeles Angels,Oakland Athletics,2,6,663776,Patrick Sandoval,605135,Chris Bassitt,1,1
2021-05-23,633977,Washington Nationals,Baltimore Orioles,6,5,571578,Patrick Corbin,518774,Matt Harvey,1,3309
2021-05-23,634004,Philadelphia Phillies,Boston Red Sox,6,2,554430,Zack Wheeler,593958,Eduardo Rodriguez,1,2681
2021-05-23,634009,New York Yankees,Chicago White Sox,5,4,592791,Jameson Taillon,572971,Dallas Keuchel,1,3313
2021-05-23,633975,Toronto Blue Jays,Tampa Bay Rays,4,6,547943,Hyun Jin Ryu,608379,Michael Wacha,1,2536
2021-05-23,634007,Cleveland Indians,Minnesota Twins,5,8,668676,Zach Plesac,457918,J.A. Happ,1,5
2021-05-23,633998,Miami Marlins,New York Mets,5,1,547001,Cody Poteet,657141,Jordan Yamamoto,1,4169
2021-05-23,633989,Cincinnati Reds,Milwaukee Brewers,4,9,622491,Luis Castillo,642547,Freddy Peralta,1,2602
2021-05-23,634060,Atlanta Braves,Pittsburgh Pirates,7,1,608331,Max Fried,664141,JT Brubaker,1,4705
2021-05-23,634002,Kansas City Royals,Detroit Tigers,3,2,663460,Kris Bubic,663554,Casey Mize,1,7
2021-05-23,634025,Texas Rangers,Houston Astros,3,2,592314,Mike Foltynewicz,664299,Cristian Javier,1,5325
2021-05-23,633995,Colorado Rockies,Arizona Diamondbacks,4,3,592351,Jon Gray,642203,Taylor Widener,1,19
2021-05-23,633980,San Francisco Giants,Los Angeles Dodgers,5,11,543101,Anthony DeSclafani,628711,Julio Urías,1,2395
2021-05-23,633985,Los Angeles Angels,Oakland Athletics,6,5,605164,Dylan Bundy,640455,Sean Manaea,1,1
2021-05-23,633996,San Diego Padres,Seattle Mariners,9,2,506433,Yu Darvish,643290,Justin Dunn,1,2680
2021-05-23,633973,St. Louis Cardinals,Chicago Cubs,1,2,425794,Adam Wainwright,605200,Zach Davies,1,2889
2021-05-24,633963,Toronto Blue Jays,Tampa Bay Rays,8,14,663423,Trent Thornton,642232,Ryan Yarbrough,1,2536
2021-05-24,633976,Miami Marlins,Philadelphia Phillies,9,6,669432,Trevor Rogers,621107,Zach Eflin,1,4169
2021-05-24,633981,Detroit Tigers,Cleveland Indians,5,6,605513,Spencer Turnbull,656529,Sam Hentges,1,2394
2021-05-24,634056,New York Mets,Colorado Rockies,2,3,656849,David Peterson,596295,Austin Gomber,1,3289
2021-05-24,633982,Minnesota Twins,Baltimore Orioles,8,3,533167,Matt Shoemaker,607644,John Means,1,3312
2021-05-24,633992,Milwaukee Brewers,San Diego Padres,5,3,605540,Brandon Woodruff,605483,Blake Snell,1,32
2021-05-24,633994,Chicago White Sox,St. Louis Cardinals,5,1,458681,Lance Lynn,547942,Kwang Hyun Kim,1,4
2021-05-24,633955,Oakland Athletics,Seattle Mariners,2,4,593423,Frankie Montas,579328,Yusei Kikuchi,1,10
2021-05-25,633941,Pittsburgh Pirates,Chicago Cubs,3,4,664074,Cody Ponce,453562,Jake Arrieta,1,31
2021-05-25,633969,Miami Marlins,Philadelphia Phillies,0,2,645261,Sandy Alcantara,592826,Vince Velasquez,1,4169
2021-05-25,633965,Washington Nationals,Cincinnati Reds,1,2,453286,Max Scherzer,641816,Tyler Mahle,1,3309
2021-05-25,633956,New York Yankees,Toronto Blue Jays,2,6,446372,Corey Kluber,571927,Steven Matz,1,3313
2021-05-25,633970,Detroit Tigers,Cleveland Indians,1,4,669373,Tarik Skubal,650644,Aaron Civale,1,2394
2021-05-25,634023,New York Mets,Colorado Rockies,3,1,594798,Jacob deGrom,607536,Kyle Freeland,1,3289
2021-05-25,633990,Tampa Bay Rays,Kansas City Royals,1,2,448179,Rich Hill,641745,Brad Keller,1,12
2021-05-25,633958,Boston Red Sox,Atlanta Braves,1,3,572070,Garrett Richards,450203,Charlie Morton,1,3
2021-05-25,634048,Minnesota Twins,Baltimore Orioles,7,4,621244,José Berríos,665152,Dean Kremer,1,3312
2021-05-25,633962,Milwaukee Brewers,San Diego Padres,1,7,669203,Corbin Burnes,605397,Joe Musgrove,1,32
2021-05-25,633953,Houston Astros,Los Angeles Dodgers,2,9,425844,Zack Greinke,477132,Clayton Kershaw,1,2392
2021-05-25,633951,Chicago White Sox,St. Louis Cardinals,8,3,608337,Lucas Giolito,656427,Jack Flaherty,1,4
2021-05-25,633972,Los Angeles Angels,Texas Rangers,11,5,571760,Andrew Heaney,660365,Hyeon-Jong Yang,1,1
2021-05-25,633945,Oakland Athletics,Seattle Mariners,3,4,608344,Cole Irvin,669302,Logan Gilbert,1,10
2021-05-25,633979,Arizona Diamondbacks,San Francisco Giants,0,8,656686,Corbin Martin,592332,Kevin Gausman,1,15
2021-05-26,633928,Minnesota Twins,Baltimore Orioles,3,2,501381,Michael Pineda,605347,Jorge López,1,3312
2021-05-26,633971,Chicago White Sox,St. Louis Cardinals,0,4,607074,Carlos Rodón,607231,John Gant,1,4
2021-05-26,634074,Oakland Athletics,Seattle Mariners,6,3,621076,James Kaprielian,667498,Robert Dugger,1,10
2021-05-26,633940,Los Angeles Angels,Texas Rangers,9,8,656288,Griffin Canning,641540,Dane Dunning,1,1
2021-05-26,633967,Pittsburgh Pirates,Chicago Cubs,1,4,640444,Wil Crowe,592866,Trevor Williams,1,31
2021-05-26,633901,Miami Marlins,Philadelphia Phillies,4,2,663734,Nick Neidert,605400,Aaron Nola,1,4169
2021-05-26,633890,Washington Nationals,Cincinnati Reds,5,3,605452,Joe Ross,656546,Jeff Hoffman,1,3309
2021-05-26,633986,Detroit Tigers,Cleveland Indians,1,0,570632,José Ureña,663474,Triston McKenzie,1,2394
2021-05-26,634064,Tampa Bay Rays,Kansas City Royals,2,1,607192,Tyler Glasnow,501985,Mike Minor,1,12
2021-05-26,633993,Boston Red Sox,Atlanta Braves,9,5,601713,Nick Pivetta,592767,Drew Smyly,1,3
2021-05-26,634021,Houston Astros,Los Angeles Dodgers,5,2,677651,Luis Garcia,545333,Trevor Bauer,1,2392
2021-05-26,633927,Milwaukee Brewers,San Diego Padres,1,2,641778,Eric Lauer,663978,Chris Paddack,1,32
2021-05-26,633939,Arizona Diamondbacks,San Francisco Giants,4,5,518876,Merrill Kelly,456501,Johnny Cueto,1,15
2021-05-27,633922,New York Mets,Colorado Rockies,1,0,573186,Marcus Stroman,608566,Germán Márquez,1,3289
2021-05-27,633912,New York Mets,Colorado Rockies,4,2,664192,Joey Lucchesi,622608,Antonio Senzatela,2,3289
2021-05-27,633957,Miami Marlins,Philadelphia Phillies,2,3,641154,Pablo López,675921,Spencer Howard,1,4169
2021-05-27,633888,Pittsburgh Pirates,Chicago Cubs,3,5,542881,Tyler Anderson,543294,Kyle Hendricks,1,31
2021-05-27,633943,Detroit Tigers,Cleveland Indians,2,5,571510,Matthew Boyd,669456,Shane Bieber,1,2394
2021-05-27,633937,Milwaukee Brewers,San Diego Padres,6,5,605288,Adrian Houser,677960,Ryan Weathers,1,32
2021-05-26,633890,Washington Nationals,Cincinnati Reds,5,3,605452,Joe Ross,656546,Jeff Hoffman,1,3309
2021-05-27,633915,Tampa Bay Rays,Kansas City Royals,7,2,663556,Shane McClanahan,663903,Brady Singer,1,12
2021-05-27,633974,New York Yankees,Toronto Blue Jays,0,2,593334,Domingo Germán,666201,Alek Manoah,1,3313
2021-05-27,633910,New York Yankees,Toronto Blue Jays,5,3,656756,Jordan Montgomery,592662,Robbie Ray,2,3313
2021-05-27,634003,Washington Nationals,Cincinnati Reds,0,3,544931,Stephen Strasburg,543243,Sonny Gray,1,3309
2021-05-27,633924,Chicago White Sox,Baltimore Orioles,5,1,656302,Dylan Cease,669145,Bruce Zimmermann,1,4
2021-05-27,633964,Oakland Athletics,Los Angeles Angels,5,0,605135,Chris Bassitt,663776,Patrick Sandoval,1,10
2021-05-27,633914,Arizona Diamondbacks,St. Louis Cardinals,4,5,641541,Jon Duplantier,593372,Carlos Martinez,1,15
2021-05-27,633930,Los Angeles Dodgers,San Francisco Giants,4,3,456034,David Price,622072,Alex Wood,1,22
2021-05-27,633934,Seattle Mariners,Texas Rangers,5,0,623167,Chris Flexen,663465,Kolby Allard,1,680
2021-05-28,634024,Chicago Cubs,Cincinnati Reds,1,0,640470,Adbert Alzolay,661269,Vladimir Gutierrez,1,17
2021-05-28,633966,Cleveland Indians,Toronto Blue Jays,2,11,669212,Eli Morgan,547943,Hyun Jin Ryu,1,5
2021-05-28,634040,Boston Red Sox,Miami Marlins,5,2,527048,Martín Pérez,547001,Cody Poteet,1,3
2021-05-28,633961,Detroit Tigers,New York Yankees,3,2,663554,Casey Mize,543037,Gerrit Cole,1,2394
2021-05-28,633918,Houston Astros,San Diego Padres,3,10,664285,Framber Valdez,659275,Dinelson Lamet,1,2392
2021-05-28,633932,Minnesota Twins,Kansas City Royals,3,8,677976,Randy Dobnak,663460,Kris Bubic,1,3312
2021-05-28,634006,Oakland Athletics,Los Angeles Angels,3,1,640455,Sean Manaea,660271,Shohei Ohtani,1,10
2021-05-28,633987,Arizona Diamondbacks,St. Louis Cardinals,6,8,518516,Madison Bumgarner,670912,Johan Oviedo,1,15
2021-05-28,633921,Los Angeles Dodgers,San Francisco Giants,5,8,621111,Walker Buehler,543101,Anthony DeSclafani,1,22
2021-05-28,633997,Seattle Mariners,Texas Rangers,3,2,656954,Justus Sheffield,543475,Jordan Lyles,1,680
2021-05-29,634005,Pittsburgh Pirates,Colorado Rockies,7,0,664141,JT Brubaker,592351,Jon Gray,1,31
2021-05-29,633936,Pittsburgh Pirates,Colorado Rockies,4,0,656605,Mitch Keller,596295,Austin Gomber,2,31
2021-05-29,633894,Tampa Bay Rays,Philadelphia Phillies,5,3,642232,Ryan Yarbrough,554430,Zack Wheeler,1,12
2021-05-29,633916,Washington Nationals,Milwaukee Brewers,1,4,571578,Patrick Corbin,642547,Freddy Peralta,1,3309
2021-05-29,633950,Washington Nationals,Milwaukee Brewers,2,6,452657,Jon Lester,474463,Brett Anderson,2,3309
2021-05-29,633944,Minnesota Twins,Kansas City Royals,6,5,457918,J.A. Happ,429722,Ervin Santana,1,3312
2021-05-29,633960,Chicago White Sox,Baltimore Orioles,7,4,572971,Dallas Keuchel,518774,Matt Harvey,1,4
2021-05-29,633887,Chicago White Sox,Baltimore Orioles,3,1,458681,Lance Lynn,607644,John Means,2,4
2021-05-29,633875,Chicago Cubs,Cincinnati Reds,10,2,605200,Zach Davies,622491,Luis Castillo,1,17
2021-05-29,633929,Oakland Athletics,Los Angeles Angels,0,4,593423,Frankie Montas,502171,Alex Cobb,1,10
2021-05-29,633874,Houston Astros,San Diego Padres,8,11,543606,Jake Odorizzi,506433,Yu Darvish,1,2392
2021-05-29,633903,Boston Red Sox,Miami Marlins,3,1,543135,Nathan Eovaldi,669432,Trevor Rogers,1,3
2021-05-29,633949,Detroit Tigers,New York Yankees,6,1,605513,Spencer Turnbull,665620,Deivi García,1,2394
2021-05-29,633938,Los Angeles Dodgers,San Francisco Giants,6,11,628711,Julio Urías,657277,Logan Webb,1,22
2021-05-29,633959,New York Mets,Atlanta Braves,13,2,592836,Taijuan Walker,666120,Ian Anderson,1,3289
2021-05-29,633913,Arizona Diamondbacks,St. Louis Cardinals,4,7,571676,Seth Frankoff,425794,Adam Wainwright,1,15
2021-05-29,633947,Seattle Mariners,Texas Rangers,3,2,643290,Justin Dunn,592314,Mike Foltynewicz,1,680
2021-05-30,633978,Pittsburgh Pirates,Colorado Rockies,3,4,608328,Chase De Jong,607536,Kyle Freeland,1,31
2021-05-30,633933,Washington Nationals,Milwaukee Brewers,0,3,453286,Max Scherzer,605540,Brandon Woodruff,1,3309
2021-05-30,633935,Cleveland Indians,Toronto Blue Jays,1,4,650644,Aaron Civale,548389,Ross Stripling,1,5
2021-05-30,634042,Cleveland Indians,Toronto Blue Jays,6,5,656529,Sam Hentges,571927,Steven Matz,2,5
2021-05-30,633892,Tampa Bay Rays,Philadelphia Phillies,6,2,543521,Collin McHugh,621107,Zach Eflin,1,12
2021-05-30,633854,Detroit Tigers,New York Yankees,6,2,669373,Tarik Skubal,650633,Michael King,1,2394
2021-05-30,633942,Houston Astros,San Diego Padres,7,4,425844,Zack Greinke,605483,Blake Snell,1,2392
2021-05-30,633881,Minnesota Twins,Kansas City Royals,3,6,533167,Matt Shoemaker,641745,Brad Keller,1,3312
2021-05-30,633872,Chicago White Sox,Baltimore Orioles,3,1,608337,Lucas Giolito,669211,Keegan Akin,1,4
2021-05-30,633931,Chicago Cubs,Cincinnati Reds,1,5,453562,Jake Arrieta,641816,Tyler Mahle,1,17
2021-05-30,633889,Oakland Athletics,Los Angeles Angels,2,4,608344,Cole Irvin,500779,Jose Quintana,1,10
2021-05-30,633923,Los Angeles Dodgers,San Francisco Giants,4,5,477132,Clayton Kershaw,592332,Kevin Gausman,1,22
2021-05-30,633946,Arizona Diamondbacks,St. Louis Cardinals,9,2,676840,Matt Peacock,547942,Kwang Hyun Kim,1,15
2021-05-30,633968,Seattle Mariners,Texas Rangers,4,2,579328,Yusei Kikuchi,660365,Hyeon-Jong Yang,1,680
2021-05-31,633919,Baltimore Orioles,Minnesota Twins,2,3,605347,Jorge López,621244,José Berríos,1,2
2021-05-31,633898,New York Yankees,Tampa Bay Rays,1,3,592791,Jameson Taillon,448179,Rich Hill,1,3313
2021-05-31,633983,Cincinnati Reds,Philadelphia Phillies,11,1,489119,Wade Miley,592826,Vince Velasquez,1,2602
2021-05-31,633948,Milwaukee Brewers,Detroit Tigers,3,2,669203,Corbin Burnes,641302,Tyler Alexander,1,32
2021-05-31,633870,Chicago Cubs,San Diego Padres,7,2,640464,Kohl Stewart,663978,Chris Paddack,1,17
2021-05-31,633884,Cleveland Indians,Chicago White Sox,6,8,663474,Triston McKenzie,607074,Carlos Rodón,1,5
2021-05-31,634452,Cleveland Indians,Chicago White Sox,3,1,615698,Cal Quantrill,669424,Jimmy Lambert,2,5
2021-05-31,633897,San Francisco Giants,Los Angeles Angels,6,1,456501,Johnny Cueto,605164,Dylan Bundy,1,2395
2021-05-31,633896,Houston Astros,Boston Red Sox,11,2,664353,José Urquidy,593958,Eduardo Rodriguez,1,2392
2021-05-31,633849,Seattle Mariners,Oakland Athletics,6,5,669302,Logan Gilbert,621076,James Kaprielian,1,680
2021-05-31,633917,Atlanta Braves,Washington Nationals,5,3,450203,Charlie Morton,605452,Joe Ross,1,4705
2021-05-31,633900,Kansas City Royals,Pittsburgh Pirates,7,3,501985,Mike Minor,641771,Chad Kuhl,1,7
2021-05-31,633851,Los Angeles Dodgers,St. Louis Cardinals,9,4,545333,Trevor Bauer,656427,Jack Flaherty,1,22
2021-05-31,633926,Arizona Diamondbacks,New York Mets,2,6,518876,Merrill Kelly,594798,Jacob deGrom,1,15
2021-06-01,633877,Cleveland Indians,Chicago White Sox,6,5,669456,Shane Bieber,656302,Dylan Cease,1,5
2021-06-01,633856,Baltimore Orioles,Minnesota Twins,7,4,669145,Bruce Zimmermann,501381,Michael Pineda,1,2
2021-06-01,633861,New York Yankees,Tampa Bay Rays,5,3,593334,Domingo Germán,607192,Tyler Glasnow,1,3313
2021-06-01,633857,Toronto Blue Jays,Miami Marlins,5,1,592662,Robbie Ray,645261,Sandy Alcantara,1,2756
2021-06-01,633868,Cincinnati Reds,Philadelphia Phillies,3,17,543243,Sonny Gray,605400,Aaron Nola,1,2602
2021-06-01,633863,Atlanta Braves,Washington Nationals,6,11,608331,Max Fried,544931,Stephen Strasburg,1,4705
2021-06-01,633878,Milwaukee Brewers,Detroit Tigers,7,10,641778,Eric Lauer,571510,Matthew Boyd,1,32
2021-06-01,633880,Chicago Cubs,San Diego Padres,4,3,543294,Kyle Hendricks,677960,Ryan Weathers,1,17
2021-06-01,633873,Houston Astros,Boston Red Sox,5,1,677651,Luis Garcia,572070,Garrett Richards,1,2392
2021-06-01,633891,Kansas City Royals,Pittsburgh Pirates,10,5,663903,Brady Singer,640444,Wil Crowe,1,7
2021-06-01,633895,Colorado Rockies,Texas Rangers,3,2,608566,Germán Márquez,641540,Dane Dunning,1,19
2021-06-01,633885,Arizona Diamondbacks,New York Mets,6,5,592761,Caleb Smith,573186,Marcus Stroman,1,15
2021-06-01,633864,San Francisco Giants,Los Angeles Angels,1,8,622072,Alex Wood,571760,Andrew Heaney,1,2395
2021-06-01,633871,Seattle Mariners,Oakland Athletics,6,12,594835,Marco Gonzales,605135,Chris Bassitt,1,680
2021-06-01,633879,Los Angeles Dodgers,St. Louis Cardinals,2,3,456034,David Price,607231,John Gant,1,22
2021-06-02,633855,Chicago Cubs,San Diego Padres,6,1,640470,Adbert Alzolay,659275,Dinelson Lamet,1,17
2021-06-02,633834,Arizona Diamondbacks,New York Mets,6,7,518516,Madison Bumgarner,656849,David Peterson,1,15
2021-06-02,633853,Baltimore Orioles,Minnesota Twins,6,3,518774,Matt Harvey,677976,Randy Dobnak,1,2
2021-06-02,633882,New York Yankees,Tampa Bay Rays,4,3,656756,Jordan Montgomery,663556,Shane McClanahan,1,3313
2021-06-02,633844,Toronto Blue Jays,Miami Marlins,6,5,666201,Alek Manoah,641154,Pablo López,1,2756
2021-06-02,633883,Atlanta Braves,Washington Nationals,3,5,592767,Drew Smyly,452657,Jon Lester,1,4705
2021-06-02,633842,Houston Astros,Boston Red Sox,2,1,664285,Framber Valdez,601713,Nick Pivetta,1,2392
2021-06-02,633848,Colorado Rockies,Texas Rangers,6,3,622608,Antonio Senzatela,543475,Jordan Lyles,1,19
2021-06-02,633988,Los Angeles Dodgers,St. Louis Cardinals,14,3,621111,Walker Buehler,593372,Carlos Martinez,1,22
2021-06-02,633954,Seattle Mariners,Oakland Athletics,0,6,623167,Chris Flexen,640455,Sean Manaea,1,680
2021-06-03,633836,Atlanta Braves,Washington Nationals,5,1,656353,Tucker Davidson,571578,Patrick Corbin,1,4705
2021-06-03,633819,New York Yankees,Tampa Bay Rays,2,9,543037,Gerrit Cole,642232,Ryan Yarbrough,1,3313
2021-06-03,633831,Houston Astros,Boston Red Sox,1,5,543606,Jake Odorizzi,527048,Martín Pérez,1,2392
2021-06-03,633860,Colorado Rockies,Texas Rangers,11,6,596295,Austin Gomber,592314,Mike Foltynewicz,1,19
2021-06-03,633835,Pittsburgh Pirates,Miami Marlins,5,3,542881,Tyler Anderson,622694,Elieser Hernández,1,31
2021-06-03,633876,Milwaukee Brewers,Arizona Diamondbacks,7,4,474463,Brett Anderson,641541,Jon Duplantier,1,32
2021-06-03,633833,Kansas City Royals,Minnesota Twins,6,5,663460,Kris Bubic,457918,J.A. Happ,1,7
2021-06-03,633859,Chicago White Sox,Detroit Tigers,4,1,458681,Lance Lynn,663554,Casey Mize,1,4
2021-06-03,633809,St. Louis Cardinals,Cincinnati Reds,2,4,425794,Adam Wainwright,661269,Vladimir Gutierrez,1,2889
2021-06-03,633832,Los Angeles Angels,Seattle Mariners,2,6,656288,Griffin Canning,656954,Justus Sheffield,1,1
2021-06-03,633823,San Francisco Giants,Chicago Cubs,7,2,543101,Anthony DeSclafani,605200,Zach Davies,1,2395
2021-06-03,633841,San Diego Padres,New York Mets,4,3,506433,Yu Darvish,592836,Taijuan Walker,1,2680
2021-06-04,633818,Baltimore Orioles,Cleveland Indians,3,1,669211,Keegan Akin,650496,J.C. Mejía,1,2
2021-06-04,633862,Philadelphia Phillies,Washington Nationals,1,2,554430,Zack Wheeler,453286,Max Scherzer,1,2681
2021-06-04,633858,Pittsburgh Pirates,Miami Marlins,9,2,656605,Mitch Keller,547001,Cody Poteet,1,31
2021-06-04,633824,New York Yankees,Boston Red Sox,2,5,650633,Michael King,543135,Nathan Eovaldi,1,3313
2021-06-04,633815,Toronto Blue Jays,Houston Astros,1,13,547943,Hyun Jin Ryu,425844,Zack Greinke,1,2756
2021-06-04,633820,Atlanta Braves,Los Angeles Dodgers,5,9,666120,Ian Anderson,628711,Julio Urías,1,4705
2021-06-04,633830,Texas Rangers,Tampa Bay Rays,5,4,502043,Kyle Gibson,676596,Josh Fleming,1,5325
2021-06-04,633838,Kansas City Royals,Minnesota Twins,14,5,641745,Brad Keller,533167,Matt Shoemaker,1,7
2021-06-04,633840,Chicago White Sox,Detroit Tigers,9,8,572971,Dallas Keuchel,605513,Spencer Turnbull,1,4
2021-06-04,633846,Milwaukee Brewers,Arizona Diamondbacks,5,1,642547,Freddy Peralta,676840,Matt Peacock,1,32
2021-06-04,633825,St. Louis Cardinals,Cincinnati Reds,4,6,547942,Kwang Hyun Kim,622491,Luis Castillo,1,2889
2021-06-04,633865,Colorado Rockies,Oakland Athletics,5,9,592351,Jon Gray,593423,Frankie Montas,1,19
2021-06-04,633837,Los Angeles Angels,Seattle Mariners,3,2,660271,Shohei Ohtani,667498,Robert Dugger,1,1
2021-06-04,633817,San Francisco Giants,Chicago Cubs,8,5,431148,Scott Kazmir,453562,Jake Arrieta,1,2395
2021-06-04,633816,San Diego Padres,New York Mets,2,0,605483,Blake Snell,664192,Joey Lucchesi,1,2680
2021-06-05,633920,Chicago White Sox,Detroit Tigers,3,4,608337,Lucas Giolito,669373,Tarik Skubal,1,4
2021-06-05,633797,St. Louis Cardinals,Cincinnati Reds,2,5,670912,Johan Oviedo,641816,Tyler Mahle,1,2889
2021-06-05,633800,Toronto Blue Jays,Houston Astros,6,2,548389,Ross Stripling,664353,José Urquidy,1,2756
2021-06-05,633807,Baltimore Orioles,Cleveland Indians,4,10,607644,John Means,650644,Aaron Civale,1,2
2021-06-05,633839,Texas Rangers,Tampa Bay Rays,0,3,663465,Kolby Allard,448179,Rich Hill,1,5325
2021-06-05,633795,Philadelphia Phillies,Washington Nationals,5,2,675921,Spencer Howard,605452,Joe Ross,1,2681
2021-06-05,633787,Pittsburgh Pirates,Miami Marlins,8,7,608328,Chase De Jong,669432,Trevor Rogers,1,31
2021-06-05,633799,Kansas City Royals,Minnesota Twins,4,5,501985,Mike Minor,621244,José Berríos,1,7
2021-06-05,633827,Milwaukee Brewers,Arizona Diamondbacks,7,5,605540,Brandon Woodruff,518876,Merrill Kelly,1,32
2021-06-05,633886,San Francisco Giants,Chicago Cubs,4,3,592332,Kevin Gausman,640464,Kohl Stewart,1,2395
2021-06-05,633828,Atlanta Braves,Los Angeles Dodgers,6,4,450203,Charlie Morton,477132,Clayton Kershaw,1,4705
2021-06-05,633852,New York Yankees,Boston Red Sox,3,7,592791,Jameson Taillon,593958,Eduardo Rodriguez,1,3313
2021-06-05,633850,Colorado Rockies,Oakland Athletics,3,6,607536,Kyle Freeland,608344,Cole Irvin,1,19
2021-06-05,633845,Los Angeles Angels,Seattle Mariners,12,5,502171,Alex Cobb,579328,Yusei Kikuchi,1,1
2021-06-05,633821,San Diego Padres,New York Mets,0,4,605397,Joe Musgrove,594798,Jacob deGrom,1,2680
2021-06-06,633814,Baltimore Orioles,Cleveland Indians,18,5,605347,Jorge López,615698,Cal Quantrill,1,2
2021-06-06,633786,Philadelphia Phillies,Washington Nationals,12,6,592826,Vince Velasquez,608723,Austin Voth,1,2681
2021-06-06,633794,Pittsburgh Pirates,Miami Marlins,1,3,641771,Chad Kuhl,645261,Sandy Alcantara,1,31
2021-06-06,633780,Toronto Blue Jays,Houston Astros,3,6,571927,Steven Matz,677651,Luis Garcia,1,2756
2021-06-06,633810,Atlanta Braves,Los Angeles Dodgers,4,2,608331,Max Fried,545333,Trevor Bauer,1,4705
2021-06-06,633893,Kansas City Royals,Minnesota Twins,1,2,663903,Brady Singer,641927,Bailey Ober,1,7
2021-06-06,633774,Chicago White Sox,Detroit Tigers,3,0,656302,Dylan Cease,570632,José Ureña,1,4
2021-06-06,633798,Milwaukee Brewers,Arizona Diamondbacks,2,0,669203,Corbin Burnes,592761,Caleb Smith,1,32
2021-06-06,633808,St. Louis Cardinals,Cincinnati Reds,7,8,607231,John Gant,489119,Wade Miley,1,2889
2021-06-06,633802,Texas Rangers,Tampa Bay Rays,1,7,641540,Dane Dunning,608379,Michael Wacha,1,5325
2021-06-06,633847,Colorado Rockies,Oakland Athletics,3,1,608566,Germán Márquez,621076,James Kaprielian,1,19
2021-06-06,633869,San Francisco Giants,Chicago Cubs,3,4,456501,Johnny Cueto,543294,Kyle Hendricks,1,2395
2021-06-06,633843,Los Angeles Angels,Seattle Mariners,5,9,663776,Patrick Sandoval,669302,Logan Gilbert,1,1
2021-06-06,633806,San Diego Padres,New York Mets,2,6,663978,Chris Paddack,573186,Marcus Stroman,1,2680
2021-06-06,633812,New York Yankees,Boston Red Sox,5,6,593334,Domingo Germán,572070,Garrett Richards,1,3313
2021-06-07,634072,Boston Red Sox,Miami Marlins,5,3,601713,Nick Pivetta,605507,Zach Thompson,1,3
2021-06-07,633796,Los Angeles Angels,Kansas City Royals,8,3,605164,Dylan Bundy,663804,Jackson Kowar,1,1
2021-06-07,633779,San Diego Padres,Chicago Cubs,9,4,677960,Ryan Weathers,640470,Adbert Alzolay,1,2680
2021-06-08,633773,Baltimore Orioles,New York Mets,10,3,669145,Bruce Zimmermann,656849,David Peterson,1,2
2021-06-08,633772,Pittsburgh Pirates,Los Angeles Dodgers,3,5,664141,JT Brubaker,621111,Walker Buehler,1,31
2021-06-08,633785,Philadelphia Phillies,Atlanta Braves,5,9,605400,Aaron Nola,592767,Drew Smyly,1,2681
2021-06-08,633793,Boston Red Sox,Houston Astros,1,7,527048,Martín Pérez,664285,Framber Valdez,1,3
2021-06-08,633822,Detroit Tigers,Seattle Mariners,5,3,571510,Matthew Boyd,594835,Marco Gonzales,1,2394
2021-06-08,633766,Tampa Bay Rays,Washington Nationals,3,1,607192,Tyler Glasnow,452657,Jon Lester,1,12
2021-06-08,633813,Miami Marlins,Colorado Rockies,6,2,641154,Pablo López,622608,Antonio Senzatela,1,4169
2021-06-08,633801,Cincinnati Reds,Milwaukee Brewers,1,5,543243,Sonny Gray,605288,Adrian Houser,1,2602
2021-06-08,633752,Texas Rangers,San Francisco Giants,4,9,543475,Jordan Lyles,622072,Alex Wood,1,5325
2021-06-08,633788,Chicago White Sox,Toronto Blue Jays,6,1,607074,Carlos Rodón,592662,Robbie Ray,1,4
2021-06-08,633804,Minnesota Twins,New York Yankees,4,8,501381,Michael Pineda,656756,Jordan Montgomery,1,3312
2021-06-08,633778,St. Louis Cardinals,Cleveland Indians,1,10,593372,Carlos Martinez,669456,Shane Bieber,1,2889
2021-06-08,633826,Los Angeles Angels,Kansas City Royals,8,1,571760,Andrew Heaney,663460,Kris Bubic,1,1
2021-06-08,633765,Oakland Athletics,Arizona Diamondbacks,5,2,605135,Chris Bassitt,641541,Jon Duplantier,1,10
2021-06-08,633777,San Diego Padres,Chicago Cubs,1,7,659275,Dinelson Lamet,605200,Zach Davies,1,2680
2021-06-09,633756,Texas Rangers,San Francisco Giants,4,3,502043,Kyle Gibson,641793,Zack Littell,1,5325
2021-06-09,633784,Oakland Athletics,Arizona Diamondbacks,4,0,640455,Sean Manaea,676840,Matt Peacock,1,10
2021-06-09,633739,San Diego Padres,Chicago Cubs,1,3,506433,Yu Darvish,453562,Jake Arrieta,1,2680
2021-06-09,633811,Baltimore Orioles,New York Mets,1,14,518774,Matt Harvey,592836,Taijuan Walker,1,2
2021-06-09,633753,Pittsburgh Pirates,Los Angeles Dodgers,1,2,542881,Tyler Anderson,664062,Tony Gonsolin,1,31
2021-06-09,633764,Philadelphia Phillies,Atlanta Braves,2,1,621107,Zach Eflin,656353,Tucker Davidson,1,2681
2021-06-09,633803,Boston Red Sox,Houston Astros,3,8,543135,Nathan Eovaldi,543606,Jake Odorizzi,1,3
2021-06-09,633759,Detroit Tigers,Seattle Mariners,6,9,663554,Casey Mize,623167,Chris Flexen,1,2394
2021-06-09,633767,Tampa Bay Rays,Washington Nationals,7,9,663556,Shane McClanahan,571578,Patrick Corbin,1,12
2021-06-09,633738,Miami Marlins,Colorado Rockies,3,4,666129,Braxton Garrett,596295,Austin Gomber,1,4169
2021-06-09,633791,Cincinnati Reds,Milwaukee Brewers,7,3,661269,Vladimir Gutierrez,474463,Brett Anderson,1,2602
2021-06-09,633783,Chicago White Sox,Toronto Blue Jays,2,6,458681,Lance Lynn,666201,Alek Manoah,1,4
2021-06-09,633792,Minnesota Twins,New York Yankees,6,9,677976,Randy Dobnak,543037,Gerrit Cole,1,3312
2021-06-09,633775,St. Louis Cardinals,Cleveland Indians,8,2,425794,Adam Wainwright,650496,J.C. Mejía,1,2889
2021-06-09,633776,Los Angeles Angels,Kansas City Royals,6,1,656288,Griffin Canning,641745,Brad Keller,1,1
2021-06-10,633744,Pittsburgh Pirates,Los Angeles Dodgers,3,6,656605,Mitch Keller,628711,Julio Urías,1,31
2021-06-10,633757,Cincinnati Reds,Milwaukee Brewers,2,7,622491,Luis Castillo,642547,Freddy Peralta,1,2602
2021-06-10,633762,Philadelphia Phillies,Atlanta Braves,4,3,554430,Zack Wheeler,666120,Ian Anderson,1,2681
2021-06-10,633754,Detroit Tigers,Seattle Mariners,8,3,641302,Tyler Alexander,656954,Justus Sheffield,1,2394
2021-06-10,633758,Boston Red Sox,Houston Astros,12,8,593958,Eduardo Rodriguez,425844,Zack Greinke,1,3
2021-06-10,633748,Miami Marlins,Colorado Rockies,11,4,669432,Trevor Rogers,592346,Chi Chi González,1,4169
2021-06-10,633733,Chicago White Sox,Toronto Blue Jays,5,2,572971,Dallas Keuchel,547943,Hyun Jin Ryu,1,4
2021-06-10,633790,Minnesota Twins,New York Yankees,7,5,457918,J.A. Happ,650633,Michael King,1,3312
2021-06-10,633770,Oakland Athletics,Kansas City Royals,1,6,593423,Frankie Montas,501985,Mike Minor,1,10
2021-06-11,633742,Chicago Cubs,St. Louis Cardinals,8,5,640464,Kohl Stewart,670912,Johan Oviedo,1,17
2021-06-11,633746,Washington Nationals,San Francisco Giants,0,1,453286,Max Scherzer,543101,Anthony DeSclafani,1,3309
2021-06-11,633741,Cincinnati Reds,Colorado Rockies,11,5,641816,Tyler Mahle,607536,Kyle Freeland,1,2602
2021-06-11,633771,New York Mets,San Diego Padres,3,2,594798,Jacob deGrom,605483,Blake Snell,1,3289
2021-06-11,633743,Cleveland Indians,Seattle Mariners,7,0,650644,Aaron Civale,643290,Justin Dunn,1,5
2021-06-11,633781,Tampa Bay Rays,Baltimore Orioles,4,2,642232,Ryan Yarbrough,669211,Keegan Akin,1,12
2021-06-11,633735,Boston Red Sox,Toronto Blue Jays,6,5,572070,Garrett Richards,548389,Ross Stripling,1,3
2021-06-11,633789,Detroit Tigers,Chicago White Sox,4,5,669373,Tarik Skubal,608337,Lucas Giolito,1,2394
2021-06-11,633782,Miami Marlins,Atlanta Braves,4,3,645261,Sandy Alcantara,450203,Charlie Morton,1,4169
2021-06-11,633720,Minnesota Twins,Houston Astros,4,6,641927,Bailey Ober,664353,José Urquidy,1,3312
2021-06-11,633768,Milwaukee Brewers,Pittsburgh Pirates,7,4,605540,Brandon Woodruff,608328,Chase De Jong,1,32
2021-06-11,633731,Arizona Diamondbacks,Los Angeles Angels,5,6,518876,Merrill Kelly,660271,Shohei Ohtani,1,15
2021-06-11,633717,Oakland Athletics,Kansas City Royals,4,3,608344,Cole Irvin,663903,Brady Singer,1,10
2021-06-11,633761,Los Angeles Dodgers,Texas Rangers,12,1,477132,Clayton Kershaw,592314,Mike Foltynewicz,1,22
2021-06-12,633745,Washington Nationals,San Francisco Giants,2,0,607200,Erick Fedde,592332,Kevin Gausman,1,3309
2021-06-12,633698,Washington Nationals,San Francisco Giants,1,2,622446,Jefry Rodriguez,669214,Conner Menez,2,3309
2021-06-12,633763,Philadelphia Phillies,New York Yankees,8,7,592826,Vince Velasquez,592791,Jameson Taillon,1,2681
2021-06-12,633718,Oakland Athletics,Kansas City Royals,11,2,621076,James Kaprielian,663804,Jackson Kowar,1,10
2021-06-12,633712,Arizona Diamondbacks,Los Angeles Angels,7,8,592761,Caleb Smith,502171,Alex Cobb,1,15
2021-06-12,633730,Cincinnati Reds,Colorado Rockies,10,3,489119,Wade Miley,608566,Germán Márquez,1,2602
2021-06-12,633732,New York Mets,San Diego Padres,4,1,573186,Marcus Stroman,605397,Joe Musgrove,1,3289
2021-06-12,633725,Cleveland Indians,Seattle Mariners,5,4,663474,Triston McKenzie,579328,Yusei Kikuchi,1,5
2021-06-12,633699,Tampa Bay Rays,Baltimore Orioles,5,4,448179,Rich Hill,605347,Jorge López,1,12
2021-06-12,633751,Boston Red Sox,Toronto Blue Jays,2,7,601713,Nick Pivetta,571927,Steven Matz,1,3
2021-06-12,633721,Detroit Tigers,Chicago White Sox,2,15,570632,José Ureña,656302,Dylan Cease,1,2394
2021-06-12,633704,Miami Marlins,Atlanta Braves,4,2,605507,Zach Thompson,608331,Max Fried,1,4169
2021-06-12,633726,Milwaukee Brewers,Pittsburgh Pirates,7,4,669203,Corbin Burnes,641771,Chad Kuhl,1,32
2021-06-12,633740,Chicago Cubs,St. Louis Cardinals,7,2,543294,Kyle Hendricks,607231,John Gant,1,17
2021-06-12,633736,Minnesota Twins,Houston Astros,5,2,621244,José Berríos,677651,Luis Garcia,1,3312
2021-06-12,633723,Los Angeles Dodgers,Texas Rangers,1,12,545333,Trevor Bauer,663465,Kolby Allard,1,22
2021-06-13,633710,Washington Nationals,San Francisco Giants,5,0,605452,Joe Ross,456501,Johnny Cueto,1,3309
2021-06-13,633715,Philadelphia Phillies,New York Yankees,7,0,605400,Aaron Nola,593334,Domingo Germán,1,2681
2021-06-13,633711,Cincinnati Reds,Colorado Rockies,6,2,663574,Tony Santillan,622608,Antonio Senzatela,1,2602
2021-06-13,633722,New York Mets,San Diego Padres,3,7,664192,Joey Lucchesi,663978,Chris Paddack,1,3289
2021-06-13,633690,Cleveland Indians,Seattle Mariners,2,6,669456,Shane Bieber,669302,Logan Gilbert,1,5
2021-06-13,633737,Tampa Bay Rays,Baltimore Orioles,7,1,608379,Michael Wacha,669145,Bruce Zimmermann,1,12
2021-06-13,633728,Boston Red Sox,Toronto Blue Jays,4,18,527048,Martín Pérez,592662,Robbie Ray,1,3
2021-06-13,633688,Detroit Tigers,Chicago White Sox,1,4,608335,Kyle Funkhouser,607074,Carlos Rodón,1,2394
2021-06-13,633805,Miami Marlins,Atlanta Braves,4,6,641154,Pablo López,592767,Drew Smyly,1,4169
2021-06-13,633749,Minnesota Twins,Houston Astros,3,14,501381,Michael Pineda,664285,Framber Valdez,1,3312
2021-06-13,633713,Milwaukee Brewers,Pittsburgh Pirates,5,2,605288,Adrian Houser,640444,Wil Crowe,1,32
2021-06-13,633707,Oakland Athletics,Kansas City Royals,6,3,605135,Chris Bassitt,663460,Kris Bubic,1,10
2021-06-13,633696,Arizona Diamondbacks,Los Angeles Angels,3,10,641541,Jon Duplantier,663776,Patrick Sandoval,1,15
2021-06-13,633719,Los Angeles Dodgers,Texas Rangers,5,3,621111,Walker Buehler,641540,Dane Dunning,1,22
2021-06-13,633689,Chicago Cubs,St. Louis Cardinals,2,0,605200,Zach Davies,593372,Carlos Martinez,1,17
2021-06-14,633693,Washington Nationals,Pittsburgh Pirates,3,2,452657,Jon Lester,664141,JT Brubaker,1,3309
2021-06-14,633705,Cleveland Indians,Baltimore Orioles,4,3,650496,J.C. Mejía,665152,Dean Kremer,1,5
2021-06-14,633678,New York Mets,Chicago Cubs,5,2,656849,David Peterson,453562,Jake Arrieta,1,3289
2021-06-14,633700,Boston Red Sox,Toronto Blue Jays,2,1,543135,Nathan Eovaldi,666201,Alek Manoah,1,3
2021-06-14,633655,Kansas City Royals,Detroit Tigers,3,10,641745,Brad Keller,571510,Matthew Boyd,1,7
2021-06-14,633673,Chicago White Sox,Tampa Bay Rays,2,5,458681,Lance Lynn,607192,Tyler Glasnow,1,4
2021-06-14,633680,Milwaukee Brewers,Cincinnati Reds,2,10,641778,Eric Lauer,661269,Vladimir Gutierrez,1,32
2021-06-14,633727,St. Louis Cardinals,Miami Marlins,4,2,425794,Adam Wainwright,666129,Braxton Garrett,1,2889
2021-06-14,633703,Colorado Rockies,San Diego Padres,3,2,596295,Austin Gomber,659275,Dinelson Lamet,1,19
2021-06-14,633729,Oakland Athletics,Los Angeles Angels,8,5,640455,Sean Manaea,605164,Dylan Bundy,1,10
2021-06-14,633734,San Francisco Giants,Arizona Diamondbacks,5,2,622072,Alex Wood,676840,Matt Peacock,1,2395
2021-06-14,633716,Seattle Mariners,Minnesota Twins,4,3,594835,Marco Gonzales,628317,Kenta Maeda,1,680
2021-06-14,633652,Los Angeles Dodgers,Philadelphia Phillies,3,1,664062,Tony Gonsolin,675921,Spencer Howard,1,22
2021-06-15,633684,Washington Nationals,Pittsburgh Pirates,8,1,571578,Patrick Corbin,542881,Tyler Anderson,1,3309
2021-06-15,633653,Toronto Blue Jays,New York Yankees,5,6,547943,Hyun Jin Ryu,656756,Jordan Montgomery,1,2756
2021-06-15,633769,Cleveland Indians,Baltimore Orioles,7,2,615698,Cal Quantrill,518774,Matt Harvey,1,5
2021-06-15,633681,New York Mets,Chicago Cubs,3,2,592836,Taijuan Walker,621219,Alec Mills,1,3289
2021-06-15,633724,Atlanta Braves,Boston Red Sox,8,10,656353,Tucker Davidson,593958,Eduardo Rodriguez,1,4705
2021-06-15,633755,Kansas City Royals,Detroit Tigers,3,4,501985,Mike Minor,663554,Casey Mize,1,7
2021-06-15,633829,Houston Astros,Texas Rangers,6,3,621121,Lance McCullers Jr.,502043,Kyle Gibson,1,2392
2021-06-15,633676,Chicago White Sox,Tampa Bay Rays,3,0,572971,Dallas Keuchel,663556,Shane McClanahan,1,4
2021-06-15,633714,Milwaukee Brewers,Cincinnati Reds,1,2,474463,Brett Anderson,622491,Luis Castillo,1,32
2021-06-15,633694,St. Louis Cardinals,Miami Marlins,2,1,547942,Kwang Hyun Kim,669432,Trevor Rogers,1,2889
2021-06-15,633701,Colorado Rockies,San Diego Padres,8,4,592346,Chi Chi González,506433,Yu Darvish,1,19
2021-06-15,633656,Oakland Athletics,Los Angeles Angels,6,4,593423,Frankie Montas,571760,Andrew Heaney,1,10
2021-06-15,633679,San Francisco Giants,Arizona Diamondbacks,9,8,641793,Zack Littell,622065,Alex Young,1,2395
2021-06-15,633626,Seattle Mariners,Minnesota Twins,10,0,623167,Chris Flexen,457918,J.A. Happ,1,680
2021-06-15,633675,Los Angeles Dodgers,Philadelphia Phillies,5,3,628711,Julio Urías,621107,Zach Eflin,1,22
2021-06-16,633709,St. Louis Cardinals,Miami Marlins,1,0,670912,Johan Oviedo,645261,Sandy Alcantara,1,2889
2021-06-16,633612,Kansas City Royals,Detroit Tigers,5,6,663903,Brady Singer,669373,Tarik Skubal,1,7
2021-06-16,633634,Chicago White Sox,Tampa Bay Rays,8,7,608337,Lucas Giolito,642232,Ryan Yarbrough,1,4
2021-06-16,633665,Milwaukee Brewers,Cincinnati Reds,1,2,642547,Freddy Peralta,641816,Tyler Mahle,1,32
2021-06-16,633706,Colorado Rockies,San Diego Padres,8,7,607536,Kyle Freeland,605483,Blake Snell,1,19
2021-06-16,633632,Oakland Athletics,Los Angeles Angels,8,4,608344,Cole Irvin,656288,Griffin Canning,1,10
2021-06-16,633628,Washington Nationals,Pittsburgh Pirates,3,1,502179,Paolo Espino,608328,Chase De Jong,1,3309
2021-06-16,633695,Toronto Blue Jays,New York Yankees,2,3,548389,Ross Stripling,543037,Gerrit Cole,1,2756
2021-06-16,633659,Cleveland Indians,Baltimore Orioles,8,7,650644,Aaron Civale,669211,Keegan Akin,1,5
2021-06-16,633630,New York Mets,Chicago Cubs,6,3,594798,Jacob deGrom,476594,Robert Stock,1,3289
2021-06-16,633708,Atlanta Braves,Boston Red Sox,8,10,666120,Ian Anderson,572070,Garrett Richards,1,4705
2021-06-16,633619,Houston Astros,Texas Rangers,8,4,425844,Zack Greinke,543475,Jordan Lyles,1,2392
2021-06-16,633645,San Francisco Giants,Arizona Diamondbacks,13,7,543101,Anthony DeSclafani,518876,Merrill Kelly,1,2395
2021-06-16,633658,Seattle Mariners,Minnesota Twins,2,7,656954,Justus Sheffield,641927,Bailey Ober,1,680
2021-06-16,633677,Los Angeles Dodgers,Philadelphia Phillies,0,2,477132,Clayton Kershaw,554430,Zack Wheeler,1,22
2021-06-17,633641,Cleveland Indians,Baltimore Orioles,10,3,669212,Eli Morgan,605347,Jorge López,1,5
2021-06-17,633622,San Francisco Giants,Arizona Diamondbacks,10,3,592332,Kevin Gausman,668678,Zac Gallen,1,2395
2021-06-17,633633,Toronto Blue Jays,New York Yankees,4,8,643615,T.J. Zeuch,650633,Michael King,1,2756
2021-06-17,633692,New York Mets,Chicago Cubs,0,2,573186,Marcus Stroman,543294,Kyle Hendricks,1,3289
2021-06-17,633691,Atlanta Braves,St. Louis Cardinals,4,0,450203,Charlie Morton,607231,John Gant,1,4705
2021-06-17,633687,Houston Astros,Chicago White Sox,10,2,664353,José Urquidy,656302,Dylan Cease,1,2392
2021-06-17,633617,San Diego Padres,Cincinnati Reds,6,4,605397,Joe Musgrove,489119,Wade Miley,1,2680
2021-06-17,633623,Colorado Rockies,Milwaukee Brewers,7,3,608566,Germán Márquez,605540,Brandon Woodruff,1,19
2021-06-17,633624,Los Angeles Angels,Detroit Tigers,7,5,660271,Shohei Ohtani,666159,Matt Manning,1,1
2021-06-17,633697,Seattle Mariners,Tampa Bay Rays,6,5,643290,Justin Dunn,448179,Rich Hill,1,680
2021-06-18,633618,Washington Nationals,New York Mets,1,0,607200,Erick Fedde,664192,Joey Lucchesi,1,3309
2021-06-18,633584,Pittsburgh Pirates,Cleveland Indians,11,10,641771,Chad Kuhl,650496,J.C. Mejía,1,31
2021-06-18,633593,Baltimore Orioles,Toronto Blue Jays,7,1,664045,Thomas Eshelman,592662,Robbie Ray,1,2
2021-06-18,633609,New York Yankees,Oakland Athletics,3,5,592791,Jameson Taillon,621076,James Kaprielian,1,3313
2021-06-18,633607,Atlanta Braves,St. Louis Cardinals,9,1,608331,Max Fried,593372,Carlos Martinez,1,4705
2021-06-18,633579,Texas Rangers,Minnesota Twins,5,7,592314,Mike Foltynewicz,621244,José Berríos,1,5325
2021-06-18,633638,Chicago Cubs,Miami Marlins,2,10,605200,Zach Davies,547001,Cody Poteet,1,17
2021-06-18,633683,Kansas City Royals,Boston Red Sox,5,3,622092,Kyle Zimmer,601713,Nick Pivetta,1,7
2021-06-18,633702,Houston Astros,Chicago White Sox,2,1,677651,Luis Garcia,607074,Carlos Rodón,1,2392
2021-06-18,633616,Colorado Rockies,Milwaukee Brewers,6,5,622608,Antonio Senzatela,669203,Corbin Burnes,1,19
2021-06-18,633654,Los Angeles Angels,Detroit Tigers,11,3,502171,Alex Cobb,570632,José Ureña,1,1
2021-06-18,633604,Arizona Diamondbacks,Los Angeles Dodgers,0,3,592761,Caleb Smith,545333,Trevor Bauer,1,15
2021-06-18,633600,San Francisco Giants,Philadelphia Phillies,5,3,456501,Johnny Cueto,592826,Vince Velasquez,1,2395
2021-06-18,633596,San Diego Padres,Cincinnati Reds,8,2,663978,Chris Paddack,663574,Tony Santillan,1,2680
2021-06-18,633615,Seattle Mariners,Tampa Bay Rays,5,1,579328,Yusei Kikuchi,608379,Michael Wacha,1,680
2021-06-19,634647,Washington Nationals,New York Mets,1,5,605452,Joe Ross,656849,David Peterson,1,3309
2021-06-19,633583,Washington Nationals,New York Mets,6,2,452657,Jon Lester,607229,Robert Gsellman,2,3309
2021-06-19,633606,New York Yankees,Oakland Athletics,7,5,593334,Domingo Germán,605135,Chris Bassitt,1,3313
2021-06-19,633613,Chicago Cubs,Miami Marlins,1,11,453562,Jake Arrieta,641154,Pablo López,1,17
2021-06-19,633590,Pittsburgh Pirates,Cleveland Indians,6,3,640444,Wil Crowe,615698,Cal Quantrill,1,31
2021-06-19,633573,Baltimore Orioles,Toronto Blue Jays,7,10,665152,Dean Kremer,666201,Alek Manoah,1,2
2021-06-19,633594,Texas Rangers,Minnesota Twins,2,3,663465,Kolby Allard,677976,Randy Dobnak,1,5325
2021-06-19,633592,San Francisco Giants,Philadelphia Phillies,6,13,622072,Alex Wood,605400,Aaron Nola,1,2395
2021-06-19,633585,Kansas City Royals,Boston Red Sox,1,7,641745,Brad Keller,527048,Martín Pérez,1,7
2021-06-19,633597,San Diego Padres,Cincinnati Reds,7,5,622766,Miguel Díaz,661269,Vladimir Gutierrez,1,2680
2021-06-19,633576,Houston Astros,Chicago White Sox,7,3,664285,Framber Valdez,458681,Lance Lynn,1,2392
2021-06-19,633577,Colorado Rockies,Milwaukee Brewers,5,6,596295,Austin Gomber,605288,Adrian Houser,1,19
2021-06-19,633650,Los Angeles Angels,Detroit Tigers,8,3,663776,Patrick Sandoval,503449,Wily Peralta,1,1
2021-06-19,633598,Arizona Diamondbacks,Los Angeles Dodgers,3,9,676840,Matt Peacock,621111,Walker Buehler,1,15
2021-06-19,633661,Seattle Mariners,Tampa Bay Rays,6,5,669302,Logan Gilbert,676596,Josh Fleming,1,680
2021-06-20,633557,Washington Nationals,New York Mets,5,2,571578,Patrick Corbin,592836,Taijuan Walker,1,3309
2021-06-20,633550,Pittsburgh Pirates,Cleveland Indians,1,2,664141,JT Brubaker,656529,Sam Hentges,1,31
2021-06-20,633636,Baltimore Orioles,Toronto Blue Jays,4,7,518774,Matt Harvey,547943,Hyun Jin Ryu,1,2
2021-06-20,633575,New York Yankees,Oakland Athletics,2,1,656756,Jordan Montgomery,640455,Sean Manaea,1,3313
2021-06-20,633558,Kansas City Royals,Boston Red Sox,7,3,501985,Mike Minor,543135,Nathan Eovaldi,1,7
2021-06-20,633610,Atlanta Braves,St. Louis Cardinals,1,9,669060,Bryse Wilson,425794,Adam Wainwright,1,4705
2021-06-20,633565,Atlanta Braves,St. Louis Cardinals,1,0,592767,Drew Smyly,547942,Kwang Hyun Kim,2,4705
2021-06-20,633602,Houston Astros,Chicago White Sox,8,2,621121,Lance McCullers Jr.,572971,Dallas Keuchel,1,2392
2021-06-20,633629,Chicago Cubs,Miami Marlins,2,0,621219,Alec Mills,605507,Zach Thompson,1,17
2021-06-20,633574,Texas Rangers,Minnesota Twins,2,4,641540,Dane Dunning,628317,Kenta Maeda,1,5325
2021-06-20,633567,Colorado Rockies,Milwaukee Brewers,6,7,592346,Chi Chi González,641778,Eric Lauer,1,19
2021-06-20,633611,San Francisco Giants,Philadelphia Phillies,11,2,669674,Sam Long,621107,Zach Eflin,1,2395
2021-06-20,633563,Los Angeles Angels,Detroit Tigers,3,5,605164,Dylan Bundy,663554,Casey Mize,1,1
2021-06-20,633582,Arizona Diamondbacks,Los Angeles Dodgers,8,9,622065,Alex Young,664062,Tony Gonsolin,1,15
2021-06-20,633566,San Diego Padres,Cincinnati Reds,3,2,659275,Dinelson Lamet,622491,Luis Castillo,1,2680
2021-06-20,633554,Seattle Mariners,Tampa Bay Rays,6,2,594835,Marco Gonzales,663556,Shane McClanahan,1,680
2021-06-21,633760,New York Mets,Atlanta Braves,4,2,594798,Jacob deGrom,666205,Kyle Muller,1,3289
2021-06-21,633899,New York Mets,Atlanta Braves,0,1,595191,Jerad Eickhoff,666120,Ian Anderson,2,3289
2021-06-21,633747,Baltimore Orioles,Houston Astros,2,10,669211,Keegan Akin,543606,Jake Odorizzi,1,2
2021-06-21,633542,Chicago Cubs,Cleveland Indians,0,4,640470,Adbert Alzolay,650644,Aaron Civale,1,17
2021-06-21,633605,Texas Rangers,Oakland Athletics,8,3,502043,Kyle Gibson,593423,Frankie Montas,1,5325
2021-06-21,633588,Minnesota Twins,Cincinnati Reds,7,5,457918,J.A. Happ,641816,Tyler Mahle,1,3312
2021-06-21,633533,Arizona Diamondbacks,Milwaukee Brewers,5,1,518876,Merrill Kelly,474463,Brett Anderson,1,15
2021-06-21,633651,San Diego Padres,Los Angeles Dodgers,6,2,506433,Yu Darvish,628711,Julio Urías,1,2680
2021-06-22,633580,Minnesota Twins,Cincinnati Reds,7,10,641927,Bailey Ober,489119,Wade Miley,1,3312
2021-06-22,633547,Baltimore Orioles,Houston Astros,1,3,605347,Jorge López,425844,Zack Greinke,1,2
2021-06-22,633549,Philadelphia Phillies,Washington Nationals,2,3,554430,Zack Wheeler,453286,Max Scherzer,1,2681
2021-06-22,633572,Pittsburgh Pirates,Chicago White Sox,6,3,542881,Tyler Anderson,608337,Lucas Giolito,1,31
2021-06-22,633621,New York Yankees,Kansas City Royals,5,6,543037,Gerrit Cole,663903,Brady Singer,1,3313
2021-06-22,633526,Detroit Tigers,St. Louis Cardinals,8,2,669373,Tarik Skubal,670912,Johan Oviedo,1,2394
2021-06-22,633519,Tampa Bay Rays,Boston Red Sox,5,9,552640,Andrew Kittredge,593958,Eduardo Rodriguez,1,12
2021-06-22,633750,New York Mets,Atlanta Braves,0,3,573186,Marcus Stroman,450203,Charlie Morton,1,3289
2021-06-22,633571,Miami Marlins,Toronto Blue Jays,1,2,645261,Sandy Alcantara,548389,Ross Stripling,1,4169
2021-06-22,633537,Chicago Cubs,Cleveland Indians,7,1,543294,Kyle Hendricks,669212,Eli Morgan,1,17
2021-06-22,633532,Texas Rangers,Oakland Athletics,6,13,621368,Taylor Hearn,608344,Cole Irvin,1,5325
2021-06-22,633670,Los Angeles Angels,San Francisco Giants,0,5,571760,Andrew Heaney,543101,Anthony DeSclafani,1,1
2021-06-22,633603,Arizona Diamondbacks,Milwaukee Brewers,0,5,668678,Zac Gallen,642547,Freddy Peralta,1,15
2021-06-22,633540,San Diego Padres,Los Angeles Dodgers,3,2,605483,Blake Snell,477132,Clayton Kershaw,1,2680
2021-06-22,633528,Seattle Mariners,Colorado Rockies,2,1,623167,Chris Flexen,607536,Kyle Freeland,1,680
2021-06-23,633569,Pittsburgh Pirates,Chicago White Sox,3,4,608328,Chase De Jong,656302,Dylan Cease,1,31
2021-06-23,633546,Philadelphia Phillies,Washington Nationals,12,13,592826,Vince Velasquez,607200,Erick Fedde,1,2681
2021-06-23,633541,Detroit Tigers,St. Louis Cardinals,6,2,666159,Matt Manning,607231,John Gant,1,2394
2021-06-23,633578,Arizona Diamondbacks,Milwaukee Brewers,2,3,592761,Caleb Smith,605540,Brandon Woodruff,1,15
2021-06-23,633570,Los Angeles Angels,San Francisco Giants,3,9,660271,Shohei Ohtani,592332,Kevin Gausman,1,1
2021-06-23,633614,Seattle Mariners,Colorado Rockies,2,5,656954,Justus Sheffield,608566,Germán Márquez,1,680
2021-06-23,633568,Baltimore Orioles,Houston Astros,0,13,664045,Thomas Eshelman,664353,José Urquidy,1,2
2021-06-23,633551,New York Yankees,Kansas City Royals,6,5,650633,Michael King,518633,Danny Duffy,1,3313
2021-06-23,633524,Tampa Bay Rays,Boston Red Sox,8,2,448179,Rich Hill,572070,Garrett Richards,1,12
2021-06-23,633561,New York Mets,Atlanta Braves,7,3,656731,Tylor Megill,657140,Kyle Wright,1,3289
2021-06-23,633513,Miami Marlins,Toronto Blue Jays,1,3,669432,Trevor Rogers,592662,Robbie Ray,1,4169
2021-06-23,633553,Texas Rangers,Oakland Athletics,5,3,592314,Mike Foltynewicz,621076,James Kaprielian,1,5325
2021-06-23,633627,San Diego Padres,Los Angeles Dodgers,5,3,605397,Joe Musgrove,545333,Trevor Bauer,1,2680
2021-06-24,633559,New York Yankees,Kansas City Royals,8,1,592791,Jameson Taillon,641745,Brad Keller,1,3313
2021-06-24,633503,Texas Rangers,Oakland Athletics,1,5,663465,Kolby Allard,605135,Chris Bassitt,1,5325
2021-06-24,633560,Toronto Blue Jays,Baltimore Orioles,9,0,641743,Anthony Kay,665152,Dean Kremer,1,2756
2021-06-24,633564,Detroit Tigers,Houston Astros,3,12,570632,José Ureña,677651,Luis Garcia,1,2394
2021-06-24,633517,Tampa Bay Rays,Boston Red Sox,1,0,608379,Michael Wacha,601713,Nick Pivetta,1,12
2021-06-24,633514,Cincinnati Reds,Atlanta Braves,5,3,663574,Tony Santillan,,,1,2602
2021-06-24,633548,Miami Marlins,Washington Nationals,3,7,547001,Cody Poteet,605452,Joe Ross,1,4169
2021-06-24,633538,Minnesota Twins,Cleveland Indians,1,4,621244,José Berríos,650496,J.C. Mejía,1,3312
2021-06-24,633502,St. Louis Cardinals,Pittsburgh Pirates,2,8,593372,Carlos Martinez,641771,Chad Kuhl,1,2889
2021-06-24,633505,Los Angeles Dodgers,Chicago Cubs,0,4,621111,Walker Buehler,605200,Zach Davies,1,22
2021-06-25,633545,New York Mets,Philadelphia Phillies,2,1,592836,Taijuan Walker,605400,Aaron Nola,1,3289
2021-06-25,634515,New York Mets,Philadelphia Phillies,1,2,656849,David Peterson,519043,Matt Moore,2,3289
2021-06-25,633599,Milwaukee Brewers,Colorado Rockies,5,4,669203,Corbin Burnes,592351,Jon Gray,1,32
2021-06-25,633536,Toronto Blue Jays,Baltimore Orioles,5,6,666201,Alek Manoah,518774,Matt Harvey,1,2756
2021-06-25,633535,Tampa Bay Rays,Los Angeles Angels,4,3,552640,Andrew Kittredge,656288,Griffin Canning,1,12
2021-06-25,633521,Cincinnati Reds,Atlanta Braves,2,3,661269,Vladimir Gutierrez,592767,Drew Smyly,1,2602
2021-06-25,633591,Miami Marlins,Washington Nationals,11,2,641154,Pablo López,452657,Jon Lester,1,4169
2021-06-25,633543,Boston Red Sox,New York Yankees,5,3,527048,Martín Pérez,593334,Domingo Germán,1,3
2021-06-25,633556,Texas Rangers,Kansas City Royals,9,4,641540,Dane Dunning,501985,Mike Minor,1,5325
2021-06-25,633555,Minnesota Twins,Cleveland Indians,8,7,543056,Danny Coulombe,615698,Cal Quantrill,1,3312
2021-06-25,633620,Chicago White Sox,Seattle Mariners,3,9,607074,Carlos Rodón,579328,Yusei Kikuchi,1,4
2021-06-25,633498,St. Louis Cardinals,Pittsburgh Pirates,4,5,547942,Kwang Hyun Kim,640444,Wil Crowe,1,2889
2021-06-25,633523,San Francisco Giants,Oakland Athletics,2,0,456501,Johnny Cueto,640455,Sean Manaea,1,2395
2021-06-25,633608,Los Angeles Dodgers,Chicago Cubs,6,2,664062,Tony Gonsolin,453562,Jake Arrieta,1,22
2021-06-25,633492,San Diego Padres,Arizona Diamondbacks,11,5,663978,Chris Paddack,656686,Corbin Martin,1,2680
2021-06-26,633530,Detroit Tigers,Houston Astros,3,1,663554,Casey Mize,664285,Framber Valdez,1,2394
2021-06-26,633509,Detroit Tigers,Houston Astros,2,3,503449,Wily Peralta,621121,Lance McCullers Jr.,2,2394
2021-06-26,633501,Chicago White Sox,Seattle Mariners,2,3,458681,Lance Lynn,669302,Logan Gilbert,1,4
2021-06-26,633589,St. Louis Cardinals,Pittsburgh Pirates,3,1,425794,Adam Wainwright,664141,JT Brubaker,1,2889
2021-06-26,633520,Toronto Blue Jays,Baltimore Orioles,12,4,547943,Hyun Jin Ryu,669211,Keegan Akin,1,2756
2021-06-26,633534,Texas Rangers,Kansas City Royals,8,0,502043,Kyle Gibson,622092,Kyle Zimmer,1,5325
2021-06-26,633525,Tampa Bay Rays,Los Angeles Angels,13,3,663556,Shane McClanahan,502171,Alex Cobb,1,12
2021-06-26,633539,New York Mets,Philadelphia Phillies,4,3,594798,Jacob deGrom,621107,Zach Eflin,1,3289
2021-06-26,633510,Cincinnati Reds,Atlanta Braves,4,1,622491,Luis Castillo,666120,Ian Anderson,1,2602
2021-06-26,633552,Miami Marlins,Washington Nationals,3,2,605507,Zach Thompson,571578,Patrick Corbin,1,4169
2021-06-26,633518,Milwaukee Brewers,Colorado Rockies,10,4,605288,Adrian Houser,622608,Antonio Senzatela,1,32
2021-06-26,633562,Los Angeles Dodgers,Chicago Cubs,3,2,628711,Julio Urías,621219,Alec Mills,1,22
2021-06-26,633531,Boston Red Sox,New York Yankees,4,2,543135,Nathan Eovaldi,656756,Jordan Montgomery,1,3
2021-06-26,633500,San Francisco Giants,Oakland Athletics,6,5,622072,Alex Wood,593423,Frankie Montas,1,2395
2021-06-26,633512,San Diego Padres,Arizona Diamondbacks,1,10,659275,Dinelson Lamet,518876,Merrill Kelly,1,2680
2021-06-27,633515,Toronto Blue Jays,Baltimore Orioles,5,2,548389,Ross Stripling,605347,Jorge López,1,2756
2021-06-27,633494,Detroit Tigers,Houston Astros,2,1,669373,Tarik Skubal,543606,Jake Odorizzi,1,2394
2021-06-27,633459,Tampa Bay Rays,Los Angeles Angels,4,6,642232,Ryan Yarbrough,663776,Patrick Sandoval,1,12
2021-06-27,633504,New York Mets,Philadelphia Phillies,2,4,573186,Marcus Stroman,554430,Zack Wheeler,1,3289
2021-06-27,633493,Cincinnati Reds,Atlanta Braves,0,4,641816,Tyler Mahle,666205,Kyle Muller,1,2602
2021-06-27,633489,Miami Marlins,Washington Nationals,1,5,645261,Sandy Alcantara,453286,Max Scherzer,1,4169
2021-06-27,633477,Boston Red Sox,New York Yankees,9,2,593958,Eduardo Rodriguez,543037,Gerrit Cole,1,3
2021-06-27,633473,Minnesota Twins,Cleveland Indians,8,2,457918,J.A. Happ,656529,Sam Hentges,1,3312
2021-06-26,633501,Chicago White Sox,Seattle Mariners,2,3,458681,Lance Lynn,669302,Logan Gilbert,1,4
2021-06-27,633486,Milwaukee Brewers,Colorado Rockies,5,0,641778,Eric Lauer,592346,Chi Chi González,1,32
2021-06-27,633482,St. Louis Cardinals,Pittsburgh Pirates,2,7,670912,Johan Oviedo,668820,Max Kranick,1,2889
2021-06-27,633516,Texas Rangers,Kansas City Royals,4,1,543475,Jordan Lyles,663903,Brady Singer,1,5325
2021-06-27,633527,San Francisco Giants,Oakland Athletics,2,6,669674,Sam Long,608344,Cole Irvin,1,2395
2021-06-27,633544,San Diego Padres,Arizona Diamondbacks,5,4,506433,Yu Darvish,668678,Zac Gallen,1,2680
2021-06-27,633499,Chicago White Sox,Seattle Mariners,7,5,621114,Ryan Burr,667498,Robert Dugger,1,4
2021-06-27,633472,Los Angeles Dodgers,Chicago Cubs,7,1,477132,Clayton Kershaw,640470,Adbert Alzolay,1,22
2021-06-28,633465,Colorado Rockies,Pittsburgh Pirates,2,0,607536,Kyle Freeland,542881,Tyler Anderson,1,19
2021-06-28,633867,Cincinnati Reds,Philadelphia Phillies,12,4,489119,Wade Miley,675921,Spencer Howard,1,2602
2021-06-28,634620,Washington Nationals,New York Mets,8,4,502179,Paolo Espino,595191,Jerad Eickhoff,1,3309
2021-06-28,633601,New York Yankees,Los Angeles Angels,3,5,650633,Michael King,605164,Dylan Bundy,1,3313
2021-06-28,633466,Cleveland Indians,Detroit Tigers,13,5,669212,Eli Morgan,666159,Matt Manning,1,5
2021-06-28,633475,Boston Red Sox,Kansas City Royals,6,5,572070,Garrett Richards,518633,Danny Duffy,1,3
2021-06-28,633483,Houston Astros,Baltimore Orioles,7,9,425844,Zack Greinke,664045,Thomas Eshelman,1,2392
2021-06-28,633450,Milwaukee Brewers,Chicago Cubs,14,4,642547,Freddy Peralta,543294,Kyle Hendricks,1,32
2021-06-28,633490,St. Louis Cardinals,Arizona Diamondbacks,7,1,453281,Wade LeBlanc,607188,Jake Faria,1,2889
2021-06-28,633458,Los Angeles Dodgers,San Francisco Giants,3,2,545333,Trevor Bauer,543101,Anthony DeSclafani,1,22
2021-06-29,633443,Washington Nationals,Tampa Bay Rays,4,3,605452,Joe Ross,448179,Rich Hill,1,3309
2021-06-29,633495,Philadelphia Phillies,Miami Marlins,4,3,592826,Vince Velasquez,669432,Trevor Rogers,1,2681
2021-06-29,633444,New York Yankees,Los Angeles Angels,11,5,592791,Jameson Taillon,571760,Andrew Heaney,1,3313
2021-06-29,633497,Toronto Blue Jays,Seattle Mariners,9,3,592662,Robbie Ray,623167,Chris Flexen,1,2756
2021-06-29,633496,Boston Red Sox,Kansas City Royals,7,6,601713,Nick Pivetta,641745,Brad Keller,1,3
2021-06-29,633454,Cincinnati Reds,San Diego Padres,4,5,663574,Tony Santillan,489334,Craig Stammen,1,2602
2021-06-29,633587,Atlanta Braves,New York Mets,3,4,450203,Charlie Morton,656731,Tylor Megill,1,4705
2021-06-29,633449,Houston Astros,Baltimore Orioles,3,13,664353,José Urquidy,664042,Travis Lakins,1,2392
2021-06-29,633478,Chicago White Sox,Minnesota Twins,7,6,608337,Lucas Giolito,628317,Kenta Maeda,1,4
2021-06-29,633446,Milwaukee Brewers,Chicago Cubs,2,1,605540,Brandon Woodruff,605200,Zach Davies,1,32
2021-06-29,633508,St. Louis Cardinals,Arizona Diamondbacks,3,2,593372,Carlos Martinez,592761,Caleb Smith,1,2889
2021-06-29,633455,Colorado Rockies,Pittsburgh Pirates,8,0,608566,Germán Márquez,608328,Chase De Jong,1,19
2021-06-29,633488,Oakland Athletics,Texas Rangers,4,5,621076,James Kaprielian,592314,Mike Foltynewicz,1,10
2021-06-29,633471,Los Angeles Dodgers,San Francisco Giants,3,1,621111,Walker Buehler,592332,Kevin Gausman,1,22
2021-06-30,633426,St. Louis Cardinals,Arizona Diamondbacks,7,4,547942,Kwang Hyun Kim,642092,Riley Smith,1,2889
2021-06-30,633474,Milwaukee Brewers,Chicago Cubs,15,7,676879,Aaron Ashby,453562,Jake Arrieta,1,32
2021-06-30,633491,Colorado Rockies,Pittsburgh Pirates,6,2,592351,Jon Gray,641771,Chad Kuhl,1,19
2021-06-30,633427,Washington Nationals,Tampa Bay Rays,15,6,452657,Jon Lester,656876,Drew Rasmussen,1,3309
2021-06-30,633432,Cleveland Indians,Detroit Tigers,4,9,615698,Cal Quantrill,570632,José Ureña,1,5
2021-06-30,633506,Cleveland Indians,Detroit Tigers,1,7,663531,Logan Allen,503449,Wily Peralta,2,5
2021-06-30,633419,Philadelphia Phillies,Miami Marlins,6,11,605400,Aaron Nola,656548,Jordan Holloway,1,2681
2021-06-30,633484,New York Yankees,Los Angeles Angels,8,11,593334,Domingo Germán,660271,Shohei Ohtani,1,3313
2021-06-30,633445,Toronto Blue Jays,Seattle Mariners,7,9,571927,Steven Matz,656954,Justus Sheffield,1,2756
2021-06-30,633467,Boston Red Sox,Kansas City Royals,6,2,527048,Martín Pérez,501985,Mike Minor,1,3
2021-06-30,633435,Cincinnati Reds,San Diego Padres,5,7,661269,Vladimir Gutierrez,605397,Joe Musgrove,1,2602
2021-06-30,633437,Atlanta Braves,New York Mets,20,2,608331,Max Fried,656849,David Peterson,1,4705
2021-06-30,633485,Houston Astros,Baltimore Orioles,2,5,677651,Luis Garcia,518774,Matt Harvey,1,2392
2021-06-30,633479,Chicago White Sox,Minnesota Twins,13,3,656302,Dylan Cease,641927,Bailey Ober,1,4
2021-06-30,633461,Oakland Athletics,Texas Rangers,3,1,605135,Chris Bassitt,663465,Kolby Allard,1,10
2021-07-01,633456,Toronto Blue Jays,Seattle Mariners,2,7,547943,Hyun Jin Ryu,579328,Yusei Kikuchi,1,2756
2021-07-01,633457,Boston Red Sox,Kansas City Royals,15,1,543135,Nathan Eovaldi,663460,Kris Bubic,1,3
2021-07-01,633529,Chicago White Sox,Minnesota Twins,8,5,607074,Carlos Rodón,621244,José Berríos,1,4
2021-07-01,633405,Oakland Athletics,Texas Rangers,3,8,640455,Sean Manaea,641540,Dane Dunning,1,10
2021-07-01,633481,Washington Nationals,Los Angeles Dodgers,2,6,571578,Patrick Corbin,624647,Victor González,1,3309
2021-07-01,633463,Pittsburgh Pirates,Milwaukee Brewers,2,7,640444,Wil Crowe,669203,Corbin Burnes,1,31
2021-07-01,633469,Cleveland Indians,Houston Astros,2,7,650496,J.C. Mejía,664285,Framber Valdez,1,5
2021-07-01,633480,Cincinnati Reds,San Diego Padres,5,4,622491,Luis Castillo,677960,Ryan Weathers,1,2602
2021-07-01,633418,Atlanta Braves,New York Mets,4,3,666120,Ian Anderson,594798,Jacob deGrom,1,4705
2021-07-01,633460,Colorado Rockies,St. Louis Cardinals,5,2,622608,Antonio Senzatela,425794,Adam Wainwright,1,19
2021-07-01,633438,Arizona Diamondbacks,San Francisco Giants,5,3,518876,Merrill Kelly,456501,Johnny Cueto,1,15
2021-07-02,633448,Philadelphia Phillies,San Diego Padres,4,3,554430,Zack Wheeler,663978,Chris Paddack,1,2681
2021-07-02,633404,Washington Nationals,Los Angeles Dodgers,5,10,453286,Max Scherzer,628711,Julio Urías,1,3309
2021-07-02,633507,Pittsburgh Pirates,Milwaukee Brewers,2,7,664141,JT Brubaker,605288,Adrian Houser,1,31
2021-07-02,633464,Toronto Blue Jays,Tampa Bay Rays,11,1,666201,Alek Manoah,672715,Luis Patiño,1,2756
2021-07-02,633462,Cincinnati Reds,Chicago Cubs,2,1,543243,Sonny Gray,621219,Alec Mills,1,2602
2021-07-02,633451,Cleveland Indians,Houston Astros,3,6,656529,Sam Hentges,621121,Lance McCullers Jr.,1,5
2021-07-02,633420,Detroit Tigers,Chicago White Sox,2,8,663554,Casey Mize,458681,Lance Lynn,1,2394
2021-07-02,633468,Atlanta Braves,Miami Marlins,1,0,592767,Drew Smyly,641154,Pablo López,1,4705
2021-07-02,633415,Colorado Rockies,St. Louis Cardinals,3,9,592346,Chi Chi González,670912,Johan Oviedo,1,19
2021-07-02,633433,Kansas City Royals,Minnesota Twins,7,4,663903,Brady Singer,457918,J.A. Happ,1,7
2021-07-02,633402,Los Angeles Angels,Baltimore Orioles,8,7,656288,Griffin Canning,669211,Keegan Akin,1,1
2021-07-02,633452,Oakland Athletics,Boston Red Sox,2,3,593423,Frankie Montas,593958,Eduardo Rodriguez,1,10
2021-07-02,633470,Arizona Diamondbacks,San Francisco Giants,4,11,668678,Zac Gallen,622072,Alex Wood,1,15
2021-07-02,633511,Seattle Mariners,Texas Rangers,5,4,669302,Logan Gilbert,502043,Kyle Gibson,1,680
2021-07-03,633440,New York Yankees,New York Mets,3,8,656756,Jordan Montgomery,592836,Taijuan Walker,1,3313
2021-07-03,633403,Toronto Blue Jays,Tampa Bay Rays,6,3,548389,Ross Stripling,663556,Shane McClanahan,1,2756
2021-07-03,633390,Philadelphia Phillies,San Diego Padres,4,2,621107,Zach Eflin,506433,Yu Darvish,1,2681
2021-07-03,633387,Pittsburgh Pirates,Milwaukee Brewers,2,11,664074,Cody Ponce,641778,Eric Lauer,1,31
2021-07-03,633441,Cincinnati Reds,Chicago Cubs,3,2,641816,Tyler Mahle,640470,Adbert Alzolay,1,2602
2021-07-03,633439,Kansas City Royals,Minnesota Twins,6,3,518633,Danny Duffy,,,1,7
2021-07-03,633442,Detroit Tigers,Chicago White Sox,11,5,669373,Tarik Skubal,572971,Dallas Keuchel,1,2394
2021-07-03,633416,Atlanta Braves,Miami Marlins,2,3,666205,Kyle Muller,645261,Sandy Alcantara,1,4705
2021-07-03,633429,Cleveland Indians,Houston Astros,2,3,669212,Eli Morgan,543606,Jake Odorizzi,1,5
2021-07-03,633430,Washington Nationals,Los Angeles Dodgers,3,5,502179,Paolo Espino,477132,Clayton Kershaw,1,3309
2021-07-03,633401,Oakland Athletics,Boston Red Sox,7,6,608344,Cole Irvin,572070,Garrett Richards,1,10
2021-07-03,633424,Colorado Rockies,St. Louis Cardinals,3,2,607536,Kyle Freeland,453281,Wade LeBlanc,1,19
2021-07-03,633453,Los Angeles Angels,Baltimore Orioles,4,1,502171,Alex Cobb,605347,Jorge López,1,1
2021-07-03,633388,Arizona Diamondbacks,San Francisco Giants,5,6,607188,Jake Faria,669674,Sam Long,1,15
2021-07-03,633379,Seattle Mariners,Texas Rangers,3,7,594835,Marco Gonzales,543475,Jordan Lyles,1,680
2021-07-04,633398,Washington Nationals,Los Angeles Dodgers,1,5,605452,Joe Ross,664076,Garrett Cleavinger,1,3309
2021-07-04,633374,Philadelphia Phillies,San Diego Padres,1,11,592826,Vince Velasquez,605483,Blake Snell,1,2681
2021-07-04,633422,Pittsburgh Pirates,Milwaukee Brewers,2,0,542881,Tyler Anderson,642547,Freddy Peralta,1,31
2021-07-04,633408,Toronto Blue Jays,Tampa Bay Rays,1,5,592662,Robbie Ray,642232,Ryan Yarbrough,1,2756
2021-07-04,633428,Cincinnati Reds,Chicago Cubs,3,2,489119,Wade Miley,543294,Kyle Hendricks,1,2602
2021-07-04,633414,Cleveland Indians,Houston Astros,3,4,615698,Cal Quantrill,425844,Zack Greinke,1,5
2021-07-04,633410,Detroit Tigers,Chicago White Sox,6,5,666159,Matt Manning,608337,Lucas Giolito,1,2394
2021-07-04,633423,Atlanta Braves,Miami Marlins,8,7,450203,Charlie Morton,605507,Zach Thompson,1,4705
2021-07-04,633522,New York Yankees,New York Mets,5,10,543037,Gerrit Cole,573186,Marcus Stroman,1,3313
2021-07-04,633417,New York Yankees,New York Mets,4,2,641482,Nestor Cortes,621261,Corey Oswalt,2,3313
2021-07-04,633431,Kansas City Royals,Minnesota Twins,2,6,641745,Brad Keller,628317,Kenta Maeda,1,7
2021-07-04,633434,Colorado Rockies,St. Louis Cardinals,3,2,608566,Germán Márquez,593372,Carlos Martinez,1,19
2021-07-04,633391,Los Angeles Angels,Baltimore Orioles,6,5,663776,Patrick Sandoval,664045,Thomas Eshelman,1,1
2021-07-04,633399,Oakland Athletics,Boston Red Sox,0,1,621076,James Kaprielian,601713,Nick Pivetta,1,10
2021-07-04,633425,Seattle Mariners,Texas Rangers,4,1,623167,Chris Flexen,592314,Mike Foltynewicz,1,680
2021-07-04,633436,Arizona Diamondbacks,San Francisco Giants,2,5,592761,Caleb Smith,543101,Anthony DeSclafani,1,15
2021-07-05,633380,San Francisco Giants,St. Louis Cardinals,3,5,592332,Kevin Gausman,547942,Kwang Hyun Kim,1,2395
2021-07-05,633361,Miami Marlins,Los Angeles Dodgers,5,4,669432,Trevor Rogers,621111,Walker Buehler,1,4169
2021-07-05,633411,Pittsburgh Pirates,Atlanta Braves,11,1,608328,Chase De Jong,608331,Max Fried,1,31
2021-07-05,633353,Tampa Bay Rays,Cleveland Indians,9,8,448179,Rich Hill,663531,Logan Allen,1,12
2021-07-05,633487,Minnesota Twins,Chicago White Sox,8,5,641927,Bailey Ober,656302,Dylan Cease,1,3312
2021-07-05,633412,New York Mets,Milwaukee Brewers,4,2,656731,Tylor Megill,605540,Brandon Woodruff,1,3289
2021-07-05,633400,Texas Rangers,Detroit Tigers,3,7,663465,Kolby Allard,503449,Wily Peralta,1,5325
2021-07-05,633386,Chicago Cubs,Philadelphia Phillies,3,13,605200,Zach Davies,519043,Matt Moore,1,17
2021-07-05,633363,Kansas City Royals,Cincinnati Reds,2,6,501985,Mike Minor,661269,Vladimir Gutierrez,1,7
2021-07-05,633389,Los Angeles Angels,Boston Red Sox,4,5,660761,José Suarez,527048,Martín Pérez,1,1
2021-07-05,633378,San Diego Padres,Washington Nationals,5,7,605397,Joe Musgrove,452657,Jon Lester,1,2680
2021-07-06,633413,Baltimore Orioles,Toronto Blue Jays,7,5,657093,Spenser Watkins,571927,Steven Matz,1,2
2021-07-06,633384,Pittsburgh Pirates,Atlanta Braves,2,1,641771,Chad Kuhl,666120,Ian Anderson,1,31
2021-07-06,633376,Miami Marlins,Los Angeles Dodgers,2,1,641154,Pablo López,664062,Tony Gonsolin,1,4169
2021-07-06,633364,Texas Rangers,Detroit Tigers,10,5,641540,Dane Dunning,570632,José Ureña,1,5325
2021-07-06,633393,Chicago Cubs,Philadelphia Phillies,10,15,453562,Jake Arrieta,605400,Aaron Nola,1,17
2021-07-06,633369,Kansas City Royals,Cincinnati Reds,7,6,663460,Kris Bubic,622491,Luis Castillo,1,7
2021-07-06,633406,Houston Astros,Oakland Athletics,9,6,664285,Framber Valdez,605135,Chris Bassitt,1,2392
2021-07-06,633352,Minnesota Twins,Chicago White Sox,1,4,621244,José Berríos,607074,Carlos Rodón,1,3312
2021-07-06,633370,Los Angeles Angels,Boston Red Sox,5,3,660271,Shohei Ohtani,543135,Nathan Eovaldi,1,1
2021-07-06,633381,Arizona Diamondbacks,Colorado Rockies,4,3,518876,Merrill Kelly,592351,Jon Gray,1,15
2021-07-06,633358,San Francisco Giants,St. Louis Cardinals,5,6,456501,Johnny Cueto,425794,Adam Wainwright,1,2395
2021-07-06,633396,San Diego Padres,Washington Nationals,7,4,677960,Ryan Weathers,607200,Erick Fedde,1,2680
2021-07-06,633382,Seattle Mariners,New York Yankees,1,12,656954,Justus Sheffield,592791,Jameson Taillon,1,680
2021-07-07,633339,Tampa Bay Rays,Cleveland Indians,8,1,608379,Michael Wacha,650496,J.C. Mejía,1,12
2021-07-07,633360,Tampa Bay Rays,Cleveland Indians,4,0,543521,Collin McHugh,656529,Sam Hentges,2,12
2021-07-07,633330,Pittsburgh Pirates,Atlanta Braves,3,14,640444,Wil Crowe,592767,Drew Smyly,1,31
2021-07-07,633335,Minnesota Twins,Chicago White Sox,1,6,501381,Michael Pineda,458681,Lance Lynn,1,3312
2021-07-07,633349,Texas Rangers,Detroit Tigers,3,5,502043,Kyle Gibson,663554,Casey Mize,1,5325
2021-07-07,633383,Kansas City Royals,Cincinnati Reds,2,5,663903,Brady Singer,543243,Sonny Gray,1,7
2021-07-07,633395,New York Mets,Milwaukee Brewers,4,3,594798,Jacob deGrom,669203,Corbin Burnes,1,3289
2021-07-07,633342,New York Mets,Milwaukee Brewers,0,5,476594,Robert Stock,474463,Brett Anderson,2,3289
2021-07-07,633385,Los Angeles Angels,Boston Red Sox,5,4,571760,Andrew Heaney,593958,Eduardo Rodriguez,1,1
2021-07-07,633332,Baltimore Orioles,Toronto Blue Jays,2,10,518774,Matt Harvey,547943,Hyun Jin Ryu,1,2
2021-07-07,633333,Miami Marlins,Los Angeles Dodgers,9,6,446321,Ross Detwiler,596082,Jake Reed,1,4169
2021-07-07,633375,Chicago Cubs,Philadelphia Phillies,8,3,621219,Alec Mills,554430,Zack Wheeler,1,17
2021-07-07,633368,Houston Astros,Oakland Athletics,4,3,677651,Luis Garcia,640455,Sean Manaea,1,2392
2021-07-07,633355,Arizona Diamondbacks,Colorado Rockies,6,4,528748,Humberto Castellanos,622608,Antonio Senzatela,1,15
2021-07-07,633347,San Francisco Giants,St. Louis Cardinals,5,2,622072,Alex Wood,670912,Johan Oviedo,1,2395
2021-07-07,633362,San Diego Padres,Washington Nationals,5,15,663978,Chris Paddack,571578,Patrick Corbin,1,2680
2021-07-07,633371,Seattle Mariners,New York Yankees,4,5,579328,Yusei Kikuchi,656793,Nick Nelson,1,680
2021-07-08,633334,Miami Marlins,Los Angeles Dodgers,1,6,645261,Sandy Alcantara,628711,Julio Urías,1,4169
2021-07-08,633354,Houston Astros,Oakland Athletics,1,2,621121,Lance McCullers Jr.,593423,Frankie Montas,1,2392
2021-07-08,633392,Arizona Diamondbacks,Colorado Rockies,3,9,607188,Jake Faria,592346,Chi Chi González,1,15
2021-07-08,633315,Seattle Mariners,New York Yankees,4,0,669302,Logan Gilbert,656756,Jordan Montgomery,1,680
2021-07-08,633409,Cleveland Indians,Kansas City Royals,7,4,668676,Zach Plesac,518633,Danny Duffy,1,5
2021-07-08,633397,Chicago Cubs,Philadelphia Phillies,0,8,640470,Adbert Alzolay,621107,Zach Eflin,1,17
2021-07-08,633359,Minnesota Twins,Detroit Tigers,5,3,457918,J.A. Happ,669373,Tarik Skubal,1,3312
2021-07-08,633351,Milwaukee Brewers,Cincinnati Reds,5,3,605288,Adrian Houser,641816,Tyler Mahle,1,32
2021-07-08,633343,San Diego Padres,Washington Nationals,9,8,506433,Yu Darvish,453286,Max Scherzer,1,2680
2021-07-09,633365,Chicago Cubs,St. Louis Cardinals,10,5,543294,Kyle Hendricks,453281,Wade LeBlanc,1,17
2021-07-09,633377,Baltimore Orioles,Chicago White Sox,1,12,605347,Jorge López,572971,Dallas Keuchel,1,2
2021-07-09,633373,Cleveland Indians,Kansas City Royals,2,1,663474,Triston McKenzie,641745,Brad Keller,1,5
2021-07-09,633308,New York Mets,Pittsburgh Pirates,13,4,592836,Taijuan Walker,664141,JT Brubaker,1,3289
2021-07-09,633338,Tampa Bay Rays,Toronto Blue Jays,7,1,663556,Shane McClanahan,666201,Alek Manoah,1,12
2021-07-09,633357,Boston Red Sox,Philadelphia Phillies,11,5,572070,Garrett Richards,592826,Vince Velasquez,1,3
2021-07-09,633336,Miami Marlins,Atlanta Braves,0,5,605507,Zach Thompson,450203,Charlie Morton,1,4169
2021-07-09,633345,Texas Rangers,Oakland Athletics,3,2,543475,Jordan Lyles,608344,Cole Irvin,1,5325
2021-07-09,633366,Minnesota Twins,Detroit Tigers,4,2,628317,Kenta Maeda,666159,Matt Manning,1,3312
2021-07-09,633348,Houston Astros,New York Yankees,0,4,543606,Jake Odorizzi,641482,Nestor Cortes,1,2392
2021-07-09,633407,Milwaukee Brewers,Cincinnati Reds,0,2,641778,Eric Lauer,489119,Wade Miley,1,32
2021-07-09,633322,San Francisco Giants,Washington Nationals,5,3,657277,Logan Webb,502179,Paolo Espino,1,2395
2021-07-09,633320,Los Angeles Dodgers,Arizona Diamondbacks,2,5,456034,David Price,642203,Taylor Widener,1,22
2021-07-09,633367,San Diego Padres,Colorado Rockies,4,2,663753,Reiss Knehr,607536,Kyle Freeland,1,2680
2021-07-09,633341,Seattle Mariners,Los Angeles Angels,7,3,594835,Marco Gonzales,502171,Alex Cobb,1,680
2021-07-10,633293,Tampa Bay Rays,Toronto Blue Jays,5,2,642232,Ryan Yarbrough,548389,Ross Stripling,1,12
2021-07-10,633289,Minnesota Twins,Detroit Tigers,9,4,641927,Bailey Ober,608335,Kyle Funkhouser,1,3312
2021-07-10,633294,San Francisco Giants,Washington Nationals,10,4,543101,Anthony DeSclafani,452657,Jon Lester,1,2395
2021-07-10,633316,Texas Rangers,Oakland Athletics,4,8,592314,Mike Foltynewicz,621076,James Kaprielian,1,5325
2021-07-10,633350,Baltimore Orioles,Chicago White Sox,3,8,664045,Thomas Eshelman,608337,Lucas Giolito,1,2
2021-07-10,633295,New York Mets,Pittsburgh Pirates,2,6,573186,Marcus Stroman,542881,Tyler Anderson,1,3289
2021-07-10,633326,New York Mets,Pittsburgh Pirates,4,2,656731,Tylor Megill,668820,Max Kranick,2,3289
2021-07-10,633344,Boston Red Sox,Philadelphia Phillies,2,11,527048,Martín Pérez,519043,Matt Moore,1,3
2021-07-10,633312,Miami Marlins,Atlanta Braves,4,5,669432,Trevor Rogers,608331,Max Fried,1,4169
2021-07-10,633317,Cleveland Indians,Kansas City Royals,14,6,615698,Cal Quantrill,501985,Mike Minor,1,5
2021-07-10,633356,Chicago Cubs,St. Louis Cardinals,0,6,605200,Zach Davies,547942,Kwang Hyun Kim,1,17
2021-07-10,633304,Houston Astros,New York Yankees,0,1,425844,Zack Greinke,543037,Gerrit Cole,1,2392
2021-07-10,633313,Milwaukee Brewers,Cincinnati Reds,3,4,642547,Freddy Peralta,661269,Vladimir Gutierrez,1,32
2021-07-10,633311,Los Angeles Dodgers,Arizona Diamondbacks,22,1,621111,Walker Buehler,592761,Caleb Smith,1,22
2021-07-10,633301,San Diego Padres,Colorado Rockies,0,3,605397,Joe Musgrove,608566,Germán Márquez,1,2680
2021-07-10,633288,Seattle Mariners,Los Angeles Angels,2,0,623167,Chris Flexen,663776,Patrick Sandoval,1,680
2021-07-11,633282,Baltimore Orioles,Chicago White Sox,5,7,657093,Spenser Watkins,656302,Dylan Cease,1,2
2021-07-11,633325,New York Mets,Pittsburgh Pirates,5,6,571901,Aaron Loup,608328,Chase De Jong,1,3289
2021-07-11,633270,Tampa Bay Rays,Toronto Blue Jays,1,3,448179,Rich Hill,592662,Robbie Ray,1,12
2021-07-11,633327,Boston Red Sox,Philadelphia Phillies,4,5,601713,Nick Pivetta,445213,Brandon Kintzler,1,3
2021-07-11,633324,Miami Marlins,Atlanta Braves,7,4,641154,Pablo López,666120,Ian Anderson,1,4169
2021-07-11,633307,Minnesota Twins,Detroit Tigers,12,9,621244,José Berríos,503449,Wily Peralta,1,3312
2021-07-11,633340,Houston Astros,New York Yankees,8,7,664285,Framber Valdez,592791,Jameson Taillon,1,2392
2021-07-11,633274,Milwaukee Brewers,Cincinnati Reds,1,3,605540,Brandon Woodruff,622491,Luis Castillo,1,32
2021-07-11,633297,Texas Rangers,Oakland Athletics,1,4,663465,Kolby Allard,605135,Chris Bassitt,1,5325
2021-07-11,633279,San Francisco Giants,Washington Nationals,3,1,592332,Kevin Gausman,607200,Erick Fedde,1,2395
2021-07-11,633302,Los Angeles Dodgers,Arizona Diamondbacks,7,4,664062,Tony Gonsolin,518876,Merrill Kelly,1,22
2021-07-11,633314,San Diego Padres,Colorado Rockies,1,3,677960,Ryan Weathers,592351,Jon Gray,1,2680
2021-07-11,633318,Seattle Mariners,Los Angeles Angels,1,7,502327,Héctor Santiago,660761,José Suarez,1,680
2021-07-16,633283,Philadelphia Phillies,Miami Marlins,5,2,519043,Matt Moore,645261,Sandy Alcantara,1,2681
2021-07-16,633447,Philadelphia Phillies,Miami Marlins,0,7,621107,Zach Eflin,446321,Ross Detwiler,2,2681
2021-07-16,633346,Pittsburgh Pirates,New York Mets,4,1,641771,Chad Kuhl,573186,Marcus Stroman,1,31
2021-07-16,633305,Washington Nationals,San Diego Padres,8,24,607200,Erick Fedde,663978,Chris Paddack,1,3309
2021-07-16,633310,New York Yankees,Boston Red Sox,0,4,656756,Jordan Montgomery,593958,Eduardo Rodriguez,1,3313
2021-07-16,633266,Toronto Blue Jays,Texas Rangers,10,2,592662,Robbie Ray,543475,Jordan Lyles,1,2756
2021-07-16,633263,Cincinnati Reds,Milwaukee Brewers,6,11,641816,Tyler Mahle,605288,Adrian Houser,1,2602
2021-07-16,633265,Atlanta Braves,Tampa Bay Rays,6,7,450203,Charlie Morton,608379,Michael Wacha,1,4705
2021-07-16,633328,Kansas City Royals,Baltimore Orioles,9,2,518633,Danny Duffy,669211,Keegan Akin,1,7
2021-07-16,633309,Chicago White Sox,Houston Astros,1,7,656302,Dylan Cease,621121,Lance McCullers Jr.,1,4
2021-07-16,633285,St. Louis Cardinals,San Francisco Giants,2,7,425794,Adam Wainwright,657277,Logan Webb,1,2889
2021-07-16,633321,Colorado Rockies,Los Angeles Dodgers,4,10,592346,Chi Chi González,628711,Julio Urías,1,19
2021-07-16,633323,Los Angeles Angels,Seattle Mariners,5,6,571760,Andrew Heaney,623167,Chris Flexen,1,1
2021-07-16,633296,Arizona Diamondbacks,Chicago Cubs,1,5,518516,Madison Bumgarner,543294,Kyle Hendricks,1,15
2021-07-16,633264,Oakland Athletics,Cleveland Indians,5,4,640455,Sean Manaea,669212,Eli Morgan,1,10
2021-07-17,634222,Detroit Tigers,Minnesota Twins,1,0,570632,José Ureña,656212,Charlie Barnes,1,2394
2021-07-17,633275,Detroit Tigers,Minnesota Twins,5,4,641302,Tyler Alexander,628317,Kenta Maeda,2,2394
2021-07-17,633306,Oakland Athletics,Cleveland Indians,2,3,593423,Frankie Montas,615698,Cal Quantrill,1,10
2021-07-17,633319,Arizona Diamondbacks,Chicago Cubs,2,4,668678,Zac Gallen,640470,Adbert Alzolay,1,15
2021-07-17,633299,Philadelphia Phillies,Miami Marlins,4,2,592826,Vince Velasquez,605507,Zach Thompson,1,2681
2021-07-17,633290,Pittsburgh Pirates,New York Mets,9,7,640444,Wil Crowe,656731,Tylor Megill,1,31
2021-07-17,633267,Washington Nationals,San Diego Padres,4,10,571578,Patrick Corbin,605483,Blake Snell,1,3309
2021-07-17,633248,Kansas City Royals,Baltimore Orioles,4,8,663903,Brady Singer,605347,Jorge López,1,7
2021-07-17,633253,Cincinnati Reds,Milwaukee Brewers,4,7,622491,Luis Castillo,605540,Brandon Woodruff,1,2602
2021-07-17,633281,St. Louis Cardinals,San Francisco Giants,3,1,547942,Kwang Hyun Kim,543101,Anthony DeSclafani,1,2889
2021-07-17,633262,Chicago White Sox,Houston Astros,10,1,608337,Lucas Giolito,543606,Jake Odorizzi,1,4
2021-07-17,633298,New York Yankees,Boston Red Sox,3,1,543037,Gerrit Cole,543135,Nathan Eovaldi,1,3313
2021-07-17,633303,Atlanta Braves,Tampa Bay Rays,9,0,608331,Max Fried,676596,Josh Fleming,1,4705
2021-07-17,633261,Colorado Rockies,Los Angeles Dodgers,2,9,607536,Kyle Freeland,621111,Walker Buehler,1,19
2021-07-17,633286,Los Angeles Angels,Seattle Mariners,9,4,502171,Alex Cobb,579328,Yusei Kikuchi,1,1
2021-07-18,633235,Pittsburgh Pirates,New York Mets,6,7,664141,JT Brubaker,592836,Taijuan Walker,1,31
2021-07-17,633267,Washington Nationals,San Diego Padres,4,10,571578,Patrick Corbin,605483,Blake Snell,1,3309
2021-07-17,633299,Philadelphia Phillies,Miami Marlins,4,2,592826,Vince Velasquez,605507,Zach Thompson,1,2681
2021-07-18,633256,Toronto Blue Jays,Texas Rangers,5,0,547943,Hyun Jin Ryu,663465,Kolby Allard,1,2756
2021-07-18,633292,Toronto Blue Jays,Texas Rangers,10,0,571927,Steven Matz,592314,Mike Foltynewicz,2,2756
2021-07-18,633280,Detroit Tigers,Minnesota Twins,7,0,503449,Wily Peralta,457918,J.A. Happ,1,2394
2021-07-18,633252,Cincinnati Reds,Milwaukee Brewers,0,8,543243,Sonny Gray,669203,Corbin Burnes,1,2602
2021-07-18,633237,Atlanta Braves,Tampa Bay Rays,5,7,592767,Drew Smyly,448179,Rich Hill,1,4705
2021-07-18,633239,Philadelphia Phillies,Miami Marlins,7,4,554430,Zack Wheeler,666129,Braxton Garrett,1,2681
2021-07-18,633287,Kansas City Royals,Baltimore Orioles,0,5,672578,Carlos Hernández,518774,Matt Harvey,1,7
2021-07-18,633247,Chicago White Sox,Houston Astros,4,0,607074,Carlos Rodón,664285,Framber Valdez,1,4
2021-07-18,633228,St. Louis Cardinals,San Francisco Giants,2,1,453281,Wade LeBlanc,456501,Johnny Cueto,1,2889
2021-07-18,633300,Washington Nationals,San Diego Padres,8,7,453286,Max Scherzer,605397,Joe Musgrove,1,3309
2021-07-18,633255,Colorado Rockies,Los Angeles Dodgers,6,5,592351,Jon Gray,456034,David Price,1,19
2021-07-18,633238,Oakland Athletics,Cleveland Indians,2,4,605135,Chris Bassitt,668676,Zach Plesac,1,10
2021-07-18,633284,Los Angeles Angels,Seattle Mariners,4,7,663776,Patrick Sandoval,669302,Logan Gilbert,1,1
2021-07-18,633251,Arizona Diamondbacks,Chicago Cubs,6,4,518876,Merrill Kelly,605200,Zach Davies,1,15
2021-07-18,633273,New York Yankees,Boston Red Sox,9,1,592791,Jameson Taillon,527048,Martín Pérez,1,3313
2021-07-19,633278,Chicago White Sox,Minnesota Twins,2,3,458681,Lance Lynn,643377,Griffin Jax,1,4
2021-07-19,633476,Chicago White Sox,Minnesota Twins,5,3,625643,Reynaldo López,621244,José Berríos,2,4
2021-07-19,633233,Washington Nationals,Miami Marlins,18,1,452657,Jon Lester,446321,Ross Detwiler,1,3309
2021-07-19,633218,Toronto Blue Jays,Boston Red Sox,4,13,548389,Ross Stripling,601713,Nick Pivetta,1,2756
2021-07-19,633271,Cincinnati Reds,New York Mets,11,15,661269,Vladimir Gutierrez,595191,Jerad Eickhoff,1,2602
2021-07-19,633236,Tampa Bay Rays,Baltimore Orioles,1,6,642232,Ryan Yarbrough,657093,Spenser Watkins,1,12
2021-07-19,633329,Detroit Tigers,Texas Rangers,14,0,663554,Casey Mize,502043,Kyle Gibson,1,2394
2021-07-19,633277,Houston Astros,Cleveland Indians,4,3,425844,Zack Greinke,650496,J.C. Mejía,1,2392
2021-07-19,633226,St. Louis Cardinals,Chicago Cubs,8,3,663765,Jake Woodford,621219,Alec Mills,1,2889
2021-07-19,633249,Oakland Athletics,Los Angeles Angels,4,1,608344,Cole Irvin,660271,Shohei Ohtani,1,10
2021-07-19,633243,Arizona Diamondbacks,Pittsburgh Pirates,4,2,592761,Caleb Smith,608328,Chase De Jong,1,15
2021-07-19,633259,Los Angeles Dodgers,San Francisco Giants,2,7,664062,Tony Gonsolin,592332,Kevin Gausman,1,22
2021-07-20,633207,Oakland Athletics,Los Angeles Angels,6,0,621076,James Kaprielian,660761,José Suarez,1,10
2021-07-20,633223,Milwaukee Brewers,Kansas City Royals,2,5,474463,Brett Anderson,501985,Mike Minor,1,32
2021-07-20,633242,Washington Nationals,Miami Marlins,6,3,502179,Paolo Espino,669432,Trevor Rogers,1,3309
2021-07-20,633216,New York Yankees,Philadelphia Phillies,6,4,593334,Domingo Germán,605400,Aaron Nola,1,3313
2021-07-20,633234,Cincinnati Reds,New York Mets,4,3,489119,Wade Miley,476594,Robert Stock,1,2602
2021-07-20,633257,Tampa Bay Rays,Baltimore Orioles,9,3,663556,Shane McClanahan,607644,John Means,1,12
2021-07-20,633212,Detroit Tigers,Texas Rangers,4,1,669373,Tarik Skubal,641540,Dane Dunning,1,2394
2021-07-20,633240,Atlanta Braves,San Diego Padres,2,1,657053,Touki Toussaint,506433,Yu Darvish,1,4705
2021-07-20,633200,Houston Astros,Cleveland Indians,9,3,677651,Luis Garcia,663474,Triston McKenzie,1,2392
2021-07-20,633268,Chicago White Sox,Minnesota Twins,9,5,572971,Dallas Keuchel,641927,Bailey Ober,1,4
2021-07-20,633230,St. Louis Cardinals,Chicago Cubs,6,7,670912,Johan Oviedo,592866,Trevor Williams,1,2889
2021-07-20,633245,Colorado Rockies,Seattle Mariners,4,6,608566,Germán Márquez,594835,Marco Gonzales,1,19
2021-07-20,633254,Arizona Diamondbacks,Pittsburgh Pirates,11,6,642203,Taylor Widener,542881,Tyler Anderson,1,15
2021-07-20,633199,Los Angeles Dodgers,San Francisco Giants,8,6,628345,Darien Núñez,622072,Alex Wood,1,22
2021-07-21,633225,Tampa Bay Rays,Baltimore Orioles,5,4,608379,Michael Wacha,649144,Alex Wells,1,12
2021-07-21,633250,Atlanta Braves,San Diego Padres,2,3,666205,Kyle Muller,663978,Chris Paddack,1,4705
2021-07-21,633224,Atlanta Braves,San Diego Padres,5,6,669060,Bryse Wilson,663753,Reiss Knehr,2,4705
2021-07-21,633196,Cincinnati Reds,New York Mets,0,7,656546,Jeff Hoffman,573186,Marcus Stroman,1,2602
2021-07-21,633227,Milwaukee Brewers,Kansas City Royals,3,6,641778,Eric Lauer,641745,Brad Keller,1,32
2021-07-21,633190,Colorado Rockies,Seattle Mariners,6,3,596295,Austin Gomber,641871,Keynan Middleton,1,19
2021-07-21,633260,Arizona Diamondbacks,Pittsburgh Pirates,6,4,518516,Madison Bumgarner,668820,Max Kranick,1,15
2021-07-21,633191,Washington Nationals,Miami Marlins,1,3,607200,Erick Fedde,663734,Nick Neidert,1,3309
2021-07-21,633213,New York Yankees,Philadelphia Phillies,6,5,592879,Asher Wojciechowski,675921,Spencer Howard,1,3313
2021-07-21,633187,Toronto Blue Jays,Boston Red Sox,4,7,592662,Robbie Ray,572070,Garrett Richards,1,2756
2021-07-21,633203,Detroit Tigers,Texas Rangers,4,2,666159,Matt Manning,543475,Jordan Lyles,1,2394
2021-07-21,633222,Houston Astros,Cleveland Indians,4,5,621121,Lance McCullers Jr.,669212,Eli Morgan,1,2392
2021-07-21,633205,Chicago White Sox,Minnesota Twins,2,7,656302,Dylan Cease,501381,Michael Pineda,1,4
2021-07-21,633241,St. Louis Cardinals,Chicago Cubs,3,2,425794,Adam Wainwright,543294,Kyle Hendricks,1,2889
2021-07-21,633217,Los Angeles Dodgers,San Francisco Giants,2,4,628711,Julio Urías,657277,Logan Webb,1,22
2021-07-22,633258,Detroit Tigers,Texas Rangers,7,5,641302,Tyler Alexander,592314,Mike Foltynewicz,1,2394
2021-07-22,633276,Philadelphia Phillies,Atlanta Braves,2,7,519043,Matt Moore,450203,Charlie Morton,1,2681
2021-07-22,633180,Cleveland Indians,Tampa Bay Rays,4,5,615698,Cal Quantrill,672715,Luis Patiño,1,5
2021-07-22,633269,Miami Marlins,San Diego Padres,2,3,669622,Anthony Bender,605483,Blake Snell,1,4169
2021-07-22,633193,Boston Red Sox,New York Yankees,5,4,656557,Tanner Houck,656756,Jordan Montgomery,1,3
2021-07-22,633178,St. Louis Cardinals,Chicago Cubs,3,2,547942,Kwang Hyun Kim,640470,Adbert Alzolay,1,2889
2021-07-22,633220,Minnesota Twins,Los Angeles Angels,2,3,628317,Kenta Maeda,571760,Andrew Heaney,1,3312
2021-07-22,633231,Seattle Mariners,Oakland Athletics,1,4,623167,Chris Flexen,640455,Sean Manaea,1,680
2021-07-22,633244,Los Angeles Dodgers,San Francisco Giants,3,5,621111,Walker Buehler,543101,Anthony DeSclafani,1,22
2021-07-23,633170,Chicago Cubs,Arizona Diamondbacks,8,3,605200,Zach Davies,668678,Zac Gallen,1,17
2021-07-23,633176,Baltimore Orioles,Washington Nationals,6,1,605347,Jorge López,571578,Patrick Corbin,1,2
2021-07-23,633214,Philadelphia Phillies,Atlanta Braves,5,1,554430,Zack Wheeler,608331,Max Fried,1,2681
2021-07-23,633184,Cincinnati Reds,St. Louis Cardinals,6,5,641816,Tyler Mahle,453281,Wade LeBlanc,1,2602
2021-07-23,633211,Cleveland Indians,Tampa Bay Rays,5,10,668676,Zach Plesac,676596,Josh Fleming,1,5
2021-07-23,633221,New York Mets,Toronto Blue Jays,3,0,656731,Tylor Megill,571927,Steven Matz,1,3289
2021-07-23,633164,Miami Marlins,San Diego Padres,2,5,605507,Zach Thompson,605397,Joe Musgrove,1,4169
2021-07-23,633181,Boston Red Sox,New York Yankees,6,2,593958,Eduardo Rodriguez,543037,Gerrit Cole,1,3
2021-07-23,633232,Kansas City Royals,Detroit Tigers,5,3,663460,Kris Bubic,503449,Wily Peralta,1,7
2021-07-23,633208,Houston Astros,Texas Rangers,7,3,543606,Jake Odorizzi,663465,Kolby Allard,1,2392
2021-07-23,633159,Minnesota Twins,Los Angeles Angels,5,4,457918,J.A. Happ,502171,Alex Cobb,1,3312
2021-07-23,633163,Milwaukee Brewers,Chicago White Sox,7,1,642547,Freddy Peralta,608337,Lucas Giolito,1,32
2021-07-23,633215,San Francisco Giants,Pittsburgh Pirates,4,6,456501,Johnny Cueto,641771,Chad Kuhl,1,2395
2021-07-23,633173,Los Angeles Dodgers,Colorado Rockies,6,9,456034,David Price,592346,Chi Chi González,1,22
2021-07-23,633229,Seattle Mariners,Oakland Athletics,4,3,579328,Yusei Kikuchi,593423,Frankie Montas,1,680
2021-07-24,633186,Chicago Cubs,Arizona Diamondbacks,3,7,621219,Alec Mills,518876,Merrill Kelly,1,17
2021-07-24,633154,Boston Red Sox,New York Yankees,3,4,543135,Nathan Eovaldi,592791,Jameson Taillon,1,3
2021-07-24,633202,Philadelphia Phillies,Atlanta Braves,3,15,592826,Vince Velasquez,592767,Drew Smyly,1,2681
2021-07-24,633210,Miami Marlins,San Diego Padres,3,2,666129,Braxton Garrett,677960,Ryan Weathers,1,4169
2021-07-24,633195,Baltimore Orioles,Washington Nationals,5,3,518774,Matt Harvey,452657,Jon Lester,1,2
2021-07-24,633201,Kansas City Royals,Detroit Tigers,9,8,672578,Carlos Hernández,663554,Casey Mize,1,7
2021-07-24,633175,Cincinnati Reds,St. Louis Cardinals,5,3,622491,Luis Castillo,663765,Jake Woodford,1,2602
2021-07-24,633185,Cleveland Indians,Tampa Bay Rays,2,8,650496,J.C. Mejía,656876,Drew Rasmussen,1,5
2021-07-24,633197,Houston Astros,Texas Rangers,4,1,664285,Framber Valdez,502043,Kyle Gibson,1,2392
2021-07-24,633272,New York Mets,Toronto Blue Jays,3,10,592836,Taijuan Walker,547943,Hyun Jin Ryu,1,3289
2021-07-24,633209,Minnesota Twins,Los Angeles Angels,1,2,621244,José Berríos,663776,Patrick Sandoval,1,3312
2021-07-24,633167,Milwaukee Brewers,Chicago White Sox,6,1,669203,Corbin Burnes,607074,Carlos Rodón,1,32
2021-07-24,633144,San Francisco Giants,Pittsburgh Pirates,2,10,592332,Kevin Gausman,640444,Wil Crowe,1,2395
2021-07-24,633188,Los Angeles Dodgers,Colorado Rockies,1,0,664062,Tony Gonsolin,607536,Kyle Freeland,1,22
2021-07-24,633140,Seattle Mariners,Oakland Athletics,5,4,669302,Logan Gilbert,605135,Chris Bassitt,1,680
2021-07-25,633156,Baltimore Orioles,Washington Nationals,5,4,607644,John Means,502179,Paolo Espino,1,2
2021-07-25,633192,Philadelphia Phillies,Atlanta Braves,2,1,605400,Aaron Nola,657053,Touki Toussaint,1,2681
2021-07-25,633177,Cincinnati Reds,St. Louis Cardinals,6,10,543243,Sonny Gray,670912,Johan Oviedo,1,2602
2021-07-25,633194,Cleveland Indians,Tampa Bay Rays,3,2,663474,Triston McKenzie,642232,Ryan Yarbrough,1,5
2021-07-25,633174,New York Mets,Toronto Blue Jays,5,4,448179,Rich Hill,548389,Ross Stripling,1,3289
2021-07-25,633135,Miami Marlins,San Diego Padres,9,3,595928,John Curtiss,506433,Yu Darvish,1,4169
2021-07-25,633198,Boston Red Sox,New York Yankees,5,4,527048,Martín Pérez,593334,Domingo Germán,1,3
2021-07-25,633183,Kansas City Royals,Detroit Tigers,6,1,663738,Daniel Lynch IV,669373,Tarik Skubal,1,7
2021-07-25,633136,Houston Astros,Texas Rangers,3,1,425844,Zack Greinke,621368,Taylor Hearn,1,2392
2021-07-25,633179,Minnesota Twins,Los Angeles Angels,2,6,641927,Bailey Ober,642545,Jaime Barria,1,3312
2021-07-25,633204,Chicago Cubs,Arizona Diamondbacks,5,1,592866,Trevor Williams,592761,Caleb Smith,1,17
2021-07-25,633171,San Francisco Giants,Pittsburgh Pirates,6,1,622072,Alex Wood,664141,JT Brubaker,1,2395
2021-07-25,633172,Los Angeles Dodgers,Colorado Rockies,3,2,680686,Josiah Gray,592351,Jon Gray,1,22
2021-07-25,633169,Seattle Mariners,Oakland Athletics,4,3,594835,Marco Gonzales,608344,Cole Irvin,1,680
2021-07-25,633151,Milwaukee Brewers,Chicago White Sox,1,3,605540,Brandon Woodruff,458681,Lance Lynn,1,32
2021-07-26,633145,New York Mets,Atlanta Braves,0,2,573186,Marcus Stroman,666205,Kyle Muller,1,3289
2021-07-26,633925,New York Mets,Atlanta Braves,1,0,571901,Aaron Loup,669060,Bryse Wilson,2,3289
2021-07-26,633168,Philadelphia Phillies,Washington Nationals,6,5,675921,Spencer Howard,605452,Joe Ross,1,2681
2021-07-26,633219,Boston Red Sox,Toronto Blue Jays,5,4,601713,Nick Pivetta,641672,Thomas Hatch,1,3
2021-07-26,633182,Chicago Cubs,Cincinnati Reds,6,5,543294,Kyle Hendricks,489119,Wade Miley,1,17
2021-07-26,633133,Minnesota Twins,Detroit Tigers,6,5,501381,Michael Pineda,666159,Matt Manning,1,3312
2021-07-26,633121,Kansas City Royals,Chicago White Sox,4,3,501985,Mike Minor,572971,Dallas Keuchel,1,7
2021-07-26,633157,Los Angeles Angels,Colorado Rockies,6,2,660271,Shohei Ohtani,608566,Germán Márquez,1,1
2021-07-26,633206,Seattle Mariners,Houston Astros,11,8,670766,Darren McCaughan,677651,Luis Garcia,1,680
2021-07-27,633152,Philadelphia Phillies,Washington Nationals,4,6,519043,Matt Moore,607200,Erick Fedde,1,2681
2021-07-27,633153,Baltimore Orioles,Miami Marlins,3,7,657093,Spenser Watkins,645261,Sandy Alcantara,1,2
2021-07-27,633161,Pittsburgh Pirates,Milwaukee Brewers,0,9,665854,Luis Oviedo,474463,Brett Anderson,1,31
2021-07-27,633189,Cleveland Indians,St. Louis Cardinals,2,4,615698,Cal Quantrill,425794,Adam Wainwright,1,5
2021-07-27,633147,New York Mets,Atlanta Braves,5,12,595191,Jerad Eickhoff,450203,Charlie Morton,1,3289
2021-07-27,633143,Tampa Bay Rays,New York Yankees,3,4,663556,Shane McClanahan,656756,Jordan Montgomery,1,12
2021-07-27,633160,Chicago Cubs,Cincinnati Reds,4,7,640470,Adbert Alzolay,661269,Vladimir Gutierrez,1,17
2021-07-27,633150,Texas Rangers,Arizona Diamondbacks,5,4,641540,Dane Dunning,642203,Taylor Widener,1,5325
2021-07-27,633137,Minnesota Twins,Detroit Tigers,5,6,628317,Kenta Maeda,641302,Tyler Alexander,1,3312
2021-07-27,633166,Kansas City Royals,Chicago White Sox,3,5,641745,Brad Keller,656302,Dylan Cease,1,7
2021-07-27,633139,Los Angeles Angels,Colorado Rockies,3,12,660761,José Suarez,596295,Austin Gomber,1,1
2021-07-27,633149,San Francisco Giants,Los Angeles Dodgers,2,1,657277,Logan Webb,628711,Julio Urías,1,2395
2021-07-27,633155,San Diego Padres,Oakland Athletics,7,4,663978,Chris Paddack,621076,James Kaprielian,1,2680
2021-07-27,633158,Seattle Mariners,Houston Astros,6,8,623167,Chris Flexen,621121,Lance McCullers Jr.,1,680
2021-07-28,633123,Cleveland Indians,St. Louis Cardinals,7,2,668676,Zach Plesac,547942,Kwang Hyun Kim,1,5
2021-07-28,633138,Minnesota Twins,Detroit Tigers,14,17,457918,J.A. Happ,503449,Wily Peralta,1,3312
2021-07-28,633162,Boston Red Sox,Toronto Blue Jays,1,4,572070,Garrett Richards,592662,Robbie Ray,1,3
2021-07-28,633110,Boston Red Sox,Toronto Blue Jays,4,1,656557,Tanner Houck,571927,Steven Matz,2,3
2021-07-28,633146,Seattle Mariners,Houston Astros,4,11,579328,Yusei Kikuchi,543606,Jake Odorizzi,1,680
2021-07-28,633096,San Diego Padres,Oakland Athletics,4,10,605483,Blake Snell,640455,Sean Manaea,1,2680
2021-07-28,633098,Baltimore Orioles,Miami Marlins,8,7,605347,Jorge López,656548,Jordan Holloway,1,2
2021-07-28,633113,Pittsburgh Pirates,Milwaukee Brewers,3,7,668820,Max Kranick,605288,Adrian Houser,1,31
2021-07-28,633148,New York Mets,Atlanta Braves,2,1,656731,Tylor Megill,608331,Max Fried,1,3289
2021-07-28,633122,Tampa Bay Rays,New York Yankees,1,3,608379,Michael Wacha,641482,Nestor Cortes,1,12
2021-07-28,633103,Chicago Cubs,Cincinnati Reds,2,8,605200,Zach Davies,641816,Tyler Mahle,1,17
2021-07-28,633097,Texas Rangers,Arizona Diamondbacks,2,3,543475,Jordan Lyles,518516,Madison Bumgarner,1,5325
2021-07-28,633114,Kansas City Royals,Chicago White Sox,3,2,663460,Kris Bubic,608337,Lucas Giolito,1,7
2021-07-28,633130,Los Angeles Angels,Colorado Rockies,8,7,571760,Andrew Heaney,656458,Lucas Gilbreath,1,1
2021-07-28,633125,San Francisco Giants,Los Angeles Dodgers,0,8,543101,Anthony DeSclafani,621111,Walker Buehler,1,2395
2021-07-29,633081,Philadelphia Phillies,Washington Nationals,1,3,554430,Zack Wheeler,453286,Max Scherzer,1,2681
2021-07-29,633134,Philadelphia Phillies,Washington Nationals,11,8,650911,Cristopher Sánchez,571578,Patrick Corbin,2,2681
2021-07-29,633083,New York Mets,Atlanta Braves,3,6,592836,Taijuan Walker,592767,Drew Smyly,1,3289
2021-07-29,633104,Tampa Bay Rays,New York Yankees,14,0,672715,Luis Patiño,543037,Gerrit Cole,1,12
2021-07-29,633141,Kansas City Royals,Chicago White Sox,5,0,672578,Carlos Hernández,607074,Carlos Rodón,1,7
2021-07-29,633124,Chicago Cubs,Cincinnati Reds,4,7,621219,Alec Mills,622491,Luis Castillo,1,17
2021-07-29,633109,San Francisco Giants,Los Angeles Dodgers,5,0,456501,Johnny Cueto,456034,David Price,1,2395
2021-07-29,633093,Pittsburgh Pirates,Milwaukee Brewers,0,12,641771,Chad Kuhl,642547,Freddy Peralta,1,31
2021-07-29,633115,Detroit Tigers,Baltimore Orioles,6,2,663554,Casey Mize,649144,Alex Wells,1,2394
2021-07-29,633126,Boston Red Sox,Toronto Blue Jays,1,13,593958,Eduardo Rodriguez,547943,Hyun Jin Ryu,1,3
2021-07-29,633111,Los Angeles Angels,Oakland Athletics,0,4,605164,Dylan Bundy,593423,Frankie Montas,1,1
2021-07-29,633065,San Diego Padres,Colorado Rockies,3,0,605397,Joe Musgrove,607536,Kyle Freeland,1,2680
2021-07-30,633094,Washington Nationals,Chicago Cubs,4,3,502179,Paolo Espino,453562,Jake Arrieta,1,3309
2021-07-30,633108,Pittsburgh Pirates,Philadelphia Phillies,7,0,640444,Wil Crowe,592826,Vince Velasquez,1,31
2021-07-30,633091,Toronto Blue Jays,Kansas City Royals,6,4,548389,Ross Stripling,663738,Daniel Lynch IV,1,14
2021-07-30,633107,Detroit Tigers,Baltimore Orioles,3,4,669373,Tarik Skubal,518774,Matt Harvey,1,2394
2021-07-30,633100,New York Mets,Cincinnati Reds,2,6,471911,Carlos Carrasco,543243,Sonny Gray,1,3289
2021-07-30,633165,Tampa Bay Rays,Boston Red Sox,7,3,676596,Josh Fleming,527048,Martín Pérez,1,12
2021-07-30,633073,Miami Marlins,New York Yankees,1,3,605507,Zach Thompson,592791,Jameson Taillon,1,4169
2021-07-30,633131,Atlanta Braves,Milwaukee Brewers,5,9,657053,Touki Toussaint,669203,Corbin Burnes,1,4705
2021-07-30,633116,Texas Rangers,Seattle Mariners,5,9,663465,Kolby Allard,669302,Logan Gilbert,1,5325
2021-07-30,633128,Chicago White Sox,Cleveland Indians,6,4,458681,Lance Lynn,650496,J.C. Mejía,1,4
2021-07-30,633119,St. Louis Cardinals,Minnesota Twins,5,1,453281,Wade LeBlanc,643377,Griffin Jax,1,2889
2021-07-30,633118,Los Angeles Angels,Oakland Athletics,0,2,663776,Patrick Sandoval,605135,Chris Bassitt,1,1
2021-07-30,633102,Arizona Diamondbacks,Los Angeles Dodgers,6,5,668678,Zac Gallen,664062,Tony Gonsolin,1,15
2021-07-30,633120,San Francisco Giants,Houston Astros,6,9,592332,Kevin Gausman,664285,Framber Valdez,1,2395
2021-07-30,633112,San Diego Padres,Colorado Rockies,4,9,677960,Ryan Weathers,592351,Jon Gray,1,2680
2021-07-31,633085,Toronto Blue Jays,Kansas City Royals,4,0,666201,Alek Manoah,501985,Mike Minor,1,14
2021-07-31,633080,Los Angeles Angels,Oakland Athletics,1,0,642545,Jaime Barria,608344,Cole Irvin,1,1
2021-07-31,633088,San Francisco Giants,Houston Astros,8,6,622072,Alex Wood,425844,Zack Greinke,1,2395
2021-07-31,633105,Detroit Tigers,Baltimore Orioles,2,5,666159,Matt Manning,607644,John Means,1,2394
2021-07-31,633090,Tampa Bay Rays,Boston Red Sox,9,5,642232,Ryan Yarbrough,543135,Nathan Eovaldi,1,12
2021-07-31,633092,Miami Marlins,New York Yankees,2,4,669432,Trevor Rogers,593334,Domingo Germán,1,4169
2021-07-31,633132,Washington Nationals,Chicago Cubs,3,6,605452,Joe Ross,543294,Kyle Hendricks,1,3309
2021-07-31,633106,Texas Rangers,Seattle Mariners,5,4,621368,Taylor Hearn,542881,Tyler Anderson,1,5325
2021-07-31,633076,Pittsburgh Pirates,Philadelphia Phillies,3,2,664141,JT Brubaker,605400,Aaron Nola,1,31
2021-07-31,633063,New York Mets,Cincinnati Reds,5,4,448179,Rich Hill,489119,Wade Miley,1,3289
2021-07-31,633058,Chicago White Sox,Cleveland Indians,11,12,572971,Dallas Keuchel,663474,Triston McKenzie,1,4
2021-07-31,633127,St. Louis Cardinals,Minnesota Twins,1,8,663765,Jake Woodford,641927,Bailey Ober,1,2889
2021-07-31,633117,Atlanta Braves,Milwaukee Brewers,8,1,666205,Kyle Muller,605540,Brandon Woodruff,1,4705
2021-07-31,633099,Arizona Diamondbacks,Los Angeles Dodgers,3,8,518876,Merrill Kelly,669952,Mitch White,1,15
2021-07-31,633142,San Diego Padres,Colorado Rockies,3,5,506433,Yu Darvish,608566,Germán Márquez,1,2680
2021-08-01,633044,Washington Nationals,Chicago Cubs,6,5,607200,Erick Fedde,640470,Adbert Alzolay,1,3309
2021-08-01,633082,Pittsburgh Pirates,Philadelphia Phillies,4,15,656605,Mitch Keller,502043,Kyle Gibson,1,31
2021-08-01,633067,Toronto Blue Jays,Kansas City Royals,5,1,621244,José Berríos,641745,Brad Keller,1,14
2021-08-01,633050,Detroit Tigers,Baltimore Orioles,6,2,641302,Tyler Alexander,657093,Spenser Watkins,1,2394
2021-08-01,633129,New York Mets,Cincinnati Reds,1,7,573186,Marcus Stroman,661269,Vladimir Gutierrez,1,3289
2021-08-01,633069,Miami Marlins,New York Yankees,1,3,645261,Sandy Alcantara,656756,Jordan Montgomery,1,4169
2021-08-01,633095,Atlanta Braves,Milwaukee Brewers,1,2,450203,Charlie Morton,474463,Brett Anderson,1,4705
2021-08-01,633047,Chicago White Sox,Cleveland Indians,2,1,669424,Jimmy Lambert,615698,Cal Quantrill,1,4
2021-08-01,633024,St. Louis Cardinals,Minnesota Twins,7,3,425794,Adam Wainwright,501381,Michael Pineda,1,2889
2021-08-01,633075,Texas Rangers,Seattle Mariners,4,3,592314,Mike Foltynewicz,594835,Marco Gonzales,1,5325
2021-08-01,633086,San Francisco Giants,Houston Astros,5,3,657277,Logan Webb,677651,Luis Garcia,1,2395
2021-08-01,633048,Los Angeles Angels,Oakland Athletics,3,8,672282,Reid Detmers,641726,Daulton Jefferies,1,1
2021-08-01,633101,Arizona Diamondbacks,Los Angeles Dodgers,0,13,592761,Caleb Smith,628711,Julio Urías,1,15
2021-08-01,633084,San Diego Padres,Colorado Rockies,8,1,663753,Reiss Knehr,596295,Austin Gomber,1,2680
2021-08-01,633089,Tampa Bay Rays,Boston Red Sox,3,2,663556,Shane McClanahan,601713,Nick Pivetta,1,12
2021-08-02,633041,Toronto Blue Jays,Cleveland Indians,2,5,592662,Robbie Ray,669212,Eli Morgan,1,14
2021-08-02,633057,Washington Nationals,Philadelphia Phillies,5,7,680686,Josiah Gray,624133,Ranger Suarez,1,3309
2021-08-02,633078,New York Yankees,Baltimore Orioles,1,7,571760,Andrew Heaney,605347,Jorge López,1,3313
2021-08-02,633070,Tampa Bay Rays,Seattle Mariners,2,8,608379,Michael Wacha,623167,Chris Flexen,1,12
2021-08-02,633079,Miami Marlins,New York Mets,6,3,666200,Jesús Luzardo,656731,Tylor Megill,1,4169
2021-08-02,633054,Texas Rangers,Los Angeles Angels,4,1,641540,Dane Dunning,669735,Chris Rodriguez,1,5325
2021-08-02,633072,Milwaukee Brewers,Pittsburgh Pirates,6,2,641778,Eric Lauer,669060,Bryse Wilson,1,32
2021-08-02,633077,Arizona Diamondbacks,San Francisco Giants,8,11,642203,Taylor Widener,543101,Anthony DeSclafani,1,15
2021-08-03,633066,Washington Nationals,Philadelphia Phillies,4,5,571578,Patrick Corbin,554430,Zack Wheeler,1,3309
2021-08-03,633023,New York Yankees,Baltimore Orioles,13,1,661563,Luis Gil,649144,Alex Wells,1,3313
2021-08-03,633036,Toronto Blue Jays,Cleveland Indians,7,2,547943,Hyun Jin Ryu,668676,Zach Plesac,1,14
2021-08-03,633087,Detroit Tigers,Boston Red Sox,4,2,503449,Wily Peralta,572070,Garrett Richards,1,2394
2021-08-03,633005,Tampa Bay Rays,Seattle Mariners,2,4,672715,Luis Patiño,579328,Yusei Kikuchi,1,12
2021-08-03,633045,Cincinnati Reds,Minnesota Twins,5,7,641816,Tyler Mahle,628317,Kenta Maeda,1,2602
2021-08-03,633049,Miami Marlins,New York Mets,5,4,663734,Nick Neidert,592836,Taijuan Walker,1,4169
2021-08-03,633056,Texas Rangers,Los Angeles Angels,3,11,543475,Jordan Lyles,660761,José Suarez,1,5325
2021-08-03,633030,Chicago White Sox,Kansas City Royals,7,1,656302,Dylan Cease,663460,Kris Bubic,1,4
2021-08-03,633059,Milwaukee Brewers,Pittsburgh Pirates,5,8,605288,Adrian Houser,668820,Max Kranick,1,32
2021-08-03,633032,St. Louis Cardinals,Atlanta Braves,1,6,452657,Jon Lester,608331,Max Fried,1,2889
2021-08-03,633038,Colorado Rockies,Chicago Cubs,13,6,607536,Kyle Freeland,605200,Zach Davies,1,19
2021-08-03,633022,Oakland Athletics,San Diego Padres,1,8,640455,Sean Manaea,605483,Blake Snell,1,10
2021-08-03,633025,Arizona Diamondbacks,San Francisco Giants,3,1,518516,Madison Bumgarner,456501,Johnny Cueto,1,15
2021-08-03,633061,Los Angeles Dodgers,Houston Astros,0,3,621111,Walker Buehler,621121,Lance McCullers Jr.,1,22
2021-08-04,633071,Cincinnati Reds,Minnesota Twins,6,5,622491,Luis Castillo,656212,Charlie Barnes,1,2602
2021-08-04,633027,Tampa Bay Rays,Seattle Mariners,4,3,676596,Josh Fleming,669302,Logan Gilbert,1,12
2021-08-04,633068,Milwaukee Brewers,Pittsburgh Pirates,4,2,642547,Freddy Peralta,643230,Steven Brault,1,32
2021-08-04,633010,Oakland Athletics,San Diego Padres,5,4,593423,Frankie Montas,605397,Joe Musgrove,1,10
2021-08-04,633040,Washington Nationals,Philadelphia Phillies,5,9,502179,Paolo Espino,502624,Chase Anderson,1,3309
2021-08-04,633018,New York Yankees,Baltimore Orioles,10,3,592791,Jameson Taillon,518774,Matt Harvey,1,3313
2021-08-04,633011,Toronto Blue Jays,Cleveland Indians,8,6,571927,Steven Matz,650496,J.C. Mejía,1,14
2021-08-04,633052,Detroit Tigers,Boston Red Sox,1,4,663554,Casey Mize,593958,Eduardo Rodriguez,1,2394
2021-08-04,633021,Miami Marlins,New York Mets,3,5,605507,Zach Thompson,471911,Carlos Carrasco,1,4169
2021-08-04,633055,Texas Rangers,Los Angeles Angels,1,2,663465,Kolby Allard,660271,Shohei Ohtani,1,5325
2021-08-04,633053,Chicago White Sox,Kansas City Royals,1,9,608337,Lucas Giolito,672578,Carlos Hernández,1,4
2021-08-04,633037,St. Louis Cardinals,Atlanta Braves,4,7,457918,J.A. Happ,592767,Drew Smyly,1,2889
2021-08-04,633060,Colorado Rockies,Chicago Cubs,2,3,592351,Jon Gray,621219,Alec Mills,1,19
2021-08-04,633019,Los Angeles Dodgers,Houston Astros,7,5,453286,Max Scherzer,543606,Jake Odorizzi,1,22
2021-08-04,633046,Arizona Diamondbacks,San Francisco Giants,1,7,668678,Zac Gallen,592332,Kevin Gausman,1,15
2021-08-05,633033,Miami Marlins,New York Mets,4,2,666129,Braxton Garrett,448179,Rich Hill,1,4169
2021-08-05,633026,Detroit Tigers,Boston Red Sox,8,1,669373,Tarik Skubal,527048,Martín Pérez,1,2394
2021-08-05,633004,Texas Rangers,Los Angeles Angels,0,5,675921,Spencer Howard,605164,Dylan Bundy,1,5325
2021-08-05,633064,Colorado Rockies,Chicago Cubs,6,5,622608,Antonio Senzatela,453562,Jake Arrieta,1,19
2021-08-05,633042,Arizona Diamondbacks,San Francisco Giants,4,5,518876,Merrill Kelly,622072,Alex Wood,1,15
2021-08-05,632992,Washington Nationals,Philadelphia Phillies,6,7,605452,Joe Ross,605400,Aaron Nola,1,3309
2021-08-05,633013,New York Yankees,Seattle Mariners,5,3,641482,Nestor Cortes,542881,Tyler Anderson,1,3313
2021-08-05,633003,Toronto Blue Jays,Cleveland Indians,3,0,548389,Ross Stripling,663474,Triston McKenzie,1,14
2021-08-05,633034,Cincinnati Reds,Pittsburgh Pirates,7,4,543243,Sonny Gray,640444,Wil Crowe,1,2602
2021-08-05,632998,Houston Astros,Minnesota Twins,3,5,664285,Framber Valdez,643377,Griffin Jax,1,2392
2021-08-05,633015,Chicago White Sox,Kansas City Royals,2,3,572971,Dallas Keuchel,663738,Daniel Lynch IV,1,4
2021-08-05,633043,St. Louis Cardinals,Atlanta Braves,4,8,453281,Wade LeBlanc,657053,Touki Toussaint,1,2889
2021-08-06,632980,Chicago Cubs,Chicago White Sox,6,8,543294,Kyle Hendricks,458681,Lance Lynn,1,17
2021-08-06,633006,Baltimore Orioles,Tampa Bay Rays,6,10,607644,John Means,642232,Ryan Yarbrough,1,2
2021-08-06,633074,Philadelphia Phillies,New York Mets,4,2,502043,Kyle Gibson,573186,Marcus Stroman,1,2681
2021-08-06,633062,New York Yankees,Seattle Mariners,3,2,593974,Wandy Peralta,594835,Marco Gonzales,1,3313
2021-08-06,632974,Toronto Blue Jays,Boston Red Sox,12,4,666201,Alek Manoah,543135,Nathan Eovaldi,1,14
2021-08-06,632990,Cleveland Indians,Detroit Tigers,6,1,615698,Cal Quantrill,666159,Matt Manning,1,5
2021-08-06,633002,Cincinnati Reds,Pittsburgh Pirates,10,0,489119,Wade Miley,664141,JT Brubaker,1,2602
2021-08-06,633031,Atlanta Braves,Washington Nationals,8,4,666205,Kyle Muller,607200,Erick Fedde,1,4705
2021-08-06,633029,Houston Astros,Minnesota Twins,4,5,425844,Zack Greinke,641927,Bailey Ober,1,2392
2021-08-06,633020,Milwaukee Brewers,San Francisco Giants,2,1,669203,Corbin Burnes,657277,Logan Webb,1,32
2021-08-06,632982,St. Louis Cardinals,Kansas City Royals,4,2,425794,Adam Wainwright,501985,Mike Minor,1,2889
2021-08-06,633035,Colorado Rockies,Miami Marlins,14,2,608566,Germán Márquez,645261,Sandy Alcantara,1,19
2021-08-06,633017,Oakland Athletics,Texas Rangers,4,1,605135,Chris Bassitt,592314,Mike Foltynewicz,1,10
2021-08-06,633028,Los Angeles Dodgers,Los Angeles Angels,3,4,456034,David Price,663776,Patrick Sandoval,1,22
2021-08-06,633008,San Diego Padres,Arizona Diamondbacks,5,8,677960,Ryan Weathers,592761,Caleb Smith,1,2680
2021-08-07,632950,New York Yankees,Seattle Mariners,5,4,571760,Andrew Heaney,623167,Chris Flexen,1,3313
2021-08-07,633012,Chicago Cubs,Chicago White Sox,0,4,640470,Adbert Alzolay,607074,Carlos Rodón,1,17
2021-08-07,632963,Toronto Blue Jays,Boston Red Sox,1,0,592662,Robbie Ray,601713,Nick Pivetta,1,14
2021-08-07,633246,Toronto Blue Jays,Boston Red Sox,1,2,621244,José Berríos,656557,Tanner Houck,2,14
2021-08-07,632962,Oakland Athletics,Texas Rangers,12,3,608344,Cole Irvin,623454,Drew Anderson,1,10
2021-08-07,632981,Philadelphia Phillies,New York Mets,5,3,624133,Ranger Suarez,656731,Tylor Megill,1,2681
2021-08-07,633014,Baltimore Orioles,Tampa Bay Rays,3,12,657093,Spenser Watkins,663556,Shane McClanahan,1,2
2021-08-07,632993,Cleveland Indians,Detroit Tigers,1,2,669212,Eli Morgan,641302,Tyler Alexander,1,5
2021-08-07,632999,Cincinnati Reds,Pittsburgh Pirates,11,3,661269,Vladimir Gutierrez,656605,Mitch Keller,1,2602
2021-08-07,632995,Houston Astros,Minnesota Twins,4,0,677651,Luis Garcia,501381,Michael Pineda,1,2392
2021-08-07,632983,Milwaukee Brewers,San Francisco Giants,6,9,605540,Brandon Woodruff,592717,Aaron Sanchez,1,32
2021-08-07,632968,St. Louis Cardinals,Kansas City Royals,5,2,547942,Kwang Hyun Kim,641745,Brad Keller,1,2889
2021-08-07,632994,Atlanta Braves,Washington Nationals,2,3,450203,Charlie Morton,680686,Josiah Gray,1,4705
2021-08-07,633001,Colorado Rockies,Miami Marlins,7,4,596295,Austin Gomber,666200,Jesús Luzardo,1,19
2021-08-07,632988,San Diego Padres,Arizona Diamondbacks,6,2,506433,Yu Darvish,642203,Taylor Widener,1,2680
2021-08-07,632986,Los Angeles Dodgers,Los Angeles Angels,5,3,628711,Julio Urías,642545,Jaime Barria,1,22
2021-08-08,632971,Baltimore Orioles,Tampa Bay Rays,6,9,605347,Jorge López,608379,Michael Wacha,1,2
2021-08-08,632967,Philadelphia Phillies,New York Mets,3,0,554430,Zack Wheeler,592836,Taijuan Walker,1,2681
2021-08-08,632953,New York Yankees,Seattle Mariners,0,2,661563,Luis Gil,579328,Yusei Kikuchi,1,3313
2021-08-08,633007,Toronto Blue Jays,Boston Red Sox,9,8,547943,Hyun Jin Ryu,572070,Garrett Richards,1,14
2021-08-08,632991,Cleveland Indians,Detroit Tigers,7,5,668676,Zach Plesac,503449,Wily Peralta,1,5
2021-08-08,633009,Cincinnati Reds,Pittsburgh Pirates,3,2,641816,Tyler Mahle,669060,Bryse Wilson,1,2602
2021-08-08,632975,Atlanta Braves,Washington Nationals,5,4,608331,Max Fried,571578,Patrick Corbin,1,4705
2021-08-08,632957,Houston Astros,Minnesota Twins,5,7,621121,Lance McCullers Jr.,628317,Kenta Maeda,1,2392
2021-08-08,632945,Milwaukee Brewers,San Francisco Giants,4,5,474463,Brett Anderson,456501,Johnny Cueto,1,32
2021-08-08,632985,St. Louis Cardinals,Kansas City Royals,5,6,452657,Jon Lester,663460,Kris Bubic,1,2889
2021-08-08,632977,Colorado Rockies,Miami Marlins,13,8,607536,Kyle Freeland,605276,David Hess,1,19
2021-08-08,633039,Oakland Athletics,Texas Rangers,6,3,621076,James Kaprielian,543475,Jordan Lyles,1,10
2021-08-08,632956,Los Angeles Dodgers,Los Angeles Angels,8,2,621111,Walker Buehler,672282,Reid Detmers,1,22
2021-08-08,633051,San Diego Padres,Arizona Diamondbacks,2,0,605483,Blake Snell,518516,Madison Bumgarner,1,2680
2021-08-08,632970,Chicago Cubs,Chicago White Sox,3,9,605200,Zach Davies,656302,Dylan Cease,1,17
2021-08-09,634173,Cleveland Indians,Cincinnati Reds,9,3,656529,Sam Hentges,622491,Luis Castillo,1,5
2021-08-09,632964,Minnesota Twins,Chicago White Sox,1,11,663366,Beau Burrows,608337,Lucas Giolito,1,3312
2021-08-09,632979,Kansas City Royals,New York Yankees,6,8,672578,Carlos Hernández,592791,Jameson Taillon,1,7
2021-08-09,632942,San Diego Padres,Miami Marlins,8,3,605397,Joe Musgrove,605507,Zach Thompson,1,2680
2021-08-10,632997,Chicago Cubs,Milwaukee Brewers,2,4,657006,Justin Steele,642547,Freddy Peralta,1,17
2021-08-10,633000,Chicago Cubs,Milwaukee Brewers,3,6,621219,Alec Mills,676879,Aaron Ashby,2,17
2021-08-10,632208,Toronto Blue Jays,Los Angeles Angels,3,6,571927,Steven Matz,669735,Chris Rodriguez,1,1
2021-08-10,632940,Los Angeles Angels,Toronto Blue Jays,0,4,660761,José Suarez,548389,Ross Stripling,2,1
2021-08-10,632960,Baltimore Orioles,Detroit Tigers,4,9,669211,Keegan Akin,663554,Casey Mize,1,2
2021-08-10,632948,Pittsburgh Pirates,St. Louis Cardinals,1,4,643230,Steven Brault,457918,J.A. Happ,1,31
2021-08-10,632984,Philadelphia Phillies,Los Angeles Dodgers,0,5,605400,Aaron Nola,453286,Max Scherzer,1,2681
2021-08-10,632966,New York Mets,Washington Nationals,8,7,471911,Carlos Carrasco,502179,Paolo Espino,1,3289
2021-08-10,632978,Cleveland Indians,Oakland Athletics,3,4,663474,Triston McKenzie,640455,Sean Manaea,1,5
2021-08-10,632996,Boston Red Sox,Tampa Bay Rays,4,8,593958,Eduardo Rodriguez,672715,Luis Patiño,1,3
2021-08-10,632989,Atlanta Braves,Cincinnati Reds,3,2,592767,Drew Smyly,543243,Sonny Gray,1,4705
2021-08-10,632973,Houston Astros,Colorado Rockies,5,0,543606,Jake Odorizzi,592351,Jon Gray,1,2392
2021-08-10,632934,Minnesota Twins,Chicago White Sox,4,3,643377,Griffin Jax,572971,Dallas Keuchel,1,3312
2021-08-10,632987,Kansas City Royals,New York Yankees,8,4,663738,Daniel Lynch IV,641482,Nestor Cortes,1,7
2021-08-10,632933,San Francisco Giants,Arizona Diamondbacks,8,7,622072,Alex Wood,668678,Zac Gallen,1,2395
2021-08-10,632955,Seattle Mariners,Texas Rangers,4,5,669302,Logan Gilbert,663465,Kolby Allard,1,680
2021-08-10,632976,San Diego Padres,Miami Marlins,6,5,489334,Craig Stammen,666129,Braxton Garrett,1,2680
2021-08-11,632927,Minnesota Twins,Chicago White Sox,1,0,641927,Bailey Ober,625643,Reynaldo López,1,3312
2021-08-11,632904,Houston Astros,Colorado Rockies,5,1,664285,Framber Valdez,622608,Antonio Senzatela,1,2392
2021-08-11,632935,Kansas City Royals,New York Yankees,2,5,663903,Brady Singer,476595,Lucas Luetge,1,7
2021-08-10,632966,New York Mets,Washington Nationals,8,7,471911,Carlos Carrasco,502179,Paolo Espino,1,3289
2021-08-11,632959,San Diego Padres,Miami Marlins,0,7,677960,Ryan Weathers,645261,Sandy Alcantara,1,2680
2021-08-11,632922,Baltimore Orioles,Detroit Tigers,2,5,518774,Matt Harvey,669373,Tarik Skubal,1,2
2021-08-11,632928,Pittsburgh Pirates,St. Louis Cardinals,0,4,640444,Wil Crowe,425794,Adam Wainwright,1,31
2021-08-11,632915,Philadelphia Phillies,Los Angeles Dodgers,2,8,502043,Kyle Gibson,456034,David Price,1,2681
2021-08-11,632937,Cleveland Indians,Oakland Athletics,3,6,615698,Cal Quantrill,593423,Frankie Montas,1,5
2021-08-11,632931,Boston Red Sox,Tampa Bay Rays,20,8,543135,Nathan Eovaldi,676596,Josh Fleming,1,3
2021-08-11,632923,Atlanta Braves,Cincinnati Reds,8,6,657053,Touki Toussaint,489119,Wade Miley,1,4705
2021-08-11,632946,Chicago Cubs,Milwaukee Brewers,0,10,453562,Jake Arrieta,669203,Corbin Burnes,1,17
2021-08-11,632965,Los Angeles Angels,Toronto Blue Jays,2,10,605164,Dylan Bundy,666201,Alek Manoah,1,1
2021-08-11,632951,San Francisco Giants,Arizona Diamondbacks,7,2,592332,Kevin Gausman,518876,Merrill Kelly,1,2395
2021-08-11,632952,Seattle Mariners,Texas Rangers,2,1,542881,Tyler Anderson,675921,Spencer Howard,1,680
2021-08-12,632949,New York Mets,Washington Nationals,4,1,573186,Marcus Stroman,543594,Sean Nolin,1,3289
2021-08-12,632912,New York Mets,Washington Nationals,5,4,592866,Trevor Williams,607200,Erick Fedde,2,3289
2021-08-12,632944,Pittsburgh Pirates,St. Louis Cardinals,6,7,664141,JT Brubaker,453281,Wade LeBlanc,1,31
2021-08-12,632969,Philadelphia Phillies,Los Angeles Dodgers,2,1,624133,Ranger Suarez,669952,Mitch White,1,2681
2021-08-12,632900,Cleveland Indians,Oakland Athletics,0,17,669212,Eli Morgan,605135,Chris Bassitt,1,5
2021-08-12,633016,Chicago Cubs,Milwaukee Brewers,4,17,543294,Kyle Hendricks,605540,Brandon Woodruff,1,17
2021-08-12,632938,Baltimore Orioles,Detroit Tigers,4,6,607644,John Means,666159,Matt Manning,1,2
2021-08-12,632903,Boston Red Sox,Tampa Bay Rays,1,8,656557,Tanner Houck,656876,Drew Rasmussen,1,3
2021-08-12,632947,Seattle Mariners,Texas Rangers,3,1,594835,Marco Gonzales,592314,Mike Foltynewicz,1,680
2021-08-12,632929,Atlanta Braves,Cincinnati Reds,3,12,666205,Kyle Muller,661269,Vladimir Gutierrez,1,4705
2021-08-12,632924,Chicago White Sox,New York Yankees,9,8,458681,Lance Lynn,571760,Andrew Heaney,1,5445
2021-08-12,632918,Los Angeles Angels,Toronto Blue Jays,6,3,660271,Shohei Ohtani,621244,José Berríos,1,1
2021-08-12,632914,Arizona Diamondbacks,San Diego Padres,12,3,676840,Matt Peacock,506433,Yu Darvish,1,15
2021-08-12,632939,San Francisco Giants,Colorado Rockies,7,0,657277,Logan Webb,608566,Germán Márquez,1,2395
2021-08-13,632901,Philadelphia Phillies,Cincinnati Reds,1,6,554430,Zack Wheeler,641816,Tyler Mahle,1,2681
2021-08-13,632921,Washington Nationals,Atlanta Braves,2,4,680686,Josiah Gray,450203,Charlie Morton,1,3309
2021-08-13,632902,Boston Red Sox,Baltimore Orioles,8,1,601713,Nick Pivetta,657093,Spenser Watkins,1,3
2021-08-13,632920,Detroit Tigers,Cleveland Indians,4,7,641302,Tyler Alexander,668676,Zach Plesac,1,2394
2021-08-13,632911,New York Mets,Los Angeles Dodgers,5,6,656731,Tylor Megill,628711,Julio Urías,1,3289
2021-08-13,632930,Miami Marlins,Chicago Cubs,14,10,666200,Jesús Luzardo,640470,Adbert Alzolay,1,4169
2021-08-13,632936,Texas Rangers,Oakland Athletics,8,6,641540,Dane Dunning,608344,Cole Irvin,1,5325
2021-08-13,632943,Kansas City Royals,St. Louis Cardinals,0,6,501985,Mike Minor,656427,Jack Flaherty,1,7
2021-08-13,632926,Minnesota Twins,Tampa Bay Rays,4,10,501381,Michael Pineda,663556,Shane McClanahan,1,3312
2021-08-13,632972,Los Angeles Angels,Houston Astros,1,4,663776,Patrick Sandoval,425844,Zack Greinke,1,1
2021-08-13,632932,Arizona Diamondbacks,San Diego Padres,3,2,518516,Madison Bumgarner,605483,Blake Snell,1,15
2021-08-13,632906,San Francisco Giants,Colorado Rockies,5,4,543101,Anthony DeSclafani,596295,Austin Gomber,1,2395
2021-08-13,632954,Seattle Mariners,Toronto Blue Jays,3,2,623167,Chris Flexen,592662,Robbie Ray,1,680
2021-08-14,632820,Pittsburgh Pirates,Milwaukee Brewers,14,4,669060,Bryse Wilson,474463,Brett Anderson,1,31
2021-08-14,632897,Pittsburgh Pirates,Milwaukee Brewers,0,6,656605,Mitch Keller,676879,Aaron Ashby,2,31
2021-08-14,632916,Philadelphia Phillies,Cincinnati Reds,6,1,519043,Matt Moore,622491,Luis Castillo,1,2681
2021-08-14,632905,Boston Red Sox,Baltimore Orioles,16,2,519242,Chris Sale,605347,Jorge López,1,3
2021-08-14,632885,Washington Nationals,Atlanta Braves,2,12,571578,Patrick Corbin,608331,Max Fried,1,3309
2021-08-14,632819,Detroit Tigers,Cleveland Indians,6,4,503449,Wily Peralta,656529,Sam Hentges,1,2394
2021-08-14,632941,Miami Marlins,Chicago Cubs,5,4,605507,Zach Thompson,605200,Zach Davies,1,4169
2021-08-14,632894,Texas Rangers,Oakland Athletics,3,8,543475,Jordan Lyles,621076,James Kaprielian,1,5325
2021-08-14,632958,New York Mets,Los Angeles Dodgers,1,2,592836,Taijuan Walker,621111,Walker Buehler,1,3289
2021-08-14,632818,Kansas City Royals,St. Louis Cardinals,4,9,641745,Brad Keller,452657,Jon Lester,1,7
2021-08-14,632913,Minnesota Twins,Tampa Bay Rays,12,0,628317,Kenta Maeda,608379,Michael Wacha,1,3312
2021-08-14,632898,Chicago White Sox,New York Yankees,5,7,656302,Dylan Cease,592791,Jameson Taillon,1,4
2021-08-14,632877,Arizona Diamondbacks,San Diego Padres,7,0,656457,Tyler Gilbert,605397,Joe Musgrove,1,15
2021-08-14,632889,San Francisco Giants,Colorado Rockies,1,4,669674,Sam Long,607536,Kyle Freeland,1,2395
2021-08-14,632925,Los Angeles Angels,Houston Astros,2,8,642545,Jaime Barria,677651,Luis Garcia,1,1
2021-08-14,632907,Seattle Mariners,Toronto Blue Jays,9,3,579328,Yusei Kikuchi,547943,Hyun Jin Ryu,1,680
2021-08-15,632891,Philadelphia Phillies,Cincinnati Reds,4,7,605400,Aaron Nola,543243,Sonny Gray,1,2681
2021-08-15,632867,Washington Nationals,Atlanta Braves,5,6,502179,Paolo Espino,592767,Drew Smyly,1,3309
2021-08-15,632876,Pittsburgh Pirates,Milwaukee Brewers,1,2,596071,Dillon Peters,641778,Eric Lauer,1,31
2021-08-15,632961,Boston Red Sox,Baltimore Orioles,6,2,593958,Eduardo Rodriguez,669211,Keegan Akin,1,3
2021-08-15,632910,Detroit Tigers,Cleveland Indians,0,11,571800,Drew Hutchison,663474,Triston McKenzie,1,2394
2021-08-15,632874,Miami Marlins,Chicago Cubs,4,1,622694,Elieser Hernández,621219,Alec Mills,1,4169
2021-08-15,632860,Kansas City Royals,St. Louis Cardinals,2,7,663460,Kris Bubic,457918,J.A. Happ,1,7
2021-08-15,632866,Minnesota Twins,Tampa Bay Rays,5,4,656212,Charlie Barnes,672715,Luis Patiño,1,3312
2021-08-15,632899,Chicago White Sox,New York Yankees,3,5,608337,Lucas Giolito,641482,Nestor Cortes,1,4
2021-08-15,632847,Texas Rangers,Oakland Athletics,7,4,663465,Kolby Allard,640455,Sean Manaea,1,5325
2021-08-15,632863,San Francisco Giants,Colorado Rockies,5,2,622072,Alex Wood,592351,Jon Gray,1,2395
2021-08-15,632881,Los Angeles Angels,Houston Astros,3,1,672282,Reid Detmers,621121,Lance McCullers Jr.,1,1
2021-08-15,632917,Arizona Diamondbacks,San Diego Padres,2,8,668678,Zac Gallen,489334,Craig Stammen,1,15
2021-08-15,632857,Seattle Mariners,Toronto Blue Jays,3,8,669302,Logan Gilbert,571927,Steven Matz,1,680
2021-08-15,632895,New York Mets,Los Angeles Dodgers,4,14,471911,Carlos Carrasco,453286,Max Scherzer,1,3289
2021-08-16,633421,New York Yankees,Los Angeles Angels,2,1,543037,Gerrit Cole,660761,José Suarez,1,3313
2021-08-16,632878,Cincinnati Reds,Chicago Cubs,14,5,489119,Wade Miley,657006,Justin Steele,1,2602
2021-08-16,632890,Tampa Bay Rays,Baltimore Orioles,9,2,543521,Collin McHugh,518774,Matt Harvey,1,12
2021-08-16,632858,Miami Marlins,Atlanta Braves,2,12,666129,Braxton Garrett,657053,Touki Toussaint,1,4169
2021-08-16,632883,Kansas City Royals,Houston Astros,7,6,672578,Carlos Hernández,543606,Jake Odorizzi,1,7
2021-08-16,632873,Minnesota Twins,Cleveland Indians,5,4,643377,Griffin Jax,615698,Cal Quantrill,1,3312
2021-08-16,632892,Chicago White Sox,Oakland Athletics,5,2,572971,Dallas Keuchel,593423,Frankie Montas,1,4
2021-08-16,632813,Colorado Rockies,San Diego Padres,6,5,622608,Antonio Senzatela,677960,Ryan Weathers,1,19
2021-08-16,632886,San Francisco Giants,New York Mets,7,5,592332,Kevin Gausman,448179,Rich Hill,1,2395
2021-08-16,632882,Los Angeles Dodgers,Pittsburgh Pirates,2,1,677865,Justin Bruihl,643230,Steven Brault,1,22
2021-08-17,633291,New York Yankees,Boston Red Sox,5,3,656756,Jordan Montgomery,656557,Tanner Houck,1,3313
2021-08-17,632893,New York Yankees,Boston Red Sox,2,0,661563,Luis Gil,543135,Nathan Eovaldi,2,3313
2021-08-17,632825,Washington Nationals,Toronto Blue Jays,12,6,607200,Erick Fedde,666201,Alek Manoah,1,3309
2021-08-17,632871,Cincinnati Reds,Chicago Cubs,1,2,661269,Vladimir Gutierrez,543294,Kyle Hendricks,1,2602
2021-08-17,632868,Detroit Tigers,Los Angeles Angels,2,8,663554,Casey Mize,605164,Dylan Bundy,1,2394
2021-08-17,632864,Tampa Bay Rays,Baltimore Orioles,10,0,656876,Drew Rasmussen,607644,John Means,1,12
2021-08-17,632872,Miami Marlins,Atlanta Braves,0,2,645261,Sandy Alcantara,660623,Huascar Ynoa,1,4169
2021-08-17,632884,St. Louis Cardinals,Milwaukee Brewers,0,2,425794,Adam Wainwright,669203,Corbin Burnes,1,2889
2021-08-17,632853,Texas Rangers,Seattle Mariners,1,3,621368,Taylor Hearn,542881,Tyler Anderson,1,5325
2021-08-17,632875,Kansas City Royals,Houston Astros,3,1,663738,Daniel Lynch IV,664285,Framber Valdez,1,7
2021-08-17,632880,Minnesota Twins,Cleveland Indians,1,3,641927,Bailey Ober,669212,Eli Morgan,1,3312
2021-08-17,632908,Chicago White Sox,Oakland Athletics,9,0,625643,Reynaldo López,605135,Chris Bassitt,1,4
2021-08-17,632851,Colorado Rockies,San Diego Padres,7,3,608566,Germán Márquez,621381,Matt Strahm,1,19
2021-08-17,632869,Arizona Diamondbacks,Philadelphia Phillies,3,2,642203,Taylor Widener,502043,Kyle Gibson,1,15
2021-08-17,632919,San Francisco Giants,New York Mets,3,2,657277,Logan Webb,573186,Marcus Stroman,1,2395
2021-08-17,632909,Los Angeles Dodgers,Pittsburgh Pirates,4,3,456034,David Price,640444,Wil Crowe,1,22
2021-08-18,632839,Cincinnati Reds,Chicago Cubs,1,7,641816,Tyler Mahle,592716,Adrian Sampson,1,2602
2021-08-18,632831,Minnesota Twins,Cleveland Indians,8,7,626929,Lewis Thorpe,668676,Zach Plesac,1,3312
2021-08-18,632862,Colorado Rockies,San Diego Padres,7,5,592346,Chi Chi González,453562,Jake Arrieta,1,19
2021-08-18,632850,San Francisco Giants,New York Mets,2,6,543101,Anthony DeSclafani,656731,Tylor Megill,1,2395
2021-08-18,632856,Washington Nationals,Toronto Blue Jays,8,5,680686,Josiah Gray,621244,José Berríos,1,3309
2021-08-18,632852,New York Yankees,Boston Red Sox,5,2,571760,Andrew Heaney,601713,Nick Pivetta,1,3313
2021-08-18,632861,Detroit Tigers,Los Angeles Angels,1,3,669373,Tarik Skubal,660271,Shohei Ohtani,1,2394
2021-08-18,632849,Tampa Bay Rays,Baltimore Orioles,8,4,545343,Louis Head,657093,Spenser Watkins,1,12
2021-08-18,632865,Miami Marlins,Atlanta Braves,9,11,666200,Jesús Luzardo,450203,Charlie Morton,1,4169
2021-08-18,632844,St. Louis Cardinals,Milwaukee Brewers,4,6,656427,Jack Flaherty,642547,Freddy Peralta,1,2889
2021-08-18,632855,Texas Rangers,Seattle Mariners,1,3,592314,Mike Foltynewicz,594835,Marco Gonzales,1,5325
2021-08-18,632859,Kansas City Royals,Houston Astros,3,2,663903,Brady Singer,425844,Zack Greinke,1,7
2021-08-18,632854,Chicago White Sox,Oakland Athletics,3,2,458681,Lance Lynn,608344,Cole Irvin,1,4
2021-08-18,632848,Arizona Diamondbacks,Philadelphia Phillies,4,2,528748,Humberto Castellanos,624133,Ranger Suarez,1,15
2021-08-18,632887,Los Angeles Dodgers,Pittsburgh Pirates,9,0,677865,Justin Bruihl,664141,JT Brubaker,1,22
2021-08-19,632846,Detroit Tigers,Los Angeles Angels,10,13,666159,Matt Manning,500779,Jose Quintana,1,2394
2021-08-19,632833,Tampa Bay Rays,Baltimore Orioles,7,2,663556,Shane McClanahan,605347,Jorge López,1,12
2021-08-19,632838,Texas Rangers,Seattle Mariners,8,9,675921,Spencer Howard,623167,Chris Flexen,1,5325
2021-08-19,632843,Kansas City Royals,Houston Astros,3,6,501985,Mike Minor,677651,Luis Garcia,1,7
2021-08-19,632823,Chicago White Sox,Oakland Athletics,4,5,656302,Dylan Cease,608344,Cole Irvin,1,4
2021-08-19,632841,Arizona Diamondbacks,Philadelphia Phillies,6,2,518516,Madison Bumgarner,554430,Zack Wheeler,1,15
2021-08-19,632840,New York Yankees,Minnesota Twins,7,5,592791,Jameson Taillon,607231,John Gant,1,3313
2021-08-19,632816,Cincinnati Reds,Miami Marlins,6,1,622491,Luis Castillo,663734,Nick Neidert,1,2602
2021-08-19,632845,St. Louis Cardinals,Milwaukee Brewers,8,4,452657,Jon Lester,605540,Brandon Woodruff,1,2889
2021-08-19,632835,Los Angeles Dodgers,New York Mets,4,1,608349,Corey Knebel,592836,Taijuan Walker,1,22
2021-08-20,632826,Chicago Cubs,Kansas City Royals,2,6,605200,Zach Davies,641745,Brad Keller,1,17
2021-08-20,632814,Baltimore Orioles,Atlanta Braves,0,3,669211,Keegan Akin,608331,Max Fried,1,2
2021-08-20,632799,New York Yankees,Minnesota Twins,10,2,641482,Nestor Cortes,656212,Charlie Barnes,1,3313
2021-08-20,632888,Toronto Blue Jays,Detroit Tigers,1,4,592662,Robbie Ray,641302,Tyler Alexander,1,14
2021-08-20,632837,Cleveland Indians,Los Angeles Angels,9,1,656529,Sam Hentges,642545,Jaime Barria,1,5
2021-08-20,632827,Boston Red Sox,Texas Rangers,6,0,519242,Chris Sale,641540,Dane Dunning,1,3
2021-08-20,632836,Tampa Bay Rays,Chicago White Sox,5,7,608379,Michael Wacha,608337,Lucas Giolito,1,12
2021-08-20,632832,Cincinnati Reds,Miami Marlins,5,3,543243,Sonny Gray,622694,Elieser Hernández,1,2602
2021-08-20,632774,Houston Astros,Seattle Mariners,12,3,621121,Lance McCullers Jr.,579328,Yusei Kikuchi,1,2392
2021-08-20,632896,Milwaukee Brewers,Washington Nationals,1,4,474463,Brett Anderson,571578,Patrick Corbin,1,32
2021-08-20,632815,St. Louis Cardinals,Pittsburgh Pirates,0,4,571945,Miles Mikolas,656605,Mitch Keller,1,2889
2021-08-20,632828,Colorado Rockies,Arizona Diamondbacks,9,4,596295,Austin Gomber,656457,Tyler Gilbert,1,19
2021-08-20,632809,Oakland Athletics,San Francisco Giants,4,1,621076,James Kaprielian,622072,Alex Wood,1,10
2021-08-20,632811,Los Angeles Dodgers,New York Mets,3,2,621111,Walker Buehler,471911,Carlos Carrasco,1,22
2021-08-20,632817,San Diego Padres,Philadelphia Phillies,3,4,605483,Blake Snell,519043,Matt Moore,1,2680
2021-08-21,632821,New York Yankees,Minnesota Twins,7,1,543037,Gerrit Cole,628317,Kenta Maeda,1,3313
2021-08-21,632804,Tampa Bay Rays,Chicago White Sox,8,4,672715,Luis Patiño,572971,Dallas Keuchel,1,12
2021-08-21,632824,Chicago Cubs,Kansas City Royals,2,4,624522,Keegan Thompson,663460,Kris Bubic,1,17
2021-08-21,632775,Toronto Blue Jays,Detroit Tigers,3,0,547943,Hyun Jin Ryu,503449,Wily Peralta,1,14
2021-08-21,632795,Los Angeles Dodgers,New York Mets,4,3,453286,Max Scherzer,448179,Rich Hill,1,22
2021-08-21,632829,Milwaukee Brewers,Washington Nationals,9,6,641778,Eric Lauer,502179,Paolo Espino,1,32
2021-08-21,632842,Oakland Athletics,San Francisco Giants,5,6,640455,Sean Manaea,592332,Kevin Gausman,1,10
2021-08-21,632780,Cleveland Indians,Los Angeles Angels,5,1,663474,Triston McKenzie,672282,Reid Detmers,1,5
2021-08-21,632834,Houston Astros,Seattle Mariners,15,1,543606,Jake Odorizzi,669302,Logan Gilbert,1,2392
2021-08-21,632797,Cincinnati Reds,Miami Marlins,7,4,489119,Wade Miley,605507,Zach Thompson,1,2602
2021-08-21,632879,Baltimore Orioles,Atlanta Braves,4,5,518774,Matt Harvey,592767,Drew Smyly,1,2
2021-08-21,632870,Boston Red Sox,Texas Rangers,1,10,593958,Eduardo Rodriguez,543475,Jordan Lyles,1,3
2021-08-21,632810,St. Louis Cardinals,Pittsburgh Pirates,4,5,457918,J.A. Happ,596071,Dillon Peters,1,2889
2021-08-21,632790,Colorado Rockies,Arizona Diamondbacks,5,2,607536,Kyle Freeland,668678,Zac Gallen,1,19
2021-08-21,632806,San Diego Padres,Philadelphia Phillies,4,3,605397,Joe Musgrove,605400,Aaron Nola,1,2680
2021-08-22,632772,Baltimore Orioles,Atlanta Braves,1,3,607644,John Means,657053,Touki Toussaint,1,2
2021-08-22,632784,Toronto Blue Jays,Detroit Tigers,3,5,571927,Steven Matz,571800,Drew Hutchison,1,14
2021-08-22,632785,Tampa Bay Rays,Chicago White Sox,9,0,502042,Chris Archer,625643,Reynaldo López,1,12
2021-08-22,632801,Cincinnati Reds,Miami Marlins,3,1,661269,Vladimir Gutierrez,645261,Sandy Alcantara,1,2602
2021-08-22,632793,Houston Astros,Seattle Mariners,3,6,664285,Framber Valdez,542881,Tyler Anderson,1,2392
2021-08-22,632786,Milwaukee Brewers,Washington Nationals,7,3,605288,Adrian Houser,543594,Sean Nolin,1,32
2021-08-22,632794,St. Louis Cardinals,Pittsburgh Pirates,3,0,425794,Adam Wainwright,643230,Steven Brault,1,2889
2021-08-22,632771,Chicago Cubs,Kansas City Royals,1,9,621219,Alec Mills,672578,Carlos Hernández,1,17
2021-08-22,632803,Colorado Rockies,Arizona Diamondbacks,4,8,592351,Jon Gray,642203,Taylor Widener,1,19
2021-08-22,632830,San Diego Padres,Philadelphia Phillies,4,7,489334,Craig Stammen,502043,Kyle Gibson,1,2680
2021-08-22,632791,Oakland Athletics,San Francisco Giants,1,2,593423,Frankie Montas,657277,Logan Webb,1,10
2021-08-22,632796,Los Angeles Dodgers,New York Mets,2,7,456034,David Price,573186,Marcus Stroman,1,22
2021-08-22,632812,Cleveland Indians,Los Angeles Angels,3,0,615698,Cal Quantrill,660761,José Suarez,1,2735
2021-08-23,632773,Boston Red Sox,Texas Rangers,8,4,543135,Nathan Eovaldi,663465,Kolby Allard,1,3
2021-08-23,632798,Pittsburgh Pirates,Arizona Diamondbacks,6,5,640444,Wil Crowe,650668,Humberto Mejía,1,31
2021-08-23,632787,Toronto Blue Jays,Chicago White Sox,2,1,666201,Alek Manoah,458681,Lance Lynn,1,14
2021-08-23,632805,Atlanta Braves,New York Yankees,1,5,660623,Huascar Ynoa,656756,Jordan Montgomery,1,4705
2021-08-23,632792,Chicago Cubs,Colorado Rockies,6,4,543294,Kyle Hendricks,622608,Antonio Senzatela,1,17
2021-08-23,632770,Houston Astros,Kansas City Royals,1,7,425844,Zack Greinke,663738,Daniel Lynch IV,1,2392
2021-08-23,632758,Oakland Athletics,Seattle Mariners,3,5,621112,Paul Blackburn,594835,Marco Gonzales,1,10
2021-08-24,632769,Oakland Athletics,Seattle Mariners,1,5,608344,Cole Irvin,623167,Chris Flexen,1,10
2021-08-24,632807,Baltimore Orioles,Los Angeles Angels,8,14,657093,Spenser Watkins,605164,Dylan Bundy,1,2
2021-08-24,632744,Pittsburgh Pirates,Arizona Diamondbacks,4,2,664141,JT Brubaker,518516,Madison Bumgarner,1,31
2021-08-24,632777,Philadelphia Phillies,Tampa Bay Rays,1,3,624133,Ranger Suarez,656876,Drew Rasmussen,1,2681
2021-08-24,632779,Toronto Blue Jays,Chicago White Sox,2,5,621244,José Berríos,656302,Dylan Cease,1,14
2021-08-24,632802,New York Mets,San Francisco Giants,0,8,656731,Tylor Megill,669674,Sam Long,1,3289
2021-08-24,632783,Cleveland Indians,Texas Rangers,3,7,669212,Eli Morgan,621368,Taylor Hearn,1,5
2021-08-24,632755,Boston Red Sox,Minnesota Twins,11,9,656557,Tanner Houck,643377,Griffin Jax,1,3
2021-08-24,632789,Miami Marlins,Washington Nationals,1,5,666200,Jesús Luzardo,607200,Erick Fedde,1,4169
2021-08-24,632763,Atlanta Braves,New York Yankees,4,5,450203,Charlie Morton,571760,Andrew Heaney,1,4705
2021-08-24,632781,St. Louis Cardinals,Detroit Tigers,3,4,656427,Jack Flaherty,663554,Casey Mize,1,2889
2021-08-24,632776,Houston Astros,Kansas City Royals,4,0,677651,Luis Garcia,663903,Brady Singer,1,2392
2021-08-24,632728,Milwaukee Brewers,Cincinnati Reds,7,4,669203,Corbin Burnes,641816,Tyler Mahle,1,32
2021-08-24,632748,San Diego Padres,Los Angeles Dodgers,2,5,572955,Pierce Johnson,628711,Julio Urías,1,2680
2021-08-25,632751,St. Louis Cardinals,Detroit Tigers,3,2,452657,Jon Lester,669373,Tarik Skubal,1,2889
2021-08-25,632768,Houston Astros,Kansas City Royals,6,5,621121,Lance McCullers Jr.,501985,Mike Minor,1,2392
2021-08-25,632738,Chicago Cubs,Colorado Rockies,5,2,605200,Zach Davies,596295,Austin Gomber,1,17
2021-08-25,632822,Chicago Cubs,Colorado Rockies,10,13,657006,Justin Steele,608566,Germán Márquez,2,17
2021-08-25,632756,Baltimore Orioles,Los Angeles Angels,10,6,595939,Chris Ellis,660271,Shohei Ohtani,1,2
2021-08-25,632778,Pittsburgh Pirates,Arizona Diamondbacks,2,5,669060,Bryse Wilson,656457,Tyler Gilbert,1,31
2021-08-25,632727,Philadelphia Phillies,Tampa Bay Rays,4,7,554430,Zack Wheeler,642232,Ryan Yarbrough,1,2681
2021-08-25,632752,Toronto Blue Jays,Chicago White Sox,3,1,592662,Robbie Ray,608337,Lucas Giolito,1,14
2021-08-25,632747,New York Mets,San Francisco Giants,2,3,592836,Taijuan Walker,456501,Johnny Cueto,1,3289
2021-08-25,632766,Cleveland Indians,Texas Rangers,7,2,668676,Zach Plesac,656641,Jacob Latz,1,5
2021-08-25,632767,Boston Red Sox,Minnesota Twins,6,9,601713,Nick Pivetta,641927,Bailey Ober,1,3
2021-08-25,632760,Miami Marlins,Washington Nationals,4,3,665795,Edward Cabrera,680686,Josiah Gray,1,4169
2021-08-25,632761,Milwaukee Brewers,Cincinnati Reds,4,1,605540,Brandon Woodruff,622491,Luis Castillo,1,32
2021-08-25,632764,San Diego Padres,Los Angeles Dodgers,3,5,605483,Blake Snell,621111,Walker Buehler,1,2680
2021-08-26,632743,Baltimore Orioles,Los Angeles Angels,13,1,669211,Keegan Akin,642545,Jaime Barria,1,2
2021-08-26,632726,Milwaukee Brewers,Cincinnati Reds,1,5,474463,Brett Anderson,543243,Sonny Gray,1,32
2021-08-26,632724,Toronto Blue Jays,Chicago White Sox,7,10,547943,Hyun Jin Ryu,607074,Carlos Rodón,1,14
2021-08-26,632729,Pittsburgh Pirates,St. Louis Cardinals,11,7,656605,Mitch Keller,571945,Miles Mikolas,1,31
2021-08-26,632746,Philadelphia Phillies,Arizona Diamondbacks,7,8,519043,Matt Moore,668678,Zac Gallen,1,2681
2021-08-26,632745,New York Mets,San Francisco Giants,2,3,471911,Carlos Carrasco,622072,Alex Wood,1,3289
2021-08-26,632788,Cleveland Indians,Texas Rangers,10,6,656529,Sam Hentges,543475,Jordan Lyles,1,5
2021-08-26,632741,Boston Red Sox,Minnesota Twins,12,2,519242,Chris Sale,607231,John Gant,1,3
2021-08-26,632754,Miami Marlins,Washington Nationals,7,5,622694,Elieser Hernández,571578,Patrick Corbin,1,4169
2021-08-26,632685,San Diego Padres,Los Angeles Dodgers,0,4,506433,Yu Darvish,453286,Max Scherzer,1,2680
2021-08-26,632749,Oakland Athletics,New York Yankees,6,7,621076,James Kaprielian,592791,Jameson Taillon,1,10
2021-08-26,632739,Seattle Mariners,Kansas City Royals,4,6,579328,Yusei Kikuchi,641745,Brad Keller,1,680
2021-08-27,632762,Pittsburgh Pirates,St. Louis Cardinals,3,4,596071,Dillon Peters,457918,J.A. Happ,1,31
2021-08-27,632720,Baltimore Orioles,Tampa Bay Rays,3,6,518774,Matt Harvey,663556,Shane McClanahan,1,2
2021-08-27,632808,Philadelphia Phillies,Arizona Diamondbacks,7,6,605400,Aaron Nola,642203,Taylor Widener,1,2681
2021-08-27,632735,Cleveland Indians,Boston Red Sox,3,4,663531,Logan Allen,593958,Eduardo Rodriguez,1,5
2021-08-27,632800,New York Mets,Washington Nationals,1,2,448179,Rich Hill,502179,Paolo Espino,1,3289
2021-08-27,632709,Detroit Tigers,Toronto Blue Jays,2,1,666159,Matt Manning,571927,Steven Matz,1,2394
2021-08-27,632742,Miami Marlins,Cincinnati Reds,0,6,605507,Zach Thompson,489119,Wade Miley,1,4169
2021-08-27,632732,Atlanta Braves,San Francisco Giants,6,5,608331,Max Fried,592332,Kevin Gausman,1,4705
2021-08-27,632734,Texas Rangers,Houston Astros,4,5,657248,Glenn Otto Jr.,543606,Jake Odorizzi,1,5325
2021-08-27,632718,Chicago White Sox,Chicago Cubs,17,13,572971,Dallas Keuchel,624522,Keegan Thompson,1,4
2021-08-27,632759,Minnesota Twins,Milwaukee Brewers,2,0,452027,Andrew Albers,641778,Eric Lauer,1,3312
2021-08-27,632782,Los Angeles Angels,San Diego Padres,0,5,681867,Cooper Criswell,605397,Joe Musgrove,1,1
2021-08-27,632725,Oakland Athletics,New York Yankees,2,8,640455,Sean Manaea,543037,Gerrit Cole,1,10
2021-08-27,632740,Los Angeles Dodgers,Colorado Rockies,2,4,660813,Brusdar Graterol,607536,Kyle Freeland,1,22
2021-08-27,632753,Seattle Mariners,Kansas City Royals,7,8,669302,Logan Gilbert,663460,Kris Bubic,1,680
2021-08-28,632737,Cleveland Indians,Boston Red Sox,3,5,615698,Cal Quantrill,543135,Nathan Eovaldi,1,5
2021-08-28,632706,Oakland Athletics,New York Yankees,3,2,593423,Frankie Montas,641482,Nestor Cortes,1,10
2021-08-28,632713,Seattle Mariners,Kansas City Royals,2,4,542881,Tyler Anderson,663738,Daniel Lynch IV,1,680
2021-08-28,632712,Philadelphia Phillies,Arizona Diamondbacks,7,0,502043,Kyle Gibson,650668,Humberto Mejía,1,2681
2021-08-28,632719,Detroit Tigers,Toronto Blue Jays,2,3,570632,José Ureña,666201,Alek Manoah,1,2394
2021-08-28,632757,Miami Marlins,Cincinnati Reds,6,1,645261,Sandy Alcantara,661269,Vladimir Gutierrez,1,4169
2021-08-28,632723,Pittsburgh Pirates,St. Louis Cardinals,0,13,643230,Steven Brault,425794,Adam Wainwright,1,31
2021-08-28,632721,Baltimore Orioles,Tampa Bay Rays,3,4,607644,John Means,608379,Michael Wacha,1,2
2021-08-28,632702,Texas Rangers,Houston Astros,2,5,663465,Kolby Allard,664285,Framber Valdez,1,5325
2021-08-28,632717,New York Mets,Washington Nationals,5,3,573186,Marcus Stroman,543594,Sean Nolin,1,3289
2021-08-28,632722,Chicago White Sox,Chicago Cubs,0,7,458681,Lance Lynn,621219,Alec Mills,1,4
2021-08-28,632716,Minnesota Twins,Milwaukee Brewers,6,4,656212,Charlie Barnes,605288,Adrian Houser,1,3312
2021-08-28,632733,Atlanta Braves,San Francisco Giants,0,5,660623,Huascar Ynoa,657277,Logan Webb,1,4705
2021-08-28,632697,Los Angeles Angels,San Diego Padres,10,2,660761,José Suarez,677960,Ryan Weathers,1,1
2021-08-28,632707,Los Angeles Dodgers,Colorado Rockies,5,2,608349,Corey Knebel,592351,Jon Gray,1,22
2021-08-29,632698,Pittsburgh Pirates,St. Louis Cardinals,4,3,640444,Wil Crowe,547942,Kwang Hyun Kim,1,31
2021-08-29,632736,Baltimore Orioles,Tampa Bay Rays,8,12,657093,Spenser Watkins,502042,Chris Archer,1,2
2021-08-29,632673,Philadelphia Phillies,Arizona Diamondbacks,7,4,624133,Ranger Suarez,518516,Madison Bumgarner,1,2681
2021-08-29,632704,Cleveland Indians,Boston Red Sox,7,5,669212,Eli Morgan,656557,Tanner Houck,1,5
2021-08-29,632711,New York Mets,Washington Nationals,9,4,656731,Tylor Megill,607200,Erick Fedde,1,3289
2021-08-29,632750,Detroit Tigers,Toronto Blue Jays,1,2,571510,Matthew Boyd,621244,José Berríos,1,2394
2021-08-29,632684,Miami Marlins,Cincinnati Reds,2,1,666200,Jesús Luzardo,641816,Tyler Mahle,1,4169
2021-08-29,632701,Atlanta Braves,San Francisco Giants,9,0,666120,Ian Anderson,543101,Anthony DeSclafani,1,4705
2021-08-29,632765,Chicago White Sox,Chicago Cubs,13,1,656302,Dylan Cease,543294,Kyle Hendricks,1,4
2021-08-29,632705,Minnesota Twins,Milwaukee Brewers,2,6,643377,Griffin Jax,676879,Aaron Ashby,1,3312
2021-08-29,632696,Texas Rangers,Houston Astros,13,2,621368,Taylor Hearn,425844,Zack Greinke,1,5325
2021-08-29,632714,Los Angeles Dodgers,Colorado Rockies,0,5,669952,Mitch White,622608,Antonio Senzatela,1,22
2021-08-29,632693,Seattle Mariners,Kansas City Royals,4,3,594835,Marco Gonzales,663903,Brady Singer,1,680
2021-08-29,632700,Oakland Athletics,New York Yankees,3,1,621112,Paul Blackburn,656756,Jordan Montgomery,1,10
2021-08-30,633372,Detroit Tigers,Minnesota Twins,2,3,663554,Casey Mize,641927,Bailey Ober,1,2394
2021-08-30,632692,Cincinnati Reds,St. Louis Cardinals,1,3,622491,Luis Castillo,452657,Jon Lester,1,2602
2021-08-30,632691,Washington Nationals,Philadelphia Phillies,4,7,680686,Josiah Gray,554430,Zack Wheeler,1,3309
2021-08-30,632668,Toronto Blue Jays,Baltimore Orioles,7,3,592662,Robbie Ray,595939,Chris Ellis,1,14
2021-08-30,632664,Tampa Bay Rays,Boston Red Sox,6,1,672715,Luis Patiño,601713,Nick Pivetta,1,12
2021-08-30,632678,Texas Rangers,Colorado Rockies,4,3,669935,A.J. Alexy,608566,Germán Márquez,1,5325
2021-08-30,632690,Los Angeles Angels,New York Yankees,8,7,594577,Mike Mayers,446372,Corey Kluber,1,1
2021-08-30,632703,Arizona Diamondbacks,San Diego Padres,5,7,656457,Tyler Gilbert,663978,Chris Paddack,1,15
2021-08-30,632687,San Francisco Giants,Milwaukee Brewers,1,3,501625,Jose Alvarez,669203,Corbin Burnes,1,2395
2021-08-30,632665,Seattle Mariners,Houston Astros,3,4,623167,Chris Flexen,677651,Luis Garcia,1,680
2021-08-30,632674,Los Angeles Dodgers,Atlanta Braves,5,3,628711,Julio Urías,592767,Drew Smyly,1,22
2021-04-11,632192,New York Mets,Miami Marlins,6,5,592836,Taijuan Walker,622694,Elieser Hernández,1,3289
2021-08-31,632677,Washington Nationals,Philadelphia Phillies,6,12,571578,Patrick Corbin,519043,Matt Moore,1,3309
2021-08-31,632715,Toronto Blue Jays,Baltimore Orioles,2,4,547943,Hyun Jin Ryu,669211,Keegan Akin,1,14
2021-08-31,632688,Detroit Tigers,Oakland Athletics,3,9,669373,Tarik Skubal,608344,Cole Irvin,1,2394
2021-08-31,632669,Tampa Bay Rays,Boston Red Sox,8,5,642232,Ryan Yarbrough,502748,Brad Peacock,1,12
2021-08-31,632679,New York Mets,Miami Marlins,3,1,592866,Trevor Williams,665795,Edward Cabrera,1,3289
2021-08-31,632680,Texas Rangers,Colorado Rockies,4,3,543475,Jordan Lyles,596295,Austin Gomber,1,5325
2021-08-31,632676,Kansas City Royals,Cleveland Indians,2,7,596001,Jakob Junis,668676,Zach Plesac,1,7
2021-08-31,632694,Minnesota Twins,Chicago Cubs,1,3,607231,John Gant,605200,Zach Davies,1,3312
2021-08-31,632683,Chicago White Sox,Pittsburgh Pirates,4,2,608337,Lucas Giolito,669060,Bryse Wilson,1,4
2021-08-31,632675,Los Angeles Angels,New York Yankees,6,4,642545,Jaime Barria,592791,Jameson Taillon,1,1
2021-08-31,632672,Arizona Diamondbacks,San Diego Padres,0,3,668678,Zac Gallen,605483,Blake Snell,1,15
2021-08-31,632682,San Francisco Giants,Milwaukee Brewers,2,6,456501,Johnny Cueto,605540,Brandon Woodruff,1,2395
2021-08-31,632657,Seattle Mariners,Houston Astros,4,0,579328,Yusei Kikuchi,621121,Lance McCullers Jr.,1,680
2021-08-31,632663,Los Angeles Dodgers,Atlanta Braves,3,2,621111,Walker Buehler,450203,Charlie Morton,1,22
2021-09-01,632699,Cincinnati Reds,St. Louis Cardinals,4,5,489119,Wade Miley,571945,Miles Mikolas,1,2602
2021-09-01,632731,Cincinnati Reds,St. Louis Cardinals,12,2,543243,Sonny Gray,457918,J.A. Happ,2,2602
2021-09-01,632641,Texas Rangers,Colorado Rockies,5,9,685503,Kohei Arihara,607536,Kyle Freeland,1,5325
2021-09-01,632681,Arizona Diamondbacks,San Diego Padres,8,3,596133,Luke Weaver,506433,Yu Darvish,1,15
2021-09-01,632648,Seattle Mariners,Houston Astros,1,0,669302,Logan Gilbert,543606,Jake Odorizzi,1,680
2021-09-01,632640,Toronto Blue Jays,Baltimore Orioles,5,4,571927,Steven Matz,518774,Matt Harvey,1,14
2021-09-01,632655,Los Angeles Angels,New York Yankees,1,4,676050,Packy Naughton,543037,Gerrit Cole,1,1
2021-09-01,632710,Detroit Tigers,Oakland Athletics,8,6,503449,Wily Peralta,621076,James Kaprielian,1,2394
2021-09-01,632653,Tampa Bay Rays,Boston Red Sox,2,3,656876,Drew Rasmussen,519242,Chris Sale,1,12
2021-09-01,632662,Kansas City Royals,Cleveland Indians,3,5,663804,Jackson Kowar,663531,Logan Allen,1,7
2021-09-01,632689,Minnesota Twins,Chicago Cubs,0,3,657746,Joe Ryan,657006,Justin Steele,1,3312
2021-09-01,632671,Chicago White Sox,Pittsburgh Pirates,6,3,607074,Carlos Rodón,668820,Max Kranick,1,4
2021-09-01,632661,San Francisco Giants,Milwaukee Brewers,2,5,592332,Kevin Gausman,474463,Brett Anderson,1,2395
2021-09-01,632656,Los Angeles Dodgers,Atlanta Braves,4,3,453286,Max Scherzer,608331,Max Fried,1,22
2021-09-02,632670,Washington Nationals,Philadelphia Phillies,6,7,502179,Paolo Espino,605400,Aaron Nola,1,3309
2021-09-02,632686,Detroit Tigers,Oakland Athletics,6,8,666159,Matt Manning,593423,Frankie Montas,1,2394
2021-09-02,632659,San Francisco Giants,Milwaukee Brewers,5,1,657277,Logan Webb,641778,Eric Lauer,1,2395
2021-09-02,632630,Tampa Bay Rays,Boston Red Sox,0,4,663556,Shane McClanahan,593958,Eduardo Rodriguez,1,12
2021-09-02,632650,New York Mets,Miami Marlins,4,3,471911,Carlos Carrasco,645261,Sandy Alcantara,1,3289
2021-09-02,632646,Chicago Cubs,Pittsburgh Pirates,6,5,624522,Keegan Thompson,656605,Mitch Keller,1,17
2021-09-02,632635,Kansas City Royals,Cleveland Indians,2,4,501985,Mike Minor,663474,Triston McKenzie,1,7
2021-09-02,632695,Colorado Rockies,Atlanta Braves,5,6,592346,Chi Chi González,657053,Touki Toussaint,1,19
2021-09-03,632660,Chicago Cubs,Pittsburgh Pirates,6,5,621219,Alec Mills,643230,Steven Brault,1,17
2021-09-03,632617,Washington Nationals,New York Mets,2,6,543594,Sean Nolin,448179,Rich Hill,1,3309
2021-09-03,632642,New York Yankees,Baltimore Orioles,4,3,641482,Nestor Cortes,607644,John Means,1,3313
2021-09-03,632629,Toronto Blue Jays,Oakland Athletics,11,10,666201,Alek Manoah,640455,Sean Manaea,1,14
2021-09-03,632639,Boston Red Sox,Cleveland Indians,8,5,543135,Nathan Eovaldi,615698,Cal Quantrill,1,3
2021-09-03,632654,Cincinnati Reds,Detroit Tigers,5,15,661269,Vladimir Gutierrez,641302,Tyler Alexander,1,2602
2021-09-03,632627,Tampa Bay Rays,Minnesota Twins,5,3,608379,Michael Wacha,677976,Randy Dobnak,1,12
2021-09-03,632621,Miami Marlins,Philadelphia Phillies,10,3,666200,Jesús Luzardo,502043,Kyle Gibson,1,4169
2021-09-03,632633,Kansas City Royals,Chicago White Sox,7,2,672578,Carlos Hernández,572971,Dallas Keuchel,1,7
2021-09-03,632638,Milwaukee Brewers,St. Louis Cardinals,4,15,642547,Freddy Peralta,425794,Adam Wainwright,1,32
2021-09-03,632644,Colorado Rockies,Atlanta Braves,4,3,622608,Antonio Senzatela,660623,Huascar Ynoa,1,19
2021-09-03,632632,Los Angeles Angels,Texas Rangers,3,2,660271,Shohei Ohtani,657248,Glenn Otto Jr.,1,1
2021-09-03,632708,Arizona Diamondbacks,Seattle Mariners,5,6,518516,Madison Bumgarner,542881,Tyler Anderson,1,15
2021-09-03,632645,San Francisco Giants,Los Angeles Dodgers,3,2,543101,Anthony DeSclafani,608349,Corey Knebel,1,2395
2021-09-03,632651,San Diego Padres,Houston Astros,3,6,453562,Jake Arrieta,664353,José Urquidy,1,2680
2021-09-04,634556,Washington Nationals,New York Mets,9,11,607200,Erick Fedde,573186,Marcus Stroman,1,3309
2021-09-04,632611,Washington Nationals,New York Mets,4,3,642028,Josh Rogers,656731,Tylor Megill,2,3309
2021-09-04,632622,New York Yankees,Baltimore Orioles,3,4,656756,Jordan Montgomery,595939,Chris Ellis,1,3313
2021-09-04,632624,Chicago Cubs,Pittsburgh Pirates,7,6,543294,Kyle Hendricks,664141,JT Brubaker,1,17
2021-09-04,632616,Toronto Blue Jays,Oakland Athletics,10,8,621244,José Berríos,621112,Paul Blackburn,1,14
2021-09-04,632600,Tampa Bay Rays,Minnesota Twins,11,4,502042,Chris Archer,452027,Andrew Albers,1,12
2021-09-04,632634,Boston Red Sox,Cleveland Indians,4,3,656557,Tanner Houck,669212,Eli Morgan,1,3
2021-09-04,632626,Miami Marlins,Philadelphia Phillies,3,2,669432,Trevor Rogers,624133,Ranger Suarez,1,4169
2021-09-04,632649,Cincinnati Reds,Detroit Tigers,7,4,641816,Tyler Mahle,571510,Matthew Boyd,1,2602
2021-09-04,632652,Kansas City Royals,Chicago White Sox,7,10,663738,Daniel Lynch IV,625643,Reynaldo López,1,7
2021-09-04,632667,Milwaukee Brewers,St. Louis Cardinals,4,0,605288,Adrian Houser,547942,Kwang Hyun Kim,1,32
2021-09-04,632623,Arizona Diamondbacks,Seattle Mariners,5,8,528748,Humberto Castellanos,594835,Marco Gonzales,1,15
2021-09-04,632615,Colorado Rockies,Atlanta Braves,7,6,608566,Germán Márquez,666120,Ian Anderson,1,19
2021-09-04,632612,San Diego Padres,Houston Astros,10,2,605397,Joe Musgrove,664285,Framber Valdez,1,2680
2021-09-04,632636,San Francisco Giants,Los Angeles Dodgers,1,6,543351,Jay Jackson,628711,Julio Urías,1,2395
2021-09-04,632625,Los Angeles Angels,Texas Rangers,4,1,660761,José Suarez,663465,Kolby Allard,1,1
2021-09-05,632598,Washington Nationals,New York Mets,6,13,680686,Josiah Gray,592836,Taijuan Walker,1,3309
2021-09-05,632582,New York Yankees,Baltimore Orioles,7,8,446372,Corey Kluber,669211,Keegan Akin,1,3313
2021-09-05,632607,Toronto Blue Jays,Oakland Athletics,8,0,592662,Robbie Ray,608344,Cole Irvin,1,14
2021-09-05,632592,Boston Red Sox,Cleveland Indians,5,11,676710,Kutter Crawford,668676,Zach Plesac,1,3
2021-09-05,632618,Cincinnati Reds,Detroit Tigers,1,4,622491,Luis Castillo,663554,Casey Mize,1,2602
2021-09-05,632605,Tampa Bay Rays,Minnesota Twins,5,6,672715,Luis Patiño,643377,Griffin Jax,1,12
2021-09-05,632602,Miami Marlins,Philadelphia Phillies,3,4,622694,Elieser Hernández,656322,Sam Coonrod,1,4169
2021-09-05,632614,Kansas City Royals,Chicago White Sox,6,0,663903,Brady Singer,656302,Dylan Cease,1,7
2021-09-05,632610,Milwaukee Brewers,St. Louis Cardinals,6,5,669203,Corbin Burnes,452657,Jon Lester,1,32
2021-09-05,632613,Chicago Cubs,Pittsburgh Pirates,11,8,605200,Zach Davies,640444,Wil Crowe,1,17
2021-09-05,632606,Colorado Rockies,Atlanta Braves,2,9,663372,Ryan Feltner,450203,Charlie Morton,1,19
2021-09-05,632619,Los Angeles Angels,Texas Rangers,3,7,676083,Janson Junk,621368,Taylor Hearn,1,1
2021-09-05,632647,San Diego Padres,Houston Astros,4,3,663978,Chris Paddack,677651,Luis Garcia,1,2680
2021-09-05,632601,Arizona Diamondbacks,Seattle Mariners,4,10,656457,Tyler Gilbert,623167,Chris Flexen,1,15
2021-09-05,632599,San Francisco Giants,Los Angeles Dodgers,6,4,608678,Dominic Leone,621111,Walker Buehler,1,2395
2021-09-06,632658,Baltimore Orioles,Kansas City Royals,2,3,675912,Zac Lowther,663460,Kris Bubic,1,2
2021-09-06,632604,Washington Nationals,New York Mets,4,3,571578,Patrick Corbin,592866,Trevor Williams,1,3309
2021-09-06,632593,New York Yankees,Toronto Blue Jays,0,8,592791,Jameson Taillon,547943,Hyun Jin Ryu,1,3313
2021-09-06,632603,Boston Red Sox,Tampa Bay Rays,10,11,519242,Chris Sale,642232,Ryan Yarbrough,1,3
2021-09-06,632585,Pittsburgh Pirates,Detroit Tigers,6,3,669060,Bryse Wilson,669373,Tarik Skubal,1,31
2021-09-06,632584,Milwaukee Brewers,Philadelphia Phillies,0,12,605540,Brandon Woodruff,554430,Zack Wheeler,1,32
2021-09-06,632597,Chicago Cubs,Cincinnati Reds,4,3,657006,Justin Steele,543243,Sonny Gray,1,17
2021-09-06,632608,Colorado Rockies,San Francisco Giants,5,10,607536,Kyle Freeland,592332,Kevin Gausman,1,19
2021-09-06,632628,St. Louis Cardinals,Los Angeles Dodgers,1,5,571945,Miles Mikolas,453286,Max Scherzer,1,2889
2021-09-06,632591,Cleveland Indians,Minnesota Twins,2,5,663531,Logan Allen,641927,Bailey Ober,1,5
2021-09-06,632596,Houston Astros,Seattle Mariners,11,2,621121,Lance McCullers Jr.,579328,Yusei Kikuchi,1,2392
2021-09-06,632620,Los Angeles Angels,Texas Rangers,0,4,642545,Jaime Barria,669935,A.J. Alexy,1,1
2021-09-07,632586,Cleveland Indians,Minnesota Twins,0,3,650644,Aaron Civale,607231,John Gant,1,5
2021-09-07,632560,Pittsburgh Pirates,Detroit Tigers,3,2,596071,Dillon Peters,503449,Wily Peralta,1,31
2021-09-07,632572,Miami Marlins,New York Mets,4,9,665795,Edward Cabrera,471911,Carlos Carrasco,1,4169
2021-09-07,632594,Baltimore Orioles,Kansas City Royals,7,3,649144,Alex Wells,663804,Jackson Kowar,1,2
2021-09-07,632577,New York Yankees,Toronto Blue Jays,1,5,543037,Gerrit Cole,571927,Steven Matz,1,3313
2021-09-07,632588,Boston Red Sox,Tampa Bay Rays,7,12,593958,Eduardo Rodriguez,656876,Drew Rasmussen,1,3
2021-09-07,632583,Atlanta Braves,Washington Nationals,8,5,608331,Max Fried,502179,Paolo Espino,1,4705
2021-09-07,632637,Chicago Cubs,Cincinnati Reds,3,4,592716,Adrian Sampson,489119,Wade Miley,1,17
2021-09-07,632569,Milwaukee Brewers,Philadelphia Phillies,10,0,641778,Eric Lauer,605400,Aaron Nola,1,32
2021-09-07,632558,St. Louis Cardinals,Los Angeles Dodgers,2,7,457918,J.A. Happ,608349,Corey Knebel,1,2889
2021-09-07,632590,Houston Astros,Seattle Mariners,5,4,543606,Jake Odorizzi,669302,Logan Gilbert,1,2392
2021-09-07,632587,Colorado Rockies,San Francisco Giants,3,12,592346,Chi Chi González,657277,Logan Webb,1,19
2021-09-07,632595,Arizona Diamondbacks,Texas Rangers,1,3,668678,Zac Gallen,675921,Spencer Howard,1,15
2021-09-07,632578,Oakland Athletics,Chicago White Sox,3,6,621076,James Kaprielian,669424,Jimmy Lambert,1,10
2021-09-07,632581,San Diego Padres,Los Angeles Angels,0,4,605483,Blake Snell,676050,Packy Naughton,1,2680
2021-09-08,632580,Houston Astros,Seattle Mariners,5,8,664353,José Urquidy,542881,Tyler Anderson,1,2392
2021-09-08,632589,Colorado Rockies,San Francisco Giants,4,7,592351,Jon Gray,543101,Anthony DeSclafani,1,19
2021-09-08,632573,Arizona Diamondbacks,Texas Rangers,5,8,596133,Luke Weaver,685503,Kohei Arihara,1,15
2021-09-08,632579,Cleveland Indians,Minnesota Twins,0,3,663474,Triston McKenzie,657746,Joe Ryan,1,5
2021-09-08,632609,Pittsburgh Pirates,Detroit Tigers,1,5,656605,Mitch Keller,666159,Matt Manning,1,31
2021-09-08,632574,Miami Marlins,New York Mets,2,1,645261,Sandy Alcantara,448179,Rich Hill,1,4169
2021-09-08,632576,Baltimore Orioles,Kansas City Royals,9,8,518774,Matt Harvey,501985,Mike Minor,1,2
2021-09-08,632567,New York Yankees,Toronto Blue Jays,3,6,661563,Luis Gil,666201,Alek Manoah,1,3313
2021-09-08,632575,Boston Red Sox,Tampa Bay Rays,2,1,543135,Nathan Eovaldi,663556,Shane McClanahan,1,3
2021-09-08,632554,Atlanta Braves,Washington Nationals,2,4,657053,Touki Toussaint,543594,Sean Nolin,1,4705
2021-09-08,632566,Chicago Cubs,Cincinnati Reds,4,1,621219,Alec Mills,661269,Vladimir Gutierrez,1,17
2021-09-08,632565,Milwaukee Brewers,Philadelphia Phillies,4,3,642547,Freddy Peralta,502043,Kyle Gibson,1,32
2021-09-08,632643,St. Louis Cardinals,Los Angeles Dodgers,5,4,425794,Adam Wainwright,669952,Mitch White,1,2889
2021-09-08,632631,San Diego Padres,Los Angeles Angels,8,5,506433,Yu Darvish,594577,Mike Mayers,1,2680
2021-09-08,632545,Oakland Athletics,Chicago White Sox,5,1,593423,Frankie Montas,572971,Dallas Keuchel,1,10
2021-09-09,632564,St. Louis Cardinals,Los Angeles Dodgers,2,1,663765,Jake Woodford,664062,Tony Gonsolin,1,2889
2021-09-09,632562,Oakland Athletics,Chicago White Sox,3,1,640455,Sean Manaea,625643,Reynaldo López,1,10
2021-09-09,632561,Cleveland Indians,Minnesota Twins,4,1,615698,Cal Quantrill,452027,Andrew Albers,1,5
2021-09-09,632536,Miami Marlins,New York Mets,3,2,666200,Jesús Luzardo,573186,Marcus Stroman,1,4169
2021-09-09,632556,Baltimore Orioles,Kansas City Royals,0,6,607644,John Means,672578,Carlos Hernández,1,2
2021-09-09,632548,Philadelphia Phillies,Colorado Rockies,3,4,624133,Ranger Suarez,622608,Antonio Senzatela,1,2681
2021-09-09,632546,New York Yankees,Toronto Blue Jays,4,6,641482,Nestor Cortes,621244,José Berríos,1,3313
2021-09-09,632570,Atlanta Braves,Washington Nationals,7,6,660623,Huascar Ynoa,607200,Erick Fedde,1,4705
2021-09-10,632550,Chicago Cubs,San Francisco Giants,1,6,543294,Kyle Hendricks,608678,Dominic Leone,1,17
2021-09-10,632555,Pittsburgh Pirates,Washington Nationals,4,3,643230,Steven Brault,642028,Josh Rogers,1,31
2021-09-10,632563,Baltimore Orioles,Toronto Blue Jays,6,3,595939,Chris Ellis,592662,Robbie Ray,1,2
2021-09-10,632537,Philadelphia Phillies,Colorado Rockies,2,11,656322,Sam Coonrod,608566,Germán Márquez,1,2681
2021-09-10,632543,Detroit Tigers,Tampa Bay Rays,10,4,641302,Tyler Alexander,608379,Michael Wacha,1,2394
2021-09-10,632552,New York Mets,New York Yankees,10,3,656731,Tylor Megill,656756,Jordan Montgomery,1,3289
2021-09-10,632557,Cleveland Indians,Milwaukee Brewers,3,10,669212,Eli Morgan,605288,Adrian Houser,1,5
2021-09-10,632571,Atlanta Braves,Miami Marlins,6,2,666120,Ian Anderson,669432,Trevor Rogers,1,4705
2021-09-10,632549,Houston Astros,Los Angeles Angels,10,5,664285,Framber Valdez,660271,Shohei Ohtani,1,2392
2021-09-10,632541,Minnesota Twins,Kansas City Royals,4,6,643377,Griffin Jax,663738,Daniel Lynch IV,1,3312
2021-09-10,632559,Chicago White Sox,Boston Red Sox,4,3,607074,Carlos Rodón,656557,Tanner Houck,1,4
2021-09-10,632534,St. Louis Cardinals,Cincinnati Reds,2,4,452657,Jon Lester,641816,Tyler Mahle,1,2889
2021-09-10,632544,Oakland Athletics,Texas Rangers,10,5,621112,Paul Blackburn,657248,Glenn Otto Jr.,1,10
2021-09-10,632542,Los Angeles Dodgers,San Diego Padres,3,0,628711,Julio Urías,605397,Joe Musgrove,1,22
2021-09-10,632528,Seattle Mariners,Arizona Diamondbacks,5,4,594835,Marco Gonzales,518516,Madison Bumgarner,1,680
2021-09-11,632547,Chicago Cubs,San Francisco Giants,4,15,605200,Zach Davies,592332,Kevin Gausman,1,17
2021-09-11,632535,Oakland Athletics,Texas Rangers,6,8,608344,Cole Irvin,605138,Wes Benjamin,1,10
2021-09-11,632539,Baltimore Orioles,Toronto Blue Jays,10,11,665152,Dean Kremer,547943,Hyun Jin Ryu,1,2
2021-09-11,633331,Baltimore Orioles,Toronto Blue Jays,2,11,669211,Keegan Akin,641672,Thomas Hatch,2,2
2021-09-11,632540,Philadelphia Phillies,Colorado Rockies,6,1,554430,Zack Wheeler,607536,Kyle Freeland,1,2681
2021-09-11,632515,Detroit Tigers,Tampa Bay Rays,2,7,663554,Casey Mize,502042,Chris Archer,1,2394
2021-09-11,632533,Cleveland Indians,Milwaukee Brewers,0,3,668676,Zach Plesac,669203,Corbin Burnes,1,5
2021-09-11,632501,Pittsburgh Pirates,Washington Nationals,10,7,640444,Wil Crowe,680686,Josiah Gray,1,31
2021-09-11,632529,Houston Astros,Los Angeles Angels,2,4,677651,Luis Garcia,660761,José Suarez,1,2392
2021-09-11,632527,Minnesota Twins,Kansas City Royals,9,2,501381,Michael Pineda,663903,Brady Singer,1,3312
2021-09-11,632531,Chicago White Sox,Boston Red Sox,8,9,656302,Dylan Cease,657756,Connor Seabold,1,4
2021-09-11,632525,St. Louis Cardinals,Cincinnati Reds,6,4,571945,Miles Mikolas,622491,Luis Castillo,1,2889
2021-09-11,632538,Atlanta Braves,Miami Marlins,4,6,450203,Charlie Morton,622694,Elieser Hernández,1,4705
2021-09-11,632551,New York Mets,New York Yankees,7,8,592836,Taijuan Walker,446372,Corey Kluber,1,3289
2021-09-11,632530,Los Angeles Dodgers,San Diego Padres,5,4,621111,Walker Buehler,663978,Chris Paddack,1,22
2021-09-11,632517,Seattle Mariners,Arizona Diamondbacks,3,7,623167,Chris Flexen,528748,Humberto Castellanos,1,680
2021-09-12,632512,Detroit Tigers,Tampa Bay Rays,8,7,669373,Tarik Skubal,672715,Luis Patiño,1,2394
2021-09-12,632526,Pittsburgh Pirates,Washington Nationals,2,6,669060,Bryse Wilson,571578,Patrick Corbin,1,31
2021-09-12,632498,Baltimore Orioles,Toronto Blue Jays,7,22,675912,Zac Lowther,571927,Steven Matz,1,2
2021-09-12,632514,Philadelphia Phillies,Colorado Rockies,4,5,605400,Aaron Nola,663372,Ryan Feltner,1,2681
2021-09-12,632510,Cleveland Indians,Milwaukee Brewers,1,11,650644,Aaron Civale,641778,Eric Lauer,1,5
2021-09-12,632523,Atlanta Braves,Miami Marlins,5,3,608331,Max Fried,665795,Edward Cabrera,1,4705
2021-09-12,632532,Houston Astros,Los Angeles Angels,3,1,621121,Lance McCullers Jr.,642545,Jaime Barria,1,2392
2021-09-12,632519,Minnesota Twins,Kansas City Royals,3,5,641927,Bailey Ober,663460,Kris Bubic,1,3312
2021-09-12,632513,Chicago White Sox,Boston Red Sox,2,1,458681,Lance Lynn,601713,Nick Pivetta,1,4
2021-09-12,632516,St. Louis Cardinals,Cincinnati Reds,2,0,457918,J.A. Happ,543243,Sonny Gray,1,2889
2021-09-12,632508,Chicago Cubs,San Francisco Giants,5,6,657006,Justin Steele,657277,Logan Webb,1,17
2021-09-12,632553,Oakland Athletics,Texas Rangers,3,4,621076,James Kaprielian,621368,Taylor Hearn,1,10
2021-09-12,632568,Los Angeles Dodgers,San Diego Padres,8,0,453286,Max Scherzer,605483,Blake Snell,1,22
2021-09-12,632524,Seattle Mariners,Arizona Diamondbacks,4,5,579328,Yusei Kikuchi,656457,Tyler Gilbert,1,680
2021-09-12,632522,New York Mets,New York Yankees,7,6,471911,Carlos Carrasco,657376,Clarke Schmidt,1,3289
2021-09-13,632730,New York Yankees,Minnesota Twins,6,5,661563,Luis Gil,607231,John Gant,1,3313
2021-09-13,632518,Washington Nationals,Miami Marlins,0,3,502179,Paolo Espino,645261,Sandy Alcantara,1,3309
2021-09-13,632489,Toronto Blue Jays,Tampa Bay Rays,8,1,666201,Alek Manoah,543521,Collin McHugh,1,14
2021-09-13,632478,New York Mets,St. Louis Cardinals,0,7,448179,Rich Hill,425794,Adam Wainwright,1,3289
2021-09-13,632502,Texas Rangers,Houston Astros,1,15,675921,Spencer Howard,543606,Jake Odorizzi,1,5325
2021-09-13,632520,San Francisco Giants,San Diego Padres,9,1,608678,Dominic Leone,506433,Yu Darvish,1,2395
2021-09-13,632509,Los Angeles Dodgers,Arizona Diamondbacks,5,1,477132,Clayton Kershaw,668678,Zac Gallen,1,22
2021-09-13,632507,Seattle Mariners,Boston Red Sox,5,4,669302,Logan Gilbert,593958,Eduardo Rodriguez,1,680
2021-09-14,633581,Minnesota Twins,Cleveland Indians,1,3,657746,Joe Ryan,663474,Triston McKenzie,1,3312
2021-09-14,632493,Minnesota Twins,Cleveland Indians,6,3,656212,Charlie Barnes,663531,Logan Allen,2,3312
2021-09-14,632503,Pittsburgh Pirates,Cincinnati Reds,6,5,596071,Dillon Peters,489119,Wade Miley,1,31
2021-09-14,632499,Detroit Tigers,Milwaukee Brewers,1,0,503449,Wily Peralta,642547,Freddy Peralta,1,2394
2021-09-14,632495,Philadelphia Phillies,Chicago Cubs,3,6,502043,Kyle Gibson,592716,Adrian Sampson,1,2681
2021-09-14,632496,Washington Nationals,Miami Marlins,8,2,607200,Erick Fedde,666200,Jesús Luzardo,1,3309
2021-09-14,632500,Baltimore Orioles,New York Yankees,2,7,649144,Alex Wells,543037,Gerrit Cole,1,2
2021-09-14,632497,Toronto Blue Jays,Tampa Bay Rays,0,2,621244,José Berríos,656876,Drew Rasmussen,1,14
2021-09-14,632492,New York Mets,St. Louis Cardinals,6,7,573186,Marcus Stroman,663765,Jake Woodford,1,3289
2021-09-14,632504,Atlanta Braves,Colorado Rockies,4,5,657053,Touki Toussaint,592351,Jon Gray,1,4705
2021-09-14,632482,Texas Rangers,Houston Astros,8,1,543475,Jordan Lyles,425844,Zack Greinke,1,5325
2021-09-14,632511,Kansas City Royals,Oakland Athletics,10,7,663804,Jackson Kowar,593423,Frankie Montas,1,7
2021-09-14,632506,Chicago White Sox,Los Angeles Angels,9,3,608337,Lucas Giolito,676050,Packy Naughton,1,4
2021-09-14,632491,San Francisco Giants,San Diego Padres,6,1,543101,Anthony DeSclafani,453562,Jake Arrieta,1,2395
2021-09-14,632505,Los Angeles Dodgers,Arizona Diamondbacks,8,4,664062,Tony Gonsolin,596133,Luke Weaver,1,22
2021-09-14,632480,Seattle Mariners,Boston Red Sox,4,8,542881,Tyler Anderson,543135,Nathan Eovaldi,1,680
2021-09-15,632477,Washington Nationals,Miami Marlins,6,8,642028,Josh Rogers,669432,Trevor Rogers,1,3309
2021-09-15,632479,Detroit Tigers,Milwaukee Brewers,4,1,666159,Matt Manning,605540,Brandon Woodruff,1,2394
2021-09-15,632483,Toronto Blue Jays,Tampa Bay Rays,6,3,592662,Robbie Ray,608379,Michael Wacha,1,14
2021-09-15,632481,Seattle Mariners,Boston Red Sox,4,9,594835,Marco Gonzales,656557,Tanner Houck,1,680
2021-09-15,632487,Pittsburgh Pirates,Cincinnati Reds,5,4,656605,Mitch Keller,661269,Vladimir Gutierrez,1,31
2021-09-15,632486,Philadelphia Phillies,Chicago Cubs,6,5,624133,Ranger Suarez,621219,Alec Mills,1,2681
2021-09-15,632494,Baltimore Orioles,New York Yankees,3,4,607644,John Means,641482,Nestor Cortes,1,2
2021-09-15,632521,New York Mets,St. Louis Cardinals,4,11,656731,Tylor Megill,452657,Jon Lester,1,3289
2021-09-15,632465,Atlanta Braves,Colorado Rockies,2,3,660623,Huascar Ynoa,622608,Antonio Senzatela,1,4705
2021-09-15,632463,Minnesota Twins,Cleveland Indians,3,12,643377,Griffin Jax,615698,Cal Quantrill,1,3312
2021-09-15,632485,Texas Rangers,Houston Astros,2,7,685503,Kohei Arihara,664353,José Urquidy,1,5325
2021-09-15,632471,Kansas City Royals,Oakland Athletics,10,12,672578,Carlos Hernández,640455,Sean Manaea,1,7
2021-09-15,632490,Chicago White Sox,Los Angeles Angels,2,3,572971,Dallas Keuchel,676083,Janson Junk,1,4
2021-09-15,632464,San Francisco Giants,San Diego Padres,6,9,608678,Dominic Leone,605397,Joe Musgrove,1,2395
2021-09-15,632484,Los Angeles Dodgers,Arizona Diamondbacks,5,3,628711,Julio Urías,518876,Merrill Kelly,1,22
2021-09-16,632462,Pittsburgh Pirates,Cincinnati Reds,0,1,656818,Connor Overton,641816,Tyler Mahle,1,31
2021-09-16,632468,Kansas City Royals,Oakland Athletics,2,7,663738,Daniel Lynch IV,621112,Paul Blackburn,1,7
2021-09-16,632476,Chicago White Sox,Los Angeles Angels,3,9,625643,Reynaldo López,502171,Alex Cobb,1,4
2021-09-16,632473,San Francisco Giants,San Diego Padres,4,7,592332,Kevin Gausman,572955,Pierce Johnson,1,2395
2021-09-16,632452,Baltimore Orioles,New York Yankees,3,2,595939,Chris Ellis,656756,Jordan Montgomery,1,2
2021-09-16,632475,Philadelphia Phillies,Chicago Cubs,17,8,592135,Cam Bedrosian,543294,Kyle Hendricks,1,2681
2021-09-16,632474,Tampa Bay Rays,Detroit Tigers,5,2,545343,Louis Head,641302,Tyler Alexander,1,12
2021-09-16,632472,Texas Rangers,Houston Astros,1,12,657248,Glenn Otto Jr.,677651,Luis Garcia,1,5325
2021-09-17,632450,Washington Nationals,Colorado Rockies,8,9,680686,Josiah Gray,608566,Germán Márquez,1,3309
2021-09-17,632458,New York Yankees,Cleveland Indians,8,0,446372,Corey Kluber,668676,Zach Plesac,1,3313
2021-09-17,632430,Toronto Blue Jays,Minnesota Twins,3,7,547943,Hyun Jin Ryu,501381,Michael Pineda,1,14
2021-09-17,632454,Boston Red Sox,Baltimore Orioles,7,1,519242,Chris Sale,669211,Keegan Akin,1,3
2021-09-17,632470,Cincinnati Reds,Los Angeles Dodgers,3,1,622491,Luis Castillo,621111,Walker Buehler,1,2602
2021-09-17,632440,Tampa Bay Rays,Detroit Tigers,7,4,672715,Luis Patiño,663554,Casey Mize,1,12
2021-09-17,632467,New York Mets,Philadelphia Phillies,3,4,592836,Taijuan Walker,554430,Zack Wheeler,1,3289
2021-09-17,632460,Miami Marlins,Pittsburgh Pirates,1,2,622694,Elieser Hernández,640444,Wil Crowe,1,4169
2021-09-17,632459,Texas Rangers,Chicago White Sox,0,8,621368,Taylor Hearn,656302,Dylan Cease,1,5325
2021-09-17,632469,Houston Astros,Arizona Diamondbacks,4,3,656232,Brandon Bielak,518516,Madison Bumgarner,1,2392
2021-09-17,632445,Kansas City Royals,Seattle Mariners,2,6,669169,Jonathan Heasley,623167,Chris Flexen,1,7
2021-09-17,632461,Milwaukee Brewers,Chicago Cubs,8,5,605288,Adrian Houser,605200,Zach Davies,1,32
2021-09-17,632436,St. Louis Cardinals,San Diego Padres,8,2,571945,Miles Mikolas,592826,Vince Velasquez,1,2889
2021-09-17,632466,Los Angeles Angels,Oakland Athletics,4,5,646242,Jhonathan Díaz,608344,Cole Irvin,1,1
2021-09-17,632453,San Francisco Giants,Atlanta Braves,6,5,657277,Logan Webb,666120,Ian Anderson,1,2395
2021-09-18,632441,New York Yankees,Cleveland Indians,3,11,661563,Luis Gil,650644,Aaron Civale,1,3313
2021-09-18,632451,Boston Red Sox,Baltimore Orioles,9,3,601713,Nick Pivetta,675912,Zac Lowther,1,3
2021-09-18,632455,Cincinnati Reds,Los Angeles Dodgers,1,5,543243,Sonny Gray,453286,Max Scherzer,1,2602
2021-09-18,632431,Toronto Blue Jays,Minnesota Twins,6,2,571927,Steven Matz,641927,Bailey Ober,1,14
2021-09-18,632417,Washington Nationals,Colorado Rockies,0,6,571578,Patrick Corbin,607536,Kyle Freeland,1,3309
2021-09-18,632427,Tampa Bay Rays,Detroit Tigers,3,4,642232,Ryan Yarbrough,669373,Tarik Skubal,1,12
2021-09-18,632448,Miami Marlins,Pittsburgh Pirates,3,6,665795,Edward Cabrera,669060,Bryse Wilson,1,4169
2021-09-18,632439,Texas Rangers,Chicago White Sox,2,1,675921,Spencer Howard,458681,Lance Lynn,1,5325
2021-09-18,632456,Houston Astros,Arizona Diamondbacks,4,6,621121,Lance McCullers Jr.,528748,Humberto Castellanos,1,2392
2021-09-18,632449,Kansas City Royals,Seattle Mariners,8,1,663460,Kris Bubic,579328,Yusei Kikuchi,1,7
2021-09-18,632488,St. Louis Cardinals,San Diego Padres,3,2,425794,Adam Wainwright,506433,Yu Darvish,1,2889
2021-09-18,632447,New York Mets,Philadelphia Phillies,3,5,471911,Carlos Carrasco,605400,Aaron Nola,1,3289
2021-09-18,632425,Milwaukee Brewers,Chicago Cubs,6,4,669203,Corbin Burnes,657006,Justin Steele,1,32
2021-09-18,632442,San Francisco Giants,Atlanta Braves,2,0,622072,Alex Wood,450203,Charlie Morton,1,2395
2021-09-18,632444,Los Angeles Angels,Oakland Athletics,1,3,660761,José Suarez,621076,James Kaprielian,1,1
2021-09-19,632438,Washington Nationals,Colorado Rockies,3,0,502179,Paolo Espino,592351,Jon Gray,1,3309
2021-09-19,632380,New York Yankees,Cleveland Indians,1,11,543037,Gerrit Cole,669212,Eli Morgan,1,3313
2021-09-19,632446,Toronto Blue Jays,Minnesota Twins,5,3,621244,José Berríos,608652,Luke Farrell,1,14
2021-09-19,632419,Boston Red Sox,Baltimore Orioles,8,6,543135,Nathan Eovaldi,649144,Alex Wells,1,3
2021-09-19,632432,Cincinnati Reds,Los Angeles Dodgers,5,8,489119,Wade Miley,477132,Clayton Kershaw,1,2602
2021-09-19,632421,Tampa Bay Rays,Detroit Tigers,0,2,663556,Shane McClanahan,503449,Wily Peralta,1,12
2021-09-19,632411,Miami Marlins,Pittsburgh Pirates,6,5,645261,Sandy Alcantara,668820,Max Kranick,1,4169
2021-09-19,632422,Houston Astros,Arizona Diamondbacks,7,6,425844,Zack Greinke,668678,Zac Gallen,1,2392
2021-09-19,632416,Kansas City Royals,Seattle Mariners,1,7,663804,Jackson Kowar,669302,Logan Gilbert,1,7
2021-09-19,632413,Milwaukee Brewers,Chicago Cubs,4,6,641778,Eric Lauer,624522,Keegan Thompson,1,32
2021-09-19,632443,St. Louis Cardinals,San Diego Padres,8,7,457918,J.A. Happ,453562,Jake Arrieta,1,2889
2021-09-19,632434,Texas Rangers,Chicago White Sox,2,7,543475,Jordan Lyles,608337,Lucas Giolito,1,5325
2021-09-19,632433,San Francisco Giants,Atlanta Braves,0,3,543101,Anthony DeSclafani,608331,Max Fried,1,2395
2021-09-19,632420,Los Angeles Angels,Oakland Athletics,2,3,660271,Shohei Ohtani,593423,Frankie Montas,1,1
2021-09-19,632407,New York Mets,Philadelphia Phillies,3,2,448179,Rich Hill,502043,Kyle Gibson,1,3289
2021-09-20,632437,Cleveland Indians,Kansas City Royals,2,7,663474,Triston McKenzie,663903,Brady Singer,1,5
2021-09-20,633394,Cleveland Indians,Kansas City Royals,2,4,621295,Nick Wittgren,606303,Joel Payamps,2,5
2021-09-20,632435,Cincinnati Reds,Pittsburgh Pirates,9,5,661269,Vladimir Gutierrez,596071,Dillon Peters,1,2602
2021-09-20,632423,Detroit Tigers,Chicago White Sox,4,3,666159,Matt Manning,607074,Carlos Rodón,1,2394
2021-09-20,632408,Miami Marlins,Washington Nationals,8,7,666200,Jesús Luzardo,607200,Erick Fedde,1,4169
2021-09-20,632429,Philadelphia Phillies,Baltimore Orioles,0,2,624133,Ranger Suarez,607644,John Means,1,2681
2021-09-20,632414,New York Yankees,Texas Rangers,4,3,641482,Nestor Cortes,669935,A.J. Alexy,1,3313
2021-09-20,632406,Tampa Bay Rays,Toronto Blue Jays,6,4,669358,Shane Baz,592662,Robbie Ray,1,12
2021-09-20,632415,Milwaukee Brewers,St. Louis Cardinals,2,5,642547,Freddy Peralta,452657,Jon Lester,1,32
2021-09-20,632424,Los Angeles Angels,Houston Astros,0,10,642545,Jaime Barria,664285,Framber Valdez,1,1
2021-09-20,632412,Oakland Athletics,Seattle Mariners,2,4,640455,Sean Manaea,542881,Tyler Anderson,1,10
2021-09-20,632426,Arizona Diamondbacks,Atlanta Braves,4,11,650668,Humberto Mejía,660623,Huascar Ynoa,1,15
2021-09-21,632405,Detroit Tigers,Chicago White Sox,5,3,641302,Tyler Alexander,572971,Dallas Keuchel,1,2394
2021-09-21,632398,Cleveland Indians,Kansas City Royals,4,1,615698,Cal Quantrill,663738,Daniel Lynch IV,1,5
2021-09-21,632403,Cincinnati Reds,Pittsburgh Pirates,2,6,641816,Tyler Mahle,656605,Mitch Keller,1,2602
2021-09-21,632379,Miami Marlins,Washington Nationals,1,7,669432,Trevor Rogers,642028,Josh Rogers,1,4169
2021-09-21,632402,Philadelphia Phillies,Baltimore Orioles,3,2,658431,Adonis Medina,641632,Conner Greene,1,2681
2021-09-21,632396,New York Yankees,Texas Rangers,7,1,656756,Jordan Montgomery,641540,Dane Dunning,1,3313
2021-09-21,632410,Boston Red Sox,New York Mets,6,3,593958,Eduardo Rodriguez,573186,Marcus Stroman,1,3
2021-09-21,632391,Tampa Bay Rays,Toronto Blue Jays,2,4,656876,Drew Rasmussen,666201,Alek Manoah,1,12
2021-09-21,632404,Chicago Cubs,Minnesota Twins,5,9,621219,Alec Mills,643377,Griffin Jax,1,17
2021-09-21,632397,Milwaukee Brewers,St. Louis Cardinals,1,2,605540,Brandon Woodruff,663765,Jake Woodford,1,32
2021-09-21,632399,Colorado Rockies,Los Angeles Dodgers,4,5,622608,Antonio Senzatela,628711,Julio Urías,1,19
2021-09-21,632418,Los Angeles Angels,Houston Astros,5,10,676050,Packy Naughton,664353,José Urquidy,1,1
2021-09-21,632401,Oakland Athletics,Seattle Mariners,2,5,621112,Paul Blackburn,594835,Marco Gonzales,1,10
2021-09-21,632428,Arizona Diamondbacks,Atlanta Braves,1,6,596133,Luke Weaver,445926,Jesse Chavez,1,15
2021-09-21,632378,San Diego Padres,San Francisco Giants,5,6,605397,Joe Musgrove,592332,Kevin Gausman,1,2680
2021-09-22,632377,Tampa Bay Rays,Toronto Blue Jays,7,1,672715,Luis Patiño,657240,Julian Merryweather,1,12
2021-09-22,632385,Miami Marlins,Washington Nationals,5,7,622694,Elieser Hernández,680686,Josiah Gray,1,4169
2021-09-22,632382,Philadelphia Phillies,Baltimore Orioles,4,3,554430,Zack Wheeler,669211,Keegan Akin,1,2681
2021-09-22,632381,New York Yankees,Texas Rangers,7,3,446372,Corey Kluber,621368,Taylor Hearn,1,3313
2021-09-22,632389,Boston Red Sox,New York Mets,12,5,519242,Chris Sale,592836,Taijuan Walker,1,3
2021-09-22,632400,Chicago Cubs,Minnesota Twins,4,5,543294,Kyle Hendricks,657746,Joe Ryan,1,17
2021-09-22,632386,Milwaukee Brewers,St. Louis Cardinals,2,10,474463,Brett Anderson,571945,Miles Mikolas,1,32
2021-09-22,632394,Colorado Rockies,Los Angeles Dodgers,10,5,608566,Germán Márquez,621111,Walker Buehler,1,19
2021-09-22,632395,Los Angeles Angels,Houston Astros,5,9,676083,Janson Junk,677651,Luis Garcia,1,1
2021-09-22,632383,Oakland Athletics,Seattle Mariners,1,4,608344,Cole Irvin,623167,Chris Flexen,1,10
2021-09-22,632392,Arizona Diamondbacks,Atlanta Braves,2,9,518876,Merrill Kelly,666120,Ian Anderson,1,15
2021-09-22,632384,San Diego Padres,San Francisco Giants,6,8,592826,Vince Velasquez,431148,Scott Kazmir,1,2680
2021-09-23,633866,Cleveland Indians,Chicago White Sox,2,7,650644,Aaron Civale,625643,Reynaldo López,1,5
2021-09-23,632372,Cleveland Indians,Chicago White Sox,5,3,668676,Zach Plesac,656629,Michael Kopech,2,5
2021-09-23,632367,Milwaukee Brewers,St. Louis Cardinals,5,8,605288,Adrian Houser,425794,Adam Wainwright,1,32
2021-09-23,632376,Colorado Rockies,Los Angeles Dodgers,5,7,607536,Kyle Freeland,453286,Max Scherzer,1,19
2021-09-23,632368,Oakland Athletics,Seattle Mariners,5,6,605135,Chris Bassitt,579328,Yusei Kikuchi,1,10
2021-09-23,632374,Arizona Diamondbacks,Atlanta Braves,6,4,518516,Madison Bumgarner,450203,Charlie Morton,1,15
2021-09-23,632370,San Diego Padres,San Francisco Giants,7,6,506433,Yu Darvish,657277,Logan Webb,1,2680
2021-09-23,632387,Cincinnati Reds,Washington Nationals,2,3,622491,Luis Castillo,571578,Patrick Corbin,1,2602
2021-09-23,632390,Baltimore Orioles,Texas Rangers,3,0,675912,Zac Lowther,657248,Glenn Otto Jr.,1,2
2021-09-23,632365,Philadelphia Phillies,Pittsburgh Pirates,12,6,605400,Aaron Nola,656818,Connor Overton,1,2681
2021-09-23,632375,Minnesota Twins,Toronto Blue Jays,7,2,501381,Michael Pineda,571927,Steven Matz,1,3312
2021-09-23,632371,Los Angeles Angels,Houston Astros,3,2,502171,Alex Cobb,621121,Lance McCullers Jr.,1,1
2021-09-24,632339,Chicago Cubs,St. Louis Cardinals,5,8,657006,Justin Steele,457918,J.A. Happ,1,17
2021-09-24,633337,Chicago Cubs,St. Louis Cardinals,4,12,605200,Zach Davies,656427,Jack Flaherty,2,17
2021-09-24,632369,Baltimore Orioles,Texas Rangers,5,8,649144,Alex Wells,675921,Spencer Howard,1,2
2021-09-24,632360,Philadelphia Phillies,Pittsburgh Pirates,8,6,502043,Kyle Gibson,607572,Sam Howard,1,2681
2021-09-24,632361,Detroit Tigers,Kansas City Royals,1,3,663554,Casey Mize,672578,Carlos Hernández,1,2394
2021-09-24,632364,Cincinnati Reds,Washington Nationals,8,7,543243,Sonny Gray,502179,Paolo Espino,1,2602
2021-09-24,632363,Cleveland Indians,Chicago White Sox,0,1,669456,Shane Bieber,656302,Dylan Cease,1,5
2021-09-24,632358,Tampa Bay Rays,Miami Marlins,8,0,502085,David Robertson,665795,Edward Cabrera,1,12
2021-09-24,632373,Boston Red Sox,New York Yankees,3,8,543135,Nathan Eovaldi,543037,Gerrit Cole,1,3
2021-09-24,632362,Colorado Rockies,San Francisco Giants,2,7,663567,Peter Lambert,622072,Alex Wood,1,19
2021-09-24,632357,Minnesota Twins,Toronto Blue Jays,3,1,641927,Bailey Ober,621244,José Berríos,1,3312
2021-07-21,633224,Atlanta Braves,San Diego Padres,5,6,669060,Bryse Wilson,663753,Reiss Knehr,2,2680
2021-09-24,632366,Milwaukee Brewers,New York Mets,5,1,641778,Eric Lauer,656731,Tylor Megill,1,32
2021-09-24,632359,Los Angeles Angels,Seattle Mariners,5,6,660761,José Suarez,669302,Logan Gilbert,1,1
2021-09-24,632340,Arizona Diamondbacks,Los Angeles Dodgers,2,4,528748,Humberto Castellanos,664062,Tony Gonsolin,1,15
2021-09-24,632356,Oakland Athletics,Houston Astros,14,2,593423,Frankie Montas,656232,Brandon Bielak,1,10
2021-09-24,632352,San Diego Padres,Atlanta Braves,0,4,663753,Reiss Knehr,608331,Max Fried,1,2680
2021-09-25,632351,Chicago Cubs,St. Louis Cardinals,5,8,592716,Adrian Sampson,452657,Jon Lester,1,17
2021-09-25,632341,Philadelphia Phillies,Pittsburgh Pirates,3,0,624133,Ranger Suarez,640444,Wil Crowe,1,2681
2021-09-25,632342,Oakland Athletics,Houston Astros,2,1,640455,Sean Manaea,664285,Framber Valdez,1,10
2021-09-25,632354,Boston Red Sox,New York Yankees,3,5,601713,Nick Pivetta,641482,Nestor Cortes,1,3
2021-09-25,632347,Detroit Tigers,Kansas City Royals,5,1,669373,Tarik Skubal,669169,Jonathan Heasley,1,2394
2021-09-25,632335,Tampa Bay Rays,Miami Marlins,7,3,663556,Shane McClanahan,645261,Sandy Alcantara,1,12
2021-09-25,632355,Baltimore Orioles,Texas Rangers,3,2,595939,Chris Ellis,543475,Jordan Lyles,1,2
2021-09-25,632338,Cincinnati Reds,Washington Nationals,7,6,661269,Vladimir Gutierrez,607200,Erick Fedde,1,2602
2021-09-25,632350,Minnesota Twins,Toronto Blue Jays,1,6,607231,John Gant,592662,Robbie Ray,1,3312
2021-09-25,632346,Milwaukee Brewers,New York Mets,2,1,669203,Corbin Burnes,448179,Rich Hill,1,32
2021-09-25,632343,San Diego Padres,Atlanta Braves,8,10,592826,Vince Velasquez,660623,Huascar Ynoa,1,2680
2021-09-25,632348,Cleveland Indians,Chicago White Sox,6,0,669212,Eli Morgan,458681,Lance Lynn,1,5
2021-09-25,632353,Arizona Diamondbacks,Los Angeles Dodgers,7,2,668678,Zac Gallen,477132,Clayton Kershaw,1,15
2021-09-25,632349,Colorado Rockies,San Francisco Giants,2,7,592351,Jon Gray,543101,Anthony DeSclafani,1,19
2021-09-25,632344,Los Angeles Angels,Seattle Mariners,14,1,642545,Jaime Barria,542881,Tyler Anderson,1,1
2021-09-26,632326,Detroit Tigers,Kansas City Royals,1,2,503449,Wily Peralta,663460,Kris Bubic,1,2394
2021-09-26,632334,Baltimore Orioles,Texas Rangers,4,7,607644,John Means,641540,Dane Dunning,1,2
2021-09-26,632329,Philadelphia Phillies,Pittsburgh Pirates,0,6,668968,Hans Crouse,668820,Max Kranick,1,2681
2021-09-26,632333,Cincinnati Reds,Washington Nationals,9,2,641816,Tyler Mahle,642028,Josh Rogers,1,2602
2021-09-26,632330,Cleveland Indians,Chicago White Sox,2,5,663474,Triston McKenzie,608337,Lucas Giolito,1,5
2021-09-26,632290,Tampa Bay Rays,Miami Marlins,3,2,669358,Shane Baz,666200,Jesús Luzardo,1,12
2021-09-26,632336,Minnesota Twins,Toronto Blue Jays,2,5,643377,Griffin Jax,666201,Alek Manoah,1,3312
2021-09-26,632328,Milwaukee Brewers,New York Mets,8,4,642547,Freddy Peralta,471911,Carlos Carrasco,1,32
2021-09-26,632332,Chicago Cubs,St. Louis Cardinals,2,4,624522,Keegan Thompson,663765,Jake Woodford,1,17
2021-09-26,632331,Colorado Rockies,San Francisco Giants,2,6,622608,Antonio Senzatela,592332,Kevin Gausman,1,19
2021-09-26,632324,Oakland Athletics,Houston Astros,4,3,621112,Paul Blackburn,543606,Jake Odorizzi,1,10
2021-09-26,632327,Los Angeles Angels,Seattle Mariners,1,5,660271,Shohei Ohtani,594835,Marco Gonzales,1,1
2021-09-26,632337,Arizona Diamondbacks,Los Angeles Dodgers,0,3,650668,Humberto Mejía,628711,Julio Urías,1,15
2021-09-26,632325,San Diego Padres,Atlanta Braves,3,4,605397,Joe Musgrove,445926,Jesse Chavez,1,2680
2021-09-26,632345,Boston Red Sox,New York Yankees,3,6,593958,Eduardo Rodriguez,656756,Jordan Montgomery,1,3
2021-09-27,632409,Cleveland Indians,Kansas City Royals,8,3,615698,Cal Quantrill,663804,Jackson Kowar,1,5
2021-09-27,632388,Cincinnati Reds,Pittsburgh Pirates,13,1,665665,Reiver Sanmartin,656818,Connor Overton,1,2602
2021-09-27,632393,Detroit Tigers,Chicago White Sox,7,8,666159,Matt Manning,572971,Dallas Keuchel,1,2394
2021-09-27,632319,Colorado Rockies,Washington Nationals,4,5,608566,Germán Márquez,680686,Josiah Gray,1,19
2021-09-27,632323,Seattle Mariners,Oakland Athletics,13,4,623167,Chris Flexen,608344,Cole Irvin,1,680
2021-09-28,632311,New York Mets,Miami Marlins,5,2,573186,Marcus Stroman,605507,Zach Thompson,1,3289
2021-09-28,632666,New York Mets,Miami Marlins,2,1,592789,Noah Syndergaard,669432,Trevor Rogers,2,3289
2021-09-28,632313,Pittsburgh Pirates,Chicago Cubs,8,6,656605,Mitch Keller,621219,Alec Mills,1,31
2021-09-28,632317,Baltimore Orioles,Boston Red Sox,4,2,669145,Bruce Zimmermann,519242,Chris Sale,1,2
2021-09-28,632288,Toronto Blue Jays,New York Yankees,2,7,547943,Hyun Jin Ryu,592791,Jameson Taillon,1,14
2021-09-28,632320,Atlanta Braves,Philadelphia Phillies,2,1,450203,Charlie Morton,554430,Zack Wheeler,1,4705
2021-09-28,632289,Minnesota Twins,Detroit Tigers,3,2,656212,Charlie Barnes,641302,Tyler Alexander,1,3312
2021-09-28,632314,St. Louis Cardinals,Milwaukee Brewers,6,2,425794,Adam Wainwright,605540,Brandon Woodruff,1,2889
2021-09-28,632308,Texas Rangers,Los Angeles Angels,5,2,669935,A.J. Alexy,676050,Packy Naughton,1,5325
2021-09-28,632315,Kansas City Royals,Cleveland Indians,6,4,663903,Brady Singer,650644,Aaron Civale,1,7
2021-09-28,632316,Houston Astros,Tampa Bay Rays,4,3,664353,José Urquidy,608379,Michael Wacha,1,2392
2021-09-28,632321,Chicago White Sox,Cincinnati Reds,7,1,625643,Reynaldo López,676617,Riley O'Brien,1,4
2021-09-28,632322,Colorado Rockies,Washington Nationals,3,1,607536,Kyle Freeland,571578,Patrick Corbin,1,19
2021-09-28,632307,San Francisco Giants,Arizona Diamondbacks,6,4,657277,Logan Webb,596133,Luke Weaver,1,2395
2021-09-28,632318,Los Angeles Dodgers,San Diego Padres,2,1,621111,Walker Buehler,506433,Yu Darvish,1,22
2021-09-28,632312,Seattle Mariners,Oakland Athletics,4,2,542881,Tyler Anderson,605135,Chris Bassitt,1,680
2021-09-29,632310,Colorado Rockies,Washington Nationals,10,5,663567,Peter Lambert,502179,Paolo Espino,1,19
2021-09-29,632287,Pittsburgh Pirates,Chicago Cubs,2,3,672710,Roansy Contreras,543294,Kyle Hendricks,1,31
2021-09-29,632309,Baltimore Orioles,Boston Red Sox,0,6,675912,Zac Lowther,543135,Nathan Eovaldi,1,2
2021-09-29,632296,Toronto Blue Jays,New York Yankees,6,5,621244,José Berríos,543037,Gerrit Cole,1,14
2021-09-29,632303,New York Mets,Miami Marlins,2,3,592836,Taijuan Walker,622694,Elieser Hernández,1,3289
2021-09-29,632306,Atlanta Braves,Philadelphia Phillies,7,2,608331,Max Fried,605400,Aaron Nola,1,4705
2021-09-29,632300,Minnesota Twins,Detroit Tigers,5,2,501381,Michael Pineda,663554,Casey Mize,1,3312
2021-09-29,632301,St. Louis Cardinals,Milwaukee Brewers,0,4,571945,Miles Mikolas,605288,Adrian Houser,1,2889
2021-09-29,632295,Texas Rangers,Los Angeles Angels,2,7,621368,Taylor Hearn,676083,Janson Junk,1,5325
2021-09-29,632302,Kansas City Royals,Cleveland Indians,10,5,663738,Daniel Lynch IV,668676,Zach Plesac,1,7
2021-09-29,632305,Houston Astros,Tampa Bay Rays,0,7,677651,Luis Garcia,656876,Drew Rasmussen,1,2392
2021-09-29,632304,Chicago White Sox,Cincinnati Reds,6,1,607074,Carlos Rodón,543243,Sonny Gray,1,4
2021-09-29,632298,San Francisco Giants,Arizona Diamondbacks,1,0,622072,Alex Wood,518876,Merrill Kelly,1,2395
2021-09-29,632297,Los Angeles Dodgers,San Diego Padres,11,9,453286,Max Scherzer,677960,Ryan Weathers,1,22
2021-09-29,632299,Seattle Mariners,Oakland Athletics,4,2,669302,Logan Gilbert,593423,Frankie Montas,1,680
2021-09-30,632281,St. Louis Cardinals,Milwaukee Brewers,4,3,457918,J.A. Happ,474463,Brett Anderson,1,2889
2021-09-30,632275,Texas Rangers,Los Angeles Angels,7,6,657248,Glenn Otto Jr.,502171,Alex Cobb,1,5325
2021-09-30,632286,Pittsburgh Pirates,Chicago Cubs,0,9,664337,Miguel Yajure,657006,Justin Steele,1,31
2021-09-30,632294,Baltimore Orioles,Boston Red Sox,6,2,649144,Alex Wells,601713,Nick Pivetta,1,2
2021-09-30,632280,Toronto Blue Jays,New York Yankees,2,6,592662,Robbie Ray,446372,Corey Kluber,1,14
2021-09-30,632292,Houston Astros,Tampa Bay Rays,3,2,621121,Lance McCullers Jr.,543521,Collin McHugh,1,2392
2021-09-30,632283,New York Mets,Miami Marlins,12,3,448179,Rich Hill,665795,Edward Cabrera,1,3289
2021-09-30,632293,Atlanta Braves,Philadelphia Phillies,5,3,666120,Ian Anderson,502043,Kyle Gibson,1,4705
2021-09-30,632285,Minnesota Twins,Detroit Tigers,7,10,657746,Joe Ryan,669373,Tarik Skubal,1,3312
2021-09-30,632284,Kansas City Royals,Cleveland Indians,1,6,672582,Angel Zerpa,669456,Shane Bieber,1,7
2021-09-30,632278,San Francisco Giants,Arizona Diamondbacks,5,4,431148,Scott Kazmir,518516,Madison Bumgarner,1,2395
2021-09-30,632291,Los Angeles Dodgers,San Diego Padres,8,3,664062,Tony Gonsolin,592826,Vince Velasquez,1,22
2021-10-01,632250,Pittsburgh Pirates,Cincinnati Reds,9,2,640444,Wil Crowe,622491,Luis Castillo,1,31
2021-10-01,632261,Washington Nationals,Boston Red Sox,2,4,642028,Josh Rogers,593958,Eduardo Rodriguez,1,3309
2021-10-01,632282,New York Yankees,Tampa Bay Rays,3,4,641482,Nestor Cortes,663556,Shane McClanahan,1,3313
2021-10-01,632268,Toronto Blue Jays,Baltimore Orioles,6,4,571927,Steven Matz,664045,Thomas Eshelman,1,14
2021-10-01,632271,Miami Marlins,Philadelphia Phillies,0,5,645261,Sandy Alcantara,624133,Ranger Suarez,1,4169
2021-10-01,632277,Atlanta Braves,New York Mets,3,4,660623,Huascar Ynoa,656731,Tylor Megill,1,4705
2021-10-01,632248,Texas Rangers,Cleveland Indians,6,9,675921,Spencer Howard,669212,Eli Morgan,1,5325
2021-10-01,632279,Houston Astros,Oakland Athletics,6,8,664285,Framber Valdez,640455,Sean Manaea,1,2392
2021-10-01,632272,Kansas City Royals,Minnesota Twins,11,6,669169,Jonathan Heasley,607231,John Gant,1,7
2021-10-01,632274,Chicago White Sox,Detroit Tigers,8,1,458681,Lance Lynn,503449,Wily Peralta,1,4
2021-10-01,632266,St. Louis Cardinals,Chicago Cubs,4,3,641712,Dakota Hudson,676265,Cory Abbott,1,2889
2021-10-01,632276,Arizona Diamondbacks,Colorado Rockies,7,9,528748,Humberto Castellanos,592351,Jon Gray,1,15
2021-10-01,632267,San Francisco Giants,San Diego Padres,3,0,543101,Anthony DeSclafani,658648,Pedro Avila,1,2395
2021-10-01,632270,Seattle Mariners,Los Angeles Angels,1,2,594835,Marco Gonzales,660761,José Suarez,1,680
2021-10-01,632273,Los Angeles Dodgers,Milwaukee Brewers,8,6,477132,Clayton Kershaw,641778,Eric Lauer,1,22
2021-10-02,632259,New York Yankees,Tampa Bay Rays,2,12,656756,Jordan Montgomery,669358,Shane Baz,1,3313
2021-10-02,632247,Toronto Blue Jays,Baltimore Orioles,10,1,666201,Alek Manoah,607644,John Means,1,14
2021-10-02,632244,Washington Nationals,Boston Red Sox,3,5,680686,Josiah Gray,656557,Tanner Houck,1,3309
2021-10-02,632256,San Francisco Giants,San Diego Padres,2,3,592332,Kevin Gausman,605397,Joe Musgrove,1,2395
2021-10-02,632263,Miami Marlins,Philadelphia Phillies,3,1,666200,Jesús Luzardo,668968,Hans Crouse,1,4169
2021-10-02,632258,Pittsburgh Pirates,Cincinnati Reds,8,6,668820,Max Kranick,641816,Tyler Mahle,1,31
2021-10-02,632251,Texas Rangers,Cleveland Indians,7,2,543475,Jordan Lyles,663474,Triston McKenzie,1,5325
2021-10-02,632249,Houston Astros,Oakland Athletics,10,4,543606,Jake Odorizzi,621112,Paul Blackburn,1,2392
2021-10-02,632264,Kansas City Royals,Minnesota Twins,0,4,663460,Kris Bubic,643377,Griffin Jax,1,7
2021-10-02,632265,Chicago White Sox,Detroit Tigers,5,4,608337,Lucas Giolito,666159,Matt Manning,1,4
2021-10-02,632257,St. Louis Cardinals,Chicago Cubs,5,6,452657,Jon Lester,592716,Adrian Sampson,1,2889
2021-10-02,632262,Atlanta Braves,New York Mets,6,5,445926,Jesse Chavez,471911,Carlos Carrasco,1,4705
2021-10-02,632269,Arizona Diamondbacks,Colorado Rockies,11,2,668678,Zac Gallen,622608,Antonio Senzatela,1,15
2021-10-02,632255,Seattle Mariners,Los Angeles Angels,6,4,623167,Chris Flexen,646242,Jhonathan Díaz,1,680
2021-10-02,632260,Los Angeles Dodgers,Milwaukee Brewers,8,3,628711,Julio Urías,669203,Corbin Burnes,1,22
2021-10-03,632234,Washington Nationals,Boston Red Sox,5,7,672851,Joan Adon,519242,Chris Sale,1,3309
2021-10-03,632240,Pittsburgh Pirates,Cincinnati Reds,3,6,656605,Mitch Keller,665665,Reiver Sanmartin,1,31
2021-10-03,632241,San Francisco Giants,San Diego Padres,11,4,657277,Logan Webb,663753,Reiss Knehr,1,2395
2021-10-03,632236,Texas Rangers,Cleveland Indians,0,6,641540,Dane Dunning,650644,Aaron Civale,1,5325
2021-10-03,632239,New York Yankees,Tampa Bay Rays,1,0,592791,Jameson Taillon,608379,Michael Wacha,1,3313
2021-10-03,632235,Toronto Blue Jays,Baltimore Orioles,12,4,547943,Hyun Jin Ryu,669145,Bruce Zimmermann,1,14
2021-10-03,632253,Arizona Diamondbacks,Colorado Rockies,5,4,650668,Humberto Mejía,623485,Ashton Goudeau,1,15
2021-10-03,632245,Houston Astros,Oakland Athletics,7,6,664353,José Urquidy,608344,Cole Irvin,1,2392
2021-10-03,632237,Seattle Mariners,Los Angeles Angels,3,7,542881,Tyler Anderson,672282,Reid Detmers,1,680
2021-10-03,632243,Kansas City Royals,Minnesota Twins,3,7,663804,Jackson Kowar,656212,Charlie Barnes,1,7
2021-10-03,632252,Chicago White Sox,Detroit Tigers,2,5,656302,Dylan Cease,641302,Tyler Alexander,1,4
2021-10-03,632246,Miami Marlins,Philadelphia Phillies,5,4,641154,Pablo López,663559,Bailey Falter,1,4169
2021-10-03,632242,Los Angeles Dodgers,Milwaukee Brewers,10,3,621111,Walker Buehler,474463,Brett Anderson,1,22
2021-10-03,632238,St. Louis Cardinals,Chicago Cubs,2,3,663765,Jake Woodford,621219,Alec Mills,1,2889
2021-10-03,632254,Atlanta Braves,New York Mets,5,0,450203,Charlie Morton,592789,Noah Syndergaard,1,4705
