date,id,home,away,hs,as,type,hfg,afg,h3,a3,hreb,areb,hto,ato,spread,total,hml,aml
2022-10-18,401468016,Boston Celtics,Philadelphia 76ers,126,117,,,,,,,,,,,,,
2022-10-19,401468017,Golden State Warriors,Los Angeles Lakers,123,109,,,,,,,,,,,,,
2022-10-19,401468018,Detroit Pistons,Orlando Magic,113,109,,,,,,,,,,,,,
2022-10-19,401468019,Indiana Pacers,Washington Wizards,107,114,,,,,,,,,,,,,
2022-10-19,401468020,Atlanta Hawks,Houston Rockets,117,107,,,,,,,,,,,,,
2022-10-19,401468021,Brooklyn Nets,New Orleans Pelicans,108,130,,,,,,,,,,,,,
2022-10-19,401468022,Miami Heat,Chicago Bulls,108,116,,,,,,,,,,,,,
2022-10-19,401468023,Toronto Raptors,Cleveland Cavaliers,108,105,,,,,,,,,,,,,
2022-10-19,401468024,Memphis Grizzlies,New York Knicks,115,112,,,,,,,,,,,,,
2022-10-20,401468025,Minnesota Timberwolves,Oklahoma City Thunder,115,108,,,,,,,,,,,,,
2022-10-20,401468026,San Antonio Spurs,Charlotte Hornets,102,129,,,,,,,,,,,,,
2022-10-20,401468027,Utah Jazz,Denver Nuggets,123,102,,,,,,,,,,,,,
2022-10-20,401468028,Phoenix Suns,Dallas Mavericks,107,105,,,,,,,,,,,,,
2022-10-20,401468029,Sacramento Kings,Portland Trail Blazers,108,115,,,,,,,,,,,,,
2022-10-20,401468170,Philadelphia 76ers,Milwaukee Bucks,88,90,,,,,,,,,,,,,
2022-10-21,401468171,Los Angeles Lakers,LA Clippers,97,103,,,,,,,,,,,,,
2022-10-21,401468172,Charlotte Hornets,New Orleans Pelicans,112,124,,,,,,,,,,,,,
2022-10-21,401468173,Indiana Pacers,San Antonio Spurs,134,137,,,,,,,,,,,,,
2022-10-21,401468174,Washington Wizards,Chicago Bulls,102,100,,,,,,,,,,,,,
2022-10-21,401468175,Atlanta Hawks,Orlando Magic,108,98,,,,,,,,,,,,,
2022-10-21,401468176,Brooklyn Nets,Toronto Raptors,109,105,,,,,,,,,,,,,
2022-10-21,401468177,Miami Heat,Boston Celtics,104,111,,,,,,,,,,,,,
2022-10-21,401468178,New York Knicks,Detroit Pistons,130,106,,,,,,,,,,,,,
2022-10-22,401468179,Houston Rockets,Memphis Grizzlies,122,129,,,,,,,,,,,,,
2022-10-22,401468180,Minnesota Timberwolves,Utah Jazz,126,132,,,,,,,,,,,,,
2022-10-22,401468181,Golden State Warriors,Denver Nuggets,123,128,,,,,,,,,,,,,
2022-10-22,401468182,Portland Trail Blazers,Phoenix Suns,113,111,,,,,,,,,,,,,
2022-10-22,401468183,Philadelphia 76ers,San Antonio Spurs,105,114,,,,,,,,,,,,,
2022-10-22,401468184,Indiana Pacers,Detroit Pistons,124,115,,,,,,,,,,,,,
2022-10-22,401468185,Orlando Magic,Boston Celtics,120,126,,,,,,,,,,,,,
2022-10-23,401468186,Miami Heat,Toronto Raptors,112,109,,,,,,,,,,,,,
2022-10-23,401468187,Chicago Bulls,Cleveland Cavaliers,96,128,,,,,,,,,,,,,
2022-10-23,401468188,Milwaukee Bucks,Houston Rockets,125,105,,,,,,,,,,,,,
2022-10-23,401468189,Dallas Mavericks,Memphis Grizzlies,137,96,,,,,,,,,,,,,
2022-10-23,401468190,Denver Nuggets,Oklahoma City Thunder,122,117,,,,,,,,,,,,,
2022-10-23,401468191,Sacramento Kings,LA Clippers,109,111,,,,,,,,,,,,,
2022-10-23,401468192,Los Angeles Lakers,Portland Trail Blazers,104,106,,,,,,,,,,,,,
2022-10-23,401468193,Atlanta Hawks,Charlotte Hornets,109,126,,,,,,,,,,,,,
2022-10-23,401468194,Cleveland Cavaliers,Washington Wizards,117,107,,,,,,,,,,,,,
2022-10-23,401468195,New Orleans Pelicans,Utah Jazz,121,122,,,,,,,,,,,,,
2022-10-24,401468196,Oklahoma City Thunder,Minnesota Timberwolves,106,116,,,,,,,,,,,,,
2022-10-24,401468197,Golden State Warriors,Sacramento Kings,130,125,,,,,,,,,,,,,
2022-10-24,401468198,LA Clippers,Phoenix Suns,95,112,,,,,,,,,,,,,
2022-10-24,401468199,Philadelphia 76ers,Indiana Pacers,120,106,,,,,,,,,,,,,
2022-10-24,401468200,Miami Heat,Toronto Raptors,90,98,,,,,,,,,,,,,
2022-10-24,401468201,New York Knicks,Orlando Magic,115,102,,,,,,,,,,,,,
2022-10-25,401468202,Chicago Bulls,Boston Celtics,120,102,,,,,,,,,,,,,
2022-10-25,401468203,Houston Rockets,Utah Jazz,114,108,,,,,,,,,,,,,
2022-10-25,401468204,Memphis Grizzlies,Brooklyn Nets,134,124,,,,,,,,,,,,,
2022-10-25,401468205,Minnesota Timberwolves,San Antonio Spurs,106,115,,,,,,,,,,,,,
2022-10-25,401468206,Portland Trail Blazers,Denver Nuggets,135,110,,,,,,,,,,,,,
2022-10-25,401468207,Washington Wizards,Detroit Pistons,120,99,,,,,,,,,,,,,
2022-10-25,401468208,New Orleans Pelicans,Dallas Mavericks,113,111,,,,,,,,,,,,,
2022-10-26,401468209,Oklahoma City Thunder,LA Clippers,108,94,,,,,,,,,,,,,
2022-10-26,401468210,Phoenix Suns,Golden State Warriors,134,105,,,,,,,,,,,,,
2022-10-26,401468211,Cleveland Cavaliers,Orlando Magic,103,92,,,,,,,,,,,,,
2022-10-26,401468212,Detroit Pistons,Atlanta Hawks,113,118,,,,,,,,,,,,,
2022-10-26,401468213,New York Knicks,Charlotte Hornets,134,131,,,,,,,,,,,,,
2022-10-26,401468214,Toronto Raptors,Philadelphia 76ers,119,109,,,,,,,,,,,,,
2022-10-26,401468215,Milwaukee Bucks,Brooklyn Nets,110,99,,,,,,,,,,,,,
2022-10-27,401468216,Chicago Bulls,Indiana Pacers,124,109,,,,,,,,,,,,,
2022-10-27,401468217,Minnesota Timberwolves,San Antonio Spurs,134,122,,,,,,,,,,,,,
2022-10-27,401468218,Utah Jazz,Houston Rockets,109,101,,,,,,,,,,,,,
2022-10-27,401468219,Denver Nuggets,Los Angeles Lakers,110,99,,,,,,,,,,,,,
2022-10-27,401468220,Portland Trail Blazers,Miami Heat,98,119,,,,,,,,,,,,,
2022-10-27,401468221,Brooklyn Nets,Dallas Mavericks,125,129,,,,,,,,,,,,,
2022-10-28,401468222,Oklahoma City Thunder,LA Clippers,118,110,,,,,,,,,,,,,
2022-10-28,401468223,Golden State Warriors,Miami Heat,123,110,,,,,,,,,,,,,
2022-10-28,401468224,Sacramento Kings,Memphis Grizzlies,110,125,,,,,,,,,,,,,
2022-10-28,401468225,Detroit Pistons,Atlanta Hawks,112,136,,,,,,,,,,,,,
2022-10-28,401468226,Orlando Magic,Charlotte Hornets,113,93,,,,,,,,,,,,,
2022-10-28,401468227,Boston Celtics,Cleveland Cavaliers,123,132,,,,,,,,,,,,,
2022-10-28,401468228,Toronto Raptors,Philadelphia 76ers,90,112,,,,,,,,,,,,,
2022-10-28,401468229,Washington Wizards,Indiana Pacers,117,127,,,,,,,,,,,,,
2022-10-29,401468230,Milwaukee Bucks,New York Knicks,119,108,,,,,,,,,,,,,
2022-10-29,401468231,Minnesota Timberwolves,Los Angeles Lakers,111,102,,,,,,,,,,,,,
2022-10-29,401468232,San Antonio Spurs,Chicago Bulls,129,124,,,,,,,,,,,,,
2022-10-29,401468233,Denver Nuggets,Utah Jazz,117,101,,,,,,,,,,,,,
2022-10-29,401468234,Phoenix Suns,New Orleans Pelicans,124,111,,,,,,,,,,,,,
2022-10-29,401468235,Portland Trail Blazers,Houston Rockets,125,111,,,,,,,,,,,,,
2022-10-29,401468236,Sacramento Kings,Miami Heat,119,113,,,,,,,,,,,,,
2022-10-29,401468237,Charlotte Hornets,Golden State Warriors,120,113,,,,,,,,,,,,,
2022-10-29,401468238,Brooklyn Nets,Indiana Pacers,116,125,,,,,,,,,,,,,
2022-10-30,401468239,Chicago Bulls,Philadelphia 76ers,109,114,,,,,,,,,,,,,
2022-10-30,401468240,Milwaukee Bucks,Atlanta Hawks,123,115,,,,,,,,,,,,,
2022-10-30,401468241,Dallas Mavericks,Oklahoma City Thunder,111,117,,,,,,,,,,,,,
2022-10-30,401468242,Utah Jazz,Memphis Grizzlies,124,123,,,,,,,,,,,,,
2022-10-30,401468243,LA Clippers,New Orleans Pelicans,91,112,,,,,,,,,,,,,
2022-10-30,401468244,Boston Celtics,Washington Wizards,112,94,,,,,,,,,,,,,
2022-10-30,401468245,Cleveland Cavaliers,New York Knicks,121,108,,,,,,,,,,,,,
2022-10-30,401468246,Detroit Pistons,Golden State Warriors,128,114,,,,,,,,,,,,,
2022-10-30,401468247,San Antonio Spurs,Minnesota Timberwolves,107,98,,,,,,,,,,,,,
2022-10-30,401468248,Dallas Mavericks,Orlando Magic,114,105,,,,,,,,,,,,,
2022-10-31,401468249,Phoenix Suns,Houston Rockets,124,109,,,,,,,,,,,,,
2022-10-31,401468250,Los Angeles Lakers,Denver Nuggets,121,110,,,,,,,,,,,,,
2022-10-31,401468251,Charlotte Hornets,Sacramento Kings,108,115,,,,,,,,,,,,,
2022-10-31,401468252,Washington Wizards,Philadelphia 76ers,111,118,,,,,,,,,,,,,
2022-10-31,401468253,Brooklyn Nets,Indiana Pacers,116,109,,,,,,,,,,,,,
2022-10-31,401468254,Toronto Raptors,Atlanta Hawks,139,109,,,,,,,,,,,,,
2022-11-01,401468255,Milwaukee Bucks,Detroit Pistons,110,108,,,,,,,,,,,,,
2022-11-01,401468256,Utah Jazz,Memphis Grizzlies,121,105,,,,,,,,,,,,,
2022-11-01,401468257,LA Clippers,Houston Rockets,95,93,,,,,,,,,,,,,
2022-11-01,401468258,Brooklyn Nets,Chicago Bulls,99,108,,,,,,,,,,,,,
2022-11-01,401468259,Miami Heat,Golden State Warriors,116,109,,,,,,,,,,,,,
2022-11-02,401468260,Oklahoma City Thunder,Orlando Magic,116,108,,,,,,,,,,,,,
2022-11-02,401468261,Phoenix Suns,Minnesota Timberwolves,116,107,,,,,,,,,,,,,
2022-11-02,401468262,Cleveland Cavaliers,Boston Celtics,114,113,,,,,,,,,,,,,
2022-11-02,401468263,Philadelphia 76ers,Washington Wizards,111,121,,,,,,,,,,,,,
2022-11-02,401468264,Miami Heat,Sacramento Kings,110,107,,,,,,,,,,,,,
2022-11-02,401468265,New York Knicks,Atlanta Hawks,99,112,,,,,,,,,,,,,
2022-11-03,401468266,Chicago Bulls,Charlotte Hornets,106,88,,,,,,,,,,,,,
2022-11-03,401468267,Houston Rockets,LA Clippers,101,109,,,,,,,,,,,,,
2022-11-03,401468268,Milwaukee Bucks,Detroit Pistons,116,91,,,,,,,,,,,,,
2022-11-03,401468269,San Antonio Spurs,Toronto Raptors,100,143,,,,,,,,,,,,,
2022-11-03,401468270,Dallas Mavericks,Utah Jazz,103,100,,,,,,,,,,,,,
2022-11-03,401468271,Portland Trail Blazers,Memphis Grizzlies,106,111,,,,,,,,,,,,,
2022-11-03,401468272,Los Angeles Lakers,New Orleans Pelicans,120,117,,,,,,,,,,,,,
2022-11-03,401468273,Orlando Magic,Golden State Warriors,130,129,,,,,,,,,,,,,
2022-11-04,401468274,Oklahoma City Thunder,Denver Nuggets,110,122,,,,,,,,,,,,,
2022-11-04,401468275,Detroit Pistons,Cleveland Cavaliers,88,112,,,,,,,,,,,,,
2022-11-04,401468276,Indiana Pacers,Miami Heat,101,99,,,,,,,,,,,,,
2022-11-04,401468277,Philadelphia 76ers,New York Knicks,104,106,,,,,,,,,,,,,
2022-11-04,401468278,Washington Wizards,Brooklyn Nets,86,128,,,,,,,,,,,,,
2022-11-04,401468279,Boston Celtics,Chicago Bulls,123,119,,,,,,,,,,,,,
2022-11-05,401468280,Memphis Grizzlies,Charlotte Hornets,130,99,,,,,,,,,,,,,
2022-11-05,401468281,San Antonio Spurs,LA Clippers,106,113,,,,,,,,,,,,,
2022-11-05,401468282,Dallas Mavericks,Toronto Raptors,111,110,,,,,,,,,,,,,
2022-11-05,401468283,New Orleans Pelicans,Golden State Warriors,114,105,,,,,,,,,,,,,
2022-11-05,401468284,Minnesota Timberwolves,Milwaukee Bucks,102,115,,,,,,,,,,,,,
2022-11-05,401468285,Phoenix Suns,Portland Trail Blazers,106,108,,,,,,,,,,,,,
2022-11-05,401468286,Los Angeles Lakers,Utah Jazz,116,130,,,,,,,,,,,,,
2022-11-05,401468287,Orlando Magic,Sacramento Kings,123,126,,,,,,,,,,,,,
2022-11-05,401468288,Charlotte Hornets,Brooklyn Nets,94,98,,,,,,,,,,,,,
2022-11-05,401468289,Atlanta Hawks,New Orleans Pelicans,124,121,,,,,,,,,,,,,
2022-11-05,401468290,New York Knicks,Boston Celtics,118,133,,,,,,,,,,,,,
2022-11-06,401468291,Milwaukee Bucks,Oklahoma City Thunder,108,94,,,,,,,,,,,,,
2022-11-06,401468292,Minnesota Timberwolves,Houston Rockets,129,117,,,,,,,,,,,,,
2022-11-06,401468293,Denver Nuggets,San Antonio Spurs,126,101,,,,,,,,,,,,,
2022-11-06,401468294,Phoenix Suns,Portland Trail Blazers,102,82,,,,,,,,,,,,,
2022-11-06,401468295,Los Angeles Lakers,Cleveland Cavaliers,100,114,,,,,,,,,,,,,
2022-11-06,401468296,Toronto Raptors,Chicago Bulls,113,104,,,,,,,,,,,,,
2022-11-06,401468297,Memphis Grizzlies,Washington Wizards,103,97,,,,,,,,,,,,,
2022-11-07,401468298,LA Clippers,Utah Jazz,102,110,,,,,,,,,,,,,
2022-11-08,401468299,Charlotte Hornets,Washington Wizards,100,108,,,,,,,,,,,,,
2022-11-08,401468300,Orlando Magic,Houston Rockets,127,134,,,,,,,,,,,,,
2022-11-08,401468301,Detroit Pistons,Oklahoma City Thunder,112,103,,,,,,,,,,,,,
2022-11-08,401468302,Indiana Pacers,New Orleans Pelicans,129,122,,,,,,,,,,,,,
2022-11-08,401468303,Philadelphia 76ers,Phoenix Suns,100,88,,,,,,,,,,,,,
2022-11-08,401468304,Atlanta Hawks,Milwaukee Bucks,117,98,,,,,,,,,,,,,
2022-11-08,401468305,Miami Heat,Portland Trail Blazers,107,110,,,,,,,,,,,,,
2022-11-08,401468306,Chicago Bulls,Toronto Raptors,111,97,,,,,,,,,,,,,
2022-11-08,401468307,Memphis Grizzlies,Boston Celtics,106,109,,,,,,,,,,,,,
2022-11-08,401468308,Minnesota Timberwolves,New York Knicks,107,120,,,,,,,,,,,,,
2022-11-08,401468309,San Antonio Spurs,Denver Nuggets,109,115,,,,,,,,,,,,,
2022-11-08,401468310,Dallas Mavericks,Brooklyn Nets,96,94,,,,,,,,,,,,,
2022-11-08,401468311,Golden State Warriors,Sacramento Kings,116,113,,,,,,,,,,,,,
2022-11-08,401468312,Utah Jazz,Los Angeles Lakers,139,116,,,,,,,,,,,,,
2022-11-08,401468313,LA Clippers,Cleveland Cavaliers,119,117,,,,,,,,,,,,,
2022-11-09,401468316,Orlando Magic,Dallas Mavericks,94,87,,,,,,,,,,,,,
2022-11-10,401468314,Charlotte Hornets,Portland Trail Blazers,95,105,,,,,,,,,,,,,
2022-11-10,401468315,Indiana Pacers,Denver Nuggets,119,122,,,,,,,,,,,,,
2022-11-10,401468317,Atlanta Hawks,Utah Jazz,119,125,,,,,,,,,,,,,
2022-11-10,401468318,Boston Celtics,Detroit Pistons,128,112,,,,,,,,,,,,,
2022-11-10,401468319,Brooklyn Nets,New York Knicks,112,85,,,,,,,,,,,,,
2022-11-10,401468320,Toronto Raptors,Houston Rockets,116,109,,,,,,,,,,,,,
2022-11-10,401468321,Chicago Bulls,New Orleans Pelicans,111,115,,,,,,,,,,,,,
2022-11-10,401468322,Minnesota Timberwolves,Phoenix Suns,117,129,,,,,,,,,,,,,
2022-11-10,401468323,Oklahoma City Thunder,Milwaukee Bucks,132,136,,,,,,,,,,,,,
2022-11-10,401468324,San Antonio Spurs,Memphis Grizzlies,122,124,,,,,,,,,,,,,
2022-11-10,401468325,LA Clippers,Los Angeles Lakers,114,101,,,,,,,,,,,,,
2022-11-10,401468326,Sacramento Kings,Cleveland Cavaliers,127,120,,,,,,,,,,,,,
2022-11-11,401468327,Washington Wizards,Dallas Mavericks,113,105,,,,,,,,,,,,,
2022-11-11,401468328,Atlanta Hawks,Philadelphia 76ers,104,95,,,,,,,,,,,,,
2022-11-11,401468329,Miami Heat,Charlotte Hornets,117,112,,,,,,,,,,,,,
2022-11-11,401468330,New Orleans Pelicans,Portland Trail Blazers,95,106,,,,,,,,,,,,,
2022-11-12,401468331,Boston Celtics,Denver Nuggets,131,112,,,,,,,,,,,,,
2022-11-12,401468332,Orlando Magic,Phoenix Suns,114,97,,,,,,,,,,,,,
2022-11-12,401468333,New York Knicks,Detroit Pistons,121,112,,,,,,,,,,,,,
2022-11-12,401468334,Oklahoma City Thunder,Toronto Raptors,132,113,,,,,,,,,,,,,
2022-11-12,401468335,San Antonio Spurs,Milwaukee Bucks,111,93,,,,,,,,,,,,,
2022-11-12,401468336,Memphis Grizzlies,Minnesota Timberwolves,114,103,,,,,,,,,,,,,
2022-11-12,401468337,Golden State Warriors,Cleveland Cavaliers,106,101,,,,,,,,,,,,,
2022-11-12,401468338,Los Angeles Lakers,Sacramento Kings,114,120,,,,,,,,,,,,,
2022-11-12,401468339,LA Clippers,Brooklyn Nets,95,110,,,,,,,,,,,,,
2022-11-12,401468340,Washington Wizards,Utah Jazz,121,112,,,,,,,,,,,,,
2022-11-13,401468341,Detroit Pistons,Boston Celtics,108,117,,,,,,,,,,,,,
2022-11-13,401468342,Indiana Pacers,Toronto Raptors,118,104,,,,,,,,,,,,,
2022-11-13,401468343,Philadelphia 76ers,Atlanta Hawks,121,109,,,,,,,,,,,,,
2022-11-13,401468344,Miami Heat,Charlotte Hornets,132,115,,,,,,,,,,,,,
2022-11-13,401468345,Dallas Mavericks,Portland Trail Blazers,117,112,,,,,,,,,,,,,
2022-11-13,401468346,New Orleans Pelicans,Houston Rockets,119,106,,,,,,,,,,,,,
2022-11-13,401468347,New York Knicks,Oklahoma City Thunder,135,145,,,,,,,,,,,,,
2022-11-13,401468348,Cleveland Cavaliers,Minnesota Timberwolves,124,129,,,,,,,,,,,,,
2022-11-13,401468349,Washington Wizards,Memphis Grizzlies,102,92,,,,,,,,,,,,,
2022-11-14,401468350,Philadelphia 76ers,Utah Jazz,105,98,,,,,,,,,,,,,
2022-11-14,401468351,Chicago Bulls,Denver Nuggets,103,126,,,,,,,,,,,,,
2022-11-14,401468352,Sacramento Kings,Golden State Warriors,122,115,,,,,,,,,,,,,
2022-11-14,401468353,Los Angeles Lakers,Brooklyn Nets,116,103,,,,,,,,,,,,,
2022-11-15,401468354,Detroit Pistons,Toronto Raptors,111,115,,,,,,,,,,,,,
2022-11-15,401468355,Orlando Magic,Charlotte Hornets,105,112,,,,,,,,,,,,,
2022-11-15,401468356,Boston Celtics,Oklahoma City Thunder,126,122,,,,,,,,,,,,,
2022-11-15,401468357,Miami Heat,Phoenix Suns,113,112,,,,,,,,,,,,,
2022-11-15,401468358,Houston Rockets,LA Clippers,106,122,,,,,,,,,,,,,
2022-11-15,401468359,Milwaukee Bucks,Atlanta Hawks,106,121,,,,,,,,,,,,,
2022-11-15,401468360,Golden State Warriors,San Antonio Spurs,132,95,,,,,,,,,,,,,
2022-11-16,401468361,New Orleans Pelicans,Memphis Grizzlies,113,102,,,,,,,,,,,,,
2022-11-16,401468362,Dallas Mavericks,LA Clippers,103,101,,,,,,,,,,,,,
2022-11-16,401468363,Utah Jazz,New York Knicks,111,118,,,,,,,,,,,,,
2022-11-16,401468364,Portland Trail Blazers,San Antonio Spurs,117,110,,,,,,,,,,,,,
2022-11-16,401468365,Sacramento Kings,Brooklyn Nets,153,121,,,,,,,,,,,,,
2022-11-17,401468366,Charlotte Hornets,Indiana Pacers,113,125,,,,,,,,,,,,,
2022-11-17,401468367,Orlando Magic,Minnesota Timberwolves,108,126,,,,,,,,,,,,,
2022-11-17,401468368,Washington Wizards,Oklahoma City Thunder,120,121,,,,,,,,,,,,,
2022-11-17,401468369,Atlanta Hawks,Boston Celtics,101,126,,,,,,,,,,,,,
2022-11-17,401468370,Toronto Raptors,Miami Heat,112,104,,,,,,,,,,,,,
2022-11-17,401468371,Milwaukee Bucks,Cleveland Cavaliers,113,98,,,,,,,,,,,,,
2022-11-17,401468372,New Orleans Pelicans,Chicago Bulls,124,110,,,,,,,,,,,,,
2022-11-17,401468373,Dallas Mavericks,Houston Rockets,92,101,,,,,,,,,,,,,
2022-11-17,401468374,Denver Nuggets,New York Knicks,103,106,,,,,,,,,,,,,
2022-11-17,401468375,Phoenix Suns,Golden State Warriors,130,119,,,,,,,,,,,,,
2022-11-18,401468376,Portland Trail Blazers,Brooklyn Nets,107,109,,,,,,,,,,,,,
2022-11-18,401468377,Sacramento Kings,San Antonio Spurs,130,112,,,,,,,,,,,,,
2022-11-18,401468378,LA Clippers,Detroit Pistons,96,91,,,,,,,,,,,,,
2022-11-19,401468379,Washington Wizards,Miami Heat,107,106,,,,,,,,,,,,,
2022-11-19,401468380,Cleveland Cavaliers,Charlotte Hornets,132,122,,,,,,,,,,,,,
2022-11-19,401468381,Philadelphia 76ers,Milwaukee Bucks,110,102,,,,,,,,,,,,,
2022-11-19,401468382,Chicago Bulls,Orlando Magic,107,108,,,,,,,,,,,,,
2022-11-19,401468383,Houston Rockets,Indiana Pacers,91,99,,,,,,,,,,,,,
2022-11-19,401468384,Memphis Grizzlies,Oklahoma City Thunder,121,110,,,,,,,,,,,,,
2022-11-19,401468385,Dallas Mavericks,Denver Nuggets,127,99,,,,,,,,,,,,,
2022-11-19,401468386,New Orleans Pelicans,Boston Celtics,109,117,,,,,,,,,,,,,
2022-11-19,401468387,Utah Jazz,Phoenix Suns,134,133,,,,,,,,,,,,,
2022-11-19,401468388,Golden State Warriors,New York Knicks,111,101,,,,,,,,,,,,,
2022-11-19,401468389,Los Angeles Lakers,Detroit Pistons,128,121,,,,,,,,,,,,,
2022-11-19,401468390,Atlanta Hawks,Toronto Raptors,124,122,,,,,,,,,,,,,
2022-11-20,401468391,Indiana Pacers,Orlando Magic,114,113,,,,,,,,,,,,,
2022-11-20,401468392,Philadelphia 76ers,Minnesota Timberwolves,109,112,,,,,,,,,,,,,
2022-11-20,401468393,Portland Trail Blazers,Utah Jazz,113,118,,,,,,,,,,,,,
2022-11-20,401468394,LA Clippers,San Antonio Spurs,119,97,,,,,,,,,,,,,
2022-11-20,401468395,Phoenix Suns,New York Knicks,116,95,,,,,,,,,,,,,
2022-11-20,401468396,Washington Wizards,Charlotte Hornets,106,102,,,,,,,,,,,,,
2022-11-20,401468397,Sacramento Kings,Detroit Pistons,137,129,,,,,,,,,,,,,
2022-11-21,401468398,Brooklyn Nets,Memphis Grizzlies,127,115,,,,,,,,,,,,,
2022-11-21,401468399,Cleveland Cavaliers,Miami Heat,113,87,,,,,,,,,,,,,
2022-11-21,401468400,Houston Rockets,Golden State Warriors,120,127,,,,,,,,,,,,,
2022-11-21,401468401,Dallas Mavericks,Denver Nuggets,97,98,,,,,,,,,,,,,
2022-11-21,401468402,Los Angeles Lakers,San Antonio Spurs,123,92,,,,,,,,,,,,,
2022-11-22,401468403,Cleveland Cavaliers,Atlanta Hawks,114,102,,,,,,,,,,,,,
2022-11-22,401468404,Indiana Pacers,Orlando Magic,123,102,,,,,,,,,,,,,
2022-11-22,401468405,Chicago Bulls,Boston Celtics,121,107,,,,,,,,,,,,,
2022-11-22,401468406,Milwaukee Bucks,Portland Trail Blazers,119,111,,,,,,,,,,,,,
2022-11-22,401468407,Minnesota Timberwolves,Miami Heat,105,101,,,,,,,,,,,,,
2022-11-22,401468408,New Orleans Pelicans,Golden State Warriors,128,83,,,,,,,,,,,,,
2022-11-22,401468409,Oklahoma City Thunder,New York Knicks,119,129,,,,,,,,,,,,,
2022-11-22,401468410,LA Clippers,Utah Jazz,121,114,,,,,,,,,,,,,
2022-11-23,401468411,Philadelphia 76ers,Brooklyn Nets,115,106,,,,,,,,,,,,,
2022-11-23,401468412,Memphis Grizzlies,Sacramento Kings,109,113,,,,,,,,,,,,,
2022-11-23,401468413,Denver Nuggets,Detroit Pistons,108,110,,,,,,,,,,,,,
2022-11-23,401468414,Phoenix Suns,Los Angeles Lakers,115,105,,,,,,,,,,,,,
2022-11-24,401468415,Charlotte Hornets,Philadelphia 76ers,107,101,,,,,,,,,,,,,
2022-11-24,401468416,Cleveland Cavaliers,Portland Trail Blazers,114,96,,,,,,,,,,,,,
2022-11-24,401468417,Indiana Pacers,Minnesota Timberwolves,101,115,,,,,,,,,,,,,
2022-11-24,401468418,Atlanta Hawks,Sacramento Kings,115,106,,,,,,,,,,,,,
2022-11-24,401468419,Boston Celtics,Dallas Mavericks,125,112,,,,,,,,,,,,,
2022-11-24,401468420,Miami Heat,Washington Wizards,113,105,,,,,,,,,,,,,
2022-11-24,401468421,Toronto Raptors,Brooklyn Nets,98,112,,,,,,,,,,,,,
2022-11-24,401468422,Milwaukee Bucks,Chicago Bulls,113,118,,,,,,,,,,,,,
2022-11-24,401468423,Oklahoma City Thunder,Denver Nuggets,126,131,,,,,,,,,,,,,
2022-11-24,401468424,San Antonio Spurs,New Orleans Pelicans,110,129,,,,,,,,,,,,,
2022-11-24,401468425,Utah Jazz,Detroit Pistons,116,125,,,,,,,,,,,,,
2022-11-24,401468426,Golden State Warriors,LA Clippers,124,107,,,,,,,,,,,,,
2022-11-25,401468427,Charlotte Hornets,Minnesota Timberwolves,110,108,,,,,,,,,,,,,
2022-11-26,401468428,Orlando Magic,Philadelphia 76ers,99,107,,,,,,,,,,,,,
2022-11-26,401468429,New York Knicks,Portland Trail Blazers,129,132,,,,,,,,,,,,,
2022-11-26,401468430,Boston Celtics,Sacramento Kings,122,104,,,,,,,,,,,,,
2022-11-26,401468431,Indiana Pacers,Brooklyn Nets,128,117,,,,,,,,,,,,,
2022-11-26,401468432,Miami Heat,Washington Wizards,110,107,,,,,,,,,,,,,
2022-11-26,401468433,Houston Rockets,Atlanta Hawks,128,122,,,,,,,,,,,,,
2022-11-26,401468434,Memphis Grizzlies,New Orleans Pelicans,132,111,,,,,,,,,,,,,
2022-11-26,401468435,Milwaukee Bucks,Cleveland Cavaliers,117,102,,,,,,,,,,,,,
2022-11-26,401468436,Oklahoma City Thunder,Chicago Bulls,123,119,,,,,,,,,,,,,
2022-11-26,401468437,San Antonio Spurs,Los Angeles Lakers,94,105,,,,,,,,,,,,,
2022-11-26,401468438,Phoenix Suns,Detroit Pistons,108,102,,,,,,,,,,,,,
2022-11-26,401468439,Golden State Warriors,Utah Jazz,129,118,,,,,,,,,,,,,
2022-11-26,401468440,LA Clippers,Denver Nuggets,104,114,,,,,,,,,,,,,
2022-11-26,401468441,Toronto Raptors,Dallas Mavericks,105,100,,,,,,,,,,,,,
2022-11-27,401468442,Houston Rockets,Oklahoma City Thunder,118,105,,,,,,,,,,,,,
2022-11-27,401468443,San Antonio Spurs,Los Angeles Lakers,138,143,,,,,,,,,,,,,
2022-11-27,401468444,Phoenix Suns,Utah Jazz,113,112,,,,,,,,,,,,,
2022-11-27,401468445,Brooklyn Nets,Portland Trail Blazers,111,97,,,,,,,,,,,,,
2022-11-27,401468446,Minnesota Timberwolves,Golden State Warriors,114,137,,,,,,,,,,,,,
2022-11-27,401468447,LA Clippers,Indiana Pacers,114,100,,,,,,,,,,,,,
2022-11-27,401468448,Atlanta Hawks,Miami Heat,98,106,,,,,,,,,,,,,
2022-11-27,401468449,Boston Celtics,Washington Wizards,130,121,,,,,,,,,,,,,
2022-11-27,401468450,Detroit Pistons,Cleveland Cavaliers,94,102,,,,,,,,,,,,,
2022-11-27,401468451,New York Knicks,Memphis Grizzlies,123,127,,,,,,,,,,,,,
2022-11-27,401468452,Orlando Magic,Philadelphia 76ers,103,133,,,,,,,,,,,,,
2022-11-28,401468453,Milwaukee Bucks,Dallas Mavericks,124,115,,,,,,,,,,,,,
2022-11-29,401468454,Philadelphia 76ers,Atlanta Hawks,104,101,,,,,,,,,,,,,
2022-11-29,401468455,Washington Wizards,Minnesota Timberwolves,142,127,,,,,,,,,,,,,
2022-11-29,401468456,Boston Celtics,Charlotte Hornets,140,105,,,,,,,,,,,,,
2022-11-29,401468457,Brooklyn Nets,Orlando Magic,109,102,,,,,,,,,,,,,
2022-11-29,401468458,Toronto Raptors,Cleveland Cavaliers,100,88,,,,,,,,,,,,,
2022-11-29,401468459,New Orleans Pelicans,Oklahoma City Thunder,105,101,,,,,,,,,,,,,
2022-11-29,401468460,Denver Nuggets,Houston Rockets,129,113,,,,,,,,,,,,,
2022-11-29,401468461,Utah Jazz,Chicago Bulls,107,114,,,,,,,,,,,,,
2022-11-29,401468462,Sacramento Kings,Phoenix Suns,117,122,,,,,,,,,,,,,
2022-11-29,401468463,Los Angeles Lakers,Indiana Pacers,115,116,,,,,,,,,,,,,
2022-11-30,401468464,Detroit Pistons,New York Knicks,110,140,,,,,,,,,,,,,
2022-11-30,401468465,Dallas Mavericks,Golden State Warriors,116,113,,,,,,,,,,,,,
2022-11-30,401468466,Portland Trail Blazers,LA Clippers,112,118,,,,,,,,,,,,,
2022-12-01,401468467,Cleveland Cavaliers,Philadelphia 76ers,113,85,,,,,,,,,,,,,
2022-12-01,401468468,Orlando Magic,Atlanta Hawks,108,125,,,,,,,,,,,,,
2022-12-01,401468469,Boston Celtics,Miami Heat,134,121,,,,,,,,,,,,,
2022-12-01,401468470,Brooklyn Nets,Washington Wizards,113,107,,,,,,,,,,,,,
2022-12-01,401468471,New York Knicks,Milwaukee Bucks,103,109,,,,,,,,,,,,,
2022-12-01,401468472,Minnesota Timberwolves,Memphis Grizzlies,109,101,,,,,,,,,,,,,
2022-12-01,401468473,New Orleans Pelicans,Toronto Raptors,126,108,,,,,,,,,,,,,
2022-12-01,401468474,Oklahoma City Thunder,San Antonio Spurs,119,111,,,,,,,,,,,,,
2022-12-01,401468475,Denver Nuggets,Houston Rockets,120,100,,,,,,,,,,,,,
2022-12-01,401468476,Phoenix Suns,Chicago Bulls,132,113,,,,,,,,,,,,,
2022-12-01,401468477,Utah Jazz,LA Clippers,125,112,,,,,,,,,,,,,
2022-12-01,401468478,Sacramento Kings,Indiana Pacers,137,114,,,,,,,,,,,,,
2022-12-01,401468479,Los Angeles Lakers,Portland Trail Blazers,128,109,,,,,,,,,,,,,
2022-12-02,401468480,Detroit Pistons,Dallas Mavericks,131,125,,,,,,,,,,,,,
2022-12-03,401468481,Charlotte Hornets,Washington Wizards,117,116,,,,,,,,,,,,,
2022-12-03,401468482,Atlanta Hawks,Denver Nuggets,117,109,,,,,,,,,,,,,
2022-12-03,401468483,Boston Celtics,Miami Heat,116,120,,,,,,,,,,,,,
2022-12-03,401468484,Brooklyn Nets,Toronto Raptors,114,105,,,,,,,,,,,,,
2022-12-03,401468485,Cleveland Cavaliers,Orlando Magic,107,96,,,,,,,,,,,,,
2022-12-03,401468486,Milwaukee Bucks,Los Angeles Lakers,129,133,,,,,,,,,,,,,
2022-12-03,401468487,Memphis Grizzlies,Philadelphia 76ers,117,109,,,,,,,,,,,,,
2022-12-03,401468488,San Antonio Spurs,New Orleans Pelicans,99,117,,,,,,,,,,,,,
2022-12-03,401468489,Phoenix Suns,Houston Rockets,121,122,,,,,,,,,,,,,
2022-12-03,401468490,Utah Jazz,Indiana Pacers,139,119,,,,,,,,,,,,,
2022-12-03,401468491,Golden State Warriors,Chicago Bulls,119,111,,,,,,,,,,,,,
2022-12-03,401468492,New York Knicks,Dallas Mavericks,100,121,,,,,,,,,,,,,
2022-12-03,401468493,LA Clippers,Sacramento Kings,96,123,,,,,,,,,,,,,
2022-12-03,401468494,Charlotte Hornets,Milwaukee Bucks,96,105,,,,,,,,,,,,,
2022-12-04,401468495,Toronto Raptors,Orlando Magic,121,108,,,,,,,,,,,,,
2022-12-04,401468496,Minnesota Timberwolves,Oklahoma City Thunder,128,135,,,,,,,,,,,,,
2022-12-04,401468497,Golden State Warriors,Houston Rockets,120,101,,,,,,,,,,,,,
2022-12-04,401468498,Utah Jazz,Portland Trail Blazers,111,116,,,,,,,,,,,,,
2022-12-04,401468499,New Orleans Pelicans,Denver Nuggets,121,106,,,,,,,,,,,,,
2022-12-04,401468500,San Antonio Spurs,Phoenix Suns,95,133,,,,,,,,,,,,,
2022-12-04,401468501,Brooklyn Nets,Boston Celtics,92,103,,,,,,,,,,,,,
2022-12-04,401468502,Detroit Pistons,Memphis Grizzlies,112,122,,,,,,,,,,,,,
2022-12-04,401468503,New York Knicks,Cleveland Cavaliers,92,81,,,,,,,,,,,,,
2022-12-04,401468504,Washington Wizards,Los Angeles Lakers,119,130,,,,,,,,,,,,,
2022-12-04,401468505,Sacramento Kings,Chicago Bulls,110,101,,,,,,,,,,,,,
2022-12-05,401468506,Portland Trail Blazers,Indiana Pacers,116,100,,,,,,,,,,,,,
2022-12-06,401468507,Charlotte Hornets,LA Clippers,117,119,,,,,,,,,,,,,
2022-12-06,401468508,Orlando Magic,Milwaukee Bucks,102,109,,,,,,,,,,,,,
2022-12-06,401468509,Atlanta Hawks,Oklahoma City Thunder,114,121,,,,,,,,,,,,,
2022-12-06,401468510,Toronto Raptors,Boston Celtics,110,116,,,,,,,,,,,,,
2022-12-06,401468511,Houston Rockets,Philadelphia 76ers,132,123,,,,,,,,,,,,,
2022-12-06,401468512,Memphis Grizzlies,Miami Heat,101,93,,,,,,,,,,,,,
2022-12-06,401468513,Dallas Mavericks,Phoenix Suns,130,111,,,,,,,,,,,,,
2022-12-06,401468514,Golden State Warriors,Indiana Pacers,104,112,,,,,,,,,,,,,
2022-12-07,401468515,Cleveland Cavaliers,Los Angeles Lakers,116,102,,,,,,,,,,,,,
2022-12-07,401468516,Miami Heat,Detroit Pistons,96,116,,,,,,,,,,,,,
2022-12-07,401468517,Denver Nuggets,Dallas Mavericks,115,116,,,,,,,,,,,,,
2022-12-08,401468518,Orlando Magic,LA Clippers,116,111,,,,,,,,,,,,,
2022-12-08,401468519,Brooklyn Nets,Charlotte Hornets,122,116,,,,,,,,,,,,,
2022-12-08,401468520,New York Knicks,Atlanta Hawks,113,89,,,,,,,,,,,,,
2022-12-08,401468521,Toronto Raptors,Los Angeles Lakers,126,113,,,,,,,,,,,,,
2022-12-08,401468522,Chicago Bulls,Washington Wizards,115,111,,,,,,,,,,,,,
2022-12-08,401468523,Memphis Grizzlies,Oklahoma City Thunder,123,102,,,,,,,,,,,,,
2022-12-08,401468524,Milwaukee Bucks,Sacramento Kings,126,113,,,,,,,,,,,,,
2022-12-08,401468525,Minnesota Timberwolves,Indiana Pacers,121,115,,,,,,,,,,,,,
2022-12-08,401468526,New Orleans Pelicans,Detroit Pistons,104,98,,,,,,,,,,,,,
2022-12-08,401468527,Utah Jazz,Golden State Warriors,124,123,,,,,,,,,,,,,
2022-12-08,401468528,Phoenix Suns,Boston Celtics,98,125,,,,,,,,,,,,,
2022-12-09,401468529,Miami Heat,LA Clippers,115,110,,,,,,,,,,,,,
2022-12-09,401468530,San Antonio Spurs,Houston Rockets,118,109,,,,,,,,,,,,,
2022-12-09,401468531,Portland Trail Blazers,Denver Nuggets,120,121,,,,,,,,,,,,,
2022-12-10,401468532,Charlotte Hornets,New York Knicks,102,121,,,,,,,,,,,,,
2022-12-10,401468533,Indiana Pacers,Washington Wizards,121,111,,,,,,,,,,,,,
2022-12-10,401468534,Orlando Magic,Toronto Raptors,113,109,,,,,,,,,,,,,
2022-12-10,401468535,Brooklyn Nets,Atlanta Hawks,120,116,,,,,,,,,,,,,
2022-12-10,401468536,Cleveland Cavaliers,Sacramento Kings,95,106,,,,,,,,,,,,,
2022-12-10,401468537,Philadelphia 76ers,Los Angeles Lakers,133,122,,,,,,,,,,,,,
2022-12-10,401468538,Memphis Grizzlies,Detroit Pistons,114,103,,,,,,,,,,,,,
2022-12-10,401468539,New Orleans Pelicans,Phoenix Suns,128,117,,,,,,,,,,,,,
2022-12-10,401468540,Utah Jazz,Minnesota Timberwolves,108,118,,,,,,,,,,,,,
2022-12-10,401468541,Dallas Mavericks,Milwaukee Bucks,105,106,,,,,,,,,,,,,
2022-12-10,401468542,Miami Heat,San Antonio Spurs,111,115,,,,,,,,,,,,,
2022-12-11,401468543,Indiana Pacers,Brooklyn Nets,133,136,,,,,,,,,,,,,
2022-12-11,401468544,Washington Wizards,LA Clippers,107,114,,,,,,,,,,,,,
2022-12-11,401468545,Cleveland Cavaliers,Oklahoma City Thunder,110,102,,,,,,,,,,,,,
2022-12-11,401468546,Chicago Bulls,Dallas Mavericks,144,115,,,,,,,,,,,,,
2022-12-11,401468547,Golden State Warriors,Boston Celtics,123,107,,,,,,,,,,,,,
2022-12-11,401468548,Denver Nuggets,Utah Jazz,115,110,,,,,,,,,,,,,
2022-12-11,401468549,Portland Trail Blazers,Minnesota Timberwolves,124,118,,,,,,,,,,,,,
2022-12-11,401468550,New Orleans Pelicans,Phoenix Suns,129,124,,,,,,,,,,,,,
2022-12-11,401468551,Detroit Pistons,Los Angeles Lakers,117,124,,,,,,,,,,,,,
2022-12-11,401468552,New York Knicks,Sacramento Kings,112,99,,,,,,,,,,,,,
2022-12-11,401468553,Orlando Magic,Toronto Raptors,111,99,,,,,,,,,,,,,
2022-12-11,401468554,Philadelphia 76ers,Charlotte Hornets,131,113,,,,,,,,,,,,,
2022-12-11,401468555,Atlanta Hawks,Chicago Bulls,123,122,,,,,,,,,,,,,
2022-12-12,401468556,Houston Rockets,Milwaukee Bucks,97,92,,,,,,,,,,,,,
2022-12-13,401468557,Indiana Pacers,Miami Heat,82,87,,,,,,,,,,,,,
2022-12-13,401468558,Washington Wizards,Brooklyn Nets,100,112,,,,,,,,,,,,,
2022-12-13,401468559,Memphis Grizzlies,Atlanta Hawks,128,103,,,,,,,,,,,,,
2022-12-13,401468560,Dallas Mavericks,Oklahoma City Thunder,121,114,,,,,,,,,,,,,
2022-12-13,401468561,San Antonio Spurs,Cleveland Cavaliers,112,111,,,,,,,,,,,,,
2022-12-13,401468562,Portland Trail Blazers,Minnesota Timberwolves,133,112,,,,,,,,,,,,,
2022-12-13,401468563,LA Clippers,Boston Celtics,113,93,,,,,,,,,,,,,
2022-12-14,401468564,Philadelphia 76ers,Sacramento Kings,123,103,,,,,,,,,,,,,
2022-12-14,401468565,Milwaukee Bucks,Golden State Warriors,128,111,,,,,,,,,,,,,
2022-12-14,401468566,Houston Rockets,Phoenix Suns,111,97,,,,,,,,,,,,,
2022-12-14,401468567,Utah Jazz,New Orleans Pelicans,121,100,,,,,,,,,,,,,
2022-12-14,401468568,Los Angeles Lakers,Boston Celtics,118,122,,,,,,,,,,,,,
2022-12-15,401468569,Charlotte Hornets,Detroit Pistons,134,141,,,,,,,,,,,,,
2022-12-15,401468570,Indiana Pacers,Golden State Warriors,125,119,,,,,,,,,,,,,
2022-12-15,401468571,Orlando Magic,Atlanta Hawks,135,124,,,,,,,,,,,,,
2022-12-15,401468572,Toronto Raptors,Sacramento Kings,123,124,,,,,,,,,,,,,
2022-12-15,401468573,Chicago Bulls,New York Knicks,120,128,,,,,,,,,,,,,
2022-12-15,401468574,Oklahoma City Thunder,Miami Heat,108,110,,,,,,,,,,,,,
2022-12-15,401468575,San Antonio Spurs,Portland Trail Blazers,112,128,,,,,,,,,,,,,
2022-12-15,401468576,Dallas Mavericks,Cleveland Cavaliers,90,105,,,,,,,,,,,,,
2022-12-15,401468577,Denver Nuggets,Washington Wizards,141,128,,,,,,,,,,,,,
2022-12-15,401468578,LA Clippers,Minnesota Timberwolves,99,88,,,,,,,,,,,,,
2022-12-16,401468579,Houston Rockets,Miami Heat,108,111,,,,,,,,,,,,,
2022-12-16,401468580,Memphis Grizzlies,Milwaukee Bucks,142,101,,,,,,,,,,,,,
2022-12-16,401468581,Utah Jazz,New Orleans Pelicans,132,129,,,,,,,,,,,,,
2022-12-16,401468582,LA Clippers,Phoenix Suns,95,111,,,,,,,,,,,,,
2022-12-17,401468583,Charlotte Hornets,Atlanta Hawks,106,125,,,,,,,,,,,,,
2022-12-17,401468584,Detroit Pistons,Sacramento Kings,113,122,,,,,,,,,,,,,
2022-12-17,401468585,Boston Celtics,Orlando Magic,109,117,,,,,,,,,,,,,
2022-12-17,401468586,Cleveland Cavaliers,Indiana Pacers,118,112,,,,,,,,,,,,,
2022-12-17,401468587,Philadelphia 76ers,Golden State Warriors,118,106,,,,,,,,,,,,,
2022-12-17,401468588,Toronto Raptors,Brooklyn Nets,116,119,,,,,,,,,,,,,
2022-12-17,401468589,Chicago Bulls,New York Knicks,91,114,,,,,,,,,,,,,
2022-12-17,401468590,Oklahoma City Thunder,Minnesota Timberwolves,110,112,,,,,,,,,,,,,
2022-12-17,401468591,Dallas Mavericks,Portland Trail Blazers,130,110,,,,,,,,,,,,,
2022-12-17,401468592,Los Angeles Lakers,Denver Nuggets,126,108,,,,,,,,,,,,,
2022-12-17,401468593,LA Clippers,Washington Wizards,102,93,,,,,,,,,,,,,
2022-12-17,401468594,San Antonio Spurs,Miami Heat,101,111,,,,,,,,,,,,,
2022-12-18,401468595,Cleveland Cavaliers,Dallas Mavericks,100,99,,,,,,,,,,,,,
2022-12-18,401468596,Houston Rockets,Portland Trail Blazers,95,107,,,,,,,,,,,,,
2022-12-18,401468597,Milwaukee Bucks,Utah Jazz,123,97,,,,,,,,,,,,,
2022-12-18,401468598,Oklahoma City Thunder,Memphis Grizzlies,115,109,,,,,,,,,,,,,
2022-12-18,401468599,Phoenix Suns,New Orleans Pelicans,118,114,,,,,,,,,,,,,
2022-12-18,401468600,Boston Celtics,Orlando Magic,92,95,,,,,,,,,,,,,
2022-12-18,401468601,Indiana Pacers,New York Knicks,106,109,,,,,,,,,,,,,
2022-12-18,401468602,Detroit Pistons,Brooklyn Nets,121,124,,,,,,,,,,,,,
2022-12-18,401468603,Toronto Raptors,Golden State Warriors,110,126,,,,,,,,,,,,,
2022-12-19,401468604,Minnesota Timberwolves,Chicago Bulls,150,126,,,,,,,,,,,,,
2022-12-19,401468605,Denver Nuggets,Charlotte Hornets,119,115,,,,,,,,,,,,,
2022-12-19,401468606,Los Angeles Lakers,Washington Wizards,119,117,,,,,,,,,,,,,
2022-12-20,401468607,Cleveland Cavaliers,Utah Jazz,122,99,,,,,,,,,,,,,
2022-12-20,401468608,Philadelphia 76ers,Toronto Raptors,104,101,,,,,,,,,,,,,
2022-12-20,401468609,Atlanta Hawks,Orlando Magic,126,125,,,,,,,,,,,,,
2022-12-20,401468610,Houston Rockets,San Antonio Spurs,105,124,,,,,,,,,,,,,
2022-12-20,401468611,Minnesota Timberwolves,Dallas Mavericks,116,106,,,,,,,,,,,,,
2022-12-20,401468612,New Orleans Pelicans,Milwaukee Bucks,119,128,,,,,,,,,,,,,
2022-12-20,401468613,Oklahoma City Thunder,Portland Trail Blazers,123,121,,,,,,,,,,,,,
2022-12-20,401468614,Phoenix Suns,Los Angeles Lakers,130,104,,,,,,,,,,,,,
2022-12-20,401468615,Sacramento Kings,Charlotte Hornets,119,125,,,,,,,,,,,,,
2022-12-21,401468616,Detroit Pistons,Utah Jazz,111,126,,,,,,,,,,,,,
2022-12-21,401468617,Miami Heat,Chicago Bulls,103,113,,,,,,,,,,,,,
2022-12-21,401468618,New York Knicks,Golden State Warriors,132,94,,,,,,,,,,,,,
2022-12-21,401468619,Phoenix Suns,Washington Wizards,110,113,,,,,,,,,,,,,
2022-12-21,401468620,Denver Nuggets,Memphis Grizzlies,105,91,,,,,,,,,,,,,
2022-12-22,401468621,Cleveland Cavaliers,Milwaukee Bucks,114,106,,,,,,,,,,,,,
2022-12-22,401468622,Philadelphia 76ers,Detroit Pistons,113,93,,,,,,,,,,,,,
2022-12-22,401468623,Atlanta Hawks,Chicago Bulls,108,110,,,,,,,,,,,,,
2022-12-22,401468624,Boston Celtics,Indiana Pacers,112,117,,,,,,,,,,,,,
2022-12-22,401468625,Brooklyn Nets,Golden State Warriors,143,113,,,,,,,,,,,,,
2022-12-22,401468626,New York Knicks,Toronto Raptors,106,113,,,,,,,,,,,,,
2022-12-22,401468627,Houston Rockets,Orlando Magic,110,116,,,,,,,,,,,,,
2022-12-22,401468628,Minnesota Timberwolves,Dallas Mavericks,99,104,,,,,,,,,,,,,
2022-12-22,401468629,Oklahoma City Thunder,Portland Trail Blazers,101,98,,,,,,,,,,,,,
2022-12-22,401468630,Sacramento Kings,Los Angeles Lakers,134,120,,,,,,,,,,,,,
2022-12-22,401468631,LA Clippers,Charlotte Hornets,126,105,,,,,,,,,,,,,
2022-12-23,401468632,New Orleans Pelicans,San Antonio Spurs,126,117,,,,,,,,,,,,,
2022-12-23,401468633,Utah Jazz,Washington Wizards,120,112,,,,,,,,,,,,,
2022-12-24,401468634,Orlando Magic,San Antonio Spurs,133,113,,,,,,,,,,,,,
2022-12-24,401468635,Philadelphia 76ers,LA Clippers,119,114,,,,,,,,,,,,,
2022-12-24,401468636,Atlanta Hawks,Detroit Pistons,130,105,,,,,,,,,,,,,
2022-12-24,401468637,Boston Celtics,Minnesota Timberwolves,121,109,,,,,,,,,,,,,
2022-12-24,401468638,Brooklyn Nets,Milwaukee Bucks,118,100,,,,,,,,,,,,,
2022-12-24,401468639,Cleveland Cavaliers,Toronto Raptors,107,118,,,,,,,,,,,,,
2022-12-24,401468640,New York Knicks,Chicago Bulls,117,118,,,,,,,,,,,,,
2022-12-24,401468641,Miami Heat,Indiana Pacers,108,111,,,,,,,,,,,,,
2022-12-24,401468642,Houston Rockets,Dallas Mavericks,106,112,,,,,,,,,,,,,
2022-12-24,401468643,Oklahoma City Thunder,New Orleans Pelicans,125,128,,,,,,,,,,,,,
2022-12-24,401468644,Denver Nuggets,Portland Trail Blazers,120,107,,,,,,,,,,,,,
2022-12-24,401468645,Phoenix Suns,Memphis Grizzlies,100,125,,,,,,,,,,,,,
2022-12-24,401468646,Sacramento Kings,Washington Wizards,111,125,,,,,,,,,,,,,
2022-12-24,401468647,Los Angeles Lakers,Charlotte Hornets,130,134,,,,,,,,,,,,,
2022-12-25,401468648,New York Knicks,Philadelphia 76ers,112,119,,,,,,,,,,,,,
2022-12-25,401468649,Dallas Mavericks,Los Angeles Lakers,124,115,,,,,,,,,,,,,
2022-12-25,401468650,Boston Celtics,Milwaukee Bucks,139,118,,,,,,,,,,,,,
2022-12-26,401468651,Golden State Warriors,Memphis Grizzlies,123,109,,,,,,,,,,,,,
2022-12-26,401468652,Denver Nuggets,Phoenix Suns,128,125,,,,,,,,,,,,,
2022-12-27,401468653,Cleveland Cavaliers,Brooklyn Nets,117,125,,,,,,,,,,,,,
2022-12-27,401468654,Detroit Pistons,LA Clippers,131,142,,,,,,,,,,,,,
2022-12-27,401468655,Miami Heat,Minnesota Timberwolves,113,110,,,,,,,,,,,,,
2022-12-27,401468656,Chicago Bulls,Houston Rockets,118,133,,,,,,,,,,,,,
2022-12-27,401468657,New Orleans Pelicans,Indiana Pacers,113,93,,,,,,,,,,,,,
2022-12-27,401468658,San Antonio Spurs,Utah Jazz,126,122,,,,,,,,,,,,,
2022-12-27,401468659,Portland Trail Blazers,Charlotte Hornets,124,113,,,,,,,,,,,,,
2022-12-28,401468660,Orlando Magic,Los Angeles Lakers,110,129,,,,,,,,,,,,,
2022-12-28,401468661,Washington Wizards,Philadelphia 76ers,116,111,,,,,,,,,,,,,
2022-12-28,401468662,Boston Celtics,Houston Rockets,126,102,,,,,,,,,,,,,
2022-12-28,401468663,Indiana Pacers,Atlanta Hawks,129,114,,,,,,,,,,,,,
2022-12-28,401468664,Toronto Raptors,LA Clippers,113,124,,,,,,,,,,,,,
2022-12-28,401468665,Memphis Grizzlies,Phoenix Suns,108,125,,,,,,,,,,,,,
2022-12-28,401468666,Oklahoma City Thunder,San Antonio Spurs,130,114,,,,,,,,,,,,,
2022-12-28,401468667,Dallas Mavericks,New York Knicks,126,121,,,,,,,,,,,,,
2022-12-28,401468668,Golden State Warriors,Charlotte Hornets,110,105,,,,,,,,,,,,,
2022-12-28,401468669,Sacramento Kings,Denver Nuggets,106,113,,,,,,,,,,,,,
2022-12-29,401468670,Detroit Pistons,Orlando Magic,121,101,,,,,,,,,,,,,
2022-12-29,401468671,Washington Wizards,Phoenix Suns,127,102,,,,,,,,,,,,,
2022-12-29,401468672,Atlanta Hawks,Brooklyn Nets,107,108,,,,,,,,,,,,,
2022-12-29,401468673,Miami Heat,Los Angeles Lakers,112,98,,,,,,,,,,,,,
2022-12-29,401468674,Chicago Bulls,Milwaukee Bucks,119,113,,,,,,,,,,,,,
2022-12-29,401468675,New Orleans Pelicans,Minnesota Timberwolves,119,118,,,,,,,,,,,,,
2022-12-29,401468676,Golden State Warriors,Utah Jazz,112,107,,,,,,,,,,,,,
2022-12-29,401468677,Sacramento Kings,Denver Nuggets,127,126,,,,,,,,,,,,,
2022-12-30,401468678,Charlotte Hornets,Oklahoma City Thunder,121,113,,,,,,,,,,,,,
2022-12-30,401468679,Indiana Pacers,Cleveland Cavaliers,135,126,,,,,,,,,,,,,
2022-12-30,401468680,Boston Celtics,LA Clippers,116,110,,,,,,,,,,,,,
2022-12-30,401468681,Toronto Raptors,Memphis Grizzlies,106,119,,,,,,,,,,,,,
2022-12-30,401468682,San Antonio Spurs,New York Knicks,122,115,,,,,,,,,,,,,
2022-12-30,401468683,Dallas Mavericks,Houston Rockets,129,114,,,,,,,,,,,,,
2022-12-31,401468684,Orlando Magic,Washington Wizards,100,119,,,,,,,,,,,,,
2022-12-31,401468685,Atlanta Hawks,Los Angeles Lakers,121,130,,,,,,,,,,,,,
2022-12-31,401468686,Toronto Raptors,Phoenix Suns,113,104,,,,,,,,,,,,,
2022-12-31,401468687,Chicago Bulls,Detroit Pistons,132,118,,,,,,,,,,,,,
2022-12-31,401468688,Milwaukee Bucks,Minnesota Timberwolves,123,114,,,,,,,,,,,,,
2022-12-31,401468689,New Orleans Pelicans,Philadelphia 76ers,127,116,,,,,,,,,,,,,
2022-12-31,401468690,Denver Nuggets,Miami Heat,124,119,,,,,,,,,,,,,
2022-12-31,401468691,Golden State Warriors,Portland Trail Blazers,118,112,,,,,,,,,,,,,
2022-12-31,401468692,Sacramento Kings,Utah Jazz,126,125,,,,,,,,,,,,,
2022-12-31,401468693,Indiana Pacers,LA Clippers,131,130,,,,,,,,,,,,,
2023-01-01,401468694,Charlotte Hornets,Brooklyn Nets,106,123,,,,,,,,,,,,,
2023-01-01,401468695,Chicago Bulls,Cleveland Cavaliers,102,103,,,,,,,,,,,,,
2023-01-01,401468696,Houston Rockets,New York Knicks,88,108,,,,,,,,,,,,,
2023-01-01,401468697,San Antonio Spurs,Dallas Mavericks,125,126,,,,,,,,,,,,,
2023-01-01,401468698,Memphis Grizzlies,New Orleans Pelicans,116,101,,,,,,,,,,,,,
2023-01-01,401468699,Minnesota Timberwolves,Detroit Pistons,104,116,,,,,,,,,,,,,
2023-01-01,401468700,Oklahoma City Thunder,Philadelphia 76ers,96,115,,,,,,,,,,,,,
2023-01-01,401468701,Utah Jazz,Miami Heat,123,126,,,,,,,,,,,,,
2023-01-02,401468702,Memphis Grizzlies,Sacramento Kings,118,108,,,,,,,,,,,,,
2023-01-02,401468703,Milwaukee Bucks,Washington Wizards,95,118,,,,,,,,,,,,,
2023-01-02,401468704,Denver Nuggets,Boston Celtics,123,111,,,,,,,,,,,,,
2023-01-02,401468705,New York Knicks,Phoenix Suns,102,83,,,,,,,,,,,,,
2023-01-03,401468706,Charlotte Hornets,Los Angeles Lakers,115,121,,,,,,,,,,,,,
2023-01-03,401468707,Cleveland Cavaliers,Chicago Bulls,145,134,,,,,,,,,,,,,
2023-01-03,401468708,Indiana Pacers,Toronto Raptors,122,114,,,,,,,,,,,,,
2023-01-03,401468709,Philadelphia 76ers,New Orleans Pelicans,120,111,,,,,,,,,,,,,
2023-01-03,401468710,Brooklyn Nets,San Antonio Spurs,139,103,,,,,,,,,,,,,
2023-01-03,401468711,Houston Rockets,Dallas Mavericks,106,111,,,,,,,,,,,,,
2023-01-03,401468712,Minnesota Timberwolves,Denver Nuggets,124,111,,,,,,,,,,,,,
2023-01-03,401468713,Golden State Warriors,Atlanta Hawks,143,141,,,,,,,,,,,,,
2023-01-03,401468714,Portland Trail Blazers,Detroit Pistons,135,106,,,,,,,,,,,,,
2023-01-03,401468715,LA Clippers,Miami Heat,100,110,,,,,,,,,,,,,
2023-01-04,401468716,Milwaukee Bucks,Washington Wizards,123,113,,,,,,,,,,,,,
2023-01-04,401468717,Oklahoma City Thunder,Boston Celtics,150,117,,,,,,,,,,,,,
2023-01-04,401468718,Utah Jazz,Sacramento Kings,115,117,,,,,,,,,,,,,
2023-01-05,401468719,Charlotte Hornets,Memphis Grizzlies,107,131,,,,,,,,,,,,,
2023-01-05,401468720,Cleveland Cavaliers,Phoenix Suns,90,88,,,,,,,,,,,,,
2023-01-05,401468721,Orlando Magic,Oklahoma City Thunder,126,115,,,,,,,,,,,,,
2023-01-05,401468722,Philadelphia 76ers,Indiana Pacers,129,126,,,,,,,,,,,,,
2023-01-05,401468723,New York Knicks,San Antonio Spurs,117,114,,,,,,,,,,,,,
2023-01-05,401468724,Toronto Raptors,Milwaukee Bucks,101,104,,,,,,,,,,,,,
2023-01-05,401468725,Chicago Bulls,Brooklyn Nets,121,112,,,,,,,,,,,,,
2023-01-05,401468726,Minnesota Timberwolves,Portland Trail Blazers,113,106,,,,,,,,,,,,,
2023-01-05,401468727,New Orleans Pelicans,Houston Rockets,119,108,,,,,,,,,,,,,
2023-01-05,401468728,Golden State Warriors,Detroit Pistons,119,122,,,,,,,,,,,,,
2023-01-05,401468729,Los Angeles Lakers,Miami Heat,112,109,,,,,,,,,,,,,
2023-01-05,401468730,Sacramento Kings,Atlanta Hawks,117,120,,,,,,,,,,,,,
2023-01-06,401468731,Orlando Magic,Memphis Grizzlies,115,123,,,,,,,,,,,,,
2023-01-06,401468732,Dallas Mavericks,Boston Celtics,95,124,,,,,,,,,,,,,
2023-01-06,401468733,Houston Rockets,Utah Jazz,114,131,,,,,,,,,,,,,
2023-01-06,401468734,Denver Nuggets,LA Clippers,122,91,,,,,,,,,,,,,
2023-01-07,401468735,Indiana Pacers,Portland Trail Blazers,108,99,,,,,,,,,,,,,
2023-01-07,401468736,Philadelphia 76ers,Chicago Bulls,112,126,,,,,,,,,,,,,
2023-01-07,401468737,Toronto Raptors,New York Knicks,108,112,,,,,,,,,,,,,
2023-01-07,401468738,Milwaukee Bucks,Charlotte Hornets,109,138,,,,,,,,,,,,,
2023-01-07,401468739,Oklahoma City Thunder,Washington Wizards,127,110,,,,,,,,,,,,,
2023-01-07,401468740,San Antonio Spurs,Detroit Pistons,121,109,,,,,,,,,,,,,
2023-01-07,401468741,New Orleans Pelicans,Brooklyn Nets,102,108,,,,,,,,,,,,,
2023-01-07,401468742,Minnesota Timberwolves,LA Clippers,128,115,,,,,,,,,,,,,
2023-01-07,401468743,Denver Nuggets,Cleveland Cavaliers,121,108,,,,,,,,,,,,,
2023-01-07,401468744,Phoenix Suns,Miami Heat,96,104,,,,,,,,,,,,,
2023-01-07,401468745,Los Angeles Lakers,Atlanta Hawks,130,114,,,,,,,,,,,,,
2023-01-07,401468746,San Antonio Spurs,Boston Celtics,116,121,,,,,,,,,,,,,
2023-01-08,401468747,Chicago Bulls,Utah Jazz,126,118,,,,,,,,,,,,,
2023-01-08,401468748,Dallas Mavericks,New Orleans Pelicans,127,117,,,,,,,,,,,,,
2023-01-08,401468749,Golden State Warriors,Orlando Magic,101,115,,,,,,,,,,,,,
2023-01-08,401468750,Sacramento Kings,Los Angeles Lakers,134,136,,,,,,,,,,,,,
2023-01-08,401468751,Detroit Pistons,Philadelphia 76ers,111,123,,,,,,,,,,,,,
2023-01-08,401468752,Toronto Raptors,Portland Trail Blazers,117,105,,,,,,,,,,,,,
2023-01-08,401468753,Indiana Pacers,Charlotte Hornets,116,111,,,,,,,,,,,,,
2023-01-08,401468754,Miami Heat,Brooklyn Nets,101,102,,,,,,,,,,,,,
2023-01-08,401468755,Memphis Grizzlies,Utah Jazz,123,118,,,,,,,,,,,,,
2023-01-09,401468756,Houston Rockets,Minnesota Timberwolves,96,104,,,,,,,,,,,,,
2023-01-09,401468757,Oklahoma City Thunder,Dallas Mavericks,120,109,,,,,,,,,,,,,
2023-01-09,401468758,Phoenix Suns,Cleveland Cavaliers,98,112,,,,,,,,,,,,,
2023-01-09,401468759,LA Clippers,Atlanta Hawks,108,112,,,,,,,,,,,,,
2023-01-10,401468760,Washington Wizards,New Orleans Pelicans,112,132,,,,,,,,,,,,,
2023-01-10,401468761,Boston Celtics,Chicago Bulls,107,99,,,,,,,,,,,,,
2023-01-10,401468762,New York Knicks,Milwaukee Bucks,107,111,,,,,,,,,,,,,
2023-01-10,401468763,Memphis Grizzlies,San Antonio Spurs,121,113,,,,,,,,,,,,,
2023-01-10,401468764,Denver Nuggets,Los Angeles Lakers,122,109,,,,,,,,,,,,,
2023-01-10,401468765,Sacramento Kings,Orlando Magic,136,111,,,,,,,,,,,,,
2023-01-11,401468766,Miami Heat,Oklahoma City Thunder,112,111,,,,,,,,,,,,,
2023-01-11,401468767,Philadelphia 76ers,Detroit Pistons,147,116,,,,,,,,,,,,,
2023-01-11,401468768,Toronto Raptors,Charlotte Hornets,132,120,,,,,,,,,,,,,
2023-01-11,401468769,Utah Jazz,Cleveland Cavaliers,116,114,,,,,,,,,,,,,
2023-01-11,401468770,Golden State Warriors,Phoenix Suns,113,125,,,,,,,,,,,,,
2023-01-11,401468771,Portland Trail Blazers,Orlando Magic,106,109,,,,,,,,,,,,,
2023-01-11,401468772,LA Clippers,Dallas Mavericks,113,101,,,,,,,,,,,,,
2023-01-12,401468773,Detroit Pistons,Minnesota Timberwolves,135,118,,,,,,,,,,,,,
2023-01-12,401468774,Washington Wizards,Chicago Bulls,100,97,,,,,,,,,,,,,
2023-01-12,401468775,Atlanta Hawks,Milwaukee Bucks,105,114,,,,,,,,,,,,,
2023-01-12,401468776,Boston Celtics,New Orleans Pelicans,125,114,,,,,,,,,,,,,
2023-01-12,401468777,New York Knicks,Indiana Pacers,119,113,,,,,,,,,,,,,
2023-01-12,401468778,Memphis Grizzlies,San Antonio Spurs,135,129,,,,,,,,,,,,,
2023-01-12,401468779,Denver Nuggets,Phoenix Suns,126,97,,,,,,,,,,,,,
2023-01-12,401468780,Sacramento Kings,Houston Rockets,135,115,,,,,,,,,,,,,
2023-01-13,401468781,Philadelphia 76ers,Oklahoma City Thunder,114,133,,,,,,,,,,,,,
2023-01-13,401468782,Brooklyn Nets,Boston Celtics,98,109,,,,,,,,,,,,,
2023-01-13,401468783,Miami Heat,Milwaukee Bucks,108,102,,,,,,,,,,,,,
2023-01-13,401468784,Toronto Raptors,Charlotte Hornets,124,114,,,,,,,,,,,,,
2023-01-13,401468785,Los Angeles Lakers,Dallas Mavericks,115,119,,,,,,,,,,,,,
2023-01-13,401468786,Portland Trail Blazers,Cleveland Cavaliers,113,119,,,,,,,,,,,,,
2023-01-14,401468787,Detroit Pistons,New Orleans Pelicans,110,116,,,,,,,,,,,,,
2023-01-14,401468788,Indiana Pacers,Atlanta Hawks,111,113,,,,,,,,,,,,,
2023-01-14,401468789,Washington Wizards,New York Knicks,108,112,,,,,,,,,,,,,
2023-01-14,401468790,San Antonio Spurs,Golden State Warriors,113,144,,,,,,,,,,,,,
2023-01-14,401468791,Chicago Bulls,Oklahoma City Thunder,110,124,,,,,,,,,,,,,
2023-01-14,401468792,Minnesota Timberwolves,Phoenix Suns,121,116,,,,,,,,,,,,,
2023-01-14,401468793,Utah Jazz,Orlando Magic,112,108,,,,,,,,,,,,,
2023-01-14,401468794,LA Clippers,Denver Nuggets,103,115,,,,,,,,,,,,,
2023-01-14,401468795,Sacramento Kings,Houston Rockets,139,114,,,,,,,,,,,,,
2023-01-14,401468796,Miami Heat,Milwaukee Bucks,111,95,,,,,,,,,,,,,
2023-01-15,401468797,Charlotte Hornets,Boston Celtics,106,122,,,,,,,,,,,,,
2023-01-15,401468798,Indiana Pacers,Memphis Grizzlies,112,130,,,,,,,,,,,,,
2023-01-15,401468799,Toronto Raptors,Atlanta Hawks,103,114,,,,,,,,,,,,,
2023-01-15,401468800,Minnesota Timberwolves,Cleveland Cavaliers,110,102,,,,,,,,,,,,,
2023-01-15,401468801,Utah Jazz,Philadelphia 76ers,117,118,,,,,,,,,,,,,
2023-01-15,401468802,Portland Trail Blazers,Dallas Mavericks,136,119,,,,,,,,,,,,,
2023-01-15,401468803,Detroit Pistons,New York Knicks,104,117,,,,,,,,,,,,,
2023-01-15,401468804,LA Clippers,Houston Rockets,121,100,,,,,,,,,,,,,
2023-01-15,401468805,Chicago Bulls,Golden State Warriors,132,118,,,,,,,,,,,,,
2023-01-15,401468806,Brooklyn Nets,Oklahoma City Thunder,102,112,,,,,,,,,,,,,
2023-01-16,401468807,San Antonio Spurs,Sacramento Kings,119,132,,,,,,,,,,,,,
2023-01-16,401468808,Denver Nuggets,Orlando Magic,119,116,,,,,,,,,,,,,
2023-01-16,401468809,Portland Trail Blazers,Dallas Mavericks,140,123,,,,,,,,,,,,,
2023-01-16,401468810,Los Angeles Lakers,Philadelphia 76ers,112,113,,,,,,,,,,,,,
2023-01-16,401468811,Charlotte Hornets,Boston Celtics,118,130,,,,,,,,,,,,,
2023-01-16,401468812,Milwaukee Bucks,Indiana Pacers,132,119,,,,,,,,,,,,,
2023-01-16,401468813,Cleveland Cavaliers,New Orleans Pelicans,113,103,,,,,,,,,,,,,
2023-01-16,401468814,New York Knicks,Toronto Raptors,121,123,,,,,,,,,,,,,
2023-01-16,401468815,Washington Wizards,Golden State Warriors,118,127,,,,,,,,,,,,,
2023-01-16,401468816,Atlanta Hawks,Miami Heat,121,113,,,,,,,,,,,,,
2023-01-16,401468817,Minnesota Timberwolves,Utah Jazz,125,126,,,,,,,,,,,,,
2023-01-16,401468818,Memphis Grizzlies,Phoenix Suns,136,106,,,,,,,,,,,,,
2023-01-17,401468819,Los Angeles Lakers,Houston Rockets,140,132,,,,,,,,,,,,,
2023-01-18,401468820,Milwaukee Bucks,Toronto Raptors,130,122,,,,,,,,,,,,,
2023-01-18,401468821,San Antonio Spurs,Brooklyn Nets,106,98,,,,,,,,,,,,,
2023-01-18,401468822,Denver Nuggets,Portland Trail Blazers,122,113,,,,,,,,,,,,,
2023-01-18,401468823,LA Clippers,Philadelphia 76ers,110,120,,,,,,,,,,,,,
2023-01-19,401468824,New York Knicks,Washington Wizards,105,116,,,,,,,,,,,,,
2023-01-19,401468825,Dallas Mavericks,Atlanta Hawks,122,130,,,,,,,,,,,,,
2023-01-19,401468826,Houston Rockets,Charlotte Hornets,117,122,,,,,,,,,,,,,
2023-01-19,401468827,Memphis Grizzlies,Cleveland Cavaliers,115,114,,,,,,,,,,,,,
2023-01-19,401468828,New Orleans Pelicans,Miami Heat,98,124,,,,,,,,,,,,,
2023-01-19,401468829,Oklahoma City Thunder,Indiana Pacers,126,106,,,,,,,,,,,,,
2023-01-19,401468830,Utah Jazz,LA Clippers,126,103,,,,,,,,,,,,,
2023-01-19,401468831,Denver Nuggets,Minnesota Timberwolves,122,118,,,,,,,,,,,,,
2023-01-19,401468832,Los Angeles Lakers,Sacramento Kings,111,116,,,,,,,,,,,,,
2023-01-19,401468833,Detroit Pistons,Chicago Bulls,108,126,,,,,,,,,,,,,
2023-01-20,401468834,Boston Celtics,Golden State Warriors,121,118,,,,,,,,,,,,,
2023-01-20,401468835,Minnesota Timberwolves,Toronto Raptors,128,126,,,,,,,,,,,,,
2023-01-20,401468836,Phoenix Suns,Brooklyn Nets,117,112,,,,,,,,,,,,,
2023-01-20,401468837,Portland Trail Blazers,Philadelphia 76ers,95,105,,,,,,,,,,,,,
2023-01-21,401468838,Orlando Magic,New Orleans Pelicans,123,110,,,,,,,,,,,,,
2023-01-21,401468839,Atlanta Hawks,New York Knicks,139,124,,,,,,,,,,,,,
2023-01-21,401468840,Cleveland Cavaliers,Golden State Warriors,114,120,,,,,,,,,,,,,
2023-01-21,401468841,Dallas Mavericks,Miami Heat,115,90,,,,,,,,,,,,,
2023-01-21,401468842,San Antonio Spurs,LA Clippers,126,131,,,,,,,,,,,,,
2023-01-21,401468843,Denver Nuggets,Indiana Pacers,134,111,,,,,,,,,,,,,
2023-01-21,401468844,Utah Jazz,Brooklyn Nets,106,117,,,,,,,,,,,,,
2023-01-21,401468845,Los Angeles Lakers,Memphis Grizzlies,122,121,,,,,,,,,,,,,
2023-01-21,401468846,Sacramento Kings,Oklahoma City Thunder,118,113,,,,,,,,,,,,,
2023-01-21,401468847,Toronto Raptors,Boston Celtics,104,106,,,,,,,,,,,,,
2023-01-22,401468848,Washington Wizards,Orlando Magic,138,118,,,,,,,,,,,,,
2023-01-22,401468849,Atlanta Hawks,Charlotte Hornets,118,122,,,,,,,,,,,,,
2023-01-22,401468850,Cleveland Cavaliers,Milwaukee Bucks,114,102,,,,,,,,,,,,,
2023-01-22,401468851,Minnesota Timberwolves,Houston Rockets,113,104,,,,,,,,,,,,,
2023-01-22,401468852,Phoenix Suns,Indiana Pacers,112,107,,,,,,,,,,,,,
2023-01-22,401468853,Sacramento Kings,Philadelphia 76ers,127,129,,,,,,,,,,,,,
2023-01-22,401468854,Miami Heat,New Orleans Pelicans,100,96,,,,,,,,,,,,,
2023-01-22,401468855,Toronto Raptors,New York Knicks,125,116,,,,,,,,,,,,,
2023-01-22,401468856,Dallas Mavericks,LA Clippers,98,112,,,,,,,,,,,,,
2023-01-23,401468857,Denver Nuggets,Oklahoma City Thunder,99,101,,,,,,,,,,,,,
2023-01-23,401468858,Phoenix Suns,Memphis Grizzlies,112,110,,,,,,,,,,,,,
2023-01-23,401468859,Golden State Warriors,Brooklyn Nets,116,120,,,,,,,,,,,,,
2023-01-23,401468860,Portland Trail Blazers,Los Angeles Lakers,112,121,,,,,,,,,,,,,
2023-01-24,401468861,Detroit Pistons,Milwaukee Bucks,130,150,,,,,,,,,,,,,
2023-01-24,401468862,Orlando Magic,Boston Celtics,113,98,,,,,,,,,,,,,
2023-01-24,401468863,Chicago Bulls,Atlanta Hawks,111,100,,,,,,,,,,,,,
2023-01-24,401468864,Houston Rockets,Minnesota Timberwolves,119,114,,,,,,,,,,,,,
2023-01-24,401468865,Utah Jazz,Charlotte Hornets,120,102,,,,,,,,,,,,,
2023-01-24,401468866,Portland Trail Blazers,San Antonio Spurs,147,127,,,,,,,,,,,,,
2023-01-24,401468867,Sacramento Kings,Memphis Grizzlies,133,100,,,,,,,,,,,,,
2023-01-25,401468868,Indiana Pacers,Chicago Bulls,116,110,,,,,,,,,,,,,
2023-01-25,401468869,Miami Heat,Boston Celtics,98,95,,,,,,,,,,,,,
2023-01-25,401468870,New York Knicks,Cleveland Cavaliers,105,103,,,,,,,,,,,,,
2023-01-25,401468871,New Orleans Pelicans,Denver Nuggets,98,99,,,,,,,,,,,,,
2023-01-25,401468872,Dallas Mavericks,Washington Wizards,126,127,,,,,,,,,,,,,
2023-01-25,401468873,Phoenix Suns,Charlotte Hornets,128,97,,,,,,,,,,,,,
2023-01-25,401468874,Los Angeles Lakers,LA Clippers,115,133,,,,,,,,,,,,,
2023-01-26,401468875,Orlando Magic,Indiana Pacers,126,120,,,,,,,,,,,,,
2023-01-26,401468876,Philadelphia 76ers,Brooklyn Nets,137,133,,,,,,,,,,,,,
2023-01-26,401468877,Houston Rockets,Washington Wizards,103,108,,,,,,,,,,,,,
2023-01-26,401468878,Milwaukee Bucks,Denver Nuggets,107,99,,,,,,,,,,,,,
2023-01-26,401468879,New Orleans Pelicans,Minnesota Timberwolves,102,111,,,,,,,,,,,,,
2023-01-26,401468880,Oklahoma City Thunder,Atlanta Hawks,132,137,,,,,,,,,,,,,
2023-01-26,401468881,Golden State Warriors,Memphis Grizzlies,122,120,,,,,,,,,,,,,
2023-01-26,401468882,Portland Trail Blazers,Utah Jazz,134,124,,,,,,,,,,,,,
2023-01-26,401468883,Sacramento Kings,Toronto Raptors,95,113,,,,,,,,,,,,,
2023-01-26,401468884,Los Angeles Lakers,San Antonio Spurs,113,104,,,,,,,,,,,,,
2023-01-27,401468885,Boston Celtics,New York Knicks,117,120,,,,,,,,,,,,,
2023-01-27,401468886,Brooklyn Nets,Detroit Pistons,122,130,,,,,,,,,,,,,
2023-01-27,401468887,Charlotte Hornets,Chicago Bulls,111,96,,,,,,,,,,,,,
2023-01-27,401468888,Houston Rockets,Cleveland Cavaliers,95,113,,,,,,,,,,,,,
2023-01-27,401468889,Phoenix Suns,Dallas Mavericks,95,99,,,,,,,,,,,,,
2023-01-27,401468890,LA Clippers,San Antonio Spurs,138,100,,,,,,,,,,,,,
2023-01-28,401468891,Indiana Pacers,Milwaukee Bucks,131,141,,,,,,,,,,,,,
2023-01-28,401468892,Minnesota Timberwolves,Memphis Grizzlies,111,100,,,,,,,,,,,,,
2023-01-28,401468893,Miami Heat,Orlando Magic,110,105,,,,,,,,,,,,,
2023-01-28,401468894,Oklahoma City Thunder,Cleveland Cavaliers,112,100,,,,,,,,,,,,,
2023-01-28,401468895,Golden State Warriors,Toronto Raptors,129,117,,,,,,,,,,,,,
2023-01-28,401468896,Philadelphia 76ers,Denver Nuggets,126,119,,,,,,,,,,,,,
2023-01-28,401468897,Brooklyn Nets,New York Knicks,122,115,,,,,,,,,,,,,
2023-01-29,401468898,Detroit Pistons,Houston Rockets,114,117,,,,,,,,,,,,,
2023-01-29,401468899,Orlando Magic,Chicago Bulls,109,128,,,,,,,,,,,,,
2023-01-29,401468900,Atlanta Hawks,LA Clippers,113,120,,,,,,,,,,,,,
2023-01-29,401468901,Minnesota Timberwolves,Sacramento Kings,117,110,,,,,,,,,,,,,
2023-01-29,401468902,New Orleans Pelicans,Washington Wizards,103,113,,,,,,,,,,,,,
2023-01-29,401468903,San Antonio Spurs,Phoenix Suns,118,128,,,,,,,,,,,,,
2023-01-29,401468904,Boston Celtics,Los Angeles Lakers,125,121,,,,,,,,,,,,,
2023-01-29,401468905,Utah Jazz,Dallas Mavericks,108,100,,,,,,,,,,,,,
2023-01-29,401468906,Portland Trail Blazers,Toronto Raptors,105,123,,,,,,,,,,,,,
2023-01-29,401468907,Charlotte Hornets,Miami Heat,122,117,,,,,,,,,,,,,
2023-01-29,401468908,Memphis Grizzlies,Indiana Pacers,112,100,,,,,,,,,,,,,
2023-01-30,401468909,Cleveland Cavaliers,LA Clippers,122,99,,,,,,,,,,,,,
2023-01-30,401468910,Milwaukee Bucks,New Orleans Pelicans,135,110,,,,,,,,,,,,,
2023-01-31,401468911,Philadelphia 76ers,Orlando Magic,109,119,,,,,,,,,,,,,
2023-01-31,401468912,Brooklyn Nets,Los Angeles Lakers,121,104,,,,,,,,,,,,,
2023-01-31,401468913,Minnesota Timberwolves,Sacramento Kings,111,118,,,,,,,,,,,,,
2023-01-31,401468914,Oklahoma City Thunder,Golden State Warriors,120,128,,,,,,,,,,,,,
2023-01-31,401468915,San Antonio Spurs,Washington Wizards,106,127,,,,,,,,,,,,,
2023-01-31,401468916,Dallas Mavericks,Detroit Pistons,111,105,,,,,,,,,,,,,
2023-01-31,401468917,Phoenix Suns,Toronto Raptors,114,106,,,,,,,,,,,,,
2023-01-31,401468918,Portland Trail Blazers,Atlanta Hawks,129,125,,,,,,,,,,,,,
2023-02-01,401468919,Cleveland Cavaliers,Miami Heat,97,100,,,,,,,,,,,,,
2023-02-01,401468920,New York Knicks,Los Angeles Lakers,123,129,,,,,,,,,,,,,
2023-02-01,401468921,Chicago Bulls,LA Clippers,103,108,,,,,,,,,,,,,
2023-02-01,401468922,Milwaukee Bucks,Charlotte Hornets,124,115,,,,,,,,,,,,,
2023-02-01,401468923,Denver Nuggets,New Orleans Pelicans,122,113,,,,,,,,,,,,,
2023-02-02,401468924,Detroit Pistons,Washington Wizards,0,0,,,,,,,,,,,,,
2023-02-02,401468925,Philadelphia 76ers,Orlando Magic,105,94,,,,,,,,,,,,,
2023-02-02,401468926,Memphis Grizzlies,Portland Trail Blazers,112,122,,,,,,,,,,,,,
2023-02-02,401468927,Boston Celtics,Brooklyn Nets,139,96,,,,,,,,,,,,,
2023-02-02,401468928,Houston Rockets,Oklahoma City Thunder,112,106,,,,,,,,,,,,,
2023-02-02,401468929,Minnesota Timberwolves,Golden State Warriors,119,114,,,,,,,,,,,,,
2023-02-02,401468930,San Antonio Spurs,Sacramento Kings,109,119,,,,,,,,,,,,,
2023-02-02,401468931,Utah Jazz,Toronto Raptors,131,128,,,,,,,,,,,,,
2023-02-02,401468932,Phoenix Suns,Atlanta Hawks,100,132,,,,,,,,,,,,,
2023-02-03,401468933,Indiana Pacers,Los Angeles Lakers,111,112,,,,,,,,,,,,,
2023-02-03,401468934,Cleveland Cavaliers,Memphis Grizzlies,128,113,,,,,,,,,,,,,
2023-02-03,401468935,New York Knicks,Miami Heat,106,104,,,,,,,,,,,,,
2023-02-03,401468936,Chicago Bulls,Charlotte Hornets,114,98,,,,,,,,,,,,,
2023-02-03,401468937,Dallas Mavericks,New Orleans Pelicans,111,106,,,,,,,,,,,,,
2023-02-03,401468938,Denver Nuggets,Golden State Warriors,134,117,,,,,,,,,,,,,
2023-02-03,401468939,Milwaukee Bucks,LA Clippers,106,105,,,,,,,,,,,,,
2023-02-04,401468940,Detroit Pistons,Charlotte Hornets,118,112,,,,,,,,,,,,,
2023-02-04,401468941,Indiana Pacers,Sacramento Kings,107,104,,,,,,,,,,,,,
2023-02-04,401468942,Washington Wizards,Portland Trail Blazers,116,124,,,,,,,,,,,,,
2023-02-04,401468943,Boston Celtics,Phoenix Suns,94,106,,,,,,,,,,,,,
2023-02-04,401468944,Houston Rockets,Toronto Raptors,111,117,,,,,,,,,,,,,
2023-02-04,401468945,Minnesota Timberwolves,Orlando Magic,120,127,,,,,,,,,,,,,
2023-02-04,401468946,San Antonio Spurs,Philadelphia 76ers,125,137,,,,,,,,,,,,,
2023-02-04,401468947,Utah Jazz,Atlanta Hawks,108,115,,,,,,,,,,,,,
2023-02-04,401468948,Brooklyn Nets,Washington Wizards,125,123,,,,,,,,,,,,,
2023-02-04,401468953,New Orleans Pelicans,Los Angeles Lakers,131,126,,,,,,,,,,,,,
2023-02-05,401468949,Detroit Pistons,Phoenix Suns,100,116,,,,,,,,,,,,,
2023-02-05,401468950,New York Knicks,LA Clippers,128,134,,,,,,,,,,,,,
2023-02-05,401468951,Chicago Bulls,Portland Trail Blazers,129,121,,,,,,,,,,,,,
2023-02-05,401468952,Milwaukee Bucks,Miami Heat,123,115,,,,,,,,,,,,,
2023-02-05,401468954,Oklahoma City Thunder,Houston Rockets,153,121,,,,,,,,,,,,,
2023-02-05,401468955,Golden State Warriors,Dallas Mavericks,119,113,,,,,,,,,,,,,
2023-02-05,401468956,Denver Nuggets,Atlanta Hawks,128,108,,,,,,,,,,,,,
2023-02-05,401468957,Charlotte Hornets,Orlando Magic,113,119,,,,,,,,,,,,,
2023-02-05,401468958,Indiana Pacers,Cleveland Cavaliers,103,122,,,,,,,,,,,,,
2023-02-05,401468959,New York Knicks,Philadelphia 76ers,108,97,,,,,,,,,,,,,
2023-02-05,401468960,Memphis Grizzlies,Toronto Raptors,103,106,,,,,,,,,,,,,
2023-02-06,401468961,Minnesota Timberwolves,Denver Nuggets,128,98,,,,,,,,,,,,,
2023-02-06,401468962,New Orleans Pelicans,Sacramento Kings,136,104,,,,,,,,,,,,,
2023-02-07,401468963,Detroit Pistons,Boston Celtics,99,111,,,,,,,,,,,,,
2023-02-07,401468964,Washington Wizards,Cleveland Cavaliers,91,114,,,,,,,,,,,,,
2023-02-07,401468965,Brooklyn Nets,LA Clippers,116,124,,,,,,,,,,,,,
2023-02-07,401468966,Chicago Bulls,San Antonio Spurs,128,104,,,,,,,,,,,,,
2023-02-07,401468967,Houston Rockets,Sacramento Kings,120,140,,,,,,,,,,,,,
2023-02-07,401468968,Utah Jazz,Dallas Mavericks,111,124,,,,,,,,,,,,,
2023-02-07,401468969,Golden State Warriors,Oklahoma City Thunder,141,114,,,,,,,,,,,,,
2023-02-07,401468970,Portland Trail Blazers,Milwaukee Bucks,108,127,,,,,,,,,,,,,
2023-02-08,401468971,Orlando Magic,New York Knicks,98,102,,,,,,,,,,,,,
2023-02-08,401468972,Brooklyn Nets,Phoenix Suns,112,116,,,,,,,,,,,,,
2023-02-08,401468973,New Orleans Pelicans,Atlanta Hawks,116,107,,,,,,,,,,,,,
2023-02-08,401468974,Memphis Grizzlies,Chicago Bulls,104,89,,,,,,,,,,,,,
2023-02-08,401468975,Denver Nuggets,Minnesota Timberwolves,146,112,,,,,,,,,,,,,
2023-02-08,401468976,Los Angeles Lakers,Oklahoma City Thunder,130,133,,,,,,,,,,,,,
2023-02-09,401468977,Cleveland Cavaliers,Detroit Pistons,113,85,,,,,,,,,,,,,
2023-02-09,401468978,Washington Wizards,Charlotte Hornets,118,104,,,,,,,,,,,,,
2023-02-09,401468979,Boston Celtics,Philadelphia 76ers,106,99,,,,,,,,,,,,,
2023-02-09,401468980,Miami Heat,Indiana Pacers,116,111,,,,,,,,,,,,,
2023-02-09,401468981,Toronto Raptors,San Antonio Spurs,112,98,,,,,,,,,,,,,
2023-02-09,401468982,Houston Rockets,Sacramento Kings,128,130,,,,,,,,,,,,,
2023-02-09,401468983,Utah Jazz,Minnesota Timberwolves,118,143,,,,,,,,,,,,,
2023-02-09,401468984,LA Clippers,Dallas Mavericks,104,110,,,,,,,,,,,,,
2023-02-09,401468985,Portland Trail Blazers,Golden State Warriors,125,122,,,,,,,,,,,,,
2023-02-10,401468986,Orlando Magic,Denver Nuggets,115,104,,,,,,,,,,,,,
2023-02-10,401468987,Atlanta Hawks,Phoenix Suns,116,107,,,,,,,,,,,,,
2023-02-10,401468988,Brooklyn Nets,Chicago Bulls,116,105,,,,,,,,,,,,,
2023-02-10,401468989,Los Angeles Lakers,Milwaukee Bucks,106,115,,,,,,,,,,,,,
2023-02-11,401468990,Detroit Pistons,San Antonio Spurs,138,131,,,,,,,,,,,,,
2023-02-11,401468991,Indiana Pacers,Phoenix Suns,104,117,,,,,,,,,,,,,
2023-02-11,401468992,Philadelphia 76ers,New York Knicks,119,108,,,,,,,,,,,,,
2023-02-11,401468993,Boston Celtics,Charlotte Hornets,127,116,,,,,,,,,,,,,
2023-02-11,401468994,Toronto Raptors,Utah Jazz,116,122,,,,,,,,,,,,,
2023-02-11,401468995,Miami Heat,Houston Rockets,97,95,,,,,,,,,,,,,
2023-02-11,401468996,Memphis Grizzlies,Minnesota Timberwolves,128,107,,,,,,,,,,,,,
2023-02-11,401468997,New Orleans Pelicans,Cleveland Cavaliers,107,118,,,,,,,,,,,,,
2023-02-11,401468998,Portland Trail Blazers,Oklahoma City Thunder,129,138,,,,,,,,,,,,,
2023-02-11,401468999,Sacramento Kings,Dallas Mavericks,114,122,,,,,,,,,,,,,
2023-02-11,401469000,LA Clippers,Milwaukee Bucks,106,119,,,,,,,,,,,,,
2023-02-11,401469001,Brooklyn Nets,Philadelphia 76ers,98,101,,,,,,,,,,,,,
2023-02-12,401469002,Charlotte Hornets,Denver Nuggets,105,119,,,,,,,,,,,,,
2023-02-12,401469003,Orlando Magic,Miami Heat,103,107,,,,,,,,,,,,,
2023-02-12,401469004,Washington Wizards,Indiana Pacers,127,113,,,,,,,,,,,,,
2023-02-12,401469005,Atlanta Hawks,San Antonio Spurs,125,106,,,,,,,,,,,,,
2023-02-12,401469006,New York Knicks,Utah Jazz,126,120,,,,,,,,,,,,,
2023-02-12,401469007,Cleveland Cavaliers,Chicago Bulls,97,89,,,,,,,,,,,,,
2023-02-12,401469008,Golden State Warriors,Los Angeles Lakers,103,109,,,,,,,,,,,,,
2023-02-12,401469009,Sacramento Kings,Dallas Mavericks,133,128,,,,,,,,,,,,,
2023-02-12,401469010,Boston Celtics,Memphis Grizzlies,119,109,,,,,,,,,,,,,
2023-02-12,401469011,Toronto Raptors,Detroit Pistons,119,118,,,,,,,,,,,,,
2023-02-14,401469012,Charlotte Hornets,Atlanta Hawks,144,138,,,,,,,,,,,,,
2023-02-14,401469013,Cleveland Cavaliers,San Antonio Spurs,117,109,,,,,,,,,,,,,
2023-02-14,401469014,Indiana Pacers,Utah Jazz,117,123,,,,,,,,,,,,,
2023-02-14,401469015,Philadelphia 76ers,Houston Rockets,123,104,,,,,,,,,,,,,
2023-02-14,401469016,Miami Heat,Denver Nuggets,108,112,,,,,,,,,,,,,
2023-02-14,401469017,New York Knicks,Brooklyn Nets,124,106,,,,,,,,,,,,,
2023-02-14,401469018,Chicago Bulls,Orlando Magic,91,100,,,,,,,,,,,,,
2023-02-14,401469019,Oklahoma City Thunder,New Orleans Pelicans,100,103,,,,,,,,,,,,,
2023-02-14,401469020,Dallas Mavericks,Minnesota Timberwolves,121,124,,,,,,,,,,,,,
2023-02-14,401469021,Golden State Warriors,Washington Wizards,135,126,,,,,,,,,,,,,
2023-02-14,401469022,Portland Trail Blazers,Los Angeles Lakers,127,115,,,,,,,,,,,,,
2023-02-15,401469023,Toronto Raptors,Orlando Magic,123,113,,,,,,,,,,,,,
2023-02-15,401469024,Milwaukee Bucks,Boston Celtics,131,125,,,,,,,,,,,,,
2023-02-15,401469025,Phoenix Suns,Sacramento Kings,120,109,,,,,,,,,,,,,
2023-02-15,401469026,LA Clippers,Golden State Warriors,134,124,,,,,,,,,,,,,
2023-02-15,401469027,Portland Trail Blazers,Washington Wizards,101,126,,,,,,,,,,,,,
2023-02-16,401469028,Charlotte Hornets,San Antonio Spurs,120,110,,,,,,,,,,,,,
2023-02-16,401469029,Indiana Pacers,Chicago Bulls,117,113,,,,,,,,,,,,,
2023-02-16,401469030,Philadelphia 76ers,Cleveland Cavaliers,118,112,,,,,,,,,,,,,
2023-02-16,401469031,Atlanta Hawks,New York Knicks,101,122,,,,,,,,,,,,,
2023-02-16,401469032,Boston Celtics,Detroit Pistons,127,109,,,,,,,,,,,,,
2023-02-16,401469033,Brooklyn Nets,Miami Heat,116,105,,,,,,,,,,,,,
2023-02-16,401469034,Memphis Grizzlies,Utah Jazz,117,111,,,,,,,,,,,,,
2023-02-16,401469035,Oklahoma City Thunder,Houston Rockets,133,96,,,,,,,,,,,,,
2023-02-16,401469036,Denver Nuggets,Dallas Mavericks,118,109,,,,,,,,,,,,,
2023-02-16,401469037,Los Angeles Lakers,New Orleans Pelicans,120,102,,,,,,,,,,,,,
2023-02-17,401469038,Chicago Bulls,Milwaukee Bucks,100,112,,,,,,,,,,,,,
2023-02-17,401469039,Minnesota Timberwolves,Washington Wizards,106,114,,,,,,,,,,,,,
2023-02-17,401469040,Phoenix Suns,LA Clippers,107,116,,,,,,,,,,,,,
2023-02-24,401469041,Cleveland Cavaliers,Denver Nuggets,109,115,,,,,,,,,,,,,
2023-02-24,401469042,Indiana Pacers,Boston Celtics,138,142,,,,,,,,,,,,,
2023-02-24,401469043,Orlando Magic,Detroit Pistons,108,106,,,,,,,,,,,,,
2023-02-24,401469044,Philadelphia 76ers,Memphis Grizzlies,110,105,,,,,,,,,,,,,
2023-02-24,401469045,Toronto Raptors,New Orleans Pelicans,115,110,,,,,,,,,,,,,
2023-02-24,401469046,Dallas Mavericks,San Antonio Spurs,142,116,,,,,,,,,,,,,
2023-02-24,401469047,Utah Jazz,Oklahoma City Thunder,120,119,,,,,,,,,,,,,
2023-02-24,401469048,Los Angeles Lakers,Golden State Warriors,124,111,,,,,,,,,,,,,
2023-02-24,401469049,Sacramento Kings,Portland Trail Blazers,133,116,,,,,,,,,,,,,
2023-02-25,401469050,Washington Wizards,New York Knicks,109,115,,,,,,,,,,,,,
2023-02-25,401469051,Atlanta Hawks,Cleveland Cavaliers,136,119,,,,,,,,,,,,,
2023-02-25,401469052,Milwaukee Bucks,Miami Heat,128,99,,,,,,,,,,,,,
2023-02-25,401469053,Minnesota Timberwolves,Charlotte Hornets,113,121,,,,,,,,,,,,,
2023-02-25,401469054,Phoenix Suns,Oklahoma City Thunder,124,115,,,,,,,,,,,,,
2023-02-25,401469055,Chicago Bulls,Brooklyn Nets,131,87,,,,,,,,,,,,,
2023-02-25,401469056,Golden State Warriors,Houston Rockets,116,101,,,,,,,,,,,,,
2023-02-25,401469057,LA Clippers,Sacramento Kings,175,176,,,,,,,,,,,,,
2023-02-25,401469058,Detroit Pistons,Toronto Raptors,91,95,,,,,,,,,,,,,
2023-02-26,401469059,Charlotte Hornets,Miami Heat,108,103,,,,,,,,,,,,,
2023-02-26,401469060,Orlando Magic,Indiana Pacers,108,121,,,,,,,,,,,,,
2023-02-26,401469061,New York Knicks,New Orleans Pelicans,128,106,,,,,,,,,,,,,
2023-02-26,401469062,Memphis Grizzlies,Denver Nuggets,112,94,,,,,,,,,,,,,
2023-02-26,401469063,Philadelphia 76ers,Boston Celtics,107,110,,,,,,,,,,,,,
2023-02-26,401469064,Utah Jazz,San Antonio Spurs,118,102,,,,,,,,,,,,,
2023-02-26,401469065,Milwaukee Bucks,Phoenix Suns,104,101,,,,,,,,,,,,,
2023-02-26,401469066,Atlanta Hawks,Brooklyn Nets,129,127,,,,,,,,,,,,,
2023-02-26,401469067,Chicago Bulls,Washington Wizards,102,82,,,,,,,,,,,,,
2023-02-26,401469068,Dallas Mavericks,Los Angeles Lakers,108,111,,,,,,,,,,,,,
2023-02-26,401469069,Cleveland Cavaliers,Toronto Raptors,118,93,,,,,,,,,,,,,
2023-02-27,401469070,Oklahoma City Thunder,Sacramento Kings,115,124,,,,,,,,,,,,,
2023-02-27,401469071,Golden State Warriors,Minnesota Timberwolves,109,104,,,,,,,,,,,,,
2023-02-27,401469072,Portland Trail Blazers,Houston Rockets,131,114,,,,,,,,,,,,,
2023-02-27,401469073,Denver Nuggets,LA Clippers,134,124,,,,,,,,,,,,,
2023-02-28,401469074,Charlotte Hornets,Detroit Pistons,117,106,,,,,,,,,,,,,
2023-02-28,401469075,Philadelphia 76ers,Miami Heat,99,101,,,,,,,,,,,,,
2023-02-28,401469076,New York Knicks,Boston Celtics,109,94,,,,,,,,,,,,,
2023-02-28,401469077,New Orleans Pelicans,Orlando Magic,93,101,,,,,,,,,,,,,
2023-03-01,401469078,Atlanta Hawks,Washington Wizards,116,119,,,,,,,,,,,,,
2023-03-01,401469079,Brooklyn Nets,Milwaukee Bucks,104,118,,,,,,,,,,,,,
2023-03-01,401469080,Toronto Raptors,Chicago Bulls,104,98,,,,,,,,,,,,,
2023-03-01,401469081,Houston Rockets,Denver Nuggets,112,133,,,,,,,,,,,,,
2023-03-01,401469082,Memphis Grizzlies,Los Angeles Lakers,121,109,,,,,,,,,,,,,
2023-03-01,401469083,Oklahoma City Thunder,Sacramento Kings,117,123,,,,,,,,,,,,,
2023-03-01,401469084,Dallas Mavericks,Indiana Pacers,122,124,,,,,,,,,,,,,
2023-03-01,401469085,Utah Jazz,San Antonio Spurs,94,102,,,,,,,,,,,,,
2023-03-01,401469086,Golden State Warriors,Portland Trail Blazers,123,105,,,,,,,,,,,,,
2023-03-01,401469087,LA Clippers,Minnesota Timberwolves,101,108,,,,,,,,,,,,,
2023-03-02,401469088,Charlotte Hornets,Phoenix Suns,91,105,,,,,,,,,,,,,
2023-03-02,401469089,Detroit Pistons,Chicago Bulls,115,117,,,,,,,,,,,,,
2023-03-02,401469090,Boston Celtics,Cleveland Cavaliers,117,113,,,,,,,,,,,,,
2023-03-02,401469091,Miami Heat,Philadelphia 76ers,96,119,,,,,,,,,,,,,
2023-03-02,401469092,New York Knicks,Brooklyn Nets,142,118,,,,,,,,,,,,,
2023-03-02,401469093,Houston Rockets,Memphis Grizzlies,99,113,,,,,,,,,,,,,
2023-03-02,401469094,Milwaukee Bucks,Orlando Magic,139,117,,,,,,,,,,,,,
2023-03-02,401469095,Oklahoma City Thunder,Los Angeles Lakers,117,123,,,,,,,,,,,,,
2023-03-02,401469096,Portland Trail Blazers,New Orleans Pelicans,110,121,,,,,,,,,,,,,
2023-03-03,401469097,Washington Wizards,Toronto Raptors,119,108,,,,,,,,,,,,,
2023-03-03,401469098,Dallas Mavericks,Philadelphia 76ers,133,126,,,,,,,,,,,,,
2023-03-03,401469099,San Antonio Spurs,Indiana Pacers,110,99,,,,,,,,,,,,,
2023-03-03,401469100,Golden State Warriors,LA Clippers,115,91,,,,,,,,,,,,,
2023-03-04,401469101,Charlotte Hornets,Orlando Magic,106,117,,,,,,,,,,,,,
2023-03-04,401469102,Atlanta Hawks,Portland Trail Blazers,129,111,,,,,,,,,,,,,
2023-03-04,401469103,Boston Celtics,Brooklyn Nets,105,115,,,,,,,,,,,,,
2023-03-04,401469104,Miami Heat,New York Knicks,120,122,,,,,,,,,,,,,
2023-03-04,401469105,Chicago Bulls,Phoenix Suns,104,125,,,,,,,,,,,,,
2023-03-04,401469106,Oklahoma City Thunder,Utah Jazz,130,103,,,,,,,,,,,,,
2023-03-04,401469107,Denver Nuggets,Memphis Grizzlies,113,97,,,,,,,,,,,,,
2023-03-04,401469108,Golden State Warriors,New Orleans Pelicans,108,99,,,,,,,,,,,,,
2023-03-04,401469109,Sacramento Kings,LA Clippers,128,127,,,,,,,,,,,,,
2023-03-04,401469110,Los Angeles Lakers,Minnesota Timberwolves,102,110,,,,,,,,,,,,,
2023-03-04,401469111,Washington Wizards,Toronto Raptors,109,116,,,,,,,,,,,,,
2023-03-05,401469112,Cleveland Cavaliers,Detroit Pistons,114,90,,,,,,,,,,,,,
2023-03-05,401469113,Miami Heat,Atlanta Hawks,117,109,,,,,,,,,,,,,
2023-03-05,401469114,San Antonio Spurs,Houston Rockets,110,122,,,,,,,,,,,,,
2023-03-05,401469115,Milwaukee Bucks,Philadelphia 76ers,130,133,,,,,,,,,,,,,
2023-03-05,401469116,Sacramento Kings,Minnesota Timberwolves,134,138,,,,,,,,,,,,,
2023-03-05,401469117,Dallas Mavericks,Phoenix Suns,126,130,,,,,,,,,,,,,
2023-03-05,401469118,Chicago Bulls,Indiana Pacers,122,125,,,,,,,,,,,,,
2023-03-05,401469119,Los Angeles Lakers,Golden State Warriors,113,105,,,,,,,,,,,,,
2023-03-05,401469120,Brooklyn Nets,Charlotte Hornets,102,86,,,,,,,,,,,,,
2023-03-05,401469121,Orlando Magic,Portland Trail Blazers,119,122,,,,,,,,,,,,,
2023-03-06,401469122,Houston Rockets,San Antonio Spurs,142,110,,,,,,,,,,,,,
2023-03-06,401469123,Oklahoma City Thunder,Utah Jazz,129,119,,,,,,,,,,,,,
2023-03-06,401469124,Boston Celtics,New York Knicks,129,131,,,,,,,,,,,,,
2023-03-06,401469125,LA Clippers,Memphis Grizzlies,135,129,,,,,,,,,,,,,
2023-03-06,401469128,Washington Wizards,Milwaukee Bucks,111,117,,,,,,,,,,,,,
2023-03-07,401469126,Cleveland Cavaliers,Boston Celtics,118,114,,,,,,,,,,,,,
2023-03-07,401469127,Indiana Pacers,Philadelphia 76ers,143,147,,,,,,,,,,,,,
2023-03-07,401469129,Miami Heat,Atlanta Hawks,130,128,,,,,,,,,,,,,
2023-03-07,401469130,Denver Nuggets,Toronto Raptors,118,113,,,,,,,,,,,,,
2023-03-07,401469131,Sacramento Kings,New Orleans Pelicans,123,108,,,,,,,,,,,,,
2023-03-07,401469132,Detroit Pistons,Portland Trail Blazers,104,110,,,,,,,,,,,,,
2023-03-08,401469133,Orlando Magic,Milwaukee Bucks,123,134,,,,,,,,,,,,,
2023-03-08,401469134,New York Knicks,Charlotte Hornets,105,112,,,,,,,,,,,,,
2023-03-08,401469135,Minnesota Timberwolves,Philadelphia 76ers,94,117,,,,,,,,,,,,,
2023-03-08,401469136,Houston Rockets,Brooklyn Nets,96,118,,,,,,,,,,,,,
2023-03-08,401469137,Oklahoma City Thunder,Golden State Warriors,137,128,,,,,,,,,,,,,
2023-03-08,401469138,Dallas Mavericks,Utah Jazz,120,116,,,,,,,,,,,,,
2023-03-08,401469139,Los Angeles Lakers,Memphis Grizzlies,112,103,,,,,,,,,,,,,
2023-03-08,401526670,Detroit Pistons,Washington Wizards,117,119,,,,,,,,,,,,,
2023-03-09,401469140,Washington Wizards,Atlanta Hawks,120,122,,,,,,,,,,,,,
2023-03-09,401469141,Boston Celtics,Portland Trail Blazers,115,93,,,,,,,,,,,,,
2023-03-09,401469142,Miami Heat,Cleveland Cavaliers,100,104,,,,,,,,,,,,,
2023-03-09,401469143,New Orleans Pelicans,Dallas Mavericks,113,106,,,,,,,,,,,,,
2023-03-09,401469144,Denver Nuggets,Chicago Bulls,96,117,,,,,,,,,,,,,
2023-03-09,401469145,Phoenix Suns,Oklahoma City Thunder,132,101,,,,,,,,,,,,,
2023-03-09,401469146,LA Clippers,Toronto Raptors,108,100,,,,,,,,,,,,,
2023-03-10,401469147,Detroit Pistons,Charlotte Hornets,103,113,,,,,,,,,,,,,
2023-03-10,401469148,Indiana Pacers,Houston Rockets,134,125,,,,,,,,,,,,,
2023-03-10,401469149,Orlando Magic,Utah Jazz,124,131,,,,,,,,,,,,,
2023-03-10,401469150,Milwaukee Bucks,Brooklyn Nets,118,113,,,,,,,,,,,,,
2023-03-10,401469151,Memphis Grizzlies,Golden State Warriors,131,110,,,,,,,,,,,,,
2023-03-10,401469152,Sacramento Kings,New York Knicks,122,117,,,,,,,,,,,,,
2023-03-11,401469153,Philadelphia 76ers,Portland Trail Blazers,120,119,,,,,,,,,,,,,
2023-03-11,401469154,Washington Wizards,Atlanta Hawks,107,114,,,,,,,,,,,,,
2023-03-11,401469155,Miami Heat,Cleveland Cavaliers,119,115,,,,,,,,,,,,,
2023-03-11,401469156,Minnesota Timberwolves,Brooklyn Nets,123,124,,,,,,,,,,,,,
2023-03-11,401469157,San Antonio Spurs,Denver Nuggets,128,120,,,,,,,,,,,,,
2023-03-11,401469158,Los Angeles Lakers,Toronto Raptors,122,112,,,,,,,,,,,,,
2023-03-11,401469159,LA Clippers,New York Knicks,106,95,,,,,,,,,,,,,
2023-03-12,401469160,Charlotte Hornets,Utah Jazz,111,119,,,,,,,,,,,,,
2023-03-12,401469161,Detroit Pistons,Indiana Pacers,115,121,,,,,,,,,,,,,
2023-03-12,401469162,Orlando Magic,Miami Heat,126,114,,,,,,,,,,,,,
2023-03-12,401469163,Atlanta Hawks,Boston Celtics,125,134,,,,,,,,,,,,,
2023-03-12,401469164,Houston Rockets,Chicago Bulls,111,119,,,,,,,,,,,,,
2023-03-12,401469165,Memphis Grizzlies,Dallas Mavericks,112,108,,,,,,,,,,,,,
2023-03-12,401469166,New Orleans Pelicans,Oklahoma City Thunder,96,110,,,,,,,,,,,,,
2023-03-12,401469167,Golden State Warriors,Milwaukee Bucks,125,116,,,,,,,,,,,,,
2023-03-12,401469168,Phoenix Suns,Sacramento Kings,119,128,,,,,,,,,,,,,
2023-03-12,401469169,Denver Nuggets,Brooklyn Nets,120,122,,,,,,,,,,,,,
2023-03-12,401469170,Charlotte Hornets,Cleveland Cavaliers,108,114,,,,,,,,,,,,,
2023-03-12,401469171,Philadelphia 76ers,Washington Wizards,112,93,,,,,,,,,,,,,
2023-03-12,401469172,New Orleans Pelicans,Portland Trail Blazers,127,110,,,,,,,,,,,,,
2023-03-12,401469173,San Antonio Spurs,Oklahoma City Thunder,90,102,,,,,,,,,,,,,
2023-03-13,401469174,Los Angeles Lakers,New York Knicks,108,112,,,,,,,,,,,,,
2023-03-13,401469175,Detroit Pistons,Indiana Pacers,117,97,,,,,,,,,,,,,
2023-03-13,401469176,Atlanta Hawks,Minnesota Timberwolves,115,136,,,,,,,,,,,,,
2023-03-13,401469177,Miami Heat,Utah Jazz,119,115,,,,,,,,,,,,,
2023-03-13,401469178,Dallas Mavericks,Memphis Grizzlies,88,104,,,,,,,,,,,,,
2023-03-14,401469179,Houston Rockets,Boston Celtics,111,109,,,,,,,,,,,,,
2023-03-14,401469180,Golden State Warriors,Phoenix Suns,123,112,,,,,,,,,,,,,
2023-03-14,401469181,Sacramento Kings,Milwaukee Bucks,124,133,,,,,,,,,,,,,
2023-03-14,401469182,Charlotte Hornets,Cleveland Cavaliers,104,120,,,,,,,,,,,,,
2023-03-14,401469183,Washington Wizards,Detroit Pistons,117,97,,,,,,,,,,,,,
2023-03-14,401469184,Toronto Raptors,Denver Nuggets,125,110,,,,,,,,,,,,,
2023-03-15,401469185,New Orleans Pelicans,Los Angeles Lakers,108,123,,,,,,,,,,,,,
2023-03-15,401469186,Oklahoma City Thunder,Brooklyn Nets,121,107,,,,,,,,,,,,,
2023-03-15,401469187,San Antonio Spurs,Orlando Magic,132,114,,,,,,,,,,,,,
2023-03-15,401469188,Phoenix Suns,Milwaukee Bucks,104,116,,,,,,,,,,,,,
2023-03-15,401469189,Portland Trail Blazers,New York Knicks,107,123,,,,,,,,,,,,,
2023-03-15,401469190,Cleveland Cavaliers,Philadelphia 76ers,109,118,,,,,,,,,,,,,
2023-03-15,401469191,Miami Heat,Memphis Grizzlies,138,119,,,,,,,,,,,,,
2023-03-16,401469192,Chicago Bulls,Sacramento Kings,114,117,,,,,,,,,,,,,
2023-03-16,401469193,Houston Rockets,Los Angeles Lakers,114,110,,,,,,,,,,,,,
2023-03-16,401469194,Minnesota Timberwolves,Boston Celtics,102,104,,,,,,,,,,,,,
2023-03-16,401469195,San Antonio Spurs,Dallas Mavericks,128,137,,,,,,,,,,,,,
2023-03-16,401469196,LA Clippers,Golden State Warriors,134,126,,,,,,,,,,,,,
2023-03-16,401469197,Detroit Pistons,Denver Nuggets,100,119,,,,,,,,,,,,,
2023-03-16,401469198,Brooklyn Nets,Sacramento Kings,96,101,,,,,,,,,,,,,
2023-03-16,401469199,Toronto Raptors,Oklahoma City Thunder,128,111,,,,,,,,,,,,,
2023-03-17,401469200,Milwaukee Bucks,Indiana Pacers,123,139,,,,,,,,,,,,,
2023-03-17,401469201,Phoenix Suns,Orlando Magic,116,113,,,,,,,,,,,,,
2023-03-17,401469202,Charlotte Hornets,Philadelphia 76ers,82,121,,,,,,,,,,,,,
2023-03-17,401469203,Atlanta Hawks,Golden State Warriors,127,119,,,,,,,,,,,,,
2023-03-17,401469204,Cleveland Cavaliers,Washington Wizards,117,94,,,,,,,,,,,,,
2023-03-18,401469205,Chicago Bulls,Minnesota Timberwolves,139,131,,,,,,,,,,,,,
2023-03-18,401469206,Houston Rockets,New Orleans Pelicans,114,112,,,,,,,,,,,,,
2023-03-18,401469207,San Antonio Spurs,Memphis Grizzlies,120,126,,,,,,,,,,,,,
2023-03-18,401469208,Portland Trail Blazers,Boston Celtics,112,126,,,,,,,,,,,,,
2023-03-18,401469209,Los Angeles Lakers,Dallas Mavericks,110,111,,,,,,,,,,,,,
2023-03-18,401469210,New York Knicks,Denver Nuggets,116,110,,,,,,,,,,,,,
2023-03-18,401469211,LA Clippers,Orlando Magic,108,113,,,,,,,,,,,,,
2023-03-18,401469212,Indiana Pacers,Philadelphia 76ers,121,141,,,,,,,,,,,,,
2023-03-18,401469213,Toronto Raptors,Minnesota Timberwolves,122,107,,,,,,,,,,,,,
2023-03-19,401469214,Washington Wizards,Sacramento Kings,118,132,,,,,,,,,,,,,
2023-03-19,401469215,Chicago Bulls,Miami Heat,113,99,,,,,,,,,,,,,
2023-03-19,401469216,Memphis Grizzlies,Golden State Warriors,133,119,,,,,,,,,,,,,
2023-03-19,401469217,Utah Jazz,Boston Celtics,118,117,,,,,,,,,,,,,
2023-03-19,401469218,Brooklyn Nets,Denver Nuggets,102,108,,,,,,,,,,,,,
2023-03-19,401469219,Oklahoma City Thunder,Phoenix Suns,124,120,,,,,,,,,,,,,
2023-03-19,401469220,San Antonio Spurs,Atlanta Hawks,126,118,,,,,,,,,,,,,
2023-03-19,401469221,Detroit Pistons,Miami Heat,100,112,,,,,,,,,,,,,
2023-03-19,401469222,Houston Rockets,New Orleans Pelicans,107,117,,,,,,,,,,,,,
2023-03-20,401469223,Milwaukee Bucks,Toronto Raptors,118,111,,,,,,,,,,,,,
2023-03-20,401469224,Portland Trail Blazers,LA Clippers,102,117,,,,,,,,,,,,,
2023-03-20,401469225,Los Angeles Lakers,Orlando Magic,111,105,,,,,,,,,,,,,
2023-03-20,401469226,Charlotte Hornets,Indiana Pacers,115,109,,,,,,,,,,,,,
2023-03-20,401469227,Philadelphia 76ers,Chicago Bulls,105,109,,,,,,,,,,,,,
2023-03-20,401469228,New York Knicks,Minnesota Timberwolves,134,140,,,,,,,,,,,,,
2023-03-21,401469229,Houston Rockets,Golden State Warriors,108,121,,,,,,,,,,,,,
2023-03-21,401469230,Memphis Grizzlies,Dallas Mavericks,112,108,,,,,,,,,,,,,
2023-03-21,401469231,Utah Jazz,Sacramento Kings,128,120,,,,,,,,,,,,,
2023-03-21,401469232,Orlando Magic,Washington Wizards,122,112,,,,,,,,,,,,,
2023-03-21,401469233,Atlanta Hawks,Detroit Pistons,129,107,,,,,,,,,,,,,
2023-03-21,401469234,Brooklyn Nets,Cleveland Cavaliers,109,115,,,,,,,,,,,,,
2023-03-22,401469235,New Orleans Pelicans,San Antonio Spurs,119,84,,,,,,,,,,,,,
2023-03-22,401469236,Sacramento Kings,Boston Celtics,109,132,,,,,,,,,,,,,
2023-03-22,401469237,LA Clippers,Oklahoma City Thunder,100,101,,,,,,,,,,,,,
2023-03-22,401469238,Washington Wizards,Denver Nuggets,104,118,,,,,,,,,,,,,
2023-03-22,401469239,Miami Heat,New York Knicks,127,120,,,,,,,,,,,,,
2023-03-22,401469240,Toronto Raptors,Indiana Pacers,114,118,,,,,,,,,,,,,
2023-03-22,401469241,Dallas Mavericks,Golden State Warriors,125,127,,,,,,,,,,,,,
2023-03-23,401469242,Chicago Bulls,Philadelphia 76ers,91,116,,,,,,,,,,,,,
2023-03-23,401469243,Memphis Grizzlies,Houston Rockets,130,125,,,,,,,,,,,,,
2023-03-23,401469244,Milwaukee Bucks,San Antonio Spurs,130,94,,,,,,,,,,,,,
2023-03-23,401469245,Minnesota Timberwolves,Atlanta Hawks,125,124,,,,,,,,,,,,,
2023-03-23,401469246,Utah Jazz,Portland Trail Blazers,115,127,,,,,,,,,,,,,
2023-03-23,401469247,Los Angeles Lakers,Phoenix Suns,122,111,,,,,,,,,,,,,
2023-03-23,401469248,Orlando Magic,New York Knicks,111,106,,,,,,,,,,,,,
2023-03-23,401469249,Brooklyn Nets,Cleveland Cavaliers,114,116,,,,,,,,,,,,,
2023-03-24,401469250,New Orleans Pelicans,Charlotte Hornets,115,96,,,,,,,,,,,,,
2023-03-24,401469251,LA Clippers,Oklahoma City Thunder,127,105,,,,,,,,,,,,,
2023-03-24,401469252,Boston Celtics,Indiana Pacers,120,95,,,,,,,,,,,,,
2023-03-24,401469253,Washington Wizards,San Antonio Spurs,136,124,,,,,,,,,,,,,
2023-03-24,401469254,Toronto Raptors,Detroit Pistons,118,97,,,,,,,,,,,,,
2023-03-25,401469255,Memphis Grizzlies,Houston Rockets,151,114,,,,,,,,,,,,,
2023-03-25,401469256,Dallas Mavericks,Charlotte Hornets,109,117,,,,,,,,,,,,,
2023-03-25,401469257,Utah Jazz,Milwaukee Bucks,116,144,,,,,,,,,,,,,
2023-03-25,401469258,Golden State Warriors,Philadelphia 76ers,120,112,,,,,,,,,,,,,
2023-03-25,401469259,Portland Trail Blazers,Chicago Bulls,96,124,,,,,,,,,,,,,
2023-03-25,401469260,Sacramento Kings,Phoenix Suns,135,127,,,,,,,,,,,,,
2023-03-25,401469261,Los Angeles Lakers,Oklahoma City Thunder,116,111,,,,,,,,,,,,,
2023-03-25,401469262,Atlanta Hawks,Indiana Pacers,143,130,,,,,,,,,,,,,
2023-03-26,401469263,Miami Heat,Brooklyn Nets,100,129,,,,,,,,,,,,,
2023-03-26,401469264,Denver Nuggets,Milwaukee Bucks,129,106,,,,,,,,,,,,,
2023-03-26,401469265,Phoenix Suns,Philadelphia 76ers,125,105,,,,,,,,,,,,,
2023-03-26,401469266,Sacramento Kings,Utah Jazz,121,113,,,,,,,,,,,,,
2023-03-26,401469267,LA Clippers,New Orleans Pelicans,110,131,,,,,,,,,,,,,
2023-03-26,401469268,Charlotte Hornets,Dallas Mavericks,110,104,,,,,,,,,,,,,
2023-03-26,401469269,Los Angeles Lakers,Chicago Bulls,108,118,,,,,,,,,,,,,
2023-03-26,401469270,Atlanta Hawks,Memphis Grizzlies,119,123,,,,,,,,,,,,,
2023-03-26,401469271,Boston Celtics,San Antonio Spurs,137,93,,,,,,,,,,,,,
2023-03-26,401469272,Cleveland Cavaliers,Houston Rockets,108,91,,,,,,,,,,,,,
2023-03-26,401469273,Orlando Magic,Brooklyn Nets,119,106,,,,,,,,,,,,,
2023-03-26,401469274,Toronto Raptors,Washington Wizards,114,104,,,,,,,,,,,,,
2023-03-26,401469275,Portland Trail Blazers,Oklahoma City Thunder,112,118,,,,,,,,,,,,,
2023-03-27,401469276,Golden State Warriors,Minnesota Timberwolves,96,99,,,,,,,,,,,,,
2023-03-27,401469277,Detroit Pistons,Milwaukee Bucks,117,126,,,,,,,,,,,,,
2023-03-27,401469278,Indiana Pacers,Dallas Mavericks,104,127,,,,,,,,,,,,,
2023-03-27,401469279,New York Knicks,Houston Rockets,137,115,,,,,,,,,,,,,
2023-03-28,401469280,Utah Jazz,Phoenix Suns,103,117,,,,,,,,,,,,,
2023-03-28,401469281,Denver Nuggets,Philadelphia 76ers,116,111,,,,,,,,,,,,,
2023-03-28,401469282,Portland Trail Blazers,New Orleans Pelicans,90,124,,,,,,,,,,,,,
2023-03-28,401469283,Sacramento Kings,Minnesota Timberwolves,115,119,,,,,,,,,,,,,
2023-03-28,401469284,LA Clippers,Chicago Bulls,124,112,,,,,,,,,,,,,
2023-03-28,401469285,Washington Wizards,Boston Celtics,130,111,,,,,,,,,,,,,
2023-03-28,401469286,Atlanta Hawks,Cleveland Cavaliers,120,118,,,,,,,,,,,,,
2023-03-28,401469287,Toronto Raptors,Miami Heat,106,92,,,,,,,,,,,,,
2023-03-29,401469288,Memphis Grizzlies,Orlando Magic,113,108,,,,,,,,,,,,,
2023-03-29,401469289,Oklahoma City Thunder,Charlotte Hornets,134,137,,,,,,,,,,,,,
2023-03-29,401469290,Golden State Warriors,New Orleans Pelicans,120,109,,,,,,,,,,,,,
2023-03-29,401469291,Indiana Pacers,Milwaukee Bucks,136,149,,,,,,,,,,,,,
2023-03-29,401469292,Brooklyn Nets,Houston Rockets,123,114,,,,,,,,,,,,,
2023-03-29,401469293,New York Knicks,Miami Heat,101,92,,,,,,,,,,,,,
2023-03-29,401469294,Philadelphia 76ers,Dallas Mavericks,116,108,,,,,,,,,,,,,
2023-03-30,401469295,Chicago Bulls,Los Angeles Lakers,110,121,,,,,,,,,,,,,
2023-03-30,401469296,Memphis Grizzlies,LA Clippers,132,141,,,,,,,,,,,,,
2023-03-30,401469297,Oklahoma City Thunder,Detroit Pistons,107,106,,,,,,,,,,,,,
2023-03-30,401469298,San Antonio Spurs,Utah Jazz,117,128,,,,,,,,,,,,,
2023-03-30,401469299,Phoenix Suns,Minnesota Timberwolves,107,100,,,,,,,,,,,,,
2023-03-30,401469300,Portland Trail Blazers,Sacramento Kings,80,120,,,,,,,,,,,,,
2023-03-30,401469301,Milwaukee Bucks,Boston Celtics,99,140,,,,,,,,,,,,,
2023-03-31,401469302,Denver Nuggets,New Orleans Pelicans,88,107,,,,,,,,,,,,,
2023-03-31,401469303,Charlotte Hornets,Chicago Bulls,91,121,,,,,,,,,,,,,
2023-03-31,401469304,Indiana Pacers,Oklahoma City Thunder,121,117,,,,,,,,,,,,,
2023-03-31,401469305,Philadelphia 76ers,Toronto Raptors,117,110,,,,,,,,,,,,,
2023-03-31,401469306,Washington Wizards,Orlando Magic,109,116,,,,,,,,,,,,,
2023-03-31,401469307,Boston Celtics,Utah Jazz,122,114,,,,,,,,,,,,,
2023-03-31,401469308,Brooklyn Nets,Atlanta Hawks,124,107,,,,,,,,,,,,,
2023-03-31,401469309,Cleveland Cavaliers,New York Knicks,116,130,,,,,,,,,,,,,
2023-04-01,401469310,Houston Rockets,Detroit Pistons,121,115,,,,,,,,,,,,,
2023-04-01,401469311,Memphis Grizzlies,LA Clippers,108,94,,,,,,,,,,,,,
2023-04-01,401469312,Minnesota Timberwolves,Los Angeles Lakers,111,123,,,,,,,,,,,,,
2023-04-01,401469313,Golden State Warriors,San Antonio Spurs,130,115,,,,,,,,,,,,,
2023-04-01,401469314,Portland Trail Blazers,Sacramento Kings,114,138,,,,,,,,,,,,,
2023-04-01,401469315,Phoenix Suns,Denver Nuggets,100,93,,,,,,,,,,,,,
2023-04-01,401469316,Miami Heat,Dallas Mavericks,129,122,,,,,,,,,,,,,
2023-04-02,401469317,New Orleans Pelicans,LA Clippers,122,114,,,,,,,,,,,,,
2023-04-02,401469318,Charlotte Hornets,Toronto Raptors,108,128,,,,,,,,,,,,,
2023-04-02,401469319,Brooklyn Nets,Utah Jazz,111,110,,,,,,,,,,,,,
2023-04-02,401469320,Chicago Bulls,Memphis Grizzlies,128,107,,,,,,,,,,,,,
2023-04-02,401469321,Minnesota Timberwolves,Portland Trail Blazers,105,107,,,,,,,,,,,,,
2023-04-02,401469322,Atlanta Hawks,Dallas Mavericks,132,130,,,,,,,,,,,,,
2023-04-02,401469323,New York Knicks,Washington Wizards,118,109,,,,,,,,,,,,,
2023-04-02,401469324,Orlando Magic,Detroit Pistons,128,102,,,,,,,,,,,,,
2023-04-02,401469325,Sacramento Kings,San Antonio Spurs,134,142,,,,,,,,,,,,,
2023-04-02,401469326,Houston Rockets,Los Angeles Lakers,109,134,,,,,,,,,,,,,
2023-04-02,401469327,Oklahoma City Thunder,Phoenix Suns,118,128,,,,,,,,,,,,,
2023-04-03,401469328,Cleveland Cavaliers,Indiana Pacers,115,105,,,,,,,,,,,,,
2023-04-03,401469329,Milwaukee Bucks,Philadelphia 76ers,117,104,,,,,,,,,,,,,
2023-04-03,401469330,Denver Nuggets,Golden State Warriors,112,110,,,,,,,,,,,,,
2023-04-04,401469331,Charlotte Hornets,Toronto Raptors,100,120,,,,,,,,,,,,,
2023-04-04,401469332,Detroit Pistons,Miami Heat,105,118,,,,,,,,,,,,,
2023-04-04,401469333,Orlando Magic,Cleveland Cavaliers,113,117,,,,,,,,,,,,,
2023-04-04,401469334,Washington Wizards,Milwaukee Bucks,128,140,,,,,,,,,,,,,
2023-04-04,401469335,Brooklyn Nets,Minnesota Timberwolves,102,107,,,,,,,,,,,,,
2023-04-05,401469336,Philadelphia 76ers,Boston Celtics,103,101,,,,,,,,,,,,,
2023-04-05,401469337,Chicago Bulls,Atlanta Hawks,105,123,,,,,,,,,,,,,
2023-04-05,401469338,Houston Rockets,Denver Nuggets,124,103,,,,,,,,,,,,,
2023-04-05,401469339,Memphis Grizzlies,Portland Trail Blazers,119,109,,,,,,,,,,,,,
2023-04-05,401469340,New Orleans Pelicans,Sacramento Kings,103,121,,,,,,,,,,,,,
2023-04-05,401469341,Utah Jazz,Los Angeles Lakers,133,135,,,,,,,,,,,,,
2023-04-05,401469342,Golden State Warriors,Oklahoma City Thunder,136,125,,,,,,,,,,,,,
2023-04-05,401469343,Phoenix Suns,San Antonio Spurs,115,94,,,,,,,,,,,,,
2023-04-05,401469344,Detroit Pistons,Brooklyn Nets,108,123,,,,,,,,,,,,,
2023-04-05,401469345,Indiana Pacers,New York Knicks,129,138,,,,,,,,,,,,,
2023-04-05,401469346,Atlanta Hawks,Washington Wizards,134,116,,,,,,,,,,,,,
2023-04-05,401469347,Boston Celtics,Toronto Raptors,97,93,,,,,,,,,,,,,
2023-04-05,401469348,Milwaukee Bucks,Chicago Bulls,105,92,,,,,,,,,,,,,
2023-04-06,401469349,New Orleans Pelicans,Memphis Grizzlies,138,131,,,,,,,,,,,,,
2023-04-06,401469350,Dallas Mavericks,Sacramento Kings,123,119,,,,,,,,,,,,,
2023-04-06,401469351,LA Clippers,Los Angeles Lakers,125,118,,,,,,,,,,,,,
2023-04-06,401469352,Orlando Magic,Cleveland Cavaliers,94,118,,,,,,,,,,,,,
2023-04-06,401469353,Philadelphia 76ers,Miami Heat,101,129,,,,,,,,,,,,,
2023-04-07,401469354,San Antonio Spurs,Portland Trail Blazers,129,127,,,,,,,,,,,,,
2023-04-07,401469355,Utah Jazz,Oklahoma City Thunder,98,114,,,,,,,,,,,,,
2023-04-07,401469356,Phoenix Suns,Denver Nuggets,119,115,,,,,,,,,,,,,
2023-04-07,401469357,Charlotte Hornets,Houston Rockets,109,112,,,,,,,,,,,,,
2023-04-07,401469358,Indiana Pacers,Detroit Pistons,115,122,,,,,,,,,,,,,
2023-04-07,401469359,Washington Wizards,Miami Heat,114,108,,,,,,,,,,,,,
2023-04-07,401469360,Atlanta Hawks,Philadelphia 76ers,131,136,,,,,,,,,,,,,
2023-04-07,401469361,Boston Celtics,Toronto Raptors,121,102,,,,,,,,,,,,,
2023-04-07,401469362,Brooklyn Nets,Orlando Magic,101,84,,,,,,,,,,,,,
2023-04-08,401469363,Milwaukee Bucks,Memphis Grizzlies,114,137,,,,,,,,,,,,,
2023-04-08,401469364,New Orleans Pelicans,New York Knicks,113,105,,,,,,,,,,,,,
2023-04-08,401469365,Dallas Mavericks,Chicago Bulls,112,115,,,,,,,,,,,,,
2023-04-08,401469366,Sacramento Kings,Golden State Warriors,97,119,,,,,,,,,,,,,
2023-04-08,401469367,Los Angeles Lakers,Phoenix Suns,121,107,,,,,,,,,,,,,
2023-04-08,401469368,Utah Jazz,Denver Nuggets,118,114,,,,,,,,,,,,,
2023-04-08,401469369,San Antonio Spurs,Minnesota Timberwolves,131,151,,,,,,,,,,,,,
2023-04-08,401469370,LA Clippers,Portland Trail Blazers,136,125,,,,,,,,,,,,,
2023-04-09,401469371,Boston Celtics,Atlanta Hawks,120,114,,,,,,,,,,,,,
2023-04-09,401469372,Brooklyn Nets,Philadelphia 76ers,105,134,,,,,,,,,,,,,
2023-04-09,401469373,Cleveland Cavaliers,Charlotte Hornets,95,106,,,,,,,,,,,,,
2023-04-09,401469374,Miami Heat,Orlando Magic,123,110,,,,,,,,,,,,,
2023-04-09,401469375,New York Knicks,Indiana Pacers,136,141,,,,,,,,,,,,,
2023-04-09,401469376,Toronto Raptors,Milwaukee Bucks,121,105,,,,,,,,,,,,,
2023-04-09,401469377,Washington Wizards,Houston Rockets,109,114,,,,,,,,,,,,,
2023-04-09,401469378,Chicago Bulls,Detroit Pistons,103,81,,,,,,,,,,,,,
2023-04-09,401469379,Dallas Mavericks,San Antonio Spurs,117,138,,,,,,,,,,,,,
2023-04-09,401469380,Minnesota Timberwolves,New Orleans Pelicans,113,108,,,,,,,,,,,,,
2023-04-09,401469381,Oklahoma City Thunder,Memphis Grizzlies,115,100,,,,,,,,,,,,,
2023-04-09,401469382,Denver Nuggets,Sacramento Kings,109,95,,,,,,,,,,,,,
2023-04-09,401469383,Los Angeles Lakers,Utah Jazz,128,117,,,,,,,,,,,,,
2023-04-09,401469384,Phoenix Suns,LA Clippers,114,119,,,,,,,,,,,,,
2023-04-09,401469385,Portland Trail Blazers,Golden State Warriors,101,157,,,,,,,,,,,,,
2023-04-11,401539671,Miami Heat,Atlanta Hawks,105,116,,,,,,,,,,,,,
2023-04-12,401539672,Los Angeles Lakers,Minnesota Timberwolves,108,102,,,,,,,,,,,,,
2023-04-12,401539673,Toronto Raptors,Chicago Bulls,105,109,,,,,,,,,,,,,
2023-04-13,401539674,New Orleans Pelicans,Oklahoma City Thunder,118,123,,,,,,,,,,,,,
2023-04-14,401539675,Miami Heat,Chicago Bulls,102,91,,,,,,,,,,,,,
2023-04-15,401539676,Minnesota Timberwolves,Oklahoma City Thunder,120,95,,,,,,,,,,,,,
2023-04-15,401540750,Philadelphia 76ers,Brooklyn Nets,121,101,,,,,,,,,,,,,
2023-04-15,401540751,Boston Celtics,Atlanta Hawks,112,99,,,,,,,,,,,,,
2023-04-15,401540752,Cleveland Cavaliers,New York Knicks,97,101,,,,,,,,,,,,,
2023-04-16,401540753,Sacramento Kings,Golden State Warriors,126,123,,,,,,,,,,,,,
2023-04-16,401540754,Milwaukee Bucks,Miami Heat,117,130,,,,,,,,,,,,,
2023-04-16,401540756,Memphis Grizzlies,Los Angeles Lakers,112,128,,,,,,,,,,,,,
2023-04-17,401540755,Denver Nuggets,Minnesota Timberwolves,109,80,,,,,,,,,,,,,
2023-04-17,401540757,Phoenix Suns,LA Clippers,110,115,,,,,,,,,,,,,
2023-04-17,401541173,Philadelphia 76ers,Brooklyn Nets,96,84,,,,,,,,,,,,,
2023-04-18,401541169,Sacramento Kings,Golden State Warriors,114,106,,,,,,,,,,,,,
2023-04-18,401541172,Boston Celtics,Atlanta Hawks,119,106,,,,,,,,,,,,,
2023-04-18,401541174,Cleveland Cavaliers,New York Knicks,107,90,,,,,,,,,,,,,
2023-04-19,401541168,Memphis Grizzlies,Los Angeles Lakers,103,93,,,,,,,,,,,,,
2023-04-19,401541170,Phoenix Suns,LA Clippers,123,109,,,,,,,,,,,,,
2023-04-20,401541167,Denver Nuggets,Minnesota Timberwolves,122,113,,,,,,,,,,,,,
2023-04-20,401541171,Milwaukee Bucks,Miami Heat,138,122,,,,,,,,,,,,,
2023-04-20,401541181,Brooklyn Nets,Philadelphia 76ers,97,102,,,,,,,,,,,,,
2023-04-21,401541177,Golden State Warriors,Sacramento Kings,114,97,,,,,,,,,,,,,
2023-04-21,401541178,LA Clippers,Phoenix Suns,124,129,,,,,,,,,,,,,
2023-04-21,401541180,Atlanta Hawks,Boston Celtics,130,122,,,,,,,,,,,,,
2023-04-22,401541175,Minnesota Timberwolves,Denver Nuggets,111,120,,,,,,,,,,,,,
2023-04-22,401541179,Miami Heat,Milwaukee Bucks,121,99,,,,,,,,,,,,,
2023-04-22,401541182,New York Knicks,Cleveland Cavaliers,99,79,,,,,,,,,,,,,
2023-04-22,401541186,LA Clippers,Phoenix Suns,100,112,,,,,,,,,,,,,
2023-04-22,401541189,Brooklyn Nets,Philadelphia 76ers,88,96,,,,,,,,,,,,,
2023-04-23,401541176,Los Angeles Lakers,Memphis Grizzlies,111,101,,,,,,,,,,,,,
2023-04-23,401541185,Golden State Warriors,Sacramento Kings,126,125,,,,,,,,,,,,,
2023-04-23,401541188,Atlanta Hawks,Boston Celtics,121,129,,,,,,,,,,,,,
2023-04-23,401541190,New York Knicks,Cleveland Cavaliers,102,93,,,,,,,,,,,,,
2023-04-24,401541183,Minnesota Timberwolves,Denver Nuggets,114,108,,,,,,,,,,,,,
2023-04-24,401541187,Miami Heat,Milwaukee Bucks,119,114,,,,,,,,,,,,,
2023-04-25,401541184,Los Angeles Lakers,Memphis Grizzlies,117,111,,,,,,,,,,,,,
2023-04-25,401541243,Boston Celtics,Atlanta Hawks,117,119,,,,,,,,,,,,,
2023-04-26,401541196,Denver Nuggets,Minnesota Timberwolves,112,109,,,,,,,,,,,,,
2023-04-26,401541231,Memphis Grizzlies,Los Angeles Lakers,116,99,,,,,,,,,,,,,
2023-04-26,401541237,Phoenix Suns,LA Clippers,136,130,,,,,,,,,,,,,
2023-04-26,401541249,Cleveland Cavaliers,New York Knicks,95,106,,,,,,,,,,,,,
2023-04-27,401541234,Sacramento Kings,Golden State Warriors,116,123,,,,,,,,,,,,,
2023-04-27,401541240,Milwaukee Bucks,Miami Heat,126,128,,,,,,,,,,,,,
2023-04-28,401541244,Atlanta Hawks,Boston Celtics,120,128,,,,,,,,,,,,,
2023-04-29,401541232,Los Angeles Lakers,Memphis Grizzlies,125,85,,,,,,,,,,,,,
2023-04-29,401541235,Golden State Warriors,Sacramento Kings,99,118,,,,,,,,,,,,,
2023-04-30,401541236,Sacramento Kings,Golden State Warriors,100,120,,,,,,,,,,,,,
2023-04-30,401544334,Denver Nuggets,Phoenix Suns,125,107,,,,,,,,,,,,,
2023-04-30,401544973,New York Knicks,Miami Heat,101,108,,,,,,,,,,,,,
2023-05-01,401545111,Boston Celtics,Philadelphia 76ers,115,119,,,,,,,,,,,,,
2023-05-02,401544335,Denver Nuggets,Phoenix Suns,97,87,,,,,,,,,,,,,
2023-05-02,401544974,New York Knicks,Miami Heat,111,105,,,,,,,,,,,,,
2023-05-03,401545231,Golden State Warriors,Los Angeles Lakers,112,117,,,,,,,,,,,,,
2023-05-04,401545112,Boston Celtics,Philadelphia 76ers,121,87,,,,,,,,,,,,,
2023-05-05,401545113,Philadelphia 76ers,Boston Celtics,102,114,,,,,,,,,,,,,
2023-05-05,401545232,Golden State Warriors,Los Angeles Lakers,127,100,,,,,,,,,,,,,
2023-05-06,401544336,Phoenix Suns,Denver Nuggets,121,114,,,,,,,,,,,,,
2023-05-06,401544975,Miami Heat,New York Knicks,105,86,,,,,,,,,,,,,
2023-05-07,401545114,Philadelphia 76ers,Boston Celtics,116,115,,,,,,,,,,,,,
2023-05-07,401545233,Los Angeles Lakers,Golden State Warriors,127,97,,,,,,,,,,,,,
2023-05-08,401544337,Phoenix Suns,Denver Nuggets,129,124,,,,,,,,,,,,,
2023-05-08,401544976,Miami Heat,New York Knicks,109,101,,,,,,,,,,,,,
2023-05-09,401545115,Boston Celtics,Philadelphia 76ers,103,115,,,,,,,,,,,,,
2023-05-09,401545234,Los Angeles Lakers,Golden State Warriors,104,101,,,,,,,,,,,,,
2023-05-10,401544338,Denver Nuggets,Phoenix Suns,118,102,,,,,,,,,,,,,
2023-05-10,401544977,New York Knicks,Miami Heat,112,103,,,,,,,,,,,,,
2023-05-11,401545116,Philadelphia 76ers,Boston Celtics,86,95,,,,,,,,,,,,,
2023-05-11,401545235,Golden State Warriors,Los Angeles Lakers,121,106,,,,,,,,,,,,,
2023-05-12,401544339,Phoenix Suns,Denver Nuggets,100,125,,,,,,,,,,,,,
2023-05-12,401544978,Miami Heat,New York Knicks,96,92,,,,,,,,,,,,,
2023-05-13,401545236,Los Angeles Lakers,Golden State Warriors,122,101,,,,,,,,,,,,,
2023-05-14,401545117,Boston Celtics,Philadelphia 76ers,112,88,,,,,,,,,,,,,
2023-05-17,401547679,Denver Nuggets,Los Angeles Lakers,132,126,,,,,,,,,,,,,
2023-05-18,401547671,Boston Celtics,Miami Heat,116,123,,,,,,,,,,,,,
2023-05-19,401547682,Denver Nuggets,Los Angeles Lakers,108,103,,,,,,,,,,,,,
2023-05-20,401547672,Boston Celtics,Miami Heat,105,111,,,,,,,,,,,,,
2023-05-21,401547683,Los Angeles Lakers,Denver Nuggets,108,119,,,,,,,,,,,,,
2023-05-22,401547673,Miami Heat,Boston Celtics,128,102,,,,,,,,,,,,,
2023-05-23,401547684,Los Angeles Lakers,Denver Nuggets,111,113,,,,,,,,,,,,,
2023-05-24,401547674,Miami Heat,Boston Celtics,99,116,,,,,,,,,,,,,
2023-05-26,401547675,Boston Celtics,Miami Heat,110,97,,,,,,,,,,,,,
2023-05-28,401547676,Miami Heat,Boston Celtics,103,104,,,,,,,,,,,,,
2023-05-30,401547678,Boston Celtics,Miami Heat,84,103,,,,,,,,,,,,,
2023-06-02,401544846,Denver Nuggets,Miami Heat,104,93,,,,,,,,,,,,,
2023-06-05,401544847,Denver Nuggets,Miami Heat,108,111,,,,,,,,,,,,,
2023-06-08,401544848,Miami Heat,Denver Nuggets,94,109,,,,,,,,,,,,,
2023-06-10,401544849,Miami Heat,Denver Nuggets,95,108,,,,,,,,,,,,,
2023-06-13,401544850,Denver Nuggets,Miami Heat,94,89,,,,,,,,,,,,,
